iteration,rate_low,rate_intermediate,rate_high,RR_high_vs_intermediate
0,0.0,0.2765957446808511,0.8305084745762712,3.0026075619295955
1,0.0,0.3170731707317073,0.8,2.523076923076923
2,0.0,0.3170731707317073,0.8142857142857143,2.568131868131868
3,0.0,0.15254237288135594,0.7209302325581395,4.7260981912144695
4,0.0,0.22,0.8113207547169812,3.6878216123499143
5,0.0,0.13793103448275862,0.803921568627451,5.82843137254902
6,0.0,0.29411764705882354,0.8947368421052632,3.042105263157895
7,0.0,0.38461538461538464,0.6428571428571429,1.6714285714285715
8,0.0,0.3157894736842105,0.7666666666666667,2.427777777777778
9,0.0,0.30434782608695654,0.8088235294117647,2.657563025210084
10,0.0,0.36363636363636365,0.75,2.0625
11,0.0,0.32558139534883723,0.7017543859649122,2.1553884711779445
12,0.0,0.25,0.72,2.88
13,0.0,0.25,0.673469387755102,2.693877551020408
14,0.0,0.3018867924528302,0.711864406779661,2.358050847457627
15,0.0,0.27450980392156865,0.7872340425531915,2.8677811550151975
16,0.0,0.2692307692307692,0.7666666666666667,2.847619047619048
17,0.0,0.2549019607843137,0.7924528301886793,3.1088534107402035
18,0.0,0.16666666666666666,0.7636363636363637,4.581818181818182
19,0.0,0.2982456140350877,0.7833333333333333,2.626470588235294
20,0.0,0.30952380952380953,0.8484848484848485,2.7412587412587412
21,0.0,0.2857142857142857,0.7894736842105263,2.7631578947368425
22,0.0,0.23809523809523808,0.6981132075471698,2.9320754716981132
23,0.0,0.25,0.8,3.2
24,0.0,0.27906976744186046,0.7454545454545455,2.6712121212121214
25,0.0,0.2222222222222222,0.85,3.825
26,0.0,0.3953488372093023,0.7575757575757576,1.9162210338680927
27,0.0,0.2909090909090909,0.72,2.475
28,0.0,0.16176470588235295,0.6097560975609756,3.76940133037694
29,0.0,0.39622641509433965,0.5409836065573771,1.3653395784543325
30,0.0,0.2619047619047619,0.7719298245614035,2.9473684210526314
31,0.0,0.3023255813953488,0.7368421052631579,2.437246963562753
32,0.0,0.2857142857142857,0.7619047619047619,2.6666666666666665
33,0.0,0.20930232558139536,0.7735849056603774,3.6960167714884697
34,0.0,0.3157894736842105,0.7307692307692307,2.314102564102564
35,0.0,0.21739130434782608,0.7924528301886793,3.645283018867925
36,0.0,0.17391304347826086,0.7297297297297297,4.195945945945946
37,0.0,0.17777777777777778,0.78,4.3875
38,0.0,0.2676056338028169,0.5111111111111111,1.9099415204678363
39,0.0,0.2916666666666667,0.7636363636363637,2.618181818181818
40,0.0,0.2916666666666667,0.8,2.742857142857143
41,0.0,0.25862068965517243,0.7678571428571429,2.969047619047619
42,0.0,0.2894736842105263,0.7878787878787878,2.721763085399449
43,0.0,0.1875,0.8360655737704918,4.4590163934426235
44,0.0,0.38095238095238093,0.7547169811320755,1.9811320754716983
45,0.0,0.23728813559322035,0.6521739130434783,2.748447204968944
46,0.0,0.18461538461538463,0.7333333333333333,3.972222222222222
47,0.0,0.3275862068965517,0.7638888888888888,2.33187134502924
48,0.0,0.1509433962264151,0.7358490566037735,4.875
49,0.0,0.22413793103448276,0.6938775510204082,3.095761381475667
50,0.0,0.3137254901960784,0.7704918032786885,2.4559426229508197
51,0.0,0.2916666666666667,0.8333333333333334,2.857142857142857
52,0.0,0.21621621621621623,0.7948717948717948,3.6762820512820507
53,0.0,0.2711864406779661,0.8032786885245902,2.9620901639344264
54,0.0,0.2549019607843137,0.8085106382978723,3.171849427168576
55,0.0,0.296875,0.3684210526315789,1.2409972299168974
56,0.0,0.2,0.8714285714285714,4.357142857142857
57,0.0,0.25,0.7586206896551724,3.0344827586206895
58,0.0,0.4074074074074074,0.74,1.8163636363636364
59,0.0,0.25,0.6785714285714286,2.7142857142857144
60,0.0,0.4318181818181818,0.7090909090909091,1.6421052631578947
61,0.0,0.29545454545454547,0.7692307692307693,2.603550295857988
62,0.0,0.21818181818181817,0.6046511627906976,2.7713178294573644
63,0.0,0.1746031746031746,0.7659574468085106,4.386847195357834
64,0.0,0.2826086956521739,0.7777777777777778,2.7521367521367526
65,0.0,0.17647058823529413,0.6981132075471698,3.955974842767295
66,0.0,0.34782608695652173,0.819672131147541,2.3565573770491803
67,0.0,0.2631578947368421,0.68,2.5840000000000005
68,0.0,0.2711864406779661,0.5434782608695652,2.0040760869565215
69,0.0,0.2641509433962264,0.796875,3.0167410714285716
70,0.0,0.15789473684210525,0.8269230769230769,5.237179487179487
71,0.0,0.18032786885245902,0.7407407407407407,4.107744107744107
72,0.0,0.3191489361702128,0.6666666666666666,2.0888888888888886
73,0.0,0.2909090909090909,0.6909090909090909,2.375
74,0.0,0.22784810126582278,0.5208333333333334,2.2858796296296298
75,0.0,0.24390243902439024,0.8085106382978723,3.3148936170212764
76,0.0,0.21568627450980393,0.7454545454545455,3.456198347107438
77,0.0,0.32558139534883723,0.7741935483870968,2.377880184331797
78,0.0,0.19230769230769232,0.75,3.9
79,0.0,0.2857142857142857,0.819672131147541,2.8688524590163937
80,0.0,0.2222222222222222,0.8,3.6000000000000005
81,0.0,0.2777777777777778,0.7833333333333333,2.82
82,0.0,0.2631578947368421,0.8253968253968254,3.1365079365079365
83,0.0,0.19642857142857142,0.6363636363636364,3.239669421487603
84,0.0,0.22580645161290322,0.6415094339622641,2.8409703504043127
85,0.0,0.2916666666666667,0.8529411764705882,2.9243697478991595
86,0.0,0.22,0.7818181818181819,3.553719008264463
87,0.0,0.2962962962962963,0.7575757575757576,2.556818181818182
88,0.0,0.14285714285714285,0.8,5.6000000000000005
89,0.0,0.3,0.7272727272727273,2.4242424242424243
90,0.0,0.19642857142857142,0.7843137254901961,3.9928698752228162
91,0.0,0.22033898305084745,0.627906976744186,2.849731663685152
92,0.0,0.2608695652173913,0.7796610169491526,2.9887005649717517
93,0.0,0.2857142857142857,0.7704918032786885,2.69672131147541
94,0.0,0.34285714285714286,0.8235294117647058,2.4019607843137254
95,0.0,0.28888888888888886,0.6530612244897959,2.260596546310832
96,0.0,0.2727272727272727,0.631578947368421,2.3157894736842106
97,0.0,0.25,0.8787878787878788,3.515151515151515
98,0.0,0.21818181818181817,0.7674418604651163,3.5174418604651168
99,0.0,0.3181818181818182,0.6808510638297872,2.139817629179331
100,0.0,0.42857142857142855,0.7457627118644068,1.7401129943502827
101,0.0,0.3333333333333333,0.8269230769230769,2.480769230769231
102,0.0,0.35,0.7833333333333333,2.238095238095238
103,0.0,0.14285714285714285,0.8,5.6000000000000005
104,0.0,0.25806451612903225,0.7272727272727273,2.8181818181818183
105,0.0,0.275,0.7727272727272727,2.8099173553719003
106,0.0,0.1509433962264151,0.8444444444444444,5.594444444444445
107,0.0,0.18032786885245902,0.8181818181818182,4.537190082644628
108,0.0,0.25,0.7288135593220338,2.9152542372881354
109,0.0,0.27906976744186046,0.7636363636363637,2.7363636363636363
110,0.0,0.1794871794871795,0.7924528301886793,4.415094339622642
111,0.0,0.2413793103448276,0.7413793103448276,3.0714285714285716
112,0.0,0.2727272727272727,0.8679245283018868,3.1823899371069184
113,0.0,0.4166666666666667,0.71875,1.7249999999999999
114,0.0,0.3023255813953488,0.7777777777777778,2.572649572649573
115,0.0,0.16071428571428573,0.7297297297297297,4.54054054054054
116,0.0,0.2786885245901639,0.5813953488372093,2.086183310533516
117,0.0,0.2692307692307692,0.7291666666666666,2.7083333333333335
118,0.0,0.22727272727272727,0.7878787878787878,3.466666666666667
119,0.0,0.15217391304347827,0.723404255319149,4.753799392097265
120,0.0,0.2641509433962264,0.8064516129032258,3.052995391705069
121,0.0,0.28205128205128205,0.8181818181818182,2.900826446280992
122,0.0,0.25,0.6346153846153846,2.5384615384615383
123,0.0,0.2653061224489796,0.7735849056603774,2.9158200290275764
124,0.0,0.2,0.7857142857142857,3.9285714285714284
125,0.0,0.29545454545454547,0.7796610169491526,2.638852672750978
126,0.0,0.12,0.8125,6.770833333333334
127,0.0,0.26,0.746031746031746,2.8693528693528694
128,0.0,0.2727272727272727,0.8035714285714286,2.9464285714285716
129,0.0,0.16,0.8095238095238095,5.059523809523809
130,0.0,0.23529411764705882,0.7076923076923077,3.007692307692308
131,0.0,0.23728813559322035,0.6326530612244898,2.666180758017493
132,0.0,0.34210526315789475,0.6792452830188679,1.9854862119013061
133,0.0,0.3404255319148936,0.6111111111111112,1.795138888888889
134,0.0,0.1836734693877551,0.631578947368421,3.4385964912280698
135,0.0,0.12727272727272726,0.8367346938775511,6.574344023323616
136,0.0,0.3076923076923077,0.7083333333333334,2.3020833333333335
137,0.0,0.27419354838709675,0.7543859649122807,2.7512899896800826
138,0.0,0.325,0.7894736842105263,2.42914979757085
139,0.0,0.3191489361702128,0.6458333333333334,2.0236111111111112
140,0.0,0.31666666666666665,0.7192982456140351,2.2714681440443214
141,0.0,0.3191489361702128,0.6730769230769231,2.108974358974359
142,0.0,0.2698412698412698,0.7068965517241379,2.6196754563894524
143,0.0,0.24193548387096775,0.6607142857142857,2.730952380952381
144,0.0,0.23809523809523808,0.8125,3.4125
145,0.0,0.24324324324324326,0.8163265306122449,3.3560090702947845
146,0.0,0.19607843137254902,0.7333333333333333,3.7399999999999998
147,0.0,0.24489795918367346,0.765625,3.1263020833333335
148,0.0,0.35185185185185186,0.7777777777777778,2.2105263157894735
149,0.0,0.3076923076923077,0.7254901960784313,2.3578431372549016
150,0.0,0.23076923076923078,0.8,3.466666666666667
151,0.0,0.21428571428571427,0.6666666666666666,3.111111111111111
152,0.0,0.3111111111111111,0.6938775510204082,2.2303206997084546
153,0.0,0.20454545454545456,0.7692307692307693,3.7606837606837606
154,0.0,0.19148936170212766,0.7916666666666666,4.1342592592592595
155,0.0,0.25,0.5581395348837209,2.2325581395348837
156,0.0,0.2619047619047619,0.74,2.825454545454545
157,0.0,0.3333333333333333,0.8095238095238095,2.428571428571429
158,0.0,0.3409090909090909,0.8461538461538461,2.482051282051282
159,0.0,0.34782608695652173,0.7945205479452054,2.2842465753424657
160,0.0,0.21428571428571427,0.6666666666666666,3.111111111111111
161,0.0,0.16071428571428573,0.7931034482758621,4.934865900383142
162,0.0,0.14545454545454545,0.7906976744186046,5.436046511627907
163,0.0,0.2545454545454545,0.7142857142857143,2.8061224489795924
164,0.0,0.3055555555555556,0.7692307692307693,2.5174825174825175
165,0.0,0.1956521739130435,0.8,4.088888888888889
166,0.0,0.21428571428571427,0.8333333333333334,3.8888888888888893
167,0.0,0.25,0.5918367346938775,2.36734693877551
168,0.0,0.4318181818181818,0.7183098591549296,1.663454410674574
169,0.0,0.2857142857142857,0.819672131147541,2.8688524590163937
170,0.0,0.2692307692307692,0.8032786885245902,2.9836065573770494
171,0.0,0.2222222222222222,0.6153846153846154,2.7692307692307696
172,0.0,0.38636363636363635,0.7647058823529411,1.9792387543252594
173,0.0,0.2558139534883721,0.7543859649122807,2.94896331738437
174,0.0,0.33962264150943394,0.6666666666666666,1.962962962962963
175,0.0,0.2682926829268293,0.8275862068965517,3.0846394984326015
176,0.0,0.3620689655172414,0.6111111111111112,1.687830687830688
177,0.0,0.23529411764705882,0.7413793103448276,3.1508620689655173
178,0.0,0.23255813953488372,0.8431372549019608,3.6254901960784314
179,0.0,0.38461538461538464,0.7647058823529411,1.9882352941176469
180,0.0,0.23943661971830985,0.6545454545454545,2.7336898395721927
181,0.0,0.2608695652173913,0.8813559322033898,3.378531073446328
182,0.0,0.23636363636363636,0.7222222222222222,3.0555555555555554
183,0.0,0.2647058823529412,0.7627118644067796,2.8813559322033897
184,0.0,0.21052631578947367,0.8709677419354839,4.137096774193549
185,0.0,0.40625,0.8461538461538461,2.0828402366863905
186,0.0,0.3191489361702128,0.6744186046511628,2.1131782945736433
187,0.0,0.24561403508771928,0.796875,3.2444196428571432
188,0.0,0.2,0.7916666666666666,3.958333333333333
189,0.0,0.2127659574468085,0.7321428571428571,3.441071428571428
190,0.0,0.23809523809523808,0.6190476190476191,2.6
191,0.0,0.23529411764705882,0.7692307692307693,3.2692307692307696
192,0.0,0.3695652173913043,0.7419354838709677,2.0075901328273247
193,0.0,0.19607843137254902,0.6808510638297872,3.472340425531915
194,0.0,0.1590909090909091,0.7142857142857143,4.4897959183673475
195,0.0,0.18867924528301888,0.82,4.345999999999999
196,0.0,0.20754716981132076,0.8507462686567164,4.099050203527815
197,0.0,0.2916666666666667,0.7755102040816326,2.658892128279883
198,0.0,0.25925925925925924,0.5714285714285714,2.204081632653061
199,0.0,0.18032786885245902,0.7391304347826086,4.098814229249012
200,0.0,0.2127659574468085,0.8666666666666667,4.073333333333333
201,0.0,0.22448979591836735,0.6875,3.0625
202,0.0,0.34210526315789475,0.7358490566037735,2.150943396226415
203,0.0,0.4222222222222222,0.7878787878787878,1.8660287081339713
204,0.0,0.18518518518518517,0.7894736842105263,4.2631578947368425
205,0.0,0.2894736842105263,0.782608695652174,2.7035573122529644
206,0.0,0.1568627450980392,0.8367346938775511,5.334183673469388
207,0.0,0.32727272727272727,0.7076923076923077,2.1623931623931627
208,0.0,0.20833333333333334,0.7735849056603774,3.7132075471698114
209,0.0,0.3333333333333333,0.6842105263157895,2.0526315789473686
210,0.0,0.21428571428571427,0.6949152542372882,3.242937853107345
211,0.0,0.3191489361702128,0.7540983606557377,2.3628415300546446
212,0.0,0.3076923076923077,0.828125,2.69140625
213,0.0,0.2549019607843137,0.8367346938775511,3.2825745682888545
214,0.0,0.2708333333333333,0.8103448275862069,2.9920424403183024
215,0.0,0.125,0.8771929824561403,7.017543859649122
216,0.0,0.23684210526315788,0.8490566037735849,3.584905660377359
217,0.0,0.23636363636363636,0.7755102040816326,3.281004709576138
218,0.0,0.2708333333333333,0.8709677419354839,3.2158808933002483
219,0.0,0.38095238095238093,0.7962962962962963,2.0902777777777777
220,0.0,0.2708333333333333,0.821917808219178,3.03477344573235
221,0.0,0.23214285714285715,0.78,3.36
222,0.0,0.32608695652173914,0.75,2.3
223,0.0,0.2222222222222222,0.7681159420289855,3.456521739130435
224,0.0,0.23255813953488372,0.8333333333333334,3.5833333333333335
225,0.0,0.2692307692307692,0.7547169811320755,2.8032345013477094
226,0.0,0.23076923076923078,0.8360655737704918,3.622950819672131
227,0.0,0.28846153846153844,0.66,2.2880000000000003
228,0.0,0.22413793103448276,0.7454545454545455,3.325874125874126
229,0.0,0.20754716981132076,0.7636363636363637,3.6793388429752065
230,0.0,0.16,0.9148936170212766,5.718085106382978
231,0.0,0.14285714285714285,0.7924528301886793,5.547169811320756
232,0.0,0.39285714285714285,0.9056603773584906,2.305317324185249
233,0.0,0.1951219512195122,0.74,3.7925
234,0.0,0.1791044776119403,0.5428571428571428,3.030952380952381
235,0.0,0.2692307692307692,0.6938775510204082,2.577259475218659
236,0.0,0.2033898305084746,0.7894736842105263,3.881578947368421
237,0.0,0.23636363636363636,0.8076923076923077,3.4171597633136095
238,0.0,0.25,0.68,2.72
239,0.0,0.24561403508771928,0.7454545454545455,3.0350649350649355
240,0.0,0.24528301886792453,0.7407407407407407,3.0199430199430197
241,0.0,0.23728813559322035,0.711864406779661,3.0
242,0.0,0.3076923076923077,0.7090909090909091,2.3045454545454547
243,0.0,0.2127659574468085,0.6470588235294118,3.0411764705882356
244,0.0,0.3023255813953488,0.7241379310344828,2.3952254641909816
245,0.0,0.16666666666666666,0.8275862068965517,4.9655172413793105
246,0.0,0.36363636363636365,0.7246376811594203,1.9927536231884058
247,0.0,0.24444444444444444,0.8253968253968254,3.3766233766233764
248,0.0,0.2972972972972973,0.8607594936708861,2.8952819332566166
249,0.0,0.2553191489361702,0.7317073170731707,2.8658536585365857
250,0.0,0.2222222222222222,0.7714285714285715,3.471428571428572
251,0.0,0.29545454545454547,0.8148148148148148,2.7578347578347575
252,0.0,0.23076923076923078,0.7741935483870968,3.354838709677419
253,0.0,0.2558139534883721,0.7758620689655172,3.0329153605015673
254,0.0,0.23214285714285715,0.7450980392156863,3.2096530920060333
255,0.0,0.2653061224489796,0.7045454545454546,2.6555944055944054
256,0.0,0.17647058823529413,0.7555555555555555,4.281481481481481
257,0.0,0.2833333333333333,0.7424242424242424,2.6203208556149735
258,0.0,0.2391304347826087,0.8064516129032258,3.3724340175953076
259,0.0,0.19298245614035087,0.6875,3.5625
260,0.0,0.2826086956521739,0.8148148148148148,2.8831908831908835
261,0.0,0.21052631578947367,0.7333333333333333,3.4833333333333334
262,0.0,0.32432432432432434,0.7407407407407407,2.2839506172839505
263,0.0,0.275,0.6818181818181818,2.4793388429752063
264,0.0,0.2,0.7297297297297297,3.6486486486486482
265,0.0,0.1875,0.76,4.053333333333334
266,0.0,0.24,0.8363636363636363,3.484848484848485
267,0.0,0.18181818181818182,0.8524590163934426,4.688524590163934
268,0.0,0.24528301886792453,0.855072463768116,3.4860646599777034
269,0.0,0.17073170731707318,0.8478260869565217,4.96583850931677
270,0.0,0.3404255319148936,0.7543859649122807,2.2160087719298245
271,0.0,0.3333333333333333,0.6666666666666666,2.0
272,0.0,0.275,0.8307692307692308,3.020979020979021
273,0.0,0.34210526315789475,0.7384615384615385,2.158579881656805
274,0.0,0.2608695652173913,0.8529411764705882,3.269607843137255
275,0.0,0.1774193548387097,0.723404255319149,4.077369439071567
276,0.0,0.25925925925925924,0.6964285714285714,2.686224489795918
277,0.0,0.24561403508771928,0.7111111111111111,2.8952380952380956
278,0.0,0.29411764705882354,0.8135593220338984,2.766101694915254
279,0.0,0.2033898305084746,0.8181818181818182,4.0227272727272725
280,0.0,0.27450980392156865,0.7169811320754716,2.611859838274932
281,0.0,0.18518518518518517,0.8333333333333334,4.500000000000001
282,0.0,0.29508196721311475,0.7323943661971831,2.482003129890454
283,0.0,0.2631578947368421,0.7368421052631579,2.8
284,0.0,0.22448979591836735,0.7708333333333334,3.4337121212121215
285,0.0,0.3,0.7777777777777778,2.5925925925925926
286,0.0,0.25,0.7115384615384616,2.8461538461538463
287,0.0,0.225,0.8305084745762712,3.6911487758945385
288,0.0,0.11428571428571428,0.8484848484848485,7.424242424242425
289,0.0,0.3333333333333333,0.7636363636363637,2.290909090909091
290,0.0,0.24489795918367346,0.7272727272727273,2.9696969696969697
291,0.0,0.23404255319148937,0.8405797101449275,3.5915678524374175
292,0.0,0.3333333333333333,0.7941176470588235,2.3823529411764706
293,0.0,0.3170731707317073,0.7540983606557377,2.378310214375788
294,0.0,0.2857142857142857,0.6382978723404256,2.2340425531914896
295,0.0,0.20588235294117646,0.8909090909090909,4.327272727272727
296,0.0,0.27906976744186046,0.7846153846153846,2.8115384615384613
297,0.0,0.1590909090909091,0.8666666666666667,5.447619047619048
298,0.0,0.20408163265306123,0.7543859649122807,3.6964912280701756
299,0.0,0.16666666666666666,0.6923076923076923,4.153846153846154
300,0.0,0.1956521739130435,0.88,4.497777777777777
301,0.0,0.21818181818181817,0.7741935483870968,3.5483870967741935
302,0.0,0.22413793103448276,0.7407407407407407,3.304843304843305
303,0.0,0.125,0.8983050847457628,7.186440677966102
304,0.0,0.125,0.8333333333333334,6.666666666666667
305,0.0,0.2608695652173913,0.7894736842105263,3.0263157894736845
306,0.0,0.15517241379310345,0.8245614035087719,5.313840155945419
307,0.0,0.5588235294117647,0.8125,1.4539473684210527
308,0.0,0.18181818181818182,0.78,4.29
309,0.0,0.32558139534883723,0.76,2.334285714285714
310,0.0,0.24489795918367346,0.6304347826086957,2.574275362318841
311,0.0,0.3333333333333333,0.7307692307692307,2.1923076923076925
312,0.0,0.24528301886792453,0.8615384615384616,3.512426035502959
313,0.0,0.23809523809523808,0.8032786885245902,3.373770491803279
314,0.0,0.3541666666666667,0.7974683544303798,2.251675353685778
315,0.0,0.23529411764705882,0.7450980392156863,3.166666666666667
316,0.0,0.28205128205128205,0.7241379310344828,2.5673981191222572
317,0.0,0.35714285714285715,0.7704918032786885,2.1573770491803277
318,0.0,0.2909090909090909,0.7536231884057971,2.5905797101449277
319,0.0,0.19718309859154928,0.7647058823529411,3.8781512605042017
320,0.0,0.2833333333333333,0.6481481481481481,2.287581699346405
321,0.0,0.2711864406779661,0.703125,2.5927734375
322,0.0,0.24615384615384617,0.6739130434782609,2.7377717391304346
323,0.0,0.3902439024390244,0.7794117647058824,1.9972426470588234
324,0.0,0.23529411764705882,0.7708333333333334,3.276041666666667
325,0.0,0.4358974358974359,0.7288135593220338,1.6719840478564305
326,0.0,0.3541666666666667,0.6046511627906976,1.7072503419972638
327,0.0,0.3,0.7763157894736842,2.587719298245614
328,0.0,0.23529411764705882,0.8285714285714286,3.521428571428572
329,0.0,0.34615384615384615,0.7384615384615385,2.1333333333333333
330,0.0,0.4166666666666667,0.6842105263157895,1.6421052631578947
331,0.0,0.18333333333333332,0.7272727272727273,3.966942148760331
332,0.0,0.3125,0.7931034482758621,2.537931034482759
333,0.0,0.20454545454545456,0.8245614035087719,4.031189083820663
334,0.0,0.2413793103448276,0.8103448275862069,3.3571428571428568
335,0.0,0.42857142857142855,0.6911764705882353,1.6127450980392157
336,0.0,0.3333333333333333,0.7073170731707317,2.1219512195121952
337,0.0,0.26229508196721313,0.7678571428571429,2.927455357142857
338,0.0,0.26785714285714285,0.8135593220338984,3.0372881355932204
339,0.0,0.16393442622950818,0.88,5.368
340,0.0,0.29545454545454547,0.7647058823529411,2.5882352941176467
341,0.0,0.2631578947368421,0.7291666666666666,2.7708333333333335
342,0.0,0.2647058823529412,0.8571428571428571,3.2380952380952377
343,0.0,0.2608695652173913,0.7586206896551724,2.9080459770114944
344,0.0,0.22448979591836735,0.8333333333333334,3.7121212121212124
345,0.0,0.2,0.717948717948718,3.5897435897435894
346,0.0,0.3409090909090909,0.6470588235294118,1.8980392156862746
347,0.0,0.2982456140350877,0.7971014492753623,2.6726342710997444
348,0.0,0.22448979591836735,0.7142857142857143,3.181818181818182
349,0.0,0.2857142857142857,0.8360655737704918,2.926229508196722
350,0.0,0.2558139534883721,0.8,3.1272727272727274
351,0.0,0.22857142857142856,0.8732394366197183,3.8204225352112675
352,0.0,0.22916666666666666,0.75,3.272727272727273
353,0.0,0.18181818181818182,0.7115384615384616,3.9134615384615383
354,0.0,0.21311475409836064,0.7758620689655172,3.640583554376658
355,0.0,0.37735849056603776,0.8051948051948052,2.1337662337662335
356,0.0,0.2631578947368421,0.6666666666666666,2.533333333333333
357,0.0,0.2711864406779661,0.6984126984126984,2.575396825396825
358,0.0,0.30357142857142855,0.7192982456140351,2.3694530443756454
359,0.0,0.18181818181818182,0.8113207547169812,4.462264150943397
360,0.0,0.23728813559322035,0.7894736842105263,3.327067669172932
361,0.0,0.21739130434782608,0.8,3.68
362,0.0,0.29310344827586204,0.6896551724137931,2.3529411764705888
363,0.0,0.2222222222222222,0.85,3.825
364,0.0,0.1774193548387097,0.7169811320754716,4.041166380789022
365,0.0,0.23728813559322035,0.6727272727272727,2.835064935064935
366,0.0,0.3142857142857143,0.7924528301886793,2.521440823327616
367,0.0,0.1951219512195122,0.7619047619047619,3.904761904761904
368,0.0,0.275,0.819672131147541,2.9806259314456036
369,0.0,0.24561403508771928,0.673469387755102,2.74198250728863
370,0.0,0.3541666666666667,0.6851851851851852,1.934640522875817
371,0.0,0.24489795918367346,0.7,2.8583333333333334
372,0.0,0.19117647058823528,0.7708333333333334,4.032051282051283
373,0.0,0.3333333333333333,0.7407407407407407,2.2222222222222223
374,0.0,0.3076923076923077,0.7307692307692307,2.3749999999999996
375,0.0,0.3148148148148148,0.7301587301587301,2.3193277310924367
376,0.0,0.21052631578947367,0.7543859649122807,3.5833333333333335
377,0.0,0.23076923076923078,0.775,3.3583333333333334
378,0.0,0.29310344827586204,0.6666666666666666,2.2745098039215685
379,0.0,0.2857142857142857,0.6851851851851852,2.3981481481481484
380,0.0,0.4222222222222222,0.6774193548387096,1.6044142614601018
381,0.0,0.2711864406779661,0.7222222222222222,2.663194444444444
382,0.0,0.31666666666666665,0.7288135593220338,2.3015165031222122
383,0.0,0.27586206896551724,0.6545454545454545,2.3727272727272726
384,0.0,0.22,0.6666666666666666,3.0303030303030303
385,0.0,0.3275862068965517,0.7377049180327869,2.2519413287316654
386,0.0,0.2391304347826087,0.6666666666666666,2.7878787878787876
387,0.0,0.30434782608695654,0.7424242424242424,2.4393939393939394
388,0.0,0.09375,0.8490566037735849,9.056603773584905
389,0.0,0.2786885245901639,0.6530612244897959,2.3433373349339734
390,0.0,0.14035087719298245,0.6944444444444444,4.947916666666667
391,0.0,0.23076923076923078,0.7678571428571429,3.3273809523809526
392,0.0,0.19672131147540983,0.631578947368421,3.2105263157894735
393,0.0,0.3684210526315789,0.6911764705882353,1.8760504201680672
394,0.0,0.23404255319148937,0.75,3.2045454545454546
395,0.0,0.25,0.7674418604651163,3.0697674418604652
396,0.0,0.20454545454545456,0.8235294117647058,4.026143790849673
397,0.0,0.2727272727272727,0.8269230769230769,3.032051282051282
398,0.0,0.3404255319148936,0.7313432835820896,2.1483208955223883
399,0.0,0.25862068965517243,0.6666666666666666,2.5777777777777775
400,0.0,0.20408163265306123,0.8253968253968254,4.044444444444444
401,0.0,0.39473684210526316,0.7971014492753623,2.0193236714975846
402,0.0,0.1896551724137931,0.7391304347826086,3.897233201581028
403,0.0,0.32608695652173914,0.7391304347826086,2.2666666666666666
404,0.0,0.1875,0.7547169811320755,4.0251572327044025
405,0.0,0.23076923076923078,0.8125,3.520833333333333
406,0.0,0.15,0.7142857142857143,4.761904761904762
407,0.0,0.23529411764705882,0.7608695652173914,3.233695652173913
408,0.0,0.18604651162790697,0.8367346938775511,4.497448979591837
409,0.0,0.32727272727272727,0.746031746031746,2.2795414462081127
410,0.0,0.25,0.7254901960784313,2.9019607843137254
411,0.0,0.34146341463414637,0.8360655737704918,2.4484777517564402
412,0.0,0.21052631578947367,0.7704918032786885,3.6598360655737707
413,0.0,0.2549019607843137,0.7931034482758621,3.111405835543767
414,0.0,0.19298245614035087,0.6333333333333333,3.2818181818181817
415,0.0,0.2608695652173913,0.82,3.143333333333333
416,0.0,0.2631578947368421,0.5,1.9000000000000001
417,0.0,0.2727272727272727,0.7115384615384616,2.6089743589743595
418,0.0,0.3541666666666667,0.7446808510638298,2.1026282853566958
419,0.0,0.20454545454545456,0.7352941176470589,3.5947712418300655
420,0.0,0.20408163265306123,0.6904761904761905,3.3833333333333333
421,0.0,0.2653061224489796,0.5897435897435898,2.222879684418146
422,0.0,0.2708333333333333,0.8035714285714286,2.967032967032967
423,0.0,0.2564102564102564,0.8840579710144928,3.447826086956522
424,0.0,0.25,0.7142857142857143,2.857142857142857
425,0.0,0.3333333333333333,0.6,1.8
426,0.0,0.21818181818181817,0.84375,3.8671875
427,0.0,0.25,0.723404255319149,2.893617021276596
428,0.0,0.19148936170212766,0.8983050847457628,4.691148775894539
429,0.0,0.1875,0.7755102040816326,4.136054421768708
430,0.0,0.2962962962962963,0.6363636363636364,2.147727272727273
431,0.0,0.2653061224489796,0.7931034482758621,2.989389920424403
432,0.0,0.2631578947368421,0.7627118644067796,2.8983050847457625
433,0.0,0.41025641025641024,0.7384615384615385,1.8000000000000003
434,0.0,0.21666666666666667,0.6756756756756757,3.1185031185031185
435,0.0,0.2727272727272727,0.7547169811320755,2.767295597484277
436,0.0,0.3148148148148148,0.7307692307692307,2.3212669683257916
437,0.0,0.17647058823529413,0.7450980392156863,4.222222222222222
438,0.0,0.2982456140350877,0.7857142857142857,2.634453781512605
439,0.0,0.2765957446808511,0.7868852459016393,2.8448928121059267
440,0.0,0.2857142857142857,0.7903225806451613,2.7661290322580645
441,0.0,0.28205128205128205,0.8444444444444444,2.993939393939394
442,0.0,0.24,0.8928571428571429,3.720238095238096
443,0.0,0.28888888888888886,0.7843137254901961,2.7149321266968327
444,0.0,0.22641509433962265,0.7647058823529411,3.3774509803921564
445,0.0,0.34782608695652173,0.7586206896551724,2.1810344827586206
446,0.0,0.23404255319148937,0.6595744680851063,2.818181818181818
447,0.0,0.27450980392156865,0.75,2.7321428571428568
448,0.0,0.2926829268292683,0.7777777777777778,2.6574074074074074
449,0.0,0.2641509433962264,0.7419354838709677,2.8087557603686637
450,0.0,0.2413793103448276,0.8064516129032258,3.3410138248847923
451,0.0,0.23404255319148937,0.7735849056603774,3.305317324185249
452,0.0,0.2553191489361702,0.8571428571428571,3.357142857142857
453,0.0,0.19642857142857142,0.6326530612244898,3.220779220779221
454,0.0,0.32,0.6875,2.1484375
455,0.0,0.30952380952380953,0.8666666666666667,2.8
456,0.0,0.1836734693877551,0.7619047619047619,4.148148148148148
457,0.0,0.3125,0.6326530612244898,2.0244897959183676
458,0.0,0.25,0.8032786885245902,3.2131147540983607
459,0.0,0.21428571428571427,0.8275862068965517,3.8620689655172415
460,0.0,0.19607843137254902,0.7457627118644068,3.8033898305084746
461,0.0,0.23255813953488372,0.782608695652174,3.365217391304348
462,0.0,0.26,0.7833333333333333,3.0128205128205128
463,0.0,0.17647058823529413,0.8596491228070176,4.871345029239766
464,0.0,0.32075471698113206,0.6730769230769231,2.0984162895927603
465,0.0,0.3953488372093023,0.734375,1.8575367647058825
466,0.0,0.23404255319148937,0.7735849056603774,3.305317324185249
467,0.0,0.20588235294117646,0.7857142857142857,3.816326530612245
468,0.0,0.26,0.7450980392156863,2.865761689291101
469,0.0,0.2833333333333333,0.6923076923076923,2.4434389140271495
470,0.0,0.375,0.58,1.5466666666666666
471,0.0,0.25396825396825395,0.7636363636363637,3.0068181818181823
472,0.0,0.1791044776119403,0.7735849056603774,4.319182389937107
473,0.0,0.2894736842105263,0.7916666666666666,2.7348484848484844
474,0.0,0.15789473684210525,0.8305084745762712,5.259887005649718
475,0.0,0.16981132075471697,0.7924528301886793,4.666666666666667
476,0.0,0.21568627450980393,0.7446808510638298,3.452611218568665
477,0.0,0.2558139534883721,0.76,2.9709090909090907
478,0.0,0.32608695652173914,0.6935483870967742,2.1268817204301076
479,0.0,0.19672131147540983,0.819672131147541,4.166666666666667
480,0.0,0.2537313432835821,0.7037037037037037,2.7734204793028323
481,0.0,0.21951219512195122,0.7777777777777778,3.54320987654321
482,0.0,0.26153846153846155,0.6842105263157895,2.6160990712074303
483,0.0,0.28205128205128205,0.8387096774193549,2.973607038123167
484,0.0,0.24,0.8307692307692308,3.4615384615384617
485,0.0,0.19148936170212766,0.8032786885245902,4.194899817850637
486,0.0,0.3673469387755102,0.7391304347826086,2.01207729468599
487,0.0,0.18055555555555555,0.7543859649122807,4.178137651821863
488,0.0,0.425531914893617,0.7586206896551724,1.782758620689655
489,0.0,0.2727272727272727,0.8,2.9333333333333336
490,0.0,0.3181818181818182,0.7272727272727273,2.285714285714286
491,0.0,0.24528301886792453,0.7291666666666666,2.97275641025641
492,0.0,0.31746031746031744,0.68,2.1420000000000003
493,0.0,0.26666666666666666,0.6851851851851852,2.5694444444444446
494,0.0,0.2619047619047619,0.8620689655172413,3.2915360501567394
495,0.0,0.2,0.9315068493150684,4.6575342465753415
496,0.0,0.171875,0.7872340425531915,4.5802707930367506
497,0.0,0.28,0.6730769230769231,2.4038461538461537
498,0.0,0.3695652173913043,0.8059701492537313,2.1808604038630377
499,0.0,0.14285714285714285,0.6857142857142857,4.800000000000001
500,0.0,0.32653061224489793,0.6785714285714286,2.0781250000000004
501,0.0,0.25,0.8028169014084507,3.211267605633803
502,0.0,0.2127659574468085,0.8166666666666667,3.8383333333333334
503,0.0,0.3191489361702128,0.8235294117647058,2.580392156862745
504,0.0,0.125,0.825,6.6
505,0.0,0.1794871794871795,0.875,4.875
506,0.0,0.2653061224489796,0.7169811320754716,2.7024673439767777
507,0.0,0.22916666666666666,0.8032786885245902,3.50521609538003
508,0.0,0.29545454545454547,0.7391304347826086,2.5016722408026753
509,0.0,0.3829787234042553,0.6491228070175439,1.6949317738791423
510,0.0,0.275,0.8793103448275862,3.197492163009404
511,0.0,0.40816326530612246,0.6981132075471698,1.710377358490566
512,0.0,0.10909090909090909,0.851063829787234,7.801418439716312
513,0.0,0.19230769230769232,0.8064516129032258,4.193548387096774
514,0.0,0.21428571428571427,0.8103448275862069,3.781609195402299
515,0.0,0.2222222222222222,0.7169811320754716,3.2264150943396226
516,0.0,0.3170731707317073,0.7368421052631579,2.3238866396761133
517,0.0,0.11627906976744186,0.7674418604651163,6.6000000000000005
518,0.0,0.36363636363636365,0.7424242424242424,2.0416666666666665
519,0.0,0.3902439024390244,0.8382352941176471,2.1479779411764706
520,0.0,0.3018867924528302,0.7166666666666667,2.3739583333333334
521,0.0,0.225,0.6888888888888889,3.0617283950617282
522,0.0,0.203125,0.7692307692307693,3.7869822485207103
523,0.0,0.3191489361702128,0.8666666666666667,2.7155555555555555
524,0.0,0.34375,0.7906976744186046,2.300211416490486
525,0.0,0.3333333333333333,0.7384615384615385,2.2153846153846155
526,0.0,0.3275862068965517,0.6071428571428571,1.8533834586466165
527,0.0,0.37209302325581395,0.7922077922077922,2.1290584415584415
528,0.0,0.3191489361702128,0.7796610169491526,2.4429378531073445
529,0.0,0.3103448275862069,0.746031746031746,2.4038800705467374
530,0.0,0.23214285714285715,0.7291666666666666,3.141025641025641
531,0.0,0.11666666666666667,0.78,6.685714285714286
532,0.0,0.2857142857142857,0.746031746031746,2.611111111111111
533,0.0,0.2826086956521739,0.7,2.476923076923077
534,0.0,0.2549019607843137,0.7301587301587301,2.8644688644688645
535,0.0,0.29508196721311475,0.734375,2.4887152777777777
536,0.0,0.26666666666666666,0.7049180327868853,2.6434426229508197
537,0.0,0.1794871794871795,0.8888888888888888,4.952380952380952
538,0.0,0.2028985507246377,0.7627118644067796,3.759079903147699
539,0.0,0.32608695652173914,0.7457627118644068,2.287005649717514
540,0.0,0.3220338983050847,0.6666666666666666,2.0701754385964914
541,0.0,0.3111111111111111,0.6885245901639344,2.2131147540983607
542,0.0,0.22727272727272727,0.8518518518518519,3.7481481481481485
543,0.0,0.22916666666666666,0.803921568627451,3.508021390374332
544,0.0,0.24242424242424243,0.746031746031746,3.0773809523809526
545,0.0,0.3235294117647059,0.7945205479452054,2.4557907845579074
546,0.0,0.38095238095238093,0.7464788732394366,1.9595070422535212
547,0.0,0.2894736842105263,0.7346938775510204,2.538033395176252
548,0.0,0.3404255319148936,0.7142857142857143,2.098214285714286
549,0.0,0.24,0.8214285714285714,3.4226190476190474
550,0.0,0.29508196721311475,0.6875,2.329861111111111
551,0.0,0.14545454545454545,0.9074074074074074,6.2384259259259265
552,0.0,0.2549019607843137,0.8507462686567164,3.3375430539609647
553,0.0,0.18421052631578946,0.8771929824561403,4.761904761904762
554,0.0,0.3076923076923077,0.7090909090909091,2.3045454545454547
555,0.0,0.3695652173913043,0.7903225806451613,2.138519924098672
556,0.0,0.1702127659574468,0.8974358974358975,5.272435897435898
557,0.0,0.2916666666666667,0.4878048780487805,1.6724738675958186
558,0.0,0.2619047619047619,0.7818181818181819,2.9851239669421488
559,0.0,0.30357142857142855,0.6551724137931034,2.158215010141988
560,0.0,0.21153846153846154,0.5789473684210527,2.736842105263158
561,0.0,0.2916666666666667,0.8076923076923077,2.769230769230769
562,0.0,0.19607843137254902,0.8775510204081632,4.475510204081632
563,0.0,0.26,0.7358490566037735,2.830188679245283
564,0.0,0.3409090909090909,0.6607142857142857,1.938095238095238
565,0.0,0.38095238095238093,0.8194444444444444,2.1510416666666665
566,0.0,0.3953488372093023,0.71875,1.818014705882353
567,0.0,0.21052631578947367,0.7857142857142857,3.732142857142857
568,0.0,0.1956521739130435,0.9285714285714286,4.746031746031746
569,0.0,0.2708333333333333,0.6785714285714286,2.505494505494506
570,0.0,0.47368421052631576,0.7910447761194029,1.669983416252073
571,0.0,0.2631578947368421,0.673469387755102,2.559183673469388
572,0.0,0.21666666666666667,0.7704918032786885,3.5561160151324085
573,0.0,0.2,0.8461538461538461,4.230769230769231
574,0.0,0.23728813559322035,0.8852459016393442,3.730679156908665
575,0.0,0.20754716981132076,0.8412698412698413,4.053391053391053
576,0.0,0.225,0.7818181818181819,3.474747474747475
577,0.0,0.30434782608695654,0.6851851851851852,2.251322751322751
578,0.0,0.22807017543859648,0.8285714285714286,3.6329670329670334
579,0.0,0.18181818181818182,0.76,4.18
580,0.0,0.26666666666666666,0.7333333333333333,2.75
581,0.0,0.32653061224489793,0.7666666666666667,2.347916666666667
582,0.0,0.3111111111111111,0.7586206896551724,2.438423645320197
583,0.0,0.28888888888888886,0.6538461538461539,2.2633136094674557
584,0.0,0.3902439024390244,0.8059701492537313,2.0652985074626864
585,0.0,0.21818181818181817,0.6829268292682927,3.1300813008130084
586,0.0,0.27906976744186046,0.7021276595744681,2.515957446808511
587,0.0,0.4358974358974359,0.7407407407407407,1.6993464052287581
588,0.0,0.10909090909090909,0.803921568627451,7.3692810457516345
589,0.0,0.32075471698113206,0.7096774193548387,2.2125237191650857
590,0.0,0.40540540540540543,0.8245614035087719,2.0339181286549706
591,0.0,0.3018867924528302,0.8115942028985508,2.6884057971014497
592,0.0,0.2857142857142857,0.8392857142857143,2.9375
593,0.0,0.25,0.7540983606557377,3.0163934426229506
594,0.0,0.15555555555555556,0.7551020408163265,4.854227405247813
595,0.0,0.19607843137254902,0.725,3.6975
596,0.0,0.2,0.8333333333333334,4.166666666666667
597,0.0,0.13043478260869565,0.9464285714285714,7.2559523809523805
598,0.0,0.27906976744186046,0.8225806451612904,2.9475806451612905
599,0.0,0.2542372881355932,0.8070175438596491,3.174269005847953
600,0.0,0.36,0.7916666666666666,2.199074074074074
601,0.0,0.3181818181818182,0.7540983606557377,2.370023419203747
602,0.0,0.2553191489361702,0.8,3.1333333333333337
603,0.0,0.2682926829268293,0.8125,3.028409090909091
604,0.0,0.28888888888888886,0.8032786885245902,2.7805800756620433
605,0.0,0.3111111111111111,0.7843137254901961,2.5210084033613445
606,0.0,0.19642857142857142,0.717948717948718,3.655011655011655
607,0.0,0.26666666666666666,0.6222222222222222,2.3333333333333335
608,0.0,0.2857142857142857,0.8103448275862069,2.836206896551724
609,0.0,0.17391304347826086,0.7209302325581395,4.145348837209302
610,0.0,0.3125,0.7592592592592593,2.4296296296296296
611,0.0,0.2653061224489796,0.7407407407407407,2.7920227920227916
612,0.0,0.2,0.7,3.4999999999999996
613,0.0,0.20754716981132076,0.8222222222222222,3.961616161616161
614,0.0,0.25,0.6981132075471698,2.792452830188679
615,0.0,0.2465753424657534,0.6739130434782609,2.7330917874396135
616,0.0,0.24074074074074073,0.8333333333333334,3.4615384615384617
617,0.0,0.24489795918367346,0.78,3.185
618,0.0,0.14516129032258066,0.8095238095238095,5.576719576719577
619,0.0,0.1774193548387097,0.75,4.227272727272727
620,0.0,0.2553191489361702,0.7377049180327869,2.8893442622950825
621,0.0,0.2682926829268293,0.8813559322033898,3.2850539291217253
622,0.0,0.3220338983050847,0.7017543859649122,2.1791320406278856
623,0.0,0.20512820512820512,0.8541666666666666,4.1640625
624,0.0,0.2619047619047619,0.7894736842105263,3.014354066985646
625,0.0,0.22448979591836735,0.7659574468085106,3.411992263056093
626,0.0,0.2608695652173913,0.7142857142857143,2.738095238095238
627,0.0,0.21666666666666667,0.8135593220338984,3.7548891786179923
628,0.0,0.35555555555555557,0.8181818181818182,2.3011363636363638
629,0.0,0.30612244897959184,0.7424242424242424,2.4252525252525254
630,0.0,0.2037037037037037,0.7592592592592593,3.7272727272727275
631,0.0,0.29411764705882354,0.8,2.72
632,0.0,0.1590909090909091,0.8627450980392157,5.42296918767507
633,0.0,0.26229508196721313,0.7777777777777778,2.9652777777777777
634,0.0,0.23636363636363636,0.7959183673469388,3.36734693877551
635,0.0,0.32608695652173914,0.75,2.3
636,0.0,0.21666666666666667,0.7272727272727273,3.3566433566433567
637,0.0,0.17307692307692307,0.782608695652174,4.521739130434783
638,0.0,0.28,0.7777777777777778,2.7777777777777777
639,0.0,0.21052631578947367,0.8833333333333333,4.195833333333334
640,0.0,0.15217391304347827,0.8484848484848485,5.575757575757575
641,0.0,0.22641509433962265,0.6326530612244898,2.79421768707483
642,0.0,0.2857142857142857,0.5641025641025641,1.9743589743589745
643,0.0,0.3050847457627119,0.65,2.1305555555555555
644,0.0,0.25,0.7608695652173914,3.0434782608695654
645,0.0,0.3018867924528302,0.7213114754098361,2.389344262295082
646,0.0,0.3333333333333333,0.8135593220338984,2.440677966101695
647,0.0,0.2857142857142857,0.819672131147541,2.8688524590163937
648,0.0,0.23076923076923078,0.6923076923076923,2.9999999999999996
649,0.0,0.2641509433962264,0.7777777777777778,2.9444444444444446
650,0.0,0.2727272727272727,0.8428571428571429,3.0904761904761906
651,0.0,0.23076923076923078,0.7608695652173914,3.2971014492753623
652,0.0,0.18333333333333332,0.7073170731707317,3.8580931263858096
653,0.0,0.24074074074074073,0.7777777777777778,3.230769230769231
654,0.0,0.23076923076923078,0.8103448275862069,3.511494252873563
655,0.0,0.2549019607843137,0.6595744680851063,2.5875613747954174
656,0.0,0.22641509433962265,0.8181818181818182,3.6136363636363638
657,0.0,0.3191489361702128,0.7230769230769231,2.2656410256410253
658,0.0,0.2692307692307692,0.6842105263157895,2.5413533834586466
659,0.0,0.20754716981132076,0.8103448275862069,3.904388714733542
660,0.0,0.2553191489361702,0.8153846153846154,3.193589743589744
661,0.0,0.17647058823529413,0.6285714285714286,3.5619047619047617
662,0.0,0.2037037037037037,0.7428571428571429,3.646753246753247
663,0.0,0.20930232558139536,0.7959183673469388,3.8027210884353737
664,0.0,0.1875,0.72,3.84
665,0.0,0.28846153846153844,0.8125,2.816666666666667
666,0.0,0.21818181818181817,0.7017543859649122,3.216374269005848
667,0.0,0.38461538461538464,0.8,2.08
668,0.0,0.38,0.7536231884057971,1.9832189168573608
669,0.0,0.24444444444444444,0.75,3.0681818181818183
670,0.0,0.43478260869565216,0.7833333333333333,1.8016666666666667
671,0.0,0.2647058823529412,0.8305084745762712,3.1374764595103577
672,0.0,0.17647058823529413,0.7169811320754716,4.062893081761006
673,0.0,0.32,0.7777777777777778,2.4305555555555554
674,0.0,0.21428571428571427,0.875,4.083333333333334
675,0.0,0.26666666666666666,0.7818181818181819,2.931818181818182
676,0.0,0.20930232558139536,0.7272727272727273,3.4747474747474745
677,0.0,0.225,0.8656716417910447,3.84742951907131
678,0.0,0.2631578947368421,0.7681159420289855,2.918840579710145
679,0.0,0.2830188679245283,0.7543859649122807,2.665497076023392
680,0.0,0.3333333333333333,0.8382352941176471,2.5147058823529416
681,0.0,0.3953488372093023,0.7941176470588235,2.008650519031142
682,0.0,0.29310344827586204,0.7441860465116279,2.538987688098495
683,0.0,0.1896551724137931,0.7868852459016393,4.14903129657228
684,0.0,0.1206896551724138,0.8205128205128205,6.798534798534798
685,0.0,0.2619047619047619,0.7619047619047619,2.9090909090909087
686,0.0,0.2608695652173913,0.8113207547169812,3.110062893081761
687,0.0,0.16326530612244897,0.8412698412698413,5.152777777777779
688,0.0,0.14893617021276595,0.8833333333333333,5.930952380952381
689,0.0,0.3023255813953488,0.8103448275862069,2.680371352785146
690,0.0,0.20833333333333334,0.7608695652173914,3.6521739130434785
691,0.0,0.391304347826087,0.6949152542372882,1.7758945386064031
692,0.0,0.27906976744186046,0.875,3.1354166666666665
693,0.0,0.3484848484848485,0.65625,1.8831521739130435
694,0.0,0.43333333333333335,0.8076923076923077,1.863905325443787
695,0.0,0.19642857142857142,0.8113207547169812,4.130360205831904
696,0.0,0.24528301886792453,0.6785714285714286,2.7664835164835164
697,0.0,0.3728813559322034,0.7166666666666667,1.9219696969696969
698,0.0,0.265625,0.4782608695652174,1.8005115089514068
699,0.0,0.23404255319148937,0.675,2.8840909090909093
700,0.0,0.24193548387096775,0.6046511627906976,2.4992248062015503
701,0.0,0.35,0.631578947368421,1.8045112781954888
702,0.0,0.2987012987012987,0.6363636363636364,2.130434782608696
703,0.0,0.3333333333333333,0.7547169811320755,2.264150943396227
704,0.0,0.20930232558139536,0.7916666666666666,3.782407407407407
705,0.0,0.265625,0.7636363636363637,2.874866310160428
706,0.0,0.30434782608695654,0.7916666666666666,2.601190476190476
707,0.0,0.2222222222222222,0.7755102040816326,3.489795918367347
708,0.0,0.24528301886792453,0.819672131147541,3.3417402269861287
709,0.0,0.2037037037037037,0.8,3.9272727272727277
710,0.0,0.3103448275862069,0.7538461538461538,2.429059829059829
711,0.0,0.2708333333333333,0.8484848484848485,3.1328671328671334
712,0.0,0.24,0.84,3.5
713,0.0,0.10416666666666667,0.8163265306122449,7.836734693877551
714,0.0,0.1746031746031746,0.8181818181818182,4.685950413223141
715,0.0,0.2619047619047619,0.8064516129032258,3.079178885630498
716,0.0,0.2564102564102564,0.7678571428571429,2.9946428571428574
717,0.0,0.42,0.7605633802816901,1.8108651911468814
718,0.0,0.2037037037037037,0.6666666666666666,3.272727272727273
719,0.0,0.19642857142857142,0.8596491228070176,4.376395534290271
720,0.0,0.425531914893617,0.7272727272727273,1.7090909090909092
721,0.0,0.24193548387096775,0.6511627906976745,2.6914728682170543
722,0.0,0.2222222222222222,0.8444444444444444,3.8000000000000003
723,0.0,0.3157894736842105,0.75,2.375
724,0.0,0.3877551020408163,0.6666666666666666,1.719298245614035
725,0.0,0.3902439024390244,0.7407407407407407,1.898148148148148
726,0.0,0.22950819672131148,0.6981132075471698,3.0417789757412397
727,0.0,0.41025641025641024,0.6764705882352942,1.6488970588235297
728,0.0,0.2894736842105263,0.7741935483870968,2.6744868035190614
729,0.0,0.275,0.8243243243243243,2.9975429975429972
730,0.0,0.2619047619047619,0.7627118644067796,2.912172573189522
731,0.0,0.21052631578947367,0.782608695652174,3.7173913043478266
732,0.0,0.1724137931034483,0.7708333333333334,4.470833333333333
733,0.0,0.34615384615384615,0.7017543859649122,2.02729044834308
734,0.0,0.24,0.7391304347826086,3.079710144927536
735,0.0,0.171875,0.7073170731707317,4.11529933481153
736,0.0,0.2,0.7678571428571429,3.8392857142857144
737,0.0,0.375,0.8181818181818182,2.181818181818182
738,0.0,0.2,0.6981132075471698,3.4905660377358485
739,0.0,0.2127659574468085,0.8360655737704918,3.9295081967213115
740,0.0,0.25,0.8620689655172413,3.4482758620689653
741,0.0,0.19148936170212766,0.6764705882352942,3.532679738562092
742,0.0,0.23529411764705882,0.711864406779661,3.0254237288135593
743,0.0,0.265625,0.7,2.635294117647059
744,0.0,0.2727272727272727,0.75,2.75
745,0.0,0.2857142857142857,0.8412698412698413,2.9444444444444446
746,0.0,0.2807017543859649,0.7222222222222222,2.572916666666667
747,0.0,0.3333333333333333,0.8333333333333334,2.5000000000000004
748,0.0,0.3148148148148148,0.8125,2.580882352941176
749,0.0,0.35,0.8648648648648649,2.4710424710424714
750,0.0,0.2830188679245283,0.6481481481481481,2.2901234567901234
751,0.0,0.24489795918367346,0.7073170731707317,2.888211382113821
752,0.0,0.21428571428571427,0.6976744186046512,3.2558139534883725
753,0.0,0.25,0.6222222222222222,2.488888888888889
754,0.0,0.17543859649122806,0.9137931034482759,5.208620689655173
755,0.0,0.2222222222222222,0.782608695652174,3.521739130434783
756,0.0,0.2549019607843137,0.8070175438596491,3.165991902834008
757,0.0,0.2857142857142857,0.74,2.5900000000000003
758,0.0,0.1780821917808219,0.7391304347826086,4.150501672240803
759,0.0,0.24561403508771928,0.7021276595744681,2.858662613981763
760,0.0,0.3333333333333333,0.8,2.4000000000000004
761,0.0,0.38,0.6140350877192983,1.615881809787627
762,0.0,0.2549019607843137,0.6818181818181818,2.674825174825175
763,0.0,0.2807017543859649,0.66,2.3512500000000003
764,0.0,0.2608695652173913,0.8461538461538461,3.2435897435897436
765,0.0,0.1896551724137931,0.7755102040816326,4.089053803339517
766,0.0,0.17307692307692307,0.7446808510638298,4.302600472813238
767,0.0,0.23636363636363636,0.819672131147541,3.467843631778058
768,0.0,0.23076923076923078,0.8,3.466666666666667
769,0.0,0.2826086956521739,0.7586206896551724,2.684350132625995
770,0.0,0.18461538461538463,0.6666666666666666,3.6111111111111107
771,0.0,0.17391304347826086,0.7931034482758621,4.560344827586207
772,0.0,0.2535211267605634,0.6326530612244898,2.49546485260771
773,0.0,0.4166666666666667,0.64,1.536
774,0.0,0.24,0.819672131147541,3.4153005464480874
775,0.0,0.28,0.7142857142857143,2.5510204081632653
776,0.0,0.19298245614035087,0.7804878048780488,4.044345898004435
777,0.0,0.2807017543859649,0.6530612244897959,2.326530612244898
778,0.0,0.20408163265306123,0.717391304347826,3.5152173913043474
779,0.0,0.20512820512820512,0.8813559322033898,4.296610169491525
780,0.0,0.28888888888888886,0.7719298245614035,2.672064777327935
781,0.0,0.2708333333333333,0.7741935483870968,2.8585607940446653
782,0.0,0.2916666666666667,0.8307692307692308,2.8483516483516484
783,0.0,0.2037037037037037,0.7543859649122807,3.703349282296651
784,0.0,0.26,0.7037037037037037,2.7065527065527064
785,0.0,0.2545454545454545,0.7457627118644068,2.9297820823244556
786,0.0,0.30434782608695654,0.7090909090909091,2.32987012987013
787,0.0,0.3125,0.7090909090909091,2.269090909090909
788,0.0,0.1,0.825,8.249999999999998
789,0.0,0.20689655172413793,0.7884615384615384,3.8108974358974357
790,0.0,0.3333333333333333,0.84,2.52
791,0.0,0.35555555555555557,0.85,2.390625
792,0.0,0.2978723404255319,0.7301587301587301,2.45124716553288
793,0.0,0.3050847457627119,0.8125,2.663194444444444
794,0.0,0.22807017543859648,0.7301587301587301,3.2014652014652016
795,0.0,0.17307692307692307,0.8076923076923077,4.666666666666667
796,0.0,0.1694915254237288,0.7659574468085106,4.519148936170213
797,0.0,0.30434782608695654,0.7704918032786885,2.531615925058548
798,0.0,0.3541666666666667,0.8493150684931506,2.3980660757453665
799,0.0,0.34285714285714286,0.8103448275862069,2.3635057471264367
800,0.0,0.20634920634920634,0.5882352941176471,2.8506787330316743
801,0.0,0.22641509433962265,0.8363636363636363,3.6939393939393934
802,0.0,0.17777777777777778,0.851063829787234,4.787234042553191
803,0.0,0.22641509433962265,0.8,3.5333333333333337
804,0.0,0.21818181818181817,0.6111111111111112,2.8009259259259265
805,0.0,0.20689655172413793,0.7272727272727273,3.515151515151515
806,0.0,0.3469387755102041,0.7384615384615385,2.1285067873303167
807,0.0,0.41509433962264153,0.7571428571428571,1.8240259740259739
808,0.0,0.15517241379310345,0.8958333333333334,5.773148148148148
809,0.0,0.3617021276595745,0.7833333333333333,2.1656862745098038
810,0.0,0.22916666666666666,0.8490566037735849,3.704974271012007
811,0.0,0.15517241379310345,0.7647058823529411,4.928104575163398
812,0.0,0.14545454545454545,0.8571428571428571,5.892857142857143
813,0.0,0.34782608695652173,0.8125,2.3359375
814,0.0,0.25,0.8113207547169812,3.2452830188679247
815,0.0,0.22033898305084745,0.7090909090909091,3.2181818181818183
816,0.0,0.2777777777777778,0.7692307692307693,2.769230769230769
817,0.0,0.28846153846153844,0.7884615384615384,2.7333333333333334
818,0.0,0.30158730158730157,0.6538461538461539,2.168016194331984
819,0.0,0.20967741935483872,0.7878787878787878,3.7575757575757573
820,0.0,0.2631578947368421,0.75,2.85
821,0.0,0.2037037037037037,0.7321428571428571,3.594155844155844
822,0.0,0.24489795918367346,0.7254901960784313,2.962418300653595
823,0.0,0.14516129032258066,0.7575757575757576,5.218855218855219
824,0.0,0.21212121212121213,0.8275862068965517,3.901477832512315
825,0.0,0.2459016393442623,0.7391304347826086,3.005797101449275
826,0.0,0.20930232558139536,0.8571428571428571,4.095238095238095
827,0.0,0.20689655172413793,0.8125,3.9270833333333335
828,0.0,0.2549019607843137,0.7090909090909091,2.781818181818182
829,0.0,0.3181818181818182,0.8148148148148148,2.560846560846561
830,0.0,0.3,0.7301587301587301,2.433862433862434
831,0.0,0.24528301886792453,0.7547169811320755,3.076923076923077
832,0.0,0.2391304347826087,0.7,2.927272727272727
833,0.0,0.32653061224489793,0.7058823529411765,2.1617647058823533
834,0.0,0.23529411764705882,0.8305084745762712,3.5296610169491527
835,0.0,0.21428571428571427,0.7903225806451613,3.6881720430107525
836,0.0,0.2222222222222222,0.6818181818181818,3.0681818181818183
837,0.0,0.16071428571428573,0.6944444444444444,4.320987654320987
838,0.0,0.20754716981132076,0.8305084745762712,4.001540832049306
839,0.0,0.23728813559322035,0.7884615384615384,3.3228021978021975
840,0.0,0.36363636363636365,0.7971014492753623,2.192028985507246
841,0.0,0.16666666666666666,0.7872340425531915,4.723404255319149
842,0.0,0.18181818181818182,0.8888888888888888,4.888888888888888
843,0.0,0.3269230769230769,0.6779661016949152,2.073778664007976
844,0.0,0.358974358974359,0.7142857142857143,1.989795918367347
845,0.0,0.25,0.7037037037037037,2.814814814814815
846,0.0,0.14893617021276595,0.85,5.707142857142857
847,0.0,0.3333333333333333,0.7592592592592593,2.277777777777778
848,0.0,0.425531914893617,0.6867469879518072,1.613855421686747
849,0.0,0.3469387755102041,0.6666666666666666,1.9215686274509802
850,0.0,0.21212121212121213,0.75,3.5357142857142856
851,0.0,0.22413793103448276,0.7924528301886793,3.5355587808417996
852,0.0,0.21428571428571427,0.7719298245614035,3.6023391812865495
853,0.0,0.3148148148148148,0.7090909090909091,2.2524064171122995
854,0.0,0.4857142857142857,0.7321428571428571,1.5073529411764706
855,0.0,0.26666666666666666,0.8301886792452831,3.1132075471698113
856,0.0,0.19298245614035087,0.68,3.523636363636364
857,0.0,0.2,0.631578947368421,3.157894736842105
858,0.0,0.3488372093023256,0.7058823529411765,2.023529411764706
859,0.0,0.35555555555555557,0.7377049180327869,2.074795081967213
860,0.0,0.18867924528301888,0.6904761904761905,3.6595238095238094
861,0.0,0.20689655172413793,0.851063829787234,4.113475177304965
862,0.0,0.3333333333333333,0.6481481481481481,1.9444444444444444
863,0.0,0.25,0.7307692307692307,2.923076923076923
864,0.0,0.275,0.8125,2.954545454545454
865,0.0,0.2708333333333333,0.7192982456140351,2.6558704453441297
866,0.0,0.24561403508771928,0.7450980392156863,3.0336134453781516
867,0.0,0.12,0.8627450980392157,7.189542483660131
868,0.0,0.3333333333333333,0.7727272727272727,2.3181818181818183
869,0.0,0.1951219512195122,0.8235294117647058,4.220588235294117
870,0.0,0.24,0.6190476190476191,2.5793650793650795
871,0.0,0.3829787234042553,0.8059701492537313,2.1044776119402986
872,0.0,0.15384615384615385,0.8372093023255814,5.441860465116279
873,0.0,0.24489795918367346,0.7966101694915254,3.2528248587570623
874,0.0,0.1836734693877551,0.813953488372093,4.431524547803617
875,0.0,0.3333333333333333,0.7368421052631579,2.210526315789474
876,0.0,0.21153846153846154,0.8301886792452831,3.9245283018867925
877,0.0,0.27586206896551724,0.7611940298507462,2.7593283582089554
878,0.0,0.2777777777777778,0.7291666666666666,2.6249999999999996
879,0.0,0.37037037037037035,0.676923076923077,1.827692307692308
880,0.0,0.32075471698113206,0.8225806451612904,2.5645161290322585
881,0.0,0.16393442622950818,0.7567567567567568,4.616216216216217
882,0.0,0.31343283582089554,0.6923076923076923,2.2087912087912085
883,0.0,0.3275862068965517,0.7538461538461538,2.3012145748987853
884,0.0,0.16981132075471697,0.7884615384615384,4.6431623931623935
885,0.0,0.22807017543859648,0.6052631578947368,2.653846153846154
886,0.0,0.24528301886792453,0.6052631578947368,2.467611336032389
887,0.0,0.27906976744186046,0.7966101694915254,2.8545197740112993
888,0.0,0.2,0.8367346938775511,4.183673469387755
889,0.0,0.29411764705882354,0.7796610169491526,2.6508474576271186
890,0.0,0.21428571428571427,0.7647058823529411,3.568627450980392
891,0.0,0.29508196721311475,0.7169811320754716,2.429769392033543
892,0.0,0.225,0.8103448275862069,3.601532567049808
893,0.0,0.18181818181818182,0.8888888888888888,4.888888888888888
894,0.0,0.26785714285714285,0.8085106382978723,3.0184397163120567
895,0.0,0.34,0.78125,2.297794117647059
896,0.0,0.1956521739130435,0.7586206896551724,3.8773946360153255
897,0.0,0.21153846153846154,0.78,3.6872727272727275
898,0.0,0.16363636363636364,0.8846153846153846,5.405982905982905
899,0.0,0.2391304347826087,0.8,3.3454545454545457
900,0.0,0.22641509433962265,0.7321428571428571,3.233630952380952
901,0.0,0.30952380952380953,0.7230769230769231,2.336094674556213
902,0.0,0.20689655172413793,0.8,3.866666666666667
903,0.0,0.2,0.7241379310344828,3.6206896551724137
904,0.0,0.3333333333333333,0.7966101694915254,2.3898305084745766
905,0.0,0.2727272727272727,0.7321428571428571,2.6845238095238098
906,0.0,0.23809523809523808,0.6086956521739131,2.556521739130435
907,0.0,0.3695652173913043,0.7708333333333334,2.0857843137254903
908,0.0,0.1875,0.8490566037735849,4.528301886792453
909,0.0,0.23255813953488372,0.9130434782608695,3.926086956521739
910,0.0,0.3684210526315789,0.78125,2.1205357142857144
911,0.0,0.2916666666666667,0.75,2.571428571428571
912,0.0,0.3076923076923077,0.671875,2.18359375
913,0.0,0.26666666666666666,0.78125,2.9296875
914,0.0,0.21052631578947367,0.8307692307692308,3.946153846153847
915,0.0,0.40476190476190477,0.7636363636363637,1.8866310160427808
916,0.0,0.3170731707317073,0.7083333333333334,2.233974358974359
917,0.0,0.28205128205128205,0.8103448275862069,2.873040752351097
918,0.0,0.19047619047619047,0.8070175438596491,4.2368421052631575
919,0.0,0.3170731707317073,0.7142857142857143,2.2527472527472527
920,0.0,0.288135593220339,0.7777777777777778,2.699346405228758
921,0.0,0.2,0.8059701492537313,4.029850746268656
922,0.0,0.1590909090909091,0.8448275862068966,5.310344827586207
923,0.0,0.2222222222222222,0.8113207547169812,3.6509433962264155
924,0.0,0.2708333333333333,0.7547169811320755,2.786647314949202
925,0.0,0.1694915254237288,0.6607142857142857,3.898214285714286
926,0.0,0.2222222222222222,0.8333333333333334,3.7500000000000004
927,0.0,0.22033898305084745,0.7704918032786885,3.4968474148802016
928,0.0,0.2553191489361702,0.75,2.9375000000000004
929,0.0,0.275,0.74,2.6909090909090905
930,0.0,0.3877551020408163,0.7619047619047619,1.9649122807017543
931,0.0,0.3409090909090909,0.7727272727272727,2.2666666666666666
932,0.0,0.3,0.6181818181818182,2.0606060606060606
933,0.0,0.21153846153846154,0.7368421052631579,3.4832535885167464
934,0.0,0.28846153846153844,0.7241379310344828,2.510344827586207
935,0.0,0.2765957446808511,0.7547169811320755,2.7285921625544267
936,0.0,0.3125,0.7872340425531915,2.519148936170213
937,0.0,0.18,0.8214285714285714,4.563492063492063
938,0.0,0.28205128205128205,0.8545454545454545,3.0297520661157025
939,0.0,0.3181818181818182,0.7924528301886793,2.4905660377358494
940,0.0,0.3269230769230769,0.75,2.2941176470588234
941,0.0,0.3783783783783784,0.7580645161290323,2.0034562211981566
942,0.0,0.2,0.7884615384615384,3.942307692307692
943,0.0,0.24,0.7903225806451613,3.293010752688172
944,0.0,0.19148936170212766,0.7333333333333333,3.8296296296296295
945,0.0,0.21052631578947367,0.8181818181818182,3.8863636363636367
946,0.0,0.28,0.6909090909090909,2.4675324675324672
947,0.0,0.2926829268292683,0.8208955223880597,2.804726368159204
948,0.0,0.29545454545454547,0.7272727272727273,2.4615384615384617
949,0.0,0.14583333333333334,0.8076923076923077,5.538461538461538
950,0.0,0.1509433962264151,0.86,5.6975
951,0.0,0.2,0.6976744186046512,3.488372093023256
952,0.0,0.2826086956521739,0.78,2.7600000000000002
953,0.0,0.19642857142857142,0.7407407407407407,3.7710437710437708
954,0.0,0.44642857142857145,0.5692307692307692,1.275076923076923
955,0.0,0.18518518518518517,0.6216216216216216,3.3567567567567567
956,0.0,0.2545454545454545,0.6666666666666666,2.619047619047619
957,0.0,0.23529411764705882,0.7241379310344828,3.0775862068965516
958,0.0,0.12727272727272726,0.7619047619047619,5.98639455782313
959,0.0,0.3275862068965517,0.7222222222222222,2.2046783625730995
960,0.0,0.29411764705882354,0.8181818181818182,2.7818181818181817
961,0.0,0.40476190476190477,0.746031746031746,1.843137254901961
962,0.0,0.34782608695652173,0.75,2.15625
963,0.0,0.2765957446808511,0.8113207547169812,2.933236574746009
964,0.0,0.2916666666666667,0.7213114754098361,2.4730679156908666
965,0.0,0.27586206896551724,0.7833333333333333,2.839583333333333
966,0.0,0.38,0.6666666666666666,1.7543859649122806
967,0.0,0.2692307692307692,0.7272727272727273,2.7012987012987013
968,0.0,0.20833333333333334,0.7910447761194029,3.797014925373134
969,0.0,0.2222222222222222,0.8225806451612904,3.701612903225807
970,0.0,0.18181818181818182,0.76,4.18
971,0.0,0.2222222222222222,0.8115942028985508,3.6521739130434785
972,0.0,0.22448979591836735,0.7,3.118181818181818
973,0.0,0.3448275862068966,0.6774193548387096,1.9645161290322577
974,0.0,0.3409090909090909,0.7719298245614035,2.264327485380117
975,0.0,0.2909090909090909,0.7868852459016393,2.7049180327868854
976,0.0,0.2765957446808511,0.7704918032786885,2.78562421185372
977,0.0,0.22916666666666666,0.7777777777777778,3.393939393939394
978,0.0,0.15,0.7454545454545455,4.96969696969697
979,0.0,0.28,0.7884615384615384,2.8159340659340657
980,0.0,0.225,0.8596491228070176,3.820662768031189
981,0.0,0.3333333333333333,0.6944444444444444,2.0833333333333335
982,0.0,0.18333333333333332,0.7659574468085106,4.1779497098646035
983,0.0,0.19230769230769232,0.7037037037037037,3.659259259259259
984,0.0,0.3125,0.88,2.816
985,0.0,0.18181818181818182,0.7818181818181819,4.3
986,0.0,0.22448979591836735,0.7894736842105263,3.5167464114832536
987,0.0,0.25806451612903225,0.7241379310344828,2.806034482758621
988,0.0,0.25,0.7454545454545455,2.981818181818182
989,0.0,0.29545454545454547,0.7735849056603774,2.618287373004354
990,0.0,0.19148936170212766,0.75,3.9166666666666665
991,0.0,0.24489795918367346,0.8695652173913043,3.550724637681159
992,0.0,0.2978723404255319,0.76,2.5514285714285716
993,0.0,0.3870967741935484,0.7142857142857143,1.8452380952380953
994,0.0,0.32608695652173914,0.7678571428571429,2.354761904761905
995,0.0,0.2857142857142857,0.7818181818181819,2.7363636363636368
996,0.0,0.3333333333333333,0.7166666666666667,2.1500000000000004
997,0.0,0.26,0.7142857142857143,2.7472527472527473
998,0.0,0.18867924528301888,0.7543859649122807,3.9982456140350875
999,0.0,0.19696969696969696,0.627906976744186,3.18783542039356
1000,0.0,0.30612244897959184,0.7833333333333333,2.5588888888888888
1001,0.0,0.26229508196721313,0.62,2.36375
1002,0.0,0.375,0.8688524590163934,2.3169398907103824
1003,0.0,0.17333333333333334,0.8181818181818182,4.72027972027972
1004,0.0,0.3076923076923077,0.6833333333333333,2.220833333333333
1005,0.0,0.23809523809523808,0.8275862068965517,3.4758620689655175
1006,0.0,0.18518518518518517,0.8070175438596491,4.3578947368421055
1007,0.0,0.3023255813953488,0.7704918032786885,2.548549810844893
1008,0.0,0.32,0.7586206896551724,2.3706896551724137
1009,0.0,0.20833333333333334,0.7755102040816326,3.7224489795918365
1010,0.0,0.19444444444444445,0.8666666666666667,4.457142857142857
1011,0.0,0.25925925925925924,0.7818181818181819,3.015584415584416
1012,0.0,0.36666666666666664,0.8,2.181818181818182
1013,0.0,0.24074074074074073,0.7142857142857143,2.967032967032967
1014,0.0,0.3877551020408163,0.6333333333333333,1.6333333333333333
1015,0.0,0.32075471698113206,0.6363636363636364,1.983957219251337
1016,0.0,0.24390243902439024,0.6981132075471698,2.862264150943396
1017,0.0,0.3142857142857143,0.8461538461538461,2.6923076923076925
1018,0.0,0.2692307692307692,0.8214285714285714,3.0510204081632653
1019,0.0,0.30612244897959184,0.7457627118644068,2.4361581920903954
1020,0.0,0.28846153846153844,0.7777777777777778,2.6962962962962966
1021,0.0,0.22580645161290322,0.7846153846153846,3.474725274725275
1022,0.0,0.2765957446808511,0.8412698412698413,3.0415140415140414
1023,0.0,0.2,0.8571428571428571,4.285714285714286
1024,0.0,0.18,0.8636363636363636,4.7979797979797985
1025,0.0,0.28846153846153844,0.7741935483870968,2.6838709677419357
1026,0.0,0.3111111111111111,0.7547169811320755,2.4258760107816713
1027,0.0,0.25,0.660377358490566,2.641509433962264
1028,0.0,0.32558139534883723,0.8225806451612904,2.5264976958525347
1029,0.0,0.4,0.6379310344827587,1.5948275862068966
1030,0.0,0.21311475409836064,0.7818181818181819,3.668531468531469
1031,0.0,0.2830188679245283,0.7692307692307693,2.717948717948718
1032,0.0,0.32075471698113206,0.7714285714285715,2.405042016806723
1033,0.0,0.19230769230769232,0.6875,3.5749999999999997
1034,0.0,0.3508771929824561,0.7878787878787878,2.2454545454545456
1035,0.0,0.23636363636363636,0.5434782608695652,2.29933110367893
1036,0.0,0.2,0.7704918032786885,3.8524590163934422
1037,0.0,0.26153846153846155,0.43902439024390244,1.6786226685796268
1038,0.0,0.15517241379310345,0.7619047619047619,4.91005291005291
1039,0.0,0.38636363636363635,0.673469387755102,1.7430972388955581
1040,0.0,0.19736842105263158,0.75,3.8
1041,0.0,0.2553191489361702,0.75,2.9375000000000004
1042,0.0,0.24489795918367346,0.8333333333333334,3.402777777777778
1043,0.0,0.34285714285714286,0.6078431372549019,1.772875816993464
1044,0.0,0.34210526315789475,0.813953488372093,2.3792486583184256
1045,0.0,0.2222222222222222,0.6511627906976745,2.930232558139535
1046,0.0,0.3181818181818182,0.6585365853658537,2.069686411149826
1047,0.0,0.23076923076923078,0.75,3.25
1048,0.0,0.30434782608695654,0.7368421052631579,2.421052631578947
1049,0.0,0.1875,0.8,4.266666666666667
1050,0.0,0.34285714285714286,0.8,2.3333333333333335
1051,0.0,0.2553191489361702,0.7540983606557377,2.953551912568306
1052,0.0,0.2,0.8035714285714286,4.017857142857142
1053,0.0,0.21875,0.7241379310344828,3.310344827586207
1054,0.0,0.2807017543859649,0.7580645161290323,2.7006048387096775
1055,0.0,0.18604651162790697,0.813953488372093,4.375
1056,0.0,0.3770491803278688,0.7142857142857143,1.894409937888199
1057,0.0,0.22641509433962265,0.7166666666666667,3.165277777777778
1058,0.0,0.2727272727272727,0.7592592592592593,2.783950617283951
1059,0.0,0.1111111111111111,0.8536585365853658,7.682926829268293
1060,0.0,0.21951219512195122,0.7872340425531915,3.58628841607565
1061,0.0,0.28888888888888886,0.7719298245614035,2.672064777327935
1062,0.0,0.18518518518518517,0.7631578947368421,4.121052631578948
1063,0.0,0.2033898305084746,0.6818181818181818,3.3522727272727266
1064,0.0,0.22807017543859648,0.6222222222222222,2.7282051282051283
1065,0.0,0.23529411764705882,0.7205882352941176,3.0625
1066,0.0,0.3469387755102041,0.7076923076923077,2.039819004524887
1067,0.0,0.3076923076923077,0.8153846153846154,2.65
1068,0.0,0.3333333333333333,0.8166666666666667,2.45
1069,0.0,0.29411764705882354,0.7358490566037735,2.50188679245283
1070,0.0,0.2708333333333333,0.8493150684931506,3.1359325605900947
1071,0.0,0.2549019607843137,0.7671232876712328,3.0094836670179137
1072,0.0,0.17543859649122806,0.8596491228070176,4.9
1073,0.0,0.13333333333333333,0.8620689655172413,6.46551724137931
1074,0.0,0.24074074074074073,0.8113207547169812,3.370101596516691
1075,0.0,0.15217391304347827,0.851063829787234,5.592705167173252
1076,0.0,0.2391304347826087,0.890625,3.724431818181818
1077,0.0,0.2857142857142857,0.7868852459016393,2.7540983606557377
1078,0.0,0.28,0.7169811320754716,2.5606469002695413
1079,0.0,0.34210526315789475,0.673469387755102,1.9686028257456827
1080,0.0,0.29545454545454547,0.819672131147541,2.7742749054224465
1081,0.0,0.29545454545454547,0.6724137931034483,2.2758620689655173
1082,0.0,0.24050632911392406,0.6,2.494736842105263
1083,0.0,0.2,0.7407407407407407,3.7037037037037033
1084,0.0,0.2619047619047619,0.8245614035087719,3.1483253588516744
1085,0.0,0.3181818181818182,0.71875,2.2589285714285716
1086,0.0,0.21739130434782608,0.8245614035087719,3.792982456140351
1087,0.0,0.29545454545454547,0.7333333333333333,2.4820512820512817
1088,0.0,0.30357142857142855,0.7090909090909091,2.3358288770053477
1089,0.0,0.1896551724137931,0.6964285714285714,3.6720779220779223
1090,0.0,0.3137254901960784,0.6181818181818182,1.9704545454545455
1091,0.0,0.3023255813953488,0.8125,2.6875
1092,0.0,0.29411764705882354,0.6730769230769231,2.2884615384615388
1093,0.0,0.3333333333333333,0.8783783783783784,2.6351351351351355
1094,0.0,0.26785714285714285,0.8076923076923077,3.0153846153846153
1095,0.0,0.38636363636363635,0.7966101694915254,2.061814556331007
1096,0.0,0.37209302325581395,0.7413793103448276,1.9924568965517242
1097,0.0,0.26153846153846155,0.5652173913043478,2.1611253196930944
1098,0.0,0.2564102564102564,0.8392857142857143,3.273214285714286
1099,0.0,0.391304347826087,0.7916666666666666,2.023148148148148
1100,0.0,0.3275862068965517,0.7333333333333333,2.23859649122807
1101,0.0,0.2777777777777778,0.6136363636363636,2.209090909090909
1102,0.0,0.3469387755102041,0.8095238095238095,2.3333333333333335
1103,0.0,0.3235294117647059,0.8541666666666666,2.6401515151515147
1104,0.0,0.2692307692307692,0.6724137931034483,2.497536945812808
1105,0.0,0.25,0.7192982456140351,2.8771929824561404
1106,0.0,0.23636363636363636,0.8461538461538461,3.5798816568047336
1107,0.0,0.40625,0.8301886792452831,2.0435413642960816
1108,0.0,0.1836734693877551,0.7317073170731707,3.9837398373983737
1109,0.0,0.3488372093023256,0.8059701492537313,2.31044776119403
1110,0.0,0.23076923076923078,0.9,3.9
1111,0.0,0.20408163265306123,0.7804878048780488,3.824390243902439
1112,0.0,0.25,0.7894736842105263,3.1578947368421053
1113,0.0,0.3,0.6862745098039216,2.2875816993464055
1114,0.0,0.1935483870967742,0.8085106382978723,4.177304964539007
1115,0.0,0.3191489361702128,0.66,2.068
1116,0.0,0.2631578947368421,0.7272727272727273,2.7636363636363637
1117,0.0,0.25,0.7358490566037735,2.943396226415094
1118,0.0,0.2833333333333333,0.66,2.3294117647058825
1119,0.0,0.29310344827586204,0.5555555555555556,1.8954248366013073
1120,0.0,0.38461538461538464,0.7727272727272727,2.009090909090909
1121,0.0,0.3684210526315789,0.8048780487804879,2.1846689895470384
1122,0.0,0.20408163265306123,0.8113207547169812,3.975471698113208
1123,0.0,0.3333333333333333,0.8571428571428571,2.5714285714285716
1124,0.0,0.2033898305084746,0.8939393939393939,4.39520202020202
1125,0.0,0.3137254901960784,0.7454545454545455,2.376136363636364
1126,0.0,0.1276595744680851,0.94,7.363333333333333
1127,0.0,0.2982456140350877,0.7457627118644068,2.5004985044865404
1128,0.0,0.2,0.8070175438596491,4.035087719298245
1129,0.0,0.28205128205128205,0.8333333333333334,2.9545454545454546
1130,0.0,0.23728813559322035,0.625,2.633928571428571
1131,0.0,0.21818181818181817,0.7962962962962963,3.6496913580246915
1132,0.0,0.3,0.76,2.5333333333333337
1133,0.0,0.18867924528301888,0.7931034482758621,4.203448275862069
1134,0.0,0.35714285714285715,0.6888888888888889,1.9288888888888889
1135,0.0,0.358974358974359,0.7407407407407407,2.0634920634920633
1136,0.0,0.28,0.74,2.642857142857143
1137,0.0,0.3181818181818182,0.7580645161290323,2.382488479262673
1138,0.0,0.24,0.7543859649122807,3.1432748538011697
1139,0.0,0.15384615384615385,0.8253968253968254,5.365079365079365
1140,0.0,0.24561403508771928,0.6046511627906976,2.4617940199335546
1141,0.0,0.28,0.5333333333333333,1.9047619047619047
1142,0.0,0.2564102564102564,0.8142857142857143,3.175714285714286
1143,0.0,0.3409090909090909,0.7368421052631579,2.16140350877193
1144,0.0,0.22580645161290322,0.7692307692307693,3.406593406593407
1145,0.0,0.3103448275862069,0.8717948717948718,2.809116809116809
1146,0.0,0.22448979591836735,0.8035714285714286,3.5795454545454546
1147,0.0,0.3584905660377358,0.6037735849056604,1.6842105263157896
1148,0.0,0.35714285714285715,0.7142857142857143,2.0
1149,0.0,0.19230769230769232,0.8461538461538461,4.3999999999999995
1150,0.0,0.22807017543859648,0.8620689655172413,3.779840848806366
1151,0.0,0.2028985507246377,0.7358490566037735,3.626684636118598
1152,0.0,0.17777777777777778,0.8048780487804879,4.527439024390244
1153,0.0,0.21739130434782608,0.7692307692307693,3.5384615384615388
1154,0.0,0.2537313432835821,0.6923076923076923,2.7285067873303164
1155,0.0,0.3333333333333333,0.8245614035087719,2.473684210526316
1156,0.0,0.32432432432432434,0.825,2.5437499999999997
1157,0.0,0.3469387755102041,0.7916666666666666,2.281862745098039
1158,0.0,0.19607843137254902,0.7391304347826086,3.769565217391304
1159,0.0,0.21153846153846154,0.8163265306122449,3.8589981447124306
1160,0.0,0.26,0.8363636363636363,3.2167832167832167
1161,0.0,0.1276595744680851,0.8043478260869565,6.30072463768116
1162,0.0,0.2916666666666667,0.8405797101449275,2.881987577639751
1163,0.0,0.3333333333333333,0.6842105263157895,2.0526315789473686
1164,0.0,0.25925925925925924,0.75,2.8928571428571432
1165,0.0,0.38095238095238093,0.8,2.1
1166,0.0,0.19642857142857142,0.7627118644067796,3.8828967642526964
1167,0.0,0.24324324324324326,0.7758620689655172,3.1896551724137927
1168,0.0,0.2765957446808511,0.7540983606557377,2.726355611601513
1169,0.0,0.2857142857142857,0.7575757575757576,2.651515151515152
1170,0.0,0.2711864406779661,0.6666666666666666,2.458333333333333
1171,0.0,0.3389830508474576,0.7638888888888888,2.2534722222222223
1172,0.0,0.26785714285714285,0.7636363636363637,2.850909090909091
1173,0.0,0.21428571428571427,0.7083333333333334,3.305555555555556
1174,0.0,0.4186046511627907,0.765625,1.8289930555555554
1175,0.0,0.2692307692307692,0.7307692307692307,2.7142857142857144
1176,0.0,0.2826086956521739,0.8,2.830769230769231
1177,0.0,0.3018867924528302,0.6862745098039216,2.2732843137254903
1178,0.0,0.325,0.8095238095238095,2.490842490842491
1179,0.0,0.2857142857142857,0.7333333333333333,2.5666666666666664
1180,0.0,0.26,0.7636363636363637,2.937062937062937
1181,0.0,0.2857142857142857,0.7936507936507936,2.7777777777777777
1182,0.0,0.32653061224489793,0.7377049180327869,2.25922131147541
1183,0.0,0.37777777777777777,0.7424242424242424,1.96524064171123
1184,0.0,0.2727272727272727,0.6470588235294118,2.3725490196078436
1185,0.0,0.3181818181818182,0.6481481481481481,2.037037037037037
1186,0.0,0.3333333333333333,0.7413793103448276,2.224137931034483
1187,0.0,0.2037037037037037,0.7735849056603774,3.7975986277873073
1188,0.0,0.29545454545454547,0.7586206896551724,2.5676392572944295
1189,0.0,0.38181818181818183,0.7285714285714285,1.9081632653061222
1190,0.0,0.19148936170212766,0.8076923076923077,4.217948717948718
1191,0.0,0.2545454545454545,0.7083333333333334,2.782738095238096
1192,0.0,0.2857142857142857,0.6458333333333334,2.260416666666667
1193,0.0,0.3404255319148936,0.7049180327868853,2.0706967213114753
1194,0.0,0.4,0.7432432432432432,1.858108108108108
1195,0.0,0.2916666666666667,0.8103448275862069,2.778325123152709
1196,0.0,0.3584905660377358,0.6721311475409836,1.8748921484037964
1197,0.0,0.25,0.8,3.2
1198,0.0,0.1875,0.7391304347826086,3.942028985507246
1199,0.0,0.16666666666666666,0.7446808510638298,4.468085106382979
1200,0.0,0.3333333333333333,0.7741935483870968,2.3225806451612905
1201,0.0,0.25,0.7358490566037735,2.943396226415094
1202,0.0,0.2857142857142857,0.8135593220338984,2.8474576271186445
1203,0.0,0.20512820512820512,0.8448275862068966,4.118534482758621
1204,0.0,0.2972972972972973,0.8070175438596491,2.7145135566188197
1205,0.0,0.26666666666666666,0.78125,2.9296875
1206,0.0,0.32653061224489793,0.8305084745762712,2.543432203389831
1207,0.0,0.3103448275862069,0.734375,2.366319444444444
1208,0.0,0.3409090909090909,0.7777777777777778,2.2814814814814817
1209,0.0,0.2894736842105263,0.8524590163934426,2.944858420268256
1210,0.0,0.43137254901960786,0.6805555555555556,1.5776515151515151
1211,0.0,0.25,0.7368421052631579,2.9473684210526314
1212,0.0,0.3181818181818182,0.7592592592592593,2.3862433862433865
1213,0.0,0.1702127659574468,0.8666666666666667,5.091666666666667
1214,0.0,0.28205128205128205,0.8235294117647058,2.919786096256684
1215,0.0,0.27586206896551724,0.711864406779661,2.580508474576271
1216,0.0,0.20689655172413793,0.7619047619047619,3.6825396825396823
1217,0.0,0.2702702702702703,0.8125,3.0062499999999996
1218,0.0,0.2692307692307692,0.7857142857142857,2.9183673469387754
1219,0.0,0.2826086956521739,0.765625,2.7091346153846154
1220,0.0,0.30952380952380953,0.765625,2.473557692307692
1221,0.0,0.32432432432432434,0.8695652173913043,2.681159420289855
1222,0.0,0.3125,0.6792452830188679,2.1735849056603773
1223,0.0,0.3275862068965517,0.6491228070175439,1.981532779316713
1224,0.0,0.2830188679245283,0.8269230769230769,2.9217948717948716
1225,0.0,0.265625,0.7,2.635294117647059
1226,0.0,0.47619047619047616,0.7971014492753623,1.673913043478261
1227,0.0,0.25,0.7333333333333333,2.933333333333333
1228,0.0,0.25396825396825395,0.6595744680851063,2.5970744680851063
1229,0.0,0.3541666666666667,0.7671232876712328,2.165995165189363
1230,0.0,0.30952380952380953,0.6935483870967742,2.240694789081886
1231,0.0,0.2619047619047619,0.78,2.978181818181818
1232,0.0,0.2391304347826087,0.7647058823529411,3.197860962566845
1233,0.0,0.3469387755102041,0.7592592592592593,2.1884531590413943
1234,0.0,0.4166666666666667,0.8026315789473685,1.9263157894736842
1235,0.0,0.35714285714285715,0.6607142857142857,1.8499999999999999
1236,0.0,0.32075471698113206,0.673469387755102,2.099639855942377
1237,0.0,0.2222222222222222,0.7391304347826086,3.3260869565217392
1238,0.0,0.39622641509433965,0.5636363636363636,1.4225108225108223
1239,0.0,0.2786885245901639,0.6935483870967742,2.488614800759014
1240,0.0,0.30357142857142855,0.7666666666666667,2.5254901960784317
1241,0.0,0.37209302325581395,0.8235294117647058,2.213235294117647
1242,0.0,0.32608695652173914,0.7678571428571429,2.354761904761905
1243,0.0,0.25,0.7380952380952381,2.9523809523809526
1244,0.0,0.34,0.5434782608695652,1.59846547314578
1245,0.0,0.3090909090909091,0.6481481481481481,2.0969498910675384
1246,0.0,0.16666666666666666,0.7872340425531915,4.723404255319149
1247,0.0,0.3125,0.7966101694915254,2.549152542372881
1248,0.0,0.16666666666666666,0.6756756756756757,4.054054054054054
1249,0.0,0.21568627450980393,0.6981132075471698,3.2367066895368777
1250,0.0,0.2413793103448276,0.8035714285714286,3.329081632653061
1251,0.0,0.25862068965517243,0.7258064516129032,2.8064516129032255
1252,0.0,0.26229508196721313,0.7272727272727273,2.7727272727272725
1253,0.0,0.3404255319148936,0.7962962962962963,2.3391203703703702
1254,0.0,0.24074074074074073,0.765625,3.1802884615384617
1255,0.0,0.24489795918367346,0.8076923076923077,3.2980769230769234
1256,0.0,0.3125,0.7037037037037037,2.251851851851852
1257,0.0,0.37209302325581395,0.7586206896551724,2.038793103448276
1258,0.0,0.2,0.8431372549019608,4.215686274509804
1259,0.0,0.2978723404255319,0.75,2.517857142857143
1260,0.0,0.23076923076923078,0.8421052631578947,3.6491228070175437
1261,0.0,0.15942028985507245,0.76,4.7672727272727276
1262,0.0,0.13114754098360656,0.7321428571428571,5.582589285714285
1263,0.0,0.22916666666666666,0.7115384615384616,3.104895104895105
1264,0.0,0.2542372881355932,0.782608695652174,3.078260869565218
1265,0.0,0.24444444444444444,0.7592592592592593,3.1060606060606064
1266,0.0,0.1836734693877551,0.7333333333333333,3.992592592592592
1267,0.0,0.45454545454545453,0.5892857142857143,1.2964285714285715
1268,0.0,0.16363636363636364,0.7619047619047619,4.656084656084656
1269,0.0,0.3103448275862069,0.6964285714285714,2.244047619047619
1270,0.0,0.3023255813953488,0.7017543859649122,2.3211875843454792
1271,0.0,0.2222222222222222,0.8163265306122449,3.673469387755102
1272,0.0,0.21428571428571427,0.9054054054054054,4.225225225225225
1273,0.0,0.27450980392156865,0.7272727272727273,2.6493506493506493
1274,0.0,0.29310344827586204,0.8088235294117647,2.7595155709342563
1275,0.0,0.27450980392156865,0.7391304347826086,2.6925465838509313
1276,0.0,0.23529411764705882,0.8412698412698413,3.5753968253968256
1277,0.0,0.23529411764705882,0.7945205479452054,3.3767123287671232
1278,0.0,0.296875,0.6346153846153846,2.137651821862348
1279,0.0,0.24285714285714285,0.7254901960784313,2.9873125720876583
1280,0.0,0.25862068965517243,0.7619047619047619,2.946031746031746
1281,0.0,0.24193548387096775,0.7241379310344828,2.993103448275862
1282,0.0,0.2545454545454545,0.660377358490566,2.5943396226415096
1283,0.0,0.19672131147540983,0.7727272727272727,3.928030303030303
1284,0.0,0.22727272727272727,0.8771929824561403,3.8596491228070176
1285,0.0,0.2692307692307692,0.7301587301587301,2.7120181405895694
1286,0.0,0.2222222222222222,0.8769230769230769,3.9461538461538463
1287,0.0,0.2,0.7619047619047619,3.8095238095238093
1288,0.0,0.2830188679245283,0.7391304347826086,2.6115942028985506
1289,0.0,0.20408163265306123,0.7857142857142857,3.8499999999999996
1290,0.0,0.3235294117647059,0.6888888888888889,2.1292929292929292
1291,0.0,0.23636363636363636,0.6666666666666666,2.8205128205128203
1292,0.0,0.2830188679245283,0.7846153846153846,2.772307692307692
1293,0.0,0.3695652173913043,0.7727272727272727,2.090909090909091
1294,0.0,0.25,0.8275862068965517,3.310344827586207
1295,0.0,0.25,0.7678571428571429,3.0714285714285716
1296,0.0,0.3125,0.8611111111111112,2.7555555555555555
1297,0.0,0.2564102564102564,0.7647058823529411,2.9823529411764707
1298,0.0,0.29508196721311475,0.7246376811594203,2.455716586151369
1299,0.0,0.3269230769230769,0.775,2.3705882352941177
1300,0.0,0.32608695652173914,0.7741935483870968,2.3741935483870966
1301,0.0,0.1864406779661017,0.7608695652173914,4.0810276679841895
1302,0.0,0.28,0.7450980392156863,2.661064425770308
1303,0.0,0.2553191489361702,0.7297297297297297,2.8581081081081083
1304,0.0,0.3157894736842105,0.64,2.026666666666667
1305,0.0,0.21153846153846154,0.7796610169491526,3.6856702619414485
1306,0.0,0.25925925925925924,0.7916666666666666,3.0535714285714284
1307,0.0,0.35714285714285715,0.7213114754098361,2.019672131147541
1308,0.0,0.2692307692307692,0.8070175438596491,2.9974937343358397
1309,0.0,0.3333333333333333,0.8873239436619719,2.661971830985916
1310,0.0,0.25396825396825395,0.6938775510204082,2.732142857142857
1311,0.0,0.19642857142857142,0.7291666666666666,3.712121212121212
1312,0.0,0.28846153846153844,0.7741935483870968,2.6838709677419357
1313,0.0,0.2765957446808511,0.847457627118644,3.0638852672750976
1314,0.0,0.3409090909090909,0.8255813953488372,2.4217054263565894
1315,0.0,0.3157894736842105,0.5681818181818182,1.7992424242424245
1316,0.0,0.36363636363636365,0.7192982456140351,1.9780701754385965
1317,0.0,0.21568627450980393,0.8163265306122449,3.784786641929499
1318,0.0,0.4186046511627907,0.7457627118644068,1.7815442561205272
1319,0.0,0.30952380952380953,0.74,2.3907692307692305
1320,0.0,0.24074074074074073,0.6578947368421053,2.732793522267207
1321,0.0,0.19607843137254902,0.8253968253968254,4.20952380952381
1322,0.0,0.32727272727272727,0.6885245901639344,2.1038251366120218
1323,0.0,0.3191489361702128,0.8088235294117647,2.534313725490196
1324,0.0,0.225,0.6976744186046512,3.10077519379845
1325,0.0,0.2553191489361702,0.8656716417910447,3.390547263681592
1326,0.0,0.2,0.8125,4.0625
1327,0.0,0.24390243902439024,0.7272727272727273,2.981818181818182
1328,0.0,0.23529411764705882,0.7368421052631579,3.131578947368421
1329,0.0,0.42105263157894735,0.703125,1.669921875
1330,0.0,0.26785714285714285,0.7647058823529411,2.854901960784314
1331,0.0,0.23529411764705882,0.75,3.1875
1332,0.0,0.20754716981132076,0.8245614035087719,3.9728867623604462
1333,0.0,0.24390243902439024,0.7959183673469388,3.2632653061224492
1334,0.0,0.23214285714285715,0.8518518518518519,3.669515669515669
1335,0.0,0.2708333333333333,0.7424242424242424,2.7412587412587412
1336,0.0,0.21212121212121213,0.7272727272727273,3.4285714285714284
1337,0.0,0.32653061224489793,0.6610169491525424,2.0243644067796613
1338,0.0,0.20408163265306123,0.8936170212765957,4.378723404255319
1339,0.0,0.23214285714285715,0.7777777777777778,3.3504273504273505
1340,0.0,0.2,0.7346938775510204,3.673469387755102
1341,0.0,0.23529411764705882,0.7931034482758621,3.370689655172414
1342,0.0,0.29411764705882354,0.7843137254901961,2.6666666666666665
1343,0.0,0.3,0.6976744186046512,2.3255813953488373
1344,0.0,0.42105263157894735,0.7571428571428571,1.7982142857142858
1345,0.0,0.1896551724137931,0.6410256410256411,3.3799533799533803
1346,0.0,0.21875,0.7307692307692307,3.3406593406593403
1347,0.0,0.2708333333333333,0.7547169811320755,2.786647314949202
1348,0.0,0.24,0.7551020408163265,3.1462585034013606
1349,0.0,0.23809523809523808,0.9,3.7800000000000002
1350,0.0,0.37209302325581395,0.8378378378378378,2.251689189189189
1351,0.0,0.21311475409836064,0.5476190476190477,2.56959706959707
1352,0.0,0.15254237288135594,0.6923076923076923,4.538461538461538
1353,0.0,0.1590909090909091,0.8214285714285714,5.163265306122449
1354,0.0,0.18181818181818182,0.7547169811320755,4.150943396226415
1355,0.0,0.24444444444444444,0.6585365853658537,2.6940133037694016
1356,0.0,0.2727272727272727,0.8421052631578947,3.0877192982456143
1357,0.0,0.325,0.8387096774193549,2.5806451612903225
1358,0.0,0.29411764705882354,0.8064516129032258,2.7419354838709675
1359,0.0,0.14545454545454545,0.7358490566037735,5.058962264150943
1360,0.0,0.2857142857142857,0.7090909090909091,2.481818181818182
1361,0.0,0.11864406779661017,0.9298245614035088,7.837092731829574
1362,0.0,0.17543859649122806,0.8409090909090909,4.793181818181819
1363,0.0,0.19230769230769232,0.7105263157894737,3.694736842105263
1364,0.0,0.2549019607843137,0.7169811320754716,2.8127721335268503
1365,0.0,0.4186046511627907,0.6610169491525424,1.57909604519774
1366,0.0,0.2857142857142857,0.7358490566037735,2.5754716981132075
1367,0.0,0.2682926829268293,0.78,2.9072727272727272
1368,0.0,0.18421052631578946,0.7111111111111111,3.860317460317461
1369,0.0,0.35294117647058826,0.7719298245614035,2.187134502923976
1370,0.0,0.23728813559322035,0.8545454545454545,3.601298701298701
1371,0.0,0.34146341463414637,0.8783783783783784,2.5723938223938223
1372,0.0,0.29411764705882354,0.6170212765957447,2.097872340425532
1373,0.0,0.16981132075471697,0.9038461538461539,5.322649572649573
1374,0.0,0.2608695652173913,0.7413793103448276,2.841954022988506
1375,0.0,0.2916666666666667,0.7333333333333333,2.514285714285714
1376,0.0,0.34,0.6140350877192983,1.805985552115583
1377,0.0,0.13432835820895522,0.7924528301886793,5.89937106918239
1378,0.0,0.28,0.7551020408163265,2.6967930029154514
1379,0.0,0.3090909090909091,0.703125,2.2748161764705883
1380,0.0,0.26229508196721313,0.78125,2.978515625
1381,0.0,0.3,0.803030303030303,2.676767676767677
1382,0.0,0.32142857142857145,0.6415094339622641,1.9958071278825993
1383,0.0,0.22033898305084745,0.7391304347826086,3.354515050167224
1384,0.0,0.1875,0.6578947368421053,3.5087719298245617
1385,0.0,0.2127659574468085,0.7021276595744681,3.3
1386,0.0,0.2765957446808511,0.8275862068965517,2.9920424403183024
1387,0.0,0.16216216216216217,0.8367346938775511,5.159863945578231
1388,0.0,0.275,0.7547169811320755,2.7444253859348198
1389,0.0,0.3023255813953488,0.8367346938775511,2.7676609105180536
1390,0.0,0.3142857142857143,0.819672131147541,2.6080476900149034
1391,0.0,0.27906976744186046,0.8548387096774194,3.063172043010753
1392,0.0,0.2564102564102564,0.8873239436619719,3.4605633802816906
1393,0.0,0.23214285714285715,0.673469387755102,2.901098901098901
1394,0.0,0.2,0.6944444444444444,3.472222222222222
1395,0.0,0.2708333333333333,0.7142857142857143,2.6373626373626378
1396,0.0,0.2028985507246377,0.5897435897435898,2.9065934065934065
1397,0.0,0.23684210526315788,0.8301886792452831,3.505241090146751
1398,0.0,0.2653061224489796,0.855072463768116,3.2229654403567447
1399,0.0,0.25925925925925924,0.7692307692307693,2.967032967032967
1400,0.0,0.18604651162790697,0.864406779661017,4.646186440677966
1401,0.0,0.27586206896551724,0.6981132075471698,2.5306603773584904
1402,0.0,0.19230769230769232,0.7115384615384616,3.6999999999999997
1403,0.0,0.17647058823529413,0.8048780487804879,4.560975609756097
1404,0.0,0.21568627450980393,0.7380952380952381,3.4220779220779223
1405,0.0,0.28,0.8163265306122449,2.9154518950437316
1406,0.0,0.1896551724137931,0.7073170731707317,3.729490022172949
1407,0.0,0.2391304347826087,0.8524590163934426,3.5648286140089414
1408,0.0,0.24,0.8076923076923077,3.3653846153846154
1409,0.0,0.30434782608695654,0.7857142857142857,2.581632653061224
1410,0.0,0.2833333333333333,0.7611940298507462,2.6865671641791047
1411,0.0,0.24561403508771928,0.7636363636363637,3.1090909090909093
1412,0.0,0.22916666666666666,0.8,3.490909090909091
1413,0.0,0.38095238095238093,0.7,1.8375
1414,0.0,0.2,0.7058823529411765,3.5294117647058822
1415,0.0,0.32558139534883723,0.7538461538461538,2.315384615384615
1416,0.0,0.1836734693877551,0.8688524590163934,4.730418943533698
1417,0.0,0.35,0.8484848484848485,2.4242424242424243
1418,0.0,0.19298245614035087,0.7794117647058824,4.038770053475936
1419,0.0,0.24489795918367346,0.7692307692307693,3.1410256410256414
1420,0.0,0.3,0.8153846153846154,2.717948717948718
1421,0.0,0.2391304347826087,0.8085106382978723,3.3810444874274657
1422,0.0,0.18461538461538463,0.7321428571428571,3.965773809523809
1423,0.0,0.2909090909090909,0.7058823529411765,2.4264705882352944
1424,0.0,0.3170731707317073,0.8387096774193549,2.6451612903225805
1425,0.0,0.16666666666666666,0.8888888888888888,5.333333333333333
1426,0.0,0.36538461538461536,0.8169014084507042,2.2357301704966646
1427,0.0,0.3333333333333333,0.5769230769230769,1.7307692307692306
1428,0.0,0.23214285714285715,0.7301587301587301,3.1452991452991452
1429,0.0,0.22807017543859648,0.8484848484848485,3.7202797202797204
1430,0.0,0.21428571428571427,0.8888888888888888,4.148148148148148
1431,0.0,0.2916666666666667,0.8064516129032258,2.764976958525345
1432,0.0,0.14893617021276595,0.8367346938775511,5.618075801749272
1433,0.0,0.2222222222222222,0.75,3.375
1434,0.0,0.34375,0.71875,2.090909090909091
1435,0.0,0.14814814814814814,0.7,4.725
1436,0.0,0.2413793103448276,0.7627118644067796,3.1598062953995156
1437,0.0,0.3,0.8552631578947368,2.8508771929824563
1438,0.0,0.24390243902439024,0.875,3.5875
1439,0.0,0.2777777777777778,0.7142857142857143,2.571428571428571
1440,0.0,0.14285714285714285,0.9166666666666666,6.416666666666667
1441,0.0,0.28846153846153844,0.7678571428571429,2.661904761904762
1442,0.0,0.32,0.78,2.4375
1443,0.0,0.21818181818181817,0.8805970149253731,4.036069651741293
1444,0.0,0.21153846153846154,0.7272727272727273,3.43801652892562
1445,0.0,0.22727272727272727,0.8113207547169812,3.569811320754717
1446,0.0,0.2542372881355932,0.7692307692307693,3.025641025641026
1447,0.0,0.21052631578947367,0.7166666666666667,3.404166666666667
1448,0.0,0.3225806451612903,0.6842105263157895,2.1210526315789475
1449,0.0,0.22916666666666666,0.8043478260869565,3.5098814229249014
1450,0.0,0.21428571428571427,0.6885245901639344,3.2131147540983607
1451,0.0,0.26666666666666666,0.859375,3.22265625
1452,0.0,0.2413793103448276,0.7037037037037037,2.9153439153439153
1453,0.0,0.13846153846153847,0.8461538461538461,6.111111111111111
1454,0.0,0.2857142857142857,0.75,2.625
1455,0.0,0.2777777777777778,0.7678571428571429,2.7642857142857142
1456,0.0,0.32,0.8354430379746836,2.6107594936708862
1457,0.0,0.21153846153846154,0.7,3.309090909090909
1458,0.0,0.24242424242424243,0.6382978723404256,2.632978723404255
1459,0.0,0.425531914893617,0.7619047619047619,1.7904761904761903
1460,0.0,0.275,0.7796610169491526,2.8351309707241907
1461,0.0,0.13725490196078433,0.8214285714285714,5.9846938775510194
1462,0.0,0.28846153846153844,0.8611111111111112,2.985185185185186
1463,0.0,0.2222222222222222,0.859375,3.8671875
1464,0.0,0.42424242424242425,0.7358490566037735,1.7345013477088946
1465,0.0,0.1951219512195122,0.8545454545454545,4.379545454545454
1466,0.0,0.25,0.8070175438596491,3.2280701754385963
1467,0.0,0.2972972972972973,0.8125,2.7329545454545454
1468,0.0,0.25,0.8301886792452831,3.3207547169811322
1469,0.0,0.1774193548387097,0.8627450980392157,4.862745098039215
1470,0.0,0.35,0.7391304347826086,2.111801242236025
1471,0.0,0.18181818181818182,0.8148148148148148,4.481481481481481
1472,0.0,0.3442622950819672,0.5777777777777777,1.6783068783068782
1473,0.0,0.3125,0.7659574468085106,2.451063829787234
1474,0.0,0.375,0.7714285714285715,2.0571428571428574
1475,0.0,0.2413793103448276,0.6666666666666666,2.7619047619047614
1476,0.0,0.1875,0.7446808510638298,3.971631205673759
1477,0.0,0.23076923076923078,0.8636363636363636,3.742424242424242
1478,0.0,0.21153846153846154,0.7910447761194029,3.739484396200814
1479,0.0,0.2558139534883721,0.7454545454545455,2.9140495867768594
1480,0.0,0.23076923076923078,0.7962962962962963,3.450617283950617
1481,0.0,0.2807017543859649,0.6481481481481481,2.3090277777777777
1482,0.0,0.3389830508474576,0.7377049180327869,2.1762295081967213
1483,0.0,0.3488372093023256,0.7755102040816326,2.22312925170068
1484,0.0,0.17857142857142858,0.7391304347826086,4.139130434782608
1485,0.0,0.25396825396825395,0.7966101694915254,3.1366525423728815
1486,0.0,0.20454545454545456,0.7959183673469388,3.891156462585034
1487,0.0,0.2641509433962264,0.8135593220338984,3.079903147699758
1488,0.0,0.275,0.8135593220338984,2.958397534668721
1489,0.0,0.2037037037037037,0.6744186046511628,3.3107822410147993
1490,0.0,0.3953488372093023,0.71875,1.818014705882353
1491,0.0,0.25396825396825395,0.7307692307692307,2.8774038461538463
1492,0.0,0.25,0.8095238095238095,3.238095238095238
1493,0.0,0.3111111111111111,0.8493150684931506,2.729941291585127
1494,0.0,0.32432432432432434,0.7903225806451613,2.436827956989247
1495,0.0,0.2777777777777778,0.7936507936507936,2.8571428571428568
1496,0.0,0.2653061224489796,0.8607594936708861,3.2444011684518013
1497,0.0,0.25,0.7058823529411765,2.823529411764706
1498,0.0,0.2545454545454545,0.7777777777777778,3.055555555555556
1499,0.0,0.24489795918367346,0.7708333333333334,3.1475694444444446
1500,0.0,0.3469387755102041,0.7377049180327869,2.1263259402121504
1501,0.0,0.3673469387755102,0.8676470588235294,2.3619281045751634
1502,0.0,0.18032786885245902,0.7391304347826086,4.098814229249012
1503,0.0,0.29411764705882354,0.7,2.38
1504,0.0,0.21153846153846154,0.8113207547169812,3.835334476843911
1505,0.0,0.25925925925925924,0.7727272727272727,2.980519480519481
1506,0.0,0.25,0.7027027027027027,2.810810810810811
1507,0.0,0.18604651162790697,0.803921568627451,4.321078431372549
1508,0.0,0.2777777777777778,0.7966101694915254,2.867796610169491
1509,0.0,0.26785714285714285,0.5681818181818182,2.1212121212121215
1510,0.0,0.23076923076923078,0.7105263157894737,3.078947368421052
1511,0.0,0.23255813953488372,0.7719298245614035,3.3192982456140347
1512,0.0,0.21739130434782608,0.8076923076923077,3.7153846153846155
1513,0.0,0.18181818181818182,0.782608695652174,4.304347826086957
1514,0.0,0.3,0.8,2.666666666666667
1515,0.0,0.24,0.7058823529411765,2.9411764705882355
1516,0.0,0.35,0.8679245283018868,2.4797843665768196
1517,0.0,0.1694915254237288,0.8,4.720000000000001
1518,0.0,0.32,0.8,2.5
1519,0.0,0.27586206896551724,0.7678571428571429,2.7834821428571432
1520,0.0,0.34146341463414637,0.7169811320754716,2.099730458221024
1521,0.0,0.2727272727272727,0.782608695652174,2.8695652173913047
1522,0.0,0.3137254901960784,0.6730769230769231,2.1454326923076925
1523,0.0,0.2857142857142857,0.7307692307692307,2.5576923076923075
1524,0.0,0.4166666666666667,0.5535714285714286,1.3285714285714285
1525,0.0,0.27586206896551724,0.66,2.3925
1526,0.0,0.1956521739130435,0.8235294117647058,4.209150326797385
1527,0.0,0.2653061224489796,0.8032786885245902,3.0277427490542244
1528,0.0,0.4722222222222222,0.6551724137931034,1.3874239350912778
1529,0.0,0.3111111111111111,0.7636363636363637,2.4545454545454546
1530,0.0,0.26,0.8,3.076923076923077
1531,0.0,0.425531914893617,0.8607594936708861,2.0227848101265824
1532,0.0,0.1896551724137931,0.7966101694915254,4.200308166409862
1533,0.0,0.28888888888888886,0.6964285714285714,2.410714285714286
1534,0.0,0.1956521739130435,0.7021276595744681,3.5886524822695036
1535,0.0,0.2608695652173913,0.7419354838709677,2.8440860215053765
1536,0.0,0.3111111111111111,0.7536231884057971,2.422360248447205
1537,0.0,0.16666666666666666,0.7560975609756098,4.536585365853659
1538,0.0,0.18181818181818182,0.7,3.8499999999999996
1539,0.0,0.2692307692307692,0.7407407407407407,2.751322751322751
1540,0.0,0.4,0.8545454545454545,2.1363636363636362
1541,0.0,0.27586206896551724,0.828125,3.001953125
1542,0.0,0.27450980392156865,0.7924528301886793,2.8867924528301887
1543,0.0,0.2653061224489796,0.7115384615384616,2.6819526627218933
1544,0.0,0.23809523809523808,0.7291666666666666,3.0625
1545,0.0,0.2545454545454545,0.7857142857142857,3.0867346938775513
1546,0.0,0.34782608695652173,0.8108108108108109,2.331081081081081
1547,0.0,0.3,0.6097560975609756,2.032520325203252
1548,0.0,0.3023255813953488,0.8166666666666667,2.7012820512820515
1549,0.0,0.3018867924528302,0.6666666666666666,2.2083333333333335
1550,0.0,0.3409090909090909,0.7407407407407407,2.1728395061728394
1551,0.0,0.1891891891891892,0.8275862068965517,4.374384236453202
1552,0.0,0.22,0.8095238095238095,3.6796536796536796
1553,0.0,0.22033898305084745,0.8513513513513513,3.863825363825364
1554,0.0,0.25,0.7192982456140351,2.8771929824561404
1555,0.0,0.25862068965517243,0.7169811320754716,2.772327044025157
1556,0.0,0.16666666666666666,0.8653846153846154,5.1923076923076925
1557,0.0,0.20634920634920634,0.723404255319149,3.505728314238953
1558,0.0,0.3392857142857143,0.6842105263157895,2.0166204986149583
1559,0.0,0.4,0.7049180327868853,1.762295081967213
1560,0.0,0.34146341463414637,0.8461538461538461,2.4780219780219777
1561,0.0,0.1956521739130435,0.8035714285714286,4.107142857142857
1562,0.0,0.1346153846153846,0.8076923076923077,6.0
1563,0.0,0.17391304347826086,0.8666666666666667,4.983333333333333
1564,0.0,0.2641509433962264,0.8545454545454545,3.2350649350649348
1565,0.0,0.4318181818181818,0.7727272727272727,1.7894736842105263
1566,0.0,0.20754716981132076,0.8235294117647058,3.9679144385026732
1567,0.0,0.3333333333333333,0.6,1.8
1568,0.0,0.34782608695652173,0.7971014492753623,2.2916666666666665
1569,0.0,0.1509433962264151,0.803921568627451,5.325980392156863
1570,0.0,0.2727272727272727,0.8169014084507042,2.995305164319249
1571,0.0,0.2222222222222222,0.7755102040816326,3.489795918367347
1572,0.0,0.24074074074074073,0.6666666666666666,2.769230769230769
1573,0.0,0.275,0.7391304347826086,2.687747035573122
1574,0.0,0.24561403508771928,0.7538461538461538,3.0692307692307694
1575,0.0,0.2,0.82,4.1
1576,0.0,0.3333333333333333,0.7352941176470589,2.2058823529411766
1577,0.0,0.1875,0.5476190476190477,2.920634920634921
1578,0.0,0.16393442622950818,0.7931034482758621,4.837931034482759
1579,0.0,0.3829787234042553,0.7540983606557377,1.9690346083788706
1580,0.0,0.24489795918367346,0.6923076923076923,2.826923076923077
1581,0.0,0.18518518518518517,0.8307692307692308,4.486153846153846
1582,0.0,0.18032786885245902,0.7704918032786885,4.2727272727272725
1583,0.0,0.34,0.8051948051948052,2.3682200152788386
1584,0.0,0.19298245614035087,0.7948717948717948,4.118881118881119
1585,0.0,0.2653061224489796,0.7719298245614035,2.909581646423751
1586,0.0,0.288135593220339,0.7719298245614035,2.679050567595459
1587,0.0,0.37777777777777777,0.62,1.6411764705882352
1588,0.0,0.3125,0.75,2.4
1589,0.0,0.20833333333333334,0.8125,3.9
1590,0.0,0.24489795918367346,0.8085106382978723,3.3014184397163118
1591,0.0,0.19607843137254902,0.8307692307692308,4.236923076923077
1592,0.0,0.23214285714285715,0.8596491228070176,3.7031039136302293
1593,0.0,0.37037037037037035,0.734375,1.9828125
1594,0.0,0.3409090909090909,0.8115942028985508,2.3806763285024157
1595,0.0,0.24444444444444444,0.6511627906976745,2.6638477801268503
1596,0.0,0.2653061224489796,0.6818181818181818,2.5699300699300696
1597,0.0,0.30612244897959184,0.7222222222222222,2.359259259259259
1598,0.0,0.2826086956521739,0.7636363636363637,2.7020979020979023
1599,0.0,0.30357142857142855,0.7333333333333333,2.4156862745098038
1600,0.0,0.2641509433962264,0.7884615384615384,2.98489010989011
1601,0.0,0.2653061224489796,0.7115384615384616,2.6819526627218933
1602,0.0,0.2826086956521739,0.7922077922077922,2.8031968031968035
1603,0.0,0.3125,0.723404255319149,2.314893617021277
1604,0.0,0.23529411764705882,0.7450980392156863,3.166666666666667
1605,0.0,0.21052631578947367,0.8939393939393939,4.246212121212121
1606,0.0,0.25806451612903225,0.7692307692307693,2.980769230769231
1607,0.0,0.2903225806451613,0.7924528301886793,2.729559748427673
1608,0.0,0.16326530612244897,0.8571428571428571,5.25
1609,0.0,0.3170731707317073,0.8714285714285714,2.7483516483516484
1610,0.0,0.29411764705882354,0.7307692307692307,2.4846153846153842
1611,0.0,0.2553191489361702,0.6666666666666666,2.611111111111111
1612,0.0,0.26,0.8032786885245902,3.08953341740227
1613,0.0,0.2727272727272727,0.8333333333333334,3.055555555555556
1614,0.0,0.16666666666666666,0.7391304347826086,4.434782608695652
1615,0.0,0.36585365853658536,0.7192982456140351,1.9660818713450294
1616,0.0,0.23809523809523808,0.8591549295774648,3.608450704225352
1617,0.0,0.24,0.6274509803921569,2.6143790849673203
1618,0.0,0.24489795918367346,0.7741935483870968,3.161290322580645
1619,0.0,0.3333333333333333,0.7818181818181819,2.3454545454545457
1620,0.0,0.38095238095238093,0.7714285714285715,2.0250000000000004
1621,0.0,0.22448979591836735,0.85,3.786363636363636
1622,0.0,0.25,0.7377049180327869,2.9508196721311477
1623,0.0,0.1875,0.8181818181818182,4.363636363636364
1624,0.0,0.10869565217391304,0.8225806451612904,7.5677419354838715
1625,0.0,0.27419354838709675,0.7777777777777778,2.8366013071895426
1626,0.0,0.20408163265306123,0.7352941176470589,3.6029411764705883
1627,0.0,0.2413793103448276,0.8,3.3142857142857145
1628,0.0,0.34,0.6779661016949152,1.9940179461615153
1629,0.0,0.24489795918367346,0.78,3.185
1630,0.0,0.26785714285714285,0.7592592592592593,2.834567901234568
1631,0.0,0.2777777777777778,0.7777777777777778,2.8
1632,0.0,0.1836734693877551,0.7017543859649122,3.820662768031189
1633,0.0,0.2727272727272727,0.7833333333333333,2.8722222222222222
1634,0.0,0.2222222222222222,0.7358490566037735,3.311320754716981
1635,0.0,0.39473684210526316,0.7123287671232876,1.8045662100456619
1636,0.0,0.2826086956521739,0.8333333333333334,2.948717948717949
1637,0.0,0.20454545454545456,0.8157894736842105,3.988304093567251
1638,0.0,0.2553191489361702,0.7222222222222222,2.8287037037037037
1639,0.0,0.14814814814814814,0.7884615384615384,5.322115384615385
1640,0.0,0.24324324324324326,0.6578947368421053,2.7046783625730995
1641,0.0,0.27586206896551724,0.6666666666666666,2.4166666666666665
1642,0.0,0.30612244897959184,0.7090909090909091,2.3163636363636364
1643,0.0,0.2777777777777778,0.6304347826086957,2.269565217391304
1644,0.0,0.20454545454545456,0.8518518518518519,4.1646090534979425
1645,0.0,0.45454545454545453,0.6290322580645161,1.3838709677419356
1646,0.0,0.35135135135135137,0.7090909090909091,2.018181818181818
1647,0.0,0.2318840579710145,0.7777777777777778,3.3541666666666665
1648,0.0,0.25,0.7142857142857143,2.857142857142857
1649,0.0,0.275,0.7962962962962963,2.8956228956228953
1650,0.0,0.21739130434782608,0.7647058823529411,3.5176470588235293
1651,0.0,0.14634146341463414,0.84,5.74
1652,0.0,0.3584905660377358,0.7285714285714285,2.0323308270676694
1653,0.0,0.19047619047619047,0.8333333333333334,4.375
1654,0.0,0.25,0.8363636363636363,3.3454545454545452
1655,0.0,0.3673469387755102,0.7272727272727273,1.9797979797979797
1656,0.0,0.27906976744186046,0.7758620689655172,2.7801724137931036
1657,0.0,0.2549019607843137,0.723404255319149,2.8379705400982
1658,0.0,0.24074074074074073,0.74,3.073846153846154
1659,0.0,0.3409090909090909,0.765625,2.2458333333333336
1660,0.0,0.21951219512195122,0.873015873015873,3.9770723104056436
1661,0.0,0.21875,0.7083333333333334,3.238095238095238
1662,0.0,0.18,0.7358490566037735,4.088050314465408
1663,0.0,0.2909090909090909,0.6326530612244898,2.174744897959184
1664,0.0,0.22950819672131148,0.7575757575757576,3.3008658008658007
1665,0.0,0.15789473684210525,0.825,5.225
1666,0.0,0.22580645161290322,0.7142857142857143,3.163265306122449
1667,0.0,0.22580645161290322,0.6923076923076923,3.065934065934066
1668,0.0,0.2549019607843137,0.7884615384615384,3.0931952662721893
1669,0.0,0.34210526315789475,0.7083333333333334,2.0705128205128207
1670,0.0,0.3269230769230769,0.7543859649122807,2.3075335397316823
1671,0.0,0.21739130434782608,0.7884615384615384,3.626923076923077
1672,0.0,0.2153846153846154,0.6382978723404256,2.9635258358662613
1673,0.0,0.2727272727272727,0.7692307692307693,2.8205128205128207
1674,0.0,0.4444444444444444,0.7627118644067796,1.7161016949152543
1675,0.0,0.26,0.660377358490566,2.5399129172714074
1676,0.0,0.35714285714285715,0.7894736842105263,2.2105263157894735
1677,0.0,0.2391304347826087,0.8222222222222222,3.4383838383838383
1678,0.0,0.2682926829268293,0.82,3.056363636363636
1679,0.0,0.25,0.8333333333333334,3.3333333333333335
1680,0.0,0.23809523809523808,0.84,3.528
1681,0.0,0.3191489361702128,0.6829268292682927,2.139837398373984
1682,0.0,0.3018867924528302,0.6666666666666666,2.2083333333333335
1683,0.0,0.24489795918367346,0.8148148148148148,3.32716049382716
1684,0.0,0.19230769230769232,0.7719298245614035,4.014035087719297
1685,0.0,0.24074074074074073,0.819672131147541,3.4047919293820934
1686,0.0,0.19148936170212766,0.8,4.177777777777778
1687,0.0,0.24528301886792453,0.6470588235294118,2.6380090497737556
1688,0.0,0.16666666666666666,0.574468085106383,3.446808510638298
1689,0.0,0.3018867924528302,0.8166666666666667,2.705208333333333
1690,0.0,0.4,0.8028169014084507,2.0070422535211265
1691,0.0,0.20408163265306123,0.8,3.92
1692,0.0,0.27692307692307694,0.6984126984126984,2.5220458553791882
1693,0.0,0.15384615384615385,0.8541666666666666,5.552083333333333
1694,0.0,0.20930232558139536,0.8301886792452831,3.9664570230607965
1695,0.0,0.38461538461538464,0.8064516129032258,2.096774193548387
1696,0.0,0.2,0.8245614035087719,4.12280701754386
1697,0.0,0.2894736842105263,0.9,3.109090909090909
1698,0.0,0.24561403508771928,0.7321428571428571,2.9808673469387754
1699,0.0,0.2692307692307692,0.75,2.785714285714286
1700,0.0,0.28,0.7543859649122807,2.6942355889724308
1701,0.0,0.20833333333333334,0.75,3.5999999999999996
1702,0.0,0.22916666666666666,0.7586206896551724,3.310344827586207
1703,0.0,0.2619047619047619,0.8181818181818182,3.1239669421487606
1704,0.0,0.2857142857142857,0.8305084745762712,2.9067796610169494
1705,0.0,0.2857142857142857,0.6444444444444445,2.255555555555556
1706,0.0,0.20754716981132076,0.75,3.6136363636363633
1707,0.0,0.2,0.9024390243902439,4.512195121951219
1708,0.0,0.26,0.8545454545454545,3.286713286713286
1709,0.0,0.2653061224489796,0.8,3.0153846153846153
1710,0.0,0.2692307692307692,0.7457627118644068,2.7699757869249395
1711,0.0,0.3148148148148148,0.5208333333333334,1.6544117647058825
1712,0.0,0.23809523809523808,0.8783783783783784,3.6891891891891895
1713,0.0,0.2857142857142857,0.7,2.45
1714,0.0,0.19607843137254902,0.7346938775510204,3.746938775510204
1715,0.0,0.34615384615384615,0.6909090909090909,1.995959595959596
1716,0.0,0.3488372093023256,0.723404255319149,2.073758865248227
1717,0.0,0.30434782608695654,0.7254901960784313,2.38375350140056
1718,0.0,0.2222222222222222,0.6274509803921569,2.823529411764706
1719,0.0,0.22033898305084745,0.7936507936507936,3.601953601953602
1720,0.0,0.30952380952380953,0.7872340425531915,2.5433715220949265
1721,0.0,0.2549019607843137,0.74,2.9030769230769233
1722,0.0,0.3877551020408163,0.734375,1.8939144736842106
1723,0.0,0.12903225806451613,0.8166666666666667,6.329166666666667
1724,0.0,0.3541666666666667,0.8333333333333334,2.3529411764705883
1725,0.0,0.22727272727272727,0.7021276595744681,3.08936170212766
1726,0.0,0.3125,0.7647058823529411,2.4470588235294115
1727,0.0,0.37142857142857144,0.9041095890410958,2.4341412012644885
1728,0.0,0.34,0.7571428571428571,2.2268907563025206
1729,0.0,0.2653061224489796,0.7142857142857143,2.692307692307692
1730,0.0,0.2916666666666667,0.7962962962962963,2.73015873015873
1731,0.0,0.2857142857142857,0.5116279069767442,1.7906976744186047
1732,0.0,0.24528301886792453,0.625,2.548076923076923
1733,0.0,0.21212121212121213,0.7678571428571429,3.6198979591836737
1734,0.0,0.28,0.6756756756756757,2.413127413127413
1735,0.0,0.25,0.6842105263157895,2.736842105263158
1736,0.0,0.1794871794871795,0.85,4.735714285714286
1737,0.0,0.2033898305084746,0.7424242424242424,3.650252525252525
1738,0.0,0.23636363636363636,0.7346938775510204,3.1083202511773944
1739,0.0,0.3958333333333333,0.6935483870967742,1.7521222410865875
1740,0.0,0.30357142857142855,0.7846153846153846,2.5846153846153848
1741,0.0,0.22916666666666666,0.8333333333333334,3.6363636363636367
1742,0.0,0.16326530612244897,0.8055555555555556,4.934027777777779
1743,0.0,0.2692307692307692,0.8448275862068966,3.137931034482759
1744,0.0,0.4,0.7808219178082192,1.952054794520548
1745,0.0,0.28,0.7619047619047619,2.721088435374149
1746,0.0,0.2608695652173913,0.7924528301886793,3.037735849056604
1747,0.0,0.2558139534883721,0.8596491228070176,3.360446570972887
1748,0.0,0.2608695652173913,0.6097560975609756,2.33739837398374
1749,0.0,0.2777777777777778,0.8571428571428571,3.0857142857142854
1750,0.0,0.2,0.7619047619047619,3.8095238095238093
1751,0.0,0.32653061224489793,0.7377049180327869,2.25922131147541
1752,0.0,0.24074074074074073,0.8333333333333334,3.4615384615384617
1753,0.0,0.21153846153846154,0.7843137254901961,3.7076648841354722
1754,0.0,0.16666666666666666,0.8260869565217391,4.9565217391304355
1755,0.0,0.3829787234042553,0.7258064516129032,1.8951612903225807
1756,0.0,0.22448979591836735,0.7391304347826086,3.2924901185770747
1757,0.0,0.41304347826086957,0.765625,1.8536184210526316
1758,0.0,0.2037037037037037,0.875,4.295454545454546
1759,0.0,0.19047619047619047,0.7659574468085106,4.021276595744681
1760,0.0,0.234375,0.725,3.0933333333333333
1761,0.0,0.15,0.8292682926829268,5.528455284552845
1762,0.0,0.27692307692307694,0.6530612244897959,2.3582766439909295
1763,0.0,0.24390243902439024,0.7592592592592593,3.112962962962963
1764,0.0,0.19607843137254902,0.859375,4.3828125
1765,0.0,0.2692307692307692,0.7321428571428571,2.7193877551020407
1766,0.0,0.3137254901960784,0.5531914893617021,1.7632978723404256
1767,0.0,0.4634146341463415,0.7205882352941176,1.554953560371517
1768,0.0,0.23684210526315788,0.74,3.124444444444445
1769,0.0,0.4,0.8115942028985508,2.028985507246377
1770,0.0,0.34615384615384615,0.7121212121212122,2.0572390572390575
1771,0.0,0.19607843137254902,0.6129032258064516,3.1258064516129034
1772,0.0,0.23529411764705882,0.8,3.4000000000000004
1773,0.0,0.2857142857142857,0.8103448275862069,2.836206896551724
1774,0.0,0.22950819672131148,0.631578947368421,2.75187969924812
1775,0.0,0.2962962962962963,0.6274509803921569,2.1176470588235294
1776,0.0,0.12698412698412698,0.7857142857142857,6.1875
1777,0.0,0.32727272727272727,0.6610169491525424,2.019774011299435
1778,0.0,0.28846153846153844,0.7692307692307693,2.666666666666667
1779,0.0,0.24242424242424243,0.8524590163934426,3.5163934426229506
1780,0.0,0.358974358974359,0.7971014492753623,2.220496894409938
1781,0.0,0.2,0.7674418604651163,3.8372093023255816
1782,0.0,0.2222222222222222,0.4827586206896552,2.1724137931034484
1783,0.0,0.21818181818181817,0.803921568627451,3.6846405228758172
1784,0.0,0.2916666666666667,0.765625,2.625
1785,0.0,0.22950819672131148,0.7192982456140351,3.1340852130325816
1786,0.0,0.29411764705882354,0.8333333333333334,2.8333333333333335
1787,0.0,0.1875,0.7307692307692307,3.8974358974358974
1788,0.0,0.2631578947368421,0.8448275862068966,3.210344827586207
1789,0.0,0.12280701754385964,0.8571428571428571,6.979591836734694
1790,0.0,0.2641509433962264,0.7419354838709677,2.8087557603686637
1791,0.0,0.3191489361702128,0.6,1.88
1792,0.0,0.23333333333333334,0.7777777777777778,3.3333333333333335
1793,0.0,0.19607843137254902,0.8297872340425532,4.231914893617021
1794,0.0,0.2830188679245283,0.7636363636363637,2.6981818181818182
1795,0.0,0.2926829268292683,0.7962962962962963,2.720679012345679
1796,0.0,0.29411764705882354,0.7454545454545455,2.5345454545454547
1797,0.0,0.3695652173913043,0.7681159420289855,2.0784313725490198
1798,0.0,0.2830188679245283,0.7272727272727273,2.56969696969697
1799,0.0,0.3333333333333333,0.6458333333333334,1.9375000000000002
1800,0.0,0.21818181818181817,0.6607142857142857,3.0282738095238098
1801,0.0,0.23636363636363636,0.6111111111111112,2.5854700854700856
1802,0.0,0.14545454545454545,0.7446808510638298,5.11968085106383
1803,0.0,0.20454545454545456,0.75,3.6666666666666665
1804,0.0,0.375,0.74,1.9733333333333334
1805,0.0,0.275,0.8275862068965517,3.0094043887147333
1806,0.0,0.26,0.8309859154929577,3.1960996749729143
1807,0.0,0.2571428571428571,0.6041666666666666,2.349537037037037
1808,0.0,0.2857142857142857,0.72,2.52
1809,0.0,0.296875,0.5957446808510638,2.0067189249720045
1810,0.0,0.3170731707317073,0.7962962962962963,2.511396011396011
1811,0.0,0.27450980392156865,0.8181818181818182,2.9805194805194803
1812,0.0,0.2727272727272727,0.8035714285714286,2.9464285714285716
1813,0.0,0.27450980392156865,0.6875,2.5044642857142856
1814,0.0,0.3469387755102041,0.8431372549019608,2.430219146482122
1815,0.0,0.20754716981132076,0.8431372549019608,4.062388591800357
1816,0.0,0.19607843137254902,0.7777777777777778,3.966666666666667
1817,0.0,0.2545454545454545,0.7818181818181819,3.071428571428572
1818,0.0,0.32608695652173914,0.7457627118644068,2.287005649717514
1819,0.0,0.4,0.75,1.875
1820,0.0,0.2708333333333333,0.8,2.953846153846154
1821,0.0,0.2765957446808511,0.7741935483870968,2.7990074441687343
1822,0.0,0.2641509433962264,0.8043478260869565,3.0450310559006213
1823,0.0,0.16666666666666666,0.7727272727272727,4.636363636363637
1824,0.0,0.32142857142857145,0.8,2.488888888888889
1825,0.0,0.38,0.7096774193548387,1.867572156196944
1826,0.0,0.3829787234042553,0.6363636363636364,1.6616161616161615
1827,0.0,0.35,0.8153846153846154,2.32967032967033
1828,0.0,0.36363636363636365,0.868421052631579,2.388157894736842
1829,0.0,0.25,0.7872340425531915,3.148936170212766
1830,0.0,0.24444444444444444,0.8387096774193549,3.43108504398827
1831,0.0,0.22916666666666666,0.7941176470588235,3.46524064171123
1832,0.0,0.234375,0.6938775510204082,2.9605442176870747
1833,0.0,0.25,0.8148148148148148,3.259259259259259
1834,0.0,0.3125,0.5869565217391305,1.8782608695652177
1835,0.0,0.2545454545454545,0.7457627118644068,2.9297820823244556
1836,0.0,0.18518518518518517,0.8043478260869565,4.343478260869565
1837,0.0,0.2619047619047619,0.8297872340425532,3.1682785299806575
1838,0.0,0.21568627450980393,0.7962962962962963,3.6919191919191916
1839,0.0,0.25396825396825395,0.7580645161290323,2.9848790322580645
1840,0.0,0.18,0.8285714285714286,4.603174603174604
1841,0.0,0.40384615384615385,0.6349206349206349,1.5721844293272864
1842,0.0,0.25,0.7833333333333333,3.1333333333333333
1843,0.0,0.37037037037037035,0.7457627118644068,2.0135593220338985
1844,0.0,0.32727272727272727,0.7580645161290323,2.3163082437275984
1845,0.0,0.2786885245901639,0.6785714285714286,2.434873949579832
1846,0.0,0.15217391304347827,0.7954545454545454,5.227272727272727
1847,0.0,0.29411764705882354,0.7586206896551724,2.579310344827586
1848,0.0,0.3333333333333333,0.7936507936507936,2.380952380952381
1849,0.0,0.22580645161290322,0.875,3.875
1850,0.0,0.22857142857142856,0.8048780487804879,3.5213414634146343
1851,0.0,0.21951219512195122,0.8070175438596491,3.6764132553606235
1852,0.0,0.19642857142857142,0.7959183673469388,4.051948051948052
1853,0.0,0.25862068965517243,0.7450980392156863,2.881045751633987
1854,0.0,0.25862068965517243,0.6875,2.658333333333333
1855,0.0,0.22,0.8412698412698413,3.8239538239538238
1856,0.0,0.2,0.7307692307692307,3.6538461538461533
1857,0.0,0.1509433962264151,0.8653846153846154,5.7331730769230775
1858,0.0,0.3488372093023256,0.8307692307692308,2.3815384615384616
1859,0.0,0.25,0.6976744186046512,2.7906976744186047
1860,0.0,0.32558139534883723,0.8571428571428571,2.6326530612244894
1861,0.0,0.225,0.8113207547169812,3.605870020964361
1862,0.0,0.3684210526315789,0.5348837209302325,1.4518272425249168
1863,0.0,0.17647058823529413,0.7142857142857143,4.0476190476190474
1864,0.0,0.26,0.7719298245614035,2.9689608636977054
1865,0.0,0.22033898305084745,0.74,3.3584615384615386
1866,0.0,0.17142857142857143,0.8727272727272727,5.090909090909091
1867,0.0,0.2608695652173913,0.75,2.875
1868,0.0,0.2857142857142857,0.7454545454545455,2.6090909090909093
1869,0.0,0.20754716981132076,0.813953488372093,3.9217758985200843
1870,0.0,0.3488372093023256,0.7241379310344828,2.075862068965517
1871,0.0,0.24561403508771928,0.7894736842105263,3.2142857142857144
1872,0.0,0.2653061224489796,0.7692307692307693,2.899408284023669
1873,0.0,0.2571428571428571,0.7857142857142857,3.055555555555556
1874,0.0,0.4090909090909091,0.7419354838709677,1.8136200716845876
1875,0.0,0.2653061224489796,0.7058823529411765,2.660633484162896
1876,0.0,0.35135135135135137,0.7636363636363637,2.1734265734265734
1877,0.0,0.2608695652173913,0.8,3.066666666666667
1878,0.0,0.2777777777777778,0.6851851851851852,2.466666666666667
1879,0.0,0.29545454545454547,0.8225806451612904,2.7841191066997517
1880,0.0,0.23728813559322035,0.7454545454545455,3.1415584415584417
1881,0.0,0.24,0.7941176470588235,3.3088235294117645
1882,0.0,0.1864406779661017,0.7857142857142857,4.214285714285714
1883,0.0,0.23076923076923078,0.75,3.25
1884,0.0,0.24489795918367346,0.8070175438596491,3.2953216374269005
1885,0.0,0.13636363636363635,0.71875,5.270833333333334
1886,0.0,0.16071428571428573,0.7941176470588235,4.941176470588235
1887,0.0,0.26,0.7142857142857143,2.7472527472527473
1888,0.0,0.24528301886792453,0.7346938775510204,2.9952904238618525
1889,0.0,0.3,0.6458333333333334,2.152777777777778
1890,0.0,0.375,0.8571428571428571,2.2857142857142856
1891,0.0,0.32558139534883723,0.6530612244897959,2.005830903790087
1892,0.0,0.21311475409836064,0.7115384615384616,3.3387573964497044
1893,0.0,0.16923076923076924,0.7636363636363637,4.512396694214876
1894,0.0,0.3090909090909091,0.75,2.4264705882352944
1895,0.0,0.2826086956521739,0.803030303030303,2.8414918414918415
1896,0.0,0.34545454545454546,0.8421052631578947,2.4376731301939056
1897,0.0,0.22727272727272727,0.7551020408163265,3.3224489795918366
1898,0.0,0.24074074074074073,0.5238095238095238,2.175824175824176
1899,0.0,0.23809523809523808,0.746031746031746,3.1333333333333337
1900,0.0,0.20454545454545456,0.8392857142857143,4.103174603174603
1901,0.0,0.32727272727272727,0.6226415094339622,1.9025157232704402
1902,0.0,0.2,0.5555555555555556,2.7777777777777777
1903,0.0,0.17777777777777778,0.7592592592592593,4.270833333333333
1904,0.0,0.3,0.7611940298507462,2.537313432835821
1905,0.0,0.22413793103448276,0.8064516129032258,3.5980148883374685
1906,0.0,0.2,0.7719298245614035,3.859649122807017
1907,0.0,0.375,0.8450704225352113,2.2535211267605635
1908,0.0,0.43902439024390244,0.8153846153846154,1.8572649572649573
1909,0.0,0.2692307692307692,0.68,2.525714285714286
1910,0.0,0.2033898305084746,0.8235294117647058,4.049019607843137
1911,0.0,0.3,0.7647058823529411,2.549019607843137
1912,0.0,0.21818181818181817,0.7543859649122807,3.4576023391812867
1913,0.0,0.19444444444444445,0.8793103448275862,4.522167487684729
1914,0.0,0.14583333333333334,0.8536585365853658,5.853658536585366
1915,0.0,0.36538461538461536,0.7586206896551724,2.076225045372051
1916,0.0,0.2807017543859649,0.7111111111111111,2.5333333333333337
1917,0.0,0.21052631578947367,0.8153846153846154,3.873076923076923
1918,0.0,0.14035087719298245,0.8113207547169812,5.780660377358491
1919,0.0,0.2545454545454545,0.7962962962962963,3.1283068783068786
1920,0.0,0.25925925925925924,0.7307692307692307,2.818681318681319
1921,0.0,0.26666666666666666,0.6545454545454545,2.4545454545454546
1922,0.0,0.2,0.7777777777777778,3.888888888888889
1923,0.0,0.2978723404255319,0.7058823529411765,2.3697478991596643
1924,0.0,0.2830188679245283,0.7741935483870968,2.735483870967742
1925,0.0,0.21311475409836064,0.6530612244897959,3.06436420722135
1926,0.0,0.26785714285714285,0.7735849056603774,2.888050314465409
1927,0.0,0.42,0.6944444444444444,1.6534391534391535
1928,0.0,0.12727272727272726,0.8085106382978723,6.35258358662614
1929,0.0,0.20754716981132076,0.8163265306122449,3.9332096474953615
1930,0.0,0.17857142857142858,0.7555555555555555,4.231111111111111
1931,0.0,0.40816326530612246,0.8235294117647058,2.0176470588235293
1932,0.0,0.3617021276595745,0.7536231884057971,2.083546462063086
1933,0.0,0.2702702702702703,0.8333333333333334,3.0833333333333335
1934,0.0,0.17307692307692307,0.7916666666666666,4.574074074074074
1935,0.0,0.28846153846153844,0.6585365853658537,2.282926829268293
1936,0.0,0.32142857142857145,0.5344827586206896,1.6628352490421454
1937,0.0,0.3050847457627119,0.65,2.1305555555555555
1938,0.0,0.28125,0.7924528301886793,2.817610062893082
1939,0.0,0.1864406779661017,0.6842105263157895,3.6698564593301435
1940,0.0,0.24,0.7291666666666666,3.038194444444444
1941,0.0,0.26785714285714285,0.7843137254901961,2.928104575163399
1942,0.0,0.30434782608695654,0.8032786885245902,2.639344262295082
1943,0.0,0.21818181818181817,0.7818181818181819,3.5833333333333335
1944,0.0,0.3170731707317073,0.7413793103448276,2.3381962864721486
1945,0.0,0.4418604651162791,0.7313432835820896,1.6551453260015712
1946,0.0,0.2,0.725,3.6249999999999996
1947,0.0,0.4,0.6833333333333333,1.7083333333333333
1948,0.0,0.23728813559322035,0.8305084745762712,3.5
1949,0.0,0.2631578947368421,0.6785714285714286,2.5785714285714287
1950,0.0,0.425,0.6037735849056604,1.420643729189789
1951,0.0,0.3269230769230769,0.75,2.2941176470588234
1952,0.0,0.3181818181818182,0.7678571428571429,2.413265306122449
1953,0.0,0.28,0.6,2.142857142857143
1954,0.0,0.22916666666666666,0.7586206896551724,3.310344827586207
1955,0.0,0.1935483870967742,0.6744186046511628,3.4844961240310077
1956,0.0,0.22950819672131148,0.6410256410256411,2.7930402930402933
1957,0.0,0.2564102564102564,0.7291666666666666,2.84375
1958,0.0,0.2807017543859649,0.7213114754098361,2.569672131147541
1959,0.0,0.27692307692307694,0.5714285714285714,2.0634920634920633
1960,0.0,0.2682926829268293,0.7678571428571429,2.862012987012987
1961,0.0,0.35555555555555557,0.7037037037037037,1.9791666666666667
1962,0.0,0.20833333333333334,0.8571428571428571,4.114285714285714
1963,0.0,0.5,0.6779661016949152,1.3559322033898304
1964,0.0,0.4,0.7413793103448276,1.853448275862069
1965,0.0,0.2786885245901639,0.6779661016949152,2.432701894317049
1966,0.0,0.4473684210526316,0.7424242424242424,1.659536541889483
1967,0.0,0.2558139534883721,0.7586206896551724,2.96551724137931
1968,0.0,0.2982456140350877,0.7258064516129032,2.433586337760911
1969,0.0,0.3181818181818182,0.64,2.0114285714285716
1970,0.0,0.26,0.7758620689655172,2.9840848806366047
1971,0.0,0.22916666666666666,0.7391304347826086,3.225296442687747
1972,0.0,0.30357142857142855,0.7916666666666666,2.607843137254902
1973,0.0,0.40425531914893614,0.7619047619047619,1.8847117794486217
1974,0.0,0.2127659574468085,0.7142857142857143,3.357142857142857
1975,0.0,0.3142857142857143,0.7894736842105263,2.511961722488038
1976,0.0,0.21428571428571427,0.7678571428571429,3.583333333333334
1977,0.0,0.18461538461538463,0.7454545454545455,4.037878787878788
1978,0.0,0.3220338983050847,0.6612903225806451,2.0534804753820035
1979,0.0,0.32558139534883723,0.7936507936507936,2.4376417233560086
1980,0.0,0.26,0.8947368421052632,3.4412955465587043
1981,0.0,0.20754716981132076,0.7111111111111111,3.426262626262626
1982,0.0,0.1875,0.7647058823529411,4.078431372549019
1983,0.0,0.2711864406779661,0.6428571428571429,2.3705357142857144
1984,0.0,0.2037037037037037,0.7678571428571429,3.76948051948052
1985,0.0,0.28,0.7543859649122807,2.6942355889724308
1986,0.0,0.21875,0.627906976744186,2.870431893687708
1987,0.0,0.2,0.7551020408163265,3.775510204081632
1988,0.0,0.2222222222222222,0.7931034482758621,3.5689655172413794
1989,0.0,0.225,0.7962962962962963,3.539094650205761
1990,0.0,0.11538461538461539,0.7391304347826086,6.4057971014492745
1991,0.0,0.2,0.8723404255319149,4.361702127659575
1992,0.0,0.3076923076923077,0.7391304347826086,2.402173913043478
1993,0.0,0.18421052631578946,0.7317073170731707,3.97212543554007
1994,0.0,0.24561403508771928,0.6909090909090909,2.8129870129870134
1995,0.0,0.09433962264150944,0.7317073170731707,7.756097560975609
1996,0.0,0.21666666666666667,0.7636363636363637,3.5244755244755246
1997,0.0,0.358974358974359,0.75,2.0892857142857144
1998,0.0,0.2,0.7936507936507936,3.968253968253968
1999,0.0,0.30612244897959184,0.6727272727272727,2.1975757575757577
2000,0.0,0.23728813559322035,0.803921568627451,3.387955182072829
2001,0.0,0.36923076923076925,0.6911764705882353,1.8719362745098038
2002,0.0,0.2826086956521739,0.7446808510638298,2.635024549918167
2003,0.0,0.22727272727272727,0.7413793103448276,3.2620689655172415
2004,0.0,0.23809523809523808,0.7678571428571429,3.2250000000000005
2005,0.0,0.22448979591836735,0.8043478260869565,3.58300395256917
2006,0.0,0.25,0.8490566037735849,3.3962264150943398
2007,0.0,0.20454545454545456,0.8245614035087719,4.031189083820663
2008,0.0,0.34615384615384615,0.7407407407407407,2.139917695473251
2009,0.0,0.28846153846153844,0.7192982456140351,2.4935672514619887
2010,0.0,0.4074074074074074,0.640625,1.5724431818181819
2011,0.0,0.25,0.7894736842105263,3.1578947368421053
2012,0.0,0.2909090909090909,0.7692307692307693,2.6442307692307696
2013,0.0,0.375,0.8,2.1333333333333333
2014,0.0,0.24444444444444444,0.828125,3.387784090909091
2015,0.0,0.18518518518518517,0.7931034482758621,4.2827586206896555
2016,0.0,0.22916666666666666,0.7435897435897436,3.244755244755245
2017,0.0,0.23404255319148937,0.8571428571428571,3.662337662337662
2018,0.0,0.1388888888888889,0.7567567567567568,5.448648648648649
2019,0.0,0.29411764705882354,0.7083333333333334,2.408333333333333
2020,0.0,0.3953488372093023,0.8088235294117647,2.045847750865052
2021,0.0,0.2830188679245283,0.6808510638297872,2.405673758865248
2022,0.0,0.39655172413793105,0.4090909090909091,1.0316205533596838
2023,0.0,0.1836734693877551,0.7959183673469388,4.333333333333333
2024,0.0,0.24074074074074073,0.7058823529411765,2.9321266968325794
2025,0.0,0.2708333333333333,0.7692307692307693,2.840236686390533
2026,0.0,0.3392857142857143,0.734375,2.164473684210526
2027,0.0,0.2982456140350877,0.6909090909090909,2.316577540106952
2028,0.0,0.2926829268292683,0.8181818181818182,2.795454545454546
2029,0.0,0.3111111111111111,0.7931034482758621,2.5492610837438425
2030,0.0,0.18867924528301888,0.6956521739130435,3.68695652173913
2031,0.0,0.23880597014925373,0.7142857142857143,2.991071428571429
2032,0.0,0.23076923076923078,0.7083333333333334,3.0694444444444446
2033,0.0,0.38095238095238093,0.6909090909090909,1.8136363636363637
2034,0.0,0.3076923076923077,0.7377049180327869,2.3975409836065573
2035,0.0,0.20833333333333334,0.8979591836734694,4.310204081632653
2036,0.0,0.30612244897959184,0.7924528301886793,2.588679245283019
2037,0.0,0.19672131147540983,0.7843137254901961,3.9869281045751634
2038,0.0,0.32608695652173914,0.7241379310344828,2.220689655172414
2039,0.0,0.375,0.85,2.2666666666666666
2040,0.0,0.2222222222222222,0.7142857142857143,3.2142857142857144
2041,0.0,0.24444444444444444,0.8035714285714286,3.2873376623376624
2042,0.0,0.25,0.875,3.5
2043,0.0,0.3055555555555556,0.8260869565217391,2.7035573122529644
2044,0.0,0.37209302325581395,0.8309859154929577,2.233274647887324
2045,0.0,0.22,0.8771929824561403,3.987240829346092
2046,0.0,0.2826086956521739,0.8032786885245902,2.8423707440100885
2047,0.0,0.29850746268656714,0.5636363636363636,1.8881818181818182
2048,0.0,0.37777777777777777,0.7313432835820896,1.935908691834943
2049,0.0,0.2222222222222222,0.8269230769230769,3.7211538461538463
2050,0.0,0.23529411764705882,0.8125,3.453125
2051,0.0,0.2553191489361702,0.75,2.9375000000000004
2052,0.0,0.2826086956521739,0.868421052631579,3.072874493927126
2053,0.0,0.2692307692307692,0.75,2.785714285714286
2054,0.0,0.30434782608695654,0.8333333333333334,2.738095238095238
2055,0.0,0.2830188679245283,0.6785714285714286,2.397619047619048
2056,0.0,0.28846153846153844,0.8,2.773333333333334
2057,0.0,0.24561403508771928,0.7627118644067796,3.1053268765133173
2058,0.0,0.3076923076923077,0.7777777777777778,2.5277777777777777
2059,0.0,0.17777777777777778,0.775,4.359375
2060,0.0,0.2835820895522388,0.6607142857142857,2.329887218045113
2061,0.0,0.3333333333333333,0.7931034482758621,2.3793103448275863
2062,0.0,0.19298245614035087,0.72,3.730909090909091
2063,0.0,0.23529411764705882,0.75,3.1875
2064,0.0,0.18181818181818182,0.7727272727272727,4.25
2065,0.0,0.15555555555555556,0.8490566037735849,5.45822102425876
2066,0.0,0.2857142857142857,0.6862745098039216,2.401960784313726
2067,0.0,0.14285714285714285,0.8,5.6000000000000005
2068,0.0,0.18867924528301888,0.8157894736842105,4.323684210526316
2069,0.0,0.2653061224489796,0.7083333333333334,2.6698717948717947
2070,0.0,0.3611111111111111,0.7846153846153846,2.1727810650887576
2071,0.0,0.32653061224489793,0.6984126984126984,2.138888888888889
2072,0.0,0.14,0.8372093023255814,5.980066445182724
2073,0.0,0.14516129032258066,0.8,5.511111111111111
2074,0.0,0.13636363636363635,0.76,5.573333333333334
2075,0.0,0.34782608695652173,0.6530612244897959,1.8775510204081631
2076,0.0,0.3181818181818182,0.6590909090909091,2.071428571428571
2077,0.0,0.22916666666666666,0.8461538461538461,3.6923076923076925
2078,0.0,0.31746031746031744,0.7454545454545455,2.3481818181818186
2079,0.0,0.14285714285714285,0.7804878048780488,5.463414634146342
2080,0.0,0.18333333333333332,0.8333333333333334,4.545454545454546
2081,0.0,0.20689655172413793,0.8387096774193549,4.053763440860215
2082,0.0,0.23636363636363636,0.8636363636363636,3.6538461538461537
2083,0.0,0.2619047619047619,0.8363636363636363,3.1933884297520656
2084,0.0,0.20967741935483872,0.6,2.861538461538461
2085,0.0,0.2909090909090909,0.7735849056603774,2.6591981132075473
2086,0.0,0.25862068965517243,0.7090909090909091,2.7418181818181817
2087,0.0,0.15254237288135594,0.8461538461538461,5.547008547008547
2088,0.0,0.2857142857142857,0.8208955223880597,2.8731343283582094
2089,0.0,0.43243243243243246,0.8225806451612904,1.9022177419354838
2090,0.0,0.25925925925925924,0.7021276595744681,2.7082066869300916
2091,0.0,0.34210526315789475,0.8095238095238095,2.3663003663003663
2092,0.0,0.2857142857142857,0.6923076923076923,2.4230769230769234
2093,0.0,0.175,0.82,4.685714285714286
2094,0.0,0.20833333333333334,0.8333333333333334,4.0
2095,0.0,0.1935483870967742,0.7608695652173914,3.9311594202898554
2096,0.0,0.28846153846153844,0.7288135593220338,2.526553672316384
2097,0.0,0.26229508196721313,0.7692307692307693,2.9326923076923075
2098,0.0,0.3,0.7931034482758621,2.6436781609195403
2099,0.0,0.3617021276595745,0.7727272727272727,2.1363636363636362
2100,0.0,0.37777777777777777,0.7611940298507462,2.014925373134328
2101,0.0,0.3148148148148148,0.5357142857142857,1.7016806722689075
2102,0.0,0.2631578947368421,0.7307692307692307,2.776923076923077
2103,0.0,0.2833333333333333,0.7083333333333334,2.5
2104,0.0,0.21428571428571427,0.8392857142857143,3.916666666666667
2105,0.0,0.2857142857142857,0.7301587301587301,2.5555555555555554
2106,0.0,0.30434782608695654,0.7580645161290323,2.4907834101382487
2107,0.0,0.19148936170212766,0.7755102040816326,4.049886621315193
2108,0.0,0.2835820895522388,0.7321428571428571,2.581766917293233
2109,0.0,0.17857142857142858,0.6595744680851063,3.6936170212765953
2110,0.0,0.25806451612903225,0.7857142857142857,3.044642857142857
2111,0.0,0.34,0.7741935483870968,2.2770398481973433
2112,0.0,0.19444444444444445,0.863013698630137,4.438356164383562
2113,0.0,0.25925925925925924,0.7083333333333334,2.7321428571428577
2114,0.0,0.25,0.8235294117647058,3.2941176470588234
2115,0.0,0.29508196721311475,0.5319148936170213,1.8026004728132388
2116,0.0,0.24074074074074073,0.7777777777777778,3.230769230769231
2117,0.0,0.25862068965517243,0.696969696969697,2.694949494949495
2118,0.0,0.25,0.7666666666666667,3.066666666666667
2119,0.0,0.12,0.85,7.083333333333333
2120,0.0,0.10810810810810811,0.825,7.631249999999999
2121,0.0,0.23404255319148937,0.7857142857142857,3.357142857142857
2122,0.0,0.36,0.6764705882352942,1.8790849673202616
2123,0.0,0.2,0.890625,4.453125
2124,0.0,0.30612244897959184,0.6842105263157895,2.2350877192982455
2125,0.0,0.3404255319148936,0.7611940298507462,2.236007462686567
2126,0.0,0.3333333333333333,0.859375,2.578125
2127,0.0,0.06779661016949153,0.88,12.98
2128,0.0,0.22448979591836735,0.8571428571428571,3.818181818181818
2129,0.0,0.25862068965517243,0.7586206896551724,2.933333333333333
2130,0.0,0.22580645161290322,0.8333333333333334,3.6904761904761907
2131,0.0,0.25,0.6981132075471698,2.792452830188679
2132,0.0,0.3404255319148936,0.6,1.7625
2133,0.0,0.3333333333333333,0.6964285714285714,2.0892857142857144
2134,0.0,0.1702127659574468,0.847457627118644,4.978813559322034
2135,0.0,0.21212121212121213,0.9322033898305084,4.394673123486682
2136,0.0,0.25396825396825395,0.5689655172413793,2.240301724137931
2137,0.0,0.2545454545454545,0.6304347826086957,2.476708074534162
2138,0.0,0.1896551724137931,0.8235294117647058,4.342245989304812
2139,0.0,0.34210526315789475,0.75,2.192307692307692
2140,0.0,0.21428571428571427,0.8412698412698413,3.925925925925926
2141,0.0,0.24324324324324326,0.8620689655172413,3.544061302681992
2142,0.0,0.2857142857142857,0.703125,2.4609375
2143,0.0,0.4,0.7192982456140351,1.7982456140350878
2144,0.0,0.1875,0.7714285714285715,4.114285714285715
2145,0.0,0.34,0.6896551724137931,2.028397565922921
2146,0.0,0.20754716981132076,0.7073170731707317,3.407982261640798
2147,0.0,0.24,0.6666666666666666,2.7777777777777777
2148,0.0,0.28888888888888886,0.9206349206349206,3.186813186813187
2149,0.0,0.171875,0.75,4.363636363636363
2150,0.0,0.2,0.7413793103448276,3.706896551724138
2151,0.0,0.22,0.72,3.2727272727272725
2152,0.0,0.3220338983050847,0.7254901960784313,2.2528379772961817
2153,0.0,0.15384615384615385,0.8085106382978723,5.255319148936169
2154,0.0,0.25,0.7916666666666666,3.1666666666666665
2155,0.0,0.23728813559322035,0.7924528301886793,3.339622641509434
2156,0.0,0.22641509433962265,0.7931034482758621,3.5028735632183907
2157,0.0,0.2962962962962963,0.7708333333333334,2.6015625000000004
2158,0.0,0.29411764705882354,0.8870967741935484,3.0161290322580645
2159,0.0,0.3783783783783784,0.8125,2.1473214285714284
2160,0.0,0.1323529411764706,0.7843137254901961,5.925925925925926
2161,0.0,0.3958333333333333,0.7424242424242424,1.875598086124402
2162,0.0,0.2222222222222222,0.8409090909090909,3.7840909090909096
2163,0.0,0.25925925925925924,0.68,2.622857142857143
2164,0.0,0.4,0.7,1.7499999999999998
2165,0.0,0.22413793103448276,0.6904761904761905,3.0805860805860803
2166,0.0,0.2909090909090909,0.6808510638297872,2.3404255319148937
2167,0.0,0.3333333333333333,0.8285714285714286,2.485714285714286
2168,0.0,0.2641509433962264,0.6964285714285714,2.6364795918367347
2169,0.0,0.3023255813953488,0.8245614035087719,2.7273954116059382
2170,0.0,0.1702127659574468,0.8723404255319149,5.125
2171,0.0,0.19148936170212766,0.725,3.786111111111111
2172,0.0,0.26666666666666666,0.7413793103448276,2.7801724137931036
2173,0.0,0.16666666666666666,0.6956521739130435,4.173913043478261
2174,0.0,0.32558139534883723,0.7037037037037037,2.1613756613756614
2175,0.0,0.25,0.75,3.0
2176,0.0,0.2765957446808511,0.7777777777777778,2.8119658119658117
2177,0.0,0.30952380952380953,0.7647058823529411,2.4705882352941173
2178,0.0,0.2,0.68,3.4
2179,0.0,0.26666666666666666,0.7647058823529411,2.8676470588235294
2180,0.0,0.25,0.6666666666666666,2.6666666666666665
2181,0.0,0.2978723404255319,0.7254901960784313,2.435574229691877
2182,0.0,0.3488372093023256,0.8513513513513513,2.4405405405405403
2183,0.0,0.3111111111111111,0.7457627118644068,2.3970944309927362
2184,0.0,0.19642857142857142,0.7142857142857143,3.6363636363636367
2185,0.0,0.2631578947368421,0.8867924528301887,3.3698113207547173
2186,0.0,0.2857142857142857,0.7608695652173914,2.66304347826087
2187,0.0,0.32,0.71875,2.24609375
2188,0.0,0.2916666666666667,0.75,2.571428571428571
2189,0.0,0.22580645161290322,0.6585365853658537,2.9163763066202093
2190,0.0,0.2978723404255319,0.7543859649122807,2.5325814536340854
2191,0.0,0.20689655172413793,0.7346938775510204,3.5510204081632657
2192,0.0,0.25,0.7586206896551724,3.0344827586206895
2193,0.0,0.18518518518518517,0.8245614035087719,4.4526315789473685
2194,0.0,0.28888888888888886,0.74,2.5615384615384618
2195,0.0,0.22413793103448276,0.7843137254901961,3.4992458521870287
2196,0.0,0.17777777777777778,0.8666666666666667,4.875
2197,0.0,0.25,0.7846153846153846,3.1384615384615384
2198,0.0,0.26,0.8253968253968254,3.1746031746031744
2199,0.0,0.28888888888888886,0.7966101694915254,2.7574967405475883
2200,0.0,0.36,0.6923076923076923,1.9230769230769231
2201,0.0,0.19642857142857142,0.7777777777777778,3.95959595959596
2202,0.0,0.2,0.8421052631578947,4.2105263157894735
2203,0.0,0.15789473684210525,0.7818181818181819,4.951515151515152
2204,0.0,0.3090909090909091,0.7962962962962963,2.576252723311547
2205,0.0,0.2361111111111111,0.7818181818181819,3.3112299465240644
2206,0.0,0.22916666666666666,0.8235294117647058,3.593582887700535
2207,0.0,0.16363636363636364,0.7073170731707317,4.322493224932249
2208,0.0,0.22,0.8048780487804879,3.658536585365854
2209,0.0,0.39215686274509803,0.7777777777777778,1.9833333333333334
2210,0.0,0.15517241379310345,0.8,5.155555555555556
2211,0.0,0.20689655172413793,0.8490566037735849,4.10377358490566
2212,0.0,0.17777777777777778,0.7954545454545454,4.4744318181818175
2213,0.0,0.26666666666666666,0.7291666666666666,2.734375
2214,0.0,0.22413793103448276,0.6862745098039216,3.06184012066365
2215,0.0,0.23809523809523808,0.7758620689655172,3.2586206896551726
2216,0.0,0.2,0.85,4.25
2217,0.0,0.30612244897959184,0.7424242424242424,2.4252525252525254
2218,0.0,0.24,0.8076923076923077,3.3653846153846154
2219,0.0,0.1836734693877551,0.8518518518518519,4.637860082304527
2220,0.0,0.41025641025641024,0.7666666666666667,1.8687500000000001
2221,0.0,0.4,0.7288135593220338,1.8220338983050846
2222,0.0,0.2777777777777778,0.8076923076923077,2.9076923076923076
2223,0.0,0.2549019607843137,0.855072463768116,3.3545150501672243
2224,0.0,0.13793103448275862,0.7916666666666666,5.739583333333333
2225,0.0,0.25925925925925924,0.6981132075471698,2.692722371967655
2226,0.0,0.14035087719298245,0.6666666666666666,4.75
2227,0.0,0.10714285714285714,0.775,7.233333333333334
2228,0.0,0.3469387755102041,0.7536231884057971,2.1722080136402386
2229,0.0,0.34,0.6470588235294118,1.9031141868512111
2230,0.0,0.2459016393442623,0.7666666666666667,3.117777777777778
2231,0.0,0.34146341463414637,0.8472222222222222,2.4811507936507935
2232,0.0,0.4,0.7241379310344828,1.8103448275862069
2233,0.0,0.3829787234042553,0.7857142857142857,2.0515873015873014
2234,0.0,0.3142857142857143,0.819672131147541,2.6080476900149034
2235,0.0,0.32,0.6530612244897959,2.040816326530612
2236,0.0,0.2545454545454545,0.7647058823529411,3.004201680672269
2237,0.0,0.3076923076923077,0.819672131147541,2.663934426229508
2238,0.0,0.3157894736842105,0.7868852459016393,2.4918032786885247
2239,0.0,0.2978723404255319,0.7540983606557377,2.531615925058548
2240,0.0,0.16326530612244897,0.8333333333333334,5.104166666666667
2241,0.0,0.23076923076923078,0.8285714285714286,3.5904761904761906
2242,0.0,0.28888888888888886,0.7966101694915254,2.7574967405475883
2243,0.0,0.23255813953488372,0.8333333333333334,3.5833333333333335
2244,0.0,0.3541666666666667,0.72,2.032941176470588
2245,0.0,0.2549019607843137,0.7073170731707317,2.774859287054409
2246,0.0,0.2619047619047619,0.8135593220338984,3.106317411402157
2247,0.0,0.2549019607843137,0.8688524590163934,3.408575031525851
2248,0.0,0.23728813559322035,0.8103448275862069,3.4150246305418714
2249,0.0,0.1875,0.890625,4.75
2250,0.0,0.20689655172413793,0.7073170731707317,3.4186991869918697
2251,0.0,0.275,0.7058823529411765,2.5668449197860963
2252,0.0,0.1694915254237288,0.6470588235294118,3.8176470588235296
2253,0.0,0.19148936170212766,0.8181818181818182,4.272727272727273
2254,0.0,0.2765957446808511,0.7884615384615384,2.850591715976331
2255,0.0,0.32142857142857145,0.676923076923077,2.105982905982906
2256,0.0,0.2631578947368421,0.8266666666666667,3.1413333333333333
2257,0.0,0.3,0.7222222222222222,2.4074074074074074
2258,0.0,0.34782608695652173,0.7288135593220338,2.0953389830508473
2259,0.0,0.35555555555555557,0.7457627118644068,2.097457627118644
2260,0.0,0.25,0.8070175438596491,3.2280701754385963
2261,0.0,0.4090909090909091,0.6727272727272727,1.6444444444444444
2262,0.0,0.20454545454545456,0.9047619047619048,4.423280423280423
2263,0.0,0.20454545454545456,0.74,3.6177777777777775
2264,0.0,0.3,0.734375,2.447916666666667
2265,0.0,0.125,0.8909090909090909,7.127272727272727
2266,0.0,0.38,0.7142857142857143,1.8796992481203008
2267,0.0,0.20689655172413793,0.8181818181818182,3.954545454545455
2268,0.0,0.24528301886792453,0.723404255319149,2.949263502454992
2269,0.0,0.23404255319148937,0.8035714285714286,3.4334415584415585
2270,0.0,0.34146341463414637,0.7090909090909091,2.0766233766233766
2271,0.0,0.18604651162790697,0.8620689655172413,4.633620689655173
2272,0.0,0.32558139534883723,0.8035714285714286,2.468112244897959
2273,0.0,0.24,0.7547169811320755,3.1446540880503147
2274,0.0,0.23809523809523808,0.8461538461538461,3.553846153846154
2275,0.0,0.19298245614035087,0.7592592592592593,3.9343434343434347
2276,0.0,0.35,0.6,1.7142857142857144
2277,0.0,0.25925925925925924,0.5434782608695652,2.0962732919254656
2278,0.0,0.22916666666666666,0.9230769230769231,4.027972027972028
2279,0.0,0.26865671641791045,0.6727272727272727,2.504040404040404
2280,0.0,0.28888888888888886,0.7142857142857143,2.4725274725274726
2281,0.0,0.2962962962962963,0.8095238095238095,2.732142857142857
2282,0.0,0.2037037037037037,0.7608695652173914,3.735177865612649
2283,0.0,0.1702127659574468,0.8,4.7
2284,0.0,0.34210526315789475,0.746031746031746,2.1807081807081805
2285,0.0,0.19148936170212766,0.6666666666666666,3.4814814814814814
2286,0.0,0.2807017543859649,0.62,2.20875
2287,0.0,0.2,0.7777777777777778,3.888888888888889
2288,0.0,0.2318840579710145,0.6875,2.96484375
2289,0.0,0.2727272727272727,0.6785714285714286,2.4880952380952386
2290,0.0,0.22916666666666666,0.7777777777777778,3.393939393939394
2291,0.0,0.12280701754385964,0.8431372549019608,6.865546218487395
2292,0.0,0.23529411764705882,0.847457627118644,3.601694915254237
2293,0.0,0.375,0.7076923076923077,1.8871794871794874
2294,0.0,0.18867924528301888,0.7843137254901961,4.156862745098039
2295,0.0,0.23529411764705882,0.8961038961038961,3.8084415584415585
2296,0.0,0.32727272727272727,0.7846153846153846,2.3974358974358974
2297,0.0,0.40816326530612246,0.7166666666666667,1.7558333333333334
2298,0.0,0.17857142857142858,0.7209302325581395,4.037209302325581
2299,0.0,0.2,0.7272727272727273,3.6363636363636362
2300,0.0,0.25806451612903225,0.7288135593220338,2.824152542372881
2301,0.0,0.2978723404255319,0.6304347826086957,2.116459627329193
2302,0.0,0.2765957446808511,0.8181818181818182,2.958041958041958
2303,0.0,0.3392857142857143,0.7534246575342466,2.220620043258832
2304,0.0,0.25,0.7666666666666667,3.066666666666667
2305,0.0,0.1951219512195122,0.8360655737704918,4.284836065573771
2306,0.0,0.21311475409836064,0.7741935483870968,3.632754342431762
2307,0.0,0.22916666666666666,0.7735849056603774,3.3756432246998287
2308,0.0,0.22727272727272727,0.7619047619047619,3.3523809523809525
2309,0.0,0.3333333333333333,0.6078431372549019,1.8235294117647058
2310,0.0,0.1896551724137931,0.7884615384615384,4.1573426573426575
2311,0.0,0.24074074074074073,0.8103448275862069,3.3660477453580904
2312,0.0,0.2127659574468085,0.8297872340425532,3.9
2313,0.0,0.2564102564102564,0.875,3.4125
2314,0.0,0.2727272727272727,0.660377358490566,2.4213836477987423
2315,0.0,0.2641509433962264,0.7678571428571429,2.906887755102041
2316,0.0,0.1111111111111111,0.8936170212765957,8.042553191489361
2317,0.0,0.28125,0.9152542372881356,3.2542372881355934
2318,0.0,0.21739130434782608,0.8461538461538461,3.8923076923076922
2319,0.0,0.2653061224489796,0.6666666666666666,2.5128205128205123
2320,0.0,0.2826086956521739,0.7924528301886793,2.8040638606676347
2321,0.0,0.2,0.8135593220338984,4.067796610169491
2322,0.0,0.2727272727272727,0.72,2.64
2323,0.0,0.2765957446808511,0.7446808510638298,2.692307692307692
2324,0.0,0.32608695652173914,0.7647058823529411,2.345098039215686
2325,0.0,0.2033898305084746,0.7222222222222222,3.5509259259259256
2326,0.0,0.28125,0.6346153846153846,2.2564102564102564
2327,0.0,0.30612244897959184,0.7735849056603774,2.527044025157233
2328,0.0,0.16279069767441862,0.8604651162790697,5.285714285714286
2329,0.0,0.24444444444444444,0.8,3.272727272727273
2330,0.0,0.19148936170212766,0.7027027027027027,3.66966966966967
2331,0.0,0.28205128205128205,0.7037037037037037,2.4949494949494953
2332,0.0,0.2549019607843137,0.7843137254901961,3.076923076923077
2333,0.0,0.23214285714285715,0.7543859649122807,3.2496626180836707
2334,0.0,0.2653061224489796,0.7647058823529411,2.88235294117647
2335,0.0,0.14473684210526316,0.6451612903225806,4.457478005865102
2336,0.0,0.20754716981132076,0.68,3.2763636363636364
2337,0.0,0.39473684210526316,0.7,1.7733333333333332
2338,0.0,0.25,0.5869565217391305,2.347826086956522
2339,0.0,0.2,0.8269230769230769,4.134615384615384
2340,0.0,0.2037037037037037,0.890625,4.372159090909091
2341,0.0,0.2727272727272727,0.7543859649122807,2.7660818713450297
2342,0.0,0.2653061224489796,0.76,2.8646153846153846
2343,0.0,0.30612244897959184,0.8194444444444444,2.676851851851852
2344,0.0,0.234375,0.7377049180327869,3.1475409836065578
2345,0.0,0.2916666666666667,0.7758620689655172,2.6600985221674875
2346,0.0,0.2727272727272727,0.7272727272727273,2.666666666666667
2347,0.0,0.13043478260869565,0.8181818181818182,6.272727272727273
2348,0.0,0.26,0.7254901960784313,2.7903469079939667
2349,0.0,0.24528301886792453,0.8181818181818182,3.335664335664336
2350,0.0,0.2391304347826087,0.7916666666666666,3.3106060606060606
2351,0.0,0.27450980392156865,0.7045454545454546,2.5665584415584415
2352,0.0,0.19298245614035087,0.7037037037037037,3.6464646464646466
2353,0.0,0.23333333333333334,0.6122448979591837,2.623906705539359
2354,0.0,0.2682926829268293,0.7540983606557377,2.8107302533532037
2355,0.0,0.20689655172413793,0.7868852459016393,3.80327868852459
2356,0.0,0.20454545454545456,0.8,3.911111111111111
2357,0.0,0.24074074074074073,0.7115384615384616,2.9556213017751483
2358,0.0,0.21818181818181817,0.6585365853658537,3.0182926829268295
2359,0.0,0.36585365853658536,0.8870967741935484,2.424731182795699
2360,0.0,0.37037037037037035,0.7164179104477612,1.9343283582089552
2361,0.0,0.32608695652173914,0.723404255319149,2.218439716312057
2362,0.0,0.2127659574468085,0.7317073170731707,3.4390243902439024
2363,0.0,0.4,0.7058823529411765,1.7647058823529411
2364,0.0,0.35,0.7741935483870968,2.2119815668202767
2365,0.0,0.28,0.8235294117647058,2.941176470588235
2366,0.0,0.32558139534883723,0.7638888888888888,2.3462301587301586
2367,0.0,0.34146341463414637,0.8805970149253731,2.5788912579957355
2368,0.0,0.19117647058823528,0.7045454545454546,3.685314685314686
2369,0.0,0.20588235294117646,0.8958333333333334,4.351190476190476
2370,0.0,0.23214285714285715,0.75,3.230769230769231
2371,0.0,0.21568627450980393,0.8333333333333334,3.8636363636363638
2372,0.0,0.18333333333333332,0.7192982456140351,3.9234449760765555
2373,0.0,0.3055555555555556,0.62,2.029090909090909
2374,0.0,0.34782608695652173,0.7073170731707317,2.033536585365854
2375,0.0,0.4418604651162791,0.7241379310344828,1.6388384754990926
2376,0.0,0.22916666666666666,0.6885245901639344,3.0044709388971684
2377,0.0,0.16279069767441862,0.7714285714285715,4.738775510204081
2378,0.0,0.19047619047619047,0.7931034482758621,4.163793103448277
2379,0.0,0.17543859649122806,0.7741935483870968,4.412903225806452
2380,0.0,0.1875,0.873015873015873,4.656084656084656
2381,0.0,0.26666666666666666,0.7678571428571429,2.879464285714286
2382,0.0,0.2549019607843137,0.6545454545454545,2.567832167832168
2383,0.0,0.22916666666666666,0.796875,3.4772727272727275
2384,0.0,0.22727272727272727,0.7272727272727273,3.2
2385,0.0,0.15384615384615385,0.75,4.875
2386,0.0,0.3181818181818182,0.7627118644067796,2.3970944309927362
2387,0.0,0.3076923076923077,0.717948717948718,2.333333333333333
2388,0.0,0.27906976744186046,0.765625,2.7434895833333335
2389,0.0,0.25,0.7291666666666666,2.9166666666666665
2390,0.0,0.24193548387096775,0.7446808510638298,3.078014184397163
2391,0.0,0.22413793103448276,0.7777777777777778,3.47008547008547
2392,0.0,0.3333333333333333,0.803030303030303,2.409090909090909
2393,0.0,0.12121212121212122,0.76,6.27
2394,0.0,0.2,0.7959183673469388,3.9795918367346936
2395,0.0,0.16363636363636364,0.7346938775510204,4.4897959183673475
2396,0.0,0.19607843137254902,0.7592592592592593,3.8722222222222227
2397,0.0,0.3783783783783784,0.78,2.0614285714285714
2398,0.0,0.36538461538461536,0.6724137931034483,1.840290381125227
2399,0.0,0.175,0.7619047619047619,4.35374149659864
2400,0.0,0.2222222222222222,0.8591549295774648,3.8661971830985915
2401,0.0,0.23076923076923078,0.8461538461538461,3.6666666666666665
2402,0.0,0.24,0.7017543859649122,2.9239766081871346
2403,0.0,0.27906976744186046,0.8169014084507042,2.927230046948357
2404,0.0,0.1951219512195122,0.8363636363636363,4.286363636363636
2405,0.0,0.20689655172413793,0.8518518518518519,4.117283950617284
2406,0.0,0.3050847457627119,0.6851851851851852,2.2458847736625516
2407,0.0,0.26,0.6382978723404256,2.4549918166939446
2408,0.0,0.09259259259259259,0.8666666666666667,9.360000000000001
2409,0.0,0.32075471698113206,0.6666666666666666,2.0784313725490198
2410,0.0,0.3076923076923077,0.8125,2.640625
2411,0.0,0.2807017543859649,0.6949152542372882,2.475635593220339
2412,0.0,0.3076923076923077,0.6415094339622641,2.084905660377358
2413,0.0,0.24615384615384617,0.7586206896551724,3.0818965517241375
2414,0.0,0.36585365853658536,0.7741935483870968,2.1161290322580646
2415,0.0,0.2641509433962264,0.7441860465116279,2.8172757475083055
2416,0.0,0.3333333333333333,0.6896551724137931,2.0689655172413794
2417,0.0,0.3333333333333333,0.6304347826086957,1.8913043478260871
2418,0.0,0.21568627450980393,0.7735849056603774,3.586620926243568
2419,0.0,0.2,0.813953488372093,4.069767441860465
2420,0.0,0.2692307692307692,0.72,2.6742857142857144
2421,0.0,0.14814814814814814,0.6444444444444445,4.3500000000000005
2422,0.0,0.34375,0.8307692307692308,2.416783216783217
2423,0.0,0.1794871794871795,0.8679245283018868,4.835579514824798
2424,0.0,0.3469387755102041,0.6296296296296297,1.8148148148148149
2425,0.0,0.2692307692307692,0.7450980392156863,2.767507002801121
2426,0.0,0.225,0.7142857142857143,3.1746031746031744
2427,0.0,0.34285714285714286,0.8666666666666667,2.5277777777777777
2428,0.0,0.20754716981132076,0.8245614035087719,3.9728867623604462
2429,0.0,0.1774193548387097,0.6428571428571429,3.6233766233766236
2430,0.0,0.16363636363636364,0.7435897435897436,4.544159544159545
2431,0.0,0.40625,0.7222222222222222,1.7777777777777777
2432,0.0,0.3673469387755102,0.7368421052631579,2.005847953216374
2433,0.0,0.28125,0.6862745098039216,2.440087145969499
2434,0.0,0.39215686274509803,0.7384615384615385,1.8830769230769233
2435,0.0,0.325,0.7571428571428571,2.3296703296703294
2436,0.0,0.25862068965517243,0.6136363636363636,2.3727272727272726
2437,0.0,0.16666666666666666,0.825,4.95
2438,0.0,0.16666666666666666,0.7333333333333333,4.4
2439,0.0,0.19672131147540983,0.7027027027027027,3.5720720720720722
2440,0.0,0.22033898305084745,0.6521739130434783,2.959866220735786
2441,0.0,0.24324324324324326,0.7735849056603774,3.180293501048218
2442,0.0,0.1891891891891892,0.8235294117647058,4.352941176470588
2443,0.0,0.3111111111111111,0.7966101694915254,2.5605326876513317
2444,0.0,0.23684210526315788,0.8840579710144928,3.732689210950081
2445,0.0,0.4375,0.8450704225352113,1.93158953722334
2446,0.0,0.23214285714285715,0.6857142857142857,2.9538461538461536
2447,0.0,0.3409090909090909,0.75,2.2
2448,0.0,0.2962962962962963,0.8208955223880597,2.770522388059702
2449,0.0,0.22916666666666666,0.84375,3.681818181818182
2450,0.0,0.23809523809523808,0.7333333333333333,3.08
2451,0.0,0.21311475409836064,0.8709677419354839,4.086848635235732
2452,0.0,0.2553191489361702,0.7441860465116279,2.914728682170543
2453,0.0,0.26666666666666666,0.7647058823529411,2.8676470588235294
2454,0.0,0.24615384615384617,0.5106382978723404,2.074468085106383
2455,0.0,0.2153846153846154,0.6956521739130435,3.229813664596273
2456,0.0,0.26785714285714285,0.68,2.538666666666667
2457,0.0,0.28,0.8309859154929577,2.9678068410462775
2458,0.0,0.5945945945945946,0.7974683544303798,1.3411967779056386
2459,0.0,0.27450980392156865,0.7931034482758621,2.8891625615763545
2460,0.0,0.3611111111111111,0.9032258064516129,2.501240694789082
2461,0.0,0.3409090909090909,0.7288135593220338,2.137853107344633
2462,0.0,0.390625,0.6984126984126984,1.787936507936508
2463,0.0,0.29310344827586204,0.7543859649122807,2.5737874097007225
2464,0.0,0.21311475409836064,0.7894736842105263,3.7044534412955468
2465,0.0,0.2830188679245283,0.6923076923076923,2.4461538461538463
2466,0.0,0.26666666666666666,0.7258064516129032,2.721774193548387
2467,0.0,0.2916666666666667,0.6097560975609756,2.090592334494773
2468,0.0,0.41509433962264153,0.6274509803921569,1.5115864527629232
2469,0.0,0.36,0.7288135593220338,2.024482109227872
2470,0.0,0.3111111111111111,0.6896551724137931,2.2167487684729066
2471,0.0,0.32075471698113206,0.8705882352941177,2.714186851211073
2472,0.0,0.1568627450980392,0.7272727272727273,4.636363636363637
2473,0.0,0.35555555555555557,0.6481481481481481,1.8229166666666665
2474,0.0,0.22,0.7647058823529411,3.475935828877005
2475,0.0,0.26666666666666666,0.7291666666666666,2.734375
2476,0.0,0.16981132075471697,0.88,5.182222222222222
2477,0.0,0.2903225806451613,0.864406779661017,2.9774011299435026
2478,0.0,0.2682926829268293,0.7538461538461538,2.8097902097902097
2479,0.0,0.27419354838709675,0.7090909090909091,2.5860962566844923
2480,0.0,0.21875,0.6222222222222222,2.8444444444444446
2481,0.0,0.2916666666666667,0.7547169811320755,2.5876010781671157
2482,0.0,0.3269230769230769,0.8333333333333334,2.5490196078431375
2483,0.0,0.2857142857142857,0.8076923076923077,2.826923076923077
2484,0.0,0.21428571428571427,0.7708333333333334,3.5972222222222228
2485,0.0,0.2857142857142857,0.8507462686567164,2.9776119402985075
2486,0.0,0.358974358974359,0.5853658536585366,1.6306620209059233
2487,0.0,0.2553191489361702,0.6470588235294118,2.5343137254901964
2488,0.0,0.2727272727272727,0.8181818181818182,3.0000000000000004
2489,0.0,0.225,0.7755102040816326,3.4467120181405893
2490,0.0,0.18604651162790697,0.803921568627451,4.321078431372549
2491,0.0,0.1794871794871795,0.8260869565217391,4.60248447204969
2492,0.0,0.23404255319148937,0.8214285714285714,3.5097402597402594
2493,0.0,0.32075471698113206,0.7543859649122807,2.3519091847265226
2494,0.0,0.2857142857142857,0.7358490566037735,2.5754716981132075
2495,0.0,0.22727272727272727,0.6176470588235294,2.7176470588235295
2496,0.0,0.15384615384615385,0.847457627118644,5.508474576271186
2497,0.0,0.21153846153846154,0.7872340425531915,3.7214700193423598
2498,0.0,0.265625,0.6181818181818182,2.327272727272727
2499,0.0,0.45652173913043476,0.59375,1.3005952380952381
2500,0.0,0.2727272727272727,0.68,2.4933333333333336
2501,0.0,0.18604651162790697,0.8235294117647058,4.426470588235294
2502,0.0,0.1864406779661017,0.717948717948718,3.850815850815851
2503,0.0,0.2,0.7741935483870968,3.8709677419354835
2504,0.0,0.288135593220339,0.7258064516129032,2.5189753320683113
2505,0.0,0.3793103448275862,0.8028169014084507,2.11651728553137
2506,0.0,0.3125,0.7666666666666667,2.4533333333333336
2507,0.0,0.22058823529411764,0.6511627906976745,2.951937984496124
2508,0.0,0.27906976744186046,0.7931034482758621,2.841954022988506
2509,0.0,0.2777777777777778,0.5882352941176471,2.1176470588235294
2510,0.0,0.2413793103448276,0.7358490566037735,3.048517520215633
2511,0.0,0.24528301886792453,0.6964285714285714,2.839285714285714
2512,0.0,0.2909090909090909,0.7796610169491526,2.680084745762712
2513,0.0,0.22033898305084745,0.5813953488372093,2.638640429338104
2514,0.0,0.2765957446808511,0.7719298245614035,2.790823211875843
2515,0.0,0.21052631578947367,0.7450980392156863,3.53921568627451
2516,0.0,0.391304347826087,0.746031746031746,1.90652557319224
2517,0.0,0.2608695652173913,0.7884615384615384,3.0224358974358974
2518,0.0,0.25396825396825395,0.7833333333333333,3.084375
2519,0.0,0.22641509433962265,0.7894736842105263,3.486842105263158
2520,0.0,0.35185185185185186,0.7288135593220338,2.071364852809991
2521,0.0,0.3111111111111111,0.8169014084507042,2.625754527162978
2522,0.0,0.2830188679245283,0.6226415094339622,2.2
2523,0.0,0.3275862068965517,0.7796610169491526,2.3800178412132027
2524,0.0,0.2653061224489796,0.7678571428571429,2.894230769230769
2525,0.0,0.2641509433962264,0.847457627118644,3.208232445520581
2526,0.0,0.3333333333333333,0.7,2.1
2527,0.0,0.325,0.8333333333333334,2.5641025641025643
2528,0.0,0.20408163265306123,0.6363636363636364,3.118181818181818
2529,0.0,0.25,0.7317073170731707,2.926829268292683
2530,0.0,0.18604651162790697,0.8214285714285714,4.415178571428571
2531,0.0,0.26785714285714285,0.847457627118644,3.1638418079096047
2532,0.0,0.4594594594594595,0.825,1.7955882352941175
2533,0.0,0.3333333333333333,0.8421052631578947,2.526315789473684
2534,0.0,0.3090909090909091,0.7142857142857143,2.3109243697478994
2535,0.0,0.28888888888888886,0.66,2.284615384615385
2536,0.0,0.24489795918367346,0.9,3.6750000000000003
2537,0.0,0.2692307692307692,0.7115384615384616,2.6428571428571432
2538,0.0,0.2916666666666667,0.7735849056603774,2.652291105121294
2539,0.0,0.22641509433962265,0.7446808510638298,3.2890070921985815
2540,0.0,0.27450980392156865,0.7903225806451613,2.8790322580645156
2541,0.0,0.3333333333333333,0.85,2.5500000000000003
2542,0.0,0.3695652173913043,0.7681159420289855,2.0784313725490198
2543,0.0,0.18032786885245902,0.6888888888888889,3.82020202020202
2544,0.0,0.10526315789473684,0.7872340425531915,7.4787234042553195
2545,0.0,0.3269230769230769,0.75,2.2941176470588234
2546,0.0,0.45,0.734375,1.6319444444444444
2547,0.0,0.18604651162790697,0.7894736842105263,4.243421052631579
2548,0.0,0.2391304347826087,0.7333333333333333,3.0666666666666664
2549,0.0,0.2777777777777778,0.8,2.88
2550,0.0,0.36585365853658536,0.7586206896551724,2.0735632183908046
2551,0.0,0.23636363636363636,0.746268656716418,3.1572904707233067
2552,0.0,0.22641509433962265,0.6739130434782609,2.976449275362319
2553,0.0,0.19607843137254902,0.8095238095238095,4.128571428571429
2554,0.0,0.21739130434782608,0.8194444444444444,3.7694444444444444
2555,0.0,0.32608695652173914,0.7346938775510204,2.253061224489796
2556,0.0,0.2727272727272727,0.7096774193548387,2.602150537634409
2557,0.0,0.2564102564102564,0.7142857142857143,2.785714285714286
2558,0.0,0.2982456140350877,0.7068965517241379,2.370182555780933
2559,0.0,0.35,0.7758620689655172,2.2167487684729066
2560,0.0,0.2702702702702703,0.8545454545454545,3.1618181818181816
2561,0.0,0.22448979591836735,0.85,3.786363636363636
2562,0.0,0.18181818181818182,0.8363636363636363,4.6
2563,0.0,0.2777777777777778,0.6981132075471698,2.513207547169811
2564,0.0,0.24561403508771928,0.8301886792452831,3.3800539083557957
2565,0.0,0.22641509433962265,0.7368421052631579,3.2543859649122804
2566,0.0,0.3333333333333333,0.9027777777777778,2.7083333333333335
2567,0.0,0.3333333333333333,0.7241379310344828,2.1724137931034484
2568,0.0,0.21951219512195122,0.7796610169491526,3.5517890772128062
2569,0.0,0.27906976744186046,0.7551020408163265,2.70578231292517
2570,0.0,0.46,0.6818181818181818,1.4822134387351777
2571,0.0,0.2711864406779661,0.625,2.3046875
2572,0.0,0.2826086956521739,0.5813953488372093,2.057245080500895
2573,0.0,0.14285714285714285,0.8928571428571429,6.250000000000001
2574,0.0,0.2653061224489796,0.8070175438596491,3.041835357624831
2575,0.0,0.22916666666666666,0.6341463414634146,2.7671840354767188
2576,0.0,0.2553191489361702,0.8225806451612904,3.2217741935483875
2577,0.0,0.2653061224489796,0.7692307692307693,2.899408284023669
2578,0.0,0.25,0.5263157894736842,2.1052631578947367
2579,0.0,0.3541666666666667,0.75,2.1176470588235294
2580,0.0,0.2702702702702703,0.8208955223880597,3.0373134328358207
2581,0.0,0.2459016393442623,0.7014925373134329,2.85273631840796
2582,0.0,0.09259259259259259,0.8723404255319149,9.421276595744681
2583,0.0,0.21428571428571427,0.9206349206349206,4.296296296296297
2584,0.0,0.18571428571428572,0.625,3.3653846153846154
2585,0.0,0.3333333333333333,0.7058823529411765,2.11764705882353
2586,0.0,0.27450980392156865,0.6666666666666666,2.4285714285714284
2587,0.0,0.21818181818181817,0.75,3.4375
2588,0.0,0.3409090909090909,0.765625,2.2458333333333336
2589,0.0,0.12280701754385964,0.7083333333333334,5.767857142857143
2590,0.0,0.24561403508771928,0.6862745098039216,2.794117647058824
2591,0.0,0.30952380952380953,0.8225806451612904,2.6575682382133996
2592,0.0,0.23076923076923078,0.7543859649122807,3.2690058479532165
2593,0.0,0.2978723404255319,0.7796610169491526,2.617433414043584
2594,0.0,0.29411764705882354,0.7714285714285715,2.6228571428571428
2595,0.0,0.26666666666666666,0.7592592592592593,2.8472222222222223
2596,0.0,0.25925925925925924,0.7592592592592593,2.928571428571429
2597,0.0,0.20833333333333334,0.8947368421052632,4.294736842105263
2598,0.0,0.2909090909090909,0.835820895522388,2.873134328358209
2599,0.0,0.40425531914893614,0.7454545454545455,1.844019138755981
2600,0.0,0.23076923076923078,0.7833333333333333,3.3944444444444444
2601,0.0,0.2916666666666667,0.7,2.4
2602,0.0,0.16981132075471697,0.8333333333333334,4.907407407407408
2603,0.0,0.20408163265306123,0.6818181818181818,3.3409090909090904
2604,0.0,0.37777777777777777,0.7571428571428571,2.004201680672269
2605,0.0,0.35294117647058826,0.7205882352941176,2.0416666666666665
2606,0.0,0.38181818181818183,0.7,1.833333333333333
2607,0.0,0.3220338983050847,0.7777777777777778,2.4152046783625734
2608,0.0,0.23529411764705882,0.6590909090909091,2.8011363636363638
2609,0.0,0.3023255813953488,0.7377049180327869,2.4401008827238337
2610,0.0,0.25925925925925924,0.8481012658227848,3.27124773960217
2611,0.0,0.39473684210526316,0.7678571428571429,1.9452380952380954
2612,0.0,0.20634920634920634,0.7924528301886793,3.840348330914369
2613,0.0,0.36538461538461536,0.7192982456140351,1.968605724838412
2614,0.0,0.375,0.7164179104477612,1.9104477611940298
2615,0.0,0.21052631578947367,0.8113207547169812,3.8537735849056607
2616,0.0,0.25,0.7272727272727273,2.909090909090909
2617,0.0,0.2702702702702703,0.8135593220338984,3.010169491525424
2618,0.0,0.21153846153846154,0.7954545454545454,3.7603305785123964
2619,0.0,0.1702127659574468,0.8043478260869565,4.72554347826087
2620,0.0,0.19230769230769232,0.8070175438596491,4.196491228070175
2621,0.0,0.2647058823529412,0.7906976744186046,2.987080103359173
2622,0.0,0.23529411764705882,0.6111111111111112,2.5972222222222223
2623,0.0,0.35714285714285715,0.8113207547169812,2.271698113207547
2624,0.0,0.2916666666666667,0.875,3.0
2625,0.0,0.3333333333333333,0.7205882352941176,2.1617647058823533
2626,0.0,0.24489795918367346,0.8461538461538461,3.4551282051282053
2627,0.0,0.1935483870967742,0.8771929824561403,4.5321637426900585
2628,0.0,0.2711864406779661,0.7692307692307693,2.8365384615384617
2629,0.0,0.3181818181818182,0.7,2.1999999999999997
2630,0.0,0.1694915254237288,0.8125,4.79375
2631,0.0,0.21428571428571427,0.8382352941176471,3.9117647058823533
2632,0.0,0.21568627450980393,0.8181818181818182,3.793388429752066
2633,0.0,0.26,0.7857142857142857,3.021978021978022
2634,0.0,0.30434782608695654,0.8363636363636363,2.748051948051948
2635,0.0,0.19672131147540983,0.6944444444444444,3.5300925925925926
2636,0.0,0.18,0.7735849056603774,4.29769392033543
2637,0.0,0.20454545454545456,0.8035714285714286,3.9285714285714284
2638,0.0,0.32608695652173914,0.7166666666666667,2.1977777777777776
2639,0.0,0.21568627450980393,0.6590909090909091,3.055785123966942
2640,0.0,0.2708333333333333,0.625,2.307692307692308
2641,0.0,0.19148936170212766,0.7619047619047619,3.9788359788359786
2642,0.0,0.2545454545454545,0.6111111111111112,2.400793650793651
2643,0.0,0.25,0.8548387096774194,3.4193548387096775
2644,0.0,0.23255813953488372,0.8064516129032258,3.467741935483871
2645,0.0,0.2826086956521739,0.7192982456140351,2.5452091767881244
2646,0.0,0.3103448275862069,0.7142857142857143,2.3015873015873014
2647,0.0,0.24,0.6666666666666666,2.7777777777777777
2648,0.0,0.25,0.8301886792452831,3.3207547169811322
2649,0.0,0.32,0.7857142857142857,2.455357142857143
2650,0.0,0.3333333333333333,0.8148148148148148,2.4444444444444446
2651,0.0,0.28,0.796875,2.845982142857143
2652,0.0,0.2549019607843137,0.7857142857142857,3.0824175824175826
2653,0.0,0.38461538461538464,0.660377358490566,1.7169811320754715
2654,0.0,0.22641509433962265,0.6037735849056604,2.6666666666666665
2655,0.0,0.2545454545454545,0.7708333333333334,3.02827380952381
2656,0.0,0.21153846153846154,0.75,3.5454545454545454
2657,0.0,0.41935483870967744,0.7971014492753623,1.9007803790412485
2658,0.0,0.30434782608695654,0.8928571428571429,2.933673469387755
2659,0.0,0.3888888888888889,0.7169811320754716,1.84366576819407
2660,0.0,0.36538461538461536,0.6727272727272727,1.8411483253588519
2661,0.0,0.24444444444444444,0.72,2.9454545454545453
2662,0.0,0.1346153846153846,0.90625,6.732142857142858
2663,0.0,0.28888888888888886,0.7241379310344828,2.506631299734748
2664,0.0,0.34782608695652173,0.7818181818181819,2.247727272727273
2665,0.0,0.3333333333333333,0.7254901960784313,2.1764705882352944
2666,0.0,0.2962962962962963,0.8387096774193549,2.830645161290323
2667,0.0,0.2,0.7833333333333333,3.9166666666666665
2668,0.0,0.2909090909090909,0.7924528301886793,2.7240566037735854
2669,0.0,0.21739130434782608,0.5333333333333333,2.4533333333333336
2670,0.0,0.25925925925925924,0.711864406779661,2.745762711864407
2671,0.0,0.28,0.8142857142857143,2.908163265306122
2672,0.0,0.3673469387755102,0.6458333333333334,1.7581018518518519
2673,0.0,0.20833333333333334,0.84,4.032
2674,0.0,0.21666666666666667,0.75,3.4615384615384612
2675,0.0,0.22916666666666666,0.7164179104477612,3.1261872455902306
2676,0.0,0.1956521739130435,0.875,4.472222222222222
2677,0.0,0.2830188679245283,0.6545454545454545,2.312727272727273
2678,0.0,0.2711864406779661,0.7948717948717948,2.9310897435897436
2679,0.0,0.3,0.7169811320754716,2.389937106918239
2680,0.0,0.28846153846153844,0.7903225806451613,2.739784946236559
2681,0.0,0.29508196721311475,0.6785714285714286,2.299603174603175
2682,0.0,0.22727272727272727,0.7636363636363637,3.3600000000000003
2683,0.0,0.19148936170212766,0.7916666666666666,4.1342592592592595
2684,0.0,0.3333333333333333,0.6590909090909091,1.9772727272727273
2685,0.0,0.1896551724137931,0.7916666666666666,4.174242424242424
2686,0.0,0.288135593220339,0.7,2.429411764705882
2687,0.0,0.24444444444444444,0.8852459016393442,3.6214605067064083
2688,0.0,0.2909090909090909,0.6727272727272727,2.3125
2689,0.0,0.3389830508474576,0.7666666666666667,2.2616666666666667
2690,0.0,0.25806451612903225,0.8028169014084507,3.110915492957747
2691,0.0,0.2222222222222222,0.7719298245614035,3.473684210526316
2692,0.0,0.37209302325581395,0.7818181818181819,2.1011363636363636
2693,0.0,0.2714285714285714,0.75,2.7631578947368425
2694,0.0,0.3684210526315789,0.7936507936507936,2.1541950113378685
2695,0.0,0.22033898305084745,0.7058823529411765,3.2036199095022626
2696,0.0,0.27450980392156865,0.7291666666666666,2.6562499999999996
2697,0.0,0.23809523809523808,0.851063829787234,3.5744680851063833
2698,0.0,0.18867924528301888,0.782608695652174,4.147826086956521
2699,0.0,0.35714285714285715,0.7794117647058824,2.1823529411764704
2700,0.0,0.35294117647058826,0.6909090909090909,1.9575757575757575
2701,0.0,0.2903225806451613,0.7213114754098361,2.4845173041894353
2702,0.0,0.28,0.7536231884057971,2.691511387163561
2703,0.0,0.21052631578947367,0.796875,3.78515625
2704,0.0,0.2413793103448276,0.625,2.589285714285714
2705,0.0,0.1875,0.896551724137931,4.781609195402299
2706,0.0,0.2545454545454545,0.7692307692307693,3.0219780219780223
2707,0.0,0.23404255319148937,0.6595744680851063,2.818181818181818
2708,0.0,0.23214285714285715,0.725,3.123076923076923
2709,0.0,0.32608695652173914,0.8088235294117647,2.480392156862745
2710,0.0,0.21428571428571427,0.8363636363636363,3.903030303030303
2711,0.0,0.25,0.851063829787234,3.404255319148936
2712,0.0,0.26785714285714285,0.6341463414634146,2.367479674796748
2713,0.0,0.4318181818181818,0.7258064516129032,1.6808149405772497
2714,0.0,0.28,0.7704918032786885,2.75175644028103
2715,0.0,0.17543859649122806,0.7307692307692307,4.165384615384616
2716,0.0,0.24390243902439024,0.7894736842105263,3.236842105263158
2717,0.0,0.25925925925925924,0.7450980392156863,2.873949579831933
2718,0.0,0.24074074074074073,0.8225806451612904,3.416873449131514
2719,0.0,0.3958333333333333,0.5614035087719298,1.4182825484764543
2720,0.0,0.22727272727272727,0.8142857142857143,3.5828571428571427
2721,0.0,0.26229508196721313,0.5609756097560976,2.138719512195122
2722,0.0,0.3469387755102041,0.7428571428571429,2.1411764705882352
2723,0.0,0.2545454545454545,0.7346938775510204,2.886297376093295
2724,0.0,0.2391304347826087,0.6744186046511628,2.8202959830866807
2725,0.0,0.2926829268292683,0.6785714285714286,2.3184523809523814
2726,0.0,0.28888888888888886,0.8676470588235294,3.0033936651583715
2727,0.0,0.24390243902439024,0.734375,3.0109375000000003
2728,0.0,0.2857142857142857,0.8070175438596491,2.824561403508772
2729,0.0,0.2926829268292683,0.8235294117647058,2.8137254901960786
2730,0.0,0.16981132075471697,0.7678571428571429,4.521825396825397
2731,0.0,0.1864406779661017,0.7777777777777778,4.171717171717172
2732,0.0,0.26,0.8305084745762712,3.194263363754889
2733,0.0,0.2962962962962963,0.8059701492537313,2.720149253731343
2734,0.0,0.32558139534883723,0.7692307692307693,2.3626373626373627
2735,0.0,0.3157894736842105,0.7704918032786885,2.439890710382514
2736,0.0,0.2,0.8235294117647058,4.117647058823529
2737,0.0,0.39473684210526316,0.7647058823529411,1.937254901960784
2738,0.0,0.23684210526315788,0.7954545454545454,3.3585858585858586
2739,0.0,0.16216216216216217,0.7708333333333334,4.753472222222222
2740,0.0,0.3404255319148936,0.7619047619047619,2.238095238095238
2741,0.0,0.46153846153846156,0.828125,1.7942708333333333
2742,0.0,0.2653061224489796,0.7407407407407407,2.7920227920227916
2743,0.0,0.23076923076923078,0.6190476190476191,2.6825396825396823
2744,0.0,0.28,0.7727272727272727,2.7597402597402594
2745,0.0,0.23809523809523808,0.7962962962962963,3.3444444444444446
2746,0.0,0.23404255319148937,0.7857142857142857,3.357142857142857
2747,0.0,0.22448979591836735,0.7209302325581395,3.2114164904862577
2748,0.0,0.25,0.5813953488372093,2.3255813953488373
2749,0.0,0.2708333333333333,0.7796610169491526,2.878748370273794
2750,0.0,0.18518518518518517,0.9142857142857143,4.937142857142857
2751,0.0,0.27906976744186046,0.7543859649122807,2.703216374269006
2752,0.0,0.23684210526315788,0.8214285714285714,3.4682539682539684
2753,0.0,0.3333333333333333,0.6862745098039216,2.058823529411765
2754,0.0,0.24615384615384617,0.873015873015873,3.5466269841269837
2755,0.0,0.15151515151515152,0.6086956521739131,4.017391304347826
2756,0.0,0.2857142857142857,0.7321428571428571,2.5625
2757,0.0,0.35,0.7333333333333333,2.0952380952380953
2758,0.0,0.1724137931034483,0.6666666666666666,3.8666666666666663
2759,0.0,0.24489795918367346,0.8571428571428571,3.5
2760,0.0,0.28,0.7222222222222222,2.579365079365079
2761,0.0,0.29545454545454547,0.75,2.5384615384615383
2762,0.0,0.2826086956521739,0.7833333333333333,2.771794871794872
2763,0.0,0.2708333333333333,0.74,2.7323076923076925
2764,0.0,0.3409090909090909,0.7049180327868853,2.0677595628415304
2765,0.0,0.18867924528301888,0.7346938775510204,3.8938775510204082
2766,0.0,0.25925925925925924,0.8181818181818182,3.1558441558441563
2767,0.0,0.15789473684210525,0.782608695652174,4.9565217391304355
2768,0.0,0.19736842105263158,0.7962962962962963,4.034567901234568
2769,0.0,0.32,0.7794117647058824,2.4356617647058822
2770,0.0,0.34782608695652173,0.75,2.15625
2771,0.0,0.22807017543859648,0.8648648648648649,3.7920997920997923
2772,0.0,0.35714285714285715,0.7719298245614035,2.1614035087719294
2773,0.0,0.3793103448275862,0.603448275862069,1.590909090909091
2774,0.0,0.3125,0.8571428571428571,2.742857142857143
2775,0.0,0.2682926829268293,0.7540983606557377,2.8107302533532037
2776,0.0,0.2,0.8113207547169812,4.056603773584905
2777,0.0,0.3137254901960784,0.6458333333333334,2.05859375
2778,0.0,0.25,0.6181818181818182,2.4727272727272727
2779,0.0,0.28205128205128205,0.8,2.8363636363636364
2780,0.0,0.23404255319148937,0.8181818181818182,3.4958677685950414
2781,0.0,0.3157894736842105,0.7121212121212122,2.255050505050505
2782,0.0,0.18518518518518517,0.8214285714285714,4.435714285714286
2783,0.0,0.30434782608695654,0.7857142857142857,2.581632653061224
2784,0.0,0.26,0.7111111111111111,2.735042735042735
2785,0.0,0.3111111111111111,0.7966101694915254,2.5605326876513317
2786,0.0,0.34782608695652173,0.8421052631578947,2.4210526315789473
2787,0.0,0.3170731707317073,0.7727272727272727,2.437062937062937
2788,0.0,0.22916666666666666,0.7254901960784313,3.165775401069519
2789,0.0,0.16666666666666666,0.7291666666666666,4.375
2790,0.0,0.27419354838709675,0.7868852459016393,2.869816779170685
2791,0.0,0.35,0.7142857142857143,2.0408163265306123
2792,0.0,0.19148936170212766,0.7647058823529411,3.9934640522875813
2793,0.0,0.3333333333333333,0.75,2.25
2794,0.0,0.25806451612903225,0.8333333333333334,3.229166666666667
2795,0.0,0.26,0.8,3.076923076923077
2796,0.0,0.30357142857142855,0.7619047619047619,2.5098039215686274
2797,0.0,0.24390243902439024,0.859375,3.5234375
2798,0.0,0.22448979591836735,0.7380952380952381,3.287878787878788
2799,0.0,0.36538461538461536,0.6842105263157895,1.8725761772853187
2800,0.0,0.21818181818181817,0.78,3.575
2801,0.0,0.24528301886792453,0.6904761904761905,2.815018315018315
2802,0.0,0.1702127659574468,0.875,5.140625
2803,0.0,0.3333333333333333,0.7916666666666666,2.375
2804,0.0,0.20833333333333334,0.782608695652174,3.756521739130435
2805,0.0,0.46153846153846156,0.7272727272727273,1.5757575757575757
2806,0.0,0.3103448275862069,0.6727272727272727,2.1676767676767676
2807,0.0,0.23529411764705882,0.9,3.825
2808,0.0,0.32142857142857145,0.7192982456140351,2.2378167641325537
2809,0.0,0.3392857142857143,0.625,1.8421052631578947
2810,0.0,0.3125,0.6111111111111112,1.9555555555555557
2811,0.0,0.26666666666666666,0.8571428571428571,3.214285714285714
2812,0.0,0.15384615384615385,0.7142857142857143,4.642857142857142
2813,0.0,0.20408163265306123,0.8070175438596491,3.9543859649122806
2814,0.0,0.23529411764705882,0.7843137254901961,3.3333333333333335
2815,0.0,0.2222222222222222,0.723404255319149,3.2553191489361706
2816,0.0,0.125,0.8461538461538461,6.769230769230769
2817,0.0,0.22916666666666666,0.7619047619047619,3.3246753246753245
2818,0.0,0.21052631578947367,0.7457627118644068,3.5423728813559325
2819,0.0,0.18518518518518517,0.84,4.5360000000000005
2820,0.0,0.2564102564102564,0.782608695652174,3.052173913043479
2821,0.0,0.3877551020408163,0.7076923076923077,1.825101214574899
2822,0.0,0.3111111111111111,0.8363636363636363,2.688311688311688
2823,0.0,0.35714285714285715,0.6938775510204082,1.9428571428571428
2824,0.0,0.3018867924528302,0.7346938775510204,2.4336734693877555
2825,0.0,0.23809523809523808,0.6530612244897959,2.742857142857143
2826,0.0,0.3050847457627119,0.6538461538461539,2.143162393162393
2827,0.0,0.18333333333333332,0.6885245901639344,3.7555886736214608
2828,0.0,0.23214285714285715,0.8571428571428571,3.692307692307692
2829,0.0,0.26785714285714285,0.7142857142857143,2.666666666666667
2830,0.0,0.34146341463414637,0.7580645161290323,2.2200460829493087
2831,0.0,0.35714285714285715,0.7241379310344828,2.027586206896552
2832,0.0,0.2692307692307692,0.8064516129032258,2.9953917050691246
2833,0.0,0.2926829268292683,0.7547169811320755,2.578616352201258
2834,0.0,0.23684210526315788,0.8076923076923077,3.4102564102564106
2835,0.0,0.23076923076923078,0.7346938775510204,3.183673469387755
2836,0.0,0.2653061224489796,0.7346938775510204,2.769230769230769
2837,0.0,0.3584905660377358,0.711864406779661,1.9857270294380018
2838,0.0,0.2833333333333333,0.6511627906976745,2.2982216142270864
2839,0.0,0.19607843137254902,0.8153846153846154,4.158461538461538
2840,0.0,0.28888888888888886,0.7391304347826086,2.558528428093646
2841,0.0,0.26666666666666666,0.7090909090909091,2.659090909090909
2842,0.0,0.14492753623188406,0.8448275862068966,5.8293103448275865
2843,0.0,0.30434782608695654,0.8169014084507042,2.6841046277665996
2844,0.0,0.25925925925925924,0.8166666666666667,3.15
2845,0.0,0.3333333333333333,0.765625,2.296875
2846,0.0,0.31666666666666665,0.7833333333333333,2.473684210526316
2847,0.0,0.2727272727272727,0.8245614035087719,3.0233918128654973
2848,0.0,0.3392857142857143,0.7205882352941176,2.123839009287926
2849,0.0,0.3076923076923077,0.6721311475409836,2.1844262295081966
2850,0.0,0.32,0.8043478260869565,2.5135869565217392
2851,0.0,0.23636363636363636,0.8363636363636363,3.5384615384615383
2852,0.0,0.23529411764705882,0.7627118644067796,3.2415254237288136
2853,0.0,0.24444444444444444,0.8076923076923077,3.304195804195804
2854,0.0,0.3111111111111111,0.6956521739130435,2.2360248447204967
2855,0.0,0.23529411764705882,0.8222222222222222,3.4944444444444445
2856,0.0,0.26666666666666666,0.8305084745762712,3.114406779661017
2857,0.0,0.3333333333333333,0.7017543859649122,2.1052631578947367
2858,0.0,0.16393442622950818,0.7857142857142857,4.792857142857143
2859,0.0,0.296875,0.7966101694915254,2.6833184656556646
2860,0.0,0.21666666666666667,0.7321428571428571,3.3791208791208787
2861,0.0,0.16071428571428573,0.7804878048780488,4.856368563685637
2862,0.0,0.21311475409836064,0.78,3.66
2863,0.0,0.2926829268292683,0.847457627118644,2.8954802259887007
2864,0.0,0.2682926829268293,0.6808510638297872,2.5377176015473886
2865,0.0,0.21428571428571427,0.88,4.106666666666667
2866,0.0,0.18333333333333332,0.6829268292682927,3.725055432372506
2867,0.0,0.2916666666666667,0.68,2.3314285714285714
2868,0.0,0.22,0.7833333333333333,3.5606060606060606
2869,0.0,0.41025641025641024,0.765625,1.8662109375
2870,0.0,0.4,0.625,1.5625
2871,0.0,0.2878787878787879,0.6727272727272727,2.3368421052631576
2872,0.0,0.23636363636363636,0.7758620689655172,3.282493368700265
2873,0.0,0.25,0.6363636363636364,2.5454545454545454
2874,0.0,0.3384615384615385,0.7692307692307693,2.272727272727273
2875,0.0,0.2916666666666667,0.7894736842105263,2.706766917293233
2876,0.0,0.28,0.7931034482758621,2.832512315270936
2877,0.0,0.24193548387096775,0.8088235294117647,3.343137254901961
2878,0.0,0.21428571428571427,0.7205882352941176,3.3627450980392157
2879,0.0,0.21818181818181817,0.8,3.666666666666667
2880,0.0,0.3191489361702128,0.7083333333333334,2.2194444444444446
2881,0.0,0.3877551020408163,0.6440677966101694,1.6610169491525424
2882,0.0,0.3409090909090909,0.8095238095238095,2.3746031746031746
2883,0.0,0.3137254901960784,0.6842105263157895,2.180921052631579
2884,0.0,0.375,0.7575757575757576,2.0202020202020203
2885,0.0,0.3617021276595745,0.7758620689655172,2.1450304259634887
2886,0.0,0.24074074074074073,0.68,2.824615384615385
2887,0.0,0.325,0.7692307692307693,2.366863905325444
2888,0.0,0.20634920634920634,0.6521739130434783,3.1605351170568565
2889,0.0,0.26153846153846155,0.6181818181818182,2.3636363636363633
2890,0.0,0.1836734693877551,0.76,4.137777777777778
2891,0.0,0.3673469387755102,0.7017543859649122,1.9103313840155944
2892,0.0,0.4222222222222222,0.7903225806451613,1.8718166383701187
2893,0.0,0.3333333333333333,0.8253968253968254,2.4761904761904763
2894,0.0,0.3269230769230769,0.7049180327868853,2.1562198649951783
2895,0.0,0.2857142857142857,0.74,2.5900000000000003
2896,0.0,0.27906976744186046,0.7948717948717948,2.848290598290598
2897,0.0,0.19230769230769232,0.5806451612903226,3.0193548387096776
2898,0.0,0.30303030303030304,0.803030303030303,2.65
2899,0.0,0.22033898305084745,0.7894736842105263,3.582995951417004
2900,0.0,0.29545454545454547,0.8333333333333334,2.8205128205128207
2901,0.0,0.3783783783783784,0.7222222222222222,1.9087301587301586
2902,0.0,0.2909090909090909,0.6779661016949152,2.330508474576271
2903,0.0,0.22916666666666666,0.8085106382978723,3.528046421663443
2904,0.0,0.21428571428571427,0.7457627118644068,3.4802259887005653
2905,0.0,0.32142857142857145,0.7017543859649122,2.1832358674463936
2906,0.0,0.13793103448275862,0.7962962962962963,5.773148148148148
2907,0.0,0.25,0.847457627118644,3.389830508474576
2908,0.0,0.35,0.8108108108108109,2.316602316602317
2909,0.0,0.19642857142857142,0.8387096774193549,4.269794721407625
2910,0.0,0.2,0.7916666666666666,3.958333333333333
2911,0.0,0.3023255813953488,0.7551020408163265,2.497645211930926
2912,0.0,0.25,0.6274509803921569,2.5098039215686274
2913,0.0,0.3333333333333333,0.75,2.25
2914,0.0,0.2727272727272727,0.7368421052631579,2.7017543859649122
2915,0.0,0.21428571428571427,0.7551020408163265,3.5238095238095237
2916,0.0,0.2727272727272727,0.7592592592592593,2.783950617283951
2917,0.0,0.2631578947368421,0.6785714285714286,2.5785714285714287
2918,0.0,0.17777777777777778,0.921875,5.185546875
2919,0.0,0.3076923076923077,0.6851851851851852,2.226851851851852
2920,0.0,0.30612244897959184,0.7878787878787878,2.5737373737373734
2921,0.0,0.37735849056603776,0.711864406779661,1.8864406779661016
2922,0.0,0.30612244897959184,0.803030303030303,2.623232323232323
2923,0.0,0.25,0.6896551724137931,2.7586206896551726
2924,0.0,0.11864406779661017,0.7924528301886793,6.679245283018868
2925,0.0,0.15254237288135594,0.7021276595744681,4.6028368794326235
2926,0.0,0.3170731707317073,0.8448275862068966,2.6644562334217508
2927,0.0,0.22641509433962265,0.7241379310344828,3.1982758620689653
2928,0.0,0.24074074074074073,0.6842105263157895,2.842105263157895
2929,0.0,0.29411764705882354,0.6923076923076923,2.353846153846154
2930,0.0,0.32727272727272727,0.5961538461538461,1.8215811965811965
2931,0.0,0.24193548387096775,0.6222222222222222,2.571851851851852
2932,0.0,0.22950819672131148,0.8275862068965517,3.605911330049261
2933,0.0,0.2619047619047619,0.7857142857142857,3.0
2934,0.0,0.3157894736842105,0.5,1.5833333333333335
2935,0.0,0.22033898305084745,0.7678571428571429,3.4848901098901104
2936,0.0,0.2692307692307692,0.6756756756756757,2.5096525096525095
2937,0.0,0.28846153846153844,0.7843137254901961,2.718954248366013
2938,0.0,0.15942028985507245,0.7254901960784313,4.550802139037433
2939,0.0,0.2708333333333333,0.75,2.7692307692307696
2940,0.0,0.35294117647058826,0.7777777777777778,2.2037037037037037
2941,0.0,0.20754716981132076,0.7818181818181819,3.7669421487603305
2942,0.0,0.3333333333333333,0.7586206896551724,2.2758620689655173
2943,0.0,0.22727272727272727,0.8620689655172413,3.793103448275862
2944,0.0,0.14893617021276595,0.9038461538461539,6.068681318681319
2945,0.0,0.16,0.8076923076923077,5.048076923076923
2946,0.0,0.20454545454545456,0.8032786885245902,3.9271402550091072
2947,0.0,0.225,0.7619047619047619,3.386243386243386
2948,0.0,0.36666666666666664,0.6774193548387096,1.847507331378299
2949,0.0,0.2553191489361702,0.7551020408163265,2.957482993197279
2950,0.0,0.21739130434782608,0.7777777777777778,3.577777777777778
2951,0.0,0.18181818181818182,0.8333333333333334,4.583333333333333
2952,0.0,0.2765957446808511,0.8028169014084507,2.9024918743228603
2953,0.0,0.16981132075471697,0.7916666666666666,4.662037037037037
2954,0.0,0.14814814814814814,0.7692307692307693,5.1923076923076925
2955,0.0,0.2033898305084746,0.7843137254901961,3.856209150326797
2956,0.0,0.3548387096774194,0.782608695652174,2.205533596837945
2957,0.0,0.2708333333333333,0.7272727272727273,2.6853146853146854
2958,0.0,0.18,0.6129032258064516,3.405017921146954
2959,0.0,0.2857142857142857,0.8360655737704918,2.926229508196722
2960,0.0,0.2542372881355932,0.6382978723404256,2.5106382978723407
2961,0.0,0.23076923076923078,0.7804878048780488,3.382113821138211
2962,0.0,0.24444444444444444,0.5517241379310345,2.2570532915360504
2963,0.0,0.2653061224489796,0.7758620689655172,2.9244031830238724
2964,0.0,0.28888888888888886,0.7068965517241379,2.446949602122016
2965,0.0,0.23404255319148937,0.8275862068965517,3.5360501567398117
2966,0.0,0.28846153846153844,0.8533333333333334,2.9582222222222225
2967,0.0,0.2894736842105263,0.8135593220338984,2.810477657935285
2968,0.0,0.1864406779661017,0.9074074074074074,4.867003367003367
2969,0.0,0.1875,0.75,4.0
2970,0.0,0.34782608695652173,0.6037735849056604,1.7358490566037736
2971,0.0,0.275,0.7777777777777778,2.8282828282828283
2972,0.0,0.34210526315789475,0.8333333333333334,2.435897435897436
2973,0.0,0.3,0.8148148148148148,2.7160493827160495
2974,0.0,0.26,0.7333333333333333,2.8205128205128203
2975,0.0,0.3018867924528302,0.7586206896551724,2.5129310344827585
2976,0.0,0.24324324324324326,0.7586206896551724,3.118773946360153
2977,0.0,0.2,0.5853658536585366,2.9268292682926824
2978,0.0,0.16176470588235295,0.6730769230769231,4.160839160839161
2979,0.0,0.1836734693877551,0.8,4.355555555555555
2980,0.0,0.15384615384615385,0.7346938775510204,4.775510204081633
2981,0.0,0.3,0.8333333333333334,2.777777777777778
2982,0.0,0.3404255319148936,0.7230769230769231,2.1240384615384618
2983,0.0,0.3170731707317073,0.7868852459016393,2.48171500630517
2984,0.0,0.2222222222222222,0.7551020408163265,3.3979591836734695
2985,0.0,0.40476190476190477,0.7592592592592593,1.8758169934640523
2986,0.0,0.2926829268292683,0.8441558441558441,2.884199134199134
2987,0.0,0.25,0.7619047619047619,3.0476190476190474
2988,0.0,0.20833333333333334,0.8333333333333334,4.0
2989,0.0,0.23076923076923078,0.7794117647058824,3.377450980392157
2990,0.0,0.3333333333333333,0.7021276595744681,2.1063829787234045
2991,0.0,0.2702702702702703,0.711864406779661,2.6338983050847458
2992,0.0,0.3225806451612903,0.881578947368421,2.732894736842105
2993,0.0,0.19696969696969696,0.7021276595744681,3.5646481178396074
2994,0.0,0.15384615384615385,0.7592592592592593,4.935185185185185
2995,0.0,0.2857142857142857,0.7450980392156863,2.607843137254902
2996,0.0,0.20967741935483872,0.6818181818181818,3.251748251748251
2997,0.0,0.37254901960784315,0.6349206349206349,1.7042606516290726
2998,0.0,0.3877551020408163,0.72,1.8568421052631578
2999,0.0,0.2727272727272727,0.7894736842105263,2.8947368421052633
3000,0.0,0.26666666666666666,0.8070175438596491,3.026315789473684
3001,0.0,0.18181818181818182,0.7428571428571429,4.085714285714285
3002,0.0,0.23529411764705882,0.74,3.145
3003,0.0,0.2903225806451613,0.4722222222222222,1.626543209876543
3004,0.0,0.25,0.5909090909090909,2.3636363636363638
3005,0.0,0.3333333333333333,0.8115942028985508,2.4347826086956523
3006,0.0,0.11363636363636363,0.9038461538461539,7.953846153846154
3007,0.0,0.20754716981132076,0.7368421052631579,3.5502392344497604
3008,0.0,0.28888888888888886,0.75,2.5961538461538463
3009,0.0,0.1,0.8387096774193549,8.387096774193548
3010,0.0,0.32075471698113206,0.8307692307692308,2.5900452488687784
3011,0.0,0.2549019607843137,0.8275862068965517,3.246684350132626
3012,0.0,0.48,0.6451612903225806,1.3440860215053763
3013,0.0,0.3090909090909091,0.6744186046511628,2.1819425444596443
3014,0.0,0.2857142857142857,0.75,2.625
3015,0.0,0.42857142857142855,0.7619047619047619,1.7777777777777777
3016,0.0,0.2830188679245283,0.7241379310344828,2.5586206896551724
3017,0.0,0.24489795918367346,0.7857142857142857,3.2083333333333335
3018,0.0,0.20967741935483872,0.75,3.5769230769230766
3019,0.0,0.1875,0.8333333333333334,4.444444444444445
3020,0.0,0.3194444444444444,0.631578947368421,1.977116704805492
3021,0.0,0.23076923076923078,0.8297872340425532,3.5957446808510634
3022,0.0,0.24074074074074073,0.8367346938775511,3.4756671899529046
3023,0.0,0.26666666666666666,0.7704918032786885,2.889344262295082
3024,0.0,0.16363636363636364,0.6595744680851063,4.030732860520095
3025,0.0,0.2857142857142857,0.872093023255814,3.052325581395349
3026,0.0,0.275,0.8297872340425532,3.0174081237911023
3027,0.0,0.2647058823529412,0.7777777777777778,2.9382716049382718
3028,0.0,0.23636363636363636,0.6739130434782609,2.851170568561873
3029,0.0,0.24,0.7727272727272727,3.2196969696969697
3030,0.0,0.32653061224489793,0.6896551724137931,2.1120689655172415
3031,0.0,0.35,0.7777777777777778,2.2222222222222223
3032,0.0,0.18181818181818182,0.7592592592592593,4.175925925925926
3033,0.0,0.3,0.7083333333333334,2.361111111111111
3034,0.0,0.391304347826087,0.7432432432432432,1.8993993993993992
3035,0.0,0.28888888888888886,0.7931034482758621,2.7453580901856767
3036,0.0,0.3469387755102041,0.7454545454545455,2.1486631016042783
3037,0.0,0.3409090909090909,0.8611111111111112,2.525925925925926
3038,0.0,0.3275862068965517,0.6379310344827587,1.9473684210526319
3039,0.0,0.2692307692307692,0.78125,2.9017857142857144
3040,0.0,0.2222222222222222,0.6976744186046512,3.1395348837209305
3041,0.0,0.22413793103448276,0.8620689655172413,3.846153846153846
3042,0.0,0.32558139534883723,0.7884615384615384,2.4217032967032965
3043,0.0,0.23076923076923078,0.7619047619047619,3.3015873015873014
3044,0.0,0.2542372881355932,0.7543859649122807,2.967251461988304
3045,0.0,0.24489795918367346,0.6956521739130435,2.8405797101449277
3046,0.0,0.25862068965517243,0.7407407407407407,2.8641975308641974
3047,0.0,0.29411764705882354,0.6607142857142857,2.2464285714285714
3048,0.0,0.3111111111111111,0.66,2.1214285714285714
3049,0.0,0.24561403508771928,0.6923076923076923,2.818681318681319
3050,0.0,0.2553191489361702,0.7868852459016393,3.0819672131147544
3051,0.0,0.32075471698113206,0.7142857142857143,2.226890756302521
3052,0.0,0.17073170731707318,0.8723404255319149,5.109422492401215
3053,0.0,0.21153846153846154,0.6341463414634146,2.9977827050997785
3054,0.0,0.38461538461538464,0.734375,1.9093749999999998
3055,0.0,0.3584905660377358,0.6274509803921569,1.7502579979360167
3056,0.0,0.25,0.7647058823529411,3.0588235294117645
3057,0.0,0.19298245614035087,0.6341463414634146,3.286031042128603
3058,0.0,0.16666666666666666,0.8166666666666667,4.9
3059,0.0,0.3076923076923077,0.7391304347826086,2.402173913043478
3060,0.0,0.30612244897959184,0.6170212765957447,2.0156028368794328
3061,0.0,0.21818181818181817,0.8571428571428571,3.9285714285714284
3062,0.0,0.2830188679245283,0.8055555555555556,2.8462962962962965
3063,0.0,0.2765957446808511,0.7619047619047619,2.754578754578754
3064,0.0,0.3275862068965517,0.7241379310344828,2.210526315789474
3065,0.0,0.23404255319148937,0.7719298245614035,3.2982456140350873
3066,0.0,0.2786885245901639,0.6153846153846154,2.2081447963800906
3067,0.0,0.25396825396825395,0.6666666666666666,2.625
3068,0.0,0.35714285714285715,0.8181818181818182,2.290909090909091
3069,0.0,0.27450980392156865,0.7407407407407407,2.698412698412698
3070,0.0,0.11363636363636363,0.8301886792452831,7.305660377358491
3071,0.0,0.32653061224489793,0.7115384615384616,2.1790865384615388
3072,0.0,0.17307692307692307,0.7209302325581395,4.165374677002584
3073,0.0,0.2909090909090909,0.7222222222222222,2.482638888888889
3074,0.0,0.3023255813953488,0.675,2.2326923076923078
3075,0.0,0.19402985074626866,0.8245614035087719,4.24966261808367
3076,0.0,0.23214285714285715,0.7704918032786885,3.3190416141235812
3077,0.0,0.16363636363636364,0.8837209302325582,5.4005167958656335
3078,0.0,0.2727272727272727,0.7333333333333333,2.688888888888889
3079,0.0,0.328125,0.6271186440677966,1.9112187247780468
3080,0.0,0.34782608695652173,0.6724137931034483,1.933189655172414
3081,0.0,0.26666666666666666,0.711864406779661,2.669491525423729
3082,0.0,0.25,0.8260869565217391,3.3043478260869565
3083,0.0,0.125,0.8444444444444444,6.7555555555555555
3084,0.0,0.16,0.8135593220338984,5.084745762711865
3085,0.0,0.29411764705882354,0.7192982456140351,2.4456140350877194
3086,0.0,0.26666666666666666,0.8166666666666667,3.0625
3087,0.0,0.18,0.7777777777777778,4.320987654320988
3088,0.0,0.2222222222222222,0.8813559322033898,3.9661016949152543
3089,0.0,0.15217391304347827,0.8301886792452831,5.455525606469003
3090,0.0,0.27692307692307694,0.6607142857142857,2.385912698412698
3091,0.0,0.3,0.8307692307692308,2.7692307692307696
3092,0.0,0.2777777777777778,0.8870967741935484,3.193548387096774
3093,0.0,0.1875,0.8813559322033898,4.700564971751413
3094,0.0,0.34285714285714286,0.8333333333333334,2.430555555555556
3095,0.0,0.24324324324324326,0.9137931034482759,3.756704980842912
3096,0.0,0.2926829268292683,0.825,2.81875
3097,0.0,0.22535211267605634,0.6875,3.05078125
3098,0.0,0.19444444444444445,0.82,4.217142857142857
3099,0.0,0.37142857142857144,0.7777777777777778,2.094017094017094
3100,0.0,0.24390243902439024,0.7,2.8699999999999997
3101,0.0,0.30952380952380953,0.75,2.423076923076923
3102,0.0,0.25,0.673469387755102,2.693877551020408
3103,0.0,0.30952380952380953,0.8,2.5846153846153848
3104,0.0,0.19444444444444445,0.8873239436619719,4.563380281690141
3105,0.0,0.2558139534883721,0.6571428571428571,2.568831168831169
3106,0.0,0.12987012987012986,0.6888888888888889,5.304444444444445
3107,0.0,0.25,0.6458333333333334,2.5833333333333335
3108,0.0,0.3333333333333333,0.7796610169491526,2.338983050847458
3109,0.0,0.29545454545454547,0.8275862068965517,2.8010610079575593
3110,0.0,0.22,0.7796610169491526,3.5439137134052388
3111,0.0,0.3333333333333333,0.8450704225352113,2.535211267605634
3112,0.0,0.2972972972972973,0.8448275862068966,2.841692789968652
3113,0.0,0.2777777777777778,0.7288135593220338,2.6237288135593215
3114,0.0,0.23728813559322035,0.6875,2.8973214285714284
3115,0.0,0.3333333333333333,0.7741935483870968,2.3225806451612905
3116,0.0,0.28,0.782608695652174,2.795031055900621
3117,0.0,0.18604651162790697,0.896551724137931,4.81896551724138
3118,0.0,0.3111111111111111,0.8676470588235294,2.7888655462184873
3119,0.0,0.24390243902439024,0.7692307692307693,3.153846153846154
3120,0.0,0.34782608695652173,0.7681159420289855,2.2083333333333335
3121,0.0,0.25925925925925924,0.8125,3.1339285714285716
3122,0.0,0.20930232558139536,0.8620689655172413,4.118773946360153
3123,0.0,0.2537313432835821,0.5740740740740741,2.262527233115468
3124,0.0,0.2909090909090909,0.7321428571428571,2.516741071428571
3125,0.0,0.3333333333333333,0.7704918032786885,2.3114754098360657
3126,0.0,0.10204081632653061,0.84,8.232
3127,0.0,0.2641509433962264,0.8,3.028571428571429
3128,0.0,0.29850746268656714,0.7894736842105263,2.6447368421052633
3129,0.0,0.24561403508771928,0.6410256410256411,2.6098901098901104
3130,0.0,0.3125,0.7258064516129032,2.3225806451612905
3131,0.0,0.21052631578947367,0.8307692307692308,3.946153846153847
3132,0.0,0.39473684210526316,0.7454545454545455,1.8884848484848484
3133,0.0,0.3953488372093023,0.765625,1.9365808823529413
3134,0.0,0.23255813953488372,0.8163265306122449,3.5102040816326534
3135,0.0,0.2,0.7636363636363637,3.8181818181818183
3136,0.0,0.3,0.7272727272727273,2.4242424242424243
3137,0.0,0.32142857142857145,0.6724137931034483,2.0919540229885056
3138,0.0,0.3103448275862069,0.6363636363636364,2.0505050505050506
3139,0.0,0.26666666666666666,0.7358490566037735,2.7594339622641506
3140,0.0,0.19047619047619047,0.8070175438596491,4.2368421052631575
3141,0.0,0.1956521739130435,0.7755102040816326,3.963718820861678
3142,0.0,0.3023255813953488,0.7936507936507936,2.625152625152625
3143,0.0,0.3404255319148936,0.7538461538461538,2.214423076923077
3144,0.0,0.20833333333333334,0.7551020408163265,3.624489795918367
3145,0.0,0.25,0.7115384615384616,2.8461538461538463
3146,0.0,0.14754098360655737,0.78,5.286666666666667
3147,0.0,0.18421052631578946,0.8571428571428571,4.653061224489796
3148,0.0,0.3673469387755102,0.8070175438596491,2.1968810916179335
3149,0.0,0.24074074074074073,0.7413793103448276,3.0795755968169765
3150,0.0,0.2553191489361702,0.6444444444444445,2.5240740740740746
3151,0.0,0.21666666666666667,0.6041666666666666,2.7884615384615383
3152,0.0,0.2765957446808511,0.7209302325581395,2.6064400715563503
3153,0.0,0.3469387755102041,0.6545454545454545,1.8866310160427808
3154,0.0,0.3090909090909091,0.7903225806451613,2.5569259962049333
3155,0.0,0.28846153846153844,0.6923076923076923,2.4000000000000004
3156,0.0,0.2608695652173913,0.8225806451612904,3.153225806451613
3157,0.0,0.25,0.746031746031746,2.984126984126984
3158,0.0,0.29310344827586204,0.7714285714285715,2.631932773109244
3159,0.0,0.3090909090909091,0.7413793103448276,2.398580121703854
3160,0.0,0.21951219512195122,0.7636363636363637,3.478787878787879
3161,0.0,0.25,0.8524590163934426,3.4098360655737703
3162,0.0,0.13725490196078433,0.8363636363636363,6.093506493506492
3163,0.0,0.15217391304347827,0.7708333333333334,5.065476190476191
3164,0.0,0.24,0.7916666666666666,3.298611111111111
3165,0.0,0.1956521739130435,0.8703703703703703,4.448559670781893
3166,0.0,0.1568627450980392,0.8596491228070176,5.480263157894737
3167,0.0,0.24074074074074073,0.8181818181818182,3.398601398601399
3168,0.0,0.25,0.875,3.5
3169,0.0,0.30434782608695654,0.78125,2.5669642857142856
3170,0.0,0.2826086956521739,0.75,2.653846153846154
3171,0.0,0.34210526315789475,0.8035714285714286,2.348901098901099
3172,0.0,0.18,0.7692307692307693,4.273504273504274
3173,0.0,0.25,0.8166666666666667,3.2666666666666666
3174,0.0,0.2727272727272727,0.6382978723404256,2.340425531914894
3175,0.0,0.1791044776119403,0.7924528301886793,4.424528301886793
3176,0.0,0.2,0.7105263157894737,3.552631578947368
3177,0.0,0.27586206896551724,0.8529411764705882,3.0919117647058822
3178,0.0,0.25,0.5897435897435898,2.358974358974359
3179,0.0,0.2682926829268293,0.7916666666666666,2.9507575757575752
3180,0.0,0.30434782608695654,0.8245614035087719,2.7092731829573933
3181,0.0,0.2222222222222222,0.7647058823529411,3.441176470588235
3182,0.0,0.2727272727272727,0.7704918032786885,2.825136612021858
3183,0.0,0.39285714285714285,0.72,1.8327272727272728
3184,0.0,0.2916666666666667,0.7758620689655172,2.6600985221674875
3185,0.0,0.2826086956521739,0.8245614035087719,2.9176788124156547
3186,0.0,0.3090909090909091,0.6612903225806451,2.1394686907020875
3187,0.0,0.3,0.775,2.5833333333333335
3188,0.0,0.3617021276595745,0.7916666666666666,2.188725490196078
3189,0.0,0.25,0.8490566037735849,3.3962264150943398
3190,0.0,0.45454545454545453,0.72,1.584
3191,0.0,0.175,0.7758620689655172,4.433497536945813
3192,0.0,0.3148148148148148,0.7741935483870968,2.4592030360531307
3193,0.0,0.1702127659574468,0.7619047619047619,4.476190476190476
3194,0.0,0.2641509433962264,0.7966101694915254,3.015738498789346
3195,0.0,0.27586206896551724,0.8214285714285714,2.977678571428571
3196,0.0,0.3,0.7741935483870968,2.5806451612903225
3197,0.0,0.2222222222222222,0.7796610169491526,3.508474576271187
3198,0.0,0.375,0.7971014492753623,2.1256038647342996
3199,0.0,0.40540540540540543,0.8,1.9733333333333334
3200,0.0,0.25925925925925924,0.8333333333333334,3.2142857142857144
3201,0.0,0.2909090909090909,0.7818181818181819,2.6875000000000004
3202,0.0,0.3275862068965517,0.7037037037037037,2.1481481481481484
3203,0.0,0.23255813953488372,0.8076923076923077,3.473076923076923
3204,0.0,0.4482758620689655,0.782608695652174,1.745819397993311
3205,0.0,0.3333333333333333,0.76,2.2800000000000002
3206,0.0,0.17647058823529413,0.8181818181818182,4.636363636363637
3207,0.0,0.2653061224489796,0.8611111111111112,3.2457264957264957
3208,0.0,0.13157894736842105,0.8863636363636364,6.736363636363636
3209,0.0,0.3404255319148936,0.7230769230769231,2.1240384615384618
3210,0.0,0.3269230769230769,0.7741935483870968,2.3681214421252372
3211,0.0,0.28888888888888886,0.7627118644067796,2.640156453715776
3212,0.0,0.18,0.7441860465116279,4.1343669250646
3213,0.0,0.2682926829268293,0.7592592592592593,2.82996632996633
3214,0.0,0.28125,0.8666666666666667,3.0814814814814815
3215,0.0,0.2777777777777778,0.6382978723404256,2.297872340425532
3216,0.0,0.21212121212121213,0.8269230769230769,3.898351648351648
3217,0.0,0.2127659574468085,0.8076923076923077,3.796153846153846
3218,0.0,0.25,0.5833333333333334,2.3333333333333335
3219,0.0,0.1836734693877551,0.75,4.083333333333333
3220,0.0,0.34146341463414637,0.7333333333333333,2.147619047619047
3221,0.0,0.28888888888888886,0.8095238095238095,2.8021978021978025
3222,0.0,0.2,0.8409090909090909,4.204545454545454
3223,0.0,0.25806451612903225,0.7333333333333333,2.8416666666666663
3224,0.0,0.19607843137254902,0.7777777777777778,3.966666666666667
3225,0.0,0.3125,0.6833333333333333,2.1866666666666665
3226,0.0,0.29545454545454547,0.8307692307692308,2.811834319526627
3227,0.0,0.23404255319148937,0.8448275862068966,3.6097178683385582
3228,0.0,0.25,0.8363636363636363,3.3454545454545452
3229,0.0,0.22641509433962265,0.8166666666666667,3.6069444444444443
3230,0.0,0.3050847457627119,0.627906976744186,2.058139534883721
3231,0.0,0.23728813559322035,0.7,2.9499999999999997
3232,0.0,0.358974358974359,0.8153846153846154,2.2714285714285714
3233,0.0,0.20967741935483872,0.6923076923076923,3.301775147928994
3234,0.0,0.4,0.8153846153846154,2.0384615384615383
3235,0.0,0.34545454545454546,0.7424242424242424,2.1491228070175437
3236,0.0,0.32558139534883723,0.7966101694915254,2.446731234866828
3237,0.0,0.25,0.75,3.0
3238,0.0,0.25,0.7,2.8
3239,0.0,0.35714285714285715,0.7272727272727273,2.036363636363636
3240,0.0,0.2413793103448276,0.5789473684210527,2.398496240601504
3241,0.0,0.2553191489361702,0.75,2.9375000000000004
3242,0.0,0.22807017543859648,0.5609756097560976,2.459662288930582
3243,0.0,0.20689655172413793,0.7777777777777778,3.7592592592592595
3244,0.0,0.2765957446808511,0.7894736842105263,2.854251012145749
3245,0.0,0.34146341463414637,0.7142857142857143,2.0918367346938775
3246,0.0,0.29411764705882354,0.8208955223880597,2.791044776119403
3247,0.0,0.3191489361702128,0.8181818181818182,2.5636363636363635
3248,0.0,0.1864406779661017,0.8333333333333334,4.46969696969697
3249,0.0,0.3111111111111111,0.6274509803921569,2.0168067226890756
3250,0.0,0.3191489361702128,0.6851851851851852,2.1469135802469137
3251,0.0,0.3170731707317073,0.7636363636363637,2.4083916083916086
3252,0.0,0.2222222222222222,0.6097560975609756,2.7439024390243905
3253,0.0,0.18032786885245902,0.7906976744186046,4.384778012684989
3254,0.0,0.2553191489361702,0.7692307692307693,3.012820512820513
3255,0.0,0.2765957446808511,0.7903225806451613,2.857320099255583
3256,0.0,0.3269230769230769,0.7083333333333334,2.166666666666667
3257,0.0,0.35555555555555557,0.8787878787878788,2.471590909090909
3258,0.0,0.22448979591836735,0.78125,3.4801136363636362
3259,0.0,0.26666666666666666,0.7301587301587301,2.738095238095238
3260,0.0,0.24444444444444444,0.864406779661017,3.536209553158706
3261,0.0,0.26785714285714285,0.8055555555555556,3.0074074074074075
3262,0.0,0.37037037037037035,0.6779661016949152,1.8305084745762712
3263,0.0,0.3023255813953488,0.76,2.513846153846154
3264,0.0,0.3148148148148148,0.6153846153846154,1.9547511312217194
3265,0.0,0.391304347826087,0.5,1.2777777777777777
3266,0.0,0.3157894736842105,0.7777777777777778,2.4629629629629632
3267,0.0,0.26666666666666666,0.8305084745762712,3.114406779661017
3268,0.0,0.4,0.7741935483870968,1.9354838709677418
3269,0.0,0.3333333333333333,0.7377049180327869,2.213114754098361
3270,0.0,0.3333333333333333,0.7777777777777778,2.3333333333333335
3271,0.0,0.4146341463414634,0.7454545454545455,1.7978609625668451
3272,0.0,0.3235294117647059,0.8732394366197183,2.69910371318822
3273,0.0,0.21052631578947367,0.7959183673469388,3.7806122448979593
3274,0.0,0.3137254901960784,0.6607142857142857,2.1060267857142856
3275,0.0,0.25,0.8,3.2
3276,0.0,0.28125,0.8679245283018868,3.0859538784067087
3277,0.0,0.15492957746478872,0.6875,4.4375
3278,0.0,0.21052631578947367,0.6666666666666666,3.1666666666666665
3279,0.0,0.22916666666666666,0.8513513513513513,3.714987714987715
3280,0.0,0.203125,0.796875,3.923076923076923
3281,0.0,0.34210526315789475,0.8243243243243243,2.4095634095634098
3282,0.0,0.275,0.8,2.909090909090909
3283,0.0,0.23529411764705882,0.7457627118644068,3.169491525423729
3284,0.0,0.18181818181818182,0.6842105263157895,3.763157894736842
3285,0.0,0.24074074074074073,0.6964285714285714,2.892857142857143
3286,0.0,0.23333333333333334,0.7777777777777778,3.3333333333333335
3287,0.0,0.425531914893617,0.7681159420289855,1.805072463768116
3288,0.0,0.23404255319148937,0.819672131147541,3.502235469448584
3289,0.0,0.32558139534883723,0.7758620689655172,2.383004926108374
3290,0.0,0.4,0.6551724137931034,1.6379310344827585
3291,0.0,0.23255813953488372,0.7307692307692307,3.1423076923076922
3292,0.0,0.2727272727272727,0.7209302325581395,2.643410852713178
3293,0.0,0.20689655172413793,0.7924528301886793,3.8301886792452833
3294,0.0,0.22,0.6875,3.125
3295,0.0,0.28205128205128205,0.8367346938775511,2.966604823747681
3296,0.0,0.25806451612903225,0.6136363636363636,2.377840909090909
3297,0.0,0.3793103448275862,0.6545454545454545,1.7256198347107439
3298,0.0,0.22916666666666666,0.875,3.8181818181818183
3299,0.0,0.2692307692307692,0.75,2.785714285714286
3300,0.0,0.2682926829268293,0.7818181818181819,2.9140495867768594
3301,0.0,0.27419354838709675,0.7164179104477612,2.6128182616330116
3302,0.0,0.2857142857142857,0.8032786885245902,2.8114754098360657
3303,0.0,0.19298245614035087,0.7619047619047619,3.948051948051948
3304,0.0,0.2619047619047619,0.803921568627451,3.06951871657754
3305,0.0,0.2857142857142857,0.7142857142857143,2.5
3306,0.0,0.4222222222222222,0.7083333333333334,1.6776315789473686
3307,0.0,0.20833333333333334,0.7083333333333334,3.4
3308,0.0,0.23255813953488372,0.7894736842105263,3.3947368421052633
3309,0.0,0.3125,0.7857142857142857,2.5142857142857142
3310,0.0,0.21153846153846154,0.7619047619047619,3.6017316017316015
3311,0.0,0.43478260869565216,0.6923076923076923,1.5923076923076922
3312,0.0,0.20408163265306123,0.7884615384615384,3.863461538461538
3313,0.0,0.2564102564102564,0.7333333333333333,2.86
3314,0.0,0.18518518518518517,0.6904761904761905,3.7285714285714286
3315,0.0,0.19117647058823528,0.7906976744186046,4.135957066189625
3316,0.0,0.21052631578947367,0.7719298245614035,3.6666666666666665
3317,0.0,0.35294117647058826,0.7037037037037037,1.9938271604938271
3318,0.0,0.30434782608695654,0.7636363636363637,2.509090909090909
3319,0.0,0.2978723404255319,0.7076923076923077,2.3758241758241763
3320,0.0,0.15789473684210525,0.7636363636363637,4.836363636363637
3321,0.0,0.2545454545454545,0.7692307692307693,3.0219780219780223
3322,0.0,0.3333333333333333,0.7924528301886793,2.377358490566038
3323,0.0,0.3870967741935484,0.8,2.066666666666667
3324,0.0,0.17857142857142858,0.8113207547169812,4.543396226415094
3325,0.0,0.2765957446808511,0.7903225806451613,2.857320099255583
3326,0.0,0.2777777777777778,0.6964285714285714,2.507142857142857
3327,0.0,0.25,0.6458333333333334,2.5833333333333335
3328,0.0,0.3333333333333333,0.8,2.4000000000000004
3329,0.0,0.23529411764705882,0.7708333333333334,3.276041666666667
3330,0.0,0.24615384615384617,0.7111111111111111,2.888888888888889
3331,0.0,0.20754716981132076,0.7333333333333333,3.5333333333333328
3332,0.0,0.25,0.6833333333333333,2.7333333333333334
3333,0.0,0.18333333333333332,0.7735849056603774,4.219554030874786
3334,0.0,0.24444444444444444,0.717391304347826,2.9347826086956523
3335,0.0,0.225,0.7796610169491526,3.465160075329567
3336,0.0,0.3673469387755102,0.7096774193548387,1.9318996415770608
3337,0.0,0.23255813953488372,0.8913043478260869,3.8326086956521737
3338,0.0,0.28,0.6304347826086957,2.251552795031056
3339,0.0,0.265625,0.7543859649122807,2.8400412796697627
3340,0.0,0.25862068965517243,0.5757575757575758,2.2262626262626264
3341,0.0,0.3877551020408163,0.8289473684210527,2.1378116343490308
3342,0.0,0.23255813953488372,0.6976744186046512,3.0
3343,0.0,0.3492063492063492,0.7142857142857143,2.0454545454545454
3344,0.0,0.18,0.8679245283018868,4.821802935010482
3345,0.0,0.2608695652173913,0.8214285714285714,3.1488095238095237
3346,0.0,0.30612244897959184,0.7142857142857143,2.3333333333333335
3347,0.0,0.34210526315789475,0.7368421052631579,2.1538461538461537
3348,0.0,0.23076923076923078,0.847457627118644,3.6723163841807906
3349,0.0,0.1794871794871795,0.8541666666666666,4.758928571428571
3350,0.0,0.3877551020408163,0.7,1.8052631578947367
3351,0.0,0.25,0.8703703703703703,3.4814814814814814
3352,0.0,0.22916666666666666,0.7962962962962963,3.474747474747475
3353,0.0,0.22641509433962265,0.8472222222222222,3.741898148148148
3354,0.0,0.21052631578947367,0.7708333333333334,3.661458333333334
3355,0.0,0.29411764705882354,0.673469387755102,2.289795918367347
3356,0.0,0.32432432432432434,0.8611111111111112,2.6550925925925926
3357,0.0,0.2978723404255319,0.7916666666666666,2.6577380952380953
3358,0.0,0.23255813953488372,0.8636363636363636,3.713636363636364
3359,0.0,0.23809523809523808,0.7377049180327869,3.0983606557377055
3360,0.0,0.2037037037037037,0.8387096774193549,4.1173020527859245
3361,0.0,0.28205128205128205,0.7936507936507936,2.813852813852814
3362,0.0,0.24074074074074073,0.8181818181818182,3.398601398601399
3363,0.0,0.28,0.803921568627451,2.8711484593837535
3364,0.0,0.18,0.6857142857142857,3.8095238095238098
3365,0.0,0.25,0.8615384615384616,3.4461538461538463
3366,0.0,0.21739130434782608,0.9090909090909091,4.181818181818182
3367,0.0,0.37254901960784315,0.7166666666666667,1.9236842105263157
3368,0.0,0.3,0.8135593220338984,2.7118644067796613
3369,0.0,0.30612244897959184,0.7868852459016393,2.5704918032786885
3370,0.0,0.22448979591836735,0.78,3.4745454545454546
3371,0.0,0.2222222222222222,0.864406779661017,3.8898305084745766
3372,0.0,0.3076923076923077,0.7714285714285715,2.507142857142857
3373,0.0,0.20930232558139536,0.6491228070175439,3.1013645224171538
3374,0.0,0.37142857142857144,0.8289473684210527,2.2317813765182186
3375,0.0,0.3829787234042553,0.7428571428571429,1.9396825396825397
3376,0.0,0.1956521739130435,0.8166666666666667,4.174074074074074
3377,0.0,0.2465753424657534,0.58,2.352222222222222
3378,0.0,0.2,0.7727272727272727,3.8636363636363633
3379,0.0,0.2653061224489796,0.7833333333333333,2.9525641025641023
3380,0.0,0.125,0.78,6.24
3381,0.0,0.2926829268292683,0.85,2.904166666666667
3382,0.0,0.32558139534883723,0.7692307692307693,2.3626373626373627
3383,0.0,0.24193548387096775,0.7358490566037735,3.041509433962264
3384,0.0,0.25,0.7543859649122807,3.017543859649123
3385,0.0,0.2028985507246377,0.7543859649122807,3.718045112781955
3386,0.0,0.175,0.7666666666666667,4.380952380952381
3387,0.0,0.1951219512195122,0.8461538461538461,4.336538461538462
3388,0.0,0.2545454545454545,0.7333333333333333,2.880952380952381
3389,0.0,0.17391304347826086,0.803921568627451,4.622549019607844
3390,0.0,0.375,0.810126582278481,2.160337552742616
3391,0.0,0.3,0.7924528301886793,2.6415094339622645
3392,0.0,0.20754716981132076,0.75,3.6136363636363633
3393,0.0,0.06666666666666667,0.7777777777777778,11.666666666666668
3394,0.0,0.4423076923076923,0.6086956521739131,1.3761814744801513
3395,0.0,0.4,0.7424242424242424,1.856060606060606
3396,0.0,0.2857142857142857,0.7575757575757576,2.651515151515152
3397,0.0,0.22727272727272727,0.6792452830188679,2.9886792452830186
3398,0.0,0.16,0.7872340425531915,4.920212765957447
3399,0.0,0.3617021276595745,0.7719298245614035,2.134158926728586
3400,0.0,0.35555555555555557,0.717391304347826,2.0176630434782608
3401,0.0,0.2830188679245283,0.7413793103448276,2.619540229885058
3402,0.0,0.2777777777777778,0.6530612244897959,2.351020408163265
3403,0.0,0.2830188679245283,0.75,2.65
3404,0.0,0.16666666666666666,0.7435897435897436,4.461538461538462
3405,0.0,0.2,0.75,3.75
3406,0.0,0.34146341463414637,0.6909090909090909,2.023376623376623
3407,0.0,0.20408163265306123,0.7346938775510204,3.6
3408,0.0,0.3,0.7681159420289855,2.5603864734299515
3409,0.0,0.2542372881355932,0.7142857142857143,2.8095238095238098
3410,0.0,0.2641509433962264,0.6545454545454545,2.477922077922078
3411,0.0,0.29545454545454547,0.7818181818181819,2.646153846153846
3412,0.0,0.32075471698113206,0.625,1.948529411764706
3413,0.0,0.34146341463414637,0.7959183673469388,2.330903790087463
3414,0.0,0.2777777777777778,0.84375,3.0374999999999996
3415,0.0,0.35185185185185186,0.7419354838709677,2.108658743633277
3416,0.0,0.26785714285714285,0.7586206896551724,2.8321839080459768
3417,0.0,0.2727272727272727,0.7551020408163265,2.7687074829931975
3418,0.0,0.2765957446808511,0.8333333333333334,3.0128205128205128
3419,0.0,0.2833333333333333,0.625,2.2058823529411766
3420,0.0,0.2711864406779661,0.7213114754098361,2.6598360655737707
3421,0.0,0.1702127659574468,0.8148148148148148,4.787037037037037
3422,0.0,0.15384615384615385,0.8163265306122449,5.3061224489795915
3423,0.0,0.2807017543859649,0.7272727272727273,2.5909090909090913
3424,0.0,0.3333333333333333,0.7666666666666667,2.3000000000000003
3425,0.0,0.2549019607843137,0.7272727272727273,2.8531468531468533
3426,0.0,0.22916666666666666,0.7454545454545455,3.2528925619834714
3427,0.0,0.2558139534883721,0.7555555555555555,2.9535353535353535
3428,0.0,0.19230769230769232,0.8108108108108109,4.216216216216216
3429,0.0,0.2542372881355932,0.7346938775510204,2.8897959183673474
3430,0.0,0.2222222222222222,0.7272727272727273,3.272727272727273
3431,0.0,0.15555555555555556,0.8409090909090909,5.405844155844156
3432,0.0,0.21818181818181817,0.6346153846153846,2.9086538461538463
3433,0.0,0.25806451612903225,0.6458333333333334,2.502604166666667
3434,0.0,0.2,0.84375,4.21875
3435,0.0,0.21428571428571427,0.8367346938775511,3.904761904761905
3436,0.0,0.3488372093023256,0.7377049180327869,2.1147540983606556
3437,0.0,0.23404255319148937,0.847457627118644,3.62095531587057
3438,0.0,0.225,0.847457627118644,3.766478342749529
3439,0.0,0.32727272727272727,0.6949152542372882,2.123352165725047
3440,0.0,0.36585365853658536,0.7843137254901961,2.1437908496732025
3441,0.0,0.25,0.8245614035087719,3.2982456140350878
3442,0.0,0.3235294117647059,0.6415094339622641,1.982847341337907
3443,0.0,0.34615384615384615,0.75,2.1666666666666665
3444,0.0,0.14583333333333334,0.7884615384615384,5.406593406593406
3445,0.0,0.175,0.8688524590163934,4.964871194379391
3446,0.0,0.18867924528301888,0.7959183673469388,4.218367346938775
3447,0.0,0.3333333333333333,0.7540983606557377,2.262295081967213
3448,0.0,0.3137254901960784,0.803030303030303,2.559659090909091
3449,0.0,0.38095238095238093,0.7450980392156863,1.9558823529411766
3450,0.0,0.2,0.7358490566037735,3.6792452830188673
3451,0.0,0.37142857142857144,0.7540983606557377,2.030264817150063
3452,0.0,0.28888888888888886,0.7884615384615384,2.7292899408284024
3453,0.0,0.2222222222222222,0.7674418604651163,3.4534883720930236
3454,0.0,0.35185185185185186,0.7761194029850746,2.2058130400628437
3455,0.0,0.19607843137254902,0.7959183673469388,4.059183673469388
3456,0.0,0.24444444444444444,0.7666666666666667,3.1363636363636367
3457,0.0,0.3235294117647059,0.8412698412698413,2.6002886002886
3458,0.0,0.2553191489361702,0.8135593220338984,3.186440677966102
3459,0.0,0.2727272727272727,0.5813953488372093,2.1317829457364343
3460,0.0,0.14285714285714285,0.8666666666666667,6.066666666666667
3461,0.0,0.20512820512820512,0.8333333333333334,4.0625
3462,0.0,0.23636363636363636,0.7027027027027027,2.9729729729729732
3463,0.0,0.2619047619047619,0.8484848484848485,3.239669421487603
3464,0.0,0.203125,0.6808510638297872,3.3518821603927984
3465,0.0,0.17391304347826086,0.8333333333333334,4.791666666666667
3466,0.0,0.3148148148148148,0.6774193548387096,2.151802656546489
3467,0.0,0.35714285714285715,0.7592592592592593,2.1259259259259258
3468,0.0,0.34210526315789475,0.5882352941176471,1.7194570135746607
3469,0.0,0.3404255319148936,0.7037037037037037,2.0671296296296298
3470,0.0,0.3076923076923077,0.873015873015873,2.837301587301587
3471,0.0,0.27906976744186046,0.7719298245614035,2.7660818713450293
3472,0.0,0.3409090909090909,0.7638888888888888,2.240740740740741
3473,0.0,0.22727272727272727,0.7560975609756098,3.326829268292683
3474,0.0,0.21568627450980393,0.7796610169491526,3.6147919876733434
3475,0.0,0.4186046511627907,0.6590909090909091,1.5744949494949494
3476,0.0,0.20454545454545456,0.8076923076923077,3.9487179487179485
3477,0.0,0.425,0.7288135593220338,1.7148554336989033
3478,0.0,0.32653061224489793,0.7910447761194029,2.422574626865672
3479,0.0,0.21428571428571427,0.7966101694915254,3.7175141242937855
3480,0.0,0.23404255319148937,0.851063829787234,3.6363636363636362
3481,0.0,0.23636363636363636,0.7647058823529411,3.235294117647059
3482,0.0,0.425531914893617,0.7307692307692307,1.7173076923076922
3483,0.0,0.28,0.8571428571428571,3.0612244897959178
3484,0.0,0.34615384615384615,0.76,2.1955555555555555
3485,0.0,0.2833333333333333,0.6274509803921569,2.2145328719723185
3486,0.0,0.24193548387096775,0.723404255319149,2.990070921985816
3487,0.0,0.18032786885245902,0.813953488372093,4.513742071881607
3488,0.0,0.3018867924528302,0.8428571428571429,2.7919642857142857
3489,0.0,0.3125,0.7321428571428571,2.3428571428571425
3490,0.0,0.3076923076923077,0.7966101694915254,2.5889830508474576
3491,0.0,0.20833333333333334,0.725,3.4799999999999995
3492,0.0,0.1590909090909091,0.7446808510638298,4.680851063829787
3493,0.0,0.2153846153846154,0.72,3.3428571428571425
3494,0.0,0.24444444444444444,0.78,3.190909090909091
3495,0.0,0.2,0.7735849056603774,3.867924528301887
3496,0.0,0.275,0.7924528301886793,2.881646655231561
3497,0.0,0.28,0.7115384615384616,2.541208791208791
3498,0.0,0.3137254901960784,0.6938775510204082,2.211734693877551
3499,0.0,0.27450980392156865,0.7543859649122807,2.7481203007518795
3500,0.0,0.29411764705882354,0.7192982456140351,2.4456140350877194
3501,0.0,0.21052631578947367,0.875,4.15625
3502,0.0,0.2413793103448276,0.813953488372093,3.3720930232558137
3503,0.0,0.3191489361702128,0.603448275862069,1.8908045977011492
3504,0.0,0.2727272727272727,0.7681159420289855,2.816425120772947
3505,0.0,0.20754716981132076,0.723404255319149,3.485493230174081
3506,0.0,0.24528301886792453,0.7543859649122807,3.0755735492577596
3507,0.0,0.17307692307692307,0.78,4.506666666666667
3508,0.0,0.30952380952380953,0.7575757575757576,2.4475524475524475
3509,0.0,0.30158730158730157,0.7666666666666667,2.542105263157895
3510,0.0,0.2,0.75,3.75
3511,0.0,0.2391304347826087,0.7241379310344828,3.0282131661442007
3512,0.0,0.3137254901960784,0.75,2.390625
3513,0.0,0.28,0.6792452830188679,2.425876010781671
3514,0.0,0.15555555555555556,0.8125,5.223214285714286
3515,0.0,0.3023255813953488,0.6382978723404256,2.111292962356792
3516,0.0,0.29411764705882354,0.7551020408163265,2.56734693877551
3517,0.0,0.30357142857142855,0.6481481481481481,2.135076252723312
3518,0.0,0.43478260869565216,0.8125,1.8687500000000001
3519,0.0,0.1346153846153846,0.8852459016393442,6.576112412177986
3520,0.0,0.22033898305084745,0.8301886792452831,3.7677793904209
3521,0.0,0.2413793103448276,0.9074074074074074,3.759259259259259
3522,0.0,0.16981132075471697,0.7887323943661971,4.644757433489827
3523,0.0,0.32727272727272727,0.7058823529411765,2.1568627450980395
3524,0.0,0.3333333333333333,0.8,2.4000000000000004
3525,0.0,0.2916666666666667,0.6875,2.357142857142857
3526,0.0,0.30434782608695654,0.7777777777777778,2.5555555555555554
3527,0.0,0.21621621621621623,0.8064516129032258,3.729838709677419
3528,0.0,0.21428571428571427,0.7945205479452054,3.7077625570776256
3529,0.0,0.23728813559322035,0.8333333333333334,3.511904761904762
3530,0.0,0.27450980392156865,0.7941176470588235,2.8928571428571423
3531,0.0,0.21311475409836064,0.6595744680851063,3.0949263502454993
3532,0.0,0.2727272727272727,0.7346938775510204,2.6938775510204085
3533,0.0,0.34285714285714286,0.8709677419354839,2.5403225806451615
3534,0.0,0.19298245614035087,0.7962962962962963,4.126262626262626
3535,0.0,0.23214285714285715,0.6190476190476191,2.6666666666666665
3536,0.0,0.34,0.75,2.205882352941176
3537,0.0,0.28,0.7678571428571429,2.74234693877551
3538,0.0,0.3076923076923077,0.7205882352941176,2.3419117647058822
3539,0.0,0.2459016393442623,0.6938775510204082,2.821768707482993
3540,0.0,0.3,0.78,2.6
3541,0.0,0.14035087719298245,0.8461538461538461,6.028846153846154
3542,0.0,0.3181818181818182,0.6808510638297872,2.139817629179331
3543,0.0,0.18181818181818182,0.6136363636363636,3.375
3544,0.0,0.26,0.873015873015873,3.357753357753358
3545,0.0,0.22641509433962265,0.803030303030303,3.5467171717171713
3546,0.0,0.32727272727272727,0.6470588235294118,1.977124183006536
3547,0.0,0.22916666666666666,0.5952380952380952,2.5974025974025974
3548,0.0,0.2631578947368421,0.68,2.5840000000000005
3549,0.0,0.24390243902439024,0.6851851851851852,2.8092592592592593
3550,0.0,0.35555555555555557,0.6938775510204082,1.9515306122448979
3551,0.0,0.37037037037037035,0.7837837837837838,2.116216216216216
3552,0.0,0.17857142857142858,0.7391304347826086,4.139130434782608
3553,0.0,0.2631578947368421,0.6739130434782609,2.5608695652173914
3554,0.0,0.32558139534883723,0.765625,2.3515625
3555,0.0,0.30612244897959184,0.8333333333333334,2.7222222222222223
3556,0.0,0.34782608695652173,0.8823529411764706,2.536764705882353
3557,0.0,0.2127659574468085,0.7543859649122807,3.5456140350877194
3558,0.0,0.23636363636363636,0.6923076923076923,2.9289940828402368
3559,0.0,0.23076923076923078,0.8448275862068966,3.660919540229885
3560,0.0,0.2727272727272727,0.859375,3.151041666666667
3561,0.0,0.32432432432432434,0.7254901960784313,2.236928104575163
3562,0.0,0.3469387755102041,0.8064516129032258,2.324478178368121
3563,0.0,0.2033898305084746,0.7777777777777778,3.824074074074074
3564,0.0,0.4146341463414634,0.6607142857142857,1.5934873949579833
3565,0.0,0.2807017543859649,0.7241379310344828,2.579741379310345
3566,0.0,0.25,0.8571428571428571,3.4285714285714284
3567,0.0,0.28846153846153844,0.7936507936507936,2.7513227513227516
3568,0.0,0.2222222222222222,0.65,2.9250000000000003
3569,0.0,0.16666666666666666,0.723404255319149,4.340425531914894
3570,0.0,0.3387096774193548,0.6842105263157895,2.020050125313283
3571,0.0,0.2909090909090909,0.6590909090909091,2.265625
3572,0.0,0.22,0.8269230769230769,3.7587412587412583
3573,0.0,0.19148936170212766,0.7708333333333334,4.025462962962963
3574,0.0,0.24489795918367346,0.8857142857142857,3.6166666666666667
3575,0.0,0.23404255319148937,0.7777777777777778,3.323232323232323
3576,0.0,0.22727272727272727,0.627906976744186,2.7627906976744185
3577,0.0,0.1702127659574468,0.9,5.2875000000000005
3578,0.0,0.28205128205128205,0.863013698630137,3.0597758405977586
3579,0.0,0.2708333333333333,0.7307692307692307,2.698224852071006
3580,0.0,0.22033898305084745,0.6842105263157895,3.105263157894737
3581,0.0,0.34210526315789475,0.7543859649122807,2.2051282051282053
3582,0.0,0.25,0.85,3.4
3583,0.0,0.28888888888888886,0.8,2.7692307692307696
3584,0.0,0.3055555555555556,0.819672131147541,2.682563338301043
3585,0.0,0.2857142857142857,0.7592592592592593,2.657407407407408
3586,0.0,0.22448979591836735,0.7906976744186046,3.522198731501057
3587,0.0,0.2698412698412698,0.8243243243243243,3.054848966613673
3588,0.0,0.2826086956521739,0.6944444444444444,2.4572649572649574
3589,0.0,0.28205128205128205,0.7777777777777778,2.757575757575758
3590,0.0,0.20689655172413793,0.7115384615384616,3.4391025641025643
3591,0.0,0.20833333333333334,0.6666666666666666,3.1999999999999997
3592,0.0,0.22727272727272727,0.6923076923076923,3.046153846153846
3593,0.0,0.2413793103448276,0.7142857142857143,2.9591836734693877
3594,0.0,0.3333333333333333,0.8064516129032258,2.4193548387096775
3595,0.0,0.32075471698113206,0.7192982456140351,2.2425180598555214
3596,0.0,0.32142857142857145,0.6346153846153846,1.974358974358974
3597,0.0,0.22916666666666666,0.7358490566037735,3.2109777015437393
3598,0.0,0.20930232558139536,0.7111111111111111,3.397530864197531
3599,0.0,0.2037037037037037,0.8448275862068966,4.147335423197492
3600,0.0,0.21428571428571427,0.8571428571428571,4.0
3601,0.0,0.18421052631578946,0.863013698630137,4.684931506849315
3602,0.0,0.31746031746031744,0.7419354838709677,2.3370967741935487
3603,0.0,0.2909090909090909,0.8059701492537313,2.7705223880597014
3604,0.0,0.2857142857142857,0.6326530612244898,2.2142857142857144
3605,0.0,0.24489795918367346,0.8260869565217391,3.3731884057971016
3606,0.0,0.24444444444444444,0.8305084745762712,3.3975346687211094
3607,0.0,0.2777777777777778,0.8113207547169812,2.9207547169811323
3608,0.0,0.2698412698412698,0.6551724137931034,2.4279918864097363
3609,0.0,0.3333333333333333,0.8421052631578947,2.526315789473684
3610,0.0,0.20930232558139536,0.8405797101449275,4.01610305958132
3611,0.0,0.18,0.8253968253968254,4.585537918871252
3612,0.0,0.19298245614035087,0.7857142857142857,4.071428571428571
3613,0.0,0.2037037037037037,0.7857142857142857,3.857142857142857
3614,0.0,0.45454545454545453,0.7,1.54
3615,0.0,0.3148148148148148,0.7761194029850746,2.4653204565408253
3616,0.0,0.30612244897959184,0.7755102040816326,2.533333333333333
3617,0.0,0.3275862068965517,0.7307692307692307,2.230769230769231
3618,0.0,0.24074074074074073,0.7659574468085106,3.1816693944353522
3619,0.0,0.2222222222222222,0.9047619047619048,4.071428571428572
3620,0.0,0.12280701754385964,0.7368421052631579,6.0
3621,0.0,0.18032786885245902,0.7111111111111111,3.9434343434343435
3622,0.0,0.20754716981132076,0.7777777777777778,3.7474747474747474
3623,0.0,0.36585365853658536,0.8333333333333334,2.277777777777778
3624,0.0,0.2923076923076923,0.6774193548387096,2.31748726655348
3625,0.0,0.20512820512820512,0.7435897435897436,3.6250000000000004
3626,0.0,0.27450980392156865,0.8421052631578947,3.06766917293233
3627,0.0,0.2564102564102564,0.859375,3.3515625000000004
3628,0.0,0.2909090909090909,0.7321428571428571,2.516741071428571
3629,0.0,0.203125,0.7560975609756098,3.7223264540337713
3630,0.0,0.2222222222222222,0.78125,3.515625
3631,0.0,0.29508196721311475,0.6721311475409836,2.2777777777777777
3632,0.0,0.4888888888888889,0.6708860759493671,1.3722669735327964
3633,0.0,0.30357142857142855,0.6984126984126984,2.300653594771242
3634,0.0,0.2830188679245283,0.7931034482758621,2.802298850574713
3635,0.0,0.30158730158730157,0.7627118644067796,2.528991971454059
3636,0.0,0.3170731707317073,0.6875,2.168269230769231
3637,0.0,0.3157894736842105,0.7454545454545455,2.360606060606061
3638,0.0,0.45454545454545453,0.7837837837837838,1.7243243243243243
3639,0.0,0.1951219512195122,0.84,4.305
3640,0.0,0.4,0.7111111111111111,1.7777777777777777
3641,0.0,0.375,0.7246376811594203,1.932367149758454
3642,0.0,0.26229508196721313,0.8133333333333334,3.100833333333333
3643,0.0,0.37735849056603776,0.71875,1.9046874999999999
3644,0.0,0.3,0.803030303030303,2.676767676767677
3645,0.0,0.2978723404255319,0.7454545454545455,2.5025974025974027
3646,0.0,0.3111111111111111,0.7878787878787878,2.5324675324675323
3647,0.0,0.375,0.6851851851851852,1.8271604938271606
3648,0.0,0.25,0.68,2.72
3649,0.0,0.23529411764705882,0.7758620689655172,3.2974137931034484
3650,0.0,0.41379310344827586,0.6888888888888889,1.6648148148148147
3651,0.0,0.40476190476190477,0.8051948051948052,1.9893048128342248
3652,0.0,0.28,0.7659574468085106,2.735562310030395
3653,0.0,0.36363636363636365,0.8125,2.234375
3654,0.0,0.35135135135135137,0.7045454545454546,2.0052447552447554
3655,0.0,0.3191489361702128,0.6136363636363636,1.9227272727272726
3656,0.0,0.15384615384615385,0.7659574468085106,4.978723404255319
3657,0.0,0.24528301886792453,0.6744186046511628,2.7495527728085865
3658,0.0,0.20454545454545456,0.8620689655172413,4.214559386973179
3659,0.0,0.25925925925925924,0.673469387755102,2.597667638483965
3660,0.0,0.17543859649122806,0.7358490566037735,4.194339622641509
3661,0.0,0.16981132075471697,0.8181818181818182,4.818181818181818
3662,0.0,0.22857142857142856,0.6170212765957447,2.6994680851063833
3663,0.0,0.22058823529411764,0.7758620689655172,3.5172413793103448
3664,0.0,0.21052631578947367,0.7551020408163265,3.586734693877551
3665,0.0,0.2,0.8461538461538461,4.230769230769231
3666,0.0,0.2153846153846154,0.75,3.4821428571428568
3667,0.0,0.2545454545454545,0.6956521739130435,2.7329192546583854
3668,0.0,0.4827586206896552,0.8529411764705882,1.7668067226890756
3669,0.0,0.22641509433962265,0.8043478260869565,3.552536231884058
3670,0.0,0.3181818181818182,0.8032786885245902,2.5245901639344264
3671,0.0,0.2894736842105263,0.9019607843137255,3.1158645276292334
3672,0.0,0.23076923076923078,0.7547169811320755,3.270440251572327
3673,0.0,0.1836734693877551,0.5945945945945946,3.2372372372372373
3674,0.0,0.15555555555555556,0.7551020408163265,4.854227405247813
3675,0.0,0.15873015873015872,0.7333333333333333,4.62
3676,0.0,0.2711864406779661,0.6610169491525424,2.4375
3677,0.0,0.3111111111111111,0.7843137254901961,2.5210084033613445
3678,0.0,0.20754716981132076,0.84,4.047272727272727
3679,0.0,0.38095238095238093,0.7321428571428571,1.921875
3680,0.0,0.2549019607843137,0.7580645161290323,2.9739454094292808
3681,0.0,0.22388059701492538,0.7272727272727273,3.2484848484848485
3682,0.0,0.29545454545454547,0.7746478873239436,2.6218851570964246
3683,0.0,0.3,0.6842105263157895,2.280701754385965
3684,0.0,0.20634920634920634,0.7555555555555555,3.661538461538462
3685,0.0,0.25,0.7692307692307693,3.076923076923077
3686,0.0,0.2553191489361702,0.7272727272727273,2.8484848484848486
3687,0.0,0.22,0.8064516129032258,3.665689149560117
3688,0.0,0.2903225806451613,0.6,2.0666666666666664
3689,0.0,0.2765957446808511,0.7843137254901961,2.835595776772247
3690,0.0,0.12962962962962962,0.8536585365853658,6.585365853658537
3691,0.0,0.4583333333333333,0.726027397260274,1.5840597758405979
3692,0.0,0.3333333333333333,0.8135593220338984,2.440677966101695
3693,0.0,0.2127659574468085,0.8421052631578947,3.957894736842105
3694,0.0,0.19230769230769232,0.7843137254901961,4.078431372549019
3695,0.0,0.24528301886792453,0.6511627906976745,2.6547406082289804
3696,0.0,0.3111111111111111,0.8387096774193549,2.695852534562212
3697,0.0,0.2542372881355932,0.7346938775510204,2.8897959183673474
3698,0.0,0.2413793103448276,0.7547169811320755,3.1266846361185983
3699,0.0,0.2222222222222222,0.673469387755102,3.0306122448979593
3700,0.0,0.2708333333333333,0.7169811320754716,2.647314949201742
3701,0.0,0.36666666666666664,0.7903225806451613,2.155425219941349
3702,0.0,0.25,0.8666666666666667,3.466666666666667
3703,0.0,0.21428571428571427,0.8372093023255814,3.906976744186047
3704,0.0,0.35,0.7704918032786885,2.2014051522248246
3705,0.0,0.32142857142857145,0.7142857142857143,2.2222222222222223
3706,0.0,0.3275862068965517,0.5849056603773585,1.785501489572989
3707,0.0,0.23255813953488372,0.8169014084507042,3.5126760563380284
3708,0.0,0.3170731707317073,0.74,2.333846153846154
3709,0.0,0.25,0.68,2.72
3710,0.0,0.358974358974359,0.7049180327868853,1.9637002341920375
3711,0.0,0.3333333333333333,0.6976744186046512,2.0930232558139537
3712,0.0,0.2459016393442623,0.7192982456140351,2.9251461988304093
3713,0.0,0.265625,0.6607142857142857,2.4873949579831933
3714,0.0,0.34615384615384615,0.7424242424242424,2.144781144781145
3715,0.0,0.3103448275862069,0.6538461538461539,2.106837606837607
3716,0.0,0.21518987341772153,0.627906976744186,2.9179206566347466
3717,0.0,0.2222222222222222,0.9259259259259259,4.166666666666667
3718,0.0,0.24074074074074073,0.7333333333333333,3.046153846153846
3719,0.0,0.2,0.8571428571428571,4.285714285714286
3720,0.0,0.375,0.803030303030303,2.1414141414141414
3721,0.0,0.20588235294117646,0.7111111111111111,3.453968253968254
3722,0.0,0.18181818181818182,0.7894736842105263,4.342105263157895
3723,0.0,0.4,0.7272727272727273,1.8181818181818181
3724,0.0,0.3050847457627119,0.746031746031746,2.445326278659612
3725,0.0,0.19298245614035087,0.7627118644067796,3.952234206471495
3726,0.0,0.17543859649122806,0.717948717948718,4.092307692307693
3727,0.0,0.3333333333333333,0.7142857142857143,2.1428571428571432
3728,0.0,0.30434782608695654,0.6721311475409836,2.2084309133489457
3729,0.0,0.18604651162790697,0.8166666666666667,4.389583333333333
3730,0.0,0.20454545454545456,0.8307692307692308,4.061538461538461
3731,0.0,0.25925925925925924,0.6595744680851063,2.5440729483282674
3732,0.0,0.3090909090909091,0.7377049180327869,2.3866923818707813
3733,0.0,0.2857142857142857,0.7037037037037037,2.4629629629629632
3734,0.0,0.34782608695652173,0.7846153846153846,2.2557692307692307
3735,0.0,0.3728813559322034,0.7777777777777778,2.085858585858586
3736,0.0,0.2391304347826087,0.7608695652173914,3.181818181818182
3737,0.0,0.14285714285714285,0.8666666666666667,6.066666666666667
3738,0.0,0.2391304347826087,0.7254901960784313,3.033868092691622
3739,0.0,0.2826086956521739,0.7222222222222222,2.555555555555556
3740,0.0,0.19047619047619047,0.6956521739130435,3.6521739130434785
3741,0.0,0.2926829268292683,0.8115942028985508,2.772946859903382
3742,0.0,0.2830188679245283,0.8333333333333334,2.9444444444444446
3743,0.0,0.1774193548387097,0.6938775510204082,3.910946196660482
3744,0.0,0.3333333333333333,0.5961538461538461,1.7884615384615385
3745,0.0,0.2,0.7884615384615384,3.942307692307692
3746,0.0,0.35294117647058826,0.6666666666666666,1.8888888888888886
3747,0.0,0.20833333333333334,0.803030303030303,3.854545454545454
3748,0.0,0.3018867924528302,0.7323943661971831,2.426056338028169
3749,0.0,0.3,0.7358490566037735,2.452830188679245
3750,0.0,0.19148936170212766,0.75,3.9166666666666665
3751,0.0,0.3902439024390244,0.7611940298507462,1.950559701492537
3752,0.0,0.2631578947368421,0.723404255319149,2.748936170212766
3753,0.0,0.23404255319148937,0.8421052631578947,3.5980861244019136
3754,0.0,0.18604651162790697,0.782608695652174,4.206521739130435
3755,0.0,0.2830188679245283,0.6875,2.4291666666666667
3756,0.0,0.2127659574468085,0.7428571428571429,3.4914285714285715
3757,0.0,0.46875,0.7192982456140351,1.5345029239766081
3758,0.0,0.2564102564102564,0.7377049180327869,2.8770491803278695
3759,0.0,0.30434782608695654,0.7142857142857143,2.346938775510204
3760,0.0,0.20408163265306123,0.7916666666666666,3.8791666666666664
3761,0.0,0.43243243243243246,0.7868852459016393,1.8196721311475408
3762,0.0,0.2826086956521739,0.723404255319149,2.5597381342062198
3763,0.0,0.1724137931034483,0.6666666666666666,3.8666666666666663
3764,0.0,0.2,0.717391304347826,3.58695652173913
3765,0.0,0.20967741935483872,0.5833333333333334,2.782051282051282
3766,0.0,0.36585365853658536,0.6458333333333334,1.765277777777778
3767,0.0,0.2711864406779661,0.6981132075471698,2.5742924528301887
3768,0.0,0.30357142857142855,0.7868852459016393,2.5920925747348122
3769,0.0,0.2698412698412698,0.7391304347826086,2.739130434782609
3770,0.0,0.17391304347826086,0.8333333333333334,4.791666666666667
3771,0.0,0.26666666666666666,0.8208955223880597,3.078358208955224
3772,0.0,0.3018867924528302,0.7,2.31875
3773,0.0,0.21568627450980393,0.6595744680851063,3.058027079303675
3774,0.0,0.26,0.8767123287671232,3.371970495258166
3775,0.0,0.4594594594594595,0.76,1.6541176470588235
3776,0.0,0.2777777777777778,0.8135593220338984,2.928813559322034
3777,0.0,0.1111111111111111,0.6666666666666666,6.0
3778,0.0,0.3617021276595745,0.746031746031746,2.0625583566760035
3779,0.0,0.16393442622950818,0.7142857142857143,4.357142857142858
3780,0.0,0.34782608695652173,0.8095238095238095,2.3273809523809526
3781,0.0,0.2807017543859649,0.7192982456140351,2.5625
3782,0.0,0.2222222222222222,0.7169811320754716,3.2264150943396226
3783,0.0,0.2553191489361702,0.74,2.8983333333333334
3784,0.0,0.32075471698113206,0.7936507936507936,2.4743230625583568
3785,0.0,0.20454545454545456,0.75,3.6666666666666665
3786,0.0,0.22,0.7441860465116279,3.382663847780127
3787,0.0,0.15555555555555556,0.7777777777777778,5.0
3788,0.0,0.09615384615384616,0.8043478260869565,8.365217391304348
3789,0.0,0.23529411764705882,0.8,3.4000000000000004
3790,0.0,0.2833333333333333,0.6190476190476191,2.184873949579832
3791,0.0,0.21818181818181817,0.8823529411764706,4.044117647058823
3792,0.0,0.2962962962962963,0.7241379310344828,2.4439655172413794
3793,0.0,0.2553191489361702,0.8870967741935484,3.474462365591398
3794,0.0,0.2653061224489796,0.8032786885245902,3.0277427490542244
3795,0.0,0.22950819672131148,0.7368421052631579,3.2105263157894735
3796,0.0,0.20930232558139536,0.8297872340425532,3.964539007092198
3797,0.0,0.23333333333333334,0.85,3.642857142857143
3798,0.0,0.23214285714285715,0.7560975609756098,3.2570356472795496
3799,0.0,0.20754716981132076,0.6888888888888889,3.319191919191919
3800,0.0,0.29545454545454547,0.7555555555555555,2.557264957264957
3801,0.0,0.3333333333333333,0.6808510638297872,2.042553191489362
3802,0.0,0.23333333333333334,0.7166666666666667,3.0714285714285716
3803,0.0,0.3,0.72,2.4
3804,0.0,0.36363636363636365,0.6964285714285714,1.9151785714285714
3805,0.0,0.25925925925925924,0.7692307692307693,2.967032967032967
3806,0.0,0.22916666666666666,0.85,3.709090909090909
3807,0.0,0.17647058823529413,0.7592592592592593,4.302469135802469
3808,0.0,0.16417910447761194,0.8269230769230769,5.036713286713287
3809,0.0,0.32075471698113206,0.8333333333333334,2.5980392156862746
3810,0.0,0.25,0.72,2.88
3811,0.0,0.19444444444444445,0.803921568627451,4.1344537815126055
3812,0.0,0.35714285714285715,0.6785714285714286,1.9000000000000001
3813,0.0,0.2553191489361702,0.7794117647058824,3.052696078431373
3814,0.0,0.5151515151515151,0.673469387755102,1.3073229291716686
3815,0.0,0.30434782608695654,0.8450704225352113,2.7766599597585513
3816,0.0,0.17777777777777778,0.8695652173913043,4.891304347826087
3817,0.0,0.2826086956521739,0.7441860465116279,2.6332737030411453
3818,0.0,0.1891891891891892,0.7884615384615384,4.167582417582417
3819,0.0,0.2608695652173913,0.7857142857142857,3.011904761904762
3820,0.0,0.25,0.8113207547169812,3.2452830188679247
3821,0.0,0.375,0.7796610169491526,2.07909604519774
3822,0.0,0.2037037037037037,0.75,3.681818181818182
3823,0.0,0.21428571428571427,0.7391304347826086,3.4492753623188404
3824,0.0,0.2037037037037037,0.7446808510638298,3.655705996131528
3825,0.0,0.27906976744186046,0.7254901960784313,2.599673202614379
3826,0.0,0.2391304347826087,0.7619047619047619,3.1861471861471857
3827,0.0,0.3333333333333333,0.7241379310344828,2.1724137931034484
3828,0.0,0.12903225806451613,0.8392857142857143,6.504464285714286
3829,0.0,0.2222222222222222,0.8305084745762712,3.7372881355932206
3830,0.0,0.21568627450980393,0.7872340425531915,3.6499032882011604
3831,0.0,0.17391304347826086,0.88,5.0600000000000005
3832,0.0,0.23529411764705882,0.6666666666666666,2.833333333333333
3833,0.0,0.2558139534883721,0.8356164383561644,3.266500622665006
3834,0.0,0.2807017543859649,0.75,2.671875
3835,0.0,0.3617021276595745,0.7258064516129032,2.0066413662239087
3836,0.0,0.3902439024390244,0.7540983606557377,1.9323770491803276
3837,0.0,0.2807017543859649,0.7605633802816901,2.709507042253521
3838,0.0,0.23404255319148937,0.7959183673469388,3.400742115027829
3839,0.0,0.3409090909090909,0.84375,2.475
3840,0.0,0.22641509433962265,0.7358490566037735,3.2499999999999996
3841,0.0,0.34285714285714286,0.8208955223880597,2.394278606965174
3842,0.0,0.38,0.6716417910447762,1.7674783974862531
3843,0.0,0.25,0.6721311475409836,2.6885245901639343
3844,0.0,0.3,0.673469387755102,2.2448979591836733
3845,0.0,0.3888888888888889,0.8064516129032258,2.073732718894009
3846,0.0,0.19230769230769232,0.7272727272727273,3.7818181818181817
3847,0.0,0.2631578947368421,0.5769230769230769,2.192307692307692
3848,0.0,0.3111111111111111,0.7708333333333334,2.4776785714285716
3849,0.0,0.35,0.7333333333333333,2.0952380952380953
3850,0.0,0.2653061224489796,0.8333333333333334,3.141025641025641
3851,0.0,0.20454545454545456,0.8840579710144928,4.322061191626409
3852,0.0,0.3333333333333333,0.7857142857142857,2.357142857142857
3853,0.0,0.17647058823529413,0.7708333333333334,4.368055555555555
3854,0.0,0.18,0.8113207547169812,4.507337526205451
3855,0.0,0.25,0.8225806451612904,3.2903225806451615
3856,0.0,0.2549019607843137,0.8085106382978723,3.171849427168576
3857,0.0,0.3617021276595745,0.7272727272727273,2.0106951871657754
3858,0.0,0.2391304347826087,0.7704918032786885,3.222056631892697
3859,0.0,0.17647058823529413,0.8421052631578947,4.771929824561403
3860,0.0,0.32432432432432434,0.7592592592592593,2.3410493827160495
3861,0.0,0.4375,0.6666666666666666,1.5238095238095237
3862,0.0,0.30434782608695654,0.8148148148148148,2.6772486772486768
3863,0.0,0.24242424242424243,0.5161290322580645,2.129032258064516
3864,0.0,0.12307692307692308,0.7352941176470589,5.974264705882353
3865,0.0,0.21739130434782608,0.7843137254901961,3.607843137254902
3866,0.0,0.1896551724137931,0.7777777777777778,4.101010101010101
3867,0.0,0.34285714285714286,0.7192982456140351,2.097953216374269
3868,0.0,0.2619047619047619,0.8709677419354839,3.325513196480938
3869,0.0,0.3333333333333333,0.7457627118644068,2.2372881355932206
3870,0.0,0.2727272727272727,0.717391304347826,2.630434782608696
3871,0.0,0.2413793103448276,0.8591549295774648,3.5593561368209254
3872,0.0,0.3050847457627119,0.5853658536585366,1.9186991869918697
3873,0.0,0.3333333333333333,0.8135593220338984,2.440677966101695
3874,0.0,0.20512820512820512,0.8,3.9000000000000004
3875,0.0,0.2631578947368421,0.7796610169491526,2.96271186440678
3876,0.0,0.2777777777777778,0.8,2.88
3877,0.0,0.16666666666666666,0.859375,5.15625
3878,0.0,0.2857142857142857,0.6274509803921569,2.196078431372549
3879,0.0,0.2037037037037037,0.7580645161290323,3.7214076246334313
3880,0.0,0.32608695652173914,0.7307692307692307,2.241025641025641
3881,0.0,0.4,0.7619047619047619,1.9047619047619047
3882,0.0,0.19148936170212766,0.8125,4.243055555555555
3883,0.0,0.45098039215686275,0.625,1.3858695652173914
3884,0.0,0.36585365853658536,0.7571428571428571,2.0695238095238095
3885,0.0,0.25,0.7966101694915254,3.1864406779661016
3886,0.0,0.3181818181818182,0.6666666666666666,2.0952380952380953
3887,0.0,0.1864406779661017,0.7045454545454546,3.7789256198347108
3888,0.0,0.2127659574468085,0.7692307692307693,3.6153846153846154
3889,0.0,0.32608695652173914,0.7419354838709677,2.275268817204301
3890,0.0,0.1724137931034483,0.7966101694915254,4.620338983050847
3891,0.0,0.19230769230769232,0.6136363636363636,3.190909090909091
3892,0.0,0.25,0.7966101694915254,3.1864406779661016
3893,0.0,0.3111111111111111,0.851063829787234,2.735562310030395
3894,0.0,0.27906976744186046,0.6981132075471698,2.501572327044025
3895,0.0,0.34615384615384615,0.7049180327868853,2.036429872495446
3896,0.0,0.23529411764705882,0.7777777777777778,3.305555555555556
3897,0.0,0.2708333333333333,0.7681159420289855,2.8361204013377925
3898,0.0,0.22448979591836735,0.7796610169491526,3.473035439137134
3899,0.0,0.2608695652173913,0.8333333333333334,3.1944444444444446
3900,0.0,0.18867924528301888,0.8214285714285714,4.353571428571428
3901,0.0,0.2916666666666667,0.8088235294117647,2.773109243697479
3902,0.0,0.22641509433962265,0.8095238095238095,3.5753968253968256
3903,0.0,0.3181818181818182,0.6666666666666666,2.0952380952380953
3904,0.0,0.3409090909090909,0.6521739130434783,1.9130434782608698
3905,0.0,0.10256410256410256,0.8367346938775511,8.158163265306124
3906,0.0,0.265625,0.746031746031746,2.80859010270775
3907,0.0,0.3170731707317073,0.7543859649122807,2.379217273954116
3908,0.0,0.40476190476190477,0.711864406779661,1.7587238285144566
3909,0.0,0.2558139534883721,0.7962962962962963,3.1127946127946124
3910,0.0,0.26666666666666666,0.7543859649122807,2.8289473684210527
3911,0.0,0.3142857142857143,0.7647058823529411,2.4331550802139037
3912,0.0,0.12962962962962962,0.7962962962962963,6.142857142857143
3913,0.0,0.4090909090909091,0.7746478873239436,1.8935837245696399
3914,0.0,0.2549019607843137,0.7547169811320755,2.960812772133527
3915,0.0,0.2962962962962963,0.7538461538461538,2.5442307692307695
3916,0.0,0.20833333333333334,0.896551724137931,4.303448275862069
3917,0.0,0.2727272727272727,0.8367346938775511,3.0680272108843543
3918,0.0,0.1875,0.8360655737704918,4.4590163934426235
3919,0.0,0.3269230769230769,0.7368421052631579,2.2538699690402475
3920,0.0,0.26,0.8225806451612904,3.163771712158809
3921,0.0,0.24324324324324326,0.864406779661017,3.553672316384181
3922,0.0,0.34285714285714286,0.8064516129032258,2.3521505376344085
3923,0.0,0.13432835820895522,0.7948717948717948,5.917378917378917
3924,0.0,0.30612244897959184,0.796875,2.603125
3925,0.0,0.296875,0.6,2.0210526315789474
3926,0.0,0.2545454545454545,0.5952380952380952,2.33843537414966
3927,0.0,0.2916666666666667,0.7941176470588235,2.7226890756302518
3928,0.0,0.24489795918367346,0.8070175438596491,3.2953216374269005
3929,0.0,0.3018867924528302,0.864406779661017,2.863347457627119
3930,0.0,0.26666666666666666,0.7384615384615385,2.7692307692307696
3931,0.0,0.38461538461538464,0.7049180327868853,1.8327868852459015
3932,0.0,0.3125,0.8356164383561644,2.673972602739726
3933,0.0,0.25,0.7543859649122807,3.017543859649123
3934,0.0,0.3333333333333333,0.875,2.625
3935,0.0,0.2391304347826087,0.7746478873239436,3.2394366197183095
3936,0.0,0.22580645161290322,0.86,3.8085714285714287
3937,0.0,0.28846153846153844,0.7671232876712328,2.6593607305936073
3938,0.0,0.40540540540540543,0.819672131147541,2.021857923497268
3939,0.0,0.1875,0.75,4.0
3940,0.0,0.3333333333333333,0.7222222222222222,2.166666666666667
3941,0.0,0.13333333333333333,0.8571428571428571,6.428571428571428
3942,0.0,0.2765957446808511,0.7045454545454546,2.547202797202797
3943,0.0,0.42857142857142855,0.7346938775510204,1.7142857142857144
3944,0.0,0.22807017543859648,0.7627118644067796,3.344198174706649
3945,0.0,0.18181818181818182,0.75,4.125
3946,0.0,0.2903225806451613,0.62,2.1355555555555554
3947,0.0,0.3684210526315789,0.7894736842105263,2.142857142857143
3948,0.0,0.21428571428571427,0.6521739130434783,3.0434782608695654
3949,0.0,0.23404255319148937,0.75,3.2045454545454546
3950,0.0,0.2,0.8269230769230769,4.134615384615384
3951,0.0,0.21311475409836064,0.75,3.5192307692307696
3952,0.0,0.2777777777777778,0.6444444444444445,2.32
3953,0.0,0.325,0.7833333333333333,2.41025641025641
3954,0.0,0.19230769230769232,0.7045454545454546,3.6636363636363636
3955,0.0,0.20454545454545456,0.8484848484848485,4.148148148148148
3956,0.0,0.2,0.7674418604651163,3.8372093023255816
3957,0.0,0.34210526315789475,0.6875,2.0096153846153846
3958,0.0,0.3157894736842105,0.696969696969697,2.207070707070707
3959,0.0,0.23076923076923078,0.6585365853658537,2.8536585365853657
3960,0.0,0.24489795918367346,0.8902439024390244,3.6351626016260163
3961,0.0,0.3404255319148936,0.7241379310344828,2.127155172413793
3962,0.0,0.2545454545454545,0.8208955223880597,3.2249466950959493
3963,0.0,0.3125,0.7450980392156863,2.384313725490196
3964,0.0,0.19696969696969696,0.7142857142857143,3.626373626373627
3965,0.0,0.24324324324324326,0.7551020408163265,3.1043083900226756
3966,0.0,0.21818181818181817,0.75,3.4375
3967,0.0,0.23636363636363636,0.7,2.9615384615384612
3968,0.0,0.2857142857142857,0.6862745098039216,2.401960784313726
3969,0.0,0.24444444444444444,0.7818181818181819,3.1983471074380168
3970,0.0,0.3404255319148936,0.6730769230769231,1.9771634615384617
3971,0.0,0.23214285714285715,0.7222222222222222,3.111111111111111
3972,0.0,0.25757575757575757,0.5853658536585366,2.272596843615495
3973,0.0,0.19230769230769232,0.75,3.9
3974,0.0,0.21212121212121213,0.6530612244897959,3.0787172011661803
3975,0.0,0.325,0.7419354838709677,2.2828784119106698
3976,0.0,0.30434782608695654,0.7301587301587301,2.399092970521542
3977,0.0,0.23636363636363636,0.7735849056603774,3.272859216255443
3978,0.0,0.2692307692307692,0.8095238095238095,3.0068027210884356
3979,0.0,0.2631578947368421,0.7045454545454546,2.6772727272727277
3980,0.0,0.2727272727272727,0.7575757575757576,2.777777777777778
3981,0.0,0.2830188679245283,0.8,2.826666666666667
3982,0.0,0.2608695652173913,0.7727272727272727,2.962121212121212
3983,0.0,0.2765957446808511,0.7450980392156863,2.6938159879336347
3984,0.0,0.1724137931034483,0.6774193548387096,3.9290322580645154
3985,0.0,0.17073170731707318,0.8709677419354839,5.1013824884792625
3986,0.0,0.21052631578947367,0.6511627906976745,3.093023255813954
3987,0.0,0.1794871794871795,0.8333333333333334,4.642857142857143
3988,0.0,0.38,0.7258064516129032,1.9100169779286926
3989,0.0,0.3695652173913043,0.7704918032786885,2.0848601735776278
3990,0.0,0.06896551724137931,0.9259259259259259,13.425925925925926
3991,0.0,0.1346153846153846,0.7,5.2
3992,0.0,0.19607843137254902,0.7555555555555555,3.8533333333333335
3993,0.0,0.175,0.8787878787878788,5.021645021645022
3994,0.0,0.24324324324324326,0.8181818181818182,3.3636363636363638
3995,0.0,0.25,0.8253968253968254,3.3015873015873014
3996,0.0,0.3,0.7333333333333333,2.444444444444444
3997,0.0,0.25925925925925924,0.8148148148148148,3.142857142857143
3998,0.0,0.28,0.7454545454545455,2.662337662337662
3999,0.0,0.3076923076923077,0.7704918032786885,2.5040983606557377
4000,0.0,0.1702127659574468,0.84,4.935
4001,0.0,0.23214285714285715,0.631578947368421,2.720647773279352
4002,0.0,0.23076923076923078,0.8363636363636363,3.6242424242424236
4003,0.0,0.14285714285714285,0.8333333333333334,5.833333333333334
4004,0.0,0.1935483870967742,0.7755102040816326,4.006802721088436
4005,0.0,0.19230769230769232,0.7906976744186046,4.111627906976744
4006,0.0,0.3409090909090909,0.711864406779661,2.088135593220339
4007,0.0,0.1724137931034483,0.8297872340425532,4.812765957446808
4008,0.0,0.3333333333333333,0.7166666666666667,2.1500000000000004
4009,0.0,0.2916666666666667,0.75,2.571428571428571
4010,0.0,0.2631578947368421,0.7647058823529411,2.9058823529411764
4011,0.0,0.34285714285714286,0.6,1.75
4012,0.0,0.2537313432835821,0.7307692307692307,2.880090497737556
4013,0.0,0.16666666666666666,0.8478260869565217,5.086956521739131
4014,0.0,0.19148936170212766,0.7254901960784313,3.7886710239651413
4015,0.0,0.29545454545454547,0.6851851851851852,2.319088319088319
4016,0.0,0.25,0.7142857142857143,2.857142857142857
4017,0.0,0.2545454545454545,0.6949152542372882,2.730024213075061
4018,0.0,0.2708333333333333,0.7377049180327869,2.723833543505675
4019,0.0,0.2033898305084746,0.7209302325581395,3.5445736434108523
4020,0.0,0.21311475409836064,0.6666666666666666,3.128205128205128
4021,0.0,0.36363636363636365,0.8113207547169812,2.2311320754716983
4022,0.0,0.21568627450980393,0.7924528301886793,3.67409948542024
4023,0.0,0.24,0.7407407407407407,3.0864197530864197
4024,0.0,0.2413793103448276,0.6346153846153846,2.6291208791208787
4025,0.0,0.1794871794871795,0.9090909090909091,5.064935064935065
4026,0.0,0.2765957446808511,0.8225806451612904,2.9739454094292803
4027,0.0,0.25,0.7777777777777778,3.111111111111111
4028,0.0,0.2909090909090909,0.7301587301587301,2.509920634920635
4029,0.0,0.38,0.7833333333333333,2.06140350877193
4030,0.0,0.1917808219178082,0.64,3.337142857142857
4031,0.0,0.21311475409836064,0.7704918032786885,3.6153846153846154
4032,0.0,0.3404255319148936,0.6981132075471698,2.0507075471698113
4033,0.0,0.32558139534883723,0.6521739130434783,2.0031055900621118
4034,0.0,0.375,0.6851851851851852,1.8271604938271606
4035,0.0,0.23255813953488372,0.7924528301886793,3.407547169811321
4036,0.0,0.32,0.8461538461538461,2.644230769230769
4037,0.0,0.2553191489361702,0.78,3.055
4038,0.0,0.3392857142857143,0.7704918032786885,2.270923209663503
4039,0.0,0.3275862068965517,0.8253968253968254,2.5196324143692563
4040,0.0,0.28888888888888886,0.8125,2.8125000000000004
4041,0.0,0.3076923076923077,0.8095238095238095,2.630952380952381
4042,0.0,0.21153846153846154,0.7647058823529411,3.6149732620320854
4043,0.0,0.14285714285714285,0.7894736842105263,5.526315789473685
4044,0.0,0.22641509433962265,0.8275862068965517,3.655172413793103
4045,0.0,0.2553191489361702,0.7166666666666667,2.806944444444445
4046,0.0,0.3333333333333333,0.5348837209302325,1.6046511627906976
4047,0.0,0.30612244897959184,0.7857142857142857,2.5666666666666664
4048,0.0,0.1702127659574468,0.86,5.0525
4049,0.0,0.2711864406779661,0.6739130434782609,2.485054347826087
4050,0.0,0.2222222222222222,0.7727272727272727,3.4772727272727275
4051,0.0,0.22727272727272727,0.7169811320754716,3.154716981132075
4052,0.0,0.26,0.7592592592592593,2.92022792022792
4053,0.0,0.125,0.7708333333333334,6.166666666666667
4054,0.0,0.25,0.7878787878787878,3.1515151515151514
4055,0.0,0.3333333333333333,0.75,2.25
4056,0.0,0.20689655172413793,0.7777777777777778,3.7592592592592595
4057,0.0,0.12727272727272726,0.9090909090909091,7.142857142857143
4058,0.0,0.3829787234042553,0.7121212121212122,1.8594276094276094
4059,0.0,0.1702127659574468,0.782608695652174,4.597826086956522
4060,0.0,0.21052631578947367,0.7407407407407407,3.5185185185185186
4061,0.0,0.21052631578947367,0.7441860465116279,3.5348837209302326
4062,0.0,0.24444444444444444,0.7910447761194029,3.2360922659430122
4063,0.0,0.23076923076923078,0.6862745098039216,2.9738562091503264
4064,0.0,0.38095238095238093,0.7017543859649122,1.8421052631578947
4065,0.0,0.1935483870967742,0.7872340425531915,4.067375886524823
4066,0.0,0.16279069767441862,0.8333333333333334,5.119047619047619
4067,0.0,0.28125,0.7704918032786885,2.7395264116575593
4068,0.0,0.19298245614035087,0.6842105263157895,3.545454545454546
4069,0.0,0.3,0.7966101694915254,2.6553672316384183
4070,0.0,0.37037037037037035,0.625,1.6875
4071,0.0,0.21052631578947367,0.8448275862068966,4.012931034482759
4072,0.0,0.18,0.7547169811320755,4.1928721174004195
4073,0.0,0.19402985074626866,0.8166666666666667,4.208974358974359
4074,0.0,0.2727272727272727,0.7924528301886793,2.905660377358491
4075,0.0,0.22972972972972974,0.6578947368421053,2.863777089783282
4076,0.0,0.3541666666666667,0.8493150684931506,2.3980660757453665
4077,0.0,0.21428571428571427,0.7017543859649122,3.2748538011695905
4078,0.0,0.27450980392156865,0.76,2.7685714285714282
4079,0.0,0.17391304347826086,0.7959183673469388,4.576530612244898
4080,0.0,0.2638888888888889,0.6470588235294118,2.4520123839009287
4081,0.0,0.1794871794871795,0.8833333333333333,4.921428571428571
4082,0.0,0.25,0.8392857142857143,3.357142857142857
4083,0.0,0.20512820512820512,0.6730769230769231,3.2812500000000004
4084,0.0,0.2727272727272727,0.6964285714285714,2.553571428571429
4085,0.0,0.3793103448275862,0.711864406779661,1.87673343605547
4086,0.0,0.40425531914893614,0.6764705882352942,1.6733746130030962
4087,0.0,0.19148936170212766,0.6842105263157895,3.5730994152046787
4088,0.0,0.29545454545454547,0.8225806451612904,2.7841191066997517
4089,0.0,0.24489795918367346,0.7407407407407407,3.0246913580246915
4090,0.0,0.2711864406779661,0.7627118644067796,2.8125
4091,0.0,0.3958333333333333,0.7804878048780488,1.9717586649550707
4092,0.0,0.36363636363636365,0.6923076923076923,1.9038461538461537
4093,0.0,0.14754098360655737,0.7380952380952381,5.002645502645503
4094,0.0,0.3488372093023256,0.7288135593220338,2.089265536723164
4095,0.0,0.2,0.75,3.75
4096,0.0,0.1111111111111111,0.8125,7.3125
4097,0.0,0.3125,0.8305084745762712,2.6576271186440676
4098,0.0,0.2558139534883721,0.8448275862068966,3.3025078369905954
4099,0.0,0.14634146341463414,0.7045454545454546,4.81439393939394
4100,0.0,0.23728813559322035,0.7142857142857143,3.010204081632653
4101,0.0,0.2826086956521739,0.7543859649122807,2.669365721997301
4102,0.0,0.2545454545454545,0.7868852459016393,3.0913348946135835
4103,0.0,0.2708333333333333,0.6428571428571429,2.373626373626374
4104,0.0,0.3409090909090909,0.7090909090909091,2.08
4105,0.0,0.2923076923076923,0.711864406779661,2.4353256021409453
4106,0.0,0.3269230769230769,0.7611940298507462,2.328358208955224
4107,0.0,0.2826086956521739,0.6862745098039216,2.4283559577677227
4108,0.0,0.36666666666666664,0.803921568627451,2.1925133689839575
4109,0.0,0.23333333333333334,0.7045454545454546,3.0194805194805197
4110,0.0,0.1836734693877551,0.7083333333333334,3.8564814814814814
4111,0.0,0.4,0.6727272727272727,1.6818181818181817
4112,0.0,0.2894736842105263,0.8028169014084507,2.7733674775928296
4113,0.0,0.18,0.8367346938775511,4.648526077097506
4114,0.0,0.34545454545454546,0.7368421052631579,2.1329639889196677
4115,0.0,0.18571428571428572,0.6727272727272727,3.622377622377622
4116,0.0,0.2037037037037037,0.8125,3.9886363636363638
4117,0.0,0.1774193548387097,0.68,3.832727272727273
4118,0.0,0.2830188679245283,0.6862745098039216,2.42483660130719
4119,0.0,0.23636363636363636,0.7254901960784313,3.0693815987933633
4120,0.0,0.36363636363636365,0.7777777777777778,2.138888888888889
4121,0.0,0.2857142857142857,0.7966101694915254,2.788135593220339
4122,0.0,0.13924050632911392,0.6511627906976745,4.676532769556026
4123,0.0,0.23636363636363636,0.7551020408163265,3.194662480376766
4124,0.0,0.24528301886792453,0.7659574468085106,3.1227495908346974
4125,0.0,0.2923076923076923,0.6785714285714286,2.3214285714285716
4126,0.0,0.25,0.8148148148148148,3.259259259259259
4127,0.0,0.234375,0.7222222222222222,3.0814814814814815
4128,0.0,0.21052631578947367,0.8529411764705882,4.051470588235294
4129,0.0,0.27450980392156865,0.8518518518518519,3.103174603174603
4130,0.0,0.3,0.8125,2.7083333333333335
4131,0.0,0.30612244897959184,0.7049180327868853,2.3027322404371584
4132,0.0,0.37254901960784315,0.7258064516129032,1.9482173174872666
4133,0.0,0.2692307692307692,0.7454545454545455,2.768831168831169
4134,0.0,0.16071428571428573,0.8548387096774194,5.318996415770609
4135,0.0,0.30434782608695654,0.7555555555555555,2.482539682539682
4136,0.0,0.24444444444444444,0.8113207547169812,3.3190394511149233
4137,0.0,0.23255813953488372,0.8,3.4400000000000004
4138,0.0,0.2545454545454545,0.6842105263157895,2.6879699248120303
4139,0.0,0.1951219512195122,0.8852459016393442,4.536885245901639
4140,0.0,0.3333333333333333,0.7692307692307693,2.307692307692308
4141,0.0,0.3333333333333333,0.6181818181818182,1.8545454545454545
4142,0.0,0.3,0.7037037037037037,2.345679012345679
4143,0.0,0.19642857142857142,0.7547169811320755,3.842195540308748
4144,0.0,0.22807017543859648,0.8085106382978723,3.545008183306056
4145,0.0,0.3,0.68,2.266666666666667
4146,0.0,0.3023255813953488,0.7741935483870968,2.5607940446650126
4147,0.0,0.28846153846153844,0.75,2.6
4148,0.0,0.2558139534883721,0.7719298245614035,3.0175438596491224
4149,0.0,0.22916666666666666,0.8333333333333334,3.6363636363636367
4150,0.0,0.2857142857142857,0.8405797101449275,2.9420289855072466
4151,0.0,0.1702127659574468,0.8656716417910447,5.085820895522388
4152,0.0,0.17777777777777778,0.9285714285714286,5.223214285714286
4153,0.0,0.16393442622950818,0.7894736842105263,4.815789473684211
4154,0.0,0.14,0.8412698412698413,6.00907029478458
4155,0.0,0.2807017543859649,0.7241379310344828,2.579741379310345
4156,0.0,0.16666666666666666,0.7954545454545454,4.7727272727272725
4157,0.0,0.3111111111111111,0.7111111111111111,2.2857142857142856
4158,0.0,0.2549019607843137,0.8103448275862069,3.179045092838196
4159,0.0,0.20408163265306123,0.8253968253968254,4.044444444444444
4160,0.0,0.2553191489361702,0.78125,3.0598958333333335
4161,0.0,0.2037037037037037,0.7346938775510204,3.606679035250464
4162,0.0,0.2830188679245283,0.8135593220338984,2.874576271186441
4163,0.0,0.32432432432432434,0.7755102040816326,2.391156462585034
4164,0.0,0.29545454545454547,0.6964285714285714,2.3571428571428568
4165,0.0,0.25,0.8421052631578947,3.3684210526315788
4166,0.0,0.16363636363636364,0.85,5.194444444444445
4167,0.0,0.18518518518518517,0.8035714285714286,4.339285714285714
4168,0.0,0.3488372093023256,0.7254901960784313,2.079738562091503
4169,0.0,0.2641509433962264,0.673469387755102,2.5495626822157433
4170,0.0,0.1509433962264151,0.7843137254901961,5.196078431372549
4171,0.0,0.3023255813953488,0.8095238095238095,2.677655677655678
4172,0.0,0.27450980392156865,0.5555555555555556,2.0238095238095237
4173,0.0,0.2682926829268293,0.7627118644067796,2.842835130970724
4174,0.0,0.30952380952380953,0.8088235294117647,2.6131221719457014
4175,0.0,0.3673469387755102,0.6666666666666666,1.8148148148148147
4176,0.0,0.24074074074074073,0.7586206896551724,3.151193633952255
4177,0.0,0.2553191489361702,0.6222222222222222,2.437037037037037
4178,0.0,0.28846153846153844,0.7592592592592593,2.632098765432099
4179,0.0,0.4418604651162791,0.7428571428571429,1.681203007518797
4180,0.0,0.21666666666666667,0.7916666666666666,3.6538461538461537
4181,0.0,0.18032786885245902,0.7647058823529411,4.240641711229946
4182,0.0,0.28,0.7727272727272727,2.7597402597402594
4183,0.0,0.2807017543859649,0.7068965517241379,2.5183189655172415
4184,0.0,0.35714285714285715,0.8656716417910447,2.423880597014925
4185,0.0,0.2833333333333333,0.7758620689655172,2.738336713995943
4186,0.0,0.25,0.7454545454545455,2.981818181818182
4187,0.0,0.30952380952380953,0.7045454545454546,2.2762237762237763
4188,0.0,0.14285714285714285,0.803921568627451,5.627450980392157
4189,0.0,0.19148936170212766,0.8,4.177777777777778
4190,0.0,0.4146341463414634,0.6666666666666666,1.607843137254902
4191,0.0,0.2916666666666667,0.7924528301886793,2.7169811320754715
4192,0.0,0.2222222222222222,0.8387096774193549,3.774193548387097
4193,0.0,0.15384615384615385,0.8222222222222222,5.344444444444444
4194,0.0,0.2903225806451613,0.7647058823529411,2.6339869281045747
4195,0.0,0.3333333333333333,0.7592592592592593,2.277777777777778
4196,0.0,0.15217391304347827,0.890625,5.852678571428571
4197,0.0,0.2553191489361702,0.7307692307692307,2.8621794871794872
4198,0.0,0.171875,0.675,3.9272727272727277
4199,0.0,0.21951219512195122,0.8723404255319149,3.9739952718676124
4200,0.0,0.2653061224489796,0.717391304347826,2.704013377926421
4201,0.0,0.24528301886792453,0.673469387755102,2.7456828885400313
4202,0.0,0.18181818181818182,0.75,4.125
4203,0.0,0.2222222222222222,0.6923076923076923,3.1153846153846154
4204,0.0,0.265625,0.6909090909090909,2.6010695187165775
4205,0.0,0.25806451612903225,0.8571428571428571,3.321428571428571
4206,0.0,0.1702127659574468,0.7368421052631579,4.328947368421052
4207,0.0,0.425531914893617,0.7727272727272727,1.815909090909091
4208,0.0,0.16326530612244897,0.7735849056603774,4.738207547169812
4209,0.0,0.275,0.8095238095238095,2.9437229437229435
4210,0.0,0.1774193548387097,0.7727272727272727,4.355371900826446
4211,0.0,0.2653061224489796,0.7272727272727273,2.7412587412587412
4212,0.0,0.3050847457627119,0.8333333333333334,2.7314814814814814
4213,0.0,0.41509433962264153,0.6181818181818182,1.4892561983471073
4214,0.0,0.21052631578947367,0.7692307692307693,3.653846153846154
4215,0.0,0.23214285714285715,0.8064516129032258,3.47394540942928
4216,0.0,0.28,0.6808510638297872,2.43161094224924
4217,0.0,0.16071428571428573,0.8307692307692308,5.1692307692307695
4218,0.0,0.29545454545454547,0.6875,2.3269230769230766
4219,0.0,0.47619047619047616,0.6949152542372882,1.4593220338983053
4220,0.0,0.20833333333333334,0.8035714285714286,3.857142857142857
4221,0.0,0.24,0.8305084745762712,3.46045197740113
4222,0.0,0.19298245614035087,0.6956521739130435,3.6047430830039526
4223,0.0,0.35135135135135137,0.8163265306122449,2.3233908948194664
4224,0.0,0.2711864406779661,0.7407407407407407,2.7314814814814814
4225,0.0,0.3018867924528302,0.8235294117647058,2.7279411764705883
4226,0.0,0.10144927536231885,0.717948717948718,7.076923076923077
4227,0.0,0.15384615384615385,0.8,5.2
4228,0.0,0.24,0.8656716417910447,3.6069651741293534
4229,0.0,0.2926829268292683,0.8115942028985508,2.772946859903382
4230,0.0,0.4146341463414634,0.6,1.4470588235294117
4231,0.0,0.23404255319148937,0.7380952380952381,3.153679653679654
4232,0.0,0.36538461538461536,0.7910447761194029,2.1649646504320503
4233,0.0,0.3023255813953488,0.8289473684210527,2.7419028340080973
4234,0.0,0.35,0.7115384615384616,2.0329670329670333
4235,0.0,0.3,0.7727272727272727,2.5757575757575757
4236,0.0,0.43902439024390244,0.746268656716418,1.6998341625207298
4237,0.0,0.23076923076923078,0.8269230769230769,3.583333333333333
4238,0.0,0.23809523809523808,0.7346938775510204,3.085714285714286
4239,0.0,0.25806451612903225,0.6122448979591837,2.372448979591837
4240,0.0,0.425531914893617,0.7213114754098361,1.6950819672131148
4241,0.0,0.2727272727272727,0.7884615384615384,2.891025641025641
4242,0.0,0.4444444444444444,0.6666666666666666,1.5
4243,0.0,0.17307692307692307,0.782608695652174,4.521739130434783
4244,0.0,0.30612244897959184,0.746031746031746,2.437037037037037
4245,0.0,0.20512820512820512,0.7674418604651163,3.741279069767442
4246,0.0,0.28846153846153844,0.5476190476190477,1.8984126984126988
4247,0.0,0.3684210526315789,0.8367346938775511,2.2711370262390673
4248,0.0,0.30357142857142855,0.7777777777777778,2.562091503267974
4249,0.0,0.4358974358974359,0.765625,1.7564338235294117
4250,0.0,0.3170731707317073,0.75,2.3653846153846154
4251,0.0,0.2857142857142857,0.6551724137931034,2.293103448275862
4252,0.0,0.30357142857142855,0.8309859154929577,2.7373653686826844
4253,0.0,0.32142857142857145,0.7580645161290323,2.3584229390681
4254,0.0,0.38,0.8375,2.2039473684210527
4255,0.0,0.25,0.8235294117647058,3.2941176470588234
4256,0.0,0.2647058823529412,0.7,2.6444444444444444
4257,0.0,0.2692307692307692,0.8070175438596491,2.9974937343358397
4258,0.0,0.3333333333333333,0.7678571428571429,2.303571428571429
4259,0.0,0.3508771929824561,0.6825396825396826,1.9452380952380954
4260,0.0,0.2459016393442623,0.6818181818181818,2.7727272727272725
4261,0.0,0.14893617021276595,0.7906976744186046,5.308970099667774
4262,0.0,0.16981132075471697,0.74,4.357777777777778
4263,0.0,0.2692307692307692,0.7446808510638298,2.765957446808511
4264,0.0,0.3050847457627119,0.7647058823529411,2.506535947712418
4265,0.0,0.3584905660377358,0.7846153846153846,2.188663967611336
4266,0.0,0.1320754716981132,0.8305084745762712,6.288135593220339
4267,0.0,0.21428571428571427,0.7547169811320755,3.5220125786163528
4268,0.0,0.28,0.75,2.6785714285714284
4269,0.0,0.2682926829268293,0.75,2.7954545454545454
4270,0.0,0.2549019607843137,0.7068965517241379,2.773209549071618
4271,0.0,0.3018867924528302,0.7358490566037735,2.4375
4272,0.0,0.28205128205128205,0.8103448275862069,2.873040752351097
4273,0.0,0.2631578947368421,0.7543859649122807,2.8666666666666667
4274,0.0,0.23728813559322035,0.7540983606557377,3.1779859484777515
4275,0.0,0.2,0.8125,4.0625
4276,0.0,0.225,0.8166666666666667,3.6296296296296293
4277,0.0,0.3888888888888889,0.8194444444444444,2.107142857142857
4278,0.0,0.20967741935483872,0.6964285714285714,3.321428571428571
4279,0.0,0.25,0.8709677419354839,3.4838709677419355
4280,0.0,0.375,0.5384615384615384,1.435897435897436
4281,0.0,0.24528301886792453,0.8769230769230769,3.575147928994083
4282,0.0,0.23809523809523808,0.8727272727272727,3.6654545454545455
4283,0.0,0.2222222222222222,0.8082191780821918,3.636986301369863
4284,0.0,0.4230769230769231,0.7288135593220338,1.7226502311248073
4285,0.0,0.2653061224489796,0.8085106382978723,3.0474631751227492
4286,0.0,0.38461538461538464,0.6730769230769231,1.75
4287,0.0,0.3488372093023256,0.7746478873239436,2.220657276995305
4288,0.0,0.16666666666666666,0.896551724137931,5.379310344827586
4289,0.0,0.21311475409836064,0.7068965517241379,3.316976127320955
4290,0.0,0.24,0.7931034482758621,3.3045977011494254
4291,0.0,0.34146341463414637,0.8421052631578947,2.4661654135338344
4292,0.0,0.38181818181818183,0.7142857142857143,1.8707482993197277
4293,0.0,0.36585365853658536,0.8387096774193549,2.29247311827957
4294,0.0,0.32,0.8840579710144928,2.76268115942029
4295,0.0,0.23529411764705882,0.7916666666666666,3.364583333333333
4296,0.0,0.2682926829268293,0.6829268292682927,2.5454545454545454
4297,0.0,0.32608695652173914,0.7966101694915254,2.4429378531073445
4298,0.0,0.2807017543859649,0.7432432432432432,2.647804054054054
4299,0.0,0.23684210526315788,0.8048780487804879,3.398373983739838
4300,0.0,0.21428571428571427,0.8235294117647058,3.843137254901961
4301,0.0,0.25,0.7659574468085106,3.0638297872340425
4302,0.0,0.3333333333333333,0.7659574468085106,2.297872340425532
4303,0.0,0.24074074074074073,0.7924528301886793,3.291727140783745
4304,0.0,0.2727272727272727,0.7945205479452054,2.91324200913242
4305,0.0,0.32,0.8103448275862069,2.5323275862068964
4306,0.0,0.25,0.7692307692307693,3.076923076923077
4307,0.0,0.16666666666666666,0.6888888888888889,4.133333333333334
4308,0.0,0.29411764705882354,0.6585365853658537,2.2390243902439027
4309,0.0,0.1111111111111111,0.7857142857142857,7.071428571428572
4310,0.0,0.4358974358974359,0.6716417910447762,1.540825285338016
4311,0.0,0.1836734693877551,0.819672131147541,4.462659380692167
4312,0.0,0.26785714285714285,0.6938775510204082,2.5904761904761906
4313,0.0,0.2,0.7454545454545455,3.727272727272727
4314,0.0,0.24,0.76,3.166666666666667
4315,0.0,0.2765957446808511,0.7538461538461538,2.7254437869822485
4316,0.0,0.24444444444444444,0.8275862068965517,3.385579937304075
4317,0.0,0.2653061224489796,0.6666666666666666,2.5128205128205123
4318,0.0,0.29310344827586204,0.8,2.729411764705883
4319,0.0,0.2037037037037037,0.7674418604651163,3.7674418604651168
4320,0.0,0.2807017543859649,0.7666666666666667,2.73125
4321,0.0,0.37777777777777777,0.8,2.1176470588235294
4322,0.0,0.13333333333333333,0.8333333333333334,6.25
4323,0.0,0.38636363636363635,0.8307692307692308,2.1502262443438918
4324,0.0,0.19230769230769232,0.8367346938775511,4.351020408163265
4325,0.0,0.2682926829268293,0.8518518518518519,3.1750841750841747
4326,0.0,0.23333333333333334,0.7424242424242424,3.1818181818181817
4327,0.0,0.1836734693877551,0.8275862068965517,4.505747126436781
4328,0.0,0.19298245614035087,0.7317073170731707,3.7915742793791574
4329,0.0,0.26666666666666666,0.6530612244897959,2.4489795918367347
4330,0.0,0.23529411764705882,0.6226415094339622,2.6462264150943398
4331,0.0,0.28205128205128205,0.7627118644067796,2.7041602465331276
4332,0.0,0.3333333333333333,0.7213114754098361,2.1639344262295084
4333,0.0,0.26153846153846155,0.7192982456140351,2.7502579979360164
4334,0.0,0.23636363636363636,0.5833333333333334,2.467948717948718
4335,0.0,0.1774193548387097,0.8245614035087719,4.647527910685805
4336,0.0,0.2558139534883721,0.7804878048780488,3.0509977827050996
4337,0.0,0.20967741935483872,0.7704918032786885,3.674653215636822
4338,0.0,0.2807017543859649,0.7,2.49375
4339,0.0,0.3617021276595745,0.7878787878787878,2.17825311942959
4340,0.0,0.25862068965517243,0.7377049180327869,2.8524590163934427
4341,0.0,0.2765957446808511,0.828125,2.9939903846153846
4342,0.0,0.3902439024390244,0.7777777777777778,1.9930555555555556
4343,0.0,0.5128205128205128,0.6451612903225806,1.2580645161290323
4344,0.0,0.13953488372093023,0.8378378378378378,6.004504504504505
4345,0.0,0.3888888888888889,0.44,1.1314285714285715
4346,0.0,0.46808510638297873,0.6122448979591837,1.3079777365491652
4347,0.0,0.17647058823529413,0.6842105263157895,3.8771929824561404
4348,0.0,0.1956521739130435,0.8076923076923077,4.128205128205128
4349,0.0,0.27906976744186046,0.8363636363636363,2.9969696969696966
4350,0.0,0.2857142857142857,0.8297872340425532,2.904255319148936
4351,0.0,0.20689655172413793,0.7608695652173914,3.677536231884058
4352,0.0,0.171875,0.72,4.1890909090909085
4353,0.0,0.34615384615384615,0.6666666666666666,1.9259259259259258
4354,0.0,0.1951219512195122,0.921875,4.724609375
4355,0.0,0.23636363636363636,0.68,2.8769230769230774
4356,0.0,0.325,0.8,2.4615384615384617
4357,0.0,0.32653061224489793,0.7611940298507462,2.331156716417911
4358,0.0,0.2641509433962264,0.7868852459016393,2.978922716627635
4359,0.0,0.3620689655172414,0.7419354838709677,2.0491551459293396
4360,0.0,0.23728813559322035,0.6216216216216216,2.6196911196911197
4361,0.0,0.17647058823529413,0.6444444444444445,3.651851851851852
4362,0.0,0.32075471698113206,0.8571428571428571,2.672268907563025
4363,0.0,0.2826086956521739,0.7446808510638298,2.635024549918167
4364,0.0,0.2857142857142857,0.7708333333333334,2.697916666666667
4365,0.0,0.2708333333333333,0.8392857142857143,3.098901098901099
4366,0.0,0.2,0.6595744680851063,3.2978723404255317
4367,0.0,0.375,0.6206896551724138,1.6551724137931034
4368,0.0,0.26153846153846155,0.7681159420289855,2.9369138959931798
4369,0.0,0.35294117647058826,0.7538461538461538,2.135897435897436
4370,0.0,0.1891891891891892,0.6792452830188679,3.590296495956873
4371,0.0,0.17142857142857143,0.6046511627906976,3.527131782945736
4372,0.0,0.23529411764705882,0.6363636363636364,2.7045454545454546
4373,0.0,0.234375,0.78,3.3280000000000003
4374,0.0,0.16981132075471697,0.9130434782608695,5.3768115942028984
4375,0.0,0.28846153846153844,0.7758620689655172,2.689655172413793
4376,0.0,0.3409090909090909,0.8035714285714286,2.357142857142857
4377,0.0,0.23255813953488372,0.7045454545454546,3.0295454545454548
4378,0.0,0.26,0.6923076923076923,2.662721893491124
4379,0.0,0.13725490196078433,0.8055555555555556,5.869047619047619
4380,0.0,0.358974358974359,0.7666666666666667,2.1357142857142857
4381,0.0,0.25,0.7446808510638298,2.978723404255319
4382,0.0,0.26785714285714285,0.6,2.2399999999999998
4383,0.0,0.18333333333333332,0.5833333333333334,3.181818181818182
4384,0.0,0.19230769230769232,0.7804878048780488,4.058536585365854
4385,0.0,0.24444444444444444,0.6888888888888889,2.8181818181818183
4386,0.0,0.1836734693877551,0.8235294117647058,4.483660130718953
4387,0.0,0.29545454545454547,0.8253968253968254,2.7936507936507935
4388,0.0,0.24489795918367346,0.8596491228070176,3.5102339181286553
4389,0.0,0.2,0.8125,4.0625
4390,0.0,0.17647058823529413,0.7380952380952381,4.182539682539683
4391,0.0,0.33962264150943394,0.6792452830188679,2.0
4392,0.0,0.21818181818181817,0.782608695652174,3.586956521739131
4393,0.0,0.2391304347826087,0.8135593220338984,3.4021571648690294
4394,0.0,0.2553191489361702,0.8428571428571429,3.3011904761904765
4395,0.0,0.30952380952380953,0.7681159420289855,2.4816053511705682
4396,0.0,0.234375,0.7636363636363637,3.2581818181818183
4397,0.0,0.23214285714285715,0.7924528301886793,3.4136429608127723
4398,0.0,0.3333333333333333,0.5961538461538461,1.7884615384615385
4399,0.0,0.17391304347826086,0.8928571428571429,5.133928571428572
4400,0.0,0.2549019607843137,0.7377049180327869,2.89407313997478
4401,0.0,0.2,0.7884615384615384,3.942307692307692
4402,0.0,0.30357142857142855,0.7083333333333334,2.3333333333333335
4403,0.0,0.208955223880597,0.7083333333333334,3.3898809523809526
4404,0.0,0.3404255319148936,0.7352941176470589,2.1599264705882355
4405,0.0,0.1864406779661017,0.7272727272727273,3.9008264462809916
4406,0.0,0.26,0.7666666666666667,2.948717948717949
4407,0.0,0.23529411764705882,0.7972972972972973,3.3885135135135136
4408,0.0,0.3111111111111111,0.7868852459016393,2.5292740046838404
4409,0.0,0.1836734693877551,0.717391304347826,3.905797101449275
4410,0.0,0.225,0.8805970149253731,3.913764510779436
4411,0.0,0.25,0.7090909090909091,2.8363636363636364
4412,0.0,0.19607843137254902,0.847457627118644,4.322033898305085
4413,0.0,0.25925925925925924,0.6851851851851852,2.6428571428571432
4414,0.0,0.2608695652173913,0.7777777777777778,2.9814814814814814
4415,0.0,0.21052631578947367,0.7291666666666666,3.4635416666666665
4416,0.0,0.2,0.7073170731707317,3.536585365853658
4417,0.0,0.1702127659574468,0.8095238095238095,4.755952380952381
4418,0.0,0.21428571428571427,0.8412698412698413,3.925925925925926
4419,0.0,0.38,0.7868852459016393,2.0707506471095773
4420,0.0,0.2608695652173913,0.7962962962962963,3.052469135802469
4421,0.0,0.22413793103448276,0.6909090909090909,3.0825174825174826
4422,0.0,0.1951219512195122,0.8461538461538461,4.336538461538462
4423,0.0,0.22950819672131148,0.78,3.3985714285714286
4424,0.0,0.19607843137254902,0.7777777777777778,3.966666666666667
4425,0.0,0.16326530612244897,0.8148148148148148,4.9907407407407405
4426,0.0,0.14754098360655737,0.7619047619047619,5.164021164021164
4427,0.0,0.2857142857142857,0.7894736842105263,2.7631578947368425
4428,0.0,0.36585365853658536,0.6792452830188679,1.8566037735849057
4429,0.0,0.2553191489361702,0.8235294117647058,3.2254901960784315
4430,0.0,0.16666666666666666,0.85,5.1000000000000005
4431,0.0,0.16363636363636364,0.7446808510638298,4.550827423167848
4432,0.0,0.2,0.7755102040816326,3.877551020408163
4433,0.0,0.21333333333333335,0.7230769230769231,3.3894230769230766
4434,0.0,0.1276595744680851,0.8958333333333334,7.017361111111112
4435,0.0,0.3404255319148936,0.7428571428571429,2.1821428571428574
4436,0.0,0.2692307692307692,0.6842105263157895,2.5413533834586466
4437,0.0,0.29508196721311475,0.6724137931034483,2.278735632183908
4438,0.0,0.1694915254237288,0.8235294117647058,4.858823529411764
4439,0.0,0.2962962962962963,0.7647058823529411,2.5808823529411766
4440,0.0,0.2962962962962963,0.8928571428571429,3.0133928571428577
4441,0.0,0.3469387755102041,0.7021276595744681,2.02377972465582
4442,0.0,0.32653061224489793,0.734375,2.2490234375
4443,0.0,0.20833333333333334,0.8461538461538461,4.061538461538461
4444,0.0,0.3111111111111111,0.7608695652173914,2.4456521739130435
4445,0.0,0.28,0.765625,2.7343749999999996
4446,0.0,0.1702127659574468,0.7692307692307693,4.519230769230769
4447,0.0,0.19298245614035087,0.7105263157894737,3.681818181818182
4448,0.0,0.2,0.717391304347826,3.58695652173913
4449,0.0,0.15384615384615385,0.8363636363636363,5.436363636363636
4450,0.0,0.288135593220339,0.7307692307692307,2.5361990950226243
4451,0.0,0.3409090909090909,0.6904761904761905,2.0253968253968253
4452,0.0,0.3191489361702128,0.8153846153846154,2.5548717948717945
4453,0.0,0.3137254901960784,0.7428571428571429,2.367857142857143
4454,0.0,0.20454545454545456,0.74,3.6177777777777775
4455,0.0,0.27906976744186046,0.7894736842105263,2.8289473684210527
4456,0.0,0.24489795918367346,0.7446808510638298,3.0407801418439715
4457,0.0,0.19642857142857142,0.7575757575757576,3.8567493112947657
4458,0.0,0.15789473684210525,0.7435897435897436,4.7094017094017095
4459,0.0,0.2619047619047619,0.8103448275862069,3.0940438871473352
4460,0.0,0.3148148148148148,0.72,2.287058823529412
4461,0.0,0.16326530612244897,0.7540983606557377,4.618852459016393
4462,0.0,0.28,0.8135593220338984,2.9055690072639226
4463,0.0,0.24,0.8064516129032258,3.360215053763441
4464,0.0,0.25,0.8,3.2
4465,0.0,0.21428571428571427,0.7586206896551724,3.5402298850574714
4466,0.0,0.4523809523809524,0.6774193548387096,1.497453310696095
4467,0.0,0.39285714285714285,0.7205882352941176,1.8342245989304813
4468,0.0,0.19047619047619047,0.8421052631578947,4.421052631578948
4469,0.0,0.25,0.7307692307692307,2.923076923076923
4470,0.0,0.14285714285714285,0.782608695652174,5.478260869565218
4471,0.0,0.2857142857142857,0.75,2.625
4472,0.0,0.2765957446808511,0.7611940298507462,2.7520091848450057
4473,0.0,0.25,0.8181818181818182,3.272727272727273
4474,0.0,0.37777777777777777,0.7910447761194029,2.0939420544337137
4475,0.0,0.22,0.7647058823529411,3.475935828877005
4476,0.0,0.21666666666666667,0.7076923076923077,3.2662721893491127
4477,0.0,0.17647058823529413,0.7758620689655172,4.396551724137931
4478,0.0,0.37142857142857144,0.803030303030303,2.162004662004662
4479,0.0,0.38636363636363635,0.7894736842105263,2.043343653250774
4480,0.0,0.2978723404255319,0.7692307692307693,2.5824175824175826
4481,0.0,0.2978723404255319,0.7377049180327869,2.476580796252928
4482,0.0,0.28846153846153844,0.7432432432432432,2.5765765765765765
4483,0.0,0.25,0.7735849056603774,3.0943396226415096
4484,0.0,0.23076923076923078,0.7321428571428571,3.1726190476190474
4485,0.0,0.2553191489361702,0.7391304347826086,2.8949275362318843
4486,0.0,0.21153846153846154,0.8666666666666667,4.096969696969698
4487,0.0,0.21212121212121213,0.875,4.125
4488,0.0,0.3684210526315789,0.7894736842105263,2.142857142857143
4489,0.0,0.2564102564102564,0.7674418604651163,2.993023255813954
4490,0.0,0.3469387755102041,0.6875,1.9816176470588236
4491,0.0,0.25925925925925924,0.7833333333333333,3.0214285714285714
4492,0.0,0.15789473684210525,0.7435897435897436,4.7094017094017095
4493,0.0,0.3,0.7916666666666666,2.638888888888889
4494,0.0,0.3275862068965517,0.6037735849056604,1.843098311817279
4495,0.0,0.22413793103448276,0.7083333333333334,3.1602564102564106
4496,0.0,0.2549019607843137,0.6521739130434783,2.558528428093646
4497,0.0,0.140625,0.7727272727272727,5.494949494949495
4498,0.0,0.23076923076923078,0.7457627118644068,3.231638418079096
4499,0.0,0.30952380952380953,0.7868852459016393,2.542244640605296
4500,0.0,0.4722222222222222,0.8103448275862069,1.716024340770791
4501,0.0,0.2033898305084746,0.65,3.1958333333333333
4502,0.0,0.24242424242424243,0.7924528301886793,3.268867924528302
4503,0.0,0.34,0.7049180327868853,2.073288331726133
4504,0.0,0.22641509433962265,0.7346938775510204,3.2448979591836737
4505,0.0,0.3157894736842105,0.7903225806451613,2.502688172043011
4506,0.0,0.37209302325581395,0.7435897435897436,1.998397435897436
4507,0.0,0.3333333333333333,0.75,2.25
4508,0.0,0.3958333333333333,0.6785714285714286,1.7142857142857144
4509,0.0,0.2727272727272727,0.6326530612244898,2.3197278911564627
4510,0.0,0.18840579710144928,0.6415094339622641,3.404934687953556
4511,0.0,0.2222222222222222,0.6153846153846154,2.7692307692307696
4512,0.0,0.3137254901960784,0.703125,2.2412109375
4513,0.0,0.2641509433962264,0.7115384615384616,2.693681318681319
4514,0.0,0.2708333333333333,0.8311688311688312,3.0689310689310694
4515,0.0,0.21153846153846154,0.7073170731707317,3.343680709534368
4516,0.0,0.140625,0.6923076923076923,4.923076923076923
4517,0.0,0.391304347826087,0.7543859649122807,1.9278752436647173
4518,0.0,0.29545454545454547,0.828125,2.8028846153846154
4519,0.0,0.2641509433962264,0.7735849056603774,2.928571428571429
4520,0.0,0.16129032258064516,0.7222222222222222,4.477777777777778
4521,0.0,0.21951219512195122,0.7391304347826086,3.367149758454106
4522,0.0,0.19230769230769232,0.8135593220338984,4.230508474576271
4523,0.0,0.24615384615384617,0.7213114754098361,2.930327868852459
4524,0.0,0.2765957446808511,0.7543859649122807,2.727395411605938
4525,0.0,0.19642857142857142,0.7317073170731707,3.7250554323725056
4526,0.0,0.16071428571428573,0.84,5.226666666666666
4527,0.0,0.2653061224489796,0.7413793103448276,2.7944297082228116
4528,0.0,0.24324324324324326,0.8933333333333333,3.672592592592592
4529,0.0,0.2127659574468085,0.6842105263157895,3.2157894736842105
4530,0.0,0.32653061224489793,0.7727272727272727,2.366477272727273
4531,0.0,0.3018867924528302,0.6818181818181818,2.258522727272727
4532,0.0,0.4339622641509434,0.7361111111111112,1.696256038647343
4533,0.0,0.21739130434782608,0.7924528301886793,3.645283018867925
4534,0.0,0.2641509433962264,0.7551020408163265,2.8586005830903787
4535,0.0,0.3,0.7068965517241379,2.3563218390804597
4536,0.0,0.16666666666666666,0.6829268292682927,4.097560975609757
4537,0.0,0.3,0.8382352941176471,2.794117647058824
4538,0.0,0.2786885245901639,0.7894736842105263,2.8328173374613006
4539,0.0,0.26666666666666666,0.7692307692307693,2.884615384615385
4540,0.0,0.225,0.8571428571428571,3.8095238095238093
4541,0.0,0.2,0.8478260869565217,4.239130434782608
4542,0.0,0.3142857142857143,0.7627118644067796,2.426810477657935
4543,0.0,0.36363636363636365,0.7540983606557377,2.0737704918032787
4544,0.0,0.29545454545454547,0.7551020408163265,2.5557299843014127
4545,0.0,0.26,0.6956521739130435,2.6755852842809364
4546,0.0,0.30434782608695654,0.7857142857142857,2.581632653061224
4547,0.0,0.33962264150943394,0.6727272727272727,1.980808080808081
4548,0.0,0.2,0.84,4.199999999999999
4549,0.0,0.32,0.7857142857142857,2.455357142857143
4550,0.0,0.23076923076923078,0.8769230769230769,3.8
4551,0.0,0.2,0.8205128205128205,4.102564102564102
4552,0.0,0.375,0.7424242424242424,1.97979797979798
4553,0.0,0.24489795918367346,0.6909090909090909,2.8212121212121213
4554,0.0,0.21311475409836064,0.4722222222222222,2.215811965811966
4555,0.0,0.3404255319148936,0.7,2.05625
4556,0.0,0.2830188679245283,0.8072289156626506,2.8522088353413655
4557,0.0,0.3333333333333333,0.8387096774193549,2.516129032258065
4558,0.0,0.3018867924528302,0.6046511627906976,2.002906976744186
4559,0.0,0.3111111111111111,0.6136363636363636,1.9724025974025974
4560,0.0,0.25,0.7209302325581395,2.883720930232558
4561,0.0,0.2978723404255319,0.7777777777777778,2.611111111111111
4562,0.0,0.1836734693877551,0.8333333333333334,4.537037037037037
4563,0.0,0.25925925925925924,0.7741935483870968,2.986175115207373
4564,0.0,0.21153846153846154,0.7027027027027027,3.3218673218673223
4565,0.0,0.2545454545454545,0.6470588235294118,2.5420168067226894
4566,0.0,0.125,0.8431372549019608,6.745098039215686
4567,0.0,0.30434782608695654,0.7741935483870968,2.5437788018433176
4568,0.0,0.22807017543859648,0.8545454545454545,3.7468531468531467
4569,0.0,0.26785714285714285,0.7727272727272727,2.8848484848484848
4570,0.0,0.2857142857142857,0.6304347826086957,2.206521739130435
4571,0.0,0.25,0.8253968253968254,3.3015873015873014
4572,0.0,0.30952380952380953,0.7213114754098361,2.330390920554855
4573,0.0,0.32558139534883723,0.7142857142857143,2.193877551020408
4574,0.0,0.25925925925925924,0.7222222222222222,2.785714285714286
4575,0.0,0.29411764705882354,0.7192982456140351,2.4456140350877194
4576,0.0,0.26229508196721313,0.78125,2.978515625
4577,0.0,0.28846153846153844,0.7931034482758621,2.7494252873563223
4578,0.0,0.2631578947368421,0.7246376811594203,2.7536231884057973
4579,0.0,0.30952380952380953,0.8333333333333334,2.6923076923076925
4580,0.0,0.3,0.7454545454545455,2.484848484848485
4581,0.0,0.24074074074074073,0.7794117647058824,3.237556561085973
4582,0.0,0.27906976744186046,0.7636363636363637,2.7363636363636363
4583,0.0,0.29411764705882354,0.7192982456140351,2.4456140350877194
4584,0.0,0.22448979591836735,0.8103448275862069,3.609717868338558
4585,0.0,0.23809523809523808,0.8,3.3600000000000003
4586,0.0,0.21568627450980393,0.7037037037037037,3.2626262626262625
4587,0.0,0.22807017543859648,0.7142857142857143,3.1318681318681323
4588,0.0,0.28,0.7037037037037037,2.513227513227513
4589,0.0,0.25862068965517243,0.6538461538461539,2.528205128205128
4590,0.0,0.3137254901960784,0.75,2.390625
4591,0.0,0.20408163265306123,0.7450980392156863,3.6509803921568627
4592,0.0,0.20833333333333334,0.803921568627451,3.8588235294117648
4593,0.0,0.28846153846153844,0.673469387755102,2.3346938775510204
4594,0.0,0.25,0.723404255319149,2.893617021276596
4595,0.0,0.34782608695652173,0.8214285714285714,2.361607142857143
4596,0.0,0.2,0.8,4.0
4597,0.0,0.2786885245901639,0.6545454545454545,2.348663101604278
4598,0.0,0.2033898305084746,0.7169811320754716,3.525157232704402
4599,0.0,0.22388059701492538,0.6666666666666666,2.9777777777777774
4600,0.0,0.34615384615384615,0.7941176470588235,2.2941176470588234
4601,0.0,0.27450980392156865,0.8225806451612904,2.9965437788018434
4602,0.0,0.15254237288135594,0.7435897435897436,4.8746438746438745
4603,0.0,0.2765957446808511,0.7446808510638298,2.692307692307692
4604,0.0,0.28888888888888886,0.6842105263157895,2.368421052631579
4605,0.0,0.22807017543859648,0.7924528301886793,3.4746008708272864
4606,0.0,0.1702127659574468,0.8837209302325582,5.191860465116279
4607,0.0,0.41025641025641024,0.7627118644067796,1.8591101694915253
4608,0.0,0.23333333333333334,0.6904761904761905,2.9591836734693877
4609,0.0,0.17391304347826086,0.813953488372093,4.680232558139535
4610,0.0,0.22727272727272727,0.8888888888888888,3.911111111111111
4611,0.0,0.14285714285714285,0.8541666666666666,5.979166666666667
4612,0.0,0.2619047619047619,0.7966101694915254,3.0416024653312785
4613,0.0,0.3333333333333333,0.7457627118644068,2.2372881355932206
4614,0.0,0.25,0.734375,2.9375
4615,0.0,0.2,0.717391304347826,3.58695652173913
4616,0.0,0.3333333333333333,0.7384615384615385,2.2153846153846155
4617,0.0,0.21666666666666667,0.8490566037735849,3.918722786647315
4618,0.0,0.18604651162790697,0.8679245283018868,4.665094339622642
4619,0.0,0.3404255319148936,0.7115384615384616,2.090144230769231
4620,0.0,0.2903225806451613,0.7017543859649122,2.4171539961013644
4621,0.0,0.2564102564102564,0.7209302325581395,2.811627906976744
4622,0.0,0.2857142857142857,0.7924528301886793,2.773584905660378
4623,0.0,0.18867924528301888,0.7894736842105263,4.184210526315789
4624,0.0,0.21428571428571427,0.6862745098039216,3.2026143790849675
4625,0.0,0.30952380952380953,0.7446808510638298,2.405891980360065
4626,0.0,0.21818181818181817,0.92,4.216666666666667
4627,0.0,0.24489795918367346,0.8,3.266666666666667
4628,0.0,0.2916666666666667,0.7758620689655172,2.6600985221674875
4629,0.0,0.30434782608695654,0.8840579710144928,2.9047619047619047
4630,0.0,0.18867924528301888,0.7454545454545455,3.9509090909090907
4631,0.0,0.2857142857142857,0.7,2.45
4632,0.0,0.30612244897959184,0.8070175438596491,2.63625730994152
4633,0.0,0.1590909090909091,0.7857142857142857,4.938775510204081
4634,0.0,0.23333333333333334,0.7058823529411765,3.025210084033614
4635,0.0,0.3,0.7735849056603774,2.578616352201258
4636,0.0,0.2553191489361702,0.7846153846153846,3.0730769230769233
4637,0.0,0.3157894736842105,0.711864406779661,2.2542372881355934
4638,0.0,0.22413793103448276,0.7708333333333334,3.4391025641025643
4639,0.0,0.29411764705882354,0.7727272727272727,2.627272727272727
4640,0.0,0.3191489361702128,0.75,2.35
4641,0.0,0.3157894736842105,0.8591549295774648,2.720657276995305
4642,0.0,0.25,0.8387096774193549,3.3548387096774195
4643,0.0,0.23880597014925373,0.7358490566037735,3.0813679245283017
4644,0.0,0.3137254901960784,0.8,2.5500000000000003
4645,0.0,0.25,0.8032786885245902,3.2131147540983607
4646,0.0,0.27450980392156865,0.78125,2.845982142857143
4647,0.0,0.3953488372093023,0.8,2.0235294117647062
4648,0.0,0.3902439024390244,0.746031746031746,1.911706349206349
4649,0.0,0.2777777777777778,0.7192982456140351,2.5894736842105264
4650,0.0,0.3181818181818182,0.7384615384615385,2.320879120879121
4651,0.0,0.2727272727272727,0.8955223880597015,3.283582089552239
4652,0.0,0.22058823529411764,0.5945945945945946,2.695495495495496
4653,0.0,0.2692307692307692,0.7543859649122807,2.8020050125313287
4654,0.0,0.2692307692307692,0.8032786885245902,2.9836065573770494
4655,0.0,0.23809523809523808,0.7966101694915254,3.345762711864407
4656,0.0,0.2,0.7924528301886793,3.9622641509433962
4657,0.0,0.32075471698113206,0.6833333333333333,2.130392156862745
4658,0.0,0.2857142857142857,0.8363636363636363,2.9272727272727272
4659,0.0,0.20833333333333334,0.7021276595744681,3.370212765957447
4660,0.0,0.2857142857142857,0.7551020408163265,2.642857142857143
4661,0.0,0.36363636363636365,0.7301587301587301,2.007936507936508
4662,0.0,0.3,0.723404255319149,2.411347517730497
4663,0.0,0.24444444444444444,0.8032786885245902,3.286140089418778
4664,0.0,0.3103448275862069,0.7887323943661971,2.541471048513302
4665,0.0,0.425,0.8142857142857143,1.915966386554622
4666,0.0,0.37777777777777777,0.7538461538461538,1.995475113122172
4667,0.0,0.2727272727272727,0.7333333333333333,2.688888888888889
4668,0.0,0.2692307692307692,0.6274509803921569,2.330532212885154
4669,0.0,0.27450980392156865,0.8035714285714286,2.9272959183673466
4670,0.0,0.20408163265306123,0.7551020408163265,3.6999999999999997
4671,0.0,0.3333333333333333,0.6271186440677966,1.88135593220339
4672,0.0,0.3673469387755102,0.8032786885245902,2.186703096539162
4673,0.0,0.2727272727272727,0.7272727272727273,2.666666666666667
4674,0.0,0.25925925925925924,0.7857142857142857,3.0306122448979593
4675,0.0,0.2545454545454545,0.7777777777777778,3.055555555555556
4676,0.0,0.22727272727272727,0.6590909090909091,2.9
4677,0.0,0.2545454545454545,0.7692307692307693,3.0219780219780223
4678,0.0,0.39473684210526316,0.8103448275862069,2.0528735632183905
4679,0.0,0.33962264150943394,0.7090909090909091,2.087878787878788
4680,0.0,0.19642857142857142,0.75,3.8181818181818183
4681,0.0,0.28,0.7419354838709677,2.649769585253456
4682,0.0,0.14035087719298245,0.7692307692307693,5.480769230769232
4683,0.0,0.22,0.8679245283018868,3.9451114922813035
4684,0.0,0.34210526315789475,0.7903225806451613,2.3101736972704714
4685,0.0,0.3709677419354839,0.6714285714285714,1.8099378881987576
4686,0.0,0.14285714285714285,0.75,5.25
4687,0.0,0.16981132075471697,0.75,4.416666666666667
4688,0.0,0.2978723404255319,0.7083333333333334,2.3779761904761907
4689,0.0,0.18867924528301888,0.8148148148148148,4.318518518518518
4690,0.0,0.1956521739130435,0.7083333333333334,3.6203703703703702
4691,0.0,0.2727272727272727,0.7884615384615384,2.891025641025641
4692,0.0,0.29411764705882354,0.7592592592592593,2.5814814814814815
4693,0.0,0.3684210526315789,0.62,1.6828571428571428
4694,0.0,0.16363636363636364,0.7735849056603774,4.727463312368973
4695,0.0,0.32653061224489793,0.7884615384615384,2.4146634615384617
4696,0.0,0.32727272727272727,0.5961538461538461,1.8215811965811965
4697,0.0,0.2857142857142857,0.7358490566037735,2.5754716981132075
4698,0.0,0.3829787234042553,0.6181818181818182,1.614141414141414
4699,0.0,0.18867924528301888,0.796875,4.223437499999999
4700,0.0,0.24074074074074073,0.6078431372549019,2.524886877828054
4701,0.0,0.38,0.7205882352941176,1.8962848297213621
4702,0.0,0.36538461538461536,0.7916666666666666,2.1666666666666665
4703,0.0,0.1702127659574468,0.8181818181818182,4.8068181818181825
4704,0.0,0.2391304347826087,0.7868852459016393,3.290611028315946
4705,0.0,0.22448979591836735,0.8775510204081632,3.909090909090909
4706,0.0,0.22807017543859648,0.7727272727272727,3.3881118881118883
4707,0.0,0.23214285714285715,0.7333333333333333,3.158974358974359
4708,0.0,0.2653061224489796,0.7659574468085106,2.8870703764320784
4709,0.0,0.2222222222222222,0.6923076923076923,3.1153846153846154
4710,0.0,0.35135135135135137,0.8142857142857143,2.3175824175824173
4711,0.0,0.30357142857142855,0.5681818181818182,1.8716577540106956
4712,0.0,0.22,0.7647058823529411,3.475935828877005
4713,0.0,0.26785714285714285,0.7727272727272727,2.8848484848484848
4714,0.0,0.3076923076923077,0.7777777777777778,2.5277777777777777
4715,0.0,0.21311475409836064,0.6792452830188679,3.1872278664731497
4716,0.0,0.23333333333333334,0.6935483870967742,2.972350230414747
4717,0.0,0.2978723404255319,0.7887323943661971,2.647887323943662
4718,0.0,0.18055555555555555,0.723404255319149,4.0065466448445175
4719,0.0,0.37254901960784315,0.66,1.7715789473684211
4720,0.0,0.36065573770491804,0.7142857142857143,1.9805194805194806
4721,0.0,0.22916666666666666,0.7567567567567568,3.3022113022113024
4722,0.0,0.1956521739130435,0.7755102040816326,3.963718820861678
4723,0.0,0.3404255319148936,0.7,2.05625
4724,0.0,0.15789473684210525,0.7435897435897436,4.7094017094017095
4725,0.0,0.21052631578947367,0.8679245283018868,4.122641509433962
4726,0.0,0.26666666666666666,0.7848101265822784,2.943037974683544
4727,0.0,0.2033898305084746,0.8392857142857143,4.126488095238095
4728,0.0,0.42,0.640625,1.525297619047619
4729,0.0,0.38,0.6521739130434783,1.7162471395881007
4730,0.0,0.3,0.86,2.8666666666666667
4731,0.0,0.40540540540540543,0.71875,1.7729166666666665
4732,0.0,0.2631578947368421,0.6666666666666666,2.533333333333333
4733,0.0,0.2727272727272727,0.7719298245614035,2.8304093567251463
4734,0.0,0.2549019607843137,0.7407407407407407,2.905982905982906
4735,0.0,0.36,0.58,1.6111111111111112
4736,0.0,0.2765957446808511,0.7592592592592593,2.745014245014245
4737,0.0,0.3076923076923077,0.7627118644067796,2.4788135593220337
4738,0.0,0.2702702702702703,0.864406779661017,3.198305084745763
4739,0.0,0.19696969696969696,0.78125,3.966346153846154
4740,0.0,0.16666666666666666,0.8113207547169812,4.867924528301887
4741,0.0,0.3181818181818182,0.7692307692307693,2.417582417582418
4742,0.0,0.24561403508771928,0.8571428571428571,3.489795918367347
4743,0.0,0.25925925925925924,0.8235294117647058,3.176470588235294
4744,0.0,0.3157894736842105,0.6666666666666666,2.111111111111111
4745,0.0,0.22448979591836735,0.7906976744186046,3.522198731501057
4746,0.0,0.32653061224489793,0.782608695652174,2.3967391304347827
4747,0.0,0.2857142857142857,0.8253968253968254,2.888888888888889
4748,0.0,0.21951219512195122,0.873015873015873,3.9770723104056436
4749,0.0,0.2631578947368421,0.7719298245614035,2.933333333333333
4750,0.0,0.28888888888888886,0.8378378378378378,2.9002079002079006
4751,0.0,0.3181818181818182,0.7627118644067796,2.3970944309927362
4752,0.0,0.09615384615384616,0.75,7.8
4753,0.0,0.25,0.7872340425531915,3.148936170212766
4754,0.0,0.35555555555555557,0.6981132075471698,1.9634433962264148
4755,0.0,0.23728813559322035,0.75,3.1607142857142856
4756,0.0,0.21666666666666667,0.7755102040816326,3.5792778649921506
4757,0.0,0.34285714285714286,0.7868852459016393,2.2950819672131146
4758,0.0,0.4222222222222222,0.7352941176470589,1.7414860681114552
4759,0.0,0.36363636363636365,0.7017543859649122,1.9298245614035086
4760,0.0,0.2857142857142857,0.7073170731707317,2.475609756097561
4761,0.0,0.325,0.8166666666666667,2.5128205128205128
4762,0.0,0.2391304347826087,0.7846153846153846,3.281118881118881
4763,0.0,0.21666666666666667,0.6964285714285714,3.214285714285714
4764,0.0,0.2708333333333333,0.6818181818181818,2.5174825174825175
4765,0.0,0.3023255813953488,0.7878787878787878,2.606060606060606
4766,0.0,0.325,0.9436619718309859,2.903575297941495
4767,0.0,0.22641509433962265,0.7931034482758621,3.5028735632183907
4768,0.0,0.2631578947368421,0.7391304347826086,2.808695652173913
4769,0.0,0.25862068965517243,0.7741935483870968,2.993548387096774
4770,0.0,0.32142857142857145,0.6226415094339622,1.9371069182389935
4771,0.0,0.29545454545454547,0.7777777777777778,2.6324786324786325
4772,0.0,0.2833333333333333,0.7307692307692307,2.5791855203619907
4773,0.0,0.21818181818181817,0.7540983606557377,3.4562841530054644
4774,0.0,0.22916666666666666,0.7321428571428571,3.1948051948051948
4775,0.0,0.1836734693877551,0.8181818181818182,4.454545454545455
4776,0.0,0.18181818181818182,0.7916666666666666,4.354166666666666
4777,0.0,0.1891891891891892,0.8627450980392157,4.560224089635854
4778,0.0,0.26785714285714285,0.6842105263157895,2.5543859649122806
4779,0.0,0.1935483870967742,0.7346938775510204,3.795918367346939
4780,0.0,0.26666666666666666,0.8059701492537313,3.0223880597014925
4781,0.0,0.2682926829268293,0.8148148148148148,3.0370370370370368
4782,0.0,0.2,0.8166666666666667,4.083333333333333
4783,0.0,0.22807017543859648,0.6666666666666666,2.923076923076923
4784,0.0,0.1896551724137931,0.7441860465116279,3.923890063424947
4785,0.0,0.2153846153846154,0.6,2.7857142857142856
4786,0.0,0.2608695652173913,0.8076923076923077,3.0961538461538463
4787,0.0,0.2549019607843137,0.8309859154929577,3.260021668472373
4788,0.0,0.2692307692307692,0.7741935483870968,2.8755760368663594
4789,0.0,0.25,0.835820895522388,3.343283582089552
4790,0.0,0.3770491803278688,0.6833333333333333,1.8123188405797104
4791,0.0,0.22413793103448276,0.7962962962962963,3.5527065527065527
4792,0.0,0.25,0.7636363636363637,3.0545454545454547
4793,0.0,0.23076923076923078,0.8548387096774194,3.704301075268817
4794,0.0,0.3,0.7090909090909091,2.3636363636363638
4795,0.0,0.15517241379310345,0.7777777777777778,5.012345679012346
4796,0.0,0.27586206896551724,0.8214285714285714,2.977678571428571
4797,0.0,0.17073170731707318,0.7846153846153846,4.595604395604395
4798,0.0,0.42105263157894735,0.7272727272727273,1.7272727272727275
4799,0.0,0.3333333333333333,0.6097560975609756,1.829268292682927
4800,0.0,0.41025641025641024,0.75,1.828125
4801,0.0,0.3333333333333333,0.6981132075471698,2.0943396226415096
4802,0.0,0.25,0.7868852459016393,3.1475409836065573
4803,0.0,0.31666666666666665,0.6590909090909091,2.0813397129186604
4804,0.0,0.16326530612244897,0.8367346938775511,5.125000000000001
4805,0.0,0.2,0.8541666666666666,4.270833333333333
4806,0.0,0.2830188679245283,0.7777777777777778,2.7481481481481485
4807,0.0,0.30612244897959184,0.7833333333333333,2.5588888888888888
4808,0.0,0.2826086956521739,0.8135593220338984,2.8787483702737946
4809,0.0,0.3469387755102041,0.7169811320754716,2.0665926748057712
4810,0.0,0.28205128205128205,0.8571428571428571,3.038961038961039
4811,0.0,0.15384615384615385,0.8837209302325582,5.7441860465116275
4812,0.0,0.22388059701492538,0.7540983606557377,3.3683060109289613
4813,0.0,0.22448979591836735,0.8103448275862069,3.609717868338558
4814,0.0,0.21875,0.7333333333333333,3.352380952380952
4815,0.0,0.22,0.7441860465116279,3.382663847780127
4816,0.0,0.5294117647058824,0.7301587301587301,1.3791887125220457
4817,0.0,0.2916666666666667,0.7213114754098361,2.4730679156908666
4818,0.0,0.3902439024390244,0.7169811320754716,1.837264150943396
4819,0.0,0.2826086956521739,0.7818181818181819,2.766433566433567
4820,0.0,0.21818181818181817,0.7377049180327869,3.3811475409836067
4821,0.0,0.32608695652173914,0.8,2.4533333333333336
4822,0.0,0.2982456140350877,0.6779661016949152,2.2731804586241275
4823,0.0,0.32608695652173914,0.7627118644067796,2.3389830508474576
4824,0.0,0.21739130434782608,0.7692307692307693,3.5384615384615388
4825,0.0,0.3137254901960784,0.6896551724137931,2.1982758620689657
4826,0.0,0.2,0.7727272727272727,3.8636363636363633
4827,0.0,0.22916666666666666,0.8367346938775511,3.6512059369202228
4828,0.0,0.3695652173913043,0.711864406779661,1.926221335992024
4829,0.0,0.26666666666666666,0.796875,2.98828125
4830,0.0,0.20454545454545456,0.8205128205128205,4.011396011396011
4831,0.0,0.14754098360655737,0.8867924528301887,6.010482180293502
4832,0.0,0.22727272727272727,0.7894736842105263,3.473684210526316
4833,0.0,0.425,0.75,1.7647058823529411
4834,0.0,0.14285714285714285,0.7209302325581395,5.046511627906977
4835,0.0,0.16071428571428573,0.7272727272727273,4.525252525252525
4836,0.0,0.20754716981132076,0.8076923076923077,3.8916083916083917
4837,0.0,0.25,0.8970588235294118,3.588235294117647
4838,0.0,0.3076923076923077,0.5,1.625
4839,0.0,0.3,0.7936507936507936,2.6455026455026456
4840,0.0,0.2692307692307692,0.8222222222222222,3.0539682539682538
4841,0.0,0.17857142857142858,0.7704918032786885,4.314754098360655
4842,0.0,0.17647058823529413,0.82,4.6466666666666665
4843,0.0,0.2545454545454545,0.78125,3.069196428571429
4844,0.0,0.2653061224489796,0.8085106382978723,3.0474631751227492
4845,0.0,0.36538461538461536,0.6607142857142857,1.8082706766917294
4846,0.0,0.3018867924528302,0.7894736842105263,2.6151315789473686
4847,0.0,0.27450980392156865,0.7413793103448276,2.7007389162561575
4848,0.0,0.36363636363636365,0.796875,2.19140625
4849,0.0,0.3404255319148936,0.6818181818181818,2.002840909090909
4850,0.0,0.275,0.8275862068965517,3.0094043887147333
4851,0.0,0.24,0.84375,3.515625
4852,0.0,0.36363636363636365,0.6842105263157895,1.881578947368421
4853,0.0,0.2608695652173913,0.7872340425531915,3.017730496453901
4854,0.0,0.2826086956521739,0.7536231884057971,2.666666666666667
4855,0.0,0.3958333333333333,0.6949152542372882,1.7555753791257807
4856,0.0,0.19642857142857142,0.7111111111111111,3.6202020202020204
4857,0.0,0.24242424242424243,0.7021276595744681,2.896276595744681
4858,0.0,0.21739130434782608,0.782608695652174,3.6
4859,0.0,0.3137254901960784,0.7692307692307693,2.451923076923077
4860,0.0,0.3333333333333333,0.6862745098039216,2.058823529411765
4861,0.0,0.38461538461538464,0.803030303030303,2.0878787878787874
4862,0.0,0.23684210526315788,0.8596491228070176,3.6296296296296298
4863,0.0,0.1956521739130435,0.8260869565217391,4.222222222222222
4864,0.0,0.17777777777777778,0.8181818181818182,4.6022727272727275
4865,0.0,0.3695652173913043,0.7647058823529411,2.069204152249135
4866,0.0,0.23255813953488372,0.8490566037735849,3.6509433962264155
4867,0.0,0.2553191489361702,0.7924528301886793,3.1037735849056607
4868,0.0,0.29545454545454547,0.7301587301587301,2.471306471306471
4869,0.0,0.18518518518518517,0.8064516129032258,4.354838709677419
4870,0.0,0.3018867924528302,0.7068965517241379,2.341594827586207
4871,0.0,0.36538461538461536,0.765625,2.0953947368421053
4872,0.0,0.234375,0.7833333333333333,3.342222222222222
4873,0.0,0.20512820512820512,0.8695652173913043,4.239130434782608
4874,0.0,0.24390243902439024,0.82,3.3619999999999997
4875,0.0,0.26666666666666666,0.8275862068965517,3.103448275862069
4876,0.0,0.288135593220339,0.7083333333333334,2.4583333333333335
4877,0.0,0.3333333333333333,0.75,2.25
4878,0.0,0.22916666666666666,0.7441860465116279,3.2473572938689217
4879,0.0,0.46153846153846156,0.8153846153846154,1.7666666666666666
4880,0.0,0.22448979591836735,0.7777777777777778,3.4646464646464645
4881,0.0,0.37209302325581395,0.8035714285714286,2.1595982142857144
4882,0.0,0.2857142857142857,0.6666666666666666,2.3333333333333335
4883,0.0,0.1836734693877551,0.7441860465116279,4.051679586563307
4884,0.0,0.25,0.8653846153846154,3.4615384615384617
4885,0.0,0.1896551724137931,0.7222222222222222,3.8080808080808084
4886,0.0,0.26666666666666666,0.8269230769230769,3.1009615384615383
4887,0.0,0.3333333333333333,0.7972972972972973,2.391891891891892
4888,0.0,0.30952380952380953,0.78,2.52
4889,0.0,0.22448979591836735,0.7192982456140351,3.20414673046252
4890,0.0,0.16393442622950818,0.8524590163934426,5.2
4891,0.0,0.2641509433962264,0.6538461538461539,2.4752747252747254
4892,0.0,0.21818181818181817,0.6842105263157895,3.135964912280702
4893,0.0,0.35555555555555557,0.7903225806451613,2.222782258064516
4894,0.0,0.21621621621621623,0.525,2.428125
4895,0.0,0.35714285714285715,0.8125,2.275
4896,0.0,0.3125,0.76,2.432
4897,0.0,0.1864406779661017,0.7857142857142857,4.214285714285714
4898,0.0,0.22,0.6610169491525424,3.00462249614792
4899,0.0,0.2962962962962963,0.7017543859649122,2.3684210526315788
4900,0.0,0.22807017543859648,0.76,3.3323076923076926
4901,0.0,0.2978723404255319,0.7021276595744681,2.357142857142857
4902,0.0,0.2916666666666667,0.7966101694915254,2.731234866828087
4903,0.0,0.3225806451612903,0.7678571428571429,2.380357142857143
4904,0.0,0.2,0.85,4.25
4905,0.0,0.32432432432432434,0.8909090909090909,2.7469696969696966
4906,0.0,0.19230769230769232,0.8333333333333334,4.333333333333333
4907,0.0,0.30612244897959184,0.6511627906976745,2.1271317829457366
4908,0.0,0.2653061224489796,0.6341463414634146,2.3902439024390243
4909,0.0,0.13793103448275862,0.9215686274509803,6.681372549019607
4910,0.0,0.18333333333333332,0.6521739130434783,3.557312252964427
4911,0.0,0.3333333333333333,0.5967741935483871,1.7903225806451615
4912,0.0,0.20454545454545456,0.8333333333333334,4.074074074074074
4913,0.0,0.24193548387096775,0.7368421052631579,3.045614035087719
4914,0.0,0.28888888888888886,0.7777777777777778,2.6923076923076925
4915,0.0,0.2972972972972973,0.8793103448275862,2.957680250783699
4916,0.0,0.28,0.8307692307692308,2.9670329670329667
4917,0.0,0.4090909090909091,0.7681159420289855,1.8776167471819645
4918,0.0,0.2835820895522388,0.625,2.2039473684210527
4919,0.0,0.2,0.8148148148148148,4.0740740740740735
4920,0.0,0.23214285714285715,0.8113207547169812,3.494920174165457
4921,0.0,0.23255813953488372,0.7666666666666667,3.296666666666667
4922,0.0,0.28888888888888886,0.8461538461538461,2.9289940828402368
4923,0.0,0.2127659574468085,0.8301886792452831,3.90188679245283
4924,0.0,0.32608695652173914,0.7017543859649122,2.152046783625731
4925,0.0,0.2857142857142857,0.66,2.31
4926,0.0,0.14754098360655737,0.825,5.591666666666667
4927,0.0,0.3488372093023256,0.7903225806451613,2.2655913978494624
4928,0.0,0.34,0.7246376811594203,2.1312872975277064
4929,0.0,0.27906976744186046,0.8235294117647058,2.9509803921568625
4930,0.0,0.1282051282051282,0.6666666666666666,5.2
4931,0.0,0.2222222222222222,0.8235294117647058,3.7058823529411766
4932,0.0,0.3170731707317073,0.8363636363636363,2.6377622377622374
4933,0.0,0.25396825396825395,0.7222222222222222,2.84375
4934,0.0,0.2631578947368421,0.8484848484848485,3.2242424242424246
4935,0.0,0.2028985507246377,0.8235294117647058,4.0588235294117645
4936,0.0,0.3018867924528302,0.5121951219512195,1.6966463414634148
4937,0.0,0.14705882352941177,0.76,5.168
4938,0.0,0.2127659574468085,0.8518518518518519,4.003703703703704
4939,0.0,0.19607843137254902,0.8305084745762712,4.235593220338983
4940,0.0,0.3181818181818182,0.7777777777777778,2.4444444444444446
4941,0.0,0.24,0.7916666666666666,3.298611111111111
4942,0.0,0.2909090909090909,0.75,2.578125
4943,0.0,0.2608695652173913,0.7142857142857143,2.738095238095238
4944,0.0,0.22727272727272727,0.7307692307692307,3.2153846153846155
4945,0.0,0.22641509433962265,0.7608695652173914,3.3605072463768115
4946,0.0,0.2753623188405797,0.6511627906976745,2.3647490820073442
4947,0.0,0.24193548387096775,0.7,2.893333333333333
4948,0.0,0.38636363636363635,0.6111111111111112,1.581699346405229
4949,0.0,0.17777777777777778,0.7142857142857143,4.017857142857142
4950,0.0,0.16981132075471697,0.7727272727272727,4.550505050505051
4951,0.0,0.4358974358974359,0.8051948051948052,1.8472116119174944
4952,0.0,0.22857142857142856,0.6829268292682927,2.987804878048781
4953,0.0,0.3333333333333333,0.8103448275862069,2.4310344827586206
4954,0.0,0.4375,0.6833333333333333,1.561904761904762
4955,0.0,0.26666666666666666,0.7666666666666667,2.8750000000000004
4956,0.0,0.3125,0.7407407407407407,2.3703703703703702
4957,0.0,0.2682926829268293,0.8222222222222222,3.064646464646464
4958,0.0,0.2777777777777778,0.7894736842105263,2.8421052631578947
4959,0.0,0.30357142857142855,0.7017543859649122,2.3116615067079462
4960,0.0,0.2857142857142857,0.819672131147541,2.8688524590163937
4961,0.0,0.2545454545454545,0.7241379310344828,2.844827586206897
4962,0.0,0.2857142857142857,0.7719298245614035,2.7017543859649122
4963,0.0,0.21568627450980393,0.8059701492537313,3.7367706919945722
4964,0.0,0.2542372881355932,0.7142857142857143,2.8095238095238098
4965,0.0,0.17543859649122806,0.7674418604651163,4.374418604651163
4966,0.0,0.22727272727272727,0.8392857142857143,3.692857142857143
4967,0.0,0.2916666666666667,0.6724137931034483,2.3054187192118225
4968,0.0,0.22448979591836735,0.6666666666666666,2.9696969696969697
4969,0.0,0.35714285714285715,0.7368421052631579,2.063157894736842
4970,0.0,0.2909090909090909,0.7733333333333333,2.658333333333333
4971,0.0,0.3409090909090909,0.8245614035087719,2.418713450292398
4972,0.0,0.22950819672131148,0.7608695652173914,3.315217391304348
4973,0.0,0.275,0.8771929824561403,3.1897926634768736
4974,0.0,0.20454545454545456,0.7894736842105263,3.8596491228070176
4975,0.0,0.3333333333333333,0.78125,2.34375
4976,0.0,0.18867924528301888,0.78,4.1339999999999995
4977,0.0,0.2,0.8529411764705882,4.264705882352941
4978,0.0,0.2549019607843137,0.6956521739130435,2.729096989966555
4979,0.0,0.4523809523809524,0.7,1.5473684210526315
4980,0.0,0.2553191489361702,0.9180327868852459,3.595628415300547
4981,0.0,0.27419354838709675,0.5555555555555556,2.0261437908496736
4982,0.0,0.21428571428571427,0.8,3.733333333333334
4983,0.0,0.24,0.7307692307692307,3.0448717948717947
4984,0.0,0.32075471698113206,0.7741935483870968,2.413662239089184
4985,0.0,0.21153846153846154,0.7254901960784313,3.429590017825312
4986,0.0,0.14754098360655737,0.7959183673469388,5.394557823129252
4987,0.0,0.1794871794871795,0.7435897435897436,4.142857142857143
4988,0.0,0.3125,0.6949152542372882,2.223728813559322
4989,0.0,0.1956521739130435,0.7755102040816326,3.963718820861678
4990,0.0,0.38636363636363635,0.7428571428571429,1.9226890756302522
4991,0.0,0.1724137931034483,0.7543859649122807,4.375438596491228
4992,0.0,0.3148148148148148,0.6792452830188679,2.157602663706992
4993,0.0,0.18181818181818182,0.9,4.95
4994,0.0,0.3333333333333333,0.7704918032786885,2.3114754098360657
4995,0.0,0.2830188679245283,0.7741935483870968,2.735483870967742
4996,0.0,0.26,0.8035714285714286,3.090659340659341
4997,0.0,0.2608695652173913,0.7708333333333334,2.954861111111111
4998,0.0,0.2549019607843137,0.660377358490566,2.590711175616836
4999,0.0,0.2653061224489796,0.6595744680851063,2.4860883797054005
5000,0.0,0.2,0.7903225806451613,3.951612903225806
5001,0.0,0.2,0.7368421052631579,3.684210526315789
5002,0.0,0.18181818181818182,0.8064516129032258,4.435483870967741
5003,0.0,0.2857142857142857,0.7704918032786885,2.69672131147541
5004,0.0,0.25925925925925924,0.8627450980392157,3.327731092436975
5005,0.0,0.3142857142857143,0.6136363636363636,1.9524793388429753
5006,0.0,0.25,0.7254901960784313,2.9019607843137254
5007,0.0,0.17777777777777778,0.875,4.921875
5008,0.0,0.43478260869565216,0.6785714285714286,1.5607142857142857
5009,0.0,0.17307692307692307,0.8695652173913043,5.024154589371981
5010,0.0,0.37209302325581395,0.7333333333333333,1.9708333333333332
5011,0.0,0.35294117647058826,0.7884615384615384,2.2339743589743586
5012,0.0,0.22807017543859648,0.6037735849056604,2.647314949201742
5013,0.0,0.18032786885245902,0.8,4.4363636363636365
5014,0.0,0.18181818181818182,0.5641025641025641,3.1025641025641026
5015,0.0,0.2926829268292683,0.7115384615384616,2.4310897435897436
5016,0.0,0.18461538461538463,0.717391304347826,3.8858695652173907
5017,0.0,0.21951219512195122,0.7435897435897436,3.3874643874643877
5018,0.0,0.2978723404255319,0.7419354838709677,2.490783410138249
5019,0.0,0.22950819672131148,0.75,3.267857142857143
5020,0.0,0.275,0.8412698412698413,3.0591630591630588
5021,0.0,0.16326530612244897,0.75,4.59375
5022,0.0,0.21739130434782608,0.7843137254901961,3.607843137254902
5023,0.0,0.17647058823529413,0.7272727272727273,4.121212121212121
5024,0.0,0.34146341463414637,0.7413793103448276,2.1711822660098523
5025,0.0,0.3673469387755102,0.6938775510204082,1.8888888888888888
5026,0.0,0.10869565217391304,0.8775510204081632,8.073469387755102
5027,0.0,0.34,0.5121951219512195,1.5064562410329985
5028,0.0,0.2647058823529412,0.7857142857142857,2.9682539682539684
5029,0.0,0.21428571428571427,0.7446808510638298,3.475177304964539
5030,0.0,0.25806451612903225,0.8958333333333334,3.471354166666667
5031,0.0,0.35,0.6333333333333333,1.8095238095238095
5032,0.0,0.24,0.723404255319149,3.014184397163121
5033,0.0,0.2571428571428571,0.5882352941176471,2.2875816993464055
5034,0.0,0.22916666666666666,0.8059701492537313,3.5169606512890095
5035,0.0,0.28,0.8709677419354839,3.1105990783410133
5036,0.0,0.325,0.7555555555555555,2.3247863247863245
5037,0.0,0.2,0.6888888888888889,3.444444444444444
5038,0.0,0.30612244897959184,0.8082191780821918,2.6401826484018263
5039,0.0,0.19298245614035087,0.7924528301886793,4.106346483704975
5040,0.0,0.2807017543859649,0.6296296296296297,2.243055555555556
5041,0.0,0.13559322033898305,0.8421052631578947,6.2105263157894735
5042,0.0,0.3333333333333333,0.7419354838709677,2.2258064516129035
5043,0.0,0.19718309859154928,0.7948717948717948,4.031135531135531
5044,0.0,0.16326530612244897,0.8275862068965517,5.06896551724138
5045,0.0,0.21739130434782608,0.7619047619047619,3.5047619047619047
5046,0.0,0.16326530612244897,0.8113207547169812,4.9693396226415105
5047,0.0,0.125,0.6551724137931034,5.241379310344827
5048,0.0,0.34375,0.8392857142857143,2.4415584415584415
5049,0.0,0.2972972972972973,0.7966101694915254,2.679506933744222
5050,0.0,0.25,0.7894736842105263,3.1578947368421053
5051,0.0,0.18181818181818182,0.717948717948718,3.9487179487179485
5052,0.0,0.3611111111111111,0.7719298245614035,2.137651821862348
5053,0.0,0.27586206896551724,0.7972972972972973,2.8902027027027026
5054,0.0,0.27450980392156865,0.6981132075471698,2.543126684636118
5055,0.0,0.2857142857142857,0.6981132075471698,2.443396226415094
5056,0.0,0.34545454545454546,0.52,1.5052631578947369
5057,0.0,0.3103448275862069,0.859375,2.7690972222222223
5058,0.0,0.30434782608695654,0.7368421052631579,2.421052631578947
5059,0.0,0.3157894736842105,0.7551020408163265,2.391156462585034
5060,0.0,0.2549019607843137,0.7115384615384616,2.7914201183431957
5061,0.0,0.42857142857142855,0.7575757575757576,1.7676767676767677
5062,0.0,0.1527777777777778,0.6808510638297872,4.456479690522244
5063,0.0,0.28,0.74,2.642857142857143
5064,0.0,0.26,0.6938775510204082,2.668759811616954
5065,0.0,0.3448275862068966,0.8169014084507042,2.369014084507042
5066,0.0,0.20754716981132076,0.7538461538461538,3.632167832167832
5067,0.0,0.20833333333333334,0.725,3.4799999999999995
5068,0.0,0.3548387096774194,0.7236842105263158,2.039473684210526
5069,0.0,0.3055555555555556,0.7954545454545454,2.6033057851239665
5070,0.0,0.19148936170212766,0.8431372549019608,4.403050108932462
5071,0.0,0.3,0.7636363636363637,2.545454545454546
5072,0.0,0.24489795918367346,0.6458333333333334,2.637152777777778
5073,0.0,0.391304347826087,0.6774193548387096,1.7311827956989245
5074,0.0,0.32,0.8840579710144928,2.76268115942029
5075,0.0,0.3333333333333333,0.7741935483870968,2.3225806451612905
5076,0.0,0.3076923076923077,0.6792452830188679,2.2075471698113205
5077,0.0,0.2,0.8103448275862069,4.051724137931034
5078,0.0,0.3,0.7931034482758621,2.6436781609195403
5079,0.0,0.19148936170212766,0.7959183673469388,4.156462585034014
5080,0.0,0.40476190476190477,0.7358490566037735,1.8179800221975582
5081,0.0,0.3829787234042553,0.7678571428571429,2.0049603174603177
5082,0.0,0.2916666666666667,0.8181818181818182,2.8051948051948052
5083,0.0,0.25925925925925924,0.76,2.9314285714285715
5084,0.0,0.21311475409836064,0.6470588235294118,3.0361990950226247
5085,0.0,0.42105263157894735,0.8309859154929577,1.9735915492957747
5086,0.0,0.22580645161290322,0.7391304347826086,3.2732919254658386
5087,0.0,0.24444444444444444,0.7592592592592593,3.1060606060606064
5088,0.0,0.3902439024390244,0.7586206896551724,1.9439655172413792
5089,0.0,0.23529411764705882,0.7674418604651163,3.261627906976744
5090,0.0,0.3,0.75,2.5
5091,0.0,0.24528301886792453,0.8444444444444444,3.4427350427350425
5092,0.0,0.375,0.8260869565217391,2.2028985507246377
5093,0.0,0.25,0.7540983606557377,3.0163934426229506
5094,0.0,0.2777777777777778,0.6875,2.475
5095,0.0,0.20754716981132076,0.9038461538461539,4.354895104895105
5096,0.0,0.3488372093023256,0.7457627118644068,2.137853107344633
5097,0.0,0.16393442622950818,0.6829268292682927,4.165853658536586
5098,0.0,0.14545454545454545,0.7142857142857143,4.9107142857142865
5099,0.0,0.36,0.711864406779661,1.9774011299435028
5100,0.0,0.17857142857142858,0.7450980392156863,4.172549019607843
5101,0.0,0.2978723404255319,0.7647058823529411,2.5672268907563023
5102,0.0,0.1875,0.8043478260869565,4.2898550724637685
5103,0.0,0.2857142857142857,0.7419354838709677,2.5967741935483875
5104,0.0,0.3111111111111111,0.7586206896551724,2.438423645320197
5105,0.0,0.20408163265306123,0.7454545454545455,3.652727272727273
5106,0.0,0.20833333333333334,0.7804878048780488,3.746341463414634
5107,0.0,0.2857142857142857,0.7058823529411765,2.4705882352941178
5108,0.0,0.32075471698113206,0.7321428571428571,2.282563025210084
5109,0.0,0.25,0.8035714285714286,3.2142857142857144
5110,0.0,0.2545454545454545,0.7843137254901961,3.081232492997199
5111,0.0,0.23255813953488372,0.847457627118644,3.6440677966101696
5112,0.0,0.27906976744186046,0.821917808219178,2.9452054794520546
5113,0.0,0.2077922077922078,0.6666666666666666,3.208333333333333
5114,0.0,0.26666666666666666,0.7719298245614035,2.894736842105263
5115,0.0,0.3541666666666667,0.6086956521739131,1.7186700767263428
5116,0.0,0.19642857142857142,0.6666666666666666,3.393939393939394
5117,0.0,0.375,0.7777777777777778,2.074074074074074
5118,0.0,0.1875,0.8409090909090909,4.484848484848485
5119,0.0,0.3,0.7413793103448276,2.4712643678160924
5120,0.0,0.23529411764705882,0.8461538461538461,3.5961538461538463
5121,0.0,0.22916666666666666,0.6779661016949152,2.958397534668721
5122,0.0,0.2653061224489796,0.7090909090909091,2.6727272727272724
5123,0.0,0.1875,0.7555555555555555,4.029629629629629
5124,0.0,0.23214285714285715,0.8484848484848485,3.655011655011655
5125,0.0,0.15714285714285714,0.5641025641025641,3.58974358974359
5126,0.0,0.32608695652173914,0.7333333333333333,2.2488888888888887
5127,0.0,0.23255813953488372,0.8214285714285714,3.532142857142857
5128,0.0,0.21621621621621623,0.82,3.7924999999999995
5129,0.0,0.29310344827586204,0.7230769230769231,2.4669683257918553
5130,0.0,0.22950819672131148,0.673469387755102,2.934402332361516
5131,0.0,0.24528301886792453,0.7368421052631579,3.004048582995951
5132,0.0,0.37254901960784315,0.7142857142857143,1.9172932330827068
5133,0.0,0.2916666666666667,0.75,2.571428571428571
5134,0.0,0.21951219512195122,0.7777777777777778,3.54320987654321
5135,0.0,0.25,0.74,2.96
5136,0.0,0.3333333333333333,0.8333333333333334,2.5000000000000004
5137,0.0,0.27906976744186046,0.6829268292682927,2.4471544715447155
5138,0.0,0.2222222222222222,0.7555555555555555,3.4
5139,0.0,0.21428571428571427,0.7027027027027027,3.2792792792792795
5140,0.0,0.24528301886792453,0.7333333333333333,2.9897435897435893
5141,0.0,0.41025641025641024,0.8095238095238095,1.9732142857142858
5142,0.0,0.29545454545454547,0.7543859649122807,2.553306342780027
5143,0.0,0.23809523809523808,0.8070175438596491,3.389473684210526
5144,0.0,0.17567567567567569,0.6842105263157895,3.894736842105263
5145,0.0,0.14814814814814814,0.8448275862068966,5.7025862068965525
5146,0.0,0.1388888888888889,0.8461538461538461,6.092307692307692
5147,0.0,0.23728813559322035,0.8113207547169812,3.4191374663072778
5148,0.0,0.24528301886792453,0.7586206896551724,3.092838196286472
5149,0.0,0.18867924528301888,0.803921568627451,4.26078431372549
5150,0.0,0.38,0.746268656716418,1.9638648860958368
5151,0.0,0.17647058823529413,0.782608695652174,4.434782608695652
5152,0.0,0.2222222222222222,0.64,2.8800000000000003
5153,0.0,0.1951219512195122,0.8656716417910447,4.436567164179104
5154,0.0,0.3,0.72,2.4
5155,0.0,0.12244897959183673,0.8793103448275862,7.181034482758621
5156,0.0,0.2777777777777778,0.7758620689655172,2.793103448275862
5157,0.0,0.20930232558139536,0.7647058823529411,3.6535947712418295
5158,0.0,0.2619047619047619,0.7916666666666666,3.0227272727272725
5159,0.0,0.46808510638297873,0.803030303030303,1.715564738292011
5160,0.0,0.225,0.7142857142857143,3.1746031746031744
5161,0.0,0.21428571428571427,0.803030303030303,3.7474747474747474
5162,0.0,0.2786885245901639,0.8148148148148148,2.923747276688453
5163,0.0,0.2,0.6666666666666666,3.333333333333333
5164,0.0,0.2711864406779661,0.6521739130434783,2.404891304347826
5165,0.0,0.3620689655172414,0.7671232876712328,2.1187214611872145
5166,0.0,0.30434782608695654,0.7592592592592593,2.494708994708995
5167,0.0,0.26229508196721313,0.64,2.44
5168,0.0,0.3333333333333333,0.8148148148148148,2.4444444444444446
5169,0.0,0.275,0.7142857142857143,2.5974025974025974
5170,0.0,0.2391304347826087,0.7627118644067796,3.1895223420647145
5171,0.0,0.3125,0.7391304347826086,2.3652173913043475
5172,0.0,0.32,0.868421052631579,2.713815789473684
5173,0.0,0.29850746268656714,0.6666666666666666,2.2333333333333334
5174,0.0,0.28888888888888886,0.8727272727272727,3.0209790209790213
5175,0.0,0.20754716981132076,0.8333333333333334,4.015151515151516
5176,0.0,0.2545454545454545,0.7586206896551724,2.980295566502463
5177,0.0,0.24074074074074073,0.7818181818181819,3.2475524475524478
5178,0.0,0.22413793103448276,0.75,3.3461538461538463
5179,0.0,0.24489795918367346,0.6511627906976745,2.658914728682171
5180,0.0,0.24528301886792453,0.8064516129032258,3.287841191066997
5181,0.0,0.3220338983050847,0.7413793103448276,2.302177858439202
5182,0.0,0.25,0.7450980392156863,2.980392156862745
5183,0.0,0.19230769230769232,0.7878787878787878,4.096969696969697
5184,0.0,0.21052631578947367,0.8604651162790697,4.087209302325581
5185,0.0,0.2553191489361702,0.8676470588235294,3.398284313725491
5186,0.0,0.24489795918367346,0.7272727272727273,2.9696969696969697
5187,0.0,0.3125,0.7538461538461538,2.4123076923076923
5188,0.0,0.1590909090909091,0.7962962962962963,5.005291005291006
5189,0.0,0.2391304347826087,0.7727272727272727,3.2314049586776856
5190,0.0,0.30434782608695654,0.7666666666666667,2.519047619047619
5191,0.0,0.4090909090909091,0.7419354838709677,1.8136200716845876
5192,0.0,0.37037037037037035,0.6833333333333333,1.8450000000000002
5193,0.0,0.2708333333333333,0.7169811320754716,2.647314949201742
5194,0.0,0.3695652173913043,0.8529411764705882,2.3079584775086506
5195,0.0,0.2558139534883721,0.8421052631578947,3.291866028708134
5196,0.0,0.21818181818181817,0.6666666666666666,3.0555555555555554
5197,0.0,0.24444444444444444,0.625,2.556818181818182
5198,0.0,0.3389830508474576,0.7272727272727273,2.1454545454545455
5199,0.0,0.19047619047619047,0.8222222222222222,4.316666666666666
5200,0.0,0.2,0.82,4.1
5201,0.0,0.25806451612903225,0.7755102040816326,3.0051020408163267
5202,0.0,0.1891891891891892,0.7627118644067796,4.031476997578692
5203,0.0,0.2807017543859649,0.8245614035087719,2.9375
5204,0.0,0.35185185185185186,0.7377049180327869,2.096635030198447
5205,0.0,0.25,0.7115384615384616,2.8461538461538463
5206,0.0,0.3,0.7924528301886793,2.6415094339622645
5207,0.0,0.2653061224489796,0.7288135593220338,2.7470664928292043
5208,0.0,0.28888888888888886,0.7017543859649122,2.4291497975708505
5209,0.0,0.288135593220339,0.6415094339622641,2.2264150943396226
5210,0.0,0.2978723404255319,0.7017543859649122,2.355889724310777
5211,0.0,0.2619047619047619,0.8275862068965517,3.15987460815047
5212,0.0,0.1590909090909091,0.8571428571428571,5.387755102040816
5213,0.0,0.28205128205128205,0.717391304347826,2.543478260869565
5214,0.0,0.3404255319148936,0.72,2.1149999999999998
5215,0.0,0.24074074074074073,0.8235294117647058,3.420814479638009
5216,0.0,0.3137254901960784,0.7733333333333333,2.465
5217,0.0,0.3888888888888889,0.8695652173913043,2.2360248447204967
5218,0.0,0.25,0.7115384615384616,2.8461538461538463
5219,0.0,0.18181818181818182,0.78,4.29
5220,0.0,0.23529411764705882,0.78,3.315
5221,0.0,0.2727272727272727,0.7666666666666667,2.8111111111111113
5222,0.0,0.32653061224489793,0.6440677966101694,1.972457627118644
5223,0.0,0.35294117647058826,0.7741935483870968,2.193548387096774
5224,0.0,0.15384615384615385,0.7678571428571429,4.991071428571429
5225,0.0,0.29545454545454547,0.782608695652174,2.648829431438127
5226,0.0,0.3392857142857143,0.717391304347826,2.11441647597254
5227,0.0,0.2553191489361702,0.8571428571428571,3.357142857142857
5228,0.0,0.1276595744680851,0.8,6.2666666666666675
5229,0.0,0.16279069767441862,0.8222222222222222,5.050793650793651
5230,0.0,0.28888888888888886,0.7777777777777778,2.6923076923076925
5231,0.0,0.14634146341463414,0.7551020408163265,5.159863945578231
5232,0.0,0.10869565217391304,0.7872340425531915,7.242553191489362
5233,0.0,0.2682926829268293,0.9152542372881356,3.411402157164869
5234,0.0,0.3333333333333333,0.8113207547169812,2.4339622641509435
5235,0.0,0.26666666666666666,0.7083333333333334,2.65625
5236,0.0,0.3269230769230769,0.6875,2.1029411764705883
5237,0.0,0.17391304347826086,0.8245614035087719,4.741228070175438
5238,0.0,0.2553191489361702,0.6956521739130435,2.7246376811594204
5239,0.0,0.22727272727272727,0.82,3.608
5240,0.0,0.22580645161290322,0.75,3.3214285714285716
5241,0.0,0.22727272727272727,0.8095238095238095,3.561904761904762
5242,0.0,0.3137254901960784,0.7547169811320755,2.405660377358491
5243,0.0,0.24193548387096775,0.6739130434782609,2.7855072463768114
5244,0.0,0.32608695652173914,0.7358490566037735,2.2566037735849056
5245,0.0,0.2711864406779661,0.7115384615384616,2.623798076923077
5246,0.0,0.25757575757575757,0.5882352941176471,2.2837370242214536
5247,0.0,0.20454545454545456,0.8070175438596491,3.9454191033138395
5248,0.0,0.23809523809523808,0.7857142857142857,3.3000000000000003
5249,0.0,0.24528301886792453,0.7971014492753623,3.249721293199554
5250,0.0,0.1276595744680851,0.8292682926829268,6.495934959349594
5251,0.0,0.34782608695652173,0.7796610169491526,2.2415254237288136
5252,0.0,0.28888888888888886,0.6964285714285714,2.410714285714286
5253,0.0,0.28888888888888886,0.8157894736842105,2.8238866396761138
5254,0.0,0.2702702702702703,0.8367346938775511,3.095918367346939
5255,0.0,0.23214285714285715,0.6792452830188679,2.9259796806966616
5256,0.0,0.18181818181818182,0.7,3.8499999999999996
5257,0.0,0.28888888888888886,0.7321428571428571,2.534340659340659
5258,0.0,0.19298245614035087,0.8367346938775511,4.335807050092765
5259,0.0,0.28,0.7846153846153846,2.802197802197802
5260,0.0,0.4117647058823529,0.7941176470588235,1.9285714285714286
5261,0.0,0.2553191489361702,0.8028169014084507,3.144366197183099
5262,0.0,0.23529411764705882,0.7818181818181819,3.3227272727272728
5263,0.0,0.3181818181818182,0.7307692307692307,2.2967032967032965
5264,0.0,0.2727272727272727,0.8064516129032258,2.956989247311828
5265,0.0,0.2916666666666667,0.7794117647058824,2.672268907563025
5266,0.0,0.18181818181818182,0.8,4.4
5267,0.0,0.325,0.7017543859649122,2.1592442645074224
5268,0.0,0.3137254901960784,0.7592592592592593,2.420138888888889
5269,0.0,0.22,0.6590909090909091,2.995867768595041
5270,0.0,0.19148936170212766,0.8444444444444444,4.409876543209877
5271,0.0,0.24489795918367346,0.7346938775510204,3.0000000000000004
5272,0.0,0.22033898305084745,0.8035714285714286,3.6469780219780223
5273,0.0,0.30612244897959184,0.7884615384615384,2.5756410256410254
5274,0.0,0.17307692307692307,0.84375,4.875
5275,0.0,0.27586206896551724,0.7142857142857143,2.5892857142857144
5276,0.0,0.36585365853658536,0.673469387755102,1.8408163265306121
5277,0.0,0.2830188679245283,0.7966101694915254,2.8146892655367233
5278,0.0,0.2857142857142857,0.7073170731707317,2.475609756097561
5279,0.0,0.3076923076923077,0.72,2.34
5280,0.0,0.17543859649122806,0.8055555555555556,4.591666666666667
5281,0.0,0.2765957446808511,0.8245614035087719,2.98110661268556
5282,0.0,0.23076923076923078,0.6964285714285714,3.0178571428571423
5283,0.0,0.2857142857142857,0.7333333333333333,2.5666666666666664
5284,0.0,0.19230769230769232,0.8245614035087719,4.287719298245614
5285,0.0,0.3404255319148936,0.7380952380952381,2.168154761904762
5286,0.0,0.2,0.8387096774193549,4.193548387096774
5287,0.0,0.1875,0.8088235294117647,4.313725490196078
5288,0.0,0.23728813559322035,0.7083333333333334,2.985119047619048
5289,0.0,0.24,0.7708333333333334,3.211805555555556
5290,0.0,0.14583333333333334,0.8135593220338984,5.578692493946731
5291,0.0,0.2459016393442623,0.5714285714285714,2.3238095238095235
5292,0.0,0.30434782608695654,0.7903225806451613,2.596774193548387
5293,0.0,0.2826086956521739,0.8,2.830769230769231
5294,0.0,0.13953488372093023,0.8775510204081632,6.289115646258503
5295,0.0,0.2222222222222222,0.6904761904761905,3.107142857142857
5296,0.0,0.14285714285714285,0.7708333333333334,5.395833333333334
5297,0.0,0.12,0.8695652173913043,7.246376811594203
5298,0.0,0.1702127659574468,0.8627450980392157,5.068627450980393
5299,0.0,0.32075471698113206,0.7169811320754716,2.235294117647059
5300,0.0,0.325,0.8103448275862069,2.493368700265252
5301,0.0,0.20634920634920634,0.6666666666666666,3.230769230769231
5302,0.0,0.29545454545454547,0.8591549295774648,2.9079089924160346
5303,0.0,0.23404255319148937,0.813953488372093,3.477801268498943
5304,0.0,0.3829787234042553,0.782608695652174,2.0434782608695654
5305,0.0,0.3148148148148148,0.7021276595744681,2.230287859824781
5306,0.0,0.16326530612244897,0.9411764705882353,5.764705882352941
5307,0.0,0.38,0.7096774193548387,1.867572156196944
5308,0.0,0.30357142857142855,0.711864406779661,2.3449651046859423
5309,0.0,0.34615384615384615,0.7962962962962963,2.3004115226337447
5310,0.0,0.21739130434782608,0.6964285714285714,3.2035714285714287
5311,0.0,0.3170731707317073,0.7971014492753623,2.5139353400222966
5312,0.0,0.29545454545454547,0.828125,2.8028846153846154
5313,0.0,0.20833333333333334,0.7872340425531915,3.7787234042553193
5314,0.0,0.3888888888888889,0.7419354838709677,1.9078341013824884
5315,0.0,0.16363636363636364,0.8235294117647058,5.032679738562091
5316,0.0,0.14285714285714285,0.7818181818181819,5.4727272727272736
5317,0.0,0.3469387755102041,0.75,2.161764705882353
5318,0.0,0.22807017543859648,0.7674418604651163,3.3649373881932023
5319,0.0,0.30434782608695654,0.6862745098039216,2.2549019607843137
5320,0.0,0.3953488372093023,0.8048780487804879,2.035868005738881
5321,0.0,0.3695652173913043,0.7213114754098361,1.951783992285439
5322,0.0,0.30434782608695654,0.8148148148148148,2.6772486772486768
5323,0.0,0.3023255813953488,0.7846153846153846,2.5952662721893494
5324,0.0,0.36363636363636365,0.6274509803921569,1.7254901960784312
5325,0.0,0.3137254901960784,0.76,2.4225
5326,0.0,0.24561403508771928,0.6666666666666666,2.7142857142857144
5327,0.0,0.23404255319148937,0.9047619047619048,3.865800865800866
5328,0.0,0.25806451612903225,0.7571428571428571,2.9339285714285714
5329,0.0,0.2926829268292683,0.8518518518518519,2.910493827160494
5330,0.0,0.325,0.7580645161290323,2.332506203473945
5331,0.0,0.2727272727272727,0.8095238095238095,2.9682539682539684
5332,0.0,0.4634146341463415,0.6956521739130435,1.5011441647597252
5333,0.0,0.2916666666666667,0.74,2.537142857142857
5334,0.0,0.24444444444444444,0.8524590163934426,3.4873323397913563
5335,0.0,0.2653061224489796,0.7555555555555555,2.8478632478632475
5336,0.0,0.375,0.8461538461538461,2.2564102564102564
5337,0.0,0.32653061224489793,0.8070175438596491,2.4714912280701755
5338,0.0,0.3050847457627119,0.6984126984126984,2.2892416225749557
5339,0.0,0.21428571428571427,0.6382978723404256,2.9787234042553195
5340,0.0,0.34146341463414637,0.7868852459016393,2.3044496487119437
5341,0.0,0.2708333333333333,0.7666666666666667,2.8307692307692314
5342,0.0,0.22448979591836735,0.7419354838709677,3.304985337243402
5343,0.0,0.3157894736842105,0.8076923076923077,2.557692307692308
5344,0.0,0.21951219512195122,0.8545454545454545,3.892929292929293
5345,0.0,0.25,0.6949152542372882,2.7796610169491527
5346,0.0,0.21818181818181817,0.8275862068965517,3.793103448275862
5347,0.0,0.1935483870967742,0.85,4.391666666666667
5348,0.0,0.19696969696969696,0.7321428571428571,3.717032967032967
5349,0.0,0.3076923076923077,0.8875,2.884375
5350,0.0,0.3,0.765625,2.5520833333333335
5351,0.0,0.3333333333333333,0.7868852459016393,2.360655737704918
5352,0.0,0.17142857142857143,0.8548387096774194,4.986559139784946
5353,0.0,0.2727272727272727,0.7111111111111111,2.6074074074074076
5354,0.0,0.25,0.8103448275862069,3.2413793103448274
5355,0.0,0.25,0.7719298245614035,3.087719298245614
5356,0.0,0.22916666666666666,0.8913043478260869,3.889328063241107
5357,0.0,0.23404255319148937,0.7333333333333333,3.133333333333333
5358,0.0,0.41304347826086957,0.6774193548387096,1.6400679117147707
5359,0.0,0.2765957446808511,0.8222222222222222,2.9726495726495723
5360,0.0,0.27906976744186046,0.7868852459016393,2.819672131147541
5361,0.0,0.3541666666666667,0.6727272727272727,1.8994652406417112
5362,0.0,0.2727272727272727,0.796875,2.921875
5363,0.0,0.28846153846153844,0.8507462686567164,2.949253731343284
5364,0.0,0.32558139534883723,0.7307692307692307,2.244505494505494
5365,0.0,0.22727272727272727,0.8163265306122449,3.5918367346938775
5366,0.0,0.2619047619047619,0.8888888888888888,3.3939393939393936
5367,0.0,0.2857142857142857,0.7681159420289855,2.6884057971014492
5368,0.0,0.17307692307692307,0.8888888888888888,5.135802469135802
5369,0.0,0.29508196721311475,0.7377049180327869,2.5
5370,0.0,0.2619047619047619,0.7906976744186046,3.0190274841437628
5371,0.0,0.29545454545454547,0.7931034482758621,2.684350132625995
5372,0.0,0.2978723404255319,0.7258064516129032,2.436635944700461
5373,0.0,0.20833333333333334,0.7592592592592593,3.6444444444444444
5374,0.0,0.2777777777777778,0.7611940298507462,2.740298507462686
5375,0.0,0.22950819672131148,0.75,3.267857142857143
5376,0.0,0.25,0.6666666666666666,2.6666666666666665
5377,0.0,0.32,0.7692307692307693,2.4038461538461537
5378,0.0,0.21568627450980393,0.7931034482758621,3.677115987460815
5379,0.0,0.2037037037037037,0.7818181818181819,3.8380165289256203
5380,0.0,0.4857142857142857,0.7704918032786885,1.5863066538090647
5381,0.0,0.3333333333333333,0.71875,2.15625
5382,0.0,0.38461538461538464,0.6515151515151515,1.6939393939393939
5383,0.0,0.2727272727272727,0.7450980392156863,2.7320261437908497
5384,0.0,0.2894736842105263,0.7894736842105263,2.727272727272727
5385,0.0,0.43636363636363634,0.7432432432432432,1.7032657657657657
5386,0.0,0.36,0.6875,1.9097222222222223
5387,0.0,0.27450980392156865,0.7741935483870968,2.8202764976958523
5388,0.0,0.30434782608695654,0.7678571428571429,2.5229591836734695
5389,0.0,0.16666666666666666,0.8285714285714286,4.971428571428572
5390,0.0,0.16363636363636364,0.7105263157894737,4.342105263157895
5391,0.0,0.23529411764705882,0.8070175438596491,3.4298245614035086
5392,0.0,0.29411764705882354,0.7450980392156863,2.533333333333333
5393,0.0,0.3023255813953488,0.746268656716418,2.468427095292767
5394,0.0,0.38,0.6923076923076923,1.8218623481781375
5395,0.0,0.2765957446808511,0.717391304347826,2.5936454849498327
5396,0.0,0.37037037037037035,0.8333333333333334,2.2500000000000004
5397,0.0,0.32432432432432434,0.8135593220338984,2.5084745762711864
5398,0.0,0.21428571428571427,0.7254901960784313,3.3856209150326797
5399,0.0,0.26,0.6557377049180327,2.5220680958385873
5400,0.0,0.27586206896551724,0.8135593220338984,2.9491525423728815
5401,0.0,0.25,0.8983050847457628,3.593220338983051
5402,0.0,0.41025641025641024,0.7887323943661971,1.9225352112676055
5403,0.0,0.4358974358974359,0.7532467532467533,1.72803666921314
5404,0.0,0.24,0.7941176470588235,3.3088235294117645
5405,0.0,0.17777777777777778,0.8955223880597015,5.037313432835821
5406,0.0,0.18,0.9,5.0
5407,0.0,0.21428571428571427,0.7884615384615384,3.6794871794871797
5408,0.0,0.1206896551724138,0.7608695652173914,6.304347826086957
5409,0.0,0.37037037037037035,0.7540983606557377,2.036065573770492
5410,0.0,0.2647058823529412,0.8507462686567164,3.2139303482587063
5411,0.0,0.09615384615384616,0.8636363636363636,8.98181818181818
5412,0.0,0.24528301886792453,0.7446808510638298,3.0360065466448445
5413,0.0,0.27450980392156865,0.7,2.55
5414,0.0,0.30952380952380953,0.8214285714285714,2.6538461538461537
5415,0.0,0.3333333333333333,0.7068965517241379,2.1206896551724137
5416,0.0,0.21311475409836064,0.6666666666666666,3.128205128205128
5417,0.0,0.225,0.8301886792452831,3.689727463312369
5418,0.0,0.21568627450980393,0.7543859649122807,3.4976076555023923
5419,0.0,0.28,0.6862745098039216,2.4509803921568625
5420,0.0,0.24489795918367346,0.85,3.470833333333333
5421,0.0,0.1206896551724138,0.696969696969697,5.774891774891775
5422,0.0,0.23404255319148937,0.8490566037735849,3.62778730703259
5423,0.0,0.2727272727272727,0.8275862068965517,3.03448275862069
5424,0.0,0.2413793103448276,0.7592592592592593,3.1455026455026456
5425,0.0,0.3409090909090909,0.7538461538461538,2.2112820512820512
5426,0.0,0.14035087719298245,0.7959183673469388,5.670918367346939
5427,0.0,0.1836734693877551,0.7619047619047619,4.148148148148148
5428,0.0,0.21818181818181817,0.6976744186046512,3.1976744186046515
5429,0.0,0.22807017543859648,0.7777777777777778,3.4102564102564106
5430,0.0,0.3333333333333333,0.8205128205128205,2.4615384615384617
5431,0.0,0.21428571428571427,0.8363636363636363,3.903030303030303
5432,0.0,0.23214285714285715,0.7142857142857143,3.076923076923077
5433,0.0,0.2777777777777778,0.7413793103448276,2.6689655172413795
5434,0.0,0.21818181818181817,0.7833333333333333,3.590277777777778
5435,0.0,0.2619047619047619,0.8360655737704918,3.1922503725782416
5436,0.0,0.3170731707317073,0.8529411764705882,2.690045248868778
5437,0.0,0.1724137931034483,0.7441860465116279,4.316279069767441
5438,0.0,0.4594594594594595,0.7297297297297297,1.588235294117647
5439,0.0,0.2777777777777778,0.5925925925925926,2.1333333333333333
5440,0.0,0.2962962962962963,0.6666666666666666,2.25
5441,0.0,0.5294117647058824,0.8783783783783784,1.6591591591591592
5442,0.0,0.37777777777777777,0.6507936507936508,1.7226890756302522
5443,0.0,0.325,0.7910447761194029,2.4339839265212397
5444,0.0,0.2982456140350877,0.5,1.6764705882352942
5445,0.0,0.1836734693877551,0.8571428571428571,4.666666666666666
5446,0.0,0.29310344827586204,0.7972972972972973,2.7201907790143087
5447,0.0,0.2127659574468085,0.8305084745762712,3.9033898305084747
5448,0.0,0.3442622950819672,0.6666666666666666,1.9365079365079365
5449,0.0,0.2857142857142857,0.84375,2.953125
5450,0.0,0.26229508196721313,0.6585365853658537,2.510670731707317
5451,0.0,0.11538461538461539,0.8181818181818182,7.090909090909091
5452,0.0,0.3333333333333333,0.7704918032786885,2.3114754098360657
5453,0.0,0.32727272727272727,0.726027397260274,2.2184170471841704
5454,0.0,0.20754716981132076,0.7547169811320755,3.6363636363636362
5455,0.0,0.2708333333333333,0.7111111111111111,2.625641025641026
5456,0.0,0.2558139534883721,0.8541666666666666,3.3390151515151514
5457,0.0,0.22916666666666666,0.75,3.272727272727273
5458,0.0,0.2549019607843137,0.8405797101449275,3.297658862876254
5459,0.0,0.4782608695652174,0.6,1.2545454545454544
5460,0.0,0.19230769230769232,0.8360655737704918,4.3475409836065575
5461,0.0,0.36,0.6111111111111112,1.697530864197531
5462,0.0,0.21568627450980393,0.75,3.477272727272727
5463,0.0,0.22857142857142856,0.8541666666666666,3.7369791666666665
5464,0.0,0.23809523809523808,0.7906976744186046,3.3209302325581396
5465,0.0,0.24193548387096775,0.7755102040816326,3.205442176870748
5466,0.0,0.30303030303030304,0.703125,2.3203125
5467,0.0,0.19230769230769232,0.7333333333333333,3.813333333333333
5468,0.0,0.15789473684210525,0.7291666666666666,4.618055555555555
5469,0.0,0.20754716981132076,0.7073170731707317,3.407982261640798
5470,0.0,0.41025641025641024,0.7727272727272727,1.8835227272727273
5471,0.0,0.22641509433962265,0.82,3.621666666666666
5472,0.0,0.25,0.7254901960784313,2.9019607843137254
5473,0.0,0.16326530612244897,0.7045454545454546,4.31534090909091
5474,0.0,0.14583333333333334,0.8095238095238095,5.551020408163265
5475,0.0,0.2653061224489796,0.8428571428571429,3.1769230769230767
5476,0.0,0.24444444444444444,0.6904761904761905,2.824675324675325
5477,0.0,0.44,0.6153846153846154,1.3986013986013988
5478,0.0,0.15217391304347827,0.75,4.928571428571428
5479,0.0,0.45161290322580644,0.8831168831168831,1.955473098330241
5480,0.0,0.20930232558139536,0.8636363636363636,4.126262626262626
5481,0.0,0.2978723404255319,0.7758620689655172,2.604679802955665
5482,0.0,0.32608695652173914,0.7166666666666667,2.1977777777777776
5483,0.0,0.15873015873015872,0.84,5.292
5484,0.0,0.4,0.8082191780821918,2.0205479452054793
5485,0.0,0.19696969696969696,0.7346938775510204,3.7299843014128733
5486,0.0,0.3269230769230769,0.7592592592592593,2.3224400871459694
5487,0.0,0.3269230769230769,0.7301587301587301,2.2334267040149394
5488,0.0,0.25,0.7872340425531915,3.148936170212766
5489,0.0,0.2553191489361702,0.673469387755102,2.6377551020408165
5490,0.0,0.21875,0.7058823529411765,3.226890756302521
5491,0.0,0.21428571428571427,0.76,3.546666666666667
5492,0.0,0.20754716981132076,0.8253968253968254,3.9769119769119765
5493,0.0,0.20408163265306123,0.8305084745762712,4.069491525423729
5494,0.0,0.2631578947368421,0.8620689655172413,3.2758620689655173
5495,0.0,0.22727272727272727,0.6458333333333334,2.841666666666667
5496,0.0,0.2909090909090909,0.7254901960784313,2.493872549019608
5497,0.0,0.22727272727272727,0.8035714285714286,3.535714285714286
5498,0.0,0.22807017543859648,0.6909090909090909,3.0293706293706295
5499,0.0,0.3469387755102041,0.7586206896551724,2.1866125760649084
5500,0.0,0.23529411764705882,0.8620689655172413,3.663793103448276
5501,0.0,0.23809523809523808,0.7719298245614035,3.2421052631578946
5502,0.0,0.4318181818181818,0.6862745098039216,1.5892672858617132
5503,0.0,0.39473684210526316,0.7377049180327869,1.8688524590163935
5504,0.0,0.21951219512195122,0.8732394366197183,3.978090766823161
5505,0.0,0.21052631578947367,0.851063829787234,4.042553191489362
5506,0.0,0.28,0.6326530612244898,2.259475218658892
5507,0.0,0.3793103448275862,0.5967741935483871,1.5733137829912025
5508,0.0,0.14583333333333334,0.7317073170731707,5.017421602787456
5509,0.0,0.37254901960784315,0.7142857142857143,1.9172932330827068
5510,0.0,0.4634146341463415,0.7439024390243902,1.6052631578947367
5511,0.0,0.18604651162790697,0.8518518518518519,4.578703703703704
5512,0.0,0.24,0.8115942028985508,3.381642512077295
5513,0.0,0.2857142857142857,0.8153846153846154,2.853846153846154
5514,0.0,0.27450980392156865,0.803921568627451,2.9285714285714284
5515,0.0,0.26,0.74,2.846153846153846
5516,0.0,0.3023255813953488,0.7068965517241379,2.3381962864721486
5517,0.0,0.2549019607843137,0.7758620689655172,3.043766578249337
5518,0.0,0.24528301886792453,0.7758620689655172,3.163129973474801
5519,0.0,0.3181818181818182,0.7045454545454546,2.2142857142857144
5520,0.0,0.41025641025641024,0.75,1.828125
5521,0.0,0.2647058823529412,0.9130434782608695,3.4492753623188404
5522,0.0,0.12244897959183673,0.6486486486486487,5.297297297297297
5523,0.0,0.2112676056338028,0.7291666666666666,3.451388888888889
5524,0.0,0.30952380952380953,0.8709677419354839,2.8138957816377173
5525,0.0,0.3333333333333333,0.711864406779661,2.135593220338983
5526,0.0,0.20689655172413793,0.7142857142857143,3.4523809523809526
5527,0.0,0.25925925925925924,0.7903225806451613,3.0483870967741935
5528,0.0,0.28,0.6949152542372882,2.4818401937046004
5529,0.0,0.2033898305084746,0.7321428571428571,3.5997023809523805
5530,0.0,0.2653061224489796,0.8,3.0153846153846153
5531,0.0,0.45,0.6341463414634146,1.4092140921409213
5532,0.0,0.3076923076923077,0.7166666666666667,2.3291666666666666
5533,0.0,0.3541666666666667,0.7037037037037037,1.9869281045751634
5534,0.0,0.21818181818181817,0.7966101694915254,3.651129943502825
5535,0.0,0.2916666666666667,0.7636363636363637,2.618181818181818
5536,0.0,0.2631578947368421,0.7241379310344828,2.7517241379310344
5537,0.0,0.2857142857142857,0.7380952380952381,2.5833333333333335
5538,0.0,0.22916666666666666,0.8035714285714286,3.506493506493507
5539,0.0,0.288135593220339,0.8082191780821918,2.8049959709911363
5540,0.0,0.2641509433962264,0.7540983606557377,2.8548009367681497
5541,0.0,0.29545454545454547,0.72,2.4369230769230765
5542,0.0,0.425531914893617,0.6716417910447762,1.578358208955224
5543,0.0,0.3,0.84,2.8
5544,0.0,0.19117647058823528,0.8163265306122449,4.270015698587128
5545,0.0,0.22641509433962265,0.7454545454545455,3.2924242424242425
5546,0.0,0.23214285714285715,0.8035714285714286,3.4615384615384617
5547,0.0,0.19230769230769232,0.7674418604651163,3.9906976744186045
5548,0.0,0.2,0.7450980392156863,3.7254901960784315
5549,0.0,0.3695652173913043,0.847457627118644,2.293120638085743
5550,0.0,0.23809523809523808,0.8181818181818182,3.436363636363637
5551,0.0,0.30612244897959184,0.6964285714285714,2.275
5552,0.0,0.2765957446808511,0.6382978723404256,2.307692307692308
5553,0.0,0.3090909090909091,0.5306122448979592,1.7166866746698681
5554,0.0,0.37037037037037035,0.6727272727272727,1.8163636363636364
5555,0.0,0.1896551724137931,0.76,4.007272727272728
5556,0.0,0.32,0.6530612244897959,2.040816326530612
5557,0.0,0.24193548387096775,0.7142857142857143,2.9523809523809526
5558,0.0,0.34615384615384615,0.7096774193548387,2.0501792114695343
5559,0.0,0.24489795918367346,0.7586206896551724,3.097701149425287
5560,0.0,0.22807017543859648,0.6888888888888889,3.0205128205128204
5561,0.0,0.28888888888888886,0.7543859649122807,2.6113360323886643
5562,0.0,0.22950819672131148,0.7291666666666666,3.177083333333333
5563,0.0,0.25925925925925924,0.7575757575757576,2.9220779220779223
5564,0.0,0.17647058823529413,0.7435897435897436,4.213675213675214
5565,0.0,0.21818181818181817,0.8035714285714286,3.6830357142857144
5566,0.0,0.2608695652173913,0.5813953488372093,2.228682170542636
5567,0.0,0.2857142857142857,0.6862745098039216,2.401960784313726
5568,0.0,0.23529411764705882,0.7241379310344828,3.0775862068965516
5569,0.0,0.1956521739130435,0.8392857142857143,4.2896825396825395
5570,0.0,0.2608695652173913,0.7636363636363637,2.9272727272727277
5571,0.0,0.23404255319148937,0.8333333333333334,3.5606060606060606
5572,0.0,0.38095238095238093,0.7272727272727273,1.9090909090909092
5573,0.0,0.3829787234042553,0.7808219178082192,2.038812785388128
5574,0.0,0.3125,0.5918367346938775,1.8938775510204082
5575,0.0,0.20754716981132076,0.8181818181818182,3.9421487603305785
5576,0.0,0.3,0.7222222222222222,2.4074074074074074
5577,0.0,0.25,0.7058823529411765,2.823529411764706
5578,0.0,0.21052631578947367,0.6666666666666666,3.1666666666666665
5579,0.0,0.2542372881355932,0.7735849056603774,3.0427672955974847
5580,0.0,0.21428571428571427,0.7608695652173914,3.5507246376811596
5581,0.0,0.2549019607843137,0.7321428571428571,2.8722527472527473
5582,0.0,0.21568627450980393,0.8043478260869565,3.7292490118577075
5583,0.0,0.3684210526315789,0.7611940298507462,2.0660980810234544
5584,0.0,0.2727272727272727,0.7045454545454546,2.5833333333333335
5585,0.0,0.3064516129032258,0.6833333333333333,2.229824561403509
5586,0.0,0.15789473684210525,0.8148148148148148,5.160493827160494
5587,0.0,0.34146341463414637,0.6727272727272727,1.97012987012987
5588,0.0,0.22,0.6470588235294118,2.9411764705882355
5589,0.0,0.2830188679245283,0.75,2.65
5590,0.0,0.2,0.8095238095238095,4.0476190476190474
5591,0.0,0.40816326530612246,0.7101449275362319,1.7398550724637682
5592,0.0,0.24489795918367346,0.6808510638297872,2.780141843971631
5593,0.0,0.24489795918367346,0.6875,2.8072916666666665
5594,0.0,0.20512820512820512,0.8813559322033898,4.296610169491525
5595,0.0,0.2127659574468085,0.8518518518518519,4.003703703703704
5596,0.0,0.25,0.7090909090909091,2.8363636363636364
5597,0.0,0.22950819672131148,0.6862745098039216,2.9901960784313726
5598,0.0,0.42,0.6964285714285714,1.6581632653061225
5599,0.0,0.25925925925925924,0.8070175438596491,3.112781954887218
5600,0.0,0.20833333333333334,0.7777777777777778,3.7333333333333334
5601,0.0,0.28205128205128205,0.8727272727272727,3.0942148760330577
5602,0.0,0.4186046511627907,0.7538461538461538,1.8008547008547007
5603,0.0,0.2033898305084746,0.6326530612244898,3.110544217687075
5604,0.0,0.3333333333333333,0.7777777777777778,2.3333333333333335
5605,0.0,0.32,0.78,2.4375
5606,0.0,0.1320754716981132,0.8269230769230769,6.260989010989011
5607,0.0,0.2727272727272727,0.8767123287671232,3.214611872146119
5608,0.0,0.23214285714285715,0.7307692307692307,3.14792899408284
5609,0.0,0.21428571428571427,0.6666666666666666,3.111111111111111
5610,0.0,0.2391304347826087,0.7833333333333333,3.2757575757575754
5611,0.0,0.2542372881355932,0.6984126984126984,2.7470899470899472
5612,0.0,0.24390243902439024,0.8076923076923077,3.3115384615384618
5613,0.0,0.2698412698412698,0.6956521739130435,2.578005115089514
5614,0.0,0.2826086956521739,0.7636363636363637,2.7020979020979023
5615,0.0,0.30952380952380953,0.765625,2.473557692307692
5616,0.0,0.25806451612903225,0.7755102040816326,3.0051020408163267
5617,0.0,0.25,0.7291666666666666,2.9166666666666665
5618,0.0,0.15789473684210525,0.86,5.446666666666667
5619,0.0,0.3783783783783784,0.8059701492537313,2.1300639658848612
5620,0.0,0.27450980392156865,0.627906976744186,2.287375415282392
5621,0.0,0.28,0.7538461538461538,2.692307692307692
5622,0.0,0.2127659574468085,0.78,3.666
5623,0.0,0.3157894736842105,0.7758620689655172,2.456896551724138
5624,0.0,0.19230769230769232,0.7058823529411765,3.6705882352941175
5625,0.0,0.35,0.7586206896551724,2.167487684729064
5626,0.0,0.27906976744186046,0.6875,2.4635416666666665
5627,0.0,0.26229508196721313,0.7704918032786885,2.9374999999999996
5628,0.0,0.38095238095238093,0.6545454545454545,1.7181818181818183
5629,0.0,0.24444444444444444,0.7457627118644068,3.050847457627119
5630,0.0,0.3076923076923077,0.7115384615384616,2.3125
5631,0.0,0.125,0.8571428571428571,6.857142857142857
5632,0.0,0.2222222222222222,0.8333333333333334,3.7500000000000004
5633,0.0,0.3076923076923077,0.8421052631578947,2.7368421052631575
5634,0.0,0.22413793103448276,0.7,3.1230769230769226
5635,0.0,0.25,0.7818181818181819,3.1272727272727274
5636,0.0,0.2391304347826087,0.7636363636363637,3.193388429752066
5637,0.0,0.2033898305084746,0.8,3.933333333333333
5638,0.0,0.21568627450980393,0.7111111111111111,3.296969696969697
5639,0.0,0.2857142857142857,0.7857142857142857,2.75
5640,0.0,0.17647058823529413,0.803921568627451,4.555555555555555
5641,0.0,0.2608695652173913,0.7906976744186046,3.0310077519379846
5642,0.0,0.2545454545454545,0.8648648648648649,3.3976833976833984
5643,0.0,0.3333333333333333,0.5813953488372093,1.7441860465116281
5644,0.0,0.1836734693877551,0.8727272727272727,4.751515151515151
5645,0.0,0.14754098360655737,0.7441860465116279,5.043927648578811
5646,0.0,0.3023255813953488,0.7272727272727273,2.405594405594406
5647,0.0,0.21875,0.8166666666666667,3.7333333333333334
5648,0.0,0.18032786885245902,0.6976744186046512,3.86892177589852
5649,0.0,0.2631578947368421,0.8076923076923077,3.0692307692307694
5650,0.0,0.2,0.8367346938775511,4.183673469387755
5651,0.0,0.1746031746031746,0.75,4.295454545454546
5652,0.0,0.2978723404255319,0.7857142857142857,2.6377551020408165
5653,0.0,0.25,0.851063829787234,3.404255319148936
5654,0.0,0.22388059701492538,0.6938775510204082,3.099319727891156
5655,0.0,0.22,0.7647058823529411,3.475935828877005
5656,0.0,0.3,0.7761194029850746,2.5870646766169156
5657,0.0,0.17777777777777778,0.8113207547169812,4.563679245283019
5658,0.0,0.14583333333333334,0.8909090909090909,6.1090909090909085
5659,0.0,0.15,0.7872340425531915,5.24822695035461
5660,0.0,0.40425531914893614,0.7192982456140351,1.7793167128347185
5661,0.0,0.22448979591836735,0.7083333333333334,3.1553030303030303
5662,0.0,0.21739130434782608,0.7142857142857143,3.285714285714286
5663,0.0,0.2542372881355932,0.6938775510204082,2.729251700680272
5664,0.0,0.234375,0.796875,3.4
5665,0.0,0.17857142857142858,0.7608695652173914,4.260869565217392
5666,0.0,0.09090909090909091,0.86,9.459999999999999
5667,0.0,0.125,0.6785714285714286,5.428571428571429
5668,0.0,0.3333333333333333,0.8166666666666667,2.45
5669,0.0,0.2916666666666667,0.8695652173913043,2.981366459627329
5670,0.0,0.1206896551724138,0.86,7.1257142857142854
5671,0.0,0.2037037037037037,0.9032258064516129,4.434017595307918
5672,0.0,0.30434782608695654,0.74,2.431428571428571
5673,0.0,0.3877551020408163,0.7605633802816901,1.9614529280948851
5674,0.0,0.23529411764705882,0.7735849056603774,3.287735849056604
5675,0.0,0.3148148148148148,0.6833333333333333,2.1705882352941175
5676,0.0,0.23880597014925373,0.7291666666666666,3.0533854166666665
5677,0.0,0.18032786885245902,0.8333333333333334,4.621212121212121
5678,0.0,0.18309859154929578,0.7924528301886793,4.328011611030479
5679,0.0,0.34615384615384615,0.78125,2.2569444444444446
5680,0.0,0.2153846153846154,0.7454545454545455,3.461038961038961
5681,0.0,0.20689655172413793,0.8135593220338984,3.9322033898305087
5682,0.0,0.25,0.7647058823529411,3.0588235294117645
5683,0.0,0.30357142857142855,0.5882352941176471,1.9377162629757787
5684,0.0,0.2857142857142857,0.8591549295774648,3.007042253521127
5685,0.0,0.28,0.7846153846153846,2.802197802197802
5686,0.0,0.30357142857142855,0.7741935483870968,2.5502846299810247
5687,0.0,0.24390243902439024,0.8333333333333334,3.416666666666667
5688,0.0,0.3055555555555556,0.8103448275862069,2.652037617554859
5689,0.0,0.22033898305084745,0.7272727272727273,3.300699300699301
5690,0.0,0.2542372881355932,0.7209302325581395,2.835658914728682
5691,0.0,0.2641509433962264,0.7692307692307693,2.9120879120879124
5692,0.0,0.4146341463414634,0.7384615384615385,1.7809954751131223
5693,0.0,0.3111111111111111,0.7307692307692307,2.3489010989010985
5694,0.0,0.3076923076923077,0.7368421052631579,2.394736842105263
5695,0.0,0.23214285714285715,0.7758620689655172,3.3421750663129974
5696,0.0,0.3137254901960784,0.6935483870967742,2.210685483870968
5697,0.0,0.2619047619047619,0.7818181818181819,2.9851239669421488
5698,0.0,0.3125,0.7636363636363637,2.443636363636364
5699,0.0,0.23529411764705882,0.6590909090909091,2.8011363636363638
5700,0.0,0.3333333333333333,0.7936507936507936,2.380952380952381
5701,0.0,0.3181818181818182,0.625,1.9642857142857144
5702,0.0,0.2878787878787879,0.6666666666666666,2.31578947368421
5703,0.0,0.22807017543859648,0.8275862068965517,3.6286472148541113
5704,0.0,0.34782608695652173,0.75,2.15625
5705,0.0,0.23404255319148937,0.8245614035087719,3.523125996810207
5706,0.0,0.1956521739130435,0.6808510638297872,3.4799054373522456
5707,0.0,0.25,0.8571428571428571,3.4285714285714284
5708,0.0,0.26666666666666666,0.8771929824561403,3.289473684210526
5709,0.0,0.2545454545454545,0.7407407407407407,2.9100529100529102
5710,0.0,0.38,0.5434782608695652,1.4302059496567505
5711,0.0,0.2653061224489796,0.6829268292682927,2.5741088180112572
5712,0.0,0.23529411764705882,0.6981132075471698,2.9669811320754715
5713,0.0,0.32,0.6909090909090909,2.159090909090909
5714,0.0,0.11666666666666667,0.8333333333333334,7.142857142857143
5715,0.0,0.10526315789473684,0.8048780487804879,7.646341463414635
5716,0.0,0.34146341463414637,0.7424242424242424,2.1742424242424243
5717,0.0,0.40625,0.8275862068965517,2.037135278514589
5718,0.0,0.23728813559322035,0.8095238095238095,3.4115646258503403
5719,0.0,0.3,0.7924528301886793,2.6415094339622645
5720,0.0,0.27586206896551724,0.7941176470588235,2.878676470588235
5721,0.0,0.32608695652173914,0.7972972972972973,2.445045045045045
5722,0.0,0.20454545454545456,0.8367346938775511,4.090702947845805
5723,0.0,0.2692307692307692,0.7671232876712328,2.8493150684931505
5724,0.0,0.24074074074074073,0.7794117647058824,3.237556561085973
5725,0.0,0.3,0.7413793103448276,2.4712643678160924
5726,0.0,0.1896551724137931,0.8103448275862069,4.2727272727272725
5727,0.0,0.2608695652173913,0.7291666666666666,2.795138888888889
5728,0.0,0.21153846153846154,0.8135593220338984,3.845916795069338
5729,0.0,0.2833333333333333,0.6346153846153846,2.239819004524887
5730,0.0,0.20689655172413793,0.8,3.866666666666667
5731,0.0,0.3191489361702128,0.828125,2.5947916666666666
5732,0.0,0.3181818181818182,0.5681818181818182,1.7857142857142858
5733,0.0,0.39473684210526316,0.7936507936507936,2.0105820105820102
5734,0.0,0.3023255813953488,0.7796610169491526,2.578878748370274
5735,0.0,0.23076923076923078,0.8360655737704918,3.622950819672131
5736,0.0,0.13333333333333333,0.8,6.0
5737,0.0,0.2222222222222222,0.8125,3.65625
5738,0.0,0.14,0.8085106382978723,5.775075987841944
5739,0.0,0.3333333333333333,0.631578947368421,1.894736842105263
5740,0.0,0.3333333333333333,0.7843137254901961,2.3529411764705883
5741,0.0,0.2692307692307692,0.6458333333333334,2.398809523809524
5742,0.0,0.2826086956521739,0.7450980392156863,2.6365007541478134
5743,0.0,0.1864406779661017,0.7586206896551724,4.068965517241379
5744,0.0,0.2647058823529412,0.8727272727272727,3.296969696969697
5745,0.0,0.2,0.8615384615384616,4.3076923076923075
5746,0.0,0.2641509433962264,0.7068965517241379,2.676108374384236
5747,0.0,0.2328767123287671,0.7619047619047619,3.2717086834733893
5748,0.0,0.2545454545454545,0.723404255319149,2.8419452887538
5749,0.0,0.32,0.7352941176470589,2.297794117647059
5750,0.0,0.2692307692307692,0.7413793103448276,2.7536945812807883
5751,0.0,0.22,0.8166666666666667,3.712121212121212
5752,0.0,0.25862068965517243,0.6590909090909091,2.5484848484848484
5753,0.0,0.13043478260869565,0.8421052631578947,6.456140350877193
5754,0.0,0.21428571428571427,0.6923076923076923,3.230769230769231
5755,0.0,0.21428571428571427,0.803921568627451,3.751633986928105
5756,0.0,0.3404255319148936,0.7678571428571429,2.255580357142857
5757,0.0,0.2857142857142857,0.7346938775510204,2.5714285714285716
5758,0.0,0.22033898305084745,0.7592592592592593,3.445868945868946
5759,0.0,0.23214285714285715,0.7142857142857143,3.076923076923077
5760,0.0,0.2916666666666667,0.6981132075471698,2.3935309973045817
5761,0.0,0.4423076923076923,0.76,1.7182608695652175
5762,0.0,0.11538461538461539,0.7631578947368421,6.614035087719298
5763,0.0,0.24444444444444444,0.7111111111111111,2.909090909090909
5764,0.0,0.3050847457627119,0.71875,2.3559027777777777
5765,0.0,0.34146341463414637,0.7666666666666667,2.2452380952380953
5766,0.0,0.2033898305084746,0.6976744186046512,3.4302325581395348
5767,0.0,0.23076923076923078,0.7551020408163265,3.2721088435374144
5768,0.0,0.2542372881355932,0.6666666666666666,2.6222222222222222
5769,0.0,0.20512820512820512,0.8771929824561403,4.276315789473684
5770,0.0,0.24193548387096775,0.5714285714285714,2.3619047619047615
5771,0.0,0.25,0.6666666666666666,2.6666666666666665
5772,0.0,0.275,0.7777777777777778,2.8282828282828283
5773,0.0,0.28,0.7358490566037735,2.6280323450134766
5774,0.0,0.2641509433962264,0.7272727272727273,2.7532467532467533
5775,0.0,0.2608695652173913,0.7037037037037037,2.697530864197531
5776,0.0,0.4090909090909091,0.7586206896551724,1.8544061302681991
5777,0.0,0.16666666666666666,0.864406779661017,5.186440677966102
5778,0.0,0.13043478260869565,0.8235294117647058,6.313725490196078
5779,0.0,0.2564102564102564,0.8181818181818182,3.1909090909090914
5780,0.0,0.36585365853658536,0.7580645161290323,2.0720430107526884
5781,0.0,0.22916666666666666,0.8135593220338984,3.550077041602466
5782,0.0,0.21875,0.7413793103448276,3.389162561576355
5783,0.0,0.2127659574468085,0.8833333333333333,4.151666666666666
5784,0.0,0.2553191489361702,0.8,3.1333333333333337
5785,0.0,0.2708333333333333,0.7966101694915254,2.941329856584094
5786,0.0,0.3392857142857143,0.5925925925925926,1.746588693957115
5787,0.0,0.38,0.6545454545454545,1.7224880382775118
5788,0.0,0.16,0.8076923076923077,5.048076923076923
5789,0.0,0.18181818181818182,0.8214285714285714,4.517857142857142
5790,0.0,0.3829787234042553,0.7761194029850746,2.0265339966832503
5791,0.0,0.24324324324324326,0.8875,3.648611111111111
5792,0.0,0.26785714285714285,0.7719298245614035,2.8818713450292397
5793,0.0,0.22950819672131148,0.6511627906976745,2.8372093023255816
5794,0.0,0.3111111111111111,0.8048780487804879,2.587108013937282
5795,0.0,0.24242424242424243,0.71875,2.96484375
5796,0.0,0.26666666666666666,0.7962962962962963,2.986111111111111
5797,0.0,0.25,0.8,3.2
5798,0.0,0.2391304347826087,0.7551020408163265,3.157699443413729
5799,0.0,0.225,0.8695652173913043,3.864734299516908
5800,0.0,0.30612244897959184,0.6666666666666666,2.1777777777777776
5801,0.0,0.30357142857142855,0.639344262295082,2.106075216972035
5802,0.0,0.2777777777777778,0.8,2.88
5803,0.0,0.19607843137254902,0.8421052631578947,4.294736842105263
5804,0.0,0.19607843137254902,0.75,3.825
5805,0.0,0.2,0.75,3.75
5806,0.0,0.36666666666666664,0.8214285714285714,2.24025974025974
5807,0.0,0.26666666666666666,0.6666666666666666,2.5
5808,0.0,0.2982456140350877,0.7608695652173914,2.5511508951406654
5809,0.0,0.391304347826087,0.8421052631578947,2.152046783625731
5810,0.0,0.16666666666666666,0.7358490566037735,4.415094339622642
5811,0.0,0.38461538461538464,0.6851851851851852,1.7814814814814814
5812,0.0,0.18518518518518517,0.6976744186046512,3.7674418604651168
5813,0.0,0.26666666666666666,0.7454545454545455,2.7954545454545454
5814,0.0,0.30303030303030304,0.90625,2.990625
5815,0.0,0.12727272727272726,0.88,6.914285714285715
5816,0.0,0.27419354838709675,0.6730769230769231,2.4547511312217196
5817,0.0,0.2028985507246377,0.74,3.647142857142857
5818,0.0,0.24489795918367346,0.8181818181818182,3.3409090909090913
5819,0.0,0.24528301886792453,0.6851851851851852,2.7934472934472936
5820,0.0,0.2553191489361702,0.8235294117647058,3.2254901960784315
5821,0.0,0.225,0.7931034482758621,3.524904214559387
5822,0.0,0.27419354838709675,0.6271186440677966,2.2871385842472582
5823,0.0,0.30434782608695654,0.7833333333333333,2.5738095238095235
5824,0.0,0.20408163265306123,0.8135593220338984,3.986440677966102
5825,0.0,0.35135135135135137,0.7857142857142857,2.2362637362637363
5826,0.0,0.3111111111111111,0.7962962962962963,2.5595238095238093
5827,0.0,0.21311475409836064,0.8070175438596491,3.786774628879892
5828,0.0,0.28,0.7192982456140351,2.568922305764411
5829,0.0,0.24074074074074073,0.6744186046511628,2.8014311270125223
5830,0.0,0.16129032258064516,0.725,4.495
5831,0.0,0.15517241379310345,0.8085106382978723,5.210401891252954
5832,0.0,0.3333333333333333,0.75,2.25
5833,0.0,0.2222222222222222,0.8518518518518519,3.8333333333333335
5834,0.0,0.13043478260869565,0.6470588235294118,4.96078431372549
5835,0.0,0.2608695652173913,0.8181818181818182,3.1363636363636367
5836,0.0,0.2857142857142857,0.6136363636363636,2.147727272727273
5837,0.0,0.2564102564102564,0.7924528301886793,3.0905660377358495
5838,0.0,0.12,0.7192982456140351,5.9941520467836265
5839,0.0,0.3488372093023256,0.6444444444444445,1.8474074074074074
5840,0.0,0.38095238095238093,0.734375,1.927734375
5841,0.0,0.3125,0.7424242424242424,2.375757575757576
5842,0.0,0.25,0.7796610169491526,3.1186440677966103
5843,0.0,0.3409090909090909,0.8235294117647058,2.4156862745098038
5844,0.0,0.24193548387096775,0.7547169811320755,3.119496855345912
5845,0.0,0.3333333333333333,0.7317073170731707,2.1951219512195124
5846,0.0,0.25,0.7407407407407407,2.962962962962963
5847,0.0,0.34146341463414637,0.8307692307692308,2.4329670329670328
5848,0.0,0.3076923076923077,0.7076923076923077,2.3
5849,0.0,0.20454545454545456,0.7560975609756098,3.6964769647696474
5850,0.0,0.4864864864864865,0.8076923076923077,1.6602564102564101
5851,0.0,0.2777777777777778,0.7288135593220338,2.6237288135593215
5852,0.0,0.3137254901960784,0.7580645161290323,2.4163306451612905
5853,0.0,0.3,0.7666666666666667,2.555555555555556
5854,0.0,0.24489795918367346,0.8,3.266666666666667
5855,0.0,0.1956521739130435,0.8448275862068966,4.318007662835249
5856,0.0,0.2708333333333333,0.7222222222222222,2.666666666666667
5857,0.0,0.36363636363636365,0.7464788732394366,2.0528169014084505
5858,0.0,0.21818181818181817,0.6976744186046512,3.1976744186046515
5859,0.0,0.18518518518518517,0.7692307692307693,4.153846153846154
5860,0.0,0.19607843137254902,0.6938775510204082,3.5387755102040814
5861,0.0,0.20967741935483872,0.8064516129032258,3.846153846153846
5862,0.0,0.22413793103448276,0.7058823529411765,3.149321266968326
5863,0.0,0.3181818181818182,0.7924528301886793,2.4905660377358494
5864,0.0,0.16393442622950818,0.7555555555555555,4.608888888888889
5865,0.0,0.22807017543859648,0.7735849056603774,3.391872278664732
5866,0.0,0.22727272727272727,0.7843137254901961,3.450980392156863
5867,0.0,0.3181818181818182,0.8,2.5142857142857147
5868,0.0,0.288135593220339,0.7241379310344828,2.5131845841784988
5869,0.0,0.37209302325581395,0.7647058823529411,2.0551470588235294
5870,0.0,0.35185185185185186,0.7272727272727273,2.0669856459330145
5871,0.0,0.15254237288135594,0.7297297297297297,4.783783783783783
5872,0.0,0.22448979591836735,0.7833333333333333,3.4893939393939393
5873,0.0,0.2222222222222222,0.7547169811320755,3.39622641509434
5874,0.0,0.13513513513513514,0.8666666666666667,6.413333333333333
5875,0.0,0.16417910447761194,0.7391304347826086,4.50197628458498
5876,0.0,0.5151515151515151,0.7377049180327869,1.4320154291224687
5877,0.0,0.3111111111111111,0.7450980392156863,2.3949579831932772
5878,0.0,0.22916666666666666,0.8387096774193549,3.6598240469208214
5879,0.0,0.1864406779661017,0.8035714285714286,4.310064935064935
5880,0.0,0.34,0.6538461538461539,1.923076923076923
5881,0.0,0.25,0.72,2.88
5882,0.0,0.2777777777777778,0.6440677966101694,2.31864406779661
5883,0.0,0.13846153846153847,0.7317073170731707,5.284552845528455
5884,0.0,0.2545454545454545,0.7017543859649122,2.756892230576441
5885,0.0,0.1346153846153846,0.82,6.091428571428572
5886,0.0,0.4166666666666667,0.7368421052631579,1.7684210526315787
5887,0.0,0.4,0.7205882352941176,1.801470588235294
5888,0.0,0.25,0.7692307692307693,3.076923076923077
5889,0.0,0.22807017543859648,0.6511627906976745,2.8550983899821114
5890,0.0,0.1206896551724138,0.7777777777777778,6.444444444444445
5891,0.0,0.2619047619047619,0.7407407407407407,2.828282828282828
5892,0.0,0.23636363636363636,0.82,3.469230769230769
5893,0.0,0.2807017543859649,0.6792452830188679,2.419811320754717
5894,0.0,0.2,0.9047619047619048,4.523809523809524
5895,0.0,0.34146341463414637,0.8947368421052632,2.6203007518796992
5896,0.0,0.30612244897959184,0.7966101694915254,2.6022598870056495
5897,0.0,0.35185185185185186,0.7424242424242424,2.110047846889952
5898,0.0,0.37777777777777777,0.7407407407407407,1.9607843137254901
5899,0.0,0.29508196721311475,0.6530612244897959,2.2131519274376417
5900,0.0,0.3023255813953488,0.8064516129032258,2.667493796526055
5901,0.0,0.25862068965517243,0.7454545454545455,2.8824242424242423
5902,0.0,0.21739130434782608,0.8771929824561403,4.035087719298246
5903,0.0,0.21311475409836064,0.7916666666666666,3.71474358974359
5904,0.0,0.26666666666666666,0.8070175438596491,3.026315789473684
5905,0.0,0.11764705882352941,0.7962962962962963,6.768518518518518
5906,0.0,0.27450980392156865,0.8,2.914285714285714
5907,0.0,0.24444444444444444,0.8333333333333334,3.409090909090909
5908,0.0,0.18032786885245902,0.75,4.159090909090909
5909,0.0,0.20454545454545456,0.7962962962962963,3.8930041152263373
5910,0.0,0.32,0.7638888888888888,2.3871527777777777
5911,0.0,0.3111111111111111,0.8269230769230769,2.657967032967033
5912,0.0,0.15942028985507245,0.6904761904761905,4.3311688311688314
5913,0.0,0.3448275862068966,0.6428571428571429,1.8642857142857143
5914,0.0,0.14545454545454545,0.7962962962962963,5.474537037037037
5915,0.0,0.1864406779661017,0.58,3.110909090909091
5916,0.0,0.42857142857142855,0.8529411764705882,1.9901960784313726
5917,0.0,0.06521739130434782,0.9761904761904762,14.968253968253968
5918,0.0,0.3333333333333333,0.8214285714285714,2.4642857142857144
5919,0.0,0.27586206896551724,0.7254901960784313,2.6299019607843137
5920,0.0,0.26666666666666666,0.6792452830188679,2.547169811320755
5921,0.0,0.3018867924528302,0.7592592592592593,2.5150462962962967
5922,0.0,0.2553191489361702,0.7884615384615384,3.088141025641026
5923,0.0,0.15555555555555556,0.74,4.757142857142857
5924,0.0,0.32,0.6724137931034483,2.101293103448276
5925,0.0,0.2978723404255319,0.8333333333333334,2.797619047619048
5926,0.0,0.17857142857142858,0.7560975609756098,4.234146341463415
5927,0.0,0.21951219512195122,0.8181818181818182,3.7272727272727275
5928,0.0,0.17647058823529413,0.5517241379310345,3.126436781609195
5929,0.0,0.23404255319148937,0.84,3.589090909090909
5930,0.0,0.3076923076923077,0.6764705882352942,2.198529411764706
5931,0.0,0.20833333333333334,0.8214285714285714,3.9428571428571426
5932,0.0,0.3157894736842105,0.6862745098039216,2.1732026143790852
5933,0.0,0.2,0.8148148148148148,4.0740740740740735
5934,0.0,0.18571428571428572,0.7027027027027027,3.7837837837837838
5935,0.0,0.16666666666666666,0.8043478260869565,4.826086956521739
5936,0.0,0.25,0.7115384615384616,2.8461538461538463
5937,0.0,0.2413793103448276,0.7450980392156863,3.0868347338935576
5938,0.0,0.3191489361702128,0.7586206896551724,2.3770114942528733
5939,0.0,0.25806451612903225,0.7704918032786885,2.985655737704918
5940,0.0,0.32608695652173914,0.7419354838709677,2.275268817204301
5941,0.0,0.15151515151515152,0.7924528301886793,5.230188679245283
5942,0.0,0.32608695652173914,0.7096774193548387,2.1763440860215053
5943,0.0,0.35,0.76,2.1714285714285717
5944,0.0,0.16666666666666666,0.6938775510204082,4.163265306122449
5945,0.0,0.2222222222222222,0.8545454545454545,3.8454545454545452
5946,0.0,0.275,0.6511627906976745,2.367864693446089
5947,0.0,0.21875,0.9130434782608695,4.173913043478261
5948,0.0,0.3953488372093023,0.6792452830188679,1.7180910099889013
5949,0.0,0.21428571428571427,0.8571428571428571,4.0
5950,0.0,0.27906976744186046,0.8461538461538461,3.032051282051282
5951,0.0,0.18518518518518517,0.8536585365853658,4.609756097560976
5952,0.0,0.3902439024390244,0.6981132075471698,1.7889150943396224
5953,0.0,0.20833333333333334,0.8,3.84
5954,0.0,0.2037037037037037,0.75,3.681818181818182
5955,0.0,0.208955223880597,0.8275862068965517,3.960591133004926
5956,0.0,0.14285714285714285,0.6097560975609756,4.2682926829268295
5957,0.0,0.18461538461538463,0.8125,4.401041666666666
5958,0.0,0.4,0.6851851851851852,1.712962962962963
5959,0.0,0.19047619047619047,0.9354838709677419,4.911290322580645
5960,0.0,0.2033898305084746,0.7111111111111111,3.496296296296296
5961,0.0,0.37254901960784315,0.6805555555555556,1.8267543859649122
5962,0.0,0.34782608695652173,0.7333333333333333,2.1083333333333334
5963,0.0,0.27586206896551724,0.8135593220338984,2.9491525423728815
5964,0.0,0.15384615384615385,0.8409090909090909,5.465909090909091
5965,0.0,0.19607843137254902,0.8,4.08
5966,0.0,0.3111111111111111,0.6909090909090909,2.220779220779221
5967,0.0,0.16981132075471697,0.8301886792452831,4.888888888888889
5968,0.0,0.22,0.7735849056603774,3.516295025728988
5969,0.0,0.1282051282051282,0.8157894736842105,6.363157894736842
5970,0.0,0.3584905660377358,0.673469387755102,1.878625134264232
5971,0.0,0.22727272727272727,0.6511627906976745,2.8651162790697677
5972,0.0,0.35,0.7068965517241379,2.019704433497537
5973,0.0,0.21951219512195122,0.7843137254901961,3.5729847494553377
5974,0.0,0.21428571428571427,0.7884615384615384,3.6794871794871797
5975,0.0,0.21212121212121213,0.7543859649122807,3.556390977443609
5976,0.0,0.2909090909090909,0.6530612244897959,2.2448979591836733
5977,0.0,0.32608695652173914,0.7878787878787878,2.416161616161616
5978,0.0,0.30158730158730157,0.7115384615384616,2.3593117408906883
5979,0.0,0.4418604651162791,0.7017543859649122,1.5881809787626961
5980,0.0,0.3333333333333333,0.8225806451612904,2.4677419354838714
5981,0.0,0.16666666666666666,0.7333333333333333,4.4
5982,0.0,0.2962962962962963,0.7101449275362319,2.3967391304347827
5983,0.0,0.3125,0.7678571428571429,2.4571428571428573
5984,0.0,0.28888888888888886,0.7540983606557377,2.610340479192938
5985,0.0,0.3114754098360656,0.6153846153846154,1.9757085020242915
5986,0.0,0.19148936170212766,0.7659574468085106,4.0
5987,0.0,0.20454545454545456,0.9122807017543859,4.460038986354776
5988,0.0,0.2826086956521739,0.75,2.653846153846154
5989,0.0,0.23684210526315788,0.8461538461538461,3.572649572649573
5990,0.0,0.35185185185185186,0.6721311475409836,1.9102674719585848
5991,0.0,0.30357142857142855,0.7692307692307693,2.5339366515837107
5992,0.0,0.37735849056603776,0.7818181818181819,2.071818181818182
5993,0.0,0.27906976744186046,0.7,2.5083333333333333
5994,0.0,0.22641509433962265,0.7619047619047619,3.3650793650793647
5995,0.0,0.2558139534883721,0.6875,2.6875
5996,0.0,0.32075471698113206,0.7636363636363637,2.3807486631016044
5997,0.0,0.20754716981132076,0.6956521739130435,3.351778656126482
5998,0.0,0.3018867924528302,0.7384615384615385,2.4461538461538463
5999,0.0,0.32786885245901637,0.7,2.1350000000000002
6000,0.0,0.23255813953488372,0.8181818181818182,3.5181818181818185
6001,0.0,0.29411764705882354,0.7941176470588235,2.6999999999999997
6002,0.0,0.21568627450980393,0.8269230769230769,3.8339160839160833
6003,0.0,0.32142857142857145,0.6545454545454545,2.036363636363636
6004,0.0,0.43478260869565216,0.7536231884057971,1.7333333333333334
6005,0.0,0.32608695652173914,0.7592592592592593,2.3283950617283953
6006,0.0,0.21428571428571427,0.7678571428571429,3.583333333333334
6007,0.0,0.3488372093023256,0.6140350877192983,1.760233918128655
6008,0.0,0.24324324324324326,0.8269230769230769,3.399572649572649
6009,0.0,0.3170731707317073,0.7454545454545455,2.351048951048951
6010,0.0,0.18,0.7924528301886793,4.402515723270441
6011,0.0,0.375,0.8225806451612904,2.1935483870967745
6012,0.0,0.3333333333333333,0.7758620689655172,2.327586206896552
6013,0.0,0.14893617021276595,0.7575757575757576,5.086580086580087
6014,0.0,0.46153846153846156,0.6226415094339622,1.3490566037735847
6015,0.0,0.2549019607843137,0.82,3.2169230769230768
6016,0.0,0.2391304347826087,0.8360655737704918,3.496274217585693
6017,0.0,0.2857142857142857,0.7358490566037735,2.5754716981132075
6018,0.0,0.3148148148148148,0.7540983606557377,2.3953712632594018
6019,0.0,0.25,0.6530612244897959,2.6122448979591835
6020,0.0,0.3181818181818182,0.8484848484848485,2.666666666666667
6021,0.0,0.35135135135135137,0.7017543859649122,1.9973009446693655
6022,0.0,0.2631578947368421,0.7380952380952381,2.804761904761905
6023,0.0,0.3023255813953488,0.7678571428571429,2.539835164835165
6024,0.0,0.375,0.7846153846153846,2.0923076923076924
6025,0.0,0.2909090909090909,0.7068965517241379,2.429956896551724
6026,0.0,0.2692307692307692,0.6721311475409836,2.496487119437939
6027,0.0,0.27906976744186046,0.6666666666666666,2.388888888888889
6028,0.0,0.2222222222222222,0.8695652173913043,3.9130434782608696
6029,0.0,0.2916666666666667,0.7692307692307693,2.6373626373626373
6030,0.0,0.1875,0.7547169811320755,4.0251572327044025
6031,0.0,0.2,0.6842105263157895,3.4210526315789473
6032,0.0,0.3111111111111111,0.7457627118644068,2.3970944309927362
6033,0.0,0.24489795918367346,0.8333333333333334,3.402777777777778
6034,0.0,0.30357142857142855,0.6481481481481481,2.135076252723312
6035,0.0,0.26666666666666666,0.7735849056603774,2.9009433962264155
6036,0.0,0.25,0.828125,3.3125
6037,0.0,0.3076923076923077,0.7547169811320755,2.452830188679245
6038,0.0,0.21153846153846154,0.8032786885245902,3.797317436661699
6039,0.0,0.3269230769230769,0.6744186046511628,2.062927496580027
6040,0.0,0.2786885245901639,0.6538461538461539,2.3461538461538463
6041,0.0,0.3018867924528302,0.5897435897435898,1.9535256410256412
6042,0.0,0.16071428571428573,0.8125,5.055555555555555
6043,0.0,0.19148936170212766,0.7804878048780488,4.075880758807588
6044,0.0,0.2702702702702703,0.7903225806451613,2.9241935483870964
6045,0.0,0.25,0.6818181818181818,2.727272727272727
6046,0.0,0.3023255813953488,0.8064516129032258,2.667493796526055
6047,0.0,0.3050847457627119,0.7068965517241379,2.3170498084291187
6048,0.0,0.2857142857142857,0.8103448275862069,2.836206896551724
6049,0.0,0.27906976744186046,0.8085106382978723,2.8971631205673756
6050,0.0,0.25,0.7346938775510204,2.938775510204082
6051,0.0,0.18181818181818182,0.8269230769230769,4.5480769230769225
6052,0.0,0.3111111111111111,0.8,2.5714285714285716
6053,0.0,0.2222222222222222,0.819672131147541,3.6885245901639347
6054,0.0,0.21621621621621623,0.9107142857142857,4.212053571428571
6055,0.0,0.3541666666666667,0.6326530612244898,1.7863145258103241
6056,0.0,0.35714285714285715,0.7916666666666666,2.2166666666666663
6057,0.0,0.3125,0.7758620689655172,2.4827586206896552
6058,0.0,0.25,0.7551020408163265,3.020408163265306
6059,0.0,0.22916666666666666,0.775,3.381818181818182
6060,0.0,0.1951219512195122,0.9074074074074074,4.650462962962963
6061,0.0,0.37777777777777777,0.746031746031746,1.9747899159663866
6062,0.0,0.3023255813953488,0.7592592592592593,2.5113960113960117
6063,0.0,0.3,0.7796610169491526,2.598870056497175
6064,0.0,0.21428571428571427,0.7857142857142857,3.666666666666667
6065,0.0,0.3230769230769231,0.7115384615384616,2.2023809523809526
6066,0.0,0.4166666666666667,0.6491228070175439,1.5578947368421052
6067,0.0,0.3023255813953488,0.7142857142857143,2.3626373626373627
6068,0.0,0.2830188679245283,0.6041666666666666,2.134722222222222
6069,0.0,0.288135593220339,0.8103448275862069,2.8123732251521294
6070,0.0,0.22641509433962265,0.8571428571428571,3.7857142857142856
6071,0.0,0.17543859649122806,0.8518518518518519,4.855555555555556
6072,0.0,0.425,0.5714285714285714,1.3445378151260503
6073,0.0,0.24489795918367346,0.76,3.1033333333333335
6074,0.0,0.2857142857142857,0.8275862068965517,2.896551724137931
6075,0.0,0.2909090909090909,0.66,2.2687500000000003
6076,0.0,0.25,0.7407407407407407,2.962962962962963
6077,0.0,0.2619047619047619,0.9038461538461539,3.451048951048951
6078,0.0,0.2,0.7142857142857143,3.571428571428571
6079,0.0,0.25,0.8305084745762712,3.3220338983050848
6080,0.0,0.22916666666666666,0.7903225806451613,3.4486803519061584
6081,0.0,0.22448979591836735,0.8070175438596491,3.5948963317384366
6082,0.0,0.26785714285714285,0.7424242424242424,2.771717171717172
6083,0.0,0.1,0.82,8.2
6084,0.0,0.203125,0.7254901960784313,3.5716440422322773
6085,0.0,0.375,0.746031746031746,1.9894179894179895
6086,0.0,0.3076923076923077,0.7872340425531915,2.5585106382978724
6087,0.0,0.2222222222222222,0.78,3.5100000000000002
6088,0.0,0.20833333333333334,0.8222222222222222,3.9466666666666663
6089,0.0,0.30357142857142855,0.746031746031746,2.457516339869281
6090,0.0,0.23333333333333334,0.7924528301886793,3.3962264150943398
6091,0.0,0.2608695652173913,0.8636363636363636,3.3106060606060606
6092,0.0,0.21951219512195122,0.847457627118644,3.8606403013182673
6093,0.0,0.3137254901960784,0.7222222222222222,2.3020833333333335
6094,0.0,0.23076923076923078,0.847457627118644,3.6723163841807906
6095,0.0,0.2857142857142857,0.7142857142857143,2.5
6096,0.0,0.23529411764705882,0.6938775510204082,2.9489795918367347
6097,0.0,0.23333333333333334,0.7291666666666666,3.125
6098,0.0,0.28846153846153844,0.6304347826086957,2.1855072463768117
6099,0.0,0.34615384615384615,0.7301587301587301,2.109347442680776
6100,0.0,0.3673469387755102,0.6607142857142857,1.798611111111111
6101,0.0,0.2916666666666667,0.6666666666666666,2.2857142857142856
6102,0.0,0.3191489361702128,0.7254901960784313,2.273202614379085
6103,0.0,0.3018867924528302,0.6666666666666666,2.2083333333333335
6104,0.0,0.26,0.8076923076923077,3.106508875739645
6105,0.0,0.25,0.8085106382978723,3.234042553191489
6106,0.0,0.2909090909090909,0.7592592592592593,2.609953703703704
6107,0.0,0.1568627450980392,0.5588235294117647,3.5625
6108,0.0,0.35185185185185186,0.7076923076923077,2.011336032388664
6109,0.0,0.17857142857142858,0.8043478260869565,4.504347826086956
6110,0.0,0.1896551724137931,0.6862745098039216,3.6185383244206775
6111,0.0,0.26,0.723404255319149,2.7823240589198037
6112,0.0,0.28846153846153844,0.7708333333333334,2.6722222222222225
6113,0.0,0.28888888888888886,0.5675675675675675,1.9646569646569647
6114,0.0,0.18333333333333332,0.7924528301886793,4.322469982847342
6115,0.0,0.2857142857142857,0.8103448275862069,2.836206896551724
6116,0.0,0.2923076923076923,0.5849056603773585,2.0009930486593843
6117,0.0,0.3617021276595745,0.6666666666666666,1.8431372549019607
6118,0.0,0.2835820895522388,0.6779661016949152,2.3907225691347014
6119,0.0,0.4117647058823529,0.8059701492537313,1.9573560767590619
6120,0.0,0.3076923076923077,0.8285714285714286,2.692857142857143
6121,0.0,0.30612244897959184,0.6875,2.245833333333333
6122,0.0,0.2,0.7551020408163265,3.775510204081632
6123,0.0,0.19672131147540983,0.7027027027027027,3.5720720720720722
6124,0.0,0.3888888888888889,0.8260869565217391,2.124223602484472
6125,0.0,0.21428571428571427,0.9230769230769231,4.307692307692308
6126,0.0,0.1694915254237288,0.6666666666666666,3.933333333333333
6127,0.0,0.41304347826086957,0.6721311475409836,1.627264883520276
6128,0.0,0.2542372881355932,0.717391304347826,2.8217391304347825
6129,0.0,0.25862068965517243,0.7307692307692307,2.8256410256410254
6130,0.0,0.2765957446808511,0.8115942028985508,2.9342251950947604
6131,0.0,0.1,0.8048780487804879,8.048780487804878
6132,0.0,0.2765957446808511,0.7727272727272727,2.7937062937062933
6133,0.0,0.3888888888888889,0.7704918032786885,1.981264637002342
6134,0.0,0.3469387755102041,0.7192982456140351,2.0732714138286896
6135,0.0,0.22641509433962265,0.723404255319149,3.195035460992908
6136,0.0,0.14634146341463414,0.8490566037735849,5.801886792452831
6137,0.0,0.2553191489361702,0.7058823529411765,2.7647058823529416
6138,0.0,0.24242424242424243,0.875,3.609375
6139,0.0,0.32558139534883723,0.5609756097560976,1.7229965156794425
6140,0.0,0.3191489361702128,0.7142857142857143,2.238095238095238
6141,0.0,0.21052631578947367,0.8153846153846154,3.873076923076923
6142,0.0,0.2978723404255319,0.8135593220338984,2.7312348668280877
6143,0.0,0.24528301886792453,0.8524590163934426,3.4754098360655736
6144,0.0,0.25,0.765625,3.0625
6145,0.0,0.19230769230769232,0.7333333333333333,3.813333333333333
6146,0.0,0.22950819672131148,0.8307692307692308,3.61978021978022
6147,0.0,0.38461538461538464,0.863013698630137,2.243835616438356
6148,0.0,0.275,0.6904761904761905,2.5108225108225106
6149,0.0,0.24074074074074073,0.8135593220338984,3.3794002607561935
6150,0.0,0.32608695652173914,0.7551020408163265,2.315646258503401
6151,0.0,0.32558139534883723,0.7627118644067796,2.3426150121065374
6152,0.0,0.1864406779661017,0.85,4.559090909090909
6153,0.0,0.30434782608695654,0.6585365853658537,2.1637630662020904
6154,0.0,0.18333333333333332,0.7962962962962963,4.343434343434343
6155,0.0,0.16393442622950818,0.7169811320754716,4.373584905660377
6156,0.0,0.23076923076923078,0.7358490566037735,3.1886792452830184
6157,0.0,0.2857142857142857,0.6730769230769231,2.3557692307692313
6158,0.0,0.2641509433962264,0.673469387755102,2.5495626822157433
6159,0.0,0.23214285714285715,0.7045454545454546,3.034965034965035
6160,0.0,0.26666666666666666,0.6595744680851063,2.473404255319149
6161,0.0,0.3333333333333333,0.6444444444444445,1.9333333333333336
6162,0.0,0.2857142857142857,0.7846153846153846,2.746153846153846
6163,0.0,0.29545454545454547,0.6792452830188679,2.298984034833091
6164,0.0,0.25,0.8260869565217391,3.3043478260869565
6165,0.0,0.37777777777777777,0.7058823529411765,1.8685121107266438
6166,0.0,0.2608695652173913,0.7450980392156863,2.8562091503267975
6167,0.0,0.20754716981132076,0.7962962962962963,3.8367003367003365
6168,0.0,0.27906976744186046,0.7258064516129032,2.6008064516129035
6169,0.0,0.2127659574468085,0.8095238095238095,3.8047619047619046
6170,0.0,0.3111111111111111,0.8064516129032258,2.592165898617511
6171,0.0,0.3953488372093023,0.6727272727272727,1.7016042780748664
6172,0.0,0.3829787234042553,0.8032786885245902,2.0974499089253187
6173,0.0,0.3148148148148148,0.7301587301587301,2.3193277310924367
6174,0.0,0.3018867924528302,0.6909090909090909,2.2886363636363636
6175,0.0,0.2653061224489796,0.7551020408163265,2.846153846153846
6176,0.0,0.2765957446808511,0.8571428571428571,3.0989010989010985
6177,0.0,0.26666666666666666,0.819672131147541,3.0737704918032787
6178,0.0,0.20408163265306123,0.7111111111111111,3.4844444444444447
6179,0.0,0.3125,0.7536231884057971,2.411594202898551
6180,0.0,0.3137254901960784,0.7424242424242424,2.366477272727273
6181,0.0,0.2413793103448276,0.7931034482758621,3.2857142857142856
6182,0.0,0.20833333333333334,0.8392857142857143,4.0285714285714285
6183,0.0,0.2619047619047619,0.8285714285714286,3.1636363636363636
6184,0.0,0.22641509433962265,0.7333333333333333,3.2388888888888885
6185,0.0,0.21052631578947367,0.8615384615384616,4.092307692307693
6186,0.0,0.24528301886792453,0.7735849056603774,3.153846153846154
6187,0.0,0.17857142857142858,0.8,4.48
6188,0.0,0.32558139534883723,0.8,2.4571428571428573
6189,0.0,0.20634920634920634,0.6521739130434783,3.1605351170568565
6190,0.0,0.2553191489361702,0.8676470588235294,3.398284313725491
6191,0.0,0.17307692307692307,0.82,4.737777777777778
6192,0.0,0.24444444444444444,0.5952380952380952,2.435064935064935
6193,0.0,0.28846153846153844,0.7551020408163265,2.617687074829932
6194,0.0,0.16,0.8571428571428571,5.357142857142857
6195,0.0,0.2127659574468085,0.7708333333333334,3.622916666666667
6196,0.0,0.22916666666666666,0.803921568627451,3.508021390374332
6197,0.0,0.2978723404255319,0.7592592592592593,2.548941798941799
6198,0.0,0.19230769230769232,0.8363636363636363,4.349090909090909
6199,0.0,0.3076923076923077,0.7903225806451613,2.568548387096774
6200,0.0,0.17567567567567569,0.7,3.9846153846153842
6201,0.0,0.275,0.72,2.6181818181818177
6202,0.0,0.42,0.631578947368421,1.5037593984962405
6203,0.0,0.13636363636363635,0.8936170212765957,6.553191489361702
6204,0.0,0.30612244897959184,0.8,2.6133333333333333
6205,0.0,0.2830188679245283,0.7058823529411765,2.4941176470588236
6206,0.0,0.375,0.7407407407407407,1.9753086419753085
6207,0.0,0.23728813559322035,0.627906976744186,2.6461794019933556
6208,0.0,0.28846153846153844,0.7142857142857143,2.4761904761904763
6209,0.0,0.3064516129032258,0.7258064516129032,2.3684210526315788
6210,0.0,0.1896551724137931,0.8,4.218181818181819
6211,0.0,0.12727272727272726,0.8,6.2857142857142865
6212,0.0,0.38461538461538464,0.7301587301587301,1.898412698412698
6213,0.0,0.19230769230769232,0.6571428571428571,3.417142857142857
6214,0.0,0.35,0.8,2.285714285714286
6215,0.0,0.22033898305084745,0.7230769230769231,3.281656804733728
6216,0.0,0.22,0.7446808510638298,3.3849129593810443
6217,0.0,0.36538461538461536,0.7777777777777778,2.128654970760234
6218,0.0,0.2777777777777778,0.7,2.5199999999999996
6219,0.0,0.24390243902439024,0.76,3.116
6220,0.0,0.2916666666666667,0.8571428571428571,2.9387755102040813
6221,0.0,0.19047619047619047,0.6428571428571429,3.3750000000000004
6222,0.0,0.19642857142857142,0.717391304347826,3.652173913043478
6223,0.0,0.21428571428571427,0.7543859649122807,3.52046783625731
6224,0.0,0.24324324324324326,0.8490566037735849,3.490566037735849
6225,0.0,0.21568627450980393,0.8909090909090909,4.130578512396694
6226,0.0,0.2833333333333333,0.5625,1.9852941176470589
6227,0.0,0.3559322033898305,0.7735849056603774,2.1734052111410604
6228,0.0,0.09090909090909091,0.8285714285714286,9.114285714285714
6229,0.0,0.3,0.7346938775510204,2.4489795918367347
6230,0.0,0.42424242424242425,0.8360655737704918,1.9707259953161593
6231,0.0,0.3111111111111111,0.7241379310344828,2.3275862068965516
6232,0.0,0.16981132075471697,0.7884615384615384,4.6431623931623935
6233,0.0,0.3392857142857143,0.6833333333333333,2.0140350877192983
6234,0.0,0.4222222222222222,0.7166666666666667,1.6973684210526316
6235,0.0,0.2653061224489796,0.7884615384615384,2.97189349112426
6236,0.0,0.22,0.7666666666666667,3.484848484848485
6237,0.0,0.26666666666666666,0.7636363636363637,2.8636363636363638
6238,0.0,0.1774193548387097,0.76,4.283636363636363
6239,0.0,0.24390243902439024,0.7659574468085106,3.1404255319148935
6240,0.0,0.32653061224489793,0.8070175438596491,2.4714912280701755
6241,0.0,0.2553191489361702,0.6909090909090909,2.7060606060606065
6242,0.0,0.21568627450980393,0.75,3.477272727272727
6243,0.0,0.2608695652173913,0.7358490566037735,2.820754716981132
6244,0.0,0.24390243902439024,0.8245614035087719,3.380701754385965
6245,0.0,0.3,0.6896551724137931,2.298850574712644
6246,0.0,0.28846153846153844,0.7538461538461538,2.6133333333333337
6247,0.0,0.28125,0.803921568627451,2.8583877995642704
6248,0.0,0.2978723404255319,0.8125,2.7276785714285716
6249,0.0,0.16666666666666666,0.8085106382978723,4.851063829787234
6250,0.0,0.3333333333333333,0.6666666666666666,2.0
6251,0.0,0.3783783783783784,0.7058823529411765,1.865546218487395
6252,0.0,0.16,0.8125,5.078125
6253,0.0,0.2549019607843137,0.8113207547169812,3.182873730043542
6254,0.0,0.3137254901960784,0.6078431372549019,1.9374999999999998
6255,0.0,0.2545454545454545,0.8113207547169812,3.1873315363881405
6256,0.0,0.36585365853658536,0.75,2.0500000000000003
6257,0.0,0.28846153846153844,0.7358490566037735,2.550943396226415
6258,0.0,0.2962962962962963,0.6086956521739131,2.054347826086957
6259,0.0,0.3137254901960784,0.7068965517241379,2.2532327586206895
6260,0.0,0.21052631578947367,0.8688524590163934,4.127049180327869
6261,0.0,0.21568627450980393,0.8103448275862069,3.75705329153605
6262,0.0,0.3023255813953488,0.7966101694915254,2.6349413298565842
6263,0.0,0.23636363636363636,0.8166666666666667,3.4551282051282053
6264,0.0,0.36585365853658536,0.8032786885245902,2.1956284153005465
6265,0.0,0.21568627450980393,0.8103448275862069,3.75705329153605
6266,0.0,0.3695652173913043,0.7213114754098361,1.951783992285439
6267,0.0,0.20754716981132076,0.8461538461538461,4.076923076923077
6268,0.0,0.28205128205128205,0.7142857142857143,2.5324675324675328
6269,0.0,0.34615384615384615,0.7692307692307693,2.2222222222222223
6270,0.0,0.2553191489361702,0.8620689655172413,3.3764367816091956
6271,0.0,0.22641509433962265,0.7627118644067796,3.36864406779661
6272,0.0,0.23809523809523808,0.7166666666666667,3.0100000000000002
6273,0.0,0.26,0.7213114754098361,2.7742749054224465
6274,0.0,0.29508196721311475,0.7580645161290323,2.5689964157706093
6275,0.0,0.3111111111111111,0.7368421052631579,2.3684210526315788
6276,0.0,0.13725490196078433,0.7058823529411765,5.142857142857142
6277,0.0,0.2972972972972973,0.75,2.5227272727272725
6278,0.0,0.2553191489361702,0.7575757575757576,2.9671717171717176
6279,0.0,0.21428571428571427,0.8225806451612904,3.8387096774193554
6280,0.0,0.2962962962962963,0.6949152542372882,2.3453389830508478
6281,0.0,0.19607843137254902,0.7317073170731707,3.7317073170731705
6282,0.0,0.32558139534883723,0.8153846153846154,2.5043956043956044
6283,0.0,0.32727272727272727,0.7611940298507462,2.325870646766169
6284,0.0,0.391304347826087,0.782608695652174,2.0
6285,0.0,0.2765957446808511,0.8113207547169812,2.933236574746009
6286,0.0,0.3829787234042553,0.75,1.9583333333333333
6287,0.0,0.3673469387755102,0.8208955223880597,2.2346600331674957
6288,0.0,0.3488372093023256,0.7454545454545455,2.136969696969697
6289,0.0,0.1206896551724138,0.775,6.421428571428572
6290,0.0,0.18867924528301888,0.8,4.24
6291,0.0,0.2537313432835821,0.74,2.916470588235294
6292,0.0,0.25,0.7538461538461538,3.0153846153846153
6293,0.0,0.3877551020408163,0.6785714285714286,1.7500000000000002
6294,0.0,0.26666666666666666,0.6896551724137931,2.586206896551724
6295,0.0,0.3269230769230769,0.6862745098039216,2.09919261822376
6296,0.0,0.3137254901960784,0.7666666666666667,2.44375
6297,0.0,0.2542372881355932,0.7321428571428571,2.8797619047619047
6298,0.0,0.28846153846153844,0.6610169491525424,2.291525423728814
6299,0.0,0.3333333333333333,0.7464788732394366,2.23943661971831
6300,0.0,0.28125,0.7586206896551724,2.697318007662835
6301,0.0,0.3684210526315789,0.74,2.0085714285714285
6302,0.0,0.26785714285714285,0.6851851851851852,2.558024691358025
6303,0.0,0.2982456140350877,0.6037735849056604,2.0244173140954493
6304,0.0,0.30612244897959184,0.6666666666666666,2.1777777777777776
6305,0.0,0.2545454545454545,0.6585365853658537,2.5871080139372826
6306,0.0,0.32558139534883723,0.7538461538461538,2.315384615384615
6307,0.0,0.24561403508771928,0.6904761904761905,2.8112244897959187
6308,0.0,0.2830188679245283,0.627906976744186,2.218604651162791
6309,0.0,0.2765957446808511,0.7333333333333333,2.651282051282051
6310,0.0,0.3953488372093023,0.6730769230769231,1.7024886877828056
6311,0.0,0.3333333333333333,0.6842105263157895,2.0526315789473686
6312,0.0,0.48936170212765956,0.6724137931034483,1.3740629685157422
6313,0.0,0.4146341463414634,0.7076923076923077,1.7067873303167422
6314,0.0,0.24615384615384617,0.6363636363636364,2.5852272727272725
6315,0.0,0.3,0.8166666666666667,2.7222222222222223
6316,0.0,0.16393442622950818,0.6842105263157895,4.173684210526316
6317,0.0,0.23529411764705882,0.7959183673469388,3.38265306122449
6318,0.0,0.25,0.7894736842105263,3.1578947368421053
6319,0.0,0.4,0.5535714285714286,1.3839285714285714
6320,0.0,0.22727272727272727,0.8125,3.575
6321,0.0,0.3023255813953488,0.74,2.4476923076923076
6322,0.0,0.24489795918367346,0.8103448275862069,3.3089080459770113
6323,0.0,0.234375,0.6730769230769231,2.871794871794872
6324,0.0,0.2222222222222222,0.8095238095238095,3.6428571428571432
6325,0.0,0.35135135135135137,0.7777777777777778,2.213675213675214
6326,0.0,0.28205128205128205,0.803030303030303,2.8471074380165287
6327,0.0,0.375,0.6896551724137931,1.8390804597701151
6328,0.0,0.3090909090909091,0.6862745098039216,2.220299884659746
6329,0.0,0.30434782608695654,0.64,2.1028571428571428
6330,0.0,0.32558139534883723,0.7894736842105263,2.424812030075188
6331,0.0,0.18,0.782608695652174,4.347826086956522
6332,0.0,0.18604651162790697,0.717948717948718,3.858974358974359
6333,0.0,0.20754716981132076,0.8771929824561403,4.226475279106857
6334,0.0,0.36538461538461536,0.75,2.0526315789473686
6335,0.0,0.3333333333333333,0.7868852459016393,2.360655737704918
6336,0.0,0.22807017543859648,0.6923076923076923,3.035502958579882
6337,0.0,0.2830188679245283,0.7936507936507936,2.804232804232804
6338,0.0,0.1694915254237288,0.6875,4.05625
6339,0.0,0.23529411764705882,0.7457627118644068,3.169491525423729
6340,0.0,0.2962962962962963,0.7288135593220338,2.459745762711864
6341,0.0,0.325,0.7872340425531915,2.4222585924713584
6342,0.0,0.21951219512195122,0.7631578947368421,3.476608187134503
6343,0.0,0.3488372093023256,0.7169811320754716,2.0553459119496855
6344,0.0,0.13725490196078433,0.8545454545454545,6.2259740259740255
6345,0.0,0.20634920634920634,0.7692307692307693,3.7278106508875744
6346,0.0,0.3877551020408163,0.7068965517241379,1.823049001814882
6347,0.0,0.20930232558139536,0.7884615384615384,3.7670940170940166
6348,0.0,0.24444444444444444,0.85,3.4772727272727275
6349,0.0,0.2962962962962963,0.7692307692307693,2.5961538461538463
6350,0.0,0.2608695652173913,0.7818181818181819,2.996969696969697
6351,0.0,0.27906976744186046,0.7857142857142857,2.8154761904761902
6352,0.0,0.29545454545454547,0.76,2.5723076923076924
6353,0.0,0.2916666666666667,0.8309859154929577,2.8490945674044266
6354,0.0,0.3584905660377358,0.8,2.2315789473684213
6355,0.0,0.2982456140350877,0.6226415094339622,2.0876803551609324
6356,0.0,0.3157894736842105,0.7916666666666666,2.5069444444444446
6357,0.0,0.25,0.7551020408163265,3.020408163265306
6358,0.0,0.4222222222222222,0.7285714285714285,1.725563909774436
6359,0.0,0.3191489361702128,0.7659574468085106,2.4
6360,0.0,0.2033898305084746,0.7321428571428571,3.5997023809523805
6361,0.0,0.18181818181818182,0.8333333333333334,4.583333333333333
6362,0.0,0.2708333333333333,0.8108108108108109,2.993762993762994
6363,0.0,0.29545454545454547,0.8571428571428571,2.901098901098901
6364,0.0,0.38095238095238093,0.7868852459016393,2.0655737704918034
6365,0.0,0.21311475409836064,0.7333333333333333,3.441025641025641
6366,0.0,0.2878787878787879,0.5869565217391305,2.0389016018306636
6367,0.0,0.425,0.7592592592592593,1.786492374727669
6368,0.0,0.24390243902439024,0.7884615384615384,3.2326923076923078
6369,0.0,0.2558139534883721,0.6785714285714286,2.6525974025974026
6370,0.0,0.18181818181818182,0.8095238095238095,4.4523809523809526
6371,0.0,0.24561403508771928,0.7678571428571429,3.126275510204082
6372,0.0,0.3076923076923077,0.7230769230769231,2.3499999999999996
6373,0.0,0.1864406779661017,0.75,4.0227272727272725
6374,0.0,0.20754716981132076,0.8,3.8545454545454545
6375,0.0,0.36363636363636365,0.7692307692307693,2.1153846153846154
6376,0.0,0.203125,0.6226415094339622,3.065312046444122
6377,0.0,0.24390243902439024,0.847457627118644,3.4745762711864407
6378,0.0,0.4146341463414634,0.6666666666666666,1.607843137254902
6379,0.0,0.28888888888888886,0.8153846153846154,2.822485207100592
6380,0.0,0.2413793103448276,0.6521739130434783,2.701863354037267
6381,0.0,0.21568627450980393,0.7272727272727273,3.371900826446281
6382,0.0,0.28888888888888886,0.8070175438596491,2.7935222672064777
6383,0.0,0.2916666666666667,0.7592592592592593,2.6031746031746033
6384,0.0,0.28888888888888886,0.8524590163934426,2.9508196721311477
6385,0.0,0.3,0.7846153846153846,2.6153846153846154
6386,0.0,0.23255813953488372,0.9259259259259259,3.9814814814814814
6387,0.0,0.2978723404255319,0.7580645161290323,2.544930875576037
6388,0.0,0.29508196721311475,0.7192982456140351,2.4376218323586745
6389,0.0,0.26,0.7966101694915254,3.0638852672750976
6390,0.0,0.3488372093023256,0.782608695652174,2.243478260869565
6391,0.0,0.2962962962962963,0.8032786885245902,2.711065573770492
6392,0.0,0.15555555555555556,0.8,5.142857142857143
6393,0.0,0.2653061224489796,0.8870967741935484,3.343672456575682
6394,0.0,0.2857142857142857,0.6617647058823529,2.3161764705882355
6395,0.0,0.17391304347826086,0.6829268292682927,3.9268292682926833
6396,0.0,0.3617021276595745,0.8166666666666667,2.257843137254902
6397,0.0,0.3275862068965517,0.717948717948718,2.191632928475034
6398,0.0,0.23255813953488372,0.8,3.4400000000000004
6399,0.0,0.16216216216216217,0.8983050847457628,5.53954802259887
6400,0.0,0.2641509433962264,0.7090909090909091,2.6844155844155844
6401,0.0,0.23404255319148937,0.6153846153846154,2.6293706293706296
6402,0.0,0.3157894736842105,0.8490566037735849,2.6886792452830193
6403,0.0,0.18518518518518517,0.847457627118644,4.576271186440678
6404,0.0,0.37777777777777777,0.7377049180327869,1.9527483124397302
6405,0.0,0.26666666666666666,0.6744186046511628,2.5290697674418605
6406,0.0,0.2702702702702703,0.8615384615384616,3.187692307692308
6407,0.0,0.2903225806451613,0.8076923076923077,2.782051282051282
6408,0.0,0.19148936170212766,0.8392857142857143,4.382936507936508
6409,0.0,0.23255813953488372,0.8983050847457628,3.86271186440678
6410,0.0,0.2391304347826087,0.7045454545454546,2.9462809917355375
6411,0.0,0.20689655172413793,0.6981132075471698,3.3742138364779874
6412,0.0,0.30612244897959184,0.765625,2.5010416666666666
6413,0.0,0.22641509433962265,0.7719298245614035,3.4093567251461985
6414,0.0,0.34210526315789475,0.7037037037037037,2.056980056980057
6415,0.0,0.26,0.7142857142857143,2.7472527472527473
6416,0.0,0.2542372881355932,0.8245614035087719,3.2432748538011698
6417,0.0,0.14925373134328357,0.34782608695652173,2.330434782608696
6418,0.0,0.3191489361702128,0.7301587301587301,2.2878306878306875
6419,0.0,0.2830188679245283,0.7903225806451613,2.79247311827957
6420,0.0,0.21153846153846154,0.78125,3.6931818181818183
6421,0.0,0.22,0.7674418604651163,3.488372093023256
6422,0.0,0.19607843137254902,0.7111111111111111,3.626666666666667
6423,0.0,0.3220338983050847,0.703125,2.183388157894737
6424,0.0,0.16981132075471697,0.8444444444444444,4.97283950617284
6425,0.0,0.3125,0.7230769230769231,2.313846153846154
6426,0.0,0.30158730158730157,0.6666666666666666,2.210526315789474
6427,0.0,0.2608695652173913,0.64,2.4533333333333336
6428,0.0,0.24444444444444444,0.85,3.4772727272727275
6429,0.0,0.40476190476190477,0.8108108108108109,2.003179650238474
6430,0.0,0.3125,0.782608695652174,2.5043478260869567
6431,0.0,0.24489795918367346,0.75,3.0625
6432,0.0,0.3111111111111111,0.78,2.507142857142857
6433,0.0,0.2,0.6851851851851852,3.425925925925926
6434,0.0,0.2549019607843137,0.7111111111111111,2.78974358974359
6435,0.0,0.2033898305084746,0.75,3.6874999999999996
6436,0.0,0.1956521739130435,0.8490566037735849,4.339622641509434
6437,0.0,0.20408163265306123,0.6666666666666666,3.2666666666666666
6438,0.0,0.2222222222222222,0.6379310344827587,2.870689655172414
6439,0.0,0.3617021276595745,0.6610169491525424,1.8275174476570288
6440,0.0,0.21428571428571427,0.8518518518518519,3.975308641975309
6441,0.0,0.3076923076923077,0.6888888888888889,2.238888888888889
6442,0.0,0.3114754098360656,0.7971014492753623,2.559115179252479
6443,0.0,0.1836734693877551,0.7804878048780488,4.249322493224932
6444,0.0,0.3090909090909091,0.7464788732394366,2.415078707539354
6445,0.0,0.21428571428571427,0.7833333333333333,3.655555555555556
6446,0.0,0.3469387755102041,0.574468085106383,1.6558197747183983
6447,0.0,0.22857142857142856,0.7924528301886793,3.466981132075472
6448,0.0,0.3125,0.765625,2.45
6449,0.0,0.27450980392156865,0.8035714285714286,2.9272959183673466
6450,0.0,0.18518518518518517,0.828125,4.471875
6451,0.0,0.3333333333333333,0.7580645161290323,2.274193548387097
6452,0.0,0.22413793103448276,0.7796610169491526,3.4784876140808345
6453,0.0,0.21739130434782608,0.8666666666666667,3.986666666666667
6454,0.0,0.20967741935483872,0.7924528301886793,3.7793904208998548
6455,0.0,0.25,0.8620689655172413,3.4482758620689653
6456,0.0,0.43478260869565216,0.7468354430379747,1.7177215189873418
6457,0.0,0.2553191489361702,0.84375,3.3046875000000004
6458,0.0,0.26229508196721313,0.6666666666666666,2.5416666666666665
6459,0.0,0.32432432432432434,0.75,2.3125
6460,0.0,0.29310344827586204,0.6896551724137931,2.3529411764705888
6461,0.0,0.18867924528301888,0.8679245283018868,4.6
6462,0.0,0.30357142857142855,0.7258064516129032,2.390891840607211
6463,0.0,0.2682926829268293,0.864406779661017,3.221879815100154
6464,0.0,0.2631578947368421,0.7636363636363637,2.9018181818181823
6465,0.0,0.3050847457627119,0.7543859649122807,2.4727095516569197
6466,0.0,0.26785714285714285,0.75,2.8000000000000003
6467,0.0,0.27450980392156865,0.7741935483870968,2.8202764976958523
6468,0.0,0.18518518518518517,0.8771929824561403,4.7368421052631575
6469,0.0,0.13559322033898305,0.7916666666666666,5.838541666666666
6470,0.0,0.30952380952380953,0.7288135593220338,2.3546284224250322
6471,0.0,0.23529411764705882,0.8461538461538461,3.5961538461538463
6472,0.0,0.3333333333333333,0.8059701492537313,2.4179104477611943
6473,0.0,0.26785714285714285,0.8,2.986666666666667
6474,0.0,0.3275862068965517,0.6226415094339622,1.900695134061569
6475,0.0,0.23333333333333334,0.8928571428571429,3.8265306122448983
6476,0.0,0.12962962962962962,0.8679245283018868,6.695417789757413
6477,0.0,0.32653061224489793,0.6481481481481481,1.984953703703704
6478,0.0,0.20512820512820512,0.8064516129032258,3.9314516129032255
6479,0.0,0.26666666666666666,0.7666666666666667,2.8750000000000004
6480,0.0,0.23809523809523808,0.75,3.1500000000000004
6481,0.0,0.23076923076923078,0.8135593220338984,3.5254237288135593
6482,0.0,0.1791044776119403,0.7142857142857143,3.9880952380952386
6483,0.0,0.3673469387755102,0.7936507936507936,2.1604938271604937
6484,0.0,0.1794871794871795,0.875,4.875
6485,0.0,0.28205128205128205,0.8461538461538461,3.0
6486,0.0,0.2708333333333333,0.7111111111111111,2.625641025641026
6487,0.0,0.3191489361702128,0.746031746031746,2.3375661375661374
6488,0.0,0.20588235294117646,0.8333333333333334,4.047619047619048
6489,0.0,0.4666666666666667,0.7368421052631579,1.5789473684210524
6490,0.0,0.25,0.8656716417910447,3.462686567164179
6491,0.0,0.1951219512195122,0.7936507936507936,4.067460317460317
6492,0.0,0.30612244897959184,0.8035714285714286,2.625
6493,0.0,0.22448979591836735,0.7959183673469388,3.5454545454545454
6494,0.0,0.37209302325581395,0.7272727272727273,1.9545454545454546
6495,0.0,0.22807017543859648,0.7586206896551724,3.326259946949602
6496,0.0,0.3,0.7758620689655172,2.586206896551724
6497,0.0,0.34146341463414637,0.7758620689655172,2.272167487684729
6498,0.0,0.16326530612244897,0.8823529411764706,5.404411764705882
6499,0.0,0.1875,0.7317073170731707,3.902439024390244
6500,0.0,0.2,0.8163265306122449,4.081632653061225
6501,0.0,0.2909090909090909,0.7083333333333334,2.4348958333333335
6502,0.0,0.22641509433962265,0.7692307692307693,3.3974358974358974
6503,0.0,0.35555555555555557,0.7894736842105263,2.2203947368421053
6504,0.0,0.2222222222222222,0.8448275862068966,3.8017241379310347
6505,0.0,0.22033898305084745,0.8113207547169812,3.682148040638607
6506,0.0,0.3170731707317073,0.7894736842105263,2.4898785425101213
6507,0.0,0.2037037037037037,0.7741935483870968,3.80058651026393
6508,0.0,0.29508196721311475,0.6724137931034483,2.278735632183908
6509,0.0,0.3076923076923077,0.5660377358490566,1.8396226415094339
6510,0.0,0.2708333333333333,0.8035714285714286,2.967032967032967
6511,0.0,0.2033898305084746,0.7547169811320755,3.710691823899371
6512,0.0,0.3,0.7096774193548387,2.3655913978494625
6513,0.0,0.13333333333333333,0.8867924528301887,6.650943396226415
6514,0.0,0.2631578947368421,0.6,2.2800000000000002
6515,0.0,0.26,0.873015873015873,3.357753357753358
6516,0.0,0.22807017543859648,0.7735849056603774,3.391872278664732
6517,0.0,0.208955223880597,0.775,3.708928571428572
6518,0.0,0.29545454545454547,0.7878787878787878,2.6666666666666665
6519,0.0,0.23529411764705882,0.7735849056603774,3.287735849056604
6520,0.0,0.34146341463414637,0.7692307692307693,2.2527472527472527
6521,0.0,0.18867924528301888,0.7777777777777778,4.122222222222222
6522,0.0,0.24489795918367346,0.8,3.266666666666667
6523,0.0,0.33962264150943394,0.6538461538461539,1.9252136752136753
6524,0.0,0.3269230769230769,0.6862745098039216,2.09919261822376
6525,0.0,0.30357142857142855,0.7536231884057971,2.482523444160273
6526,0.0,0.17543859649122806,0.7380952380952381,4.207142857142857
6527,0.0,0.24444444444444444,0.8548387096774194,3.497067448680352
6528,0.0,0.20588235294117646,0.6222222222222222,3.0222222222222226
6529,0.0,0.3181818181818182,0.7377049180327869,2.3185011709601877
6530,0.0,0.22641509433962265,0.8653846153846154,3.8221153846153846
6531,0.0,0.24444444444444444,0.8148148148148148,3.333333333333333
6532,0.0,0.3137254901960784,0.7777777777777778,2.4791666666666665
6533,0.0,0.34782608695652173,0.7258064516129032,2.086693548387097
6534,0.0,0.13559322033898305,0.7916666666666666,5.838541666666666
6535,0.0,0.32075471698113206,0.7866666666666666,2.452549019607843
6536,0.0,0.26,0.8571428571428571,3.2967032967032965
6537,0.0,0.16326530612244897,0.8571428571428571,5.25
6538,0.0,0.16071428571428573,0.8,4.977777777777778
6539,0.0,0.39655172413793105,0.7894736842105263,1.9908466819221968
6540,0.0,0.3333333333333333,0.7540983606557377,2.262295081967213
6541,0.0,0.21428571428571427,0.8076923076923077,3.7692307692307696
6542,0.0,0.13953488372093023,0.8372093023255814,6.0
6543,0.0,0.20408163265306123,0.803921568627451,3.93921568627451
6544,0.0,0.3333333333333333,0.7230769230769231,2.1692307692307695
6545,0.0,0.375,0.86,2.2933333333333334
6546,0.0,0.4375,0.7966101694915254,1.820823244552058
6547,0.0,0.24324324324324326,0.746031746031746,3.067019400352734
6548,0.0,0.23529411764705882,0.7333333333333333,3.1166666666666667
6549,0.0,0.19047619047619047,0.8688524590163934,4.561475409836065
6550,0.0,0.19230769230769232,0.7450980392156863,3.8745098039215686
6551,0.0,0.2553191489361702,0.8148148148148148,3.191358024691358
6552,0.0,0.18181818181818182,0.8813559322033898,4.847457627118644
6553,0.0,0.35185185185185186,0.7636363636363637,2.170334928229665
6554,0.0,0.2727272727272727,0.7796610169491526,2.858757062146893
6555,0.0,0.22413793103448276,0.6862745098039216,3.06184012066365
6556,0.0,0.30434782608695654,0.7307692307692307,2.401098901098901
6557,0.0,0.38461538461538464,0.8166666666666667,2.123333333333333
6558,0.0,0.32,0.7692307692307693,2.4038461538461537
6559,0.0,0.2553191489361702,0.8,3.1333333333333337
6560,0.0,0.4864864864864865,0.6964285714285714,1.4315476190476188
6561,0.0,0.30952380952380953,0.7058823529411765,2.2805429864253393
6562,0.0,0.16326530612244897,0.8421052631578947,5.157894736842105
6563,0.0,0.20833333333333334,0.7358490566037735,3.532075471698113
6564,0.0,0.3191489361702128,0.7833333333333333,2.4544444444444444
6565,0.0,0.1935483870967742,0.6444444444444445,3.32962962962963
6566,0.0,0.2608695652173913,0.5849056603773585,2.242138364779874
6567,0.0,0.23076923076923078,0.7884615384615384,3.4166666666666665
6568,0.0,0.22448979591836735,0.7454545454545455,3.3206611570247935
6569,0.0,0.234375,0.8,3.4133333333333336
6570,0.0,0.26666666666666666,0.8070175438596491,3.026315789473684
6571,0.0,0.4222222222222222,0.6296296296296297,1.4912280701754386
6572,0.0,0.18604651162790697,0.7962962962962963,4.280092592592593
6573,0.0,0.2830188679245283,0.7083333333333334,2.5027777777777778
6574,0.0,0.12727272727272726,0.7631578947368421,5.99624060150376
6575,0.0,0.25,0.8405797101449275,3.36231884057971
6576,0.0,0.19642857142857142,0.8333333333333334,4.242424242424243
6577,0.0,0.3541666666666667,0.7391304347826086,2.0869565217391304
6578,0.0,0.3333333333333333,0.7846153846153846,2.353846153846154
6579,0.0,0.18,0.8108108108108109,4.504504504504505
6580,0.0,0.2549019607843137,0.7413793103448276,2.908488063660478
6581,0.0,0.2222222222222222,0.8412698412698413,3.785714285714286
6582,0.0,0.19642857142857142,0.673469387755102,3.4285714285714284
6583,0.0,0.35714285714285715,0.7205882352941176,2.0176470588235293
6584,0.0,0.3,0.6274509803921569,2.0915032679738563
6585,0.0,0.2692307692307692,0.7833333333333333,2.90952380952381
6586,0.0,0.35555555555555557,0.7575757575757576,2.130681818181818
6587,0.0,0.20512820512820512,0.8615384615384616,4.2
6588,0.0,0.2619047619047619,0.6578947368421053,2.511961722488038
6589,0.0,0.36363636363636365,0.85,2.3375
6590,0.0,0.2765957446808511,0.7346938775510204,2.6562009419152277
6591,0.0,0.22448979591836735,0.8382352941176471,3.733957219251337
6592,0.0,0.2682926829268293,0.8214285714285714,3.0616883116883113
6593,0.0,0.47619047619047616,0.6779661016949152,1.423728813559322
6594,0.0,0.3137254901960784,0.7457627118644068,2.3771186440677967
6595,0.0,0.18604651162790697,0.7959183673469388,4.278061224489796
6596,0.0,0.18,0.7142857142857143,3.9682539682539684
6597,0.0,0.22641509433962265,0.8596491228070176,3.796783625730994
6598,0.0,0.25,0.8032786885245902,3.2131147540983607
6599,0.0,0.28888888888888886,0.7777777777777778,2.6923076923076925
6600,0.0,0.25,0.7045454545454546,2.8181818181818183
6601,0.0,0.27450980392156865,0.74,2.6957142857142853
6602,0.0,0.3148148148148148,0.6111111111111112,1.9411764705882353
6603,0.0,0.34,0.6730769230769231,1.9796380090497738
6604,0.0,0.32142857142857145,0.6481481481481481,2.016460905349794
6605,0.0,0.22807017543859648,0.7142857142857143,3.1318681318681323
6606,0.0,0.3018867924528302,0.725,2.4015625
6607,0.0,0.19230769230769232,0.8333333333333334,4.333333333333333
6608,0.0,0.24193548387096775,0.525,2.17
6609,0.0,0.2,0.7538461538461538,3.769230769230769
6610,0.0,0.2619047619047619,0.7818181818181819,2.9851239669421488
6611,0.0,0.08695652173913043,0.8775510204081632,10.091836734693878
6612,0.0,0.21818181818181817,0.782608695652174,3.586956521739131
6613,0.0,0.2682926829268293,0.819672131147541,3.0551415797317434
6614,0.0,0.22,0.7777777777777778,3.5353535353535355
6615,0.0,0.275,0.8064516129032258,2.9325513196480935
6616,0.0,0.19607843137254902,0.6792452830188679,3.464150943396226
6617,0.0,0.27450980392156865,0.7307692307692307,2.6620879120879115
6618,0.0,0.26,0.7692307692307693,2.9585798816568047
6619,0.0,0.2857142857142857,0.8153846153846154,2.853846153846154
6620,0.0,0.25,0.8,3.2
6621,0.0,0.21428571428571427,0.8309859154929577,3.8779342723004695
6622,0.0,0.25,0.8235294117647058,3.2941176470588234
6623,0.0,0.46938775510204084,0.7391304347826086,1.5746691871455576
6624,0.0,0.2916666666666667,0.7142857142857143,2.4489795918367347
6625,0.0,0.26666666666666666,0.7317073170731707,2.74390243902439
6626,0.0,0.2127659574468085,0.7796610169491526,3.664406779661017
6627,0.0,0.22807017543859648,0.7142857142857143,3.1318681318681323
6628,0.0,0.23214285714285715,0.7454545454545455,3.211188811188811
6629,0.0,0.14285714285714285,0.8085106382978723,5.659574468085106
6630,0.0,0.2857142857142857,0.7222222222222222,2.5277777777777777
6631,0.0,0.35555555555555557,0.6875,1.93359375
6632,0.0,0.36585365853658536,0.803030303030303,2.194949494949495
6633,0.0,0.3148148148148148,0.7611940298507462,2.417910447761194
6634,0.0,0.4444444444444444,0.8333333333333334,1.8750000000000002
6635,0.0,0.3181818181818182,0.8028169014084507,2.5231388329979882
6636,0.0,0.24193548387096775,0.7058823529411765,2.9176470588235297
6637,0.0,0.28888888888888886,0.7916666666666666,2.7403846153846154
6638,0.0,0.44680851063829785,0.7397260273972602,1.6555772994129159
6639,0.0,0.2549019607843137,0.7647058823529411,3.0
6640,0.0,0.3333333333333333,0.6896551724137931,2.0689655172413794
6641,0.0,0.26,0.8484848484848485,3.2634032634032635
6642,0.0,0.2978723404255319,0.6956521739130435,2.3354037267080745
6643,0.0,0.26666666666666666,0.78125,2.9296875
6644,0.0,0.21739130434782608,0.6938775510204082,3.1918367346938776
6645,0.0,0.2,0.75,3.75
6646,0.0,0.24074074074074073,0.7592592592592593,3.153846153846154
6647,0.0,0.29411764705882354,0.7833333333333333,2.663333333333333
6648,0.0,0.22857142857142856,0.8,3.5000000000000004
6649,0.0,0.2909090909090909,0.7230769230769231,2.4855769230769234
6650,0.0,0.2222222222222222,0.7647058823529411,3.441176470588235
6651,0.0,0.3,0.8028169014084507,2.6760563380281694
6652,0.0,0.22641509433962265,0.7352941176470589,3.247549019607843
6653,0.0,0.28888888888888886,0.7580645161290323,2.6240694789081886
6654,0.0,0.19444444444444445,0.9038461538461539,4.648351648351649
6655,0.0,0.17777777777777778,0.8301886792452831,4.669811320754717
6656,0.0,0.2916666666666667,0.5957446808510638,2.0425531914893615
6657,0.0,0.24390243902439024,0.851063829787234,3.4893617021276597
6658,0.0,0.21666666666666667,0.7254901960784313,3.34841628959276
6659,0.0,0.19642857142857142,0.723404255319149,3.682785299806577
6660,0.0,0.23684210526315788,0.8507462686567164,3.592039800995025
6661,0.0,0.13559322033898305,0.8478260869565217,6.252717391304348
6662,0.0,0.3333333333333333,0.765625,2.296875
6663,0.0,0.21428571428571427,0.7222222222222222,3.3703703703703707
6664,0.0,0.36363636363636365,0.746031746031746,2.0515873015873014
6665,0.0,0.2,0.8214285714285714,4.107142857142857
6666,0.0,0.14814814814814814,0.8333333333333334,5.625000000000001
6667,0.0,0.2916666666666667,0.8529411764705882,2.9243697478991595
6668,0.0,0.29545454545454547,0.8771929824561403,2.9689608636977054
6669,0.0,0.18518518518518517,0.6666666666666666,3.6
6670,0.0,0.3137254901960784,0.7142857142857143,2.2767857142857144
6671,0.0,0.24561403508771928,0.8490566037735849,3.4568733153638815
6672,0.0,0.14583333333333334,0.75,5.142857142857142
6673,0.0,0.26666666666666666,0.7368421052631579,2.763157894736842
6674,0.0,0.20689655172413793,0.6052631578947368,2.925438596491228
6675,0.0,0.25925925925925924,0.7377049180327869,2.845433255269321
6676,0.0,0.16071428571428573,0.7346938775510204,4.571428571428571
6677,0.0,0.20833333333333334,0.7547169811320755,3.6226415094339623
6678,0.0,0.34,0.5636363636363636,1.657754010695187
6679,0.0,0.16216216216216217,0.8703703703703703,5.367283950617283
6680,0.0,0.34545454545454546,0.6666666666666666,1.9298245614035086
6681,0.0,0.2413793103448276,0.8431372549019608,3.492997198879552
6682,0.0,0.21428571428571427,0.8888888888888888,4.148148148148148
6683,0.0,0.21428571428571427,0.7884615384615384,3.6794871794871797
6684,0.0,0.30612244897959184,0.7272727272727273,2.375757575757576
6685,0.0,0.22448979591836735,0.8441558441558441,3.7603305785123964
6686,0.0,0.29850746268656714,0.6181818181818182,2.0709090909090913
6687,0.0,0.23076923076923078,0.7169811320754716,3.1069182389937104
6688,0.0,0.10204081632653061,0.7777777777777778,7.622222222222222
6689,0.0,0.3,0.7692307692307693,2.5641025641025643
6690,0.0,0.25925925925925924,0.8360655737704918,3.224824355971897
6691,0.0,0.29508196721311475,0.75,2.5416666666666665
6692,0.0,0.21818181818181817,0.8421052631578947,3.8596491228070176
6693,0.0,0.2033898305084746,0.6511627906976745,3.201550387596899
6694,0.0,0.29508196721311475,0.673469387755102,2.282312925170068
6695,0.0,0.16666666666666666,0.8367346938775511,5.020408163265307
6696,0.0,0.22727272727272727,0.859375,3.78125
6697,0.0,0.24074074074074073,0.7758620689655172,3.222811671087533
6698,0.0,0.23404255319148937,0.7966101694915254,3.4036979969183356
6699,0.0,0.15217391304347827,0.8536585365853658,5.609756097560975
6700,0.0,0.30952380952380953,0.6842105263157895,2.2105263157894735
6701,0.0,0.3018867924528302,0.803030303030303,2.660037878787879
6702,0.0,0.2553191489361702,0.8085106382978723,3.1666666666666665
6703,0.0,0.19047619047619047,0.7567567567567568,3.9729729729729732
6704,0.0,0.1956521739130435,0.8076923076923077,4.128205128205128
6705,0.0,0.22641509433962265,0.8688524590163934,3.8374316939890707
6706,0.0,0.25,0.8676470588235294,3.4705882352941178
6707,0.0,0.28846153846153844,0.6363636363636364,2.206060606060606
6708,0.0,0.19607843137254902,0.84,4.284
6709,0.0,0.29411764705882354,0.7872340425531915,2.676595744680851
6710,0.0,0.175,0.8269230769230769,4.725274725274725
6711,0.0,0.2807017543859649,0.6964285714285714,2.4810267857142856
6712,0.0,0.32142857142857145,0.6530612244897959,2.0317460317460316
6713,0.0,0.2459016393442623,0.6326530612244898,2.5727891156462586
6714,0.0,0.21311475409836064,0.7543859649122807,3.539811066126856
6715,0.0,0.2903225806451613,0.6538461538461539,2.252136752136752
6716,0.0,0.3157894736842105,0.7794117647058824,2.468137254901961
6717,0.0,0.11627906976744186,0.8444444444444444,7.262222222222222
6718,0.0,0.1935483870967742,0.8275862068965517,4.275862068965517
6719,0.0,0.2391304347826087,0.7169811320754716,2.9982847341337906
6720,0.0,0.21666666666666667,0.7169811320754716,3.3091436865021766
6721,0.0,0.14583333333333334,0.8571428571428571,5.877551020408163
6722,0.0,0.27692307692307694,0.7540983606557377,2.723132969034608
6723,0.0,0.25,0.7413793103448276,2.9655172413793105
6724,0.0,0.26865671641791045,0.5217391304347826,1.9420289855072463
6725,0.0,0.34,0.7321428571428571,2.153361344537815
6726,0.0,0.3076923076923077,0.7380952380952381,2.3988095238095237
6727,0.0,0.2653061224489796,0.7450980392156863,2.808446455505279
6728,0.0,0.22807017543859648,0.7346938775510204,3.221350078492936
6729,0.0,0.3023255813953488,0.6935483870967742,2.2940446650124073
6730,0.0,0.2857142857142857,0.7777777777777778,2.7222222222222223
6731,0.0,0.24528301886792453,0.7380952380952381,3.009157509157509
6732,0.0,0.1724137931034483,0.5517241379310345,3.1999999999999997
6733,0.0,0.30612244897959184,0.7540983606557377,2.463387978142076
6734,0.0,0.375,0.7941176470588235,2.1176470588235294
6735,0.0,0.34375,0.7936507936507936,2.3088023088023086
6736,0.0,0.13725490196078433,0.8421052631578947,6.13533834586466
6737,0.0,0.24528301886792453,0.7794117647058824,3.177601809954751
6738,0.0,0.11627906976744186,0.9,7.74
6739,0.0,0.16666666666666666,0.8888888888888888,5.333333333333333
6740,0.0,0.11864406779661017,0.7317073170731707,6.167247386759581
6741,0.0,0.2222222222222222,0.7272727272727273,3.272727272727273
6742,0.0,0.20512820512820512,0.8888888888888888,4.333333333333333
6743,0.0,0.28888888888888886,0.7540983606557377,2.610340479192938
6744,0.0,0.38,0.7058823529411765,1.8575851393188856
6745,0.0,0.23529411764705882,0.717391304347826,3.0489130434782608
6746,0.0,0.2553191489361702,0.7719298245614035,3.0233918128654973
6747,0.0,0.3148148148148148,0.8,2.541176470588235
6748,0.0,0.21428571428571427,0.7317073170731707,3.4146341463414633
6749,0.0,0.23076923076923078,0.7441860465116279,3.2248062015503876
6750,0.0,0.23636363636363636,0.7708333333333334,3.261217948717949
6751,0.0,0.34146341463414637,0.6727272727272727,1.97012987012987
6752,0.0,0.35294117647058826,0.6458333333333334,1.8298611111111112
6753,0.0,0.16393442622950818,0.8260869565217391,5.039130434782609
6754,0.0,0.27419354838709675,0.7413793103448276,2.703853955375254
6755,0.0,0.22727272727272727,0.8032786885245902,3.5344262295081967
6756,0.0,0.3157894736842105,0.8208955223880597,2.5995024875621895
6757,0.0,0.1724137931034483,0.8,4.64
6758,0.0,0.3333333333333333,0.8235294117647058,2.4705882352941178
6759,0.0,0.28846153846153844,0.6808510638297872,2.3602836879432627
6760,0.0,0.2962962962962963,0.75,2.53125
6761,0.0,0.21818181818181817,0.9473684210526315,4.342105263157895
6762,0.0,0.2653061224489796,0.7846153846153846,2.9573964497041416
6763,0.0,0.18461538461538463,0.6666666666666666,3.6111111111111107
6764,0.0,0.23728813559322035,0.65625,2.765625
6765,0.0,0.24242424242424243,0.7222222222222222,2.9791666666666665
6766,0.0,0.2549019607843137,0.7543859649122807,2.959514170040486
6767,0.0,0.22033898305084745,0.7,3.1769230769230767
6768,0.0,0.2978723404255319,0.8305084745762712,2.788135593220339
6769,0.0,0.17647058823529413,0.8444444444444444,4.785185185185185
6770,0.0,0.2413793103448276,0.7209302325581395,2.986710963455149
6771,0.0,0.28,0.7333333333333333,2.6190476190476186
6772,0.0,0.1774193548387097,0.7391304347826086,4.16600790513834
6773,0.0,0.2923076923076923,0.7796610169491526,2.6672613737734165
6774,0.0,0.2545454545454545,0.7551020408163265,2.9664723032069973
6775,0.0,0.3181818181818182,0.7868852459016393,2.4730679156908666
6776,0.0,0.27450980392156865,0.676923076923077,2.465934065934066
6777,0.0,0.20754716981132076,0.8032786885245902,3.870342771982116
6778,0.0,0.23809523809523808,0.6595744680851063,2.7702127659574467
6779,0.0,0.20833333333333334,0.68,3.2640000000000002
6780,0.0,0.2558139534883721,0.875,3.4204545454545454
6781,0.0,0.25,0.6875,2.75
6782,0.0,0.22058823529411764,0.48936170212765956,2.218439716312057
6783,0.0,0.2391304347826087,0.9193548387096774,3.8445747800586507
6784,0.0,0.14,0.8571428571428571,6.1224489795918355
6785,0.0,0.38461538461538464,0.7586206896551724,1.972413793103448
6786,0.0,0.16176470588235295,0.8301886792452831,5.132075471698113
6787,0.0,0.23529411764705882,0.7846153846153846,3.3346153846153848
6788,0.0,0.3695652173913043,0.6785714285714286,1.8361344537815127
6789,0.0,0.2916666666666667,0.746268656716418,2.55863539445629
6790,0.0,0.25,0.7551020408163265,3.020408163265306
6791,0.0,0.24242424242424243,0.65,2.68125
6792,0.0,0.3404255319148936,0.75,2.203125
6793,0.0,0.2,0.6585365853658537,3.292682926829268
6794,0.0,0.36363636363636365,0.7446808510638298,2.0478723404255317
6795,0.0,0.29411764705882354,0.8088235294117647,2.75
6796,0.0,0.28888888888888886,0.7288135593220338,2.5228161668839637
6797,0.0,0.14583333333333334,0.78,5.348571428571429
6798,0.0,0.15384615384615385,0.6756756756756757,4.391891891891891
6799,0.0,0.2033898305084746,0.7142857142857143,3.511904761904762
6800,0.0,0.2033898305084746,0.6875,3.380208333333333
6801,0.0,0.3157894736842105,0.8983050847457628,2.844632768361582
6802,0.0,0.2702702702702703,0.6610169491525424,2.4457627118644067
6803,0.0,0.3023255813953488,0.6481481481481481,2.143874643874644
6804,0.0,0.24528301886792453,0.72,2.9353846153846153
6805,0.0,0.15942028985507245,0.8070175438596491,5.062200956937799
6806,0.0,0.17391304347826086,0.72,4.14
6807,0.0,0.2972972972972973,0.8076923076923077,2.7167832167832167
6808,0.0,0.22916666666666666,0.7446808510638298,3.249516441005803
6809,0.0,0.16326530612244897,0.7083333333333334,4.338541666666667
6810,0.0,0.3333333333333333,0.8115942028985508,2.4347826086956523
6811,0.0,0.32608695652173914,0.7945205479452054,2.4365296803652967
6812,0.0,0.36585365853658536,0.7540983606557377,2.0612021857923497
6813,0.0,0.21739130434782608,0.75,3.45
6814,0.0,0.2602739726027397,0.5818181818181818,2.2354066985645935
6815,0.0,0.3103448275862069,0.7049180327868853,2.2714025500910746
6816,0.0,0.24242424242424243,0.8305084745762712,3.4258474576271185
6817,0.0,0.18333333333333332,0.7540983606557377,4.113263785394933
6818,0.0,0.36585365853658536,0.7450980392156863,2.036601307189543
6819,0.0,0.2647058823529412,0.7450980392156863,2.814814814814815
6820,0.0,0.17543859649122806,0.7111111111111111,4.053333333333334
6821,0.0,0.24193548387096775,0.7586206896551724,3.135632183908046
6822,0.0,0.25,0.75,3.0
6823,0.0,0.29411764705882354,0.7142857142857143,2.4285714285714284
6824,0.0,0.3157894736842105,0.8333333333333334,2.6388888888888893
6825,0.0,0.39473684210526316,0.7794117647058824,1.9745098039215687
6826,0.0,0.17777777777777778,0.8888888888888888,4.999999999999999
6827,0.0,0.203125,0.7368421052631579,3.6275303643724692
6828,0.0,0.23728813559322035,0.8,3.3714285714285714
6829,0.0,0.2765957446808511,0.7818181818181819,2.8265734265734266
6830,0.0,0.1791044776119403,0.7959183673469388,4.4438775510204085
6831,0.0,0.18571428571428572,0.7659574468085106,4.124386252045826
6832,0.0,0.27906976744186046,0.8333333333333334,2.986111111111111
6833,0.0,0.29508196721311475,0.7543859649122807,2.5565302144249515
6834,0.0,0.36538461538461536,0.7333333333333333,2.007017543859649
6835,0.0,0.15217391304347827,0.7727272727272727,5.077922077922078
6836,0.0,0.18421052631578946,0.82,4.451428571428571
6837,0.0,0.16981132075471697,0.8125,4.784722222222222
6838,0.0,0.34210526315789475,0.8421052631578947,2.4615384615384612
6839,0.0,0.19298245614035087,0.7446808510638298,3.858800773694391
6840,0.0,0.28,0.6296296296296297,2.2486772486772484
6841,0.0,0.35714285714285715,0.7407407407407407,2.074074074074074
6842,0.0,0.40540540540540543,0.7333333333333333,1.8088888888888888
6843,0.0,0.23728813559322035,0.6,2.5285714285714285
6844,0.0,0.23214285714285715,0.7692307692307693,3.3136094674556213
6845,0.0,0.24615384615384617,0.7777777777777778,3.159722222222222
6846,0.0,0.3684210526315789,0.8405797101449275,2.281573498964803
6847,0.0,0.16363636363636364,0.7857142857142857,4.801587301587301
6848,0.0,0.2033898305084746,0.66,3.245
6849,0.0,0.40425531914893614,0.6666666666666666,1.6491228070175439
6850,0.0,0.48717948717948717,0.6774193548387096,1.3904923599320882
6851,0.0,0.3191489361702128,0.7,2.193333333333333
6852,0.0,0.32075471698113206,0.7727272727272727,2.409090909090909
6853,0.0,0.2391304347826087,0.765625,3.2017045454545454
6854,0.0,0.2553191489361702,0.7090909090909091,2.7772727272727273
6855,0.0,0.28205128205128205,0.7627118644067796,2.7041602465331276
6856,0.0,0.27450980392156865,0.8,2.914285714285714
6857,0.0,0.41025641025641024,0.7627118644067796,1.8591101694915253
6858,0.0,0.22388059701492538,0.6590909090909091,2.943939393939394
6859,0.0,0.22727272727272727,0.723404255319149,3.1829787234042555
6860,0.0,0.30434782608695654,0.8135593220338984,2.6731234866828086
6861,0.0,0.2,0.7209302325581395,3.6046511627906974
6862,0.0,0.37777777777777777,0.7538461538461538,1.995475113122172
6863,0.0,0.23076923076923078,0.8095238095238095,3.507936507936508
6864,0.0,0.265625,0.7049180327868853,2.6538090646094505
6865,0.0,0.2826086956521739,0.7719298245614035,2.7314439946018894
6866,0.0,0.3,0.7586206896551724,2.528735632183908
6867,0.0,0.24390243902439024,0.8571428571428571,3.5142857142857142
6868,0.0,0.3090909090909091,0.7254901960784313,2.3471741637831602
6869,0.0,0.2127659574468085,0.8367346938775511,3.93265306122449
6870,0.0,0.2037037037037037,0.7209302325581395,3.539112050739958
6871,0.0,0.2,0.7209302325581395,3.6046511627906974
6872,0.0,0.4634146341463415,0.7575757575757576,1.6347687400318978
6873,0.0,0.33962264150943394,0.7708333333333334,2.269675925925926
6874,0.0,0.29411764705882354,0.5833333333333334,1.9833333333333334
6875,0.0,0.25,0.7924528301886793,3.169811320754717
6876,0.0,0.24528301886792453,0.7254901960784313,2.9577677224736045
6877,0.0,0.4222222222222222,0.7241379310344828,1.7150635208711433
6878,0.0,0.26666666666666666,0.7818181818181819,2.931818181818182
6879,0.0,0.24074074074074073,0.7209302325581395,2.994633273703041
6880,0.0,0.40540540540540543,0.7142857142857143,1.7619047619047619
6881,0.0,0.2916666666666667,0.6938775510204082,2.379008746355685
6882,0.0,0.3877551020408163,0.6865671641791045,1.7706205813040063
6883,0.0,0.15789473684210525,0.8448275862068966,5.350574712643678
6884,0.0,0.2765957446808511,0.7638888888888888,2.7617521367521363
6885,0.0,0.2631578947368421,0.7868852459016393,2.9901639344262296
6886,0.0,0.24489795918367346,0.8620689655172413,3.5201149425287355
6887,0.0,0.3333333333333333,0.7580645161290323,2.274193548387097
6888,0.0,0.2926829268292683,0.75,2.5625
6889,0.0,0.36585365853658536,0.8333333333333334,2.277777777777778
6890,0.0,0.2682926829268293,0.75,2.7954545454545454
6891,0.0,0.43902439024390244,0.7714285714285715,1.7571428571428571
6892,0.0,0.15789473684210525,0.8085106382978723,5.120567375886525
6893,0.0,0.2916666666666667,0.7111111111111111,2.438095238095238
6894,0.0,0.23255813953488372,0.7407407407407407,3.185185185185185
6895,0.0,0.2830188679245283,0.765625,2.705208333333333
6896,0.0,0.36585365853658536,0.7166666666666667,1.958888888888889
6897,0.0,0.20689655172413793,0.5714285714285714,2.761904761904762
6898,0.0,0.26,0.711864406779661,2.737940026075619
6899,0.0,0.32558139534883723,0.6274509803921569,1.9271708683473388
6900,0.0,0.2222222222222222,0.8461538461538461,3.807692307692308
6901,0.0,0.25862068965517243,0.5853658536585366,2.2634146341463413
6902,0.0,0.34285714285714286,0.7894736842105263,2.3026315789473686
6903,0.0,0.2037037037037037,0.76,3.730909090909091
6904,0.0,0.31666666666666665,0.6779661016949152,2.1409455842997325
6905,0.0,0.3541666666666667,0.6724137931034483,1.8985801217038538
6906,0.0,0.3333333333333333,0.723404255319149,2.170212765957447
6907,0.0,0.25,0.7884615384615384,3.1538461538461537
6908,0.0,0.23529411764705882,0.78125,3.3203125
6909,0.0,0.1320754716981132,0.7846153846153846,5.940659340659341
6910,0.0,0.3,0.7741935483870968,2.5806451612903225
6911,0.0,0.34210526315789475,0.75,2.192307692307692
6912,0.0,0.3392857142857143,0.7272727272727273,2.1435406698564594
6913,0.0,0.29310344827586204,0.7037037037037037,2.400871459694989
6914,0.0,0.3,0.7454545454545455,2.484848484848485
6915,0.0,0.30612244897959184,0.8108108108108109,2.6486486486486487
6916,0.0,0.28846153846153844,0.6976744186046512,2.418604651162791
6917,0.0,0.1896551724137931,0.74,3.901818181818182
6918,0.0,0.1724137931034483,0.7962962962962963,4.618518518518518
6919,0.0,0.2608695652173913,0.7894736842105263,3.0263157894736845
6920,0.0,0.2318840579710145,0.7241379310344828,3.122844827586207
6921,0.0,0.2222222222222222,0.6829268292682927,3.0731707317073176
6922,0.0,0.21739130434782608,0.7368421052631579,3.389473684210526
6923,0.0,0.28888888888888886,0.6470588235294118,2.2398190045248874
6924,0.0,0.3673469387755102,0.6440677966101694,1.7532956685499057
6925,0.0,0.26785714285714285,0.7777777777777778,2.903703703703704
6926,0.0,0.25,0.8148148148148148,3.259259259259259
6927,0.0,0.19148936170212766,0.7241379310344828,3.781609195402299
6928,0.0,0.3448275862068966,0.746031746031746,2.1634920634920634
6929,0.0,0.18421052631578946,0.7962962962962963,4.322751322751323
6930,0.0,0.3,0.7313432835820896,2.437810945273632
6931,0.0,0.23529411764705882,0.7021276595744681,2.9840425531914896
6932,0.0,0.39473684210526316,0.8360655737704918,2.1180327868852458
6933,0.0,0.22641509433962265,0.8125,3.5885416666666665
6934,0.0,0.2978723404255319,0.7719298245614035,2.591478696741855
6935,0.0,0.24561403508771928,0.7884615384615384,3.2101648351648353
6936,0.0,0.21052631578947367,0.86,4.085
6937,0.0,0.2558139534883721,0.7592592592592593,2.968013468013468
6938,0.0,0.2857142857142857,0.717391304347826,2.510869565217391
6939,0.0,0.34615384615384615,0.7543859649122807,2.179337231968811
6940,0.0,0.3488372093023256,0.6909090909090909,1.9806060606060605
6941,0.0,0.358974358974359,0.78,2.172857142857143
6942,0.0,0.26,0.8472222222222222,3.2585470085470085
6943,0.0,0.3,0.7413793103448276,2.4712643678160924
6944,0.0,0.3333333333333333,0.7446808510638298,2.2340425531914896
6945,0.0,0.35714285714285715,0.6153846153846154,1.7230769230769232
6946,0.0,0.26666666666666666,0.8307692307692308,3.1153846153846154
6947,0.0,0.25,0.835820895522388,3.343283582089552
6948,0.0,0.23728813559322035,0.6304347826086957,2.656832298136646
6949,0.0,0.2553191489361702,0.7777777777777778,3.0462962962962967
6950,0.0,0.288135593220339,0.7945205479452054,2.757453666398066
6951,0.0,0.3333333333333333,0.6326530612244898,1.8979591836734695
6952,0.0,0.24489795918367346,0.7307692307692307,2.983974358974359
6953,0.0,0.25862068965517243,0.7333333333333333,2.835555555555555
6954,0.0,0.38461538461538464,0.7454545454545455,1.9381818181818182
6955,0.0,0.14893617021276595,0.84,5.64
6956,0.0,0.391304347826087,0.7169811320754716,1.832285115303983
6957,0.0,0.3333333333333333,0.7833333333333333,2.35
6958,0.0,0.3409090909090909,0.7959183673469388,2.3346938775510204
6959,0.0,0.21153846153846154,0.8333333333333334,3.9393939393939394
6960,0.0,0.2535211267605634,0.7454545454545455,2.9404040404040406
6961,0.0,0.2222222222222222,0.803921568627451,3.61764705882353
6962,0.0,0.27450980392156865,0.7446808510638298,2.712765957446808
6963,0.0,0.30303030303030304,0.859375,2.8359375
6964,0.0,0.3018867924528302,0.7966101694915254,2.638771186440678
6965,0.0,0.16071428571428573,0.7833333333333333,4.874074074074073
6966,0.0,0.2833333333333333,0.5961538461538461,2.1040723981900453
6967,0.0,0.3125,0.7413793103448276,2.3724137931034486
6968,0.0,0.2127659574468085,0.6571428571428571,3.0885714285714285
6969,0.0,0.2692307692307692,0.7708333333333334,2.8630952380952386
6970,0.0,0.3333333333333333,0.7966101694915254,2.3898305084745766
6971,0.0,0.30434782608695654,0.7903225806451613,2.596774193548387
6972,0.0,0.3333333333333333,0.6296296296296297,1.888888888888889
6973,0.0,0.3170731707317073,0.7457627118644068,2.3520208604954367
6974,0.0,0.32075471698113206,0.75,2.338235294117647
6975,0.0,0.38461538461538464,0.7384615384615385,1.92
6976,0.0,0.32727272727272727,0.7868852459016393,2.4043715846994536
6977,0.0,0.20833333333333334,0.7380952380952381,3.5428571428571427
6978,0.0,0.2222222222222222,0.7735849056603774,3.4811320754716983
6979,0.0,0.2777777777777778,0.9137931034482759,3.2896551724137932
6980,0.0,0.2857142857142857,0.6724137931034483,2.353448275862069
6981,0.0,0.2631578947368421,0.8,3.0400000000000005
6982,0.0,0.2549019607843137,0.66,2.5892307692307694
6983,0.0,0.25,0.84,3.36
6984,0.0,0.2786885245901639,0.7868852459016393,2.823529411764706
6985,0.0,0.2,0.8372093023255814,4.186046511627907
6986,0.0,0.30952380952380953,0.6666666666666666,2.1538461538461537
6987,0.0,0.1935483870967742,0.8363636363636363,4.321212121212121
6988,0.0,0.23404255319148937,0.7868852459016393,3.3621460506706407
6989,0.0,0.3137254901960784,0.7017543859649122,2.236842105263158
6990,0.0,0.3392857142857143,0.7857142857142857,2.31578947368421
6991,0.0,0.2631578947368421,0.7384615384615385,2.8061538461538467
6992,0.0,0.3023255813953488,0.72,2.3815384615384616
6993,0.0,0.11627906976744186,0.775,6.665
6994,0.0,0.17307692307692307,0.8113207547169812,4.687631027253669
6995,0.0,0.14285714285714285,0.7317073170731707,5.121951219512195
6996,0.0,0.4117647058823529,0.6557377049180327,1.5925058548009368
6997,0.0,0.4,0.7076923076923077,1.7692307692307692
6998,0.0,0.34782608695652173,0.6666666666666666,1.9166666666666665
6999,0.0,0.2127659574468085,0.8732394366197183,4.1042253521126755
7000,0.0,0.2222222222222222,0.7457627118644068,3.355932203389831
7001,0.0,0.2777777777777778,0.8,2.88
7002,0.0,0.37209302325581395,0.6896551724137931,1.8534482758620692
7003,0.0,0.3023255813953488,0.7543859649122807,2.4952766531713904
7004,0.0,0.24074074074074073,0.7592592592592593,3.153846153846154
7005,0.0,0.15555555555555556,0.8571428571428571,5.5102040816326525
7006,0.0,0.1875,0.8135593220338984,4.338983050847458
7007,0.0,0.2692307692307692,0.8222222222222222,3.0539682539682538
7008,0.0,0.16,0.8615384615384616,5.384615384615385
7009,0.0,0.24444444444444444,0.8225806451612904,3.365102639296188
7010,0.0,0.2222222222222222,0.7857142857142857,3.535714285714286
7011,0.0,0.23214285714285715,0.796875,3.4326923076923075
7012,0.0,0.16981132075471697,0.8113207547169812,4.777777777777779
7013,0.0,0.32075471698113206,0.5849056603773585,1.8235294117647058
7014,0.0,0.1320754716981132,0.8490566037735849,6.428571428571429
7015,0.0,0.2564102564102564,0.7454545454545455,2.9072727272727277
7016,0.0,0.4146341463414634,0.7605633802816901,1.8342999171499585
7017,0.0,0.36065573770491804,0.8088235294117647,2.2426470588235294
7018,0.0,0.25,0.8142857142857143,3.257142857142857
7019,0.0,0.26785714285714285,0.7021276595744681,2.621276595744681
7020,0.0,0.2608695652173913,0.717948717948718,2.752136752136752
7021,0.0,0.19047619047619047,0.75,3.9375
7022,0.0,0.19230769230769232,0.7755102040816326,4.032653061224489
7023,0.0,0.3137254901960784,0.7540983606557377,2.403688524590164
7024,0.0,0.19047619047619047,0.7254901960784313,3.808823529411765
7025,0.0,0.24242424242424243,0.75,3.09375
7026,0.0,0.14754098360655737,0.725,4.913888888888889
7027,0.0,0.32558139534883723,0.7678571428571429,2.3584183673469385
7028,0.0,0.3090909090909091,0.8153846153846154,2.6380090497737556
7029,0.0,0.2,0.6304347826086957,3.152173913043478
7030,0.0,0.14285714285714285,0.8888888888888888,6.222222222222222
7031,0.0,0.2222222222222222,0.7241379310344828,3.2586206896551726
7032,0.0,0.31746031746031744,0.7457627118644068,2.3491525423728814
7033,0.0,0.22727272727272727,0.7678571428571429,3.378571428571429
7034,0.0,0.23333333333333334,0.7777777777777778,3.3333333333333335
7035,0.0,0.1836734693877551,0.782608695652174,4.260869565217392
7036,0.0,0.3333333333333333,0.6458333333333334,1.9375000000000002
7037,0.0,0.3,0.7457627118644068,2.4858757062146895
7038,0.0,0.34782608695652173,0.796875,2.291015625
7039,0.0,0.24489795918367346,0.7291666666666666,2.9774305555555554
7040,0.0,0.33962264150943394,0.8070175438596491,2.3762183235867447
7041,0.0,0.20754716981132076,0.6818181818181818,3.2851239669421486
7042,0.0,0.2894736842105263,0.7962962962962963,2.750841750841751
7043,0.0,0.24324324324324326,0.7454545454545455,3.0646464646464646
7044,0.0,0.15555555555555556,0.8269230769230769,5.315934065934066
7045,0.0,0.2857142857142857,0.8,2.8000000000000003
7046,0.0,0.22857142857142856,0.7924528301886793,3.466981132075472
7047,0.0,0.22,0.8363636363636363,3.8016528925619832
7048,0.0,0.35294117647058826,0.5869565217391305,1.6630434782608696
7049,0.0,0.25,0.8412698412698413,3.365079365079365
7050,0.0,0.3055555555555556,0.8125,2.6590909090909087
7051,0.0,0.25925925925925924,0.7241379310344828,2.793103448275862
7052,0.0,0.4230769230769231,0.7631578947368421,1.8038277511961724
7053,0.0,0.22448979591836735,0.7307692307692307,3.255244755244755
7054,0.0,0.14285714285714285,0.7843137254901961,5.490196078431373
7055,0.0,0.3333333333333333,0.7704918032786885,2.3114754098360657
7056,0.0,0.23214285714285715,0.6888888888888889,2.967521367521367
7057,0.0,0.27419354838709675,0.7213114754098361,2.630665380906461
7058,0.0,0.2558139534883721,0.8076923076923077,3.157342657342657
7059,0.0,0.35,0.7540983606557377,2.1545667447306793
7060,0.0,0.28888888888888886,0.7419354838709677,2.568238213399504
7061,0.0,0.25,0.8392857142857143,3.357142857142857
7062,0.0,0.2619047619047619,0.8936170212765957,3.4119922630560926
7063,0.0,0.17333333333333334,0.6578947368421053,3.7955465587044537
7064,0.0,0.24,0.8125,3.385416666666667
7065,0.0,0.3617021276595745,0.7361111111111112,2.0351307189542482
7066,0.0,0.15384615384615385,0.8269230769230769,5.374999999999999
7067,0.0,0.23076923076923078,0.8,3.466666666666667
7068,0.0,0.20967741935483872,0.7142857142857143,3.4065934065934065
7069,0.0,0.22448979591836735,0.8235294117647058,3.6684491978609626
7070,0.0,0.22033898305084745,0.6666666666666666,3.0256410256410255
7071,0.0,0.22727272727272727,0.7962962962962963,3.5037037037037035
7072,0.0,0.275,0.8490566037735849,3.0874785591766725
7073,0.0,0.2682926829268293,0.7258064516129032,2.7052785923753664
7074,0.0,0.3333333333333333,0.7358490566037735,2.207547169811321
7075,0.0,0.20454545454545456,0.8113207547169812,3.9664570230607965
7076,0.0,0.2608695652173913,0.7843137254901961,3.0065359477124183
7077,0.0,0.22641509433962265,0.717391304347826,3.168478260869565
7078,0.0,0.21428571428571427,0.8409090909090909,3.9242424242424248
7079,0.0,0.27906976744186046,0.8214285714285714,2.943452380952381
7080,0.0,0.2826086956521739,0.8382352941176471,2.9660633484162897
7081,0.0,0.0975609756097561,0.7906976744186046,8.104651162790697
7082,0.0,0.19672131147540983,0.813953488372093,4.137596899224806
7083,0.0,0.2553191489361702,0.7727272727272727,3.026515151515152
7084,0.0,0.2830188679245283,0.6086956521739131,2.1507246376811597
7085,0.0,0.2857142857142857,0.78,2.7300000000000004
7086,0.0,0.34,0.6785714285714286,1.995798319327731
7087,0.0,0.14705882352941177,0.7735849056603774,5.260377358490566
7088,0.0,0.2765957446808511,0.6444444444444445,2.32991452991453
7089,0.0,0.2641509433962264,0.5641025641025641,2.1355311355311355
7090,0.0,0.23636363636363636,0.7192982456140351,3.0431848852901484
7091,0.0,0.234375,0.6666666666666666,2.844444444444444
7092,0.0,0.24561403508771928,0.7307692307692307,2.9752747252747254
7093,0.0,0.20833333333333334,0.8478260869565217,4.069565217391304
7094,0.0,0.19230769230769232,0.7457627118644068,3.877966101694915
7095,0.0,0.36363636363636365,0.765625,2.10546875
7096,0.0,0.275,0.847457627118644,3.081664098613251
7097,0.0,0.2727272727272727,0.8507462686567164,3.119402985074627
7098,0.0,0.22448979591836735,0.7450980392156863,3.3190730837789664
7099,0.0,0.26,0.7777777777777778,2.9914529914529915
7100,0.0,0.21428571428571427,0.7962962962962963,3.7160493827160495
7101,0.0,0.2765957446808511,0.8032786885245902,2.9041614123581336
7102,0.0,0.3333333333333333,0.72,2.16
7103,0.0,0.325,0.8,2.4615384615384617
7104,0.0,0.22916666666666666,0.8,3.490909090909091
7105,0.0,0.40540540540540543,0.6170212765957447,1.5219858156028367
7106,0.0,0.26666666666666666,0.6808510638297872,2.5531914893617023
7107,0.0,0.2391304347826087,0.8245614035087719,3.4481658692185007
7108,0.0,0.2926829268292683,0.6724137931034483,2.2974137931034484
7109,0.0,0.22727272727272727,0.8852459016393442,3.8950819672131147
7110,0.0,0.2857142857142857,0.78,2.7300000000000004
7111,0.0,0.24444444444444444,0.8,3.272727272727273
7112,0.0,0.30357142857142855,0.746031746031746,2.457516339869281
7113,0.0,0.1568627450980392,0.75,4.78125
7114,0.0,0.2727272727272727,0.8275862068965517,3.03448275862069
7115,0.0,0.234375,0.7419354838709677,3.1655913978494623
7116,0.0,0.30357142857142855,0.8513513513513513,2.8044515103338634
7117,0.0,0.13333333333333333,0.8775510204081632,6.581632653061225
7118,0.0,0.3611111111111111,0.8363636363636363,2.316083916083916
7119,0.0,0.24193548387096775,0.6470588235294118,2.674509803921569
7120,0.0,0.23529411764705882,0.76,3.23
7121,0.0,0.2702702702702703,0.7962962962962963,2.946296296296296
7122,0.0,0.23728813559322035,0.7758620689655172,3.269704433497537
7123,0.0,0.35714285714285715,0.7169811320754716,2.0075471698113208
7124,0.0,0.42857142857142855,0.7567567567567568,1.765765765765766
7125,0.0,0.3018867924528302,0.6,1.9875
7126,0.0,0.3,0.9117647058823529,3.0392156862745097
7127,0.0,0.21739130434782608,0.8245614035087719,3.792982456140351
7128,0.0,0.33962264150943394,0.6851851851851852,2.017489711934157
7129,0.0,0.20454545454545456,0.7719298245614035,3.7738791423001943
7130,0.0,0.35,0.8125,2.3214285714285716
7131,0.0,0.2708333333333333,0.7894736842105263,2.9149797570850207
7132,0.0,0.21153846153846154,0.7894736842105263,3.7320574162679425
7133,0.0,0.25,0.6521739130434783,2.608695652173913
7134,0.0,0.25,0.76,3.04
7135,0.0,0.26666666666666666,0.8181818181818182,3.0681818181818183
7136,0.0,0.3191489361702128,0.7868852459016393,2.4655737704918033
7137,0.0,0.2028985507246377,0.6388888888888888,3.1488095238095233
7138,0.0,0.3220338983050847,0.6949152542372882,2.1578947368421058
7139,0.0,0.3148148148148148,0.7111111111111111,2.2588235294117647
7140,0.0,0.25,0.782608695652174,3.130434782608696
7141,0.0,0.3,0.64,2.1333333333333333
7142,0.0,0.22388059701492538,0.6949152542372882,3.103954802259887
7143,0.0,0.16666666666666666,0.7419354838709677,4.451612903225807
7144,0.0,0.4827586206896552,0.7538461538461538,1.5615384615384615
7145,0.0,0.2926829268292683,0.8333333333333334,2.8472222222222223
7146,0.0,0.21568627450980393,0.8448275862068966,3.91692789968652
7147,0.0,0.3469387755102041,0.7,2.0176470588235293
7148,0.0,0.5675675675675675,0.7571428571428571,1.334013605442177
7149,0.0,0.39473684210526316,0.7636363636363637,1.9345454545454546
7150,0.0,0.18461538461538463,0.675,3.65625
7151,0.0,0.22033898305084745,0.7727272727272727,3.506993006993007
7152,0.0,0.2619047619047619,0.673469387755102,2.571428571428571
7153,0.0,0.36666666666666664,0.8333333333333334,2.272727272727273
7154,0.0,0.22916666666666666,0.7586206896551724,3.310344827586207
7155,0.0,0.23214285714285715,0.7708333333333334,3.3205128205128207
7156,0.0,0.325,0.7678571428571429,2.3626373626373627
7157,0.0,0.22807017543859648,0.7894736842105263,3.4615384615384617
7158,0.0,0.3695652173913043,0.8448275862068966,2.286004056795132
7159,0.0,0.40816326530612246,0.7580645161290323,1.857258064516129
7160,0.0,0.375,0.7358490566037735,1.962264150943396
7161,0.0,0.25,0.78125,3.125
7162,0.0,0.26,0.8166666666666667,3.141025641025641
7163,0.0,0.27906976744186046,0.8113207547169812,2.907232704402516
7164,0.0,0.38636363636363635,0.6666666666666666,1.7254901960784312
7165,0.0,0.22033898305084745,0.7540983606557377,3.422446406052963
7166,0.0,0.2826086956521739,0.8135593220338984,2.8787483702737946
7167,0.0,0.25,0.847457627118644,3.389830508474576
7168,0.0,0.23529411764705882,0.8269230769230769,3.5144230769230766
7169,0.0,0.32608695652173914,0.6981132075471698,2.140880503144654
7170,0.0,0.16363636363636364,0.7413793103448276,4.530651340996169
7171,0.0,0.23076923076923078,0.717391304347826,3.1086956521739126
7172,0.0,0.2549019607843137,0.6388888888888888,2.5064102564102564
7173,0.0,0.25925925925925924,0.7407407407407407,2.857142857142857
7174,0.0,0.2641509433962264,0.7,2.65
7175,0.0,0.32,0.8035714285714286,2.5111607142857144
7176,0.0,0.13333333333333333,0.7954545454545454,5.965909090909091
7177,0.0,0.2857142857142857,0.75,2.625
7178,0.0,0.15789473684210525,0.7735849056603774,4.899371069182391
7179,0.0,0.23529411764705882,0.782608695652174,3.3260869565217392
7180,0.0,0.41935483870967744,0.7857142857142857,1.8736263736263734
7181,0.0,0.2857142857142857,0.6851851851851852,2.3981481481481484
7182,0.0,0.2765957446808511,0.8133333333333334,2.9405128205128204
7183,0.0,0.3088235294117647,0.75,2.4285714285714284
7184,0.0,0.21153846153846154,0.8214285714285714,3.883116883116883
7185,0.0,0.32653061224489793,0.7333333333333333,2.2458333333333336
7186,0.0,0.10909090909090909,0.8888888888888888,8.148148148148149
7187,0.0,0.1794871794871795,0.72,4.011428571428572
7188,0.0,0.2916666666666667,0.8214285714285714,2.8163265306122445
7189,0.0,0.2807017543859649,0.7894736842105263,2.8125
7190,0.0,0.2692307692307692,0.7941176470588235,2.9495798319327733
7191,0.0,0.3125,0.7924528301886793,2.535849056603774
7192,0.0,0.24489795918367346,0.7647058823529411,3.122549019607843
7193,0.0,0.125,0.8333333333333334,6.666666666666667
7194,0.0,0.3333333333333333,0.8253968253968254,2.4761904761904763
7195,0.0,0.21739130434782608,0.625,2.875
7196,0.0,0.3111111111111111,0.68,2.185714285714286
7197,0.0,0.2,0.7307692307692307,3.6538461538461533
7198,0.0,0.23404255319148937,0.5625,2.403409090909091
7199,0.0,0.16666666666666666,0.7,4.2
7200,0.0,0.23809523809523808,0.7945205479452054,3.336986301369863
7201,0.0,0.22580645161290322,0.7692307692307693,3.406593406593407
7202,0.0,0.2916666666666667,0.7321428571428571,2.5102040816326525
7203,0.0,0.2727272727272727,0.8305084745762712,3.045197740112995
7204,0.0,0.24242424242424243,0.8571428571428571,3.5357142857142856
7205,0.0,0.2,0.7021276595744681,3.5106382978723403
7206,0.0,0.24528301886792453,0.7254901960784313,2.9577677224736045
7207,0.0,0.1864406779661017,0.75,4.0227272727272725
7208,0.0,0.26785714285714285,0.7884615384615384,2.943589743589744
7209,0.0,0.22916666666666666,0.7804878048780488,3.405764966740577
7210,0.0,0.3137254901960784,0.75,2.390625
7211,0.0,0.18518518518518517,0.7272727272727273,3.9272727272727277
7212,0.0,0.27450980392156865,0.7647058823529411,2.785714285714285
7213,0.0,0.3076923076923077,0.7090909090909091,2.3045454545454547
7214,0.0,0.35,0.7457627118644068,2.1307506053268765
7215,0.0,0.19607843137254902,0.7391304347826086,3.769565217391304
7216,0.0,0.19047619047619047,0.7906976744186046,4.151162790697675
7217,0.0,0.20754716981132076,0.7450980392156863,3.590017825311943
7218,0.0,0.22916666666666666,0.7450980392156863,3.251336898395722
7219,0.0,0.17647058823529413,0.7543859649122807,4.2748538011695905
7220,0.0,0.2692307692307692,0.7166666666666667,2.661904761904762
7221,0.0,0.3333333333333333,0.7647058823529411,2.2941176470588234
7222,0.0,0.2,0.6326530612244898,3.163265306122449
7223,0.0,0.2222222222222222,0.7884615384615384,3.5480769230769234
7224,0.0,0.3,0.7419354838709677,2.4731182795698925
7225,0.0,0.34375,0.8157894736842105,2.373205741626794
7226,0.0,0.24528301886792453,0.7307692307692307,2.9792899408284024
7227,0.0,0.3469387755102041,0.7540983606557377,2.17357762777242
7228,0.0,0.3684210526315789,0.7619047619047619,2.068027210884354
7229,0.0,0.3148148148148148,0.6037735849056604,1.9178690344062153
7230,0.0,0.21568627450980393,0.8275862068965517,3.836990595611285
7231,0.0,0.38095238095238093,0.7540983606557377,1.9795081967213115
7232,0.0,0.3111111111111111,0.6862745098039216,2.2058823529411766
7233,0.0,0.26,0.7,2.692307692307692
7234,0.0,0.2,0.8275862068965517,4.137931034482758
7235,0.0,0.22413793103448276,0.8064516129032258,3.5980148883374685
7236,0.0,0.22,0.7727272727272727,3.512396694214876
7237,0.0,0.21951219512195122,0.8245614035087719,3.7563352826510723
7238,0.0,0.23076923076923078,0.8181818181818182,3.5454545454545454
7239,0.0,0.15942028985507245,0.7380952380952381,4.62987012987013
7240,0.0,0.21875,0.7966101694915254,3.641646489104116
7241,0.0,0.2222222222222222,0.8387096774193549,3.774193548387097
7242,0.0,0.32075471698113206,0.6938775510204082,2.163265306122449
7243,0.0,0.125,0.7058823529411765,5.647058823529412
7244,0.0,0.34615384615384615,0.8269230769230769,2.388888888888889
7245,0.0,0.1320754716981132,0.8,6.057142857142858
7246,0.0,0.3125,0.8235294117647058,2.635294117647059
7247,0.0,0.1746031746031746,0.74,4.238181818181818
7248,0.0,0.21428571428571427,0.725,3.3833333333333333
7249,0.0,0.2916666666666667,0.711864406779661,2.4406779661016946
7250,0.0,0.32432432432432434,0.8382352941176471,2.5845588235294117
7251,0.0,0.3111111111111111,0.7719298245614035,2.481203007518797
7252,0.0,0.20454545454545456,0.7291666666666666,3.5648148148148144
7253,0.0,0.1774193548387097,0.8148148148148148,4.592592592592592
7254,0.0,0.21568627450980393,0.75,3.477272727272727
7255,0.0,0.26229508196721313,0.7090909090909091,2.7034090909090907
7256,0.0,0.20833333333333334,0.7674418604651163,3.683720930232558
7257,0.0,0.21818181818181817,0.8260869565217391,3.786231884057971
7258,0.0,0.4318181818181818,0.7241379310344828,1.676950998185118
7259,0.0,0.30612244897959184,0.75,2.4499999999999997
7260,0.0,0.2857142857142857,0.6923076923076923,2.4230769230769234
7261,0.0,0.1320754716981132,0.9230769230769231,6.989010989010989
7262,0.0,0.22535211267605634,0.68,3.0175
7263,0.0,0.25,0.8214285714285714,3.2857142857142856
7264,0.0,0.21739130434782608,0.8095238095238095,3.723809523809524
7265,0.0,0.1694915254237288,0.7551020408163265,4.455102040816326
7266,0.0,0.19148936170212766,0.5714285714285714,2.984126984126984
7267,0.0,0.3235294117647059,0.7608695652173914,2.3517786561264824
7268,0.0,0.1527777777777778,0.8,5.236363636363636
7269,0.0,0.3023255813953488,0.8548387096774194,2.8275434243176183
7270,0.0,0.13513513513513514,0.8813559322033898,6.522033898305084
7271,0.0,0.2391304347826087,0.7818181818181819,3.2694214876033056
7272,0.0,0.22857142857142856,0.71875,3.14453125
7273,0.0,0.3181818181818182,0.7049180327868853,2.215456674473068
7274,0.0,0.32727272727272727,0.7727272727272727,2.361111111111111
7275,0.0,0.29545454545454547,0.7636363636363637,2.5846153846153848
7276,0.0,0.3076923076923077,0.7857142857142857,2.5535714285714284
7277,0.0,0.2549019607843137,0.6785714285714286,2.6620879120879124
7278,0.0,0.2647058823529412,0.9076923076923077,3.429059829059829
7279,0.0,0.23728813559322035,0.78125,3.2924107142857144
7280,0.0,0.25,0.7678571428571429,3.0714285714285716
7281,0.0,0.17857142857142858,0.575,3.2199999999999998
7282,0.0,0.2702702702702703,0.9014084507042254,3.335211267605634
7283,0.0,0.40476190476190477,0.6666666666666666,1.6470588235294117
7284,0.0,0.30952380952380953,0.7931034482758621,2.5623342175066313
7285,0.0,0.22,0.6981132075471698,3.173241852487135
7286,0.0,0.32653061224489793,0.7833333333333333,2.3989583333333333
7287,0.0,0.3409090909090909,0.7872340425531915,2.3092198581560286
7288,0.0,0.17857142857142858,0.6341463414634146,3.551219512195122
7289,0.0,0.21875,0.7543859649122807,3.448621553884712
7290,0.0,0.1951219512195122,0.6730769230769231,3.449519230769231
7291,0.0,0.3125,0.6888888888888889,2.2044444444444444
7292,0.0,0.23636363636363636,0.7142857142857143,3.021978021978022
7293,0.0,0.28205128205128205,0.8,2.8363636363636364
7294,0.0,0.3170731707317073,0.8253968253968254,2.603174603174603
7295,0.0,0.16666666666666666,0.8363636363636363,5.0181818181818185
7296,0.0,0.30952380952380953,0.6744186046511628,2.178890876565295
7297,0.0,0.2549019607843137,0.8070175438596491,3.165991902834008
7298,0.0,0.3333333333333333,0.746031746031746,2.238095238095238
7299,0.0,0.2037037037037037,0.8909090909090909,4.373553719008265
7300,0.0,0.24193548387096775,0.6153846153846154,2.5435897435897434
7301,0.0,0.22641509433962265,0.75,3.3125
7302,0.0,0.2903225806451613,0.6862745098039216,2.363834422657952
7303,0.0,0.2857142857142857,0.8208955223880597,2.8731343283582094
7304,0.0,0.32558139534883723,0.8484848484848485,2.606060606060606
7305,0.0,0.2222222222222222,0.7,3.15
7306,0.0,0.2777777777777778,0.7307692307692307,2.6307692307692303
7307,0.0,0.28846153846153844,0.7962962962962963,2.760493827160494
7308,0.0,0.2608695652173913,0.723404255319149,2.773049645390071
7309,0.0,0.23809523809523808,0.8846153846153846,3.7153846153846155
7310,0.0,0.12280701754385964,0.82,6.677142857142857
7311,0.0,0.2765957446808511,0.82,2.964615384615384
7312,0.0,0.2857142857142857,0.8431372549019608,2.950980392156863
7313,0.0,0.3181818181818182,0.6190476190476191,1.9455782312925172
7314,0.0,0.2692307692307692,0.7868852459016393,2.9227166276346606
7315,0.0,0.18666666666666668,0.75,4.017857142857142
7316,0.0,0.29545454545454547,0.7321428571428571,2.4780219780219777
7317,0.0,0.1724137931034483,0.7916666666666666,4.591666666666666
7318,0.0,0.30434782608695654,0.7166666666666667,2.354761904761905
7319,0.0,0.4090909090909091,0.8333333333333334,2.037037037037037
7320,0.0,0.24390243902439024,0.7555555555555555,3.097777777777778
7321,0.0,0.3076923076923077,0.8933333333333333,2.9033333333333333
7322,0.0,0.2909090909090909,0.8113207547169812,2.788915094339623
7323,0.0,0.3181818181818182,0.7346938775510204,2.309037900874636
7324,0.0,0.3269230769230769,0.8266666666666667,2.5286274509803923
7325,0.0,0.32786885245901637,0.7096774193548387,2.1645161290322585
7326,0.0,0.20408163265306123,0.7317073170731707,3.585365853658536
7327,0.0,0.3673469387755102,0.7090909090909091,1.9303030303030302
7328,0.0,0.3111111111111111,0.6379310344827587,2.0504926108374386
7329,0.0,0.43902439024390244,0.6724137931034483,1.5316091954022988
7330,0.0,0.17543859649122806,0.803921568627451,4.582352941176471
7331,0.0,0.17391304347826086,0.8421052631578947,4.842105263157895
7332,0.0,0.25757575757575757,0.7547169811320755,2.93007769145394
7333,0.0,0.34146341463414637,0.7936507936507936,2.3242630385487524
7334,0.0,0.21666666666666667,0.7115384615384616,3.2840236686390534
7335,0.0,0.27450980392156865,0.7627118644067796,2.7784503631961255
7336,0.0,0.19642857142857142,0.8181818181818182,4.1652892561983474
7337,0.0,0.3050847457627119,0.574468085106383,1.8829787234042554
7338,0.0,0.20754716981132076,0.6981132075471698,3.3636363636363633
7339,0.0,0.25,0.6981132075471698,2.792452830188679
7340,0.0,0.22916666666666666,0.6363636363636364,2.7768595041322315
7341,0.0,0.32608695652173914,0.7936507936507936,2.4338624338624335
7342,0.0,0.22413793103448276,0.6595744680851063,2.9427168576104745
7343,0.0,0.36,0.7777777777777778,2.160493827160494
7344,0.0,0.3488372093023256,0.7777777777777778,2.2296296296296294
7345,0.0,0.16666666666666666,0.7058823529411765,4.23529411764706
7346,0.0,0.18571428571428572,0.7708333333333334,4.1506410256410255
7347,0.0,0.16,0.8333333333333334,5.208333333333333
7348,0.0,0.23076923076923078,0.8269230769230769,3.583333333333333
7349,0.0,0.3191489361702128,0.6981132075471698,2.1874213836477985
7350,0.0,0.21568627450980393,0.8235294117647058,3.818181818181818
7351,0.0,0.30612244897959184,0.7794117647058824,2.546078431372549
7352,0.0,0.5,0.7536231884057971,1.5072463768115942
7353,0.0,0.3673469387755102,0.6181818181818182,1.6828282828282828
7354,0.0,0.24444444444444444,0.78,3.190909090909091
7355,0.0,0.1590909090909091,0.9111111111111111,5.726984126984127
7356,0.0,0.32653061224489793,0.7258064516129032,2.2227822580645165
7357,0.0,0.2926829268292683,0.84375,2.8828125
7358,0.0,0.3191489361702128,0.8392857142857143,2.6297619047619047
7359,0.0,0.29411764705882354,0.6730769230769231,2.2884615384615388
7360,0.0,0.28,0.6521739130434783,2.3291925465838506
7361,0.0,0.30952380952380953,0.7457627118644068,2.409387222946545
7362,0.0,0.2830188679245283,0.6818181818181818,2.409090909090909
7363,0.0,0.2,0.7924528301886793,3.9622641509433962
7364,0.0,0.17777777777777778,0.8,4.5
7365,0.0,0.325,0.7407407407407407,2.279202279202279
7366,0.0,0.2608695652173913,0.8833333333333333,3.386111111111111
7367,0.0,0.3409090909090909,0.84,2.464
7368,0.0,0.22727272727272727,0.8703703703703703,3.8296296296296295
7369,0.0,0.20930232558139536,0.8571428571428571,4.095238095238095
7370,0.0,0.14893617021276595,0.9180327868852459,6.163934426229509
7371,0.0,0.2391304347826087,0.7076923076923077,2.9594405594405595
7372,0.0,0.23809523809523808,0.7719298245614035,3.2421052631578946
7373,0.0,0.23214285714285715,0.6521739130434783,2.809364548494983
7374,0.0,0.3050847457627119,0.7241379310344828,2.3735632183908044
7375,0.0,0.25675675675675674,0.68,2.6484210526315795
7376,0.0,0.23404255319148937,0.8076923076923077,3.4510489510489513
7377,0.0,0.13333333333333333,0.7608695652173914,5.7065217391304355
7378,0.0,0.22807017543859648,0.7884615384615384,3.4571005917159763
7379,0.0,0.22916666666666666,0.7083333333333334,3.0909090909090913
7380,0.0,0.3620689655172414,0.6206896551724138,1.7142857142857144
7381,0.0,0.21212121212121213,0.8181818181818182,3.857142857142857
7382,0.0,0.3111111111111111,0.7758620689655172,2.4938423645320196
7383,0.0,0.3392857142857143,0.6,1.768421052631579
7384,0.0,0.40476190476190477,0.6379310344827587,1.5760649087221097
7385,0.0,0.2926829268292683,0.9107142857142857,3.111607142857143
7386,0.0,0.22916666666666666,0.8214285714285714,3.5844155844155843
7387,0.0,0.3,0.7659574468085106,2.5531914893617023
7388,0.0,0.3333333333333333,0.76,2.2800000000000002
7389,0.0,0.234375,0.8,3.4133333333333336
7390,0.0,0.3404255319148936,0.7619047619047619,2.238095238095238
7391,0.0,0.24528301886792453,0.8679245283018868,3.5384615384615388
7392,0.0,0.24193548387096775,0.7377049180327869,3.0491803278688527
7393,0.0,0.2682926829268293,0.7894736842105263,2.942583732057416
7394,0.0,0.29411764705882354,0.6428571428571429,2.185714285714286
7395,0.0,0.3023255813953488,0.8103448275862069,2.680371352785146
7396,0.0,0.2391304347826087,0.7551020408163265,3.157699443413729
7397,0.0,0.21568627450980393,0.6818181818181818,3.161157024793388
7398,0.0,0.25,0.7058823529411765,2.823529411764706
7399,0.0,0.1956521739130435,0.803921568627451,4.108932461873638
7400,0.0,0.13043478260869565,0.84,6.4399999999999995
7401,0.0,0.28,0.7727272727272727,2.7597402597402594
7402,0.0,0.25,0.8548387096774194,3.4193548387096775
7403,0.0,0.3333333333333333,0.8095238095238095,2.428571428571429
7404,0.0,0.1590909090909091,0.8771929824561403,5.513784461152882
7405,0.0,0.2857142857142857,0.7543859649122807,2.6403508771929824
7406,0.0,0.23076923076923078,0.82,3.553333333333333
7407,0.0,0.1956521739130435,0.76,3.884444444444444
7408,0.0,0.3695652173913043,0.7586206896551724,2.052738336713996
7409,0.0,0.37037037037037035,0.7246376811594203,1.9565217391304348
7410,0.0,0.40476190476190477,0.7538461538461538,1.8624434389140272
7411,0.0,0.3333333333333333,0.8142857142857143,2.442857142857143
7412,0.0,0.3,0.7966101694915254,2.6553672316384183
7413,0.0,0.3448275862068966,0.6833333333333333,1.9816666666666667
7414,0.0,0.23809523809523808,0.7708333333333334,3.2375000000000003
7415,0.0,0.4090909090909091,0.6666666666666666,1.6296296296296295
7416,0.0,0.4,0.75,1.875
7417,0.0,0.2916666666666667,0.7241379310344828,2.4827586206896552
7418,0.0,0.14545454545454545,0.7959183673469388,5.471938775510204
7419,0.0,0.20634920634920634,0.6888888888888889,3.3384615384615386
7420,0.0,0.15625,0.6923076923076923,4.430769230769231
7421,0.0,0.2727272727272727,0.7627118644067796,2.7966101694915255
7422,0.0,0.1694915254237288,0.7692307692307693,4.538461538461539
7423,0.0,0.2807017543859649,0.7213114754098361,2.569672131147541
7424,0.0,0.35294117647058826,0.9,2.55
7425,0.0,0.32432432432432434,0.7631578947368421,2.3530701754385963
7426,0.0,0.24,0.7719298245614035,3.216374269005848
7427,0.0,0.2222222222222222,0.7924528301886793,3.566037735849057
7428,0.0,0.3181818181818182,0.7454545454545455,2.342857142857143
7429,0.0,0.29411764705882354,0.8088235294117647,2.75
7430,0.0,0.2909090909090909,0.7936507936507936,2.7281746031746033
7431,0.0,0.3111111111111111,0.8311688311688312,2.6716141001855287
7432,0.0,0.2857142857142857,0.7391304347826086,2.5869565217391304
7433,0.0,0.3125,0.46808510638297873,1.4978723404255319
7434,0.0,0.2127659574468085,0.7719298245614035,3.6280701754385962
7435,0.0,0.3392857142857143,0.7627118644067796,2.247992863514719
7436,0.0,0.2857142857142857,0.6808510638297872,2.382978723404255
7437,0.0,0.24444444444444444,0.8870967741935484,3.629032258064516
7438,0.0,0.30612244897959184,0.75,2.4499999999999997
7439,0.0,0.3090909090909091,0.6730769230769231,2.1776018099547514
7440,0.0,0.22916666666666666,0.7719298245614035,3.3684210526315788
7441,0.0,0.2727272727272727,0.7843137254901961,2.8758169934640523
7442,0.0,0.288135593220339,0.6730769230769231,2.335972850678733
7443,0.0,0.24324324324324326,0.8103448275862069,3.3314176245210723
7444,0.0,0.28,0.6666666666666666,2.3809523809523805
7445,0.0,0.32608695652173914,0.6818181818181818,2.090909090909091
7446,0.0,0.30434782608695654,0.8405797101449275,2.7619047619047614
7447,0.0,0.3191489361702128,0.7254901960784313,2.273202614379085
7448,0.0,0.225,0.6792452830188679,3.0188679245283017
7449,0.0,0.2033898305084746,0.7636363636363637,3.7545454545454544
7450,0.0,0.17543859649122806,0.7659574468085106,4.365957446808511
7451,0.0,0.358974358974359,0.7543859649122807,2.101503759398496
7452,0.0,0.25,0.6981132075471698,2.792452830188679
7453,0.0,0.3076923076923077,0.68,2.21
7454,0.0,0.36,0.7213114754098361,2.003642987249545
7455,0.0,0.2765957446808511,0.7272727272727273,2.629370629370629
7456,0.0,0.11320754716981132,0.8076923076923077,7.134615384615385
7457,0.0,0.2826086956521739,0.75,2.653846153846154
7458,0.0,0.19642857142857142,0.7297297297297297,3.714987714987715
7459,0.0,0.18181818181818182,0.7804878048780488,4.2926829268292686
7460,0.0,0.18032786885245902,0.8070175438596491,4.4752791068580535
7461,0.0,0.25862068965517243,0.7450980392156863,2.881045751633987
7462,0.0,0.16981132075471697,0.7352941176470589,4.330065359477125
7463,0.0,0.3170731707317073,0.8360655737704918,2.6368221941992434
7464,0.0,0.16129032258064516,0.8301886792452831,5.147169811320755
7465,0.0,0.34285714285714286,0.7931034482758621,2.3132183908045976
7466,0.0,0.1836734693877551,0.864406779661017,4.706214689265536
7467,0.0,0.21951219512195122,0.8103448275862069,3.6915708812260535
7468,0.0,0.27450980392156865,0.7407407407407407,2.698412698412698
7469,0.0,0.2542372881355932,0.7246376811594203,2.85024154589372
7470,0.0,0.23404255319148937,0.7708333333333334,3.293560606060606
7471,0.0,0.2,0.8214285714285714,4.107142857142857
7472,0.0,0.28125,0.7068965517241379,2.5134099616858236
7473,0.0,0.2727272727272727,0.7586206896551724,2.781609195402299
7474,0.0,0.21568627450980393,0.7083333333333334,3.284090909090909
7475,0.0,0.2,0.7567567567567568,3.7837837837837838
7476,0.0,0.20967741935483872,0.7321428571428571,3.4917582417582413
7477,0.0,0.19047619047619047,0.8148148148148148,4.277777777777778
7478,0.0,0.21818181818181817,0.7846153846153846,3.5961538461538463
7479,0.0,0.2702702702702703,0.8627450980392157,3.1921568627450982
7480,0.0,0.22641509433962265,0.7727272727272727,3.4128787878787876
7481,0.0,0.23529411764705882,0.75,3.1875
7482,0.0,0.21428571428571427,0.8484848484848485,3.95959595959596
7483,0.0,0.17857142857142858,0.8392857142857143,4.7
7484,0.0,0.30434782608695654,0.8125,2.6696428571428568
7485,0.0,0.22641509433962265,0.7636363636363637,3.3727272727272726
7486,0.0,0.4,0.7868852459016393,1.9672131147540983
7487,0.0,0.3076923076923077,0.6382978723404256,2.074468085106383
7488,0.0,0.37254901960784315,0.6833333333333333,1.8342105263157895
7489,0.0,0.19298245614035087,0.6981132075471698,3.6174957118353346
7490,0.0,0.2222222222222222,0.9019607843137255,4.058823529411765
7491,0.0,0.23529411764705882,0.8260869565217391,3.5108695652173916
7492,0.0,0.4,0.7258064516129032,1.814516129032258
7493,0.0,0.20967741935483872,0.7586206896551724,3.6180371352785143
7494,0.0,0.32608695652173914,0.7454545454545455,2.286060606060606
7495,0.0,0.23255813953488372,0.8166666666666667,3.5116666666666667
7496,0.0,0.19642857142857142,0.6578947368421053,3.349282296650718
7497,0.0,0.32727272727272727,0.7704918032786885,2.354280510018215
7498,0.0,0.391304347826087,0.6078431372549019,1.5533769063180827
7499,0.0,0.2542372881355932,0.75,2.95
7500,0.0,0.23728813559322035,0.7843137254901961,3.3053221288515404
7501,0.0,0.2916666666666667,0.673469387755102,2.3090379008746353
7502,0.0,0.30952380952380953,0.8,2.5846153846153848
7503,0.0,0.23076923076923078,0.775,3.3583333333333334
7504,0.0,0.3409090909090909,0.8169014084507042,2.3962441314553993
7505,0.0,0.41304347826086957,0.7142857142857143,1.7293233082706767
7506,0.0,0.26666666666666666,0.7317073170731707,2.74390243902439
7507,0.0,0.21428571428571427,0.7924528301886793,3.6981132075471703
7508,0.0,0.2708333333333333,0.6888888888888889,2.543589743589744
7509,0.0,0.3617021276595745,0.8709677419354839,2.4079696394686905
7510,0.0,0.25,0.7868852459016393,3.1475409836065573
7511,0.0,0.2037037037037037,0.6590909090909091,3.2355371900826446
7512,0.0,0.3148148148148148,0.7258064516129032,2.3055028462998104
7513,0.0,0.2459016393442623,0.8103448275862069,3.2954022988505747
7514,0.0,0.32142857142857145,0.782608695652174,2.434782608695652
7515,0.0,0.26,0.7258064516129032,2.791563275434243
7516,0.0,0.19230769230769232,0.7142857142857143,3.714285714285714
7517,0.0,0.18181818181818182,0.7678571428571429,4.223214285714286
7518,0.0,0.3076923076923077,0.673469387755102,2.1887755102040813
7519,0.0,0.3870967741935484,0.7424242424242424,1.917929292929293
7520,0.0,0.23076923076923078,0.675,2.925
7521,0.0,0.2631578947368421,0.7966101694915254,3.0271186440677966
7522,0.0,0.27419354838709675,0.5294117647058824,1.9307958477508653
7523,0.0,0.13157894736842105,0.9230769230769231,7.015384615384616
7524,0.0,0.10526315789473684,0.8409090909090909,7.988636363636364
7525,0.0,0.15,0.8285714285714286,5.523809523809525
7526,0.0,0.2857142857142857,0.7796610169491526,2.728813559322034
7527,0.0,0.3191489361702128,0.7611940298507462,2.3850746268656713
7528,0.0,0.21568627450980393,0.7391304347826086,3.426877470355731
7529,0.0,0.24,0.7027027027027027,2.927927927927928
7530,0.0,0.25,0.6842105263157895,2.736842105263158
7531,0.0,0.2033898305084746,0.8166666666666667,4.0152777777777775
7532,0.0,0.18032786885245902,0.7142857142857143,3.961038961038961
7533,0.0,0.2222222222222222,0.7317073170731707,3.2926829268292686
7534,0.0,0.23809523809523808,0.847457627118644,3.559322033898305
7535,0.0,0.27450980392156865,0.75,2.7321428571428568
7536,0.0,0.35714285714285715,0.7808219178082192,2.186301369863014
7537,0.0,0.23076923076923078,0.8163265306122449,3.5374149659863945
7538,0.0,0.3,0.8333333333333334,2.777777777777778
7539,0.0,0.29545454545454547,0.7777777777777778,2.6324786324786325
7540,0.0,0.2127659574468085,0.8421052631578947,3.957894736842105
7541,0.0,0.30357142857142855,0.7352941176470589,2.4221453287197234
7542,0.0,0.27450980392156865,0.7551020408163265,2.7507288629737605
7543,0.0,0.24444444444444444,0.8771929824561403,3.588516746411483
7544,0.0,0.32727272727272727,0.7666666666666667,2.3425925925925926
7545,0.0,0.20588235294117646,0.7540983606557377,3.6627634660421546
7546,0.0,0.2926829268292683,0.6774193548387096,2.314516129032258
7547,0.0,0.32558139534883723,0.6779661016949152,2.082324455205811
7548,0.0,0.2916666666666667,0.82,2.811428571428571
7549,0.0,0.28,0.66,2.357142857142857
7550,0.0,0.3191489361702128,0.8307692307692308,2.603076923076923
7551,0.0,0.3023255813953488,0.8831168831168831,2.921078921078921
7552,0.0,0.2857142857142857,0.8571428571428571,3.0
7553,0.0,0.21951219512195122,0.8787878787878788,4.0033670033670035
7554,0.0,0.2692307692307692,0.7166666666666667,2.661904761904762
7555,0.0,0.16666666666666666,0.7692307692307693,4.615384615384616
7556,0.0,0.18518518518518517,0.7346938775510204,3.9673469387755107
7557,0.0,0.28125,0.7457627118644068,2.6516007532956687
7558,0.0,0.3333333333333333,0.7413793103448276,2.224137931034483
7559,0.0,0.15,0.8372093023255814,5.5813953488372094
7560,0.0,0.37777777777777777,0.6610169491525424,1.7497507477567298
7561,0.0,0.20634920634920634,0.6274509803921569,3.040723981900453
7562,0.0,0.2857142857142857,0.7872340425531915,2.7553191489361706
7563,0.0,0.35294117647058826,0.7413793103448276,2.1005747126436782
7564,0.0,0.27450980392156865,0.8035714285714286,2.9272959183673466
7565,0.0,0.21311475409836064,0.675,3.1673076923076926
7566,0.0,0.27941176470588236,0.6206896551724138,2.221415607985481
7567,0.0,0.34210526315789475,0.7169811320754716,2.0957910014513788
7568,0.0,0.13513513513513514,0.875,6.475
7569,0.0,0.23333333333333334,0.7843137254901961,3.361344537815126
7570,0.0,0.1774193548387097,0.75,4.227272727272727
7571,0.0,0.2222222222222222,0.746031746031746,3.357142857142857
7572,0.0,0.2857142857142857,0.855072463768116,2.992753623188406
7573,0.0,0.3333333333333333,0.7924528301886793,2.377358490566038
7574,0.0,0.2857142857142857,0.6909090909090909,2.4181818181818184
7575,0.0,0.24444444444444444,0.6888888888888889,2.8181818181818183
7576,0.0,0.2542372881355932,0.7377049180327869,2.9016393442622954
7577,0.0,0.17777777777777778,0.7560975609756098,4.253048780487805
7578,0.0,0.30612244897959184,0.8148148148148148,2.6617283950617283
7579,0.0,0.18421052631578946,0.8970588235294118,4.869747899159664
7580,0.0,0.23255813953488372,0.84375,3.6281250000000003
7581,0.0,0.13043478260869565,0.875,6.708333333333334
7582,0.0,0.21818181818181817,0.6326530612244898,2.8996598639455784
7583,0.0,0.16666666666666666,0.7647058823529411,4.588235294117647
7584,0.0,0.21153846153846154,0.6285714285714286,2.9714285714285715
7585,0.0,0.3111111111111111,0.8615384615384616,2.769230769230769
7586,0.0,0.2037037037037037,0.7454545454545455,3.6595041322314055
7587,0.0,0.14925373134328357,0.8181818181818182,5.481818181818182
7588,0.0,0.2702702702702703,0.7916666666666666,2.9291666666666663
7589,0.0,0.36363636363636365,0.7796610169491526,2.1440677966101696
7590,0.0,0.2765957446808511,0.7924528301886793,2.865021770682148
7591,0.0,0.1875,0.7962962962962963,4.246913580246914
7592,0.0,0.3125,0.6981132075471698,2.2339622641509433
7593,0.0,0.40350877192982454,0.5737704918032787,1.4219529579472558
7594,0.0,0.19672131147540983,0.796875,4.05078125
7595,0.0,0.28205128205128205,0.8301886792452831,2.9433962264150946
7596,0.0,0.21568627450980393,0.723404255319149,3.353965183752418
7597,0.0,0.23809523809523808,0.7142857142857143,3.0000000000000004
7598,0.0,0.24242424242424243,0.7777777777777778,3.2083333333333335
7599,0.0,0.23684210526315788,0.8309859154929577,3.508607198748044
7600,0.0,0.1568627450980392,0.8666666666666667,5.525
7601,0.0,0.17391304347826086,0.82,4.715
7602,0.0,0.2909090909090909,0.5961538461538461,2.0492788461538463
7603,0.0,0.24489795918367346,0.8166666666666667,3.334722222222222
7604,0.0,0.37254901960784315,0.7021276595744681,1.8846584546472565
7605,0.0,0.25,0.6530612244897959,2.6122448979591835
7606,0.0,0.2727272727272727,0.6825396825396826,2.502645502645503
7607,0.0,0.19607843137254902,0.7346938775510204,3.746938775510204
7608,0.0,0.32075471698113206,0.6981132075471698,2.176470588235294
7609,0.0,0.36,0.6727272727272727,1.8686868686868687
7610,0.0,0.30357142857142855,0.6896551724137931,2.271805273833672
7611,0.0,0.25925925925925924,0.6981132075471698,2.692722371967655
7612,0.0,0.2558139534883721,0.746031746031746,2.9163059163059164
7613,0.0,0.3333333333333333,0.8153846153846154,2.4461538461538463
7614,0.0,0.328125,0.6206896551724138,1.891625615763547
7615,0.0,0.20689655172413793,0.7954545454545454,3.8446969696969697
7616,0.0,0.2571428571428571,0.7,2.7222222222222223
7617,0.0,0.36585365853658536,0.6964285714285714,1.9035714285714285
7618,0.0,0.17543859649122806,0.723404255319149,4.12340425531915
7619,0.0,0.2857142857142857,0.7719298245614035,2.7017543859649122
7620,0.0,0.17543859649122806,0.847457627118644,4.830508474576272
7621,0.0,0.23529411764705882,0.75,3.1875
7622,0.0,0.3125,0.5454545454545454,1.7454545454545454
7623,0.0,0.3673469387755102,0.7346938775510204,2.0
7624,0.0,0.1875,0.8548387096774194,4.559139784946237
7625,0.0,0.22448979591836735,0.6829268292682927,3.042128603104213
7626,0.0,0.20454545454545456,0.6756756756756757,3.303303303303303
7627,0.0,0.2653061224489796,0.7666666666666667,2.8897435897435897
7628,0.0,0.38461538461538464,0.8392857142857143,2.182142857142857
7629,0.0,0.23809523809523808,0.7115384615384616,2.988461538461539
7630,0.0,0.18867924528301888,0.717948717948718,3.805128205128205
7631,0.0,0.36363636363636365,0.7,1.9249999999999998
7632,0.0,0.2391304347826087,0.7555555555555555,3.1595959595959595
7633,0.0,0.18032786885245902,0.7111111111111111,3.9434343434343435
7634,0.0,0.3103448275862069,0.75,2.4166666666666665
7635,0.0,0.3076923076923077,0.6724137931034483,2.185344827586207
7636,0.0,0.24390243902439024,0.8070175438596491,3.3087719298245615
7637,0.0,0.2564102564102564,0.746031746031746,2.90952380952381
7638,0.0,0.2708333333333333,0.7941176470588235,2.9321266968325794
7639,0.0,0.35714285714285715,0.7021276595744681,1.9659574468085106
7640,0.0,0.296875,0.7678571428571429,2.586466165413534
7641,0.0,0.29545454545454547,0.8356164383561644,2.8282402528977872
7642,0.0,0.34210526315789475,0.7941176470588235,2.3212669683257916
7643,0.0,0.3111111111111111,0.8552631578947368,2.7490601503759398
7644,0.0,0.3541666666666667,0.660377358490566,1.864594894561598
7645,0.0,0.23214285714285715,0.8387096774193549,3.6129032258064515
7646,0.0,0.19047619047619047,0.7169811320754716,3.7641509433962264
7647,0.0,0.5714285714285714,0.6274509803921569,1.0980392156862746
7648,0.0,0.26666666666666666,0.7457627118644068,2.7966101694915255
7649,0.0,0.2777777777777778,0.7627118644067796,2.7457627118644066
7650,0.0,0.23684210526315788,0.65625,2.7708333333333335
7651,0.0,0.36363636363636365,0.8360655737704918,2.2991803278688523
7652,0.0,0.21212121212121213,0.8666666666666667,4.085714285714285
7653,0.0,0.2962962962962963,0.7543859649122807,2.5460526315789473
7654,0.0,0.2833333333333333,0.6727272727272727,2.374331550802139
7655,0.0,0.37777777777777777,0.7857142857142857,2.0798319327731094
7656,0.0,0.2982456140350877,0.6041666666666666,2.025735294117647
7657,0.0,0.3,0.7777777777777778,2.5925925925925926
7658,0.0,0.3220338983050847,0.75,2.3289473684210527
7659,0.0,0.35714285714285715,0.7540983606557377,2.1114754098360655
7660,0.0,0.225,0.6904761904761905,3.068783068783069
7661,0.0,0.38461538461538464,0.7735849056603774,2.0113207547169814
7662,0.0,0.25,0.7580645161290323,3.032258064516129
7663,0.0,0.2558139534883721,0.7586206896551724,2.96551724137931
7664,0.0,0.25,0.8214285714285714,3.2857142857142856
7665,0.0,0.3333333333333333,0.5957446808510638,1.7872340425531914
7666,0.0,0.25,0.75,3.0
7667,0.0,0.35555555555555557,0.5957446808510638,1.675531914893617
7668,0.0,0.19642857142857142,0.8421052631578947,4.287081339712919
7669,0.0,0.38461538461538464,0.8382352941176471,2.179411764705882
7670,0.0,0.1875,0.9019607843137255,4.810457516339869
7671,0.0,0.1694915254237288,0.82,4.838
7672,0.0,0.1896551724137931,0.7321428571428571,3.8603896103896105
7673,0.0,0.36585365853658536,0.8142857142857143,2.2257142857142855
7674,0.0,0.24193548387096775,0.6888888888888889,2.8474074074074074
7675,0.0,0.2978723404255319,0.7407407407407407,2.486772486772487
7676,0.0,0.2765957446808511,0.8333333333333334,3.0128205128205128
7677,0.0,0.23809523809523808,0.86,3.612
7678,0.0,0.3076923076923077,0.7555555555555555,2.4555555555555553
7679,0.0,0.2549019607843137,0.7761194029850746,3.0447761194029854
7680,0.0,0.38,0.6949152542372882,1.8287243532560216
7681,0.0,0.22448979591836735,0.8431372549019608,3.7557932263814617
7682,0.0,0.2962962962962963,0.6296296296296297,2.125
7683,0.0,0.225,0.75,3.333333333333333
7684,0.0,0.125,0.8421052631578947,6.7368421052631575
7685,0.0,0.2857142857142857,0.8035714285714286,2.8125000000000004
7686,0.0,0.3076923076923077,0.7727272727272727,2.5113636363636362
7687,0.0,0.2222222222222222,0.7,3.15
7688,0.0,0.15217391304347827,0.8260869565217391,5.428571428571428
7689,0.0,0.2926829268292683,0.6888888888888889,2.3537037037037036
7690,0.0,0.23214285714285715,0.7966101694915254,3.4315514993481093
7691,0.0,0.3191489361702128,0.7586206896551724,2.3770114942528733
7692,0.0,0.3191489361702128,0.7454545454545455,2.335757575757576
7693,0.0,0.2545454545454545,0.5813953488372093,2.2840531561461797
7694,0.0,0.19672131147540983,0.65,3.3041666666666667
7695,0.0,0.2777777777777778,0.6888888888888889,2.48
7696,0.0,0.1724137931034483,0.7777777777777778,4.511111111111111
7697,0.0,0.11764705882352941,0.8571428571428571,7.285714285714286
7698,0.0,0.1568627450980392,0.8846153846153846,5.639423076923077
7699,0.0,0.3137254901960784,0.660377358490566,2.104952830188679
7700,0.0,0.475,0.7428571428571429,1.5639097744360904
7701,0.0,0.23404255319148937,0.8596491228070176,3.6730462519936204
7702,0.0,0.3783783783783784,0.7910447761194029,2.0906183368869935
7703,0.0,0.30612244897959184,0.7272727272727273,2.375757575757576
7704,0.0,0.2653061224489796,0.7272727272727273,2.7412587412587412
7705,0.0,0.18421052631578946,0.855072463768116,4.641821946169773
7706,0.0,0.2962962962962963,0.6981132075471698,2.356132075471698
7707,0.0,0.265625,0.8064516129032258,3.036053130929791
7708,0.0,0.3137254901960784,0.7384615384615385,2.353846153846154
7709,0.0,0.21568627450980393,0.673469387755102,3.1224489795918364
7710,0.0,0.18333333333333332,0.7222222222222222,3.9393939393939394
7711,0.0,0.18333333333333332,0.7142857142857143,3.8961038961038965
7712,0.0,0.2222222222222222,0.8076923076923077,3.634615384615385
7713,0.0,0.41304347826086957,0.7536231884057971,1.824561403508772
7714,0.0,0.3888888888888889,0.8507462686567164,2.1876332622601278
7715,0.0,0.28888888888888886,0.8153846153846154,2.822485207100592
7716,0.0,0.16326530612244897,0.8275862068965517,5.06896551724138
7717,0.0,0.34615384615384615,0.7735849056603774,2.2348008385744236
7718,0.0,0.3541666666666667,0.6727272727272727,1.8994652406417112
7719,0.0,0.2830188679245283,0.6530612244897959,2.307482993197279
7720,0.0,0.21739130434782608,0.8360655737704918,3.8459016393442624
7721,0.0,0.22033898305084745,0.5957446808510638,2.7037643207855973
7722,0.0,0.2682926829268293,0.7358490566037735,2.7427101200686104
7723,0.0,0.23076923076923078,0.7073170731707317,3.0650406504065035
7724,0.0,0.4318181818181818,0.7457627118644068,1.727029438001784
7725,0.0,0.1836734693877551,0.8135593220338984,4.429378531073446
7726,0.0,0.234375,0.8,3.4133333333333336
7727,0.0,0.25,0.7777777777777778,3.111111111111111
7728,0.0,0.3125,0.7307692307692307,2.338461538461538
7729,0.0,0.47058823529411764,0.8227848101265823,1.7484177215189876
7730,0.0,0.2857142857142857,0.7719298245614035,2.7017543859649122
7731,0.0,0.18518518518518517,0.7073170731707317,3.819512195121951
7732,0.0,0.2,0.6382978723404256,3.1914893617021276
7733,0.0,0.25862068965517243,0.7611940298507462,2.9432835820895518
7734,0.0,0.391304347826087,0.7894736842105263,2.017543859649123
7735,0.0,0.2916666666666667,0.723404255319149,2.480243161094225
7736,0.0,0.20754716981132076,0.6829268292682927,3.2904656319290466
7737,0.0,0.3,0.7777777777777778,2.5925925925925926
7738,0.0,0.3333333333333333,0.6140350877192983,1.842105263157895
7739,0.0,0.22727272727272727,0.8360655737704918,3.6786885245901644
7740,0.0,0.2682926829268293,0.7560975609756098,2.818181818181818
7741,0.0,0.19642857142857142,0.7555555555555555,3.8464646464646464
7742,0.0,0.25,0.7966101694915254,3.1864406779661016
7743,0.0,0.22641509433962265,0.851063829787234,3.7588652482269502
7744,0.0,0.3902439024390244,0.7833333333333333,2.0072916666666667
7745,0.0,0.2894736842105263,0.8955223880597015,3.0936227951153326
7746,0.0,0.13636363636363635,0.6666666666666666,4.888888888888889
7747,0.0,0.14583333333333334,0.8095238095238095,5.551020408163265
7748,0.0,0.24,0.7894736842105263,3.2894736842105265
7749,0.0,0.2647058823529412,0.7916666666666666,2.9907407407407405
7750,0.0,0.3148148148148148,0.5714285714285714,1.8151260504201678
7751,0.0,0.2916666666666667,0.7857142857142857,2.693877551020408
7752,0.0,0.32727272727272727,0.6666666666666666,2.0370370370370368
7753,0.0,0.2857142857142857,0.7741935483870968,2.709677419354839
7754,0.0,0.22448979591836735,0.7333333333333333,3.2666666666666666
7755,0.0,0.1891891891891892,0.8627450980392157,4.560224089635854
7756,0.0,0.3170731707317073,0.7586206896551724,2.3925729442970822
7757,0.0,0.34146341463414637,0.8169014084507042,2.3923541247484907
7758,0.0,0.2608695652173913,0.7878787878787878,3.0202020202020203
7759,0.0,0.15384615384615385,0.7380952380952381,4.7976190476190474
7760,0.0,0.32608695652173914,0.84375,2.5875
7761,0.0,0.18461538461538463,0.8,4.333333333333333
7762,0.0,0.24528301886792453,0.6829268292682927,2.784240150093809
7763,0.0,0.1568627450980392,0.86,5.4825
7764,0.0,0.3148148148148148,0.6833333333333333,2.1705882352941175
7765,0.0,0.21428571428571427,0.8333333333333334,3.8888888888888893
7766,0.0,0.35294117647058826,0.7358490566037735,2.084905660377358
7767,0.0,0.45652173913043476,0.7972972972972973,1.7464607464607464
7768,0.0,0.23404255319148937,0.75,3.2045454545454546
7769,0.0,0.34782608695652173,0.7681159420289855,2.2083333333333335
7770,0.0,0.26,0.6938775510204082,2.668759811616954
7771,0.0,0.21621621621621623,0.8260869565217391,3.8206521739130435
7772,0.0,0.2222222222222222,0.8,3.6000000000000005
7773,0.0,0.27419354838709675,0.7222222222222222,2.633986928104575
7774,0.0,0.2830188679245283,0.7884615384615384,2.7858974358974358
7775,0.0,0.16666666666666666,0.7959183673469388,4.775510204081633
7776,0.0,0.24444444444444444,0.855072463768116,3.49802371541502
7777,0.0,0.30303030303030304,0.8103448275862069,2.6741379310344824
7778,0.0,0.425,0.7540983606557377,1.7743490838958533
7779,0.0,0.22807017543859648,0.7868852459016393,3.450189155107188
7780,0.0,0.2553191489361702,0.6136363636363636,2.4034090909090913
7781,0.0,0.30952380952380953,0.6818181818181818,2.2027972027972025
7782,0.0,0.2777777777777778,0.7627118644067796,2.7457627118644066
7783,0.0,0.36363636363636365,0.64,1.76
7784,0.0,0.21428571428571427,0.8,3.733333333333334
7785,0.0,0.3191489361702128,0.6981132075471698,2.1874213836477985
7786,0.0,0.22916666666666666,0.8064516129032258,3.5190615835777126
7787,0.0,0.23404255319148937,0.7027027027027027,3.0024570024570028
7788,0.0,0.23255813953488372,0.8235294117647058,3.541176470588235
7789,0.0,0.2619047619047619,0.7857142857142857,3.0
7790,0.0,0.19298245614035087,0.7916666666666666,4.1022727272727275
7791,0.0,0.2459016393442623,0.7291666666666666,2.9652777777777777
7792,0.0,0.21739130434782608,0.78,3.588
7793,0.0,0.3684210526315789,0.759493670886076,2.061482820976492
7794,0.0,0.3235294117647059,0.8,2.4727272727272727
7795,0.0,0.375,0.6938775510204082,1.8503401360544218
7796,0.0,0.27419354838709675,0.7936507936507936,2.8944911297852474
7797,0.0,0.21875,0.8113207547169812,3.7088948787061997
7798,0.0,0.20833333333333334,0.8387096774193549,4.025806451612903
7799,0.0,0.18,0.8518518518518519,4.732510288065844
7800,0.0,0.30612244897959184,0.782608695652174,2.5565217391304347
7801,0.0,0.19298245614035087,0.8333333333333334,4.318181818181818
7802,0.0,0.2564102564102564,0.7719298245614035,3.0105263157894737
7803,0.0,0.25925925925925924,0.8285714285714286,3.1959183673469393
7804,0.0,0.40816326530612246,0.7758620689655172,1.9008620689655171
7805,0.0,0.21153846153846154,0.7111111111111111,3.361616161616162
7806,0.0,0.2413793103448276,0.7903225806451613,3.2741935483870965
7807,0.0,0.13559322033898305,0.8627450980392157,6.362745098039216
7808,0.0,0.46875,0.8295454545454546,1.7696969696969698
7809,0.0,0.2909090909090909,0.7796610169491526,2.680084745762712
7810,0.0,0.3090909090909091,0.7049180327868853,2.2806171648987466
7811,0.0,0.45,0.75,1.6666666666666665
7812,0.0,0.28846153846153844,0.7301587301587301,2.5312169312169313
7813,0.0,0.2692307692307692,0.7272727272727273,2.7012987012987013
7814,0.0,0.30357142857142855,0.7121212121212122,2.345811051693405
7815,0.0,0.20930232558139536,0.8125,3.881944444444444
7816,0.0,0.2727272727272727,0.8181818181818182,3.0000000000000004
7817,0.0,0.19696969696969696,0.8113207547169812,4.119013062409289
7818,0.0,0.19736842105263158,0.6923076923076923,3.5076923076923077
7819,0.0,0.23636363636363636,0.7446808510638298,3.150572831423895
7820,0.0,0.2549019607843137,0.6666666666666666,2.6153846153846154
7821,0.0,0.24489795918367346,0.8913043478260869,3.6394927536231885
7822,0.0,0.3157894736842105,0.8405797101449275,2.6618357487922704
7823,0.0,0.18333333333333332,0.7692307692307693,4.195804195804197
7824,0.0,0.2647058823529412,0.746031746031746,2.818342151675485
7825,0.0,0.3488372093023256,0.7592592592592593,2.1765432098765434
7826,0.0,0.59375,0.75,1.263157894736842
7827,0.0,0.21568627450980393,0.7755102040816326,3.595547309833024
7828,0.0,0.22641509433962265,0.7924528301886793,3.5
7829,0.0,0.24561403508771928,0.7636363636363637,3.1090909090909093
7830,0.0,0.325,0.7931034482758621,2.440318302387268
7831,0.0,0.23880597014925373,0.7419354838709677,3.1068548387096775
7832,0.0,0.2777777777777778,0.7142857142857143,2.571428571428571
7833,0.0,0.2765957446808511,0.7450980392156863,2.6938159879336347
7834,0.0,0.15789473684210525,0.8431372549019608,5.339869281045752
7835,0.0,0.20967741935483872,0.8301886792452831,3.9593613933236576
7836,0.0,0.20408163265306123,0.8297872340425532,4.06595744680851
7837,0.0,0.1794871794871795,0.8235294117647058,4.588235294117647
7838,0.0,0.24489795918367346,0.7301587301587301,2.9814814814814814
7839,0.0,0.2826086956521739,0.7857142857142857,2.7802197802197806
7840,0.0,0.35714285714285715,0.7843137254901961,2.1960784313725488
7841,0.0,0.2653061224489796,0.86,3.2415384615384615
7842,0.0,0.2708333333333333,0.75,2.7692307692307696
7843,0.0,0.3829787234042553,0.8181818181818182,2.1363636363636367
7844,0.0,0.19148936170212766,0.8518518518518519,4.4485596707818935
7845,0.0,0.16666666666666666,0.8627450980392157,5.176470588235294
7846,0.0,0.3392857142857143,0.746268656716418,2.199528672427337
7847,0.0,0.3559322033898305,0.7704918032786885,2.1647150663544106
7848,0.0,0.24489795918367346,0.75,3.0625
7849,0.0,0.21875,0.7454545454545455,3.407792207792208
7850,0.0,0.22058823529411764,0.7636363636363637,3.461818181818182
7851,0.0,0.21568627450980393,0.875,4.056818181818182
7852,0.0,0.3148148148148148,0.7936507936507936,2.5210084033613445
7853,0.0,0.24444444444444444,0.8923076923076924,3.650349650349651
7854,0.0,0.2127659574468085,0.7857142857142857,3.6928571428571426
7855,0.0,0.20833333333333334,0.8571428571428571,4.114285714285714
7856,0.0,0.22033898305084745,0.7407407407407407,3.3618233618233617
7857,0.0,0.17307692307692307,0.8305084745762712,4.7984934086629005
7858,0.0,0.23255813953488372,0.75,3.225
7859,0.0,0.1509433962264151,0.6666666666666666,4.416666666666667
7860,0.0,0.30952380952380953,0.7894736842105263,2.5506072874493926
7861,0.0,0.2647058823529412,0.8307692307692308,3.1384615384615384
7862,0.0,0.27419354838709675,0.7941176470588235,2.8961937716262978
7863,0.0,0.35,0.7627118644067796,2.179176755447942
7864,0.0,0.32608695652173914,0.74,2.2693333333333334
7865,0.0,0.19402985074626866,0.717391304347826,3.6973244147157187
7866,0.0,0.21311475409836064,0.7307692307692307,3.4289940828402368
7867,0.0,0.26,0.8870967741935484,3.4119106699751858
7868,0.0,0.23076923076923078,0.7368421052631579,3.1929824561403506
7869,0.0,0.2916666666666667,0.7457627118644068,2.556900726392252
7870,0.0,0.22727272727272727,0.8085106382978723,3.557446808510638
7871,0.0,0.23636363636363636,0.7678571428571429,3.248626373626374
7872,0.0,0.2978723404255319,0.7213114754098361,2.421545667447307
7873,0.0,0.24074074074074073,0.7777777777777778,3.230769230769231
7874,0.0,0.23076923076923078,0.6,2.5999999999999996
7875,0.0,0.29545454545454547,0.8548387096774194,2.893300248138958
7876,0.0,0.24444444444444444,0.8333333333333334,3.409090909090909
7877,0.0,0.25,0.7592592592592593,3.037037037037037
7878,0.0,0.2641509433962264,0.7708333333333334,2.918154761904762
7879,0.0,0.2,0.5789473684210527,2.8947368421052633
7880,0.0,0.3076923076923077,0.7352941176470589,2.389705882352941
7881,0.0,0.2,0.8727272727272727,4.363636363636363
7882,0.0,0.2857142857142857,0.78,2.7300000000000004
7883,0.0,0.30434782608695654,0.8169014084507042,2.6841046277665996
7884,0.0,0.2826086956521739,0.8,2.830769230769231
7885,0.0,0.24,0.74,3.0833333333333335
7886,0.0,0.2553191489361702,0.7818181818181819,3.0621212121212125
7887,0.0,0.3695652173913043,0.7887323943661971,2.1342170671085334
7888,0.0,0.22916666666666666,0.7971014492753623,3.4782608695652173
7889,0.0,0.24615384615384617,0.40625,1.650390625
7890,0.0,0.2682926829268293,0.875,3.2613636363636362
7891,0.0,0.22916666666666666,0.7608695652173914,3.320158102766799
7892,0.0,0.2553191489361702,0.8363636363636363,3.275757575757576
7893,0.0,0.22033898305084745,0.7291666666666666,3.309294871794872
7894,0.0,0.358974358974359,0.7966101694915254,2.2191283292978206
7895,0.0,0.23728813559322035,0.7758620689655172,3.269704433497537
7896,0.0,0.275,0.8709677419354839,3.167155425219941
7897,0.0,0.2978723404255319,0.8035714285714286,2.6977040816326534
7898,0.0,0.36,0.6481481481481481,1.800411522633745
7899,0.0,0.24528301886792453,0.7169811320754716,2.923076923076923
7900,0.0,0.2916666666666667,0.6666666666666666,2.2857142857142856
7901,0.0,0.40425531914893614,0.734375,1.8166118421052633
7902,0.0,0.2916666666666667,0.7454545454545455,2.555844155844156
7903,0.0,0.26666666666666666,0.7619047619047619,2.857142857142857
7904,0.0,0.2826086956521739,0.7692307692307693,2.721893491124261
7905,0.0,0.3389830508474576,0.6909090909090909,2.038181818181818
7906,0.0,0.2564102564102564,0.8852459016393442,3.4524590163934428
7907,0.0,0.23636363636363636,0.7307692307692307,3.091715976331361
7908,0.0,0.3111111111111111,0.8035714285714286,2.5829081632653064
7909,0.0,0.3333333333333333,0.75,2.25
7910,0.0,0.20408163265306123,0.8032786885245902,3.9360655737704917
7911,0.0,0.3541666666666667,0.8082191780821918,2.282030620467365
7912,0.0,0.4,0.6923076923076923,1.7307692307692306
7913,0.0,0.2558139534883721,0.74,2.8927272727272726
7914,0.0,0.18181818181818182,0.8615384615384616,4.7384615384615385
7915,0.0,0.30357142857142855,0.7407407407407407,2.440087145969499
7916,0.0,0.3103448275862069,0.631578947368421,2.0350877192982453
7917,0.0,0.28888888888888886,0.6875,2.3798076923076925
7918,0.0,0.23636363636363636,0.8225806451612904,3.48014888337469
7919,0.0,0.1896551724137931,0.8,4.218181818181819
7920,0.0,0.1590909090909091,0.9090909090909091,5.714285714285714
7921,0.0,0.1724137931034483,0.5833333333333334,3.3833333333333333
7922,0.0,0.23636363636363636,0.7586206896551724,3.209549071618037
7923,0.0,0.3018867924528302,0.6666666666666666,2.2083333333333335
7924,0.0,0.22807017543859648,0.6888888888888889,3.0205128205128204
7925,0.0,0.35555555555555557,0.6382978723404256,1.7952127659574468
7926,0.0,0.4,0.71875,1.796875
7927,0.0,0.22807017543859648,0.78,3.4200000000000004
7928,0.0,0.20689655172413793,0.6410256410256411,3.0982905982905984
7929,0.0,0.18604651162790697,0.717391304347826,3.855978260869565
7930,0.0,0.2037037037037037,0.7222222222222222,3.5454545454545454
7931,0.0,0.26785714285714285,0.7241379310344828,2.703448275862069
7932,0.0,0.358974358974359,0.6491228070175439,1.8082706766917294
7933,0.0,0.2553191489361702,0.7346938775510204,2.8775510204081636
7934,0.0,0.16,0.7555555555555555,4.722222222222222
7935,0.0,0.2692307692307692,0.8275862068965517,3.073891625615764
7936,0.0,0.2692307692307692,0.6923076923076923,2.5714285714285716
7937,0.0,0.3,0.8939393939393939,2.9797979797979797
7938,0.0,0.35294117647058826,0.7413793103448276,2.1005747126436782
7939,0.0,0.22413793103448276,0.7708333333333334,3.4391025641025643
7940,0.0,0.32653061224489793,0.7017543859649122,2.149122807017544
7941,0.0,0.32608695652173914,0.8064516129032258,2.4731182795698925
7942,0.0,0.3333333333333333,0.6964285714285714,2.0892857142857144
7943,0.0,0.23529411764705882,0.8688524590163934,3.692622950819672
7944,0.0,0.32,0.6792452830188679,2.122641509433962
7945,0.0,0.2153846153846154,0.7166666666666667,3.327380952380952
7946,0.0,0.17543859649122806,0.6774193548387096,3.861290322580645
7947,0.0,0.3018867924528302,0.7321428571428571,2.4252232142857144
7948,0.0,0.18604651162790697,0.7446808510638298,4.002659574468085
7949,0.0,0.35135135135135137,0.7457627118644068,2.1225554106910036
7950,0.0,0.3111111111111111,0.7761194029850746,2.4946695095948828
7951,0.0,0.17142857142857143,0.6097560975609756,3.556910569105691
7952,0.0,0.2786885245901639,0.7818181818181819,2.805347593582888
7953,0.0,0.2641509433962264,0.7323943661971831,2.772635814889336
7954,0.0,0.19642857142857142,0.8148148148148148,4.148148148148148
7955,0.0,0.2033898305084746,0.7916666666666666,3.8923611111111107
7956,0.0,0.16666666666666666,0.8260869565217391,4.9565217391304355
7957,0.0,0.28,0.7777777777777778,2.7777777777777777
7958,0.0,0.18181818181818182,0.8048780487804879,4.426829268292683
7959,0.0,0.3829787234042553,0.7647058823529411,1.9967320261437906
7960,0.0,0.40625,0.8,1.9692307692307693
7961,0.0,0.2653061224489796,0.7910447761194029,2.9816303099885184
7962,0.0,0.21568627450980393,0.7794117647058824,3.6136363636363633
7963,0.0,0.12962962962962962,0.717948717948718,5.538461538461539
7964,0.0,0.2,0.7450980392156863,3.7254901960784315
7965,0.0,0.3,0.8103448275862069,2.7011494252873565
7966,0.0,0.24,0.6363636363636364,2.6515151515151514
7967,0.0,0.3541666666666667,0.7714285714285715,2.1781512605042015
7968,0.0,0.26,0.7272727272727273,2.797202797202797
7969,0.0,0.3,0.5769230769230769,1.923076923076923
7970,0.0,0.19230769230769232,0.7446808510638298,3.8723404255319145
7971,0.0,0.39473684210526316,0.7796610169491526,1.9751412429378532
7972,0.0,0.2127659574468085,0.8235294117647058,3.870588235294117
7973,0.0,0.2909090909090909,0.6666666666666666,2.2916666666666665
7974,0.0,0.1276595744680851,0.921875,7.221354166666667
7975,0.0,0.2558139534883721,0.7692307692307693,3.006993006993007
7976,0.0,0.30612244897959184,0.8214285714285714,2.683333333333333
7977,0.0,0.27586206896551724,0.7258064516129032,2.6310483870967745
7978,0.0,0.325,0.8805970149253731,2.7095292766934556
7979,0.0,0.3333333333333333,0.717391304347826,2.1521739130434785
7980,0.0,0.30434782608695654,0.6666666666666666,2.1904761904761902
7981,0.0,0.3333333333333333,0.6666666666666666,2.0
7982,0.0,0.1791044776119403,0.7291666666666666,4.071180555555555
7983,0.0,0.18604651162790697,0.7843137254901961,4.215686274509804
7984,0.0,0.3111111111111111,0.64,2.057142857142857
7985,0.0,0.3269230769230769,0.7301587301587301,2.2334267040149394
7986,0.0,0.29411764705882354,0.847457627118644,2.8813559322033897
7987,0.0,0.22448979591836735,0.7083333333333334,3.1553030303030303
7988,0.0,0.275,0.8591549295774648,3.1241997439180533
7989,0.0,0.2549019607843137,0.6896551724137931,2.705570291777189
7990,0.0,0.19148936170212766,0.7647058823529411,3.9934640522875813
7991,0.0,0.35555555555555557,0.68,1.9125
7992,0.0,0.16666666666666666,0.6923076923076923,4.153846153846154
7993,0.0,0.20408163265306123,0.8,3.92
7994,0.0,0.25,0.6792452830188679,2.7169811320754715
7995,0.0,0.2978723404255319,0.6964285714285714,2.3380102040816326
7996,0.0,0.2619047619047619,0.8412698412698413,3.212121212121212
7997,0.0,0.3829787234042553,0.7333333333333333,1.9148148148148147
7998,0.0,0.2653061224489796,0.8082191780821918,3.0463645943097997
7999,0.0,0.35294117647058826,0.8428571428571429,2.388095238095238
8000,0.0,0.3392857142857143,0.6724137931034483,1.9818511796733211
8001,0.0,0.1794871794871795,0.7959183673469388,4.434402332361516
8002,0.0,0.1694915254237288,0.6428571428571429,3.792857142857143
8003,0.0,0.30434782608695654,0.7090909090909091,2.32987012987013
8004,0.0,0.30357142857142855,0.7843137254901961,2.583621683967705
8005,0.0,0.32558139534883723,0.8333333333333334,2.5595238095238093
8006,0.0,0.3023255813953488,0.7868852459016393,2.6027742749054226
8007,0.0,0.30434782608695654,0.7090909090909091,2.32987012987013
8008,0.0,0.2692307692307692,0.7192982456140351,2.6716791979949877
8009,0.0,0.1836734693877551,0.7272727272727273,3.9595959595959593
8010,0.0,0.23076923076923078,0.8235294117647058,3.568627450980392
8011,0.0,0.17777777777777778,0.75,4.21875
8012,0.0,0.23404255319148937,0.673469387755102,2.877551020408163
8013,0.0,0.2978723404255319,0.8571428571428571,2.877551020408163
8014,0.0,0.21153846153846154,0.8703703703703703,4.114478114478114
8015,0.0,0.43137254901960786,0.7222222222222222,1.674242424242424
8016,0.0,0.22641509433962265,0.8115942028985508,3.5845410628019323
8017,0.0,0.23529411764705882,0.6808510638297872,2.893617021276596
8018,0.0,0.2982456140350877,0.7090909090909091,2.377540106951872
8019,0.0,0.24444444444444444,0.7941176470588235,3.248663101604278
8020,0.0,0.32608695652173914,0.7538461538461538,2.3117948717948718
8021,0.0,0.22413793103448276,0.7254901960784313,3.2368024132730016
8022,0.0,0.26666666666666666,0.746031746031746,2.797619047619048
8023,0.0,0.24561403508771928,0.7058823529411765,2.873949579831933
8024,0.0,0.14545454545454545,0.896551724137931,6.163793103448277
8025,0.0,0.325,0.8076923076923077,2.485207100591716
8026,0.0,0.2708333333333333,0.8405797101449275,3.1036789297658864
8027,0.0,0.375,0.8289473684210527,2.210526315789474
8028,0.0,0.14814814814814814,0.7446808510638298,5.026595744680851
8029,0.0,0.2765957446808511,0.8307692307692308,3.003550295857988
8030,0.0,0.19047619047619047,0.7105263157894737,3.730263157894737
8031,0.0,0.22580645161290322,0.6444444444444445,2.853968253968254
8032,0.0,0.1509433962264151,0.6904761904761905,4.574404761904762
8033,0.0,0.36363636363636365,0.7017543859649122,1.9298245614035086
8034,0.0,0.3,0.8888888888888888,2.962962962962963
8035,0.0,0.37209302325581395,0.75,2.015625
8036,0.0,0.2692307692307692,0.6885245901639344,2.557377049180328
8037,0.0,0.30952380952380953,0.7878787878787878,2.5454545454545454
8038,0.0,0.27941176470588236,0.7538461538461538,2.697975708502024
8039,0.0,0.3235294117647059,0.8125,2.5113636363636362
8040,0.0,0.14925373134328357,0.7391304347826086,4.952173913043478
8041,0.0,0.2,0.8666666666666667,4.333333333333333
8042,0.0,0.2807017543859649,0.7090909090909091,2.526136363636364
8043,0.0,0.22727272727272727,0.7021276595744681,3.08936170212766
8044,0.0,0.21153846153846154,0.8260869565217391,3.9051383399209487
8045,0.0,0.34545454545454546,0.6949152542372882,2.0115967885816235
8046,0.0,0.17647058823529413,0.7936507936507936,4.497354497354497
8047,0.0,0.2413793103448276,0.7419354838709677,3.073732718894009
8048,0.0,0.42857142857142855,0.7941176470588235,1.8529411764705883
8049,0.0,0.23255813953488372,0.7,3.01
8050,0.0,0.18181818181818182,0.813953488372093,4.476744186046512
8051,0.0,0.3333333333333333,0.696969696969697,2.0909090909090913
8052,0.0,0.358974358974359,0.859375,2.3939732142857144
8053,0.0,0.18032786885245902,0.6842105263157895,3.7942583732057416
8054,0.0,0.14084507042253522,0.8070175438596491,5.729824561403508
8055,0.0,0.19148936170212766,0.8363636363636363,4.367676767676768
8056,0.0,0.30952380952380953,0.8484848484848485,2.7412587412587412
8057,0.0,0.21621621621621623,0.8461538461538461,3.9134615384615383
8058,0.0,0.2564102564102564,0.7857142857142857,3.0642857142857145
8059,0.0,0.3333333333333333,0.7142857142857143,2.1428571428571432
8060,0.0,0.21951219512195122,0.7592592592592593,3.4588477366255144
8061,0.0,0.38636363636363635,0.7258064516129032,1.8785578747628084
8062,0.0,0.1891891891891892,0.8604651162790697,4.548172757475083
8063,0.0,0.22,0.7857142857142857,3.571428571428571
8064,0.0,0.3888888888888889,0.7692307692307693,1.978021978021978
8065,0.0,0.2830188679245283,0.7413793103448276,2.619540229885058
8066,0.0,0.21951219512195122,0.7818181818181819,3.5616161616161617
8067,0.0,0.18333333333333332,0.6170212765957447,3.365570599613153
8068,0.0,0.16326530612244897,0.675,4.134375
8069,0.0,0.2631578947368421,0.7142857142857143,2.7142857142857144
8070,0.0,0.2857142857142857,0.7288135593220338,2.5508474576271185
8071,0.0,0.25806451612903225,0.6428571428571429,2.491071428571429
8072,0.0,0.25,0.8035714285714286,3.2142857142857144
8073,0.0,0.21212121212121213,0.7659574468085106,3.6109422492401215
8074,0.0,0.2127659574468085,0.7872340425531915,3.7
8075,0.0,0.19607843137254902,0.74,3.774
8076,0.0,0.36,0.625,1.7361111111111112
8077,0.0,0.2727272727272727,0.72,2.64
8078,0.0,0.3611111111111111,0.8333333333333334,2.307692307692308
8079,0.0,0.24193548387096775,0.7692307692307693,3.1794871794871797
8080,0.0,0.27906976744186046,0.8333333333333334,2.986111111111111
8081,0.0,0.3181818181818182,0.7647058823529411,2.403361344537815
8082,0.0,0.1568627450980392,0.78,4.9725
8083,0.0,0.2653061224489796,0.7073170731707317,2.6660412757973733
8084,0.0,0.2542372881355932,0.8382352941176471,3.297058823529412
8085,0.0,0.3076923076923077,0.8181818181818182,2.659090909090909
8086,0.0,0.2857142857142857,0.7857142857142857,2.75
8087,0.0,0.3191489361702128,0.75,2.35
8088,0.0,0.22807017543859648,0.8333333333333334,3.653846153846154
8089,0.0,0.15789473684210525,0.8297872340425532,5.25531914893617
8090,0.0,0.21428571428571427,0.7818181818181819,3.648484848484849
8091,0.0,0.32608695652173914,0.7121212121212122,2.183838383838384
8092,0.0,0.16981132075471697,0.803921568627451,4.734204793028323
8093,0.0,0.23076923076923078,0.5277777777777778,2.2870370370370368
8094,0.0,0.19298245614035087,0.782608695652174,4.055335968379447
8095,0.0,0.38095238095238093,0.6938775510204082,1.8214285714285716
8096,0.0,0.2127659574468085,0.8125,3.81875
8097,0.0,0.26,0.7346938775510204,2.82574568288854
8098,0.0,0.3617021276595745,0.7037037037037037,1.9455337690631807
8099,0.0,0.3111111111111111,0.7192982456140351,2.31203007518797
8100,0.0,0.28205128205128205,0.8421052631578947,2.985645933014354
8101,0.0,0.3,0.8,2.666666666666667
8102,0.0,0.26,0.6909090909090909,2.657342657342657
8103,0.0,0.2,0.6382978723404256,3.1914893617021276
8104,0.0,0.2777777777777778,0.6744186046511628,2.4279069767441857
8105,0.0,0.19672131147540983,0.717391304347826,3.6467391304347827
8106,0.0,0.32653061224489793,0.723404255319149,2.215425531914894
8107,0.0,0.2926829268292683,0.8333333333333334,2.8472222222222223
8108,0.0,0.25,0.7887323943661971,3.1549295774647885
8109,0.0,0.32558139534883723,0.7551020408163265,2.3192419825072883
8110,0.0,0.34,0.6724137931034483,1.9776876267748478
8111,0.0,0.25806451612903225,0.6595744680851063,2.5558510638297873
8112,0.0,0.1956521739130435,0.7931034482758621,4.053639846743295
8113,0.0,0.18,0.7631578947368421,4.239766081871346
8114,0.0,0.22727272727272727,0.8032786885245902,3.5344262295081967
8115,0.0,0.5517241379310345,0.7580645161290323,1.373991935483871
8116,0.0,0.24528301886792453,0.7446808510638298,3.0360065466448445
8117,0.0,0.23214285714285715,0.8484848484848485,3.655011655011655
8118,0.0,0.24528301886792453,0.6486486486486487,2.6444906444906446
8119,0.0,0.28888888888888886,0.6724137931034483,2.327586206896552
8120,0.0,0.23076923076923078,0.627906976744186,2.7209302325581395
8121,0.0,0.2972972972972973,0.7741935483870968,2.6041055718475072
8122,0.0,0.16666666666666666,0.78,4.680000000000001
8123,0.0,0.27450980392156865,0.85,3.096428571428571
8124,0.0,0.32653061224489793,0.6721311475409836,2.0584016393442623
8125,0.0,0.21568627450980393,0.723404255319149,3.353965183752418
8126,0.0,0.29411764705882354,0.7307692307692307,2.4846153846153842
8127,0.0,0.1346153846153846,0.819672131147541,6.088992974238876
8128,0.0,0.32075471698113206,0.6724137931034483,2.0963488843813387
8129,0.0,0.19607843137254902,0.7796610169491526,3.976271186440678
8130,0.0,0.25925925925925924,0.6530612244897959,2.518950437317784
8131,0.0,0.17307692307692307,0.8852459016393442,5.114754098360656
8132,0.0,0.3333333333333333,0.676923076923077,2.030769230769231
8133,0.0,0.13333333333333333,0.74,5.55
8134,0.0,0.2545454545454545,0.7254901960784313,2.850140056022409
8135,0.0,0.2537313432835821,0.7258064516129032,2.8605313092979125
8136,0.0,0.48484848484848486,0.8108108108108109,1.6722972972972974
8137,0.0,0.18867924528301888,0.7391304347826086,3.9173913043478255
8138,0.0,0.23255813953488372,0.7142857142857143,3.0714285714285716
8139,0.0,0.2037037037037037,0.7586206896551724,3.7241379310344827
8140,0.0,0.2727272727272727,0.7258064516129032,2.6612903225806455
8141,0.0,0.3333333333333333,0.75,2.25
8142,0.0,0.2727272727272727,0.7321428571428571,2.6845238095238098
8143,0.0,0.21428571428571427,0.8461538461538461,3.948717948717949
8144,0.0,0.2830188679245283,0.8064516129032258,2.8494623655913975
8145,0.0,0.2909090909090909,0.7884615384615384,2.7103365384615383
8146,0.0,0.19148936170212766,0.7659574468085106,4.0
8147,0.0,0.46153846153846156,0.7073170731707317,1.5325203252032518
8148,0.0,0.24528301886792453,0.7017543859649122,2.8609986504723346
8149,0.0,0.3333333333333333,0.7580645161290323,2.274193548387097
8150,0.0,0.265625,0.6097560975609756,2.2955523672883786
8151,0.0,0.234375,0.7727272727272727,3.296969696969697
8152,0.0,0.30952380952380953,0.8,2.5846153846153848
8153,0.0,0.21568627450980393,0.6829268292682927,3.16629711751663
8154,0.0,0.2391304347826087,0.7931034482758621,3.316614420062696
8155,0.0,0.3870967741935484,0.8103448275862069,2.093390804597701
8156,0.0,0.1956521739130435,0.6976744186046512,3.565891472868217
8157,0.0,0.29411764705882354,0.8095238095238095,2.7523809523809524
8158,0.0,0.2545454545454545,0.8225806451612904,3.231566820276498
8159,0.0,0.3137254901960784,0.7846153846153846,2.5009615384615387
8160,0.0,0.4827586206896552,0.8461538461538461,1.7527472527472527
8161,0.0,0.32653061224489793,0.6721311475409836,2.0584016393442623
8162,0.0,0.3404255319148936,0.7384615384615385,2.1692307692307695
8163,0.0,0.25,0.6428571428571429,2.5714285714285716
8164,0.0,0.234375,0.72,3.072
8165,0.0,0.375,0.6551724137931034,1.747126436781609
8166,0.0,0.23404255319148937,0.7446808510638298,3.1818181818181817
8167,0.0,0.30612244897959184,0.8387096774193549,2.739784946236559
8168,0.0,0.22448979591836735,0.8070175438596491,3.5948963317384366
8169,0.0,0.18867924528301888,0.6904761904761905,3.6595238095238094
8170,0.0,0.24444444444444444,0.7796610169491526,3.189522342064715
8171,0.0,0.25,0.8392857142857143,3.357142857142857
8172,0.0,0.20754716981132076,0.8269230769230769,3.9842657342657337
8173,0.0,0.25,0.7647058823529411,3.0588235294117645
8174,0.0,0.25,0.6739130434782609,2.6956521739130435
8175,0.0,0.25925925925925924,0.7142857142857143,2.7551020408163267
8176,0.0,0.24,0.7358490566037735,3.0660377358490565
8177,0.0,0.16,0.7368421052631579,4.605263157894736
8178,0.0,0.25,0.8769230769230769,3.5076923076923077
8179,0.0,0.2564102564102564,0.7884615384615384,3.075
8180,0.0,0.2727272727272727,0.7333333333333333,2.688888888888889
8181,0.0,0.22641509433962265,0.8043478260869565,3.552536231884058
8182,0.0,0.22727272727272727,0.8095238095238095,3.561904761904762
8183,0.0,0.2647058823529412,0.673469387755102,2.5442176870748296
8184,0.0,0.1702127659574468,0.8301886792452831,4.877358490566038
8185,0.0,0.30952380952380953,0.875,2.8269230769230766
8186,0.0,0.2549019607843137,0.7037037037037037,2.760683760683761
8187,0.0,0.3148148148148148,0.6981132075471698,2.2175360710321863
8188,0.0,0.34782608695652173,0.7627118644067796,2.1927966101694913
8189,0.0,0.1506849315068493,0.72,4.778181818181818
8190,0.0,0.16666666666666666,0.859375,5.15625
8191,0.0,0.2926829268292683,0.7936507936507936,2.7116402116402116
8192,0.0,0.225,0.7592592592592593,3.374485596707819
8193,0.0,0.21428571428571427,0.7021276595744681,3.276595744680851
8194,0.0,0.2545454545454545,0.7272727272727273,2.8571428571428577
8195,0.0,0.175,0.7843137254901961,4.481792717086835
8196,0.0,0.21739130434782608,0.8235294117647058,3.788235294117647
8197,0.0,0.2631578947368421,0.7142857142857143,2.7142857142857144
8198,0.0,0.20930232558139536,0.7931034482758621,3.789272030651341
8199,0.0,0.3333333333333333,0.7090909090909091,2.1272727272727274
8200,0.0,0.35714285714285715,0.7704918032786885,2.1573770491803277
8201,0.0,0.2545454545454545,0.7857142857142857,3.0867346938775513
8202,0.0,0.3023255813953488,0.72,2.3815384615384616
8203,0.0,0.40476190476190477,0.6551724137931034,1.6186612576064907
8204,0.0,0.34782608695652173,0.7,2.0124999999999997
8205,0.0,0.2222222222222222,0.7818181818181819,3.5181818181818185
8206,0.0,0.26,0.8064516129032258,3.1017369727047144
8207,0.0,0.19047619047619047,0.7708333333333334,4.046875
8208,0.0,0.3488372093023256,0.7419354838709677,2.1268817204301076
8209,0.0,0.23636363636363636,0.7924528301886793,3.3526850507982586
8210,0.0,0.13953488372093023,0.9074074074074074,6.503086419753087
8211,0.0,0.15714285714285714,0.7586206896551724,4.827586206896552
8212,0.0,0.23529411764705882,0.8412698412698413,3.5753968253968256
8213,0.0,0.2608695652173913,0.6851851851851852,2.6265432098765435
8214,0.0,0.3137254901960784,0.7457627118644068,2.3771186440677967
8215,0.0,0.2619047619047619,0.8490566037735849,3.241852487135506
8216,0.0,0.2,0.8214285714285714,4.107142857142857
8217,0.0,0.23684210526315788,0.8307692307692308,3.507692307692308
8218,0.0,0.2727272727272727,0.6739130434782609,2.4710144927536235
8219,0.0,0.2549019607843137,0.7419354838709677,2.9106699751861043
8220,0.0,0.18867924528301888,0.7111111111111111,3.7688888888888887
8221,0.0,0.23809523809523808,0.7368421052631579,3.094736842105263
8222,0.0,0.20689655172413793,0.8269230769230769,3.996794871794872
8223,0.0,0.24528301886792453,0.7,2.8538461538461535
8224,0.0,0.11538461538461539,0.8076923076923077,7.0
8225,0.0,0.3111111111111111,0.734375,2.360491071428571
8226,0.0,0.30357142857142855,0.7017543859649122,2.3116615067079462
8227,0.0,0.22388059701492538,0.8043478260869565,3.592753623188406
8228,0.0,0.2222222222222222,0.7884615384615384,3.5480769230769234
8229,0.0,0.23404255319148937,0.7222222222222222,3.0858585858585856
8230,0.0,0.15384615384615385,0.7894736842105263,5.131578947368421
8231,0.0,0.3181818181818182,0.7719298245614035,2.426065162907268
8232,0.0,0.43902439024390244,0.8588235294117647,1.9562091503267973
8233,0.0,0.19047619047619047,0.85,4.4625
8234,0.0,0.2857142857142857,0.8392857142857143,2.9375
8235,0.0,0.26865671641791045,0.44,1.6377777777777778
8236,0.0,0.13114754098360656,0.8222222222222222,6.269444444444444
8237,0.0,0.37777777777777777,0.673469387755102,1.7827130852340936
8238,0.0,0.21428571428571427,0.6666666666666666,3.111111111111111
8239,0.0,0.22,0.7543859649122807,3.4290271132376398
8240,0.0,0.2653061224489796,0.8333333333333334,3.141025641025641
8241,0.0,0.23333333333333334,0.5636363636363636,2.4155844155844153
8242,0.0,0.25862068965517243,0.8,3.0933333333333333
8243,0.0,0.4117647058823529,0.8805970149253731,2.138592750533049
8244,0.0,0.23529411764705882,0.7708333333333334,3.276041666666667
8245,0.0,0.35714285714285715,0.7068965517241379,1.9793103448275862
8246,0.0,0.19148936170212766,0.8163265306122449,4.263038548752834
8247,0.0,0.3055555555555556,0.8307692307692308,2.718881118881119
8248,0.0,0.16981132075471697,0.6341463414634146,3.734417344173442
8249,0.0,0.22727272727272727,0.8166666666666667,3.5933333333333333
8250,0.0,0.3023255813953488,0.75,2.480769230769231
8251,0.0,0.3488372093023256,0.7272727272727273,2.084848484848485
8252,0.0,0.2608695652173913,0.8214285714285714,3.1488095238095237
8253,0.0,0.22413793103448276,0.6909090909090909,3.0825174825174826
8254,0.0,0.21951219512195122,0.8222222222222222,3.7456790123456787
8255,0.0,0.2903225806451613,0.8070175438596491,2.7797270955165687
8256,0.0,0.3584905660377358,0.7413793103448276,2.0680580762250456
8257,0.0,0.23636363636363636,0.6904761904761905,2.921245421245421
8258,0.0,0.3111111111111111,0.7692307692307693,2.4725274725274726
8259,0.0,0.2653061224489796,0.7321428571428571,2.759615384615384
8260,0.0,0.2222222222222222,0.8,3.6000000000000005
8261,0.0,0.3023255813953488,0.78125,2.5841346153846154
8262,0.0,0.40425531914893614,0.7741935483870968,1.9151103565365026
8263,0.0,0.34146341463414637,0.8507462686567164,2.491471215351812
8264,0.0,0.21818181818181817,0.8113207547169812,3.718553459119497
8265,0.0,0.4117647058823529,0.7352941176470589,1.785714285714286
8266,0.0,0.27906976744186046,0.7333333333333333,2.6277777777777778
8267,0.0,0.1509433962264151,0.813953488372093,5.392441860465117
8268,0.0,0.2926829268292683,0.8305084745762712,2.837570621468927
8269,0.0,0.3023255813953488,0.7818181818181819,2.5860139860139864
8270,0.0,0.22727272727272727,0.8461538461538461,3.723076923076923
8271,0.0,0.1746031746031746,0.875,5.011363636363637
8272,0.0,0.2830188679245283,0.8392857142857143,2.9654761904761906
8273,0.0,0.2542372881355932,0.6666666666666666,2.6222222222222222
8274,0.0,0.2564102564102564,0.7209302325581395,2.811627906976744
8275,0.0,0.24390243902439024,0.873015873015873,3.5793650793650795
8276,0.0,0.19148936170212766,0.7547169811320755,3.9412997903563944
8277,0.0,0.2222222222222222,0.8431372549019608,3.794117647058824
8278,0.0,0.1956521739130435,0.8867924528301887,4.532494758909853
8279,0.0,0.24074074074074073,0.6545454545454545,2.718881118881119
8280,0.0,0.28205128205128205,0.7272727272727273,2.578512396694215
8281,0.0,0.5,0.8108108108108109,1.6216216216216217
8282,0.0,0.2463768115942029,0.75,3.0441176470588234
8283,0.0,0.35555555555555557,0.8059701492537313,2.2667910447761193
8284,0.0,0.21568627450980393,0.7555555555555555,3.503030303030303
8285,0.0,0.3076923076923077,0.6136363636363636,1.9943181818181817
8286,0.0,0.19607843137254902,0.7258064516129032,3.7016129032258065
8287,0.0,0.25,0.8333333333333334,3.3333333333333335
8288,0.0,0.21428571428571427,0.7307692307692307,3.41025641025641
8289,0.0,0.3469387755102041,0.6818181818181818,1.9652406417112298
8290,0.0,0.2153846153846154,0.6666666666666666,3.095238095238095
8291,0.0,0.30357142857142855,0.7407407407407407,2.440087145969499
8292,0.0,0.22916666666666666,0.8032786885245902,3.50521609538003
8293,0.0,0.15151515151515152,0.75,4.95
8294,0.0,0.16666666666666666,0.7755102040816326,4.653061224489796
8295,0.0,0.2692307692307692,0.6739130434782609,2.5031055900621118
8296,0.0,0.21052631578947367,0.8392857142857143,3.9866071428571432
8297,0.0,0.3333333333333333,0.660377358490566,1.9811320754716981
8298,0.0,0.28125,0.7843137254901961,2.7886710239651418
8299,0.0,0.25,0.85,3.4
8300,0.0,0.24444444444444444,0.7073170731707317,2.893569844789357
8301,0.0,0.3181818181818182,0.7903225806451613,2.4838709677419355
8302,0.0,0.2765957446808511,0.7868852459016393,2.8448928121059267
8303,0.0,0.23255813953488372,0.8125,3.49375
8304,0.0,0.1791044776119403,0.7346938775510204,4.102040816326531
8305,0.0,0.1746031746031746,0.7777777777777778,4.454545454545455
8306,0.0,0.3333333333333333,0.7407407407407407,2.2222222222222223
8307,0.0,0.32786885245901637,0.6538461538461539,1.9942307692307695
8308,0.0,0.2127659574468085,0.7627118644067796,3.584745762711864
8309,0.0,0.3953488372093023,0.7941176470588235,2.008650519031142
8310,0.0,0.2,0.7045454545454546,3.522727272727273
8311,0.0,0.2777777777777778,0.7627118644067796,2.7457627118644066
8312,0.0,0.3191489361702128,0.6326530612244898,1.982312925170068
8313,0.0,0.2777777777777778,0.8444444444444444,3.04
8314,0.0,0.32608695652173914,0.7945205479452054,2.4365296803652967
8315,0.0,0.12727272727272726,0.7741935483870968,6.082949308755761
8316,0.0,0.2708333333333333,0.8148148148148148,3.0085470085470085
8317,0.0,0.18867924528301888,0.875,4.637499999999999
8318,0.0,0.18181818181818182,0.7222222222222222,3.972222222222222
8319,0.0,0.2857142857142857,0.7045454545454546,2.4659090909090913
8320,0.0,0.15384615384615385,0.717391304347826,4.663043478260869
8321,0.0,0.36363636363636365,0.6,1.65
8322,0.0,0.2549019607843137,0.7872340425531915,3.0883797054009823
8323,0.0,0.22916666666666666,0.8387096774193549,3.6598240469208214
8324,0.0,0.14285714285714285,0.7843137254901961,5.490196078431373
8325,0.0,0.2727272727272727,0.7868852459016393,2.8852459016393444
8326,0.0,0.37209302325581395,0.7285714285714285,1.9580357142857143
8327,0.0,0.19148936170212766,0.6862745098039216,3.5838779956427014
8328,0.0,0.22448979591836735,0.6976744186046512,3.1078224101479917
8329,0.0,0.3018867924528302,0.7924528301886793,2.6250000000000004
8330,0.0,0.3191489361702128,0.6727272727272727,2.107878787878788
8331,0.0,0.32075471698113206,0.6557377049180327,2.0443587270973964
8332,0.0,0.32075471698113206,0.7796610169491526,2.4307078763708874
8333,0.0,0.3333333333333333,0.7611940298507462,2.283582089552239
8334,0.0,0.37209302325581395,0.7666666666666667,2.060416666666667
8335,0.0,0.2037037037037037,0.7872340425531915,3.8646034816247585
8336,0.0,0.25806451612903225,0.803030303030303,3.1117424242424243
8337,0.0,0.3333333333333333,0.7027027027027027,2.1081081081081083
8338,0.0,0.19402985074626866,0.7659574468085106,3.947626841243862
8339,0.0,0.32558139534883723,0.8484848484848485,2.606060606060606
8340,0.0,0.23333333333333334,0.6,2.571428571428571
8341,0.0,0.25,0.8148148148148148,3.259259259259259
8342,0.0,0.25,0.72,2.88
8343,0.0,0.30434782608695654,0.7058823529411765,2.319327731092437
8344,0.0,0.2692307692307692,0.7142857142857143,2.653061224489796
8345,0.0,0.12244897959183673,0.8301886792452831,6.779874213836479
8346,0.0,0.21666666666666667,0.7297297297297297,3.367983367983368
8347,0.0,0.23214285714285715,0.7346938775510204,3.1648351648351647
8348,0.0,0.20754716981132076,0.8813559322033898,4.24653312788906
8349,0.0,0.30357142857142855,0.7241379310344828,2.3853955375253553
8350,0.0,0.20833333333333334,0.7307692307692307,3.507692307692307
8351,0.0,0.24074074074074073,0.7647058823529411,3.176470588235294
8352,0.0,0.34545454545454546,0.7285714285714285,2.1090225563909772
8353,0.0,0.2,0.7692307692307693,3.8461538461538463
8354,0.0,0.18518518518518517,0.7142857142857143,3.8571428571428577
8355,0.0,0.18181818181818182,0.813953488372093,4.476744186046512
8356,0.0,0.22448979591836735,0.6896551724137931,3.072100313479624
8357,0.0,0.2608695652173913,0.7540983606557377,2.890710382513661
8358,0.0,0.3448275862068966,0.6721311475409836,1.9491803278688522
8359,0.0,0.24561403508771928,0.7543859649122807,3.0714285714285716
8360,0.0,0.3617021276595745,0.6981132075471698,1.93007769145394
8361,0.0,0.19047619047619047,0.7592592592592593,3.9861111111111116
8362,0.0,0.3469387755102041,0.6774193548387096,1.9525616698292219
8363,0.0,0.3333333333333333,0.7678571428571429,2.303571428571429
8364,0.0,0.3018867924528302,0.7592592592592593,2.5150462962962967
8365,0.0,0.3225806451612903,0.7910447761194029,2.452238805970149
8366,0.0,0.24324324324324326,0.8703703703703703,3.5781893004115224
8367,0.0,0.1320754716981132,0.8571428571428571,6.489795918367347
8368,0.0,0.32142857142857145,0.6612903225806451,2.0573476702508957
8369,0.0,0.32653061224489793,0.7457627118644068,2.283898305084746
8370,0.0,0.2619047619047619,0.7924528301886793,3.025728987993139
8371,0.0,0.2807017543859649,0.7321428571428571,2.6082589285714284
8372,0.0,0.12280701754385964,0.8604651162790697,7.0066445182724255
8373,0.0,0.2619047619047619,0.8135593220338984,3.106317411402157
8374,0.0,0.24,0.7727272727272727,3.2196969696969697
8375,0.0,0.2653061224489796,0.68,2.563076923076923
8376,0.0,0.25757575757575757,0.6226415094339622,2.4173140954495005
8377,0.0,0.21311475409836064,0.7291666666666666,3.421474358974359
8378,0.0,0.21212121212121213,0.6666666666666666,3.142857142857143
8379,0.0,0.3829787234042553,0.8055555555555556,2.103395061728395
8380,0.0,0.27419354838709675,0.6666666666666666,2.431372549019608
8381,0.0,0.2553191489361702,0.8793103448275862,3.4439655172413794
8382,0.0,0.325,0.8059701492537313,2.4799081515499424
8383,0.0,0.2037037037037037,0.7796610169491526,3.8274268104776583
8384,0.0,0.24489795918367346,0.8275862068965517,3.3793103448275863
8385,0.0,0.3404255319148936,0.6862745098039216,2.0159313725490198
8386,0.0,0.22916666666666666,0.75,3.272727272727273
8387,0.0,0.22033898305084745,0.7454545454545455,3.3832167832167834
8388,0.0,0.3137254901960784,0.7551020408163265,2.4068877551020407
8389,0.0,0.16279069767441862,0.8148148148148148,5.005291005291005
8390,0.0,0.18032786885245902,0.6888888888888889,3.82020202020202
8391,0.0,0.1746031746031746,0.7045454545454546,4.035123966942149
8392,0.0,0.4,0.7017543859649122,1.7543859649122806
8393,0.0,0.21153846153846154,0.7719298245614035,3.6491228070175437
8394,0.0,0.34375,0.7962962962962963,2.3164983164983166
8395,0.0,0.11764705882352941,0.9090909090909091,7.7272727272727275
8396,0.0,0.23214285714285715,0.7391304347826086,3.183946488294314
8397,0.0,0.16326530612244897,0.8113207547169812,4.9693396226415105
8398,0.0,0.2727272727272727,0.7037037037037037,2.5802469135802473
8399,0.0,0.23529411764705882,0.8245614035087719,3.504385964912281
8400,0.0,0.2692307692307692,0.7735849056603774,2.8733153638814017
8401,0.0,0.34285714285714286,0.8360655737704918,2.4385245901639343
8402,0.0,0.23404255319148937,0.7708333333333334,3.293560606060606
8403,0.0,0.2653061224489796,0.9154929577464789,3.4507042253521125
8404,0.0,0.3958333333333333,0.6785714285714286,1.7142857142857144
8405,0.0,0.3673469387755102,0.7903225806451613,2.151433691756272
8406,0.0,0.3392857142857143,0.7536231884057971,2.221205186880244
8407,0.0,0.23728813559322035,0.6862745098039216,2.892156862745098
8408,0.0,0.16,0.86,5.375
8409,0.0,0.17647058823529413,0.7735849056603774,4.383647798742138
8410,0.0,0.22727272727272727,0.7272727272727273,3.2
8411,0.0,0.24,0.7666666666666667,3.1944444444444446
8412,0.0,0.32,0.8,2.5
8413,0.0,0.34782608695652173,0.7758620689655172,2.230603448275862
8414,0.0,0.22807017543859648,0.74,3.244615384615385
8415,0.0,0.24444444444444444,0.8813559322033898,3.605546995377504
8416,0.0,0.2222222222222222,0.6727272727272727,3.0272727272727273
8417,0.0,0.36363636363636365,0.7464788732394366,2.0528169014084505
8418,0.0,0.21153846153846154,0.82,3.876363636363636
8419,0.0,0.3018867924528302,0.7222222222222222,2.392361111111111
8420,0.0,0.2682926829268293,0.8205128205128205,3.058275058275058
8421,0.0,0.3829787234042553,0.6885245901639344,1.7978142076502732
8422,0.0,0.3333333333333333,0.6530612244897959,1.9591836734693877
8423,0.0,0.24615384615384617,0.6808510638297872,2.7659574468085104
8424,0.0,0.23333333333333334,0.7413793103448276,3.1773399014778327
8425,0.0,0.1724137931034483,0.6976744186046512,4.046511627906977
8426,0.0,0.29850746268656714,0.746031746031746,2.4992063492063497
8427,0.0,0.2830188679245283,0.6181818181818182,2.184242424242424
8428,0.0,0.16981132075471697,0.7857142857142857,4.626984126984127
8429,0.0,0.2857142857142857,0.8032786885245902,2.8114754098360657
8430,0.0,0.1267605633802817,0.8076923076923077,6.371794871794872
8431,0.0,0.2,0.8679245283018868,4.339622641509433
8432,0.0,0.20930232558139536,0.9295774647887324,4.44131455399061
8433,0.0,0.2972972972972973,0.8076923076923077,2.7167832167832167
8434,0.0,0.275,0.75,2.727272727272727
8435,0.0,0.2926829268292683,0.8701298701298701,2.972943722943723
8436,0.0,0.25,0.7551020408163265,3.020408163265306
8437,0.0,0.17307692307692307,0.9166666666666666,5.296296296296296
8438,0.0,0.2542372881355932,0.6956521739130435,2.736231884057971
8439,0.0,0.18181818181818182,0.7586206896551724,4.1724137931034475
8440,0.0,0.26785714285714285,0.7735849056603774,2.888050314465409
8441,0.0,0.3220338983050847,0.660377358490566,2.0506454816286
8442,0.0,0.3125,0.7017543859649122,2.245614035087719
8443,0.0,0.19672131147540983,0.7142857142857143,3.630952380952381
8444,0.0,0.18032786885245902,0.8076923076923077,4.479020979020979
8445,0.0,0.2549019607843137,0.9137931034482759,3.584880636604775
8446,0.0,0.40384615384615385,0.6612903225806451,1.6374807987711213
8447,0.0,0.5714285714285714,0.8082191780821918,1.4143835616438356
8448,0.0,0.3392857142857143,0.7049180327868853,2.077653149266609
8449,0.0,0.25,0.7301587301587301,2.9206349206349205
8450,0.0,0.28846153846153844,0.5869565217391305,2.0347826086956524
8451,0.0,0.2926829268292683,0.875,2.9895833333333335
8452,0.0,0.2545454545454545,0.8142857142857143,3.198979591836735
8453,0.0,0.3111111111111111,0.7627118644067796,2.4515738498789346
8454,0.0,0.27450980392156865,0.7254901960784313,2.6428571428571423
8455,0.0,0.24193548387096775,0.7727272727272727,3.193939393939394
8456,0.0,0.24074074074074073,0.7966101694915254,3.3089960886571057
8457,0.0,0.18181818181818182,0.8387096774193549,4.612903225806452
8458,0.0,0.3148148148148148,0.7887323943661971,2.505385252692626
8459,0.0,0.40816326530612246,0.7397260273972602,1.8123287671232875
8460,0.0,0.1276595744680851,0.8,6.2666666666666675
8461,0.0,0.2857142857142857,0.6938775510204082,2.428571428571429
8462,0.0,0.3684210526315789,0.8235294117647058,2.235294117647059
8463,0.0,0.18333333333333332,0.8,4.363636363636364
8464,0.0,0.16981132075471697,0.6981132075471698,4.111111111111111
8465,0.0,0.2647058823529412,0.8431372549019608,3.185185185185185
8466,0.0,0.3333333333333333,0.7894736842105263,2.368421052631579
8467,0.0,0.16071428571428573,0.7741935483870968,4.817204301075268
8468,0.0,0.23529411764705882,0.8269230769230769,3.5144230769230766
8469,0.0,0.3,0.8596491228070176,2.865497076023392
8470,0.0,0.25,0.6666666666666666,2.6666666666666665
8471,0.0,0.24074074074074073,0.74,3.073846153846154
8472,0.0,0.47619047619047616,0.7384615384615385,1.550769230769231
8473,0.0,0.2909090909090909,0.7627118644067796,2.621822033898305
8474,0.0,0.21428571428571427,0.8571428571428571,4.0
8475,0.0,0.3125,0.8636363636363636,2.7636363636363637
8476,0.0,0.2,0.7945205479452054,3.972602739726027
8477,0.0,0.3018867924528302,0.7142857142857143,2.366071428571429
8478,0.0,0.24444444444444444,0.7317073170731707,2.9933481152993346
8479,0.0,0.46153846153846156,0.7230769230769231,1.5666666666666667
8480,0.0,0.2222222222222222,0.7708333333333334,3.4687500000000004
8481,0.0,0.24444444444444444,0.8208955223880597,3.3582089552238807
8482,0.0,0.17647058823529413,0.8421052631578947,4.771929824561403
8483,0.0,0.40384615384615385,0.7049180327868853,1.745511319281811
8484,0.0,0.32608695652173914,0.7424242424242424,2.2767676767676766
8485,0.0,0.3137254901960784,0.7755102040816326,2.4719387755102042
8486,0.0,0.2833333333333333,0.7636363636363637,2.695187165775401
8487,0.0,0.32075471698113206,0.7638888888888888,2.3815359477124183
8488,0.0,0.24,0.8181818181818182,3.4090909090909096
8489,0.0,0.2619047619047619,0.8301886792452831,3.169811320754717
8490,0.0,0.2553191489361702,0.6595744680851063,2.5833333333333335
8491,0.0,0.30434782608695654,0.6923076923076923,2.2747252747252746
8492,0.0,0.16666666666666666,0.75,4.5
8493,0.0,0.34782608695652173,0.7962962962962963,2.289351851851852
8494,0.0,0.2558139534883721,0.7142857142857143,2.792207792207792
8495,0.0,0.24489795918367346,0.7719298245614035,3.152046783625731
8496,0.0,0.30952380952380953,0.7833333333333333,2.5307692307692307
8497,0.0,0.4358974358974359,0.723404255319149,1.6595744680851066
8498,0.0,0.2222222222222222,0.7894736842105263,3.5526315789473686
8499,0.0,0.28205128205128205,0.7903225806451613,2.8020527859237534
8500,0.0,0.2619047619047619,0.675,2.577272727272727
8501,0.0,0.25,0.7538461538461538,3.0153846153846153
8502,0.0,0.2962962962962963,0.5869565217391305,1.9809782608695654
8503,0.0,0.2857142857142857,0.717391304347826,2.510869565217391
8504,0.0,0.1896551724137931,0.7903225806451613,4.167155425219941
8505,0.0,0.2962962962962963,0.7833333333333333,2.6437500000000003
8506,0.0,0.22,0.7027027027027027,3.194103194103194
8507,0.0,0.2,0.7560975609756098,3.7804878048780486
8508,0.0,0.24,0.7450980392156863,3.104575163398693
8509,0.0,0.3181818181818182,0.6808510638297872,2.139817629179331
8510,0.0,0.27586206896551724,0.7446808510638298,2.699468085106383
8511,0.0,0.22857142857142856,0.8727272727272727,3.818181818181818
8512,0.0,0.3050847457627119,0.7254901960784313,2.3779956427015247
8513,0.0,0.2553191489361702,0.78125,3.0598958333333335
8514,0.0,0.2833333333333333,0.6382978723404256,2.2528160200250316
8515,0.0,0.3023255813953488,0.8363636363636363,2.7664335664335664
8516,0.0,0.2692307692307692,0.7090909090909091,2.633766233766234
8517,0.0,0.3469387755102041,0.7321428571428571,2.110294117647059
8518,0.0,0.5,0.75,1.5
8519,0.0,0.2391304347826087,0.8301886792452831,3.4716981132075473
8520,0.0,0.20833333333333334,0.828125,3.9749999999999996
8521,0.0,0.1568627450980392,0.8103448275862069,5.1659482758620685
8522,0.0,0.2962962962962963,0.7090909090909091,2.3931818181818185
8523,0.0,0.3333333333333333,0.8928571428571429,2.678571428571429
8524,0.0,0.27450980392156865,0.7454545454545455,2.7155844155844155
8525,0.0,0.16071428571428573,0.7704918032786885,4.794171220400728
8526,0.0,0.3023255813953488,0.7857142857142857,2.598901098901099
8527,0.0,0.2558139534883721,0.847457627118644,3.312788906009245
8528,0.0,0.42424242424242425,0.7831325301204819,1.8459552495697074
8529,0.0,0.18032786885245902,0.6666666666666666,3.696969696969697
8530,0.0,0.14285714285714285,0.6176470588235294,4.3235294117647065
8531,0.0,0.25,0.7758620689655172,3.103448275862069
8532,0.0,0.40540540540540543,0.8333333333333334,2.0555555555555554
8533,0.0,0.36585365853658536,0.6962025316455697,1.9029535864978904
8534,0.0,0.32608695652173914,0.7719298245614035,2.367251461988304
8535,0.0,0.29411764705882354,0.6976744186046512,2.3720930232558137
8536,0.0,0.3157894736842105,0.696969696969697,2.207070707070707
8537,0.0,0.25806451612903225,0.6938775510204082,2.688775510204082
8538,0.0,0.2777777777777778,0.9285714285714286,3.342857142857143
8539,0.0,0.19607843137254902,0.7333333333333333,3.7399999999999998
8540,0.0,0.3387096774193548,0.6122448979591837,1.8075801749271139
8541,0.0,0.26785714285714285,0.68,2.538666666666667
8542,0.0,0.35185185185185186,0.7543859649122807,2.14404432132964
8543,0.0,0.2978723404255319,0.7755102040816326,2.6034985422740524
8544,0.0,0.23255813953488372,0.7962962962962963,3.424074074074074
8545,0.0,0.3333333333333333,0.84375,2.53125
8546,0.0,0.21568627450980393,0.7735849056603774,3.586620926243568
8547,0.0,0.3333333333333333,0.66,1.9800000000000002
8548,0.0,0.25,0.8727272727272727,3.4909090909090907
8549,0.0,0.22033898305084745,0.7580645161290323,3.4404466501240694
8550,0.0,0.2558139534883721,0.8035714285714286,3.1412337662337664
8551,0.0,0.25,0.673469387755102,2.693877551020408
8552,0.0,0.21311475409836064,0.6176470588235294,2.898190045248869
8553,0.0,0.29411764705882354,0.8307692307692308,2.8246153846153845
8554,0.0,0.2786885245901639,0.6590909090909091,2.364973262032086
8555,0.0,0.3170731707317073,0.7105263157894737,2.240890688259109
8556,0.0,0.2549019607843137,0.7708333333333334,3.0240384615384617
8557,0.0,0.32,0.7358490566037735,2.299528301886792
8558,0.0,0.16393442622950818,0.7608695652173914,4.641304347826088
8559,0.0,0.2653061224489796,0.6744186046511628,2.542039355992844
8560,0.0,0.2,0.8095238095238095,4.0476190476190474
8561,0.0,0.2222222222222222,0.7222222222222222,3.25
8562,0.0,0.3611111111111111,0.8181818181818182,2.265734265734266
8563,0.0,0.19672131147540983,0.72,3.66
8564,0.0,0.3125,0.8266666666666667,2.6453333333333333
8565,0.0,0.2,0.6904761904761905,3.452380952380952
8566,0.0,0.1896551724137931,0.6739130434782609,3.5533596837944668
8567,0.0,0.3617021276595745,0.8115942028985508,2.2438192668371695
8568,0.0,0.3448275862068966,0.5121951219512195,1.4853658536585366
8569,0.0,0.3333333333333333,0.7972972972972973,2.391891891891892
8570,0.0,0.18181818181818182,0.896551724137931,4.931034482758621
8571,0.0,0.2978723404255319,0.7741935483870968,2.5990783410138247
8572,0.0,0.25862068965517243,0.8166666666666667,3.1577777777777776
8573,0.0,0.20512820512820512,0.7755102040816326,3.7806122448979593
8574,0.0,0.34615384615384615,0.6666666666666666,1.9259259259259258
8575,0.0,0.3170731707317073,0.8,2.523076923076923
8576,0.0,0.20454545454545456,0.8235294117647058,4.026143790849673
8577,0.0,0.3111111111111111,0.68,2.185714285714286
8578,0.0,0.3125,0.7971014492753623,2.550724637681159
8579,0.0,0.20454545454545456,0.8571428571428571,4.19047619047619
8580,0.0,0.3611111111111111,0.8695652173913043,2.408026755852843
8581,0.0,0.20408163265306123,0.74,3.626
8582,0.0,0.2692307692307692,0.7142857142857143,2.653061224489796
8583,0.0,0.3125,0.7971014492753623,2.550724637681159
8584,0.0,0.3333333333333333,0.75,2.25
8585,0.0,0.3,0.7666666666666667,2.555555555555556
8586,0.0,0.25,0.8,3.2
8587,0.0,0.15384615384615385,0.8775510204081632,5.704081632653061
8588,0.0,0.4146341463414634,0.7857142857142857,1.8949579831932775
8589,0.0,0.38095238095238093,0.7846153846153846,2.059615384615385
8590,0.0,0.23333333333333334,0.6590909090909091,2.8246753246753245
8591,0.0,0.175,0.7833333333333333,4.476190476190476
8592,0.0,0.1836734693877551,0.76,4.137777777777778
8593,0.0,0.23728813559322035,0.7966101694915254,3.357142857142857
8594,0.0,0.21153846153846154,0.8,3.781818181818182
8595,0.0,0.21818181818181817,0.9076923076923077,4.160256410256411
8596,0.0,0.3488372093023256,0.8103448275862069,2.3229885057471265
8597,0.0,0.2978723404255319,0.7068965517241379,2.373152709359606
8598,0.0,0.1864406779661017,0.7555555555555555,4.052525252525252
8599,0.0,0.2807017543859649,0.782608695652174,2.7880434782608696
8600,0.0,0.11320754716981132,0.8048780487804879,7.109756097560976
8601,0.0,0.32608695652173914,0.76,2.3306666666666667
8602,0.0,0.21052631578947367,0.8076923076923077,3.8365384615384617
8603,0.0,0.1724137931034483,0.8,4.64
8604,0.0,0.25925925925925924,0.7761194029850746,2.9936034115138597
8605,0.0,0.17647058823529413,0.7021276595744681,3.978723404255319
8606,0.0,0.2777777777777778,0.7037037037037037,2.533333333333333
8607,0.0,0.2391304347826087,0.7,2.927272727272727
8608,0.0,0.34,0.7910447761194029,2.326602282704126
8609,0.0,0.24,0.8163265306122449,3.4013605442176873
8610,0.0,0.34146341463414637,0.8571428571428571,2.5102040816326525
8611,0.0,0.24528301886792453,0.7592592592592593,3.0954415954415957
8612,0.0,0.375,0.6875,1.8333333333333333
8613,0.0,0.34146341463414637,0.7454545454545455,2.1831168831168832
8614,0.0,0.17857142857142858,0.8888888888888888,4.977777777777777
8615,0.0,0.32142857142857145,0.6896551724137931,2.1455938697318007
8616,0.0,0.25,0.8076923076923077,3.230769230769231
8617,0.0,0.13559322033898305,0.723404255319149,5.335106382978724
8618,0.0,0.28205128205128205,0.8148148148148148,2.888888888888889
8619,0.0,0.3181818181818182,0.8666666666666667,2.723809523809524
8620,0.0,0.18518518518518517,0.75,4.05
8621,0.0,0.22033898305084745,0.675,3.0634615384615387
8622,0.0,0.26,0.7254901960784313,2.7903469079939667
8623,0.0,0.20833333333333334,0.8461538461538461,4.061538461538461
8624,0.0,0.20833333333333334,0.8524590163934426,4.091803278688524
8625,0.0,0.18604651162790697,0.8275862068965517,4.448275862068965
8626,0.0,0.27906976744186046,0.8591549295774648,3.078638497652582
8627,0.0,0.21818181818181817,0.7704918032786885,3.5314207650273226
8628,0.0,0.16,0.8596491228070176,5.37280701754386
8629,0.0,0.19298245614035087,0.8085106382978723,4.189555125725338
8630,0.0,0.3333333333333333,0.6923076923076923,2.076923076923077
8631,0.0,0.18867924528301888,0.72,3.8159999999999994
8632,0.0,0.1724137931034483,0.7272727272727273,4.218181818181818
8633,0.0,0.21739130434782608,0.7346938775510204,3.379591836734694
8634,0.0,0.11666666666666667,0.78125,6.696428571428571
8635,0.0,0.18867924528301888,0.8392857142857143,4.448214285714285
8636,0.0,0.22916666666666666,0.75,3.272727272727273
8637,0.0,0.22727272727272727,0.6792452830188679,2.9886792452830186
8638,0.0,0.20754716981132076,0.7333333333333333,3.5333333333333328
8639,0.0,0.22058823529411764,0.7169811320754716,3.2503144654088048
8640,0.0,0.13432835820895522,0.7846153846153846,5.841025641025641
8641,0.0,0.234375,0.6785714285714286,2.895238095238095
8642,0.0,0.25,0.703125,2.8125
8643,0.0,0.3333333333333333,0.7575757575757576,2.272727272727273
8644,0.0,0.2857142857142857,0.8307692307692308,2.907692307692308
8645,0.0,0.2692307692307692,0.7555555555555555,2.8063492063492066
8646,0.0,0.26,0.7384615384615385,2.8402366863905324
8647,0.0,0.2413793103448276,0.7222222222222222,2.992063492063492
8648,0.0,0.24074074074074073,0.746268656716418,3.0998851894374284
8649,0.0,0.1724137931034483,0.5952380952380952,3.452380952380952
8650,0.0,0.3333333333333333,0.7368421052631579,2.210526315789474
8651,0.0,0.21818181818181817,0.6666666666666666,3.0555555555555554
8652,0.0,0.2978723404255319,0.8088235294117647,2.7153361344537816
8653,0.0,0.24528301886792453,0.7962962962962963,3.2464387464387463
8654,0.0,0.3829787234042553,0.734375,1.9175347222222223
8655,0.0,0.2962962962962963,0.7868852459016393,2.655737704918033
8656,0.0,0.17307692307692307,0.6923076923076923,4.0
8657,0.0,0.3617021276595745,0.7681159420289855,2.123614663256607
8658,0.0,0.2391304347826087,0.7192982456140351,3.007974481658692
8659,0.0,0.2537313432835821,0.7142857142857143,2.815126050420168
8660,0.0,0.17647058823529413,0.7115384615384616,4.032051282051282
8661,0.0,0.1568627450980392,0.7777777777777778,4.958333333333333
8662,0.0,0.22448979591836735,0.8333333333333334,3.7121212121212124
8663,0.0,0.3488372093023256,0.7580645161290323,2.1731182795698922
8664,0.0,0.375,0.7049180327868853,1.8797814207650274
8665,0.0,0.2545454545454545,0.7758620689655172,3.0480295566502464
8666,0.0,0.11267605633802817,0.5862068965517241,5.202586206896552
8667,0.0,0.1875,0.6842105263157895,3.649122807017544
8668,0.0,0.33962264150943394,0.6122448979591837,1.8027210884353744
8669,0.0,0.2553191489361702,0.7021276595744681,2.7500000000000004
8670,0.0,0.24528301886792453,0.74,3.016923076923077
8671,0.0,0.22950819672131148,0.6981132075471698,3.0417789757412397
8672,0.0,0.225,0.875,3.888888888888889
8673,0.0,0.3103448275862069,0.6865671641791045,2.2122719734660032
8674,0.0,0.2857142857142857,0.6779661016949152,2.3728813559322033
8675,0.0,0.2777777777777778,0.8305084745762712,2.989830508474576
8676,0.0,0.26666666666666666,0.7272727272727273,2.7272727272727275
8677,0.0,0.38235294117647056,0.7301587301587301,1.9096459096459097
8678,0.0,0.1864406779661017,0.7272727272727273,3.9008264462809916
8679,0.0,0.2765957446808511,0.8,2.8923076923076922
8680,0.0,0.3076923076923077,0.8636363636363636,2.8068181818181817
8681,0.0,0.25,0.7608695652173914,3.0434782608695654
8682,0.0,0.25,0.7704918032786885,3.081967213114754
8683,0.0,0.2857142857142857,0.7627118644067796,2.669491525423729
8684,0.0,0.2,0.7857142857142857,3.9285714285714284
8685,0.0,0.19230769230769232,0.8888888888888888,4.622222222222222
8686,0.0,0.3333333333333333,0.6896551724137931,2.0689655172413794
8687,0.0,0.11666666666666667,0.75,6.428571428571429
8688,0.0,0.37142857142857144,0.75,2.019230769230769
8689,0.0,0.3333333333333333,0.7758620689655172,2.327586206896552
8690,0.0,0.18,0.85,4.722222222222222
8691,0.0,0.23529411764705882,0.6904761904761905,2.9345238095238093
8692,0.0,0.15789473684210525,0.7954545454545454,5.037878787878788
8693,0.0,0.22448979591836735,0.6304347826086957,2.808300395256917
8694,0.0,0.30612244897959184,0.7096774193548387,2.318279569892473
8695,0.0,0.3142857142857143,0.7884615384615384,2.5087412587412588
8696,0.0,0.21428571428571427,0.7818181818181819,3.648484848484849
8697,0.0,0.15942028985507245,0.717948717948718,4.503496503496504
8698,0.0,0.15151515151515152,0.8301886792452831,5.479245283018868
8699,0.0,0.3333333333333333,0.7166666666666667,2.1500000000000004
8700,0.0,0.2972972972972973,0.7692307692307693,2.5874125874125875
8701,0.0,0.35135135135135137,0.7586206896551724,2.159151193633952
8702,0.0,0.34,0.8441558441558441,2.4828113063407176
8703,0.0,0.2549019607843137,0.75,2.9423076923076925
8704,0.0,0.225,0.8627450980392157,3.8344226579520697
8705,0.0,0.24242424242424243,0.7857142857142857,3.2410714285714284
8706,0.0,0.25,0.8095238095238095,3.238095238095238
8707,0.0,0.22727272727272727,0.7551020408163265,3.3224489795918366
8708,0.0,0.36363636363636365,0.746268656716418,2.0522388059701493
8709,0.0,0.3953488372093023,0.6666666666666666,1.6862745098039216
8710,0.0,0.21568627450980393,0.8135593220338984,3.7719568567026194
8711,0.0,0.22413793103448276,0.7111111111111111,3.172649572649573
8712,0.0,0.30434782608695654,0.8305084745762712,2.7288135593220337
8713,0.0,0.1702127659574468,0.7380952380952381,4.336309523809524
8714,0.0,0.2909090909090909,0.7142857142857143,2.4553571428571432
8715,0.0,0.2909090909090909,0.7142857142857143,2.4553571428571432
8716,0.0,0.2916666666666667,0.7413793103448276,2.541871921182266
8717,0.0,0.2786885245901639,0.6078431372549019,2.1810841983852365
8718,0.0,0.2033898305084746,0.7555555555555555,3.7148148148148143
8719,0.0,0.22727272727272727,0.7547169811320755,3.3207547169811322
8720,0.0,0.2857142857142857,0.7551020408163265,2.642857142857143
8721,0.0,0.3333333333333333,0.7586206896551724,2.2758620689655173
8722,0.0,0.1864406779661017,0.7843137254901961,4.206773618538325
8723,0.0,0.22727272727272727,0.7843137254901961,3.450980392156863
8724,0.0,0.14814814814814814,0.7959183673469388,5.372448979591837
8725,0.0,0.30303030303030304,0.7321428571428571,2.416071428571428
8726,0.0,0.3269230769230769,0.7681159420289855,2.3495311167945436
8727,0.0,0.34782608695652173,0.7647058823529411,2.1985294117647056
8728,0.0,0.18867924528301888,0.7272727272727273,3.8545454545454545
8729,0.0,0.2391304347826087,0.7708333333333334,3.2234848484848486
8730,0.0,0.22641509433962265,0.7857142857142857,3.470238095238095
8731,0.0,0.28205128205128205,0.85,3.0136363636363637
8732,0.0,0.24444444444444444,0.7777777777777778,3.181818181818182
8733,0.0,0.25396825396825395,0.7833333333333333,3.084375
8734,0.0,0.3617021276595745,0.7714285714285715,2.1327731092436975
8735,0.0,0.3333333333333333,0.72,2.16
8736,0.0,0.2413793103448276,0.7647058823529411,3.168067226890756
8737,0.0,0.23529411764705882,0.8064516129032258,3.4274193548387095
8738,0.0,0.2391304347826087,0.8253968253968254,3.4516594516594514
8739,0.0,0.14814814814814814,0.7450980392156863,5.029411764705883
8740,0.0,0.18333333333333332,0.7674418604651163,4.186046511627907
8741,0.0,0.2553191489361702,0.7659574468085106,3.0
8742,0.0,0.18604651162790697,0.9117647058823529,4.900735294117647
8743,0.0,0.16071428571428573,0.7906976744186046,4.919896640826873
8744,0.0,0.32558139534883723,0.803030303030303,2.466450216450216
8745,0.0,0.32608695652173914,0.7592592592592593,2.3283950617283953
8746,0.0,0.21428571428571427,0.8148148148148148,3.802469135802469
8747,0.0,0.2972972972972973,0.847457627118644,2.850539291217257
8748,0.0,0.2692307692307692,0.660377358490566,2.452830188679245
8749,0.0,0.2727272727272727,0.72,2.64
8750,0.0,0.29545454545454547,0.7627118644067796,2.5814863102998693
8751,0.0,0.3333333333333333,0.6896551724137931,2.0689655172413794
8752,0.0,0.2978723404255319,0.7719298245614035,2.591478696741855
8753,0.0,0.25,0.8,3.2
8754,0.0,0.2619047619047619,0.8484848484848485,3.239669421487603
8755,0.0,0.39215686274509803,0.6851851851851852,1.7472222222222225
8756,0.0,0.25925925925925924,0.76,2.9314285714285715
8757,0.0,0.3191489361702128,0.6727272727272727,2.107878787878788
8758,0.0,0.22033898305084745,0.6046511627906976,2.744186046511628
8759,0.0,0.20634920634920634,0.8181818181818182,3.9650349650349654
8760,0.0,0.23404255319148937,0.8085106382978723,3.454545454545454
8761,0.0,0.25,0.8333333333333334,3.3333333333333335
8762,0.0,0.22727272727272727,0.7169811320754716,3.154716981132075
8763,0.0,0.2127659574468085,0.7884615384615384,3.7057692307692305
8764,0.0,0.35185185185185186,0.7049180327868853,2.003451251078516
8765,0.0,0.3137254901960784,0.7755102040816326,2.4719387755102042
8766,0.0,0.265625,0.7547169811320755,2.8412874583795786
8767,0.0,0.2962962962962963,0.7894736842105263,2.6644736842105265
8768,0.0,0.30612244897959184,0.7301587301587301,2.385185185185185
8769,0.0,0.21818181818181817,0.6097560975609756,2.7947154471544717
8770,0.0,0.17307692307692307,0.8703703703703703,5.02880658436214
8771,0.0,0.3064516129032258,0.7333333333333333,2.3929824561403508
8772,0.0,0.23809523809523808,0.8571428571428571,3.6
8773,0.0,0.38095238095238093,0.6885245901639344,1.807377049180328
8774,0.0,0.3191489361702128,0.7627118644067796,2.389830508474576
8775,0.0,0.3050847457627119,0.6666666666666666,2.185185185185185
8776,0.0,0.24489795918367346,0.7346938775510204,3.0000000000000004
8777,0.0,0.1836734693877551,0.8113207547169812,4.417190775681342
8778,0.0,0.3333333333333333,0.8153846153846154,2.4461538461538463
8779,0.0,0.24444444444444444,0.7454545454545455,3.0495867768595044
8780,0.0,0.29508196721311475,0.7346938775510204,2.489795918367347
8781,0.0,0.20512820512820512,0.8,3.9000000000000004
8782,0.0,0.24489795918367346,0.8,3.266666666666667
8783,0.0,0.175,0.72,4.114285714285715
8784,0.0,0.14634146341463414,0.9019607843137255,6.163398692810458
8785,0.0,0.17857142857142858,0.8148148148148148,4.562962962962962
8786,0.0,0.3235294117647059,0.7735849056603774,2.391080617495712
8787,0.0,0.19047619047619047,0.8363636363636363,4.390909090909091
8788,0.0,0.3409090909090909,0.6538461538461539,1.917948717948718
8789,0.0,0.21568627450980393,0.725,3.361363636363636
8790,0.0,0.3191489361702128,0.5909090909090909,1.8515151515151516
8791,0.0,0.2708333333333333,0.7288135593220338,2.6910039113428943
8792,0.0,0.325,0.8392857142857143,2.5824175824175826
8793,0.0,0.2127659574468085,0.8095238095238095,3.8047619047619046
8794,0.0,0.3620689655172414,0.6792452830188679,1.8760107816711589
8795,0.0,0.3142857142857143,0.7777777777777778,2.474747474747475
8796,0.0,0.1951219512195122,0.7916666666666666,4.057291666666666
8797,0.0,0.30612244897959184,0.8888888888888888,2.9037037037037035
8798,0.0,0.2033898305084746,0.717391304347826,3.527173913043478
8799,0.0,0.3,0.6808510638297872,2.269503546099291
8800,0.0,0.2727272727272727,0.7424242424242424,2.7222222222222223
8801,0.0,0.29411764705882354,0.7741935483870968,2.632258064516129
8802,0.0,0.30357142857142855,0.7936507936507936,2.6143790849673203
8803,0.0,0.2857142857142857,0.7017543859649122,2.456140350877193
8804,0.0,0.3673469387755102,0.660377358490566,1.7976939203354296
8805,0.0,0.28,0.7538461538461538,2.692307692307692
8806,0.0,0.21052631578947367,0.7735849056603774,3.674528301886793
8807,0.0,0.23214285714285715,0.6774193548387096,2.918114143920595
8808,0.0,0.25,0.7796610169491526,3.1186440677966103
8809,0.0,0.2830188679245283,0.65,2.296666666666667
8810,0.0,0.16326530612244897,0.8627450980392157,5.284313725490197
8811,0.0,0.3076923076923077,0.7735849056603774,2.5141509433962264
8812,0.0,0.2708333333333333,0.6511627906976745,2.4042933810375673
8813,0.0,0.29310344827586204,0.703125,2.3988970588235294
8814,0.0,0.16666666666666666,0.6956521739130435,4.173913043478261
8815,0.0,0.1896551724137931,0.7619047619047619,4.017316017316017
8816,0.0,0.42857142857142855,0.6470588235294118,1.5098039215686276
8817,0.0,0.375,0.7714285714285715,2.0571428571428574
8818,0.0,0.21818181818181817,0.7857142857142857,3.6011904761904763
8819,0.0,0.3157894736842105,0.65,2.0583333333333336
8820,0.0,0.2631578947368421,0.84,3.192
8821,0.0,0.42424242424242425,0.847457627118644,1.9975786924939465
8822,0.0,0.2222222222222222,0.5882352941176471,2.647058823529412
8823,0.0,0.19642857142857142,0.7288135593220338,3.7103235747303542
8824,0.0,0.1875,0.7894736842105263,4.2105263157894735
8825,0.0,0.26,0.796875,3.0649038461538463
8826,0.0,0.1956521739130435,0.8604651162790697,4.397932816537468
8827,0.0,0.2777777777777778,0.7457627118644068,2.6847457627118643
8828,0.0,0.2727272727272727,0.8688524590163934,3.185792349726776
8829,0.0,0.2127659574468085,0.78,3.666
8830,0.0,0.3050847457627119,0.6818181818181818,2.2348484848484844
8831,0.0,0.2978723404255319,0.8,2.685714285714286
8832,0.0,0.22580645161290322,0.7692307692307693,3.406593406593407
8833,0.0,0.3023255813953488,0.7142857142857143,2.3626373626373627
8834,0.0,0.2711864406779661,0.7391304347826086,2.725543478260869
8835,0.0,0.23529411764705882,0.78,3.315
8836,0.0,0.19607843137254902,0.6904761904761905,3.5214285714285714
8837,0.0,0.32,0.8354430379746836,2.6107594936708862
8838,0.0,0.3,0.7857142857142857,2.619047619047619
8839,0.0,0.2549019607843137,0.8524590163934426,3.3442622950819674
8840,0.0,0.22448979591836735,0.8627450980392157,3.843137254901961
8841,0.0,0.38181818181818183,0.625,1.6369047619047619
8842,0.0,0.32608695652173914,0.6792452830188679,2.0830188679245283
8843,0.0,0.2465753424657534,0.7916666666666666,3.2106481481481484
8844,0.0,0.27586206896551724,0.717948717948718,2.6025641025641026
8845,0.0,0.17543859649122806,0.8709677419354839,4.964516129032258
8846,0.0,0.22641509433962265,0.7346938775510204,3.2448979591836737
8847,0.0,0.2692307692307692,0.66,2.4514285714285715
8848,0.0,0.14035087719298245,0.8157894736842105,5.8125
8849,0.0,0.2553191489361702,0.7777777777777778,3.0462962962962967
8850,0.0,0.3076923076923077,0.7457627118644068,2.423728813559322
8851,0.0,0.19230769230769232,0.7090909090909091,3.687272727272727
8852,0.0,0.2727272727272727,0.7903225806451613,2.8978494623655915
8853,0.0,0.16666666666666666,0.7884615384615384,4.730769230769231
8854,0.0,0.21818181818181817,0.8059701492537313,3.694029850746269
8855,0.0,0.11666666666666667,0.8181818181818182,7.012987012987013
8856,0.0,0.2619047619047619,0.8596491228070176,3.2822966507177034
8857,0.0,0.22641509433962265,0.74,3.268333333333333
8858,0.0,0.23255813953488372,0.7966101694915254,3.425423728813559
8859,0.0,0.37254901960784315,0.7424242424242424,1.992822966507177
8860,0.0,0.38636363636363635,0.6086956521739131,1.575447570332481
8861,0.0,0.21428571428571427,0.8888888888888888,4.148148148148148
8862,0.0,0.3137254901960784,0.7833333333333333,2.496875
8863,0.0,0.28888888888888886,0.7741935483870968,2.6799007444168734
8864,0.0,0.2982456140350877,0.7058823529411765,2.3667820069204155
8865,0.0,0.19444444444444445,0.6470588235294118,3.327731092436975
8866,0.0,0.25862068965517243,0.7,2.706666666666666
8867,0.0,0.35714285714285715,0.7627118644067796,2.1355932203389827
8868,0.0,0.30952380952380953,0.7230769230769231,2.336094674556213
8869,0.0,0.2619047619047619,0.9,3.436363636363636
8870,0.0,0.3191489361702128,0.7213114754098361,2.2601092896174864
8871,0.0,0.35,0.8103448275862069,2.315270935960591
8872,0.0,0.2727272727272727,0.7678571428571429,2.8154761904761907
8873,0.0,0.3469387755102041,0.7741935483870968,2.2314990512333965
8874,0.0,0.47619047619047616,0.7101449275362319,1.4913043478260872
8875,0.0,0.29310344827586204,0.7692307692307693,2.624434389140272
8876,0.0,0.2641509433962264,0.7068965517241379,2.676108374384236
8877,0.0,0.2708333333333333,0.7636363636363637,2.81958041958042
8878,0.0,0.21951219512195122,0.8,3.644444444444445
8879,0.0,0.21052631578947367,0.75,3.5625
8880,0.0,0.32727272727272727,0.7796610169491526,2.3822975517890774
8881,0.0,0.2608695652173913,0.8070175438596491,3.0935672514619883
8882,0.0,0.21052631578947367,0.7755102040816326,3.683673469387755
8883,0.0,0.19230769230769232,0.8148148148148148,4.2370370370370365
8884,0.0,0.22727272727272727,0.6285714285714286,2.7657142857142856
8885,0.0,0.22727272727272727,0.7857142857142857,3.4571428571428573
8886,0.0,0.14035087719298245,0.7543859649122807,5.375
8887,0.0,0.1111111111111111,0.9259259259259259,8.333333333333334
8888,0.0,0.12244897959183673,0.8823529411764706,7.205882352941177
8889,0.0,0.3333333333333333,0.7627118644067796,2.288135593220339
8890,0.0,0.19298245614035087,0.6578947368421053,3.4090909090909096
8891,0.0,0.2553191489361702,0.7959183673469388,3.1173469387755106
8892,0.0,0.3125,0.6909090909090909,2.210909090909091
8893,0.0,0.21739130434782608,0.7636363636363637,3.512727272727273
8894,0.0,0.21875,0.6444444444444445,2.9460317460317462
8895,0.0,0.1568627450980392,0.8214285714285714,5.236607142857142
8896,0.0,0.24074074074074073,0.7321428571428571,3.041208791208791
8897,0.0,0.3076923076923077,0.7931034482758621,2.5775862068965516
8898,0.0,0.2,0.82,4.1
8899,0.0,0.2222222222222222,0.7704918032786885,3.4672131147540983
8900,0.0,0.28846153846153844,0.8461538461538461,2.9333333333333336
8901,0.0,0.3076923076923077,0.7833333333333333,2.545833333333333
8902,0.0,0.2916666666666667,0.828125,2.839285714285714
8903,0.0,0.27692307692307694,0.6296296296296297,2.2736625514403292
8904,0.0,0.2549019607843137,0.625,2.451923076923077
8905,0.0,0.1346153846153846,0.8421052631578947,6.2556390977443606
8906,0.0,0.16071428571428573,0.7727272727272727,4.808080808080808
8907,0.0,0.3191489361702128,0.7037037037037037,2.2049382716049384
8908,0.0,0.2222222222222222,0.6585365853658537,2.963414634146342
8909,0.0,0.32558139534883723,0.6792452830188679,2.086253369272237
8910,0.0,0.2765957446808511,0.723404255319149,2.6153846153846154
8911,0.0,0.29545454545454547,0.7719298245614035,2.612685560053981
8912,0.0,0.32608695652173914,0.6851851851851852,2.1012345679012348
8913,0.0,0.3148148148148148,0.8529411764705882,2.709342560553633
8914,0.0,0.2857142857142857,0.6727272727272727,2.3545454545454545
8915,0.0,0.26666666666666666,0.7272727272727273,2.7272727272727275
8916,0.0,0.37254901960784315,0.6666666666666666,1.789473684210526
8917,0.0,0.1836734693877551,0.82,4.464444444444444
8918,0.0,0.2962962962962963,0.7166666666666667,2.41875
8919,0.0,0.21739130434782608,0.7551020408163265,3.473469387755102
8920,0.0,0.34,0.6666666666666666,1.96078431372549
8921,0.0,0.2222222222222222,0.8409090909090909,3.7840909090909096
8922,0.0,0.30952380952380953,0.8,2.5846153846153848
8923,0.0,0.26785714285714285,0.6363636363636364,2.375757575757576
8924,0.0,0.22448979591836735,0.7692307692307693,3.4265734265734267
8925,0.0,0.26,0.7413793103448276,2.8514588859416445
8926,0.0,0.26229508196721313,0.625,2.3828125
8927,0.0,0.22727272727272727,0.8035714285714286,3.535714285714286
8928,0.0,0.34146341463414637,0.7818181818181819,2.2896103896103894
8929,0.0,0.21739130434782608,0.8307692307692308,3.821538461538462
8930,0.0,0.3018867924528302,0.7627118644067796,2.5264830508474576
8931,0.0,0.3,0.7142857142857143,2.380952380952381
8932,0.0,0.328125,0.6274509803921569,1.9122315592903827
8933,0.0,0.17543859649122806,0.723404255319149,4.12340425531915
8934,0.0,0.25,0.6595744680851063,2.6382978723404253
8935,0.0,0.3,0.6938775510204082,2.312925170068027
8936,0.0,0.3137254901960784,0.75,2.390625
8937,0.0,0.2542372881355932,0.7307692307692307,2.8743589743589744
8938,0.0,0.2619047619047619,0.7358490566037735,2.8096054888507713
8939,0.0,0.3409090909090909,0.65625,1.925
8940,0.0,0.23333333333333334,0.7272727272727273,3.116883116883117
8941,0.0,0.4166666666666667,0.6612903225806451,1.5870967741935482
8942,0.0,0.25396825396825395,0.6428571428571429,2.5312500000000004
8943,0.0,0.25,0.8103448275862069,3.2413793103448274
8944,0.0,0.20408163265306123,0.7755102040816326,3.8
8945,0.0,0.2777777777777778,0.6538461538461539,2.353846153846154
8946,0.0,0.3023255813953488,0.6808510638297872,2.252045826513912
8947,0.0,0.4473684210526316,0.8088235294117647,1.8079584775086506
8948,0.0,0.21428571428571427,0.6521739130434783,3.0434782608695654
8949,0.0,0.20689655172413793,0.8076923076923077,3.903846153846154
8950,0.0,0.24,0.7407407407407407,3.0864197530864197
8951,0.0,0.2807017543859649,0.7678571428571429,2.7354910714285716
8952,0.0,0.4358974358974359,0.6964285714285714,1.597689075630252
8953,0.0,0.21568627450980393,0.828125,3.8394886363636362
8954,0.0,0.2033898305084746,0.7592592592592593,3.7330246913580245
8955,0.0,0.3111111111111111,0.7678571428571429,2.4681122448979593
8956,0.0,0.2894736842105263,0.7878787878787878,2.721763085399449
8957,0.0,0.20930232558139536,0.8513513513513513,4.0675675675675675
8958,0.0,0.25,0.7358490566037735,2.943396226415094
8959,0.0,0.2857142857142857,0.8717948717948718,3.0512820512820515
8960,0.0,0.2727272727272727,0.7543859649122807,2.7660818713450297
8961,0.0,0.2894736842105263,0.9054054054054054,3.1277641277641277
8962,0.0,0.325,0.7540983606557377,2.3203026481715003
8963,0.0,0.2553191489361702,0.7777777777777778,3.0462962962962967
8964,0.0,0.23404255319148937,0.8064516129032258,3.44574780058651
8965,0.0,0.23684210526315788,0.8367346938775511,3.532879818594105
8966,0.0,0.21951219512195122,0.8181818181818182,3.7272727272727275
8967,0.0,0.16279069767441862,0.8070175438596491,4.957393483709272
8968,0.0,0.2,0.6888888888888889,3.444444444444444
8969,0.0,0.4090909090909091,0.6785714285714286,1.6587301587301586
8970,0.0,0.3018867924528302,0.703125,2.3291015625
8971,0.0,0.19402985074626866,0.7083333333333334,3.6506410256410255
8972,0.0,0.35185185185185186,0.7288135593220338,2.071364852809991
8973,0.0,0.21428571428571427,0.7916666666666666,3.6944444444444446
8974,0.0,0.3409090909090909,0.7936507936507936,2.328042328042328
8975,0.0,0.4230769230769231,0.7714285714285715,1.8233766233766235
8976,0.0,0.20689655172413793,0.6956521739130435,3.36231884057971
8977,0.0,0.2916666666666667,0.673469387755102,2.3090379008746353
8978,0.0,0.22641509433962265,0.7446808510638298,3.2890070921985815
8979,0.0,0.2903225806451613,0.7205882352941176,2.4820261437908493
8980,0.0,0.203125,0.75,3.6923076923076925
8981,0.0,0.22641509433962265,0.7777777777777778,3.435185185185185
8982,0.0,0.2641509433962264,0.6739130434782609,2.551242236024845
8983,0.0,0.2727272727272727,0.796875,2.921875
8984,0.0,0.25925925925925924,0.7115384615384616,2.744505494505495
8985,0.0,0.2222222222222222,0.6415094339622641,2.8867924528301887
8986,0.0,0.22448979591836735,0.7833333333333333,3.4893939393939393
8987,0.0,0.11764705882352941,0.7804878048780488,6.634146341463415
8988,0.0,0.2,0.75,3.75
8989,0.0,0.15,0.7391304347826086,4.927536231884058
8990,0.0,0.14893617021276595,0.7446808510638298,5.0
8991,0.0,0.25,0.7868852459016393,3.1475409836065573
8992,0.0,0.2,0.8235294117647058,4.117647058823529
8993,0.0,0.23076923076923078,0.7727272727272727,3.348484848484848
8994,0.0,0.25,0.82,3.28
8995,0.0,0.14285714285714285,0.8936170212765957,6.25531914893617
8996,0.0,0.20689655172413793,0.8596491228070176,4.154970760233918
8997,0.0,0.3953488372093023,0.8028169014084507,2.030654515327258
8998,0.0,0.23728813559322035,0.7857142857142857,3.311224489795918
8999,0.0,0.29310344827586204,0.7,2.388235294117647
9000,0.0,0.2916666666666667,0.7916666666666666,2.714285714285714
9001,0.0,0.19672131147540983,0.6904761904761905,3.509920634920635
9002,0.0,0.4,0.7571428571428571,1.8928571428571428
9003,0.0,0.24489795918367346,0.7166666666666667,2.926388888888889
9004,0.0,0.28125,0.8513513513513513,3.0270270270270268
9005,0.0,0.22033898305084745,0.7894736842105263,3.582995951417004
9006,0.0,0.2222222222222222,0.8214285714285714,3.6964285714285716
9007,0.0,0.325,0.7254901960784313,2.2322775263951735
9008,0.0,0.3958333333333333,0.765625,1.9342105263157896
9009,0.0,0.2909090909090909,0.7021276595744681,2.4135638297872344
9010,0.0,0.22058823529411764,0.8113207547169812,3.6779874213836483
9011,0.0,0.3230769230769231,0.7049180327868853,2.181889149102264
9012,0.0,0.28125,0.819672131147541,2.9143897996357016
9013,0.0,0.23728813559322035,0.6666666666666666,2.8095238095238093
9014,0.0,0.23333333333333334,0.7903225806451613,3.387096774193548
9015,0.0,0.2653061224489796,0.7666666666666667,2.8897435897435897
9016,0.0,0.17857142857142858,0.78,4.368
9017,0.0,0.2,0.875,4.375
9018,0.0,0.24489795918367346,0.8125,3.3177083333333335
9019,0.0,0.25925925925925924,0.847457627118644,3.2687651331719128
9020,0.0,0.36363636363636365,0.855072463768116,2.351449275362319
9021,0.0,0.32142857142857145,0.746268656716418,2.3217247097844114
9022,0.0,0.3333333333333333,0.746031746031746,2.238095238095238
9023,0.0,0.288135593220339,0.7846153846153846,2.7230769230769227
9024,0.0,0.24528301886792453,0.7647058823529411,3.117647058823529
9025,0.0,0.2708333333333333,0.6779661016949152,2.503259452411995
9026,0.0,0.24489795918367346,0.8135593220338984,3.322033898305085
9027,0.0,0.2727272727272727,0.8032786885245902,2.945355191256831
9028,0.0,0.20588235294117646,0.8695652173913043,4.22360248447205
9029,0.0,0.28846153846153844,0.7777777777777778,2.6962962962962966
9030,0.0,0.2692307692307692,0.6666666666666666,2.4761904761904763
9031,0.0,0.2553191489361702,0.765625,2.998697916666667
9032,0.0,0.24489795918367346,0.7297297297297297,2.97972972972973
9033,0.0,0.1724137931034483,0.7741935483870968,4.490322580645161
9034,0.0,0.27906976744186046,0.8307692307692308,2.976923076923077
9035,0.0,0.203125,0.7755102040816326,3.8178963893249604
9036,0.0,0.3898305084745763,0.6376811594202898,1.6357908002520476
9037,0.0,0.36363636363636365,0.8529411764705882,2.3455882352941173
9038,0.0,0.26865671641791045,0.7222222222222222,2.6882716049382718
9039,0.0,0.24193548387096775,0.7627118644067796,3.1525423728813555
9040,0.0,0.2765957446808511,0.8148148148148148,2.9458689458689458
9041,0.0,0.22033898305084745,0.8333333333333334,3.7820512820512824
9042,0.0,0.21428571428571427,0.8461538461538461,3.948717948717949
9043,0.0,0.2833333333333333,0.6851851851851852,2.4183006535947715
9044,0.0,0.27906976744186046,0.746031746031746,2.6732804232804233
9045,0.0,0.32727272727272727,0.7627118644067796,2.330508474576271
9046,0.0,0.23636363636363636,0.6530612244897959,2.7629513343799057
9047,0.0,0.3023255813953488,0.7647058823529411,2.5294117647058822
9048,0.0,0.2830188679245283,0.7446808510638298,2.631205673758865
9049,0.0,0.20754716981132076,0.7796610169491526,3.756548536209553
9050,0.0,0.20833333333333334,0.8695652173913043,4.173913043478261
9051,0.0,0.3902439024390244,0.7142857142857143,1.8303571428571428
9052,0.0,0.25,0.7931034482758621,3.1724137931034484
9053,0.0,0.24,0.7115384615384616,2.96474358974359
9054,0.0,0.2916666666666667,0.7358490566037735,2.5229110512129376
9055,0.0,0.21568627450980393,0.7735849056603774,3.586620926243568
9056,0.0,0.30357142857142855,0.5849056603773585,1.9267480577136515
9057,0.0,0.21818181818181817,0.72,3.3
9058,0.0,0.18867924528301888,0.7608695652173914,4.032608695652174
9059,0.0,0.2753623188405797,0.7222222222222222,2.6228070175438596
9060,0.0,0.23214285714285715,0.7,3.015384615384615
9061,0.0,0.3191489361702128,0.6451612903225806,2.021505376344086
9062,0.0,0.17647058823529413,0.8222222222222222,4.659259259259259
9063,0.0,0.3333333333333333,0.7014925373134329,2.1044776119402986
9064,0.0,0.22,0.828125,3.7642045454545454
9065,0.0,0.2222222222222222,0.8441558441558441,3.7987012987012987
9066,0.0,0.30357142857142855,0.7090909090909091,2.3358288770053477
9067,0.0,0.3111111111111111,0.74,2.3785714285714286
9068,0.0,0.17543859649122806,0.6530612244897959,3.7224489795918365
9069,0.0,0.19642857142857142,0.7936507936507936,4.040404040404041
9070,0.0,0.34782608695652173,0.7540983606557377,2.168032786885246
9071,0.0,0.26666666666666666,0.7547169811320755,2.8301886792452833
9072,0.0,0.18181818181818182,0.6829268292682927,3.75609756097561
9073,0.0,0.21052631578947367,0.6666666666666666,3.1666666666666665
9074,0.0,0.20454545454545456,0.7931034482758621,3.8773946360153255
9075,0.0,0.32075471698113206,0.62,1.9329411764705884
9076,0.0,0.1864406779661017,0.7317073170731707,3.924611973392461
9077,0.0,0.2222222222222222,0.8125,3.65625
9078,0.0,0.3137254901960784,0.6610169491525424,2.106991525423729
9079,0.0,0.21666666666666667,0.7090909090909091,3.2727272727272725
9080,0.0,0.21621621621621623,0.8163265306122449,3.7755102040816326
9081,0.0,0.28846153846153844,0.72,2.496
9082,0.0,0.42105263157894735,0.6885245901639344,1.6352459016393444
9083,0.0,0.12195121951219512,0.8260869565217391,6.773913043478261
9084,0.0,0.15517241379310345,0.7962962962962963,5.131687242798353
9085,0.0,0.28888888888888886,0.8070175438596491,2.7935222672064777
9086,0.0,0.15151515151515152,0.8305084745762712,5.48135593220339
9087,0.0,0.3902439024390244,0.7037037037037037,1.8032407407407407
9088,0.0,0.18867924528301888,0.8421052631578947,4.463157894736842
9089,0.0,0.3181818181818182,0.6808510638297872,2.139817629179331
9090,0.0,0.288135593220339,0.7384615384615385,2.56289592760181
9091,0.0,0.2391304347826087,0.6122448979591837,2.5602968460111315
9092,0.0,0.325,0.7818181818181819,2.405594405594406
9093,0.0,0.3125,0.8103448275862069,2.593103448275862
9094,0.0,0.30434782608695654,0.7368421052631579,2.421052631578947
9095,0.0,0.16129032258064516,0.7450980392156863,4.619607843137255
9096,0.0,0.2857142857142857,0.74,2.5900000000000003
9097,0.0,0.18518518518518517,0.75,4.05
9098,0.0,0.16666666666666666,0.6829268292682927,4.097560975609757
9099,0.0,0.19607843137254902,0.75,3.825
9100,0.0,0.30612244897959184,0.7045454545454546,2.3015151515151517
9101,0.0,0.21621621621621623,0.8833333333333333,4.085416666666666
9102,0.0,0.22413793103448276,0.873015873015873,3.894993894993895
9103,0.0,0.2549019607843137,0.8,3.138461538461539
9104,0.0,0.31666666666666665,0.7323943661971831,2.3128243143068943
9105,0.0,0.3404255319148936,0.6862745098039216,2.0159313725490198
9106,0.0,0.1896551724137931,0.6851851851851852,3.6127946127946133
9107,0.0,0.18867924528301888,0.7666666666666667,4.0633333333333335
9108,0.0,0.20833333333333334,0.7608695652173914,3.6521739130434785
9109,0.0,0.2127659574468085,0.803921568627451,3.7784313725490195
9110,0.0,0.2807017543859649,0.7540983606557377,2.6864754098360657
9111,0.0,0.22950819672131148,0.7058823529411765,3.0756302521008405
9112,0.0,0.23636363636363636,0.78125,3.3052884615384617
9113,0.0,0.2222222222222222,0.6923076923076923,3.1153846153846154
9114,0.0,0.3103448275862069,0.8833333333333333,2.846296296296296
9115,0.0,0.28,0.6511627906976745,2.3255813953488373
9116,0.0,0.21568627450980393,0.8163265306122449,3.784786641929499
9117,0.0,0.2222222222222222,0.8235294117647058,3.7058823529411766
9118,0.0,0.16666666666666666,0.7560975609756098,4.536585365853659
9119,0.0,0.21666666666666667,0.717948717948718,3.3136094674556213
9120,0.0,0.2,0.8103448275862069,4.051724137931034
9121,0.0,0.2978723404255319,0.6851851851851852,2.3002645502645507
9122,0.0,0.12962962962962962,0.75,5.7857142857142865
9123,0.0,0.32727272727272727,0.75,2.2916666666666665
9124,0.0,0.1724137931034483,0.8163265306122449,4.73469387755102
9125,0.0,0.375,0.7241379310344828,1.9310344827586208
9126,0.0,0.22033898305084745,0.7272727272727273,3.300699300699301
9127,0.0,0.36065573770491804,0.7027027027027027,1.9484029484029484
9128,0.0,0.30434782608695654,0.8285714285714286,2.722448979591837
9129,0.0,0.3181818181818182,0.48148148148148145,1.5132275132275133
9130,0.0,0.2553191489361702,0.8309859154929577,3.2546948356807515
9131,0.0,0.2037037037037037,0.8148148148148148,4.0
9132,0.0,0.2549019607843137,0.6410256410256411,2.514792899408284
9133,0.0,0.26666666666666666,0.7966101694915254,2.98728813559322
9134,0.0,0.17307692307692307,0.7916666666666666,4.574074074074074
9135,0.0,0.275,0.7058823529411765,2.5668449197860963
9136,0.0,0.30612244897959184,0.7241379310344828,2.3655172413793104
9137,0.0,0.3269230769230769,0.803030303030303,2.45632798573975
9138,0.0,0.23809523809523808,0.8153846153846154,3.4246153846153846
9139,0.0,0.21666666666666667,0.7346938775510204,3.390894819466248
9140,0.0,0.3235294117647059,0.8095238095238095,2.502164502164502
9141,0.0,0.40476190476190477,0.8169014084507042,2.0182270091135046
9142,0.0,0.3888888888888889,0.7647058823529411,1.9663865546218486
9143,0.0,0.25862068965517243,0.7254901960784313,2.8052287581699344
9144,0.0,0.2549019607843137,0.8,3.138461538461539
9145,0.0,0.24242424242424243,0.7058823529411765,2.9117647058823533
9146,0.0,0.26785714285714285,0.8181818181818182,3.0545454545454547
9147,0.0,0.2708333333333333,0.7678571428571429,2.8351648351648358
9148,0.0,0.2558139534883721,0.8166666666666667,3.1924242424242424
9149,0.0,0.25396825396825395,0.6956521739130435,2.739130434782609
9150,0.0,0.4166666666666667,0.7794117647058824,1.8705882352941177
9151,0.0,0.2909090909090909,0.7049180327868853,2.423155737704918
9152,0.0,0.23076923076923078,0.6590909090909091,2.856060606060606
9153,0.0,0.3023255813953488,0.7142857142857143,2.3626373626373627
9154,0.0,0.28205128205128205,0.8,2.8363636363636364
9155,0.0,0.25,0.7647058823529411,3.0588235294117645
9156,0.0,0.16071428571428573,0.7636363636363637,4.751515151515151
9157,0.0,0.27450980392156865,0.7936507936507936,2.8911564625850334
9158,0.0,0.28125,0.7571428571428571,2.692063492063492
9159,0.0,0.2037037037037037,0.675,3.313636363636364
9160,0.0,0.2786885245901639,0.6724137931034483,2.4127789046653145
9161,0.0,0.21153846153846154,0.8181818181818182,3.8677685950413228
9162,0.0,0.37209302325581395,0.8805970149253731,2.3666044776119404
9163,0.0,0.09615384615384616,0.8048780487804879,8.370731707317074
9164,0.0,0.26666666666666666,0.8360655737704918,3.1352459016393444
9165,0.0,0.3076923076923077,0.6538461538461539,2.125
9166,0.0,0.30612244897959184,0.8064516129032258,2.6344086021505375
9167,0.0,0.28846153846153844,0.7966101694915254,2.761581920903955
9168,0.0,0.3125,0.7704918032786885,2.4655737704918033
9169,0.0,0.21621621621621623,0.8367346938775511,3.8698979591836733
9170,0.0,0.37254901960784315,0.6842105263157895,1.8365650969529086
9171,0.0,0.2641509433962264,0.7,2.65
9172,0.0,0.22916666666666666,0.7735849056603774,3.3756432246998287
9173,0.0,0.1774193548387097,0.6341463414634146,3.574279379157428
9174,0.0,0.25,0.7083333333333334,2.8333333333333335
9175,0.0,0.2702702702702703,0.7169811320754716,2.652830188679245
9176,0.0,0.26865671641791045,0.7169811320754716,2.6687631027253667
9177,0.0,0.27586206896551724,0.6666666666666666,2.4166666666666665
9178,0.0,0.18518518518518517,0.7435897435897436,4.015384615384615
9179,0.0,0.203125,0.7142857142857143,3.5164835164835164
9180,0.0,0.28,0.7627118644067796,2.723970944309927
9181,0.0,0.23636363636363636,0.7288135593220338,3.0834419817470664
9182,0.0,0.32,0.6875,2.1484375
9183,0.0,0.23255813953488372,0.8076923076923077,3.473076923076923
9184,0.0,0.2777777777777778,0.8787878787878788,3.1636363636363636
9185,0.0,0.28888888888888886,0.723404255319149,2.5040916530278237
9186,0.0,0.46153846153846156,0.7466666666666667,1.6177777777777778
9187,0.0,0.3,0.7543859649122807,2.5146198830409356
9188,0.0,0.2653061224489796,0.7083333333333334,2.6698717948717947
9189,0.0,0.2916666666666667,0.7321428571428571,2.5102040816326525
9190,0.0,0.20408163265306123,0.8181818181818182,4.009090909090909
9191,0.0,0.2982456140350877,0.7258064516129032,2.433586337760911
9192,0.0,0.30357142857142855,0.75,2.4705882352941178
9193,0.0,0.2692307692307692,0.723404255319149,2.6869300911854106
9194,0.0,0.31343283582089554,0.6949152542372882,2.2171105730427763
9195,0.0,0.27586206896551724,0.8208955223880597,2.9757462686567164
9196,0.0,0.34146341463414637,0.7708333333333334,2.2574404761904763
9197,0.0,0.3076923076923077,0.7741935483870968,2.5161290322580645
9198,0.0,0.28205128205128205,0.8253968253968254,2.9264069264069263
9199,0.0,0.30612244897959184,0.7333333333333333,2.395555555555555
9200,0.0,0.3684210526315789,0.7142857142857143,1.9387755102040818
9201,0.0,0.35294117647058826,0.7738095238095238,2.192460317460317
9202,0.0,0.2653061224489796,0.8043478260869565,3.031772575250836
9203,0.0,0.2807017543859649,0.6538461538461539,2.3293269230769234
9204,0.0,0.35294117647058826,0.8275862068965517,2.3448275862068964
9205,0.0,0.3333333333333333,0.6274509803921569,1.8823529411764706
9206,0.0,0.425531914893617,0.5416666666666666,1.2729166666666665
9207,0.0,0.35555555555555557,0.6410256410256411,1.8028846153846154
9208,0.0,0.19607843137254902,0.6981132075471698,3.560377358490566
9209,0.0,0.2857142857142857,0.7377049180327869,2.5819672131147544
9210,0.0,0.1724137931034483,0.8387096774193549,4.864516129032258
9211,0.0,0.30952380952380953,0.7037037037037037,2.2735042735042734
9212,0.0,0.2857142857142857,0.8297872340425532,2.904255319148936
9213,0.0,0.28,0.6904761904761905,2.465986394557823
9214,0.0,0.24444444444444444,0.7924528301886793,3.2418524871355063
9215,0.0,0.2619047619047619,0.8545454545454545,3.2628099173553715
9216,0.0,0.3673469387755102,0.7,1.9055555555555552
9217,0.0,0.3191489361702128,0.7540983606557377,2.3628415300546446
9218,0.0,0.23404255319148937,0.7441860465116279,3.1797040169133193
9219,0.0,0.25,0.8571428571428571,3.4285714285714284
9220,0.0,0.2711864406779661,0.7746478873239436,2.856514084507042
9221,0.0,0.21568627450980393,0.775,3.5931818181818183
9222,0.0,0.1694915254237288,0.803921568627451,4.743137254901961
9223,0.0,0.33962264150943394,0.7321428571428571,2.1557539682539684
9224,0.0,0.28,0.7681159420289855,2.743271221532091
9225,0.0,0.32653061224489793,0.6779661016949152,2.076271186440678
9226,0.0,0.20833333333333334,0.7222222222222222,3.4666666666666663
9227,0.0,0.17857142857142858,0.8717948717948718,4.882051282051282
9228,0.0,0.32608695652173914,0.8688524590163934,2.66448087431694
9229,0.0,0.32558139534883723,0.6938775510204082,2.131195335276968
9230,0.0,0.3333333333333333,0.6744186046511628,2.0232558139534884
9231,0.0,0.3695652173913043,0.8701298701298701,2.354469060351413
9232,0.0,0.21568627450980393,0.6666666666666666,3.0909090909090904
9233,0.0,0.2982456140350877,0.7358490566037735,2.467258601553829
9234,0.0,0.2982456140350877,0.71875,2.4099264705882355
9235,0.0,0.2978723404255319,0.75,2.517857142857143
9236,0.0,0.2708333333333333,0.6964285714285714,2.5714285714285716
9237,0.0,0.13953488372093023,0.8571428571428571,6.142857142857142
9238,0.0,0.2692307692307692,0.8,2.9714285714285715
9239,0.0,0.2028985507246377,0.8,3.9428571428571426
9240,0.0,0.2222222222222222,0.847457627118644,3.8135593220338984
9241,0.0,0.2631578947368421,0.7719298245614035,2.933333333333333
9242,0.0,0.3125,0.6724137931034483,2.1517241379310343
9243,0.0,0.3488372093023256,0.6739130434782609,1.9318840579710144
9244,0.0,0.2982456140350877,0.660377358490566,2.2142064372918977
9245,0.0,0.1956521739130435,0.6585365853658537,3.3658536585365852
9246,0.0,0.22916666666666666,0.8627450980392157,3.7647058823529416
9247,0.0,0.2558139534883721,0.7407407407407407,2.8956228956228953
9248,0.0,0.2558139534883721,0.74,2.8927272727272726
9249,0.0,0.2692307692307692,0.8028169014084507,2.9818913480885314
9250,0.0,0.21428571428571427,0.7924528301886793,3.6981132075471703
9251,0.0,0.35135135135135137,0.8493150684931506,2.417281348788198
9252,0.0,0.30357142857142855,0.8163265306122449,2.689075630252101
9253,0.0,0.2777777777777778,0.72,2.5919999999999996
9254,0.0,0.3269230769230769,0.8142857142857143,2.4907563025210084
9255,0.0,0.3409090909090909,0.8059701492537313,2.364179104477612
9256,0.0,0.2641509433962264,0.8,3.028571428571429
9257,0.0,0.30612244897959184,0.7796610169491526,2.5468926553672318
9258,0.0,0.3584905660377358,0.7846153846153846,2.188663967611336
9259,0.0,0.17777777777777778,0.8,4.5
9260,0.0,0.25,0.8064516129032258,3.225806451612903
9261,0.0,0.2857142857142857,0.7966101694915254,2.788135593220339
9262,0.0,0.26666666666666666,0.6904761904761905,2.5892857142857144
9263,0.0,0.3783783783783784,0.8333333333333334,2.2023809523809526
9264,0.0,0.3404255319148936,0.7941176470588235,2.332720588235294
9265,0.0,0.2962962962962963,0.78,2.6325000000000003
9266,0.0,0.21875,0.6888888888888889,3.149206349206349
9267,0.0,0.22413793103448276,0.7083333333333334,3.1602564102564106
9268,0.0,0.18,0.723404255319149,4.0189125295508275
9269,0.0,0.2682926829268293,0.7608695652173914,2.83596837944664
9270,0.0,0.3023255813953488,0.8285714285714286,2.740659340659341
9271,0.0,0.20754716981132076,0.7222222222222222,3.4797979797979797
9272,0.0,0.2916666666666667,0.7358490566037735,2.5229110512129376
9273,0.0,0.19672131147540983,0.7551020408163265,3.8384353741496597
9274,0.0,0.375,0.7285714285714285,1.9428571428571428
9275,0.0,0.2,0.8301886792452831,4.150943396226415
9276,0.0,0.23809523809523808,0.7962962962962963,3.3444444444444446
9277,0.0,0.27450980392156865,0.78125,2.845982142857143
9278,0.0,0.22916666666666666,0.8269230769230769,3.6083916083916083
9279,0.0,0.2926829268292683,0.6888888888888889,2.3537037037037036
9280,0.0,0.22448979591836735,0.7857142857142857,3.5
9281,0.0,0.16393442622950818,0.75,4.575
9282,0.0,0.1694915254237288,0.8478260869565217,5.002173913043478
9283,0.0,0.2727272727272727,0.7796610169491526,2.858757062146893
9284,0.0,0.2826086956521739,0.7777777777777778,2.7521367521367526
9285,0.0,0.22580645161290322,0.7142857142857143,3.163265306122449
9286,0.0,0.29545454545454547,0.7619047619047619,2.5787545787545785
9287,0.0,0.2641509433962264,0.625,2.3660714285714284
9288,0.0,0.3114754098360656,0.6326530612244898,2.0311493018259936
9289,0.0,0.3050847457627119,0.6739130434782609,2.2089371980676327
9290,0.0,0.2222222222222222,0.8085106382978723,3.6382978723404253
9291,0.0,0.2,0.7966101694915254,3.9830508474576267
9292,0.0,0.2826086956521739,0.7230769230769231,2.558579881656805
9293,0.0,0.32,0.7636363636363637,2.3863636363636362
9294,0.0,0.1791044776119403,0.6666666666666666,3.7222222222222223
9295,0.0,0.16666666666666666,0.7692307692307693,4.615384615384616
9296,0.0,0.38461538461538464,0.676923076923077,1.76
9297,0.0,0.2692307692307692,0.7777777777777778,2.8888888888888893
9298,0.0,0.2894736842105263,0.8524590163934426,2.944858420268256
9299,0.0,0.2608695652173913,0.7884615384615384,3.0224358974358974
9300,0.0,0.2727272727272727,0.7457627118644068,2.7344632768361583
9301,0.0,0.4166666666666667,0.8032786885245902,1.9278688524590164
9302,0.0,0.16129032258064516,0.7222222222222222,4.477777777777778
9303,0.0,0.38461538461538464,0.765625,1.9906249999999999
9304,0.0,0.175,0.7619047619047619,4.35374149659864
9305,0.0,0.2807017543859649,0.6862745098039216,2.4448529411764706
9306,0.0,0.2549019607843137,0.7636363636363637,2.995804195804196
9307,0.0,0.28888888888888886,0.6666666666666666,2.307692307692308
9308,0.0,0.14893617021276595,0.8085106382978723,5.428571428571429
9309,0.0,0.36585365853658536,0.7608695652173914,2.0797101449275366
9310,0.0,0.2553191489361702,0.6875,2.6927083333333335
9311,0.0,0.17777777777777778,0.7090909090909091,3.9886363636363638
9312,0.0,0.2558139534883721,0.7868852459016393,3.076005961251863
9313,0.0,0.24444444444444444,0.75,3.0681818181818183
9314,0.0,0.375,0.74,1.9733333333333334
9315,0.0,0.23529411764705882,0.8867924528301887,3.768867924528302
9316,0.0,0.3076923076923077,0.6470588235294118,2.1029411764705883
9317,0.0,0.28205128205128205,0.8787878787878788,3.115702479338843
9318,0.0,0.2978723404255319,0.8,2.685714285714286
9319,0.0,0.32432432432432434,0.7346938775510204,2.2653061224489797
9320,0.0,0.30303030303030304,0.847457627118644,2.796610169491525
9321,0.0,0.29545454545454547,0.8448275862068966,2.859416445623342
9322,0.0,0.19298245614035087,0.717391304347826,3.717391304347826
9323,0.0,0.21666666666666667,0.8235294117647058,3.8009049773755654
9324,0.0,0.2553191489361702,0.8333333333333334,3.2638888888888893
9325,0.0,0.20833333333333334,0.85,4.08
9326,0.0,0.19148936170212766,0.8125,4.243055555555555
9327,0.0,0.10810810810810811,0.7924528301886793,7.330188679245283
9328,0.0,0.2537313432835821,0.7413793103448276,2.9219066937119678
9329,0.0,0.37037037037037035,0.7285714285714285,1.967142857142857
9330,0.0,0.21428571428571427,0.8666666666666667,4.044444444444445
9331,0.0,0.2857142857142857,0.7142857142857143,2.5
9332,0.0,0.45454545454545453,0.8235294117647058,1.811764705882353
9333,0.0,0.2,0.5675675675675675,2.8378378378378377
9334,0.0,0.2545454545454545,0.6792452830188679,2.6684636118598384
9335,0.0,0.35555555555555557,0.8032786885245902,2.2592213114754096
9336,0.0,0.2558139534883721,0.717391304347826,2.804347826086956
9337,0.0,0.2641509433962264,0.8148148148148148,3.0846560846560847
9338,0.0,0.2727272727272727,0.7746478873239436,2.84037558685446
9339,0.0,0.24528301886792453,0.847457627118644,3.455019556714472
9340,0.0,0.1917808219178082,0.6862745098039216,3.5784313725490198
9341,0.0,0.35135135135135137,0.6415094339622641,1.8258345428156748
9342,0.0,0.21153846153846154,0.7966101694915254,3.7657935285053927
9343,0.0,0.18518518518518517,0.8387096774193549,4.529032258064516
9344,0.0,0.2978723404255319,0.7681159420289855,2.578674948240166
9345,0.0,0.20408163265306123,0.8478260869565217,4.154347826086957
9346,0.0,0.32608695652173914,0.5263157894736842,1.6140350877192982
9347,0.0,0.42857142857142855,0.703125,1.640625
9348,0.0,0.26785714285714285,0.7037037037037037,2.6271604938271604
9349,0.0,0.3902439024390244,0.8266666666666667,2.118333333333333
9350,0.0,0.1794871794871795,0.7777777777777778,4.333333333333333
9351,0.0,0.23214285714285715,0.7704918032786885,3.3190416141235812
9352,0.0,0.14583333333333334,0.8793103448275862,6.029556650246305
9353,0.0,0.19642857142857142,0.76,3.869090909090909
9354,0.0,0.25,0.6808510638297872,2.723404255319149
9355,0.0,0.23076923076923078,0.7037037037037037,3.0493827160493825
9356,0.0,0.23404255319148937,0.803921568627451,3.4349376114081998
9357,0.0,0.3,0.7611940298507462,2.537313432835821
9358,0.0,0.16923076923076924,0.6923076923076923,4.090909090909091
9359,0.0,0.14545454545454545,0.8297872340425532,5.704787234042553
9360,0.0,0.21568627450980393,0.7833333333333333,3.6318181818181814
9361,0.0,0.43333333333333335,0.7540983606557377,1.7402269861286253
9362,0.0,0.20833333333333334,0.8771929824561403,4.2105263157894735
9363,0.0,0.30434782608695654,0.627906976744186,2.0631229235880397
9364,0.0,0.1875,0.8723404255319149,4.652482269503547
9365,0.0,0.2619047619047619,0.7818181818181819,2.9851239669421488
9366,0.0,0.2608695652173913,0.6595744680851063,2.528368794326241
9367,0.0,0.1896551724137931,0.8032786885245902,4.235469448584203
9368,0.0,0.40816326530612246,0.6333333333333333,1.5516666666666665
9369,0.0,0.2978723404255319,0.8493150684931506,2.851272015655577
9370,0.0,0.32,0.6829268292682927,2.1341463414634148
9371,0.0,0.21739130434782608,0.8412698412698413,3.86984126984127
9372,0.0,0.2682926829268293,0.7454545454545455,2.778512396694215
9373,0.0,0.2545454545454545,0.7636363636363637,3.0000000000000004
9374,0.0,0.28846153846153844,0.8166666666666667,2.8311111111111114
9375,0.0,0.2857142857142857,0.7358490566037735,2.5754716981132075
9376,0.0,0.12903225806451613,0.7884615384615384,6.110576923076923
9377,0.0,0.23076923076923078,0.6666666666666666,2.8888888888888884
9378,0.0,0.21739130434782608,0.8222222222222222,3.7822222222222224
9379,0.0,0.20754716981132076,0.803030303030303,3.8691460055096414
9380,0.0,0.18333333333333332,0.5909090909090909,3.223140495867769
9381,0.0,0.38235294117647056,0.8805970149253731,2.3030998851894378
9382,0.0,0.24050632911392406,0.6545454545454545,2.721531100478469
9383,0.0,0.21428571428571427,0.6875,3.2083333333333335
9384,0.0,0.30357142857142855,0.7741935483870968,2.5502846299810247
9385,0.0,0.21052631578947367,0.8947368421052632,4.25
9386,0.0,0.24528301886792453,0.7962962962962963,3.2464387464387463
9387,0.0,0.25,0.72,2.88
9388,0.0,0.34545454545454546,0.625,1.8092105263157894
9389,0.0,0.35294117647058826,0.7230769230769231,2.0487179487179485
9390,0.0,0.3157894736842105,0.7285714285714285,2.307142857142857
9391,0.0,0.15384615384615385,0.65,4.225
9392,0.0,0.15384615384615385,0.7916666666666666,5.145833333333333
9393,0.0,0.25,0.8,3.2
9394,0.0,0.22807017543859648,0.7818181818181819,3.4279720279720283
9395,0.0,0.2558139534883721,0.7678571428571429,3.001623376623377
9396,0.0,0.22033898305084745,0.6666666666666666,3.0256410256410255
9397,0.0,0.19607843137254902,0.8636363636363636,4.404545454545454
9398,0.0,0.25757575757575757,0.847457627118644,3.2901296111665004
9399,0.0,0.3404255319148936,0.6458333333333334,1.8971354166666667
9400,0.0,0.1282051282051282,0.8421052631578947,6.568421052631579
9401,0.0,0.2549019607843137,0.6052631578947368,2.3744939271255063
9402,0.0,0.25,0.7209302325581395,2.883720930232558
9403,0.0,0.2222222222222222,0.7804878048780488,3.51219512195122
9404,0.0,0.25925925925925924,0.7307692307692307,2.818681318681319
9405,0.0,0.16666666666666666,0.847457627118644,5.084745762711864
9406,0.0,0.2857142857142857,0.803030303030303,2.8106060606060606
9407,0.0,0.35294117647058826,0.8333333333333334,2.361111111111111
9408,0.0,0.23404255319148937,0.8297872340425532,3.5454545454545454
9409,0.0,0.27450980392156865,0.7377049180327869,2.6873536299765806
9410,0.0,0.2,0.7111111111111111,3.5555555555555554
9411,0.0,0.23076923076923078,0.7142857142857143,3.0952380952380953
9412,0.0,0.16666666666666666,0.8823529411764706,5.294117647058823
9413,0.0,0.14545454545454545,0.7575757575757576,5.208333333333334
9414,0.0,0.2653061224489796,0.7962962962962963,3.001424501424501
9415,0.0,0.15873015873015872,0.7254901960784313,4.570588235294117
9416,0.0,0.375,0.8028169014084507,2.1408450704225355
9417,0.0,0.25,0.8253968253968254,3.3015873015873014
9418,0.0,0.2608695652173913,0.6808510638297872,2.6099290780141846
9419,0.0,0.2727272727272727,0.7868852459016393,2.8852459016393444
9420,0.0,0.5,0.7666666666666667,1.5333333333333334
9421,0.0,0.20833333333333334,0.8571428571428571,4.114285714285714
9422,0.0,0.3953488372093023,0.7894736842105263,1.996904024767802
9423,0.0,0.3181818181818182,0.7192982456140351,2.2606516290726817
9424,0.0,0.25,0.8157894736842105,3.263157894736842
9425,0.0,0.22641509433962265,0.8032786885245902,3.547814207650273
9426,0.0,0.3148148148148148,0.7818181818181819,2.483422459893048
9427,0.0,0.375,0.6923076923076923,1.846153846153846
9428,0.0,0.1509433962264151,0.7959183673469388,5.2729591836734695
9429,0.0,0.20689655172413793,0.7941176470588235,3.8382352941176467
9430,0.0,0.3333333333333333,0.84375,2.53125
9431,0.0,0.2653061224489796,0.711864406779661,2.6831812255541068
9432,0.0,0.24489795918367346,0.7758620689655172,3.168103448275862
9433,0.0,0.32608695652173914,0.8135593220338984,2.4949152542372883
9434,0.0,0.26229508196721313,0.6935483870967742,2.6441532258064515
9435,0.0,0.20634920634920634,0.6923076923076923,3.3550295857988166
9436,0.0,0.2413793103448276,0.7017543859649122,2.907268170426065
9437,0.0,0.2903225806451613,0.6551724137931034,2.256704980842912
9438,0.0,0.2727272727272727,0.8135593220338984,2.9830508474576276
9439,0.0,0.26153846153846155,0.6666666666666666,2.549019607843137
9440,0.0,0.3,0.78125,2.604166666666667
9441,0.0,0.21153846153846154,0.7049180327868853,3.3323397913561847
9442,0.0,0.3269230769230769,0.7627118644067796,2.333000997008973
9443,0.0,0.25,0.775,3.1
9444,0.0,0.2826086956521739,0.835820895522388,2.9575200918484503
9445,0.0,0.1774193548387097,0.7959183673469388,4.4860853432282
9446,0.0,0.3111111111111111,0.6981132075471698,2.2439353099730455
9447,0.0,0.22727272727272727,0.7884615384615384,3.4692307692307693
9448,0.0,0.16901408450704225,0.76,4.496666666666667
9449,0.0,0.2545454545454545,0.6851851851851852,2.6917989417989423
9450,0.0,0.25,0.6415094339622641,2.5660377358490565
9451,0.0,0.3611111111111111,0.8676470588235294,2.4027149321266967
9452,0.0,0.21739130434782608,0.7333333333333333,3.373333333333333
9453,0.0,0.32653061224489793,0.703125,2.1533203125
9454,0.0,0.2,0.7454545454545455,3.727272727272727
9455,0.0,0.16666666666666666,0.8,4.800000000000001
9456,0.0,0.288135593220339,0.7090909090909091,2.4609625668449198
9457,0.0,0.2972972972972973,0.7761194029850746,2.610583446404342
9458,0.0,0.2222222222222222,0.7681159420289855,3.456521739130435
9459,0.0,0.24,0.847457627118644,3.5310734463276834
9460,0.0,0.23636363636363636,0.7083333333333334,2.996794871794872
9461,0.0,0.2727272727272727,0.7551020408163265,2.7687074829931975
9462,0.0,0.18181818181818182,0.6744186046511628,3.7093023255813953
9463,0.0,0.3111111111111111,0.7843137254901961,2.5210084033613445
9464,0.0,0.2564102564102564,0.8253968253968254,3.219047619047619
9465,0.0,0.2549019607843137,0.723404255319149,2.8379705400982
9466,0.0,0.27450980392156865,0.625,2.276785714285714
9467,0.0,0.1956521739130435,0.819672131147541,4.18943533697632
9468,0.0,0.29545454545454547,0.6744186046511628,2.282647584973166
9469,0.0,0.2777777777777778,0.7142857142857143,2.571428571428571
9470,0.0,0.28846153846153844,0.8181818181818182,2.836363636363637
9471,0.0,0.2653061224489796,0.8275862068965517,3.119363395225464
9472,0.0,0.23076923076923078,0.8703703703703703,3.771604938271605
9473,0.0,0.3333333333333333,0.7727272727272727,2.3181818181818183
9474,0.0,0.09523809523809523,0.7954545454545454,8.352272727272727
9475,0.0,0.28846153846153844,0.796875,2.7625
9476,0.0,0.2,0.76,3.8
9477,0.0,0.36585365853658536,0.8194444444444444,2.2398148148148147
9478,0.0,0.25862068965517243,0.6885245901639344,2.662295081967213
9479,0.0,0.4,0.7183098591549296,1.795774647887324
9480,0.0,0.1875,0.8392857142857143,4.476190476190476
9481,0.0,0.2,0.8333333333333334,4.166666666666667
9482,0.0,0.3,0.7555555555555555,2.5185185185185186
9483,0.0,0.2702702702702703,0.7872340425531915,2.9127659574468083
9484,0.0,0.29310344827586204,0.6326530612244898,2.158463385354142
9485,0.0,0.2558139534883721,0.8305084745762712,3.24653312788906
9486,0.0,0.3137254901960784,0.8,2.5500000000000003
9487,0.0,0.39215686274509803,0.7538461538461538,1.9223076923076923
9488,0.0,0.21666666666666667,0.6530612244897959,3.0141287284144425
9489,0.0,0.2328767123287671,0.7,3.0058823529411764
9490,0.0,0.2926829268292683,0.7547169811320755,2.578616352201258
9491,0.0,0.30952380952380953,0.803030303030303,2.594405594405594
9492,0.0,0.22950819672131148,0.6481481481481481,2.824074074074074
9493,0.0,0.25,0.8153846153846154,3.2615384615384615
9494,0.0,0.2033898305084746,0.8055555555555556,3.960648148148148
9495,0.0,0.2391304347826087,0.8076923076923077,3.3776223776223775
9496,0.0,0.3508771929824561,0.7272727272727273,2.0727272727272728
9497,0.0,0.15151515151515152,0.8666666666666667,5.72
9498,0.0,0.30357142857142855,0.75,2.4705882352941178
9499,0.0,0.2631578947368421,0.7551020408163265,2.8693877551020406
9500,0.0,0.3,0.7166666666666667,2.388888888888889
9501,0.0,0.296875,0.7377049180327869,2.484900776531493
9502,0.0,0.2857142857142857,0.6666666666666666,2.3333333333333335
9503,0.0,0.4411764705882353,0.6964285714285714,1.5785714285714285
9504,0.0,0.3392857142857143,0.7457627118644068,2.198037466547725
9505,0.0,0.3,0.6551724137931034,2.1839080459770117
9506,0.0,0.275,0.7777777777777778,2.8282828282828283
9507,0.0,0.2222222222222222,0.8,3.6000000000000005
9508,0.0,0.27906976744186046,0.8,2.8666666666666667
9509,0.0,0.2711864406779661,0.6326530612244898,2.3329081632653064
9510,0.0,0.2391304347826087,0.864406779661017,3.6147919876733434
9511,0.0,0.34285714285714286,0.7966101694915254,2.323446327683616
9512,0.0,0.15555555555555556,0.8225806451612904,5.288018433179723
9513,0.0,0.2727272727272727,0.7903225806451613,2.8978494623655915
9514,0.0,0.2641509433962264,0.8070175438596491,3.0551378446115285
9515,0.0,0.24561403508771928,0.6666666666666666,2.7142857142857144
9516,0.0,0.22916666666666666,0.8461538461538461,3.6923076923076925
9517,0.0,0.38461538461538464,0.8148148148148148,2.1185185185185182
9518,0.0,0.20454545454545456,0.8333333333333334,4.074074074074074
9519,0.0,0.18181818181818182,0.8,4.4
9520,0.0,0.2857142857142857,0.7547169811320755,2.6415094339622645
9521,0.0,0.2692307692307692,0.75,2.785714285714286
9522,0.0,0.2692307692307692,0.7966101694915254,2.9588377723970947
9523,0.0,0.22857142857142856,0.7142857142857143,3.125
9524,0.0,0.18032786885245902,0.6956521739130435,3.857707509881423
9525,0.0,0.2608695652173913,0.8305084745762712,3.18361581920904
9526,0.0,0.26785714285714285,0.6724137931034483,2.510344827586207
9527,0.0,0.21739130434782608,0.7777777777777778,3.577777777777778
9528,0.0,0.25,0.7547169811320755,3.018867924528302
9529,0.0,0.16981132075471697,0.6571428571428571,3.86984126984127
9530,0.0,0.2916666666666667,0.72,2.4685714285714284
9531,0.0,0.41025641025641024,0.6666666666666666,1.625
9532,0.0,0.3488372093023256,0.7068965517241379,2.026436781609195
9533,0.0,0.26666666666666666,0.82,3.0749999999999997
9534,0.0,0.2916666666666667,0.7230769230769231,2.4791208791208788
9535,0.0,0.24561403508771928,0.6666666666666666,2.7142857142857144
9536,0.0,0.38461538461538464,0.7857142857142857,2.0428571428571427
9537,0.0,0.25806451612903225,0.8076923076923077,3.1298076923076925
9538,0.0,0.29411764705882354,0.7358490566037735,2.50188679245283
9539,0.0,0.2545454545454545,0.8305084745762712,3.26271186440678
9540,0.0,0.37142857142857144,0.7454545454545455,2.006993006993007
9541,0.0,0.22807017543859648,0.803921568627451,3.5248868778280547
9542,0.0,0.32142857142857145,0.6538461538461539,2.034188034188034
9543,0.0,0.2857142857142857,0.6727272727272727,2.3545454545454545
9544,0.0,0.20634920634920634,0.9148936170212766,4.433715220949264
9545,0.0,0.22413793103448276,0.7454545454545455,3.325874125874126
9546,0.0,0.22727272727272727,0.72,3.168
9547,0.0,0.23809523809523808,0.6739130434782609,2.830434782608696
9548,0.0,0.2708333333333333,0.7833333333333333,2.8923076923076927
9549,0.0,0.29545454545454547,0.8,2.707692307692308
9550,0.0,0.20689655172413793,0.7777777777777778,3.7592592592592595
9551,0.0,0.16666666666666666,0.9402985074626866,5.64179104477612
9552,0.0,0.23529411764705882,0.8076923076923077,3.432692307692308
9553,0.0,0.34782608695652173,0.6363636363636364,1.8295454545454546
9554,0.0,0.32727272727272727,0.7580645161290323,2.3163082437275984
9555,0.0,0.3333333333333333,0.7777777777777778,2.3333333333333335
9556,0.0,0.15384615384615385,0.90625,5.890625
9557,0.0,0.3404255319148936,0.7291666666666666,2.1419270833333335
9558,0.0,0.3064516129032258,0.6,1.9578947368421051
9559,0.0,0.3275862068965517,0.7735849056603774,2.361469712015889
9560,0.0,0.16071428571428573,0.8113207547169812,5.048218029350105
9561,0.0,0.2978723404255319,0.6170212765957447,2.0714285714285716
9562,0.0,0.3888888888888889,0.6551724137931034,1.6847290640394088
9563,0.0,0.15873015873015872,0.7962962962962963,5.016666666666667
9564,0.0,0.28888888888888886,0.6595744680851063,2.283142389525368
9565,0.0,0.28888888888888886,0.7678571428571429,2.6579670329670333
9566,0.0,0.25,0.7291666666666666,2.9166666666666665
9567,0.0,0.25,0.7647058823529411,3.0588235294117645
9568,0.0,0.2222222222222222,0.8035714285714286,3.616071428571429
9569,0.0,0.23255813953488372,0.8088235294117647,3.4779411764705883
9570,0.0,0.34615384615384615,0.5961538461538461,1.7222222222222223
9571,0.0,0.21818181818181817,0.6585365853658537,3.0182926829268295
9572,0.0,0.20408163265306123,0.7391304347826086,3.6217391304347823
9573,0.0,0.26,0.75,2.8846153846153846
9574,0.0,0.21212121212121213,0.7,3.3
9575,0.0,0.32075471698113206,0.6949152542372882,2.1665004985044867
9576,0.0,0.3392857142857143,0.6721311475409836,1.981018119068162
9577,0.0,0.2,0.864406779661017,4.322033898305085
9578,0.0,0.2545454545454545,0.7321428571428571,2.876275510204082
9579,0.0,0.30612244897959184,0.7358490566037735,2.40377358490566
9580,0.0,0.23255813953488372,0.847457627118644,3.6440677966101696
9581,0.0,0.2807017543859649,0.7586206896551724,2.7025862068965516
9582,0.0,0.24528301886792453,0.7021276595744681,2.862520458265139
9583,0.0,0.17142857142857143,0.7924528301886793,4.622641509433962
9584,0.0,0.3111111111111111,0.7857142857142857,2.5255102040816326
9585,0.0,0.2608695652173913,0.8518518518518519,3.2654320987654324
9586,0.0,0.23404255319148937,0.7794117647058824,3.3302139037433154
9587,0.0,0.1836734693877551,0.7833333333333333,4.264814814814814
9588,0.0,0.18518518518518517,0.8490566037735849,4.584905660377359
9589,0.0,0.21428571428571427,0.7058823529411765,3.294117647058824
9590,0.0,0.3,0.7962962962962963,2.6543209876543212
9591,0.0,0.2727272727272727,0.7454545454545455,2.733333333333334
9592,0.0,0.25,0.8857142857142857,3.5428571428571427
9593,0.0,0.3617021276595745,0.7368421052631579,2.0371517027863772
9594,0.0,0.2777777777777778,0.8727272727272727,3.1418181818181816
9595,0.0,0.35555555555555557,0.7971014492753623,2.2418478260869565
9596,0.0,0.35714285714285715,0.6226415094339622,1.7433962264150942
9597,0.0,0.3170731707317073,0.7,2.2076923076923074
9598,0.0,0.22388059701492538,0.5483870967741935,2.4494623655913976
9599,0.0,0.20588235294117646,0.6666666666666666,3.238095238095238
9600,0.0,0.4222222222222222,0.7611940298507462,1.802827965435978
9601,0.0,0.25,0.8421052631578947,3.3684210526315788
9602,0.0,0.2765957446808511,0.6909090909090909,2.497902097902098
9603,0.0,0.24193548387096775,0.7966101694915254,3.2926553672316383
9604,0.0,0.17307692307692307,0.7592592592592593,4.386831275720165
9605,0.0,0.1509433962264151,0.7631578947368421,5.05592105263158
9606,0.0,0.2631578947368421,0.6964285714285714,2.6464285714285714
9607,0.0,0.2647058823529412,0.873015873015873,3.2980599647266313
9608,0.0,0.3090909090909091,0.7704918032786885,2.492767598842816
9609,0.0,0.25,0.8,3.2
9610,0.0,0.2727272727272727,0.7735849056603774,2.836477987421384
9611,0.0,0.29411764705882354,0.8918918918918919,3.032432432432432
9612,0.0,0.1590909090909091,0.8870967741935484,5.576036866359447
9613,0.0,0.26666666666666666,0.7894736842105263,2.960526315789474
9614,0.0,0.23404255319148937,0.8333333333333334,3.5606060606060606
9615,0.0,0.1836734693877551,0.9137931034482759,4.975095785440613
9616,0.0,0.3,0.6909090909090909,2.303030303030303
9617,0.0,0.40425531914893614,0.8166666666666667,2.020175438596491
9618,0.0,0.12195121951219512,0.8666666666666667,7.106666666666667
9619,0.0,0.3269230769230769,0.7540983606557377,2.3066538090646094
9620,0.0,0.27450980392156865,0.6666666666666666,2.4285714285714284
9621,0.0,0.2903225806451613,0.6666666666666666,2.296296296296296
9622,0.0,0.2702702702702703,0.7833333333333333,2.898333333333333
9623,0.0,0.36363636363636365,0.6721311475409836,1.8483606557377048
9624,0.0,0.4375,0.6615384615384615,1.512087912087912
9625,0.0,0.21951219512195122,0.8703703703703703,3.9650205761316872
9626,0.0,0.23333333333333334,0.7719298245614035,3.308270676691729
9627,0.0,0.2127659574468085,0.7959183673469388,3.740816326530612
9628,0.0,0.23728813559322035,0.6862745098039216,2.892156862745098
9629,0.0,0.2127659574468085,0.8545454545454545,4.016363636363636
9630,0.0,0.2545454545454545,0.6304347826086957,2.476708074534162
9631,0.0,0.23404255319148937,0.8382352941176471,3.5815508021390374
9632,0.0,0.25,0.8653846153846154,3.4615384615384617
9633,0.0,0.22580645161290322,0.8360655737704918,3.7025761124121783
9634,0.0,0.3389830508474576,0.7166666666666667,2.1141666666666667
9635,0.0,0.3170731707317073,0.8070175438596491,2.545209176788124
9636,0.0,0.2708333333333333,0.8461538461538461,3.1242603550295858
9637,0.0,0.20833333333333334,0.8333333333333334,4.0
9638,0.0,0.25862068965517243,0.6610169491525424,2.55593220338983
9639,0.0,0.35555555555555557,0.6792452830188679,1.910377358490566
9640,0.0,0.28,0.6666666666666666,2.3809523809523805
9641,0.0,0.22641509433962265,0.7391304347826086,3.264492753623188
9642,0.0,0.3333333333333333,0.8235294117647058,2.4705882352941178
9643,0.0,0.275,0.723404255319149,2.630560928433269
9644,0.0,0.12280701754385964,0.7777777777777778,6.333333333333334
9645,0.0,0.2545454545454545,0.6,2.357142857142857
9646,0.0,0.29508196721311475,0.7014925373134329,2.377280265339967
9647,0.0,0.2391304347826087,0.8032786885245902,3.3591654247391953
9648,0.0,0.19148936170212766,0.84375,4.40625
9649,0.0,0.19117647058823528,0.7454545454545455,3.8993006993007
9650,0.0,0.18421052631578946,0.7592592592592593,4.121693121693122
9651,0.0,0.1346153846153846,0.9166666666666666,6.809523809523809
9652,0.0,0.3409090909090909,0.6923076923076923,2.0307692307692307
9653,0.0,0.38095238095238093,0.6949152542372882,1.8241525423728815
9654,0.0,0.1794871794871795,0.8205128205128205,4.571428571428571
9655,0.0,0.3469387755102041,0.7307692307692307,2.1063348416289593
9656,0.0,0.3902439024390244,0.7288135593220338,1.8675847457627117
9657,0.0,0.16666666666666666,0.7142857142857143,4.2857142857142865
9658,0.0,0.13636363636363635,0.85,6.233333333333333
9659,0.0,0.3076923076923077,0.8363636363636363,2.718181818181818
9660,0.0,0.23255813953488372,0.8852459016393442,3.8065573770491805
9661,0.0,0.18333333333333332,0.7291666666666666,3.9772727272727275
9662,0.0,0.24489795918367346,0.7058823529411765,2.882352941176471
9663,0.0,0.14285714285714285,0.782608695652174,5.478260869565218
9664,0.0,0.2692307692307692,0.6808510638297872,2.5288753799392096
9665,0.0,0.15517241379310345,0.75,4.833333333333333
9666,0.0,0.18181818181818182,0.896551724137931,4.931034482758621
9667,0.0,0.3,0.7666666666666667,2.555555555555556
9668,0.0,0.35185185185185186,0.7538461538461538,2.14251012145749
9669,0.0,0.25,0.8,3.2
9670,0.0,0.26,0.68,2.6153846153846154
9671,0.0,0.20634920634920634,0.5853658536585366,2.8367729831144466
9672,0.0,0.36585365853658536,0.8571428571428571,2.342857142857143
9673,0.0,0.23076923076923078,0.7857142857142857,3.4047619047619047
9674,0.0,0.34210526315789475,0.6458333333333334,1.8878205128205128
9675,0.0,0.39285714285714285,0.7575757575757576,1.9283746556473829
9676,0.0,0.21052631578947367,0.75,3.5625
9677,0.0,0.2,0.6060606060606061,3.0303030303030303
9678,0.0,0.2653061224489796,0.8795180722891566,3.315106580166821
9679,0.0,0.40425531914893614,0.7169811320754716,1.7735849056603774
9680,0.0,0.15873015873015872,0.7551020408163265,4.757142857142857
9681,0.0,0.22950819672131148,0.6470588235294118,2.819327731092437
9682,0.0,0.3695652173913043,0.6,1.6235294117647059
9683,0.0,0.14583333333333334,0.8928571428571429,6.122448979591836
9684,0.0,0.3055555555555556,0.8615384615384616,2.8195804195804195
9685,0.0,0.358974358974359,0.7878787878787878,2.1948051948051948
9686,0.0,0.3333333333333333,0.75,2.25
9687,0.0,0.21818181818181817,0.8823529411764706,4.044117647058823
9688,0.0,0.21428571428571427,0.7966101694915254,3.7175141242937855
9689,0.0,0.125,0.9333333333333333,7.466666666666667
9690,0.0,0.2894736842105263,0.819672131147541,2.831594634873323
9691,0.0,0.3333333333333333,0.7692307692307693,2.307692307692308
9692,0.0,0.3333333333333333,0.7666666666666667,2.3000000000000003
9693,0.0,0.21153846153846154,0.7636363636363637,3.609917355371901
9694,0.0,0.18309859154929578,0.7727272727272727,4.22027972027972
9695,0.0,0.45,0.7619047619047619,1.693121693121693
9696,0.0,0.2549019607843137,0.7678571428571429,3.0123626373626378
9697,0.0,0.38,0.6041666666666666,1.5899122807017543
9698,0.0,0.34210526315789475,0.5952380952380952,1.73992673992674
9699,0.0,0.22641509433962265,0.8064516129032258,3.561827956989247
9700,0.0,0.29545454545454547,0.8,2.707692307692308
9701,0.0,0.2641509433962264,0.8421052631578947,3.18796992481203
9702,0.0,0.26666666666666666,0.7619047619047619,2.857142857142857
9703,0.0,0.21739130434782608,0.803921568627451,3.6980392156862747
9704,0.0,0.27941176470588236,0.746268656716418,2.670856245090338
9705,0.0,0.15555555555555556,0.7954545454545454,5.113636363636363
9706,0.0,0.19607843137254902,0.7833333333333333,3.995
9707,0.0,0.37735849056603776,0.7142857142857143,1.8928571428571428
9708,0.0,0.35294117647058826,0.6956521739130435,1.971014492753623
9709,0.0,0.32558139534883723,0.8070175438596491,2.478696741854636
9710,0.0,0.20512820512820512,0.7317073170731707,3.567073170731707
9711,0.0,0.375,0.7555555555555555,2.0148148148148146
9712,0.0,0.2826086956521739,0.8095238095238095,2.8644688644688645
9713,0.0,0.3333333333333333,0.6271186440677966,1.88135593220339
9714,0.0,0.14035087719298245,0.8333333333333334,5.937500000000001
9715,0.0,0.2028985507246377,0.8301886792452831,4.091644204851752
9716,0.0,0.20833333333333334,0.7659574468085106,3.676595744680851
9717,0.0,0.35555555555555557,0.6792452830188679,1.910377358490566
9718,0.0,0.32653061224489793,0.7586206896551724,2.3232758620689657
9719,0.0,0.25,0.864406779661017,3.457627118644068
9720,0.0,0.2033898305084746,0.7358490566037735,3.617924528301886
9721,0.0,0.2765957446808511,0.8070175438596491,2.9176788124156543
9722,0.0,0.32432432432432434,0.7846153846153846,2.419230769230769
9723,0.0,0.27450980392156865,0.7868852459016393,2.866510538641686
9724,0.0,0.2391304347826087,0.6764705882352942,2.828877005347594
9725,0.0,0.275,0.7543859649122807,2.7432216905901115
9726,0.0,0.2857142857142857,0.8095238095238095,2.8333333333333335
9727,0.0,0.25925925925925924,0.7450980392156863,2.873949579831933
9728,0.0,0.2909090909090909,0.8611111111111112,2.9600694444444446
9729,0.0,0.26666666666666666,0.8333333333333334,3.125
9730,0.0,0.22950819672131148,0.7441860465116279,3.2425249169435215
9731,0.0,0.25862068965517243,0.6792452830188679,2.6264150943396225
9732,0.0,0.1875,0.68,3.626666666666667
9733,0.0,0.3125,0.7966101694915254,2.549152542372881
9734,0.0,0.18867924528301888,0.7872340425531915,4.172340425531915
9735,0.0,0.3958333333333333,0.5740740740740741,1.4502923976608189
9736,0.0,0.3684210526315789,0.7777777777777778,2.111111111111111
9737,0.0,0.2909090909090909,0.7358490566037735,2.5294811320754715
9738,0.0,0.30952380952380953,0.6909090909090909,2.232167832167832
9739,0.0,0.2807017543859649,0.7457627118644068,2.6567796610169494
9740,0.0,0.3023255813953488,0.8,2.6461538461538465
9741,0.0,0.18,0.7380952380952381,4.100529100529101
9742,0.0,0.24390243902439024,0.7727272727272727,3.168181818181818
9743,0.0,0.25862068965517243,0.6444444444444445,2.4918518518518518
9744,0.0,0.2857142857142857,0.7666666666666667,2.6833333333333336
9745,0.0,0.3333333333333333,0.6046511627906976,1.813953488372093
9746,0.0,0.2553191489361702,0.7073170731707317,2.7703252032520327
9747,0.0,0.3488372093023256,0.8225806451612904,2.358064516129032
9748,0.0,0.22807017543859648,0.7333333333333333,3.2153846153846155
9749,0.0,0.19672131147540983,0.7959183673469388,4.045918367346939
9750,0.0,0.13157894736842105,0.8909090909090909,6.770909090909091
9751,0.0,0.19607843137254902,0.7192982456140351,3.668421052631579
9752,0.0,0.27586206896551724,0.8133333333333334,2.9483333333333333
9753,0.0,0.21568627450980393,0.7291666666666666,3.380681818181818
9754,0.0,0.28846153846153844,0.7222222222222222,2.503703703703704
9755,0.0,0.25925925925925924,0.7818181818181819,3.015584415584416
9756,0.0,0.25,0.765625,3.0625
9757,0.0,0.2542372881355932,0.8305084745762712,3.266666666666667
9758,0.0,0.14035087719298245,0.8222222222222222,5.858333333333333
9759,0.0,0.21428571428571427,0.7608695652173914,3.5507246376811596
9760,0.0,0.288135593220339,0.7142857142857143,2.4789915966386555
9761,0.0,0.3,0.8666666666666667,2.8888888888888893
9762,0.0,0.2,0.8490566037735849,4.245283018867925
9763,0.0,0.3103448275862069,0.625,2.013888888888889
9764,0.0,0.2127659574468085,0.6666666666666666,3.1333333333333333
9765,0.0,0.175,0.8596491228070176,4.912280701754386
9766,0.0,0.3333333333333333,0.7457627118644068,2.2372881355932206
9767,0.0,0.2391304347826087,0.75,3.1363636363636362
9768,0.0,0.4,0.734375,1.8359375
9769,0.0,0.25,0.7735849056603774,3.0943396226415096
9770,0.0,0.3333333333333333,0.7966101694915254,2.3898305084745766
9771,0.0,0.2413793103448276,0.7222222222222222,2.992063492063492
9772,0.0,0.2222222222222222,0.7555555555555555,3.4
9773,0.0,0.23529411764705882,0.8125,3.453125
9774,0.0,0.2830188679245283,0.8032786885245902,2.8382513661202187
9775,0.0,0.3695652173913043,0.7142857142857143,1.9327731092436977
9776,0.0,0.14,0.8095238095238095,5.782312925170068
9777,0.0,0.175,0.7931034482758621,4.532019704433498
9778,0.0,0.24390243902439024,0.8431372549019608,3.4568627450980394
9779,0.0,0.2653061224489796,0.7457627118644068,2.8109517601043024
9780,0.0,0.1956521739130435,0.72,3.6799999999999997
9781,0.0,0.25,0.7872340425531915,3.148936170212766
9782,0.0,0.27906976744186046,0.7818181818181819,2.8015151515151517
9783,0.0,0.2553191489361702,0.7714285714285715,3.021428571428572
9784,0.0,0.22033898305084745,0.8596491228070176,3.901484480431849
9785,0.0,0.2972972972972973,0.7878787878787878,2.650137741046832
9786,0.0,0.17857142857142858,0.8163265306122449,4.571428571428571
9787,0.0,0.24,0.8333333333333334,3.4722222222222223
9788,0.0,0.15517241379310345,0.7045454545454546,4.540404040404041
9789,0.0,0.19047619047619047,0.8870967741935484,4.657258064516129
9790,0.0,0.2830188679245283,0.75,2.65
9791,0.0,0.18867924528301888,0.7567567567567568,4.010810810810811
9792,0.0,0.2608695652173913,0.8245614035087719,3.1608187134502925
9793,0.0,0.22807017543859648,0.6136363636363636,2.690559440559441
9794,0.0,0.2653061224489796,0.7681159420289855,2.8952062430323298
9795,0.0,0.2033898305084746,0.7857142857142857,3.8630952380952377
9796,0.0,0.3023255813953488,0.7894736842105263,2.6113360323886643
9797,0.0,0.45161290322580644,0.75,1.6607142857142858
9798,0.0,0.24561403508771928,0.8113207547169812,3.3032345013477094
9799,0.0,0.28888888888888886,0.7796610169491526,2.6988265971316823
9800,0.0,0.3125,0.8235294117647058,2.635294117647059
9801,0.0,0.3111111111111111,0.7735849056603774,2.486522911051213
9802,0.0,0.2857142857142857,0.7333333333333333,2.5666666666666664
9803,0.0,0.22413793103448276,0.7333333333333333,3.2717948717948717
9804,0.0,0.35,0.6451612903225806,1.8433179723502304
9805,0.0,0.3125,0.6440677966101694,2.0610169491525423
9806,0.0,0.3333333333333333,0.7971014492753623,2.391304347826087
9807,0.0,0.3076923076923077,0.7096774193548387,2.306451612903226
9808,0.0,0.2222222222222222,0.8548387096774194,3.8467741935483875
9809,0.0,0.24,0.7450980392156863,3.104575163398693
9810,0.0,0.19148936170212766,0.8367346938775511,4.369614512471656
9811,0.0,0.32558139534883723,0.7962962962962963,2.4457671957671954
9812,0.0,0.23214285714285715,0.7777777777777778,3.3504273504273505
9813,0.0,0.22916666666666666,0.6956521739130435,3.0355731225296445
9814,0.0,0.21818181818181817,0.7678571428571429,3.5193452380952386
9815,0.0,0.22058823529411764,0.75,3.4
9816,0.0,0.25,0.803921568627451,3.215686274509804
9817,0.0,0.23684210526315788,0.8431372549019608,3.559912854030501
9818,0.0,0.2641509433962264,0.7241379310344828,2.741379310344828
9819,0.0,0.2916666666666667,0.88,3.017142857142857
9820,0.0,0.2653061224489796,0.8125,3.0625
9821,0.0,0.19642857142857142,0.7674418604651163,3.906976744186047
9822,0.0,0.2,0.875,4.375
9823,0.0,0.17777777777777778,0.8070175438596491,4.539473684210526
9824,0.0,0.38,0.6271186440677966,1.6503122212310437
9825,0.0,0.2727272727272727,0.7638888888888888,2.800925925925926
9826,0.0,0.3170731707317073,0.8923076923076924,2.814201183431953
9827,0.0,0.29411764705882354,0.6730769230769231,2.2884615384615388
9828,0.0,0.2619047619047619,0.86,3.2836363636363632
9829,0.0,0.3333333333333333,0.7258064516129032,2.17741935483871
9830,0.0,0.3469387755102041,0.703125,2.026654411764706
9831,0.0,0.23809523809523808,0.7380952380952381,3.1000000000000005
9832,0.0,0.2698412698412698,0.6935483870967742,2.570208728652752
9833,0.0,0.24242424242424243,0.7142857142857143,2.9464285714285716
9834,0.0,0.19672131147540983,0.7857142857142857,3.994047619047619
9835,0.0,0.3191489361702128,0.8305084745762712,2.6022598870056495
9836,0.0,0.14583333333333334,0.7916666666666666,5.428571428571428
9837,0.0,0.25,0.7966101694915254,3.1864406779661016
9838,0.0,0.2807017543859649,0.639344262295082,2.2776639344262297
9839,0.0,0.2857142857142857,0.7804878048780488,2.731707317073171
9840,0.0,0.20833333333333334,0.7543859649122807,3.621052631578947
9841,0.0,0.3404255319148936,0.7090909090909091,2.0829545454545455
9842,0.0,0.24193548387096775,0.7678571428571429,3.173809523809524
9843,0.0,0.2,0.6111111111111112,3.055555555555556
9844,0.0,0.24,0.7868852459016393,3.278688524590164
9845,0.0,0.2962962962962963,0.7936507936507936,2.6785714285714284
9846,0.0,0.2978723404255319,0.8103448275862069,2.7204433497536944
9847,0.0,0.24489795918367346,0.7857142857142857,3.2083333333333335
9848,0.0,0.358974358974359,0.8333333333333334,2.3214285714285716
9849,0.0,0.3492063492063492,0.6857142857142857,1.9636363636363638
9850,0.0,0.22727272727272727,0.78,3.4320000000000004
9851,0.0,0.3469387755102041,0.6451612903225806,1.8595825426944972
9852,0.0,0.27450980392156865,0.6,2.1857142857142855
9853,0.0,0.2857142857142857,0.6956521739130435,2.4347826086956523
9854,0.0,0.2631578947368421,0.7592592592592593,2.8851851851851853
9855,0.0,0.21568627450980393,0.7413793103448276,3.43730407523511
9856,0.0,0.30952380952380953,0.7288135593220338,2.3546284224250322
9857,0.0,0.1956521739130435,0.9148936170212766,4.67612293144208
9858,0.0,0.29545454545454547,0.8387096774193549,2.838709677419355
9859,0.0,0.24074074074074073,0.7017543859649122,2.91497975708502
9860,0.0,0.18518518518518517,0.7903225806451613,4.267741935483871
9861,0.0,0.3684210526315789,0.7307692307692307,1.9835164835164836
9862,0.0,0.3,0.7547169811320755,2.515723270440252
9863,0.0,0.23809523809523808,0.7457627118644068,3.132203389830509
9864,0.0,0.2765957446808511,0.673469387755102,2.434850863422292
9865,0.0,0.225,0.8676470588235294,3.8562091503267975
9866,0.0,0.275,0.803921568627451,2.9233511586452763
9867,0.0,0.23076923076923078,0.8275862068965517,3.5862068965517238
9868,0.0,0.27450980392156865,0.8235294117647058,2.9999999999999996
9869,0.0,0.2857142857142857,0.7894736842105263,2.7631578947368425
9870,0.0,0.2978723404255319,0.8032786885245902,2.69672131147541
9871,0.0,0.2708333333333333,0.6666666666666666,2.4615384615384617
9872,0.0,0.29411764705882354,0.8028169014084507,2.7295774647887323
9873,0.0,0.3157894736842105,0.66,2.0900000000000003
9874,0.0,0.1864406779661017,0.7647058823529411,4.101604278074866
9875,0.0,0.2807017543859649,0.7166666666666667,2.553125
9876,0.0,0.2558139534883721,0.7719298245614035,3.0175438596491224
9877,0.0,0.3673469387755102,0.7246376811594203,1.9726247987117551
9878,0.0,0.22,0.7857142857142857,3.571428571428571
9879,0.0,0.2857142857142857,0.7727272727272727,2.7045454545454546
9880,0.0,0.3333333333333333,0.7647058823529411,2.2941176470588234
9881,0.0,0.21818181818181817,0.7555555555555555,3.4629629629629632
9882,0.0,0.22727272727272727,0.8301886792452831,3.6528301886792454
9883,0.0,0.2413793103448276,0.8,3.3142857142857145
9884,0.0,0.25,0.7962962962962963,3.185185185185185
9885,0.0,0.3076923076923077,0.7761194029850746,2.5223880597014925
9886,0.0,0.21153846153846154,0.8666666666666667,4.096969696969698
9887,0.0,0.2916666666666667,0.6779661016949152,2.324455205811138
9888,0.0,0.28846153846153844,0.8225806451612904,2.851612903225807
9889,0.0,0.35135135135135137,0.8169014084507042,2.325027085590466
9890,0.0,0.16666666666666666,0.8507462686567164,5.104477611940299
9891,0.0,0.28888888888888886,0.7272727272727273,2.517482517482518
9892,0.0,0.391304347826087,0.7166666666666667,1.8314814814814815
9893,0.0,0.22413793103448276,0.8448275862068966,3.769230769230769
9894,0.0,0.4358974358974359,0.782608695652174,1.7953964194373402
9895,0.0,0.3235294117647059,0.8333333333333334,2.5757575757575757
9896,0.0,0.3103448275862069,0.7241379310344828,2.3333333333333335
9897,0.0,0.3333333333333333,0.7407407407407407,2.2222222222222223
9898,0.0,0.14634146341463414,0.8571428571428571,5.857142857142857
9899,0.0,0.21311475409836064,0.6511627906976745,3.055456171735242
9900,0.0,0.28888888888888886,0.803030303030303,2.77972027972028
9901,0.0,0.1836734693877551,0.7407407407407407,4.032921810699588
9902,0.0,0.2765957446808511,0.75,2.7115384615384612
9903,0.0,0.3023255813953488,0.8032786885245902,2.656998738965952
9904,0.0,0.4117647058823529,0.84,2.04
9905,0.0,0.32653061224489793,0.7580645161290323,2.3215725806451615
9906,0.0,0.391304347826087,0.726027397260274,1.8554033485540335
9907,0.0,0.22727272727272727,0.8115942028985508,3.5710144927536236
9908,0.0,0.2037037037037037,0.8181818181818182,4.016528925619835
9909,0.0,0.2608695652173913,0.8769230769230769,3.3615384615384616
9910,0.0,0.3018867924528302,0.8125,2.69140625
9911,0.0,0.09803921568627451,0.9090909090909091,9.272727272727273
9912,0.0,0.28,0.7307692307692307,2.6098901098901095
9913,0.0,0.16393442622950818,0.8125,4.956250000000001
9914,0.0,0.23809523809523808,0.7111111111111111,2.986666666666667
9915,0.0,0.18867924528301888,0.7021276595744681,3.7212765957446807
9916,0.0,0.2,0.7555555555555555,3.7777777777777777
9917,0.0,0.3695652173913043,0.7636363636363637,2.0663101604278076
9918,0.0,0.2711864406779661,0.8285714285714286,3.055357142857143
9919,0.0,0.19230769230769232,0.7407407407407407,3.8518518518518516
9920,0.0,0.26666666666666666,0.8260869565217391,3.097826086956522
9921,0.0,0.27906976744186046,0.7857142857142857,2.8154761904761902
9922,0.0,0.1509433962264151,0.8032786885245902,5.32172131147541
9923,0.0,0.2830188679245283,0.6981132075471698,2.466666666666667
9924,0.0,0.2653061224489796,0.7209302325581395,2.7173524150268333
9925,0.0,0.3125,0.8181818181818182,2.618181818181818
9926,0.0,0.38461538461538464,0.8245614035087719,2.143859649122807
9927,0.0,0.25,0.8181818181818182,3.272727272727273
9928,0.0,0.1,0.8679245283018868,8.679245283018867
9929,0.0,0.22727272727272727,0.8214285714285714,3.6142857142857143
9930,0.0,0.10869565217391304,0.7608695652173914,7.000000000000001
9931,0.0,0.42105263157894735,0.7733333333333333,1.8366666666666667
9932,0.0,0.22641509433962265,0.7868852459016393,3.4754098360655736
9933,0.0,0.23255813953488372,0.8225806451612904,3.537096774193549
9934,0.0,0.1875,0.7446808510638298,3.971631205673759
9935,0.0,0.23529411764705882,0.7288135593220338,3.097457627118644
9936,0.0,0.26865671641791045,0.6153846153846154,2.290598290598291
9937,0.0,0.14285714285714285,0.8269230769230769,5.788461538461538
9938,0.0,0.30612244897959184,0.6530612244897959,2.1333333333333333
9939,0.0,0.25,0.7142857142857143,2.857142857142857
9940,0.0,0.37735849056603776,0.6176470588235294,1.636764705882353
9941,0.0,0.20833333333333334,0.8428571428571429,4.045714285714285
9942,0.0,0.21666666666666667,0.7636363636363637,3.5244755244755246
9943,0.0,0.22033898305084745,0.6956521739130435,3.157190635451505
9944,0.0,0.2978723404255319,0.6739130434782609,2.2624223602484475
9945,0.0,0.2608695652173913,0.8,3.066666666666667
9946,0.0,0.23809523809523808,0.7755102040816326,3.257142857142857
9947,0.0,0.3157894736842105,0.7068965517241379,2.2385057471264367
9948,0.0,0.19298245614035087,0.6326530612244898,3.2782931354359928
9949,0.0,0.2545454545454545,0.675,2.651785714285715
9950,0.0,0.2727272727272727,0.6666666666666666,2.4444444444444446
9951,0.0,0.2857142857142857,0.7619047619047619,2.6666666666666665
9952,0.0,0.23333333333333334,0.8823529411764706,3.7815126050420167
9953,0.0,0.32653061224489793,0.6444444444444445,1.9736111111111114
9954,0.0,0.1875,0.8235294117647058,4.3921568627450975
9955,0.0,0.2558139534883721,0.7450980392156863,2.912655971479501
9956,0.0,0.20930232558139536,0.7142857142857143,3.4126984126984126
9957,0.0,0.25,0.7368421052631579,2.9473684210526314
9958,0.0,0.29545454545454547,0.8235294117647058,2.7873303167420813
9959,0.0,0.3050847457627119,0.7346938775510204,2.4081632653061225
9960,0.0,0.22033898305084745,0.7966101694915254,3.6153846153846154
9961,0.0,0.2727272727272727,0.7619047619047619,2.7936507936507935
9962,0.0,0.3269230769230769,0.7627118644067796,2.333000997008973
9963,0.0,0.25,0.7936507936507936,3.1746031746031744
9964,0.0,0.3333333333333333,0.803921568627451,2.4117647058823533
9965,0.0,0.20512820512820512,0.8305084745762712,4.048728813559322
9966,0.0,0.2682926829268293,0.7758620689655172,2.891849529780564
9967,0.0,0.3409090909090909,0.7936507936507936,2.328042328042328
9968,0.0,0.23076923076923078,0.8222222222222222,3.5629629629629624
9969,0.0,0.32558139534883723,0.6724137931034483,2.065270935960591
9970,0.0,0.24489795918367346,0.7380952380952381,3.0138888888888893
9971,0.0,0.2608695652173913,0.8524590163934426,3.26775956284153
9972,0.0,0.17647058823529413,0.8333333333333334,4.722222222222222
9973,0.0,0.18,0.8367346938775511,4.648526077097506
9974,0.0,0.25,0.84,3.36
9975,0.0,0.17647058823529413,0.8571428571428571,4.857142857142857
9976,0.0,0.2553191489361702,0.7142857142857143,2.797619047619048
9977,0.0,0.3829787234042553,0.8142857142857143,2.126190476190476
9978,0.0,0.16981132075471697,0.6976744186046512,4.108527131782946
9979,0.0,0.23214285714285715,0.7209302325581395,3.1055456171735236
9980,0.0,0.17307692307692307,0.7804878048780488,4.509485094850949
9981,0.0,0.21818181818181817,0.7857142857142857,3.6011904761904763
9982,0.0,0.26,0.7843137254901961,3.0165912518853695
9983,0.0,0.2857142857142857,0.7966101694915254,2.788135593220339
9984,0.0,0.15217391304347827,0.875,5.75
9985,0.0,0.23404255319148937,0.8070175438596491,3.4481658692185007
9986,0.0,0.2,0.725,3.6249999999999996
9987,0.0,0.13333333333333333,0.8297872340425532,6.223404255319148
9988,0.0,0.22916666666666666,0.75,3.272727272727273
9989,0.0,0.30357142857142855,0.7391304347826086,2.4347826086956523
9990,0.0,0.2830188679245283,0.7586206896551724,2.6804597701149424
9991,0.0,0.3958333333333333,0.7413793103448276,1.8729582577132489
9992,0.0,0.3050847457627119,0.7346938775510204,2.4081632653061225
9993,0.0,0.3018867924528302,0.7288135593220338,2.414194915254237
9994,0.0,0.2608695652173913,0.7894736842105263,3.0263157894736845
9995,0.0,0.4146341463414634,0.7291666666666666,1.758578431372549
9996,0.0,0.2826086956521739,0.8269230769230769,2.92603550295858
9997,0.0,0.1864406779661017,0.723404255319149,3.8800773694390718
9998,0.0,0.2631578947368421,0.75,2.85
9999,0.0,0.2641509433962264,0.6808510638297872,2.5775075987841944
