sample_id,participant_id,diagnosis_label,disease_group_binary,16S_composition_branch__SCFA_butyrate,16S_composition_branch__pathobiont_inflammatory_potential,Host_transcriptomics_branch__epithelial_barrier_repair,Host_transcriptomics_branch__host_immune_activation,MBX_metabolomics_branch__SCFA_butyrate,MBX_metabolomics_branch__aromatic_amino_acid_indole,MBX_metabolomics_branch__bile_acid,MBX_metabolomics_branch__mucin_carbohydrate,MBX_metabolomics_branch__oxidative_stress_lipid,MGX_EC_function_branch__SCFA_butyrate,MGX_EC_function_branch__aromatic_amino_acid_indole,MGX_EC_function_branch__bile_acid,MGX_EC_function_branch__mucin_carbohydrate,MGX_EC_function_branch__oxidative_stress_lipid,MGX_EC_function_branch__pathobiont_inflammatory_potential,MGX_pathway_function_branch__SCFA_butyrate,MGX_pathway_function_branch__aromatic_amino_acid_indole,MGX_pathway_function_branch__bile_acid,MGX_pathway_function_branch__mucin_carbohydrate,MGX_pathway_function_branch__oxidative_stress_lipid,MGX_pathway_function_branch__pathobiont_inflammatory_potential,MGX_taxonomy_branch__SCFA_butyrate,MGX_taxonomy_branch__pathobiont_inflammatory_potential,MPX_EC_function_branch__SCFA_butyrate,MPX_EC_function_branch__aromatic_amino_acid_indole,MPX_EC_function_branch__bile_acid,MPX_EC_function_branch__mucin_carbohydrate,MPX_EC_function_branch__oxidative_stress_lipid,MPX_EC_function_branch__pathobiont_inflammatory_potential,MPX_KO_function_branch__SCFA_butyrate,MPX_KO_function_branch__aromatic_amino_acid_indole,MPX_KO_function_branch__bile_acid,MPX_KO_function_branch__mucin_carbohydrate,MPX_KO_function_branch__oxidative_stress_lipid,MPX_KO_function_branch__pathobiont_inflammatory_potential,MTX_EC_activity_branch__SCFA_butyrate,MTX_EC_activity_branch__aromatic_amino_acid_indole,MTX_EC_activity_branch__bile_acid,MTX_EC_activity_branch__mucin_carbohydrate,MTX_EC_activity_branch__oxidative_stress_lipid,MTX_EC_activity_branch__pathobiont_inflammatory_potential,MTX_pathway_activity_branch__SCFA_butyrate,MTX_pathway_activity_branch__aromatic_amino_acid_indole,MTX_pathway_activity_branch__bile_acid,MTX_pathway_activity_branch__mucin_carbohydrate,MTX_pathway_activity_branch__oxidative_stress_lipid,MTX_pathway_activity_branch__pathobiont_inflammatory_potential,Serology_branch__serology_inflammation_anchor,Viromics_branch__pathobiont_inflammatory_potential,Viromics_branch__phage_bacteria_interaction
206454,M2008,CD,1,,,,,,,,,,,,,,,,,,,,,,,,,,,,,,,,,,,,,,,,,,,,,,,,-0.811797745908356,,
206458,M2021,CD,1,,,,,,,,,,,,,,,,,,,,,,,,,,,,,,,,,,,,,,,,,,,,,,,,-1.6720336447152546,,
206459,M2008,CD,1,,,,,,,,,,,,,,,,,,,,,,,,,,,,,,,,,,,,,,,,,,,,,,,,-0.748786247339469,,
206460,M2014,CD,1,,,,,,,,,,,,,,,,,,,,,,,,,,,,,,,,,,,,,,,,,,,,,,,,0.5742199595092065,,
206461,M2025,CD,1,,,,,,,,,,,,,,,,,,,,,,,,,,,,,,,,,,,,,,,,,,,,,,,,-0.610568570158261,,
206462,M2026,UC,1,,,,,,,,,,,,,,,,,,,,,,,,,,,,,,,,,,,,,,,,,,,,,,,,1.0666915008444153,,
206463,M2028,CD,1,,,,,,,,,,,,,,,,,,,,,,,,,,,,,,,,,,,,,,,,,,,,,,,,-0.6794447002272498,,
206465,M2027,CD,1,,,,,,,,,,,,,,,,,,,,,,,,,,,,,,,,,,,,,,,,,,,,,,,,-0.8855055787604795,,
206466,M2014,CD,1,,,,,,,,,,,,,,,,,,,,,,,,,,,,,,,,,,,,,,,,,,,,,,,,0.7055717186014075,,
206467,M2008,CD,1,,,,,,,,,,,,,,,,,,,,,,,,,,,,,,,,,,,,,,,,,,,,,,,,-1.0461206764353739,,
206468,M2021,CD,1,,,,,,,,,,,,,,,,,,,,,,,,,,,,,,,,,,,,,,,,,,,,,,,,-1.3806970598548352,,
206469,M2034,CD,1,,,,,,,,,,,,,,,,,,,,,,,,,,,,,,,,,,,,,,,,,,,,,,,,-0.9428564754797801,,
206471,M2039,nonIBD,0,,,,,,,,,,,,,,,,,,,,,,,,,,,,,,,,,,,,,,,,,,,,,,,,-1.0763625622567794,,
206472,M2026,UC,1,,,,,,,,,,,,,,,,,,,,,,,,,,,,,,,,,,,,,,,,,,,,,,,,1.0454159031100463,,
206473,M2028,CD,1,,,,,,,,,,,,,,,,,,,,,,,,,,,,,,,,,,,,,,,,,,,,,,,,-0.6986202726046806,,
206494,H4001,CD,1,,,,,,,,,,,,,,,,,,,,,,,,,,,,,,,,,,,,,,,,,,,,,,,,1.5381121076610615,,
206497,H4004,CD,1,,,,,,,,,,,,,,,,,,,,,,,,,,,,,,,,,,,,,,,,,,,,,,,,1.5536839951436436,,
206498,H4006,CD,1,,,,,,,,,,,,,,,,,,,,,,,,,,,,,,,,,,,,,,,,,,,,,,,,-0.8660092417568946,,
206499,H4008,nonIBD,0,,,,,,,,,,,,,,,,,,,,,,,,,,,,,,,,,,,,,,,,,,,,,,,,-0.9313620155700629,,
206501,H4007,CD,1,,,,,,,,,,,,,,,,,,,,,,,,,,,,,,,,,,,,,,,,,,,,,,,,0.41994236582708144,,
206502,H4001,CD,1,,,,,,,,,,,,,,,,,,,,,,,,,,,,,,,,,,,,,,,,,,,,,,,,1.5252895128655026,,
206503,H4009,nonIBD,0,,,,,,,,,,,,,,,,,,,,,,,,,,,,,,,,,,,,,,,,,,,,,,,,-1.0191557020991535,,
206504,H4010,UC,1,,,,,,,,,,,,,,,,,,,,,,,,,,,,,,,,,,,,,,,,,,,,,,,,-0.5065310139666321,,
206507,H4013,nonIBD,0,,,,,,,,,,,,,,,,,,,,,,,,,,,,,,,,,,,,,,,,,,,,,,,,-1.506028372120688,,
206508,H4014,CD,1,,,,,,,,,,,,,,,,,,,,,,,,,,,,,,,,,,,,,,,,,,,,,,,,-0.5085554463822726,,
206509,H4007,CD,1,,,,,,,,,,,,,,,,,,,,,,,,,,,,,,,,,,,,,,,,,,,,,,,,-0.0008048474941586316,,
206510,H4001,CD,1,,,,,,,,,,,,,,,,,,,,,,,,,,,,,,,,,,,,,,,,,,,,,,,,1.57299370683111,,
206511,H4004,CD,1,,,,,,,,,,,,,,,,,,,,,,,,,,,,,,,,,,,,,,,,,,,,,,,,2.240420740516803,,
206512,H4016,nonIBD,0,,,,,,,,,,,,,,,,,,,,,,,,,,,,,,,,,,,,,,,,,,,,,,,,-0.1723920064741316,,
206513,H4015,CD,1,,,,,,,,,,,,,,,,,,,,,,,,,,,,,,,,,,,,,,,,,,,,,,,,1.576300312590896,,
206516,E5004,UC,1,,,,,,,,,,,,,,,,,,,,,,,,,,,,,,,,,,,,,,,,,,,,,,,,1.8559856823956664,,
206527,E5004,UC,1,,,,,,,,,,,,,,,,,,,,,,,,,,,,,,,,,,,,,,,,,,,,,,,,1.0044100317705114,,
206528,E5013,CD,1,,,,,,,,,,,,,,,,,,,,,,,,,,,,,,,,,,,,,,,,,,,,,,,,-0.5482609587384538,,
206529,E5009,CD,1,,,,,,,,,,,,,,,,,,,,,,,,,,,,,,,,,,,,,,,,,,,,,,,,-0.5687704893677319,,
206534,M2008,CD,1,-0.45890409892278783,-2.517277843489474,,,,,,,,,,,,,,,,,,,,,,,,,,,,,,,,,,,,,,,,,,,,,,,,
206536,M2008,CD,1,-0.24251132110758084,-1.9831424114705527,,,,,,,,,,,,,,,,,,,,,,,,,,,,,,,,,,,,,,,,,,,,,,,,
206538,M2008,CD,1,0.5541559372766734,-3.0703159895023893,,,,,,,,,,,,,,,,,,,,,,,,,,,,,,,,,,,,,,,,,,,,,,,,
206547,M2014,CD,1,0.5356719590350714,6.430968119212976,,,,,,,,,,,,,,,,,,,,,,,,,,,,,,,,,,,,,,,,,,,,,,,,
206548,M2014,CD,1,0.86888170115351,-0.07676976910184916,,,,,,,,,,,,,,,,,,,,,,,,,,,,,,,,,,,,,,,,,,,,,,,,
206561,M2021,CD,1,-1.282930016005973,-1.44209175279675,,,,,,,,,,,,,,,,,,,,,,,,,,,,,,,,,,,,,,,,,,,,,,,,
206562,M2021,CD,1,-1.4820409845523408,-1.8402966873605953,,,,,,,,,,,,,,,,,,,,,,,,,,,,,,,,,,,,,,,,,,,,,,,,
206563,M2021,CD,1,-1.018215492183731,-8.623967376023645,,,,,,,,,,,,,,,,,,,,,,,,,,,,,,,,,,,,,,,,,,,,,,,,
206564,M2021,CD,1,0.39279256110921423,0.42925467739170486,,,,,,,,,,,,,,,,,,,,,,,,,,,,,,,,,,,,,,,,,,,,,,,,
206569,M2025,CD,1,-0.6892107735859748,-0.6773489810720776,,,,,,,,,,,,,,,,,,,,,,,,,,,,,,,,,,,,,,,,,,,,,,,,
206570,M2025,CD,1,-0.8673805478202914,-0.9264920036275033,,,,,,,,,,,,,,,,,,,,,,,,,,,,,,,,,,,,,,,,,,,,,,,,
206571,M2026,UC,1,-0.11753298733310645,0.4327559457113223,,,,,,,,,,,,,,,,,,,,,,,,,,,,,,,,,,,,,,,,,,,,,,,,
206572,M2026,UC,1,0.08324118256527589,-0.5703192980042441,,,,,,,,,,,,,,,,,,,,,,,,,,,,,,,,,,,,,,,,,,,,,,,,
206603,M2026,UC,1,-0.20128322311944716,-0.4804503765026991,,,,,,,,,,,,,,,,,,,,,,,,,,,,,,,,,,,,,,,,,,,,,,,,
206604,M2027,CD,1,-0.6100908612350412,1.5474607842229813,,,,,,,,,,,,,,,,,,,,,,,,,,,,,,,,,,,,,,,,,,,,,,,,
206605,M2027,CD,1,-0.6625672629787173,0.12760311979865815,,,,,,,,,,,,,,,,,,,,,,,,,,,,,,,,,,,,,,,,,,,,,,,,
206608,M2028,CD,1,-0.352019666479873,-1.3205458619127821,,,,,,,,,,,,,,,,,,,,,,,,,,,,,,,,,,,,,,,,,,,,,,,,
206609,M2028,CD,1,-0.3346897340359813,-0.9172535374824471,,,,,,,,,,,,,,,,,,,,,,,,,,,,,,,,,,,,,,,,,,,,,,,,
206614,C3001,CD,1,1.2165637628455206,0.85878219962727,,,,,,,,,,,,,,,,,,,,,,,,,,,,,,,,,,,,,,,,,,,,,,,,
206615,C3001,CD,1,0.44869316152635796,-0.82323453670681,,,,,,,,,,,,,,,,,,,,,,,,,,,,,,,,,,,,,,,,,,,,,,,,
206616,C3002,CD,1,1.798448455435818,1.0208173344008802,,,,,,,,,,,,,,,,,,,,,,,,,,,,,,,,,,,,,,,,,,,,,,,,
206617,C3002,CD,1,1.424009707768306,0.6662517468552206,,,,,,,,,,,,,,,,,,,,,,,,,,,,,,,,,,,,,,,,,,,,,,,,
206618,C3002,CD,1,1.6545702580681663,0.3067979567267636,,,,,,,,,,,,,,,,,,,,,,,,,,,,,,,,,,,,,,,,,,,,,,,,
206619,C3002,CD,1,1.045340613184877,0.33767740024632037,,,,,,,,,,,,,,,,,,,,,,,,,,,,,,,,,,,,,,,,,,,,,,,,
206620,C3003,UC,1,1.832767660991093,0.03579944466660755,,,,,,,,,,,,,,,,,,,,,,,,,,,,,,,,,,,,,,,,,,,,,,,,
206621,C3003,UC,1,1.8689065121027895,0.170127017176157,,,,,,,,,,,,,,,,,,,,,,,,,,,,,,,,,,,,,,,,,,,,,,,,
206622,C3003,UC,1,0.4241515014456048,4.549835394482879,,,,,,,,,,,,,,,,,,,,,,,,,,,,,,,,,,,,,,,,,,,,,,,,
206623,C3004,UC,1,0.865076119445954,-0.061076110551536715,,,,,,,,,,,,,,,,,,,,,,,,,,,,,,,,,,,,,,,,,,,,,,,,
206624,C3004,UC,1,0.9164840997565233,-2.6995862243988777,,,,,,,,,,,,,,,,,,,,,,,,,,,,,,,,,,,,,,,,,,,,,,,,
206625,C3004,UC,1,0.6828951280607138,-0.46644570956265746,,,,,,,,,,,,,,,,,,,,,,,,,,,,,,,,,,,,,,,,,,,,,,,,
206626,C3004,UC,1,1.6104144621936523,-0.25853174312008165,,,,,,,,,,,,,,,,,,,,,,,,,,,,,,,,,,,,,,,,,,,,,,,,
206627,C3005,UC,1,1.8038063295385276,1.7725155141776574,,,,,,,,,,,,,,,,,,,,,,,,,,,,,,,,,,,,,,,,,,,,,,,,
206628,C3005,UC,1,1.7754934223807917,0.7148588460359204,,,,,,,,,,,,,,,,,,,,,,,,,,,,,,,,,,,,,,,,,,,,,,,,
206629,C3006,UC,1,-0.21437950859067115,1.047822222600412,,,,,,,,,,,,,,,,,,,,,,,,,,,,,,,,,,,,,,,,,,,,,,,,
206630,C3006,UC,1,-0.4398773918265317,0.08939055562651317,,,,,,,,,,,,,,,,,,,,,,,,,,,,,,,,,,,,,,,,,,,,,,,,
206635,C3011,UC,1,-1.8025870282424126,-0.31488008472835766,,,,,,,,,,,,,,,,,,,,,,,,,,,,,,,,,,,,,,,,,,,,,,,,
206636,C3011,UC,1,1.3545031688493427,-0.06643306745610235,,,,,,,,,,,,,,,,,,,,,,,,,,,,,,,,,,,,,,,,,,,,,,,,
206643,C3015,UC,1,0.0023570559385831563,1.3342863261350175,,,,,,,,,,,,,,,,,,,,,,,,,,,,,,,,,,,,,,,,,,,,,,,,
206644,C3015,UC,1,0.20399415514819538,0.40132872283145304,,,,,,,,,,,,,,,,,,,,,,,,,,,,,,,,,,,,,,,,,,,,,,,,
206645,C3016,CD,1,0.3460082535685396,1.553744864820807,,,,,,,,,,,,,,,,,,,,,,,,,,,,,,,,,,,,,,,,,,,,,,,,
206646,C3016,CD,1,-2.031123136692832,-2.3969398342647583,,,,,,,,,,,,,,,,,,,,,,,,,,,,,,,,,,,,,,,,,,,,,,,,
206647,C3017,CD,1,-0.642485230130174,-1.5601595256256595,,,,,,,,,,,,,,,,,,,,,,,,,,,,,,,,,,,,,,,,,,,,,,,,
206648,C3017,CD,1,-0.5696327082470161,0.022375609543382042,,,,,,,,,,,,,,,,,,,,,,,,,,,,,,,,,,,,,,,,,,,,,,,,
206655,C3021,CD,1,0.32442551758701543,-0.5897109115263138,,,,,,,,,,,,,,,,,,,,,,,,,,,,,,,,,,,,,,,,,,,,,,,,
206656,C3021,CD,1,0.2267130879482258,-0.8962371047777351,,,,,,,,,,,,,,,,,,,,,,,,,,,,,,,,,,,,,,,,,,,,,,,,
206657,C3022,nonIBD,0,0.015406685019354915,1.2340935448655226,,,,,,,,,,,,,,,,,,,,,,,,,,,,,,,,,,,,,,,,,,,,,,,,
206658,C3022,nonIBD,0,-0.29082286453301587,2.592484579260032,,,,,,,,,,,,,,,,,,,,,,,,,,,,,,,,,,,,,,,,,,,,,,,,
206659,C3023,CD,1,0.48984281301888366,-0.7240023225743455,,,,,,,,,,,,,,,,,,,,,,,,,,,,,,,,,,,,,,,,,,,,,,,,
206660,C3023,CD,1,0.9991841132942839,-0.8852583602352752,,,,,,,,,,,,,,,,,,,,,,,,,,,,,,,,,,,,,,,,,,,,,,,,
206667,C3027,CD,1,-0.6985659917540721,-1.094248389044739,,,,,,,,,,,,,,,,,,,,,,,,,,,,,,,,,,,,,,,,,,,,,,,,
206668,C3027,CD,1,1.366836125835361,0.23097397161460664,,,,,,,,,,,,,,,,,,,,,,,,,,,,,,,,,,,,,,,,,,,,,,,,
206669,C3029,UC,1,1.0383505672552853,0.044790261967720665,,,,,,,,,,,,,,,,,,,,,,,,,,,,,,,,,,,,,,,,,,,,,,,,
206670,C3029,UC,1,-1.4683641328182548,-0.6519826768706876,,,,,,,,,,,,,,,,,,,,,,,,,,,,,,,,,,,,,,,,,,,,,,,,
206671,C3030,CD,1,1.7438960805772277,1.3600132480542668,,,,,,,,,,,,,,,,,,,,,,,,,,,,,,,,,,,,,,,,,,,,,,,,
206672,C3030,CD,1,1.7427689095719978,2.08114451802308,,,,,,,,,,,,,,,,,,,,,,,,,,,,,,,,,,,,,,,,,,,,,,,,
206673,C3031,CD,1,-0.7240275047649389,-0.003455878642588521,,,,,,,,,,,,,,,,,,,,,,,,,,,,,,,,,,,,,,,,,,,,,,,,
206675,C3032,UC,1,1.0876170154617812,0.40447031462072514,,,,,,,,,,,,,,,,,,,,,,,,,,,,,,,,,,,,,,,,,,,,,,,,
206676,C3032,UC,1,-0.43234297102447433,0.28101497731377095,,,,,,,,,,,,,,,,,,,,,,,,,,,,,,,,,,,,,,,,,,,,,,,,
206677,C3034,UC,1,0.6407443598652295,-4.366304050195398,,,,,,,,,,,,,,,,,,,,,,,,,,,,,,,,,,,,,,,,,,,,,,,,
206678,C3034,UC,1,-0.21483320248173027,0.9353391103016386,,,,,,,,,,,,,,,,,,,,,,,,,,,,,,,,,,,,,,,,,,,,,,,,
206681,C3035,CD,1,0.5512046491204818,0.18863991519866177,,,,,,,,,,,,,,,,,,,,,,,,,,,,,,,,,,,,,,,,,,,,,,,,
206682,C3035,CD,1,0.03325802856544642,-0.5572936404012395,,,,,,,,,,,,,,,,,,,,,,,,,,,,,,,,,,,,,,,,,,,,,,,,
206683,C3037,UC,1,-0.6469233522630098,-0.496616507832771,,,,,,,,,,,,,,,,,,,,,,,,,,,,,,,,,,,,,,,,,,,,,,,,
206684,C3037,UC,1,-1.2405829801816197,-0.1998957295938273,,,,,,,,,,,,,,,,,,,,,,,,,,,,,,,,,,,,,,,,,,,,,,,,
206695,H4001,CD,1,1.506977513340603,-0.19701575265336804,,,,,,,,,,,,,,,,,,,,,,,,,,,,,,,,,,,,,,,,,,,,,,,,
206700,H4004,CD,1,0.9662330578891563,0.8246872991530122,,,,,,,,,,,,,,,,,,,,,,,,,,,,,,,,,,,,,,,,,,,,,,,,
206701,H4006,CD,1,0.3675915866515731,0.645976318385845,,,,,,,,,,,,,,,,,,,,,,,,,,,,,,,,,,,,,,,,,,,,,,,,
206702,H4006,CD,1,0.9950757346858763,0.498593125842916,,,,,,,,,,,,,,,,,,,,,,,,,,,,,,,,,,,,,,,,,,,,,,,,
206703,H4008,nonIBD,0,-0.6651149158699818,-0.3246006484389579,,,,,,,,,,,,,,,,,,,,,,,,,,,,,,,,,,,,,,,,,,,,,,,,
206704,H4008,nonIBD,0,-0.9322921042607137,-0.04327522053812054,,,,,,,,,,,,,,,,,,,,,,,,,,,,,,,,,,,,,,,,,,,,,,,,
206708,H4007,CD,1,-1.323395096967615,0.5437186023120245,,,,,,,,,,,,,,,,,,,,,,,,,,,,,,,,,,,,,,,,,,,,,,,,
206709,H4007,CD,1,-1.0223146874874138,0.054098473662315585,,,,,,,,,,,,,,,,,,,,,,,,,,,,,,,,,,,,,,,,,,,,,,,,
206710,H4009,nonIBD,0,-0.9219273425705059,-0.17052057650475586,,,,,,,,,,,,,,,,,,,,,,,,,,,,,,,,,,,,,,,,,,,,,,,,
206711,H4009,nonIBD,0,-0.6779012795245912,-0.02898274257455474,,,,,,,,,,,,,,,,,,,,,,,,,,,,,,,,,,,,,,,,,,,,,,,,
206712,H4010,UC,1,-0.7463589703833446,-0.7134763414996981,,,,,,,,,,,,,,,,,,,,,,,,,,,,,,,,,,,,,,,,,,,,,,,,
206713,H4010,UC,1,-0.7957818202282462,-0.33699750518692,,,,,,,,,,,,,,,,,,,,,,,,,,,,,,,,,,,,,,,,,,,,,,,,
206718,H4013,nonIBD,0,-0.1758115305000118,-0.5164429260996033,,,,,,,,,,,,,,,,,,,,,,,,,,,,,,,,,,,,,,,,,,,,,,,,
206719,H4013,nonIBD,0,-0.6160189726594899,-0.4523428902985938,,,,,,,,,,,,,,,,,,,,,,,,,,,,,,,,,,,,,,,,,,,,,,,,
206720,H4014,CD,1,-0.8033428443188263,-0.48615069221507085,,,,,,,,,,,,,,,,,,,,,,,,,,,,,,,,,,,,,,,,,,,,,,,,
206721,H4014,CD,1,-0.68729185843957,0.038978778996202675,,,,,,,,,,,,,,,,,,,,,,,,,,,,,,,,,,,,,,,,,,,,,,,,
206723,H4015,CD,1,1.8881320317172303,0.0868874843104718,,,,,,,,,,,,,,,,,,,,,,,,,,,,,,,,,,,,,,,,,,,,,,,,
206724,H4015,CD,1,1.0618820499976076,0.37816527890372303,,,,,,,,,,,,,,,,,,,,,,,,,,,,,,,,,,,,,,,,,,,,,,,,
206725,H4016,nonIBD,0,-0.4884338400844497,0.8331594691857261,,,,,,,,,,,,,,,,,,,,,,,,,,,,,,,,,,,,,,,,,,,,,,,,
206726,H4016,nonIBD,0,-0.4149073508221224,0.7215766162207132,,,,,,,,,,,,,,,,,,,,,,,,,,,,,,,,,,,,,,,,,,,,,,,,
206727,H4017,CD,1,-0.3722976251835314,-0.672805963261068,,,,,,,,,,,,,,,,,,,,,,,,,,,,,,,,,,,,,,,,,,,,,,,,
206728,H4017,CD,1,-0.5744115804089011,-1.143802240484708,,,,,,,,,,,,,,,,,,,,,,,,,,,,,,,,,,,,,,,,,,,,,,,,
206729,H4018,nonIBD,0,1.7308671877825088,-0.45121353710496515,,,,,,,,,,,,,,,,,,,,,,,,,,,,,,,,,,,,,,,,,,,,,,,,
206730,H4018,nonIBD,0,1.3523643693948284,1.0320736021226573,,,,,,,,,,,,,,,,,,,,,,,,,,,,,,,,,,,,,,,,,,,,,,,,
206731,H4019,UC,1,-0.8091981265673461,-1.5587705606209274,,,,,,,,,,,,,,,,,,,,,,,,,,,,,,,,,,,,,,,,,,,,,,,,
206732,H4019,UC,1,-0.7239010266681191,-0.9977084556974933,,,,,,,,,,,,,,,,,,,,,,,,,,,,,,,,,,,,,,,,,,,,,,,,
206733,H4020,CD,1,0.014760096951749898,0.3436970223821224,,,,,,,,,,,,,,,,,,,,,,,,,,,,,,,,,,,,,,,,,,,,,,,,
206734,H4020,CD,1,-0.09207774007548669,0.45352207602559513,,,,,,,,,,,,,,,,,,,,,,,,,,,,,,,,,,,,,,,,,,,,,,,,
206738,H4022,nonIBD,0,-0.02881936754247727,2.7281336699015357,,,,,,,,,,,,,,,,,,,,,,,,,,,,,,,,,,,,,,,,,,,,,,,,
206739,H4022,nonIBD,0,-1.3113075951897897,0.6363360671515899,,,,,,,,,,,,,,,,,,,,,,,,,,,,,,,,,,,,,,,,,,,,,,,,
206740,H4023,nonIBD,0,-0.6596709492078591,-0.286794867056074,,,,,,,,,,,,,,,,,,,,,,,,,,,,,,,,,,,,,,,,,,,,,,,,
206741,H4023,nonIBD,0,-0.7485599136336163,0.006120832171785232,,,,,,,,,,,,,,,,,,,,,,,,,,,,,,,,,,,,,,,,,,,,,,,,
206742,H4024,nonIBD,0,-0.602488856391718,-0.3691425187540049,,,,,,,,,,,,,,,,,,,,,,,,,,,,,,,,,,,,,,,,,,,,,,,,
206743,H4024,nonIBD,0,-0.5215175709130553,-0.45711814342619206,,,,,,,,,,,,,,,,,,,,,,,,,,,,,,,,,,,,,,,,,,,,,,,,
206746,H4007,CD,1,-0.24178888062884094,1.1750259418033282,,,,,,,,,,,,,,,,,,,,,,,,,,,,,,,,,,,,,,,,,,,,,,,,
206747,H4007,CD,1,-0.1091562439120036,0.4315390479912346,,,,,,,,,,,,,,,,,,,,,,,,,,,,,,,,,,,,,,,,,,,,,,,,
206750,H4028,CD,1,-0.630243150107038,2.076287368986409,,,,,,,,,,,,,,,,,,,,,,,,,,,,,,,,,,,,,,,,,,,,,,,,
206751,H4028,CD,1,-0.7115206771175122,-0.5606411463788445,,,,,,,,,,,,,,,,,,,,,,,,,,,,,,,,,,,,,,,,,,,,,,,,
206752,H4008,nonIBD,0,-1.5566616252354801,-1.035092674345726,,,,,,,,,,,,,,,,,,,,,,,,,,,,,,,,,,,,,,,,,,,,,,,,
206753,H4008,nonIBD,0,-1.6398782891678827,-0.5357609345993267,,,,,,,,,,,,,,,,,,,,,,,,,,,,,,,,,,,,,,,,,,,,,,,,
206754,H4019,UC,1,-0.9770954126425928,3.672749855822589,,,,,,,,,,,,,,,,,,,,,,,,,,,,,,,,,,,,,,,,,,,,,,,,
206755,H4031,CD,1,-0.7140423092436501,-0.7175402840074456,,,,,,,,,,,,,,,,,,,,,,,,,,,,,,,,,,,,,,,,,,,,,,,,
206756,H4031,CD,1,-0.6082067502892229,-0.43387282307834135,,,,,,,,,,,,,,,,,,,,,,,,,,,,,,,,,,,,,,,,,,,,,,,,
206757,H4004,CD,1,0.006700696367414638,-1.7528443457312644,,,,,,,,,,,,,,,,,,,,,,,,,,,,,,,,,,,,,,,,,,,,,,,,
206758,H4004,CD,1,-0.14794945020012762,-1.3198822784359372,,,,,,,,,,,,,,,,,,,,,,,,,,,,,,,,,,,,,,,,,,,,,,,,
206761,H4035,UC,1,-0.5406076148901355,0.7187855150037226,,,,,,,,,,,,,,,,,,,,,,,,,,,,,,,,,,,,,,,,,,,,,,,,
206762,H4035,UC,1,-0.5313920404393989,2.5080491892524623,,,,,,,,,,,,,,,,,,,,,,,,,,,,,,,,,,,,,,,,,,,,,,,,
206766,H4038,CD,1,0.585381245631083,0.305200632682764,,,,,,,,,,,,,,,,,,,,,,,,,,,,,,,,,,,,,,,,,,,,,,,,
206767,H4038,CD,1,0.8815891228902882,0.6987065037945828,,,,,,,,,,,,,,,,,,,,,,,,,,,,,,,,,,,,,,,,,,,,,,,,
206768,H4039,CD,1,1.541606285480048,-0.0761564542214955,,,,,,,,,,,,,,,,,,,,,,,,,,,,,,,,,,,,,,,,,,,,,,,,
206769,H4039,CD,1,1.9038443068703224,-0.31377708127674553,,,,,,,,,,,,,,,,,,,,,,,,,,,,,,,,,,,,,,,,,,,,,,,,
206770,H4040,UC,1,-0.747568802921499,0.7059717336716664,,,,,,,,,,,,,,,,,,,,,,,,,,,,,,,,,,,,,,,,,,,,,,,,
214994,M2034,CD,1,0.8880177947619863,-0.7041990153463888,,,,,,,,,,,,,,,,,,,,,,,,,,,,,,,,,,,,,,,,,,,,,,,,
214995,M2034,CD,1,0.1584119102659657,1.5238189420493602,,,,,,,,,,,,,,,,,,,,,,,,,,,,,,,,,,,,,,,,,,,,,,,,
215003,M2039,nonIBD,0,-0.32816447550565464,-0.51386118085053,,,,,,,,,,,,,,,,,,,,,,,,,,,,,,,,,,,,,,,,,,,,,,,,
215004,M2039,nonIBD,0,1.2019991944127812,-0.2083396147616338,,,,,,,,,,,,,,,,,,,,,,,,,,,,,,,,,,,,,,,,,,,,,,,,
215007,M2041,nonIBD,0,-0.2595412392376328,0.622618794992719,,,,,,,,,,,,,,,,,,,,,,,,,,,,,,,,,,,,,,,,,,,,,,,,
215008,M2041,nonIBD,0,0.44244158724707766,0.8080803629401576,,,,,,,,,,,,,,,,,,,,,,,,,,,,,,,,,,,,,,,,,,,,,,,,
215009,M2042,nonIBD,0,-1.646636782491322,0.5625250363805526,,,,,,,,,,,,,,,,,,,,,,,,,,,,,,,,,,,,,,,,,,,,,,,,
215010,M2042,nonIBD,0,-1.7415879103553331,0.10364221114708196,,,,,,,,,,,,,,,,,,,,,,,,,,,,,,,,,,,,,,,,,,,,,,,,
215023,M2008,CD,1,-0.7126969538302728,-2.355808738297434,,,,,,,,,,,,,,,,,,,,,,,,,,,,,,,,,,,,,,,,,,,,,,,,
215048,M2047,nonIBD,0,-1.466101897954866,-0.11943570056371923,,,,,,,,,,,,,,,,,,,,,,,,,,,,,,,,,,,,,,,,,,,,,,,,
215049,M2047,nonIBD,0,1.8181811232010563,0.6624531682294124,,,,,,,,,,,,,,,,,,,,,,,,,,,,,,,,,,,,,,,,,,,,,,,,
215050,M2008,CD,1,-1.187815701321757,-1.38978344170543,,,,,,,,,,,,,,,,,,,,,,,,,,,,,,,,,,,,,,,,,,,,,,,,
215055,M2060,nonIBD,0,-0.31117642085625014,-0.6200169484670358,,,,,,,,,,,,,,,,,,,,,,,,,,,,,,,,,,,,,,,,,,,,,,,,
215056,M2060,nonIBD,0,-0.4793064562313334,0.5480571718603825,,,,,,,,,,,,,,,,,,,,,,,,,,,,,,,,,,,,,,,,,,,,,,,,
215057,M2061,nonIBD,0,-0.5620018083429398,1.062267510227811,,,,,,,,,,,,,,,,,,,,,,,,,,,,,,,,,,,,,,,,,,,,,,,,
215058,M2061,nonIBD,0,-0.15063503472564027,1.4141211253204193,,,,,,,,,,,,,,,,,,,,,,,,,,,,,,,,,,,,,,,,,,,,,,,,
215061,M2064,UC,1,-0.9620868646181238,1.085828434817209,,,,,,,,,,,,,,,,,,,,,,,,,,,,,,,,,,,,,,,,,,,,,,,,
215062,M2064,UC,1,-0.9781791054765528,-0.7584028360893303,,,,,,,,,,,,,,,,,,,,,,,,,,,,,,,,,,,,,,,,,,,,,,,,
215067,M2025,CD,1,-0.863439390921579,-0.8093146702408114,,,,,,,,,,,,,,,,,,,,,,,,,,,,,,,,,,,,,,,,,,,,,,,,
215074,M2072,nonIBD,0,-1.172213767450032,-0.9528249529454005,,,,,,,,,,,,,,,,,,,,,,,,,,,,,,,,,,,,,,,,,,,,,,,,
215075,M2068,CD,1,0.08353179624628324,0.1612980366897422,,,,,,,,,,,,,,,,,,,,,,,,,,,,,,,,,,,,,,,,,,,,,,,,
215076,M2068,CD,1,-0.0015937226443636457,-0.5228543712038672,,,,,,,,,,,,,,,,,,,,,,,,,,,,,,,,,,,,,,,,,,,,,,,,
215077,M2072,nonIBD,0,-2.0258337836048104,-0.8983450142645714,,,,,,,,,,,,,,,,,,,,,,,,,,,,,,,,,,,,,,,,,,,,,,,,
215080,M2069,UC,1,-0.9362673969356098,-1.2075737270902644,,,,,,,,,,,,,,,,,,,,,,,,,,,,,,,,,,,,,,,,,,,,,,,,
215084,M2028,CD,1,0.38455014081473193,0.11657311577331808,,,,,,,,,,,,,,,,,,,,,,,,,,,,,,,,,,,,,,,,,,,,,,,,
215085,M2028,CD,1,1.0082593183331425,-0.19311061870931628,,,,,,,,,,,,,,,,,,,,,,,,,,,,,,,,,,,,,,,,,,,,,,,,
219183,M2025,CD,1,,,,,,,,,,,,,,,,,,,,,,,,,,,,,,,,,,,,,,,,,,,,,,,,-0.789677871220341,,
219184,M2042,nonIBD,0,,,,,,,,,,,,,,,,,,,,,,,,,,,,,,,,,,,,,,,,,,,,,,,,-0.7411566279771805,,
219185,M2014,CD,1,,,,,,,,,,,,,,,,,,,,,,,,,,,,,,,,,,,,,,,,,,,,,,,,0.7401387394073623,,
219188,M2008,CD,1,,,,,,,,,,,,,,,,,,,,,,,,,,,,,,,,,,,,,,,,,,,,,,,,-1.0406634399102799,,
219189,M2027,CD,1,,,,,,,,,,,,,,,,,,,,,,,,,,,,,,,,,,,,,,,,,,,,,,,,-0.9731282431290298,,
219190,M2034,CD,1,,,,,,,,,,,,,,,,,,,,,,,,,,,,,,,,,,,,,,,,,,,,,,,,-0.8204485868303861,,
219192,M2026,UC,1,,,,,,,,,,,,,,,,,,,,,,,,,,,,,,,,,,,,,,,,,,,,,,,,1.0431523156232414,,
219194,M2025,CD,1,,,,,,,,,,,,,,,,,,,,,,,,,,,,,,,,,,,,,,,,,,,,,,,,-0.854128785290495,,
219195,M2028,CD,1,,,,,,,,,,,,,,,,,,,,,,,,,,,,,,,,,,,,,,,,,,,,,,,,-0.8266915854807708,,
219197,M2027,CD,1,,,,,,,,,,,,,,,,,,,,,,,,,,,,,,,,,,,,,,,,,,,,,,,,-0.7339072651102809,,
219198,M2034,CD,1,,,,,,,,,,,,,,,,,,,,,,,,,,,,,,,,,,,,,,,,,,,,,,,,-0.6808476363712035,,
219199,M2008,CD,1,,,,,,,,,,,,,,,,,,,,,,,,,,,,,,,,,,,,,,,,,,,,,,,,-1.0375750486303963,,
219200,M2014,CD,1,,,,,,,,,,,,,,,,,,,,,,,,,,,,,,,,,,,,,,,,,,,,,,,,0.5749162476689441,,
219202,M2047,nonIBD,0,,,,,,,,,,,,,,,,,,,,,,,,,,,,,,,,,,,,,,,,,,,,,,,,-1.3650077086246637,,
219203,H4024,nonIBD,0,,,,,,,,,,,,,,,,,,,,,,,,,,,,,,,,,,,,,,,,,,,,,,,,-1.1791291499191885,,
219205,H4007,CD,1,,,,,,,,,,,,,,,,,,,,,,,,,,,,,,,,,,,,,,,,,,,,,,,,0.5397331963792891,,
219206,H4001,CD,1,,,,,,,,,,,,,,,,,,,,,,,,,,,,,,,,,,,,,,,,,,,,,,,,1.07497162499248,,
219207,H4008,nonIBD,0,,,,,,,,,,,,,,,,,,,,,,,,,,,,,,,,,,,,,,,,,,,,,,,,-0.6771857071286437,,
219208,H4020,CD,1,,,,,,,,,,,,,,,,,,,,,,,,,,,,,,,,,,,,,,,,,,,,,,,,1.7497843178657708,,
219209,H4023,nonIBD,0,,,,,,,,,,,,,,,,,,,,,,,,,,,,,,,,,,,,,,,,,,,,,,,,-1.2958341397519357,,
219210,H4006,CD,1,,,,,,,,,,,,,,,,,,,,,,,,,,,,,,,,,,,,,,,,,,,,,,,,-0.9384074313110459,,
219211,H4004,CD,1,,,,,,,,,,,,,,,,,,,,,,,,,,,,,,,,,,,,,,,,,,,,,,,,2.0958483551334046,,
219212,H4022,nonIBD,0,,,,,,,,,,,,,,,,,,,,,,,,,,,,,,,,,,,,,,,,,,,,,,,,-1.4318267158381717,,
219213,H4017,CD,1,,,,,,,,,,,,,,,,,,,,,,,,,,,,,,,,,,,,,,,,,,,,,,,,1.804421521575763,,
219214,H4010,UC,1,,,,,,,,,,,,,,,,,,,,,,,,,,,,,,,,,,,,,,,,,,,,,,,,-0.5346957733208255,,
219215,H4015,CD,1,,,,,,,,,,,,,,,,,,,,,,,,,,,,,,,,,,,,,,,,,,,,,,,,1.5921346560908556,,
219217,H4020,CD,1,,,,,,,,,,,,,,,,,,,,,,,,,,,,,,,,,,,,,,,,,,,,,,,,-0.15469813872734559,,
219218,H4019,UC,1,,,,,,,,,,,,,,,,,,,,,,,,,,,,,,,,,,,,,,,,,,,,,,,,0.4364802301395703,,
219219,H4014,CD,1,,,,,,,,,,,,,,,,,,,,,,,,,,,,,,,,,,,,,,,,,,,,,,,,-0.588464372949426,,
219220,H4018,nonIBD,0,,,,,,,,,,,,,,,,,,,,,,,,,,,,,,,,,,,,,,,,,,,,,,,,-0.3410872388060244,,
219221,H4006,CD,1,,,,,,,,,,,,,,,,,,,,,,,,,,,,,,,,,,,,,,,,,,,,,,,,-0.631504104236891,,
219222,H4017,CD,1,,,,,,,,,,,,,,,,,,,,,,,,,,,,,,,,,,,,,,,,,,,,,,,,1.9383792866895102,,
219633,P6005,CD,1,0.22242822835612472,0.03848112616419314,,,,,,,,,,,,,,,,,,,,,,,,,,,,,,,,,,,,,,,,,,,,,,,,
219634,P6005,CD,1,0.11633861923637775,-0.6917882029571916,,,,,,,,,,,,,,,,,,,,,,,,,,,,,,,,,,,,,,,,,,,,,,,,
219637,P6009,CD,1,1.8379131113106415,0.7290483140649819,,,,,,,,,,,,,,,,,,,,,,,,,,,,,,,,,,,,,,,,,,,,,,,,
219638,P6009,CD,1,-1.1187216030399758,-1.0650194415678567,,,,,,,,,,,,,,,,,,,,,,,,,,,,,,,,,,,,,,,,,,,,,,,,
219643,P6012,UC,1,-1.1025579115734474,-0.11551114512928112,,,,,,,,,,,,,,,,,,,,,,,,,,,,,,,,,,,,,,,,,,,,,,,,
219644,P6012,UC,1,-0.7246109589908829,-0.12412162350780404,,,,,,,,,,,,,,,,,,,,,,,,,,,,,,,,,,,,,,,,,,,,,,,,
219645,P6013,UC,1,0.1529661231774462,0.22001205599846343,,,,,,,,,,,,,,,,,,,,,,,,,,,,,,,,,,,,,,,,,,,,,,,,
219646,P6013,UC,1,0.03192389902507058,0.13264254363177985,,,,,,,,,,,,,,,,,,,,,,,,,,,,,,,,,,,,,,,,,,,,,,,,
219651,P6014,nonIBD,0,-1.0146784173648387,-0.8122022857119872,,,,,,,,,,,,,,,,,,,,,,,,,,,,,,,,,,,,,,,,,,,,,,,,
219652,P6014,nonIBD,0,-0.6569701663015091,-0.6691316354863318,,,,,,,,,,,,,,,,,,,,,,,,,,,,,,,,,,,,,,,,,,,,,,,,
219653,P6016,CD,1,0.18556775973580675,-0.30290215939239495,,,,,,,,,,,,,,,,,,,,,,,,,,,,,,,,,,,,,,,,,,,,,,,,
219654,P6016,CD,1,0.498038682728585,-0.16117780316308947,,,,,,,,,,,,,,,,,,,,,,,,,,,,,,,,,,,,,,,,,,,,,,,,
219655,P6017,nonIBD,0,-0.5781849284526319,-0.28964730421421303,,,,,,,,,,,,,,,,,,,,,,,,,,,,,,,,,,,,,,,,,,,,,,,,
219656,P6017,nonIBD,0,-0.19157613072723856,3.4486070322027134,,,,,,,,,,,,,,,,,,,,,,,,,,,,,,,,,,,,,,,,,,,,,,,,
219657,P6018,nonIBD,0,0.4796922601611971,1.0324215569452608,,,,,,,,,,,,,,,,,,,,,,,,,,,,,,,,,,,,,,,,,,,,,,,,
219658,P6018,nonIBD,0,1.566903138504724,0.9707205450099621,,,,,,,,,,,,,,,,,,,,,,,,,,,,,,,,,,,,,,,,,,,,,,,,
219659,P6016,CD,1,1.2430812932849928,-1.0296419751750838,,,,,,,,,,,,,,,,,,,,,,,,,,,,,,,,,,,,,,,,,,,,,,,,
219668,P6024,CD,1,1.8338496173788221,-0.3952190199266122,,,,,,,,,,,,,,,,,,,,,,,,,,,,,,,,,,,,,,,,,,,,,,,,
219669,P6025,UC,1,-1.7178258351189093,-1.1537291598358579,,,,,,,,,,,,,,,,,,,,,,,,,,,,,,,,,,,,,,,,,,,,,,,,
219670,P6025,UC,1,-1.662728510376524,-0.6314296839674167,,,,,,,,,,,,,,,,,,,,,,,,,,,,,,,,,,,,,,,,,,,,,,,,
219675,P6028,CD,1,1.3465770860506117,-1.1766771354148868,,,,,,,,,,,,,,,,,,,,,,,,,,,,,,,,,,,,,,,,,,,,,,,,
219676,P6028,CD,1,1.036535161276086,-0.924911284852663,,,,,,,,,,,,,,,,,,,,,,,,,,,,,,,,,,,,,,,,,,,,,,,,
219691,P6033,CD,1,-0.27755523473335303,1.0987602430146275,,,,,,,,,,,,,,,,,,,,,,,,,,,,,,,,,,,,,,,,,,,,,,,,
219692,P6033,CD,1,1.8900712220801477,0.2365701399954893,,,,,,,,,,,,,,,,,,,,,,,,,,,,,,,,,,,,,,,,,,,,,,,,
219693,P6016,CD,1,0.6500295055450608,1.6677523819310618,,,,,,,,,,,,,,,,,,,,,,,,,,,,,,,,,,,,,,,,,,,,,,,,
219708,P6005,CD,1,,,,,,,,,,,,,,,,,,,,,,,,,,,,,,,,,,,,,,,,,,,,,,,,-0.3258470015181807,,
219710,P6009,CD,1,,,,,,,,,,,,,,,,,,,,,,,,,,,,,,,,,,,,,,,,,,,,,,,,-0.5443914161575737,,
219711,P6010,CD,1,,,,,,,,,,,,,,,,,,,,,,,,,,,,,,,,,,,,,,,,,,,,,,,,1.5209143159113452,,
219712,P6013,UC,1,,,,,,,,,,,,,,,,,,,,,,,,,,,,,,,,,,,,,,,,,,,,,,,,-0.3687958662130292,,
219714,P6012,UC,1,,,,,,,,,,,,,,,,,,,,,,,,,,,,,,,,,,,,,,,,,,,,,,,,1.5239317890756425,,
219716,P6005,CD,1,,,,,,,,,,,,,,,,,,,,,,,,,,,,,,,,,,,,,,,,,,,,,,,,-0.34002871536761,,
219718,P6014,nonIBD,0,,,,,,,,,,,,,,,,,,,,,,,,,,,,,,,,,,,,,,,,,,,,,,,,-0.586552689648565,,
219719,P6016,CD,1,,,,,,,,,,,,,,,,,,,,,,,,,,,,,,,,,,,,,,,,,,,,,,,,-0.381930145466694,,
219720,P6017,nonIBD,0,,,,,,,,,,,,,,,,,,,,,,,,,,,,,,,,,,,,,,,,,,,,,,,,-0.8484591768750898,,
219721,P6018,nonIBD,0,,,,,,,,,,,,,,,,,,,,,,,,,,,,,,,,,,,,,,,,,,,,,,,,-1.5259031642680558,,
219972,E5004,UC,1,,,,,,,,,,,,,,,,,,,,,,,,,,,,,,,,,,,,,,,,,,,,,,,,0.7757206703454557,,
220201,M2061,nonIBD,0,,,,,,,,,,,,,,,,,,,,,,,,,,,,,,,,,,,,,,,,,,,,,,,,-0.9456153637286676,,
220203,M2025,CD,1,,,,,,,,,,,,,,,,,,,,,,,,,,,,,,,,,,,,,,,,,,,,,,,,-0.8000761512490465,,
220205,M2039,nonIBD,0,,,,,,,,,,,,,,,,,,,,,,,,,,,,,,,,,,,,,,,,,,,,,,,,-1.2807744139116564,,
220206,M2028,CD,1,,,,,,,,,,,,,,,,,,,,,,,,,,,,,,,,,,,,,,,,,,,,,,,,-0.9286797263956748,,
220207,M2026,UC,1,,,,,,,,,,,,,,,,,,,,,,,,,,,,,,,,,,,,,,,,,,,,,,,,-0.3690741063807603,,
220208,M2064,UC,1,,,,,,,,,,,,,,,,,,,,,,,,,,,,,,,,,,,,,,,,,,,,,,,,0.14764449199793053,,
220210,M2014,CD,1,,,,,,,,,,,,,,,,,,,,,,,,,,,,,,,,,,,,,,,,,,,,,,,,0.8616112218504398,,
220212,M2042,nonIBD,0,,,,,,,,,,,,,,,,,,,,,,,,,,,,,,,,,,,,,,,,,,,,,,,,-0.7343046872340607,,
220214,M2068,CD,1,,,,,,,,,,,,,,,,,,,,,,,,,,,,,,,,,,,,,,,,,,,,,,,,-0.7469596894279996,,
220215,M2027,CD,1,,,,,,,,,,,,,,,,,,,,,,,,,,,,,,,,,,,,,,,,,,,,,,,,-0.8065635324305072,,
220216,M2072,nonIBD,0,,,,,,,,,,,,,,,,,,,,,,,,,,,,,,,,,,,,,,,,,,,,,,,,-0.32198343332844476,,
220217,M2069,UC,1,,,,,,,,,,,,,,,,,,,,,,,,,,,,,,,,,,,,,,,,,,,,,,,,0.9491210425389087,,
220218,M2028,CD,1,,,,,,,,,,,,,,,,,,,,,,,,,,,,,,,,,,,,,,,,,,,,,,,,-0.827239935685624,,
220931,H4009,nonIBD,0,,,,,,,,,,,,,,,,,,,,,,,,,,,,,,,,,,,,,,,,,,,,,,,,-1.2544596594300117,,
220932,H4017,CD,1,,,,,,,,,,,,,,,,,,,,,,,,,,,,,,,,,,,,,,,,,,,,,,,,1.904913149463519,,
220933,H4014,CD,1,,,,,,,,,,,,,,,,,,,,,,,,,,,,,,,,,,,,,,,,,,,,,,,,-0.8805730283292401,,
220935,H4015,CD,1,,,,,,,,,,,,,,,,,,,,,,,,,,,,,,,,,,,,,,,,,,,,,,,,1.5544840087236313,,
220936,H4027,UC,1,,,,,,,,,,,,,,,,,,,,,,,,,,,,,,,,,,,,,,,,,,,,,,,,1.0512069707910492,,
220937,H4028,CD,1,,,,,,,,,,,,,,,,,,,,,,,,,,,,,,,,,,,,,,,,,,,,,,,,1.2658435368583214,,
220938,H4001,CD,1,,,,,,,,,,,,,,,,,,,,,,,,,,,,,,,,,,,,,,,,,,,,,,,,1.1753742241859957,,
220940,H4004,CD,1,,,,,,,,,,,,,,,,,,,,,,,,,,,,,,,,,,,,,,,,,,,,,,,,2.003814546427737,,
220941,H4010,UC,1,,,,,,,,,,,,,,,,,,,,,,,,,,,,,,,,,,,,,,,,,,,,,,,,-0.007705690513597868,,
220942,H4016,nonIBD,0,,,,,,,,,,,,,,,,,,,,,,,,,,,,,,,,,,,,,,,,,,,,,,,,0.003598367179543773,,
220943,H4006,CD,1,,,,,,,,,,,,,,,,,,,,,,,,,,,,,,,,,,,,,,,,,,,,,,,,0.5169160351855452,,
220944,H4018,nonIBD,0,,,,,,,,,,,,,,,,,,,,,,,,,,,,,,,,,,,,,,,,,,,,,,,,-0.5660198488983605,,
220945,H4019,UC,1,,,,,,,,,,,,,,,,,,,,,,,,,,,,,,,,,,,,,,,,,,,,,,,,-0.006138090533807415,,
220946,H4030,CD,1,,,,,,,,,,,,,,,,,,,,,,,,,,,,,,,,,,,,,,,,,,,,,,,,1.380020390512267,,
220947,H4032,CD,1,,,,,,,,,,,,,,,,,,,,,,,,,,,,,,,,,,,,,,,,,,,,,,,,-0.30383779134341193,,
220949,H4019,UC,1,,,,,,,,,,,,,,,,,,,,,,,,,,,,,,,,,,,,,,,,,,,,,,,,-0.24396465677550686,,
221781,H4043,CD,1,,,,,,,,,,,,,,,,,,,,,,,,,,,,,,,,,,,,,,,,,,,,,,,,-0.8268411258409206,,
222170,M2075,nonIBD,0,0.7894973851585001,-1.2341635349554956,,,,,,,,,,,,,,,,,,,,,,,,,,,,,,,,,,,,,,,,,,,,,,,,
222171,M2075,nonIBD,0,0.804606479032552,0.02262487124653696,,,,,,,,,,,,,,,,,,,,,,,,,,,,,,,,,,,,,,,,,,,,,,,,
222206,P6010,CD,1,,,,,,,,,,,,,,,,,,,,,,,,,,,,,,,,,,,,,,,,,,,,,,,,1.6556932401460822,,
222210,P6024,CD,1,,,,,,,,,,,,,,,,,,,,,,,,,,,,,,,,,,,,,,,,,,,,,,,,3.192985945152831,,
222211,P6025,UC,1,,,,,,,,,,,,,,,,,,,,,,,,,,,,,,,,,,,,,,,,,,,,,,,,-0.22195631362778429,,
222214,P6028,CD,1,,,,,,,,,,,,,,,,,,,,,,,,,,,,,,,,,,,,,,,,,,,,,,,,-0.8574549281854205,,
222220,P6033,CD,1,,,,,,,,,,,,,,,,,,,,,,,,,,,,,,,,,,,,,,,,,,,,,,,,-0.49214500894584223,,
222223,P6025,UC,1,,,,,,,,,,,,,,,,,,,,,,,,,,,,,,,,,,,,,,,,,,,,,,,,-0.4138372332672253,,
222224,P6016,CD,1,,,,,,,,,,,,,,,,,,,,,,,,,,,,,,,,,,,,,,,,,,,,,,,,-0.6347740371293085,,
222376,H4014,CD,1,,,,,,,,,,,,,,,,,,,,,,,,,,,,,,,,,,,,,,,,,,,,,,,,-0.7634068801605901,,
222377,H4020,CD,1,,,,,,,,,,,,,,,,,,,,,,,,,,,,,,,,,,,,,,,,,,,,,,,,2.03981816305282,,
222379,H4013,nonIBD,0,,,,,,,,,,,,,,,,,,,,,,,,,,,,,,,,,,,,,,,,,,,,,,,,-1.0282839651928952,,
222380,H4014,CD,1,,,,,,,,,,,,,,,,,,,,,,,,,,,,,,,,,,,,,,,,,,,,,,,,-0.8128998118647108,,
222381,H4022,nonIBD,0,,,,,,,,,,,,,,,,,,,,,,,,,,,,,,,,,,,,,,,,,,,,,,,,-1.0045392756277496,,
222384,H4028,CD,1,,,,,,,,,,,,,,,,,,,,,,,,,,,,,,,,,,,,,,,,,,,,,,,,0.5135075987734806,,
222385,H4031,CD,1,,,,,,,,,,,,,,,,,,,,,,,,,,,,,,,,,,,,,,,,,,,,,,,,1.0989896738263263,,
222386,H4010,UC,1,,,,,,,,,,,,,,,,,,,,,,,,,,,,,,,,,,,,,,,,,,,,,,,,-0.29558054565184966,,
222388,H4030,CD,1,,,,,,,,,,,,,,,,,,,,,,,,,,,,,,,,,,,,,,,,,,,,,,,,-0.24576964212432775,,
222389,H4039,CD,1,,,,,,,,,,,,,,,,,,,,,,,,,,,,,,,,,,,,,,,,,,,,,,,,-1.4130410250186352,,
222390,H4038,CD,1,,,,,,,,,,,,,,,,,,,,,,,,,,,,,,,,,,,,,,,,,,,,,,,,-0.19433886791919627,,
222392,H4019,UC,1,,,,,,,,,,,,,,,,,,,,,,,,,,,,,,,,,,,,,,,,,,,,,,,,-0.09620835274001938,,
222393,H4035,UC,1,,,,,,,,,,,,,,,,,,,,,,,,,,,,,,,,,,,,,,,,,,,,,,,,-0.5849054537016383,,
222395,H4020,CD,1,,,,,,,,,,,,,,,,,,,,,,,,,,,,,,,,,,,,,,,,,,,,,,,,3.114776960524429,,
222396,H4009,nonIBD,0,,,,,,,,,,,,,,,,,,,,,,,,,,,,,,,,,,,,,,,,,,,,,,,,-1.3890343260450368,,
222397,H4027,UC,1,,,,,,,,,,,,,,,,,,,,,,,,,,,,,,,,,,,,,,,,,,,,,,,,0.2714911216265095,,
222398,H4008,nonIBD,0,,,,,,,,,,,,,,,,,,,,,,,,,,,,,,,,,,,,,,,,,,,,,,,,-0.9022263514463201,,
222399,H4023,nonIBD,0,,,,,,,,,,,,,,,,,,,,,,,,,,,,,,,,,,,,,,,,,,,,,,,,-0.5826439536110406,,
222401,H4017,CD,1,,,,,,,,,,,,,,,,,,,,,,,,,,,,,,,,,,,,,,,,,,,,,,,,1.5394010840091987,,
222402,H4007,CD,1,,,,,,,,,,,,,,,,,,,,,,,,,,,,,,,,,,,,,,,,,,,,,,,,0.5541798758896337,,
222403,H4006,CD,1,,,,,,,,,,,,,,,,,,,,,,,,,,,,,,,,,,,,,,,,,,,,,,,,-0.8230538090653974,,
222404,H4035,UC,1,,,,,,,,,,,,,,,,,,,,,,,,,,,,,,,,,,,,,,,,,,,,,,,,-0.5368864809356804,,
222406,H4004,CD,1,,,,,,,,,,,,,,,,,,,,,,,,,,,,,,,,,,,,,,,,,,,,,,,,2.210661447640576,,
222408,H4015,CD,1,,,,,,,,,,,,,,,,,,,,,,,,,,,,,,,,,,,,,,,,,,,,,,,,1.5367002332714048,,
223287,M2026,UC,1,,,,,,,,,,,,,,,,,,,,,,,,,,,,,,,,,,,,,,,,,,,,,,,,0.7741818389016599,,
223288,M2034,CD,1,,,,,,,,,,,,,,,,,,,,,,,,,,,,,,,,,,,,,,,,,,,,,,,,0.015315686126508703,,
223289,M2025,CD,1,,,,,,,,,,,,,,,,,,,,,,,,,,,,,,,,,,,,,,,,,,,,,,,,-0.6002647362215102,,
223290,M2064,UC,1,,,,,,,,,,,,,,,,,,,,,,,,,,,,,,,,,,,,,,,,,,,,,,,,0.8439030771550571,,
223292,M2034,CD,1,,,,,,,,,,,,,,,,,,,,,,,,,,,,,,,,,,,,,,,,,,,,,,,,0.7547363754810238,,
223293,M2039,nonIBD,0,,,,,,,,,,,,,,,,,,,,,,,,,,,,,,,,,,,,,,,,,,,,,,,,-0.9030099791817624,,
223294,M2075,nonIBD,0,,,,,,,,,,,,,,,,,,,,,,,,,,,,,,,,,,,,,,,,,,,,,,,,-0.37593184161845894,,
223296,M2042,nonIBD,0,,,,,,,,,,,,,,,,,,,,,,,,,,,,,,,,,,,,,,,,,,,,,,,,-0.696521602110356,,
223298,M2064,UC,1,,,,,,,,,,,,,,,,,,,,,,,,,,,,,,,,,,,,,,,,,,,,,,,,1.6326337897188894,,
223302,M2084,nonIBD,0,,,,,,,,,,,,,,,,,,,,,,,,,,,,,,,,,,,,,,,,,,,,,,,,-0.033977021630569954,,
223305,M2041,nonIBD,0,,,,,,,,,,,,,,,,,,,,,,,,,,,,,,,,,,,,,,,,,,,,,,,,-0.42554371159726007,,
223309,M2072,nonIBD,0,,,,,,,,,,,,,,,,,,,,,,,,,,,,,,,,,,,,,,,,,,,,,,,,-0.011312754267356416,,
224255,H4035,UC,1,,,,,,,,,,,,,,,,,,,,,,,,,,,,,,,,,,,,,,,,,,,,,,,,0.7474008474566214,,
224258,H4038,CD,1,,,,,,,,,,,,,,,,,,,,,,,,,,,,,,,,,,,,,,,,,,,,,,,,0.011715205365953317,,
224259,H4039,CD,1,,,,,,,,,,,,,,,,,,,,,,,,,,,,,,,,,,,,,,,,,,,,,,,,-0.039783029043176835,,
224260,H4044,UC,1,,,,,,,,,,,,,,,,,,,,,,,,,,,,,,,,,,,,,,,,,,,,,,,,0.0658200100235659,,
224262,H4032,CD,1,,,,,,,,,,,,,,,,,,,,,,,,,,,,,,,,,,,,,,,,,,,,,,,,-0.37420174335490314,,
224263,H4043,CD,1,,,,,,,,,,,,,,,,,,,,,,,,,,,,,,,,,,,,,,,,,,,,,,,,-1.1266972244717683,,
224264,H4040,UC,1,,,,,,,,,,,,,,,,,,,,,,,,,,,,,,,,,,,,,,,,,,,,,,,,-0.27168899872375746,,
224265,H4030,CD,1,,,,,,,,,,,,,,,,,,,,,,,,,,,,,,,,,,,,,,,,,,,,,,,,0.5819853384148752,,
224266,H4031,CD,1,,,,,,,,,,,,,,,,,,,,,,,,,,,,,,,,,,,,,,,,,,,,,,,,0.7589750801785284,,
224268,H4042,UC,1,,,,,,,,,,,,,,,,,,,,,,,,,,,,,,,,,,,,,,,,,,,,,,,,-1.4740177798454766,,
224270,H4027,UC,1,,,,,,,,,,,,,,,,,,,,,,,,,,,,,,,,,,,,,,,,,,,,,,,,0.9473909765082875,,
224271,H4043,CD,1,,,,,,,,,,,,,,,,,,,,,,,,,,,,,,,,,,,,,,,,,,,,,,,,-1.1315049021111567,,
224273,H4045,nonIBD,0,,,,,,,,,,,,,,,,,,,,,,,,,,,,,,,,,,,,,,,,,,,,,,,,-0.5145003223231785,,
224274,H4023,nonIBD,0,,,,,,,,,,,,,,,,,,,,,,,,,,,,,,,,,,,,,,,,,,,,,,,,0.39493811346479407,,
224275,H4039,CD,1,,,,,,,,,,,,,,,,,,,,,,,,,,,,,,,,,,,,,,,,,,,,,,,,-0.8796992783346036,,
224276,H4024,nonIBD,0,,,,,,,,,,,,,,,,,,,,,,,,,,,,,,,,,,,,,,,,,,,,,,,,-1.5771262138567104,,
224277,H4035,UC,1,,,,,,,,,,,,,,,,,,,,,,,,,,,,,,,,,,,,,,,,,,,,,,,,-0.4892718842457839,,
224278,H4020,CD,1,,,,,,,,,,,,,,,,,,,,,,,,,,,,,,,,,,,,,,,,,,,,,,,,2.5557617107009536,,
224279,H4044,UC,1,,,,,,,,,,,,,,,,,,,,,,,,,,,,,,,,,,,,,,,,,,,,,,,,-0.19323064278991922,,
224280,H4022,nonIBD,0,,,,,,,,,,,,,,,,,,,,,,,,,,,,,,,,,,,,,,,,,,,,,,,,-1.1458403335639324,,
224281,H4038,CD,1,,,,,,,,,,,,,,,,,,,,,,,,,,,,,,,,,,,,,,,,,,,,,,,,0.06573699064564545,,
224282,H4043,CD,1,,,,,,,,,,,,,,,,,,,,,,,,,,,,,,,,,,,,,,,,,,,,,,,,-0.6224786794878681,,
224283,H4017,CD,1,,,,,,,,,,,,,,,,,,,,,,,,,,,,,,,,,,,,,,,,,,,,,,,,1.9123237487286442,,
224284,H4032,CD,1,,,,,,,,,,,,,,,,,,,,,,,,,,,,,,,,,,,,,,,,,,,,,,,,-0.3658983241865414,,
224285,H4016,nonIBD,0,,,,,,,,,,,,,,,,,,,,,,,,,,,,,,,,,,,,,,,,,,,,,,,,-0.0363300145126198,,
224286,H4019,UC,1,,,,,,,,,,,,,,,,,,,,,,,,,,,,,,,,,,,,,,,,,,,,,,,,1.0448956248061505,,
224287,H4042,UC,1,,,,,,,,,,,,,,,,,,,,,,,,,,,,,,,,,,,,,,,,,,,,,,,,-1.1299351081882376,,
224288,H4031,CD,1,,,,,,,,,,,,,,,,,,,,,,,,,,,,,,,,,,,,,,,,,,,,,,,,0.9442444371644114,,
224289,H4018,nonIBD,0,,,,,,,,,,,,,,,,,,,,,,,,,,,,,,,,,,,,,,,,,,,,,,,,-1.032115488992595,,
224291,H4027,UC,1,,,,,,,,,,,,,,,,,,,,,,,,,,,,,,,,,,,,,,,,,,,,,,,,0.8949388796880601,,
224292,H4013,nonIBD,0,,,,,,,,,,,,,,,,,,,,,,,,,,,,,,,,,,,,,,,,,,,,,,,,-1.1896317517007526,,
224293,H4032,CD,1,,,,,,,,,,,,,,,,,,,,,,,,,,,,,,,,,,,,,,,,,,,,,,,,-0.46243329241207176,,
224294,H4040,UC,1,,,,,,,,,,,,,,,,,,,,,,,,,,,,,,,,,,,,,,,,,,,,,,,,-0.25299434216092404,,
224323,H4045,nonIBD,0,-0.6464719742615932,-0.05789398324826358,,,,,,,,,,,,,,,,,,,,,,,,,,,,,,,,,,,,,,,,,,,,,,,,
224324,H4045,nonIBD,0,-0.4140692064573959,0.004268449672267737,,,,,,,,,,,,,,,,,,,,,,,,,,,,,,,,,,,,,,,,,,,,,,,,
224325,H4044,UC,1,-0.3937139323531227,-0.7563778044509497,,,,,,,,,,,,,,,,,,,,,,,,,,,,,,,,,,,,,,,,,,,,,,,,
224326,H4044,UC,1,-0.676941495735244,-0.9063203295166111,,,,,,,,,,,,,,,,,,,,,,,,,,,,,,,,,,,,,,,,,,,,,,,,
224327,H4043,CD,1,0.35598569307433453,1.0901854932263366,,,,,,,,,,,,,,,,,,,,,,,,,,,,,,,,,,,,,,,,,,,,,,,,
224328,H4043,CD,1,0.2551893355955827,1.3909022716491706,,,,,,,,,,,,,,,,,,,,,,,,,,,,,,,,,,,,,,,,,,,,,,,,
224330,H4042,UC,1,-0.8436801279672174,-0.37558653974156964,,,,,,,,,,,,,,,,,,,,,,,,,,,,,,,,,,,,,,,,,,,,,,,,
224639,P6005,CD,1,,,,,,,,,,,,,,,,,,,,,,,,,,,,,,,,,,,,,,,,,,,,,,,,-0.43561114880458573,,
224642,P6009,CD,1,,,,,,,,,,,,,,,,,,,,,,,,,,,,,,,,,,,,,,,,,,,,,,,,-0.03154863573014309,,
224643,P6010,CD,1,,,,,,,,,,,,,,,,,,,,,,,,,,,,,,,,,,,,,,,,,,,,,,,,0.013562697553669595,,
224644,P6013,UC,1,,,,,,,,,,,,,,,,,,,,,,,,,,,,,,,,,,,,,,,,,,,,,,,,0.04380210866361786,,
224645,P6033,CD,1,,,,,,,,,,,,,,,,,,,,,,,,,,,,,,,,,,,,,,,,,,,,,,,,-0.570324761774936,,
224648,P6025,UC,1,,,,,,,,,,,,,,,,,,,,,,,,,,,,,,,,,,,,,,,,,,,,,,,,1.011059349752085,,
224651,P6018,nonIBD,0,,,,,,,,,,,,,,,,,,,,,,,,,,,,,,,,,,,,,,,,,,,,,,,,-1.22567943913058,,
224652,P6028,CD,1,,,,,,,,,,,,,,,,,,,,,,,,,,,,,,,,,,,,,,,,,,,,,,,,0.7751596447971567,,
224654,P6033,CD,1,,,,,,,,,,,,,,,,,,,,,,,,,,,,,,,,,,,,,,,,,,,,,,,,-0.5435222611875093,,
224844,M2084,nonIBD,0,-0.628017575847936,-0.026364566241931058,,,,,,,,,,,,,,,,,,,,,,,,,,,,,,,,,,,,,,,,,,,,,,,,
224845,M2084,nonIBD,0,-1.029766516520223,0.06545255506690312,,,,,,,,,,,,,,,,,,,,,,,,,,,,,,,,,,,,,,,,,,,,,,,,
225306,H4043,CD,1,,,,,,,,,,,,,,,,,,,,,,,,,,,,,,,,,,,,,,,,,,,,,,,,-1.2140618878846614,,
225340,H4040,UC,1,,,,,,,,,,,,,,,,,,,,,,,,,,,,,,,,,,,,,,,,,,,,,,,,0.013469352982452039,,
225341,H4042,UC,1,,,,,,,,,,,,,,,,,,,,,,,,,,,,,,,,,,,,,,,,,,,,,,,,-0.9612370420380871,,
225343,H4039,CD,1,,,,,,,,,,,,,,,,,,,,,,,,,,,,,,,,,,,,,,,,,,,,,,,,0.8588280736066054,,
225344,H4038,CD,1,,,,,,,,,,,,,,,,,,,,,,,,,,,,,,,,,,,,,,,,,,,,,,,,0.2613440706308189,,
225345,H4042,UC,1,,,,,,,,,,,,,,,,,,,,,,,,,,,,,,,,,,,,,,,,,,,,,,,,-1.1406273693853266,,
226382,M2064,UC,1,,,,,,,,,,,,,,,,,,,,,,,,,,,,,,,,,,,,,,,,,,,,,,,,0.7886196631973938,,
226385,M2060,nonIBD,0,,,,,,,,,,,,,,,,,,,,,,,,,,,,,,,,,,,,,,,,,,,,,,,,-1.1829081024826424,,
226386,M2075,nonIBD,0,,,,,,,,,,,,,,,,,,,,,,,,,,,,,,,,,,,,,,,,,,,,,,,,-1.285038709435274,,
226387,M2084,nonIBD,0,,,,,,,,,,,,,,,,,,,,,,,,,,,,,,,,,,,,,,,,,,,,,,,,-0.11333672466497587,,
226388,M2047,nonIBD,0,,,,,,,,,,,,,,,,,,,,,,,,,,,,,,,,,,,,,,,,,,,,,,,,-1.293414501042145,,
226395,M2069,UC,1,,,,,,,,,,,,,,,,,,,,,,,,,,,,,,,,,,,,,,,,,,,,,,,,1.4308185369581456,,
226396,M2061,nonIBD,0,,,,,,,,,,,,,,,,,,,,,,,,,,,,,,,,,,,,,,,,,,,,,,,,-0.7271558477915097,,
226397,M2072,nonIBD,0,,,,,,,,,,,,,,,,,,,,,,,,,,,,,,,,,,,,,,,,,,,,,,,,-0.3217764561638349,,
226398,M2064,UC,1,,,,,,,,,,,,,,,,,,,,,,,,,,,,,,,,,,,,,,,,,,,,,,,,2.899374867768645,,
226400,M2068,CD,1,,,,,,,,,,,,,,,,,,,,,,,,,,,,,,,,,,,,,,,,,,,,,,,,-0.777201273490303,,
226408,M2084,nonIBD,0,,,,,,,,,,,,,,,,,,,,,,,,,,,,,,,,,,,,,,,,,,,,,,,,0.03702288347498361,,
226409,M2075,nonIBD,0,,,,,,,,,,,,,,,,,,,,,,,,,,,,,,,,,,,,,,,,,,,,,,,,-0.3101582266321366,,
CSM5FZ1F,C3002,CD,1,,,-0.4386127356536972,1.7079018938972386,,,,,,,,,,,,,,,,,,,,,,,,,,,,,,,,,,,,,,,,,,,,,,
CSM5FZ1G,C3002,CD,1,,,0.9412683251946091,0.12267605593580809,,,,,,,,,,,,,,,,,,,,,,,,,,,,,,,,,,,,,,,,,,,,,,
CSM5FZ1H,C3002,CD,1,,,0.9782855418008701,-0.09305714983760148,,,,,,,,,,,,,,,,,,,,,,,,,,,,,,,,,,,,,,,,,,,,,,
CSM5FZ1I,C3002,CD,1,,,1.151560547830255,-0.22201987637879178,,,,,,,,,,,,,,,,,,,,,,,,,,,,,,,,,,,,,,,,,,,,,,
CSM5FZ1J,C3003,UC,1,,,-0.9094862373040741,-0.7689869261741711,,,,,,,,,,,,,,,,,,,,,,,,,,,,,,,,,,,,,,,,,,,,,,
CSM5FZ1K,C3003,UC,1,,,0.3590003692568068,-0.9359022876610876,,,,,,,,,,,,,,,,,,,,,,,,,,,,,,,,,,,,,,,,,,,,,,
CSM5FZ1L,C3003,UC,1,,,0.060892766661732094,-1.193698330097153,,,,,,,,,,,,,,,,,,,,,,,,,,,,,,,,,,,,,,,,,,,,,,
CSM5FZ1M,C3004,UC,1,,,-1.4545389888231313,0.046740286726781516,,,,,,,,,,,,,,,,,,,,,,,,,,,,,,,,,,,,,,,,,,,,,,
CSM5FZ1N,C3004,UC,1,,,0.06734773261543144,0.07273939525460858,,,,,,,,,,,,,,,,,,,,,,,,,,,,,,,,,,,,,,,,,,,,,,
CSM5FZ1O,C3004,UC,1,,,0.39574364344311985,0.1441891264506948,,,,,,,,,,,,,,,,,,,,,,,,,,,,,,,,,,,,,,,,,,,,,,
CSM5FZ1Q,C3005,UC,1,,,-0.7095559893321832,-0.4972328865454142,,,,,,,,,,,,,,,,,,,,,,,,,,,,,,,,,,,,,,,,,,,,,,
CSM5FZ1R,C3005,UC,1,,,0.6092840875527443,0.29077773071091195,,,,,,,,,,,,,,,,,,,,,,,,,,,,,,,,,,,,,,,,,,,,,,
CSM5FZ1S,C3005,UC,1,,,0.3104873137935553,0.458652006751388,,,,,,,,,,,,,,,,,,,,,,,,,,,,,,,,,,,,,,,,,,,,,,
CSM5FZ1T,C3006,UC,1,,,-2.2914857170804392,-0.2828375826324997,,,,,,,,,,,,,,,,,,,,,,,,,,,,,,,,,,,,,,,,,,,,,,
CSM5FZ1U,C3006,UC,1,,,1.1989028764877019,2.6900717644723007,,,,,,,,,,,,,,,,,,,,,,,,,,,,,,,,,,,,,,,,,,,,,,
CSM5FZ1V,C3006,UC,1,,,1.1257294339712995,0.9190024847261716,,,,,,,,,,,,,,,,,,,,,,,,,,,,,,,,,,,,,,,,,,,,,,
CSM5FZ1W,C3006,UC,1,,,0.06777905230745687,-0.22607777581661975,,,,,,,,,,,,,,,,,,,,,,,,,,,,,,,,,,,,,,,,,,,,,,
CSM5FZ22,C3008,CD,1,,,-1.8729774740761045,-0.11667734183014969,,,,,,,,,,,,,,,,,,,,,,,,,,,,,,,,,,,,,,,,,,,,,,
CSM5FZ23,C3008,CD,1,,,0.9193646935650518,-0.4598454282878636,,,,,,,,,,,,,,,,,,,,,,,,,,,,,,,,,,,,,,,,,,,,,,
CSM5FZ24,C3008,CD,1,,,0.42969726151136056,0.12318241116999472,,,,,,,,,,,,,,,,,,,,,,,,,,,,,,,,,,,,,,,,,,,,,,
CSM5FZ27,C3010,CD,1,,,-1.4835913180873075,-1.481006900317057,,,,,,,,,,,,,,,,,,,,,,,,,,,,,,,,,,,,,,,,,,,,,,
CSM5FZ28,C3010,CD,1,,,0.5675858640527768,0.4863641196551523,,,,,,,,,,,,,,,,,,,,,,,,,,,,,,,,,,,,,,,,,,,,,,
CSM5FZ29,C3010,CD,1,,,0.012737961688694286,-0.27701480980521875,,,,,,,,,,,,,,,,,,,,,,,,,,,,,,,,,,,,,,,,,,,,,,
CSM5FZ2A,C3011,UC,1,,,-0.6701524863421697,1.973419706752157,,,,,,,,,,,,,,,,,,,,,,,,,,,,,,,,,,,,,,,,,,,,,,
CSM5FZ2B,C3011,UC,1,,,1.3998764883941195,1.9213807202506032,,,,,,,,,,,,,,,,,,,,,,,,,,,,,,,,,,,,,,,,,,,,,,
CSM5FZ2C,C3011,UC,1,,,1.1324887874989467,2.288411099259908,,,,,,,,,,,,,,,,,,,,,,,,,,,,,,,,,,,,,,,,,,,,,,
CSM5FZ2D,C3012,CD,1,,,-0.9946445620801757,0.48224782502037644,,,,,,,,,,,,,,,,,,,,,,,,,,,,,,,,,,,,,,,,,,,,,,
CSM5FZ2E,C3012,CD,1,,,0.4105160066303141,-0.7701389816898203,,,,,,,,,,,,,,,,,,,,,,,,,,,,,,,,,,,,,,,,,,,,,,
CSM5FZ2F,C3012,CD,1,,,0.46317349559986626,-0.6885593486339373,,,,,,,,,,,,,,,,,,,,,,,,,,,,,,,,,,,,,,,,,,,,,,
CSM5FZ2G,C3013,UC,1,,,-1.6436348326514931,0.2583414637896038,,,,,,,,,,,,,,,,,,,,,,,,,,,,,,,,,,,,,,,,,,,,,,
CSM5FZ2H,C3013,UC,1,,,0.8325325539283432,0.2489224075060552,,,,,,,,,,,,,,,,,,,,,,,,,,,,,,,,,,,,,,,,,,,,,,
CSM5FZ2I,C3013,UC,1,,,1.603345402246441,1.0150944402516044,,,,,,,,,,,,,,,,,,,,,,,,,,,,,,,,,,,,,,,,,,,,,,
CSM5FZ2L,C3015,UC,1,,,-1.116132764257023,0.0805117611415155,,,,,,,,,,,,,,,,,,,,,,,,,,,,,,,,,,,,,,,,,,,,,,
CSM5FZ2M,C3015,UC,1,,,1.1034742339063552,1.3136765595856783,,,,,,,,,,,,,,,,,,,,,,,,,,,,,,,,,,,,,,,,,,,,,,
CSM5FZ2N,C3015,UC,1,,,0.34119154914367666,0.1641506395694274,,,,,,,,,,,,,,,,,,,,,,,,,,,,,,,,,,,,,,,,,,,,,,
CSM5FZ2O,C3016,CD,1,,,-0.9232424783754956,0.505653393584858,,,,,,,,,,,,,,,,,,,,,,,,,,,,,,,,,,,,,,,,,,,,,,
CSM5FZ2P,C3016,CD,1,,,0.8286071525942786,1.0532517272955706,,,,,,,,,,,,,,,,,,,,,,,,,,,,,,,,,,,,,,,,,,,,,,
CSM5FZ2Q,C3016,CD,1,,,0.6891929692277987,0.8940760582782986,,,,,,,,,,,,,,,,,,,,,,,,,,,,,,,,,,,,,,,,,,,,,,
CSM5FZ2R,C3017,CD,1,,,-1.7494530913488235,0.23729817759679928,,,,,,,,,,,,,,,,,,,,,,,,,,,,,,,,,,,,,,,,,,,,,,
CSM5FZ2S,C3017,CD,1,,,0.9091238234312876,-0.3660477829060274,,,,,,,,,,,,,,,,,,,,,,,,,,,,,,,,,,,,,,,,,,,,,,
CSM5FZ2T,C3017,CD,1,,,0.29733393758694093,-0.3584541036268955,,,,,,,,,,,,,,,,,,,,,,,,,,,,,,,,,,,,,,,,,,,,,,
CSM5FZ34,C3021,CD,1,,,-1.4114774795776912,0.11412999900461573,,,,,,,,,,,,,,,,,,,,,,,,,,,,,,,,,,,,,,,,,,,,,,
CSM5FZ35,C3021,CD,1,,,1.1033588183268295,0.8414252074057623,,,,,,,,,,,,,,,,,,,,,,,,,,,,,,,,,,,,,,,,,,,,,,
CSM5FZ36,C3021,CD,1,,,1.3462180433114825,2.1433968659313805,,,,,,,,,,,,,,,,,,,,,,,,,,,,,,,,,,,,,,,,,,,,,,
CSM5FZ37,C3021,CD,1,,,0.6524214881493198,1.350652573775324,,,,,,,,,,,,,,,,,,,,,,,,,,,,,,,,,,,,,,,,,,,,,,
CSM5FZ38,C3022,nonIBD,0,,,-1.503875374374697,0.4451660308920432,,,,,,,,,,,,,,,,,,,,,,,,,,,,,,,,,,,,,,,,,,,,,,
CSM5FZ39,C3022,nonIBD,0,,,0.4430342079834501,0.21524344527573847,,,,,,,,,,,,,,,,,,,,,,,,,,,,,,,,,,,,,,,,,,,,,,
CSM5FZ3A,C3023,CD,1,,,-0.0501674744255284,2.3788280536825606,,,,,,,,,,,,,,,,,,,,,,,,,,,,,,,,,,,,,,,,,,,,,,
CSM5FZ3B,C3023,CD,1,,,-2.0237478775402704,-0.2954411096578104,,,,,,,,,,,,,,,,,,,,,,,,,,,,,,,,,,,,,,,,,,,,,,
CSM5FZ3C,C3023,CD,1,,,0.2503946746911148,-0.4884318155252848,,,,,,,,,,,,,,,,,,,,,,,,,,,,,,,,,,,,,,,,,,,,,,
CSM5FZ3N,C3001,CD,1,,,,,-0.7369254951735017,0.5954580191544354,-1.1570622386274898,0.8667561524402677,0.21107017382153814,,,,,,,,,,,,,,,0.8663841584812392,0.04458204265569415,-0.08813052984784635,-0.26693443654707977,-0.3365572420874257,0.15455173581269654,0.3586897053734844,0.2557423255043686,-0.08813052984784635,-0.1429654204315602,-0.1201384398497693,0.07869356735747605,,,,,,,,,,,,,,,
CSM5FZ3N_P,C3001,CD,1,,,,,,,,,,0.24961119783994223,0.05618064014438479,-0.08776123775822357,-0.45215789697116476,-0.008943656772555347,-0.27922655086248194,-0.04736728426950948,0.06093490428446069,-0.1462064739465535,-0.1688512567729105,-0.3011622079446669,-0.31032903528741634,-0.4147540309879328,-0.4567080716837571,,,,,,,,,,,,,,,,,,,,,,,,,,,
CSM5FZ3R_P,C3001,CD,1,,,,,,,,,,0.10483412995575772,0.0917983863937527,-0.1018667535869977,1.4570412675528825,0.2737261778981348,-0.3211686846308987,-0.014866655583508736,0.40159372398573795,-0.1462064739465535,-0.19570729462790998,-0.3461462799823559,-0.3463855341556851,0.17018962006490782,-0.49444563237501676,,,,,,,,,,,,,,,,,,,,,,,,,,,
CSM5FZ3T,C3002,CD,1,,,,,0.43425876754977705,0.8109016001613937,1.194446693442628,0.2952591266977973,1.1149611973654794,,,,,,,,,,,,,,,1.5510752408442592,-1.2247568774236497,-0.08602647872386804,0.08940941206280155,0.001358880962506974,0.012623600559267523,1.8424389307594147,2.777170931125149,-0.08602647872386804,-0.27210637307000524,0.664116767006679,0.15804200816145356,,,,,,,,,,,,,,,
CSM5FZ3T_P,C3002,CD,1,,,,,,,,,,0.016724649101431593,0.045501909375686475,-0.40942407259381247,0.2932786852018679,0.41524385134744773,-0.29646959296244335,0.06645601512486414,0.4166643125492196,-0.13833516500220164,0.8806530039308859,-0.3206853541700213,-0.24865909437580336,0.0699795345551271,0.9937408157704111,,,,,,,,,,,,,0.1602209722593312,0.3409495827633364,-0.24634640826316948,-0.321654412861952,0.7661606291184937,-0.44230365224748314,-0.11073057689281249,0.3655996874370435,-0.09434468921296807,1.087418645324695,-0.13571057116566926,-0.23301540043091898,,,
CSM5FZ3V_P,C3001,CD,1,,,,,,,,,,0.23642328924027445,0.2919072058509603,-0.1362999488889697,-0.36733718109392405,0.24178832213999013,-0.3212624400612582,-0.04214548062309205,0.49188367150549583,-0.1462064739465535,-0.5313866670235592,-0.32170642067945626,-0.352639558561945,-0.13841975956837482,-0.4795463612893503,,,,,,,,,,,,,,,,,,,,,,,,,,,
CSM5FZ3X_P,C3002,CD,1,,,,,,,,,,0.2829459439688176,0.2309907196477301,-0.15060754410039723,0.8777000768577098,0.48684314492114694,-0.1775738287402903,0.5593996738051134,1.462987083779742,-0.13833516500220164,0.9862802678966043,0.451375286145763,-0.046179025943501845,0.4469782346676915,2.0374535094127784,,,,,,,,,,,,,,,,,,,,,,,,,,,
CSM5FZ3Z_P,C3002,CD,1,,,,,,,,,,0.1379014215418859,0.23839594883421988,-0.31197218732186943,0.2887431241581102,1.173481420776221,-0.27339755556360024,0.09958842623930458,1.0691043367351267,-0.13833516500220164,0.7408344676538308,0.03334911666836659,-0.23622846461906208,0.032293525770042596,1.7691524456934336,,,,,,,,,,,,,,,,,,,,,,,,,,,
CSM5FZ42_P,C3002,CD,1,,,,,,,,,,0.35900706561717205,0.9297166629315194,-0.6720568084691521,1.1770078439926808,1.2354593460557715,-0.29646959296244335,0.29711383129965957,0.03663647027807706,-0.13833516500220164,2.240313091498585,-0.3206853541700213,-0.2424879986511656,0.44480467266173956,1.7452655654521363,,,,,,,,,,,,,,,,,,,,,,,,,,,
CSM5FZ44,C3002,CD,1,,,,,0.41623740161891565,0.30657913119761043,0.8043956602551728,1.4859319359270247,0.5484384522967043,,,,,,,,,,,,,,,1.2997952118355063,0.36722556015821756,-0.08602647872386804,0.9941015571020779,0.25536198083084133,0.012623600559267523,1.9842654635000532,-0.0970981801533063,-0.08602647872386804,0.44746522557635265,1.1232489236737455,0.15804200816145356,,,,,,,,,,,,,,,
CSM5FZ44_P,C3002,CD,1,,,,,,,,,,-0.5790951495717949,-0.7362619151945503,-0.6122462708441032,-0.8634768088536725,-0.776761501366075,-0.2727563562577876,0.08484773690637296,-1.4487173559155162,-0.13833516500220164,1.4731324731979625,-0.3206853541700213,-0.24171911608180746,0.43644418212607505,2.054708524887524,,,,,,,,,,,,,,,,,,,,,,,,,,,
CSM5FZ46_P,C3002,CD,1,,,,,,,,,,0.030875312687675717,-0.008070541653850077,-0.3233081247189488,0.06623754797493892,0.7010306403356764,-0.280480510150565,0.10661183781539557,0.9627908822322551,-0.13833516500220164,0.6709450030713551,0.07887657076883901,-0.18518190813268756,0.0844938981627271,1.5553630185483693,,,,,,,,,,,,,-0.16113080300995403,-0.23924717929818484,-0.24634640826316948,-0.37497684481274257,-0.30040816455333114,-0.38620158503437596,-0.6115005794954197,-0.8547504271263114,-0.09434468921296807,-1.2894892861919534,-0.13571057116566926,-0.23301540043091898,,,
CSM5FZ48,C3003,UC,1,,,,,-0.07872521282102778,0.5228674146934501,-0.20419350141800868,-1.3216645476279412,-0.049325653267593327,,,,,,,,,,,,,,,0.12868280882516353,0.0622269375760021,-0.07284643967679481,0.41615453917421436,-0.21230774600215846,0.09560573483367543,-0.49827763131936864,0.3539914945517707,-0.07284643967679481,0.671738376962736,0.02892195214136681,0.030391478799598647,,,,,,,,,,,,,,,
CSM5FZ4A,C3004,UC,1,,,,,-0.14595967984358396,0.4070542939861861,1.0171361325450772,-0.12459018188166587,-0.04444280317835362,,,,,,,,,,,,,,,0.7847833006298675,-0.07794501494001509,-0.08650797396966804,2.676788042937204,0.4408851628699889,0.07500016726067676,0.585016084393847,-0.2545646040918579,-0.08650797396966804,-0.2892273101111156,1.4287915982215604,0.013368190302435377,,,,,,,,,,,,,,,
CSM5FZ4A_P,C3004,UC,1,,,,,,,,,,-0.11874339416153609,-0.08465792783449999,-0.4811016717521289,-0.10892938208756565,-0.3367013097148679,-0.238230911298923,-0.11030428140287545,0.2509495561928047,-0.1113122162579901,-0.07854432641472518,-0.29909236633726183,-0.21552070386130867,0.25805649058445707,-0.4634443681629416,,,,,,,,,,,,,,,,,,,,,,,,,,,
CSM5FZ4C,C3001,CD,1,,,,,-0.7509366266398402,0.7062303185098218,-0.6461082609388381,-0.7536934575238411,-0.20483244791747235,,,,,,,,,,,,,,,0.06541549151936518,0.08761395366722986,-0.08813052984784635,4.062491967605047,0.02623695382503356,0.15455173581269654,0.1151910742402969,-0.3599320260332242,-0.08813052984784635,-0.09899998676910823,0.011786376233560205,0.07869356735747605,,,,,,,,,,,,,,,
CSM5FZ4C_P,C3001,CD,1,,,,,,,,,,0.33342829758013537,0.3340243377538268,-0.17872055661457487,-0.069912587365329,0.7065930418289128,-0.3334620332493318,-0.01697633496161276,1.2168208600663386,-0.1462064739465535,-0.81213866126889,-0.3461462799823559,-0.35432032474260416,-0.2645657143385516,-0.4984955358011191,,,,,,,,,,,,,-0.7986067263741952,0.5635299981023429,-0.18469106377590472,1.139072218027923,0.2932277453641027,-0.5388255985700141,-0.3683461098460555,0.624791476557692,-0.10429053397097302,-0.03062663995987648,-0.18010567816992895,-0.33431691792771256,,,
CSM5FZ4E_P,C3003,UC,1,,,,,,,,,,0.47792441137153846,0.915853327917158,0.02754872417809613,1.5428503855740985,0.8199364642577268,-0.02932007319247982,-0.20973154781526054,-0.8247059752358559,-0.10843274156073193,0.5514098066896879,-0.21326325113431455,0.0022349881111918884,0.09630103598941786,-0.2128039302472637,,,,,,,,,,,,,,,,,,,,,,,,,,,
CSM5FZ4G_P,C3003,UC,1,,,,,,,,,,0.14318802919265866,0.49856837426181105,-0.17683748802688287,1.6605616079751722,0.7847657642766703,-0.027115297234588807,-0.24999609597389955,-0.8253037024726482,-0.10843274156073193,-0.4546309836072725,-0.21326325113431455,-0.19769930443253186,-0.19003732566326653,-0.23245737417959872,,,,,,,,,,,,,0.49901565837025685,0.9635155139049543,-0.1841434975068624,-0.13499119695762085,-0.07397288956806242,-0.31221758685589746,-0.11414018422452142,0.8420151791063833,,-0.2819061739471259,-0.07939061616942635,-0.2813350374326855,,,
CSM5FZ4K,C3003,UC,1,,,,,-0.3518253290782711,0.822244460778972,0.2471976639631159,-0.05857024928583183,-0.8181826302992178,,,,,,,,,,,,,,,0.02767658311584976,-0.22967101184415356,-0.07284643967679481,0.41615453917421436,-0.17979075263048483,0.09560573483367543,-0.6917720196159971,-0.3377928645099569,-0.07284643967679481,0.671738376962736,-0.46109347401505074,0.030391478799598647,,,,,,,,,,,,,,,
CSM5FZ4K_P,C3003,UC,1,,,,,,,,,,0.4665149006592989,0.951308228828103,0.22005017106484961,1.790107013199536,0.7752868011549183,-0.006734606395399111,0.08937044974851008,-0.18699317707518034,-0.10843274156073193,0.3936307819640828,-0.21326325113431455,-0.21481765944196018,-0.019451127004014537,-0.24657543135932133,,,,,,,,,,,,,-0.24254544483360618,-0.26664058745539554,-0.1841434975068624,0.5258329884681737,1.1940840688121621,-0.6430110565914975,0.07401992035225542,-1.6020768911710626,,0.03540811263900793,-0.07939061616942635,-0.2813350374326855,,,
CSM5FZ4M,C3003,UC,1,,,,,,,,,,0.3886623535893343,0.49063136049048245,-0.2120972622951687,1.7808991411091422,1.294989872124587,-0.1781596118214708,0.18674781810964883,-0.42015784407501156,-0.10843274156073193,0.5375345965613614,-0.19156704895815138,-0.1883632444173064,-0.009460325856100713,-0.24248769662963807,,,,,,,,,,,,,0.031472899504678395,0.8834939947551591,-0.1477861221169718,-0.2943413631994783,0.21866092888547764,-0.40431987685257464,-0.43114938888640025,-0.33583687586623207,,-0.22532369179010728,-0.07939061616942635,-0.2813350374326855,,-0.062149905905642094,-0.42916407685451224
CSM5FZ4O,C3005,UC,1,,,,,-0.9217269643081885,-0.563142204115222,-0.3555566910224246,-1.1789887372962111,0.36912491692284943,,,,,,,,,,,,,,,0.26030420910079144,0.41881772045560733,-0.08602647872386804,-0.785059056861073,0.6941574578396785,0.012623600559267523,-0.14657883182001008,-0.17975473523694932,-0.08602647872386804,-0.05804290769507923,0.5068632487841583,0.15804200816145356,,,,,,,,,,,,,,,
CSM5LLGB_P,M2014,CD,1,,,,,,,,,,-0.0471331197267053,0.31515925265596223,-0.08820956387049617,0.18687476348017268,0.8681854429415722,-0.28395729420707466,0.37309911283812763,-0.15088327861755005,-0.11407085113498545,0.29246867588451214,-0.29835547843881755,-0.2676344957887811,0.8275510701753772,-0.14569396509260335,,,,,,,,,,,,,0.7446340858314403,0.8670019818611829,-0.2327454228519667,0.3751233861699612,-0.14446299074013577,-0.45757842195292275,-0.11712488389238798,-0.364896127771902,-0.09938799855279619,2.5020648362049456,-0.1342339472220414,-0.29823699268813436,,,
CSM5MCTZ,C3006,UC,1,,,,,-1.2411582209166396,-0.04072137812921311,0.7605066862518746,-0.3467789255009094,-1.8678594435945859,,,,,,,,,,,,,,,-1.0258229578698985,0.066097998161462,-0.08813052984784635,0.2416664287247282,-0.3853844097266975,0.15455173581269654,0.325465901671361,-0.3599320260332242,-0.08813052984784635,-0.03510391416842733,0.13829301091924023,0.07869356735747605,,,,,,,,,,,,,,,
CSM5MCTZ_P,C3006,UC,1,,,,,,,,,,-1.2920809028151248,-1.461819171323822,-0.2124227262589949,-1.0348835970177808,-2.080565272661864,-0.3334620332493318,-0.13208301462681066,0.014788065454800174,-0.1462064739465535,-0.49066175321269323,-0.3461462799823559,-0.35432032474260416,-0.21489282951977765,-0.363775823687738,,,,,,,,,,,,,0.43876542343333225,-3.766802160429716,-5.073810455368423,-4.2860310860173545,-5.566009450415876,-0.48242756604544923,0.28569420086554215,-1.0704293955850233,-0.10429053397097302,0.4552612519842006,-0.18010567816992895,-0.33431691792771256,,,
CSM5MCU4,C3008,CD,1,,,,,-0.8864295458805468,1.2467886473101013,0.5880431423864665,1.4254760136561606,1.0624671830921817,,,,,,,,,,,,,,,1.315306529062235,-0.22967101184415356,-0.07284643967679481,-0.32861645873142936,-0.3513517168060896,0.09560573483367543,2.109253613087783,-0.3377928645099569,-0.07284643967679481,-1.5415559583025185,-0.2946227360106183,0.030391478799598647,,,,,,,,,,,,,,,
CSM5MCU4_P,C3008,CD,1,,,,,,,,,,1.7124560513031235,2.2706241207371836,-0.19517431046334272,2.2679339799584155,2.0786825947899965,-0.08201237413033921,-0.06785333179400432,2.691628829636703,-0.10843274156073193,1.1073708999559841,-0.21326325113431455,-0.1466128666007762,-0.34034188979913,-0.10542311308214863,,,,,,,,,,,,,-0.7653342021953807,-1.5159446363733833,-0.1841434975068624,2.0202539800538912,1.0192530043574806,1.7259198054650688,-0.388595398176647,-1.744829720175241,,0.007985686699711739,-0.07939061616942635,-0.6424629917817315,,,
CSM5MCU8_P,C3004,UC,1,,,,,,,,,,0.4354243888737662,0.008425347878945113,-0.6256552072319337,0.4322690773237827,-0.20361625255777674,-0.21530394315325121,-0.5099754053305592,2.452488957084769,-2.0196661021918545,0.7388258704521549,-0.29909236633726183,-0.19580782871021915,1.2251862582770112,-1.2028749074261764,,,,,,,,,,,,,-0.11121464139910198,-0.09758154348931236,0.5563387655428619,0.2475815678142905,1.1333029992335,0.22950447810223293,0.4445210147541755,-0.5412180424084582,-0.10370044001367282,-0.06305019153352252,-0.13812187083932795,1.1945114530881558,,,
CSM5MCUA_P,C3004,UC,1,,,,,,,,,,-0.25338341064042164,-0.24052052365648682,-0.5924377591590924,-0.36684985310738233,-0.4018290382969423,-0.21119158082181705,-0.2715155673128421,0.5366917346661934,-0.1113122162579901,-0.28279309207157016,-0.29909236633726183,-0.205677933533071,0.4286769554366645,-0.4246291651148418,,,,,,,,,,,,,,,,,,,,,,,,,,,
CSM5MCUC,C3004,UC,1,,,,,-0.6143545394169,-1.3812594549545136,-0.7216550531212916,-1.1193227838089836,-0.37299994394664704,,,,,,,,,,,,,,,1.1449971249898794,-0.07794501494001509,-0.08650797396966804,-0.22866761854005455,-0.2633990347562232,0.07500016726067676,0.7863451769363217,-0.2545646040918579,-0.08650797396966804,-0.0805095977980142,-0.3108916490219447,0.013368190302435377,,,,,,,,,,,,,,,
CSM5MCUC_P,C3004,UC,1,,,,,,,,,,-0.09016500701742963,0.13434284214870754,-0.6277956611932315,-0.20528770825864215,-0.3142695775714068,-0.21704140149186749,-0.2757117023720119,1.0038093638318455,-0.1113122162579901,-0.5908845618425362,-0.29909236633726183,-0.20039712242910176,0.31510935051575273,-0.2783339518428575,,,,,,,,,,,,,-0.17283602545251195,0.1809420663309306,-0.28826309641283665,0.21250829908437419,0.15003993485236555,0.4784623791077652,-0.14306920534269352,-0.24103783825587882,-0.10370044001367282,-0.5831967577865298,-0.13812187083932795,-0.29710455056206575,,,
CSM5MCUE_P,C3004,UC,1,,,,,,,,,,-0.2380496783239679,-0.5958630172604827,-0.3489122289036981,-0.5034092933827449,-0.13461755926414584,-0.20646054514155984,-0.41945839708348037,0.4967900333981813,-0.1113122162579901,-0.7931909991180793,-0.2852101931988886,-0.2558622752749187,0.42308859538625304,0.1219254794538495,,,,,,,,,,,,,-0.4472293409147761,-0.7144215434509802,-0.28826309641283665,-0.28023686851246044,-0.24806208771522636,-0.10266280887596886,0.5192421052281669,-0.4959760772128306,-0.10370044001367282,0.09837770778218924,-0.13812187083932795,-0.29710455056206575,,,
CSM5MCUG_P,C3006,UC,1,,,,,,,,,,-0.8683198773001519,-1.2145957202140965,-0.2008377849056613,-0.9226402430271715,-1.306630311468461,-0.32015531307595396,-0.3596464187700173,-0.3434114224171833,-0.1462064739465535,-0.5655077058455313,-0.3461462799823559,-0.34678679433522563,-0.06440785925888554,-0.1888455665632768,,,,,,,,,,,,,1.3916055042839746,-2.3349041808394317,9.430980024346804,-1.1996250609885268,-7.563380690994724,-0.5371493085290712,1.5572383897406077,-1.6549014281056558,-0.10429053397097302,-0.9408137583102955,-0.18010567816992895,-0.33431691792771256,,,
CSM5MCUK_P,C3006,UC,1,,,,,,,,,,-0.4600962446888556,-1.0200569086766886,-0.25820870490253245,-0.7351233053457664,-1.5449984926692153,-0.23308615848243783,0.056199857147895896,-0.439302574780297,-0.1462064739465535,-0.4524063219808053,-0.2018584743481121,-0.22469976347902837,0.051340942032459584,-0.20823464140766962,,,,,,,,,,,,,-0.31850289520123154,-0.25668306704869137,-0.18469106377590472,-0.5473406710030657,0.11562084195633,-0.5010079164147625,-0.1713322550261023,0.23861098953136467,-0.10429053397097302,-0.2998088224438076,-0.18010567816992895,-0.33431691792771256,,,
CSM5MCUM,C3006,UC,1,,,,,-1.0373272566099883,-0.3135234852801697,0.7061851091164786,-0.12387549925601056,0.31827113895617865,,,,,,,,,,,,,,,-1.1275230146319555,-1.6956784708673558,-0.08813052984784635,0.1917122156572923,-0.2262003054013874,0.15455173581269654,-0.15471194267817226,0.03432658005379835,-0.08813052984784635,0.018270652241785642,-2.1455910976881936,0.07869356735747605,,,,,,,,,,,,,,,
CSM5MCUO,C3006,UC,1,,,,,,,,,,-0.28589429254312915,-0.28583182685000424,-0.18899723673746988,-0.31524453734597163,-0.8993571550656105,-0.23128961583546817,0.04770821313897664,-0.40705696965014687,-0.1462064739465535,-0.5204407463204556,-0.12421629555104428,-0.1888570273453824,0.1677210745988478,-0.13730030272741545,,,,,,,,,,,,,0.5958131721109843,-0.7668202785248974,0.1443076943765553,-1.7057234880780785,-7.68019210047553,0.41722645655826096,-0.2740963014586947,-1.0927105706890452,-0.10429053397097302,-0.04338811787137691,-0.18010567816992895,-0.33431691792771256,,,
CSM5MCUQ_P,C3005,UC,1,,,,,,,,,,-0.2983401004818255,1.28518323590353,-0.31326534383362376,0.5848596297510501,-0.5906432971940668,-0.23738745523539234,-0.518242758840289,3.046437584115339,-0.13833516500220164,0.7058487573496376,-0.17642291196684262,-0.1788843004333207,-0.4510268102004317,2.1968140353461636,,,,,,,,,,,,,-0.5321958785570335,1.7918144716479154,-0.24634640826316948,2.2912504837576466,1.5906171528295443,-0.22222542572933904,-0.1765441564977709,-0.9245609115922333,-0.09434468921296807,-0.9413167179403259,-0.13571057116566926,-0.23301540043091898,,,
CSM5MCUS_P,C3005,UC,1,,,,,,,,,,2.443660625874961,3.9728587815107828,0.505044263620879,4.165354808958299,0.9516267324129305,-0.10796811736008564,0.21217444239406932,0.28180281993391915,-0.13833516500220164,0.42057664146506807,0.9301767748848555,-0.1738212000978456,-0.3759276577697856,0.5780309563042157,,,,,,,,,,,,,,,,,,,,,,,,,,,
CSM5MCUU,C3005,UC,1,,,,,-0.24911782024560744,-0.2589614651946519,1.0377809323159948,0.12567771830761357,0.517312610143131,,,,,,,,,,,,,,,-0.8751452817734645,0.36722556015821756,-0.08602647872386804,0.32139926808204133,6.21670268475486,2.6184490962233475,-0.8210495019397822,-0.0970981801533063,-0.08602647872386804,2.9111225054092644,4.168154241308792,2.6482308669090977,,,,,,,,,,,,,,,
CSM5MCUW_P,C3005,UC,1,,,,,,,,,,2.639419726627075,8.176791015004419,0.3336928839803448,8.619161931074819,-3.6116488381338487,-0.106907685887178,-0.17616881475917245,0.24321327413002033,-0.13833516500220164,0.28435302257136785,1.1288717445186722,-0.06601296479845693,-0.7622546720321599,0.5499327312643429,,,,,,,,,,,,,-0.04454942866548524,-0.18725050719482042,-0.24634640826316948,0.8222983563217346,0.6973129688769003,-0.3514151402648762,0.9098074358194307,-0.3578894668513791,-0.09434468921296807,0.5474946240249144,-0.13571057116566926,-0.09782263062129004,,,
CSM5MCUY_P,C3005,UC,1,,,,,,,,,,-0.044658785790886425,0.761105342178245,0.4576805981524741,0.8331491430810547,-3.445453423435561,0.05289880510144486,-0.11821180321232252,0.47047390728449556,-0.13833516500220164,0.16702456110934683,1.0810759896648745,-0.08315071236360708,-0.2376126769902415,0.8683859852050003,,,,,,,,,,,,,-0.4239179576927699,-0.5380616556961068,-0.24634640826316948,-0.27827239038112606,0.16284523424340208,1.652539714041344,-0.2971109121758448,-0.6650045434856654,-0.09434468921296807,-0.539061233695908,-0.13571057116566926,-0.23301540043091898,,,
CSM5MCV1_P,C3007,CD,1,,,,,,,,,,0.8010891816082976,1.3701147944464989,0.09895217408692862,1.681776517706855,-1.9222404773368504,14.439792052657646,0.08557683998159445,3.80390640527239,-0.1113122162579901,2.1568219264769546,1.9755008025573877,9.990442547935519,0.43578926816672603,3.006888633300795,,,,,,,,,,,,,1.0629007026451074,1.7211314303986758,0.10188179273749115,1.7025441007863635,0.3496086652591756,12.935975516723655,0.8032449936951949,3.173572698075017,-0.10370044001367282,1.1913790818767944,-2.070100600362412,9.244191572358323,,,
CSM5MCV5_P,C3007,CD,1,,,,,,,,,,-0.48803508550721286,-0.451734417948254,-0.749020015949338,-0.20241930996078547,-0.5832341983197834,-0.30254467577384553,-0.17197949660876036,0.0025087587005181507,-0.1113122162579901,-0.061237842674178776,-0.29909236633726183,-0.1763274937970061,0.1539495735761279,-0.5040040720423901,,,,,,,,,,,,,,,,,,,,,,,,,,,
CSM5MCVB_P,C3007,CD,1,,,,,,,,,,0.9015411863470777,1.7683328556630644,0.015087943294378828,1.7189358485933686,-0.8647933087351497,17.338041925123775,0.07808888218485165,5.376922048113694,-0.1113122162579901,3.735771535737209,1.0999864291180552,13.965897541247454,0.3527257305137168,2.9521707203308454,,,,,,,,,,,,,,,,,,,,,,,,,,,
CSM5MCVD_P,C3001,CD,1,,,,,,,,,,0.010795796077708529,-0.08187394723310522,-0.10654189027674817,0.5850249586057371,-0.1831032703229314,-0.3068249148616497,0.011503302115357203,-0.024486051331768684,-0.1462064739465535,-0.23378055612748697,-0.3461462799823559,-0.334477989702574,0.12525645978884392,-0.5193873875225401,,,,,,,,,,,,,,,,,,,,,,,,,,,
CSM5MCVF_P,C3001,CD,1,,,,,,,,,,0.16254439414876842,0.3150110658472305,-0.16511967085341456,-0.47034566075170037,0.3017589392315263,-0.3739986554688377,0.057122457515457664,0.49845014533366294,-0.1462064739465535,-0.5929616773047887,-0.3461462799823559,-0.33297763842996814,0.11135346818664431,-0.47087602526489786,,,,,,,,,,,,,,,,,,,,,,,,,,,
CSM5MCVH,C3009,CD,1,,,,,0.2613648469612028,0.7492985932646686,0.6332480569304773,-0.2410273422412242,-0.9425091550802006,,,,,,,,,,,,,,,1.493325474281545,-0.22967101184415356,-0.07284643967679481,-0.274615651427781,-0.13140353971100915,0.09560573483367543,1.6461759076305926,-0.3377928645099569,-0.07284643967679481,-0.18950180663358096,-0.2946227360106183,0.030391478799598647,,,,,,,,,,,,,,,
CSM5MCVJ_P,C3002,CD,1,,,,,,,,,,0.1995324327886928,0.43498260363873315,-0.4366426537544704,0.3756273603266806,1.0136317652981794,-0.24698657230156665,-0.03850849261402063,1.4416437426394202,-0.13833516500220164,0.853041325401541,0.013255941737944353,-0.1842759401581277,0.31001080931152547,1.3783769455448998,,,,,,,,,,,,,0.2438875876735659,-0.6702269975137238,-0.24634640826316948,-0.12228244394604977,-0.21286412754403916,-2.002270582196513,-0.2971109121758448,-0.38468982051934386,-0.09434468921296807,0.2970679104175895,-0.13571057116566926,1.065140578311547,,,
CSM5MCVL,C3002,CD,1,,,,,,,,,,0.2602460130444788,1.3973698027073829,1.4675091825735516,1.039574275646883,1.545888228822986,-0.5462889279172569,0.0174888885079567,0.7615341476467189,8.663893149477225,3.1976173665258827,0.028380690302255034,-0.2082301909123629,-0.12608698554428072,1.8400206857374761,,,,,,,,,,,,,,,,,,,,,,,,,,,
CSM5MCVN,C3002,CD,1,,,,,-0.1373115498795212,0.49291967559209354,1.444751747931546,-0.6634652113657525,0.9332462049698949,0.2894104627916354,0.5302379884444803,0.6317492650584994,0.6568220211341927,1.1838693208080653,-0.29022419147006395,0.07023098222885002,0.8766113363859406,-0.13833516500220164,1.282717556964111,-0.2889711364319975,-0.2425535172096375,0.2730377974202045,1.3441178072751292,1.1528058176852614,-0.056371305558196715,-0.08602647872386804,5.777873361975407,-0.2758932361503058,0.012623600559267523,1.9842654635000532,-0.6597085403216271,-0.08602647872386804,-0.08659156048197544,0.5904926211499227,0.15804200816145356,0.1450044107083246,0.13749656112968106,-0.24634640826316948,0.07977154602603188,-0.20880762784960044,-0.44230365224748314,-0.22767102291489158,0.02094909881033506,-0.09434468921296807,1.1841537734382532,-0.13571057116566926,-0.12409426309532037,,-0.08939284250604397,0.28665925265735104
CSM5MCVV,C3001,CD,1,,,,,0.6877847919129229,0.7726026573897112,-0.4520019899650685,0.2665130595305148,0.6202484198609088,,,,,,,,,,,,,,,1.0978336272560658,0.08761395366722986,-0.08813052984784635,-0.46279626881437325,-0.17215409003430882,0.15455173581269654,0.3586897053734844,-0.3599320260332242,-0.08813052984784635,-0.03510391416842733,-0.15805990584430712,0.07869356735747605,,,,,,,,,,,,,,,
CSM5MCVV_P,C3001,CD,1,,,,,,,,,,0.15405091733390744,0.22815230470231682,0.31662177998415336,0.11264096953502177,1.2235301629288795,1.807649462175534,0.23558669516313321,0.7912882282349291,-0.1462064739465535,0.46041937984181547,1.3389663822544342,0.7120653066085589,0.26441062965093987,0.5749070210549513,,,,,,,,,,,,,-0.0400388067644223,-0.48173647877727316,-0.18469106377590472,-0.18150726973757886,-0.02767605209306217,-1.018099451046478,0.7688029340811317,-1.077428728549828,-0.10429053397097302,-5.254102046476645,-0.18010567816992895,-0.33431691792771256,,,
CSM5MCVZ_P,C3008,CD,1,,,,,,,,,,0.6252002477516394,1.4126580240391922,-0.011507245049012862,1.6102176165508704,0.872134530177688,-0.18985043036378396,-0.37084419591585305,0.4140769289496924,-0.10843274156073193,0.5218939709785764,-0.21326325113431455,-0.21481765944196018,-0.12210184684233447,-0.14469757189257137,,,,,,,,,,,,,,,,,,,,,,,,,,,
CSM5MCW4,C3008,CD,1,,,,,-0.6278727583039863,2.417891734352808,0.2898086911564774,1.1731153723610384,0.8487238932590732,,,,,,,,,,,,,,,,,,,,,,,,,,,,,,,,,,,,,,,,,
CSM5MCW4_P,C3008,CD,1,,,,,,,,,,1.2146655472127041,2.525524663930764,0.6472542340993248,2.859992941668365,1.591119810156838,-0.11614085604288095,-0.8989723960498806,0.2534661222698783,-0.10843274156073193,0.6107538518416975,-0.21326325113431455,-0.13687220701528977,-0.10325984830405781,-0.20275432896959542,,,,,,,,,,,,,,,,,,,,,,,,,,,
CSM5MCW6,C3008,CD,1,,,,,,,,,,0.8272805576748732,0.9011578739743009,0.33502484181730013,1.0725394286239889,0.1862839895531897,-0.17022357024148538,-0.5394143250723986,2.0076424338309695,-0.10843274156073193,0.21225281136562582,-0.21326325113431455,-0.20377749654171914,-0.6675353086942593,-0.15319263832236324,,,,,,,,,,,,,-0.6674844130824673,0.278654818647713,-0.1841434975068624,-0.5729804801161963,1.1329412955577733,0.03617169498057647,0.6096231286214859,-1.2690065094126777,,-0.08214536109471353,-0.07939061616942635,-0.2813350374326855,,-0.062149905905642094,0.45166781391369126
CSM5MCWA_P,C3009,CD,1,,,,,,,,,,1.0699229898059648,1.1539905671885775,0.3400601493952281,0.7484971267802035,1.4123318788566637,-1.2166229021880686,0.22239639352137655,1.9433463665160298,-0.10843274156073193,1.29666028486445,1.8730592953328753,0.39634908629897425,0.4032202578568936,0.021821484044283336,,,,,,,,,,,,,,,,,,,,,,,,,,,
CSM5MCWC,C3009,CD,1,,,,,,,,,,-0.24783334106795665,0.39930116023667567,-0.10937644069298619,0.6452043631474881,0.18573055977954436,-0.36836391674930674,0.4784569803492943,0.8218493636187842,-0.10843274156073193,2.6468339287346474,0.6040573671259428,0.16289539209396095,0.6234749744509034,-0.004306778077300433,,,,,,,,,,,,,0.19348578247492088,0.2919922897876004,0.18660517138418692,0.228758692906367,-0.08590280423608546,5.649264366063529,1.3816971578988038,1.0833617552690156,,-0.31302880507197695,-0.07939061616942635,0.9608885115005286,,-0.062149905905642094,0.1769837372881138
CSM5MCWE,C3009,CD,1,,,,,1.1177603179026199,1.1397239892162396,0.982263809592487,0.2425038554273628,0.27474731023762244,0.057301039133807324,0.8066206799096853,0.3362869341587645,0.9008951203275622,0.6045337694592398,-0.3633700045382016,0.45255327975730136,0.9666643082910822,-0.10843274156073193,2.1032161007741923,2.2094081399148573,0.8481415435066155,0.619481136595847,0.29321056401343126,,,,,,,,,,,,,0.9190328774011737,0.6861459408426255,-0.6262679753841309,1.8435112419435702,3.11876059119775,8.736410703641562,1.24722665820504,2.3392636383396033,,1.9517825906114386,5.225187715202143,4.644694552059952,,-0.062149905905642094,0.1769837372881138
CSM5MCWG,C3009,CD,1,,,,,,,,,,0.46781056925579484,0.22091147866669955,1.5798577189561558,0.2772559260191941,0.48996268319209046,4.0960180708271094,0.6300985745211685,0.8696027379530578,-0.10843274156073193,0.1752135095988276,6.563630664088021,1.3631629914283059,0.40271613474954376,1.9086459399416795,,,,,,,,,,,,,,,,,,,,,,,,,,,
CSM5MCWI_P,C3001,CD,1,,,,,,,,,,0.3428209563435036,0.4980844286852882,-0.1501696612914605,-0.22661821521479758,0.6355638445112853,-0.18231540619819053,0.030152006043093642,0.759773338596101,-0.1462064739465535,-0.04648276747733544,0.09267241868799994,-0.144008467918779,0.003412620556482366,-0.25205731350468524,,,,,,,,,,,,,-0.3407057206468588,0.055436669279990074,-0.18469106377590472,-0.3021598843009182,-0.3280462530672658,-0.26319876386227953,-0.4249318373219467,0.23861098953136467,-0.10429053397097302,-0.2269433139863454,-0.18010567816992895,-0.33431691792771256,,,
CSM5MCWK,C3010,CD,1,,,,,-1.5091941787165153,-1.6995092040586166,-0.05078702821851384,-1.3734268731160908,-0.43527033901273143,,,,,,,,,,,,,,,-1.587563016364877,0.04458204265569415,-0.08813052984784635,-0.6930303531525038,-0.08119433205835823,0.15455173581269654,-0.5649362272811355,-0.3599320260332242,-0.08813052984784635,-2.928885793805988,-0.27622715136890197,0.07869356735747605,,,,,,,,,,,,,,,
CSM5MCWK_P,C3010,CD,1,,,,,,,,,,-0.782987136195357,-1.0211480278791183,-0.18705741209311863,-1.3198230716361314,-1.1333650916477884,-0.2471979978936536,-0.16927430747112127,0.0536050463408179,-0.1462064739465535,0.05452819245867962,0.6093343455501653,-0.33258024842356815,-0.3135534933375699,-0.23973687198113652,,,,,,,,,,,,,,,,,,,,,,,,,,,
CSM5MCWM_P,C3003,UC,1,,,,,,,,,,0.21642108607254554,-0.0174648613733431,-0.344593949689861,0.8912158685764529,1.1165493020999009,-0.13817469223724557,0.1913527518813971,-0.3305918566254576,-0.10843274156073193,0.6432023830717025,-0.21326325113431455,-0.09598085797884691,0.021088944142195233,-0.21303408020406722,,,,,,,,,,,,,-0.49798160919265316,-2.670026540743028,-0.1841434975068624,-0.24977408262416503,0.01808903081309439,-0.24014752167572648,-0.5030097330401501,-1.594902663266114,,-0.6022118155159611,-0.07939061616942635,-0.2813350374326855,,,
CSM5MCWQ,C3003,UC,1,,,,,,,,,,0.038574386146703034,0.6714393626888632,0.3234324863533398,2.0648357314271215,0.8595127863280233,0.20518565996988658,0.034172690887338514,-0.7889876115071628,-0.10843274156073193,1.1085976488484999,-0.21326325113431455,-0.16054465917881128,-0.1037329207644151,-0.22690848760411883,,,,,,,,,,,,,0.2077150335303488,1.600831213958438,-0.1841434975068624,0.32004632413291273,0.15587719365765593,-0.2627531679804082,0.029344723876061064,0.09395412583740378,,-0.329190208243758,-0.07939061616942635,-0.2813350374326855,,-0.062149905905642094,-0.1798848494414826
CSM5MCX3,C3006,UC,1,,,,,-0.5762975315116402,0.4017065049442097,0.17321960697950103,-0.07019821072827657,-1.845834026560712,0.11151000023666478,-0.7956924101708522,-0.20487989657773872,-0.4971675496694696,-1.2336627943097105,-0.05026578640770787,0.09822105638401575,0.37968204236359054,-0.1462064739465535,-0.0548584031925769,0.32820639186634926,0.025114019153964037,-2.995714405742202,0.10390564079177815,-1.2170783967544931,0.04458204265569415,-0.08813052984784635,-0.39274280980431187,6.3115477329950425,0.15455173581269654,0.02530078733488983,-0.3599320260332242,-0.08813052984784635,-0.6577149880261152,3.003393303173987,0.07869356735747605,-2.2529589623291733,-3.5469120983220312,-0.18469106377590472,-4.093093260410273,-7.223067930365944,-0.3884124890939606,-1.8632265145608662,-0.7905416758375146,-0.10429053397097302,-1.2558169476290586,-0.18010567816992895,-0.18045772461779483,,,
CSM5MCXB,C3011,UC,1,,,,,0.3474340974412051,0.9523593072557456,0.9148133294361027,0.1290990577993819,1.898835846108822,,,,,,,,,,,,,,,0.8786097658261933,0.08761395366722986,-0.08813052984784635,0.08144856558840494,-0.09984812251060363,0.15455173581269654,1.0530442300719567,-0.3599320260332242,-0.08813052984784635,0.368652404385672,-0.1201384398497693,0.07869356735747605,,,,,,,,,,,,,,,
CSM5MCXB_P,C3011,UC,1,,,,,,,,,,-5.060255703570002,-3.934029572586709,0.03745759433967472,-3.8293553554779587,-0.05171780355947561,0.724667834349011,-6.130553073075637,-4.858445394839767,-0.1462064739465535,-3.250052433978005,0.07539178658962793,0.24617301670449962,-5.116597149931635,0.22411311841286427,,,,,,,,,,,,,,,,,,,,,,,,,,,
CSM5MCXD,C3001,CD,1,,,,,,,,,,0.16255170298834132,0.24348118728693036,0.024539441470759482,-0.4342818404051158,0.14624709925700316,-0.29151728679526673,-0.23848110999965783,0.21013226416486958,-0.1462064739465535,-0.3477487610531854,-0.2816720260682998,-0.343222516575561,-0.2105192972480321,-0.4914672714367974,,,,,,,,,,,,,-0.232771409992266,0.225084706736555,-0.18469106377590472,-0.0356480102816812,0.044564380196595185,-0.514661113686264,-0.10569530963993766,-0.1622139530960885,-0.10429053397097302,-0.23118751195724585,-0.18010567816992895,-0.17088419943758715,,-0.11241482424008134,-0.11925355006576696
CSM5MCXF,C3012,CD,1,,,,,0.055973933153937276,1.5269722412598534,-0.12294243585557339,0.40220155596633245,-0.8135586960365655,,,,,,,,,,,,,,,-0.29179430280692953,0.08761395366722986,-0.08813052984784635,0.22621869492001162,0.007098278602625677,0.15455173581269654,-0.5529245500501411,-0.3599320260332242,-0.08813052984784635,-0.1429654204315602,0.13829301091924023,0.07869356735747605,,,,,,,,,,,,,,,
CSM5MCXF_P,C3012,CD,1,,,,,,,,,,-0.1279641138857154,-0.16502626228223533,0.05946668485762275,-0.006022416622600817,-1.1863193141917714,-0.2931860949007105,-0.41107469712826994,-0.026493946994992468,-0.1462064739465535,-0.7843747189523809,-0.2861316876818522,-0.2983828865750224,0.254368640981178,-0.0963429625813389,,,,,,,,,,,,,,,,,,,,,,,,,,,
CSM5MCXH,C3004,UC,1,,,,,,,,,,-0.030885975790862163,0.17025981193328846,-0.6324913989542386,0.2067981475107525,-0.3609874054729131,-0.22622786168031786,-0.052767685340364946,0.0812091138293837,-0.1113122162579901,-0.0014249378127318523,-0.29909236633726183,-0.2066705396615523,0.061946797963876726,-0.4512774544591236,,,,,,,,,,,,,-0.4188413362565472,1.306140623732771,-0.28826309641283665,1.0166030522507106,-1.1109583422646527,-0.16950316482330327,-0.08430616108290144,-1.0266368841145566,-0.10370044001367282,-0.2670977695518813,-0.13812187083932795,-0.1733165833850202,,-0.09339860866723376,-0.35718822980375403
CSM5MCXJ,C3004,UC,1,,,,,,,,,,-0.1679754784095958,-0.0710445248163389,-0.6418291410209777,-0.16893847051138194,-0.28588937755156074,-0.21888031115235326,-0.22781451493402602,-0.05061545919717101,-0.1113122162579901,-0.31751741514183524,-0.29909236633726183,-0.2142289356974133,0.24957862505475067,-0.4351064946609165,,,,,,,,,,,,,-0.11243892933720881,1.143484636191442,-0.11327888400888181,1.435084857909187,-0.7987184865332434,-0.2694972789143402,0.1181322001030851,-0.977694524093377,-0.10370044001367282,-0.12950362483773606,-0.13812187083932795,0.5581153667971744,,-0.09339860866723376,-0.0505635976096521
CSM5MCXL,C3004,UC,1,,,,,-0.945151447410045,-1.1930156194431594,-0.5144705307783254,-0.6307311021682515,-1.1921752228888076,-0.24852730157774952,-0.35748706573194566,-0.6844235502687539,-0.4015317087202648,-0.30179420242226207,-0.223866784817595,-0.21603571479108014,0.0491892559437946,-0.1113122162579901,-0.5205079735853118,-0.29909236633726183,-0.21552070386130867,-0.3572964759203355,-0.1323184408780045,0.9338607842002568,-0.07794501494001509,-0.08650797396966804,-0.22866761854005455,-0.4117098926288363,0.07500016726067676,0.42590372686880085,-0.2545646040918579,-0.08650797396966804,-0.08708671244899614,-0.14296984138690302,0.013368190302435377,-0.2342361945053026,0.8653678105034827,0.32630260283330864,0.5777482625402824,0.44742545412870793,-0.21082615530159207,0.24145992459695656,-0.5691048839946083,-0.10370044001367282,-0.27822167733368225,-0.13812187083932795,0.6782513604215629,,-0.09339860866723376,-0.4947325034878631
CSM5MCXN,C3004,UC,1,,,,,,,,,,0.1421367426248746,-0.15881775887090285,-0.17659115920715474,-0.05407745180968155,0.8657799059460066,-0.238230911298923,-0.13326175204694418,-0.2749771805498737,-0.1113122162579901,-0.02827873014060465,-0.29909236633726183,-0.21552070386130867,-0.26237826224341965,-0.5865751351409485,,,,,,,,,,,,,0.2606738213720683,0.09254562840451724,-0.28826309641283665,0.004055464551112011,0.6499688423099634,-0.429644732127969,-0.16057458202597336,-0.661847235288221,-0.10370044001367282,-0.6498774177890613,-0.13812187083932795,-0.19421035750223362,,-0.09339860866723376,-0.36905170123818737
CSM5MCXP,C3004,UC,1,,,,,,,,,,-0.16216569995190214,-0.10017187831674343,-0.7913883608765837,-0.30057331203389503,-0.39286135108928805,-0.238230911298923,-0.6312941405015998,0.16649023302297528,-0.1113122162579901,-0.5772680799670669,-0.29909236633726183,-0.21552070386130867,-0.6877520411234941,-0.4059716044885896,,,,,,,,,,,,,-0.09174415503848722,0.19685043822047443,0.04056299736464771,0.9872680052538803,-0.23454759800024727,-0.18446571848301138,0.4345299162690237,-0.2535472972107066,-0.10370044001367282,-0.8271492980445694,-0.13812187083932795,-0.17068415023641137,,-0.09339860866723376,-0.993171028123884
CSM5MCXR,C3004,UC,1,,,,,,,,,,0.014878247875789112,0.017978411160075956,0.3516563406281808,0.3244784152821376,-0.32994515884054487,-0.20273168654718254,-0.13816217340387082,1.1795226311091702,-0.1113122162579901,0.17546647663220488,-0.17727793102573466,-0.22424359435303742,0.7777229715552482,-0.43670530825406256,,,,,,,,,,,,,-0.08193663775770028,-0.03789432294091315,-0.28826309641283665,-0.11420719082901558,-0.38161045336210403,-0.4355245651939483,-0.09888742277729752,-0.3563744629731243,-0.10370044001367282,-0.24058432928476056,-0.13812187083932795,-0.37818948563327376,,-0.09339860866723376,0.43202937616702825
CSM5MCXT,C3010,CD,1,,,,,,,,,,-1.2945020818605355,-2.1325061817879436,-0.059965874009624914,-1.9356247179456119,-2.208473039473292,-0.24854346826881638,-0.26154177422902347,-0.463665358563516,-0.1462064739465535,-0.46676242236274024,-0.3461462799823559,-0.35432032474260416,-0.07861448625086236,-0.4667702826378975,,,,,,,,,,,,,-2.5930609371368374,-1.6136844267766675,0.3007654822742344,-1.122239329733572,-1.6278046448712564,-0.5071814282209296,-1.3936038621408062,-0.4939520293661912,-0.10429053397097302,-2.8058781391617975,-0.18010567816992895,-0.20673100146657622,,,
CSM5MCXV,C3010,CD,1,,,,,,,,,,-0.23601565354727924,-1.2789136250779254,-0.13312163782295375,-0.5420755747285755,-0.8372887019685019,-0.21458875694284701,-0.4012058683417812,-0.6031152801899285,-0.1462064739465535,-0.7158514006248655,-0.3461462799823559,-0.3089021683240898,-0.7992850363269388,-0.36153920277563484,,,,,,,,,,,,,,,,,,,,,,,,,,,
CSM5MCXX_P,C3010,CD,1,,,,,,,,,,0.2985026728915949,-0.27431330748688026,-0.06025805513700753,-0.21100236723990815,-0.5124306852620858,-0.19476283670726496,-0.12119925457928239,0.014001046546112969,-0.1462064739465535,-0.16421229120505548,0.03579699850331984,-0.2530010762560111,-0.5418513475357133,-0.12418127169073234,,,,,,,,,,,,,,,,,,,,,,,,,,,
CSM5MCXZ,C3010,CD,1,,,,,-0.1551967642304427,-1.2261070882657488,-0.24521548321241382,-0.317562616975813,-0.6081895031909281,,,,,,,,,,,,,,,-1.0316101249644376,0.05681301057114463,-0.08813052984784635,0.32411482597857794,-0.059963720470696424,0.15455173581269654,-0.3358776710910595,0.02851524086265605,-0.08813052984784635,1.0085910287231448,-0.26480824867917085,-6.350384548554755,,,,,,,,,,,,,,,
CSM5MCXZ_P,C3010,CD,1,,,,,,,,,,-0.46539594462252865,-0.39880924146383273,-0.1446237311041628,-0.697879758727403,-0.561869197994161,-0.27453537676898593,-0.26130566478659334,-0.4922835562793695,-0.1462064739465535,-0.6227044168417196,-0.3461462799823559,-0.3472899536610785,-0.14353044034550558,-0.42653685789306495,,,,,,,,,,,,,,,,,,,,,,,,,,,
CSM5MCY2,C3010,CD,1,,,,,,,,,,-0.4112745924714152,-0.7205868466602364,-0.16611230282672199,-0.20477149972408357,-0.8940434704324023,-0.18832872140892298,-0.186954902148911,-0.43187163583055677,-0.1462064739465535,-0.44200132547245136,-0.3461462799823559,-0.29846793733924887,-0.1669981945939596,-0.3635645828645435,,,,,,,,,,,,,-2.799487440145909,-1.0083330914308486,-0.18469106377590472,-0.3688086624645306,-1.2946238686413105,0.4483065365208777,-1.5829361132062751,-1.5705598928804165,-0.10429053397097302,-2.2915446927196697,-0.18010567816992895,-0.1696634902487505,,-0.11241482424008134,-1.2892586301187308
CSM5MCY4,C3005,UC,1,,,,,,,,,,-0.16843377488751018,1.1040450650647717,-0.3039474694386119,0.3765862851769776,-1.9580924798233659,-0.29405553123046174,-0.09680169210700854,0.4427990693135976,-0.13833516500220164,-0.33613916708170166,-0.009033678515713149,-0.19978682850185206,-0.2322185752340496,0.2000325560182473,,,,,,,,,,,,,-0.44258394990054417,0.30013456552395473,-0.24634640826316948,2.398886318461962,0.8935727818766469,-0.27504601396219996,-0.2971109121758448,0.7085870955031647,-0.09434468921296807,-0.7553347605881788,-0.13571057116566926,-0.23301540043091898,,,
CSM5MCY8,C3005,UC,1,,,,,-0.640771843447181,-1.207273359146592,0.30857717260252565,-1.92539059790016,0.0576820113727491,3.71829321140701,10.259836504561518,-0.46398795895228645,10.609899825438221,1.713233361661011,-0.006272778660254424,-0.10322656558212344,0.039475535954436085,-0.13833516500220164,0.15497023427629047,0.0317795296548335,-0.08837799767489843,-0.1800081682337877,0.4017200078941713,0.3935747375181371,0.36722556015821756,-0.08602647872386804,0.021726919884986675,-0.28668745689911096,0.012623600559267523,-0.012000640615681868,-0.0970981801533063,-0.08602647872386804,-0.1507971664076228,-0.3175716993053363,0.15804200816145356,-0.8371202595237631,-0.6686741340067591,0.17208138236666015,0.053670513724355356,2.081157440653056,0.1324467005790186,0.10195043786037768,-1.0023221658149848,-0.09434468921296807,-0.6546604802156137,-0.13571057116566926,-0.23301540043091898,,-0.08939284250604397,0.1010212433293808
CSM5MCYI_P,C3011,UC,1,,,,,,,,,,-2.0479830820539955,-1.647267094407739,-0.1715763311770915,-2.3123838167421185,0.6449101304969019,1.7398368447561205,-1.8627688678227645,-1.4332998145519282,-0.1462064739465535,-1.0077736645614876,-0.10070408648877409,1.1819682966483716,-3.4966343259862973,0.4809102998484144,,,,,,,,,,,,,,,,,,,,,,,,,,,
CSM5MCYK,C3003,UC,1,,,,,-0.904034107922596,0.7342857059924648,1.6365613672944843,-1.020690117208768,4.605379011117541,,,,,,,,,,,,,,,-0.43068319078475203,0.0622269375760021,-0.07284643967679481,2.6005271170883466,-0.33392791075706274,0.09560573483367543,-0.49827763131936864,-0.3377928645099569,-0.07284643967679481,3.01904798029968,-0.13039042914040716,0.030391478799598647,,,,,,,,,,,,,,,
CSM5MCYM_P,C3011,UC,1,,,,,,,,,,-3.858102826435766,-2.892701282230688,-0.00011439112168932948,-3.0345124130869046,0.16270424050648083,0.4513735316240227,-4.194631738510808,-4.857271638853246,-0.1462064739465535,-2.504589029604468,0.050157654806572353,0.2945849341621742,-5.42242717332322,0.5469037645796497,,,,,,,,,,,,,,,,,,,,,,,,,,,
CSM5MCYO,C3011,UC,1,,,,,0.6812935255046545,1.3696038409155893,1.4072371464476152,1.05126857203676,2.325930658164326,,,,,,,,,,,,,,,-0.40908487356237555,-3.52683515805371,-0.08813052984784635,-0.24052636118212511,-0.023657969086864288,0.15455173581269654,-0.21241742395983232,-0.3599320260332242,-0.08813052984784635,0.8405944792682681,-0.30348114013940736,0.07869356735747605,,,,,,,,,,,,,,,
CSM5MCYO_P,C3011,UC,1,,,,,,,,,,-1.9856126390991793,-1.3090845170923189,-0.07927094483788051,-1.3909372475115869,0.13710287260690915,0.22684842024130014,-1.9307578759151487,-1.9225675288119024,-0.1462064739465535,-1.1238391252853783,-0.21040484166624276,0.0310169287026881,-3.670042582607905,0.14980817610422878,,,,,,,,,,,,,,,,,,,,,,,,,,,
CSM5MCYQ_P,C3011,UC,1,,,,,,,,,,-6.407786268910296,-4.582924211415018,-0.23663696940950577,-4.456930992716155,0.2775634588706129,0.9249407451701754,-7.586551988125751,-6.918447097030947,-0.1462064739465535,-4.1334698762549165,-0.29653029259615926,0.9066151695226474,-6.053530298056463,0.4940848435188746,,,,,,,,,,,,,,,,,,,,,,,,,,,
CSM5MCYS,C3001,CD,1,,,,,,,,,,-0.8957783426609194,-0.5596992947716353,1.3045232016215862,-0.8144241078895331,-0.3430613825738979,-0.5021895026690312,0.37037478209077596,1.6957303007019975,5.654657677315575,-1.3650807772181066,-0.31361474816623935,-0.2859570049737806,0.6595115577358344,-0.4280839971288793,,,,,,,,,,,,,,,,,,,,,,,,,,,
CSM5MCYU,C3013,UC,1,,,,,0.5689513926203201,0.4555504066442263,-0.6414102925891504,-0.4886750992200101,0.33856218761868057,,,,,,,,,,,,,,,0.3067383207304394,-0.22967101184415356,-0.07284643967679481,-0.274615651427781,-0.255580789284487,0.09560573483367543,-1.414176912279116,-0.3377928645099569,-0.07284643967679481,-0.18950180663358096,-0.2946227360106183,0.030391478799598647,,,,,,,,,,,,,,,
CSM5MCYU_P,C3013,UC,1,,,,,,,,,,0.33108791698532786,-0.4036818586564196,-0.8155998409973673,-0.8853484928951062,-0.7185510771454798,-0.18136329602205706,1.218389018237034,-0.18408175438393032,-0.10843274156073193,-0.8271613763954965,-0.18624640253534736,-0.18957950175453667,-0.17185017827797333,-0.2142794262059753,,,,,,,,,,,,,,,,,,,,,,,,,,,
CSM5MCYW,C3008,CD,1,,,,,,,,,,1.5897671545113747,2.202955118198803,2.004417750066179,1.8463387681864476,0.39067028882984395,-0.02254139110888705,-0.8940230072073946,2.0069360523966098,-0.10843274156073193,1.431850256381835,-0.21326325113431455,-0.17058189443870725,-0.10346147710998782,-0.12395359432452463,,,,,,,,,,,,,,,,,,,,,,,,,,,
CSM5MCZ3,C3008,CD,1,,,,,-0.5958259798844601,1.628436508237935,0.21474951020549582,1.0158597332609784,0.847744066407408,2.6106163781487,2.4088382469350194,0.4739137731424311,4.385135129439407,-0.4654898152312864,-0.2752065164186186,-3.6055907637702447,1.340239992456236,-0.10843274156073193,0.3574733091250803,-0.21326325113431455,-0.17144862992491083,-0.6530724517322143,0.023426459804480923,1.0203121471604093,-0.22967101184415356,-0.07284643967679481,-0.3443862968959404,-0.21230774600215846,0.09560573483367543,0.6133193799502995,-0.3377928645099569,-0.07284643967679481,-1.004949509574477,-1.3264964321357395,0.030391478799598647,-0.7645184010825161,-0.40304906959858045,-0.1841434975068624,-0.46348627935902725,0.40847153033736255,0.1575282175975364,0.09518673623093687,-2.1352932092673833,,-0.25404917515473796,-0.07939061616942635,-0.2813350374326855,,-0.062149905905642094,-0.2736058990470834
CSM5MCZ5,C3008,CD,1,,,,,,,,,,6.751356500784974,14.843333596247756,2.9441147783415027,15.844675830669285,13.864069367062793,-0.04008489958117273,-3.174365225372109,0.039638410198100896,7.559965184128332,0.6671199603901934,-0.21326325113431455,-0.14919265974909082,-0.6812197939219958,-0.139803246343853,,,,,,,,,,,,,,,,,,,,,,,,,,,
CSM5MCZ7,C3008,CD,1,,,,,,,,,,1.299101262188823,4.170248088082347,2.6764385686552514,4.310455578642412,2.3117787372794805,-0.09629475357381485,-0.9254268495994782,0.452824246485442,-0.10843274156073193,0.7291957892543106,-0.21326325113431455,-0.21313692741224258,-0.24863765644027663,-0.12835034059779896,,,,,,,,,,,,,,,,,,,,,,,,,,,
CSM5MCZB,C3012,CD,1,,,,,,,,,,0.1592926456537708,0.23686051491965168,-0.3398728111253212,0.13123309487493537,0.31553263775447876,-0.3334620332493318,-0.1904866698599273,0.246709912047522,-0.1462064739465535,0.19254247870961128,-0.3461462799823559,-0.35432032474260416,0.23716034039238904,-0.3901100049022646,,,,,,,,,,,,,0.30811981234052627,-0.82195502488927,4.192448283619847,0.998411739484092,0.700999436355554,0.8233538520430803,-0.7876670028085629,0.0007904281558256445,-0.10429053397097302,-0.1813845325543468,-0.18010567816992895,-0.33431691792771256,,-0.11241482424008134,-0.6399718843770944
CSM5MCZD,C3012,CD,1,,,,,,,,,,2.0300450873224563,1.8260834413168427,-0.0076941045456155235,1.8635964660127418,3.1550520384635634,-0.3334620332493318,-0.4432769002155062,-0.4766381688945185,-0.1462064739465535,-0.20330755311243282,-0.3461462799823559,-0.35432032474260416,0.11065135604233517,-0.74238988650154,,,,,,,,,,,,,0.07326820045626423,0.9410342893816385,-0.18469106377590472,0.4747421012907114,2.3855746180118085,-0.5388255985700141,-0.12609323266291644,-0.5837028403717758,-0.10429053397097302,-0.14083411765089238,-0.18010567816992895,-0.1103164362925748,,-0.11241482424008134,0.1602602673461774
CSM5MCZF,C3012,CD,1,,,,,0.9139982565169045,-0.8264752086921686,-0.912743050509738,-0.3224069973378906,-0.9344318851959456,1.1048038731909988,1.24880506728425,-0.0654864731110595,1.1923241300802474,1.8390298889038967,-0.3334620332493318,-0.5747926558406757,-0.24809056621986023,-0.1462064739465535,-0.25075452035125545,-0.3461462799823559,-0.35432032474260416,-0.16313287607549012,-0.4131182911328536,0.8663841584812392,0.08761395366722986,-0.08813052984784635,-0.24052636118212511,0.07921541391948597,0.15455173581269654,0.3586897053734844,-0.3599320260332242,-0.08813052984784635,-0.03510391416842733,-0.1201384398497693,0.07869356735747605,-0.1484747669779269,1.0295815881205392,-0.18469106377590472,0.1729533576526012,-0.24784699309989694,-0.5388255985700141,0.3402703140006885,-0.5027631177061104,-0.10429053397097302,-0.2255382968042334,-0.18010567816992895,-0.33431691792771256,,-0.11241482424008134,-0.00023430610269174144
CSM5YRY7_P,C3001,CD,1,,,,,,,,,,0.31614249650681564,0.40590800356886064,-0.16523502041934424,-0.2009841869310629,0.5729120521005412,-0.3928246220302559,-0.13211242721519595,0.836781955159027,-0.1462064739465535,-0.30757298631294566,-0.3252036174965983,-0.3176643937603617,-0.14850044839234988,-0.4546876950276676,,,,,,,,,,,,,,,,,,,,,,,,,,,
CSM67U9B,C3012,CD,1,,,,,,,,,,0.25430818085116946,-0.07880938617395625,0.10823363651715517,0.15891608857808587,0.09413079123061599,-0.3334620332493318,0.05926085418197175,-0.5470016680246036,-0.1462064739465535,-0.4180597436198124,-0.3461462799823559,-0.35432032474260416,0.19437424503791115,-0.4557032972498546,,,,,,,,,,,,,,,,,,,,,,,,,,,
CSM67U9D,C3012,CD,1,,,,,,,,,,0.23987831482032596,0.39568999117855796,0.021586314160982337,0.46907288166090966,0.781368924005894,-0.3334620332493318,-0.06796354737851262,-0.7126032614305456,-0.1462064739465535,-0.3568050703041203,-0.3461462799823559,-0.35432032474260416,0.10100526905402023,-0.46236692828051407,,,,,,,,,,,,,0.2948628087046942,-0.06116799845575214,0.014726166499286215,-0.21911762397778928,0.1905173565247555,-0.5388255985700141,-0.25266352011248167,-1.1715845731911123,-0.10429053397097302,-0.6235934289461027,-0.18010567816992895,-0.33431691792771256,,,
CSM67U9H,C3013,UC,1,,,,,,,,,,0.4681795649955789,-0.12196112652781384,-0.36793722774273946,-0.4884021430782673,0.1620746398828618,-0.24435022221772035,1.548841126594674,-0.07486148865338273,-0.10843274156073193,0.38466105185025085,-0.17912368227652298,-0.12345492571688924,0.21771971618186958,0.08385776178653152,,,,,,,,,,,,,-0.4740864079516514,-0.9303238613467278,-0.1408067544209011,-0.944525891959579,-0.399202095467663,-0.9165581457122525,-1.1809960382448284,-0.2999588310462674,,-0.4015445967885974,-0.07939061616942635,-0.2813350374326855,,-0.062149905905642094,0.4284056551815644
CSM67U9H_P,C3013,UC,1,,,,,,,,,,0.6041579851001108,-0.45829361773750743,-0.5207604329416983,-0.4572169317669254,0.27268614163260396,0.026118425846785327,1.7310147648609457,-0.24448492884207162,-0.10843274156073193,-0.04607360141321715,-0.16409699592522128,-0.17261512207146334,0.20400313925359287,0.17692501309404496,,,,,,,,,,,,,,,,,,,,,,,,,,,
CSM67U9J,C3001,CD,1,,,,,,,,,,0.1922446635815729,0.6562051198975961,-0.2294776403966944,-0.20185698668401852,0.701715601089375,-0.32063960078871473,0.024774037719113913,0.3282331829911462,-0.1462064739465535,-0.2982328538118366,-0.19625879613411348,-0.30817505472210216,-0.0167143639780509,-0.3899516543583033,,,,,,,,,,,,,,,,,,,,,,,,,,,
CSM67U9N,C3013,UC,1,,,,,,,,,,0.9877453172860035,2.148066998461776,-4.595227408489,-0.3228719562183632,1.842237987243324,-0.5682305110445651,0.7236433961624705,-0.41310737428658767,-0.10843274156073193,-0.010078395208048206,0.3297844113614052,-0.01432920059257367,0.09902195197960735,0.5775377482605419,,,,,,,,,,,,,,,,,,,,,,,,,,,
CSM67U9P,C3013,UC,1,,,,,-0.9286342347153116,0.605420642124313,-0.45740140902061066,0.3033997982126577,1.926519844823582,,,,,,,,,,,,,,,-0.1316994163740323,-0.22967101184415356,-0.07284643967679481,0.27041637876877234,-0.36644490412873637,0.09560573483367543,-2.3274265041659117,-0.3377928645099569,-0.07284643967679481,0.11359692348648927,-1.8035592272034575,0.030391478799598647,,,,,,,,,,,,,,,
CSM67U9P_P,C3013,UC,1,,,,,,,,,,0.22169812906311978,1.3874640102135274,-0.2848459731057943,0.7832230845836471,2.509416417044923,-0.1109204104514626,0.3244557687653814,-0.6694848794006715,-0.10843274156073193,-0.5114279978407502,-0.21326325113431455,-0.024111229957041194,0.2693016449296916,-0.23636812813183605,,,,,,,,,,,,,,,,,,,,,,,,,,,
CSM67U9R_P,C3013,UC,1,,,,,,,,,,0.6426236310298226,1.5599410868923846,0.8290224684972965,0.5158840200976965,1.292142036104136,-0.24306202894016526,-0.40618761201590414,0.002218672906677335,-0.10843274156073193,0.03427080949074976,-0.10272077715561118,-0.21023927046075952,0.23673144396198026,-0.0448283376113138,,,,,,,,,,,,,,,,,,,,,,,,,,,
CSM67U9T,C3015,UC,1,,,,,0.05663846509172838,-1.1323123317708166,-0.41031729658413885,-0.44207008951853377,0.30885575933742254,,,,,,,,,,,,,,,1.1528058176852614,0.36722556015821756,-0.08602647872386804,-0.2777457708075346,0.01487132205752391,0.012623600559267523,1.318290161448458,-0.0970981801533063,-0.08602647872386804,1.5050253293742528,0.40283861218420464,0.15804200816145356,,,,,,,,,,,,,,,
CSM67U9T_P,C3015,UC,1,,,,,,,,,,0.4936930205864428,0.7605910891879456,0.9864325440267622,1.638549692116124,1.868275843435592,-0.28379607204995044,-0.13545624307942505,-0.1483235200183054,-0.13833516500220164,1.6262036848990633,-0.26919607097404924,-0.24539923071696212,-0.19147880567350747,-0.42064969012370684,,,,,,,,,,,,,,,,,,,,,,,,,,,
CSM67U9V,C3016,CD,1,,,,,-0.595124507382896,-1.7149306145963312,0.1236191547572108,-0.5661145591310061,0.4116016865663812,,,,,,,,,,,,,,,-0.29809993631471,-2.211597228611806,,-0.5323204702768674,-0.38874181098135174,0.07560302623362697,-0.23583388551165826,-0.1788079862674723,,-0.20368662955223724,-0.4232025207568016,0.06293716072304763,,,,,,,,,,,,,,,
CSM67U9V_P,C3016,CD,1,,,,,,,,,,0.35031246974268015,0.4047156877296505,0.3174965819006513,0.17735111877120424,-0.12416453083492261,-0.2862741991894311,0.02527982367580056,0.8582504307001907,-0.11407085113498545,1.025492928927904,-0.3363939264701503,-0.23143660015304887,-0.08055602550565169,-0.37012365608160125,,,,,,,,,,,,,,,,,,,,,,,,,,,
CSM67U9X,C3017,CD,1,,,,,1.1405714380687297,0.571221586396202,0.27476447302388685,-0.05899086557642023,1.053194777127766,,,,,,,,,,,,,,,1.0421844942953487,0.0916501702159361,,-0.1271107768090049,-0.46927374987100356,0.07560302623362697,0.9645797434544393,-0.23581076897759604,,-0.36200904496414194,0.21227976748773542,0.06293716072304763,,,,,,,,,,,,,,,
CSM67U9X_P,C3017,CD,1,,,,,,,,,,-0.6098253644285999,-0.5348863739788895,0.15002533556059922,-0.46417853200707715,-0.27226105077833046,-0.2367792091095429,-1.1284214566886013,-0.12813136367770056,-0.11407085113498545,-0.6062135209845805,-0.21486069678292283,-0.2698474698100222,0.40088798588737956,-0.013606440069486279,,,,,,,,,,,,,,,,,,,,,,,,,,,
CSM67UA2,C3001,CD,1,,,,,-0.07810781715774752,0.8463323572756655,-0.6658624933684332,-0.436981857318144,-0.43180023877612494,-0.01897316493343898,-0.1559225476649358,-0.08651279631996912,-0.5024669408485842,0.23692279977582797,-0.3256685311791548,-0.8254215181475866,0.6467066118292879,-0.1462064739465535,-0.8432573042787791,-0.21101404529991424,-0.29458017217383653,-0.03545078701212065,-0.4107581990223193,0.4829442855783314,0.08761395366722986,-0.08813052984784635,-0.3307334104134136,-0.17798857166783816,0.15455173581269654,0.46635355379262466,-0.3599320260332242,-0.08813052984784635,-0.09899998676910823,0.18932849636497678,0.07869356735747605,-0.5511799987040343,-0.3159287253147284,-3.4531748091281087,-0.27330044808446874,-0.3564688392305993,-0.4687899041564489,-0.1713322550261023,-0.46541947168215114,-0.10429053397097302,-1.0319090417574768,-0.18010567816992895,-0.33431691792771256,,-0.11241482424008134,0.2520593666910356
CSM67UAA,C3009,CD,1,,,,,-0.11082384779804443,1.241719066056807,2.044897635524989,0.3154493168669583,1.0140178946845069,0.9519747760984254,-5.354525178612135,0.2651051343651228,-24.11934967985949,23.908292408764154,-0.395625459400878,0.4555019733856104,2.5546441293802404,-0.10843274156073193,2.2819201657296317,2.85162399061929,9.948833751788788,0.33599299522153925,1.6261472365886784,0.9313026745507546,-1.143399290462986,-0.07284643967679481,0.2965946998112128,1.4164307215603043,-0.22821373118696944,1.8465489868108844,-0.9785920482124445,-0.07284643967679481,5.031692920610988,0.401290262731443,0.030391478799598647,,,,,,,,,,,,,,-0.062149905905642094,1.1137680888374235
CSM67UAG,C3009,CD,1,,,,,,,,,,-1.1055707309908314,3.8913245060373396,0.13022147605583143,1.476644577798822,4.817157508538001,0.3553888313314735,-1.4183234776571658,1.3022071770323642,-0.10843274156073193,4.899215244247412,3.035265749638991,13.405616499540193,0.40271613474954376,1.8852881793632101,,,,,,,,,,,,,,,,,,,,,,,,,,,
CSM67UAI_P,C3020,CD,1,,,,,,,,,,5.616307473412647,5.010166960133769,1.3763591582324568,8.154317994082339,5.466968549180853,4.453464076507083,0.8694639699402352,0.39664476888392697,-0.11407085113498545,2.4544611348318828,2.988883716025064,4.949297583264353,-1.2367199814755627,1.0653739560743483,,,,,,,,,,,,,,,,,,,,,,,,,,,
CSM67UAK,C3015,UC,1,,,,,,,,,,0.825623502342862,0.7017568539027501,1.6675810040394579,1.642429652185575,1.81636816645141,-0.21742462774243923,0.12680651972144097,0.4697875533307517,8.097727367961426,0.44901721098552816,1.7282377815925976,-0.24423736720396147,-0.19155610240514195,0.29093830981547575,,,,,,,,,,,,,-0.05192369582118934,0.5346002361145237,-0.24634640826316948,0.19323039001224468,0.11358592650845534,-0.03944444210965221,-0.2971109121758448,-0.38468982051934386,-0.09434468921296807,-0.6701863110147755,-0.13571057116566926,-0.23301540043091898,,-0.08939284250604397,-0.3904539989682714
CSM67UAM,C3015,UC,1,,,,,,,,,,0.5658770035196801,0.8241264723535675,0.5776256798336078,1.03137207172982,1.5881902708604665,-0.2947953111157679,-0.8933133361374365,-1.2873004072509455,-0.13833516500220164,-0.19761294030714044,-0.31024027966137385,-0.0601745224707394,0.08999431144482002,-0.3890461645283219,,,,,,,,,,,,,0.5755025734101227,1.2954572306411587,-0.24634640826316948,0.6160071631749157,0.30463039100983824,-0.19297687145825845,-0.1963509779999837,1.3320983338110026,-0.09434468921296807,-0.4311087035662955,-0.13571057116566926,-0.23301540043091898,,-0.08939284250604397,0.29848631984325796
CSM67UAO,C3015,UC,1,,,,,,,,,,0.6503263318678872,1.0098663203010643,0.7437115109431179,1.5864700693697564,1.921684120626156,-0.2585631360925632,-0.10159936303912138,-0.06773961578034145,-0.13833516500220164,1.2174448291074338,-0.24462514908883592,-0.2561208557974044,-0.034032792753870764,-0.4143161528751917,,,,,,,,,,,,,0.12374579569675104,0.5739901122142139,-0.24634640826316948,0.318241285115627,0.381837731683077,-0.41773728350066536,-0.12101829761784605,1.192775573273527,-0.09434468921296807,-0.2562992731372589,-0.13571057116566926,-0.23301540043091898,,,
CSM67UAQ,C3015,UC,1,,,,,-0.296104664427995,-0.49463422946633906,-0.788084333208825,0.4877542814763085,-0.1110520551647602,0.599793382316374,0.6400978116504006,0.684716371031264,1.539617527371771,2.063501147226678,-0.3294666476354462,-0.15210579735471103,-0.19960661370292335,-0.13833516500220164,1.6440696570115771,-0.3206853541700213,-0.2545716617063005,0.09722264063172016,-0.4111858405286307,1.5510752408442592,0.36722556015821756,-0.08602647872386804,-1.1719340323260228,-0.2996300953043517,0.012623600559267523,0.7868930506011905,-0.0970981801533063,-0.08602647872386804,1.1303219951430243,-0.3175716993053363,0.15804200816145356,,,,,,,,,,,,,,,
CSM67UAS,C3015,UC,1,,,,,,,,,,1.2276309793294304,2.1807928672282926,4.5013408745492836,2.4377106648400835,1.3134460396034555,-0.06624360401363515,-0.3561323026482309,-0.594990828030383,-0.13833516500220164,2.760682934068261,-0.26301209051988944,-0.2276528971035707,0.09612808489384626,-0.3540716990247686,,,,,,,,,,,,,,,,,,,,,,,,,,,
CSM67UAU,C3016,CD,1,,,,,,,,,,0.07365464907084779,0.05175926480231235,0.6092549200258747,-0.055391490564881275,-0.2732922838298701,-0.3090247094653059,-0.30116995255167994,-0.24503137438983322,-0.11407085113498545,1.042784736103658,-0.3363939264701503,-0.2736538625034639,-0.22571533770642857,-0.49082564744252044,,,,,,,,,,,,,-0.22801245797823783,-0.3509761828779899,0.6011051647242431,0.45095730594496947,-0.49678289918537966,-0.32613680479370977,-0.41805224731050916,-0.681450425923999,-0.09938799855279619,0.03653086845814948,-0.1342339472220414,-0.29823699268813436,,-0.10717564228878608,0.46577375430877715
CSM67UAW,C3016,CD,1,,,,,,,,,,0.12225076276426117,-0.43142102045248387,-0.3801725293872611,-0.36339223947645677,-0.28671085709707445,-0.32299605079014526,-0.324376637124369,-0.13319975937720624,-0.11407085113498545,-0.3599675605174838,-0.2909589828101392,-0.24875206191999885,-0.46738625683066926,-0.47358412077728235,,,,,,,,,,,,,-0.6454112642106141,1.5162734096891473,-0.2327454228519667,0.7228186221182192,-0.1996323488601037,-0.30287257966727876,-0.304468313559274,-0.7578420953877806,-0.09938799855279619,-0.6905780412972393,-0.1342339472220414,-0.29823699268813436,,-0.10717564228878608,0.44385247583459897
CSM67UAY,C3016,CD,1,,,,,,,,,,0.1551489010460139,0.3424209859347166,-1.884655761467912,-0.20921635182066473,-0.2463175230694849,-0.35562756435853266,-1.0867744017858696,0.13639128271997705,-0.11407085113498545,0.4598171111341755,-0.020472859264356453,-0.24179408195036048,-0.10031147408911413,-0.2929165840067293,,,,,,,,,,,,,-0.0464139785174581,-0.8360676242613673,1.0214502773684648,0.043772184811816585,-0.4153792171766612,-0.3245921996430949,-0.33158202211308524,-0.849821466451725,-0.09938799855279619,-0.430118256791336,-0.1342339472220414,-0.29823699268813436,,-0.10717564228878608,0.25550404264304055
CSM67UB1,C3016,CD,1,,,,,-1.39688084854951,-1.2945381028484928,0.30340690797351055,1.6530967116326738,1.0144278820806218,0.30891643884939407,0.4656014968390115,-1.8938349566149815,0.36044445894912636,0.21004175519035945,-0.4390707209153216,-1.1418687667972727,0.8121655347729367,-0.11407085113498545,0.41604694481086313,-0.10977574058823755,0.2651435256590822,-0.13186326679908564,-0.23278463178358502,-0.26001121023647045,-0.03492570800200681,,-0.3688106952778308,-0.26403374287213616,0.07560302623362697,-0.5341022309348757,-0.23581076897759604,,0.004307276356582939,-0.6230809683935346,0.06293716072304763,,,,,,,,,,,,,,,
CSM67UB3,C3016,CD,1,,,,,,,,,,0.27067423148019404,0.1682599839225529,-0.38217464991967826,-0.03407192252240156,-0.31150483948254937,-0.32850298986197585,-2.2703479442043726,0.16098378606595048,-0.11407085113498545,-0.023017069002165033,-0.10520069813894528,-0.23592680799663143,-0.23378574542861214,-0.3836854539838592,,,,,,,,,,,,,-0.17398433842520888,-0.5923523445409137,-0.2327454228519667,0.4416018029853912,0.330454914157688,-0.31924456304807336,-0.27352223024918176,0.5968000868382175,-0.09938799855279619,-0.6905780412972393,-0.1342339472220414,-0.29823699268813436,,-0.10717564228878608,-0.12728178989692912
CSM67UB5_P,C3017,CD,1,,,,,,,,,,-0.732835710174503,-0.7554825369739506,-0.44699151181776353,-0.7415124520620117,-0.3117438587340417,-0.30826693179199943,-1.2173530058601083,-0.6016538249946286,-0.11407085113498545,-0.39970456962455947,-0.3363939264701503,-0.2747716546767476,0.10792297782727063,-0.06602883970442999,,,,,,,,,,,,,,,,,,,,,,,,,,,
CSM67UB7_P,C3017,CD,1,,,,,,,,,,-0.9278601349629844,0.0777755702092063,-0.17208532346895303,-0.4506574710375006,-0.21771270352441563,-0.30826693179199943,-1.1819462072361235,-0.5665393578251893,-0.11407085113498545,-0.6367089872689605,-0.3363939264701503,-0.2747716546767476,0.24535976907794185,-0.10824848971209382,,,,,,,,,,,,,,,,,,,,,,,,,,,
CSM67UB9,C3017,CD,1,,,,,,,,,,-2.255768700196849,-2.2801940301427788,-0.009314912949594809,-2.7943482403274476,3.7395301385173045,-0.29660797957519763,0.13051185014466446,-0.10577098128659713,-0.11407085113498545,1.452924756008001,-0.3363939264701503,-0.27322625759510033,0.19558441205292212,-0.4728811163440272,,,,,,,,,,,,,0.18550369552710186,0.11295985921462794,-0.2327454228519667,-0.21880607254064996,0.3963734908777952,-0.35255168208837845,-0.19151289269280652,2.3246974624399854,-0.09938799855279619,-0.01762104745134164,-0.1342339472220414,-0.29823699268813436,,-0.10717564228878608,0.43738362410642967
CSM67UB9_P,C3017,CD,1,,,,,,,,,,-3.3477626015015485,-3.0117605615626526,0.05186411253070727,-3.7835434035311244,4.48332305718462,-0.31149240321526556,0.12245258665396129,-0.10775710812559919,-0.11407085113498545,1.3285066252508844,-0.3363939264701503,-0.2748977737797476,0.1523305796217742,-0.47634545160538927,,,,,,,,,,,,,,,,,,,,,,,,,,,
CSM67UBB,C3017,CD,1,,,,,-0.299361087860605,1.0990888808159418,-0.053405544092943895,0.16478511287796424,-0.21680406677474545,-1.3531435768069129,-2.4081867408087927,-0.31848944588622025,-1.370620737405874,-0.4235379037234294,-0.26831189302092256,-0.15485984786452453,-0.46814081551673214,-0.11407085113498545,-0.6832402247486606,-0.3363939264701503,-0.2753568931242336,0.1303582822606203,-0.26307658567739317,0.4503799919490154,0.21822604843387905,,2.2087748196860266,-0.024666673216593937,0.07560302623362697,0.4169968886495297,-0.13304882815219454,,2.65733956857536,0.3578330079528215,0.06293716072304763,,,,,,,,,,,,,,,
CSM67UBD,C3017,CD,1,,,,,,,,,,,,,,,,,,,,,,,,,,,,,,,,,,,,,,,,,,,,,,,,,-0.10717564228878608,0.05810122023555515
CSM67UBF,C3002,CD,1,,,,,,,,,,0.0638525219469587,0.4577362980020456,0.6392781442319596,0.21128615488587132,0.5808498863356214,-0.2933248437010527,0.05822996783288113,0.23746647898767964,3.423923047500399,0.4313871970865508,-0.2983870082324687,-0.23905825068468184,0.0891610991377881,0.5743094645520664,,,,,,,,,,,,,,,,,,,,,,,,,,,
CSM67UBH,C3002,CD,1,,,,,0.1446089563424257,0.8288872458745196,0.6087998294741891,-0.32754670731848134,0.3139617318303534,0.22379598472619838,1.1036124275014927,1.1134996495366034,1.0707237090454296,2.8357790149616244,-0.29808799618062404,0.14742262122157515,0.16771449929890878,20.33612916692624,1.6669010126661454,-0.267269641836863,-0.21969025056993619,0.5994348871666746,1.9883659284537134,,,,,,,,,,,,,-0.17858336118952423,0.2465418125193804,5.494231584414308,-0.35553028691204486,-1.851700980714567,-0.46525383872033543,-0.2971109121758448,0.0905747315131479,-0.09434468921296807,0.8194942462931245,-0.13571057116566926,-0.23301540043091898,,-0.08939284250604397,-0.18747824342437908
CSM67UBN,C3002,CD,1,,,,,-0.008611735821771788,0.1854629322273203,0.9358257830276243,0.5400203611393515,0.8233500340649784,0.17917438995732543,0.23917873721468683,-0.35716172429865783,0.5215238924437849,0.3949038008675984,-0.29646959296244335,0.4803107585565257,1.1423283918301796,-0.13833516500220164,1.0655571424726777,-0.3206853541700213,-0.24865909437580336,0.7080074308200663,0.6693000052603538,1.1528058176852614,0.36722556015821756,-0.08602647872386804,5.0559017046143335,0.31055644841279856,0.012623600559267523,1.9842654635000532,-0.0970981801533063,-0.08602647872386804,-0.831834228115819,1.2111566992762726,0.15804200816145356,0.24131252795528715,2.8035711990854453,-0.24634640826316948,1.3766653682792032,0.8942517689930526,-0.44230365224748314,0.11034246076419703,0.023914958910492314,-0.09434468921296807,1.1560645111259162,-0.13571057116566926,-0.08798439136384904,,-0.08939284250604397,0.7884938216718563
CSM67UBR,C3002,CD,1,,,,,,,,,,-0.03542894513621054,-0.03795966747176117,-0.4067408286066873,-0.03463507908479326,0.4698259744228646,-0.28250123627493257,0.0766094184940618,0.6636343180392201,-0.13833516500220164,0.6022019620634131,-0.3206853541700213,-0.24664080810375352,0.46659555193201196,1.5303988994718463,,,,,,,,,,,,,,,,,,,,,,,,,,,
CSM67UBX,C3003,UC,1,,,,,,,,,,0.47574455617520495,0.28251387408148787,-0.15394043038328384,1.1282739095177112,1.2677224159986409,0.10002071890554869,-0.2742269363225126,-1.8900357663220686,-0.10843274156073193,0.33348600792075284,-0.20350004088394033,-0.03497121673100658,0.05015337583202652,0.28028203469636204,,,,,,,,,,,,,,,,,,,,,,,,,,,
CSM67UBZ,C3003,UC,1,,,,,0.9625998994988072,1.514557650121053,1.107627541230664,-0.5865434518922287,-0.2307532054175259,0.5202107889190112,0.3009437565403666,0.09412121272479473,1.1317529277613991,0.8209715636314403,-0.16541351343857597,0.20156955096453813,-0.7820509518224267,-0.10843274156073193,0.23880149878457674,-0.21326325113431455,-0.21481765944196018,-0.09272524431916583,-0.2401228812733549,-1.3899495133748772,7.856014854208963,-0.07284643967679481,-0.2563097968357378,0.3221205323278075,0.09560573483367543,0.0687089475337566,4.562622695779552,-0.07284643967679481,-0.3377502152147923,-0.15347107821746653,0.030391478799598647,0.20467480833627882,-1.3329225961472948,-0.1841434975068624,0.2279811601821084,-2.2030462253271126,-0.23109666075763197,-0.3608159552218547,-0.8792682502134401,,-0.32883280240199736,-0.07939061616942635,-0.2813350374326855,,-0.062149905905642094,-1.3221278498351754
CSM67UC6,C3003,UC,1,,,,,,,,,,0.1698398262626011,-0.057715027155110864,0.06874781884945465,0.7960214766885598,0.9191842376340638,-0.16098690692796266,-0.1437019186411376,-1.7693619271942984,-0.10843274156073193,0.08767177203430628,-0.21326325113431455,-0.17452840106402118,-0.04781642065637839,-0.15656120157392678,,,,,,,,,,,,,0.5345161349788893,1.5563441823548967,-0.027895556260826963,0.17436666448724333,-1.6888799552044707,0.5658586000073528,-0.11980179877727065,-1.3955320992880536,,-0.20897657583206292,-0.07939061616942635,-0.2813350374326855,,-0.062149905905642094,-1.4032580066168532
CSM67UCK,C3010,CD,1,,,,,-0.6181413060378553,-1.7785818720605,-0.9423613581806211,-0.9948631771471136,-1.4489350097301947,-0.8251655630060243,-1.108938758327466,-0.13141875161741756,-1.5122715382131473,-1.1185795292174239,-0.3210182460881484,0.04496916590748226,-0.3604802508432702,-0.1462064739465535,-0.2889658335573574,-0.3461462799823559,-0.34832252111198464,-0.4308009179703879,-0.4540951458821585,-1.4985849789829742,-1.6741625153615878,-0.08813052984784635,-0.24052636118212511,-0.12840342314498338,-2.757021956916883,0.581880149085589,-0.3599320260332242,-0.08813052984784635,-0.03510391416842733,0.16164551650924372,-4.120076043712327,-0.10794796226581668,0.3276105626955341,-0.18469106377590472,0.06676130746177912,-1.0166114869636722,-0.5388255985700141,-0.39077282987039214,-0.8227639905798511,-0.10429053397097302,-1.5830473065308703,-0.18010567816992895,-0.33431691792771256,,,
CSM67UCU_P,C3019,CD,1,,,,,,,,,,-2.142357494087623,-2.8079106864206316,-0.337418044757999,-2.4564663102036515,-1.8864820044927002,-0.3304276092877162,0.19168214475102777,-1.2372329996799214,-0.11407085113498545,-4.15319772066817,-0.2045073127493246,-0.2681469076013476,0.00025221044208312624,-0.3410678235039572,,,,,,,,,,,,,,,,,,,,,,,,,,,
CSM67UDF,C3004,UC,1,,,,,,,,,,-0.09738801549486228,-0.06895741296832139,-0.590288156043915,-0.1150738685631756,-0.2646088951471149,-0.20601611896898886,0.14883376086370786,0.05811956180550117,-0.1113122162579901,-0.24591092696047495,-0.29909236633726183,-0.21309724041520098,0.19105767050232583,-0.4141002197436284,,,,,,,,,,,,,-0.27866669772990477,0.37752264352465514,-0.15332369921397357,0.21548911304156337,-0.7015326188541227,-0.09339417038262128,-0.14417862906973136,-0.32725237859987555,-0.10370044001367282,-0.3911595449297073,-0.13812187083932795,-0.16809739679975738,,-0.09339860866723376,-0.5240705010337531
CSM67UDJ,C3004,UC,1,,,,,,,,,,-0.08244215721327373,-0.14276254307278383,-0.6957063267213884,-0.1672122057260656,-0.31401936426437915,-0.20636811856556975,-0.4583565332873361,0.13128098341780053,-0.1113122162579901,-0.42682373572043825,-0.29909236633726183,-0.20126584980322354,0.07434761369350557,-0.35922630188620297,,,,,,,,,,,,,-0.36600356371907955,0.08579158637822791,0.18590432191374914,0.8013387109471404,-0.2669394018550119,-0.3090627148009785,0.01934585221152635,0.763585852990204,-0.10370044001367282,-0.15929977741005438,-0.13812187083932795,-0.17405386028411873,,-0.09339860866723376,-0.2011436814356637
CSM67UDN,C3004,UC,1,,,,,-0.5369792364243497,-0.8782465068599266,0.13292303623506774,-1.4121134011857248,0.30737015087586467,-0.26085240677528637,-0.43750925049691003,-0.16354987294080878,-0.19917833445234814,-0.3752104201637597,-0.1991773244610568,-0.27900763024448133,0.15215595274046836,-0.1113122162579901,-0.33874496700137546,-0.22021785489883833,-0.2254283939922354,0.04355420126358121,-0.1812998490333456,0.6975785630393154,-0.07794501494001509,-0.08650797396966804,-0.6215163495247077,0.17485335439666447,0.07500016726067676,1.0107970871385135,-0.2545646040918579,-0.08650797396966804,-0.0805095977980142,1.4581244039801093,0.013368190302435377,-0.11096945431037047,0.8772170316617726,-0.28826309641283665,0.9063093672083389,-0.6529847430080776,-0.21058839024287931,0.12630789423895591,0.20106189721657014,-0.10370044001367282,-0.05343680972684276,-0.13812187083932795,-0.1719590224432073,,-0.09339860866723376,-0.7145583065519818
CSM67UDR,C3004,UC,1,,,,,,,,,,-0.9424076848404604,-0.8218331895472305,-0.4532513349294832,-1.3345423958558802,-0.39220372821199156,-0.17578092994044173,-0.20588277540811664,-0.09772041797101357,-0.1113122162579901,-2.4828444567843517,-0.29909236633726183,-0.1933797111871567,-1.4017041183609869,-0.1724503688501509,,,,,,,,,,,,,4.0885773858906855,1.6862887635584827,0.7620894193470491,2.233565726596348,-1.1908368803499205,0.5182282197342817,5.030564572097731,1.468865410932204,-0.10370044001367282,8.202366655920615,-0.13812187083932795,-0.18637108042452583,,-0.09339860866723376,-0.11694767262568694
CSM67UDR_TR,C3004,UC,1,,,,,,,,,,-0.8850796506888848,-0.8006588034979448,0.042135934726900706,-1.3807522909345973,-0.31866745325785395,-0.17403739371273308,-0.7915653561327542,0.3555901226143947,-0.1113122162579901,-2.514769911652217,-0.29909236633726183,-0.21360525469280453,-1.3316391475117517,-0.010627984153535731,,,,,,,,,,,,,2.7075296422094888,1.9026867179084588,-0.02058993764970176,0.9586916744896629,0.05996985964947437,0.7033611812480328,3.536531436148072,0.38081996084545783,-0.10370044001367282,6.659002519961293,-0.13812187083932795,-0.20835258243187924,,,
CSM67UDY,C3004,UC,1,,,,,,,,,,-0.249201318470875,-0.2852191293157721,-0.8011109963541185,-0.48089947038558895,-0.3192319513527368,-0.20776457898688466,-0.3376205137302957,-0.16593446644184245,-0.1113122162579901,-0.5281194819380108,-0.23345021957634704,-0.14001800151906954,-0.7224147262385487,-0.30342831432899064,,,,,,,,,,,,,-0.05827489806765489,-0.00945663827653671,-0.1036686621977004,0.1045269552810108,-0.5169750717045233,0.00828799683306962,0.08891721021922232,-0.3506184999023695,-0.10370044001367282,-0.18809846551646012,-0.13812187083932795,-0.322342256679289,,-0.09339860866723376,0.06383544802433329
CSM67UE3,C3005,UC,1,,,,,,,,,,2.639132724523997,8.548123129040896,-0.5076938781310945,9.002348686394702,-2.801491238119498,-0.26258095627085853,-0.000564834238623923,-0.1547913384448708,-0.13833516500220164,0.23550188432827843,-0.14718257549764252,-0.19992387839442463,-0.35542651871272773,0.48565184173891907,,,,,,,,,,,,,,,,,,,,,,,,,,,
CSM67UE7,C3005,UC,1,,,,,,,,,,0.42474943797622966,0.13691883291890705,2.9741720203710917,0.7159598023751131,0.4191356861372458,-0.29646959296244335,0.3301248672914037,-0.1445399605184325,-0.13833516500220164,0.7037831496503127,-0.3206853541700213,-0.24865909437580336,0.6380984396487563,-0.5598085142766666,,,,,,,,,,,,,0.19654355985663885,0.14478782974748008,-0.24634640826316948,0.5716625371439206,-0.17731641794627115,-0.44230365224748314,0.42044754212854824,-0.38986611897815526,-0.09434468921296807,-0.22361575100169512,-0.13571057116566926,-0.23301540043091898,,-0.08939284250604397,0.17048285234940014
CSM67UEA,C3005,UC,1,,,,,-0.7412669105653322,0.8620972414314465,0.5541856750804024,-0.9255851759224184,0.6807855555487895,-0.25602962925623995,-0.39400296861414275,-0.16665065392379133,0.2929323745335106,-0.06253654398309816,-0.463894607476868,-0.14967281235105298,-0.28686599274248437,-0.13833516500220164,-0.8165821608771187,-0.3206853541700213,-0.3311753567580927,-0.1517911071491891,-0.02989169484383741,0.37658748463712305,0.36722556015821756,-0.08602647872386804,0.021726919884986675,-0.19444691916214418,0.012623600559267523,0.9287195833418292,-0.0970981801533063,-0.08602647872386804,-0.1507971664076228,-0.05629354448286188,0.15804200816145356,-0.45525492123164085,-0.13623889534337866,-0.24634640826316948,0.010880342113437523,-0.6394693978245157,-0.8584829009168219,-0.7845680195060208,-0.7975033938632204,-0.09434468921296807,-0.5804335085834695,-0.13571057116566926,-0.23301540043091898,,-0.08939284250604397,-1.05763371516627
CSM67UEI,C3005,UC,1,,,,,-0.5426798972781502,1.0739770238868325,1.1499145226371554,-1.5475625752218538,0.05116361832165397,-0.43763099382286413,1.1412941624545176,0.5531447546016612,1.3730060517393545,-1.2471341520650776,0.856605506673938,-0.5548439915204803,-0.010539845059184112,7.57912666783162,0.5453564236839742,0.9736637029366777,0.045678656286431016,0.03518030791032876,0.616180690165425,0.9818797243522472,-2.071950608856478,-0.08602647872386804,-0.45074039892172774,-0.2996300953043517,0.012623600559267523,0.9657929662245938,1.6519502107885076,-0.08602647872386804,-0.1507971664076228,0.009339676587374621,0.15804200816145356,-0.433105596643897,0.2659874379239111,-0.24634640826316948,0.2635702837201833,1.6457244394333663,-0.25065117129104253,-0.19777055840940588,-0.7703219883082016,-0.09434468921296807,-0.8711621649327682,-0.13571057116566926,-0.23301540043091898,,-0.08939284250604397,-0.18994584077848758
CSM67UEM,C3005,UC,1,,,,,,,,,,-0.9044677376003886,-0.05903363263197942,-0.4058839708983461,0.5661315454424694,-3.3816023254201077,-0.289269370774816,-0.008684166622588751,-0.06904071378145032,-0.13833516500220164,0.07120639459651908,-0.1670418594298851,-0.26295697884378816,0.03518030791032876,-0.10233035311844932,,,,,,,,,,,,,,,,,,,,,,,,,,,
CSM67UEP_P,C3011,UC,1,,,,,,,,,,-1.017963691119436,-0.3866201415966725,0.06798236099418963,-0.8363136952355747,0.1267822499572932,2.245807451387648,-1.0065998740663105,-0.7044153670031847,-0.1462064739465535,0.9967547230585119,-0.2695478159481986,1.0880146090736516,-3.309653114378836,0.39802039495817093,,,,,,,,,,,,,,,,,,,,,,,,,,,
CSM67UET_P,C3011,UC,1,,,,,,,,,,-10.249093532014864,-6.4793172356389475,0.03129133331629054,-7.162408208984533,-0.11157096719234014,0.6162778458523114,-12.141235692315258,-12.078658421333648,-0.1462064739465535,-6.503044587941299,-0.3461462799823559,-0.19079741019773402,-6.636148204323128,-0.17227625493638593,,,,,,,,,,,,,,,,,,,,,,,,,,,
CSM67UEW,C3011,UC,1,,,,,0.8456824932291301,2.4582202397675874,2.07950506893695,-0.3152439907361638,2.2883575304755346,-0.6038593904523842,-0.7499355144163063,0.033879361099480636,-0.8233437831367764,0.0886612793113106,1.1699682699139742,-0.38400251268772423,-0.4915098516853811,-0.1462064739465535,-0.32836420276114864,-0.2286607329720833,1.3565428928573642,-3.4662159596415467,0.668097410890597,-0.5494738501583689,0.08761395366722986,-0.08813052984784635,-0.24052636118212511,-0.09984812251060363,0.15455173581269654,0.02530078733488983,-0.3599320260332242,-0.08813052984784635,-0.03510391416842733,-0.1201384398497693,0.07869356735747605,-0.29452400266089274,-0.06277536151098742,-0.18469106377590472,-0.31889080756317134,-0.09487001247015929,-0.04291215592327241,,,,,,,,,
CSM67UEW_P,C3011,UC,1,,,,,,,,,,-1.2959539617113724,-1.2178017649198707,-0.17885074716924787,-0.8425374624566417,0.10782242359282482,0.9470384178949834,-1.2009967460628843,-0.4773795509514532,-0.1462064739465535,-0.9161063601436659,-0.025875275820545322,0.9142694577144597,-3.914934882339684,0.7826362058885239,,,,,,,,,,,,,,,,,,,,,,,,,,,
CSM67UEW_TR,C3011,UC,1,,,,,,,,,,-0.5352163069249152,-0.5151776156680723,0.0008741064794943861,-0.6020389783254422,-0.198939632690749,1.1285574520848594,-0.24762437112478636,-0.31350016152526217,-0.1462064739465535,-0.5558166772378118,-0.035179302392260296,0.9517278352508499,-3.5380534867159334,0.6974121197125313,,,,,,,,,,,,,4.70360446640441,0.30756183740516535,-0.18469106377590472,-0.5148120541566533,-2.2122848738500327,0.09972869593067638,-3.68619197012319,0.559387316836806,-0.10429053397097302,0.805660212710253,-0.18010567816992895,-0.26787854869553424,,,
CSM67UF1,C3011,UC,1,,,,,,,,,,-4.661677616951021,-3.1906523292209936,-0.077423466600253,-3.3039199286082326,-0.13894387418817505,0.5504726268509197,-5.089100629529222,-5.107559614962355,-0.1462064739465535,-2.803976590880758,-0.28349823441563304,0.2175106647465216,-5.464218330852212,-0.007875891165853409,,,,,,,,,,,,,,,,,,,,,,,,,,,
CSM67UF1_P,C3011,UC,1,,,,,,,,,,-6.535011208621267,-4.8576652727511185,-0.2847234225038538,-4.472080217437151,-0.14548696564372157,0.38291076801818813,-7.597088154444736,-7.8360857436615445,-0.1462064739465535,-3.8634423696891473,-0.31375194655612754,0.23584232636666352,-5.994535717026091,-0.07741092286849487,,,,,,,,,,,,,,,,,,,,,,,,,,,
CSM67UF5,C3011,UC,1,,,,,0.5617327002359669,1.9503950476076997,1.1441873361049295,0.2712565334895198,1.751676211240041,-2.622808761047869,-1.305007566505299,-0.039182208643497085,-1.0336562314682436,-0.18587937625383844,1.6742992447683955,-2.8305467323324267,-1.7337983211752372,-0.1462064739465535,-0.34284673163771345,-0.3218123180788809,1.1487619808430616,-4.310545151297071,0.18894573117567728,,,,,,,,,,,,,-1.804710931439977,-0.027230218941788828,-0.18469106377590472,-0.19410906155512,-0.11957461711320938,-0.21309752725789136,-0.27360887906549475,0.23861098953136467,-0.10429053397097302,-0.04962207017074641,-0.18010567816992895,-0.33431691792771256,,-0.11241482424008134,-0.14337886714292203
CSM67UFV,C3006,UC,1,,,,,,,,,,-0.7037731624402475,-1.0959202450519765,-0.24388960593107872,-0.9852998551817058,-1.618022950950396,-0.3318208172999683,-0.43488198134777206,-0.3192144882152362,-0.1462064739465535,-0.7428798897675514,-0.3461462799823559,-0.34211677350317987,-0.7598607606901038,-0.40069236734846225,,,,,,,,,,,,,,,,,,,,,,,,,,,
CSM67UFZ,C3006,UC,1,,,,,0.39574783286451765,1.4851500390578587,2.2231022051895795,2.234969788277711,0.5876354418304552,-0.824181574593471,-1.2229454266435786,-0.287375434884585,-1.1545531708077672,-1.448180737489978,-0.3321595429612639,0.0028753142421298044,-0.3892399909857807,-0.1462064739465535,-0.5756531701982764,-0.32908063118564046,-0.3459986377787505,-0.6975878073826478,-0.42125160694473357,-0.3194177824708929,0.08761395366722986,-0.08813052984784635,-0.3970797269742624,-0.2027215055169539,0.15455173581269654,0.46635355379262466,-0.3599320260332242,-0.08813052984784635,-0.03510391416842733,-0.41072974458980355,0.07869356735747605,-0.7151895568321541,-1.5970898737623647,-0.18469106377590472,-0.43370215615683966,-4.62851542659965,-0.497540414503759,-0.012900243706638588,-0.551022414687679,-0.10429053397097302,-0.13146917941860484,-0.18010567816992895,-0.33431691792771256,,-0.11241482424008134,-1.172327030787551
CSM67UG8,C3006,UC,1,,,,,,,,,,-0.7439733831325273,-0.8335327607131418,-0.12582885755683465,-0.7280317418078717,-1.3389439643498187,-0.26844773859419885,-0.5214870702241026,-0.40953521660407144,-0.1462064739465535,-0.6046215783231425,0.023063653113985717,-0.19468839160856885,-0.676162245728118,-0.1800869053472618,,,,,,,,,,,,,,,,,,,,,,,,,,,
CSM67UGC,C3001,CD,1,,,,,,,,,,-0.6703338274130353,-0.9774550059851725,-0.0683184941300625,-0.42535779886069736,-0.6256269241013556,-0.3069611795895414,-0.4209707799277694,0.2230191624285628,-0.1462064739465535,-1.178833110249818,-0.24803744996224897,-0.28789747498682916,0.3677395082509572,-0.27237043494921587,,,,,,,,,,,,,,,,,,,,,,,,,,,
CSM67UGO,C3012,CD,1,,,,,1.2009524877363944,-1.1550473815228393,-0.34750058036594456,-0.40649226156900864,-0.27499990525146234,1.7751107439483413,1.27673533693714,0.11386255655257825,1.6619978776240243,3.1924211635402067,-0.3334620332493318,-0.7822636929199447,-0.5331334901990368,-0.1462064739465535,-0.14280895128897986,-0.3461462799823559,-0.35432032474260416,0.5520227376490623,-0.5054180190415171,-1.1372913801406908,0.08761395366722986,-0.08813052984784635,-0.420940459644702,-0.3250051416762883,0.15455173581269654,-1.1186867351638359,-0.3599320260332242,-0.08813052984784635,-0.09899998676910823,-0.4868238404290454,-2.67740146303475,0.013618652078569233,0.30932003336455643,-0.18469106377590472,-0.1450652392760478,1.3806322913243245,-0.5388255985700141,-0.7229473359419701,-1.3604018387182686,-0.10429053397097302,-0.7030709442300394,-0.18010567816992895,-0.33431691792771256,,,
CSM67UH7,C3022,nonIBD,0,,,,,0.038641943254389174,0.15880315302992037,-0.7381169938678204,-1.0719667444719265,-1.1891313596682702,-0.44512845536658036,-0.4415691871741951,-0.30030050695063837,-0.34483384028304576,-0.8393643242902673,-0.24796466945069737,-0.6970182086818866,0.7443647077693879,-0.1113122162579901,-1.0739143529724444,-0.2932251782947987,-0.21305325564884367,0.713984445105329,0.4188804725874022,-0.6034045708885617,-0.04869154652196996,-0.08650797396966804,-2.4076005819112174,0.8033087386579958,0.07500016726067676,-0.0781733160702224,-0.2545646040918579,-0.08650797396966804,-0.07393248314703228,1.2145973789119033,0.09297534348862004,,,,,,,,,,,,,,,
CSM6J2H9_P,M2039,nonIBD,0,,,,,,,,,,-0.16352275758160806,-0.25421551486139676,-0.13487696831100224,-0.1110018001219537,-0.07334568491217398,-0.21045343460889607,-0.41871598329247317,0.0732444338411992,-0.10843274156073193,-0.8095436940937307,-0.21326325113431455,-0.2030838263870476,-0.8557982318249707,-0.2469700893927756,,,,,,,,,,,,,0.3277013397176101,0.6581837109181392,-0.1841434975068624,0.7036820490939484,0.6374713870789064,-0.25993517070300964,1.2192912654737078,0.27800019244032514,,0.35631067125516525,-0.07939061616942635,0.04211937200246371,,,
CSM79HG4,C3023,CD,1,,,,,-0.5702953688345793,1.0228433843645968,0.6073701617665771,0.5235114413726655,0.4284559850368984,,,,,,,,,,,,,,,-0.04110711173342203,0.08761395366722986,-0.08813052984784635,-0.5536330927663997,-0.0942366398826843,0.15455173581269654,-0.8146916471851798,-0.3599320260332242,-0.08813052984784635,-0.03510391416842733,-0.5131831142418487,1.5318829602287276,,,,,,,,,,,,,,,
CSM79HG5,C3001,CD,1,,,,,,,,,,0.053624199282391066,0.023785424754320838,-0.2426054230035297,-0.6189830984623234,0.19801785648637027,-0.3409636314342332,-0.08149774722457469,0.4023360761964977,-0.1462064739465535,-0.5368403070089569,-0.2575942371642445,-0.3401619101626447,0.24819731960626445,-0.4860124517456376,,,,,,,,,,,,,,,,,,,,,,,,,,,
CSM79HG7_P,C3024,CD,1,,,,,,,,,,-0.3251735216888882,-0.42188831739414334,-0.33877841090843325,-0.7521300020669835,-1.5442436803386153,-0.3472050176965494,0.35397588829315013,-2.0606403446741397,-0.13833516500220164,-0.8981993612036236,-0.3206853541700213,-0.24865909437580336,0.2694596694677901,-0.4188715872222079,,,,,,,,,,,,,,,,,,,,,,,,,,,
CSM79HGD_P,C3013,UC,1,,,,,,,,,,0.483328732767892,1.164519135864575,0.6765668916795408,-0.4126523701200401,1.4336111540437522,-0.33895784548050234,0.6308934688880738,-0.3522896937059729,-0.10843274156073193,-0.3069141441913653,-0.0015349373213683314,-0.1642078517018609,-0.332280090736678,-0.1490534810945997,,,,,,,,,,,,,,,,,,,,,,,,,,,
CSM79HGF,C3013,UC,1,,,,,,,,,,1.0200331490745589,2.0938497256257174,-0.36508204281531653,1.0051812899157457,0.8300874405411358,0.08692027681334931,0.8647831418898183,-0.4942505362089466,-0.10843274156073193,-0.586891902932403,-0.14557763977539448,-0.2247868957417397,-0.07329508147531592,0.9493776531554541,,,,,,,,,,,,,1.0049977780935548,-0.14178795391926577,-0.1841434975068624,-0.9715660317851972,0.26428247522805154,-0.4217399439055989,1.9142693782078852,0.6979592709722153,,-0.18675649732503435,-0.07939061616942635,0.08081421108892674,,-0.062149905905642094,0.25264417364106556
CSM79HGF_P,C3013,UC,1,,,,,,,,,,1.2183902701706275,2.3148743097652162,0.5351968064430425,1.2709873077093812,1.3264907181102374,-0.21876143848044893,0.7827668437548672,-0.2572391738139876,-0.10843274156073193,-0.5859348370377532,-0.21326325113431455,-0.18503469153257854,-0.23002414372294047,-0.05938576903884399,,,,,,,,,,,,,,,,,,,,,,,,,,,
CSM79HGH,C3013,UC,1,,,,,0.15771017370360887,0.5636197187941963,-0.6904641458989993,0.40808143403625524,1.2561433942894755,,,,,,,,,,,,,,,-0.38132813516851044,-0.32130983099559624,-0.07284643967679481,-0.274615651427781,-0.33392791075706274,0.09560573483367543,-1.8183107107084968,-0.3377928645099569,-0.07284643967679481,-0.18950180663358096,-0.4380128249379913,0.030391478799598647,,,,,,,,,,,,,,,
CSM79HGH_P,C3013,UC,1,,,,,,,,,,0.2698478265849221,0.8766707258440639,-0.3691198351866248,0.4739662314747968,1.2304094931755085,-0.2463933511134998,0.33622986280697287,-0.1602490793915295,-0.10843274156073193,-0.32928548599516533,-0.21326325113431455,-0.21481765944196018,-0.040201479853731126,-0.12781560423310237,,,,,,,,,,,,,,,,,,,,,,,,,,,
CSM79HGJ_P,C3013,UC,1,,,,,,,,,,0.3645719949672766,1.721636313465401,-1.034175504529852,1.8492378404440515,1.781232320906849,-0.24856420170430885,0.4389443138851696,-0.04296053609431604,-0.10843274156073193,-0.45595027715276665,-0.21326325113431455,-0.21481765944196018,0.302463097308308,-0.25009651944085437,,,,,,,,,,,,,,,,,,,,,,,,,,,
CSM79HGL_P,C3013,UC,1,,,,,,,,,,0.4688897791589727,1.7855628747151198,-0.5258782894345592,0.6740275586458541,3.0256947168072843,-0.37852449371164315,0.4971882775912179,-0.0954242046918602,-0.10843274156073193,0.11507195133967081,-0.21326325113431455,-0.19610107955055664,-0.08506531655463229,3.4461575539780642,,,,,,,,,,,,,,,,,,,,,,,,,,,
CSM79HGN_P,C3013,UC,1,,,,,,,,,,0.011003811109916814,0.04338110699874132,-0.3546404162465094,-0.2142697628583037,0.3828730794428298,-0.20042019426512464,0.6896083897020177,0.10762674807983534,-0.10843274156073193,1.196078736235961,-0.21326325113431455,-0.17715181661670795,0.3262468968058331,-0.08086780105676697,,,,,,,,,,,,,,,,,,,,,,,,,,,
CSM79HGP,C3001,CD,1,,,,,0.16340860016269507,0.8251879454877544,-0.6262497153283836,-0.21150741752600907,0.16583816452494282,-0.04864814073503776,-0.2454517886045469,-0.18257528745064552,-0.6353083122602109,-0.12886945923503731,-0.33712313586567066,-0.34466254821239956,-0.09393533764457618,-0.1462064739465535,-0.7585930764781117,-0.3461462799823559,-0.3422481124403065,-0.030642912954658572,-0.4169156702082311,,,,,,,,,,,,,-0.6843192539606456,-1.261339457765715,-5.283052344359003,-1.2958797643837447,-0.8520644964088158,-0.05770244854316313,-0.01079001266309426,-0.9670834097053742,-0.10429053397097302,-1.5738675062292407,-0.18010567816992895,-0.33730113766445546,,-0.11241482424008134,0.7792100678163515
CSM79HGR_P,C3022,nonIBD,0,,,,,,,,,,-0.3261212280816716,-0.008775525830478189,-0.6096478762699375,-0.09683969338402987,-0.07024132491062086,-0.238230911298923,-0.2932632425975454,0.39858899540050896,-0.1113122162579901,-0.37951311664682125,-0.29909236633726183,-0.21552070386130867,-0.47036346519914035,-0.14466480225013748,,,,,,,,,,,,,,,,,,,,,,,,,,,
CSM79HGV_P,C3022,nonIBD,0,,,,,,,,,,-0.11979411081470287,-0.2142559778410447,-0.5422464920066393,-0.12790808499328743,-0.3112865391588934,-0.2034247785336678,-0.08635474703211629,0.07409845241141585,-0.1113122162579901,-0.29216081716373155,-0.19666277896532586,-0.20269345586626575,-0.6836996688378288,-0.11669773214832904,,,,,,,,,,,,,,,,,,,,,,,,,,,
CSM79HGX,C3022,nonIBD,0,,,,,,,,,,1.3598381861957642,0.681936215777993,0.7363357313097816,1.1026726157669917,-0.3081196702375119,-0.145642943044776,0.4292682560456065,-0.01666669448247858,-0.1113122162579901,0.5519860594794194,-0.29909236633726183,-0.16341668374491175,1.3002230707339908,-0.5016760648849364,,,,,,,,,,,,,0.6375262414701784,0.5890495385778862,0.5303987944567871,0.20348146110210422,-0.02219383774540729,-0.291303591572999,0.09030047150617727,0.08868244332762136,-0.10370044001367282,-0.09371046592281577,-0.13812187083932795,-0.29710455056206575,,-0.09339860866723376,0.31217983388350834
CSM79HGZ,C3022,nonIBD,0,,,,,-0.4996550576230211,-0.3222190498631671,-0.69486961970438,-1.4118554368311667,-0.8594751794898909,-0.08055107757425631,-0.3430640748266471,-0.7038183652776215,-0.12955635991418168,-0.33570379971256387,-0.2402812372976792,-0.4958365173358537,0.3849033863446108,-0.1113122162579901,-0.33248436740107384,-0.29909236633726183,-0.21585202518351457,-0.3479248833855894,0.027699202466585422,-1.3382053233846758,-0.07794501494001509,-0.08650797396966804,1.35991631566808,0.05131733967164757,0.07500016726067676,-1.0976993260909516,-0.2545646040918579,-0.08650797396966804,1.1118968345276805,0.6370524219985969,-0.9520327825858472,-1.1926300241914136,-1.1705020189702926,0.6834116357141978,-0.8191244262743037,-0.7642464438999061,-0.22966047744036483,-1.1190350160734504,-1.0223464715494137,-0.10370044001367282,-0.4508685858541331,-0.13812187083932795,0.20254463439439424,,-0.09339860866723376,-0.16361112486728074
CSM79HH2_P,C3023,CD,1,,,,,,,,,,0.5184256055388788,1.085545706331891,-0.11855272466505538,0.7741710301142208,0.8319470726517302,-0.14066595089832068,-0.056259049146445674,0.43520614917610684,-0.1462064739465535,-0.04867787746178648,-0.05600029997425674,-0.230504191936923,0.2356261215183369,1.2856762748307273,,,,,,,,,,,,,,,,,,,,,,,,,,,
CSM79HH4,C3023,CD,1,,,,,,,,,,-0.06981365693457599,0.09955752270972215,0.11567885761589368,-0.08172181296327832,1.2817161068094753,0.29240015970408834,0.172748285294744,0.6453885288423964,-0.1462064739465535,-0.7002100645040339,0.9387578213865635,0.41620731292677415,0.49441037488219863,1.835517126252695,,,,,,,,,,,,,0.2779174306338579,0.7315876615938045,-0.18469106377590472,0.7851977369825489,-0.20915927827149275,0.21213214900211427,0.1637613718340447,-0.18779441874898153,-0.10429053397097302,-0.9243508912499954,-0.18010567816992895,0.37193020910492836,,-0.11241482424008134,0.3682323402374652
CSM79HH8,C3023,CD,1,,,,,-0.9395706655419275,1.0783913240427911,-0.29053346143727055,2.9535210746385987,0.008972446125764718,0.7300085182605494,1.8598162798133673,-0.3346356443951986,1.841388871283671,1.890617635281227,1.6248482487842208,0.09695079956077046,0.38232213747112404,-0.1462064739465535,0.31590429005014947,0.05316104716305007,-0.019767093774404353,0.5216719497905561,1.1310251495118644,1.0978336272560658,0.08761395366722986,-0.08813052984784635,-0.24052636118212511,-0.09984812251060363,0.15455173581269654,0.3586897053734844,-0.3599320260332242,-0.08813052984784635,-0.03510391416842733,-0.1201384398497693,0.07869356735747605,-0.035080230625398875,0.21569778840366163,0.14671816636078247,0.3833302043525806,0.0943949995236712,0.25947254014922966,0.0005361912453649015,0.02597596245094424,-0.10429053397097302,0.10523572044710544,-0.18010567816992895,1.3749779832109275,,-0.11241482424008134,-0.012112755124846507
CSM79HHA,C3023,CD,1,,,,,,,,,,-0.35566919085326,-0.4286433093882068,-0.10423877733979874,-0.3827731022996719,0.2379392634976143,0.5258667522270944,-0.9700720586353123,0.5541545304523628,-0.1462064739465535,-0.3292222910022455,0.011633698184935823,-0.13919530399605218,0.3614847088092769,0.9039092157591533,,,,,,,,,,,,,,,,,,,,,,,,,,,
CSM79HHM,C3021,CD,1,,,,,,,,,,-0.9295710483922628,-1.29809791778566,-0.21903333783030104,-1.4258291017068714,-0.6332455201325933,-0.329935641503064,-0.5696984557688513,-1.3245983632315357,-0.11407085113498545,-1.692570719259397,-0.24837216958127492,-0.25450921511173524,-1.4435887582880929,-0.3875233012888111,,,,,,,,,,,,,-0.4326203161609509,0.300872017420447,-0.8586728495925446,-1.4270612545233359,-0.5720810920801668,-0.43087722303869247,-0.633921744603063,-0.4701999966607351,-0.09938799855279619,-4.3755913836891995,-0.1342339472220414,-0.1842325025671154,,-0.10717564228878608,-0.3950214485418082
CSM79HHO,C3021,CD,1,,,,,-1.2435668652034761,-1.3463183132797256,-1.1417622774045564,-1.112471818224362,-0.3150904453232528,-0.763481006076888,-1.374925148712275,0.19877838911141504,-1.5917842944938063,-0.3620653160392051,-0.30826693179199943,-2.073330241053099,-1.636985002390197,-0.11407085113498545,-2.617733061483096,-0.3363939264701503,-0.2747716546767476,-2.9778315186937583,-0.4358566008392972,,,,,,,,,,,,,-0.09536635227825861,0.15697065361975812,-1.3998762218609175,-0.018168269947876448,0.5967507181625193,-0.4575671068440312,-0.4339300456040734,-0.9232008608347079,-0.09938799855279619,-3.5808506717173003,-0.1342339472220414,-0.29823699268813436,,,
CSM79HHU,C3021,CD,1,,,,,,,,,,-1.1326985399846494,-2.0787909359163965,0.05985721293641224,-2.2928170575777544,-0.8296966881879876,-0.30826693179199943,-0.7248867957554439,-1.952451007116291,-0.11407085113498545,-1.9048180685950171,-0.3363939264701503,-0.2747716546767476,-2.241330716399322,-0.3566297781342911,,,,,,,,,,,,,-1.0555937749913333,-0.8068946432003647,-0.5649203181435757,-1.8231644656891024,0.14139310169457317,-0.4575671068440312,-0.3977048893241675,-1.197002789647053,-0.09938799855279619,-1.8486937990968235,-0.1342339472220414,-0.29823699268813436,,-0.10717564228878608,-0.06315699937611564
CSM79HHW,C3027,CD,1,,,,,,,,,,-0.5210374983668139,-0.8162090888489222,-0.3511806969656819,-0.3389875094091358,0.14730836735593944,0.3048464986904562,0.15579058798208442,0.18112427318557905,-0.1113122162579901,0.07599718764576534,-0.27908992371049557,0.34489931503620413,0.7343453069157401,0.09151168359697325,0.6977646742787115,-0.059488131319907475,-0.08650797396966804,0.3480887166203651,-0.07665089763539046,0.07500016726067676,1.3712385372060343,-0.2545646040918579,-0.08650797396966804,0.34242529956242657,-0.47881345665698644,0.013368190302435377,,,,,,,,,,,,,,,
CSM79HHW_P,C3027,CD,1,,,,,,,,,,-0.5476885460450766,-0.8697113366852546,-0.5223314352868046,-0.7358242098800626,0.07927359253533667,0.32620005165518967,0.07501574467539021,0.058124879068227844,-0.1113122162579901,-0.19956457369219327,-0.29909236633726183,0.18429208184764648,0.694450621849722,0.10815296933674419,,,,,,,,,,,,,,,,,,,,,,,,,,,
CSM79HI3,C3009,CD,1,,,,,,,,,,2.1243882809469063,1.97759063938912,0.02621037722846849,0.45979755241328146,2.774905580115835,-1.682153466175483,0.5808441811052638,1.789791736769562,-0.10843274156073193,3.128702250803173,4.599608880024713,16.769474309314063,0.40271613474954376,3.355959226543055,,,,,,,,,,,,,,,,,,,,,,,,,,,
CSM79HI7,C3009,CD,1,,,,,-0.7307636861215129,-0.13568053265112093,1.0463073139917614,0.8908878237548365,0.7070618927284296,2.1845543242591985,2.260766986371433,0.07030351881819176,-0.3229245564691856,2.0073372680412325,1.2497538983510061,0.7313485599268253,2.9467732905829958,-0.10843274156073193,3.0934791944039817,6.188976979605327,8.88990978795679,0.40271613474954376,2.4237557577986273,1.4043160016718899,-0.4589870672567324,-0.07284643967679481,-0.274615651427781,0.819856959836332,0.09560573483367543,1.6461759076305926,-0.4799876642165609,-0.07284643967679481,-0.18950180663358096,1.6936027749130627,0.030391478799598647,2.3865335976469795,-1.002787688503037,-0.1841434975068624,2.226568592385949,11.450387099246834,3.7378807114444372,0.6229147116194274,0.20711825768105926,,2.329625677617803,-0.07939061616942635,3.2819937530938876,,,
CSM79HIB,C3009,CD,1,,,,,-0.0579393283857225,-0.3773054877950933,2.216390057782804,-0.3718537873064483,0.11593088889279417,1.5180431793023543,2.9979004409912604,-0.048516050500898834,2.447977758139871,2.3641987924434424,6.525592782076485,0.4662984057849206,1.8364220143830794,-0.10843274156073193,4.748595067945886,2.120256103622079,-2.0582627849199295,0.400022692231176,0.2704081591206018,,,,,,,,,,,,,3.716687752901383,-2.941848307822581,-0.1357330714162592,6.686779274679751,6.268197419079955,24.31714507447618,1.6802464596540094,4.087258487811067,,4.044704235293233,-2.7311886315901304,14.290274771419917,,,
CSM79HID,C3015,UC,1,,,,,,,,,,0.7884956954140109,0.9677079943938109,1.5205161697178313,2.0385119107310117,2.3214350929359333,-0.054745601093329245,-0.20899031401587698,-0.4149912131881353,-0.13833516500220164,2.532202812362148,-0.31260469951101005,-0.2404500814676498,0.09877805198535708,-0.38198694097201774,,,,,,,,,,,,,0.30266603223884364,0.38959496882281364,-0.24634640826316948,0.3324101540932182,0.3768509965049584,-0.4157509128957035,-0.1547864357064276,0.9722296132375879,-0.09434468921296807,-0.34935525152011615,-0.13571057116566926,-0.23301540043091898,,-0.08939284250604397,-0.13706403088776226
CSM79HIF,C3015,UC,1,,,,,,,,,,0.7273822270572654,0.9031948597789312,0.0730347308115552,1.8219032080623256,2.4517545131480603,-0.1151849704884283,0.03848281278253429,-0.049937753604415484,-0.13833516500220164,1.9299046601054932,-0.3206853541700213,-0.2154014279222743,0.09213174404053301,-0.4019296093540221,,,,,,,,,,,,,0.066818131518958,0.09409917248426727,-0.24634640826316948,-0.04074842113446357,0.19784751156014746,-0.4133578919152764,-0.05943891550866169,0.8767947275179013,-0.09434468921296807,-0.4473602124760009,-0.13571057116566926,-0.23301540043091898,,,
CSM79HIH,C3015,UC,1,,,,,,,,,,0.43650602507542346,0.7539395597346679,0.8506252735605576,1.137189267433683,1.6199473159849902,-0.17377879041664418,-0.045812358106660976,-0.24678621102604326,-0.13833516500220164,1.4062372916101316,-0.3206853541700213,-0.24038529748306978,0.10187354256345768,-0.4107844838525847,0.6489216916258097,-0.056371305558196715,-0.08602647872386804,-0.24025561873291892,0.5731125205820157,0.012623600559267523,0.7180489208586038,-0.6597085403216271,-0.08602647872386804,1.647480925553137,1.0857204480963174,0.15804200816145356,,,,,,,,,,,,,,,
CSM79HIJ,C3015,UC,1,,,,,-1.8964123661457268,-0.7934224548646076,0.46136948742687683,-0.060383845184299546,-0.1945923526607807,0.42382850471749134,0.825230111037713,0.14601988851928957,1.030966681246719,1.229458957520527,-0.2020232513269578,-0.02703297517631158,0.06034248190525387,-0.13833516500220164,0.5438770994506456,-0.3206853541700213,-0.24873227419340704,0.051843284469596275,-0.42064969012370684,,,,,,,,,,,,,-0.09149493930254697,0.05456503957548869,-0.24634640826316948,-0.1871837370874151,0.23445962822038668,-0.44230365224748314,0.45323585408101413,1.2424116848386206,-0.09434468921296807,-0.25061927458829036,-0.13571057116566926,-0.23301540043091898,,,
CSM79HIL,C3015,UC,1,,,,,,,,,,0.49508273546783066,0.774404023114187,0.013032015343598066,1.0954942532679193,1.2098724581500648,-0.29652496579820686,0.0014983057443970166,-0.016123363123489772,-0.13833516500220164,0.7768573601829118,-0.3206853541700213,-0.24865909437580336,0.05468525031523795,-0.42064969012370684,,,,,,,,,,,,,-0.16297161393025708,0.4553066496511287,-0.24634640826316948,0.5620797055036533,0.3303427122679341,-0.3774937129468382,0.17259837585917995,0.5189315484017533,-0.09434468921296807,-0.32434120470474076,-0.13571057116566926,-0.23301540043091898,,,
CSM79HIN,C3015,UC,1,,,,,,,,,,0.3602252458578541,1.1224307558999758,2.139572922348722,0.9165003248698912,1.3139155033776617,-0.11586103400667447,-0.13268662759973754,-0.12475707353569096,-0.13833516500220164,0.20716182343652076,-0.3206853541700213,-0.21462575147981833,0.051807041458677455,-0.4153218004826952,0.27739915620126854,-2.2083183408368217,-0.08602647872386804,-1.634072505391222,0.013927780502170996,3.830088951318811,0.45203777268334455,1.4708301293756274,-0.08602647872386804,2.3310934275746638,-0.20592573098920933,0.15804200816145356,-0.3471449682607371,-0.16758336574030916,-0.24634640826316948,-0.0430531571774431,1.0682132465941718,-0.4144319223309283,0.4332166728941361,0.4429016331908248,-0.09434468921296807,-0.6432942896270877,-0.13571057116566926,-0.23301540043091898,,-0.08939284250604397,-0.6149195435382815
CSM79HIR,C3016,CD,1,,,,,,,,,,0.030986591108022276,0.03949810910295317,-5.678711601041152,-0.20967638703603356,-0.2349149495143864,-0.32218741030399073,-0.7419683330248805,-0.1192847324482487,-0.11407085113498545,0.27669700865255564,-0.3011463349626145,-0.26607726001186,0.5176800709896195,-0.3525685703184764,,,,,,,,,,,,,,,,,,,,,,,,,,-0.10717564228878608,0.8300974710146227
CSM79HIT,C3016,CD,1,,,,,-1.5944900293398627,-1.2604468088169714,-0.20564199466025151,0.26484075451561934,0.7669131135169703,0.3487040309232284,0.5442373272224201,-2.0237064243139757,0.41237131725376736,-0.15793732015961978,-0.292286496758795,-0.5901414974718124,0.2582772362790521,-0.11407085113498545,0.47049283555644883,-0.15138448344730981,-0.21346830458561766,0.729986268667629,0.28169054251870074,-0.4584466917778289,-1.4082525341063568,,0.3030082166290369,-0.38874181098135174,0.07560302623362697,-1.2181645268030565,-0.23581076897759604,,0.004307276356582939,-0.7691090427058309,0.06293716072304763,-0.13167446782710512,-0.6419728443115429,-0.2327454228519667,-0.2543537170512892,-0.5684278201771849,-0.1676270033704214,-0.3417044578210338,-0.4652776584311733,-0.09938799855279619,-0.5827572223498352,-0.1342339472220414,-0.29823699268813436,,-0.10717564228878608,0.3545652403450618
CSM79HIV,C3016,CD,1,,,,,,,,,,0.1976454527870927,0.2985468129769985,-0.11298788819158047,0.06410784985323527,-0.14315947085130992,-0.35575538381226424,-0.3160838983518695,-0.32437072651054827,-0.11407085113498545,0.3132012257781775,-0.17037863946253484,-0.28211382521474265,0.1949116510823795,-0.23710019164448667,,,,,,,,,,,,,-0.3246424286222106,-0.5620730876147312,1.2536245231086767,0.0640674059890224,-0.3767583588325419,-0.038630081449741005,-0.4640382475267274,-0.4383363969730633,-0.09938799855279619,-1.0352549814202787,-0.1342339472220414,-0.29823699268813436,,-0.10717564228878608,1.336768650510642
CSM79HIX,C3016,CD,1,,,,,,,,,,0.7550211468262752,0.41436063679321455,0.18110759632841975,0.23263493298244303,-0.2365429560612183,-0.2731124239664637,0.06259235352445407,0.42854550138101366,-0.11407085113498545,0.9344243632932853,-0.3363939264701503,-0.27527176819497967,-0.2129309055148482,-0.36240957797298384,,,,,,,,,,,,,-0.16264188945602778,0.11338015138213452,-0.8007389321023495,0.5737781662994892,-0.5277453160758893,-0.12855039122367323,-0.29037465886430996,-0.23613501375833582,-0.09938799855279619,-0.7211887718757392,-0.1342339472220414,-0.29823699268813436,,-0.10717564228878608,0.378730236976451
CSM79HIZ,C3016,CD,1,,,,,,,,,,1.7327077619532638,0.3156226524631923,1.0840882895247193,0.2190537799662651,-0.28406852327266124,-0.18205139530621967,-0.06387804149414611,-0.08312648459467331,-0.11407085113498545,0.08140201700258423,-0.3363939264701503,-0.2747716546767476,-0.30712249320024143,-0.35910037362858627,,,,,,,,,,,,,0.8127944591082417,-0.09968313776248605,-0.2327454228519667,0.5892897696615527,-0.21597449117509643,0.28791095842459247,0.08265647329747,-0.5835874940033176,-0.09938799855279619,0.3387400352086215,-0.1342339472220414,-0.16688503546289313,,-0.10717564228878608,0.3672552164979618
CSM79HJ2_P,C3017,CD,1,,,,,,,,,,-0.8640968324352444,-0.6986524273619021,-0.07244041598999135,-0.8040792863966724,-0.2494999672920001,-0.27030989068371836,-0.6645526511264904,-0.16972781520841387,-0.11407085113498545,-1.0887983675139294,-0.3363939264701503,-0.2745362334407502,-0.3276961137333816,-0.4583527003630762,,,,,,,,,,,,,,,,,,,,,,,,,,,
CSM79HJ4_P,C3017,CD,1,,,,,,,,,,-0.9481487791258789,-0.6809680517659534,-0.5723652213345571,-0.8410317703838494,-0.27645528871902414,-0.2455915862031944,-0.021437123346655585,0.2079501753396971,-0.11407085113498545,-0.1349528095724292,-0.3363939264701503,-0.27479343543169005,0.42802824207520845,-0.48619391504464615,,,,,,,,,,,,,,,,,,,,,,,,,,,
CSM79HJ6,C3017,CD,1,,,,,-0.7407789305770335,1.3136431774368482,0.6925655771393147,-0.8248859681908046,-1.0068312390657472,,,,,,,,,,,,,,,0.4723932910360896,0.0916501702159361,,-0.17398648790654553,-0.20799330356299853,0.07560302623362697,0.1724438836626293,-0.23581076897759604,,-0.1540151390553218,-0.208150375760826,0.06293716072304763,,,,,,,,,,,,,,,
CSM79HJ6_P,C3017,CD,1,,,,,,,,,,-1.7203648951093666,-1.1748779518378074,-0.2852627093690463,-1.324962127519034,-0.5875176491138911,-0.334891744484067,-1.71890092429829,-0.44806740060778694,-0.11407085113498545,-0.7978183948455005,-0.3363939264701503,-0.2736358159372472,-0.030504280628978073,-0.20073150374172652,,,,,,,,,,,,,,,,,,,,,,,,,,,
CSM79HJ8_P,C3017,CD,1,,,,,,,,,,-0.6866127989289295,-0.5751574389043895,0.6547560339563765,-0.6125135327644033,-0.27972473900175837,-0.1966807002295685,-1.8396148456921857,-0.2751530601221533,-0.11407085113498545,-0.48624962488256424,-0.3363939264701503,-0.2664086325515059,-0.07275586005389306,-0.43386891873640615,,,,,,,,,,,,,,,,,,,,,,,,,,,
CSM79HJA,C3017,CD,1,,,,,,,,,,-0.7509885048588695,-0.7632636787087201,0.4338885362210077,-0.7766005798023278,-0.34137552818496636,-0.31770388897171126,-0.8671251835512225,-0.20084426487419588,-0.11407085113498545,-0.1304109739523842,-0.3363939264701503,-0.2675675881452827,0.08071628785918815,-0.40754378899085536,,,,,,,,,,,,,0.07285235137800054,-0.7874883845568833,-0.2327454228519667,-0.6741037827750027,-0.5324616749713368,-0.38009552263052643,-0.41705462766137724,-0.2723676804784892,-0.09938799855279619,0.07544395793496225,-0.1342339472220414,-0.29823699268813436,,-0.10717564228878608,0.9433477299938862
CSM79HJC_P,C3017,CD,1,,,,,,,,,,-0.5345531705333909,-0.4058393555514408,-0.31827291343250474,0.11502230268429593,-0.21537380709887222,-0.24684260398842733,-0.27338184443731245,-0.16221416198758604,-0.11407085113498545,-0.7380013584449273,-0.299256983816698,-0.25638455632620216,-0.12631798581133227,-0.3770297369599568,,,,,,,,,,,,,,,,,,,,,,,,,,,
CSM79HJE,C3028,CD,1,,,,,0.7122534014784327,1.3029256241547418,-0.18614520365298481,0.47098768422472825,1.4708362773653865,,,,,,,,,,,,,,,,,,,,,,,,,,,,,,,,,,,,,,,,,
CSM79HJG,C3029,UC,1,,,,,-1.115318868563699,-1.513757276690018,0.9484890043217343,-1.2131308116730601,0.3928467761614385,,,,,,,,,,,,,,,-0.3398657176034554,0.12789572723159884,-0.08650797396966804,3.4701605274147096,1.419464037091648,0.07500016726067676,-1.3299332892796676,0.06879155605623231,-0.08650797396966804,0.7112903239820163,1.2826535447518337,0.013368190302435377,,,,,,,,,,,,,,,
CSM79HJI,C3030,CD,1,,,,,1.6768881382408412,-0.6045129626154052,1.8760951863746156,1.4374235502947204,0.3402486982982616,,,,,,,,,,,,,,,1.2997952118355063,0.36722556015821756,-0.08602647872386804,1.220836319221191,-0.25264421890582733,0.012623600559267523,1.8424389307594147,-0.0970981801533063,-0.08602647872386804,-0.1507971664076228,-0.14737415059924283,0.15804200816145356,,,,,,,,,,,,,,,
CSM79HJI_P,C3030,CD,1,,,,,,,,,,0.2880689302904296,0.5462596407099374,0.0840854186664576,1.0963410052624125,2.1671083212208777,3.484170805301102,0.09841631463012522,1.011017875105873,-0.13833516500220164,0.7022011910991596,1.6592039038265598,11.71325022225774,-0.06625220844692378,0.7587436936836356,,,,,,,,,,,,,,,,,,,,,,,,,,,
CSM79HJM,C3027,CD,1,,,,,-0.2764032150481777,-0.5196953932120378,0.05289881791792235,-1.0271924640639283,0.050996644498733215,-0.10455722147738458,-0.7337354584065501,-0.5177048989615716,-0.5881710766752709,0.10465082924996603,-0.16560552841730686,0.2253887998141697,-0.4893066554469329,-0.1113122162579901,-0.0999345203032394,-0.29909236633726183,-0.14178623293667028,0.07013407591813313,0.12557043656723038,0.5477749452344495,-0.04103124769979984,-0.08650797396966804,0.4522732357790744,-0.06448434948667574,0.07500016726067676,0.08964732806216237,0.23683326434518312,-0.08650797396966804,1.1146265837448943,-0.29238470911314424,3.4571761565541235,-0.195724228917292,-0.09290213428090385,-0.28826309641283665,-0.32424008089947687,-0.3373988166148661,-0.14696852147296155,-0.13648853072191,-0.21786205589809282,-0.10370044001367282,-0.5333381221614976,-0.13812187083932795,-0.29710455056206575,,-0.09339860866723376,0.09467110648638265
CSM79HJO,C3027,CD,1,,,,,,,,,,-0.30419146874398556,-0.8411234661590252,-0.42738693092679986,-0.9259605751980661,-0.11596153106591016,-0.22632207557960263,0.06700120740786612,-0.23654255155315373,-0.1113122162579901,-0.237468134979641,-0.0011097947707897834,-0.41488813688885,-0.6780671291993197,0.2104453668460053,,,,,,,,,,,,,-0.30302767439468475,-0.18959064027301317,-0.28826309641283665,-0.42389916798955407,-0.7759999702345776,0.030061217552990096,-0.17410897921565968,-0.23578049677795557,-0.10370044001367282,-0.4423969557340173,-0.13812187083932795,-0.20276378184598923,,,
CSM79HJQ,C3027,CD,1,,,,,,,,,,1.6732159516207457,4.545394473662277,-0.08907260837153265,5.531560611007172,0.23735454753310584,2.0470676632516325,15.403624057823157,-0.36488939595261877,-0.1113122162579901,-1.6069044405867354,-0.0671847055000271,3.8409470708227933,-1.4271199742865046,-0.10437402088272052,,,,,,,,,,,,,,,,,,,,,,,,,,,
CSM79HJS,C3027,CD,1,,,,,-0.877790808086348,0.4475601586373194,-0.5281429086633243,-0.03046746543289285,-1.5127503260352904,0.06013340462341463,-0.2528029544458624,-0.4170754098227412,-0.17560127060609682,0.19694585760074598,-0.23499584775387855,0.5016839860662908,0.2895705392100098,-0.1113122162579901,-0.14107804430342646,-0.29909236633726183,-0.21311700323667387,-0.3520710787054614,0.8238910634444532,-0.4985129459129891,-0.059488131319907475,-0.08650797396966804,-0.5544845716866859,-0.25354930987563823,0.07500016726067676,0.16451011635821727,0.055472931946663834,-0.08650797396966804,-0.0805095977980142,-0.3108916490219447,0.013368190302435377,-0.3549545153459701,0.3136003573833388,-0.07110593313408736,0.5787993175501662,-0.6209956931101229,0.5045026254260888,-0.2996727894259825,-0.08049491356136042,-0.10370044001367282,-0.39051567318069264,-0.13812187083932795,0.18028310622870572,,-0.09339860866723376,0.4071545668660369
CSM79HJU,C3027,CD,1,,,,,,,,,,0.35820192485476454,-0.05389446914088298,-0.4091654870259087,-0.5123811458013967,-0.013731493817031626,-0.1984478840765822,0.8721748109542746,-0.10652764672292205,-0.1113122162579901,-0.06450747952904544,-0.5663692836929701,-0.24006470183324358,0.01740213500978992,0.33920625193388554,,,,,,,,,,,,,,,,,,,,,,,,,,,
CSM79HJW,C3002,CD,1,,,,,,,,,,0.12989015013869704,0.20504358474587323,0.17689663878949546,0.18472692777840413,0.3353879569580426,-0.3201691613481206,0.056804186608836224,0.29581009251052787,-0.13833516500220164,0.7525064358429445,-0.3206853541700213,-0.2479681868205986,0.09881989910261994,1.515861697404362,,,,,,,,,,,,,-0.11613882834143521,-0.22250628618718885,1.8710929459634116,0.03873262520747276,-0.290117574723088,-0.41379895495938535,-0.2971109121758448,-0.45872553961611046,-0.09434468921296807,0.7351218263134272,-0.13571057116566926,-0.23301540043091898,,-0.08939284250604397,0.4113405025506484
CSM79HJY,C3002,CD,1,,,,,,,,,,0.40359680146923876,0.7161445357313678,1.4623961505067598,0.33930694177701715,0.8256163659846784,-0.29646959296244335,0.05649522331414498,-0.1394255345043424,-0.13833516500220164,1.406168753836568,-0.3206853541700213,-0.24865909437580336,0.2963509553298784,1.2667938265607308,,,,,,,,,,,,,,,,,,,,,,,,,,,
CSM79HK1,C3002,CD,1,,,,,-0.22205447528483704,0.6558857023424732,1.2052671545478983,-0.1979701834999706,0.951523546326706,,,,,,,,,,,,,,,1.1528058176852614,0.36722556015821756,-0.08602647872386804,5.744919216756879,0.4137483164516691,0.012623600559267523,1.9842654635000532,-0.0970981801533063,-0.08602647872386804,1.2234179291155989,1.2206927292468617,0.15804200816145356,,,,,,,,,,,,,,,
CSM79HK5,C3002,CD,1,,,,,,,,,,,,,,,,,,,,,,,,1.2997952118355063,0.36722556015821756,-0.08602647872386804,-0.7978425771504528,-0.28668745689911096,0.012623600559267523,1.9842654635000532,-0.0970981801533063,-0.08602647872386804,-0.11028793928304802,0.4234557542386131,0.15804200816145356,,,,,,,,,,,,,,,
CSM79HK9,C3010,CD,1,,,,,,,,,,-2.0249705776744675,-2.3642506916461956,-0.07810275823644773,-2.531580078273518,-2.827839028942236,-0.17272664528321877,0.0014388740272393114,-0.41053916059337353,-0.1462064739465535,-0.5214050691783069,-0.3461462799823559,-0.2646764975184343,-0.005074010427616812,-0.41995526489200635,,,,,,,,,,,,,,,,,,,,,,,,,,,
CSM79HKB,C3010,CD,1,,,,,-0.3687110613333395,-1.7925435745119866,-1.0232211044911304,-1.4096051456630234,-0.7291425268777394,0.23496668642421267,-0.1897561501618869,-0.07609726745162332,-0.009671052650127115,-0.14236768994844498,-0.3262004793613032,-0.22066783523214106,-0.28473648388059836,-0.1462064739465535,-0.5617592936379494,-0.3461462799823559,-0.35180993463203075,-0.09827522272080016,-0.42208709679172285,,,,,,,,,,,,,-0.8412526230148222,-0.6227422052947491,-0.18469106377590472,-0.2660840059297624,-1.7224840097712064,-0.525693028574372,-0.3179394593562447,-1.4397350161726201,-0.10429053397097302,-1.5634131551601624,-0.18010567816992895,-0.33431691792771256,,,
CSM79HKR,C3008,CD,1,,,,,-0.7773692053323157,1.7925842295035532,0.680550739722589,0.6928607517983745,0.6813874929155616,,,,,,,,,,,,,,,,,,,,,,,,,,,,,,,,,,,,,,,,,
CSM79HKT,C3008,CD,1,,,,,,,,,,1.331725928992913,0.6654162170909934,0.4306477188995474,2.0740914505286168,-2.4263788296437774,-0.05485524352860592,-2.254714995511231,0.8315409715817857,-0.10843274156073193,0.009674930578490304,-0.21326325113431455,-0.20968178516768549,-1.2075343185870944,-0.14333344642041637,,,,,,,,,,,,,-0.782828844360107,-0.7690495310583016,-0.1841434975068624,-0.7329764039471873,1.7084173137905159,0.25644820787109607,0.2827361764859542,-2.9011637008775777,,-0.39695369461655533,-0.07939061616942635,-0.19381883525354549,,-0.062149905905642094,1.0209027933771657
CSM79HKV,C3008,CD,1,,,,,,,,,,0.9167513368335648,1.148902789027166,1.4026911136472169,1.9451636728724184,-0.27205442423444576,-0.12200083197340475,-1.9879681385728154,0.2732397876597623,2.296672868391781,0.0999632843744612,-0.21326325113431455,-0.20770143622710546,-0.7495160780259609,-0.13921304926260666,,,,,,,,,,,,,,,,,,,,,,,,,,,
CSM79HKX,C3028,CD,1,,,,,,,,,,0.24273193708494034,0.12935601831744473,-0.170731654973426,0.17714228271427052,-0.02976010604472348,0.34466040145891585,-0.024481610383967654,-0.06944038473958335,-0.10843274156073193,-0.02547825727494896,2.978373074171784,-0.45064579752668427,-0.29527854760762084,-0.16747646249668782,,,,,,,,,,,,,,,,,,,,,,,,,,,
CSM79HKZ,C3028,CD,1,,,,,-0.33087761507225466,1.161378024682431,-0.15115963898668922,-0.43141229341376697,1.1376220311824703,0.26929208674091404,0.33603751264856335,0.09841503945743232,0.5099885008056594,0.3954877399492008,0.572033653696104,0.20788573115111617,0.32807021332620045,-0.10843274156073193,-0.007835513670835632,1.4647985146517624,-0.826122242508788,0.043665014474355314,-0.08034480193353485,,,,,,,,,,,,,,,,,,,,,,,,,,,
CSM79HL2,C3028,CD,1,,,,,,,,,,,,,,,,,,,,,,,,,,,,,,,,,,,,,,,,,,,,,,,,,-0.062149905905642094,-1.1411047182451182
CSM79HL4,C3028,CD,1,,,,,,,,,,0.2954591406043279,0.41544031502029777,-0.1588031760388845,0.6180585759093411,0.27855274210294984,0.255982524189497,0.039813477773126535,0.3072005118087907,-0.10843274156073193,-0.07324093894239285,5.878484575952231,-0.567603536781341,-0.2743866729758107,-0.1507269385574639,,,,,,,,,,,,,,,,,,,,,,,,,,,
CSM79HL6,C3028,CD,1,,,,,,,,,,-0.055802126429532396,-0.10696212258455062,0.39769817224189785,-0.10667612736464699,0.19785333334715272,1.0867604032523819,0.07967501356906834,-0.557111938498709,-0.10843274156073193,-0.11523272330149137,1.7096523436274973,-0.885293191161806,-0.3216689231745393,-0.005693068949823741,,,,,,,,,,,,,,,,,,,,,,,,,,,
CSM79HLA,C3004,UC,1,,,,,-1.0080818256881616,-0.5323206611032639,0.17777942348511558,-1.8830651697348608,0.47710813341546676,0.5055380313870468,-0.24342212929465623,0.7421287185773592,0.3384059080607223,-0.2938381967001,-0.31702910973646836,-0.3148153959881845,0.6126644354358555,4.405962017538364,1.7228919765691653,-0.29909236633726183,-0.20026764183622678,0.7987214182770623,-0.7794139775359238,0.6349796828250016,-0.059488131319907475,-0.08650797396966804,-0.35438024037727384,-0.6891288699196818,0.07500016726067676,-0.06370711282822743,0.055472931946663834,-0.08650797396966804,-0.41789645970156813,-0.43097371098963727,0.013368190302435377,-0.04321321863164173,-0.3867881564411196,-0.28826309641283665,0.048932891591353396,1.2025585745620002,-0.2393122023494603,0.37845625025941004,-0.22166342620006196,-0.10370044001367282,-0.5555435887818305,-0.13812187083932795,1.115586961241436,,-0.09339860866723376,-0.4205087224807578
CSM79HLA_TR,C3004,UC,1,,,,,,,,,,0.12075922717487327,-0.16680996406607826,-0.7125178964344868,0.26051545364495143,-0.23308238076105642,-0.2897220700874821,-0.2058215080651375,0.029826690500897646,2.600975067255533,1.0117551899487955,-0.29909236633726183,-0.21552070386130867,0.23538752336184746,-0.44755629419136966,,,,,,,,,,,,,-0.3170156675779112,-0.5539106547083379,0.21661403444703317,0.14976200956860727,0.39625712294796855,-0.16867346134955022,0.32884749411282077,-0.4810521388376049,-0.10370044001367282,-0.5045801349194525,-0.13812187083932795,-0.1848982194961625,,,
CSM79HLC,C3004,UC,1,,,,,,,,,,-0.4574440663991534,-0.5505133885984062,-0.36831763683377167,-0.7737360058708256,-0.35553928994785405,-0.238230911298923,0.006953066660340104,-0.07323173348345532,-0.1113122162579901,-0.27983052194361985,-0.29909236633726183,-0.21552070386130867,-0.5810950280989683,-0.46645775501973286,,,,,,,,,,,,,-0.49610754848926547,-0.376955311274459,-0.28826309641283665,0.00018555637897502795,-0.49467120093005307,-0.0937305681901427,0.20412651354143996,-0.4701623411674883,-0.10370044001367282,-0.257805540374701,-0.13812187083932795,-0.20687543299929861,,-0.09339860866723376,-0.36728719350631744
CSM79HLE,C3004,UC,1,,,,,,,,,,-0.10088319639440173,0.13635805366102774,-0.5892399396082372,0.04179790674222263,-0.2072402829062871,-0.238230911298923,-0.1804799599834719,-0.06514644533025497,-0.1113122162579901,-0.023192891335834732,-0.29909236633726183,-0.21552070386130867,0.1770298129539835,-0.20606621317928636,,,,,,,,,,,,,-0.07808331742428215,0.3382485542342597,-0.8432572818442865,0.12975298683231268,-0.10115883874966052,-0.18668305995405662,-0.057546726203680315,-0.20954928608410772,-0.10370044001367282,-0.16040690016777362,-0.13812187083932795,0.5773256849740416,,-0.09339860866723376,-0.2138983440214388
CSM79HLG,C3004,UC,1,,,,,,,,,,-0.27987712119880753,-0.2225463105963143,-0.3782495535565624,-0.19212184477596564,-0.3159242797976698,-0.16198829635539466,-0.29894723209175667,-0.00887520840255131,-0.1113122162579901,-0.4386110267891614,-0.29909236633726183,-0.19835284216707683,-0.5899048043342937,-0.4476568084005261,,,,,,,,,,,,,-0.23456921066117883,0.064158425314437,-0.28826309641283665,-0.02147599057002466,-0.48019897884010154,-0.08170223950813939,0.11675297889765857,-0.38770247625442583,-0.10370044001367282,-0.20725332067156654,-0.13812187083932795,-0.22041352385577984,,-0.09339860866723376,-0.2832106965364657
CSM79HLI,C3004,UC,1,,,,,,,,,,-0.4046952266231219,-0.4528808793671587,-0.8447206298080925,-0.5421362535396025,-0.46649210697447674,-0.2427098013084751,-0.02767682178741372,0.023525254743755022,-0.1113122162579901,0.18746110726059254,-0.29909236633726183,-0.21018824609759615,-0.20707287227266483,-0.13145987992668703,,,,,,,,,,,,,,,,,,,,,,,,,,,
CSM79HLK,C3004,UC,1,,,,,,,,,,-0.36132064354720794,-0.1959198044053769,-0.975946506737469,-0.35843276845764255,-0.2498240542342159,-0.15740701274680352,-0.5857779761086439,-0.1643653409398194,-0.1113122162579901,-0.19801792595997503,-0.29909236633726183,-0.21513510695775248,-0.28741531172798523,-0.7420456099366126,1.505937083584368,-0.07794501494001509,-0.08650797396966804,-0.46273922450628524,-0.14567808415551198,0.07500016726067676,1.735230145889017,-0.2545646040918579,-0.08650797396966804,-0.08708671244899614,-0.14296984138690302,0.013368190302435377,,,,,,,,,,,,,,,
CSM79HLM,C3003,UC,1,,,,,0.635006830470967,1.605659247143702,1.2245701175855839,-0.16776653469125882,0.026084910391759822,0.37454853273368044,0.46177651965098737,-0.08992141385379844,1.7558165819881786,1.3686405120016951,-0.2216447565417331,0.24298169694441576,-0.4970532766447751,-0.10843274156073193,0.7413026817050544,-0.21326325113431455,-0.1545472515618417,0.1382578683825372,-0.1888148140056697,-1.2594918190296653,-0.029411881575440574,-0.07284643967679481,0.6174437860941009,0.24782629440383433,0.09560573483367543,-0.9482781772117234,-0.3377928645099569,-0.07284643967679481,-0.18950180663358096,-0.5426468397279024,0.030391478799598647,,,,,,,,,,,,,,,
CSM79HLW,C3003,UC,1,,,,,,,,,,,,,,,,,,,,,,,,-1.5109191365361314,-0.22967101184415356,-0.07284643967679481,1.3001257343840333,0.585667980095607,0.09560573483367543,-0.670073220925658,-0.3377928645099569,-0.07284643967679481,1.345574059287579,0.6610847271810237,0.030391478799598647,,,,,,,,,,,,,,,
CSM79HM1,C3011,UC,1,,,,,,,,,,-5.088985219054577,-3.2938230978250718,-0.2336273903370667,-3.093779756159654,0.4089029048428995,0.6377930720786951,-7.127100893787871,-6.457995395847198,-0.1462064739465535,-2.665359784439781,-0.2876619914364665,0.2661791744603521,-5.788274917962236,-0.026153637834460924,0.16350181261193425,0.08761395366722986,-0.08813052984784635,-0.711387352529859,-0.5833984083572219,0.15455173581269654,-0.6603718137418191,-0.3599320260332242,-0.08813052984784635,-1.4335362197550938,-0.1362428481689475,0.07869356735747605,,,,,,,,,,,,,,,
CSM79HM5_P,C3011,UC,1,,,,,,,,,,-1.2665747964287923,-0.5033119460488357,-0.20863759936690812,-1.0732708493311547,0.5353459799194487,-0.0992736139521868,-2.1367217676297963,-2.929573306798562,-0.1462064739465535,-0.6315050312580537,-0.14803837862579403,-0.19146523016878078,-3.9473199217900996,-0.22871285719559442,,,,,,,,,,,,,,,,,,,,,,,,,,,
CSM79HM7,C3011,UC,1,,,,,,,,,,-1.6724862524945339,-0.8646580923655107,-0.16432262631950348,-0.6794986097607153,-0.04793825996281756,0.07209555533582426,-1.460398960848526,-1.8725191291746357,-0.1462064739465535,-0.621763792494718,-0.3461462799823559,-0.11299748371324386,-3.345447388631927,-0.35662329415861876,,,,,,,,,,,,,,,,,,,,,,,,,,,
CSM79HM9,C3011,UC,1,,,,,,,,,,,,,,,,,,,,,,,,-0.4511062877861836,0.08761395366722986,-0.08813052984784635,-0.488657575324345,-0.09984812251060363,0.15455173581269654,-0.9444963757267687,-0.3599320260332242,-0.08813052984784635,-0.03510391416842733,0.15085861701160636,0.07869356735747605,,,,,,,,,,,,,,,
CSM79HM9_P,C3011,UC,1,,,,,,,,,,-3.1317278871411536,-1.7253314580906356,0.07495835540525918,-1.412181819914314,0.2586479037210387,0.5593172514343393,-4.479766284276134,-4.8306293078182,-0.1462064739465535,-1.1671010797843175,-0.2963603505496519,-0.07765189316138274,-4.431700427309538,-0.1745646697686219,,,,,,,,,,,,,,,,,,,,,,,,,,,
CSM79HMN,C3006,UC,1,,,,,0.10469055688425057,1.3563076555422071,0.946679575494687,-0.2720989398299056,0.1739725747789443,-0.6216218934924638,-0.8147135502235004,-0.3256407924358734,-0.7638512689357978,-1.4026791234920335,-0.31279707253848715,-0.200414532276972,-0.5490954834783075,-0.1462064739465535,-0.5600423961754124,-0.23894094904143107,-0.322590748786647,-1.5005000296861724,-0.41462502042954813,-0.7699598717258761,0.08761395366722986,-0.08813052984784635,-0.24052636118212511,-0.09984812251060363,0.15455173581269654,-0.18446448733076007,-0.3599320260332242,-0.08813052984784635,-0.03510391416842733,-0.30348114013940736,0.07869356735747605,,,,,,,,,,,,,,,
CSM79HMP,C3006,UC,1,,,,,,,,,,-1.1157618927327504,-1.3285127856172259,-0.35222936867458116,-1.1696122500771742,-1.961759901373256,-0.6664941802141292,-0.6863544873714291,-0.8373116458848263,-0.1462064739465535,-0.4327042154969557,-0.21459617472380926,-0.5439129479073719,-2.3705833401103877,-0.43401248134415005,,,,,,,,,,,,,,,,,,,,,,,,,,,
CSM79HMT,C3006,UC,1,,,,,,,,,,-1.148617047760649,-1.4123808521515409,-0.3125006982985097,-1.1704179837905417,-1.741659634853496,-0.33280762856468094,-0.707957576423072,-0.575967634949948,-0.1462064739465535,-0.5918668815176071,-0.3265400109813802,-0.3531864196095233,-0.32330440838535573,-0.4954838637969776,,,,,,,,,,,,,,,,,,,,,,,,,,-0.11241482424008134,-0.4085988973740624
CSM79HMX,C3006,UC,1,,,,,,,,,,,,,,,,,,,,,,,,-1.2377616045821407,0.08761395366722986,-0.08813052984784635,-0.3186059694464383,-0.03946885446019441,0.15455173581269654,-0.27422875878676134,-0.3599320260332242,-0.08813052984784635,-0.03510391416842733,-0.09697688899012157,0.07869356735747605,,,,,,,,,,,,,,,
CSM79HMZ,C3001,CD,1,,,,,1.038926567349581,0.6011831956877937,-0.5649844343752068,-1.004147725506983,0.6095331362439567,,,,,,,,,,,,,,,0.5542536593490061,0.08761395366722986,-0.08813052984784635,-0.24052636118212511,-0.3836571129988123,0.15455173581269654,-1.601714658371738,-0.3599320260332242,-0.08813052984784635,-0.09899998676910823,-0.045049689370397834,0.07869356735747605,,,,,,,,,,,,,,,
CSM79HN2,C3021,CD,1,,,,,,,,,,-1.3149508866794681,-2.356198987726322,-0.10447632453815342,-3.026632120508786,-0.8301811872564121,-0.3104100373290588,-2.4561847764061504,-2.5724326263548942,-0.11407085113498545,-2.2946084552895014,-0.22095042841359344,-0.27186119984022106,0.4731226093226714,-0.37102121618890216,,,,,,,,,,,,,,,,,,,,,,,,,,,
CSM79HN6,C3021,CD,1,,,,,-0.8425514680656,-1.3722493795158694,-0.7175941853088621,-0.9182491112155737,-0.9070270211197059,-1.2472698444416142,-1.4265587979759504,-0.30106698297589407,-1.4990916113168464,-0.481253416715535,-0.30826693179199943,-1.214117130583343,-2.1506934852006268,-0.11407085113498545,-2.2753516652411303,-0.3363939264701503,-0.2747716546767476,0.17232941749266067,-0.4059184664599697,,,,,,,,,,,,,-0.9516524978807046,-1.1916445766025252,-1.2105643693283805,-1.6340036695960602,1.2511296106168117,-0.4575671068440312,-0.3555554970771455,-0.8756934994810267,-0.09938799855279619,-1.8135001786285085,-0.1342339472220414,-0.29823699268813436,,-0.10717564228878608,-0.259181602636758
CSM79HNE,C3029,UC,1,,,,,,,,,,-0.25008998126219195,-0.6186211161156023,-0.4656464400538691,-0.39961911110622306,-0.3429767523159623,-0.20938064577732238,-0.387731400177704,-0.8395848958567447,-0.1113122162579901,-0.13397624701008048,-0.29909236633726183,-0.21455166282934335,-0.9674570531676515,0.001919447205249059,,,,,,,,,,,,,,,,,,,,,,,,,,,
CSM79HNG_P,C3029,UC,1,,,,,,,,,,-0.19211780037983847,-0.39437379820906343,0.10080229247779122,-0.36852314425116406,-0.29908411707031074,-0.19626425047343707,-0.9654907852838176,0.2955638245782975,-0.1113122162579901,1.0358439103430463,-0.29909236633726183,-0.2156873856632605,-1.467828127410167,1.0441850414725822,,,,,,,,,,,,,,,,,,,,,,,,,,,
CSM79HNI,C3029,UC,1,,,,,,,,,,-0.3032445185261983,-0.7995804931373794,0.32814396879953384,-0.6008883211360051,-0.20771458517121819,-0.24985999209245144,0.19839439754352986,-1.0494364682553048,-0.1113122162579901,-0.6994669796622,-0.29909236633726183,-0.21730957912435644,-1.3713725670631631,1.9491263864539508,,,,,,,,,,,,,,,,,,,,,,,,,,,
CSM79HNK,C3029,UC,1,,,,,,,,,,-0.24880494085551294,-0.7653385021758913,-0.6745813354201341,-0.458297943654897,-0.18625390378627038,-0.18441540631528122,0.6348771371401166,0.4404698586500766,-0.1113122162579901,-0.42665514666051385,-0.29909236633726183,0.057473701247221474,-1.1989279163530948,0.9422367270138361,-1.5348541344990645,-0.04869154652196996,-0.08650797396966804,-0.7008864556645926,1.3223814946943262,0.07500016726067676,-0.8679459274978717,-0.2545646040918579,-0.08650797396966804,0.9937809040720837,2.1583675367527557,-2.0948485798690886,,,,,,,,,,,,,,,
CSM79HNM,C3029,UC,1,,,,,,,,,,-0.3868975062468842,-0.5333067126241651,-0.8442184522171791,-0.3688517908779642,-0.18349403264926165,-0.2445528792474693,-0.19828674940542432,0.046326072397967266,-0.1113122162579901,-0.1611264968824628,-0.40028128625636983,-0.2143781616469763,-1.6245132696090314,2.393267082759302,,,,,,,,,,,,,,,,,,,,,,,,,,,
CSM79HNO,C3030,CD,1,,,,,,,,,,0.9938873233743504,1.6950322981026693,-0.12756687252150214,2.401880595787239,3.8867775940575453,4.401512739935912,0.22035411131722987,1.288682213072638,-0.13833516500220164,1.7092599005390499,1.231603535621177,17.490342364992152,0.06758106707729468,1.0039775370688035,,,,,,,,,,,,,1.0168303382100548,3.2179150341340095,-0.24634640826316948,3.296870611512816,2.2866551323877933,-0.10229360794006037,0.6387074232809646,3.3089953950618725,-0.09434468921296807,0.4191440186534263,-0.13571057116566926,1.387256048686414,,,
CSM79HNQ,C3030,CD,1,,,,,,,,,,,,,,,,,,,,,,,,,,,,,,,,,,,,,,,,,,,,,,,,,-0.08939284250604397,0.1451233566515356
CSM79HNU,C3030,CD,1,,,,,,,,,,0.9033042492657789,1.6885779517569937,-0.31117220256321687,2.3537785485134437,4.436388617021936,3.1965284819368174,0.14244124049792423,2.214154141339484,-0.13833516500220164,1.798214967461457,0.30861617336631536,15.740932469079716,0.009268823374118629,0.5490331280941481,1.5510752408442592,0.36722556015821756,-0.08602647872386804,0.9316885723052337,0.9341504559427419,0.012623600559267523,1.8424389307594147,-0.0970981801533063,-0.08602647872386804,0.4897624143677007,0.7691454230475134,0.15804200816145356,0.6660928779679645,2.994375499361179,-0.17025294598164745,3.326648377989326,2.732104331409344,1.5855402826517,0.17139644844014462,4.029621702103328,-0.09434468921296807,1.1391048107266393,-1.4861509588964599,2.78870894378007,,-0.08939284250604397,1.2745651993229303
CSM79HNW,C3030,CD,1,,,,,,,,,,1.3486429329307172,1.9504281472009386,-0.08855411732850706,3.101575915491702,5.441905478581227,17.052232623768322,0.18368920203046393,1.4694174927124095,-0.13833516500220164,1.239925237818042,0.6951095067545764,63.61395984953591,0.05018115249186381,1.1764495385598672,,,,,,,,,,,,,,,,,,,,,,,,,,,
CSM79HNY_P,C3031,CD,1,,,,,,,,,,0.8554563441231817,1.4557070794472329,0.1876556322480371,1.338945687612402,1.09179712038531,-0.3334620332493318,-0.30233311387903467,0.3180990443197117,-0.1462064739465535,1.6853563871328563,-0.3461462799823559,-0.35432032474260416,0.387135385959417,-0.473754056748332,,,,,,,,,,,,,,,,,,,,,,,,,,,
CSM79HO1,C3005,UC,1,,,,,,,,,,1.6340568329118899,5.602891902342946,-0.04293299586831859,7.014943192527839,0.5079912599487545,0.2366240473438814,-0.23697895339924857,0.08753182490315199,-0.13833516500220164,0.18990021349459518,0.8086352743769273,0.05511549330940013,0.03518030791032876,0.23689093523740287,,,,,,,,,,,,,-0.8216804292147771,-0.016635116594889855,-0.24634640826316948,-0.2636132762245895,1.4525634809872816,-0.02482213847810932,-0.47945939812350147,0.324341075937021,-0.09434468921296807,-0.5454699838712134,-0.13571057116566926,-0.5099799795940164,,-0.08939284250604397,-0.2142764936838104
CSM79HO9,C3005,UC,1,,,,,,,,,,,,,,,,,,,,,,,,0.845643014591759,-0.056371305558196715,-0.08602647872386804,-1.385743759755355,0.9714820434062432,0.012623600559267523,1.011682786602404,-0.6597085403216271,-0.08602647872386804,-0.1507971664076228,1.737839993928457,0.15804200816145356,,,,,,,,,,,,,,,
CSM79HOD,C3010,CD,1,,,,,,,,,,,,,,,,,,,,,,,,-0.5357983028992206,0.066097998161462,-0.08813052984784635,-0.24052636118212511,-0.2789116589406932,0.15455173581269654,-0.2581122854344802,-0.3599320260332242,-0.08813052984784635,-0.18346600029291094,-0.6807233875405475,-6.350384548554755,,,,,,,,,,,,,,,
CSM79HOF,C3010,CD,1,,,,,,,,,,-0.008867495848151736,-0.19234450469992792,-0.09094238355920929,-0.6694490446517236,-0.993312425268503,-0.27783959584392925,-0.3068165949425831,-0.23491324116674972,-0.1462064739465535,-0.4989792921075246,-0.3461462799823559,-0.3396371005129399,-0.26196487268006025,-0.44510662961743824,,,,,,,,,,,,,,,,,,,,,,,,,,,
CSM79HOH,C3010,CD,1,,,,,,,,,,-0.378316357736646,-0.7883571355920131,-0.12157540614626516,-0.5822325332031361,-1.3314390090369783,-0.2877113967650848,-0.4210236143781036,-0.5681640721719008,-0.1462064739465535,-0.4267971046154885,-0.3461462799823559,-0.3373989306325572,-0.1805541024829834,-0.39903995806860343,,,,,,,,,,,,,,,,,,,,,,,,,,,
CSM79HOJ,C3012,CD,1,,,,,1.346069792281456,-0.7856028560443189,0.05687988635038075,0.4030842172427353,-1.2692484238347999,0.27211970562646787,0.7658544534087462,0.0401280708798881,0.42122671839817366,0.28128440363569196,-0.3334620332493318,-0.004139584959080534,0.0014255868294014958,-0.1462064739465535,0.33342800144998647,-0.3461462799823559,-0.35432032474260416,0.4843765619477957,-0.47637525386855184,,,,,,,,,,,,,,,,,,,,,,,,,,,
CSM79HOL,C3012,CD,1,,,,,,,,,,0.44948785726700524,0.6580614414834031,-0.04725630613067618,0.6215475102735751,1.0829469819436535,-0.3334620332493318,-0.20396446817787248,-0.23572733633060178,-0.1462064739465535,-0.02745667977468462,-0.3461462799823559,-0.35432032474260416,0.061591439550368735,-0.4243068585259832,-1.4475598640450043,4.112755115048154,-0.08813052984784635,-0.24052636118212511,-0.12034298852110564,0.15455173581269654,-0.48815321621696744,4.870066443372267,-0.08813052984784635,-0.03510391416842733,-0.2524456546936707,0.07869356735747605,-0.41173865358965694,-0.33950083079250265,-1.54028251257059,0.24015392635437213,-0.6727794213646493,-0.5388255985700141,0.13413485559298402,-1.353683434910561,-0.10429053397097302,-1.112266560189253,-0.18010567816992895,-0.33431691792771256,,-0.11241482424008134,0.06784002931131422
CSM79HOT,C3012,CD,1,,,,,,,,,,0.332437599350172,0.5009665779252268,-0.12176307242194634,0.4689019018473312,0.046203495460100476,-0.3334620332493318,-0.31891079798174005,-0.4480361211053826,-0.1462064739465535,-0.21323897831535032,-0.3461462799823559,-0.35432032474260416,-0.08913802205490352,-0.31269225817443563,,,,,,,,,,,,,,,,,,,,,,,,,,,
CSM79HOV,C3022,nonIBD,0,,,,,,,,,,0.5828420226576294,0.4978999164810801,0.23146405130908504,0.5003525525139578,0.05504877050323228,-0.30483203020694594,-0.04816592354426572,0.07099900099690744,-0.1113122162579901,-0.28967175115686244,-0.29909236633726183,-0.18931161581826833,-0.1318059742037966,-0.0656882407992887,,,,,,,,,,,,,,,,,,,,,,,,,,,
CSM79HOX,C3022,nonIBD,0,,,,,,,,,,-0.2769887878354738,-0.3396387742485564,-0.4703548092463496,-0.25873594145880896,-0.4143400176818545,-0.238230911298923,-0.26439019037745726,0.45841038812191426,-0.1113122162579901,-0.3550149998596849,-0.29909236633726183,-0.21552070386130867,-0.6753421697298534,-0.2076351283738421,,,,,,,,,,,,,,,,,,,,,,,,,,,
CSM79HOZ,C3022,nonIBD,0,,,,,,,,,,-0.20549395300265716,-0.27690362190532986,0.06657148585023401,-0.09197636808004503,-0.29726592492523723,-0.238230911298923,-0.40705875754848,0.48634497720266795,-0.1113122162579901,-0.2830962118254751,-0.29909236633726183,-0.21552070386130867,-0.4189243233372611,0.06331222617601834,-1.6134019104664952,-0.059488131319907475,-0.08650797396966804,-0.8400720039775978,-0.26371549542081,0.07500016726067676,-1.3950070777124468,-0.2545646040918579,-0.08650797396966804,0.21256082775644897,-0.593088120990057,0.013368190302435377,-0.8367167897267522,-0.6231060793279651,0.8880939140593975,-0.8031984543854859,-1.3879155947747597,-0.21147245192989234,-0.6287496619727512,-0.6553535457327122,-0.10370044001367282,-0.5836821249252482,-0.13812187083932795,-0.29710455056206575,,-0.09339860866723376,0.578551930459207
CSM79HP2,C3022,nonIBD,0,,,,,,,,,,-0.23372948925158987,-0.3345016449758832,-0.5799403362445309,-0.3132649492156971,-0.4558374911449652,-0.238230911298923,-0.39699810034117666,0.2694372594890815,-0.1113122162579901,-0.27245224425734693,-0.29909236633726183,-0.21552070386130867,-0.782487689361341,-0.13420594328617189,,,,,,,,,,,,,,,,,,,,,,,,,,,
CSM79HP4,C3022,nonIBD,0,,,,,-0.18962210312301733,-0.7387884388982321,-0.5763624752165479,-1.2511692349068573,-0.5103014295247141,-0.3045234056378484,-0.5204334369476815,0.5956431127885827,-0.29231201683853286,-0.38133264089691116,-0.238230911298923,-0.5051727413829894,0.17673861670117755,-0.1113122162579901,0.1712488101903149,-0.29909236633726183,-0.21552070386130867,-1.0959641430718305,0.005004933684127763,,,,,,,,,,,,,-1.2490395198419229,-1.3594012330548801,0.6988133362210003,-1.0481345560224216,-6.10324825397374,-0.21015846083842102,-1.5534019744170433,-1.2904939383605347,-0.10370044001367282,-0.5418653233945514,-0.13812187083932795,-0.29710455056206575,,-0.09339860866723376,-0.09496156560753466
CSM79HP6,C3022,nonIBD,0,,,,,,,,,,-0.334267932878173,-0.3838452522439824,0.32871953007599924,-0.340012629738063,-0.14082579322221064,-0.23892144733526982,-0.3199003464256084,-0.2285636193774601,-0.1113122162579901,-0.28647676660650623,-0.29909236633726183,-0.21568430548814327,-0.8284376586400555,-0.21048605531216696,,,,,,,,,,,,,,,,,,,,,,,,,,,
CSM79HPA,C3023,CD,1,,,,,-1.2610366421252555,1.1584321919115135,0.7160540247439984,0.4504985753442079,-0.3344555646792596,-0.09221908166283702,0.6216994442727182,-0.16950220155222026,0.1917413789046629,0.07353491766560294,0.4580872325696163,-1.7461159916448883,-0.11701937462482281,-0.1462064739465535,0.0179623182953026,-0.1490588255525518,-0.2178361379563425,0.12644858404936882,1.4956044463173073,,,,,,,,,,,,,-0.2085836708294922,0.3122945290003653,-0.18469106377590472,0.33031880078293535,-0.4264412961642314,0.5954576896030745,-0.18462490580740124,0.5347751298863639,-0.10429053397097302,-0.5963825630031792,-0.18010567816992895,0.20977943598134596,,-0.11241482424008134,-0.38660037159473265
CSM79HPA_TR,C3023,CD,1,,,,,,,,,,0.007772183029435487,0.9004468505245316,-0.8820223220012493,0.5393780422509784,0.2060260612542188,0.9535201994637094,-1.6839180912944796,-0.14143412802959607,-0.1462064739465535,0.04620536175681929,-0.2533680721216399,-0.13887041224013205,0.4079219711136082,1.889201513952142,,,,,,,,,,,,,,,,,,,,,,,,,,,
CSM79HPC,C3023,CD,1,,,,,,,,,,0.2464366845715084,0.6951083328584509,-0.16553786223088962,0.1539846061666006,0.17700110030495125,0.1898635376147301,0.05090606824132657,0.3533784214474282,-0.1462064739465535,0.04539071755801604,-0.1865953818321495,-0.216415696008928,0.57763943939082,1.3795127830790805,1.0978336272560658,0.08761395366722986,-0.08813052984784635,-0.24052636118212511,0.07921541391948597,0.15455173581269654,0.7018817505196289,-0.3599320260332242,-0.08813052984784635,-0.03510391416842733,-0.41072974458980355,0.07869356735747605,-0.07745704835558272,0.3656091794103181,-0.18469106377590472,0.6756336040879167,-0.05175257893507595,0.07448051994104887,-0.3798780643027009,0.42276082608655685,-0.10429053397097302,0.25664213535631314,-0.18010567816992895,-0.7130832878021522,,-0.11241482424008134,-0.1436648985661245
CSM79HPK,C3013,UC,1,,,,,,,,,,0.4411908894951741,0.3154469752648234,-0.3739940372635383,-0.49524422930902423,-0.23031870878962749,-0.00488863127792955,1.3458762976858527,0.4717438740850706,-0.10843274156073193,2.0537812118753016,-0.21326325113431455,-0.21817156312802694,0.45615454533475536,-0.17726323334703117,,,,,,,,,,,,,-0.7363532056331177,-0.7196045809354676,-0.1841434975068624,-0.7975173829534716,-0.6301066000627166,-0.2971474596197652,-0.21677011256247125,-0.3341981337000057,,-0.014153053277847669,-0.07939061616942635,-0.2813350374326855,,-0.062149905905642094,0.37731906719149655
CSM79HPM,C3013,UC,1,,,,,,,,,,,,,,,,,,,,,,,,-0.17753882191247752,-0.4589870672567324,-0.07284643967679481,-0.274615651427781,-0.28809778265616065,0.09560573483367543,-2.1392763945351763,-0.4799876642165609,-0.07284643967679481,-0.18950180663358096,-0.4380128249379913,0.030391478799598647,,,,,,,,,,,,,,,
CSM79HPM_P,C3013,UC,1,,,,,,,,,,0.18660598776346773,1.3501714940349583,-0.7971674435636994,0.46761414620866565,1.1131720970469114,-0.24856420170430885,1.116660732041742,-0.15468277369981243,-0.10843274156073193,-0.11866216914072449,-0.21326325113431455,-0.21481765944196018,0.19401265412855404,0.02455153018617803,,,,,,,,,,,,,,,,,,,,,,,,,,,
CSM79HPO,C3013,UC,1,,,,,,,,,,0.6874614344067744,0.6366794545551162,-0.2848459731057943,0.7367984833384563,1.6401430050882932,-1.4823934802003411,0.2898182172134973,1.454002704219763,-0.10843274156073193,0.14561304515250018,1.7978726758857642,0.5380145962671252,0.3965484520916446,-0.24422569251669607,,,,,,,,,,,,,,,,,,,,,,,,,,,
CSM79HPQ_P,C3013,UC,1,,,,,,,,,,-0.25840273497727484,-0.12052311280303997,0.4846313941988906,-0.9597952612837337,0.6851661711075978,-0.24856420170430885,0.873297636716984,-0.09768297844851662,-0.10843274156073193,-0.3911973905321131,-0.21326325113431455,-0.21481765944196018,0.028830341354901926,-0.16542521521529174,,,,,,,,,,,,,,,,,,,,,,,,,,,
CSM79HPS,C3013,UC,1,,,,,-0.5653942802195534,0.8151090115557782,0.6048032466777684,0.5880475398939276,1.554439497225062,0.155994274488753,0.06218002913008767,0.18360611823505435,-0.3181059013229883,0.25054219123295446,-0.25692051714476655,0.8266541107726811,-0.24545462847666394,-0.10843274156073193,0.03566204125620324,-0.20008875444108548,-0.20859438472554423,0.16361793824157062,-0.08598750803253129,,,,,,,,,,,,,-0.26002950467492303,-0.6854815639938111,0.04292893582194518,-0.7652630367955041,-0.2783317926767091,-0.34200573430031295,-0.14495061441713622,-0.14021297248432832,,-0.44805007455274765,-0.07939061616942635,-0.2813350374326855,,-0.062149905905642094,-0.37962020935454116
CSM79HPU,C3013,UC,1,,,,,,,,,,-1.2001187950683971,0.26918809671364635,-0.2848459731057943,-0.15543665876690896,1.0288105499700115,-0.24856420170430885,0.3089243089548884,-0.16911893186962765,-0.10843274156073193,0.13212275503605006,-0.21326325113431455,-0.21481765944196018,0.39331315680189893,-0.25009651944085437,,,,,,,,,,,,,,,,,,,,,,,,,,,
CSM79HQ9,C3008,CD,1,,,,,,,,,,0.816866735038916,0.7212285886938351,-0.06949688149444574,1.6350018639370327,0.06850112185168818,-0.24856420170430885,-0.8260999864332387,0.2863800564792176,-0.10843274156073193,0.14412931902999218,-0.21326325113431455,-0.21481765944196018,-0.08382081643908519,-0.19615662999473568,1.0203121471604093,-0.22967101184415356,-0.07284643967679481,-0.3399059730845055,-0.3133199222117357,0.09560573483367543,1.4762876118629153,-0.3377928645099569,-0.07284643967679481,-1.6716886594947713,-0.2946227360106183,0.030391478799598647,,,,,,,,,,,,,,,
CSM79HQB,C3008,CD,1,,,,,,,,,,0.018254952121505033,-0.44251795996149673,0.15233170662779746,-0.5730797154716436,-0.663798765598387,-0.05683453499491562,-0.14719241352797724,-2.1366665207308313,-0.10843274156073193,-1.1369258090394045,-0.06445945583341199,-0.2877719294813769,0.7152027237645723,-0.22541596342842474,,,,,,,,,,,,,,,,,,,,,,,,,,,
CSM79HQF,C3008,CD,1,,,,,,,,,,0.7010388285211137,1.3544888034735405,1.2480479518682357,1.8973641238648946,-0.6193435793204506,-0.19090956082370725,-0.8538634896817476,0.42068745872683166,-0.10843274156073193,0.17711868827137758,-0.21326325113431455,-0.12943973679737197,0.024778756607222327,-0.10846484713292723,,,,,,,,,,,,,-0.8501190213901977,-1.4253863160196338,-0.1841434975068624,-1.3170418053052928,0.7316203208249529,0.20841737776996988,0.3391970452445811,-2.2583139607826705,,-0.39695369461655533,-0.07939061616942635,-0.2813350374326855,,-0.062149905905642094,-0.8482095009588209
CSM79HQH,C3008,CD,1,,,,,,,,,,,,,,,,,,,,,,,,0.6780201695850007,-0.22967101184415356,-0.07284643967679481,-0.3399059730845055,-0.3797580388579649,0.09560573483367543,0.16182229426612163,-0.3377928645099569,-0.07284643967679481,-1.7814234068444523,0.5760620610328429,0.030391478799598647,,,,,,,,,,,,,,,
CSM79HQL,C3032,UC,1,,,,,-0.7601396415933974,-1.5518828721560283,-1.085011041660744,-1.5763758681119913,0.04365163906805582,,,,,,,,,,,,,,,,,,,,,,,,,,,,,,,,,,,,,,,,,
CSM79HQN,C3035,CD,1,,,,,-0.79501871388209,0.7874219417537787,2.0737013652133065,-0.9877137732331999,0.43308741379221555,,,,,,,,,,,,,,,,,,,,,,,,,,,,,,,,,,,,,,,,,
CSM79HQR,C3034,UC,1,,,,,0.08036155626437397,0.6142879394132236,1.2255860950343695,0.3480211148220532,0.8540815646096067,,,,,,,,,,,,,,,0.611154088433667,-0.03492570800200681,,-0.20356176875780368,-0.26403374287213616,0.07560302623362697,0.6956267619089158,-0.23581076897759604,,0.004307276356582939,0.05711151091300139,0.06293716072304763,,,,,,,,,,,,,,,
CSM79HQR_P,C3034,UC,1,,,,,,,,,,1.6457621299423169,1.4005740775812805,0.16353243383513177,-0.1960973439681266,0.6885246707912499,2.4594398773677346,2.662171329745596,-1.2552831099586705,-0.11407085113498545,0.07502699053411029,0.1844383116505263,0.43196082147446735,0.8436408795683736,-0.13328416581837257,,,,,,,,,,,,,,,,,,,,,,,,,,,
CSM79HQT_P,C3011,UC,1,,,,,,,,,,-3.090673085466014,-0.8596575231715246,0.40603239692056203,-0.7013094623998817,0.06818591761329702,1.7795847597618715,-1.3474096285781643,-2.1875964548399884,-0.1462064739465535,0.2553115954035161,-0.12306264403886723,0.8917717345914818,-4.597504144866373,0.5072576550915964,,,,,,,,,,,,,,,,,,,,,,,,,,,
CSM79HQV,C3027,CD,1,,,,,,,,,,-0.03883475422675,-0.4392825847542853,-0.4091654870259087,-0.8481306764544029,-0.27491962251035484,-0.21016462656364188,-0.24874070680390375,-0.111512044679058,-0.1113122162579901,0.3370935462018224,-0.29909236633726183,-0.1672915864772168,0.29209507704096893,-0.2655381823261076,,,,,,,,,,,,,,,,,,,,,,,,,,,
CSM79HQX,C3027,CD,1,,,,,,,,,,-0.11246396466113144,-0.6321536021981354,-0.47975763265717764,-1.0719406333134642,-0.3077719921838108,-0.2079574769012157,0.025620619531307263,-0.0020253877925122863,-0.1113122162579901,-0.7170161235270591,-0.29909236633726183,-0.1522093066616834,0.3046471367104791,-0.22806473692502513,,,,,,,,,,,,,,,,,,,,,,,,,,,
CSM79HQZ,C3027,CD,1,,,,,,,,,,0.2782342848980799,-0.36535582384106485,-0.5447143278444282,-0.7570166617198868,-0.11705221381064439,-0.24641817104474367,0.43867964819125244,-0.056577015773535355,-0.1113122162579901,-0.1877174349886108,-0.275019234206842,-0.1975029763799272,0.1850240699844587,0.028577761611084825,-0.46459937861918316,-0.04103124769979984,-0.08650797396966804,1.4238515689327111,0.007647365878341477,0.07500016726067676,-0.21296567636393332,-0.2545646040918579,-0.08650797396966804,0.24567437138031759,0.19600415148927242,0.013368190302435377,,,,,,,,,,,,,,,
CSM79HR2,C3027,CD,1,,,,,,,,,,0.29513932986959296,0.3223506881030944,-0.4467167837248834,0.27231051954165636,-0.19999373414281682,-0.20782600250965905,0.08322674727272572,0.3653809196842721,-0.1113122162579901,0.7770901125524425,-0.29909236633726183,-0.21362067973345678,0.3213848810178705,0.14144116083020772,,,,,,,,,,,,,0.07467941373596823,-0.03027171676161005,-0.28826309641283665,0.030341440900636747,-0.2007899977696464,-0.1331666584795099,-0.41952261361075344,-0.4142728568347513,-0.10370044001367282,-0.26779691910366044,-0.13812187083932795,-0.21893100522007009,,-0.09339860866723376,0.20695161279595017
CSM79HR4,C3027,CD,1,,,,,,,,,,-0.19915130921802482,-0.3774631631659454,-0.4091654870259087,-0.8067724384052322,-0.3662225909841889,-0.238230911298923,-0.1987940376510803,0.48392992749883795,-0.1113122162579901,-0.05891457449340664,-0.29909236633726183,-0.21552070386130867,0.3593749938657157,0.08340483697761308,,,,,,,,,,,,,,,,,,,,,,,,,,,
CSM79HR6,C3027,CD,1,,,,,0.10580670187438374,0.10353641155556617,0.6968378309736132,0.5530966263434638,-0.19405190973938505,0.13616569599923237,0.08955416667129643,-0.4091654870259087,-0.2954920733138585,0.09163511527480744,-0.23565560507554462,-0.30437149814644926,0.2114947791039956,-0.1113122162579901,-0.10887463863018833,-0.29062306312923775,-0.16214742388675726,-0.06940536722839896,0.1669177880874261,,,,,,,,,,,,,0.1082532717774167,-0.1186176998793585,-0.28826309641283665,-0.3970414033417225,-0.3480685851755051,-0.2858057919150777,-0.47442645558363494,0.007539991907621382,-0.10370044001367282,-0.39581942309592566,-0.13812187083932795,-0.21473686975879958,,-0.09339860866723376,0.9933768090794858
CSM79HR8,C3031,CD,1,,,,,,,,,,0.7731342278003789,0.23921462752720196,0.10529200298373595,-0.08685693783425881,0.19281169315253507,-0.3334620332493318,0.017562149259544947,-0.3818410695944026,-0.1462064739465535,-0.3339605503651495,-0.3461462799823559,-0.35432032474260416,0.6592317135207925,-0.4776623526589967,,,,,,,,,,,,,-0.42797566351091876,-0.38060139811653226,0.7092941789206328,-0.2066574651903813,0.10743856237757354,-0.5388255985700141,-0.1713322550261023,0.6541139386297682,-0.10429053397097302,-0.1560473392164917,-0.18010567816992895,-0.33431691792771256,,-0.11241482424008134,0.040398721136489714
CSM79HRC,C3031,CD,1,,,,,,,,,,0.2670569495131195,-0.49852230801161385,-0.02532616575967167,-0.3240348232357034,-0.18949095309094735,-0.32103480907517773,-0.48395088082004484,-1.0768069233748931,-0.1462064739465535,-0.6336669162266177,-0.3461462799823559,-0.35300681709141785,0.9532197942106381,-0.42970082483256333,,,,,,,,,,,,,-0.4962544724716047,-0.04985361598144697,-0.18469106377590472,-0.32283068976064294,-0.47426788263564795,-0.5376776076760261,-0.1713322550261023,0.5682136184463268,-0.10429053397097302,-0.19012563217027328,-0.18010567816992895,-0.33431691792771256,,-0.11241482424008134,-0.3783802495989327
CSM79HRE,C3031,CD,1,,,,,,,,,,0.18632934863570663,0.16404231696406021,-0.1492989816279351,0.048657153977025185,0.342931577464169,-0.3223305950157853,0.023198331199249002,-0.4470010499520118,-0.1462064739465535,0.14829962716026326,-0.3334213034832137,-0.3486510261927706,0.08509917209010641,-0.45198821964237407,,,,,,,,,,,,,,,,,,,,,,,,,,,
CSM79HRG,C3031,CD,1,,,,,-0.747224967233058,-1.5191216229310165,-0.012148853849184767,-0.5448823978596944,-2.0089573987692337,0.005416398075513321,-0.2736198670241672,0.035986269649837976,0.05811612340833564,-0.19147888771544952,-0.31632814678883525,-0.1508826298792535,-0.7936691103717294,-0.1462064739465535,0.019197354570736375,-0.3461462799823559,-0.35264530189093524,0.8364180332781805,-0.4579045430765024,,,,,,,,,,,,,-0.3093573015668174,-0.17112334875510257,-0.18469106377590472,-0.39797247636091315,-0.024664423940712724,-0.5336383513613193,-0.38735693267580135,0.739079543538213,-0.10429053397097302,-0.17299624052959792,-0.18010567816992895,-0.33431691792771256,,-0.11241482424008134,1.886398864554489
CSM7CZ2F_P,H4008,nonIBD,0,,,,,,,,,,0.3391635441184943,0.8338523589363592,-0.0921949034473834,0.842795246158802,1.225535665990604,-0.30000753844807077,-0.3492989756069562,-0.03421297342935133,-0.1462064739465535,0.31769590854138713,0.04334219887618053,-0.26900958043617507,0.3197807741954737,-0.3673928790181124,,,,,,,,,,,,,,,,,,,,,,,,,,,
CSM7KOJE,C3009,CD,1,,,,,,,,,,1.187143673089432,1.7531921900059613,-0.08535186111644652,1.0598503915025905,1.3119933548646134,-0.19987344175363514,-0.49077797506481036,-0.25143461331859407,-0.10843274156073193,0.6418483180875812,-1.4829737466889106,15.74924159191701,0.40271613474954376,0.12151255585216794,0.8792354708651394,-0.5931283604863857,-0.07284643967679481,-0.274615651427781,1.0223813308823855,0.09560573483367543,1.8858133342263292,-0.56316628984248,-0.07284643967679481,-0.18950180663358096,-0.599433169956272,0.030391478799598647,,,,,,,,,,,,,,,
CSM7KOJG,C3009,CD,1,,,,,,,,,,0.31863282222477246,3.2228657827557026,-0.08237014821893496,2.9232136256282186,1.5538516295494942,2.254215829409131,-1.0271721537614962,1.1483936180732865,-0.10843274156073193,2.628092304205305,0.7042387280475303,-1.9775266933722504,0.3975543470430169,0.4710489245106263,,,,,,,,,,,,,2.077950210638535,-1.3925568703499789,-0.1841434975068624,3.3863834795828094,12.756134757194435,12.613844257806736,0.6308781094795672,1.9646983209791808,,1.4931498032509207,0.4690425224878291,5.682136285530874,,-0.062149905905642094,0.518919081871974
CSM7KOJO,C3009,CD,1,,,,,0.6066985496688565,0.04437993385135026,2.295034180920373,0.21191425381066864,1.0041820417937644,1.9477954554292343,2.324890862790673,-0.14929147473548746,0.09747247974510137,3.060405161265236,-1.1874122482521985,0.29165178439558737,1.1863833118660907,-0.10843274156073193,2.2292443770463053,-0.1178486980765919,9.107647392211959,0.40271613474954376,-0.0886498247574033,1.315306529062235,-0.7621264035153674,-0.07284643967679481,-0.274615651427781,2.2992474676288177,0.09560573483367543,2.6494032838034296,-0.667958964895602,-0.07284643967679481,-0.18950180663358096,1.587062055131626,0.030391478799598647,3.01264299921908,-3.984066984886452,-0.3023350730777649,5.227868793086918,2.0275104401847335,6.775380609721958,1.5972057128852566,2.261376960093697,,2.7737572499331566,-0.68888298101465,5.052995460931747,,-0.062149905905642094,0.4790473771807314
CSM7KOJQ,C3015,UC,1,,,,,,,,,,0.3010811373677343,0.9014657333657321,2.708501467735406,1.1700881992946024,1.0274276361897303,-0.10979148960852672,-0.05835190560269775,-0.287347879030462,2.5966245502614353,0.7516874225303066,-0.3206853541700213,-0.23849107021645563,0.1033715458261332,-0.4145155111707571,,,,,,,,,,,,,,,,,,,,,,,,,,,
CSM7KOJS,C3015,UC,1,,,,,,,,,,0.5840658144461494,0.9726337904752717,0.9194119488719222,1.491475692464977,1.6586100845333236,-0.10873548675871818,0.08788425773656186,0.038406567086145045,-0.13833516500220164,0.7933855213069317,-0.3206853541700213,-0.24328137991379284,0.12413778904328936,-0.4176586677418858,,,,,,,,,,,,,,,,,,,,,,,,,,,
CSM7KOJU,C3015,UC,1,,,,,,,,,,0.6166048672614673,1.1779317747679323,0.07114677519835666,1.7241221046364839,1.3181503218368764,-0.1386981496358213,0.12099574898893008,0.007948333999903122,-0.13833516500220164,0.43583177384820526,-0.3206853541700213,-0.2517123174505439,0.1260611858982885,-0.41848827977321224,,,,,,,,,,,,,0.0641026877602192,0.26663549095686584,-0.24634640826316948,-0.016080679626422387,0.04061672547757392,-0.41284613567929634,-0.09045108528836633,0.8422794340148378,-0.09434468921296807,-0.11975903488418636,-0.13571057116566926,-0.23301540043091898,,,
CSM7KOJW,C3015,UC,1,,,,,,,,,,0.10355752893619936,0.5739171002323271,0.8734351052594315,0.6843297504663584,1.2108308850220282,-0.19365630696191982,0.0639385451668919,0.17883298175554588,-0.13833516500220164,0.9155864382831771,-0.3206853541700213,-0.23270551896062625,0.2993634624204533,-0.4187393831405455,,,,,,,,,,,,,0.11795065716697616,0.4116458796442647,-0.24634640826316948,0.3167368647255646,0.1008618216640756,-0.32514533635889287,0.1648124688075873,0.6327780682411116,-0.09434468921296807,-0.39103924653826083,-0.13571057116566926,-0.23301540043091898,,,
CSM7KOJY,C3015,UC,1,,,,,,,,,,0.4631237520363182,1.0254591777451365,0.4021078316679664,1.3038159233560471,1.06552453612864,-0.1430524574161715,0.06494919271181424,-0.2569543370973701,-0.13833516500220164,0.9084085554948004,-0.3206853541700213,-0.24865909437580336,0.07586930362829403,-0.4199547922724658,,,,,,,,,,,,,-0.06938206462610232,-0.2619727152986306,-0.24634640826316948,-0.044683794940522215,0.3601697376835654,-0.44230365224748314,-0.2030536406847026,0.5437478598168454,-0.09434468921296807,-0.3909827783328104,-0.13571057116566926,-0.23301540043091898,,,
CSM7KOK1,C3015,UC,1,,,,,,,,,,0.5048799208925235,0.8795516450766053,0.9121851529391588,1.2396021200359504,1.2762724612814662,-0.21185863413743652,-0.04584638512777485,0.017886632674438945,-0.13833516500220164,0.7773631707968909,-0.3206853541700213,-0.23538081578856618,-0.08715274957417316,-0.41997227021795,,,,,,,,,,,,,,,,,,,,,,,,,,,
CSM7KOK3,C3016,CD,1,,,,,,,,,,1.222459265260514,0.3642767714160135,3.8935334088507014,0.013552003811081136,-0.3393478802807107,0.473259607267759,0.13133322202493056,-0.11106395339808205,-0.11407085113498545,0.614495230491185,-0.3363939264701503,-0.23736522797643614,0.5536213717959467,-0.3570733222673525,-1.5625925658029318,-1.4624981945690247,,0.21921148933567908,-0.646836343922237,0.07560302623362697,-0.5841316731299203,0.39693713885490933,,0.004307276356582939,-0.47710089085890706,0.06293716072304763,,,,,,,,,,,,,,,
CSM7KOK5,C3016,CD,1,,,,,,,,,,-0.16645307404349421,0.13946046558640954,0.7704679461760118,-0.350917852592838,-0.8093411249285706,-0.06766871851192026,0.25687687959157773,-0.09650235291597357,-0.11407085113498545,1.293806409533188,-0.3363939264701503,-0.27694535418616084,-0.11823497896082605,-0.47867757586703513,,,,,,,,,,,,,2.261115810253968,0.7631155389492716,1.0741602643376404,0.946750874698324,-0.039686022018301736,-0.4575671068440312,0.4940103773521468,0.8632806621783119,-0.09938799855279619,-1.189079536625602,-0.1342339472220414,-0.16557668272483897,,,
CSM7KOK7,C3016,CD,1,,,,,,,,,,2.111843719393814,0.6301845451058898,2.5147735331497847,0.1997973491238755,-0.02872115953131334,-0.0599578728692289,0.1741394609926055,-0.18342726633432443,-0.11407085113498545,0.3388643511469631,-0.3363939264701503,-0.26225925749775697,0.13033099257717454,-0.34584526765093576,,,,,,,,,,,,,,,,,,,,,,,,,,,
CSM7KOKB,C3016,CD,1,,,,,-0.9922239542044545,0.6883250283617767,2.6860275319935556,1.5124495922162984,1.9779292549403935,0.8785156122520236,0.9482238830105704,-0.14693537360239997,0.6226021491050061,-0.02129607794894961,-0.22952377672095656,-0.016952337369633263,0.24299524725673657,-0.11407085113498545,1.092480536586133,-0.3363939264701503,-0.27450812386530005,-0.31478823998547417,-0.31905975686706695,,,,,,,,,,,,,0.3101830643554727,0.5785063548000586,-0.2327454228519667,1.0164075900696525,-0.015784237246076954,-0.09505982792523676,0.585980087756317,0.8273422836111719,-0.09938799855279619,-0.5389926874246751,-0.1342339472220414,-0.2117576988352548,,-0.10717564228878608,-0.04699039241670706
CSM7KOKD,C3016,CD,1,,,,,,,,,,1.0417563781296701,1.4326925594313977,-0.35107105162866936,1.3259522128788912,0.2644407079480428,-0.30233639407670493,-0.05743668881218766,0.8260568821424278,-0.11407085113498545,2.3586711154047135,-0.3363939264701503,-0.2726110612818909,-0.14249868101327723,-0.1842470298172225,,,,,,,,,,,,,0.34473877971979444,0.17132230989067293,-0.2327454228519667,0.3482468204868446,-0.23632116018451255,-0.29710830053472953,-0.45871618439161543,0.38528297732800215,-0.09938799855279619,0.23723017891168,-0.1342339472220414,-0.19013239053545108,,-0.10717564228878608,-0.13021401669924149
CSM7KOKF,C3017,CD,1,,,,,,,,,,-0.4616625375030479,-0.37228158820704194,0.19511801345763813,-0.5401955553815513,-0.37591542862462846,-0.15193866971653908,-0.14694930283691557,0.011964493183754952,-0.11407085113498545,0.11237732426171887,-0.3363939264701503,-0.2745330872968782,0.06542702137399217,-0.4776037267849855,,,,,,,,,,,,,,,,,,,,,,,,,,,
CSM7KOKH,C3017,CD,1,,,,,,,,,,,,,,,,,,,,,,,,0.26765493671891116,-0.03492570800200681,,-0.20356176875780368,-0.26403374287213616,0.3086693297387289,-0.42181546044527013,-0.23581076897759604,,0.004307276356582939,-0.49138456857365376,0.06293716072304763,,,,,,,,,,,,,,,
CSM7KOKH_P,C3017,CD,1,,,,,,,,,,-0.6707753027302114,-0.734717648534499,0.1969692346506839,-0.685654283844596,-0.3542273448919867,-0.30826693179199943,0.02092382486768589,0.20273450191919964,-0.11407085113498545,-0.01740187223672611,-0.3363939264701503,-0.2747716546767476,0.15906180149826746,-0.46913506083317386,,,,,,,,,,,,,,,,,,,,,,,,,,,
CSM7KOKJ,C3017,CD,1,,,,,,,,,,-0.6011192709408832,-2.461395510807531,0.506622898133855,-1.7983957025062391,-0.31548782205880904,0.21275846196214793,-2.6231849898837853,-0.007202494994660745,-0.11407085113498545,-3.9668966820309826,-0.3363939264701503,-0.2666048999222456,0.2534649812614428,-0.3577284046220633,,,,,,,,,,,,,3.81854676401909,0.4460372980891027,-0.2327454228519667,-0.3153170744387505,-0.3029394521193933,-1.0994510333473044,1.6815618689020564,0.1102074606099366,-0.09938799855279619,3.3695457519322978,-0.1342339472220414,-2.0713376801754917,,-0.10717564228878608,0.9160171892080272
CSM7KOKL_P,C3017,CD,1,,,,,,,,,,-0.8924864116888432,-1.3169981399908721,0.19599072747057325,-1.070766614803369,-0.2817898420433258,-0.31636007438003866,1.654158601465185,0.023722016136178,-0.11407085113498545,-0.07123362771557389,-0.3363939264701503,-0.24711793175168972,0.9079344807538824,-0.34024083583433545,,,,,,,,,,,,,,,,,,,,,,,,,,,
CSM7KOKN,C3017,CD,1,,,,,-0.24947486048612608,0.39281474082608947,-0.03712908261513669,0.07953271197168826,-0.5480517500928933,-0.7172202160722293,-0.6795928365685586,0.09006435613346332,-0.8646461125892685,-0.30180066456684274,-0.10764813826582943,0.20784943125527378,-0.2432249206016585,-0.11407085113498545,-0.5948457640300072,-0.3363939264701503,-0.1868632297438001,0.23759438099337998,-0.41560542252402255,,,,,,,,,,,,,0.37960922853298196,-0.4871480823413072,-0.2327454228519667,-0.3040672719908542,-0.31042350698634635,-0.2495064234753303,-1.55820869037878,0.9001033340440382,-0.09938799855279619,1.1765756787616626,-0.1342339472220414,-0.29823699268813436,,-0.10717564228878608,0.2613960410948948
CSM7KOKP_P,C3017,CD,1,,,,,,,,,,-1.0084244183283155,-1.346252617419945,-0.14515686792923282,-0.9181290276689169,-0.32064279391135125,-0.1968964243562781,-1.8594763708954654,-0.5619250090751977,-0.11407085113498545,-0.8575172950478728,-0.3363939264701503,-0.25887080467030116,0.39739529674198615,-0.4499568941105945,,,,,,,,,,,,,,,,,,,,,,,,,,,
CSM7KOKR,C3028,CD,1,,,,,,,,,,0.11781614177572802,-0.03828335208132966,0.17529715514052716,0.08723522674152998,-0.012096235455318667,0.22331114417655273,-0.126282856385213,-0.0972865309799903,-0.10843274156073193,-0.40502944829006465,0.5633011753997074,-0.49120185935030297,-0.7364129991786437,-0.15632838005329486,,,,,,,,,,,,,-0.24615806170059912,-0.16167989470369237,-0.1841434975068624,-0.18435950439137047,-0.2818246248768672,0.06223283982188009,-0.19316269729392704,-0.38320632466570526,,-0.2351272009956154,-0.07939061616942635,-0.2813350374326855,,,
CSM7KOKT,C3028,CD,1,,,,,,,,,,0.3486006742676658,0.3629574754547981,0.361046335326687,0.4830663988340093,0.3839585788693666,0.20928824725476333,0.12646437305780348,0.29773765812217245,-0.10843274156073193,-0.0031940349000214806,1.7036277297468856,-0.517332969322293,-0.17388564449439325,-0.15323047764393133,,,,,,,,,,,,,,,,,,,,,,,,,,,
CSM7KOKZ,C3028,CD,1,,,,,0.16351492566333461,1.1006686046926433,-1.354878114243633,-1.054917232395053,0.3808994176721025,0.21415542177385197,0.08888386985659756,-0.31936641866972143,0.13872679532234714,0.029668117296266953,-0.287478102633224,0.18003211655697146,0.12339046706822575,-0.10843274156073193,-0.004225796177976805,-0.30198828735725436,-0.21582442070718247,-0.2938119407588016,0.1416464083352151,,,,,,,,,,,,,-0.10912450514153421,-0.8833383106410584,-0.16024101909740232,-0.3912561789837183,-0.13413910940561946,0.2843644493840458,-0.14495061441713622,-0.4885472871874062,,-0.3196868664955773,-0.07939061616942635,0.15361500123034497,,,
CSM7KOL2,C3028,CD,1,,,,,,,,,,0.3170400072898333,0.1927333613124108,-0.22927542228211592,0.22661651993827753,0.05476896411027971,1.825721656695053,0.10251506107358249,0.38407344678694744,-0.10843274156073193,0.18059264845106837,-0.4826066362986522,0.6070954984367221,0.01105631940198341,0.14019320153089818,,,,,,,,,,,,,,,,,,,,,,,,,,,
CSM7KOL4,C3010,CD,1,,,,,,,,,,0.27772316565197885,-0.07488893343397891,-0.04656755179309449,0.30547321551155615,-0.5714348177326813,-0.25201198768772964,-0.2690494594272241,-0.208050664860942,-0.1462064739465535,-0.3410870126773641,-0.3461462799823559,-0.3461698441780958,-0.15935455899749976,-0.436749935035648,-0.31194438010528075,0.066097998161462,-0.08813052984784635,0.6599195080814574,-0.09984812251060363,0.15455173581269654,0.3250320525081584,-0.3599320260332242,-0.08813052984784635,0.368652404385672,-0.1325010338352694,0.07869356735747605,-0.07453421749922486,0.0935645781353435,-0.18469106377590472,-0.2655247918973088,-0.23639815263667915,-0.39617672639235296,-0.2998029567850238,0.1042930945483603,-0.10429053397097302,-0.41173460691255986,-0.18010567816992895,-0.33431691792771256,,-0.11241482424008134,-0.23839364536910534
CSM7KOLA,C3010,CD,1,,,,,0.7374646502090451,0.5335282063419776,0.000498379315042005,0.2692435985324849,-0.8040397337806742,0.21214280967063853,-0.681943600733139,-0.08166410635627293,-0.33024683463233,-0.6217861858276572,-0.09313402608940502,-0.3412773494912687,-0.32890687728317114,-0.1462064739465535,-0.26889554456824494,-0.3425461111364721,-0.1966132294287622,-0.49743272127139215,0.14665272215697012,,,,,,,,,,,,,-1.7224047107078804,-0.1696601488856854,1.6701959163091529,-0.02191670875687366,-0.32453840634061354,0.5617321143975441,0.17679656988825296,0.2993959296591137,-0.10429053397097302,1.2537323193263366,-0.18010567816992895,-0.33431691792771256,,-0.11241482424008134,-0.1980207898425202
CSM7KOLE,C3010,CD,1,,,,,-0.8635146027682561,-0.7600935604279887,-0.1594931058887913,1.3833269574604645,0.007468403149390373,0.6875355064152366,0.2448493056555183,-0.16354017270916574,0.8981993971048211,-0.015758388369665293,-0.3131909927673582,0.08837252347440887,-0.21656737187428737,-0.1462064739465535,-0.10810086958773145,-0.3461462799823559,-0.3429372928221817,-0.011560185153514842,-0.3541032170894536,-0.20027519961845477,0.066097998161462,-0.08813052984784635,-0.24052636118212511,-0.09984812251060363,0.15455173581269654,-0.01461365430129247,-0.3599320260332242,-0.08813052984784635,-0.1429654204315602,-0.1201384398497693,0.07869356735747605,-1.3161588375356341,-0.6153022985719233,-0.18469106377590472,-1.3495327223502465,-1.4378471604996368,-0.315213397230497,-1.259432395967315,-1.898351224375385,-0.10429053397097302,-4.597286878248348,-0.18010567816992895,0.030274360718384425,,-0.11241482424008134,0.14832774279722932
CSM7KOLK,C3021,CD,1,,,,,-1.0685196582872936,-1.8185362684972652,-0.7741128403471845,-0.7980665477957266,-2.3152020215295304,-0.8151670530162786,-0.7458845021889559,-0.12792975289544203,-1.1851183234474223,-0.39458966550092095,-0.30826693179199943,-0.3215248264697687,-1.7808088318420627,-0.11407085113498545,-1.7827798544192304,-0.3363939264701503,-0.2747716546767476,-0.192484327210246,-0.27262429215943007,,,,,,,,,,,,,,,,,,,,,,,,,,,
CSM7KOLM,C3021,CD,1,,,,,,,,,,-0.41832078786921506,-0.0709155399804452,-0.25357170713497973,-0.31976974624400395,-0.5145877409187392,-0.30826693179199943,-0.17785883371153813,-0.9357861054012198,-0.11407085113498545,-0.8887360260634375,-0.3363939264701503,-0.2747716546767476,-0.18511140845459617,-0.45929422589543806,,,,,,,,,,,,,-0.6163240562758072,-0.6583663576108931,-1.0207794740914842,-0.479384888660674,-0.15182668825771486,-0.4575671068440312,-0.27352223024918176,-0.5712140280712675,-0.09938799855279619,-1.5206852201535654,-0.1342339472220414,-0.29823699268813436,,-0.10717564228878608,0.3401204126150791
CSM7KOLY,C3029,UC,1,,,,,-0.37197907762087135,-1.7760590380409107,-0.13590070098716844,-1.124906850521328,-0.33551250579874453,-0.1962516707315732,-0.7705751520457471,-1.263832601613701,-0.5747371066045506,-0.1879318892327651,-0.2323095364018028,0.6694200525980524,-0.36066464638915846,-0.1113122162579901,0.044146908825683145,-0.29909236633726183,-0.21474620463437846,-1.5386069108460074,0.9563899200821644,,,,,,,,,,,,,,,,,,,,,,,,,,,
CSM7KOM1,C3029,UC,1,,,,,,,,,,,,,,,,,,,,,,,,,,,,,,,,,,,,,,,,,,,,,,,,,-0.09339860866723376,0.8448796682011213
CSM7KOMB,C3030,CD,1,,,,,1.9959197081570346,0.2678575084722399,1.6563851815138733,1.508636398046209,0.440169568358403,0.8702725635110933,1.4645849595978517,0.6039115739441757,2.1956691959015755,2.74208947975211,3.115145559143392,1.2477380358211356,1.936052546061963,-0.13833516500220164,1.6290362332410007,1.528372655713961,9.99446910662138,1.1621394735157735,0.6829688580730194,,,,,,,,,,,,,-0.9163899364485855,0.8041281558996797,0.18281117524263435,1.2764971747343798,1.4417879995675529,1.105136362551267,-0.49239057359362937,0.47618660904113636,-0.09434468921296807,1.2314576880632555,-1.138000996517637,1.297924347743053,,-0.08939284250604397,0.28647317679618955
CSM7KOMD,C3030,CD,1,,,,,,,,,,,,,,,,,,,,,,,,1.1528058176852614,0.36722556015821756,-0.08602647872386804,1.526765526199318,1.3430349461329056,0.012623600559267523,1.8424389307594147,-0.0970981801533063,-0.08602647872386804,-0.2030421979955916,3.5349994694306037,0.15804200816145356,,,,,,,,,,,,,,,
CSM7KOMH,C3030,CD,1,,,,,,,,,,1.6872961451454453,2.911634179564066,-0.3603010399004877,3.3164596946450278,5.47661939382881,17.35931399326263,0.39077134644253736,1.314620893131856,-0.13833516500220164,1.8548088507430511,0.17658221363869253,71.51604309266632,4.480732589296822,0.4606382244954891,,,,,,,,,,,,,,,,,,,,,,,,,,,
CSM7KOMP,C3011,UC,1,,,,,,,,,,-1.2013300853390727,-0.5156146432587019,-0.027608075986548974,-1.0214217047146945,0.22520292923264273,0.1858424895433594,-1.945486383688577,-2.1100135372291753,-0.1462064739465535,-0.9775011684662092,-0.20508662848190481,-0.06865821314229209,-3.264311298722128,0.26159732488934173,,,,,,,,,,,,,-0.3444339970919783,-0.08030902519860461,-0.18469106377590472,-0.31889080756317134,0.1023284464030192,-0.4311236188570881,,,,,,,,-0.11241482424008134,-0.6069659517079675
CSM7KOMR_P,C3011,UC,1,,,,,,,,,,-3.357674968059627,-1.4447089324736377,0.3096117955299695,-1.924968215515479,0.22340738874326396,0.7436965059442936,-4.280258223333936,-3.890680754371091,-0.1462064739465535,-1.1532963342406073,0.1338648637800336,0.27348533279908294,-4.647747230175614,0.31933023205168154,,,,,,,,,,,,,,,,,,,,,,,,,,,
CSM7KOMT,C3011,UC,1,,,,,-0.6711910704097961,-0.25102863009086474,-0.12573790381243388,-1.7641080085389522,3.4602083243285335,-0.5595221992606781,-0.24559349483048015,-0.1564352580348592,-0.5774712565056899,0.11119790816440572,0.17647707747197675,-1.3725683928816896,-1.2425374640892255,-0.1462064739465535,-0.7291943931602849,-0.2930145171181465,0.37537177265028365,-2.741450430393905,0.11214233991651482,-0.15190827900670276,-3.52683515805371,-0.08813052984784635,-0.488657575324345,-0.20459357656872273,0.15455173581269654,-0.5940047277061304,-0.3599320260332242,-0.08813052984784635,-0.03510391416842733,-0.30348114013940736,0.07869356735747605,-0.5705256029446139,0.2956665128383678,-0.18469106377590472,0.8122771030301903,-0.2640901956120766,0.9138976526854026,-1.396742129760091,-0.3759130304674008,-0.10429053397097302,-0.335466636555927,-0.18010567816992895,-0.33431691792771256,,-0.11241482424008134,1.3086982023317288
CSM7KOMV_P,C3011,UC,1,,,,,,,,,,-1.213275143875581,-0.5694154600752114,-0.006318928060812839,-1.2200554069671796,0.28718259889534825,-0.06931895063036866,-1.7104165195314602,-1.7142505933580028,-0.1462064739465535,-0.7788099426171857,-0.2139319232942494,-0.1915687303711512,-3.4012919884011237,-0.22781885786713052,,,,,,,,,,,,,,,,,,,,,,,,,,,
CSM7KOMX,C3012,CD,1,,,,,,,,,,0.43770846930949364,0.5350469598969475,-0.09172068106422525,0.27011976136216187,1.0965166414105614,-0.3375262401552748,-0.21143400383332298,-0.23458265898653693,-0.1462064739465535,-0.3289294636291979,-0.3461462799823559,-0.3671197969799276,0.04374819647148418,-0.40362270411181084,-1.0773741859969022,0.08761395366722986,-0.08813052984784635,0.22793601475193417,-0.45030749034506173,0.15455173581269654,-0.2512446692771128,-0.3599320260332242,-0.08813052984784635,0.368652404385672,-0.2283923896600359,0.07869356735747605,,,,,,,,,,,,,,,
CSM7KOMZ,C3012,CD,1,,,,,,,,,,1.5262919389694047,0.670385414429117,-0.05028550161172411,0.9365117837333222,1.2843514830619145,-0.2378230362273831,-0.5907378072154348,0.16826025601833672,-0.1462064739465535,0.31145901429053974,-0.3461462799823559,-0.36916854184763787,-0.09871207867899862,-0.42003282684126536,,,,,,,,,,,,,,,,,,,,,,,,,,,
CSM7KON2,C3012,CD,1,,,,,0.8609824801507361,-1.2789408177305892,-0.2725977015041085,0.26603083607656897,-1.5173069745579806,0.47504723610451494,0.6937183053384878,-0.056903467475481716,0.7693672602796031,0.743681980525181,-0.3334620332493318,-0.44312270909159895,-0.13389402474028164,-0.1462064739465535,-0.21991156744678372,-0.3461462799823559,-0.35432032474260416,-0.18768881056498044,-0.5197969931161606,,,,,,,,,,,,,-0.3327641953256566,0.1556453758508297,-0.7713477981719594,0.23910241258689907,0.9426327667670799,-0.5388255985700141,-0.3367323766059817,-1.180605368231207,-0.10429053397097302,-0.3252862779504605,-0.18010567816992895,-0.14969468099346064,,-0.11241482424008134,0.33813263139506455
CSM7KON8,C3012,CD,1,,,,,0.6755039440482318,-1.2967862665324397,0.18459065227246432,-0.20138222526097865,-1.456910032304989,0.5628812391047425,0.4317369314021794,-0.09583046466003711,0.4538323059708885,0.1875404314712536,-0.3334620332493318,-0.6117726006764909,0.0018916752868325972,-0.1462064739465535,-0.10041086842459986,-0.3461462799823559,-0.35432032474260416,-0.09182239061339686,-0.44563148113924894,-0.8273901486411438,0.066097998161462,-0.08813052984784635,0.5655869381080235,-0.3836571129988123,0.15455173581269654,-0.9253752410157831,-0.3599320260332242,-0.08813052984784635,-0.1429654204315602,-0.045049689370397834,0.07869356735747605,-0.08087744191903502,-0.08030902519860461,-0.18469106377590472,-0.31889080756317134,-0.09487001247015929,-0.5388255985700141,,,,,,,,-0.11241482424008134,0.3975900712728466
CSM7KONA,C3023,CD,1,,,,,-1.2537784098259752,0.886462612724255,0.2806396349288066,-0.8869997604825788,1.0174176407764846,-0.02925681097681429,0.5679126662664156,-0.0010063143386680208,-0.09835366242452347,-0.7368633527421982,0.3741035043083503,-0.12237384498067447,0.4695810869166296,-0.1462064739465535,0.1184201276115616,0.007184879079248048,-0.24122527970446497,0.36904240793004633,0.9266380983180877,,,,,,,,,,,,,,,,,,,,,,,,,,,
CSM7KONC,C3023,CD,1,,,,,-1.3146499940338088,0.7551604235515255,0.42604667823275155,1.6735738199108638,-0.17668512873159659,,,,,,,,,,,,,,,0.5860078372892666,0.0535119710234029,-0.08813052984784635,0.023031408898179718,-0.3853844097266975,0.15455173581269654,0.36630281791331626,-0.3599320260332242,-0.08813052984784635,-0.1429654204315602,-1.0812997035996261,0.07869356735747605,,,,,,,,,,,,,,-0.11241482424008134,0.08299267993826465
CSM7KONK,C3023,CD,1,,,,,-1.4455065776582694,0.8294127668052415,-0.1579140929420393,-0.10481392559008239,-0.23277720474600713,-0.17189413008822538,-0.3631942313396131,-0.12875129191635756,-0.7218362566538618,0.4862046460346065,-0.19170190646477137,-0.07475696929581276,0.6049679483367021,-0.1462064739465535,-0.7441864500595659,-0.26407619907174773,-0.2991769668707625,0.33417945803619825,0.9304824444238633,1.4934991075039277,0.08761395366722986,-0.08813052984784635,-0.24052636118212511,0.07921541391948597,0.15455173581269654,0.3586897053734844,-0.3599320260332242,-0.08813052984784635,-0.03510391416842733,-0.41072974458980355,0.07869356735747605,0.21219299235083122,-0.24770266123938675,-0.18469106377590472,0.5593784079021719,-0.2486928063617123,-0.21508298970019202,-0.06776201747009433,-0.42451485276578677,-0.10429053397097302,-0.5712304360207043,-0.18010567816992895,-1.2133473575228189,,-0.11241482424008134,-0.04450666093239864
CSM7KONS,C3013,UC,1,,,,,0.6913260263644063,0.07386672856296038,-0.48733356532163746,-0.4102546595599045,-0.4227078381915015,,,,,,,,,,,,,,,-0.01239386747010684,3.288208052125251,-0.07284643967679481,-0.274615651427781,-0.28809778265616065,0.09560573483367543,-0.7610635736776091,-0.56316628984248,-0.07284643967679481,-0.18950180663358096,-0.2946227360106183,0.030391478799598647,,,,,,,,,,,,,,,
CSM7KONS_P,C3013,UC,1,,,,,,,,,,0.04201440597710666,-0.3687901406628565,0.00011318347238167692,-0.7937454192951842,0.30000157848719794,-0.18779305173726435,1.0062900378699986,-0.0024219542698884584,-0.10843274156073193,0.28866587452143755,-0.21326325113431455,-0.2488529983926088,0.11433091113519583,-0.19115424052563773,,,,,,,,,,,,,,,,,,,,,,,,,,,
CSM7KONU,C3013,UC,1,,,,,,,,,,0.7514219652933992,0.4595458149763572,-0.694460744478735,0.007066995528221898,0.7115104479533179,0.31377087506043594,1.3320439850753092,0.6512377651302769,-0.10843274156073193,0.11430498520121585,-0.21326325113431455,-0.21481765944196018,0.02000580616659066,-0.2682419457188189,,,,,,,,,,,,,-0.08172798900662119,-0.419516958645549,-0.1841434975068624,0.7213142831475238,0.21178120625028285,-0.34200573430031295,0.05920052928053683,-0.395849478259382,,-0.3848402807455687,-0.07939061616942635,-0.2813350374326855,,-0.062149905905642094,0.12854964797104756
CSM7KONW_P,C3013,UC,1,,,,,,,,,,0.2435921343909569,0.15382143564915127,0.1454781451102977,-0.3371045087597027,0.784200161838035,-0.024708722108679894,0.7233805665936203,0.03048551245826469,-0.10843274156073193,-0.26998774859819136,-0.08265137733519941,-0.11018929142846914,-0.04211269965384794,-0.13272533002523088,,,,,,,,,,,,,,,,,,,,,,,,,,,
CSM7KOO5,C3031,CD,1,,,,,,,,,,0.114416163195935,0.3105252750146326,-0.170651529397136,-0.5177294742975772,0.6870269547357055,-0.38366394864539105,-0.4505058595807089,-0.33481792810461075,-0.1462064739465535,-0.1886017228764433,-0.3461462799823559,-0.34030757291064817,-0.08757849650275225,-0.4275664490460409,,,,,,,,,,,,,0.01756626167964636,-0.08669343128083604,-0.18469106377590472,-0.16524509215026495,0.3335020784213381,-0.7288705555717442,0.8800798118989174,0.34951503633917225,-0.10429053397097302,-0.6172495906548975,-0.18010567816992895,-0.16633967185717427,,,
CSM7KOO9,C3031,CD,1,,,,,-0.3205718153957328,-1.4541414682546259,-0.1225330495131199,0.7655765944934083,-1.0165213008582001,0.7442765033160333,1.2189201721983445,-0.16849633691338234,0.6778876589662162,1.4140450552103656,-0.28148982161966707,-0.27027894054519636,0.6119245178337712,-0.1462064739465535,-0.45771486665579314,-0.3461462799823559,-0.3574358367973145,-0.0033508596718965483,-0.45535719952116616,,,,,,,,,,,,,0.11932997196902438,-0.07321334404750283,-0.18469106377590472,-0.25254262667480465,-0.03887391598178638,-0.5388255985700141,-0.24220339286914622,0.5892180486603666,-0.10429053397097302,-0.6465976825221935,-0.18010567816992895,-0.33431691792771256,,,
CSM7KOOD,C3031,CD,1,,,,,,,,,,-0.06017590823271085,0.32925261729953037,-0.12582680655444617,0.14555201537565166,0.21271190003061163,-0.2805311477137634,-0.36800786218535414,-0.5617930081367498,-0.1462064739465535,-0.3012895316265732,-0.3461462799823559,-0.3536189530914082,0.1878734372378891,-0.42843401807261206,,,,,,,,,,,,,-0.8319561862345569,-0.17763196194468317,-0.18469106377590472,-0.39121086706264446,-0.6810973412291444,-0.5281844377183044,-0.1574495998691538,0.04709248347513842,-0.10429053397097302,-1.1039488279134237,-0.18010567816992895,-0.33431691792771256,,-0.11241482424008134,-0.31139552559547695
CSM7KOOF,C3031,CD,1,,,,,-0.4350286435629896,-0.9018898407186492,0.24833762040930932,4.798149323347022,-0.2911785020025063,0.3280159942487844,0.18994328441980957,-0.1678558016467423,-0.10804433830750103,0.13789053083150493,-0.28309909687673546,-0.3077577845032239,-0.43258095229275034,-0.1462064739465535,-0.2705995961907277,-0.2091356720427111,-0.34626429035219636,-0.3391898602416664,-0.27712600005820126,,,,,,,,,,,,,-0.14396181685213313,-0.25967195893904654,-0.18469106377590472,-0.34636770013289503,0.348514554085257,-0.5342477808823289,-0.24997202483128356,0.5619304779152707,-0.10429053397097302,-0.6221209140416731,-0.18010567816992895,-0.33431691792771256,,-0.11241482424008134,-0.3274136571846855
CSM7KOOH,C3022,nonIBD,0,,,,,-0.6714107915679761,-1.4387317003919595,-1.0325685806064995,-1.213825167818858,-0.7467757813134264,-0.49276073972182055,-0.7301293086389454,0.2504288830165764,-1.037202462252102,-0.6342889264008318,-0.2471783210886286,-0.3984562463700301,-0.4882615508265194,-0.1113122162579901,-0.3749751202936099,-0.29909236633726183,-0.21659079402707515,-0.4555919415917333,-0.05392697558069478,-0.467667580026512,-0.07794501494001509,-0.08650797396966804,-0.22866761854005455,0.04306694637229495,0.07500016726067676,-0.45166861240330136,-0.2545646040918579,-0.08650797396966804,-0.0805095977980142,0.5524579054449519,0.013368190302435377,-0.9343075919227712,-1.4217070363658675,1.013893062592103,-1.3374708042260806,-2.153699770371329,-0.19605517360819213,0.003569415815265075,-0.5884008074361057,-0.10370044001367282,1.9249259204297193,-0.13812187083932795,-0.29710455056206575,,-0.09339860866723376,0.19902103684559086
CSM7KOOJ,C3022,nonIBD,0,,,,,,,,,,-0.1070656771482945,-0.5121989853909424,0.7367718968353988,-0.5668094519203001,-0.4118605878646415,-0.240515423837661,-0.1545805754783003,-0.06677382286760511,-0.1113122162579901,-0.30198812210177844,-0.29909236633726183,-0.24864407266051153,-0.4828826834776456,0.03185712980694041,,,,,,,,,,,,,,,,,,,,,,,,,,,
CSM7KOOL,C3022,nonIBD,0,,,,,,,,,,-0.3149363972482899,-0.4583956679512274,-0.501038657582413,-0.553887790289193,-0.08309245100754559,-0.238230911298923,-0.22428082032320232,-0.41522771507518924,-0.1113122162579901,-0.19428197593543872,-0.29909236633726183,-0.21552070386130867,-0.7634505263010708,-0.2002390329059317,,,,,,,,,,,,,,,,,,,,,,,,,,,
CSM7KOON,C3022,nonIBD,0,,,,,,,,,,-0.1886217162036057,-0.46676710385930004,0.06680354690621512,-0.3889576348465836,-0.23457251242480334,-0.238230911298923,-0.19331553010339098,0.5632067780458679,-0.1113122162579901,0.09350418475244107,-2.107143895627287,-0.21552070386130867,-0.29026963575823006,-0.02541998163205443,,,,,,,,,,,,,,,,,,,,,,,,,,,
CSM7KOOP,C3022,nonIBD,0,,,,,,,,,,-0.629697420586885,-0.48043744734117994,1.0063200871638773,-0.48882323271548733,-0.34341163588369994,-0.23926093261614695,-0.6922910027385739,0.1567065226080277,-0.1113122162579901,-0.46589217525977084,-0.29909236633726183,-0.21552070386130867,-0.7284725632958851,0.12192225348753324,,,,,,,,,,,,,,,,,,,,,,,,,,,
CSM7KOOR,C3022,nonIBD,0,,,,,-0.6434685674970466,-0.2955069595508721,-0.833562221913595,-0.9372825648508034,-1.0172569210722382,-0.27385870594335937,-0.2334643334126294,-0.4091654870259087,-0.25924123026362256,-0.4062254381924307,-0.238230911298923,,,,,,,0.4438668415048679,-0.5640711274913983,1.505937083584368,-0.07794501494001509,-0.08650797396966804,-0.11569370887677448,0.14894127868544707,0.07500016726067676,1.735230145889017,-0.2545646040918579,-0.08650797396966804,-0.08708671244899614,-0.14296984138690302,0.013368190302435377,-0.12783669402473924,0.40661136629721395,-0.005104144950767538,0.10460704789700044,-0.9008214554782343,-0.3693140703724638,0.5437257089598372,-0.4603884495729485,-0.10370044001367282,-2.143512661657843,-0.13812187083932795,-0.29710455056206575,,-0.09339860866723376,0.11846621344979867
CSM7KOOT,C3027,CD,1,,,,,,,,,,-0.11071357657068201,-0.3503170719223706,-0.38339835973777253,-0.9983539000872685,-0.14041853117544073,-0.1918453227623935,-0.1679095999264803,0.1321122090597698,-0.1113122162579901,0.12703159866751768,-0.24321050578599576,-0.19802593935593396,0.41789643096859813,-0.1786822758682959,,,,,,,,,,,,,,,,,,,,,,,,,,,
CSM7KOOV,C3027,CD,1,,,,,-0.9046770355191802,-0.018717870147882038,-0.4970950945108156,-0.0858377979592122,0.28749805738660494,-0.22287493615244586,-0.7219300985012486,0.8456557396384133,-1.1008183675519656,-0.4612600952414208,-0.15206191331912758,-0.1528048203762493,-0.03285676591605701,-0.1113122162579901,-0.5537926095020106,-0.29909236633726183,-0.16469337536818893,0.3170289403247884,-0.32141993847971306,1.1449971249898794,-0.059488131319907475,-0.08650797396966804,0.9746325657006499,-0.4117098926288363,0.07500016726067676,1.1190514171274986,0.055472931946663834,-0.08650797396966804,0.6732350468149986,-0.4091196095417557,0.013368190302435377,0.12094521565647431,-0.09969447071530439,-0.28826309641283665,-0.40548222499126335,-0.4154273367538225,-0.3419518494285017,-0.14306920534269352,-0.39194913828666406,-0.10370044001367282,-0.398052379870425,-0.13812187083932795,-0.29710455056206575,,-0.09339860866723376,0.6833231698247164
CSM7KOOX,C3027,CD,1,,,,,,,,,,0.13273280275063754,1.2063251812256084,3.45501633839674,1.3509647393867412,-0.13246649032048033,0.2923240605233442,-0.47607088407492637,-0.12912440094130073,-0.1113122162579901,1.1386672886605365,-0.16161601063110412,-0.0664879188940674,0.1747076057141375,-0.05180191794715315,,,,,,,,,,,,,,,,,,,,,,,,,,,
CSM7KOOZ,C3027,CD,1,,,,,,,,,,-0.0856704946294882,-0.16696083634452408,-0.4022763046989038,-0.8171569973766935,-0.05078230929002451,-0.238230911298923,-0.1471697279069236,0.242472395413042,-0.1113122162579901,-0.15043800819883166,-0.29909236633726183,-0.21552070386130867,0.17701834626981158,0.12868937474817643,,,,,,,,,,,,,,,,,,,,,,,,,,,
CSM7KOP2,C3027,CD,1,,,,,,,,,,-0.29682204415491825,-0.561931738906706,-0.4091654870259087,-1.239644279803575,-0.1456904907517152,-0.20379585985265766,-0.27590351211798964,0.19110130888963398,-0.1113122162579901,-0.5166985023903423,-0.29909236633726183,-0.25032241655546433,0.3476624711813091,-0.08007813606743205,,,,,,,,,,,,,,,,,,,,,,,,,,,
CSM7KOP6,C3032,UC,1,,,,,,,,,,0.06486361729928262,0.04958844486961906,0.10609961757279676,0.06174936357894483,-0.24960345344695484,-0.3901833017126131,-0.8265415594337489,-0.08156196530456279,-0.1113122162579901,-0.381011199586371,-0.07078494588034343,-0.18926657880281672,0.06759967125151511,0.6829754936600859,,,,,,,,,,,,,,,,,,,,,,,,,,,
CSM7KOP8,C3032,UC,1,,,,,-0.09727812470045542,-0.432692856706898,-0.8286232380834537,-3.746791878847395,-2.2470286144271077,-0.38097451478738376,-0.342390230169004,-0.37992011637653084,-0.026252270116060517,-0.07192203906405963,-0.2327041648639659,0.0336284265196768,-0.11885800494071996,-0.1113122162579901,-0.5490128876082203,0.16441179465357114,-0.21552070386130867,-0.07434925059479547,0.2284764617377082,-1.3272009219827894,-0.07794501494001509,-0.08650797396966804,0.4956494139637669,-0.45479460415618084,0.07500016726067676,-0.6488781851025425,-0.2545646040918579,-0.08650797396966804,1.534960470938227,-0.6143859545719476,0.013368190302435377,,,,,,,,,,,,,,,
CSM7KOPC,C3032,UC,1,,,,,-0.8176436780994542,-1.0657214819584693,-0.9680487132766945,-3.6489350186707585,-1.7538323535702516,,,,,,,,,,,,,,,-0.7052050978127177,-0.07794501494001509,-0.08650797396966804,-0.5996623364801087,-0.20261384632470802,0.07500016726067676,-0.9762160447374073,-0.2545646040918579,-0.08650797396966804,-0.08708671244899614,-0.6143859545719476,0.013368190302435377,,,,,,,,,,,,,,-0.09339860866723376,-1.3462446263982986
CSM7KOPE,C3032,UC,1,,,,,-0.5060136331206472,-1.65291635981385,-1.2320243528342358,-3.3325842642851256,-0.6076290896279912,-0.6954981615629517,-0.33646554450990557,-0.3144121249661277,-0.5079486443523047,-0.01267299696187296,-0.22493161313103396,-0.2566135044661986,-0.1636238578685221,-0.1113122162579901,-0.4267651202812677,-0.29909236633726183,-0.2065408883607598,-0.48494823179769053,-0.01968944629271553,,,,,,,,,,,,,,,,,,,,,,,,,,,
CSM7KOPG,C3015,UC,1,,,,,,,,,,0.4273329773523737,0.9617382947668432,0.4708436765880341,1.4091093922741569,0.9901413408722822,-0.3096718639884593,0.09433691609578106,0.18135847283867765,-0.13833516500220164,0.8487544184435909,-0.2602666916019819,-0.24839896865022307,-0.1460795213815161,-0.40974121000471336,,,,,,,,,,,,,,,,,,,,,,,,,,,
CSM7KOPI,C3015,UC,1,,,,,-0.3411907713037566,-0.8364851345791172,-1.1378736992218696,-0.3752115757672397,-1.6571660854202572,0.37254653985164154,0.6441292873055209,0.13694651645256928,0.9947116130159505,0.9817096883186655,-0.19140985635823213,0.02932681744841221,0.21699089033421795,-0.13833516500220164,0.07157959877624968,-0.3206853541700213,-0.2504280096720381,-0.10067418877369776,-0.4201909208893347,-0.5077949090046572,-1.648353743140064,-0.08602647872386804,-1.0857331699390729,-0.3295768644835832,0.012623600559267523,-0.39717279225210633,2.214560570956828,-0.08602647872386804,0.5825166730802442,-0.7059774862279111,0.15804200816145356,0.09357251653461271,0.9197309661041697,-0.24634640826316948,0.9524253301949424,0.2733797180259014,-0.36397354699834733,0.4124330850948301,1.6972257820661534,-0.09434468921296807,0.18543221247242572,-0.13571057116566926,-0.23301540043091898,,-0.08939284250604397,-0.34590587529633493
CSM7KOPK,C3015,UC,1,,,,,,,,,,0.5530125319800163,1.2532590177766185,0.07092496905541949,1.1296348472619704,1.250674814333708,-0.29646959296244335,0.023040408219254523,0.09531331756931812,-0.13833516500220164,0.9045114331272947,-0.3206853541700213,-0.24865909437580336,-0.07812778608023961,-0.42064969012370684,,,,,,,,,,,,,-0.057231050565632234,0.41940597459561635,-0.24634640826316948,0.33787256856005754,0.27777854657324896,-0.44230365224748314,-0.013960275093012554,1.0148571019382617,-0.09434468921296807,-0.20793181485605963,-0.13571057116566926,-0.23301540043091898,,,
CSM7KOPM,C3015,UC,1,,,,,,,,,,0.38122891283328825,0.9586499830784402,0.3928578502548747,1.224510269106428,0.7699525758133557,-0.29646959296244335,-0.008584094302621598,-0.28886808728741287,-0.13833516500220164,0.1475744888052212,-0.3206853541700213,-0.24865909437580336,-0.11199491969504205,-0.42045957931268874,,,,,,,,,,,,,-0.08486045628706636,0.530031236319752,-0.24634640826316948,0.26815841377933997,0.04917692669839478,-0.44230365224748314,0.18198665168638656,0.9255271529000175,-0.09434468921296807,-0.2087205963920593,-0.13571057116566926,-0.23301540043091898,,,
CSM7KOPO,C3015,UC,1,,,,,,,,,,0.4727938815385756,0.8299147740330273,0.9213621728424596,0.8193460939006415,1.510136102851937,-0.15930882810222205,0.07989310123418043,0.19246613768893758,-0.13833516500220164,0.6308581575374455,-0.29916606871942353,-0.24735218938955628,-0.0600555687484554,-0.41977430892246287,,,,,,,,,,,,,-0.10628263359696818,0.26694445322475424,-0.1272662397990672,0.5020148139558809,0.2461954633386816,-0.44230365224748314,-0.021910604003375238,0.5276704501082099,-0.09434468921296807,-0.5623475871336344,-0.13571057116566926,-0.23301540043091898,,,
CSM7KOPQ,C3015,UC,1,,,,,0.10382192120408631,-0.8377870739632184,-0.6256838153499555,0.05752932327741402,-1.1366427716135954,,,,,,,,,,,,,,,-0.4383969526413327,-2.071950608856478,-0.08602647872386804,-0.9626539200573585,-0.36576852013330247,0.012623600559267523,-0.4683756774743133,-0.5088606984526408,-0.08602647872386804,1.5692309352999003,-0.7117553388813236,0.15804200816145356,,,,,,,,,,,,,,,
CSM7KOPS,C3016,CD,1,,,,,-0.24054261432464996,0.448198067203912,1.6244690220550166,0.9677765717090017,1.3054340777993862,1.3652543956828902,1.973596742647257,2.419284269830898,1.7455591083294588,1.8215337057774716,0.6427506156685618,0.47803360619672636,1.579467637119203,-0.11407085113498545,0.7832929282400244,-0.22000454974391934,1.4830427416297158,-0.3857164095977222,0.2023785683497317,-0.6850301451357215,0.4610215696048892,,-0.20356176875780368,0.19797138553870797,0.07560302623362697,-0.10448703437581083,0.11202774217132107,,-0.1540151390553218,-0.208150375760826,0.06293716072304763,1.493662985920107,1.0099157289945389,-0.2327454228519667,2.7194532086089884,1.2471639748523473,2.8949238980693415,-0.41915478074566703,0.6572303853153348,-0.09938799855279619,1.370545932608599,0.33555954513019187,0.3109638173010042,,-0.10717564228878608,0.354251010223964
CSM7KOPU,C3016,CD,1,,,,,,,,,,1.115024253331628,1.1795027694933207,0.08087583218752017,1.02011911830961,0.18473916116364986,-0.17116608978324505,0.18418813249469307,1.0720437090269819,-0.11407085113498545,1.1198510783232718,-0.3363939264701503,-0.17618147688484814,-0.2119328374227134,-0.0471135528838477,,,,,,,,,,,,,0.6735083181251023,0.6922320147086516,0.22358159001189584,0.8296941617530303,0.6291087693338087,0.16399776010442557,-0.43518285056610784,1.2212195274073177,-0.09938799855279619,0.58809559254352,-0.1342339472220414,0.013500820554215646,,-0.10717564228878608,-0.48929337772436876
CSM7KOPW,C3016,CD,1,,,,,,,,,,1.085524857858454,1.0432238540480372,-0.049235030093992306,1.0940744368823778,0.18836809804729743,-0.20511997089968664,0.013423415162341246,0.6655924717239341,-0.11407085113498545,1.3215666285810606,-0.3363939264701503,-0.24760722105237556,0.09370059663942393,-0.11977211194044424,,,,,,,,,,,,,0.4433288546717954,0.4295228716785432,-0.2327454228519667,1.2727468253960275,0.14608638042622174,0.16764837405901525,-0.45973679314903004,0.6986302137399714,-0.09938799855279619,0.20076374316969964,-0.1342339472220414,-0.19849944567407546,,-0.10717564228878608,0.3576207901058349
CSM7KOQ1,C3016,CD,1,,,,,-0.5377820215318077,0.7817934230999887,2.2020788903273694,-0.2986807126064024,2.1900954279088944,1.358686652486217,3.3668282886042444,6.042964559372516,2.276507857219604,7.602469674678229,-0.024633249623075937,0.42155202029213884,0.17134255112195382,-0.11407085113498545,-0.28549994675122514,-0.3363939264701503,-0.246491689042176,-0.018012431927330656,-0.07097106524632735,,,,,,,,,,,,,,,,,,,,,,,,,,,
CSM7KOQ3,C3016,CD,1,,,,,0.506825279316407,0.897725988715671,1.4026730454582048,1.357812765221492,0.9229634630677036,,,,,,,,,,,,,,,1.3791680826261834,-0.03492570800200681,,0.21828463704050563,-0.38114109285679715,0.07560302623362697,1.9916685991542151,-0.23581076897759604,,0.004307276356582939,0.03357888801332733,0.06293716072304763,,,,,,,,,,,,,,-0.10717564228878608,0.16941079906117532
CSM7KOQ5_P,C3036,UC,1,,,,,,,,,,0.16593190138781563,0.1027953347617056,-0.5547093533169594,0.010438563691181313,-0.161280014099803,-0.1188507958916646,0.029607627856383968,0.3221450384081194,-0.11407085113498545,-0.15668704987262638,-0.32649779481360863,-0.2555215225306955,-0.6051716531150333,1.1813586977268555,,,,,,,,,,,,,,,,,,,,,,,,,,,
CSM7KOQ7,C3037,UC,1,,,,,0.3602688402936629,-0.673599721778406,0.11516025843483016,0.4620962645734739,0.5248287696041081,,,,,,,,,,,,,,,,,,,,,,,,,,,,,,,,,,,,,,,,-0.09339860866723376,-0.5606280041884112
CSM7KOQP_P,C3033,CD,1,,,,,,,,,,-0.14052916535039725,0.30112098635773776,0.9769960327966358,-0.01936356496909381,-0.09400393466272823,2.8930234348710995,0.5621608955997525,1.3780093431934974,-0.1113122162579901,0.1665971212022049,3.7920794809866663,3.158782530350265,0.4438668415048679,0.855231447559398,,,,,,,,,,,,,,,,,,,,,,,,,,,
CSM7KOQX,C3017,CD,1,,,,,,,,,,-0.3918662228826619,-0.23028054355121547,1.0674812386778172,-0.4751370545897281,-0.44026086649896545,-0.2625610373535132,-0.2414591614982186,-0.38174455951897496,-0.11407085113498545,-0.28892276817444223,-0.3363939264701503,-0.27003518162086354,0.22830410248825847,-0.45352528925770114,-0.7265063954154981,-1.4082525341063568,,5.930825335831281,-0.20799330356299853,0.3086693297387289,-0.5400782335702077,-0.23581076897759604,,-0.20368662955223724,-0.6230809683935346,0.06293716072304763,,,,,,,,,,,,,,,
CSM7KOQZ,C3017,CD,1,,,,,1.9864466719490657,1.9636739891159711,1.260160220363984,1.6476573293929366,0.22886894160188734,,,,,,,,,,,,,,,-1.0066720438123027,-1.2076345136350695,,0.21921148933567908,0.042228786216723706,0.3086693297387289,-0.7821765969303197,-0.18442979856489528,,-0.5333491707962416,-1.6695066995356467,0.06293716072304763,,,,,,,,,,,,,,,
CSM7KOQZ_P,C3017,CD,1,,,,,,,,,,-0.5132925457613633,-0.4946739099593278,0.19547507162891795,-0.6232286228909446,-0.25241792377794536,-0.30826693179199943,-0.22951828186493464,-0.395198217051117,-0.11407085113498545,-0.0001961954756237952,-0.3363939264701503,-0.2747716546767476,0.2280064197999538,-0.45608548944396105,,,,,,,,,,,,,,,,,,,,,,,,,,,
CSM7KOR2,C3017,CD,1,,,,,,,,,,-0.49013918065164486,-0.6682335994909581,0.8167351556040058,-0.47749289532134614,-0.4327443988747608,-0.23124179648371967,-0.8293171682978429,-0.0095874757534084,-0.11407085113498545,-0.7922527583619076,-0.3363939264701503,-0.26556924490999595,0.5893743251604515,-0.472691785686668,,,,,,,,,,,,,0.11174040900667273,-0.3641523884001947,-0.2327454228519667,-0.1065417206563031,-0.5382621088555141,-0.3796356079738459,-0.27352223024918176,-0.07593011266403421,-0.09938799855279619,0.36099050542044275,-0.1342339472220414,-0.29823699268813436,,-0.10717564228878608,-0.11450930791210114
CSM7KOR4_P,C3017,CD,1,,,,,,,,,,-0.46231628120972146,-0.39635261461624804,0.38626213410150323,-0.41343328470987284,-0.3228833370094514,-0.24642277490716338,-0.4468002973459853,-0.3134741516626189,-0.11407085113498545,-0.3467471295892739,-0.3363939264701503,-0.272079928297373,0.26397673654083753,-0.4636355355559542,,,,,,,,,,,,,,,,,,,,,,,,,,,
CSM7KOR8,C3017,CD,1,,,,,-0.6983449566688932,0.3089142501073082,-0.8352221398451959,-0.046268140536708496,-0.5376786170930308,,,,,,,,,,,,,,,-1.205747939722233,-0.03492570800200681,,-0.17398648790654553,-0.6544370620467916,0.3086693297387289,-0.5410191114633671,-0.23581076897759604,,-2.4691091189255117,-1.7556610534914996,0.06293716072304763,,,,,,,,,,,,,,,
CSM7KOR8_P,C3017,CD,1,,,,,,,,,,-0.7511333050564815,-0.5025932808242815,-0.09938492913309845,-0.8006647778240625,-0.1946966164414963,-0.30826693179199943,-0.9558469663377052,-0.22732504628157643,-0.11407085113498545,-0.5493321077471983,-0.3363939264701503,-0.2747716546767476,-0.09934109293869677,-0.4586404182940139,,,,,,,,,,,,,,,,,,,,,,,,,,,
CSM7KORC,C3028,CD,1,,,,,,,,,,-0.5873464439964015,-1.4827658311427496,-0.32343566619084646,-0.2037714515893585,-0.2366550936353949,0.061189164567332116,0.088670240040281,-0.14182500575655227,-0.10843274156073193,-0.034730437956741134,-1.9910276534811115,-0.04820938850794213,0.21736877778160782,0.8250534787901413,,,,,,,,,,,,,-0.5531937428378344,-1.184911692438044,-0.6825113606062607,-0.16736089106701213,-0.9801733405702995,-0.0025652536700029233,-0.09353521105661122,-0.6606588499259481,,0.8189941536872483,-0.07939061616942635,1.4202544788886844,,-0.062149905905642094,0.6204170637579125
CSM7KORG,C3028,CD,1,,,,,,,,,,0.1772239429699196,0.36218204696275225,-0.24987372574582337,0.5589932204057497,0.5677994941741523,9.007729569812085,0.23811608548429503,0.954466273425804,-0.10843274156073193,0.2205304883259275,1.7391478761862513,5.495270428210747,-0.11505621588800645,0.018084050774668306,,,,,,,,,,,,,-0.06849005872084402,-1.0824712550725482,-0.1841434975068624,-0.4015885532154587,0.5370025467736982,0.8435769067738994,-0.3035096923198464,-0.7432380751122041,,-0.17728852031997255,-0.07939061616942635,0.30845680140037507,,-0.062149905905642094,-0.025962358618794642
CSM7KORI,C3028,CD,1,,,,,,,,,,0.5716973253263872,0.5464660811661624,-0.2887070098127451,0.738309654462362,0.34673591587469826,0.15268881236924967,0.11025919922754364,1.4239021629631912,-0.10843274156073193,0.6715428141652359,-0.37716327799122606,0.0865815055643304,0.22005922907686587,0.07571246901569675,,,,,,,,,,,,,,,,,,,,,,,,,,,
CSM7KORK,C3028,CD,1,,,,,0.2636366203855056,1.2563544662107209,-0.301280610086653,-0.20967702296352,0.8139840698758054,0.028558291461270525,0.2699190272491697,0.10545264481337964,0.6877942917256508,0.36200092439612075,4.129499885934109,-0.07553573425279696,0.5331739164502957,-0.10843274156073193,0.20360340166011517,1.8859242181143194,4.45644260682343,0.08293702650700283,0.6247877238475081,,,,,,,,,,,,,0.34704576546742366,-0.6896277735344029,-0.11800931062260858,0.07714254782662308,0.3354319848212335,1.4562418081136765,-0.19953136686933673,0.5807317574969935,,-0.21964919821375922,3.7535516215247764,-0.2813350374326855,,-0.062149905905642094,0.2648325745364627
CSM7KORM,C3034,UC,1,,,,,,,,,,0.7343566196107435,0.601781903071132,-0.34510650875384113,0.06625248526540135,0.19250306629939093,-0.20688997354583655,1.709958900511825,-0.20365004885134017,-0.11407085113498545,0.3920636986600687,-0.31355268090252125,-0.24194141805607097,0.1322282814892579,-0.344392070245707,,,,,,,,,,,,,-0.15311438381433182,-0.6436238390906301,-0.46315432128336864,-0.6779920973376747,-0.028953411870414596,-0.3111289897490033,-0.2971149817547381,-0.051104088471564786,-0.09938799855279619,-0.14343560718795537,-0.1342339472220414,-0.22721830559631973,,-0.10717564228878608,-0.14373044754685996
CSM7KORO,C3034,UC,1,,,,,,,,,,0.6278448082268019,0.29704128948565234,0.1057822918915029,-0.47020964109564717,-0.09346843179053971,0.3221819331496736,2.3295562690089877,-0.20725625444501572,-0.11407085113498545,-0.2427810329946938,-0.32843557238428245,-0.34525823924542826,1.8863375007187728,-0.5019054489232151,,,,,,,,,,,,,-0.23507331741556717,0.8113020013876707,2.053014880475359,0.8833421584582885,-1.6180678162389097,1.5882011371983231,0.6199150817759501,0.7819732745176836,-0.09938799855279619,0.905061174756758,-0.1342339472220414,-0.29823699268813436,,-0.10717564228878608,1.5708687991376893
CSM7KORS,C3034,UC,1,,,,,,,,,,0.6567340134227061,0.7320755924800059,-0.07969845302566961,0.30816198899267755,0.17428513325707237,-0.11237361860507847,1.9897334308365187,0.5136192392293033,-0.11407085113498545,0.24302763875801894,-0.3363939264701503,-0.1976641929424941,0.9249770804582567,1.0873044882074812,,,,,,,,,,,,,,,,,,,,,,,,,,,
CSM7KORU,C3034,UC,1,,,,,0.898261281946515,1.1052524336718577,0.8486869693736074,-0.12487516562924916,0.30949077119319185,0.677647266056133,0.7308438433846923,-0.09390496843945392,-0.06361069569231066,0.19426066148136917,-0.33525506633295243,1.2285653744767657,0.031584125359931985,-0.11407085113498545,-0.05016319060136426,-0.3363939264701503,-0.267625952890747,-0.0012430733763189356,0.602670925229675,0.24665604319702994,0.0916501702159361,,-1.151135679691024,0.31638485771951,0.07560302623362697,1.3436476805315656,-0.18442979856489528,,-0.1540151390553218,1.2024388392599497,0.06293716072304763,0.04437953985501391,1.1680102112210595,-0.2327454228519667,0.7342693079705879,0.540689233884825,1.0749767563473336,-0.39157649482083606,0.7526645900074752,-0.09938799855279619,0.7707854501257998,-0.1342339472220414,1.4810737389661501,,-0.10717564228878608,1.5973831087072354
CSM7KOS7,C3029,UC,1,,,,,,,,,,-0.25782807264754204,-0.575792825741865,-1.077126129535982,-0.8088828320682353,-0.2395307090899472,-0.10226339771786838,-0.3388582534556663,-1.6689719140269574,-0.1113122162579901,0.1802637541986239,-0.2640321126890109,-0.21190663201665766,-0.297220044388204,2.8353388304989804,,,,,,,,,,,,,,,,,,,,,,,,,,,
CSM7KOS9,C3029,UC,1,,,,,,,,,,,,,,,,,,,,,,,,,,,,,,,,,,,,,,,,,,,,,,,,,-0.09339860866723376,0.14816779355964482
CSM7KOSH,C3029,UC,1,,,,,,,,,,-0.6193945303188044,-0.9205390607096052,-1.2290289609873182,-0.5234870644829013,-0.11501357325694961,-0.24024723719381091,-0.5395345603441746,-0.1170882140351087,-0.1113122162579901,-0.23458060644690693,-0.29909236633726183,-0.21560647555704354,-1.3995364350732944,0.707495780865832,,,,,,,,,,,,,,,,,,,,,,,,,,,
CSM7KOSJ,C3030,CD,1,,,,,,,,,,1.3311497441117093,1.7490350498433522,-0.3315940642195691,1.8935134219365524,3.248383486803547,7.7962841577356805,0.35535852984124044,1.082380456270436,-0.13833516500220164,0.4365422655163633,1.0737678963803297,27.237849565327082,2.0519459591250557,0.927970258912815,,,,,,,,,,,,,,,,,,,,,,,,,,,
CSM7KOSL,C3030,CD,1,,,,,,,,,,1.2786413433897357,3.1553091109201565,-0.2526192947802771,2.9318614081097985,4.450132163276305,22.232169295558336,0.19092536079990627,1.688753523140155,-0.13833516500220164,1.2330729481960025,0.9037114247401824,80.60350323254112,1.122719081610645,0.8421427597418707,,,,,,,,,,,,,0.13879831377722243,1.4484510038507314,-0.24634640826316948,1.3165089584052985,0.9110479300633287,-0.2542545687667703,-0.17963962002716036,1.2710706374290568,-0.09434468921296807,0.8895313261608361,0.2830536488496201,1.008375356748558,,,
CSM7KOSP,C3030,CD,1,,,,,2.0868796835546326,0.1857754794443158,2.5781191524445726,0.3404194315425492,0.8423271407438462,1.116821564122384,2.04152312007565,-0.3223312919568917,2.368851395302824,4.151130350973195,7.970005404839282,0.0724087012167024,1.9686183418309797,-0.13833516500220164,1.3033683989863047,0.5975571321801295,30.179306067155,1.860986124030781,0.7366026205525835,,,,,,,,,,,,,0.6646077893735997,3.0503359944139348,-0.2105161945126402,2.9104234468755634,2.2705487374670703,0.3809427853354105,-0.7147964312939237,3.033998549503224,-0.09434468921296807,1.0944808895370837,-0.058506595146495685,1.7107531692775713,,-0.08939284250604397,0.07352011612563003
CSM7KOST,C3030,CD,1,,,,,,,,,,1.49475544356152,2.3496141667314574,-0.5227078280780675,3.0907872085701142,5.111104819635366,18.33690078347218,0.5181881704623725,2.0648325029626746,-0.13833516500220164,1.1004913365474809,0.21990222486279554,62.375216095478585,1.7646566380771955,0.742337184611759,,,,,,,,,,,,,,,,,,,,,,,,,,,
CSM7KOSV,C3021,CD,1,,,,,-0.6913860361767231,-1.6171692041322436,-1.0530707972622237,-1.0359810778223455,-1.2699092806341874,-0.6730554809896809,-0.9414313758118157,-0.16748981544374436,-1.1188635742684743,-0.7490263551472324,-0.30826693179199943,-0.2480338231754638,-1.3289508338999363,-0.11407085113498545,-1.1255198103975284,-0.3363939264701503,-0.2747716546767476,-0.09280771668014377,-0.33204551889248024,,,,,,,,,,,,,-0.41913462823706704,-0.1802524105386916,-1.4057286925066146,-0.12914689913605984,-1.3398877998799719,-0.4575671068440312,-0.2950591140301263,-0.8323534662756296,-0.09938799855279619,-1.9711361564442922,-0.1342339472220414,-0.29823699268813436,,-0.10717564228878608,-0.42275716058088925
CSM7KOSX,C3021,CD,1,,,,,,,,,,-1.6794304131953348,-1.4354481736217237,-0.20917956136113097,-2.204378655864023,-0.8553806148404037,-0.30826693179199943,-0.859605154687205,-1.3058145877027145,-0.11407085113498545,-1.4705613413890748,-0.3363939264701503,-0.2747716546767476,-0.48973969407601753,-0.5386365252387412,,,,,,,,,,,,,-0.35682838685947876,0.022210090705941668,-0.2327454228519667,-0.6591896363435336,-0.5332807166925455,-0.4575671068440312,-0.22417564871952128,-1.011927009338565,-0.09938799855279619,-1.7448898615451802,-0.1342339472220414,-0.29823699268813436,,-0.10717564228878608,-0.2587198593459432
CSM7KOTA,C3023,CD,1,,,,,,,,,,-0.5097886288810132,-0.8147982760126193,-0.11861339317642469,-1.0833741835741315,0.14022249003453752,0.07369190460782307,0.03106790830053676,0.11547239694035853,-0.1462064739465535,-0.5557159523227599,-0.2916085141303455,-0.20988650811710144,0.3156044283022544,0.11704518876948096,,,,,,,,,,,,,,,,,,,,,,,,,,,
CSM7KOTC,C3023,CD,1,,,,,,,,,,0.5898852928344126,0.6179362693893962,-0.15336863817708787,0.49929673138795094,1.273029096198578,0.7668443288204564,0.19284475035772797,0.7934802299738459,-0.1462064739465535,0.17526002961556456,-0.24112885997570285,-0.1664681170947823,0.350294812516375,1.217383759050878,,,,,,,,,,,,,-0.0830226688300497,-0.0784834097710339,-0.18469106377590472,0.056442222738407016,-0.3085221074825612,0.013995964829301568,0.29258132441339385,-0.18329396702765188,-0.10429053397097302,-0.18785541209513557,-0.18010567816992895,0.7165679131625978,,-0.11241482424008134,-0.4619310214738726
CSM7KOTK,C3023,CD,1,,,,,-0.7583351451777032,0.9390252925632833,0.30773359767808384,0.9765250580141073,-0.8969384787936446,0.0005609132134828186,0.33607361061701174,-0.1596738482501975,0.5019594629355607,0.21143026270439444,0.41970810386704194,-0.20999562250033255,0.13108385893421703,-0.1462064739465535,0.21433792004944016,-0.23015577638571538,-0.43376642586167374,0.33901959054325526,0.5444351584092204,0.2872235764014057,0.066097998161462,-0.08813052984784635,-0.2683264135325056,1.2752058051866157,0.15455173581269654,-0.10379245199111947,0.02851524086265605,-0.08813052984784635,0.6048347101690457,0.1941247363516108,1.5318829602287276,0.09307791852639564,-0.9604983188184592,-0.18469106377590472,-0.3752875041933446,-1.026492413226184,-0.2384693515724752,0.3547757089514962,-0.8862156307440391,-0.10429053397097302,-1.4317821400046105,-0.18010567816992895,1.0057040525001637,,-0.11241482424008134,-0.5730529126916684
CSM7KOTO,C3035,CD,1,,,,,,,,,,1.162365234093616,1.8557786624336814,-0.052331236449519807,2.449711630321095,0.7521578478692568,-0.22964922736403046,0.3473789301146821,-0.19295318786661875,-0.1113122162579901,0.07470303402402209,-0.29909236633726183,-0.19790211941281888,-0.25526595539292685,0.46838595310663744,,,,,,,,,,,,,,,,,,,,,,,,,,,
CSM7KOTQ,C3035,CD,1,,,,,,,,,,0.22657291977510433,0.385793449667992,0.5055250728369164,0.6764300854362676,0.07781617631051985,-0.3491357982580847,0.4264635405512459,-0.5885565793345696,-0.1113122162579901,-0.37551216156589257,-0.29909236633726183,-0.1975960616989351,-0.6661341642507049,1.5414621033476228,,,,,,,,,,,,,0.3971101968188815,0.24065269002662093,-0.28826309641283665,0.15734950439789147,-0.7018602258057539,0.35403572661812555,0.12234249991106144,0.7109568466572259,-0.10370044001367282,-0.4107280409552674,-0.13812187083932795,0.4591645147890468,,-0.09339860866723376,-0.05735829699794825
CSM7KOTS,C3035,CD,1,,,,,,,,,,-0.16687221577195552,0.518970424983804,1.1254213046561716,0.913931458882308,-0.17870530940878546,-0.22306887153110844,0.42680966032535306,-0.761776999636866,-0.1113122162579901,-0.05111325094083897,-0.11705175053903641,-0.19477092458594156,-0.5082636004164784,1.8099587850537597,,,,,,,,,,,,,0.7917711912018688,3.24511265028591,-0.28826309641283665,2.176109930597447,-0.022932453139075198,0.8516682960839771,0.8193124492325647,1.4383871854510708,-0.10370044001367282,0.5398291970414778,-0.13812187083932795,0.3163314489133331,,-0.09339860866723376,0.2419684256878859
CSM7KOTU,C3035,CD,1,,,,,0.5481082765272065,0.3828950705838335,0.7353550479024744,-0.2996978530241716,-1.3200885981355366,0.017231309398416206,0.7332447810601661,0.9132223196830824,0.7166765314285951,0.031385075596393364,-0.19814583573945269,0.4175896022847867,-0.4157323914084031,-0.1113122162579901,-0.35185273924762583,-0.29909236633726183,-0.21058716172975075,-0.3390068589993145,2.599216593945297,,,,,,,,,,,,,0.36606069700759664,0.8508597817901423,-0.28826309641283665,0.32459615866276903,0.6446273805098288,0.6753891081891457,0.7729545660830056,1.632830170395801,-0.10370044001367282,0.16222905441686833,-0.13812187083932795,0.8818778023842754,,-0.09339860866723376,-0.39592088053717384
CSM7KOU7_P,C3032,UC,1,,,,,,,,,,0.11598684532235463,0.07287448652670299,-0.10220955522222049,0.08532106935600943,-0.0029569552967857685,-0.319478250617411,0.029703969075386093,-0.09882033810549959,-0.1113122162579901,-0.39441396858899896,-0.2170521434307938,-0.16048557636844282,-0.09082354001727544,0.7413781302938379,,,,,,,,,,,,,,,,,,,,,,,,,,,
CSM7KOU9,C3032,UC,1,,,,,-0.8584699177689781,-1.2537285268788405,-1.1390577812264786,-2.6352179835243437,-1.5559132124166082,0.35315608757495603,0.22363258834411537,-0.11640670361720379,0.20484190501820423,0.011121136530956845,-0.238230911298923,0.07684434203173011,-0.4925591070320031,-0.1113122162579901,-0.1665752741914494,-0.29909236633726183,-0.21552070386130867,0.6157428880246449,1.6448768945945609,-1.725019805091222,-0.2589021601985514,-0.08650797396966804,-0.3497653148430052,-0.6356161767099935,0.07500016726067676,-1.5019517358997854,-0.2545646040918579,-0.08650797396966804,-0.07666223236424606,-0.6428915166425497,0.013368190302435377,-1.4524487218676676,-0.5059042924745258,-0.28826309641283665,-0.6659166509936958,-0.5311279322889922,-0.11073714445793222,-0.3256057665436487,-0.6200235485575439,-0.10370044001367282,-0.40111978437989143,-0.13812187083932795,0.26816545581272677,,-0.09339860866723376,0.08591790723027469
CSM7KOUB,C3032,UC,1,,,,,,,,,,-0.1947471236364391,-0.24658018968364934,-0.23428355434742743,-0.4835931524190809,0.030036611685680448,-0.4105015870200331,-0.12542900738445645,-0.8640340695514253,-0.1113122162579901,-1.3632252179932836,-0.2044003829235825,-0.14665119272144525,0.23006687232517448,0.3635226188000342,,,,,,,,,,,,,,,,,,,,,,,,,,,
CSM7KOUF,C3032,UC,1,,,,,-0.9212022718929226,-1.4055481863225108,-1.2299697214259508,-1.84572914615765,-0.8585407018610537,,,,,,,,,,,,,,,-0.40016666144982954,-0.059488131319907475,-0.08650797396966804,0.2955450826543549,0.13644101493271132,0.07500016726067676,-1.3386735281489477,0.055472931946663834,-0.08650797396966804,0.6628105667302485,-0.47881345665698644,0.013368190302435377,,,,,,,,,,,,,,,
CSM7KOUJ_P,C3037,UC,1,,,,,,,,,,0.4345493055458918,-0.14170030354461743,-0.46201558027646283,-0.3327919252051972,-0.38908036574593724,-0.22935255792407047,-0.4357771432936495,0.3155790122204605,-0.1113122162579901,-1.080280354470035,-0.29909236633726183,-0.2143720354315739,0.019707527832562133,-0.28802873355532493,,,,,,,,,,,,,,,,,,,,,,,,,,,
CSM7KOUL,C3037,UC,1,,,,,0.05154173907987838,-1.2175360657850651,-0.06764636811149163,-0.32620247256550006,-0.19946917524240196,0.3115425106176019,0.26300649878909826,-0.0864956833037785,0.1310777123233985,-0.35708077972503793,-0.2412886162270168,-0.19464366720198853,0.08327841374612718,-0.1113122162579901,-0.2874743467673341,-0.29909236633726183,-0.22808350681563505,-0.004722512316397195,-0.2381622119001112,,,,,,,,,,,,,,,,,,,,,,,,,,-0.09339860866723376,-0.08017005519723439
CSM7KOUN,C3037,UC,1,,,,,,,,,,0.6049873579135069,0.45972782400824747,-0.36555263264806254,0.14390683989621575,-0.0849017711727218,-0.2538641108964958,-0.41438277446731153,0.127060952700113,-0.1113122162579901,-0.4577507936891533,-0.2856091068695255,-0.21460230949510986,0.3671060321027692,-0.16620998075356344,,,,,,,,,,,,,-0.11552948717412284,-0.538994451625372,-0.28826309641283665,-0.02496081696317165,-0.5039372265375072,-0.14548865640625555,-0.23103661186469907,-0.47845186406834317,-0.10370044001367282,-0.12139589843765983,-0.13812187083932795,-0.29710455056206575,,,
CSM7KOUP,C3037,UC,1,,,,,,,,,,,,,,,,,,,,,,,,,,,,,,,,,,,,,,,,,,,,,,,,,-0.09339860866723376,-0.2652538479730634
CSM7KOUR,C3037,UC,1,,,,,0.33829533905099346,0.6483008674204869,-0.3630841387985926,-1.1618937327669872,0.15088215930324575,,,,,,,,,,,,,,,,,,,,,,,,,,,,,,,,,,,,,,,,-0.09339860866723376,-1.0984144541181615
CSM9X1XU,C3034,UC,1,,,,,,,,,,0.6306100329055933,0.9205703296023344,-0.5800235912275741,0.14151315154577235,0.30971537671360244,-0.40487147516532035,1.297569824884909,0.14173215389394375,-0.11407085113498545,0.1356400264539755,-0.3363939264701503,-0.2750386755847037,0.015439017518066884,1.0363928522578851,,,,,,,,,,,,,0.24217463137622508,0.5854557856107914,-0.2327454228519667,0.2736976822472365,0.8333586835416007,0.9516282956252499,-0.24864471425017093,0.9697404721854702,-0.09938799855279619,0.4079251271201154,-0.1342339472220414,1.9381139677526784,,,
CSM9X1XW,C3034,UC,1,,,,,2.7885350329311596,-0.16643138781140007,1.3849035187933936,-1.0635416762861398,-0.027531336186979463,,,,,,,,,,,,,,,0.6960010526647981,-0.03492570800200681,,0.021632767016384568,-0.39959683110553185,0.3086693297387289,0.9645797434544393,-0.23581076897759604,,-0.604043817842637,0.21227976748773542,0.06293716072304763,,,,,,,,,,,,,,-0.10717564228878608,0.1380128759403789
CSM9X1Y3,C3034,UC,1,,,,,,,,,,0.6845943507016897,1.034131854744418,-0.12276764213730887,0.14053674610581496,-0.18060556584983536,-0.41287721003054945,2.2735629457889814,-0.3370522162848035,-0.11407085113498545,-0.40624394498329724,-0.3363939264701503,-0.37038875508471264,0.12654963605242,0.37907495345830744,,,,,,,,,,,,,-0.2822175540654297,-0.025640811494733608,0.0016276149932686296,0.051029912499120283,-0.12442603704908006,1.3979436708626234,-0.41537282572617606,0.227953594219343,-0.09938799855279619,-0.18684730621444606,-0.1342339472220414,1.5497434518736262,,-0.10717564228878608,0.5094935768361264
CSM9X1Y5,C3029,UC,1,,,,,-0.3529211928830712,-1.3056840945250892,-0.7141302348084002,-0.4722147064750893,-0.15079262713831407,-0.027562102145530457,-0.9450498136094233,-0.00018291093090598716,-0.8547198970536196,-0.20073434429939538,-0.22509612616124094,-0.14688719314043497,-0.08331872448770809,-0.1113122162579901,-0.21584006181942142,-0.29909236633726183,-0.203817003632648,-2.374104513482411,2.7333495171283824,,,,,,,,,,,,,,,,,,,,,,,,,,,
CSM9X1Y7,C3029,UC,1,,,,,,,,,,,,,,,,,,,,,,,,,,,,,,,,,,,,,,,,,,,,,,,,,-0.09339860866723376,0.19805385455988256
CSM9X1YF,C3029,UC,1,,,,,,,,,,,,,,,,,,,,,,,,-0.6142454818903317,-0.026129991863261575,-0.08650797396966804,0.9327316935120445,0.16502856930034607,0.07500016726067676,-0.7470284035515444,-0.2545646040918579,-0.08650797396966804,1.0884752133079028,-0.4603065167481859,0.013368190302435377,,,,,,,,,,,,,,,
CSM9X1YV,C3035,CD,1,,,,,-0.2497656807650568,0.8259475122874546,0.8519967537720391,-0.6390688652469513,-0.031274924543270376,0.9450066523913782,1.4647727606758427,0.14766665826713646,1.816510569497477,0.7080020447798737,-0.23533307203650194,0.2897994236209676,-0.44761793342796113,-0.1113122162579901,-0.1412090173487746,-0.29909236633726183,-0.21316901013085673,-0.45916029087597005,1.9125233790354375,,,,,,,,,,,,,0.2854287836675301,0.6705619881346059,-0.28826309641283665,0.791354358123773,0.8279041538927255,0.3537760995735139,0.1283399402594481,0.926013535680185,-0.10370044001367282,-0.41178818108860293,-0.13812187083932795,0.40437677844884434,,-0.09339860866723376,0.21402612994399461
CSM9X1Z4,C3031,CD,1,,,,,,,,,,-0.1196419671278056,-0.11790609870153256,-0.15568189359748277,-0.23200420586495837,0.134805909399153,-0.3334620332493318,-0.12872861211477102,-1.4050247795616684,-0.1462064739465535,-0.3133442647843688,-0.3461462799823559,-0.35432032474260416,0.48700230659797433,-0.4268489935857557,,,,,,,,,,,,,-0.7971101993650699,0.054915074629211205,-0.18469106377590472,-0.2738006978113676,-0.4990387530300575,-0.5353135036583956,-0.26963200976312696,0.3386798015193991,-0.10429053397097302,-0.8975624664072073,-0.18010567816992895,-0.33431691792771256,,,
CSM9X1ZC,C3031,CD,1,,,,,-0.38312856836999326,-1.2999418474821196,-0.4106398514298781,6.044494737340104,-0.8441775857189336,-0.13390644091688209,-0.3198086440473331,-0.1544296941949718,-0.5383827246762602,0.04019965118161773,-0.3839293255776611,-0.748083234231152,-1.0275461857647223,-0.1462064739465535,-0.4792930384334763,-0.18795040998611684,-0.3153163737106314,0.6510426795667112,-0.1764213004702154,,,,,,,,,,,,,-1.32018604591176,0.21608197336190038,-0.18469106377590472,-0.07009624469667064,-0.757491447345595,-0.6178593695504125,-0.12186305990009981,0.3933896650088445,-0.10429053397097302,-0.3671105481463828,-0.18010567816992895,-0.33431691792771256,,-0.11241482424008134,0.3221264535603403
CSM9X1ZO,C3032,UC,1,,,,,,,,,,-0.1953745994229354,-0.3970173723650634,-0.41171263240845996,-0.3939882525595988,-0.32166118427470025,-0.238230911298923,-0.36823464237365106,-0.1877513429295698,-0.1113122162579901,-0.6024928979472319,-0.29909236633726183,-0.21552070386130867,0.2330989349100933,-0.14595735749639194,,,,,,,,,,,,,,,,,,,,,,,,,,,
CSM9X1ZQ,C3032,UC,1,,,,,,,,,,0.29957178587200906,0.3662397237531016,-0.29662376263851076,0.28475594702798573,0.13536915750567768,-0.3504489161697462,-0.4287921766527394,0.2272420006098039,-0.1113122162579901,-0.23057342427324057,-0.29909236633726183,-0.2140535839988863,0.21709446322035733,-0.12305450489033191,,,,,,,,,,,,,,,,,,,,,,,,,,,
CSM9X1ZU,C3032,UC,1,,,,,,,,,,,,,,,,,,,,,,,,-1.0207720897798596,-0.059488131319907475,-0.08650797396966804,-0.7466299257916094,0.9890062162924974,0.07500016726067676,-0.6765213781517986,-0.2545646040918579,-0.08650797396966804,1.9736222586509091,0.005398830746779723,0.013368190302435377,,,,,,,,,,,,,,,
CSM9X1ZY,C3032,UC,1,,,,,,,,,,-0.01853754971503856,0.2660808658747422,-3.2668849639535935,-0.05037215840692499,-0.11998366752071415,-0.23499345035792849,-0.23718163504597536,-0.06569784709613166,-0.1113122162579901,-0.41876235696386593,0.18238331435118788,-0.21552070386130867,0.20442903037550178,0.7566009684699605,,,,,,,,,,,,,,,,,,,,,,,,,,,
CSM9X211,C3037,UC,1,,,,,-0.26394357416480324,0.7369266936870668,-0.2732648981327347,-0.8061775838715102,0.20189843052452314,0.7174889734093575,0.4856354970907706,-0.027814474738720032,0.13545680894966738,-0.2937416621687544,-0.2048542380068238,0.2605237822876048,0.38288109640093054,-0.1113122162579901,-0.3125490754838648,-0.29909236633726183,-0.20603105444437947,1.0037194468598096,-0.559384607962614,,,,,,,,,,,,,,,,,,,,,,,,,,,
CSM9X213,C3037,UC,1,,,,,-0.21075599972249764,0.5096361420291318,0.35745446108657913,-0.8517448047531696,-0.11177557872833668,0.254188962242958,0.019001608568078168,-0.41861136172227187,-0.27976577606043534,-0.22657685942644806,-0.23736112895932263,-0.19978656150371127,0.11986549152973797,-0.1113122162579901,-0.5870813907598257,-0.29909236633726183,-0.21971496534835389,0.3119116474726238,-0.564492855178609,,,,,,,,,,,,,-0.07830602877628007,-0.42185766785931134,-0.28826309641283665,0.037911149868418904,-0.5539081995733286,-0.45140794080263885,0.13624112698789548,-0.49690661320254453,-0.10370044001367282,-0.2101093808696896,-0.13812187083932795,-0.29710455056206575,,,
CSM9X215,C3037,UC,1,,,,,,,,,,0.27408744012542724,0.024586319056554375,-0.475858055577139,-0.16599727190202096,-0.44401143499963697,-0.23073096171422422,0.08633954148287518,0.4312102424942557,-0.1113122162579901,-0.5237084180880845,-0.29909236633726183,-0.20501928801866678,0.30548955020574775,-0.5707027139326364,,,,,,,,,,,,,,,,,,,,,,,,,,,
CSM9X219,C3037,UC,1,,,,,,,,,,0.3552212864858108,0.08824405846487882,-0.0283785426523625,-0.2627450536415859,-0.3373498950915817,-0.25490554944555033,0.0893728747161892,0.1975080567306791,-0.1113122162579901,-0.7262367639715753,-0.29909236633726183,-0.21666579562432328,-0.19214296400812697,-0.5635326704601354,,,,,,,,,,,,,0.07539385780846053,-0.006502632283813669,-0.28826309641283665,0.19600598425356008,-0.5293173124429061,-0.429644732127969,0.0611938765612952,-0.42162567928690153,-0.10370044001367282,-0.17909029357886974,-0.13812187083932795,-0.29710455056206575,,,
CSM9X21B,C3028,CD,1,,,,,0.10963627114797324,1.49065635439757,-0.3027495172367364,0.255833202753913,-0.19593104263823272,,,,,,,,,,,,,,,,,,,,,,,,,,,,,,,,,,,,,,,,,
CSM9X21J,C3034,UC,1,,,,,0.5278052859500407,1.2502671316391818,1.0780477935702375,-0.564803067781098,0.5642813289704675,0.4828279965107722,0.5642682833531845,-0.2058750081851872,0.0627727711431187,-0.04675514801905931,-0.12605453883324463,1.7173946191715237,-0.5921906439660785,-0.11407085113498545,-0.1568369479772273,-0.24174711946135435,-0.19464109956814124,0.8951476767309072,0.09397217294747616,,,,,,,,,,,,,0.25829754122597265,1.3465012039942243,-0.5571705889648412,1.0214521279306288,0.5599820604246455,1.3091177150865918,-0.06402250750423402,1.6590415660419815,-0.09938799855279619,-0.5694714687962793,-0.1342339472220414,0.9268792932984646,,-0.10717564228878608,0.46533010102555256
CSM9X21L,C3034,UC,1,,,,,,,,,,1.0496628074262175,0.5036340773918457,-0.1633950774624451,0.10968084597815118,0.14130470278387414,-0.3193465479308753,5.08508496849988,-0.5451947035178842,-0.11407085113498545,-0.41052596502273053,-0.32199068560958194,-0.23413347533905549,0.5542411845570524,0.5598924372605977,,,,,,,,,,,,,,,,,,,,,,,,,,,
CSM9X21N,C3034,UC,1,,,,,,,,,,0.6416355809865502,0.7216542847208293,-0.2840013533481913,-0.06638493342383837,0.08531233847067135,-0.27162075867514124,1.4137457985382174,0.37956695147569297,-0.11407085113498545,0.0754000209362608,-0.28581566304402295,-0.26594570646473076,-0.05198257371362013,0.0893767945427803,,,,,,,,,,,,,,,,,,,,,,,,,,,
CSM9X21P,C3034,UC,1,,,,,-0.21660519685231341,1.0400191963282013,-0.1424431163533702,-0.6299009758105175,2.4184224727303705,,,,,,,,,,,,,,,-1.6651329226435394,-1.4082525341063568,,-0.4868540391821502,0.20370286952169095,0.07560302623362697,-0.45596990844419316,-0.19984601732941035,,-0.4457214024307323,0.684971534096531,0.06293716072304763,,,,,,,,,,,,,,,
CSM9X21R,C3035,CD,1,,,,,,,,,,0.8986400089302585,1.1697037606518923,0.12073239933876595,1.7558392735477257,0.5195775859450921,-0.5811993921130894,0.11047715009132313,-0.2994553760065835,-0.1113122162579901,0.0843512778471276,-0.29909236633726183,-0.19780057251998703,-0.28777387955386785,0.36415551134544455,,,,,,,,,,,,,,,,,,,,,,,,,,,
CSM9X21T,C3035,CD,1,,,,,,,,,,0.15996848976775546,0.4849174814924459,0.05614860496769325,1.0502525689566313,0.13172009272062823,-0.21267608462582865,0.2549266681807956,-0.47337018001040015,-0.1113122162579901,-0.0333698167204252,-0.29909236633726183,-0.19471917769243216,-0.5049839066444715,1.7909539236858738,,,,,,,,,,,,,0.020251734183351956,0.4134654334206135,-0.20015677388510086,0.009003882306689068,0.16558197705473665,0.12348107771643894,0.045952590886927894,1.2793505444617321,-0.10370044001367282,-0.49263583652698806,-0.13812187083932795,0.32394298195539994,,,
CSM9X222,C3035,CD,1,,,,,,,,,,0.6712017009552737,0.7520860859057917,0.3287708581226911,1.1774470017297984,0.32727546098725907,-0.4181949665385114,0.2725038272463898,-0.8180410068486086,-0.1113122162579901,-0.17669942178702322,-0.29909236633726183,-0.17400397606380705,-0.779584911977782,1.3491142551516055,,,,,,,,,,,,,,,,,,,,,,,,,,,
CSM9X22G,C3032,UC,1,,,,,-0.8482756973421017,-0.8303026927374697,-1.2915429497460684,-1.8980614644946727,1.3781453528818763,-0.3482383333454203,-0.4138340496193679,-0.22367505301307905,-0.3080389105682144,-0.21000209174011356,-0.3220918121225005,-0.3475123605732318,-0.7112117522161014,-0.1113122162579901,-0.8667586820189276,0.08091089395645278,-0.2260820201110592,0.2962788082156246,0.11251572337238834,-0.8650006668410952,9.715049825822422e-05,-0.08650797396966804,-0.07915359381748388,-0.31306404773212615,0.07500016726067676,-1.6590029020231742,-0.24941225696656963,-0.08650797396966804,-3.629577994166463,-1.2489539434523915,0.013368190302435377,,,,,,,,,,,,,,,
CSM9X22I,C3032,UC,1,,,,,,,,,,0.15359405716738037,-0.046980598756240124,-0.22570220611886294,-0.3058167121315164,-0.2508104231164161,-0.238230911298923,-0.7508326112007119,-0.43694672287999425,-0.1113122162579901,-0.5791830385050867,-0.29909236633726183,-0.21552070386130867,0.10601729480148905,0.5065823399723263,,,,,,,,,,,,,,,,,,,,,,,,,,,
CSM9X22K,C3032,UC,1,,,,,,,,,,-0.6202321952861248,-0.7281718526574038,-0.36891183012440293,-0.3309870209124661,-0.3499028188398407,-0.23602779301859797,-0.2972037582465322,-0.32378811347271136,-0.1113122162579901,-0.0669016886887786,0.07518854207820853,-0.21552070386130867,0.12791529514480443,-0.18906989225510834,,,,,,,,,,,,,-1.5814753416003589,-3.277348345042586,-0.28826309641283665,-0.31416774666364833,0.38021577755965813,-0.13190195520568687,-0.9171533788653944,-0.4158874610893748,-0.10370044001367282,-0.3715669519662539,-0.13812187083932795,-0.29710455056206575,,-0.09339860866723376,-2.062934266498746
CSM9X22Q,C3032,UC,1,,,,,-1.2569643533011965,-1.1029493437991218,-1.3578706157276135,-0.9073773336929449,-1.0803314940881668,,,,,,,,,,,,,,,,,,,,,,,,,,,,,,,,,,,,,,,,,
CSM9X22S,C3037,UC,1,,,,,,,,,,0.34741050962383196,0.19675073788640826,-0.676454209289875,-0.20958396186166128,-0.3220887495721343,-0.22166184786117704,-0.4585778205660297,-0.19120883076997772,-0.1113122162579901,-0.807829086212027,-0.29909236633726183,-0.20803955845501854,-0.11312060975512436,-0.5623764945557378,,,,,,,,,,,,,0.20895973595844008,0.9053246510663538,-0.28826309641283665,0.4171566069000555,-0.40018897618795835,-0.3088214008860663,-0.23831791687831372,-0.06501131900314823,-0.10370044001367282,-0.16560757033209947,-0.13812187083932795,-0.29710455056206575,,-0.09339860866723376,-0.31413448188367254
CSM9X22U,C3037,UC,1,,,,,-0.468163104133274,1.2807003892552087,-0.25154309348388487,0.12438638159390082,0.011762965558539054,0.17478085334352644,0.003243258943889173,-0.4246115355697339,-0.38071788516208005,-0.41624414496957185,-0.22148755945506926,-0.4312339656766683,-0.12181664767522665,-0.1113122162579901,-0.8997249945386878,-0.29909236633726183,-0.2157803323731115,-0.25910410427928593,-0.5614865919909623,,,,,,,,,,,,,0.20911671537087792,0.44491058021781726,-0.28826309641283665,0.3341152246220209,-1.0595105593635308,-0.3576733566145322,-0.19113774958912258,-0.7024354463517611,-0.10370044001367282,-0.4657123892615458,-0.13812187083932795,-0.29710455056206575,,-0.09339860866723376,-0.11049781067115119
CSM9X233,C3035,CD,1,,,,,,,,,,-0.017398330464927204,0.24107838849432087,0.9235777190888164,0.3480372895400657,0.22525724040994619,-0.3633860330758417,0.818143471055744,-1.1102072729238617,-0.1113122162579901,-0.3983074440228437,-0.29909236633726183,-0.20672529421567035,-0.8153807670183784,1.9909736983707944,,,,,,,,,,,,,,,,,,,,,,,,,,,
CSM9X235,C3035,CD,1,,,,,,,,,,-0.3393216699798519,0.11718462730636771,0.20818878214675265,0.7778063169174873,0.11188784684263746,-0.21308605462967745,0.40224057764180093,-0.6726735096696189,-0.1113122162579901,-0.249870894251914,-0.29909236633726183,-0.19739688901899455,-0.6626499153153724,3.1225795758670922,,,,,,,,,,,,,0.33786238314103717,-0.06730826695239045,-0.28826309641283665,0.12087606745167155,-0.04247692228658428,0.16899596304937023,0.27166937115758233,0.8034560623094981,-0.10370044001367282,-0.42526849208617834,-0.13812187083932795,0.2469424206904666,,-0.09339860866723376,0.5538658390891191
CSM9X237,C3035,CD,1,,,,,-0.1946764843867715,0.6643913102473491,0.07380954888173137,-0.7901662635020636,-0.5025583120420402,-0.5624669332895773,-0.47956314678080697,0.09541587729814702,0.778666413911584,0.15510294188243434,-0.31531300874081153,-0.1550831824410302,-0.2843880151851863,-0.1113122162579901,0.8063768239801794,-0.29909236633726183,-0.21867055004527436,-0.35212587826832004,2.445676515965472,,,,,,,,,,,,,0.4484782412959869,0.3427285938841112,-0.28826309641283665,0.9335315977067172,0.022357295591985037,-0.13204257166729627,-0.2677021841443877,1.2271486307464234,-0.10370044001367282,0.7392938384118349,-0.13812187083932795,0.32900221654344336,,-0.09339860866723376,1.7663584309189941
CSM9X23B,C3035,CD,1,,,,,-0.0864784095219048,0.9347303697340754,-0.14769619431282463,-0.711641594794016,-0.7052439724504849,0.5172139203093341,0.8217595382620914,0.18562564851299562,1.1148474100958317,0.33319029192135247,-0.49789641858460804,0.24263726555925166,-0.406219962456478,-0.1113122162579901,-0.1690485068341012,-0.29909236633726183,-0.19743702897583237,-0.33220907385054294,1.0675772461351083,,,,,,,,,,,,,-0.038207941143168764,0.05481115388752943,-0.28826309641283665,-0.1635715895440083,-0.1958935097053082,0.05574649778332499,-0.22270526680893882,0.2304978508063124,-0.10370044001367282,-0.5684951920232715,-0.13812187083932795,0.20539471450394167,,-0.09339860866723376,0.5244921336774802
CSM9X23H,C3037,UC,1,,,,,,,,,,0.29892274061822166,0.04679004099639503,-0.38965060030165977,-0.04569400328636125,-0.3716073536360445,-0.238230911298923,-0.2674698162338092,0.24021676320461696,-0.1113122162579901,-0.43318282104450306,-0.29909236633726183,-0.21552070386130867,0.07730927504484435,-0.5640711274913983,,,,,,,,,,,,,,,,,,,,,,,,,,,
CSM9X23J,C3037,UC,1,,,,,,,,,,,,,,,,,,,,,,,,,,,,,,,,,,,,,,,,,,,,,,,,,-0.09339860866723376,0.4512795497281731
CSM9X23L,C3037,UC,1,,,,,-0.07835782551101447,0.10323629047263444,-0.5501497603001435,-0.7119131923582012,-0.24900567012995714,,,,,,,,,,,,,,,,,,,,,,,,,,,,,,,,,,,,,,,,,
CSM9X23N,C3037,UC,1,,,,,,,,,,0.21644729183662736,0.4820398516895985,-0.33541077521330814,0.17739654070873176,-0.237693643046687,-0.24300465295072485,-0.34966207116491216,0.16122161242435312,-0.1113122162579901,-0.47852915179824745,-0.29909236633726183,-0.21831125106044988,0.07570825000277492,-0.5640711274913983,,,,,,,,,,,,,0.19726887784409533,0.015369600189530937,-0.28826309641283665,0.19427777539625518,-0.775019501566858,-0.429644732127969,-0.16843081123916373,-0.4450066788905718,-0.10370044001367282,-0.07386300491953217,-0.13812187083932795,-0.2241333967648901,,,
CSM9X23P,C3037,UC,1,,,,,2.511993195624002,1.1856631194230407,0.70827078795128,0.7666236533760427,-0.29504277173153176,,,,,,,,,,,,,,,,,,,,,,,,,,,,,,,,,,,,,,,,-0.09339860866723376,1.443686597301789
CSMA88CB,C3027,CD,1,,,,,,,,,,-0.3251762121579357,0.03781731891387544,-0.40001401496976335,0.699263263463509,1.0633284037808983,-0.03896808325514233,-0.03581142110669716,0.4623942817477101,-0.1113122162579901,1.0785622427696808,-0.19687079440463603,-0.1734382814244101,0.04825311804217903,0.5880187741778473,,,,,,,,,,,,,,,,,,,,,,,,,,,
CSMA8M9R,C3022,nonIBD,0,,,,,,,,,,-0.34727623023966875,-0.4196696392686669,-0.03905399164583787,-0.456448666854426,-0.3610164180885137,-0.24662739862118518,-0.5120495657540419,0.16800505822377465,-0.1113122162579901,-0.31002999961520933,-0.29909236633726183,-0.21542068146843502,-0.509040447913624,-0.31101278352669876,,,,,,,,,,,,,,,,,,,,,,,,,,,
CSMA9J65,C3027,CD,1,,,,,-1.6094637121241275,0.27894570023920073,0.01978876329194526,-0.3552213172489843,0.48921402775425804,0.02854153236629951,0.08014052587723006,-0.21163287972812522,-0.14527332254510977,0.06449881106297692,0.09769217201957352,-0.5363958178541078,0.20541740902738082,-0.1113122162579901,-0.27660962734237676,0.6143980376823581,-0.0861706782115624,0.4297201157975634,0.6597564587480573,1.505937083584368,-0.07794501494001509,-0.08650797396966804,-3.288995152774023,-0.3469233784360547,0.07500016726067676,1.735230145889017,-0.2545646040918579,-0.08650797396966804,2.069924035904009,-0.12446290147810249,0.013368190302435377,0.06300922684740778,-0.26334486266042845,0.16350439312524362,0.04009252840278014,0.13565656242559973,0.4861123147218663,0.14280099922508158,-1.0700038220812758,-0.10370044001367282,-0.013121705159808877,-0.43003762611039026,-0.494700546360515,,-0.09339860866723376,0.25285933711804703
CSMAAEUA,C3022,nonIBD,0,,,,,,,,,,-0.18436122273553995,-0.00023848769837470272,-0.2585313506320388,-0.09803629123725063,-0.09928153228829628,-0.238230911298923,-0.5165271731782379,-0.1159713892774984,-0.1113122162579901,-0.23646046539419857,-0.29909236633726183,-0.21552070386130867,-0.28276356417607335,-0.23220620471688996,,,,,,,,,,,,,,,,,,,,,,,,,,,
CSMACTZP,C3027,CD,1,,,,,,,,,,0.7191939449255086,0.7778430521359485,-0.4255321314530182,0.0007265881052017691,0.15582871175475888,-0.22012205517101802,-0.49332332197278517,0.24373190184565677,-0.1113122162579901,0.4289415422000464,-0.25071853045422043,-0.1909639060188337,0.09833768583648207,0.39960893245900714,,,,,,,,,,,,,,,,,,,,,,,,,,,
CSMAE44D,C3022,nonIBD,0,,,,,,,,,,-0.2954462029559908,-0.35224412633248686,-0.6025990629372249,-0.34364578854096944,-0.4151955568574578,-0.21544840076881167,-0.07218222972038651,0.02355449583277563,-0.1113122162579901,-0.10746202508119378,-0.29909236633726183,-0.21790966763386077,-0.5733437295013721,-0.25901033557348435,,,,,,,,,,,,,,,,,,,,,,,,,,,
CSMAF72L,C3027,CD,1,,,,,,,,,,-0.14288683165190597,-0.405641176987643,-2.005755196688267,-0.7821560098299283,0.11333223386785601,-0.21311933414569795,-0.46025684399917083,0.29313765382348744,-0.1113122162579901,0.023045238899224618,-0.29909236633726183,-0.2107152790020647,-0.0001331453148536511,0.0032467835939969775,,,,,,,,,,,,,,,,,,,,,,,,,,,
CSMAG78W,C3022,nonIBD,0,,,,,-0.3640611666509767,-1.0546971369850786,-1.082561608688946,-0.6895114354388614,-0.9289929580119737,-0.5719891420532558,-2.4132772508613627,0.314522476191811,-1.6678618978097928,-1.5189673219423427,-0.238230911298923,-0.48276639073854816,0.308720624247757,-0.1113122162579901,-0.25534351440480674,-0.29909236633726183,-0.21552070386130867,-1.078259402589665,-0.5640711274913983,-0.2572573734713656,-0.03508945831842083,-0.08650797396966804,-0.2972354383176008,-0.4160256887539653,0.07500016726067676,-0.45166861240330136,0.055472931946663834,-0.08650797396966804,-2.503152998986819,-0.4091196095417557,0.013368190302435377,-1.0671548846368997,-2.5100177698776096,-0.28826309641283665,-1.1120930054272065,-3.803837612664828,-0.429644732127969,-1.0243425247868179,-1.2014713664316883,-0.10370044001367282,-0.286392177301235,-0.13812187083932795,-0.29710455056206575,,-0.09339860866723376,0.24422674522021834
CSMAH393,C3027,CD,1,,,,,,,,,,-0.3021267767353151,-0.6293431771710514,-2.7666005779030662,-0.7636121932020333,-0.11671955538221075,-0.15709498251665222,-0.3831010284027886,0.34770521759708845,-0.1113122162579901,0.2517389155276699,-0.20519129579418321,-0.15265916300373641,0.44487183438688116,-0.1688308980562253,,,,,,,,,,,,,,,,,,,,,,,,,,,
CSMAHYLR,C3022,nonIBD,0,,,,,,,,,,-0.13534143854461345,-1.4848486759024981,0.40628304693978406,-0.835162378987783,-0.41211956557904966,-0.238230911298923,-0.15811289126877673,0.349137216321558,-0.1113122162579901,-0.042923283372235006,-0.29909236633726183,-0.21552070386130867,-0.2843190136042371,-0.5640711274913983,0.908714903828938,-0.07794501494001509,-0.08650797396966804,0.5740227785063193,0.6736872505903284,0.07500016726067676,0.5028726883659802,-0.2545646040918579,-0.08650797396966804,1.1145933887912103,0.9299242535440442,0.013368190302435377,,,,,,,,,,,,,,,
CSMAIG7X,C3027,CD,1,,,,,-0.7371096686331089,0.6186378186812171,-0.1862761017918386,-1.1027187483714607,-0.24939471960339418,0.0974549096403553,-0.04497986478541067,-0.39407977642260195,-0.5192141933403509,0.04166184467488443,-0.1725569310736622,-0.16349894139937626,-0.029699369602366948,-0.1113122162579901,0.14256949993095666,-0.1896887088872014,-0.21538852714970416,0.3880124503595218,-0.35490848456158436,,,,,,,,,,,,,,,,,,,,,,,,,,-0.09339860866723376,-0.03490739459075278
CSMDRVXF,C3027,CD,1,,,-1.7108892807510085,0.19756633457449985,,,,,,,,,,,,,,,,,,,,,,,,,,,,,,,,,,,,,,,,,,,,,,
CSMDRVXG,C3027,CD,1,,,0.5364276655796238,-0.7483172600876701,,,,,,,,,,,,,,,,,,,,,,,,,,,,,,,,,,,,,,,,,,,,,,
CSMDRVXH,C3027,CD,1,,,0.24806686955526652,-0.5725566389522003,,,,,,,,,,,,,,,,,,,,,,,,,,,,,,,,,,,,,,,,,,,,,,
CSMDRVXJ,C3028,CD,1,,,0.39305340157706237,-0.4080258045171165,,,,,,,,,,,,,,,,,,,,,,,,,,,,,,,,,,,,,,,,,,,,,,
CSMDRVXK,C3029,UC,1,,,-1.2688553350393528,-0.07352829419362342,,,,,,,,,,,,,,,,,,,,,,,,,,,,,,,,,,,,,,,,,,,,,,
CSMDRVXL,C3029,UC,1,,,0.7487405070432938,0.09162968589231354,,,,,,,,,,,,,,,,,,,,,,,,,,,,,,,,,,,,,,,,,,,,,,
CSMDRVXM,C3029,UC,1,,,0.8725596099575091,1.1472308130688595,,,,,,,,,,,,,,,,,,,,,,,,,,,,,,,,,,,,,,,,,,,,,,
CSMDRVXN,C3029,UC,1,,,0.35922500811238034,-0.15994352382828086,,,,,,,,,,,,,,,,,,,,,,,,,,,,,,,,,,,,,,,,,,,,,,
CSMDRVXO,C3030,CD,1,,,0.3625992881191968,1.347988258140372,,,,,,,,,,,,,,,,,,,,,,,,,,,,,,,,,,,,,,,,,,,,,,
CSMDRVXP,C3030,CD,1,,,-0.8866189175731772,-0.22172232084872542,,,,,,,,,,,,,,,,,,,,,,,,,,,,,,,,,,,,,,,,,,,,,,
CSMDRVXQ,C3030,CD,1,,,-2.5853076694040946,1.1095529869390803,,,,,,,,,,,,,,,,,,,,,,,,,,,,,,,,,,,,,,,,,,,,,,
CSMDRVXR,C3030,CD,1,,,0.5498312044481347,0.9311999018868952,,,,,,,,,,,,,,,,,,,,,,,,,,,,,,,,,,,,,,,,,,,,,,
CSMDRVXS,C3031,CD,1,,,-2.508662883301215,-0.4823753405606228,,,,,,,,,,,,,,,,,,,,,,,,,,,,,,,,,,,,,,,,,,,,,,
CSMDRVXT,C3031,CD,1,,,0.35874008896996545,0.35905854139488574,,,,,,,,,,,,,,,,,,,,,,,,,,,,,,,,,,,,,,,,,,,,,,
CSMDRVXU,C3031,CD,1,,,1.1610515091427431,0.0686271675233008,,,,,,,,,,,,,,,,,,,,,,,,,,,,,,,,,,,,,,,,,,,,,,
CSMDRVXX,C3032,UC,1,,,-0.9910871070421633,0.5697604210652241,,,,,,,,,,,,,,,,,,,,,,,,,,,,,,,,,,,,,,,,,,,,,,
CSMDRVXY,C3034,UC,1,,,-1.3765297587921845,-0.2517832225513384,,,,,,,,,,,,,,,,,,,,,,,,,,,,,,,,,,,,,,,,,,,,,,
CSMDRVXZ,C3034,UC,1,,,1.0393949261065467,0.36315534623065054,,,,,,,,,,,,,,,,,,,,,,,,,,,,,,,,,,,,,,,,,,,,,,
CSMDRVY1,C3034,UC,1,,,0.35397607788719115,-1.0899793561952604,,,,,,,,,,,,,,,,,,,,,,,,,,,,,,,,,,,,,,,,,,,,,,
CSMDRVY2,C3035,CD,1,,,-0.4776327202953719,1.302040310911872,,,,,,,,,,,,,,,,,,,,,,,,,,,,,,,,,,,,,,,,,,,,,,
CSMDRVY3,C3035,CD,1,,,0.5958748594140448,2.092220626858919,,,,,,,,,,,,,,,,,,,,,,,,,,,,,,,,,,,,,,,,,,,,,,
CSMDRVY4,C3035,CD,1,,,1.0870521615875637,1.8476052321164667,,,,,,,,,,,,,,,,,,,,,,,,,,,,,,,,,,,,,,,,,,,,,,
CSMDRVY5,C3037,UC,1,,,-1.3549141246307954,-1.2336169743055885,,,,,,,,,,,,,,,,,,,,,,,,,,,,,,,,,,,,,,,,,,,,,,
CSMDRVY6,C3037,UC,1,,,0.45195206216838285,-1.089795347344454,,,,,,,,,,,,,,,,,,,,,,,,,,,,,,,,,,,,,,,,,,,,,,
CSMDRVY7,C3037,UC,1,,,0.2268190284026254,-0.7029560406618509,,,,,,,,,,,,,,,,,,,,,,,,,,,,,,,,,,,,,,,,,,,,,,
CSMDTZ4X,C3032,UC,1,,,0.7783878984481978,0.34272351770902715,,,,,,,,,,,,,,,,,,,,,,,,,,,,,,,,,,,,,,,,,,,,,,
CSMDTZ4Y,C3032,UC,1,,,0.7583009176396243,0.37301870503445284,,,,,,,,,,,,,,,,,,,,,,,,,,,,,,,,,,,,,,,,,,,,,,
ESM5GEXY,E5001,CD,1,,,,,,,,,,-0.1124608829855344,-0.08554087025871103,0.07330540044413973,-0.13236644955439353,-0.2692708688961002,-0.36398504286216626,0.13347130092389456,0.015577575343610041,-0.11407085113498545,-0.08573721500589944,-0.3363939264701503,-0.2796534938644506,0.4174356263971502,-0.3642478715046257,,,,,,,,,,,,,0.9874852618148384,0.7632784757215958,0.36549938036431895,1.4874546418566839,0.7573723108792682,0.4444498235919117,2.2467264132037434,0.09880929477796725,-0.09938799855279619,0.659475970142185,-0.1342339472220414,-0.16440968138967196,,-0.10717564228878608,0.5113817459755691
ESM5GEY7,E5013,CD,1,,,0.6867533937398287,-0.7181721023240827,,,,,,,,,,,,,,,,,,,,,,,,,,,,,,,,,,,,,,,,,,,,,,
ESM5GEY8,E5013,CD,1,,,0.7659919003465249,0.33164245098923,,,,,,,,,,,,,,,,,,,,,,,,,,,,,,,,,,,,,,,,,,,,,,
ESM5GEY9,E5013,CD,1,,,0.45907279157160025,-0.41371902367507707,,,,,,,,,,,,,,,,,,,,,,,,,,,,,,,,,,,,,,,,,,,,,,
ESM5GEYA,E5009,CD,1,,,0.3030743289699158,-1.090997197880858,,,,,,,,,,,,,,,,,,,,,,,,,,,,,,,,,,,,,,,,,,,,,,
ESM5GEYB,E5009,CD,1,,,-2.007679721336424,-0.7533779277608379,,,,,,,,,,,,,,,,,,,,,,,,,,,,,,,,,,,,,,,,,,,,,,
ESM5GEYI,E5004,UC,1,,,0.9637182047303127,0.41673691617450964,,,,,,,,,,,,,,,,,,,,,,,,,,,,,,,,,,,,,,,,,,,,,,
ESM5GEYK,E5004,UC,1,,,-0.084142962459495,-0.11454590662888996,,,,,,,,,,,,,,,,,,,,,,,,,,,,,,,,,,,,,,,,,,,,,,
ESM5GEYL,E5004,UC,1,,,0.6401828004589656,-0.5494229628302647,,,,,,,,,,,,,,,,,,,,,,,,,,,,,,,,,,,,,,,,,,,,,,
ESM5GEYU_P,E5002,nonIBD,0,,,,,,,,,,0.6259070192771865,1.4960450772204594,-0.45315106911515507,1.20765613191173,1.9094371324169037,-0.00979344033861837,0.22120640232773614,1.1693541700681354,-0.10843274156073193,-0.17507436487008637,0.22177187457574002,0.10187045990278204,-0.07786453051979768,-0.331727349108913,,,,,,,,,,,,,0.02750066643307446,-0.1230539558349584,-0.1841434975068624,0.530861143883326,0.5241904982720247,0.8676106953769663,0.13650368666658358,0.4301784047648546,,0.19953636058606608,-0.07939061616942635,0.34934415655197176,,,
ESM5GEYW_P,E5006,CD,1,,,,,,,,,,1.0539353266304552,-0.7316894023144381,-0.39835500324870926,-0.9170101899084164,-0.785652920066185,-0.06452495358284797,1.2039721855742689,-0.34471844981291694,-0.13833516500220164,-1.839600821864188,-0.2592252704021968,0.5724695884484821,-0.3954076967977453,0.11100936644565777,,,,,,,,,,,,,-0.8988059140580387,-1.8577012264867274,0.09366566439659334,-3.9552435365485015,-0.9600797144911598,-0.44128027191678737,-0.05479838038821047,-0.9531271090848045,-0.09434468921296807,-1.476459123634688,-0.13571057116566926,-0.23301540043091898,,,
ESM5GEYX_P,E5003,CD,1,,,,,,,,,,-0.48381905481267296,-0.041664897378553,0.17816925897670302,-0.031393101157082694,-0.18430970267759347,0.2773781207232953,-0.25510228173395894,-0.028067747763080495,-0.1113122162579901,-0.5944674165023058,-0.09366148869703769,0.04828318917775382,-1.3072976688359566,0.17428695300002994,,,,,,,,,,,,,,,,,,,,,,,,,,,
ESM5GEYY_P,E5006,CD,1,,,,,,,,,,0.02470760094943736,0.20889091154828815,-0.5399835577687391,-0.06028307476847618,0.4491519363645471,-0.020160913709921482,-0.15983245070945795,1.2162270830005888,-0.13833516500220164,-0.1619805009410298,0.577937921979751,1.8757921561932076,-0.6814307047213324,0.7848930208514351,,,,,,,,,,,,,0.3294111440810802,-0.5568532720643548,-0.24634640826316948,-1.150485194296524,-0.32963053499179856,-0.741365819515056,-0.7608973386551666,-0.7159379586090051,-0.09434468921296807,-0.45912576521135656,-0.13571057116566926,-0.23301540043091898,,,
ESM5GEZ1_P,E5002,nonIBD,0,,,,,,,,,,0.6180409058930233,2.168379137799791,-0.4757161508005527,1.754621275039544,2.868273036207741,-0.4324637274108707,0.15961377823764203,2.357773776664522,-0.10843274156073193,-0.12113424817268034,0.08065806137356002,0.15582905700224184,-0.2794844709436775,-0.13830064886324142,,,,,,,,,,,,,-0.4272834188004137,-0.18534848281414298,-0.1841434975068624,-0.5932140265567315,-0.21822372680361005,0.03695842064290439,,,,,,,,,
ESM5GEZ3_P,E5002,nonIBD,0,,,,,,,,,,0.37126388922722015,0.9832495499017063,-0.4792328461950358,0.5980220825109537,0.863958662412882,0.04910919141694467,0.0898590662060138,0.8776133514900737,-0.10843274156073193,-0.2088969819543568,-0.14987157412031754,-0.19774054383702672,-0.6407343920442264,-0.19423497976158574,,,,,,,,,,,,,1.5410455462156396,1.7150048027837261,-0.1841434975068624,0.04572684336307916,1.2752878993390169,2.413204054707185,0.23768326245482752,-0.3129624233005621,,0.6171024386647789,-0.07939061616942635,0.656775641721728,,,
ESM5GEZ4_P,E5004,UC,1,,,,,,,,,,-0.08103755741530741,0.30563353611431293,-0.47858695483135827,0.13268746626061706,-0.2839560292530896,-0.16704059742657829,-0.059373923568835925,0.08373370565253921,-0.1113122162579901,-0.187523217473422,-0.29909236633726183,-0.1013954016828997,-0.05412246147385383,-0.35524549508124986,,,,,,,,,,,,,,,,,,,,,,,,,,,
ESM5GEZ6,E5004,UC,1,,,,,0.04618548155098104,0.7816661081283962,0.6866455800552441,-0.09145994071431739,0.3822299506522719,,,,,,,,,,,,,,,1.1449971249898794,-0.07794501494001509,-0.08650797396966804,-0.15738901755619716,-0.14567808415551198,0.07500016726067676,0.7586099670599775,-0.2545646040918579,-0.08650797396966804,-0.08708671244899614,-0.14296984138690302,0.013368190302435377,,,,,,,,,,,,,,,
ESM5GEZ6_P,E5004,UC,1,,,,,,,,,,0.6355113668111801,-0.12827475963831045,-0.28412735746914375,0.16866675580127863,-0.40082243406754137,-0.23535749704218012,0.43710124223411645,0.6440943898762682,-0.1113122162579901,0.7231543703835115,-0.19851334087751138,-0.13700894747402123,1.0128463086125343,-0.2676405387596978,,,,,,,,,,,,,,,,,,,,,,,,,,,
ESM5GEZA_P,E5004,UC,1,,,,,,,,,,-0.40113094577507963,-0.5620754651818363,-0.7353661859786096,-0.3517481590635094,-0.4182703406451333,-0.281108171724663,-0.03755381389365773,0.34942931604836325,-0.1113122162579901,-0.27036236903486954,-0.29909236633726183,-0.10924357475481376,0.12509859650394858,-0.4721905120000077,,,,,,,,,,,,,,,,,,,,,,,,,,,
ESM5ME9D_P,E5001,CD,1,,,,,,,,,,0.09713095955601236,0.31461873073312,0.1082897865899801,0.22882531786948684,-0.25559655318589347,-0.2836539320214603,0.33051797194987464,0.5907038887350005,-0.11407085113498545,0.3955978753273715,-0.25965239457905,-0.19869923359162797,0.724834560245975,-0.2603846541307405,,,,,,,,,,,,,4.743535797482699,3.136558939511532,0.6080844340081614,2.1938580037536664,0.8041100351284882,0.6676029391646704,10.276085487415536,4.475750461073943,-0.09938799855279619,0.12191055761341091,-0.1342339472220414,-0.18804986978039534,,,
ESM5ME9G_P,E5001,CD,1,,,,,,,,,,0.13176510101354943,-0.038346321063543874,0.15212187272450686,-0.17825581399868387,-0.409304850404466,-0.334645657595649,-0.0979750728695321,0.08247657767157647,-0.11407085113498545,-0.011496214529446972,-0.3363939264701503,-0.2507144627211464,-0.3175003737422465,-0.2758266306392593,,,,,,,,,,,,,-0.7630432963028894,-0.07980960612455698,-0.2327454228519667,-0.47453887063408445,-0.03856733572128994,-0.42091930934015315,-0.3824533625063941,-0.364896127771902,-0.09938799855279619,-0.2616772855433591,-0.1342339472220414,-0.29823699268813436,,,
ESM5ME9H_P,E5002,nonIBD,0,,,,,,,,,,0.38128285123052574,0.6424832594355913,0.016004730657748312,0.5931539839747669,0.47834749955017336,-0.20677107826362873,0.32403527028270046,0.8779458889989262,-0.10843274156073193,0.8404064211110739,-0.1968881467790033,-0.19842173568115942,-0.3054011248215213,-0.21426919267061964,,,,,,,,,,,,,0.021243002652571483,1.014339788042585,-0.1841434975068624,1.0517980982305926,1.1436015232824384,-0.12654828060368087,0.40892672794929746,0.4334837731396923,,-0.30847449379495695,-0.07939061616942635,0.042110681112953414,,,
ESM5ME9U,E5004,UC,1,,,,,,,,,,-0.3846193550216942,-0.6137960282708437,-0.5052401091344265,-0.5606964770347389,-0.5706244078116041,-0.20144200559323422,0.22502352170825654,0.21855531335276757,-0.1113122162579901,-0.21501579870180182,-0.29909236633726183,-0.21552070386130867,1.0456972853981412,-0.4487570200280376,,,,,,,,,,,,,-0.22679266001646012,0.10077163587192588,-0.28826309641283665,-0.3808802406975385,0.5459329345529352,-0.429644732127969,-0.366546961862665,-0.24192620739534906,-0.10370044001367282,-0.31981436954957526,-0.13812187083932795,-0.29710455056206575,,-0.09339860866723376,0.4226204841910057
ESM5MEA7_P,E5008,UC,1,,,,,,,,,,0.44148513203522183,0.376624566846194,0.4108898760299505,0.5373387978271507,0.6940852133917425,1.818691576084532,-0.05064467191545365,0.9221553801687291,-0.13833516500220164,0.004120588676903886,0.7945244474688455,0.8113194722534575,-0.5513325792100561,1.3705145183412268,,,,,,,,,,,,,-0.08433571049163392,-0.11318021427118288,-0.24634640826316948,0.4207417091665736,-0.02874026053123797,-0.19433558785373994,0.008287901884179239,-0.04921485710234348,-0.09434468921296807,3.2774536772142775,-0.13571057116566926,-0.23301540043091898,,,
ESM5MEA9_P,E5008,UC,1,,,,,,,,,,0.00037003942366667435,-0.05796043178207227,0.046949082363309566,0.13147940019798585,0.33159462366876913,0.24991601856108375,-0.24408853997101795,0.42936655790041656,-0.13833516500220164,0.32169969543309695,-0.2079626501425109,-0.04123830497071314,-0.26310670243640666,-0.29789758826092433,,,,,,,,,,,,,-0.2052785296574664,-0.14171737470489415,-0.24634640826316948,-0.4258863073140656,0.6008091453343861,-0.2699317025464076,,,,,,,,,
ESM5MEAB_P,E5008,UC,1,,,,,,,,,,-0.11802515286600339,0.10406930599492456,-0.38023175838881573,0.027897721534766783,0.14055182946268172,0.7021227422204394,-0.5894048897530206,0.3892566039795618,-0.13833516500220164,0.9079500070927867,-0.1712058456801125,0.32282521360623745,-0.7780982964375455,-0.14018894071809393,,,,,,,,,,,,,,,,,,,,,,,,,,,
ESM5MEAD,E5008,UC,1,,,,,,,,,,,,,,,,,,,,,,,,1.5510752408442592,0.36722556015821756,-0.08602647872386804,-0.6012796038184002,-0.22849015715542775,0.012623600559267523,1.8424389307594147,-0.0970981801533063,-0.08602647872386804,-0.7150240833342985,0.2463945623355578,0.15804200816145356,,,,,,,,,,,,,,,
ESM5MEAG,E5008,UC,1,,,,,,,,,,,,,,,,,,,,,,,,0.8128983386570685,-0.9035650369910252,-0.08602647872386804,4.0614288966756185,-0.36903881839319364,0.012623600559267523,0.29609216642471803,-1.7849292606582683,-0.08602647872386804,-1.0788702408382524,0.4234557542386131,0.15804200816145356,,,,,,,,,,,,,,,
ESM5MEB1,E5002,nonIBD,0,,,,,,,,,,,,,,,,,,,,,,,,0.2742136869343779,-0.22967101184415356,-0.07284643967679481,-0.274615651427781,-0.3266500123084527,0.09560573483367543,0.025244946498342174,-0.3377928645099569,-0.07284643967679481,-0.8422141026664736,-0.3663177804743048,0.030391478799598647,,,,,,,,,,,,,,,
ESM5MEB7,E5013,CD,1,,,,,,,,,,-0.7248903394541518,-1.5242281333548982,-0.365367643416795,-1.8847066563206047,-0.5126840317435722,-0.3609444962701558,-0.7838959731107916,-2.121411397225423,-0.11407085113498545,-0.5999384081027976,-0.2636196390486133,-0.22945990300437993,-0.5374494188418348,-0.3028873028806004,,,,,,,,,,,,,-0.16896718215683768,-1.06437436235825,-0.2327454228519667,-0.6611081155860344,-0.4593339858626276,1.375728128444756,-0.4484030732307447,-0.3207838115706961,-0.09938799855279619,-0.7080542879699498,-0.1342339472220414,-0.29823699268813436,,-0.10717564228878608,0.9288257303390182
ESM5MEB9,E5013,CD,1,,,,,-0.06203120058254919,-0.9949085462448779,-0.8274773181577169,1.6041233254806733,0.5641994049575532,,,,,,,,,,,,,,,1.6339889966416818,-0.03492570800200681,,0.15556726116416306,-0.26403374287213616,0.07560302623362697,1.8199685949763111,-0.23581076897759604,,0.7278070251984495,0.05711151091300139,0.06293716072304763,,,,,,,,,,,,,,,
ESM5MEB9_P,E5013,CD,1,,,,,,,,,,-0.6293300119240944,-1.692165011441405,-0.036011795357037565,-1.6939682787444443,-0.9468063651142153,-0.1898156213452509,-0.28511693114718806,-0.4523672511900944,-0.11407085113498545,-0.11018900529916334,0.03479458960303525,-0.24655820234310594,-0.44612656645272025,-0.36034285166499397,,,,,,,,,,,,,,,,,,,,,,,,,,,
ESM5MEBA_P,E5001,CD,1,,,,,,,,,,-0.12536444074722078,-0.1254165080130576,-0.4290091751507197,-0.0688199346250632,-0.5928851935173698,-0.17430146900837265,-0.17840719030491642,-0.004332501312290414,-0.11407085113498545,-0.14378810598695152,-0.3363939264701503,-0.25533028747609265,-0.4294964927660403,-0.11697496205115077,,,,,,,,,,,,,-0.07960175746920135,-0.4794468074178206,-0.2327454228519667,-0.08586017900031813,-0.5110146606843966,-0.31390724714442614,-0.27352223024918176,-0.364896127771902,-0.09938799855279619,0.457309194869061,-0.1342339472220414,-0.29823699268813436,,,
ESM5MEBE,E5001,CD,1,,,,,0.38359500322472856,0.34494168568622985,0.554699536796033,0.4621197148224342,-0.16443930666624504,0.06955079817513656,0.21726922562522988,0.31145940256330856,-0.19852990761219652,-0.43233643617105233,-0.17859862356518907,-0.13000984847449504,-0.0880527334117119,-0.11407085113498545,-0.02506615817337557,-0.16940771271412783,-0.31405878495890116,0.06723787872711585,-0.29282878751140917,,,,,,,,,,,,,,,,,,,,,,,,,,,
ESM5MEBG,E5001,CD,1,,,,,0.3930892691892842,0.6960082088514884,0.14060339803721372,0.25968018474430643,-0.7239239319397328,-0.25768922391126825,0.0033299673104205084,0.3709407791546885,-0.2502698329834193,-0.25228772518198317,-0.2544949816117705,-0.06132773219382833,-0.18628143064872,-0.11407085113498545,-0.31282965462060536,-0.23899467925031803,-0.14726890519332334,-0.08228070017386806,-0.23277364158131955,,,,,,,,,,,,,0.15420276432074934,0.3381653022408888,-0.07955861816832989,0.3222458495069638,-0.24130960945962615,-0.4597616589330055,-0.036391250683918915,0.7535618239069165,-0.09938799855279619,-0.38251178997172225,0.6854391599704598,-0.29823699268813436,,-0.10717564228878608,0.40251114698374196
ESM5MEBI,E5001,CD,1,,,,,,,,,,-0.3298623211842024,-0.12235869199240025,-0.4375984094423141,0.08672466035254928,-0.1639007412188497,-0.06493553437587965,0.40136991110424464,-0.013537922559024466,-0.11407085113498545,0.40895989096098795,-0.3363939264701503,-0.2184124761507943,0.2413986536337975,-0.2947350104656833,,,,,,,,,,,,,,,,,,,,,,,,,,,
ESM5MEBL,E5008,UC,1,,,,,,,,,,,,,,,,,,,,,,,,0.4072936032510364,-0.056371305558196715,-0.08602647872386804,0.581506657272197,0.1269657794971379,0.012623600559267523,-0.02719011142393116,-0.6597085403216271,-0.08602647872386804,-0.2030421979955916,0.6471904376353783,0.15804200816145356,,,,,,,,,,,,,,,
ESM5MEBP,E5002,nonIBD,0,,,,,,,,,,,,,,,,,,,,,,,,1.493325474281545,-0.22967101184415356,8.207365536918882,-0.274615651427781,-0.05561350305700697,0.09560573483367543,1.6461759076305926,-0.3377928645099569,8.207365536918882,-0.18950180663358096,-0.2946227360106183,0.030391478799598647,,,,,,,,,,,,,,,
ESM5MEBP_P,E5002,nonIBD,0,,,,,,,,,,0.6111592141148265,0.7697892698171056,0.4893525045186186,0.8469823866162105,0.4786872303679225,-0.24350775981306516,0.5324052220743294,0.4235809821594272,-0.10843274156073193,0.19976396146630004,-0.10982611087227039,0.041124820644892014,-0.021789583239646665,-0.17665855930509117,,,,,,,,,,,,,6.82944178474332,2.528914100084827,-0.094731468310934,2.8469774312621614,0.39251060792977355,2.5638334116420154,8.141154278549932,0.11305339650112119,,15.634512477830635,-0.07939061616942635,0.6929009520381139,,,
ESM5MEBS,E5004,UC,1,,,,,,,,,,-0.38453690518821737,-0.6559279078666636,-0.34126993251847487,-0.41926816817925494,-0.44682828765004723,0.3077978051982181,0.7896103523606303,1.2663841096043065,-0.1113122162579901,-0.22263038346355643,-0.29909236633726183,-0.16704380563932372,0.7300746676748544,-0.5410482137687302,,,,,,,,,,,,,-0.06872960824279642,0.014123142220508474,-0.28826309641283665,-0.41541155880206787,-0.24136398151605554,-0.36076894156520783,-0.2722941828200381,-0.19582086296684156,-0.10370044001367282,-0.2190097530250142,-0.13812187083932795,-0.20096655427691848,,,
ESM5MEBU,E5004,UC,1,,,,,0.433349370058823,0.3891275712189827,0.2006519576130089,-0.0020044845178762275,-0.05067511273756679,0.6013826020410479,-0.24181006498382146,-0.35863254205401335,-0.27721409164202615,-0.4341594166221244,-0.22661439883779433,0.4564038073617888,-0.05618751845984957,-0.1113122162579901,0.25143142986724376,-0.29909236633726183,-0.21688921546558762,1.4529241942385722,-0.47509349639365345,0.5187829695859544,-0.030234662901862334,-0.08650797396966804,-0.04271705037290844,0.3888424888321651,0.07500016726067676,0.3015435958235054,-0.2545646040918579,-0.08650797396966804,-0.4529837381814338,0.3953619636596583,0.013368190302435377,-0.3172561010228727,-0.6526249902203521,-0.28826309641283665,-0.4039228522232395,-0.8101795561681927,-0.6745238723454559,-0.32109951865594394,0.006350981442403317,-0.10370044001367282,-0.3826684064378284,-0.13812187083932795,-0.29710455056206575,,-0.09339860866723376,0.8859526323139926
ESM5MEC3,E5004,UC,1,,,,,,,,,,-0.5411855233221997,-0.7543044400973211,-0.38791070297407226,-0.38854068609072195,-0.5259430454071334,-0.2352382311722441,-0.2544528134006284,0.7146913583684693,-0.1113122162579901,0.020691917946557767,-0.29909236633726183,-0.21163143126418094,0.5086626411175197,-0.3641289526170353,,,,,,,,,,,,,,,,,,,,,,,,,,,
ESM5MEC5,E5004,UC,1,,,,,0.5722373244960384,-0.6128531976253274,-0.32224059589901777,0.26690152153312197,-0.12969794529621054,0.05773899081386095,-0.25356319559862794,-0.759489105304305,-0.31203200498743555,-0.45071077558262773,-0.21527356013716098,-0.4481144454511726,0.09888064104196438,-0.1113122162579901,-0.2309280828869744,-0.2473311133705037,-0.2145259456578772,0.2058576518510184,-0.38102541220953406,-1.3419601161516936,-0.04103124769979984,-0.08650797396966804,0.0027242667444557374,-0.10923977776429165,0.07500016726067676,-0.9545472577117861,-0.2545646040918579,-0.08650797396966804,-0.8045630301157255,-0.39061266963295516,0.013368190302435377,,,,,,,,,,,,,,,
ESM5MEC7_P,E5022,UC,1,,,,,,,,,,0.6656900778488136,1.177169289811534,-0.2734433244456854,1.2616953431063431,1.4355048456947326,-0.00962050082095382,0.17320733430986043,0.32233353189531455,-0.10843274156073193,0.3365817322983804,0.11251287798773472,-0.27798085066662676,0.256036688136208,-0.2111164760580044,,,,,,,,,,,,,,,,,,,,,,,,,,,
ESM5MEC9,E5004,UC,1,,,,,,,,,,-0.21672520942719103,-0.6762481289246306,0.0310020205179202,-0.8277660168930044,-0.4258595703674169,-0.16226909596238645,0.4382327022474109,-0.4578587913515157,-0.1113122162579901,0.13919321503852444,-0.290923736256963,-0.20056688007471923,-0.2244101436539784,-0.5499903684417454,,,,,,,,,,,,,,,,,,,,,,,,,,,
ESM5MECL,E5001,CD,1,,,,,2.248808308776184,0.6004370915900697,0.4253880223606323,1.3519792079696589,-0.44417637513768365,-0.24901147069341598,0.09387596127569862,0.15628319423559098,0.2794988001382148,-0.23049596816240933,-0.2398076051932499,0.055904246288450955,0.20195129493492886,-0.11407085113498545,0.6380780785923195,-0.3363939264701503,-0.2993194439391162,-0.08594090635010114,-0.3766182487512634,,,,,,,,,,,,,1.4153002174005265,2.8745759020243478,-0.2327454228519667,2.5407613952643837,1.0767288187235526,0.33555934097716994,-0.8794089908225357,2.8072932044469594,-0.09938799855279619,-1.0784200871595768,-0.1342339472220414,-0.29823699268813436,,-0.10717564228878608,0.35447181557536067
ESM5MECQ,E5001,CD,1,,,,,,,,,,-0.29434894120370186,-0.008757018928954238,-0.4004823922138167,-0.25000111506342837,-0.26371881789903984,-0.30136003587402954,0.013969392697045918,0.20845022074625907,-0.11407085113498545,-0.08732119496779013,-0.3363939264701503,-0.04617982584619639,-0.32820616346591747,-0.3231390203613716,,,,,,,,,,,,,,,,,,,,,,,,,,,
ESM5MED2,E5013,CD,1,,,,,,,,,,-0.8714191279106541,-1.312866797924352,-0.19133777411749478,-1.7453937046805645,-0.32985735486263645,0.25593027132772883,-1.1395092480816735,-1.3410793535278347,-0.11407085113498545,-0.6855799313325548,0.546188101407619,0.4965073383654877,-0.3529486785816368,0.047763552633913936,,,,,,,,,,,,,-1.0561425421382442,-1.5361639196105648,-0.2327454228519667,-0.37435326653208684,1.0961674982898608,0.25754318916922075,-0.7223185549711048,-1.1376363832526826,-0.09938799855279619,-0.262786638990243,-0.1342339472220414,-0.29823699268813436,,-0.10717564228878608,0.14023806228766453
ESM5MEDD,E5009,CD,1,,,,,0.6450896443244177,-0.7489171180993273,-1.3023884760643163,0.27458863749130147,-1.006297154210037,-0.2508983028752498,-0.3622498588218595,-0.08050977066937091,-0.28886055518958426,-0.11256139860658698,-0.4428363792669405,-0.74043385471036,-0.6506059060728395,-0.1462064739465535,-0.5352742912922858,-0.25076581913326684,-0.3133983579003861,0.22585744908365907,-0.4079993780294967,-1.2260779843149119,-1.0580452224289412,-0.08813052984784635,0.6024722169756657,0.28667822178957186,0.15455173581269654,-0.7749046894189127,0.02851524086265605,-0.08813052984784635,-0.09899998676910823,-0.5203281005997527,0.07869356735747605,,,,,,,,,,,,,,,
ESM5MEDF,E5009,CD,1,,,,,,,,,,-0.5063798270413626,-0.4748338320519069,0.062074293333368544,0.25713544353915996,-0.915051609199943,0.0822539753664031,0.5019713281903815,1.4323724066088561,-0.1462064739465535,0.3063064440357597,-0.28816899928209383,-0.2078002913716908,1.4453985247742192,-0.04147987619944246,,,,,,,,,,,,,-0.44312566760908617,-0.35208211935000977,-0.18469106377590472,-0.7670840727130356,-0.3421488542547585,-0.10520811890574813,-0.1713322550261023,0.0014625879951832453,-0.10429053397097302,-0.2589877540010748,-0.18010567816992895,-0.33431691792771256,,-0.11241482424008134,-0.6689173639884077
ESM5MEDK,E5009,CD,1,,,,,,,,,,-0.4804063557509228,-0.3430927974917649,-0.16258949536626832,-0.41882878620894703,-0.41389665524130054,-0.44592315868634663,-0.4784492278380275,-0.5690005634067159,-0.1462064739465535,-0.431818020541841,-0.321418725663757,-0.3464752479406566,0.08365195430999746,-0.4792556084934804,,,,,,,,,,,,,,,,,,,,,,,,,,,
ESM5MEDN,E5009,CD,1,,,,,-0.3876440097239551,-1.0393436040768502,-1.1275419603189674,0.1762403385012239,-0.259498367635768,-0.46899430885213933,-0.16862049369165616,0.3556093040337256,-0.09827681739874479,-0.13950805242057865,0.36042309758809415,-0.5157254232445695,-0.46231635746453276,-0.1462064739465535,-0.3419570588097162,-0.2853791873843209,0.40954412556972275,0.5701662177200617,-0.2677264901858347,0.2763373608662316,0.027211030075340058,-0.08813052984784635,-0.08585805684975932,0.20876077163794732,0.15455173581269654,-1.0690622165078487,0.4169625077585363,-0.08813052984784635,-0.03510391416842733,0.18121176881580978,0.07869356735747605,-0.21839680491510155,-0.35293334453448044,-0.18469106377590472,-0.25682975192139684,-0.055729886308078666,-0.2982019594780399,-0.1713322550261023,0.09802834010234648,-0.10429053397097302,-0.42073934291947845,-0.18010567816992895,-0.33431691792771256,,-0.11241482424008134,-0.207602939437632
ESM5MEDP_P,E5009,CD,1,,,,,,,,,,-0.2743843969383352,-0.22671479564530983,-0.17092789362774738,-0.34496585927383133,0.1337596599096031,-0.5134564599284135,-0.25425106694224503,-0.6859345214092647,-0.1462064739465535,-0.36404422227148764,-0.3191906353216303,-0.34707035406501824,0.08948041423122663,-0.44876802137971844,,,,,,,,,,,,,,,,,,,,,,,,,,,
ESM5MEDU,E5004,UC,1,,,,,,,,,,-0.36573178187937383,-0.2579249993884844,-0.26885877596683044,-0.40693041533826413,-0.45713727974915747,-0.2204833420374287,-0.18852534402196133,0.0653659350152959,-0.1113122162579901,-0.5345634793152647,-0.29909236633726183,-0.21599681766744128,-0.3865869636147026,-0.2907131104990746,,,,,,,,,,,,,,,,,,,,,,,,,,,
ESM5MEDZ,E5001,CD,1,,,,,2.526523718883667,0.2683131287537996,0.92334487620303,0.3423362622737951,0.549006146551414,,,,,,,,,,,,,,,,,,,,,,,,,,,,,,,,,,,,,,,,,
ESM5MEDZ_P,E5001,CD,1,,,,,,,,,,0.6101731403850037,0.2625558167102906,0.5754405918969805,0.2656829086541327,-0.120112240641411,-0.03528262758934187,0.2663457507133114,0.21452670471632346,-0.11407085113498545,0.3456503691122561,-0.3363939264701503,-0.28739880330991985,0.007960403970273219,-0.11801966174947708,,,,,,,,,,,,,5.3517687427969385,4.549730049956506,-0.2327454228519667,4.546962797263405,2.9542709187202463,2.0024965297007786,2.21879094707955,0.6593416504557542,-0.09938799855279619,2.361022122745287,-0.1342339472220414,-0.12317201434155765,,,
ESM5MEE2_P,E5001,CD,1,,,,,,,,,,-0.1302573420011242,-0.050678395858118876,0.8286110981917375,0.04662783004009398,-0.22537956736968542,-0.08509099338708598,-0.06466247924666467,0.3000702792578416,-0.11407085113498545,0.10989615680445437,-0.3363939264701503,-0.04755283955954467,-0.6853000913860525,-0.38056464475815754,,,,,,,,,,,,,1.3980534165309193,1.2268047801138984,0.11362612761774533,0.8453737846239958,0.7712148529066806,1.0607124649126722,-0.568330440865971,0.4406124745820775,-0.09938799855279619,-0.2121107753315287,-0.1342339472220414,-0.29823699268813436,,,
ESM5MEE6_P,E5001,CD,1,,,,,,,,,,-0.015329008154004984,0.15411806631290528,0.41031641243235595,0.13943660390830945,-0.20913775149516065,-0.180512108291211,-0.14819359698752296,-0.02663944901508133,-0.11407085113498545,0.2724418801056082,-0.2205813066597366,-0.25055356983254634,0.21532089315643413,-0.09540766118453108,,,,,,,,,,,,,1.3815616677281317,1.9714045986213293,0.02493991631746154,1.6742302004160474,1.2295953304298057,0.17786731744559744,1.3953890848799417,2.1828395111870527,-0.09938799855279619,-0.4555371805023603,-0.1342339472220414,-0.09904820897180419,,,
ESM5MEEB,E5001,CD,1,,,,,0.6150729554729312,-0.3275431128822282,0.3420689905015024,-0.1751897102303444,-0.2221193379335425,,,,,,,,,,,,,,,,,,,,,,,,,,,,,,,,,,,,,,,,,
ESM5MEEG,E5004,UC,1,,,,,1.788357767471133,0.5466159115784831,0.8037819403268206,1.3866003688903772,0.6722656797036671,,,,,,,,,,,,,,,0.9338607842002568,-0.07794501494001509,-0.08650797396966804,0.2955450826543549,-0.2633990347562232,0.07500016726067676,0.7586099670599775,-0.2545646040918579,-0.08650797396966804,0.6628105667302485,-0.3108916490219447,0.013368190302435377,,,,,,,,,,,,,,,
ESM5MEEJ_P,E5004,UC,1,,,,,,,,,,-0.5965640057497373,-0.012066645567121902,-0.47659155312890744,-0.04849126924791994,-0.3637450701569092,-0.17136052670272828,-0.28037974041305425,0.1760349592249441,-0.1113122162579901,-0.38095016251807357,-0.29909236633726183,-0.1551728736457041,-0.3098114095802698,-0.4225741393432579,,,,,,,,,,,,,0.7169171494499111,-0.7582405543448991,-0.28826309641283665,-0.37096743879446903,0.18197770641962255,-0.429644732127969,0.40795171301133326,0.9189493470455671,-0.10370044001367282,-0.1101637901886117,-0.13812187083932795,-0.29710455056206575,,,
ESM5MEET,E5002,nonIBD,0,,,,,,,,,,,,,,,,,,,,,,,,1.4043160016718899,-0.22967101184415356,-0.07284643967679481,-0.274615651427781,0.02490860328844343,0.09560573483367543,1.6461759076305926,-0.3377928645099569,-0.07284643967679481,-0.18950180663358096,-0.03565923567125712,0.030391478799598647,,,,,,,,,,,,,,,
ESM6ZK8Z,E5009,CD,1,,,0.36470852002356396,0.018083187461758746,,,,,,,,,,,,,,,,,,,,,,,,,,,,,,,,,,,,,,,,,,,,,,
ESM718SY,E5004,UC,1,,,,,-0.6743856570144702,-0.11897359622451541,0.6070729780162559,-0.8012197959616962,0.575041153861817,-0.047368089433940774,-0.4235836717556033,-0.30811146084644464,-0.3835161056181163,-0.49378188786590577,-0.2377504280578759,0.1610864396639327,0.18924237864083637,-0.1113122162579901,-0.10290736068613701,-0.29909236633726183,-0.21569129106576462,0.9753361262589803,-0.47521770439490746,-0.9776850221913898,-1.2506502502331291,-0.08650797396966804,3.22537985288187,-0.2521798783005448,0.07500016726067676,-1.0471022043883607,0.055472931946663834,-0.08650797396966804,1.2675007174208928,-0.5585344772679968,0.013368190302435377,,,,,,,,,,,,,,,
ESM718T7,E5013,CD,1,,,,,,,,,,-0.5712533436897755,-1.0422219844905594,-0.4530838305389595,-1.4137255939186282,-0.4030337513172057,-0.23908095018385073,-0.2822171462533739,-1.3947342768507078,-0.11407085113498545,-0.6836650016863477,-0.3363939264701503,-0.265739357636391,-0.5070952312181763,-0.44392368676603183,,,,,,,,,,,,,-0.45979479691563924,-0.6028044696071914,-0.2327454228519667,-1.013573114309616,-0.7171902650348949,-0.4575671068440312,-0.34909849378178015,-0.3701138334106533,-0.09938799855279619,-0.6905780412972393,-0.1342339472220414,-0.29823699268813436,,-0.10717564228878608,-0.6238359512897356
ESM718T9,E5013,CD,1,,,,,,,,,,-1.3814692805261815,-1.140786046370145,-0.21802893466298062,-1.5982274141476696,-0.3270341690106972,-0.13532100911001305,-0.779344280211536,-1.4501108915484013,-0.11407085113498545,-0.5603036986342306,-0.3363939264701503,-0.1428030244896952,-0.3526317279181263,-0.36467955959834697,,,,,,,,,,,,,,,,,,,,,,,,,,,
ESM718TF,E5013,CD,1,,,,,0.1236014880067487,-0.4055905336818155,0.649508828122665,0.21725364620316862,1.3684605397743848,-1.9841584716612504,-1.205156183037916,-0.10040103744084973,-2.02201790313101,-0.2706992837380439,-0.2769661090268269,-1.5677624785088202,-0.6744048277146565,-0.11407085113498545,-1.2344046732641347,-0.29897345796121627,-0.1658348902680275,-0.19358585079078755,-0.020247094231612976,,,,,,,,,,,,,-1.0531891918807683,-1.3353418642602108,0.10401578034777798,-0.7089374215223454,1.0156746028492227,0.00042886591516253506,-0.5838193569377005,-0.05821200822207111,-0.09938799855279619,0.1454732802426859,-0.1342339472220414,-0.29823699268813436,,-0.10717564228878608,-0.41050408360730356
ESM718TK,E5013,CD,1,,,,,,,,,,-0.7850341952805591,-0.443773629904264,-0.27083575250608266,-1.1406028480691062,-0.18019267604235026,1.6777228677081637,-0.2104514652818673,0.6090913873446056,-0.11407085113498545,0.3590468149924256,-0.3363939264701503,3.2242735021099844,-0.2323895865220773,0.4071026094690614,,,,,,,,,,,,,-0.6832556256868064,-1.2449060717830092,-0.2327454228519667,-1.6781975706832606,0.23845446865246464,0.38105350521548065,-1.2966479285611934,-0.7003524205297013,-0.09938799855279619,0.4085905864989591,-0.1342339472220414,-0.29823699268813436,,-0.10717564228878608,-0.6771888855679097
ESM718TM,E5013,CD,1,,,,,-0.8639618278593773,-1.2084076751615769,-0.2121438394347852,0.27053755426872705,0.733601267638749,-1.0787262340586392,-1.9463738259692793,0.05952267185767029,-1.9009245968109136,-0.4673773178319428,-0.47506459860540023,-1.0428301985008677,-1.566847253802307,-0.11407085113498545,-0.5624306390310366,-0.3363939264701503,-0.24300942092186031,-0.38623007752169286,-0.29938022841381673,0.7938613632505749,-0.03492570800200681,,-0.1444112070552874,-0.11219153979173188,0.07560302623362697,-0.000880889603692319,-0.23581076897759604,,0.004307276356582939,-0.208150375760826,0.06293716072304763,,,,,,,,,,,,,,,
ESM718U9_P,E5023,CD,1,,,,,,,,,,0.12692648271965412,0.07989752260472856,0.21033449253628758,1.115954406162609,-0.034546431008497455,0.16321054226192122,-0.2587596756052659,1.2261119028812795,-0.1462064739465535,0.7812167193290583,1.304255553812683,0.43747659877580847,-0.11244857340194656,1.7770535318001237,,,,,,,,,,,,,,,,,,,,,,,,,,,
ESM718UH,E5009,CD,1,,,,,0.19795475436024906,-1.1499612037864224,-1.210872934789988,0.3226809955411976,-1.140326774928942,-0.8479621921293725,-0.7214803487862288,-0.1535224803630157,-0.8290780631608516,-0.29585866243255765,-0.40122314611546844,-0.8266856442060011,-0.8614115822708985,-0.1462064739465535,-0.710838693112366,-0.3214709155115743,-0.35525011216469726,0.10825730789648493,-0.3151842170470016,-0.3281758690014356,0.066097998161462,-0.08813052984784635,-0.6040320195640668,-0.5156207785175154,0.15455173581269654,-0.6254095662561358,-0.3599320260332242,-0.08813052984784635,-0.09899998676910823,-0.2874155558757836,0.07869356735747605,,,,,,,,,,,,,,,
ESM718V4,E5013,CD,1,,,,,,,,,,-1.2009049893557528,-0.3764070594451524,-0.1888776551576513,-0.9475221505100323,-0.16357321820450788,0.5068665325440743,-0.8514399723939585,1.4753671441809888,-0.11407085113498545,1.1406629200168281,-0.14866919742171658,1.4652864994234829,-0.21530768961861035,1.4631245811073952,,,,,,,,,,,,,,,,,,,,,,,,,,,
ESM718V8,E5013,CD,1,,,,,0.4045615272262977,-1.3631357874757473,-0.9771391570000305,-0.651382999380636,-0.7537905190222189,-0.6909002227268464,-1.4031706131571522,0.15116392972297601,-1.643000363042652,-0.44160478081692606,-0.30604743494942327,-0.8452673570791505,-1.3622350186234777,-0.11407085113498545,-1.0793920912985002,-0.3196759160021805,-0.27263240899572727,0.01117816722834739,-0.2509412169356666,0.8370923606356258,-0.03492570800200681,,-0.20356176875780368,-0.11219153979173188,0.07560302623362697,0.0007438794847254439,-0.23581076897759604,,0.004307276356582939,-0.208150375760826,0.06293716072304763,-0.4607980019916872,-1.4026359051000685,-0.2327454228519667,-1.0929115299604528,-0.8307339025213607,-0.4575671068440312,-0.23106548807388977,-0.28437455864362204,-0.09938799855279619,-0.2401684222341283,-0.1342339472220414,-0.29823699268813436,,-0.10717564228878608,0.683684943128737
ESM7F5AE_P,E5019,CD,1,,,,,,,,,,0.26732045945759964,0.6116817629661278,0.47580568121321676,0.7622254477934662,0.19491801387147895,-0.04556379704490307,0.24014381720220435,-0.1531401349749774,-0.10843274156073193,0.78287032135291,-0.13554603563814324,-0.1918910355034208,0.28000281446500236,-0.17599479092616127,,,,,,,,,,,,,,,,,,,,,,,,,,,
ESM7F5AK,E5009,CD,1,,,,,0.6762618101535078,-1.0528217419688526,-2.0857216921576414,0.5435145678460972,-1.8865400246239674,-1.1492556795006548,-0.607026077985021,-0.026601886474236232,-0.4959827446601538,-0.908377800745573,-0.18983652377309898,-1.1817367382412338,-0.6213978539790613,-0.1462064739465535,-0.32363915639254026,-0.3461462799823559,-0.3524162757595828,0.18572310231046787,-0.503061325547238,,,,,,,,,,,,,-0.6636552757035882,-1.2340476003275302,-0.18469106377590472,-0.923905980473115,-1.8416841844138905,-0.5070118242428123,-0.4903535184851227,-1.3136277202024251,-0.10429053397097302,-0.22888549242943254,-0.18010567816992895,-0.33431691792771256,,,
ESM7F5AM,E5009,CD,1,,,,,,,,,,-0.776182549295556,-0.8584540503874992,-0.1627234512233643,-1.0691682948110284,-0.32448852767071407,-0.3334620332493318,-0.5822595615480172,-0.5253586869473922,-0.1462064739465535,-0.41533833945318566,-0.3461462799823559,-0.35432032474260416,0.20264645599890763,-0.39420846629476775,,,,,,,,,,,,,,,,,,,,,,,,,,,
ESM7F5AO,E5009,CD,1,,,,,,,,,,,,,,,,,,,,,,,,-0.29179430280692953,0.0535119710234029,-0.08813052984784635,0.4281971762839677,-0.5402426457517776,0.15455173581269654,-0.7716659725254922,-0.3599320260332242,-0.08813052984784635,-0.2913275065560438,0.08652877045777983,0.07869356735747605,,,,,,,,,,,,,,,
ESM7F5BL,E5004,UC,1,,,,,,,,,,,,,,,,,,,,,,,,0.7840571663953907,-0.07794501494001509,-0.08650797396966804,-0.08611041657233977,-0.3183358240684199,0.07500016726067676,0.3045074441056679,-0.2545646040918579,-0.08650797396966804,1.4173302156676693,-0.14296984138690302,0.013368190302435377,,,,,,,,,,,,,,,
ESM7F5C5,E5013,CD,1,,,,,,,,,,-0.87510292386328,-1.4963521688735446,-0.2695518502989962,-2.174491479304011,-0.2557046441436085,-0.20191031269604484,-0.722725755755468,-1.7074564839637363,-0.11407085113498545,-0.8927036982191061,-0.3363939264701503,-0.27070105429008046,-0.8515625986139109,-0.5092849920807283,-0.8731575850594347,-0.03492570800200681,,-0.3216051126621231,-0.34263070680200386,0.07560302623362697,-0.8722957937416145,-0.23581076897759604,,-0.28739898701882766,-0.5655521347096422,0.06293716072304763,-1.6168783352490779,-1.5296353446446662,-0.2327454228519667,-1.7540540794274557,-0.4938405268538849,-0.4483441916874028,-1.2804809305082647,-0.5717890443720837,-0.09938799855279619,0.20904542966343861,-0.1342339472220414,-0.29823699268813436,,-0.10717564228878608,0.0340805642249614
ESM7F5C7,E5013,CD,1,,,,,,,,,,-1.17943690099746,-1.464062485065219,-0.11116027641942908,-1.591222318766947,-0.1665459583497957,-0.015195202358847415,-0.3511999510321901,-1.0388335137736466,-0.11407085113498545,0.20046403686667097,0.040569209914778664,1.1486035090127633,-0.4396803371453601,0.5109424723023307,,,,,,,,,,,,,,,,,,,,,,,,,,,
ESM7F5CB,E5009,CD,1,,,,,,,,,,-0.6410652169549184,-0.5983280062271165,-0.19802961371537675,-1.0760995033510146,-0.30285555404281,-0.3334620332493318,0.049549612615117464,-0.6345850566856681,-0.1462064739465535,-0.5883846284321423,-0.3461462799823559,-0.35432032474260416,0.19953418161064426,-0.2899725369186981,,,,,,,,,,,,,,,,,,,,,,,,,,-0.11241482424008134,-1.854668868164472
ESM7F5CD,E5009,CD,1,,,,,,,,,,-0.795501853613867,-0.7450920229445126,-0.2114716841435568,-1.102419441286986,-0.38065767350790364,0.06770707140692156,-0.5668285724516203,-0.7783978366207976,-0.1462064739465535,-0.348683114274433,-0.3461462799823559,-0.3465563642406646,0.09396614651816555,-0.3529812951431704,-0.027719120386528802,0.08761395366722986,-0.08813052984784635,-0.24052636118212511,0.07921541391948597,-2.757021956916883,-0.35847653097912635,-0.3599320260332242,-0.08813052984784635,-0.03510391416842733,-0.1201384398497693,0.07869356735747605,,,,,,,,,,,,,,,
ESM7F5CF,E5009,CD,1,,,,,,,,,,-0.7954660797549961,-1.0208812615938907,-0.08935484618012847,-1.2430177891657384,-0.6435841182291969,-0.1097329750613481,-0.22104665327052062,-0.7068765930455211,-0.1462064739465535,-0.33845450500792995,-0.3461462799823559,-0.31779771880010366,0.20625813237328755,-0.36980665248894157,,,,,,,,,,,,,,,,,,,,,,,,,,,
ESM9IEP1,E5013,CD,1,,,,,-0.9014073935369739,-1.6883067244048329,-1.5948520794247683,0.7488602000310226,-0.12573621963553241,-1.0148841592770612,-1.1076255310356085,-0.29982986199028605,-1.3240403091749404,-0.4793961343283454,-0.3301921179749349,-0.2665770031146781,-1.0537771704226258,-0.11407085113498545,-0.4836249282402322,-0.6216574530203642,-0.2267528413780977,-0.295995117065336,0.12942616634702842,-0.4503139419201231,-0.03492570800200681,,-0.20356176875780368,-0.20799330356299853,0.07560302623362697,0.3165588248317901,-0.23581076897759604,,0.004307276356582939,-0.987643505335573,0.06293716072304763,,,,,,,,,,,,,,,
ESM9IEP5,E5009,CD,1,,,,,0.1900267460971771,-0.1451370871989194,-1.6782323883731147,0.14903415342654888,-1.3123457890981665,,,,,,,,,,,,,,,-1.2538941056532542,0.027211030075340058,-0.08813052984784635,-0.6438401419976881,0.4880259495582009,0.15455173581269654,-1.1494103959310589,0.5420145963545299,-0.08813052984784635,0.7085126503390903,-0.5940724448794416,0.07869356735747605,,,,,,,,,,,,,,,
HSM5FZAE,H4001,CD,1,,,-0.5968381592067191,1.9679928517537737,,,,,,,,,,,,,,,,,,,,,,,,,,,,,,,,,,,,,,,,,,,,,,
HSM5FZAH,H4001,CD,1,,,1.0996587180951547,2.5082686993317207,,,,,,,,,,,,,,,,,,,,,,,,,,,,,,,,,,,,,,,,,,,,,,
HSM5FZAM,H4004,CD,1,,,0.42576622595591174,-0.368402928372691,,,,,,,,,,,,,,,,,,,,,,,,,,,,,,,,,,,,,,,,,,,,,,
HSM5FZAN,H4004,CD,1,,,1.240663134863754,-0.5313042744891284,,,,,,,,,,,,,,,,,,,,,,,,,,,,,,,,,,,,,,,,,,,,,,
HSM5FZAQ,H4006,CD,1,,,-1.1850866902561854,-0.5946571439817623,,,,,,,,,,,,,,,,,,,,,,,,,,,,,,,,,,,,,,,,,,,,,,
HSM5FZAR,H4006,CD,1,,,1.3275337023960208,1.538193486016131,,,,,,,,,,,,,,,,,,,,,,,,,,,,,,,,,,,,,,,,,,,,,,
HSM5FZAS,H4017,CD,1,,,0.7198890229035637,0.40067440409652494,,,,,,,,,,,,,,,,,,,,,,,,,,,,,,,,,,,,,,,,,,,,,,
HSM5FZAT,H4017,CD,1,,,-0.7782212872776721,-0.17543870271470968,,,,,,,,,,,,,,,,,,,,,,,,,,,,,,,,,,,,,,,,,,,,,,
HSM5FZAU,H4017,CD,1,,,0.5484023360418013,0.5476677547734407,,,,,,,,,,,,,,,,,,,,,,,,,,,,,,,,,,,,,,,,,,,,,,
HSM5FZAV,H4016,nonIBD,0,,,0.24737136061122994,-0.8235365913963717,,,,,,,,,,,,,,,,,,,,,,,,,,,,,,,,,,,,,,,,,,,,,,
HSM5FZAW,H4016,nonIBD,0,,,-0.22457261719269672,-0.4050355198895371,,,,,,,,,,,,,,,,,,,,,,,,,,,,,,,,,,,,,,,,,,,,,,
HSM5FZAX,H4016,nonIBD,0,,,-1.8989771173450507,-0.24770201522680244,,,,,,,,,,,,,,,,,,,,,,,,,,,,,,,,,,,,,,,,,,,,,,
HSM5FZAY,H4015,CD,1,,,-0.9958013636855038,-0.01309990427821101,,,,,,,,,,,,,,,,,,,,,,,,,,,,,,,,,,,,,,,,,,,,,,
HSM5FZAZ,H4015,CD,1,,,-1.4041734145356592,-3.698141559993201,,,,,,,,,,,,,,,,,,,,,,,,,,,,,,,,,,,,,,,,,,,,,,
HSM5FZB1,H4015,CD,1,,,0.8941907853604532,0.2140845983619869,,,,,,,,,,,,,,,,,,,,,,,,,,,,,,,,,,,,,,,,,,,,,,
HSM5FZB2,H4014,CD,1,,,0.8138078962834857,0.2718558613438734,,,,,,,,,,,,,,,,,,,,,,,,,,,,,,,,,,,,,,,,,,,,,,
HSM5FZB3,H4014,CD,1,,,0.655637430923547,-0.18797344119495946,,,,,,,,,,,,,,,,,,,,,,,,,,,,,,,,,,,,,,,,,,,,,,
HSM5FZB4,H4013,nonIBD,0,,,-2.0188757211729307,-1.12914656924723,,,,,,,,,,,,,,,,,,,,,,,,,,,,,,,,,,,,,,,,,,,,,,
HSM5FZB5,H4013,nonIBD,0,,,0.40903537359694403,0.6735093458859684,,,,,,,,,,,,,,,,,,,,,,,,,,,,,,,,,,,,,,,,,,,,,,
HSM5FZBB,H4010,UC,1,,,0.8867127524735503,0.2679948827768842,,,,,,,,,,,,,,,,,,,,,,,,,,,,,,,,,,,,,,,,,,,,,,
HSM5FZBC,H4010,UC,1,,,-1.4679602379701004,0.2763393923929745,,,,,,,,,,,,,,,,,,,,,,,,,,,,,,,,,,,,,,,,,,,,,,
HSM5FZBD,H4009,nonIBD,0,,,0.1603258868055705,-0.6200250763641949,,,,,,,,,,,,,,,,,,,,,,,,,,,,,,,,,,,,,,,,,,,,,,
HSM5FZBE,H4009,nonIBD,0,,,-0.7571494367740513,-0.22423100413504246,,,,,,,,,,,,,,,,,,,,,,,,,,,,,,,,,,,,,,,,,,,,,,
HSM5FZBF,H4007,CD,1,,,0.9508703847849905,1.7725594066618189,,,,,,,,,,,,,,,,,,,,,,,,,,,,,,,,,,,,,,,,,,,,,,
HSM5FZBG,H4007,CD,1,,,0.9257213580329918,1.7588388079137047,,,,,,,,,,,,,,,,,,,,,,,,,,,,,,,,,,,,,,,,,,,,,,
HSM5FZBH,H4008,nonIBD,0,,,0.7892402915666504,0.14698436385799954,,,,,,,,,,,,,,,,,,,,,,,,,,,,,,,,,,,,,,,,,,,,,,
HSM5FZBI,H4008,nonIBD,0,,,-1.2194504720930996,-0.16497296758973842,,,,,,,,,,,,,,,,,,,,,,,,,,,,,,,,,,,,,,,,,,,,,,
HSM5FZBJ,H4001,CD,1,,,,,-0.4205263267655839,1.048483521349912,1.0835651009927811,0.08733749145280423,1.2379564911476315,,,,,,,,,,,,,,,1.493325474281545,-0.4589870672567324,-0.07284643967679481,-0.274615651427781,3.3861973493896724,0.09560573483367543,1.6461759076305926,-0.4799876642165609,-0.07284643967679481,-0.18950180663358096,0.7288004177783932,0.030391478799598647,,,,,,,,,,,,,,,
HSM5FZBP_P,H4001,CD,1,,,,,,,,,,-0.10208320272110585,0.15199496444152352,-0.21956548963920255,0.1875611371709335,0.23493046291450362,-0.16837287806439719,0.31807376595712133,0.5827737930050747,-0.10843274156073193,0.5972659248902754,0.41970477839944104,-0.3695680109207892,0.5262081305149565,-0.22852961675877745,,,,,,,,,,,,,2.728454609291794,7.665492206136069,-0.1841434975068624,1.3457390984569209,1.048145487488061,1.1517966889691513,1.3022128561002668,0.213256778959121,,2.4399753635434083,-0.07939061616942635,2.0591664314554263,,,
HSM5FZBQ,H4001,CD,1,,,,,0.8803482372872646,0.7825107129989488,1.948667523923301,0.36536151119312965,0.36700290350272413,,,,,,,,,,,,,,,,,,,,,,,,,,,,,,,,,,,,,,,,,
HSM5FZBQ_P,H4001,CD,1,,,,,,,,,,0.05199165961791887,1.016716818403207,-0.25762185841603963,0.5039941307112374,0.12521158838206686,0.4588534698160337,0.9255696407780137,0.49305723430445964,-0.10843274156073193,0.6973903688355678,0.07468477099951625,0.13703789853561338,0.9208537325111973,-0.034852353338025895,,,,,,,,,,,,,1.2286701129483637,0.06468629119347935,-0.1841434975068624,0.6301545651932422,0.47612908649864516,5.170981015203449,1.8510691465256346,-0.2750385004304382,,3.573638263923685,-0.07939061616942635,2.975140273901188,,,
HSM5FZBR_P,H4001,CD,1,,,,,,,,,,-0.22947608637519806,0.07148663878338031,-0.28246920457611346,0.013599841183990876,0.058044898096837085,-0.20187444823827974,0.3100297244597562,0.19161886798924502,-0.10843274156073193,0.19869013323244153,-0.16974529453224468,-0.18974009002533052,0.39134386528512494,-0.19669467693399062,,,,,,,,,,,,,,,,,,,,,,,,,,,
HSM5FZBZ,H4001,CD,1,,,,,,,,,,-0.38268982071387714,-0.4849025319032532,-0.49194831688581475,-0.4257154536619816,-0.11689297799394667,-0.1316414948322379,-0.13897766927486369,0.11307524899853728,-0.10843274156073193,0.08195312591086638,0.05655910663022431,-0.10632958862043872,0.3666301966942855,-0.21421294841495733,,,,,,,,,,,,,-0.20638626245275088,-0.13639986182190889,-0.14307958807895976,-0.06926927647708322,0.19434769144505845,-0.23377458967434278,-0.5791197336655349,0.16548415304220737,,-0.4104598277863515,-0.07939061616942635,-0.2813350374326855,,-0.062149905905642094,0.18919582453352496
HSM5FZC2_P,H4001,CD,1,,,,,,,,,,-0.20039191909588172,-0.11804250339870564,-0.2848459731057943,-0.12470661123228138,0.08445516861443025,-0.06999698154685666,0.09739009044787454,0.5201159069273907,-0.10843274156073193,0.2752910699960132,-0.104352942047777,-0.12230941124864084,0.2179358630768778,-0.17716151518724998,,,,,,,,,,,,,-0.8656648553367284,0.04717699966211916,-0.1841434975068624,0.34699077086147634,0.08291653733750914,-0.26886067164286026,0.6124874373231921,-1.0419041027110942,,-0.3849872675051215,-0.07939061616942635,-0.2813350374326855,,,
HSM5MD3L,H4014,CD,1,,,,,-0.7037486597645112,-0.0853417499531461,-0.8542609738087275,0.10016420138535222,-0.23370362212967136,,,,,,,,,,,,,,,0.5446310567673015,-0.479968171274611,-0.08602647872386804,0.9242195187619863,0.057407763049754534,0.012623600559267523,1.011682786602404,-0.9888145035373185,-0.08602647872386804,1.2773340169845944,0.16217759941613868,0.15804200816145356,,,,,,,,,,,,,,,
HSM5MD3L_P,H4014,CD,1,,,,,,,,,,1.155342233969193,1.3626468370882663,-0.2727029774979436,-0.27231813284734374,0.2874579912944926,-0.7965365300800163,1.670706231581186,-0.2136660448724564,-0.13833516500220164,0.33170606932327895,-0.27109154156286064,-0.24054518989668722,2.5176001460127213,0.08252190478590025,,,,,,,,,,,,,,,,,,,,,,,,,,,
HSM5MD3Y,H4010,UC,1,,,,,1.1372524144084402,0.7688661878392603,-0.4955170194414538,-0.26549417943915,0.17903819615354968,-0.8215856758191991,0.12250750528325231,0.028003864328401813,-0.08940735737856742,0.6675829021943055,0.29062685480266437,-0.09388804039855303,-0.3954689409381208,-0.1462064739465535,-0.5505211587319837,-0.11414990491066744,0.2316331372308859,-0.507678558080389,1.9920742507247822,1.0978336272560658,0.08761395366722986,-0.08813052984784635,-0.24052636118212511,0.07921541391948597,0.15455173581269654,0.3586897053734844,-0.3599320260332242,-0.08813052984784635,-0.03510391416842733,-0.1201384398497693,0.07869356735747605,,,,,,,,,,,,,,-0.11241482424008134,0.15638246137349096
HSM5MD41,H4010,UC,1,,,,,0.6152898862633616,0.011812453411574565,0.5236146800476884,-0.334500290468274,-0.023814012728343614,0.43938466880993027,0.7322834027841024,-0.02180947668244634,1.1503145269494808,1.052299115861138,-0.26469331912661714,-0.018393615071472275,1.306640613142099,-0.1462064739465535,0.23215544977725755,-0.01099234216780761,-0.2462212054981371,-0.006546556082176387,-0.02800095156804479,,,,,,,,,,,,,0.07809597413032042,0.5001955293020477,-0.03831656965516184,1.1232138635111129,0.8792096127371485,-0.08701634885432603,-0.3306094173400007,0.7425545156997674,-0.10429053397097302,-0.728091773043042,-0.18010567816992895,0.14792098502430343,,-0.11241482424008134,-0.534468697884097
HSM5MD43,H4010,UC,1,,,,,0.4608218829251588,0.43291996375458436,0.35887707887071707,-0.7401811775215469,0.5987230023061058,0.3484461209969156,0.4539787259261045,-0.08507709869627084,0.3176288176574811,1.7288591996404277,-0.24217038058103535,0.26651431613693943,0.053677461523855705,-0.1462064739465535,0.1843109332730674,-0.1957947196566268,-0.2864942777179889,-0.10175936938872725,0.22151404606809247,0.43647745587038356,0.08761395366722986,-0.08813052984784635,0.4998423816289246,-0.37411733692132243,0.15455173581269654,-0.2280009709058477,-0.3599320260332242,-0.08813052984784635,-4.862036427831025,-0.0011255861139578597,0.07869356735747605,0.29966182136754543,0.4175075335421393,-0.18469106377590472,0.46613872720983474,0.6625982477633622,-0.033959310478232536,0.2145524750131695,0.836382201037414,-0.10429053397097302,0.4309373170179781,-0.18010567816992895,-0.8034141886138558,,-0.11241482424008134,-1.451481184396185
HSM5MD43_P,H4010,UC,1,,,,,,,,,,0.16602750596199942,0.26702063868468273,-0.11151871182228366,0.27456954458842825,0.9585110981895335,-0.3077054539897022,0.03723721115568093,0.020648548104551114,-0.1462064739465535,0.25691875428388383,-0.29735774511833635,-0.34289318954589165,-0.25763337970475914,0.2246761103691554,,,,,,,,,,,,,,,,,,,,,,,,,,,
HSM5MD44_P,H4010,UC,1,,,,,,,,,,2.6309915690213224,10.96153614542364,0.2249012830514408,8.256121263729495,10.992437703672305,31.32186702324665,-0.464513561465995,14.49293178888663,-0.1462064739465535,2.043491074124581,-0.04863801598753778,26.55333075714181,0.14615619001119523,1.9450889379603518,,,,,,,,,,,,,,,,,,,,,,,,,,,
HSM5MD47_P,H4010,UC,1,,,,,,,,,,1.633495169508394,0.44579651922008046,0.4432269692905651,0.5449156528150325,-0.3060270001254371,0.021208841073959143,-0.7047629267245084,0.6560833248843053,-0.1462064739465535,-0.5223987858038437,0.5368208600131841,-0.025280350937668044,-0.4353093306071185,0.5081120266463947,,,,,,,,,,,,,0.049597308673234884,-0.08030902519860461,-0.18469106377590472,-0.31889080756317134,-0.09487001247015929,-0.3918530446442563,,,,,,,,,
HSM5MD48,H4006,CD,1,,,,,,,,,,1.272791868154536,2.067878152332952,-0.22067078330205597,1.9440359582953448,0.8237238057951081,-0.09014418052187594,0.06548103204190867,0.6907678533642297,-0.1113122162579901,0.08477247346847563,-0.2484969518146163,-0.21430055978396342,0.03342715400981127,1.6378978134081987,,,,,,,,,,,,,0.41987343449330394,2.095420714298371,0.19621764873094852,0.6008954614725087,0.6944449205630232,1.0626956469063178,0.04241913161579808,-0.1626118697794455,-0.10370044001367282,-0.6048375866414776,-0.13812187083932795,-0.29710455056206575,,-0.09339860866723376,-0.060401433706678664
HSM5MD49_P,H4006,CD,1,,,,,,,,,,0.13262914105737653,1.340701210603387,-0.05979698906183991,1.363294402371244,0.31704372305651296,0.09777524229608804,1.1377816428919256,0.5439124458104999,-0.1113122162579901,0.7313609549029207,-0.023011017554973257,-0.20210081919367623,-1.1953568018097953,0.7505200188920222,,,,,,,,,,,,,,,,,,,,,,,,,,,
HSM5MD4A,H4006,CD,1,,,,,-0.03261615366356544,0.2829789636701817,-0.43141041552228526,-0.6149656092507716,-0.1642401061395578,,,,,,,,,,,,,,,1.1449971249898794,-0.07794501494001509,-0.08650797396966804,-0.22866761854005455,-0.2633990347562232,0.07500016726067676,1.1190514171274986,-0.2545646040918579,-0.08650797396966804,-0.08708671244899614,-0.14296984138690302,0.013368190302435377,,,,,,,,,,,,,,,
HSM5MD4A_P,H4006,CD,1,,,,,,,,,,-0.7086940498033536,0.40366771854106354,-0.6931543642396956,0.42062183925127244,0.6479696453795005,0.37346613472986007,0.07756284888024934,0.15287947008569464,-0.1113122162579901,-0.9047321980912202,-0.1812307405098714,-0.01311182969828863,-1.2955814953733915,1.0404449211025426,,,,,,,,,,,,,0.015842730228216223,0.21088850697497646,-0.28826309641283665,0.1791807072751873,0.6391442397723754,-0.03408871146964342,0.48555104466118204,-0.741342748259756,-0.10370044001367282,-0.6613854380417877,-0.13812187083932795,-0.29710455056206575,,,
HSM5MD4B_P,H4006,CD,1,,,,,,,,,,0.6286341118959466,2.8343014942093148,-0.7094735173131583,2.764107642010538,0.5299414807840808,-0.2802740010000751,1.5459550252115755,0.22198535160283067,-0.1113122162579901,1.4071637658872007,0.051792165446363315,-0.34016312508545493,-1.389761428454658,1.2323066238265317,,,,,,,,,,,,,-0.49635969755232073,-0.9868374249151212,-0.28826309641283665,-0.355718662744476,-0.3585999237449085,-0.5694663640750972,-0.14306920534269352,-0.5091441020368113,-0.10370044001367282,-0.5445741804100672,-0.13812187083932795,-0.29710455056206575,,,
HSM5MD4N,H4007,CD,1,,,,,,,,,,0.13143337531672056,0.11472075441913744,-0.21858923628076618,0.28190235320404766,-0.3523643931896541,-0.1633422927374041,-0.1289136061557032,-0.1853453992758654,-0.1113122162579901,0.4585156547274933,-0.29909236633726183,-0.17946334893724555,0.009737817022696056,-0.015068961483755722,,,,,,,,,,,,,,,,,,,,,,,,,,-0.09339860866723376,0.43972939915430254
HSM5MD4O,H4007,CD,1,,,,,0.11829348031531113,0.08922103578822352,2.273314241263519,-0.9612823176502204,0.7717879133653651,0.1189953095301095,0.2108194881115615,-0.1158082834623085,0.38038325721744704,0.08120785926753847,0.0588699997707768,0.1089360331041652,0.2677867275883008,-0.1113122162579901,0.3857566198140036,-0.26449749201019507,-0.0066699616401911565,0.16376358113558925,0.9440123999483897,0.3435730306864734,-0.059488131319907475,-0.08650797396966804,-0.22866761854005455,-0.24783645591239628,0.07500016726067676,0.04580631712950788,-0.2545646040918579,-0.08650797396966804,-0.08708671244899614,-0.39061266963295516,0.013368190302435377,,,,,,,,,,,,,,,
HSM5MD4P_P,H4007,CD,1,,,,,,,,,,0.055344493493371234,0.25827617645886336,-0.22391803639075947,0.31654829093481135,0.1813576508639053,0.02934483604629048,-0.4332415249200859,-0.24534786351158655,-0.1113122162579901,0.11083916843353155,-0.29909236633726183,-0.1538810717713689,-0.3330854235077736,0.040544364150183615,,,,,,,,,,,,,,,,,,,,,,,,,,,
HSM5MD4Q,H4007,CD,1,,,,,-0.6241518381143351,0.615482576719908,1.6536216144912963,0.7512646522640123,0.2775848103762144,,,,,,,,,,,,,,,0.49265051425686274,-0.07794501494001509,-0.08650797396966804,0.27422998334328524,-0.05230401559509558,0.07500016726067676,0.005397758833170957,-0.2545646040918579,-0.08650797396966804,-0.5717142325694041,-0.14296984138690302,0.013368190302435377,,,,,,,,,,,,,,,
HSM5MD4S,H4004,CD,1,,,,,-0.36216935499149844,-0.4606133503969914,0.2955164444327426,0.18573289223367365,-0.2545809861200786,,,,,,,,,,,,,,,1.493325474281545,7.685265499760771,-0.07284643967679481,-0.29787253325050084,-0.36644490412873637,0.09560573483367543,0.843321610638048,5.25440705484128,-0.07284643967679481,-0.18950180663358096,0.192947225710554,0.030391478799598647,,,,,,,,,,,,,,,
HSM5MD4U_P,H4004,CD,1,,,,,,,,,,0.5282008996327205,1.0321506430618534,0.01394225528711486,0.2937884860267867,1.0230778087913868,1.0064723804699367,0.26174171040745015,-0.31805517082414164,-0.10843274156073193,-0.8877358559501493,0.5286740222362177,1.1011030265136694,0.1908187629613061,0.5861977230633708,,,,,,,,,,,,,0.19081578991946627,0.6727230487463234,-0.1841434975068624,0.7600988867639754,0.6978871296146794,-0.6931617466985612,0.2353918018575103,0.7840139841836817,,0.36247053932348644,-0.07939061616942635,-0.2813350374326855,,,
HSM5MD4W,H4004,CD,1,,,,,0.633608417585433,-0.7147103551209819,-0.5593243202610806,-0.275518518365275,-1.6275276405829961,,,,,,,,,,,,,,,1.493325474281545,-0.22967101184415356,-0.07284643967679481,-0.3114769370004954,-0.28809778265616065,0.09560573483367543,1.6461759076305926,-0.3377928645099569,-0.07284643967679481,-0.18950180663358096,-0.2946227360106183,0.030391478799598647,,,,,,,,,,,,,,,
HSM5MD4W_P,H4004,CD,1,,,,,,,,,,0.5183541565041365,1.1507644660323066,-0.3844892801492231,0.41004627709010166,1.0013685237861123,0.27064829624541553,0.17455710064109042,-0.30915532088613934,-0.10843274156073193,-1.9387899412178693,0.08286914710781378,0.2947655197151458,-0.04004607573267344,-0.1793662305539378,,,,,,,,,,,,,,,,,,,,,,,,,,,
HSM5MD4Y,H4004,CD,1,,,,,,,,,,1.037082911885145,-0.04885029358419463,0.7800134233642578,0.19885477635870963,-0.5980533312836385,1.143659508760553,-0.4251814724459361,0.002150223592592143,1.5569202309800465,-1.8115785033045457,2.011140148648479,0.6367695867841573,0.29943433346284676,1.517445432739514,,,,,,,,,,,,,,,,,,,,,,,,,,,
HSM5MD51,H4004,CD,1,,,,,-0.6514881911697123,-0.5444775892544162,-0.22792743725154863,-0.916593650103282,-0.498034699082161,,,,,,,,,,,,,,,,,,,,,,,,,,,,,,,,,,,,,,,,,
HSM5MD53,H4004,CD,1,,,,,,,,,,-0.0026486544298395883,-1.232246138502923,-0.9588208020702472,-0.6433645172413321,1.0016569493254042,1.185199714458065,-0.41179277237218753,0.2522278856205801,-0.09240356267559077,-0.027407324319503157,-6.037871628942611,-0.23870337842036846,-0.0518838336268477,1.5082207598691484,,,,,,,,,,,,,0.00025576134053362844,-0.47602751705019725,-0.1841434975068624,-0.39756027549064316,0.15875226743499152,-0.39576276120372983,-0.47042373279275956,0.3695235411295956,,-0.4511896315561003,-0.07939061616942635,-0.2813350374326855,,,
HSM5MD57_P,H4008,nonIBD,0,,,,,,,,,,-0.1268825647364729,0.09801317107909718,0.5992700947299417,0.5230363512266177,0.5994342419883656,0.797541745896929,0.6849327652870483,0.7196400552621897,-0.1462064739465535,0.6190740858072764,0.9599183603377077,0.7996519840924775,-0.2080028509354434,0.4191776542561718,,,,,,,,,,,,,0.038321664986329364,-0.3782633194211984,-0.18469106377590472,-0.10743351053126636,0.9418049836606162,0.5352906298925002,0.0109035532299411,-0.052196921303753654,-0.10429053397097302,-0.45738395061403114,-0.18010567816992895,-0.33431691792771256,,,
HSM5MD59_P,H4008,nonIBD,0,,,,,,,,,,-0.3231810101994654,0.5166045792419989,0.01020107846662879,0.09024694128297894,0.30238638109725824,0.14003576665263276,-0.31850653534745565,-0.46539852959141165,-0.1462064739465535,-0.20902324320011945,-0.15564319961334724,0.0623872945301697,-0.8660685902369599,0.14565166654801728,,,,,,,,,,,,,1.4119053008535536,1.5950456119286585,-0.18469106377590472,1.6275515408667283,1.1033976040633668,4.428862569677518,2.934223303202983,0.35820465864590106,-0.10429053397097302,0.4047516371749386,-0.18010567816992895,7.520926915126792,,,
HSM5MD5B,H4008,nonIBD,0,,,,,,,,,,0.11375726026218645,1.0893977426574017,-0.30627673715092973,0.5414139557257551,0.8553779982793955,1.9610293699491959,-1.2186325355188468,0.6832283829818261,-0.1462064739465535,-0.26152644438096667,-0.06564732371016364,1.81335393870911,-0.2917759164671856,2.6884395521729534,,,,,,,,,,,,,-0.35802343551633675,-0.08003295459710488,-0.18469106377590472,-0.32529611469859165,-0.038428104945512756,-0.0002870802379889276,-0.1713322550261023,0.23861098953136467,-0.10429053397097302,-0.1537843979297382,-0.18010567816992895,-0.33431691792771256,,,
HSM5MD5B_P,H4008,nonIBD,0,,,,,,,,,,0.22580571781787118,0.6736878952087303,-0.05193652581188464,0.38545354214929906,0.5978400689718354,0.580522676301853,-0.3487675797910436,-0.24701059462342748,-0.1462064739465535,-0.37245413014319456,-0.22330721521307947,0.6515247135845643,-0.4524507037004611,0.5865907292958751,,,,,,,,,,,,,,,,,,,,,,,,,,,
HSM5MD5D,H4008,nonIBD,0,,,,,-0.5269834539662731,0.18727397440124785,-0.6632145691484762,3.6616398404716723,-1.202543864108574,-0.5055115023240884,-0.2512959469423397,-0.08154541455561438,-0.2648784102537472,-0.44239664366885595,-0.30871640371899217,-2.2755303501150035,-0.3313347906203456,-0.1462064739465535,-0.19639483841157668,-0.3461462799823559,-0.36360475972069156,-0.13186938302064696,-0.35071810252930646,0.5747923127393163,0.08761395366722986,-0.08813052984784635,-0.6039019008017941,-0.2789116589406932,0.15455173581269654,-0.35847653097912635,-0.3599320260332242,-0.08813052984784635,-0.1429654204315602,-0.1201384398497693,0.07869356735747605,0.3097377007747724,-0.32335594264481415,-0.18469106377590472,0.6742544785826607,0.6429406120426816,-0.42729905970247156,1.0615181304554708,-0.7320295982396765,-0.10429053397097302,1.4709602023605115,-0.18010567816992895,-0.33431691792771256,,-0.11241482424008134,-0.2663753605008442
HSM5MD5D_P,H4008,nonIBD,0,,,,,,,,,,-0.4298869483090069,0.056886205869248474,-0.19619662507405913,-0.04766018601905224,0.07710239391045877,-0.3268518676821898,-1.485721540463122,-0.10760681483152477,-0.1462064739465535,-0.36625080557767825,-0.32245531999836996,-0.3238257987899673,-0.2631393011158904,-0.24539399700360806,,,,,,,,,,,,,,,,,,,,,,,,,,,
HSM5MD5F_P,H4008,nonIBD,0,,,,,,,,,,0.7080113516900897,0.434496016941412,1.3472891345717408,0.8100040514556789,1.2104265402433727,1.2180459495267322,0.5744075194068401,1.486473194208505,-0.1462064739465535,1.2915202340485608,3.6605226706214555,1.1653451641336388,0.19966953375466137,1.8824879947272286,,,,,,,,,,,,,,,,,,,,,,,,,,,
HSM5MD5H_P,H4001,CD,1,,,,,,,,,,-0.18992154492334168,0.020133900976255788,-0.7436710736204684,0.07159526232491245,-0.14928570889302994,-0.2505003273083076,0.1581785780014462,1.006209338323446,-0.10843274156073193,0.03054959852561201,-0.0965183360576473,-0.18208920781359747,0.20719260080574103,-0.17463191632801203,,,,,,,,,,,,,,,,,,,,,,,,,,,
HSM5MD5K,H4001,CD,1,,,,,-0.8790634749060471,0.2803614619271628,0.6716732118637576,0.31104652370183555,0.742624523610739,,,,,,,,,,,,,,,0.5006899102369853,-0.22967101184415356,-0.07284643967679481,-0.274615651427781,-0.2097506611835849,0.09560573483367543,-0.4291723436379819,-0.3377928645099569,-0.07284643967679481,-0.18950180663358096,-0.2946227360106183,0.030391478799598647,,,,,,,,,,,,,,,
HSM5MD5K_P,H4001,CD,1,,,,,,,,,,-0.2847243526266038,-0.4585855156635816,-0.2733651187504306,-0.581692455990011,-0.23354085834907165,-0.2127402347309175,0.3919388120061875,0.7677339197512004,-0.10843274156073193,0.5367350173103489,0.08760840565510873,0.15749271275797389,0.44534935292651634,-0.2137147263461452,,,,,,,,,,,,,-0.12003409287810216,-0.05666578305031591,-0.1841434975068624,-0.26476566739468893,0.1292019290384405,-0.1519200107352711,-0.14495061441713622,-0.395849478259382,,-0.3408535506465368,-0.07939061616942635,-0.2813350374326855,,,
HSM5MD5P,H4004,CD,1,,,,,-0.3081042778078263,0.1953548358332686,-1.3264347027248056,-0.5620160062741798,-1.0989404658008326,-0.11114380568583963,-0.016906718118962098,-0.042992181332871374,0.08001105278595481,0.061636316773575964,-0.13326408442045912,-0.05502265357780059,0.02803398646250284,-0.10843274156073193,-0.2956666793854118,-0.15259006119125404,-0.009131437407478847,0.03460322886998553,0.29694889250194706,1.0203121471604093,0.23297629202419398,-0.07284643967679481,-0.32861645873142936,0.09527268291655488,0.09560573483367543,1.4762876118629153,0.7586594031883013,-0.07284643967679481,-1.099925356286751,0.9149054499893836,0.030391478799598647,-0.09003247362212347,-0.4899527190818181,-0.14765288879370037,-0.14127178517578434,0.11149855064269579,-0.19310439164774423,-0.36907855410574186,0.3800149949383854,,-0.34420472789513606,-0.07939061616942635,-0.2813350374326855,,-0.062149905905642094,0.19737496806579694
HSM5MD5X_P,H4015,CD,1,,,,,,,,,,0.17547155070038942,0.015984329037969813,0.036459750600251715,0.27999889056145894,0.05477232008315528,0.28441053472728894,0.34854717045944794,1.6459395618791783,-0.10843274156073193,0.5604243571666775,-0.1681842101327157,1.3135114884929935,-0.16287873017003332,0.5205930476211557,,,,,,,,,,,,,,,,,,,,,,,,,,,
HSM5MD5Z,H4016,nonIBD,0,,,,,-0.9371756946677338,0.6914050788206796,-0.21899477505892767,0.32873589826499694,-0.4444067974632465,,,,,,,,,,,,,,,,,,,,,,,,,,,,,,,,,,,,,,,,,
HSM5MD5Z_P,H4016,nonIBD,0,,,,,,,,,,0.5177997058468529,0.12744934030519195,-0.40942407259381247,0.3156926367799348,-0.15658911024813796,-0.29646959296244335,0.0018815959234476137,0.12164541805591235,-0.13833516500220164,0.5426447312623344,-0.3206853541700213,-0.24865909437580336,-0.11162465397132615,-0.42064969012370684,,,,,,,,,,,,,,,,,,,,,,,,,,,
HSM5MD62,H4015,CD,1,,,,,-0.3677030491478936,-0.10385062594732357,0.3180924616070155,0.07267448299708154,1.036872492060179,-0.17118517731022728,-0.49584618890629645,-0.2848459731057943,-0.2782920443347576,-0.8157036787751468,-0.05155946173570523,0.05099428191863523,-0.1450535469902792,-0.10843274156073193,0.3256946321992944,-0.20284363875878264,-0.08932675752200715,-0.02255584415569934,0.04672451927171965,0.8846937647484658,-0.22967101184415356,-0.07284643967679481,0.10601624929929754,0.04215340030563102,0.09560573483367543,0.3736819533545628,-0.3377928645099569,-0.07284643967679481,0.019026080929843297,0.568982510966882,0.030391478799598647,0.47357100283583875,0.03435055820660513,-0.1841434975068624,0.6522787518581038,-0.10668452491520276,-0.7619459098188348,-0.14495061441713622,0.05677720612870484,,0.2992659873542157,-0.07939061616942635,-0.2813350374326855,,-0.062149905905642094,1.46828180105361
HSM5MD66,H4014,CD,1,,,,,,,,,,0.23695155614527916,0.552386963426853,-0.1872845526348358,0.08416027345406894,0.860108076678065,0.5604309063799726,0.1346805104126026,0.6410330061814937,-0.13833516500220164,0.541158603160835,0.6671534156464994,-0.2189859976217511,0.031252008941687545,0.6255402679897004,,,,,,,,,,,,,-0.023351061007356046,-0.05172416637589847,-0.24634640826316948,-0.07919632417311841,-0.06172954053270823,-0.4405199099600935,-0.3455211365697836,0.023330408440721737,-0.09434468921296807,-0.47653619679267095,-0.13571057116566926,-0.23301540043091898,,-0.08939284250604397,0.5915075917270992
HSM5MD6A,H4014,CD,1,,,,,0.003306691427846507,-0.45631984768420447,0.2529304992709721,-0.05118285289664871,0.29077846868115254,0.4544261551747954,0.2036841260431941,-0.6543179099750646,0.011997956751748898,0.9474784804646018,-0.018034162090698212,1.0277752453228215,0.7122259757662888,-0.13833516500220164,0.8713564370143536,0.2805799368907407,-0.0965874245363763,1.4480205251206155,0.5751273528224362,1.2331597533610001,0.36722556015821756,-0.08602647872386804,-0.09397706471979429,-0.17208830847593856,0.012623600559267523,0.7868930506011905,-0.0970981801533063,-0.08602647872386804,-0.1507971664076228,-0.47040962213410037,0.15804200816145356,-0.15715070780409562,-0.114731923774101,-0.24634640826316948,-0.32500015465458404,-0.2617386488848916,-0.33621431487849385,-0.2971109121758448,-0.37343228722734184,-0.09434468921296807,-0.7742734793883842,-0.13571057116566926,-0.23301540043091898,,-0.08939284250604397,-0.027811325777768094
HSM5MD6A_TR,H4014,CD,1,,,,,,,,,,0.9008343436529322,0.18122140912897183,-0.3107432180229477,0.13608613258960328,1.0792263988587156,0.003789606367276698,0.9897475060576102,1.0491449207228951,-0.13833516500220164,0.9742501492438759,1.0538764196345263,-0.22362430232571415,1.2532452054669598,0.6810957241267018,,,,,,,,,,,,,-0.14444609980529163,-0.2139696457470054,-0.24634640826316948,-0.31236531114003596,-0.2997304287753268,-0.3146395837371183,-0.2971109121758448,-0.38468982051934386,-0.09434468921296807,-0.7333552701807868,-0.13571057116566926,-0.23301540043091898,,,
HSM5MD6C,H4014,CD,1,,,,,,,,,,0.38600422651961075,-0.05295274742065831,-0.14377797331264666,-0.21637930806113076,0.3642233628432833,0.054287501213040344,0.14675236784517606,0.300049946443185,-0.13833516500220164,0.4688420994889378,-0.3206853541700213,-0.2361931562870891,0.8110415426387891,0.6919430858905201,,,,,,,,,,,,,,,,,,,,,,,,,,,
HSM5MD6E_P,H4013,nonIBD,0,,,,,,,,,,-1.3219252474088021,1.999774664055252,-0.3274934122884228,-1.2966657493535003,0.41321252147998644,-0.2811328638091095,-0.33428017590610726,-0.44275660704435366,-0.13833516500220164,-0.39627932203472793,-0.3206853541700213,-0.23982593016845374,-0.47445839344376084,-0.2150531549475988,,,,,,,,,,,,,,,,,,,,,,,,,,,
HSM5MD6I,H4013,nonIBD,0,,,,,,,,,,-0.6433494836066825,0.2444868479681796,-0.329269408262333,-0.6454731253470878,-0.2915943705894092,-0.29646959296244335,0.029757730284510883,-0.2678892406822961,-0.13833516500220164,-0.16994723085184565,-0.3206853541700213,-0.24865909437580336,0.025557559430474754,-0.16180343700671504,,,,,,,,,,,,,0.11826523848422958,-0.03791076429185214,-0.24634640826316948,0.35930435469364586,1.398921756294923,-0.059648537323676185,-0.3863858413759693,-0.3671359116334786,-0.09434468921296807,-1.0461939428954388,-0.13571057116566926,-0.23301540043091898,,-0.08939284250604397,-0.8083510061724261
HSM5MD6I_P,H4013,nonIBD,0,,,,,,,,,,-0.7177918502540498,0.5477981093322438,-0.3563321678806348,-0.8704782996215316,-0.3826865713631386,-0.29646959296244335,-0.043582013231906684,-0.2439421397571937,-0.13833516500220164,-0.1567836399482199,-0.3206853541700213,-0.24865909437580336,-0.29246424317813124,-0.13115914520897612,,,,,,,,,,,,,,,,,,,,,,,,,,,
HSM5MD6K,H4013,nonIBD,0,,,,,-0.9992894666638804,-1.470446151506251,-0.9748906066429509,-0.20301199894130945,-0.8730287739160627,-0.6577342392537061,0.13535107011021894,-0.3665906955845999,-0.837195242779834,-0.3182845639835957,-0.29646959296244335,0.03221274538056099,-0.41808240251550133,-0.13833516500220164,-0.6182008480701061,-0.3206853541700213,-0.24865909437580336,-0.061255827776095055,-0.2614338786559541,-0.01202999788789518,0.36722556015821756,-0.08602647872386804,0.7355778196025456,-0.28668745689911096,0.012623600559267523,-0.22805660288623936,-0.0970981801533063,-0.08602647872386804,-0.05804290769507923,-0.05629354448286188,0.15804200816145356,0.15498542684397834,0.22929929949031097,-0.24634640826316948,0.36946871881676774,0.6256301021280926,-0.016789579234073558,-0.34223611640198986,-0.9163423402737016,-0.09434468921296807,-0.3509210234291648,-0.13571057116566926,-0.23301540043091898,,-0.08939284250604397,0.20237386598929316
HSM5MD6K_P,H4013,nonIBD,0,,,,,,,,,,-0.7559497790416965,0.6740880099306309,-0.558349935660031,-0.9755892146218624,-0.43850876325799637,-0.29646959296244335,0.03727823493804124,-0.289078126573389,-0.13833516500220164,-0.530573520751957,-0.3206853541700213,-0.24865909437580336,-0.17728857806619885,-0.2343631279024419,,,,,,,,,,,,,,,,,,,,,,,,,,,
HSM5MD6M,H4013,nonIBD,0,,,,,,,,,,-0.9826211214542951,-0.159386014118633,-0.27436054355019796,-0.7496825024582805,-0.41663971302503267,-0.30004610752009886,-0.05397162823452779,-0.04342094627753449,-0.13833516500220164,-0.3989265418956734,-0.3206853541700213,-0.24564228876939173,-0.4232245914854029,-0.30247227965137935,,,,,,,,,,,,,,,,,,,,,,,,,,,
HSM5MD6O_P,H4016,nonIBD,0,,,,,,,,,,-0.12383693309958942,-0.81565436876745,-0.41281730985732984,0.09801590545596295,-0.3484745547209936,-0.41037562345736267,-0.11940901906100895,0.14969689572169936,-0.13833516500220164,-0.03694452038430018,-0.3206853541700213,-0.3554927600046574,-0.24150890767393163,-0.4248118383921535,,,,,,,,,,,,,,,,,,,,,,,,,,,
HSM5MD6Q,H4016,nonIBD,0,,,,,,,,,,0.023470096165305834,-0.6556426906804598,-0.3194693818250706,0.0511074548596623,0.1309782594521554,-0.06756068023276487,-0.7611075480432606,0.035849371504711756,-0.13833516500220164,-0.1839614184531114,-0.302802383192261,-0.10247847776202375,-0.24197617641911784,-0.3723279568485363,,,,,,,,,,,,,,,,,,,,,,,,,,,
HSM5MD6S_P,H4016,nonIBD,0,,,,,,,,,,-0.11339729270886874,-1.3484688747710585,-0.3339860711963769,-0.27850567444043905,-0.4528972649285998,-0.23998503560625536,-0.31969618857079174,0.12626514524579452,-0.13833516500220164,-0.4044327109555187,-0.30987048340640055,-0.2281791999674767,-0.9521907614492675,-0.3912983638462038,,,,,,,,,,,,,,,,,,,,,,,,,,,
HSM5MD6U,H4016,nonIBD,0,,,,,-0.5505029022705962,0.20918389746044488,0.3751139868235661,-0.22520423351185498,0.644183266859914,,,,,,,,,,,,,,,-0.004694685640860808,0.36722556015821756,-0.08602647872386804,-0.6594335710621084,-0.3448847566427941,0.012623600559267523,0.29609216642471803,-0.0970981801533063,-0.08602647872386804,-0.1507971664076228,-0.5788498541278108,0.15804200816145356,,,,,,,,,,,,,,,
HSM5MD6U_P,H4016,nonIBD,0,,,,,,,,,,0.2973785013138084,-0.5751694780652018,-0.1568287834322307,0.31924003407716417,-0.11351010270109321,-0.343548195746443,-0.17229001965030982,0.23867000107635242,-0.13833516500220164,0.01548289680234378,-0.2827161140221057,-0.23736914735293607,-0.0839468607442301,-0.3957186132506259,,,,,,,,,,,,,,,,,,,,,,,,,,,
HSM5MD6W,H4016,nonIBD,0,,,,,,,,,,-0.09690342694725206,-0.14479629429529464,-0.05853115016392817,0.09610395482896622,0.10323370461366947,-0.3173872203721126,0.005046870522413381,0.03412106555872664,-0.13833516500220164,0.6622331172641376,-0.3206853541700213,-0.2267442072049135,-0.46011812187970613,-0.38006787415160875,,,,,,,,,,,,,,,,,,,,,,,,,,-0.08939284250604397,0.41130000178449494
HSM5MD6Y,H4015,CD,1,,,,,,,,,,-0.44509098275928316,-0.9232179295211831,-0.042515948419892854,-0.7179082276513395,-1.0304596601115268,-0.24121999500715974,-0.7662093983691788,-0.5412990594228978,-0.10843274156073193,-0.8394786160996349,-0.17492169611737496,-0.22095854731519,-0.7319062179122082,-0.058232853925500476,,,,,,,,,,,,,0.6981336436139335,0.9200755148702987,-0.1841434975068624,0.45961713006734783,0.06684225025501263,-0.42315886670650854,-0.5671678845934218,0.11024257436639986,,-0.16464148109235657,-0.07939061616942635,-0.38661104269946417,,-0.062149905905642094,0.758940335776143
HSM5MD71,H4015,CD,1,,,,,,,,,,-0.30382579246854663,-1.0024565501949576,-0.5288303305064038,-0.6617866714423051,-1.0827093104909145,-0.19310789976318532,-0.42021926918748137,-0.43501095686528385,-0.10843274156073193,-0.5423957158213764,-0.11249621865396818,-0.17989559103212482,-0.17598349472340907,0.5995197561898782,,,,,,,,,,,,,,,,,,,,,,,,,,,
HSM5MD73,H4015,CD,1,,,,,-0.31737927129554994,0.08571890529436346,0.6342249206933189,-1.992097105160337,1.1864518020420263,-0.06201347324211042,-0.8838462203195137,-0.37120831951496036,-0.5371249266703549,-0.9005219499441367,-0.20276579631973346,-0.6505655419886999,-0.2098449488750486,-0.10843274156073193,-0.32468519691990744,-0.20267479248594533,-0.30603192167303434,-0.21731704787556083,0.6733213688747401,0.18705258260573154,-0.22967101184415356,-0.07284643967679481,-0.274615651427781,-0.1339606245295827,0.09560573483367543,-0.9923892140347903,-0.3377928645099569,-0.07284643967679481,-0.18950180663358096,0.012999659786965956,0.030391478799598647,0.4859493139013048,-0.024927942115258686,-0.1841434975068624,0.9633146341743627,1.4676710984393622,-0.13392979036473618,-0.9791533001336493,0.30853089014563534,,0.6348815252779639,-0.07939061616942635,-0.03117413698305384,,-0.062149905905642094,-0.6480983596538729
HSM5MD75,H4015,CD,1,,,,,,,,,,1.3525656645331072,0.022458540272254975,0.664354768874917,0.3053054435454501,-0.5268093728506212,-0.7024199585180668,0.2524027622349559,-0.24799393893434893,-0.10843274156073193,-0.4745373058026669,-0.11726997561096807,-0.22407827874312516,-0.5598372367029227,0.9986063472440628,,,,,,,,,,,,,,,,,,,,,,,,,,,
HSM5MD79,H4001,CD,1,,,,,-1.9060240019229766,-0.6491011342130926,0.3137105701456747,0.43468066271282096,1.5309939148068594,-0.35822513415154505,0.2516371839123977,-0.31284323737758873,0.669555659029768,0.06974976953270223,-0.18603503160433485,0.1297152473733381,1.2219700916554086,-0.10843274156073193,1.0387335030101734,-0.021853962314892957,-0.16085678248297033,0.28830069284763227,-0.2018385724950179,0.2523044381374483,0.23297629202419398,-0.07284643967679481,-0.5292023715390977,-0.09926864628503441,0.09560573483367543,-0.49827763131936864,-0.3377928645099569,-0.07284643967679481,-0.18950180663358096,0.26658172462374957,0.030391478799598647,,,,,,,,,,,,,,,
HSM5MD7H,H4001,CD,1,,,,,-0.8514583820287464,-0.40378418843845815,1.1274604268536392,1.188925585864713,0.17229233506033034,,,,,,,,,,,,,,,0.8846937647484658,-0.22967101184415356,-0.07284643967679481,-0.274615651427781,-0.2097506611835849,0.09560573483367543,0.3736819533545628,-0.3377928645099569,-0.07284643967679481,-0.18950180663358096,-0.2946227360106183,0.030391478799598647,,,,,,,,,,,,,,-0.062149905905642094,1.172415683181444
HSM5MD7J,H4001,CD,1,,,,,-1.0318439556784675,-0.2810598237628616,0.39987454239587145,-0.04796098349537041,0.2000654603438695,-0.3449499351799578,-0.5096146648123588,-0.2956259970740754,-0.5337841795784547,-0.1718692470455431,-0.32982241399807904,0.40268935308349685,0.4416826007727692,-0.10843274156073193,0.8813325788711827,-0.07997589718920435,0.12849072869223344,0.42845956284119374,-0.19856247139805008,,,,,,,,,,,,,,,,,,,,,,,,,,,
HSM5MD7K,H4006,CD,1,,,,,,,,,,-0.11306045823366906,0.181654455783945,0.3153990420081892,0.14300838199149185,0.13335316603624928,0.05957481567163284,-0.07639895193065123,0.07490728913170487,1.8002823622269937,-0.2926637191527704,-0.2549234069976735,-0.1264198094252014,-1.5263687922424796,0.9294005805433543,,,,,,,,,,,,,0.30726786409763585,1.6840352844944384,0.30213811366557963,0.4346401605326914,-0.120622466559861,0.5199575454574217,0.16281209422046364,1.326868652725054,-0.10370044001367282,-0.9441274619563598,-0.13812187083932795,0.2462644480361443,,-0.09339860866723376,0.7368563444047496
HSM5MD7M,H4006,CD,1,,,,,,,,,,-0.5903111177099174,-0.3192266745817396,-1.1682605696058026,-0.43148725850937975,-0.3037139153294159,0.2664626017242556,1.1002489943760447,0.027573589170431987,-0.1113122162579901,-0.7384602248480207,-0.29909236633726183,1.3381752588845124,-1.6724922961845448,-0.056784321669426874,,,,,,,,,,,,,,,,,,,,,,,,,,,
HSM5MD7O,H4006,CD,1,,,,,4.032132164420772,2.185753690244296,1.9482309803855706,2.091820532488247,1.6724814256322738,-2.7263849877595563,-6.514740700904437,0.10818577098079252,-7.162829231397987,0.12715494318535958,12.67960948983817,0.8283909520913564,-0.06151375599413751,-0.1113122162579901,3.739150390958738,5.192002419832137,1.5132180284423273,0.4438668415048679,7.573492809230376,1.505937083584368,7.398429330290488,-0.08650797396966804,3.082822650914155,-0.2633990347562232,0.07500016726067676,1.735230145889017,-0.2545646040918579,-0.08650797396966804,0.510865733501403,-0.2815588432633961,0.013368190302435377,0.9875357322774931,-0.869063369990005,-0.28826309641283665,6.848983047700577,1.0603495600962969,0.4742359105001772,1.5813426085471716,-0.5028463767434,-0.10370044001367282,-2.0783636643405474,1.1553855825485377,1.3477566028672041,,-0.09339860866723376,0.5878554411895212
HSM5MD7Q,H4006,CD,1,,,,,,,,,,-3.6913047036754474,-9.460403100751298,0.6456098510299971,-6.763440372279249,-0.99401188691357,5.451099141903606,0.17984431146938473,0.09704589668550934,-0.1113122162579901,4.016449326058474,1.8900487190895041,7.487575368751926,0.4438668415048679,13.057912928288754,,,,,,,,,,,,,0.41264934681589865,-1.0570441388245813,-0.28826309641283665,-0.2880641895544849,-0.26437972334953164,-0.38801614186502054,-0.14306920534269352,-0.5334757348708606,-0.10370044001367282,-0.4168264059308742,-0.13812187083932795,-0.28683509470161367,,-0.09339860866723376,0.05896097733436249
HSM5MD7S,H4006,CD,1,,,,,,,,,,-0.2785041450373274,-0.44859001782935853,-0.45433204648104153,0.30357876194091754,-0.04079116900691162,-0.19745791600505652,0.3457215644889179,0.532852531859244,-0.1113122162579901,-0.39160133033366346,-0.26092437846648414,-0.056159177614775894,0.3435387569028315,0.6318826196293134,,,,,,,,,,,,,-0.18597059855349093,-0.6760622675370165,-0.1330671816400752,-0.5023730937717339,0.29406478238523215,0.3562027820210637,0.405247245713665,-0.5113009196270248,-0.10370044001367282,-0.5543780970309189,-0.13812187083932795,-0.20162572243361254,,-0.09339860866723376,1.9946987645879104
HSM5MD7U,H4006,CD,1,,,,,,,,,,-0.7818717218428073,-0.30218207751139387,-0.49974575218842143,-0.12050319482228701,-0.2933669919574584,-0.4847205097755938,0.5496650068381571,0.12083329367633931,-0.1113122162579901,-0.5283099601477317,-0.26884719430189524,0.3558767943770756,-1.1513901246131972,0.10608300035778108,,,,,,,,,,,,,-0.2652887491651134,0.16709046891097895,-0.28826309641283665,-0.5504804819916178,0.2864499076745474,0.9138156076887225,-1.1230769467014048,-0.17185222928031244,-0.10370044001367282,-1.405984612827127,-0.13812187083932795,-0.29710455056206575,,-0.09339860866723376,0.24979806075699934
HSM5MD7W,H4001,CD,1,,,,,-0.050718357394626615,0.515691209705118,0.741504097484488,-0.4851092683879095,0.4785213473492785,,,,,,,,,,,,,,,0.13498537892011656,-0.22967101184415356,-0.07284643967679481,0.09910855262162128,-0.13178563965670806,0.09560573483367543,-0.5213448310005308,-0.3377928645099569,-0.07284643967679481,-0.5318545020978066,0.20698809862207102,0.030391478799598647,,,,,,,,,,,,,,,
HSM5MD7W_P,H4001,CD,1,,,,,,,,,,-0.22354287675877027,-0.4611881420442472,-0.29503919191615685,-0.5312008018389116,-0.1787606348753289,-0.16935106194869812,0.5505490388171606,0.5021001913676149,-0.10843274156073193,0.4622329726860768,-0.09919550490988413,-0.15692748508872337,0.6016286198499772,-0.22898617911776933,,,,,,,,,,,,,,,,,,,,,,,,,,,
HSM5MD7Z,H4007,CD,1,,,,,0.058865565636041395,0.6217376401569764,0.2947308984953159,-0.06313823302907141,1.2140461978411472,,,,,,,,,,,,,,,,,,,,,,,,,,,,,,,,,,,,,,,,,
HSM5MD7Z_P,H4007,CD,1,,,,,,,,,,-0.1105651814696327,-0.37682103867318406,-0.05922573307997934,-0.28434834614723536,-0.4001272329868765,-0.21527545332769615,-0.13931719493583955,-0.6556308680100199,-0.1113122162579901,0.21764592809784383,-0.29909236633726183,-0.1972035279625732,-0.5632738190039659,-0.007821543957882182,,,,,,,,,,,,,,,,,,,,,,,,,,,
HSM5MD82,H4009,nonIBD,0,,,,,-0.19559335383747609,-0.10720081406788731,-0.6719893584039053,-0.5490003917359273,-0.47371796026855434,,,,,,,,,,,,,,,-0.7378296379598928,-0.24044527657844378,-0.08650797396966804,-0.22866761854005455,-0.3469233784360547,0.07500016726067676,-0.1994814923247655,-0.2545646040918579,-0.08650797396966804,-0.08708671244899614,-0.26140729375305116,0.013368190302435377,,,,,,,,,,,,,,,
HSM5MD82_P,H4009,nonIBD,0,,,,,,,,,,-0.3673773606872383,-0.5804628294369083,-0.4587991702607432,-0.22902072937280576,-0.4153009624268353,-0.23658582199929473,-0.11861368832250589,0.11667895253076431,-0.1113122162579901,-0.16568518841811095,-0.20377305675075022,-0.0003426053917616968,0.053228004336940374,-0.15546537329452453,,,,,,,,,,,,,0.23178172892884802,0.0882171403596842,-0.28826309641283665,-0.2874712961670494,-1.1002366683418108,-0.08759868902628445,-0.3523811618849644,-0.7077230767076997,-0.10370044001367282,-0.3526635330550227,-0.13812187083932795,-0.29710455056206575,,,
HSM5MD86,H4006,CD,1,,,,,4.14848314983482,2.3759803282741068,0.4616975433816186,2.6662382093017407,1.9221408702133187,,,,,,,,,,,,,,,1.505937083584368,-0.018359733121849395,-0.08650797396966804,-0.11569370887677448,1.9566915811746548,0.07500016726067676,1.735230145889017,-0.24941225696656963,-0.08650797396966804,-0.08708671244899614,2.659787513796384,2.8277960309443024,,,,,,,,,,,,,,,
HSM5MD87,H4010,UC,1,,,,,-0.09994207227263503,0.6682948901948839,0.8004865596887117,-1.2993534350102058,0.6931320149174008,,,,,,,,,,,,,,,1.0978336272560658,0.08761395366722986,-0.08813052984784635,-0.26693443654707977,-0.16649849985685308,0.15455173581269654,0.7018817505196289,-0.3599320260332242,-0.08813052984784635,-0.03510391416842733,0.13829301091924023,0.07869356735747605,,,,,,,,,,,,,,,
HSM5MD87_P,H4010,UC,1,,,,,,,,,,0.4368899961594836,0.363921607905119,-0.17565502713286804,0.06954474781812216,0.8597637772605733,0.40755237706431274,-0.7854948290865246,1.132338373063393,-0.1462064739465535,-0.4843181624526334,0.016288273440826135,0.1806252821546802,-0.5798827124036622,1.7039626531710659,,,,,,,,,,,,,-0.9593276938976828,-0.4988867882165021,-0.18469106377590472,-0.12476005998465375,-0.48692062367951794,1.9282532629302755,0.2431963514541303,-0.8553889541715092,-0.10429053397097302,-0.0249165405526502,-0.18010567816992895,-0.33431691792771256,,,
HSM5MD8A,H4008,nonIBD,0,,,,,-0.3710859863133315,0.7432072818251884,-0.791192441973288,2.6620923614785976,-0.5410877057638767,,,,,,,,,,,,,,,0.959518770387133,0.08761395366722986,-0.08813052984784635,-0.24052636118212511,-0.20459357656872273,0.15455173581269654,0.20401255006377197,-0.3599320260332242,-0.08813052984784635,-0.03510391416842733,-0.30348114013940736,0.07869356735747605,,,,,,,,,,,,,,,
HSM5MD8A_P,H4008,nonIBD,0,,,,,,,,,,0.6253232750583201,-0.7759971577406958,0.017320468550626647,-1.202711072319954,0.13086305250825297,0.39479164281760376,0.9149057712635192,0.021136007000559103,-0.1462064739465535,0.9527356686185234,0.10006527845101522,0.18009541119646083,0.1403721443743226,0.36703327485685566,,,,,,,,,,,,,-0.2982158533179123,0.9225380512458634,-0.18469106377590472,0.629859787670274,0.1839204802663648,0.404363730288895,-0.40073867404913943,1.0585098784869311,-0.10429053397097302,-0.0068345001178754345,-0.18010567816992895,-0.33431691792771256,,,
HSM5MD8B,H4009,nonIBD,0,,,,,-0.4536760093620556,-0.5998228728930082,-0.2747049503775851,0.503008646333798,-1.5881279988244041,,,,,,,,,,,,,,,0.15784301099146567,-0.04869154652196996,-0.08650797396966804,0.36682368363821233,0.05556721012503068,0.07500016726067676,-0.3116712846558509,-0.2545646040918579,-0.08650797396966804,0.6628105667302485,-0.14296984138690302,0.013368190302435377,,,,,,,,,,,,,,,
HSM5MD8B_P,H4009,nonIBD,0,,,,,,,,,,-0.4759775043298207,-0.6740935543116481,-0.03228586881021544,-0.35685073541225826,-0.2237543396283916,-0.0068735230159964415,-0.2673130040411555,-0.8049636892031585,-0.1113122162579901,0.059888084029995785,-0.2531100349080844,-0.1328203784217342,-0.4136125631919223,0.05698578140488836,,,,,,,,,,,,,,,,,,,,,,,,,,,
HSM5MD8D_P,H4009,nonIBD,0,,,,,,,,,,-0.5370406379218077,-0.6522128512423774,0.14464804441280385,-0.4707384338964387,-0.3794730633393507,-0.238230911298923,-0.09789748691871589,-0.09996884227923898,-0.1113122162579901,-0.39602045289734206,-0.29909236633726183,-0.21552070386130867,-0.23505095683137625,-0.1569651875424056,,,,,,,,,,,,,,,,,,,,,,,,,,,
HSM5MD8F_P,H4012,CD,1,,,,,,,,,,-0.42000470466418593,-0.8279531460729906,2.3485732679311493,-1.5401429428057138,-0.695287559810849,-0.02496116090273481,-0.2272649814496513,0.23047701914112423,-0.13833516500220164,-1.0688784389920891,0.09135952525923152,-0.18088727492252415,-1.0120619847536663,0.027444791357709664,,,,,,,,,,,,,,,,,,,,,,,,,,,
HSM5MD8H,H4013,nonIBD,0,,,,,-0.50131574784055,-1.711070447165309,-1.6696508822779785,-0.6235838523793412,-0.4361103468574631,,,,,,,,,,,,,,,,,,,,,,,,,,,,,,,,,,,,,,,,,
HSM5MD8H_P,H4013,nonIBD,0,,,,,,,,,,-0.6876796721861462,-0.7329750771248026,1.1556794541234265,-0.24752116672247684,-0.20687458115483232,-0.245965571460043,0.41565042668722785,-0.03114175495432158,-0.13833516500220164,0.70084359584078,-0.3206853541700213,-0.2534918730976687,0.5348826654252183,-0.20680696347238323,,,,,,,,,,,,,,,,,,,,,,,,,,,
HSM5MD8J_P,H4011,CD,1,,,,,,,,,,-0.5761397194897396,-0.757317667487943,0.607948450301668,-0.6169983430799643,-0.9555814913725517,-0.1418909571329343,-1.1954295815253606,-0.9366666493806559,2.355226945032012,-0.5415763106893279,-0.21326325113431455,-0.07817972459461446,-0.7222898295748914,0.1586243656145956,,,,,,,,,,,,,,,,,,,,,,,,,,,
HSM5MD8L_P,H4009,nonIBD,0,,,,,,,,,,-0.4436293966334146,-0.6126498080721767,-0.26198532928322704,-0.5566634432553261,-0.3596163380302565,-0.21932527004792107,0.02191318914765102,-0.11683556008159436,-0.1113122162579901,-0.2571757461555395,-0.29909236633726183,-0.21153489372277398,-0.17563752499359486,-0.39453810557437646,,,,,,,,,,,,,,,,,,,,,,,,,,,
HSM5MD8N_P,H4009,nonIBD,0,,,,,,,,,,-0.15253687689166268,-0.07415085668589137,-0.30497629285285266,0.08720765654343433,-0.3582845387141269,-0.23557095666014063,-0.3609770871496094,0.17453680740286875,-0.1113122162579901,0.2127732741862709,-0.2953084950664365,-0.27028777942666676,-0.004949625567122976,-0.3809677178221989,,,,,,,,,,,,,0.45968511144538654,0.814233069819136,-0.28826309641283665,0.9290282616278044,1.1587141646346741,-0.17328095168758256,0.07931037253850873,-0.26590013711190896,-0.10370044001367282,0.1361176451927531,-0.13812187083932795,-0.29710455056206575,,,
HSM5MD8P_P,H4009,nonIBD,0,,,,,,,,,,-0.4935885444162613,-0.5610635967610229,-0.20992669825493132,-0.5406884159445203,-0.32875354624589354,-0.07510165353219968,-0.1607868176721575,0.02350878230226689,-0.1113122162579901,-0.3176671198490778,-0.29909236633726183,-0.21296680981154295,0.1241643141852916,-0.08379860517267092,,,,,,,,,,,,,-0.3683150935499107,-0.6734818537595665,-0.28826309641283665,-0.6366953808390501,0.7297038713989712,0.053078934052580636,1.2920965100289292,-0.8195668157254756,-0.10370044001367282,0.30622548547126505,-0.13812187083932795,-0.29710455056206575,,,
HSM5MEE5_P,E5001,CD,1,,,,,,,,,,-0.0747549086907462,0.1262605552897012,0.12337347695984309,0.23139780851410863,-0.19988747002740684,-0.28454262839842137,0.021183254372143565,0.17403573690735036,-0.11407085113498545,0.3005990412425531,-0.23733852123665217,-0.2238488099649629,-0.20035339605966432,-0.1000652880309693,,,,,,,,,,,,,-0.7537713917096835,-0.33442793777706065,-0.2327454228519667,-0.3975218397833197,-0.4392495874828052,-0.1373849365612991,-0.7289871860512552,-0.364896127771902,-0.09938799855279619,0.015420818695840966,-0.1342339472220414,-0.29823699268813436,,,
HSM67VCX_P,H4020,CD,1,,,,,,,,,,0.20282640210329195,0.3155400052543095,-0.20158781096114783,0.09605348020968758,-0.11185225349355961,-0.3334620332493318,-0.18855881466305113,0.4840345418871278,-0.1462064739465535,0.8551290571666029,-0.3461462799823559,-0.35432032474260416,0.3532278945338999,-0.43644425360096895,,,,,,,,,,,,,,,,,,,,,,,,,,,
HSM67VCZ,H4020,CD,1,,,,,-0.47473978625947066,-0.20164788189515095,0.3047754639286451,-0.14102712616913465,-0.130446678262967,0.5273617764831545,0.6141284405807854,-0.15894049081981265,0.45109920067652526,0.4906847961196394,-0.3334620332493318,0.010345776166298814,0.5146888354619461,-0.1462064739465535,0.9377382426603116,-0.3461462799823559,-0.35432032474260416,0.5439602022728303,-0.34553862065727536,,,,,,,,,,,,,-0.2612283366393206,-0.011298111442100186,-0.4950592505616027,0.35247339413212864,0.5426258845298076,-0.37913868700614684,-0.3477086080065262,0.10945282317607465,-0.10429053397097302,-0.5543385679070555,-0.18010567816992895,-0.33431691792771256,,-0.11241482424008134,0.43775611842401485
HSM67VD2,H4020,CD,1,,,,,,,,,,0.4499819306956789,0.5137413149404784,-0.1040026086257601,0.553319957299163,0.376928701219602,-0.3334620332493318,-0.10943941458100012,0.48846241775259586,-0.1462064739465535,0.7248092744473278,-0.3461462799823559,-0.35432032474260416,0.5170358030877628,-0.4132965557437094,,,,,,,,,,,,,-0.5957305559991538,-0.8385995784244181,-1.7263113976723838,0.10642463463785642,-0.24506123980340416,-0.5151489177417173,-0.1713322550261023,-0.8067913463278676,-0.10429053397097302,-0.8947309764547544,-0.18010567816992895,-0.33431691792771256,,-0.11241482424008134,-0.036954224276859404
HSM67VD4,H4020,CD,1,,,,,,,,,,-0.40090445035039,-0.7635523605852668,-0.21760209683136192,-0.7882533495197737,-1.103142980780965,-0.3304362096679692,-0.24909055766978996,0.6990219433631767,-0.1462064739465535,-1.0257343464368782,-0.33120467472225973,-0.3458967817251878,0.4264411738580839,-0.44392575484444946,,,,,,,,,,,,,-0.2372049151876537,0.02208829214927245,-0.18469106377590472,-0.0766740503317277,0.6909223019318645,-0.2956183283484681,-0.3134981780003482,-0.06472852937547588,-0.10429053397097302,-0.6650389556254068,-0.18010567816992895,-0.33431691792771256,,-0.11241482424008134,-0.4500563881391937
HSM67VD6,H4020,CD,1,,,,,-0.99686702607599,-0.34988779088310834,-0.5097005267758961,0.16932500452616367,0.04396741794137715,0.5011832983146887,0.7103911790713322,-0.02743503272670621,0.38412499044107906,0.5329074107197374,-0.333549952459544,0.0657732370720515,0.8585088006969204,-0.1462064739465535,0.6721120241443022,-0.33812315927890285,-0.3541741405914768,0.5793749576442773,-0.37322552528653025,,,,,,,,,,,,,-0.39016540867907823,-0.6294583212614628,-1.6317820546067372,0.8045649015648195,0.17666777897749733,-0.3849343678915395,-0.33415319250111025,-0.3228270952646637,-0.10429053397097302,-0.7733853908714471,-0.18010567816992895,-0.13045569394904413,,-0.11241482424008134,-0.6270755183303269
HSM67VDP,H4004,CD,1,,,,,,,,,,0.05795525475151584,0.24256743863039845,0.2831298299372577,0.12823916099253563,-1.1668424365779684,-1.9882408484565122,0.568339074721004,0.6478880097804687,-0.10843274156073193,-0.06253504832530639,2.8376359841697165,-2.553500575502783,0.40271613474954376,-0.029854747447835863,,,,,,,,,,,,,,,,,,,,,,,,,,,
HSM67VDR,H4023,nonIBD,0,,,,,-1.3131337958379672,-0.5201277093459709,-0.1903924324347202,0.006725297088252827,0.47530896396278455,,,,,,,,,,,,,,,0.2523044381374483,-0.22967101184415356,-0.07284643967679481,0.4967784764213423,-0.16173984890373136,0.09560573483367543,-0.5990606394056592,-0.3377928645099569,-0.07284643967679481,-0.0716640821592678,-0.2946227360106183,0.030391478799598647,,,,,,,,,,,,,,,
HSM67VDR_P,H4023,nonIBD,0,,,,,,,,,,0.4508607128068013,1.6221001167594746,-0.9258641306574111,0.9889786840958111,-0.21436806596560803,-0.21953002446344183,0.5266210995371232,-0.08254483058457665,-0.10843274156073193,0.5766248999622974,-0.21326325113431455,-0.2177327166392716,-0.16721021229164537,-0.22758213006004252,,,,,,,,,,,,,,,,,,,,,,,,,,,
HSM67VDT,H4024,nonIBD,0,,,,,,,,,,-0.723009945514705,-0.9374352467296757,-0.12473898930684109,-0.3301563002410858,-0.6769692591921612,-0.22963946686687725,-0.41734419125428435,0.08702226738253695,-0.1462064739465535,-0.7050477366389636,-0.25766012377858155,-0.27345937848809965,0.2950106712724615,-0.41771799046964014,,,,,,,,,,,,,,,,,,,,,,,,,,,
HSM67VDT_P,H4024,nonIBD,0,,,,,,,,,,-0.7072226663223667,-1.0635612902701312,-0.225604563430039,-0.41786401716373955,-0.629894806526848,-0.3493187099147883,-0.6400029606776828,-0.13416510092018524,-0.1462064739465535,-0.8148523893295864,-0.3189031639092758,-0.34283775143492706,0.21521650068544299,-0.422223290812195,,,,,,,,,,,,,,,,,,,,,,,,,,,
HSM67VDX,H4022,nonIBD,0,,,,,-1.5567245112052663,0.10131121563701921,-1.3883834545262994,-1.0760478325178953,-0.13196080766065102,,,,,,,,,,,,,,,-0.01624232590060243,-0.24106139871760646,-0.08650797396966804,-0.22866761854005455,1.4371332062228752,0.07500016726067676,-1.049999558214139,1.6468772516492822,-0.08650797396966804,-0.08708671244899614,1.3005398431849773,0.013368190302435377,,,,,,,,,,,,,,,
HSM67VDX_P,H4022,nonIBD,0,,,,,,,,,,1.635282411484977,2.509437754657091,0.5146908174140852,2.4702358407913336,-0.22869970654460373,0.4721389435863271,0.27859813203443784,0.6213596565935124,-0.1113122162579901,2.7958368539261564,-0.16283321258069666,0.269916011478998,1.7295324761914366,1.2667921951900258,,,,,,,,,,,,,,,,,,,,,,,,,,,
HSM67VDZ,H4001,CD,1,,,,,,,,,,-0.34476829469576453,-0.6314726957081144,-0.27813342844982125,-0.6414042098301876,-0.27358849078591185,-0.17063201804207023,0.27139201774900257,-0.024506087114031856,-0.10843274156073193,-0.030814731938630574,-0.10178623970943439,-0.08576620940740524,0.4303589355758273,-0.2478997098209537,,,,,,,,,,,,,,,,,,,,,,,,,,,
HSM67VE4,H4001,CD,1,,,,,,,,,,-0.23668330005681507,-0.18438922173333402,-0.24079127718280813,-0.23048200948899025,-0.18188146624065848,-0.059835247642583536,0.9970563266169964,0.3148383622655089,-0.10843274156073193,0.5311961329420823,-0.10020368474592675,-0.208313593463387,0.4960585596540242,-0.22694921137257268,,,,,,,,,,,,,,,,,,,,,,,,,,,
HSM67VEA,H4001,CD,1,,,,,-1.0808407455835887,0.5581243442180446,0.026614659892070628,-0.6920409179644292,0.785663738248857,,,,,,,,,,,,,,,-0.5415097843577276,0.0622269375760021,-0.07284643967679481,-0.29787253325050084,-0.3133199222117357,0.09560573483367543,-0.22879926445769014,-0.3377928645099569,-0.07284643967679481,-0.18950180663358096,-0.4380128249379913,0.030391478799598647,,,,,,,,,,,,,,,
HSM67VEC,H4006,CD,1,,,,,,,,,,0.2010519101966019,0.46715225365543606,-0.534863911522995,0.37259474597419756,0.2502456417055332,-0.36215177618659616,-0.2038332161406453,1.8899986269167195,-0.1113122162579901,-0.26009485126101634,-0.25249423450971387,-0.030037623384404865,-0.30126763349061786,0.4211097761277797,,,,,,,,,,,,,0.004898720403218497,-0.22464732849085384,-0.28826309641283665,-0.19271925615346797,-0.415969032778998,-0.23290699704072407,-0.29073996443892525,1.6094191866908472,-0.10370044001367282,-0.3814961394302998,-0.13812187083932795,-0.29710455056206575,,-0.09339860866723376,3.925772631912907
HSM67VEE,H4006,CD,1,,,,,1.300379269098605,-0.2799998223031311,-0.580819613668736,0.926301552947775,0.7528291825621273,-0.27354437171624457,0.057084391796591374,-0.8556380501945208,-0.10877438389322255,0.14002062921329017,-0.1191350441440808,-0.22650179639528606,0.7240281570781127,-0.1113122162579901,-0.4284551954319157,-0.29909236633726183,0.2930493437451167,-1.3603159428883065,0.3219074811096889,-0.37345408671041314,-0.07794501494001509,-0.08650797396966804,0.602189855254829,0.6421304571505314,0.07500016726067676,-0.6473413731291899,-0.2545646040918579,-0.08650797396966804,1.1014723544429303,1.4287915982215604,1.0583763163769027,1.805507657345009,0.7067476413474117,-0.28826309641283665,0.3461189065176785,0.705591616160171,0.4575427879549096,1.9252464563794212,0.8888500701263794,-0.10370044001367282,2.191438262541502,-0.13812187083932795,-0.16965546131857176,,-0.09339860866723376,-0.002376705661162376
HSM67VEG,H4006,CD,1,,,,,,,,,,-1.305820134706482,-0.6550849580952905,0.11385742544837141,-0.705665003719171,-0.15836254249048798,-0.468238671292547,0.4408278007800602,-0.18460818710463062,-0.1113122162579901,-1.4892691087654588,-0.08043676862379633,0.05261990022057694,-2.102127290878839,0.38344608961165244,,,,,,,,,,,,,,,,,,,,,,,,,,,
HSM67VEI,H4006,CD,1,,,,,,,,,,-1.0689447661240286,-0.5225046529769783,0.3262794758519939,-0.39926364146664606,-0.27679443067438214,-0.1889198990543905,0.27270495850553195,-0.5030009532737828,-0.1113122162579901,-0.562092318923447,-0.2399787062054532,-0.19087491452404592,-1.6551550115378988,0.3467351020716509,,,,,,,,,,,,,-0.5077763701807602,-1.0600806649837362,-0.28826309641283665,0.3122793574657361,0.4296880977556312,-0.17674087578679606,0.6882883497626147,0.4294698784333507,-0.10370044001367282,-1.3315072383975812,-0.13812187083932795,-0.29710455056206575,,-0.09339860866723376,0.5339846338228665
HSM67VEK,H4006,CD,1,,,,,,,,,,-1.5941966707178203,-0.7496159690538899,-0.21485117816063995,-0.8112205890338449,-0.41225217217380267,-0.25782045969507245,0.29104079527202703,-0.64705215185033,-0.1113122162579901,-0.9698523631540081,-0.2867094871950188,0.060990630142488,-2.5614247048258885,-0.17695536764036887,,,,,,,,,,,,,1.3314740584570792,-1.036074325940927,2.050589112566653,-0.5569414101307743,0.03203570428512117,-0.44295078727417375,2.299258891519879,-0.19166998252403547,-0.10370044001367282,1.6249851521309402,-0.13812187083932795,-0.29710455056206575,,-0.09339860866723376,0.6010007708319302
HSM67VEM,H4006,CD,1,,,,,,,,,,-1.3474982349478746,-0.400639520145763,-0.1605665388759132,-0.36654509395534207,-0.2537957919558245,-0.03632074595114854,0.11549756380771616,-0.5145770109249247,-0.1113122162579901,-0.36055474172022034,-0.18738625431424458,0.06007694509666239,-1.3811479655785122,0.5002334096095227,,,,,,,,,,,,,-0.4437734730460404,-0.5256077683726041,-0.28826309641283665,-0.19771988826106277,1.0432798012749809,-0.49018885344555063,-0.6314012126090611,1.7403403819948557,-0.10370044001367282,-0.5365739961081327,-0.13812187083932795,-0.29710455056206575,,,
HSM67VEM_TR,H4006,CD,1,,,,,,,,,,-1.2237231499854608,-0.3566570730571616,-0.272686258771171,-0.3481865832690631,-0.17734916022885008,-0.09263929143293634,0.1461894009897147,-0.5943247094491241,-0.1113122162579901,-0.35592642894732285,-0.18011941322638014,0.14389303739627823,-1.4179254158910697,0.19124544819255254,,,,,,,,,,,,,-0.3022538839048664,-0.8461257279408809,-0.28826309641283665,-0.31782953675910036,1.0271504455747005,-0.5252199628613899,-0.7820794746369082,1.0451599312526638,-0.10370044001367282,-0.4225835690226332,-0.13812187083932795,-0.29710455056206575,,,
HSM67VEO,H4022,nonIBD,0,,,,,,,,,,-0.7844077082777676,-0.6387967065515782,-0.3150207217337337,-0.6082236659336862,-0.3812652834405351,-0.19907103285184488,-0.35360181128352386,-0.7578222285603491,-0.1113122162579901,-0.1922919435494975,-0.29909236633726183,-0.15777005651631967,-0.10555392970709239,0.7524749520607719,,,,,,,,,,,,,-0.08894094184840426,-0.14221473185323158,0.09471580211956283,-1.3494583859189635,0.04346415794357211,2.0791191041402337,0.1096153523415375,-1.1949276832520472,-0.10370044001367282,-0.5682300482487778,-0.13812187083932795,1.468163135927437,,-0.09339860866723376,-0.4692177595431387
HSM67VEQ,H4022,nonIBD,0,,,,,,,,,,-0.4251131799716865,-0.45388696772069265,-0.3341930516698622,-0.24786646705010093,-0.27318132258517913,-0.19970003262254524,0.1430211992911931,-0.8855915638380499,-0.1113122162579901,-0.3709094856083053,-0.26633824339368745,-0.19453681902716907,0.6127321945177047,0.6418606174264655,,,,,,,,,,,,,,,,,,,,,,,,,,,
HSM67VES,H4022,nonIBD,0,,,,,-0.9490881708946065,-2.282738179992907,-1.5691168031394322,-0.23133699045034853,-1.1332552214455112,-0.43793963645132594,-0.4324550218442173,-0.3147845010785313,-0.2473667343746575,-0.34288613267816126,-0.27815558683671654,-0.21650477557003245,-0.6697611591711048,-0.1113122162579901,-0.08488685790434768,-0.29224722123950864,-0.14789321410326112,0.08784451264836707,0.478059599837399,0.04162372790388954,-0.07794501494001509,-0.08650797396966804,-0.22866761854005455,-0.25354930987563823,0.07500016726067676,-0.3273084813580057,-0.2545646040918579,-0.08650797396966804,-0.08708671244899614,-0.14296984138690302,0.013368190302435377,-1.197745623416233,-0.7473014726056164,-0.28826309641283665,-0.7229618257441031,-0.26132602012290373,0.558502143695875,-0.06108669415118043,-0.38627825426076395,-0.10370044001367282,-0.5304501765110846,-0.13812187083932795,1.123730689301185,,-0.09339860866723376,-0.8117778368163686
HSM67VEU,H4022,nonIBD,0,,,,,,,,,,-0.6246270855116417,-0.40113844268632964,-0.4140587973147663,-0.20784686012104325,-0.3565472978076648,-0.22173483459560098,-0.09081037466222479,-0.5607961061880288,-0.1113122162579901,-0.15893317276724023,-0.29909236633726183,-0.21340997199384226,-0.2952110504536809,0.3345781987007148,,,,,,,,,,,,,-1.181366089567229,-0.5296244609967382,0.427644922763584,-1.262294693645342,-0.3810198950957727,0.37353702911057507,-0.6214033458850768,-0.459934844686865,-0.10370044001367282,0.6638759731318304,0.6215711001826417,0.9413622136198558,,-0.09339860866723376,-0.32369579942191834
HSM67VEW,H4022,nonIBD,0,,,,,,,,,,-0.28112707696448663,-0.18979724493510897,-0.2245490192660637,0.038859536922048285,-0.27229824769609695,-0.2399811114510848,-0.2922553958680657,-0.3958586287572705,-0.1113122162579901,0.07564987483584654,-0.29909236633726183,-0.16606522390679218,0.6712617821031688,1.142118536230081,,,,,,,,,,,,,,,,,,,,,,,,,,,
HSM67VF3,H4016,nonIBD,0,,,,,0.06532782630040528,0.5028232110467987,0.15799023618761393,-0.4599340986025979,-0.15495602631957212,0.17211058104450278,-0.16628471305491213,-0.39765007406508257,0.22827406655141527,0.23597495913051478,-0.3058843553956323,0.06578468446854664,0.06511192111500141,-0.13833516500220164,0.6918508919166138,-0.3206853541700213,-0.24429731266619092,0.1846669919288063,-0.4173884686303816,0.5169748427187435,-0.056371305558196715,-0.08602647872386804,0.16900249886935748,-0.27422528734852736,0.012623600559267523,0.34570748455080885,-0.0970981801533063,-0.08602647872386804,-0.764237367258975,0.12397016508214494,0.15804200816145356,0.08012916946703795,0.5406569997572332,-0.24634640826316948,0.2603425923723911,0.6146049464861532,-0.3979092153754313,-0.9725149535017703,1.1772081510595438,-0.09434468921296807,0.5481137253873504,-0.13571057116566926,-0.23301540043091898,,-0.08939284250604397,0.7263902222550077
HSM67VF9,H4017,CD,1,,,,,,,,,,2.3516172040191385,3.1154658235701,0.48942775805964106,3.6499919104792453,4.182713224547641,5.840770105052523,6.21507245975516,6.890727222856443,-0.11407085113498545,5.038000989321791,14.948893963280412,30.133037937269798,0.37631687856758067,2.6254868020408257,,,,,,,,,,,,,,,,,,,,,,,,,,-0.10717564228878608,0.9876654907019996
HSM67VFD,H4017,CD,1,,,,,,,,,,-0.1654569957588092,-0.24627620208359818,-0.2962304668061581,-0.3641245409752127,-0.34929972986064606,-0.3094852876458951,0.13971260803765378,-0.11189752005241306,-0.11407085113498545,-0.23853653412675788,-0.3363939264701503,-0.2778930612680139,0.37631687856758067,-0.4782839931235403,,,,,,,,,,,,,-0.11454046901581132,0.3823441450897834,-0.2327454228519667,0.17745634165845,-0.2760965067909745,-0.4575671068440312,-0.27352223024918176,-2.3826370026473667,-0.09938799855279619,-0.34217684330256565,-0.1342339472220414,-0.29823699268813436,,,
HSM67VFF,H4017,CD,1,,,,,,,,,,0.5905055249883803,0.5049372391740531,0.6434258126487475,0.7418308076477262,0.2838752452280127,-0.2001656174673657,0.3676503024258295,0.9104555449046493,-0.11407085113498545,-0.19344456331487014,0.3357204537905257,-0.03995342889671746,0.5859532722682664,0.00486540696209687,,,,,,,,,,,,,,,,,,,,,,,,,,,
HSM67VFH,H4017,CD,1,,,,,,,,,,0.4188180728125829,0.777860756212429,1.2394734932348286,0.8176497529210507,-0.1591497940236215,3.5444341160552626,1.0566732303524389,0.554468206759553,-0.11407085113498545,0.6427909647323412,2.9177253829054655,0.7155693331554004,0.37864467072809466,1.729225980296578,,,,,,,,,,,,,,,,,,,,,,,,,,,
HSM67VFJ,H4017,CD,1,,,,,,,,,,0.06288466811069052,0.29640482637787147,1.206237001112501,0.3800758001977163,-0.4925429121023812,1.7156842197831597,1.2997594727548025,1.1720476244278342,-0.11407085113498545,0.815496557159021,2.9332820112452542,0.12200600583469785,0.49465375650730986,0.6844550764572609,,,,,,,,,,,,,1.181281468699508,1.6168890210225706,1.2836096044994918,2.8072993323483644,2.7750073651014153,1.4899554451823356,-0.3860380641299304,2.3722630183050564,-0.09938799855279619,2.6977440424163106,1.211034538409956,0.9399807205089208,,-0.10717564228878608,1.320278022581427
HSM67VFR,H4018,nonIBD,0,,,,,-0.9275265387550976,0.6045979731855995,0.42539914384133704,0.2830490025580641,-0.8241170759731662,0.7113603659567527,0.3874423511470867,-0.43223557733981616,0.5770803669548582,-0.02801767179255309,-0.370234615469099,0.6375388703638439,0.468017765668577,-0.11407085113498545,0.513173025071021,0.7684464209762225,0.9872470618454042,1.0378959445027947,-0.2053267778339122,1.6339889966416818,-0.03492570800200681,,-0.3688106952778308,-0.20799330356299853,0.07560302623362697,1.8199685949763111,-0.23581076897759604,,0.004307276356582939,-0.208150375760826,0.06293716072304763,0.5087057044713503,0.6383458619042965,2.3688579837844213,0.221197645376275,0.6332132384477454,0.07561793204583314,-0.3920458607904268,1.1029135235949281,-0.09938799855279619,-0.3054135214919027,-0.1342339472220414,-1.2592987434784553,,,
HSM67VFX,H4008,nonIBD,0,,,,,,,,,,-0.5161307514291233,-0.35238564182923804,-0.13134774612707312,-0.008852358285664145,-0.6213121792671136,-0.03759326555928521,-1.0129531403170844,-1.1046105746064347,-0.1462064739465535,-0.14553665622925843,-0.20723144919882058,-0.09880353345612594,-0.09546750239250981,-0.28509916670906343,,,,,,,,,,,,,,,,,,,,,,,,,,,
HSM67VFX_P,H4008,nonIBD,0,,,,,,,,,,-0.4290252699088123,-0.4685683587974991,-0.005525762182187842,-0.11073808824062516,-0.5945245434935628,0.02016290261470903,-0.4557967447941141,-0.3867187382045698,-0.1462064739465535,-0.36611074119556386,-0.11599224490238141,-0.08109795761023803,-0.39023841739503845,-0.2427734485841791,,,,,,,,,,,,,,,,,,,,,,,,,,,
HSM67VFZ,H4008,nonIBD,0,,,,,-1.1616261483244683,-1.3253987862413172,-0.9767086127086618,0.3040003045731829,-0.5346966224605738,0.08832001017328898,0.5778799946983333,0.0003346661570299108,0.540574690190182,0.4380084724011702,0.16868035674091608,-0.4209765595136811,-0.1623595201699705,-0.1462064739465535,0.39103683019439817,-0.0059376862234642985,0.26822735768374195,0.07961807764200343,-0.02785445175789822,-0.8224052712049732,0.0535119710234029,-0.08813052984784635,-0.24137171147496847,-0.5156207785175154,0.15455173581269654,-1.1396700799958175,0.02851524086265605,-0.08813052984784635,-0.03510391416842733,0.16023470122924782,-2.67740146303475,-1.2945110178603383,-0.8977002097130466,1.794088393792433,-1.0701185106443594,0.4136854127389393,-2.1319423138336053,0.5100714297569545,-1.0021758614123888,-0.10429053397097302,-0.4163902962298054,1.6039338684335758,-1.6918351951605013,,-0.11241482424008134,-0.23442684401482605
HSM67VG2_P,H4008,nonIBD,0,,,,,,,,,,0.31285723460839193,0.6021031640646726,0.3866249019430117,1.0411704110629492,1.3804216091986645,0.7037939205226278,0.44026688302049105,2.0355892404925893,-0.1462064739465535,0.3724589935633593,1.4934639693850311,1.0122215079057773,0.2621786488277295,0.6521761659914057,,,,,,,,,,,,,,,,,,,,,,,,,,,
HSM67VG6,H4008,nonIBD,0,,,,,-0.767898348487494,-0.891542015256333,-0.21611917552921422,0.2706031330824117,-1.3008855181905639,,,,,,,,,,,,,,,,,,,,,,,,,,,,,,,,,,,,,,,,,
HSM67VG6_P,H4008,nonIBD,0,,,,,,,,,,0.3306017945667098,0.08740107525685023,0.08690881657405188,0.7457773953483716,0.321443997790846,-3.520314518223029,-0.42957140398262533,0.9667255497584758,-0.1462064739465535,-16.85353092434815,0.15071437220618586,-7.162403846038914,-0.1518446852945542,0.7629455473753937,,,,,,,,,,,,,,,,,,,,,,,,,,,
HSM67VG8,H4008,nonIBD,0,,,,,,,,,,0.302286326729071,0.762528866599684,-0.09586364753439514,0.6595022735019299,0.9560647204633417,-0.1551132032278403,0.11342718941319138,-0.21485069139052337,-0.1462064739465535,0.008901024921186074,-0.2846615545151619,-0.22870693321839453,0.07194270425625207,-0.40556277318069384,,,,,,,,,,,,,-0.1620901919112429,-0.06062889048000422,1.5490241594086647,0.06012279860053541,1.158503314641462,-0.35922641118166826,0.03162746629551318,-0.18582107243344992,-0.10429053397097302,-1.1458101098560693,-0.18010567816992895,-1.0929594545384944,,-0.11241482424008134,-1.5798116835576363
HSM67VGA,H4009,nonIBD,0,,,,,-0.47960156865737674,-1.0195815833646489,-1.347830837507781,0.7010301443557546,-1.3904706073158644,-0.16595593249079602,-0.5310308957007451,-0.2173488075374186,0.38656544915216096,-0.0968897480705909,0.14397065746238566,0.6956818509381109,-0.2546658999371211,-0.1113122162579901,0.49942713184265936,-0.2219724195333741,-0.21022700000304656,-0.8760012808096592,1.1454547016459662,0.19449554711608408,-0.059488131319907475,-0.08650797396966804,-0.5544845716866859,-0.14567808415551198,0.07500016726067676,0.04580631712950788,0.055472931946663834,-0.08650797396966804,-0.08708671244899614,0.09114864003287512,0.013368190302435377,-0.000661820660643472,0.0911666238188855,-0.28826309641283665,-0.06882583089040233,0.11357593168909534,-0.20593450602990526,-0.14306920534269352,-0.5334757348708606,-0.10370044001367282,-0.3838054932013617,-0.13812187083932795,-0.29710455056206575,,-0.09339860866723376,-0.10446311263322249
HSM67VGA_P,H4009,nonIBD,0,,,,,,,,,,0.060520974457987216,0.14193260478970948,0.11872117937817876,0.5163270201352885,0.049731538711851764,-0.10383758901773121,-0.6372852149876628,0.3793949601634052,-0.1113122162579901,0.3941181128975389,-0.29909236633726183,-0.21141933946908828,-0.6467382915969097,0.34238768947858556,,,,,,,,,,,,,,,,,,,,,,,,,,,
HSM67VGC,H4009,nonIBD,0,,,,,,,,,,-0.3052345177759618,-0.23911074985295072,-0.30178926657211974,-0.03837463840797603,-0.23176776281169437,-0.1913213135920189,-0.14320949675740755,-0.11456714677930213,-0.1113122162579901,0.058246242264229364,-0.29909236633726183,-0.21117414820548025,-0.5026574514047162,0.1947118707135935,,,,,,,,,,,,,,,,,,,,,,,,,,-0.09339860866723376,0.1916853961028448
HSM67VGE_P,H4009,nonIBD,0,,,,,,,,,,-0.2684740725072764,0.1291838822536533,-0.5418659489804045,0.7708534574718672,0.19308790357043476,0.278281248487548,0.5602600023976779,0.005918150241754121,-0.1113122162579901,0.3848819941936552,-0.2759874217383794,-0.21029072281453728,-0.9921582840599753,1.3317091683688023,,,,,,,,,,,,,,,,,,,,,,,,,,,
HSM67VGG,H4009,nonIBD,0,,,,,-0.2552417364131103,-0.32345918080123864,-1.3225879515884276,1.104249753027643,-0.5077132587833438,0.17561136147715808,0.12495090218690072,-0.14082105040798468,0.4433140449401724,0.2717353905551386,-0.06609405780427577,-0.06832244273510678,0.3764591767578613,-0.1113122162579901,-0.13236486057661137,-0.28760319756115965,-0.20415999888547356,0.011047295575686464,0.2195537107031054,,,,,,,,,,,,,-0.02085644225095338,-0.01435089968244971,-0.28826309641283665,-0.15998681441194784,-0.2981636980567956,-0.09091873255464158,-0.31284888603143163,-0.5180572162376718,-0.10370044001367282,-0.3967722481590467,-0.13812187083932795,-0.29710455056206575,,-0.09339860866723376,-0.14971487837187
HSM67VGI_P,H4009,nonIBD,0,,,,,,,,,,-0.2456981156546775,-0.5963372874553352,-0.289742914097755,-0.8017789034168139,-0.19776582798356035,0.07111300190063688,-0.47941358088162855,-0.19227603286111297,-0.1113122162579901,-0.45361716693677423,-0.29909236633726183,-0.14797311240974215,0.1523339381882994,-0.3643982475920004,,,,,,,,,,,,,,,,,,,,,,,,,,,
HSM67VGK,H4009,nonIBD,0,,,,,,,,,,-0.30861069263934465,-0.26115510427618116,-0.15760983372481338,0.09012626127348858,-0.2507934575387132,-0.238230911298923,0.43686457259095995,-0.1664145533616598,-0.1113122162579901,0.8492200972592134,-0.29909236633726183,-0.21552070386130867,-0.23760847248059494,-0.4750058913389805,-0.467667580026512,-0.07794501494001509,-0.08650797396966804,-0.22866761854005455,0.05556721012503068,0.07500016726067676,0.03417690830947405,-0.2545646040918579,-0.08650797396966804,-0.08708671244899614,-0.3108916490219447,0.013368190302435377,-0.20808961118627123,-0.5146060144771222,-0.28826309641283665,-0.7289455253137473,-0.5083609330834359,-0.3033670943411165,-0.45357825186412953,-0.6197182301930453,-0.10370044001367282,-0.43797671484749345,-0.13812187083932795,-0.29710455056206575,,-0.09339860866723376,-0.3092580072187874
HSM67VGK_TR,H4009,nonIBD,0,,,,,,,,,,-0.34499261364986816,-0.20067620494681246,-0.46791819945938334,-0.10250083261464477,-0.27754050820570764,-0.238230911298923,0.613790840569701,-0.16788393100454602,-0.1113122162579901,0.70588658746656,-0.29909236633726183,-0.21552070386130867,-0.226485409973489,-0.5401545469627049,,,,,,,,,,,,,,,,,,,,,,,,,,,
HSM67VGY,H4010,UC,1,,,,,,,,,,0.7088531425253216,0.4125274938229828,-0.0377096251182351,0.25927091941887764,-0.11877575540238107,-0.23337001655336503,-0.6011391338471606,0.6539256463243865,-0.1462064739465535,-0.49778144982635986,-0.3461462799823559,-0.27338323120822344,0.3800479038901435,0.74191126746655,,,,,,,,,,,,,0.8945015743747201,0.5375295686362503,-0.18469106377590472,0.8626395500986772,1.440954388294889,0.5970734658821241,-0.13671615781943425,0.3885715894004552,-0.10429053397097302,0.6413658112375976,-0.18010567816992895,0.4083430224232381,,-0.11241482424008134,-0.6682187841597897
HSM67VH1,H4010,UC,1,,,,,0.8643614473550953,0.6804706129237947,0.22725438541218945,-0.35231616237913893,-1.1991484706435231,-0.22045946037727862,-0.18440071301361188,-1.125077984199605,-0.11943345531810558,-0.8616205968621996,-0.27748103372537747,-0.7429734188672884,-0.06722995532278403,-0.1462064739465535,-0.7891262835537994,-0.3461462799823559,-0.3311883356214976,-0.1423594025163012,0.3566502308030209,0.7021681470082038,0.08761395366722986,-0.08813052984784635,-0.5286235019412212,-0.451788616857598,0.15455173581269654,-0.2280009709058477,-0.3599320260332242,-0.08813052984784635,4.114735585369267,-0.045049689370397834,0.07869356735747605,-0.4141786785931536,0.560582477155119,-0.18469106377590472,0.12787406306489907,0.6438182780495321,0.0880596218855402,0.4992309927442809,1.2028755156487354,-0.10429053397097302,0.6696896413846722,-0.18010567816992895,-0.9983738227583233,,-0.11241482424008134,-0.7533323222926447
HSM67VHB,H4020,CD,1,,,,,,,,,,0.5594659019574679,0.9578520808130035,-0.0838651210421486,0.7443068442726133,0.8396457013837839,-0.33326902464709923,-0.1076783867823563,0.6049156860409992,-0.1462064739465535,0.7167961910201379,-0.3461462799823559,-0.35432032474260416,0.0854723286929738,-0.3280482292157587,,,,,,,,,,,,,-0.3318863687606235,0.979385738738964,-0.5575068309819269,1.1447073744221625,0.28790893724616295,-0.25743891145085124,-1.0000069752709524,0.8843114819172349,-0.10429053397097302,-0.3624805177535721,-0.18010567816992895,-0.01597622241295703,,-0.11241482424008134,0.41238977666096505
HSM67VHD,H4020,CD,1,,,,,,,,,,0.6463975732782095,0.7774559679749781,-0.1348770028851264,0.5260034344220796,0.22504502165391085,-0.17045898715754046,-0.7144181343183487,0.3062984227788856,-0.1462064739465535,0.2567473054079375,-0.3461462799823559,-0.27299578389784757,0.6967127519738834,-0.30227209477735817,,,,,,,,,,,,,-0.2709584194440816,-0.30702736856013735,-0.18469106377590472,0.09362460233147098,0.05500581108335961,-0.25691776963746943,-0.26775522373401917,-0.3302307421436135,-0.10429053397097302,-0.1538231444550952,-0.18010567816992895,-0.33431691792771256,,-0.11241482424008134,-1.0331244912778437
HSM67VHF,H4020,CD,1,,,,,-0.7282333106264932,-0.34452429096517556,-0.5915560320858715,-0.4753937332447024,-0.18863114929372823,0.1775247912917838,0.5990473360114478,-0.09662137030943593,0.48680460879041454,0.2477152676634974,-0.3334620332493318,0.013513938118184538,0.31460604374193407,-0.1462064739465535,0.7079147097690864,-0.3461462799823559,-0.35432032474260416,0.5731461132777773,-0.4212679886974561,,,,,,,,,,,,,-0.3531541533973387,-0.2596448059983317,-1.1272088795711772,0.5609313096046366,0.14395223909356802,-0.44375871356416435,-0.1713322550261023,-0.24112016285612356,-0.10429053397097302,-0.8117402413554333,-0.18010567816992895,-0.33431691792771256,,-0.11241482424008134,-0.3304373387651026
HSM67VHH,H4020,CD,1,,,,,,,,,,0.5785266704345005,-0.049482948710206254,0.03440934468076816,-0.15262547276980176,0.03369238502100908,-0.3334620332493318,-0.07531544914448463,1.0255524939691996,-0.1462064739465535,0.15371127253514563,-0.3461462799823559,-0.35432032474260416,0.951488209328004,-0.4008046661965505,,,,,,,,,,,,,,,,,,,,,,,,,,,
HSM67VHJ,H4020,CD,1,,,,,,,,,,0.7849044543893873,0.8509319564677652,-0.12467188985769367,0.8115993843749192,0.8381626974990383,-0.3334620332493318,0.18022215550945414,1.0490893515218194,-0.1462064739465535,0.9246686106127449,-0.3461462799823559,-0.35432032474260416,0.49796777187945823,-0.41492026910075425,,,,,,,,,,,,,-0.2780605624964401,0.2617058792643043,-0.18469106377590472,0.6818653996736342,0.8989271339186923,-0.3655314778868011,-0.7438674689419208,-0.8175838955932133,-0.10429053397097302,0.175538730756387,-0.18010567816992895,-0.33431691792771256,,-0.11241482424008134,0.2532480068686151
HSM67VHK,H4017,CD,1,,,,,,,,,,0.8809355389645542,1.9133773634303826,-0.2962304668061581,1.4358819780770957,-1.5769061109577247,-0.3586092496382367,0.16079028623332192,0.05535631234275345,-0.11407085113498545,1.0572255228557192,-0.3363939264701503,0.1286541309251493,0.37631687856758067,-0.24378075996814272,,,,,,,,,,,,,,,,,,,,,,,,,,,
HSM67VHM,H4016,nonIBD,0,,,,,0.35475311602323517,0.8931797455423742,-0.5016936956745408,0.9343938625638061,0.485626805554685,,,,,,,,,,,,,,,,,,,,,,,,,,,,,,,,,,,,,,,,,
HSM67VHQ,H4007,CD,1,,,,,,,,,,0.2956467614178256,0.5134343327856757,-0.26804614682316574,0.5521902114329392,-0.06139561640764325,-0.13648269981162156,0.2524675810753661,-0.24820087220204942,-0.1113122162579901,0.6354897467457011,-0.29909236633726183,-0.18311190282264156,-0.026074718114160827,0.9819692447184424,,,,,,,,,,,,,,,,,,,,,,,,,,,
HSM67VHS,H4007,CD,1,,,,,,,,,,-0.0340362619244582,-0.35994890038021504,-0.3951424422438742,-0.27785395639588234,-0.20175249752229876,-0.22231509452610748,-0.10063029638846097,-0.3623540011302663,-0.1113122162579901,0.14096818055812527,-0.29909236633726183,-0.22473255221060756,-0.44354532298348154,0.0652425551020986,,,,,,,,,,,,,,,,,,,,,,,,,,,
HSM67VHU,H4007,CD,1,,,,,-0.7042838707328877,-0.055255046429219704,-0.3841661710071717,-0.15305584883253293,0.6099709979379897,,,,,,,,,,,,,,,,,,,,,,,,,,,,,,,,,,,,,,,,,
HSM67VHW,H4007,CD,1,,,,,,,,,,0.06866071944585496,-0.1343810616638386,-0.3123808096175017,0.1338154408862351,-0.13055083936863043,-0.05974773487398646,-0.2628735233460625,0.09855895795406847,-0.1113122162579901,0.28347561491686457,-0.2911601762927233,-0.09068947306907672,-0.29279510258085373,0.5471233233644668,,,,,,,,,,,,,-0.010526759485965048,-0.709568176958111,-0.28826309641283665,-0.35708264369931714,0.09002679871005456,0.6965834499536177,-0.463594339826944,-0.08812158392593883,-0.10370044001367282,-0.3610310785880468,-0.13812187083932795,0.8593750431850844,,,
HSM67VI1,H4007,CD,1,,,,,,,,,,0.206213928167718,-0.04928252362178928,-0.2243671963401554,-0.11412263584649307,-0.1851116815222743,-0.1417448094777191,-0.13403298810103653,-0.1933774838140559,-0.1113122162579901,-0.19004368287674228,-0.2708844945482896,-0.025093768478956686,0.19105605081579116,0.9867701022348927,,,,,,,,,,,,,,,,,,,,,,,,,,,
HSM67VI3,H4024,nonIBD,0,,,,,,,,,,-0.5177960119088204,-0.5792675211082233,-0.29063424704556934,0.047480424461081194,-0.5555282119887162,0.039775166306302054,-0.9163917451330781,-0.36656624394087,-0.1462064739465535,0.1380169821195975,-0.3461462799823559,-0.0010201890856303536,0.42411599887003043,-0.39786997992095346,-0.8618323234941357,1.1468542485177209,-0.08813052984784635,-0.3835011515144245,-0.1442143085183135,0.15455173581269654,-0.07235256290518711,1.5481955222245058,-0.08813052984784635,-0.03510391416842733,-0.4868238404290454,0.07869356735747605,-0.3632718359557925,-0.35960319382115735,-0.18469106377590472,-0.6415831284925182,-0.8371681534233428,-0.18675716279307028,-0.24249271814632803,-0.4516787844915496,-0.10429053397097302,-0.9958823820667928,-0.18010567816992895,-0.33431691792771256,,-0.11241482424008134,0.025361840767568714
HSM67VI5,H4024,nonIBD,0,,,,,0.7905224993788597,-1.3817518759604974,0.06854485942070383,-0.17528146740486636,-0.7500271195846729,-0.8487879913772746,-0.8222768229496921,-0.2856675233593745,-0.38448923716502115,-0.7689195520152197,-0.0209384610773924,-0.9647617160768143,-0.2926189787733468,-0.1462064739465535,-0.41271682084816896,-0.31533565129726554,-0.016439144858437196,0.6849761615744591,-0.4111901966827646,-0.3043488341243942,0.066097998161462,-0.08813052984784635,-0.26693443654707977,-0.09984812251060363,0.15455173581269654,0.08507975971166461,0.02851524086265605,-0.08813052984784635,-0.03510391416842733,-0.41072974458980355,0.07869356735747605,,,,,,,,,,,,,,,
HSM67VI7,H4024,nonIBD,0,,,,,,,,,,-1.0347783060241036,-0.9092856458178795,-0.3610077873090071,-0.3099753750646758,-0.7014829671401497,-0.22146305072764413,-0.9496345052647103,-0.26482880712284307,-0.1462064739465535,-0.39042697309525165,-0.3312003083441563,-0.3054816146925372,0.47277231038865963,-0.45325623695619816,,,,,,,,,,,,,,,,,,,,,,,,,,,
HSM67VI9,H4024,nonIBD,0,,,,,,,,,,-0.8589151872778502,-1.2733506064372906,-0.23270647293741892,-0.42886366683972277,-0.6167931364720374,-0.2866128466757143,-1.2820988144469432,-0.05646938310600795,-0.1462064739465535,-0.9154790150874338,-0.3461462799823559,-0.3328571288142113,0.47917497236951934,-0.43425010316810453,,,,,,,,,,,,,-0.2640484478138837,-0.41742827100488467,-0.18469106377590472,-0.16766781640552467,-0.6723092057073223,-0.4820977788647495,-0.3500923559623215,-0.21615629046494186,-0.10429053397097302,-0.31350280152906074,-0.18010567816992895,-0.33431691792771256,,-0.11241482424008134,0.9636328021300997
HSM67VIB,H4024,nonIBD,0,,,,,,,,,,-0.40198002322105425,-0.3505527419316896,-0.06689783487604947,-0.08335435643562183,-0.011309990733200354,-0.09581921372440999,-0.4436346097099272,-0.14613993432352285,-0.1462064739465535,-0.3336227660019317,-0.3461462799823559,-0.22357052847276923,0.12165021575410745,-0.39851598651464165,,,,,,,,,,,,,-0.18653468874426438,0.13748206019303152,0.2263510307246126,-0.26762029692309075,-0.3918485424431266,-0.07999371222542204,-0.22409041534477708,-0.25772521279831667,-0.10429053397097302,-0.3359487675536925,-0.18010567816992895,-0.33431691792771256,,-0.11241482424008134,1.2188167363279232
HSM67VID,H4028,CD,1,,,,,,,,,,-0.06453011549347945,-0.921524789323615,-0.1745384258439373,-0.7895018363298023,-0.3435258267989241,-0.47910235793700484,0.033175717035648,-0.12064751534939556,-0.10843274156073193,-0.3809441287365504,-0.10847292717076414,-0.15006146037091916,-0.10142147905508057,-0.19059686048789093,,,,,,,,,,,,,,,,,,,,,,,,,,,
HSM67VIF,H4028,CD,1,,,,,,,,,,-0.3705070366701066,-0.8471986394846427,-0.2747799055372338,-0.5476489564834338,-0.4559881716568785,-0.2244969629208216,-0.06888098985960008,-0.5808395117089753,-0.10843274156073193,-1.1486632321021246,-0.14130640803702513,-0.1195901570030238,-0.22690593893345035,-0.17696084485701108,,,,,,,,,,,,,,,,,,,,,,,,,,,
HSM67VIJ_P,H4028,CD,1,,,,,,,,,,-0.5277074696202602,-0.9474698440598424,0.14428270216484645,-1.0277519496605332,-0.5291829459886506,-0.8347205753528965,-0.49583915341939366,-0.33443126143676866,-0.10843274156073193,-1.0209564405320104,0.17830653744652394,-0.13201491936107532,-0.4900104410839601,-0.26696863711412117,,,,,,,,,,,,,,,,,,,,,,,,,,,
HSM67VIL,H4028,CD,1,,,,,,,,,,-0.20616177604790417,-0.3882284225006193,-0.35217473209457056,0.20314086313080598,0.1539898352028863,-0.33552493574481945,0.12504101288542424,-0.3189537138047059,-0.10843274156073193,-0.10151199677817756,-0.15761620023047826,-0.1514124004161006,0.05379936102296519,-0.2493338724436476,,,,,,,,,,,,,0.3659827792748146,-0.6324508127141656,-0.1841434975068624,0.15230555090179962,-0.01064276404044263,-0.17637032862448532,0.09729850103149912,-0.06347293841210677,,0.11173438559868108,-0.07939061616942635,0.04662757109403502,,-0.062149905905642094,-0.2823110607631054
HSM6S4FN,H4018,nonIBD,0,,,-1.2320576374682668,0.07852499477087302,,,,,,,,,,,,,,,,,,,,,,,,,,,,,,,,,,,,,,,,,,,,,,
HSM6S4FO,H4018,nonIBD,0,,,0.2983009352624097,-0.7977690076530491,,,,,,,,,,,,,,,,,,,,,,,,,,,,,,,,,,,,,,,,,,,,,,
HSM6S4FP,H4018,nonIBD,0,,,0.6703934753053481,-0.5237469953860134,,,,,,,,,,,,,,,,,,,,,,,,,,,,,,,,,,,,,,,,,,,,,,
HSM6S4FQ,H4019,UC,1,,,-1.7235259262979794,-0.7723808894289582,,,,,,,,,,,,,,,,,,,,,,,,,,,,,,,,,,,,,,,,,,,,,,
HSM6S4FR,H4019,UC,1,,,0.29117890254413725,0.24065548182218374,,,,,,,,,,,,,,,,,,,,,,,,,,,,,,,,,,,,,,,,,,,,,,
HSM6S4FS,H4019,UC,1,,,0.979879733510457,1.3627307239252155,,,,,,,,,,,,,,,,,,,,,,,,,,,,,,,,,,,,,,,,,,,,,,
HSM6S4FT,H4020,CD,1,,,0.747521047929224,0.3701996721900023,,,,,,,,,,,,,,,,,,,,,,,,,,,,,,,,,,,,,,,,,,,,,,
HSM6S4FU,H4020,CD,1,,,0.7205580861689459,-0.5081200987671077,,,,,,,,,,,,,,,,,,,,,,,,,,,,,,,,,,,,,,,,,,,,,,
HSM6S4FY,H4022,nonIBD,0,,,-1.2235324538557735,-0.2392942575035082,,,,,,,,,,,,,,,,,,,,,,,,,,,,,,,,,,,,,,,,,,,,,,
HSM6S4FZ,H4022,nonIBD,0,,,-0.018748177308824766,-0.49546509925690924,,,,,,,,,,,,,,,,,,,,,,,,,,,,,,,,,,,,,,,,,,,,,,
HSM6S4G1,H4022,nonIBD,0,,,0.44068198368474254,-0.472707275599029,,,,,,,,,,,,,,,,,,,,,,,,,,,,,,,,,,,,,,,,,,,,,,
HSM6S4G2,H4023,nonIBD,0,,,-2.0541615118775263,-0.6490405982585216,,,,,,,,,,,,,,,,,,,,,,,,,,,,,,,,,,,,,,,,,,,,,,
HSM6S4G3,H4023,nonIBD,0,,,-0.16604046784634632,0.035806038176073626,,,,,,,,,,,,,,,,,,,,,,,,,,,,,,,,,,,,,,,,,,,,,,
HSM6S4G4,H4023,nonIBD,0,,,0.5609364241972645,-0.24043725424155096,,,,,,,,,,,,,,,,,,,,,,,,,,,,,,,,,,,,,,,,,,,,,,
HSM6S4G5,H4024,nonIBD,0,,,-0.48151339182652614,-0.10261983701430162,,,,,,,,,,,,,,,,,,,,,,,,,,,,,,,,,,,,,,,,,,,,,,
HSM6S4G6,H4024,nonIBD,0,,,-2.6052108964943153,0.29649123696517243,,,,,,,,,,,,,,,,,,,,,,,,,,,,,,,,,,,,,,,,,,,,,,
HSM6S4G7,H4024,nonIBD,0,,,-0.01853477637456174,0.5994749561591689,,,,,,,,,,,,,,,,,,,,,,,,,,,,,,,,,,,,,,,,,,,,,,
HSM6S4GB,H4007,CD,1,,,-0.9713083114032366,-0.05126233902137465,,,,,,,,,,,,,,,,,,,,,,,,,,,,,,,,,,,,,,,,,,,,,,
HSM6S4GC,H4007,CD,1,,,0.4456522774652825,0.46826871687063787,,,,,,,,,,,,,,,,,,,,,,,,,,,,,,,,,,,,,,,,,,,,,,
HSM6S4GG,H4027,UC,1,,,-0.8902114194077753,-1.6413829695435747,,,,,,,,,,,,,,,,,,,,,,,,,,,,,,,,,,,,,,,,,,,,,,
HSM6S4GH,H4027,UC,1,,,0.7646073466914397,-0.2208785231780313,,,,,,,,,,,,,,,,,,,,,,,,,,,,,,,,,,,,,,,,,,,,,,
HSM6S4GI,H4027,UC,1,,,0.7218720373303112,-0.41786763565413,,,,,,,,,,,,,,,,,,,,,,,,,,,,,,,,,,,,,,,,,,,,,,
HSM6S4GJ,H4028,CD,1,,,-0.18262886487102703,1.5545400227196573,,,,,,,,,,,,,,,,,,,,,,,,,,,,,,,,,,,,,,,,,,,,,,
HSM6S4GK,H4028,CD,1,,,-0.08527349584482656,-0.46875467860868025,,,,,,,,,,,,,,,,,,,,,,,,,,,,,,,,,,,,,,,,,,,,,,
HSM6S4GL,H4028,CD,1,,,0.6521642668276366,0.3841959662903228,,,,,,,,,,,,,,,,,,,,,,,,,,,,,,,,,,,,,,,,,,,,,,
HSM6S4GM,H4008,nonIBD,0,,,-2.439800493331969,-0.4496939770834716,,,,,,,,,,,,,,,,,,,,,,,,,,,,,,,,,,,,,,,,,,,,,,
HSM6S4GN,H4008,nonIBD,0,,,0.5176902823621994,0.17213091973293054,,,,,,,,,,,,,,,,,,,,,,,,,,,,,,,,,,,,,,,,,,,,,,
HSM6S4GO,H4019,UC,1,,,-1.2364618437287094,-0.374239896043222,,,,,,,,,,,,,,,,,,,,,,,,,,,,,,,,,,,,,,,,,,,,,,
HSM6S4GP,H4019,UC,1,,,0.3273079414384356,-0.5791739273559605,,,,,,,,,,,,,,,,,,,,,,,,,,,,,,,,,,,,,,,,,,,,,,
HSM6S4GQ,H4019,UC,1,,,0.8863908262996631,0.6183133000430094,,,,,,,,,,,,,,,,,,,,,,,,,,,,,,,,,,,,,,,,,,,,,,
HSM6XRQ8,H4023,nonIBD,0,,,,,-0.7621624794684678,-0.24443383399168692,-0.4452675385645302,-1.6628438583900567,2.5355539268593423,-0.21546920748586623,-0.9962894703819002,0.48927895112443565,-1.0230004833922468,-0.13779903587830716,-0.23650815760184563,0.3682894412505688,-0.5945175868508257,-0.10843274156073193,-0.4202355667704642,-0.21326325113431455,-0.2059198872595566,-0.653222033622678,-0.17478408867184406,-2.3917755473625646,-0.32130983099559624,-0.07284643967679481,-0.29787253325050084,-0.2097506611835849,0.09560573483367543,-0.5352335190995307,-0.3377928645099569,-0.07284643967679481,-0.18950180663358096,-0.3663177804743048,0.030391478799598647,-0.304977106171281,-1.1259758920935898,-0.1841434975068624,-1.0022216229936591,-0.7533070506882079,-0.34200573430031295,-0.09604394236452418,-0.9369368167327176,,0.25624412539439323,-0.07939061616942635,-0.2813350374326855,,-0.062149905905642094,-0.8827567507741144
HSM6XRQB,H4017,CD,1,,,,,-1.1936670807898726,-1.269848482468403,0.8697635055856687,2.282341940551454,0.9828764189648197,1.1359977471311968,1.2491034822656149,-0.456684232592763,2.1008663452601373,0.8778767792199806,-0.1326328538346993,0.7726742402347114,1.208862832513574,-0.11407085113498545,-0.012586936024467523,-0.3363939264701503,0.4254396161143307,0.7864586853985849,0.03942308839186266,,,,,,,,,,,,,0.39163175619420554,0.2700040179116184,0.9549188072476482,0.1999787015521351,-0.5701717846823493,-0.05691379034204978,-0.24853218497734164,1.028341989678385,-0.09938799855279619,0.297118852865475,-0.1342339472220414,-0.29823699268813436,,-0.10717564228878608,0.17448223069315516
HSM6XRQB_P,H4017,CD,1,,,,,,,,,,0.8626463241367283,0.14786857421847618,-0.4195472147941822,1.6271012187706186,0.1260924290355309,-0.4430588852837215,1.0283619699164857,1.619478677028207,-0.11407085113498545,0.2598814796105357,-0.32872657083920925,0.16059547834010904,0.7349404600796788,-0.0039525582428091375,,,,,,,,,,,,,,,,,,,,,,,,,,,
HSM6XRQC,H4018,nonIBD,0,,,,,1.1923047227292505,1.2219532280460852,1.0165161099224318,0.24160934807262816,-0.03346139776290941,,,,,,,,,,,,,,,1.4732149001570298,-0.03492570800200681,,-0.20356176875780368,-0.20799330356299853,0.07560302623362697,1.8199685949763111,-0.23581076897759604,,0.004307276356582939,-0.208150375760826,0.06293716072304763,,,,,,,,,,,,,,,
HSM6XRQC_P,H4018,nonIBD,0,,,,,,,,,,0.5449166090222926,1.0703506965094773,-0.21936291874473204,1.297341707010425,1.1274768043898302,-0.6009113248400946,0.1848685629985712,3.4184767746571456,-0.11407085113498545,-0.18135180259023398,0.3629812862895637,0.4979542498792666,0.4893131296514249,0.4787653530165356,,,,,,,,,,,,,,,,,,,,,,,,,,,
HSM6XRQE,H4019,UC,1,,,,,-0.39492985631736577,-0.2702708848757597,0.3219179144399566,0.2511971527269197,1.361064767069046,,,,,,,,,,,,,,,-0.2638035845952857,-0.03492570800200681,,-0.6625917404058806,-0.28208502708590505,0.07560302623362697,-1.1580294770481452,-0.23581076897759604,,0.004307276356582939,-0.6861959117148299,0.06293716072304763,,,,,,,,,,,,,,,
HSM6XRQE_P,H4019,UC,1,,,,,,,,,,-2.220571495197412,6.364232166115031,-0.2962304668061581,9.388308381088788,-13.1329081413342,0.18454862572112718,0.5704798761842079,-15.654319367089556,-0.11407085113498545,-0.12623605402470867,-0.3363939264701503,0.21849479644693554,-0.04305683096543699,-0.47867757586703513,,,,,,,,,,,,,,,,,,,,,,,,,,,
HSM6XRQI,H4017,CD,1,,,,,,,,,,1.3497133151526157,2.650559145840941,-1.665189192163601,1.3514700747980029,-0.3125511944000116,0.7490355951590938,1.2124341612409262,4.246046666775921,-0.11407085113498545,2.2822502374053433,4.527674339387414,-0.06598182999283869,0.5600815607000437,1.7624306194763646,,,,,,,,,,,,,0.5112927507790088,0.8533573755613149,-0.2327454228519667,0.2891193593089316,0.08694077440830279,0.047054938456476667,-0.29185088323381014,0.47369611819408614,-0.09938799855279619,0.7156740498579605,-0.1342339472220414,-0.04975729352467234,,-0.10717564228878608,0.8886054839383805
HSM6XRQK,H4017,CD,1,,,,,,,,,,0.38218763769555575,0.5043332273575248,-0.5423520634811648,0.33057024261945006,0.2252469688100245,-0.4775942200561302,0.08146291768341132,0.9277191154174548,-0.11407085113498545,-0.7776437096298763,-0.3363939264701503,-0.11390281727072586,0.3133454631560113,-0.22860860028003022,,,,,,,,,,,,,0.46191050676773193,0.5513265871322729,-0.2327454228519667,0.057190615907226544,0.16173811203566474,-0.2397964967245822,-0.25242354722950555,0.603518155852777,-0.09938799855279619,0.9069925251968426,-0.1342339472220414,-0.08195068267982768,,,
HSM6XRQM,H4017,CD,1,,,,,0.13611406989007277,0.512864499189788,0.23687911186420893,0.08085623651892482,0.6548086499603092,0.027771190845452154,0.1373324505035994,-0.42344064309966434,1.4142781669180307,0.8977150329125444,3.0817725607549606,-0.015524853760263774,0.6313578986123565,-0.11407085113498545,0.2585656607366384,0.7140484847224803,3.124890429623932,0.3237481901678129,0.7196820305973137,,,,,,,,,,,,,-0.12877040170211443,0.04891161910233161,-0.2327454228519667,0.1156892695129507,-0.08772035400230972,0.8325455185958424,-0.3175665808319693,0.2965993645066169,-0.09938799855279619,0.3180407382598678,-0.1342339472220414,0.6191358289477427,,-0.10717564228878608,0.5538370977440459
HSM6XRQO,H4017,CD,1,,,,,,,,,,-0.012430272837313239,0.00980956265768893,-0.8360039414597267,0.25533213277468747,-0.21137603300821337,-0.13014085627023284,-0.1349605486115522,-0.4190132224580316,-0.11407085113498545,0.21583855468692553,0.03170066779014345,-0.2440063300570754,0.29304198870823833,-0.2468547683285086,,,,,,,,,,,,,,,,,,,,,,,,,,,
HSM6XRQS,H4018,nonIBD,0,,,,,,,,,,0.0895715619166223,-0.008034473968133206,-0.2964348332041516,0.1584398650653985,-0.18636295715133555,-0.37076419037440445,0.6165188261524164,0.43165031241214924,-0.11407085113498545,0.812435185575607,-0.2067934621589213,-0.21461663836175104,0.6685402006852631,-0.3220625286685146,,,,,,,,,,,,,,,,,,,,,,,,,,,
HSM6XRQU,H4018,nonIBD,0,,,,,,,,,,0.3019428804558932,0.0968520528729594,-0.3431415915490945,0.10970703982169405,0.03192444363592355,0.0881299651261105,0.5773209523522058,0.6956741905443959,-0.11407085113498545,1.0527244713913848,-0.10814320007368604,1.1971303562823454,0.8060524281927482,-0.2181506225607276,,,,,,,,,,,,,0.30120183949011176,0.5858330866912472,0.4201307711459029,0.633829559324447,0.7302748851982587,-0.4611056092628915,-0.43251756485986487,1.1090363188334595,-0.09938799855279619,0.7730956768874329,-0.1342339472220414,0.008916881801754744,,-0.10717564228878608,1.0344951914517775
HSM6XRQW,H4018,nonIBD,0,,,,,-0.5808222703815096,1.6685450028193496,0.44466034074439614,0.6045202971976941,0.10353024350809849,-0.3380692158724602,-0.47119621440759135,-0.1832896142236254,-0.5227229994122758,-0.37519203811159585,-0.161474959907534,0.0574949099198227,0.11693439040968422,-0.11407085113498545,0.26596195619117713,0.13915006987352777,-0.08392750526729252,0.6644289295420959,-0.17127947830229226,,,,,,,,,,,,,0.10583940027966204,0.43101634733389366,0.7652079780967329,0.3014275852341059,0.34734180725654534,0.4205798236361843,1.5810691332745475,0.03342700149688854,-0.09938799855279619,0.5088994464846848,0.9195993977054527,0.18202152860449333,,-0.10717564228878608,0.512370582566871
HSM6XRQY,H4018,nonIBD,0,,,,,,,,,,0.16649103152013758,0.1405267943153083,-0.3701593392571685,0.06255327589524852,-0.1815098522011955,-0.20717140250499425,0.6155268315670719,0.7231316836720173,-0.11407085113498545,0.8727805479356734,0.006125584615445109,0.15495508462862836,0.4435701469176563,-0.13798957695550426,,,,,,,,,,,,,,,,,,,,,,,,,,,
HSM6XRR3,H4020,CD,1,,,,,,,,,,0.6585375852474588,0.9574565524571885,-0.13505155722980663,0.7991131957680897,0.5075181001368027,-0.33233924870023535,-0.21788102936875503,0.7407271494455515,-0.1462064739465535,1.0094013068603345,-0.3461462799823559,-0.3516955184368144,-0.10296559312927328,-0.37602475141993275,,,,,,,,,,,,,,,,,,,,,,,,,,,
HSM6XRR5,H4019,UC,1,,,,,,,,,,-0.6877400349373795,-1.564365213378627,-0.45222196417259514,-2.869215165620665,-0.43920255630621263,-0.2457720229905912,-0.9255321710317097,-1.0759927932528313,-0.11407085113498545,-1.5633797456498018,0.025904176497817583,-0.16266196145377843,-0.11637912935185021,0.22317624661345228,,,,,,,,,,,,,-0.2048854541870739,-0.09084102131654448,-0.2327454228519667,-0.5402220107624125,-0.031598847879095025,-0.9245896277351174,-0.3865222456589321,-0.00995643275433123,-0.09938799855279619,-0.21067678657502784,-0.1342339472220414,-0.6331126538229086,,-0.10717564228878608,-1.0440587829263204
HSM6XRR7,H4019,UC,1,,,,,,,,,,-1.0967124318529913,-3.0587660057517962,0.3181351393047265,-3.1677646862449453,-0.3116060574820374,-0.24098925532403237,-1.7117828838553342,-0.5881898527847276,-0.11407085113498545,-3.665111376430469,-0.016893058327313762,-0.0957373720901621,0.19690315282842563,0.2684271348428945,,,,,,,,,,,,,-0.14507777176166997,-0.45175832597324855,-0.2327454228519667,-0.5377801236672132,-0.3141259830429169,-0.1989982041598097,-0.17592755233002702,0.2915383941573926,-0.09938799855279619,0.31592118552819776,-0.1342339472220414,-0.41677159695620186,,-0.10717564228878608,0.046099295599868
HSM6XRR9,H4019,UC,1,,,,,,,,,,-0.7211124046845957,-0.13428964765202195,-0.2962304668061581,0.5459460276996161,-0.3843114617096454,-0.30826693179199943,0.1504848506733762,-0.10798168702842369,-0.11407085113498545,-0.24128176740268983,-0.3363939264701503,-0.2747716546767476,0.37631687856758067,-0.47867757586703513,,,,,,,,,,,,,,,,,,,,,,,,,,,
HSM6XRRB,H4019,UC,1,,,,,,,,,,-1.498680532352463,-0.7367194101549273,0.6165885621327976,-0.6440026255183136,0.062309432084291676,-0.21125903449243505,-1.0504457158108493,0.2191502548540388,2.6381225953072285,-1.225636569266967,-0.3363939264701503,-0.26001398327179376,-1.0809967145317643,-0.276791203298565,,,,,,,,,,,,,-1.9593914404228951,-0.3988200045493739,-0.2327454228519667,-0.525317000819404,-0.10367535490226562,-0.30444419079347745,-0.980175535929683,-0.5484356444667448,-0.09938799855279619,-2.1043900521596073,-0.1342339472220414,-0.29823699268813436,,-0.10717564228878608,-0.24536374207691414
HSM6XRRD,H4019,UC,1,,,,,0.960167783575604,-0.34105256787386656,0.49058886050361095,-0.08318654446466023,0.2761092242117129,-1.3599772942407988,-1.3990207757393673,-0.32902999730419547,-2.1055261003208066,-0.2641470728044273,0.019535071632524468,0.21145485772581618,-1.208892503676672,-0.11407085113498545,-0.6152128520572706,-0.3363939264701503,-0.1111182642271872,-0.4786140252037133,-0.35852359021587843,0.36969358645025663,-1.4082525341063568,,-0.5305813187558769,-0.5570757372867676,0.07560302623362697,-0.9842928679520468,-0.23581076897759604,,0.004307276356582939,-0.19386669804607923,0.06293716072304763,,,,,,,,,,,,,,,
HSM6XRRJ,H4013,nonIBD,0,,,,,0.11162836924325417,-0.978791369602436,-0.9271035501846543,1.3255912523019842,-0.5019119136761261,-0.12095600596533708,0.8342689150631362,-0.40268027223796066,0.09989500892146869,-0.12744087008589244,-0.2750635518934582,-0.19653687048770946,0.11098331743398804,-0.13833516500220164,0.1963988534922015,-0.3033009891370666,-0.21365447658127112,-0.44621874158381436,-0.26648980023879054,0.4949828511738093,-0.056371305558196715,-0.08602647872386804,0.2632512433612402,0.4238582869499445,3.3008092762183843,-0.36988313562687763,-0.6597085403216271,-0.08602647872386804,0.5825166730802442,0.7622245354880799,0.15804200816145356,0.3498227408459749,-0.029831169766626524,0.12881031938065074,0.034345492000179015,0.8302688155432923,0.0747531869913387,-0.03238605032942307,-0.9115933406231748,-0.09434468921296807,-0.3448488342147911,-0.13571057116566926,-0.23301540043091898,,-0.08939284250604397,0.35685498456909914
HSM6XRRV,H4014,CD,1,,,,,-0.2685142498982497,0.6650258641164336,0.29577833421402894,0.5925572037079994,0.12968649576397298,-0.49632552425087717,-0.02945753358082456,-0.5185356963930148,-0.8280019749249999,-0.8640474779824249,-0.0480394647969267,0.5517854470935727,0.492788177042186,-0.13833516500220164,-0.021838980703979514,0.22887749799600968,-0.21621758636930602,0.8979522641532975,0.06107976998760725,1.2331597533610001,-0.056371305558196715,-0.08602647872386804,0.13148401472807086,-0.19624237022633814,0.012623600559267523,1.1764636287078194,-0.0970981801533063,-0.08602647872386804,-0.2030421979955916,-0.3175716993053363,0.15804200816145356,-0.16054361328874406,-0.2628000557344979,-0.24634640826316948,-0.14168406217837054,0.2453806498324013,-0.16934574894742502,-0.08175351488536826,-0.1553223269045217,-0.09434468921296807,-0.3729486047835248,-0.13571057116566926,-0.19216127303988542,,-0.08939284250604397,-0.45059739786484676
HSM6XRS2,H4014,CD,1,,,,,,,,,,-0.494601885551882,-0.28401240043460174,-0.5624827912259023,-1.3562405649875544,-1.5694801911027727,0.10705422866477203,0.39025342329045404,0.23402783811964134,-0.13833516500220164,-0.09475721000930373,0.4182060614060417,-0.12472782955682885,1.2041837223017209,1.2289765142315743,,,,,,,,,,,,,,,,,,,,,,,,,,,
HSM6XRS4,H4015,CD,1,,,,,,,,,,0.19751149860099132,-2.2637521859395435,0.19717979945796585,-1.2781978546158472,1.342227665841898,6.6750959843582764,-0.93362064273204,-0.7100175376743726,-0.10843274156073193,0.033824286536656395,-20.13715506429321,2.734966231448909,0.40271613474954376,25.349369962896017,,,,,,,,,,,,,-7.24048097827549,0.4714740630103783,-0.26388449143906617,5.5157868119807265,-2.401729182360064,7.883935514876355,1.3395413104541773,-0.9564939375726347,,0.44387249677193613,6.229661573216622,4.9732832931326305,,-0.062149905905642094,0.04908293533549715
HSM6XRS6,H4015,CD,1,,,,,,,,,,-0.007103349926745715,-0.5673393384026671,0.9348362183386226,-0.49184215830102007,-1.3588736818228864,0.769891943131668,0.2806751695686593,-0.6717745027459018,-0.10843274156073193,-0.1030417688770194,4.726063704701362,1.1989458522160723,0.40271613474954376,7.717490143458981,,,,,,,,,,,,,,,,,,,,,,,,,,,
HSM6XRS8,H4015,CD,1,,,,,3.227737315440734,4.474980695535883,2.548414133872341,1.7766596246556112,0.67886820148617,-0.08384808391347033,0.22705074744658607,-0.2848459731057943,-4.187860093460531,-0.6293116630051862,-8.079949803967652,0.3558506177965219,-0.2523384816104976,-0.10843274156073193,-0.09317781706144733,-0.21326325113431455,0.30737373658125283,0.40271613474954376,-0.28988158962017835,,,,,,,,,,,,,,,,,,,,,,,,,,,
HSM6XRSE,H4015,CD,1,,,,,,,,,,0.1345387121983818,1.5270741854690764,-0.22963989873188975,1.0813216181298486,0.5496193816051544,0.4099841264492739,1.259240303996832,3.1203422647092505,-0.10843274156073193,-0.11347842241644811,0.11298083869432796,2.6512453433067336,0.38083510160622436,2.217531279210432,,,,,,,,,,,,,,,,,,,,,,,,,,,
HSM6XRSG,H4004,CD,1,,,,,2.2168780408185107,1.7483569047269747,0.05880869824391413,0.5771215837122713,-0.16514041152738096,-0.07322931188153081,-0.35719760614893464,-0.024167298412607622,-0.24546859446645106,-0.4819333710742662,-1.1109185156417358,0.4560643457724305,0.542297808774456,-0.10843274156073193,0.042947607253528274,2.1395151612718837,-0.3488717852393006,0.40271613474954376,-0.15915648937425533,1.352248797986275,-0.4589870672567324,-0.07284643967679481,-0.3347338188232152,3.984674059097448,0.09560573483367543,2.6494032838034296,-0.4799876642165609,-0.07284643967679481,-0.810962561232754,4.869939703022709,0.030391478799598647,0.08706822438261866,-0.7440179049988643,-0.1841434975068624,-0.12096778626579835,5.104806593494493,-0.15332343410676727,-0.7414187662755803,-0.33117308735444073,,-0.42445714773217286,17.16005692203334,1.8710061312926867,,-0.062149905905642094,0.24313159457536831
HSM6XRSI,H4004,CD,1,,,,,,,,,,-0.14523811259563088,-0.41386240663896184,0.42921542094618076,-0.27643116753826713,-0.12550316230549854,-2.019182600481256,0.6061925293332576,0.38826545274592983,-0.10843274156073193,0.13356720737306305,4.1051058235586915,-2.5104830748708147,0.40271613474954376,0.013455205075662172,,,,,,,,,,,,,0.4419949195842045,0.12095345340238832,0.7922692620130886,-0.45750887504526433,0.30055131295634735,-0.3187394160503991,-0.7992754951492003,1.3355160722279835,,-2.5255263150522156,6.108023047626528,2.5067719380234026,,,
HSM6XRSN,H4007,CD,1,,,,,-0.28124005878444885,0.2999250610427948,1.3018650859105352,-0.08915106811087341,0.5879284820288608,0.210291086694272,-0.0011866762988477816,-0.3457321663043532,0.06849400413934897,-0.22323313607313908,-0.19222246190297598,0.12128032313270153,-0.26972942569261493,-0.1113122162579901,0.1477132268981926,-0.29909236633726183,-0.1646532266490728,-0.06800843390709223,0.3901992758394234,-0.7046759354219297,-0.022574364079692214,-0.08650797396966804,6.822487020587545,0.22749964997154143,0.07500016726067676,-0.360037315975889,0.055472931946663834,-0.08650797396966804,1.1122127899965892,0.41798470674630517,0.013368190302435377,-0.3702551795315783,-0.592873271611553,-0.28826309641283665,-0.7425621478230476,0.07144977945563419,0.7350168005927277,-0.3328102102302992,-0.4364297679167242,-0.10370044001367282,-0.3800650409687429,-0.13812187083932795,0.3155843993471356,,-0.09339860866723376,0.1740550832397364
HSM6XRST,H4007,CD,1,,,,,,,,,,0.07094748703650507,0.07662935186554293,-0.11278205846727571,0.16316500679980675,-0.07722355488925597,-0.29134597265321366,-0.4647530952266771,-0.15827917889519943,-0.1113122162579901,0.1499447977661256,-0.29909236633726183,-0.20118284358964358,-0.2734956349697264,0.3151474881997458,,,,,,,,,,,,,0.13082405868221358,-0.26567978835319833,-0.28826309641283665,0.061309488002775345,1.3916306032729973,0.8510109197460031,0.3761970447813317,-0.037432701408739256,-0.10370044001367282,0.21187964947811233,-0.13812187083932795,0.5061254276971617,,-0.09339860866723376,-0.15139888008881747
HSM6XRSX,H4008,nonIBD,0,,,,,,,,,,-0.698802796174789,0.14105319229429827,0.5876588065345544,0.39569097964979205,0.1959471118009239,0.485510774903325,-0.8651164499417986,0.5307831544545459,-0.1462064739465535,-0.12979466411498652,1.0497708910344263,0.6092395172429138,-0.1427976044604334,1.0906649901642882,,,,,,,,,,,,,-1.4106573596628549,-1.0539975562827677,2.2905324218899934,-0.6492918211757747,0.7952116266343957,-1.0517820474494886,0.567731212229483,-0.5525286824958725,-0.10429053397097302,-0.009506631278895247,5.499793766961078,-0.8309527216073436,,-0.11241482424008134,-0.22642231976482982
HSM6XRSX_P,H4008,nonIBD,0,,,,,,,,,,-0.6827428632474137,0.2782574587839867,0.5547541430437816,0.43961350360134227,0.6083767046718186,0.2574372842669051,-0.3815933456625123,0.7883247047497757,-0.1462064739465535,0.15103188417302774,0.8763853352990395,0.4104963941448058,-0.1786750179239435,0.7749292474835198,,,,,,,,,,,,,,,,,,,,,,,,,,,
HSM6XRSZ,H4008,nonIBD,0,,,,,-1.5776557085069889,-1.0868897660199643,-0.36491682285485316,-0.5685726344293623,-1.350353621216943,,,,,,,,,,,,,,,-0.3737163638887429,0.0535119710234029,-0.08813052984784635,-0.6316323656566444,-0.21853239089028395,0.15455173581269654,-0.9451672072584583,-0.3599320260332242,-0.08813052984784635,-0.09899998676910823,0.13829301091924023,0.07869356735747605,,,,,,,,,,,,,,,
HSM6XRSZ_P,H4008,nonIBD,0,,,,,,,,,,0.24111551060558875,0.5712182023366927,-0.20945684467371375,0.3156315686986841,0.4867519831857084,-0.24483132258030044,-0.48782971885961157,-0.2672303673181322,-0.1462064739465535,-0.025871726007464912,-0.12559466858435325,-0.26615989571589965,0.32852120388532646,-0.1962313253878759,,,,,,,,,,,,,,,,,,,,,,,,,,,
HSM6XRT2_P,H4008,nonIBD,0,,,,,,,,,,0.16515863954296842,0.2789348833434922,0.36140803363376206,0.7859355119130262,0.6197720249721742,0.10733235807368538,0.2248047818033605,0.6392516760299495,-0.1462064739465535,0.5498414357143362,0.5652811281015533,0.46040944388928723,0.018989412933046394,0.01619011031943773,,,,,,,,,,,,,,,,,,,,,,,,,,,
HSM6XRT4_P,H4008,nonIBD,0,,,,,,,,,,0.28734109679614067,0.5468104962696707,0.784201516630693,1.0015958907027718,0.8894180312044528,1.171379336812306,0.6595752105778283,1.1742755905541549,-0.1462064739465535,0.6884181075354778,2.212421490191962,1.5877674520074254,0.16740612626577678,0.9953221708526283,,,,,,,,,,,,,,,,,,,,,,,,,,,
HSM6XRT6_P,H4008,nonIBD,0,,,,,,,,,,-0.3044278808977526,0.050813237292809225,1.2825661091672707,0.78055100888191,0.155619659073217,0.5546296911995764,0.1836308859039863,0.21671851842798745,-0.1462064739465535,1.0578694951584775,2.1107840888257656,0.9204476271919416,0.4742652134646001,0.8988914328021873,,,,,,,,,,,,,,,,,,,,,,,,,,,
HSM6XRT8,H4009,nonIBD,0,,,,,,,,,,-0.3944858944612125,-0.30073622526235183,-0.19141685165413005,-0.002708418325187107,-0.23632873927878345,-0.238393985546493,-0.19397315826632705,-0.12569088777935913,-0.1113122162579901,-0.11465652384199611,-0.29909236633726183,-0.21541674371407443,-0.2812163340372445,0.03062366141986522,,,,,,,,,,,,,-0.3337037148665599,-0.3228677870936505,-0.28826309641283665,-1.143094296885075,-0.5253731856559162,-0.15291082962679947,-0.14306920534269352,-0.6872685721639095,-0.10370044001367282,-0.45307527253453933,-0.13812187083932795,-0.29710455056206575,,-0.09339860866723376,-0.32020509635865513
HSM6XRTA_P,H4009,nonIBD,0,,,,,,,,,,-0.5926404857385414,-0.19362931709339826,0.04560042244359551,0.22103348516802823,-0.06793053014447799,0.1515996798241416,-0.11810630803111624,-0.10733479311761297,-0.1113122162579901,-0.127289746083641,-0.29909236633726183,-0.8058693335367239,-0.7982073985397323,-0.07748245999750206,,,,,,,,,,,,,,,,,,,,,,,,,,,
HSM6XRTC,H4009,nonIBD,0,,,,,0.35064550152542695,-0.23200618883866927,-1.3616829370904484,0.4693843169852443,-2.3934026723905393,,,,,,,,,,,,,,,-1.1056149250628926,-0.3462984207922387,-0.08650797396966804,-0.4158397322726842,-0.19892898122802832,0.07500016726067676,-0.360037315975889,0.055472931946663834,-0.08650797396966804,0.6732350468149986,-0.21723808085523136,0.013368190302435377,,,,,,,,,,,,,,,
HSM6XRTC_P,H4009,nonIBD,0,,,,,,,,,,-0.5652845159367392,-0.20524099933690299,-0.36263521446920116,0.019475037942712194,-0.14896566863570251,0.4189624316157224,-0.5229336473533132,0.2833003140217205,-0.1113122162579901,-0.4075359891062004,-0.2606539466050176,-0.21339758894445848,-0.4473713962028658,0.5600539998535322,,,,,,,,,,,,,,,,,,,,,,,,,,,
HSM6XRTE_P,H4009,nonIBD,0,,,,,,,,,,-0.5445785029468073,-1.0261500480645431,-0.3409935267374565,-0.3542164901004857,-0.11902493630608643,-0.10477461192250173,-0.36898702567668595,-0.1594236907926528,-0.1113122162579901,0.060164606191644564,-0.29909236633726183,-0.38839585902777923,-0.233613295918872,0.8604041033898874,,,,,,,,,,,,,,,,,,,,,,,,,,,
HSM6XRTG,H4009,nonIBD,0,,,,,,,,,,-0.5539409276203697,-0.5602962834167284,-0.22888256697855047,-0.5619000520780351,-0.37531890495628584,-0.1775922960118393,-0.38299199446762466,-0.03688702998660087,-0.1113122162579901,-0.23020113573456583,-0.29909236633726183,-0.18589521475960785,-0.35896505502110554,0.21574287967362937,,,,,,,,,,,,,,,,,,,,,,,,,,,
HSM6XRTG_P,H4009,nonIBD,0,,,,,,,,,,-0.49443933130090195,-0.6120452899120088,-0.4112816183273895,-0.5179300523247169,-0.39287719964991114,-0.16137649006722968,-0.34320327583856985,0.07958871920996835,-0.1113122162579901,-0.3128432094807578,-0.29909236633726183,-0.18971694528962837,-0.300932165450053,0.07686480538805304,,,,,,,,,,,,,,,,,,,,,,,,,,,
HSM6XRTM,H4010,UC,1,,,,,-0.24021085789579588,0.7709676413313864,0.4932179760438777,-0.22526203851088195,0.7039503466788588,0.6147422488989105,0.558325651362876,-0.04993173279334101,0.251159827244491,-0.19215948526111984,-0.37680037817755296,0.672135721039285,0.11545549896877948,-0.1462064739465535,-0.11424838588930905,-0.32337706871051825,-0.2115884286286516,-0.11548953360600993,0.3341223974858557,0.5747923127393163,0.08761395366722986,-0.08813052984784635,0.003368957324091825,-0.4234794864385672,0.15455173581269654,-0.07368113746248646,-0.3599320260332242,-0.08813052984784635,0.368652404385672,0.13829301091924023,0.07869356735747605,0.6447232063050837,0.7617941340959092,-0.18469106377590472,1.507202443630828,0.8975536376580886,0.8844136470114958,-0.1555970309904468,0.8650502807779318,-0.10429053397097302,-0.045275160712963565,-0.18010567816992895,1.1744434088010032,,-0.11241482424008134,-0.3980614898267639
HSM6XRTO,H4010,UC,1,,,,,,,,,,-0.29464627323790976,0.13166907607799486,-0.05767405663831097,0.0774499356732757,0.6761967631806046,-0.31506518714580023,-0.49540866958754215,0.49723729402059974,-0.1462064739465535,0.04634831795349631,-0.24205317471727195,-0.32847668403235,-0.07963132262864947,0.471976435674703,,,,,,,,,,,,,,,,,,,,,,,,,,,
HSM6XRTQ,H4010,UC,1,,,,,1.0659452749926082,1.0681776970385437,0.4450116933828208,-1.089192127273174,1.1880587971880858,0.3446734901868945,2.0506490552641896,0.47586067986291264,1.8396418054075554,-0.4778006367487655,0.1844981814350054,-0.3592723222317577,2.14405194431735,-0.1462064739465535,1.2842926366975314,-0.20107911096503653,-0.28087440756621845,-0.040601103315270524,-0.35183435798777335,,,,,,,,,,,,,,,,,,,,,,,,,,-0.11241482424008134,-0.2382273160012648
HSM6XRTS,H4010,UC,1,,,,,,,,,,0.18453783561519171,1.1875057343071813,-0.25382188776984,1.1506609116726567,0.6376705531989961,-0.31139813703047975,-0.07151415448268482,0.4608332462434965,-0.1462064739465535,0.18893865615557914,-0.3461462799823559,-0.35200791445736046,-0.05663501081147551,0.0018223366241691891,-0.6496924616948937,0.066097998161462,-0.08813052984784635,-0.16531184943502075,-0.4234794864385672,0.15455173581269654,-1.1228284520778198,-0.3599320260332242,-0.08813052984784635,0.368652404385672,-0.36384941506984114,0.07869356735747605,,,,,,,,,,,,,,,
HSM6XRUL,H4023,nonIBD,0,,,,,,,,,,-0.287102524107825,0.06585045295073694,-0.13123068739253685,0.11681932229968421,-0.509881167640999,-0.13172228588885748,-0.26534869688923557,-0.33187849834196076,-0.10843274156073193,0.17854049559178936,-0.21326325113431455,-0.21342391278574643,0.1842227587772301,-0.24250949139879832,,,,,,,,,,,,,0.008113914806447846,-0.9085556535860196,-0.1841434975068624,1.0053388340301033,-0.06442815278613485,-0.625535875005664,-0.7671234109179649,-0.6937585901607048,,-0.5021740663622375,-0.07939061616942635,-0.2813350374326855,,,
HSM6XRUN,H4023,nonIBD,0,,,,,,,,,,0.42152679100143986,1.712340137830132,-0.04386983010946182,1.592200302318045,0.01231225366512418,-0.24511294541768344,0.03686209703667621,-0.12901702547313829,-0.10843274156073193,0.3233245879133565,-0.20798259119092066,-0.20790014883792676,0.18974727285609233,-0.24630859077303,,,,,,,,,,,,,-1.0367763408276003,0.08463741422849311,-0.1841434975068624,1.9903810003589113,-0.5368967113097283,-0.3105352521701527,-0.7715730867984495,-0.329783575489223,,-0.34894793051299733,-0.07939061616942635,-0.2813350374326855,,-0.062149905905642094,0.40222486377399924
HSM6XRUR,H4023,nonIBD,0,,,,,,,,,,-0.3168857678625373,-0.6630304107926389,-0.2063495377282978,-0.6684199748844558,-0.09232589381498456,-0.24856420170430885,0.37937201995969744,-0.2443202151436131,-0.10843274156073193,0.07759210534770992,-0.21326325113431455,-0.21481765944196018,-0.04534210419934877,-0.2503889688830605,,,,,,,,,,,,,-0.3912543470619481,-0.7970378688316248,-0.1841434975068624,-0.5611561729792098,-0.6278420166365916,-0.34200573430031295,-0.09325712166188965,-0.3663809008980624,,-0.0005289853216982599,-0.07939061616942635,-0.2813350374326855,,,
HSM6XRUV,H4020,CD,1,,,,,,,,,,0.23609497408298633,0.5987844344127026,-0.0965297469271295,0.3676975619295076,0.29946474811454804,-0.3334620332493318,-0.37346931407306516,0.6154152895232498,-0.1462064739465535,0.49754376458505073,-0.3461462799823559,-0.35432032474260416,0.2136958796346769,-0.3570089715194405,,,,,,,,,,,,,,,,,,,,,,,,,,,
HSM6XRUX,H4019,UC,1,,,,,,,,,,-1.9628824503956745,-2.9014752262685173,-0.5112818974847005,-3.5873783045215193,-0.28544587990519976,-0.4224261096523612,-3.3505678245364026,-1.9695133532453035,-0.11407085113498545,-2.2147680586966563,-0.3363939264701503,-0.3397043190702049,-0.09334722263802288,-0.09141169372614177,,,,,,,,,,,,,,,,,,,,,,,,,,,
HSM6XRUZ,H4019,UC,1,,,,,,,,,,-1.4768822425012285,-1.9607640614192026,0.36024403313979925,-1.5848249831053198,0.042222212916483634,-0.1414221755577583,-1.1971680952019805,0.7818160197392423,-0.11407085113498545,-0.9812942911737477,-0.12027541108236614,0.3350671183539669,0.09564079610077637,-0.06104618879121171,,,,,,,,,,,,,,,,,,,,,,,,,,,
HSM6XRV2,H4019,UC,1,,,,,0.5424202572818672,-0.38143758752238605,1.390109342658835,-0.06288529049634534,1.046495185478418,-1.3078862595533518,-2.2980914432593944,-0.40952435298414874,-2.3270106040640455,0.10469088311822829,0.39927321843706726,0.51837766146387,-0.25871544673635816,-0.11407085113498545,-1.1867911940647091,-0.24945394377784805,0.3743507469145445,-0.3797477323819181,-0.051355605188374336,-0.356598244039275,-0.03492570800200681,,-0.33749626290558216,-0.11219153979173188,0.07560302623362697,-1.136385745614124,-0.23581076897759604,,0.004307276356582939,-0.38685125523523406,0.06293716072304763,,,,,,,,,,,,,,,
HSM6XRV4,H4019,UC,1,,,,,,,,,,-1.0446352659903198,-0.9946968976230426,-0.4120303904403491,-1.0830787760135436,-0.1792039049308421,0.3515444719517909,-0.8736219102976523,-0.9087025600612862,-0.11407085113498545,-0.549797889275211,-0.3363939264701503,-0.1502494947369787,-0.7367339606537162,-0.16216466023085796,,,,,,,,,,,,,0.6179263336358958,-0.17457160885529455,-0.2327454228519667,-1.0532341344892062,-0.13783119268530167,1.4899355192577493,0.6541730691060333,0.5978908751091678,-0.09938799855279619,0.5497747023510654,-0.1342339472220414,2.082264789516253,,-0.10717564228878608,-0.11547154288313684
HSM6XRV6,H4019,UC,1,,,,,,,,,,-1.4440704351847702,-1.7909926187574747,-0.26866435862540117,-1.9546627710489681,-0.24975148209358247,-0.262509320370311,-0.7275814932351432,-0.15680530338959928,-0.11407085113498545,-0.6582980002472842,-0.32739430858669827,0.6111466758890582,-0.5299270355097006,-0.5419879275008358,,,,,,,,,,,,,-2.342811794998552,-0.6112200671166862,-0.2327454228519667,-1.3401618660929584,-1.205234470737098,3.4034792740484687,-0.5359781530140123,-0.5426769595662019,-0.09938799855279619,1.9989829262923258,-0.1342339472220414,-1.52270145402869,,-0.10717564228878608,-0.187204485770107
HSM6XRV8,H4019,UC,1,,,,,,,,,,-1.0294420176284933,-1.9420566359954798,-0.17603393071725254,-2.3211410887192927,0.19733780465839693,-0.009466142240332959,-1.3896367561601508,0.289486166973699,-0.11407085113498545,-0.3950687504501189,-0.22658750813086886,0.2448703003756728,-1.0840854483669229,-0.658457001427853,,,,,,,,,,,,,0.4961824147756553,-0.7178003151344307,-0.2327454228519667,-0.9452160454523244,-0.45022392141114165,3.2686631084200517,-0.29645500178421486,-0.9430697348676842,-0.09938799855279619,-0.08358857583582517,-0.1342339472220414,-0.29823699268813436,,-0.10717564228878608,0.7416128850039959
HSM6XRVA,H4013,nonIBD,0,,,,,,,,,,-1.3202947840299668,-0.24422218357270242,-0.4119863572084683,-1.102997262993278,-0.6584736280842804,-0.24369653610035544,-0.6121070486987512,-0.4292681110193999,-0.13833516500220164,-0.755071299074676,-0.3206853541700213,-0.23072827641924454,-0.11685327748716111,-0.005320498016972571,,,,,,,,,,,,,,,,,,,,,,,,,,,
HSM6XRVC,H4013,nonIBD,0,,,,,0.20552896116065608,-1.7982056777345476,-0.8626739639576538,-0.25969698596121704,-0.44168161117766497,-1.387037877592005,0.9384832884430164,-0.35606102299771414,-1.1652135937433652,-0.4007914043042069,-0.2441031135845352,-0.474858314637672,-0.2652994310272946,-0.13833516500220164,-0.7351438134376023,-0.3206853541700213,-0.1742657481402735,-0.36506234762987916,-0.23220869350565315,-0.07327485175320227,0.36722556015821756,-0.08602647872386804,-0.09397706471979429,-0.22849015715542775,0.012623600559267523,-0.7505455701581446,-0.0970981801533063,-0.08602647872386804,-0.05804290769507923,-0.05629354448286188,0.15804200816145356,-0.09851235566207393,-0.10546987458432995,-0.24634640826316948,-0.2046128962377039,0.34622373199781986,-0.3583571855770741,-0.2842177128564911,-0.7988120059497433,-0.09434468921296807,-0.45791607191383155,-0.13571057116566926,-0.23301540043091898,,-0.08939284250604397,-0.35140378494156016
HSM6XRVC_TR,H4013,nonIBD,0,,,,,,,,,,-2.0488311971370274,0.16793940615807185,-0.376910252976253,-1.292512198473202,-0.5810623051444574,-0.24794786959181325,-0.7867594993878629,-0.13545508581649066,-0.13833516500220164,-0.9612585450070041,-0.3206853541700213,-0.2201095583873019,-0.48833899274684217,-0.0416981879423749,,,,,,,,,,,,,-0.03798512478870023,0.02251221249296283,-0.24634640826316948,-0.03977751579058604,0.07366754726384098,-0.25024693178756446,-0.35927167442334174,-0.9170013154953085,-0.09434468921296807,-0.39209182587886676,-0.13571057116566926,-0.23301540043091898,,,
HSM6XRVK,H4013,nonIBD,0,,,,,-0.08903089804479991,-1.4592091347609033,-0.6441637161334055,0.660697092078225,-1.844853881885735,-0.42636834950563196,0.4248818503614805,-0.15147591396624038,-0.21948976393226646,-0.5079571737744877,-0.010383563072800106,-0.06375046907656942,0.3667313296572606,-0.13833516500220164,-0.34829882513443283,-0.3206853541700213,-0.1661244154286438,0.18824131959717233,-0.2336415184779499,1.2331597533610001,0.36722556015821756,-0.08602647872386804,-0.09397706471979429,-0.136249619418461,0.012623600559267523,1.1764636287078194,-0.0970981801533063,-0.08602647872386804,-0.1507971664076228,-0.05629354448286188,0.15804200816145356,0.45256852107588597,0.4847533385937571,-0.24634640826316948,0.23388660810095036,0.46735977377757015,-0.3853673696151784,0.9620189577745782,-0.3498784712503325,-0.09434468921296807,0.8852026934895898,-0.13571057116566926,-0.1369548150184021,,-0.08939284250604397,-0.4680005302324145
HSM6XRVM,H4014,CD,1,,,,,,,,,,1.814937840916085,2.1276393584822704,-2.0290560899331584,1.1598680677181106,0.25454048410273855,-0.3156332006253412,3.8831425301885183,1.9820772979480639,-0.13833516500220164,1.4813998874428858,-0.3206853541700213,-0.23914864146970988,3.0247165607188076,0.392144210033426,,,,,,,,,,,,,0.19647867819639983,0.042639654152760886,-0.24634640826316948,0.18797659695018862,0.292523635681808,-0.299010870263687,-0.0003487693724627885,-0.22959841203129416,-0.09434468921296807,-0.19012708844578058,-0.13571057116566926,-0.14665715479254046,,-0.08939284250604397,-0.27186772322524033
HSM6XRVO,H4014,CD,1,,,,,1.9314793190305137,0.22713590877893203,1.227651143767159,1.6304141118324857,-0.07674706420728838,-0.3770611201172869,0.06114347463072606,0.1457201764465535,-0.4365289965777806,-0.42117570040689845,-0.1742356372015559,1.3099115971895812,0.19760663914051804,-0.13833516500220164,-0.372802047283241,-0.11321170805462095,-0.19493277730276506,1.1927378024248794,0.38656921462413507,0.07511947322025447,0.36722556015821756,-0.08602647872386804,-0.09397706471979429,-0.19444691916214418,0.012623600559267523,0.04090564641030247,-0.0970981801533063,-0.08602647872386804,-0.1507971664076228,-0.05629354448286188,0.15804200816145356,0.8120042679886288,-0.3340948685204002,-0.1504655108651193,0.15851693029905284,-0.5162522810476867,-0.3524382395818525,2.9480588910823102,0.5325569203091215,-0.09434468921296807,-0.22432257340205525,-0.13571057116566926,-0.016761814363854932,,-0.08939284250604397,-0.3176166682921379
HSM6XRVU,H4014,CD,1,,,,,,,,,,-0.9123753831564491,0.4005087466040844,-0.5327244317482155,-0.536742512016478,-0.8265834809772962,-0.13266934241449596,0.7493412881170579,0.16641299243260665,-0.13833516500220164,0.5426926892989555,-0.2909693875199806,-0.21256245587319195,0.2723633151260829,-0.484562676020681,-1.4858822976340162,-2.071950608856478,-0.08602647872386804,1.4500447422684761,-0.2324340258760574,0.012623600559267523,-0.48155295479915666,-0.6597085403216271,-0.08602647872386804,0.5825166730802442,-0.36037871022881013,-1.1244358943136172,,,,,,,,,,,,,,,
HSM6XRVW,H4014,CD,1,,,,,1.6440951592327775,0.24829501761187095,-0.405088452505961,2.5445944127282085,-1.0850870859011172,1.350535832875893,0.5483887316935211,0.8338314997948936,0.7222529433086958,0.40881600110361205,0.9279841244040143,1.3965807757866935,0.9970440546517968,-0.13833516500220164,0.8262030144629189,2.0923179233079647,1.606177734317421,2.5510759257736004,0.7651731408906369,,,,,,,,,,,,,-0.026651584523309235,0.025392352397064034,-0.24634640826316948,-0.2013455670146267,-0.14360993081414272,-0.20172499287845444,-0.31839538606842205,-0.3104028098458596,-0.09434468921296807,-0.3588859182653519,-0.13571057116566926,-0.15309954080641033,,-0.08939284250604397,-0.4527235910914951
HSM7CYWS_P,H4030,CD,1,,,,,,,,,,0.15110694398342356,-0.1730216439848469,-0.09574684828526829,0.1259490046684635,-0.19727798572263672,-0.32405127591089955,0.09447928807772954,-0.468582295054662,-0.1462064739465535,-0.17763166951281864,-0.3461462799823559,-0.35123064253874164,-0.3982409703468477,-0.42426797963725077,,,,,,,,,,,,,,,,,,,,,,,,,,,
HSM7CYWW,H4027,UC,1,,,,,,,,,,,,,,,,,,,,,,,,-0.4330259845271767,0.0535119710234029,-0.08813052984784635,0.3379445813109273,-0.20459357656872273,0.15455173581269654,-1.3225186013756742,0.02851524086265605,-0.08813052984784635,-0.03510391416842733,-0.1201384398497693,0.07869356735747605,,,,,,,,,,,,,,,
HSM7CYX2,H4006,CD,1,,,,,2.0322868002554393,-0.9719407679485924,-1.549482338353148,0.19157432566502636,0.592870581773141,-0.315937100997827,-0.03320796255680776,-0.2511012407107025,-0.18256097489312037,-0.16723733638272373,-0.07840255923360628,-0.12123489321241544,-0.2765062616916349,-0.1113122162579901,-0.5522907198212382,-0.29909236633726183,-0.0902108597963273,-1.3877136572528346,3.7018097507534944,0.2527600686935119,-0.07794501494001509,-0.08650797396966804,-0.46907728603754356,0.05556721012503068,0.07500016726067676,0.3045074441056679,-0.2545646040918579,-0.08650797396966804,-0.08708671244899614,-0.14296984138690302,0.013368190302435377,-0.5392656387259444,-1.2922139375614685,-0.28826309641283665,-0.7177804452548397,-0.47453960845912546,-0.5611140510179594,-0.4153153707230799,-0.551155771829913,-0.10370044001367282,-0.7347996450681749,-0.13812187083932795,-0.29710455056206575,,-0.09339860866723376,3.8944230313975243
HSM7CYX4,H4006,CD,1,,,,,,,,,,-0.318052843220464,-0.06448739776884768,-0.17362884618739102,0.20430838559629425,-0.05571429480915344,-0.2155509478947483,-0.2156384396161443,0.2824238328989302,-0.1113122162579901,-0.8796421172747422,-0.9499332842240269,-0.19542689682104747,-2.0547154667236764,0.36719155506317447,,,,,,,,,,,,,-1.713238893574247,-0.6985232972641271,0.5638100388633642,-0.14549220916385142,1.386901388052484,-0.46686963606705995,-1.271290009503352,1.132935430978546,-0.10370044001367282,-0.3720888287950676,-0.13812187083932795,-0.29710455056206575,,-0.09339860866723376,-0.3310187686509614
HSM7CYX6,H4006,CD,1,,,,,,,,,,-0.7443380841524347,-0.32102757923856773,0.09781195479209566,-0.13709394411511108,-0.018135653998383808,-0.18731557715953087,-0.35312940047963987,-0.2982626885935202,-0.1113122162579901,-0.5362679056242569,-0.29909236633726183,0.08782194245479225,-1.0956832025629837,-0.2388465049234581,,,,,,,,,,,,,-0.4567074701571243,-0.6539650046855806,-0.28826309641283665,-0.2923424569661817,0.8894569464402513,-0.8491653915829719,-0.3221229885384389,0.4356323514010041,-0.10370044001367282,-0.7785520025595913,-0.13812187083932795,-0.29710455056206575,,-0.09339860866723376,0.024614694949259306
HSM7CYX8,H4006,CD,1,,,,,,,,,,-1.0732290689196855,-0.3254588830542616,0.0413515742413888,-0.3263273969585373,0.05358854657255918,-0.3259703228277373,0.6830309581816093,-1.1011792003177672,-0.1113122162579901,-1.139514541872917,-1.744565330638362,-0.1757579960008172,-2.8099189524872976,2.1418284367173963,,,,,,,,,,,,,-0.43250561572813306,-0.589581675197786,-0.14985969592819062,-0.3834491461918201,1.1945334459151455,-0.24937849674326407,-0.5296913412299743,-0.5307206009326816,-0.10370044001367282,-0.8603126743811461,-0.13812187083932795,-0.1301834862888926,,-0.09339860866723376,0.5216073780674095
HSM7CYXA,H4006,CD,1,,,,,-0.46132296263064826,-0.7406589932433989,-0.5583245078188928,-0.4100727630733566,0.02746696887208582,-0.8129464717145172,0.04106647133387432,-0.11948160168834915,0.24040532666915335,-0.024832204138361708,-0.25398809232730574,-0.5825886962922349,-0.15927783092145703,-0.1113122162579901,-0.3101301227814851,-0.2123115584671933,-0.027984783373364387,-0.6238768562729367,-0.2777574344476556,,,,,,,,,,,,,,,,,,,,,,,,,,,
HSM7CYXC,H4006,CD,1,,,,,,,,,,-0.48334313150783326,0.06762883446699071,-0.2259991788596562,0.11692392330843698,0.08578584668258231,-0.37875292866703436,-0.032908162527791794,0.14166481145330131,-0.1113122162579901,-0.49721713026589304,-0.2744588683351616,-0.1852754862689498,-0.9867696233045133,0.3024871910796209,-0.9706762664658423,-0.07794501494001509,-0.08650797396966804,-0.22866761854005455,-0.3469233784360547,0.07500016726067676,-0.6786267416209951,-0.2545646040918579,-0.08650797396966804,-0.08708671244899614,-0.29238470911314424,0.013368190302435377,-0.6032218658235959,-0.5386566674820923,6.227198119008073,-0.8855912485459095,3.660867946884745,-0.3432593502211361,-1.4612664764360184,-0.2948480357965226,-0.10370044001367282,-0.45772446301251596,-0.13812187083932795,-0.29710455056206575,,-0.09339860866723376,0.08422790668490868
HSM7CYXE,H4016,nonIBD,0,,,,,,,,,,0.37835048771369073,0.20640645528758617,-0.39712592780313705,0.5800669262988662,0.3458638025266452,-0.3275639792235033,0.15833560071317573,0.10069383711041754,-0.13833516500220164,0.6646449648541031,-0.3075853041229364,-0.23860913742280088,0.1231512596492216,-0.40284501596202976,,,,,,,,,,,,,,,,,,,,,,,,,,,
HSM7CYXG,H4016,nonIBD,0,,,,,,,,,,0.07538129803504905,0.16303257259517082,-0.3245940512562137,0.37585759033252947,0.2280868971524478,-0.299197471909135,-0.23335840368812882,0.3552464085007287,-0.13833516500220164,0.32357700816001567,2.543081590045624,0.8197907771379446,-0.1604632032239223,0.3555031596710174,-1.1929770460345115,-0.30415958742531435,-0.08602647872386804,-0.09397706471979429,-0.25264421890582733,0.012623600559267523,-1.155617193867674,-0.0970981801533063,-0.08602647872386804,-0.05804290769507923,-0.3175716993053363,0.15804200816145356,,,,,,,,,,,,,,,
HSM7CYXI,H4016,nonIBD,0,,,,,,,,,,0.28546367883539675,0.26432502041075795,-0.42874693726420154,0.7660937731336052,0.9272272454323828,-0.3563114650823878,-0.035587017450139015,0.08750145663095789,-0.13833516500220164,0.8269525557263341,-0.3206853541700213,-0.24865909437580336,0.06720764412549438,-0.42064969012370684,,,,,,,,,,,,,0.011630258016086756,0.3473074897075068,-0.24634640826316948,0.24373729591726392,0.5801630119910818,-0.38185032206314345,-0.7953755830349711,1.1995317243881276,-0.09434468921296807,0.21984724175990225,-0.13571057116566926,-0.10041023052739806,,,
HSM7CYXO,H4016,nonIBD,0,,,,,,,,,,0.17334900997842126,0.022354227324038755,-0.8647668413146401,0.4661881384534114,0.6189517516046162,-0.2935047742276263,0.04039795512163184,0.03863066804550641,-0.13833516500220164,0.7964361962597646,-0.3206853541700213,-0.23748147300838868,0.19612504497843616,-0.41547260468578684,,,,,,,,,,,,,,,,,,,,,,,,,,,
HSM7CYXQ,H4007,CD,1,,,,,,,,,,0.0063176948090882265,0.08700080086024263,-0.2307781114610009,0.26515967073659563,-0.058549856135901655,-0.03344324316305883,-0.16281271966619365,-0.3253335875235499,-0.1113122162579901,0.44242828808902174,-0.29909236633726183,-0.13478799353850052,0.15757026680385025,0.23976562566817475,-0.48345563561411803,-0.22198839295833614,-0.08650797396966804,0.5364468317661697,-0.3469233784360547,0.07500016726067676,-1.3992802750004223,-0.2545646040918579,-0.08650797396966804,-0.0805095977980142,-0.6752693776966084,0.013368190302435377,,,,,,,,,,,,,,,
HSM7CYXS,H4007,CD,1,,,,,,,,,,0.041682633914364345,0.13952890813984115,-0.2897280701178562,0.26242567070095046,-0.08607758964581984,-0.22253308146669654,0.11593428518421404,-0.2027689210612776,-0.1113122162579901,0.438050989609045,-0.29909236633726183,-0.21316528887350158,0.005047688358184925,1.2160816554657377,,,,,,,,,,,,,,,,,,,,,,,,,,,
HSM7CYY1,H4007,CD,1,,,,,,,,,,,,,,,,,,,,,,,,-0.757728535626412,-0.07794501494001509,-0.08650797396966804,-0.3629566275144043,-0.25354930987563823,0.07500016726067676,-0.8468549304327246,-0.2545646040918579,-0.08650797396966804,-0.08708671244899614,-0.5143652643701769,0.013368190302435377,,,,,,,,,,,,,,,
HSM7CYY3,H4017,CD,1,,,,,0.04757463066468068,1.006517159155922,1.5130613537070092,0.12623213120515817,1.0895889562695902,0.5203011140523669,0.949157736523048,0.15664044513777417,0.7980516358359562,0.4687337939492814,0.21378399731943565,0.4456217440514393,0.49879348897637454,-0.11407085113498545,0.8901012428878954,1.0092634673617038,0.12792519226141066,0.39526367808600055,0.31793909556241395,,,,,,,,,,,,,,,,,,,,,,,,,,,
HSM7CYY5,H4017,CD,1,,,,,,,,,,0.428848070194969,0.3771267810794021,0.73228407647801,0.3807711569800107,0.6140192160846524,0.2710023248452058,-0.041330756869650646,0.43578586662159885,-0.11407085113498545,0.36394399078621614,0.5942383004017849,-0.07878679004515937,0.24299283481888362,0.2000858651602121,,,,,,,,,,,,,,,,,,,,,,,,,,,
HSM7CYY7,H4017,CD,1,,,,,,,,,,0.9235351129603775,0.9055659100329775,1.7774769578029683,1.157941003822035,0.5935239183118697,0.13746998142100683,0.4619378277617611,0.8570057105025776,12.730054346766105,0.5740825272765552,0.12150110539117062,-0.07903756612265495,0.5090498518345125,-0.04305071935909967,,,,,,,,,,,,,1.0581033715507138,1.1006161632977125,0.3928720319438802,0.6583376288419606,2.240370135990113,-0.18271065587820426,-0.2531782546787442,0.3012549523675442,-0.09938799855279619,0.7311313215909581,-0.1342339472220414,-0.29823699268813436,,-0.10717564228878608,0.1794561552928786
HSM7CYY9,H4017,CD,1,,,,,,,,,,-0.11492791837800975,0.1372051911777092,1.8181746265596386,-0.0010590845443517508,-0.47304267616550694,0.056432796131792216,-0.20400290960309742,-0.08650939560867747,7.86776903431841,1.5663243261250392,0.6974167109553794,-0.16597952521271703,0.22170272170462751,-0.02433852682630127,,,,,,,,,,,,,0.12194942334846957,-0.42570624923536576,2.034916801209209,-0.1422858900977015,0.0067964754391348255,0.16090660696012987,-0.27875770052212967,-0.2871932897681884,-0.09938799855279619,-0.5611194875184523,1.7902019339970767,0.2066390990637648,,-0.10717564228878608,1.5921565087704412
HSM7CYYB,H4017,CD,1,,,,,2.470052607969058,1.856966117850988,1.352957235404427,0.42079725143375607,2.276526298291327,0.5678765531140526,1.266737520547845,3.688535955578563,0.7992732525706484,-1.5343277750892597,6.665074525824666,2.5213985701936714,0.5615390067404888,-0.11407085113498545,3.5069150937686486,6.994032330577501,2.2007161372300876,0.37631687856758067,2.599940443747913,,,,,,,,,,,,,0.20827000365464907,0.3276897183829141,-1.930571106973428,1.03364142271024,0.15543186743849857,0.3745508047044696,0.6398161585009462,1.0220635593172476,-0.09938799855279619,1.3882177682335737,3.96550742421245,-0.24404291551778112,,-0.10717564228878608,1.7831665828148426
HSM7CYYD,H4017,CD,1,,,,,,,,,,0.31197849784189885,-0.4185001836320894,1.089830106251968,-0.34225078562709155,-0.10375869915093502,-0.13650642357212173,0.09606002246994468,0.15221583474683506,2.9403676692283987,-0.4648708517559089,-0.1576618004960645,-0.17707710675629051,0.34333921245112115,-0.2200821866414691,,,,,,,,,,,,,0.5620214030531604,0.5411325638469969,1.8929944986410188,0.42636211050984013,3.971049034299105,0.11826219556579985,-0.23735112956606758,-0.2556521905330368,-0.09938799855279619,0.5914717964836399,-0.1342339472220414,-0.04280128393291471,,-0.10717564228878608,0.9121363875050819
HSM7CYYF,H4018,nonIBD,0,,,,,-1.1261966767483267,0.582698044274266,0.6698105747662032,0.5363955764757592,0.24903312674028297,0.7967552786897997,0.1748469041729725,-0.17959627177565152,0.6650011928790394,0.09088515774838406,-0.08847146636097866,0.6796390385614262,0.48066674733944287,-0.11407085113498545,0.520043330435992,0.4644506631267126,0.21299807905310317,0.9042986736935807,-0.11832184933369523,,,,,,,,,,,,,,,,,,,,,,,,,,,
HSM7CYYH,H4018,nonIBD,0,,,,,,,,,,0.16330130128322976,-0.35643448159617425,-0.3015307682648243,-0.06197067474142903,-0.2202564050286737,-1.0974593233405179,0.6444058104907231,0.4509872808525916,-0.11407085113498545,0.17541369184740613,0.7539275188982872,-0.057775668744423976,0.36305712381064553,0.39767215041076115,0.26228635688732227,-0.03492570800200681,,-0.3670715437568403,-0.20799330356299853,0.07560302623362697,-0.4347731335771437,-0.23581076897759604,,0.004307276356582939,-0.7418189598935995,0.06293716072304763,0.08796548995145848,0.12180114520201304,1.4906108352304537,0.6351820728685463,0.9931912116537354,0.30035085190814786,-0.6118855321126061,0.003866562697585218,-0.09938799855279619,0.5803405525031828,-0.1342339472220414,-0.29823699268813436,,,
HSM7CYYP,H4018,nonIBD,0,,,,,,,,,,-0.08728183801417175,-0.16301584296143326,-0.29029095932430204,-0.07082076485837124,-0.16932205410905984,-0.31582270538776774,0.20913119960532514,0.060816044306505807,-0.11407085113498545,0.6051422860838408,0.1557440849881184,-0.09399229853928733,0.3835008910611514,-0.39445902147880396,,,,,,,,,,,,,,,,,,,,,,,,,,,
HSM7CYYR_P,H4009,nonIBD,0,,,,,,,,,,0.17084455624347436,0.3627954516338719,-0.3002327846781678,0.43236280751020323,-0.05942522967323919,-0.238230911298923,-0.15338062803812644,0.42292464995532647,-0.1113122162579901,0.9039632901060227,-0.29909236633726183,-0.21552070386130867,0.2036221339581057,-0.19873040620550883,,,,,,,,,,,,,,,,,,,,,,,,,,,
HSM7CYYV_P,H4009,nonIBD,0,,,,,,,,,,-0.6946756865391236,-0.6177352180075569,-0.4091654870259087,-0.5112498578651119,-0.2586141603960122,-0.238230911298923,-0.109398635557809,-0.10756774848962154,-0.1113122162579901,-0.5774476692146538,-0.29909236633726183,-0.21552070386130867,-0.17428016889080383,-0.5696099100809193,,,,,,,,,,,,,,,,,,,,,,,,,,,
HSM7CYYZ,H4009,nonIBD,0,,,,,-0.031083962320491872,-0.17281236524529614,-0.4576602192926734,0.297523126106392,-1.1833260201759919,,,,,,,,,,,,,,,0.18683498663996106,-0.07794501494001509,-0.08650797396966804,-0.22866761854005455,-0.14567808415551198,0.07500016726067676,-0.3916040944351925,-0.2545646040918579,-0.08650797396966804,-0.08708671244899614,-0.14296984138690302,0.013368190302435377,,,,,,,,,,,,,,,
HSM7CYZ5,H4015,CD,1,,,,,,,,,,0.13461014425493864,0.1643235506077322,-0.2828350329148975,-0.005353296793663009,0.7998221792591578,-0.33155892245090024,0.4151567347823422,1.7188082119346537,-0.10843274156073193,0.13507820468070492,-0.16311656676069666,-0.2333123384767659,0.5909270629419994,0.487586758861512,,,,,,,,,,,,,,,,,,,,,,,,,,,
HSM7CYZ7,H4015,CD,1,,,,,-0.257566153530821,-0.044779800759696474,0.9200128140182349,-0.3082657080690566,-0.5130161755807245,0.28640964744058145,0.5452630773827241,-0.05219106837952065,0.4015255857719508,-0.5970101685100717,-0.10192169338873014,0.8348000018209083,0.6589591476579503,0.6041354160265437,-0.35349543343616835,-0.042012012657260143,-0.08248836294022407,0.7155244866131365,2.0932686072050637,0.6025404121579258,0.23297629202419398,-0.07284643967679481,-0.29787253325050084,-0.13140353971100915,0.09560573483367543,-0.6077210547265255,-0.3377928645099569,-0.07284643967679481,0.4978305123781691,-0.9902883143654521,0.030391478799598647,1.1822498313178549,0.8817795314146444,-0.1841434975068624,1.7698092455459418,1.3484208588099376,0.5428487547506913,1.3356615527457576,1.5213268313461414,,-0.42815861167391334,-0.07939061616942635,-0.4271899078483516,,-0.062149905905642094,-0.000737903306620954
HSM7CYZ9,H4015,CD,1,,,,,,,,,,-0.2823158306914165,0.1242059933693467,-0.9772206546420975,0.1670133235224734,-0.7397849275950186,-0.1104993460112775,0.032348617371660456,0.30360814882228376,-0.10843274156073193,-0.9045996182435878,-0.16782254664907778,-0.2624836920596473,0.403035560859828,2.5647478981128033,,,,,,,,,,,,,,,,,,,,,,,,,,,
HSM7CYZB,H4015,CD,1,,,,,,,,,,-0.0037126306547443926,-0.07743277730329728,-3.149938137805261,-0.0018104236452143037,0.0827435945206393,0.15545286712502426,0.16933890256003437,0.8817914975789894,-0.10843274156073193,-0.31850482751427994,-0.1493214437950356,-0.10751182046102155,-0.15300469306382913,1.2364185279414694,,,,,,,,,,,,,,,,,,,,,,,,,,,
HSM7CYZD,H4015,CD,1,,,,,,,,,,-0.20511192449548638,-0.06206186441641297,0.1995301823971515,-0.0911240787860488,-0.3868010571207009,0.18216079874451807,0.07459974593014741,0.707970234413426,-0.10843274156073193,-0.2698106609528677,-0.21326325113431455,-0.11375692948495494,-0.027217768644161016,0.9168003747468096,,,,,,,,,,,,,,,,,,,,,,,,,,,
HSM7CYZF,H4015,CD,1,,,,,,,,,,0.24440106776456502,-0.41599996330540984,0.26129274846297434,0.1295919219255777,1.631790493933933,-1.7654679045555661,1.1659331455883468,-0.3020171024501361,-0.10843274156073193,-0.3045738703580107,2.5883198638635454,-3.4022873964838745,-0.06422504552630576,12.668644733982838,,,,,,,,,,,,,,,,,,,,,,,,,,,
HSM7CYZJ,H4022,nonIBD,0,,,,,-1.1707691600778416,-1.8607235423989588,-1.3985365987252711,-2.20662384269099,-0.8764723618475151,-0.4982367544778482,-0.2698599822481394,-0.1885895752960372,-0.29077059967902025,-0.394073647582044,-0.23410968747561905,-0.10722534094286064,-0.7383268602274266,-0.1113122162579901,-0.41958057395267057,-0.2896349764014507,-0.20181630907899165,0.12050890178661675,1.2088083615448286,0.06362951767536698,-0.07794501494001509,-0.08650797396966804,-0.08437863739364374,-0.424521157548866,0.07500016726067676,-0.3146351329380133,-0.2545646040918579,-0.08650797396966804,2.7501150390355544,-0.5714141708473115,0.013368190302435377,-0.8661021312762672,-0.5609381469596187,-0.28826309641283665,-1.639946794759182,0.5050843451067789,-0.15603372749040842,0.08761221309855197,-0.29881297718561106,-0.10370044001367282,-0.4135586637483444,-0.13812187083932795,-0.29710455056206575,,-0.09339860866723376,-0.6576698213827138
HSM7CYZL,H4022,nonIBD,0,,,,,,,,,,-0.5118918307902663,-0.20504226138582068,-0.132665135024982,0.11632366586159765,-0.2898666196077359,-0.17888961612978738,-0.3430443072199215,-0.3343180296175906,-0.1113122162579901,0.11478654849787966,-0.29909236633726183,-0.19918356499435877,0.5348989061416018,0.7245794731641549,,,,,,,,,,,,,,,,,,,,,,,,,,,
HSM7CYZR,H4022,nonIBD,0,,,,,,,,,,-0.2539443845719125,-0.041307060493496514,0.03128061368559189,0.04767174665148205,-0.31366285870197935,-0.2686118906544909,-0.41490845790406394,-0.7232711794329696,-0.1113122162579901,-0.36860869992626194,-0.2844083824049645,-0.2087155494419108,0.5401155963849694,0.33561135010836096,,,,,,,,,,,,,,,,,,,,,,,,,,,
HSM7CYZT,H4004,CD,1,,,,,-0.5127199319722575,-1.2374047926356588,-0.3056044796979204,1.1355361813562697,-0.8872540820858597,-0.19811654041543666,0.7445524043690798,-0.12421907180098452,0.34466964965657537,-0.21864695849880578,3.82996475388862,0.32799021478973744,0.06876114788175777,-0.10843274156073193,-0.20960568477617506,1.033566983777149,0.2149220251446954,0.40271613474954376,-0.017618044423938828,1.493325474281545,-0.22967101184415356,-0.07284643967679481,-0.3211294150732206,-0.33392791075706274,0.09560573483367543,1.6461759076305926,-0.3377928645099569,-0.07284643967679481,-0.9736979681407573,0.192947225710554,0.030391478799598647,-2.6638186568529476,0.5008896128468057,0.03854089172938816,0.22701274129687296,-0.5856644008236933,-1.1961039511475775,0.06400045543540558,-0.1498059250548607,,-0.12822846992117076,-3.0501093946333935,2.5974475782862143,,-0.062149905905642094,1.3071903040767319
HSM7CYZV,H4004,CD,1,,,,,,,,,,-0.09006854437940527,-3.1766121392421763e-05,-0.24190098423262002,0.1049426590960401,-0.1598323575835932,-0.48689564593170526,0.48990508387863896,0.17449686212531448,-0.10843274156073193,0.3615163575080173,0.2837520091306583,-0.08182436818390097,0.5660935609883234,-0.14462371027801954,,,,,,,,,,,,,-0.792075843868821,-0.5255874544264385,0.11939984595068638,0.04812411492491479,-0.6286421038844984,1.3655838473068465,0.09688752304154645,-0.23310138206745823,,-0.025718534588323464,-0.07939061616942635,0.02785002510440152,,,
HSM7CZ14,H4004,CD,1,,,,,-0.1537767771759503,0.28250577338565563,-0.1581087342962295,1.0832417304700008,-1.7642891673603531,0.10814801401921814,0.21980138488044476,-0.031459423025014435,0.3760505434885118,0.174091866042619,-1.1112797459889807,0.48182613648164585,-0.26351544450148623,-0.10843274156073193,0.3622205715250686,1.1004159935884452,-0.7444284333383219,0.25474304367005635,-0.1059949612706185,1.1093216197700646,-0.22967101184415356,-0.07284643967679481,-0.274615651427781,-0.28809778265616065,0.09560573483367543,0.843321610638048,-0.3377928645099569,-0.07284643967679481,-0.18950180663358096,-0.2946227360106183,0.030391478799598647,-0.1687302193839983,-0.31400276892114076,-0.5714665088032383,0.09362036233128751,-0.10672425289119188,-0.7913494818716637,-0.14061400864679813,-0.49563683780272405,,0.019669733482172706,-0.07939061616942635,0.1629542467283586,,-0.062149905905642094,0.7227601590599521
HSM7CZ16,H4023,nonIBD,0,,,,,,,,,,-0.06118110495955238,-1.0567760366696608,-0.2958482788191275,-1.154029334411613,-0.04058968564660346,0.019478439416361366,0.5205824395542917,-0.8296738039029913,-0.10843274156073193,-0.5486269316942788,-0.13448782518591784,-0.12687158171176097,-0.16893008415839195,-0.07699136347742479,,,,,,,,,,,,,,,,,,,,,,,,,,,
HSM7CZ18,H4023,nonIBD,0,,,,,,,,,,-0.5739959161844865,-1.8586947866814862,-0.6257990335300874,-1.395650461885205,-0.9223784527680166,-0.17217096373708757,-0.4857265933749625,-1.873429118915619,-0.10843274156073193,-0.270015321005165,-0.19665806573843728,-0.17238179496122927,-0.3560895969226168,0.3208014308697591,,,,,,,,,,,,,,,,,,,,,,,,,,,
HSM7CZ1A,H4023,nonIBD,0,,,,,,,,,,0.174771162136692,0.3231860723079333,-0.317439253721793,0.06786919993697452,-0.00433035483494227,-0.1923775923663534,-0.4361069011297131,-0.40930136730631367,-0.10843274156073193,0.48082801909386025,-0.20887358239935533,-0.05239759821110724,0.18129863784512965,-0.07112166124677334,-1.2170561137850022,-0.22967101184415356,-0.07284643967679481,-0.29787253325050084,-0.3513517168060896,0.09560573483367543,-1.803903926348201,-0.3377928645099569,-0.07284643967679481,-0.18950180663358096,0.012999659786965956,0.030391478799598647,-0.5709285267052467,-1.4916159770042923,-0.010022009810768576,-0.8601154719682373,-0.7692250710988816,-0.31713444555140746,0.14327317123216998,-0.2628866715622146,,-0.3023526688141968,-0.07939061616942635,-0.2813350374326855,,-0.062149905905642094,-0.36676288187793277
HSM7CZ1C,H4023,nonIBD,0,,,,,,,,,,-0.2184207454505225,0.1295584981855605,-0.17952814859233038,0.29313789769551507,-0.1426331977295183,-0.21727866845993551,-0.4519925729953624,-0.2821151003095577,-0.10843274156073193,-0.05484202294918398,-0.21326325113431455,-0.8122726595192056,-0.10641061099087125,-0.2403127775943705,,,,,,,,,,,,,,,,,,,,,,,,,,,
HSM7CZ1E,H4023,nonIBD,0,,,,,,,,,,-0.4722373375985668,-0.9416115649234326,-0.3974005415043292,-0.9655458298700474,-0.1003590917195975,-0.24312275689138696,0.19984960258017861,-0.30268662632209964,-0.10843274156073193,-0.16608375805335074,-0.21326325113431455,-0.22903645866468622,0.14831398593428244,-0.1739333003092617,,,,,,,,,,,,,,,,,,,,,,,,,,,
HSM7CZ1G,H4023,nonIBD,0,,,,,,,,,,-0.3892796530334118,-0.697150030782069,-0.43400347305766296,-0.7407771837046874,-0.23742735299918294,-0.07684680335016898,0.0036497121794241212,-0.30036288585817406,-0.10843274156073193,-0.3263128561146903,-0.21326325113431455,-0.22915935184320108,-0.002273462102481656,-0.05772679431350564,,,,,,,,,,,,,,,,,,,,,,,,,,,
HSM7CZ1T,H4027,UC,1,,,,,-0.5926861120996527,-1.12392986302481,0.4620947015854607,-0.7013758696433258,3.0842933398539167,,,,,,,,,,,,,,,,,,,,,,,,,,,,,,,,,,,,,,,,,
HSM7CZ1T_P,H4027,UC,1,,,,,,,,,,-0.2834479346231823,-0.3079572965819467,-0.14466709663793764,-0.32109052792790865,-0.13364436314855457,-0.24866480539444175,-0.3344401510626265,-0.3002231613798351,-0.1462064739465535,-0.5929673971773775,-0.20507584088269878,-0.31464263089246997,-0.3614603923544353,0.08449192908259943,,,,,,,,,,,,,,,,,,,,,,,,,,,
HSM7CZ1V,H4027,UC,1,,,,,,,,,,0.1898412154328585,0.015485762508050942,-0.15523048187254732,0.28930200695065655,0.07070428263621195,-0.3044137387346072,0.2882348092739694,-0.19129384369301541,-0.1462064739465535,-0.2165121812657449,-0.3461462799823559,-0.350710371028072,0.43408603173938315,0.143130890733037,,,,,,,,,,,,,-0.1572628796131359,-0.4382654353807967,-0.18469106377590472,0.06684563341725917,0.22268383090429816,0.47156106170166495,-0.17289418204124615,-0.007411823642103099,-0.10429053397097302,-0.5495539453034636,-0.18010567816992895,0.4478994255313039,,-0.11241482424008134,0.3123801512891646
HSM7CZ1Z,H4027,UC,1,,,,,,,,,,0.021637493103795744,0.06179979420510691,-0.04051287283369553,0.5043108953238281,0.19868336020264085,-0.19068805346513626,-0.024267025355840948,-0.31411409819193054,-0.1462064739465535,-0.31300260997144747,-0.3461462799823559,-0.2854297545869085,0.48861921566679517,-0.21100990859705968,-0.2902231358756352,0.066097998161462,-0.08813052984784635,0.5127707873781143,-0.5361156445280174,0.15455173581269654,-0.09119493550085252,0.02851524086265605,-0.08813052984784635,-0.31472299929537395,0.28972045034755745,0.07869356735747605,-0.3395676258529152,-0.8789839718910081,-2.676401617867732,-0.1557520852340363,-0.062347007915531445,-0.4065428530153026,-0.10727401070799995,-0.8996231044740084,-0.10429053397097302,-0.6055176388488951,-0.18010567816992895,-0.13514640800403988,,-0.11241482424008134,0.21784758867620677
HSM7CZ22,H4027,UC,1,,,,,,,,,,0.17735260269833136,0.5971347702747041,-0.20685578713230807,0.6282570390165156,0.04054245026449789,-0.2681407815355893,0.021998308947077595,0.21217554614233994,-0.1462064739465535,0.4183676728760171,-0.3245016179495745,-0.3347093127807366,-0.6364063148106167,0.015747707566366082,,,,,,,,,,,,,,,,,,,,,,,,,,,
HSM7CZ24,H4024,nonIBD,0,,,,,,,,,,-0.8089004131496811,-0.9808439720772065,-0.32596927420771843,-0.3140156032574711,-0.6752982986588457,-0.2679758821503974,-0.965254644865745,-0.4367310173139244,-0.1462064739465535,-1.013739505204011,-0.25753428371648035,-0.2494483179238544,0.373048465920888,-0.4156086537454613,,,,,,,,,,,,,,,,,,,,,,,,,,,
HSM7CZ26,H4024,nonIBD,0,,,,,,,,,,-0.500962026920727,-0.342766194738464,-0.22176060064343853,0.007909027150844072,-0.5044584304597273,-0.2114960886430323,-0.45234698261443196,-0.5263890344670544,-0.1462064739465535,0.06011043298595059,-0.3461462799823559,-0.25675656252351015,0.35941539508315096,-0.4612179982218528,,,,,,,,,,,,,,,,,,,,,,,,,,,
HSM7CZ28,H4024,nonIBD,0,,,,,,,,,,-0.9245123629295502,-0.8320029747694688,-0.21310419544235626,-0.21484071101414423,-0.7550478853844779,-0.22245741524296342,-1.2205751956710458,-0.19272881462071234,-0.1462064739465535,-0.33749367740034275,-0.3461462799823559,-0.2692825800252595,0.2543888079788398,-0.4387374353938376,,,,,,,,,,,,,,,,,,,,,,,,,,,
HSM7CZ2A,H4024,nonIBD,0,,,,,,,,,,-0.9786181696578051,-0.4274342208130571,-0.3089836159887262,-0.26673709870378787,-1.118183820811933,-0.30914171403995827,-0.8658609208614838,-0.5472672959151984,-0.1462064739465535,-0.3407181802918619,-0.3461462799823559,-0.3537803803941457,0.2947577168948448,-0.4850375514139318,,,,,,,,,,,,,,,,,,,,,,,,,,,
HSM7CZ2E,H4024,nonIBD,0,,,,,,,,,,-0.4752896133243498,-0.29690363513643875,-0.1334509681050184,0.21684135697261175,-0.2686043210050145,-0.3567032670999125,-0.15742902817479726,-0.5281232073106937,-0.1462064739465535,-0.46926993904201225,-0.3461462799823559,-0.3530949754105492,0.39057984957534175,-0.46608118173990365,,,,,,,,,,,,,,,,,,,,,,,,,,,
HSM7CZ2F,H4008,nonIBD,0,,,,,,,,,,,,,,,,,,,,,,,,-0.6158682797625435,0.066097998161462,-0.08813052984784635,-0.3581389590788662,-0.12034298852110564,0.15455173581269654,-0.9402266155090373,0.02851524086265605,-0.08813052984784635,-0.03510391416842733,-0.30348114013940736,0.07869356735747605,,,,,,,,,,,,,,,
HSM7CZ2H,H4008,nonIBD,0,,,,,,,,,,-0.0062347983345434075,-0.5354313811379279,0.16221157994513252,0.21032189536940277,0.36907711857476067,0.004471078030362456,0.26942220427375424,0.6863875112294943,-0.1462064739465535,0.6176400706921208,0.29348633920942,-0.2024278795947634,0.4870904301493381,0.01820965572802309,,,,,,,,,,,,,,,,,,,,,,,,,,,
HSM7CZ2J_P,H4008,nonIBD,0,,,,,,,,,,0.3538211703341331,0.3796053170439698,0.29436954430646395,1.0833203943942862,1.0108901059407032,-1.1411489265967163,0.09306080635093693,0.6958878664864572,-0.1462064739465535,0.7153231657059224,1.0782831995786177,-0.27087238335448915,0.3665906233748876,0.28602205070001036,,,,,,,,,,,,,,,,,,,,,,,,,,,
HSM7CZ2L_P,H4008,nonIBD,0,,,,,,,,,,0.03562270780222006,0.48251377442278165,0.11599647724414304,0.4798481362204193,0.7987328682824485,0.6957921100415428,-0.04509474710306322,-0.29564447275774103,-0.1462064739465535,0.17833071479192944,0.2927075889202055,0.6437260216376984,-0.17877029663919633,0.16901397330720838,,,,,,,,,,,,,,,,,,,,,,,,,,,
HSM7CZ2P,H4008,nonIBD,0,,,,,-1.7563350095856753,-0.9304152366218573,-0.9302990934047387,1.2315161157609456,-1.7245558611527272,,,,,,,,,,,,,,,-0.803386490998527,0.08761395366722986,-0.08813052984784635,-0.9714217635230151,-0.4579751953707828,0.15455173581269654,-0.9991912802000388,-0.3599320260332242,-0.08813052984784635,-0.3854856663123136,-0.5357159007385821,0.07869356735747605,,,,,,,,,,,,,,,
HSM7CZ2V,H4031,CD,1,,,,,,,,,,,,,,,,,,,,,,,,1.0471911147848076,0.36722556015821756,-0.08602647872386804,-0.09397706471979429,-0.19444691916214418,0.012623600559267523,0.7868930506011905,-0.0970981801533063,-0.08602647872386804,-0.1507971664076228,-0.05629354448286188,0.15804200816145356,,,,,,,,,,,,,,,
HSM7CZ2V_P,H4031,CD,1,,,,,,,,,,-0.8420062396902839,-0.7460004429505528,0.008186631601829713,-0.8721781304166638,0.01306129787269605,-0.11465036677799877,-0.25759921081922543,0.09784419772086111,6.120089277807476,0.20995041403854217,-0.1538911579421414,-0.1939006425119282,-0.2720728687362687,-0.13563095195995492,,,,,,,,,,,,,,,,,,,,,,,,,,,
HSM7CZ2X,H4035,UC,1,,,,,,,,,,,,,,,,,,,,,,,,0.5006899102369853,-0.22967101184415356,-0.07284643967679481,-0.274615651427781,-0.36644490412873637,0.09560573483367543,-0.4291723436379819,-0.3377928645099569,-0.07284643967679481,-0.18950180663358096,0.3206220555845502,0.030391478799598647,,,,,,,,,,,,,,,
HSM7CZ2X_P,H4035,UC,1,,,,,,,,,,0.291907156908831,0.07065873919559452,0.15512506600660186,0.13145212293893718,0.473887019171526,0.7428841316393848,0.24887247790895373,-0.2860781480957883,-0.10843274156073193,0.23697196117494868,0.13719086918445458,0.235395787013763,0.720039278585244,3.012898284278675,,,,,,,,,,,,,,,,,,,,,,,,,,,
HSM7CZ2Z,H4030,CD,1,,,,,,,,,,0.7061867441004744,0.9580583900393785,-0.1354337136454302,0.45031416381987294,0.54983737767893,0.6253612519140362,-0.3916798856709812,1.231137206424442,-0.1462064739465535,1.022854379935313,-0.3461462799823559,0.2516085946687672,0.5753856688080491,0.0836004632435438,,,,,,,,,,,,,,,,,,,,,,,,,,-0.11241482424008134,0.7993185538293244
HSM7CZ32,H4030,CD,1,,,,,0.7572827471501795,0.3702061258553384,0.7595656967536277,-0.9347987019391659,0.03032706296449473,1.846455120927262,3.1482982404088298,-0.1325633911497367,3.3387691336086704,0.05988824162862329,-0.4306268714812636,0.12853213066282584,3.455997538124805,-0.1462064739465535,0.014103619998051512,-0.1931621466346953,-0.2801219223065725,-0.011577662398119795,0.041529520839070126,,,,,,,,,,,,,0.44806298299691555,0.5929206753963471,-0.18469106377590472,0.5488387699570012,0.1019303470523627,0.18875444534882344,-0.26407543069125966,0.06872149558102798,-0.10429053397097302,0.6291264406170989,-0.18010567816992895,-0.33431691792771256,,-0.11241482424008134,0.6689769400300882
HSM7CZ36,H4030,CD,1,,,,,,,,,,0.6221128568129517,1.4556826239824028,-0.027950996739452928,1.5097478570726515,0.8611739446910328,-0.029113610582207638,0.7644850401875087,2.0863356960092263,-0.1462064739465535,0.5218275470927272,1.336265319641512,0.1409222467822654,-0.08827138770767724,0.5596769455917502,,,,,,,,,,,,,-0.07724602182140859,0.03345548297382293,-0.18469106377590472,0.26310182666743825,-1.9101960263085764,-0.19414122092673902,-0.1452802652864529,0.013350242006088864,-0.10429053397097302,-0.18299944646351074,-0.18010567816992895,-0.33431691792771256,,-0.11241482424008134,0.34077706911072936
HSM7CZ38,H4030,CD,1,,,,,0.34884868116329165,0.7279316198608508,0.09398760780247072,-0.21981368126391504,0.29231412647389404,0.49716548841923824,0.9289383271630718,-0.04236357712267047,1.0237462360650256,-0.3528965446190045,-0.40281090324404084,0.07850160102887038,2.054929420235922,-0.1462064739465535,-0.3138294487413279,0.048168507726107715,-0.1981929870124175,0.2750838272675383,-0.20661716569950644,,,,,,,,,,,,,-0.21703939299136993,-0.538151424780021,-0.18469106377590472,0.16395033093748418,-0.9941165019055144,-0.20235883906852975,-0.026936474351614198,-0.11012956326831506,-0.10429053397097302,1.5057053262289506,-0.18010567816992895,-0.2268363919090666,,-0.11241482424008134,0.1171377273740528
HSM7CZ3A,H4031,CD,1,,,,,,,,,,-1.3426407087910304,-1.4068671793033498,0.29957409723439726,-1.7451590913751178,-0.3137915538528272,-0.2959859225809782,-0.05619988183794298,0.08066511718647522,-0.13833516500220164,0.012286920736788824,-0.3206853541700213,-0.2485221634948984,0.03201955283138174,-0.26070649533699836,,,,,,,,,,,,,-0.5867969531185039,0.13989595630249224,-0.4269467864051812,-0.15446889406013278,-0.5184233164627063,0.05135116973068787,-0.919643266433414,-0.5789692452415073,-0.09434468921296807,-0.04776450176741028,-0.13571057116566926,-0.23301540043091898,,-0.08939284250604397,-0.6734277405801732
HSM7CZ3C,H4031,CD,1,,,,,,,,,,-1.1831278970907475,-0.942831268058807,-0.7837570026057225,-1.4693427159800079,-0.1550673018293087,-0.27164608713001126,-0.000659425720253617,-0.1346241700248065,-0.13833516500220164,-0.12043485947064089,-0.3206853541700213,-0.2348005694115748,-0.4258372919406203,-0.047984960340102016,,,,,,,,,,,,,-0.4915301063716387,1.0551340340966606,-0.24634640826316948,0.7584952194321238,-0.24168176516391265,0.1197041183529351,-0.3467365693533276,0.13496881814670994,-0.09434468921296807,-0.240920467410832,-0.13571057116566926,0.012104635236898358,,-0.08939284250604397,-1.441405638717433
HSM7CZ3E,H4031,CD,1,,,,,,,,,,-1.0676494280223068,-1.028337870553718,-0.14100075533479675,-1.2721636083511498,-0.5229975172187926,-0.2619915788513337,0.1104675876389847,-0.6768630124292423,-0.13833516500220164,-0.7530558419312481,-0.3206853541700213,-0.22259675824442804,0.49598656608996977,-0.1477727608801664,,,,,,,,,,,,,0.24123399922205918,2.107931737787148,-0.24634640826316948,0.5019452002330399,-0.030112649239128816,-0.36199970157060973,-0.5829800968113114,1.9160538032282395,-0.09434468921296807,-0.44703340601911773,-0.13571057116566926,-0.16941841669325447,,-0.08939284250604397,-0.5851418797945639
HSM7CZ3G,H4031,CD,1,,,,,-0.5110515347336291,0.11723128632786696,-1.0092512500065218,0.8957632212912389,-0.5155139025957028,-0.8658313259233139,-0.6607780945365769,-0.4245176867586086,-0.8820322055059898,-0.4056080406287701,-0.29646959296244335,-0.15789017046920245,-0.6841108088811251,-0.13833516500220164,-0.051249754088218955,-0.3206853541700213,-0.24865909437580336,-0.2690622488748875,-0.20760969790736328,-0.77684609359008,-0.056371305558196715,-0.08602647872386804,-0.45074039892172774,-0.31084151864951054,0.012623600559267523,-0.385414733610639,-0.6597085403216271,-0.08602647872386804,-0.6814309513430521,-0.47040962213410037,0.15804200816145356,,,,,,,,,,,,,,,
HSM7H3WH,H4030,CD,1,,,0.5034008210597738,0.5209314398830382,,,,,,,,,,,,,,,,,,,,,,,,,,,,,,,,,,,,,,,,,,,,,,
HSM7H3WJ,H4030,CD,1,,,-0.17544290317272085,-1.7229665754292633,,,,,,,,,,,,,,,,,,,,,,,,,,,,,,,,,,,,,,,,,,,,,,
HSM7H3WK,H4031,CD,1,,,0.21294630016364197,-1.4571369524400903,,,,,,,,,,,,,,,,,,,,,,,,,,,,,,,,,,,,,,,,,,,,,,
HSM7H3WL,H4031,CD,1,,,0.5883267153153106,-3.3149635220469813,,,,,,,,,,,,,,,,,,,,,,,,,,,,,,,,,,,,,,,,,,,,,,
HSM7H3WM,H4031,CD,1,,,0.6441782573907491,-0.9183531140992015,,,,,,,,,,,,,,,,,,,,,,,,,,,,,,,,,,,,,,,,,,,,,,
HSM7H3WN,H4032,CD,1,,,0.7379369019148198,0.8567885800205216,,,,,,,,,,,,,,,,,,,,,,,,,,,,,,,,,,,,,,,,,,,,,,
HSM7H3WO,H4032,CD,1,,,1.0239581763280732,1.1076204117711783,,,,,,,,,,,,,,,,,,,,,,,,,,,,,,,,,,,,,,,,,,,,,,
HSM7H3WP,H4032,CD,1,,,0.6637000966479772,0.5345576013459081,,,,,,,,,,,,,,,,,,,,,,,,,,,,,,,,,,,,,,,,,,,,,,
HSM7H3WQ,H4004,CD,1,,,-0.37698100667167456,-0.6641670529833947,,,,,,,,,,,,,,,,,,,,,,,,,,,,,,,,,,,,,,,,,,,,,,
HSM7H3WR,H4004,CD,1,,,-0.348462611493385,-0.0014410144851821792,,,,,,,,,,,,,,,,,,,,,,,,,,,,,,,,,,,,,,,,,,,,,,
HSM7H3WS,H4004,CD,1,,,0.1782795136004705,-0.5072905023839018,,,,,,,,,,,,,,,,,,,,,,,,,,,,,,,,,,,,,,,,,,,,,,
HSM7H3WW,H4035,UC,1,,,-1.5513650675159318,0.5320633829916529,,,,,,,,,,,,,,,,,,,,,,,,,,,,,,,,,,,,,,,,,,,,,,
HSM7H3WX,H4035,UC,1,,,0.7225476263709149,1.2341615986361156,,,,,,,,,,,,,,,,,,,,,,,,,,,,,,,,,,,,,,,,,,,,,,
HSM7H3WY,H4035,UC,1,,,0.8956274291731366,0.7326919736613456,,,,,,,,,,,,,,,,,,,,,,,,,,,,,,,,,,,,,,,,,,,,,,
HSM7J4G1,H4022,nonIBD,0,,,,,-1.3511761978035517,-1.293782245545061,-1.294970585945579,2.589264208938149,-0.7358563687613445,-0.7405624804113213,0.9216756075964793,0.20018049759933082,0.3826756439290327,-0.18852084596466642,-0.7525201527559692,-0.2982234269894585,0.2825794308492812,-0.1113122162579901,0.44579860761727397,-0.13365098419357002,0.5859581393961056,0.41292488536908906,-0.4666053484225288,0.4231172078009025,-0.07794501494001509,-0.08650797396966804,-0.22866761854005455,-0.5093997573143817,0.07500016726067676,-1.001074404922001,-0.2545646040918579,-0.08650797396966804,-0.08708671244899614,-0.47881345665698644,0.013368190302435377,-1.5662938467080558,-1.123163832821199,1.1952557545984126,-0.4527168513400349,-1.5357248544404662,-0.6423714432294141,-0.30932716156562967,-0.3451177520369133,-0.10370044001367282,-2.199355791724095,-0.13812187083932795,0.43687404431121324,,-0.09339860866723376,-0.2674333076002468
HSM7J4G8,H4022,nonIBD,0,,,,,,,,,,-0.5304009628527159,-0.2865164877239872,-0.318594645623747,0.2131949990684499,-0.3393637906187149,-0.2183138647405018,-0.0012059689059597328,-0.49911324685571506,-0.1113122162579901,-0.2821405661446745,-0.29068067130589836,-0.21227194617256004,-0.3331827224123881,0.6051734882983423,,,,,,,,,,,,,,,,,,,,,,,,,,,
HSM7J4G9,H4028,CD,1,,,,,,,,,,,,,,,,,,,,,,,,-1.4108130823487643,-0.32130983099559624,-0.07284643967679481,-0.274615651427781,-0.27556168015208743,0.09560573483367543,-0.7625520350662921,-0.3377928645099569,-0.07284643967679481,-0.18950180663358096,-0.042748935657816046,0.030391478799598647,,,,,,,,,,,,,,,
HSM7J4GB,H4028,CD,1,,,,,,,,,,,,,,,,,,,,,,,,0.00903363738642162,-0.1670891178365767,-0.07284643967679481,-0.3211294150732206,-0.42969883827866545,0.09560573483367543,0.5449335784032246,-0.4799876642165609,-0.07284643967679481,-0.23903432789576,-0.4700881168503285,0.030391478799598647,,,,,,,,,,,,,,,
HSM7J4GD,H4028,CD,1,,,,,,,,,,-0.0472192321059178,-0.342712346182663,-0.20694324037710887,0.18888185095804758,0.46079991851999785,-0.30468276970118197,0.20133997888527663,-0.4207424493119935,-0.10843274156073193,0.06865390641318984,-0.11865294551316813,-0.18347650452905556,0.10166169428154839,-0.21004061337560204,,,,,,,,,,,,,0.016407083549484478,0.033110361107122094,-0.1841434975068624,-0.05362295863220828,-0.6411242091274423,-0.22292616518748673,-0.045311022916710395,0.09261829835466676,,-0.2863909834328307,-0.07939061616942635,-0.2813350374326855,,-0.062149905905642094,-0.11846981141385338
HSM7J4GP,H4027,UC,1,,,,,,,,,,0.1455168827797603,0.6486073616971648,-0.18850885101830536,0.7301155304090973,0.6325814311064055,-0.2833455936394632,-0.38696233647701345,0.09868661999143666,-0.1462064739465535,-0.23412178395072866,-0.3461462799823559,-0.3511698296834658,-0.4574354234292882,0.3590972916618583,,,,,,,,,,,,,,,,,,,,,,,,,,,
HSM7J4GR,H4027,UC,1,,,,,-0.9457214361287153,-1.169861312795855,0.5007176064150832,-0.8625537705262655,1.2903823431328891,0.21292670906680738,0.8675184544390183,-0.2534062569487973,0.5955323774575094,0.09391157902700087,-0.3645824611907243,0.17121627324401104,-0.17684647437194176,-0.1462064739465535,-0.18763152056442634,-0.3094801381442243,-0.3389209982660933,0.2512016291791956,-0.0396345772363464,0.3324038213644443,0.08761395366722986,-0.08813052984784635,-0.3450140448113929,-0.06175304579873395,0.15455173581269654,0.1231615086464803,-0.3599320260332242,-0.08813052984784635,-0.1429654204315602,-0.1201384398497693,0.07869356735747605,-0.0171925182269567,-0.8987677774389634,-0.18469106377590472,-0.1547457640683542,0.3773241044655941,1.3598136106626602,0.5827061227205815,-0.6566548599824191,-0.10429053397097302,-0.8312325989200923,-0.18010567816992895,0.3372790045736882,,-0.11241482424008134,-0.5799233445690808
HSM7J4HA,H4023,nonIBD,0,,,,,,,,,,0.045836100256723175,-0.7935841414920838,-0.29186187991846974,-0.633571550057533,-0.3335222788496541,-0.13240979156674143,-0.4846910988255768,-1.0087888216997718,-0.10843274156073193,-0.17559687990890174,-0.1703192409923675,-0.11811200403812501,-0.23575317552598649,-0.08435872456713633,,,,,,,,,,,,,,,,,,,,,,,,,,,
HSM7J4HC,H4023,nonIBD,0,,,,,-0.9832669735574068,0.17096361549825054,-0.28315310136214716,0.1727825619650495,-0.3527323877333395,-0.3566513666436391,-0.5560122242941513,-0.37533654981654874,-0.6734261944044881,-0.6311361690808379,-0.056441054922109886,-0.3215053649317787,-0.579911542255234,-0.10843274156073193,-0.20141264681528606,-0.20180211905130604,-0.17784388407751375,0.1419292676073788,0.05214308947667064,-2.5317448537534775,0.5248742414443496,-0.07284643967679481,-0.274615651427781,-0.255580789284487,0.09560573483367543,-1.0153514634170684,1.0457758536134982,-0.07284643967679481,-0.810962561232754,-0.042773092322319684,0.030391478799598647,-0.48632493968654533,-1.3953249607432148,-0.1841434975068624,-0.5419032502811376,-1.138345239748102,-0.3590995377484645,-0.022640522660442804,-1.0978844122072697,,0.13793139548823302,-0.07939061616942635,-0.2813350374326855,,-0.062149905905642094,0.6334120875649532
HSM7J4HE,H4023,nonIBD,0,,,,,,,,,,-0.61185215108102,-1.0999225791402798,-0.4175428967260377,-1.186680250226358,-0.11963316925596817,-0.24856420170430885,0.3033663810308577,-1.0115719518419255,-0.10843274156073193,-0.03981734625270728,-0.21326325113431455,-0.21481765944196018,0.17376928276134693,-0.09316475230265003,,,,,,,,,,,,,,,,,,,,,,,,,,,
HSM7J4HG,H4023,nonIBD,0,,,,,,,,,,-0.12378104925596453,-0.7572667798495081,-0.32066898483459905,-0.5657613503336828,-0.7826460332429631,-0.2612317060780237,-0.47272018766657015,-0.5301767976718196,-0.10843274156073193,-0.12342339548142751,-0.07813786626031716,-0.2506256347749984,-0.30951982605797573,0.1856108010345898,,,,,,,,,,,,,,,,,,,,,,,,,,,
HSM7J4HI,H4023,nonIBD,0,,,,,,,,,,-0.36668135956712705,-0.7426137875298535,-0.0924783359482222,-0.8342354229903097,-0.15993040544737866,4.838567884553409,0.8746099994727351,-0.08113229589024222,-0.10843274156073193,2.0660413674723497,-0.20445095146832995,13.388390652746105,-0.15428986141205078,6.965361411827613,,,,,,,,,,,,,,,,,,,,,,,,,,,
HSM7J4HK,H4023,nonIBD,0,,,,,,,,,,0.006495970464665793,0.03859500714446283,-0.04446800911942424,-0.4596095042444107,-0.37887728409446697,0.5118408280838341,-0.8216177582830508,-0.9019878074606641,-0.10843274156073193,0.5609388433442566,-0.21326325113431455,1.6748209768300928,-0.11966632602708979,0.9316348469368898,,,,,,,,,,,,,,,,,,,,,,,,,,,
HSM7J4HM,H4035,UC,1,,,,,,,,,,0.7384606299293313,-0.09510169606663295,1.4082907282717025,0.6124280741040239,0.3546038434261211,-0.041378798738461536,-0.13758492235679937,-0.3945511335027699,-0.10843274156073193,0.5608421538109083,-0.21326325113431455,-0.06129396810751826,0.6067854602500026,0.602138286532617,,,,,,,,,,,,,1.1728629398173862,0.12036932158230688,-0.15093683128433275,0.15347132376889927,0.05532662661464954,1.0160666774895937,0.0057948975518558946,-0.04126571668288749,,0.25071795999584173,-0.07939061616942635,-0.217242985241758,,-0.062149905905642094,-0.8069759256772793
HSM7J4HO,H4035,UC,1,,,,,1.162633581931781,0.024879864046719515,1.541188790475687,-0.1652297972207484,0.6956322824763949,0.26395358190833207,-0.17070961450854524,-0.18480261806831008,-0.14898248785891707,-0.12505776918119546,-0.004685978293692746,-0.17593324268534227,0.1865643802489293,-0.10843274156073193,0.1808524878156018,-0.21326325113431455,0.5279097618842111,0.07900502643671736,0.36502005597779924,,,,,,,,,,,,,1.0012146116922742,-0.11113869701810787,-0.18837629031762954,-0.3053704455121975,-0.5407465312673241,1.0009697331279666,-0.4426333611268565,-0.5029233965137021,,-0.7643845187225901,-0.07939061616942635,0.05026980783897233,,-0.062149905905642094,0.08546723991302506
HSM7J4HQ,H4035,UC,1,,,,,,,,,,0.2702634870493851,0.10146996833931583,0.3420046328517814,0.10726333356279016,0.13909916749477252,0.22943488737007534,0.19596590641032186,0.6209390855410782,-0.10843274156073193,0.6350908299926354,-0.15784112025920974,-0.09402970444184709,1.4209910039451614,0.41957791690814156,,,,,,,,,,,,,0.5228077881146955,-0.547778942207974,-0.1841434975068624,-0.23183896931535428,-0.1059237439506409,0.9689928610927516,0.22107082701261901,-0.41203940353415197,,-0.49457074747644947,-0.07939061616942635,0.7246526394907385,,-0.062149905905642094,-1.1362416007741105
HSM7J4HS,H4035,UC,1,,,,,2.065625687585749,-0.397741488488168,2.45007799225212,0.6910461124659433,0.9884804397255115,0.8205801372900688,0.565043912023259,1.8209066084321106,0.8449823835860949,0.3561286704305131,-0.31526576468357687,-0.27844423574873944,0.7279712113116723,-0.10843274156073193,0.7670355421742762,-0.21326325113431455,0.5466175900134803,1.1684801413981256,0.6104783302051018,-0.09594504619643517,0.0622269375760021,-0.07284643967679481,-0.3443862968959404,-0.04161548287885599,0.09560573483367543,-2.5036260502518313,-0.3377928645099569,-0.07284643967679481,1.4189810290309937,-1.6428445702293026,0.030391478799598647,3.2200705885637073,0.5737508863892645,-0.18966665926495588,0.01845174135005427,-0.13947236309844446,0.8821094623066685,1.0135960660575465,-0.6158254937591339,,0.872039082150059,-0.07939061616942635,2.0045290831802447,,-0.062149905905642094,0.8602632658444231
HSM7J4HU,H4035,UC,1,,,,,,,,,,-0.06354540202177497,0.2735114360384062,0.7656764092186708,-0.03359738585243814,0.41349611524155466,1.0402761694144496,0.5253948597179571,0.023429816345904037,-0.10843274156073193,0.6564503225448708,0.6026679440491488,0.14233553849625177,0.785840471715159,2.4182723341812173,,,,,,,,,,,,,0.0538297846639988,-0.5234070563871531,-0.1841434975068624,-0.29375108349777423,-0.6753687921720045,-0.12086043605412937,-0.14495061441713622,-0.8154358129914064,,-0.389972875163225,-0.07939061616942635,-0.2813350374326855,,-0.062149905905642094,-0.04424941702636093
HSM7J4HW,H4024,nonIBD,0,,,,,,,,,,-1.6287673702473013,-0.27136294145803963,-0.2329938988673424,-0.28727223562444054,-2.3590807725647385,-0.33802925217625407,-0.13144794486239472,-0.8322505417753183,-0.1462064739465535,-0.2635131054256308,-0.3461462799823559,-0.3514356116654283,0.24670217673793518,-0.48123004876298026,,,,,,,,,,,,,,,,,,,,,,,,,,,
HSM7J4HY,H4024,nonIBD,0,,,,,,,,,,-0.23604718862576962,-0.386083976640139,-0.1850615241001733,0.1373770330585953,-0.14384296341404526,-0.3334620332493318,-0.12329560077576587,-0.2770938471539318,-0.1462064739465535,-0.28507267920795504,-0.3461462799823559,-0.35432032474260416,0.4239156967670093,-0.4569783328952424,,,,,,,,,,,,,,,,,,,,,,,,,,,
HSM7J4I3,H4016,nonIBD,0,,,,,0.5605761836998107,0.22051035273987388,-0.5155835777947642,1.024137732473117,-0.5846369914408293,0.2655901769308709,0.32258286790393065,-0.41091087166405094,0.486247211285989,0.15478847589261327,-0.3105980766962624,-0.07799941000537139,0.24000894099417244,-0.13833516500220164,0.3386667825152156,-0.30180413710506465,-0.17341518946433748,0.0173430461924181,-0.3757519340226027,1.0471911147848076,-1.2247568774236497,-0.08602647872386804,-0.4282957226591394,-0.19803782129053213,0.012623600559267523,0.3775699374909467,1.491296285930341,-0.08602647872386804,-0.05804290769507923,-0.05629354448286188,0.15804200816145356,-0.09463981722436027,0.33394227964825507,-0.24634640826316948,0.09182795758349097,0.23728403855350513,-0.27599889431912644,-0.319014647164022,0.7954353796348461,-0.09434468921296807,0.27333408573978124,-0.13571057116566926,-0.23301540043091898,,-0.08939284250604397,0.6591840046727077
HSM7J4I5,H4024,nonIBD,0,,,,,,,,,,-0.702379507897562,-0.3148897334452344,-0.2631791466254705,-0.11231716159234542,-0.5218915383532919,-0.33658985344420034,-0.31731371125661645,-0.9513115830340656,-0.1462064739465535,-0.5839637753823576,-0.3267566959274631,-0.35160645799399903,0.4385344444063545,-0.48558801216848646,,,,,,,,,,,,,-0.06369075433930879,0.09947859653020553,-0.18469106377590472,-0.364840767264354,-1.4376250724092665,-0.5388255985700141,-0.3481229181435673,-0.5381669181895167,-0.10429053397097302,-0.8407977457575936,-0.18010567816992895,-0.33431691792771256,,-0.11241482424008134,0.7662478474711789
HSM7J4I7,H4024,nonIBD,0,,,,,1.8248934392266773,-1.3387421921160385,-0.3161162553503338,-0.21955447748741394,1.59610283710672,-1.199878029633542,-1.0776053794237708,-0.2042679078303466,-0.8667445762001126,-1.2422412703749628,-0.3442921352085668,-0.735372138138424,-0.6925222769508617,-0.1462064739465535,-1.1526849248464552,-0.3461462799823559,-0.35276757968790706,0.1192756076196226,-0.48447738727084366,,,,,,,,,,,,,,,,,,,,,,,,,,,
HSM7J4I9,H4024,nonIBD,0,,,,,,,,,,-1.4369948518814688,-1.4950417095037543,-0.36684393504157076,-1.121233410321964,-1.8853818576543946,-0.3270439270335391,-0.7848192404018709,-0.9773875009710303,-0.1462064739465535,-1.2389751089695025,-0.3461462799823559,-0.35432032474260416,0.24492286192396626,-0.48733980848990943,,,,,,,,,,,,,,,,,,,,,,,,,,,
HSM7J4IC,H4032,CD,1,,,,,-0.6655677788746257,0.36326028555780204,-0.8638268424449788,-0.7411329934915051,-0.10114455535995642,0.43472778059573064,0.5266061961700261,0.6988417739259849,0.7002618669451811,0.4741935888603762,-0.3083631809740564,0.4023087731586401,-0.271986478917091,-0.10843274156073193,0.08801928101435284,-0.21326325113431455,-0.2428511684405777,0.1875588049900827,-0.01870369830050156,0.32628089061999305,-0.22967101184415356,-0.07284643967679481,-0.274615651427781,-0.255580789284487,0.09560573483367543,-0.6077210547265255,-0.3377928645099569,-0.07284643967679481,-0.18950180663358096,-0.40825669297309747,0.030391478799598647,-0.6112193074456421,0.08315616224966554,-0.1841434975068624,0.5031014099688208,-0.6836552479801942,-0.5113693184680849,-0.2481657283405229,1.0846782002316129,,-0.29225762046897585,-0.07939061616942635,-0.2813350374326855,,-0.062149905905642094,-0.4145636309067654
HSM7J4IO,H4020,CD,1,,,,,,,,,,0.2728261413130096,0.5795068059766344,-0.010218599010085119,-1.0210916419839278,0.4307133880290815,-0.30048760202711017,0.12501506273637425,0.20351661426548806,-0.1462064739465535,-0.7325477221617361,-0.3461462799823559,-0.33227728966972203,0.6806094382347324,0.08778955817773863,,,,,,,,,,,,,-0.16565839856240414,-0.08030902519860461,-0.18469106377590472,-0.3023434922968999,-0.024638757380675596,-0.5333889608477493,,,,,,,,-0.11241482424008134,0.21664430468488333
HSM7J4IP,H4020,CD,1,,,,,,,,,,0.18636571015067865,0.3062563094909334,-0.16120378409345718,0.22603369189037725,0.4681835893979039,-0.33297935609305546,-0.07364057325836255,0.041275998738783286,-0.1462064739465535,0.1099851198981952,-0.3461462799823559,-0.35474734528901236,-0.23252895570516124,-0.2962673836430302,,,,,,,,,,,,,0.5792037755783965,0.47687517098114035,0.21109277007810712,0.7059771379984388,0.7179936990344429,-0.2541962987517427,0.4111912677167472,0.27744366896508665,-0.10429053397097302,-0.3125477593162264,-0.18010567816992895,-0.33431691792771256,,-0.11241482424008134,-0.32395582249032645
HSM7J4IQ,H4020,CD,1,,,,,,,,,,1.161950843871208,1.4179259111531104,0.01785262560292523,1.0327801476909817,1.8792043448844904,-0.29378573885487824,-0.12790104058453253,0.6997893243416192,-0.1462064739465535,0.32187610139538886,-0.3461462799823559,-0.3452701343377874,-0.12722167936320775,-0.3066514900561667,,,,,,,,,,,,,0.029991480423831388,1.7877032572151064,-0.18469106377590472,1.5964245864346747,1.182927945385432,0.3467527752810004,-0.8319393009305798,1.2243543792971867,-0.10429053397097302,-0.6505488033357485,-0.18010567816992895,-0.33431691792771256,,-0.11241482424008134,-0.17007908287480786
HSM7J4IR,H4020,CD,1,,,,,,,,,,0.3226427502166899,0.5800904777646597,-0.04811170816738639,0.25777242935069666,0.45398924630296617,-0.30419736590560237,0.048433300280896596,0.7037007675316702,-0.1462064739465535,0.280212965923353,-0.321941219700198,-0.3447763286303728,-0.3529249875115609,-0.22806585968317108,,,,,,,,,,,,,0.40002218843306986,0.3544593127115211,-0.036731634261694235,0.536898414862304,1.0722259793761053,-0.31154758354566764,0.26011084835208653,0.21081020321938543,-0.10429053397097302,0.04799434551038414,-0.18010567816992895,-0.33431691792771256,,-0.11241482424008134,-0.050493227032395664
HSM7J4IS,H4020,CD,1,,,,,-0.41659166891328503,0.07651229264225197,0.7487590219292743,-0.7549585398883154,0.375633083064876,0.7480532500367402,0.996159633388208,-0.043477916365287264,0.8013457863469844,1.207342297297301,-0.3133505935318851,-0.052223488392356236,0.6393818278174366,-0.1462064739465535,0.6858950832554168,-0.3461462799823559,-0.3546602922896178,-0.4255003199329252,-0.2210397252006435,,,,,,,,,,,,,0.4311045034178577,1.7345162870047646,-0.4509843111114338,0.9291965860947936,0.9865219531879456,0.024502044552856955,-0.33955531260073557,1.7072539322038662,-0.10429053397097302,-0.7869048265467479,-0.18010567816992895,-0.02616199109134511,,,
HSM7J4IU,H4022,nonIBD,0,,,,,-0.20492713793923878,-1.4868502335129374,-1.866159386644024,-0.2617576733729715,-1.1596140134903914,-0.8000650019302329,-0.2624694679545048,-0.3485756942467116,-0.22475899574570127,-0.36315927236116996,-0.20367660125033507,-0.337941064019728,-0.3423303231894824,-0.1113122162579901,-0.3927993064303554,-0.29909236633726183,-0.19699850958621876,-0.29882564989602967,0.7540899600096422,-0.5857176835035413,-0.07794501494001509,-0.08650797396966804,0.2955450826543549,-0.05230401559509558,0.07500016726067676,-0.5542666105757005,-0.2545646040918579,-0.08650797396966804,-0.08708671244899614,-0.14296984138690302,0.013368190302435377,,,,,,,,,,,,,,,
HSM7J4IW,H4022,nonIBD,0,,,,,,,,,,-0.6566650777443821,-0.30598525120282977,-0.3674094823889039,0.09238739163364526,-0.3899019402461255,-0.26759336161100333,-0.11952401755485279,-0.5166201486494253,-0.1113122162579901,-0.13403922696118437,-0.28824580604223765,-0.20899608381048546,-0.2643440425191344,0.3155266336637312,,,,,,,,,,,,,,,,,,,,,,,,,,,
HSM7J4J5,H4022,nonIBD,0,,,,,,,,,,,,,,,,,,,,,,,,-0.1664444114784045,-0.07794501494001509,-0.08650797396966804,-0.11569370887677448,0.5385978878897756,0.07500016726067676,-0.5820018204520443,-0.2545646040918579,-0.08650797396966804,0.5091533839516759,0.9299242535440442,0.013368190302435377,,,,,,,,,,,,,,,
HSM7J4J7,H4038,CD,1,,,,,0.5565670772574074,0.8479790249996849,1.2323533009130034,1.0518617269598982,0.5852280013900161,0.21912168571450052,0.5682293274019963,-0.18491267882757403,0.3278810035104149,-0.026024087918464514,-0.194500296614565,0.12172937338897873,0.03180717686286242,-0.13833516500220164,0.11716598955594533,0.4325456010671577,-0.12254896369380464,0.05215911672673415,0.07436624788611487,,,,,,,,,,,,,0.26512120953671847,1.389695850894515,-0.11466401626716603,1.537793626906656,0.7547368582364478,0.46705937470876574,-0.03194167256332658,2.1617523160846166,-0.09434468921296807,1.0153579856836141,0.12271584902633229,-0.3454280574164223,,-0.08939284250604397,0.12967576969915748
HSM7J4J9,H4038,CD,1,,,,,,,,,,0.04392478768305836,0.35923774593277874,-0.29373160071465476,-0.36826187143978095,-0.5343518736886542,-0.2900436707051156,-0.07347578888511368,-0.02755229189837803,-0.13833516500220164,-0.5841649787597585,-0.3206853541700213,-0.23443587418014977,-0.05277704626459701,-0.19218316415591952,,,,,,,,,,,,,,,,,,,,,,,,,,,
HSM7J4JD,H4038,CD,1,,,,,,,,,,0.2032648853470708,0.8679609318100213,-0.2739709880673338,-0.29125445688307616,-0.4438862247035908,-0.2773754425805797,0.05343030975182007,0.010647089812882487,-0.13833516500220164,-0.42610966152692076,-0.31567234589243626,-0.23260522569000677,-0.20946104424941855,-0.2544901439652966,,,,,,,,,,,,,0.2650530592420849,2.2252896663529853,-0.24634640826316948,1.4069349005175895,0.6536238151542917,-0.14656389165594666,-0.5770846882018019,1.9885764018188,-0.09434468921296807,1.5707665957416121,-0.13571057116566926,-0.20740690604576253,,-0.08939284250604397,-0.2946178631634057
HSM7J4JF,H4038,CD,1,,,,,0.20282548776552034,1.035165108495946,-0.18912744910483895,0.34374228421233466,0.09998532581294592,-0.2153102533652091,0.9700068769736245,-0.38901308354917785,-0.5358908213071806,-1.0950052012049314,-0.2170278679806073,-0.27777739176463784,-0.637860717842988,-0.13833516500220164,-1.572293940560909,-0.2530146697378638,-0.17501851858304407,-0.1110643643329128,-0.4146662113624966,,,,,,,,,,,,,,,,,,,,,,,,,,,
HSM7J4JH,H4039,CD,1,,,,,,,,,,2.243902577217833,2.999236086741469,0.01794516988097157,3.5797865776164777,6.811131696522692,1.4855902799734715,1.457470952014499,6.42455990495559,-0.1462064739465535,3.581338207383862,0.1406291871521847,0.8963647776294548,1.9206924623801267,2.1704295784377114,,,,,,,,,,,,,-0.0835589536111816,0.6022768090302761,1.5442456831914289,0.9901724145141101,1.0302409440958344,0.8039726203784763,0.0713537370814599,-0.0119427053720281,-0.10429053397097302,1.6476455032818258,-0.18010567816992895,0.08979808707444147,,-0.11241482424008134,0.8482013223082524
HSM7J4JJ,H4039,CD,1,,,,,,,,,,0.20394119720516482,0.5399125641347168,0.22958586661825334,0.32458794528981083,0.5451709986808786,0.31812479494150825,-0.4333527329987022,2.117057247813971,4.448487234921853,-0.7603130287124641,0.16810120125207823,0.29320317316419553,-0.23495597807961136,0.7916299308465737,,,,,,,,,,,,,-0.7571653019499024,-0.43293637404106716,0.720707895482055,-0.2580816491676748,-0.3758004883121295,0.6046260637198582,-0.5805241391756382,-0.10089317076449852,-0.10429053397097302,0.520630719736784,-0.18010567816992895,0.4041145877272824,,-0.11241482424008134,0.010453972184853232
HSM7J4JN,H4039,CD,1,,,,,,,,,,0.09605759703960397,-0.640930280262242,0.4250101560110379,-0.9487649665655654,-1.4512774386595642,0.1142667344675606,0.28019967738015195,1.3731893534499051,-0.1462064739465535,-1.4560871266194018,0.012480790301234976,0.0443334377472258,0.22507314932736786,0.04202097478852743,,,,,,,,,,,,,-0.8025803335835524,-0.83642969615472,-0.18469106377590472,-0.37108735934011106,-0.551382946762053,-0.2597671227113571,-0.15570320499366294,0.23861098953136467,-0.10429053397097302,0.505856730608497,-0.18010567816992895,-0.014024966745169707,,-0.11241482424008134,0.18606502792780638
HSM7J4JP,H4039,CD,1,,,,,,,,,,-0.6848464164281516,-0.8882394873375087,0.24329341994501694,-0.8379596165055081,-1.1812570080394147,-0.08828813292068319,-0.4016716361202791,0.4298349152972114,-0.1462064739465535,-1.0031699462427826,-0.06837894161673706,-0.15776399127147864,-0.11485990297713292,-0.029642580292033767,,,,,,,,,,,,,,,,,,,,,,,,,,,
HSM7J4JT,H4040,UC,1,,,,,-0.19737640869742903,0.12300755181579533,0.7286003690465164,-1.0393365746279462,-0.17013551782284778,,,,,,,,,,,,,,,,,,,,,,,,,,,,,,,,,,,,,,,,,
HSM7J4JT_P,H4040,UC,1,,,,,,,,,,0.2596727007287038,-0.23585176407716898,-0.4308303366035793,-0.5104208378892103,-0.24510684204705874,-0.341642787962103,0.8719659985619542,-0.22668835984753002,-0.13833516500220164,-0.3793637826026198,-0.2031265804186204,-0.2260582291792997,-1.2097504805066612,0.45446391428145105,,,,,,,,,,,,,,,,,,,,,,,,,,,
HSM7J4JV,H4042,UC,1,,,,,0.14828748023224,-0.7690599512407243,0.2987536056862863,-0.006386490361801502,0.5481331600891249,,,,,,,,,,,,,,,-1.0030170138021046,-0.059488131319907475,-0.08650797396966804,0.602189855254829,-0.22327586326832324,0.07500016726067676,-0.6054076496100331,-0.2545646040918579,-0.08650797396966804,1.1014723544429303,-0.11363703562835434,0.013368190302435377,,,,,,,,,,,,,,,
HSM7J4JV_P,H4042,UC,1,,,,,,,,,,-0.6327248859185167,-0.6230896171762483,-0.07383206233768616,-0.5153706725516287,-0.3959285976507137,0.1027181664312965,-0.24257415133989815,-0.5437267708703738,-0.1113122162579901,-0.6132262192458146,-0.29909236633726183,0.23033242108354093,-0.11460446212946636,-0.3244902245772521,,,,,,,,,,,,,,,,,,,,,,,,,,,
HSM7J4JW,H4043,CD,1,,,,,-0.9496706869153542,0.3765970326764967,-0.19012614992962026,-0.001496764589044515,0.34773332424135045,,,,,,,,,,,,,,,,,,,,,,,,,,,,,,,,,,,,,,,,,
HSM7J4JZ,H4035,UC,1,,,,,1.93094523064583,-0.6883998297094316,1.7192204680117598,-0.101082633546991,2.339327618576023,-0.08792838321491563,0.3284147753726226,3.4125131617692155,0.47212539254188257,2.2691410850319134,-0.05610908382758983,-0.5282362795859853,0.5812218948589081,-0.10843274156073193,0.3176646323913527,-0.21326325113431455,-0.23371165740810207,1.8596219057368195,0.1741438674431517,0.636308292648929,-0.22967101184415356,-0.07284643967679481,0.2733378179884929,-0.2097506611835849,0.09560573483367543,-0.18953491704224537,-0.3377928645099569,-0.07284643967679481,-0.22075334806730054,-0.40825669297309747,0.030391478799598647,-1.0243933010800519,0.21464242464116826,-0.1841434975068624,-0.22240069304991122,-0.7860280251322419,1.5809643934580098,-0.6522725133974755,-0.3667914389358586,,-1.1017016864284765,-0.07939061616942635,3.5084831216422514,,-0.062149905905642094,-1.4331937185486074
HSM7J4K2,H4035,UC,1,,,,,,,,,,-0.27924330941452846,-0.3638612694993915,0.4790695369945292,-0.133920617118605,-0.11050645567498911,0.11597868940453954,-0.531113393426479,-0.46087108804084137,-0.10843274156073193,-0.4765156963545585,-0.21326325113431455,-0.12457086856235558,0.4154083007278776,0.43400404472568765,,,,,,,,,,,,,-0.21894453120003524,-1.7200903446702864,6.49298698330388,-0.8439140046859701,-1.400290753929345,0.6639039505618171,0.0025800617191538765,-1.5126353483888078,,-0.3349391024434769,-0.07939061616942635,-1.1012626370041323,,-0.062149905905642094,-0.47783350231404287
HSM7J4K4,H4035,UC,1,,,,,,,,,,-0.8437407784230446,0.1721262034698703,2.554736375955465,0.2838856649740244,-0.79085624827849,2.853372295773912,-0.687654447494979,-0.03680928209941456,-0.10843274156073193,-0.8233833213899009,-0.21326325113431455,-0.32053956350061047,0.3123299913129556,-0.24326410513066699,,,,,,,,,,,,,-1.1920726641499784,0.022663804447389278,31.416960093080988,-0.2554194065738003,-0.4951012397036361,-0.35218902640415,-0.6094277027314292,-0.3229424909512009,,1.008468002156835,-0.07939061616942635,0.052374719603459255,,-0.062149905905642094,-0.31124634375486304
HSM7J4K6,H4035,UC,1,,,,,,,,,,0.1052371601832351,-0.21016488818898169,0.5823197539279572,0.07289822612900296,-0.2416388337557174,0.1516980340366369,0.0825444073429355,-0.3216147829197899,-0.10843274156073193,-0.5452597910271119,0.2868013749707486,-0.0033226187635029933,0.09608433967168681,-0.18798082203885633,,,,,,,,,,,,,0.3290314603521713,0.1520651595069569,-0.33098766783152167,-1.3993107818094574,-2.051363118412845,0.9405746755653837,-1.2877446400871935,-2.78969735255395,,-0.19500322394013658,1.9516254457555655,1.7272639705621196,,-0.062149905905642094,0.044802031301197996
HSM7J4K8,H4035,UC,1,,,,,0.1868419947887969,-0.6647279082033394,0.8023921661031592,0.43169290290947493,-0.05274793459405656,0.09243755642673174,0.39788129206815753,4.131608952042339,0.38291364636976805,-0.1533617272547821,-0.2627901628950645,0.2339999917664101,0.43572795413352927,-0.10843274156073193,0.7510976147889608,-0.21326325113431455,0.3151564955682476,0.9120009978587996,1.463505082436667,0.07661560513954827,0.0622269375760021,-0.07284643967679481,-0.36067634064468695,-0.12619617207898556,0.09560573483367543,-0.7776093504942028,-0.3377928645099569,-0.07284643967679481,-0.6972443325616372,-0.2946227360106183,0.030391478799598647,-0.009365014432809977,-1.0735445240302601,-0.16732402522711742,0.020875434995785133,-1.2455703944729763,-0.2672426810348875,-0.608138348089469,-0.5391103979597132,,0.9938540406822193,-0.07939061616942635,0.45972637549164697,,-0.062149905905642094,-0.3581621285569082
HSM7J4KA,H4035,UC,1,,,,,,,,,,-0.22764132001029797,2.7939854344521695,-0.2848459731057943,0.6602889952970661,0.40747970825027774,0.47144882079860206,0.7624328038016196,-0.07147884984538541,-0.10843274156073193,0.09888146771846892,-0.21326325113431455,8.73476299886603,1.849193841324966,0.03260111283435251,,,,,,,,,,,,,,,,,,,,,,,,,,,
HSM7J4KC,H4023,nonIBD,0,,,,,-0.5066960141125609,-0.1893066583369083,-0.959635179535885,-0.9789786889561867,0.3318217482155012,-0.3128614753913964,-0.7242253683534924,-0.061210225059541906,-0.6745710595852317,-0.17747441158336252,2.15760343255064,0.910331707384785,-0.0963611539232063,-0.10843274156073193,1.9796303628641727,-0.04289720175331271,10.738626116336542,0.05499893447592486,2.367852484082151,0.25189348401829237,-0.22967101184415356,-0.07284643967679481,0.41615453917421436,0.2692102188867967,0.09560573483367543,0.843321610638048,-0.3377928645099569,-0.07284643967679481,0.6404868355290164,-0.03565923567125712,0.030391478799598647,-0.4138358655265733,-0.7724915802479333,-0.046878082386038175,-0.7642195881819267,-0.6706426312060608,-0.39122555996732156,-0.21354407173280984,-0.8173521273836502,,-0.17314226477344014,-0.07939061616942635,-0.2813350374326855,,-0.062149905905642094,-0.7102523057953267
HSM7J4KG,H4023,nonIBD,0,,,,,,,,,,-0.543216451695541,-1.053728953212195,-0.3006510458095857,-1.1711746443801785,-0.8546331676793291,21.294554323346954,4.578486990944664,-0.7205659583971618,-0.10843274156073193,10.874545733979541,-0.21326325113431455,65.45932221497786,-0.27411909375473964,18.157082140170672,,,,,,,,,,,,,,,,,,,,,,,,,,,
HSM7J4KI,H4023,nonIBD,0,,,,,,,,,,0.4511618857535766,0.4259506389591981,-0.007398496789867865,0.31228129948745226,0.35527041875346377,0.1287958846433891,-0.5391664264227457,0.21034567559955153,-0.10843274156073193,0.3358164028245469,-0.16790551316007937,0.06153070856755862,-0.25649081928332307,0.12405342999751363,,,,,,,,,,,,,,,,,,,,,,,,,,,
HSM7J4KK,H4023,nonIBD,0,,,,,-1.1011592086036717,-0.1826037968329089,-1.5843675212688038,2.784381800598985,-0.06750538503871367,1.2894587848004846,2.762114617883426,-0.20210839759016044,2.118933514808436,1.9913725730763499,0.24009725486004868,-0.42037824462834367,1.0505149073655253,-0.10843274156073193,2.1116373307329255,0.021513953573699004,0.7847060785808332,0.45226339996128734,0.3128793718191565,0.011018686271353363,0.5248742414443496,-0.07284643967679481,0.7203150135031499,0.47157429249928273,0.09560573483367543,0.033905361819208196,1.0457758536134982,-0.07284643967679481,-1.0614321368065973,0.7735739947590162,0.030391478799598647,0.23263768480267347,-0.44268343162803175,-0.1841434975068624,0.05657432667513772,-0.1857095408302407,-0.05922455361515075,-0.016673535045473042,0.09438894914895822,,0.0043492077643322085,-0.07939061616942635,-0.19864114326185792,,-0.062149905905642094,-0.5571353461169755
HSM7J4KM,H4023,nonIBD,0,,,,,,,,,,-0.1725805031485546,-1.0068518167993274,-0.4419416908338529,-1.3399273347373173,-0.17024340861368187,2.672275697440198,0.0686169074824046,-1.2408110560158039,-0.10843274156073193,1.6812344528603047,-0.11562286010331417,5.5281879652919805,-0.7917523633042574,2.726481735566067,,,,,,,,,,,,,,,,,,,,,,,,,,,
HSM7J4KO,H4016,nonIBD,0,,,,,,,,,,0.21119335188076033,-0.06376405942542344,-0.2324612191110484,0.2479138021567124,0.011658280122619399,-0.2810608652553807,-0.004630413692374977,0.18911696413821144,-0.13833516500220164,0.0025448945928527077,-0.23984348477209547,-0.20295834351750208,-0.06608861171166619,-0.3275650152014855,,,,,,,,,,,,,,,,,,,,,,,,,,,
HSM7J4KQ,H4016,nonIBD,0,,,,,0.8771953494357475,0.6399448114065709,-0.14740135158029952,-0.6671208827486901,0.45819522969759535,-0.05059234387804778,-0.10968183627340217,0.06616170641683501,0.10877091565404547,-0.04088685444626919,-0.2884675606630393,-0.12394201308188582,0.05663771154844591,-0.13833516500220164,0.037377494867439055,-0.2895016405239106,-0.21704148469614865,-0.2871366522513952,-0.39795764430771274,0.1560135742422835,0.36722556015821756,-0.08602647872386804,-0.9223558736289529,-0.27317501580409403,0.012623600559267523,0.06930276060584208,-0.0970981801533063,-0.08602647872386804,-0.11028793928304802,0.134966591502739,0.15804200816145356,0.10938033309676577,0.023419653359385676,3.0897512502038897,0.2690031648827258,0.9516174297765324,-0.29766201627498406,-0.813392428532896,-0.5183239214735793,-0.09434468921296807,0.12390605915101988,0.5972108681336362,-0.4140124056076282,,-0.08939284250604397,-0.027811325777768094
HSM7J4L5,H4030,CD,1,,,,,,,,,,0.5440730737650433,0.7212325131848414,-0.19519494237467383,1.1975932042910864,-0.19909895075061684,-0.4455268382207558,0.09781557441122608,1.8450388311039554,-0.1462064739465535,-0.3798844930211037,-0.30939193162954043,-0.29508693431051436,0.23209747805380554,-0.4075166251480276,,,,,,,,,,,,,-0.1422873135653659,-0.3372858268173456,-0.1879969670172463,-0.33613240888603224,-0.17942979577438184,-0.3696908497746008,-0.1713322550261023,0.16843936436995677,-0.10429053397097302,-0.46549758832841165,1.1957877977260212,0.0840844256736018,,-0.11241482424008134,0.34670282990034507
HSM7J4L9,H4030,CD,1,,,,,-0.44313028746334443,0.47872639131751105,-0.045276656440474294,-0.9977225410147338,0.009119556110656474,1.800606642416306,2.207159275011865,-0.13577236956770541,2.143009851346624,-0.1886968228098752,-0.30180032519934624,0.07515396955161882,2.865430634501741,-0.1462064739465535,-0.17411682502206002,0.1603411508934654,-0.10412784161581175,-0.2552637827975719,-0.23424708714837325,,,,,,,,,,,,,0.2278920803012762,-0.03938671222541577,-0.18469106377590472,0.23621710051899952,-0.7572302022346281,-0.36601075985751225,0.2787959573655306,-0.022852346458212488,-0.10429053397097302,-0.41151851902929254,-0.18010567816992895,-0.33431691792771256,,-0.11241482424008134,0.43840457772932045
HSM7J4LD,H4018,nonIBD,0,,,,,-0.739371294799689,1.179999626234038,0.09347415854186542,-0.1466766207501006,0.12190069111778172,0.17769687091710762,0.15086786648023084,-0.28967417499046266,0.18796351715654705,-0.038682234080625155,-0.2412394020563465,0.6770353436700711,0.2704688826914379,-0.11407085113498545,1.3996225669590272,0.034369661515487156,-0.17932767432570068,0.7955148430379395,-0.23575843596756937,1.6339889966416818,-0.03492570800200681,,-0.20356176875780368,-0.11219153979173188,0.07560302623362697,1.5462057578922495,-0.23581076897759604,,0.004307276356582939,-0.208150375760826,0.06293716072304763,0.23302354794766494,0.12599498928624847,-0.2327454228519667,-0.20445332939913993,0.33761720520895966,-0.029691400821415526,-0.28263090484037084,0.17283836333442498,-0.09938799855279619,-0.023123038734215305,-0.1342339472220414,-0.29823699268813436,,-0.10717564228878608,0.21387944767469524
HSM7J4LF,H4018,nonIBD,0,,,,,,,,,,-0.03460058788126164,-0.0024601519329404994,-0.05565246098889247,0.13611514961160467,-0.11799779680806424,-0.4425038919809604,0.4087801441054679,0.1551986967556333,-0.11407085113498545,0.6938028659948372,0.5357403546985983,0.15737332404025528,0.4668557359332171,-0.13943457906434098,,,,,,,,,,,,,,,,,,,,,,,,,,,
HSM7J4LH,H4018,nonIBD,0,,,,,,,,,,1.123704024605327,-0.24833918175833078,-0.2962304668061581,-0.36512417226638444,-0.3843114617096454,-0.30826693179199943,4.181391801448741,-0.10798168702842369,-0.11407085113498545,0.6864597097923424,-0.3363939264701503,-0.2747716546767476,0.37631687856758067,-0.47867757586703513,,,,,,,,,,,,,0.0690878293406727,-0.29232679648561916,-0.2327454228519667,-0.2793522196003134,-0.34031780999201955,-0.4575671068440312,-0.27352223024918176,-0.6922246386382688,-0.09938799855279619,-0.8979308453499488,-0.1342339472220414,-0.29823699268813436,,-0.10717564228878608,0.8337100330695874
HSM7J4LN,H4018,nonIBD,0,,,,,0.749547947266237,-0.31654486393919407,0.7447930188137921,-1.0605140704343783,0.7069724839817466,0.06166776736437282,-0.8930977407823394,-1.9018522146611827,0.7320239042180472,-0.3081023900506314,-0.18192114710853058,0.22783782761585092,-0.1761644974474577,-0.11407085113498545,-3.7008710693305695,-1.1098204215382006,-0.07708883929755048,0.8574020046614214,-2.637459776946036,1.3791680826261834,-0.03492570800200681,,-0.30792098205432405,-0.30379506733426515,0.3086693297387289,1.8199685949763111,-0.23581076897759604,,0.004307276356582939,0.05711151091300139,0.06293716072304763,0.5447235828590822,0.6817022952656628,-0.08449588211006476,0.10775058594531123,-0.004209385431265947,0.1440124495092732,1.610669188704171,-0.3626507823753577,-0.09938799855279619,0.04930037542270827,-0.1342339472220414,-0.29823699268813436,,,
HSM7J4LP,H4039,CD,1,,,,,3.7448005274683345,1.2433703248296575,1.6360566255346827,0.6973975950786845,0.9546366931585558,2.159986116563922,4.737043342913496,-0.18642206685322857,9.132981827050267,4.510456307160526,1.4577230566193147,-0.045063117456511696,-0.31775760943661413,-0.1462064739465535,6.137058283553101,-0.3461462799823559,-4.861260537669955,0.29721604280549546,3.9450480055363526,,,,,,,,,,,,,0.059534212794415044,-0.08030902519860461,-0.18469106377590472,-0.31889080756317134,0.13384460918467322,-0.03439479610380663,,,,,,,,-0.11241482424008134,-0.08087019820137026
HSM7J4M4,H4019,UC,1,,,,,1.851739698586413,0.958570426098077,1.7641685960152258,-0.7301983385095356,0.9541964709024215,-1.6778021160236476,-2.91038921962798,-0.03303271598851132,-3.291108090694874,0.1665141156168346,1.8251491583876842,-3.5388720356639936,1.4884473731753536,-0.11407085113498545,-1.6746789947789342,-0.1882109439242917,1.7806720211539016,-0.4248828400237471,0.9247949957981001,0.47423428444202204,-0.03492570800200681,,-0.06977615345935091,-0.39867114611114146,0.07560302623362697,-0.33271030067098617,-0.23581076897759604,,1.4893895774062136,-0.208150375760826,0.06293716072304763,,,,,,,,,,,,,,,
HSM7J4M6,H4019,UC,1,,,,,,,,,,-1.235681281994509,-0.8682550181429853,-0.3472258496335737,-1.6474663595840828,0.06013531511585022,-0.6664961372757786,-0.825065391085134,0.5768574447987004,-0.11407085113498545,-0.5503370616946421,-0.2429394098778368,0.7406053511488808,-0.4885732018937442,-0.3554780493158535,,,,,,,,,,,,,,,,,,,,,,,,,,,
HSM7J4M8,H4019,UC,1,,,,,,,,,,-1.8912566375241524,-3.159588986535855,-0.23673921049641913,-4.185049488305445,-0.14132705083522218,1.4359915789364242,-2.719944664237079,0.0077229620810804955,-0.11407085113498545,-2.8793668076846073,-0.3363939264701503,0.9951672276558423,-0.2577630445983898,-0.3829275340637512,,,,,,,,,,,,,-0.21766086321470454,-0.4269100799189286,-0.2327454228519667,-0.6082526182880391,-0.39288312687900623,-0.3605979217124565,-0.22456625364990646,0.8313739084828397,-0.09938799855279619,0.024783661464342556,-0.1342339472220414,-1.1545949752233573,,-0.10717564228878608,-0.2827555319168428
HSM7J4MA,H4019,UC,1,,,,,,,,,,-0.9487269561848789,-1.8365641800554868,-0.22355247996232752,-2.5685609655078983,-0.14018798593748064,0.9278583387419511,-2.000110886623549,-0.4500087986991978,-0.11407085113498545,-0.5328175864919279,-0.3363939264701503,1.1116223943592027,-0.6575704914970723,-0.05871479989508455,,,,,,,,,,,,,0.3418548886611871,0.596534985659379,-0.2327454228519667,-0.5259866912851706,-0.5360939427321033,-0.47779288014236654,-0.262699055274755,0.07011420964526652,-0.09938799855279619,1.19386572173781,-0.1342339472220414,-0.29823699268813436,,-0.10717564228878608,-0.49681283519196545
HSM7J4MC,H4019,UC,1,,,,,,,,,,-1.0809593320794195,-1.9944134063201853,-0.2896823480321923,-2.866702811195234,0.025812130983995405,0.07100532735190082,-2.5745217294815257,-0.6735341832569264,-0.11407085113498545,-1.5337109992263565,-0.3107936366228209,0.32142612923411834,0.23085103997197742,0.07537232640295419,,,,,,,,,,,,,-0.6414472678395571,-0.03009640444598195,-0.2327454228519667,-0.4187072135938806,-0.5256852424956211,1.2653795856270107,-0.059024360526131275,-0.24800669040632325,-0.09938799855279619,0.4419404213589966,-0.1342339472220414,-0.809105096121485,,-0.10717564228878608,1.3477497868196826
HSM7J4ME,H4019,UC,1,,,,,0.9501902303710071,0.8529800505721917,1.1022711450380744,-0.7370570943950203,1.392749569576018,-1.2883180185352339,-3.001146782762358,-0.3170425212173555,-2.787179468125613,0.016985071706994568,0.29936460855484803,-2.7552423765750538,-1.8988197959097206,-0.11407085113498545,-2.261991055312401,-0.309404451450795,0.37620965450188487,-0.5491157572065002,0.37312136496971593,-1.1709106909345213,-1.281676655888414,,-0.9776903909254165,-0.04271795743036291,0.07560302623362697,-1.0844760019249977,-0.19984601732941035,,-1.5513230141320282,-0.1215893685614067,-2.5302908446772463,0.6174866573332919,0.3112116208811397,-0.2327454228519667,-0.8486410855304735,-1.021005229430933,0.2884903922677689,0.3986780126823821,0.25697854604453546,-0.09938799855279619,0.7678834957120905,-0.1342339472220414,-0.29823699268813436,,,
HSM7J4MK,H4031,CD,1,,,,,-0.9333257559578376,0.269263387379151,-0.8171388916169643,-0.6086374924471267,-0.1187358041681747,-1.2661712886305347,-0.9733233555299908,1.3572419854204332,-1.4516785506711214,-1.8123318209854906,-0.2132178869844985,-0.10011009268023467,-0.9770454705398837,-0.13833516500220164,-0.7662824803868612,-0.28869336608967483,-0.24543379828385498,-0.10654076293350533,-0.188821486658974,-0.8534466601993976,-1.8961420250071814,-0.08602647872386804,0.37881448540061224,-0.33757919827107086,0.012623600559267523,-1.054449985442943,-0.6597085403216271,-0.08602647872386804,-0.1507971664076228,-0.3602745259270755,0.15804200816145356,-0.1277604926051147,0.9312018922664531,-0.24634640826316948,0.7280018390914363,-0.5925097113324673,-0.2344172371574732,-0.5152551225226928,0.14092697962341702,-0.09434468921296807,-0.5817728658812185,-0.13571057116566926,-0.23301540043091898,,-0.08939284250604397,-0.4992478228048367
HSM7J4MS,H4032,CD,1,,,,,1.2028609224565256,-0.999805082135508,-0.14346607417683319,0.7666428976982526,0.4878013341421894,0.28752489011474597,0.7051367241812708,-0.14361159002301524,1.3214838141375238,1.3879925897483987,-0.6473183410188313,0.00986765272496575,-0.06719057838553741,-0.10843274156073193,1.0507484368103615,-0.21326325113431455,-0.22870922684042236,0.05737344089142124,0.10865653073276095,,,,,,,,,,,,,0.11142161910360099,0.061768240046913093,-0.1492655261599935,0.05910961628267407,0.16740577935534942,0.20070717813751884,-0.3734303523059605,0.5060978488408651,,-0.2964792716700382,-0.07939061616942635,0.38739134749742654,,-0.062149905905642094,-0.4658333443052665
HSM7J4MW,H4032,CD,1,,,,,,,,,,0.11883325062287863,0.3133310672737945,-0.33676094798977596,0.36834211832035185,0.46023389290213335,-0.21904522253208367,-0.1712740078207451,-0.2804340321808903,-0.10843274156073193,0.3647131983514689,-0.21326325113431455,-0.23525190211627933,0.44506745840127826,0.0008175904321498011,,,,,,,,,,,,,,,,,,,,,,,,,,,
HSM7J4MY,H4028,CD,1,,,,,-1.4252074965729988,0.03477945255944467,0.382655219384829,0.8591828984541064,1.286600715213744,0.3264127413618332,0.25422997392833346,-0.4806349611535165,0.5260063561048746,1.0094171659952356,-0.2705702704273473,0.15252676575412566,-0.46695067446411626,-0.10843274156073193,-0.10217200300615312,-0.16429354891460837,-0.16423057367331104,-0.015053843891822391,-0.2134040228980659,,,,,,,,,,,,,0.36276695125276753,0.9829166315158601,-0.1841434975068624,0.10109217591748323,0.5255649060781201,0.016385140808082035,0.12402706497571103,0.5534016180457033,,0.3402655269496505,-0.07939061616942635,-0.2813350374326855,,-0.062149905905642094,-0.2856392190323241
HSM7J4N4,H4028,CD,1,,,,,-0.9681843460027891,-1.086839143429263,-0.1778078216196345,0.3578836173245098,0.8439625277719209,0.12969687985780637,0.28919142756425803,-0.16431183556778747,0.0952004818838902,0.816318104423625,-0.33948976168475453,-0.2545241929575868,-1.017322808540075,-0.10843274156073193,-0.8284488434689846,0.0027967595017466835,-0.5885382156543942,-0.5706188128735226,-0.22660997070449926,-1.730305613458533,-0.22967101184415356,-0.07284643967679481,-0.29787253325050084,0.23469875366618506,0.09560573483367543,0.8355168272223394,-0.3377928645099569,-0.07284643967679481,-1.486229998535813,-0.9902883143654521,-1.3977185137137698,-0.35748127570098287,-0.562645644703365,-0.13147132708074546,-0.410712596186205,-0.4018571094714212,-0.4403272935788945,-0.23255314042775335,-0.20477452890289335,,-0.39695369461655533,-0.07939061616942635,-0.2813350374326855,,-0.062149905905642094,-0.38874538794385055
HSM7J4N6,H4028,CD,1,,,,,,,,,,-0.11532730974115053,-0.35885842378641103,-0.27030264618366634,0.09982275838617431,-0.1741550102787217,-0.2799844321886433,0.1680457301096847,-0.4972466883475775,-0.10843274156073193,-0.641576659278837,-0.12419609864518454,-0.1407137758977558,-0.001588495172055597,-0.22860622586701476,,,,,,,,,,,,,0.18966193405897427,-0.9180328199214354,20.66136424180315,-0.28996853209947226,-0.5233230310708639,0.010031818238887524,0.34369526587251004,-0.2853839796606485,,-0.8574237803677025,-0.07939061616942635,-0.2813350374326855,,-0.062149905905642094,-0.17811855538689209
HSM7J4N8,H4028,CD,1,,,,,,,,,,-0.07339966308093737,-0.39296719848973716,-0.30110784404791735,-0.19405102645435432,-0.13879187976295992,-0.340506296452752,0.06707548734479056,-0.40089919805851076,-0.10843274156073193,-0.2643242024847439,0.05777805536817268,-0.17439959108560446,-0.0788379916390906,-0.2264886735954339,,,,,,,,,,,,,,,,,,,,,,,,,,,
HSM7J4NA,H4028,CD,1,,,,,-1.7218273311765107,-1.335774691118279,-1.0653817473400902,-0.7100345383476233,0.5016756450029597,0.15478819174182995,0.06821792053725456,0.09293090311559488,0.027334897982006483,0.48014109132776434,-0.29538468331573736,-0.06980044438171587,-0.33979681634629755,-0.10843274156073193,-0.4764610193425801,0.13513858764665998,-0.06047846149113239,-0.09387772836972218,-0.1496499554060902,0.07661560513954827,-0.22967101184415356,-0.07284643967679481,-0.5701633353160783,0.3104887903201873,0.09560573483367543,-1.5245722071733674,-0.3377928645099569,-0.07284643967679481,-0.22075334806730054,-0.40825669297309747,0.030391478799598647,,,,,,,,,,,,,,,
HSM7J4NC,H4027,UC,1,,,,,,,,,,0.6609795765770439,1.1610965096455872,-0.2067687050020978,1.2786739478661835,0.8258070202740891,-0.3334620332493318,0.2555423591323361,0.09083125516446112,-0.1462064739465535,0.10859228057923893,-0.3461462799823559,-0.35432032474260416,0.3555410493567735,0.3109972473737527,,,,,,,,,,,,,,,,,,,,,,,,,,,
HSM7J4NE,H4027,UC,1,,,,,-0.5606695107881786,-0.5436002196476475,0.7620565313426237,-0.7778536199942521,0.27948922355745687,-0.02524493711734447,0.03620564825693534,-0.1909377088577827,0.08882945368770356,-0.08813004663359043,-0.29244355391421395,-0.2441224891051418,-0.0035955558726491195,-0.1462064739465535,-0.2995116112031847,-0.3461462799823559,-0.3500393519038062,0.5568637037017176,0.2862742993373526,1.4934991075039277,0.08761395366722986,-0.08813052984784635,0.31153650594597265,-0.2789116589406932,0.15455173581269654,1.288572426798961,-0.3599320260332242,-0.08813052984784635,0.7327329730051353,0.13829301091924023,0.07869356735747605,-0.016071693405844717,-0.7839403767786111,-1.9914365881108462,-0.06387158113158434,0.4586929139080799,0.10809439624405905,-0.5770284527586925,-0.569843960905052,-0.10429053397097302,-0.9556533141763449,-0.18010567816992895,-0.33431691792771256,,-0.11241482424008134,0.4751743533280375
HSM7J4NM,H4027,UC,1,,,,,,,,,,0.4857969146053784,0.6977833828104328,-0.3014517615053296,0.5399649701211756,0.421878664521339,-0.2838128128962339,-0.2174920908386787,0.5456622845727321,-0.1462064739465535,-0.3648763226426598,-0.3461462799823559,-0.34790537496463103,0.18974275240530314,0.2611109941287856,,,,,,,,,,,,,,,,,,,,,,,,,,,
HSM7J4NO,H4040,UC,1,,,,,,,,,,0.14703534324421422,0.4618389162386871,-0.39243358697040825,-0.11764052484380903,0.3349877631278118,-0.3117416867473547,0.2594755119812446,-0.07444531873399583,-0.13833516500220164,-0.042993665039242276,-0.2710074460753201,-0.23060489405172638,-0.4681156927085216,-0.1562469500981854,,,,,,,,,,,,,-0.1670917532020464,0.07829919016639754,-0.18610874837598557,0.08908261730174433,0.5855904466564743,0.47782730573330917,-0.10794112220495601,0.21460355240068194,-0.09434468921296807,-0.16734890590308724,-0.13571057116566926,0.7622011442550766,,-0.08939284250604397,0.6447320146705304
HSM7J4NS,H4040,UC,1,,,,,,,,,,-0.038200191513899764,0.2590048367150424,-0.04332760502874451,-0.32907279532164024,-0.6014275153096553,-0.2452963111656468,0.11418487478396999,-0.26515491973875244,-0.13833516500220164,0.12918987883066907,-0.31025223090772175,-0.24750700142457613,-1.6975314614227364,0.8650717701064689,,,,,,,,,,,,,-0.2075961484401445,-0.19208707234287442,-0.24634640826316948,-0.25719853386581876,0.447547795056135,1.1192932430921145,-0.039729398023932466,-0.40934021891771183,-0.09434468921296807,-0.5161158498363486,-0.13571057116566926,0.4643748355622083,,-0.08939284250604397,0.46738136599558555
HSM7J4NU,H4040,UC,1,,,,,-0.7156891922868258,-0.7504632482273115,-1.0039287920953617,-0.32794696024579106,-0.597603730537361,-0.12274516804667844,0.08483445649949076,-0.27375568959256774,-0.4393427192719315,-0.5030275360442985,-0.2594470007981737,0.13957009419001642,-0.12208487987173965,-0.13833516500220164,-0.12850634878578038,-0.2838581272193978,-0.3120240930924026,-0.6987739729525871,0.7181409791430958,,,,,,,,,,,,,-0.34963546183534083,-0.8566449802794313,-0.24634640826316948,-0.24687438511294274,0.8506844598768116,1.8141451568050417,-0.2015665156684102,-1.3166212010542846,-0.09434468921296807,0.15088885176338376,-0.13571057116566926,1.8009245904081927,,-0.08939284250604397,0.24759481210825166
HSM7J4NY,H4024,nonIBD,0,,,,,,,,,,-0.5366938727907195,-0.06208876862653773,-0.21131581307609712,0.24052989010518766,-0.23264547330154667,-0.3313874898246444,-0.042868276218234684,-1.1375340269410081,-0.1462064739465535,-0.6952603389184835,-0.3461462799823559,-0.35411153665150563,0.6616070024188081,-0.46342652417532415,,,,,,,,,,,,,-0.02304410105169218,0.01527116989327582,-0.18469106377590472,-0.24862296709478873,-0.26917845398461954,-0.46016340322862825,-0.16521261693093456,-0.23051026563918459,-0.10429053397097302,-0.12901871733942408,-0.18010567816992895,-0.33431691792771256,,-0.11241482424008134,-0.3068627424341749
HSM7J4O1,H4024,nonIBD,0,,,,,0.48361834949889637,-0.8009671104844819,-1.3532598519302574,-0.6929824004920467,-0.1415724988715416,-0.9473943041333102,-0.23736881845228044,-0.30344719923566876,-0.21017028369967303,-0.5892317281326462,-0.3429694821257136,-0.47882590777942863,0.23121363348030938,-0.1462064739465535,-0.45504681780323464,-0.3461462799823559,-0.3514250296328944,0.24149805398075022,-0.41537039170977275,0.5730708143224776,0.023066087149926286,-0.08813052984784635,1.0958197911546583,1.4881225256233725,0.15455173581269654,-0.18446448733076007,0.4169625077585363,-0.08813052984784635,-8.496506008871194,0.5936824482329021,0.07869356735747605,,,,,,,,,,,,,,,
HSM7J4O3,H4024,nonIBD,0,,,,,0.47761618288855057,-1.2970380834063537,-1.3555554802418135,-0.005916689533401818,-0.8280683161032703,-0.6909808090451296,0.09090221266978266,-0.3864308701943251,0.41248514556363414,-0.8846914888054135,-0.37098032877396375,-0.07246467216401105,-0.9261804190414598,-1.2454523798449244,-0.06610489773840637,-0.3461462799823559,-0.3530746293945901,0.22848825451788124,-0.48481608083870387,0.43647745587038356,0.08761395366722986,-0.08813052984784635,-0.3835011515144245,-0.09984812251060363,0.15455173581269654,-0.6208175347079791,-0.3599320260332242,-0.08813052984784635,-0.03510391416842733,-0.30348114013940736,0.07869356735747605,0.04177396052332481,0.3749031969029351,-0.18469106377590472,-0.18671663944490732,-0.7516148641733719,-0.5388255985700141,-0.3095884025622576,0.1134851161838758,-0.10429053397097302,-0.7901349022879349,-0.18010567816992895,-0.33431691792771256,,-0.11241482424008134,0.41890465993115883
HSM7J4O5,H4024,nonIBD,0,,,,,,,,,,-0.22505064100684477,-0.051568968083668516,-0.2944768036327611,0.28042402321774,-0.11451123846777211,-0.2891539621185132,-0.32902146938434723,0.09734876916690713,-1.3255661886133376,-0.08237471755735994,-0.33184352253571553,-0.3224691297059889,-0.019335709499021116,-0.35240649954728187,,,,,,,,,,,,,,,,,,,,,,,,,,,
HSM7J4O7,H4024,nonIBD,0,,,,,,,,,,-0.5901706918113057,-0.4785560335605031,-0.09296895020721445,0.15433858580460177,-0.8185873565886722,-0.2973928505809812,-0.2637057007569913,-0.3789219439720486,-0.1462064739465535,0.17084922269305725,-0.3461462799823559,-0.34656868153999765,0.6191830409531398,-0.4244385599639819,,,,,,,,,,,,,,,,,,,,,,,,,,,
HSM7J4O9,H4024,nonIBD,0,,,,,,,,,,-0.3414686745540194,-0.34977425388795985,-0.27590713355765284,0.08328984292272787,-0.4286966963017808,-0.30504399813898103,-0.3498702906621031,-0.6202244349002464,-0.1462064739465535,-0.17426240114663402,-0.3461462799823559,-0.34954514097649925,0.30772800305294673,-0.4415841473160532,,,,,,,,,,,,,-0.14543013451695921,-0.28560610538178827,0.06699787785763908,-0.12025497117538135,-0.21572974386961574,-0.4361516823092069,-0.26993468341531496,-0.16187904627024116,-0.10429053397097302,-0.1537363951080965,-0.18010567816992895,-0.33431691792771256,,-0.11241482424008134,1.5078588589091957
HSM7J4OB,H4031,CD,1,,,,,,,,,,-0.5586749849940048,-0.5626238864834938,-0.502721439298583,-0.9309258845436041,-0.3492538220981376,-0.26945753705773895,0.24083108014786814,-0.0530661122424614,-0.13833516500220164,0.17197139913597206,-0.31326064432997147,-0.24772781428403984,0.07115180205522288,-0.20666793016445334,,,,,,,,,,,,,,,,,,,,,,,,,,,
HSM7J4OE,H4031,CD,1,,,,,-0.9107258399722764,0.06216893690568662,-1.2340852986437914,-0.7675474700349242,-0.5609294424847469,-0.950294457406386,-0.617068814084297,1.2971272169403485,-1.0539189076523583,-0.584305375481752,-0.29646959296244335,-0.12913432654039605,-0.5474288975917172,-0.13833516500220164,0.022052574660028804,-0.3206853541700213,-0.24865909437580336,-0.11798126926933854,-0.2941955162211354,-1.248171232164236,-0.6163359032549541,-0.08602647872386804,-0.09397706471979429,-0.1632494037774879,0.012623600559267523,-0.8952492392975852,-1.2223189004899477,-0.08602647872386804,-0.003785144566052623,-0.47040962213410037,0.15804200816145356,-0.5736709355009982,0.8204870220141761,-0.24634640826316948,2.24069583707563,-0.24065227797813832,-0.24981634386828214,-0.4743825909077725,0.19255330863946227,-0.09434468921296807,-0.40014588838200343,-0.13571057116566926,-0.23301540043091898,,-0.08939284250604397,-0.4388829087830973
HSM7J4OL,H4031,CD,1,,,,,,,,,,-1.2255509825909503,-0.7890055555538555,0.45807311251724186,-1.1168747578105993,-0.04223332312652405,-0.29646959296244335,-0.053332605894294255,-0.19313941265507048,-0.13833516500220164,0.07437820546382708,-0.3206853541700213,-0.24865909437580336,-0.1008834801738387,-0.28243874760463844,,,,,,,,,,,,,,,,,,,,,,,,,,,
HSM7J4ON,H4030,CD,1,,,,,,,,,,0.8918537692407631,0.6895483486849171,-0.18613185529976833,0.9918313672619438,-0.35013515760481007,-0.414959517566601,-0.031503037314602814,1.4097543937563661,-0.1462064739465535,-0.6924007582223493,-0.2721562113217455,-0.339618238174127,-0.387758032985528,-0.4570252609181452,,,,,,,,,,,,,,,,,,,,,,,,,,,
HSM7J4OP,H4030,CD,1,,,,,,,,,,1.1928177967840108,0.7046484738456376,-0.12009393661252718,1.1809240126972587,-0.052633511775172157,-0.40226825368999,0.5776851917651041,1.3556030493060933,-0.1462064739465535,-0.1344238952439407,-0.28574827417695636,-0.33550886848227024,0.6883536045696024,-0.4759767193886851,,,,,,,,,,,,,-0.08688440099262303,-0.1453642071590072,-0.18469106377590472,-0.08875734187956043,-0.11257641574620739,-0.37494734380789974,-0.23743052551433103,-0.024311573720522516,-0.10429053397097302,-0.40988809892279254,-0.18010567816992895,-0.33431691792771256,,,
HSM7J4OT,H4030,CD,1,,,,,2.2205021537708185,0.9913422150120359,1.19638243409999,0.5588655739670243,0.7435268742665264,0.38969087377885114,-0.32879224319683353,0.1301667364649964,0.10206860400053255,4.020160857567968,8.721348844408858,3.784362016156218,0.879044660805193,-0.1462064739465535,-1.2404706224368716,-0.3461462799823559,12.009060061429482,0.39083914872774206,3.6403948378716566,,,,,,,,,,,,,0.6758633958679132,0.18686453536515804,-0.18469106377590472,4.138267255869619,2.0712152886916426,10.373805716722151,-0.2788778238835661,0.030743338726977952,-0.10429053397097302,0.03828789695913802,-0.18010567816992895,0.7943460088541434,,-0.11241482424008134,-0.5486304909385282
HSM7J4OV,H4030,CD,1,,,,,,,,,,1.343515664518552,0.7562909049712452,-0.18642206685322857,0.5702379457575284,0.6493486962409278,1.458730746390324,3.9075134754499956,1.857646548255552,-0.1462064739465535,1.5388126310394181,0.36515834312334194,1.9695758267132542,0.6126160140017987,1.5360836077863576,,,,,,,,,,,,,,,,,,,,,,,,,,,
HSM7J4OX,H4030,CD,1,,,,,,,,,,0.9333452922512491,0.5120049399353053,0.1391291236635392,0.32417651231041894,-0.47884374156754245,0.194436570130992,1.3756426927493806,1.391895417746713,-0.1462064739465535,0.7101036931493319,0.13662508587467925,0.27364691147161274,0.8021417159014849,0.5559349964557425,,,,,,,,,,,,,,,,,,,,,,,,,,,
HSM7J4OZ,H4032,CD,1,,,,,-0.042092416324187865,0.6731456503841643,-0.1406973218713459,-0.31120269241669335,-1.2338592300691695,-0.18404456253587254,-0.34145899208608094,-0.2848459731057943,-0.47904036917695697,0.31899729664803583,-0.16332885685233411,-0.10562373576951437,-1.1418807951485679,-0.10843274156073193,-0.7594399345044216,-0.21326325113431455,-0.12458695561122057,0.1855365606231217,-0.11143705880981045,0.4236771907269892,-0.22967101184415356,-0.07284643967679481,0.12918083893826526,0.007067997292936419,0.09560573483367543,0.5740550325348546,-0.3377928645099569,-0.07284643967679481,2.197053520425614,0.9943340913719416,0.030391478799598647,-0.6234201923514188,-1.3125561327058117,-0.1841434975068624,0.30429921112786,0.09426105520215233,-0.26012711875201316,-0.8767523270860157,-0.7216259257643504,,-0.356018669872496,-0.07939061616942635,-0.04145945987334313,,,
HSM7J4P2,H4032,CD,1,,,,,,,,,,0.2110296513144036,0.58761317445693,0.22209471511111115,0.6440471723979282,0.349059526821013,-0.1717774924830931,0.06097805384344649,-1.1861229897909902,-0.10843274156073193,0.17403505640775313,-0.21326325113431455,-0.21514538389978172,0.3435165733158443,0.05218669917301902,,,,,,,,,,,,,,,,,,,,,,,,,,,
HSM7J4PA,H4031,CD,1,,,,,,,,,,-1.0369283002779157,-0.6227556873377553,-1.3801771013963027,-1.4907420190622138,-0.6996514552431558,-0.3111020002993406,-0.07248766778735054,-0.8453087053402402,-0.13833516500220164,-0.23972162059850557,-0.3206853541700213,-0.24964749992290672,-0.24718793391169577,-0.1539579406512428,,,,,,,,,,,,,,,,,,,,,,,,,,,
HSM7J4PC,H4019,UC,1,,,,,,,,,,-1.1633205375338285,-2.1261788267638995,-0.12100526583893376,-1.527873117366349,-0.08284818293683834,-0.159752554506349,-1.5316359850497434,0.14828107495589746,-0.11407085113498545,-1.7490853802867146,-0.303149517984185,0.1033904596179823,-0.13566914040631245,-0.4749274441265106,,,,,,,,,,,,,,,,,,,,,,,,,,,
HSM7J4PE,H4019,UC,1,,,,,0.694548895704329,-0.7498685218875623,0.7780006720360146,0.36557102853392365,1.2784974471586503,-1.0574049328858877,-1.454314002344603,-0.21191513313266663,-1.5335669506906036,-0.31830877372328104,-0.34463873958133745,-0.27463706111459346,-0.8458732240821978,-0.11407085113498545,-0.26800374047675474,-0.26150880100396506,-0.08122194279853986,-0.5853243781442915,-0.3510441245991107,,,,,,,,,,,,,,,,,,,,,,,,,,,
HSM7J4PG,H4019,UC,1,,,,,,,,,,-0.537859088911011,-1.134236703374433,-0.2645559508099363,-1.4343800794882418,-0.030499590185949353,0.8350109545775032,-1.9961570154214445,0.08380723968522254,-0.11407085113498545,0.3313914932791116,-0.3255544819210071,0.7968287045029365,-0.3087666006271261,0.3921768864421574,-1.4452921276652788,0.4610215696048892,,-0.20356176875780368,-0.5318765772753631,0.07560302623362697,-1.5586238569759197,-0.23581076897759604,,0.004307276356582939,-0.7212231175398577,0.06293716072304763,,,,,,,,,,,,,,,
HSM7J4PI,H4019,UC,1,,,,,,,,,,-0.28182774820643813,-1.669487725163493,0.17119530874357586,-1.579865564242789,0.05385198539942064,0.7779768231747695,-0.5947558506819194,0.29813923698065253,-0.11407085113498545,-1.4270774590853732,-0.2837130714425042,1.0077646237978053,-0.5011327723793239,0.058242265317334285,,,,,,,,,,,,,0.33029343754323603,-0.011172487833455216,-0.2327454228519667,-1.404150259929905,-1.877558970283256,0.04724229305559862,0.2526505208679732,-0.11293144086118524,-0.09938799855279619,0.1304485993574673,-0.1342339472220414,-0.46374628847634486,,-0.10717564228878608,0.4648045871092818
HSM7J4PK,H4019,UC,1,,,,,,,,,,-4.7229919043275475,-2.356250967552443,-0.2962304668061581,-1.52169425835297,-0.4899096355134031,-0.30826693179199943,-0.07481292181579761,-0.2676367211125193,-0.11407085113498545,-0.22700955899487382,-0.3363939264701503,-0.2747716546767476,-0.6194744110398724,-0.47867757586703513,,,,,,,,,,,,,0.10652818101961631,-0.21899044225003994,-0.2327454228519667,-0.3477211161734138,-0.4956004591789963,-0.4575671068440312,,,,,,,,,
HSM7J4PM,H4019,UC,1,,,,,,,,,,0.09989456401643021,-1.1957719172622534,-0.2574859647566486,-1.3462995957972557,0.46384890513429694,1.864836676228729,-0.7218762146569555,0.3469208783183706,-0.11407085113498545,-0.7117277845655945,-0.3001828486162478,1.4863973407195432,-0.49725372013078595,0.2514025579270283,,,,,,,,,,,,,1.0547682175978694,-0.0948718453918599,-0.2327454228519667,-1.2579586972366592,-1.807226175972252,0.05509386360400903,0.5542873482321118,-0.12205937735514466,-0.09938799855279619,1.9055784941273535,-0.1342339472220414,-0.29823699268813436,,-0.10717564228878608,-0.38319203350643327
HSM7J4PO,H4020,CD,1,,,,,,,,,,-0.2558848455821448,0.3453430072970059,-0.5435038798979491,-0.31081359223076255,-0.3152527071300272,-0.33349845544790213,-0.8361685736539369,0.4679726076060434,-0.1462064739465535,-0.35258247203465076,-0.3461462799823559,-0.35459515987638507,0.206487835775668,-0.04970100713325711,,,,,,,,,,,,,-0.27991889274924564,-0.23705961095763056,-0.18469106377590472,-0.18141228051933392,-0.05450037710199717,-0.5161839512526071,-0.39377596989777897,0.09026593997657492,-0.10429053397097302,-0.15394892312033417,-0.18010567816992895,-0.33431691792771256,,-0.11241482424008134,-0.329548475340067
HSM7J4PQ,H4020,CD,1,,,,,,,,,,0.2245087394150127,0.6673094117001265,-0.12773822679368313,0.3489947751408077,0.3548487243369315,-0.3366328924325087,-0.22888064579323086,1.0802968345469333,-0.1462064739465535,0.5176674258490327,-0.3461462799823559,-0.3518834562979274,0.21526537738104937,-0.28700006214895657,,,,,,,,,,,,,0.08014172684951552,0.21142498225335474,0.3854020951585518,0.4896966468532321,0.45261222140110946,-0.3001237247704326,-0.3761099694942825,0.6926144876533505,-0.10429053397097302,0.2720462425639626,-0.18010567816992895,-0.33431691792771256,,-0.11241482424008134,-0.43028528392032495
HSM7J4PS,H4020,CD,1,,,,,,,,,,0.5083752370620693,0.7087588323299459,-0.05906510632437143,0.5539402137596242,0.8212056367314121,-0.3334620332493318,-0.027418344843386552,0.711706987594476,-0.1462064739465535,0.3380441271418759,-0.3461462799823559,-0.35432032474260416,-0.15195743762916716,-0.349875088489852,,,,,,,,,,,,,-0.23165330885979676,-0.19656400949809252,-0.8522107145644595,0.6411047888818902,0.5415857591953428,-0.21354496822621982,-0.5262496867721913,0.5315190149390691,-0.10429053397097302,-0.2719246601112714,-0.18010567816992895,-0.33431691792771256,,-0.11241482424008134,-0.0024024502620505024
HSM7J4PU,H4020,CD,1,,,,,,,,,,-0.06846971422850187,0.7269280879257064,-0.1736263257646129,0.3820839889277038,0.6189403912265635,-0.3334620332493318,0.10084449700409735,0.4992987738606269,-0.1462064739465535,0.28734451624931984,-0.3461462799823559,-0.35432032474260416,0.13607075511921776,-0.39105177359186255,,,,,,,,,,,,,,,,,,,,,,,,,,,
HSM7J4PW,H4020,CD,1,,,,,-0.9514625908076149,-0.01840072381285865,0.748950593699092,-0.4282373751187643,0.018497157224368142,0.13215009252661125,0.5354845644719317,-0.16266167220262723,0.23008137519405447,-0.02150731006581966,-0.23598774682794038,-0.3784018735882555,-0.19153040228498597,-0.1462064739465535,0.0036457592699286907,-0.3461462799823559,-0.31327919438680507,-0.45295947054964675,-0.2573588204079112,,,,,,,,,,,,,-0.5133687003179783,-0.21507607453781824,-0.8352672784435156,0.3056768913702824,0.021394088120896805,-0.35196109469156933,-0.27593985976658436,-0.19523912816883246,-0.10429053397097302,-0.6421072017499168,-0.18010567816992895,-0.33431691792771256,,-0.11241482424008134,-0.19857224917306376
HSM7J4PY,H4020,CD,1,,,,,,,,,,0.23062027486430858,0.4357044903495723,0.044243452101168264,0.2433054387947855,0.4721697591949659,-0.3334620332493318,0.007844846868870724,0.648325693639125,-0.1462064739465535,0.2963214552325934,-0.3461462799823559,-0.35432032474260416,-0.2659369597837906,-0.27213975691967485,,,,,,,,,,,,,0.08305991632580231,0.20971379647894456,1.0728441141082474,0.3550205000756249,0.3455420192591333,-0.3024354613231336,-0.21849352562701485,-0.17436496603270726,-0.10429053397097302,-0.07144525189167171,-0.18010567816992895,-0.33431691792771256,,-0.11241482424008134,-1.0191791450631686
HSM7J4Q1,H4032,CD,1,,,,,,,,,,0.12229681043486895,0.11816055488416906,-1.5344705817922366,0.21097344031081877,-0.1268904506405217,-0.002839219061801219,-0.6346101166880421,-0.26030978311083897,-0.10843274156073193,-0.9569919337393552,-0.21326325113431455,-0.06429033941322715,0.15089535013855704,-0.1252708715038125,,,,,,,,,,,,,,,,,,,,,,,,,,,
HSM7J4Q3,H4032,CD,1,,,,,1.0641141606884326,-0.08015393244335652,0.24553288292758405,-0.11800405940555735,-0.18564138051345688,,,,,,,,,,,,,,,,,,,,,,,,,,,,,,,,,,,,,,,,,
HSM7J4Q3_P,H4032,CD,1,,,,,,,,,,0.5415190654048809,0.7333989701047984,-0.09462114755965127,0.5442051019280637,-0.05006644119333616,0.04832583481224643,-0.03793084672827034,0.0747967477066949,-0.10843274156073193,0.2615394797463234,-0.21326325113431455,0.08827875498452417,0.7449401904652173,0.1998886893603778,,,,,,,,,,,,,,,,,,,,,,,,,,,
HSM7J4Q7,H4032,CD,1,,,,,,,,,,0.008197383445210598,-0.2751928627427057,-0.4224662693297358,-0.05766304175985491,-0.39055735577848266,-0.20954974333676757,-0.088192730005911,-0.225739325390933,-0.10843274156073193,-0.9580834359580047,-0.21326325113431455,-0.19473043471776794,-0.49598041740285326,0.06975150356405453,-1.4034231054060824,0.0622269375760021,-0.07284643967679481,-0.274615651427781,-0.255580789284487,0.09560573483367543,-1.500398674078995,-0.3377928645099569,-0.07284643967679481,-0.18950180663358096,-0.3663177804743048,0.030391478799598647,,,,,,,,,,,,,,,
HSM7J4Q9,H4032,CD,1,,,,,,,,,,-0.1637559648400573,0.19024610722350913,-0.6948972225290722,0.9276300773005872,-0.21283625413687715,-0.24856420170430885,0.025121469218987984,-0.21337860882188298,-0.10843274156073193,-0.7218794796517048,-0.21326325113431455,-0.21481765944196018,-0.06875578016670546,0.0016349931982632578,,,,,,,,,,,,,,,,,,,,,,,,,,,
HSM7J4QB,H4015,CD,1,,,,,-0.37011239686512454,1.0801290996215225,1.1727735788935014,-0.29910735128686705,0.4939950835510598,0.10237867347703858,-0.21921891481951802,-0.8717877546535163,-0.023241813726452655,1.3727097373052675,-0.8525442561719313,0.36989113324540107,0.7910024504304083,-0.10843274156073193,-0.2381842080291433,0.23214692985418442,-2.236538980435534,0.21023901306096202,-1.04492315518891,,,,,,,,,,,,,,,,,,,,,,,,,,,
HSM7J4QD,H4015,CD,1,,,,,,,,,,-0.48925229868058273,0.0071552452477678255,7.314857396675268,0.25899200628134567,1.053272074993741,-0.7319271763222763,0.19467214271315927,-0.1151628170038222,-0.10843274156073193,-0.7333975878900582,-0.17644663334502372,-0.8437148116081481,-0.09621147502141215,2.183552848784731,,,,,,,,,,,,,,,,,,,,,,,,,,,
HSM7J4QF,H4015,CD,1,,,,,,,,,,-0.6848461748129141,-0.151746867276068,4.530835139295366,0.011161269482750874,1.0038629090807365,-0.23202719419999351,-0.19526483966414454,0.5768720524641798,0.0978231347191035,-0.516472800500463,-0.21326325113431455,0.3382081932885009,0.07529082754874476,0.2389359795669034,,,,,,,,,,,,,0.8247048627470842,0.14933465768709264,-0.1455288407201471,1.8524569127544264,1.7744421183063503,0.6079426396353151,0.02678513163738635,1.7539033542794218,,-0.47329948055263904,-0.07939061616942635,0.026985139001413413,,-0.062149905905642094,0.6185563966780459
HSM7J4QH,H4015,CD,1,,,,,,,,,,-2.241216054472386,0.05901756612598155,0.5191109996428507,0.19987184858052487,0.9765914401344952,-0.5787618629189647,-1.632964789459853,0.7758590287221825,-0.10843274156073193,-0.29602991148898594,-0.2059453548437417,1.251714607212611,-0.19769390521438546,13.847957952969782,,,,,,,,,,,,,,,,,,,,,,,,,,,
HSM7J4QJ,H4015,CD,1,,,,,0.44174126380685375,1.0435108289008472,0.5142246287133518,-0.8967491600627696,0.24580700069372266,0.5016501823659034,-0.9177261023274028,-0.2848459731057943,-0.5716574943850425,-0.3322081624128654,-0.24856420170430885,3.5875878297674997,-0.16911893186962765,-0.10843274156073193,-0.4383882035068748,-0.21326325113431455,-0.21481765944196018,0.3791262503139922,-0.25009651944085437,1.1093216197700646,-0.22967101184415356,-0.07284643967679481,-0.274615651427781,-0.13140353971100915,0.09560573483367543,0.843321610638048,-0.3377928645099569,-0.07284643967679481,-0.18950180663358096,-0.2946227360106183,0.030391478799598647,0.07053958153837299,-0.08296588360324561,-0.1841434975068624,1.6759232771457675,-0.3443453392199088,-0.34200573430031295,0.3824427934003888,-0.3132249449038535,,-0.17052848173254795,-0.07939061616942635,-0.682199444022037,,-0.062149905905642094,0.9955038676240334
HSM7J4QL,H4015,CD,1,,,,,,,,,,1.0582795171938661,0.28722035058755335,-0.216687704742049,0.20601317402237068,1.2744505057063442,-0.1573703779225717,0.8072621824757009,0.5030422075077595,-0.10843274156073193,-0.22261617935404598,-0.16911465740835824,-0.038888443068910934,0.8936667259604026,0.1365716848902008,,,,,,,,,,,,,,,,,,,,,,,,,,,
HSM7J4QT,H4014,CD,1,,,,,0.255101736525499,0.18590887005685058,0.5706519750556506,-0.4002680190365814,0.1934265913995367,-0.005320724006160015,-0.4702911321123075,0.2963416310875391,-0.3568753376100687,0.16554094392238702,-0.007630973402028886,0.8278317810274832,0.09737428172144681,-0.13833516500220164,-0.24898033282125445,0.17510315178290814,-0.2815521530221061,0.5151570174004543,0.6987452163581481,0.4779955982927954,0.36722556015821756,-0.08602647872386804,0.021726919884986675,-0.22849015715542775,0.012623600559267523,-0.3609749920515163,-0.0970981801533063,-0.08602647872386804,-0.1507971664076228,-0.47040962213410037,0.15804200816145356,0.08684107751676541,-0.3587633100050599,-0.24634640826316948,-0.44578730405364103,-0.07965907557467994,0.019344981798266603,-0.32165842450900745,-0.6773422466485081,-0.09434468921296807,-0.554343958302285,-0.13571057116566926,-0.06926010687258498,,-0.08939284250604397,0.26320841300458875
HSM7J4QZ,H4013,nonIBD,0,,,,,,,,,,-0.2621502660417335,-0.5151074226136121,-0.3936260426949588,-0.5525630440577708,-0.6184006294747448,-0.20215339569021343,-0.30540474978751114,-1.0734659949120107,-0.13833516500220164,-0.31554440404774975,-0.3206853541700213,-0.23311050382967666,0.2234448303462196,-0.09975840034463718,,,,,,,,,,,,,,,,,,,,,,,,,,,
HSM7J4R2,H4013,nonIBD,0,,,,,-0.7391524238773143,-1.6926351702885976,-1.4618123889638726,-0.2736081767464077,-0.6508788473670298,-0.7448599603131809,-0.6882534935503847,-0.42310025691156294,-0.9969828925388017,-0.8971536705039799,-0.2617624000155793,-0.14827938754592743,-0.9127199789000375,-0.13833516500220164,-0.683653377403935,-0.3206853541700213,-0.233055455707321,-0.39459099069482495,-0.008979055191263779,-0.07327485175320227,0.36722556015821756,-0.08602647872386804,-0.09397706471979429,-0.25264421890582733,3.3008092762183843,-0.6139016832445874,-0.0970981801533063,-0.08602647872386804,-0.05804290769507923,1.532918532684837,0.15804200816145356,-0.22754640114127012,-0.23815196577820874,-0.3588564793582003,-0.14947200812443312,-0.033451578062602474,-0.08472360092630976,-0.5332229050770706,-1.2287625312763726,-0.09434468921296807,-0.6155090878282905,-0.13571057116566926,-0.14564991711726263,,-0.08939284250604397,0.25717523024607586
HSM7J4RE,H4022,nonIBD,0,,,,,,,,,,-0.4706705964672926,-0.2289126581743452,-0.2798630378196855,0.10251658218178433,-0.3157209787504782,-0.2817902561252248,-0.36731356758785516,-0.43870831470261923,-0.1113122162579901,-0.26781216720691287,-0.2815382094057705,-0.21967733761371702,-0.21369797046301098,0.7882401023540971,,,,,,,,,,,,,,,,,,,,,,,,,,,
HSM9JBU,H4038,CD,1,,,0.5223614259337485,-0.23693502805276115,,,,,,,,,,,,,,,,,,,,,,,,,,,,,,,,,,,,,,,,,,,,,,
HSM9JBV,H4038,CD,1,,,0.21752853904137928,-0.04295758301252038,,,,,,,,,,,,,,,,,,,,,,,,,,,,,,,,,,,,,,,,,,,,,,
HSM9JBW,H4038,CD,1,,,0.8594975591580803,0.021920512431237407,,,,,,,,,,,,,,,,,,,,,,,,,,,,,,,,,,,,,,,,,,,,,,
HSM9JTBX,H4039,CD,1,,,0.6472907148236601,0.15442358881270013,,,,,,,,,,,,,,,,,,,,,,,,,,,,,,,,,,,,,,,,,,,,,,
HSM9JTBY,H4039,CD,1,,,0.5574685660034621,0.04912999947320925,,,,,,,,,,,,,,,,,,,,,,,,,,,,,,,,,,,,,,,,,,,,,,
HSM9JTBZ,H4039,CD,1,,,-1.9292546469437484,-0.2627404095047755,,,,,,,,,,,,,,,,,,,,,,,,,,,,,,,,,,,,,,,,,,,,,,
HSM9JTC1,H4040,UC,1,,,-1.5804243403333182,0.19994391471297243,,,,,,,,,,,,,,,,,,,,,,,,,,,,,,,,,,,,,,,,,,,,,,
HSM9JTC2,H4040,UC,1,,,0.44608239266986,-0.3064456670615664,,,,,,,,,,,,,,,,,,,,,,,,,,,,,,,,,,,,,,,,,,,,,,
HSM9JTC3,H4040,UC,1,,,0.6466605333548193,0.5421895407742996,,,,,,,,,,,,,,,,,,,,,,,,,,,,,,,,,,,,,,,,,,,,,,
HSM9JTC7,H4042,UC,1,,,0.3233793252087017,-0.8073428232100872,,,,,,,,,,,,,,,,,,,,,,,,,,,,,,,,,,,,,,,,,,,,,,
HSM9JTC8,H4042,UC,1,,,0.9945908361330796,0.08126943140080378,,,,,,,,,,,,,,,,,,,,,,,,,,,,,,,,,,,,,,,,,,,,,,
HSM9UBMN,H4043,CD,1,,,-0.05483842621886232,-0.050516903384721326,,,,,,,,,,,,,,,,,,,,,,,,,,,,,,,,,,,,,,,,,,,,,,
HSM9UBMO,H4043,CD,1,,,0.994918364653928,-0.6313174112507243,,,,,,,,,,,,,,,,,,,,,,,,,,,,,,,,,,,,,,,,,,,,,,
HSM9UBMP,H4043,CD,1,,,0.4585518106400309,-1.3632218544875325,,,,,,,,,,,,,,,,,,,,,,,,,,,,,,,,,,,,,,,,,,,,,,
HSM9UBMQ,H4044,UC,1,,,0.9730513052423799,0.8535344607271623,,,,,,,,,,,,,,,,,,,,,,,,,,,,,,,,,,,,,,,,,,,,,,
HSM9UBMR,H4044,UC,1,,,-0.23698570913753025,0.6651060840947258,,,,,,,,,,,,,,,,,,,,,,,,,,,,,,,,,,,,,,,,,,,,,,
HSM9UBMS,H4045,nonIBD,0,,,-1.188251691675888,0.2142159450015264,,,,,,,,,,,,,,,,,,,,,,,,,,,,,,,,,,,,,,,,,,,,,,
HSM9UBMT,H4045,nonIBD,0,,,0.5044869312223299,-1.8151210889942375,,,,,,,,,,,,,,,,,,,,,,,,,,,,,,,,,,,,,,,,,,,,,,
HSM9UBMU,H4045,nonIBD,0,,,0.629763211934918,-0.7530161343286973,,,,,,,,,,,,,,,,,,,,,,,,,,,,,,,,,,,,,,,,,,,,,,
HSMA33IA,H4044,UC,1,,,,,,,,,,-0.1863622313877146,0.10926277693200835,-0.4012026312466979,-0.3998744691875101,0.04060960020544039,-0.29646959296244335,0.1610432274615404,0.4134857007791892,-0.13833516500220164,-0.10703684228409337,-0.3206853541700213,-0.24865909437580336,0.09241990709693386,-0.4253748209319741,-0.7964937358127117,0.36722556015821756,-0.08602647872386804,-1.3281754234284282,-0.14303921074771797,0.012623600559267523,-1.2014487497171098,-0.0970981801533063,-0.08602647872386804,-0.1507971664076228,-0.7059774862279111,0.15804200816145356,-0.11548293270847994,-0.186675977709826,-0.24634640826316948,-1.8784565276150689,-0.7209550927020848,-0.44230365224748314,-0.40358747301520687,-0.22652567495278475,-0.09434468921296807,0.02793791172746732,-0.13571057116566926,-0.23301540043091898,,-0.08939284250604397,-0.6851838027596642
HSMA33IC,H4044,UC,1,,,,,,,,,,0.22997371663498067,0.16320678712685763,-0.4742542863428043,-0.299452398733591,-0.055330236582210764,-0.21024457478295783,0.9449878517927073,0.10166310503708004,-0.13833516500220164,-0.30432632299084883,-0.3206853541700213,-0.2414670589963854,1.1979520499907073,-0.41286358881653706,,,,,,,,,,,,,-0.10693444476364732,-0.04860713754724113,-0.24634640826316948,-0.6306712431298043,-0.2402359429503176,-0.44230365224748314,-0.44386553378818117,-0.3512313178250629,-0.09434468921296807,-0.12392563907562756,-0.13571057116566926,-0.23301540043091898,,-0.08939284250604397,0.2788529134816783
HSMA33IE,H4043,CD,1,,,,,,,,,,-0.9286127693384364,-0.7312685368470263,-0.39912617177238047,-0.720490472331713,-0.8167671197140959,-0.18522534674560062,0.34899904600074133,-0.23940289471596612,-0.11407085113498545,-0.17558714051349822,-0.2561196298962388,-0.2657274614931415,0.4050318020611211,-0.4739077717401719,,,,,,,,,,,,,-0.5815381010828932,-0.7450384006573874,0.250706423790858,0.05546188313012627,-0.6546202598639669,-0.30366905281238316,-0.31550782649289405,-0.6616045650705492,-0.09938799855279619,-0.17197349486495517,-0.1342339472220414,-0.016955090989385795,,-0.10717564228878608,0.8787010322637121
HSMA33IG,H4043,CD,1,,,,,,,,,,-0.8189601734547479,-0.3883512582110777,-0.16013351273581686,-0.5985986920098223,-0.5225943826886754,-0.30826693179199943,0.023630689135725882,-0.29108248917809015,-0.11407085113498545,0.4098566284062178,-0.3363939264701503,-0.2747716546767476,-0.03809485581256911,-0.49004862248709014,,,,,,,,,,,,,,,,,,,,,,,,,,,
HSMA33IK,H4043,CD,1,,,,,,,,,,-0.5870627312263523,-0.5934013394305628,-0.1467292771864182,-0.14795687747140698,-0.4041709940383942,-0.23552411367269288,0.018828618491990905,-0.007370018309958825,-0.11407085113498545,0.481943352805518,-0.20296860504080708,-0.22883348212095142,0.0930373503934587,-0.42307555836417027,,,,,,,,,,,,,-0.16244807581068837,-0.7942291913216109,-0.2327454228519667,0.26430612564415695,-1.338540359612639,-0.4621978491003355,-0.3410128669437182,0.0198335289749884,-0.09938799855279619,0.3891644680344822,-0.1342339472220414,-0.10752682775090502,,-0.10717564228878608,0.07855699706175784
HSMA33IO,H4042,UC,1,,,,,,,,,,0.49318295075179397,-0.4362361404675599,-0.4091654870259087,0.06957737607721153,-0.4062254381924307,-0.238230911298923,14.892823984742542,-0.20073248867742693,-0.1113122162579901,-0.20212371072885674,-0.29909236633726183,-0.21552070386130867,0.4438668415048679,-0.5640711274913983,,,,,,,,,,,,,,,,,,,,,,,,,,,
HSMA33IS,H4042,UC,1,,,,,,,,,,-5.7539760852655455,1.6176468624281497,0.0025555527134639806,-1.7094975128805925,-0.18887371335851477,0.08291153460696386,-0.6610958630627737,-7.651816826159734,-0.1113122162579901,2.849069964468624,-0.19415364743627014,-0.365815822379204,-0.2705196571386686,-0.33885893364300734,,,,,,,,,,,,,,,,,,,,,,,,,,,
HSMA33IY,H4042,UC,1,,,,,-1.1308060664932482,-0.903476110781741,1.5830403569727443,-0.19749429700789453,1.7914053407326154,,,,,,,,,,,,,,,,,,,,,,,,,,,,,,,,,,,,,,,,,
HSMA33J1_P,H4045,nonIBD,0,,,,,,,,,,-1.684125351561449,-3.090354764278742,-0.48081344405174886,-2.8283566877494097,-0.12027599639153166,-0.3077636898091876,-0.27340713700695823,-1.8887990613118282,-0.11407085113498545,-0.01376403924898284,-0.3176480034394093,-0.27604457949405453,-0.5877322115992674,-0.5206573131873414,,,,,,,,,,,,,,,,,,,,,,,,,,,
HSMA33J3,H4045,nonIBD,0,,,,,,,,,,-1.0610304797398644,-0.8057941895915245,-0.11974255875074433,-0.8755146912851761,-0.4569691035538415,-0.21883832633871655,-1.15874594399072,-0.5121025867767668,-0.11407085113498545,-0.06447958331543124,-0.0480157836367796,-0.22849311486287732,-0.052841933270607544,-0.33831247156316935,,,,,,,,,,,,,-0.43080203375709347,-0.4616120994821143,0.22199513696223883,-0.6802820843152649,-1.4099403584473622,-0.2213001171286034,-0.20246587511894135,-0.14938781036331347,-0.09938799855279619,-0.7303310204076768,-0.1342339472220414,-2.2101400985764372,,-0.10717564228878608,-0.9361092070829756
HSMA33J5,H4045,nonIBD,0,,,,,-0.6664171474859916,-1.4433381917996466,-1.0546435683648627,-0.658395168195297,-0.015904274568604694,-0.5928180645859102,-0.7406845259094343,0.14434014428408692,-0.5848106290254568,-0.3439304737799471,-0.3403474979532401,-0.10825700924657872,-1.213770298018924,-0.11407085113498545,-0.01854059774162065,-0.2799710544248774,-0.23067681429910747,-0.7188306943328853,-0.35950297327091896,,,,,,,,,,,,,0.711742716317772,-0.8485775844953202,-0.2327454228519667,-0.8274702233488778,1.1483939840383122,-0.14661146368687647,-1.1341744286618756,-0.3148496606533551,-0.09938799855279619,1.121595481381516,-0.1342339472220414,-0.29823699268813436,,-0.10717564228878608,-0.2127270713876392
HSMA33J7,H4045,nonIBD,0,,,,,,,,,,-0.6591180195866032,-1.0318282491300488,-0.1484734575595744,-0.4623180491705912,-0.33066507488171665,-0.26868342301164394,-0.4709303323301762,-1.4043465980603043,-0.11407085113498545,0.40567650739782485,-0.19895216692000636,-0.25146001648513416,-0.40203659746031917,-0.39884180588422796,0.6114020632955329,0.0916501702159361,,0.12263423833837248,0.08086403555404693,0.07560302623362697,0.2728819474803691,-0.18442979856489528,,0.004307276356582939,-0.38685125523523406,0.06293716072304763,,,,,,,,,,,,,,,
HSMA33J9,H4045,nonIBD,0,,,,,-1.0061751057603823,-0.23299496708624612,-1.3273847794336893,0.5189098277008706,-0.32364332791286754,-0.4088040345205334,-0.3554016520667126,-0.07334701864711034,-0.7780660459349206,-0.42643896106413126,-0.3425854518220846,-1.0605561763917202,-0.4617050432452473,-0.11407085113498545,-0.13458408439598354,0.29563643315502003,-0.35227851810868405,-0.8904894483441873,-0.1131699853930324,,,,,,,,,,,,,,,,,,,,,,,,,,,
HSMA33JB,H4031,CD,1,,,,,-0.6502458070174363,0.31048847464333296,-1.6044995769856802,0.9598499546091764,0.043799465778351365,-0.6933256352565579,-0.22216009543899728,-0.2589488917120448,-0.6569980537380611,-0.4009306112739678,-0.29646959296244335,-0.12804780925971437,-0.6770049146417213,-0.13833516500220164,-0.23075686492396244,-0.3206853541700213,-0.24865909437580336,0.07412829385759705,-0.1853597340971487,,,,,,,,,,,,,-0.4541070753098833,-0.14812283861566652,-0.40606220755256855,-0.00516594388098188,-0.2923656033370214,0.049951859888061674,-0.37035742647797154,0.2758531830166358,-0.09434468921296807,-0.5431135620143015,-0.13571057116566926,-0.23301540043091898,,-0.08939284250604397,-0.9077695273318314
HSMA33JD,H4031,CD,1,,,,,,,,,,-1.1562045990143124,-0.6306417786454059,0.5348626299695394,-0.5552687680106648,-0.6772474106704505,-0.2719809775880007,0.04152643887682713,-0.2299396961161923,-0.13833516500220164,-0.001443510756779418,-0.3206853541700213,-0.2519190037433104,0.03655139424469408,-0.08869746056729247,,,,,,,,,,,,,-0.15944826910745008,0.6596446553018035,-0.24634640826316948,0.9551208903625692,0.0035882476455045167,-0.10252945606194765,-0.5741223967147133,0.3035011935998605,-0.09434468921296807,-0.4407953985542969,-0.13571057116566926,-0.23301540043091898,,-0.08939284250604397,0.6779480204893242
HSMA33JH,H4031,CD,1,,,,,-0.7018269149474111,0.19072781771714617,-1.6493619149894636,-0.7438362694331553,-1.1655117577820502,,,,,,,,,,,,,,,,,,,,,,,,,,,,,,,,,,,,,,,,,
HSMA33JJ,H4031,CD,1,,,,,,,,,,,,,,,,,,,,,,,,-0.9378100610402774,-1.2247568774236497,-0.08602647872386804,-0.09397706471979429,-0.22849015715542775,0.012623600559267523,-0.6339755251623969,1.491296285930341,-0.08602647872386804,-0.1507971664076228,-0.47040962213410037,0.15804200816145356,,,,,,,,,,,,,,,
HSMA33JN,H4032,CD,1,,,,,,,,,,-0.030526591279067924,0.1340767617282872,-0.08661806448059935,0.176111138350626,-0.18456793788049775,-0.24856420170430885,0.05809388826063969,-0.46556095677096715,-0.10843274156073193,-1.0732144320657766,-0.21326325113431455,-0.21481765944196018,0.25307829399079756,-0.0286501922467337,-0.7502780251744803,0.0622269375760021,-0.07284643967679481,0.23617066012099858,-0.3916670436843115,0.09560573483367543,-0.7610635736776091,-0.3377928645099569,-0.07284643967679481,1.1755315884807853,-0.008326210251715198,0.030391478799598647,,,,,,,,,,,,,,,
HSMA33JP,H4032,CD,1,,,,,-0.7217124244860545,-0.4826799809487437,-0.5028308844052947,-1.003266192459713,-0.7515824943342321,-0.04663442848500482,0.11668209872808401,0.23633745184872995,0.47230402188786896,-0.022510824406957557,-0.2553694039422679,-0.1632713595364936,-0.6698026370076431,-0.10843274156073193,-0.9850802504244567,-0.21326325113431455,-0.21015487270235375,0.18174256738406427,-0.1160285872121964,,,,,,,,,,,,,,,,,,,,,,,,,,,
HSMA33JR,H4032,CD,1,,,,,,,,,,0.05579066724588194,-0.044539772927860585,0.09663976841434951,0.10310998879286921,-0.10344887522136334,-0.18425317117408868,0.20944489798333515,-0.7320409281075019,-0.10843274156073193,-0.7206472884841437,-0.21326325113431455,-0.2150702674064493,0.40195596041489107,-0.05979069681258067,,,,,,,,,,,,,-0.8446307958704637,-0.505302121578119,-0.21218689535119692,0.1413156702167403,-1.2786858106879793,0.32907251934506593,-0.9411895342749191,-0.9342855243258715,,-0.7352149844357474,-0.07939061616942635,2.4255649525971585,,-0.062149905905642094,0.18785005420947853
HSMA33JT,H4032,CD,1,,,,,,,,,,,,,,,,,,,,,,,,-1.240585218099722,-0.22967101184415356,-0.07284643967679481,0.09910855262162128,-0.3513517168060896,0.09560573483367543,-0.6142830065528206,-0.3377928645099569,-0.07284643967679481,-0.18950180663358096,-0.4958961719728875,0.030391478799598647,,,,,,,,,,,,,,,
HSMA33JZ,H4030,CD,1,,,,,,,,,,1.1323660560929711,1.2721681219479875,0.08747384600585587,1.2015685891342052,-0.02960053833068789,0.3758383236433587,0.176168283163454,1.4014189888537245,-0.1462064739465535,-0.3258054761302206,-0.13702475350064583,0.11592829384417437,0.32415143225263615,0.47776383523712923,,,,,,,,,,,,,,,,,,,,,,,,,,,
HSMA33K2,H4030,CD,1,,,,,0.2538592736490285,-0.023441113280898748,0.5587604031573751,1.6032607547570243,0.5409912138168813,,,,,,,,,,,,,,,,,,,,,,,,,,,,,,,,,,,,,,,,,
HSMA33KE,H4038,CD,1,,,,,,,,,,0.185726378668863,0.6724422323045182,-0.15117666123784654,-0.07347397941547933,-0.3857287651161827,-0.2612029188783301,-0.31157374892820533,-0.9859955413599413,2.795284420886696,-0.7501870344516599,-0.3206853541700213,-0.25366555033934335,0.9102451682761769,-0.5310389654127889,,,,,,,,,,,,,1.570358583735433,0.6416181971029085,1.1685669500351472,1.307363552329328,2.213463657840494,-0.10914282425906133,-0.19037125061762147,0.30123912410079384,-0.09434468921296807,-0.7916071725755178,-0.13571057116566926,-0.23301540043091898,,,
HSMA33KM,H4038,CD,1,,,,,-0.07630739577266114,0.4007503055027348,-0.1394601291108243,1.683119754815084,-0.14364618693524842,0.05589782062318348,0.783746432835743,-0.2508366632061929,-0.25097490248553705,0.022480622854855057,-0.2503842539099953,0.09040004223798803,0.65155812163138,-0.13833516500220164,-0.5214784193620808,-0.3206853541700213,-0.22685933052164103,0.4676187851054746,-0.748845363130622,,,,,,,,,,,,,,,,,,,,,,,,,,,
HSMA33KO,H4038,CD,1,,,,,,,,,,0.004983646847237024,1.4365361781527055,-0.3108138715331211,-0.5838154199135834,-0.6777895406771918,-0.29646959296244335,-0.22386966563032606,-0.3041310186109036,-0.13833516500220164,-1.3883148841009982,-0.3206853541700213,-0.24865909437580336,-0.09140651554259371,-0.7891137307747691,,,,,,,,,,,,,,,,,,,,,,,,,,,
HSMA33KQ,H4039,CD,1,,,,,,,,,,2.5328286460113847,2.557695701558393,0.3867165458179085,2.5147560685610566,3.1734553826482674,0.38629205700040325,1.5099026350503082,3.4954047468696072,-0.1462064739465535,0.6801056688257902,0.25942830435689523,-0.04242229949626827,0.5082039893313529,0.1222003435684323,,,,,,,,,,,,,,,,,,,,,,,,,,,
HSMA33KS,H4039,CD,1,,,,,,,,,,2.7166162889243557,2.7393887578905325,0.177114422691545,2.792354521570507,2.4261834430825795,-0.5833648513456261,0.14950044366477608,2.52938427894817,-0.5837925718048117,0.7764408043502925,0.05541653224803223,-0.3503160030175992,-0.23600508003268805,0.3267701581503331,,,,,,,,,,,,,,,,,,,,,,,,,,,
HSMA33KU,H4039,CD,1,,,,,,,,,,1.8445103760033343,1.0436843637550068,-0.04140810125743461,0.8179930279707371,1.4559493799170133,-0.143204085938618,-1.0955467389950824,1.3634475894601565,-0.1462064739465535,-0.305404238927766,-0.023086427040384737,-0.18733309464761616,0.5692135557471684,0.11683662404242676,,,,,,,,,,,,,0.1998587914387529,-0.07561512403131346,1.9930764338341358,0.08088528914637773,0.4952154903109348,-0.07099017789761132,0.9841019566284755,0.23861098953136467,-0.10429053397097302,0.5346408983405028,-0.18010567816992895,-0.1193082011594769,,-0.11241482424008134,-0.06679353974465345
HSMA33L1,H4039,CD,1,,,,,-0.17713440667137945,0.5487378284434723,-0.9758802078260641,5.670995058718784,-0.3429462581148301,1.8067382659106792,0.7780117897645656,0.8033724742687066,0.6956406640298739,0.6239188041660042,0.2211962800872835,-1.1724834508382374,1.051623413382167,4.969718154758651,-0.4420229207185682,0.2649074238116567,-0.07583047568365517,0.3722271362981497,0.3408654834081278,,,,,,,,,,,,,-0.04453463005859548,1.2106473048691782,-0.18469106377590472,2.26932806226827,0.8810012770942675,-0.6672626458025243,0.35407768836819764,0.20502490150435834,-0.10429053397097302,0.14615572732834967,-0.18010567816992895,0.8622881354895683,,-0.11241482424008134,0.8912519656760788
HSMA33L3,H4028,CD,1,,,,,,,,,,,,,,,,,,,,,,,,-0.6452993415916238,-0.029411881575440574,-0.07284643967679481,-0.5048730136593539,0.20909451416491104,0.09560573483367543,0.9957493079795029,-0.486678862101621,-0.07284643967679481,-0.5815998873871691,-0.4218873036726622,0.47694884352666034,,,,,,,,,,,,,,,
HSMA33LB,H4044,UC,1,,,,,,,,,,-0.5690262860339326,0.3386529304235499,0.5781580456939824,-0.2752128004787686,0.04923076276319527,-0.15997661120709086,0.15934704712626196,1.2570997857202242,-0.13833516500220164,0.02407066083339038,-0.3206853541700213,-0.25691027211263884,0.6735928137487698,-0.4136070577683987,,,,,,,,,,,,,0.0830225611576349,0.024059441914014972,0.11458143000067608,-0.3907017522716926,0.18197844465428475,-0.28043994325401184,1.8624368663454423,0.09263960042443656,-0.09434468921296807,-0.7188164592576725,-0.13571057116566926,-0.23301540043091898,,-0.08939284250604397,-0.21127789144155198
HSMA33LH,H4044,UC,1,,,,,,,,,,-0.6282415840119999,0.3603437650870024,-0.47304650242313195,-0.18567019704788493,-0.07854183847366501,-0.2992592882976254,-0.16777936550675804,1.06001146848153,-0.13833516500220164,0.15748182151826162,-0.283086630484377,-0.24410850928245081,-0.6542808224665544,-0.42064969012370684,-0.40623288447964,0.36722556015821756,-0.08602647872386804,-0.45074039892172774,-0.27137956473990005,0.012623600559267523,-0.3202678175007868,-0.0970981801533063,-0.08602647872386804,-0.1507971664076228,-0.47040962213410037,0.15804200816145356,0.45666805789947956,0.2897354924542851,-0.24634640826316948,-0.14553140804200207,-0.08769269382773136,-0.3714958124627342,1.0976670145055667,-0.31631903698074515,-0.09434468921296807,0.8009305684736758,-0.13571057116566926,-0.10763376046361556,,-0.08939284250604397,-0.8335546181030783
HSMA33LH_TR,H4044,UC,1,,,,,,,,,,-0.7243941184819568,0.3558368569300401,-0.4147361826873039,-0.1018253233699134,-0.09845976032730241,-0.27700251843400625,-0.18833740376623462,0.631891322542277,-0.13833516500220164,0.0319192459153766,-0.3206853541700213,-0.24384765081933799,-0.7426745068831851,-0.38731426987286943,,,,,,,,,,,,,0.204322607902586,-0.016907602390187675,-0.24634640826316948,-0.3082224168888625,0.14849509463472801,-0.3054449234429623,0.8181669662238711,-0.2698088060387079,-0.09434468921296807,0.6247422635800662,-0.13571057116566926,-0.10070610575538087,,,
HSMA33LJ,H4044,UC,1,,,,,,,,,,-0.4663006562777289,0.4744168190696826,-0.06701714217044326,-0.4008185163923495,0.2270898188423388,-0.29196780172088127,-0.21517545177240557,0.7653941042274952,-0.13833516500220164,-0.14668524776445077,-0.3206853541700213,-0.2465197315040866,-0.8878421685701401,-0.3364930536404553,,,,,,,,,,,,,0.06464668372212207,0.0499962318707863,-0.24634640826316948,-0.049023986180853976,-0.3475682352678058,-0.307756368779391,-0.04253988686663163,0.05979132158167119,-0.09434468921296807,-0.06636454811935912,-0.13571057116566926,-0.10722621474694168,,-0.08939284250604397,-1.1017967623126834
HSMA33LL,H4043,CD,1,,,,,0.2735742342916597,0.41498563516328635,-0.214943390470098,0.09361590665157804,-0.4770075021343973,,,,,,,,,,,,,,,,,,,,,,,,,,,,,,,,,,,,,,,,,
HSMA33LP,H4043,CD,1,,,,,,,,,,-0.7946616656157568,-0.2056888922781506,-0.3482222258398168,-0.47406126806894566,-0.7613959872399945,-0.18624688619620886,0.34853392611284506,0.4381258454660186,-0.11407085113498545,0.7978955086528555,-0.30441638477397265,-0.2521979005464514,0.78283075923529,-0.627231938520514,,,,,,,,,,,,,,,,,,,,,,,,,,,
HSMA33LV,H4043,CD,1,,,,,-0.5769197879640535,0.18382265235678483,-0.4191721724532474,-0.4537459230029814,-0.95999546461115,,,,,,,,,,,,,,,,,,,,,,,,,,,,,,,,,,,,,,,,,
HSMA33LX,H4040,UC,1,,,,,,,,,,0.03440826097882169,0.2171032120145913,-0.11510737224010713,-0.28960370899955024,-0.18358399540084708,-0.29608447542822763,-0.12989940420192433,-0.12519502918386413,-0.13833516500220164,-0.10532489750678821,-0.29976176103215696,-0.23928558355793572,-0.9613451112015097,0.6334403353270055,,,,,,,,,,,,,,,,,,,,,,,,,,,
HSMA33LZ,H4040,UC,1,,,,,,,,,,-0.06063925782266793,0.5770537742791375,-0.39774856290487276,-0.3494439243721668,0.11932682878914526,-0.2631817087885316,-0.039134654585292035,0.07078519742419498,-0.13833516500220164,0.058843876419677435,-0.16037533064980178,-0.22576890600297136,-0.31755143142083275,-0.048363580652549906,,,,,,,,,,,,,,,,,,,,,,,,,,,
HSMA33M2,H4040,UC,1,,,,,,,,,,0.021406153646698577,0.2009933971299039,-0.18412335224591614,-0.6439901100889012,-0.5991351366583323,-0.17958921237580625,0.4789103875957646,-0.2042075326412381,-0.13833516500220164,-0.24478264045111978,-0.301324591246339,-0.2342868836914321,-0.9171472968095317,0.25354085386240993,,,,,,,,,,,,,-0.16735003102470308,-0.5265417115536962,-0.13247636399180315,-0.23767679520572063,0.4702295475701464,1.044493515770859,-0.289506893431519,-0.5888396142416008,-0.09434468921296807,0.02658426306016563,-0.13571057116566926,1.9172598702624402,,-0.08939284250604397,0.22210465945854882
HSMA33M8,H4040,UC,1,,,,,0.10700205985571384,0.22425755008686366,0.24315924570284156,-1.5592351601945131,-0.3117740681204464,-0.10580587664252086,0.23751779220672736,-0.23377660161995686,-0.37422677807336996,-0.23199460864366306,-0.31228133554645915,-0.2111579692160224,0.0293828205659574,-0.13833516500220164,-0.1642801791819549,-0.2830080734486542,-0.21365047756961159,-0.42797286556056674,-0.23948576985150746,,,,,,,,,,,,,-0.05752067526231106,-0.295838139466216,-0.009641687172700435,-0.0719893108632114,1.0232829178701366,1.0457181513482956,1.5930001373315514,-0.06929784357687421,-0.09434468921296807,0.8954622044836203,-0.13571057116566926,1.8269822365680095,,-0.08939284250604397,0.4070775379446682
HSMA33MA,H4035,UC,1,,,,,,,,,,-0.10190608944021479,-0.5543838809927067,0.15533191839392077,-0.4117378657822978,-0.46555241740481,-0.2221927205745347,-0.6339269049191059,-1.585915795484577,-0.10843274156073193,0.09204984797407795,0.22042376332116637,3.587524683303034,0.21098437005430237,-0.05281298676866337,1.4043160016718899,0.0622269375760021,-0.07284643967679481,3.654215776166057,-0.16797341663128526,0.09560573483367543,2.2791419088554603,-0.3377928645099569,-0.07284643967679481,-0.32803367852927795,-0.2946227360106183,0.030391478799598647,-5.4871582279750895,0.8464084947067018,4.079500195975364,1.8198701947465343,-0.9962665691421027,4.815779142583953,2.7596223913116775,-1.47426660503178,,14.68017935392972,-0.07939061616942635,-0.7395866094132528,,-0.062149905905642094,-2.333232501863424
HSMA33MC,H4035,UC,1,,,,,,,,,,-0.047502897420349646,-0.13980595986008948,1.3112902649459621,-0.12508488461279307,-0.8060575749304687,0.09290358805454577,-0.5011269105361722,-0.1506444203047564,-0.10843274156073193,0.1410470847116976,0.06838534961374154,-0.16045000153179778,-0.1746349287726736,-0.23479518086322937,,,,,,,,,,,,,,,,,,,,,,,,,,,
HSMA33ME,H4035,UC,1,,,,,,,,,,-1.0058322765253096,-0.07120412178392471,-0.057618402498698845,-0.20405039987149504,-0.19509578875237218,1.3203027432692596,0.6654138727051516,0.023584061822311313,-0.10843274156073193,0.5421026771561922,-0.21326325113431455,0.3249251301014669,1.1137737845047224,2.2086934575447,,,,,,,,,,,,,2.0331908153303817,0.3295009920920194,0.43748985957539116,2.1441217385475637,-1.1357240193811595,1.8617789700711866,3.1143045108702454,-1.1559391670283747,,7.844957073933408,-0.07939061616942635,-0.37518758207452263,,-0.062149905905642094,0.2315876936350404
HSMA33MG,H4035,UC,1,,,,,,,,,,-0.11803154230961603,0.18228168703547354,0.1452962320938637,0.08449523641873234,1.4681752710217244,-3.491842612471117,-0.34242396889946636,0.07304317820397434,-0.10843274156073193,-0.4697437697587228,-0.10583549618452374,-0.1643658286696536,-0.052489175951177254,0.7860291511113382,,,,,,,,,,,,,0.6956781850856394,-0.48403751694583463,-0.1841434975068624,0.8218192436383055,0.528541221038503,0.627121518725211,0.34821994145786067,-0.33404787280045806,,1.5330441236302526,-0.07939061616942635,0.8394017030387513,,,
HSMA33MI,H4035,UC,1,,,,,0.7885824656716072,0.18688608727394745,1.5692880838105323,-0.6901138478283438,1.105041949256437,-0.2077541450785861,-0.4859763861043696,1.5049423506862927,-0.32387594053456376,-0.6524433272734604,-0.464359704965545,-0.3738758855424015,-0.24537792091659447,-0.10843274156073193,-0.4584861089199445,-0.21326325113431455,-0.21481765944196018,0.8197069769548279,-0.20784336430524847,0.20023723445183347,0.23297629202419398,-0.07284643967679481,-0.5748094904761063,-0.33392791075706274,0.09560573483367543,-0.41094953610627943,0.7586594031883013,-0.07284643967679481,-0.18950180663358096,-0.3663177804743048,0.030391478799598647,,,,,,,,,,,,,,,
HSMA33MK,H4035,UC,1,,,,,,,,,,-0.032757602319995874,-0.07064204907180716,-1.7222329074551437,-0.022175000726672046,-1.1686503348349082,-5.351076907957283,-0.14918867124679136,-0.09069492512584795,-0.10843274156073193,-0.10770000235451915,-0.21326325113431455,2.5674165023095075,-0.10599733329447102,0.791172459239409,,,,,,,,,,,,,3.4122843588213443,-1.105201473806659,-0.1841434975068624,1.282517750828336,-0.8089781539713597,1.396221972578462,3.161297509317097,0.09554128264340501,,2.509486106399242,-0.07939061616942635,-0.2813350374326855,,-0.062149905905642094,0.2315876936350404
HSMA33MQ,H4045,nonIBD,0,,,,,,,,,,,,,,,,,,,,,,,,1.2032065656418662,-0.03492570800200681,,-0.4654751205764724,-0.20799330356299853,0.07560302623362697,0.6908169063703776,-0.23581076897759604,,0.004307276356582939,-0.208150375760826,0.06293716072304763,,,,,,,,,,,,,,,
HSMA33MS,H4045,nonIBD,0,,,,,,,,,,-0.9325079935022852,-0.8997094312055413,-0.08809986744516167,-0.8619898338409853,-0.5346654782541526,-0.30826693179199943,-0.31773348889893643,-1.6487080151052973,-0.11407085113498545,-0.1770016876628253,-0.3363939264701503,-0.2747716546767476,-0.223253418064135,-0.49256331118372443,,,,,,,,,,,,,-0.29797291508267215,-1.0334687916602288,-0.2327454228519667,-0.67065859837944,0.19296204617319904,-0.4575671068440312,-0.2808545748959996,-0.3479802120547495,-0.09938799855279619,-0.40710378164314415,-0.1342339472220414,-0.29823699268813436,,-0.10717564228878608,0.5040583553173117
HSMA33MV,H4032,CD,1,,,,,,,,,,-0.1819176185478332,0.09016010659332234,0.04188861946723812,0.3253329030999505,0.08183596862659474,-0.22595433609404714,-0.07480228137139523,-0.3997928492780727,-0.10843274156073193,-0.8637402423664217,-0.21326325113431455,-0.21522264385499715,0.13176364300500937,0.06558213585983085,,,,,,,,,,,,,,,,,,,,,,,,,,,
HSMA33MX,H4042,UC,1,,,,,,,,,,-0.4627391584933822,-0.4475937280281472,0.06495381744440588,-2.0859970767078235,-5.9873767500487505,-0.3700171410978094,0.6710470474074917,1.2571336854958837,-0.1113122162579901,-0.40780320620380717,1.603099024149615,3.5367015371854995,0.4438668415048679,0.0522977099112742,,,,,,,,,,,,,,,,,,,,,,,,,,,
HSMA33MZ,H4042,UC,1,,,,,-0.30130542654285497,-0.8250392206906899,0.9618417926120908,-0.544857156591775,0.8242859658959121,-0.47729022994330716,-0.6185751941860905,-0.4624212258303973,-0.5951797047603876,-0.3757061688604403,0.041381781170651735,0.833355711563718,0.04668488746283538,-0.1113122162579901,-0.17599393980404401,-0.29909236633726183,0.42316105590077735,0.09673076583647301,-0.3158096992984921,1.1449971249898794,-0.07794501494001509,-0.08650797396966804,-1.9811526786581792,0.05556721012503068,0.07500016726067676,0.7586099670599775,-0.2545646040918579,-0.08650797396966804,-0.08708671244899614,-0.14296984138690302,0.013368190302435377,-0.5159883852497198,-0.5553213992006806,-0.28826309641283665,-0.99140593158624,0.18451501126823794,0.02038674510494235,0.19696158137159395,-0.6031759794618365,-0.10370044001367282,-0.3308644028677752,-0.13812187083932795,-0.29710455056206575,,-0.09339860866723376,-0.034130181498178515
HSMA33N4,H4042,UC,1,,,,,,,,,,0.1501252677215965,0.5454815713370909,0.4233023557790707,0.40293489123030013,-1.2235003221771885,0.47897928672515855,-0.7828292832805479,0.27532876202847156,-0.1113122162579901,1.0270036316454874,1.6189655436584103,2.180898342359458,0.4438668415048679,0.10380603933972452,,,,,,,,,,,,,,,,,,,,,,,,,,,
HSMA33NA,H4038,CD,1,,,,,,,,,,-0.48930884545884623,0.372104686175416,-0.11613457466447054,-0.9415432725635484,-1.511299597000696,-0.28916645610551034,-0.10981214432440511,-1.0198149002013805,-0.13833516500220164,-2.1940293390728436,-0.2592520134908006,-0.2448199662357099,-0.07915730150354695,-0.6958481056018493,,,,,,,,,,,,,0.28452722343688475,0.4952186094295717,-0.24634640826316948,0.17506261277600227,1.815613821690015,-0.3702434089855868,-0.2971109121758448,0.04563500883349162,-0.09434468921296807,0.5981450275247515,-0.13571057116566926,-0.23301540043091898,,-0.08939284250604397,-0.6798421898027335
HSMA33NC,H4038,CD,1,,,,,,,,,,-4.323265497964316,1.8395665493809374,-0.4367009254463912,-3.606580502858434,-1.8076211479830946,-0.23026831121678112,-4.843950355861471,-2.156288226697877,-0.13833516500220164,-2.71581077242541,-0.3206853541700213,-0.2338514600776436,-0.06156016689305102,-1.2993490529015421,,,,,,,,,,,,,,,,,,,,,,,,,,,
HSMA33NG,H4038,CD,1,,,,,-0.3300147266704252,1.380394605503753,-0.8045861231782547,3.1479168278043614,0.10417127811916906,,,,,,,,,,,,,,,,,,,,,,,,,,,,,,,,,,,,,,,,,
HSMA33NG_P,H4038,CD,1,,,,,,,,,,0.054580832787721974,0.2584388390294023,-0.5372578282536737,-0.24874402235659374,-0.41125214150280204,-0.29646959296244335,-0.08173821274051835,-0.41924899596137893,-0.13833516500220164,-0.846726151807975,-0.3206853541700213,-0.24865909437580336,-0.12285415553109272,-1.0911506399538435,,,,,,,,,,,,,,,,,,,,,,,,,,,
HSMA33NO,H4039,CD,1,,,,,,,,,,-0.558801552654783,-1.446814532298248,0.08753343011089369,-1.442143871495553,-2.1501563125581633,-0.0974038253892118,0.2864385924121059,1.3695917360657204,-0.1462064739465535,-1.8523204340796446,-0.1729723720318147,-0.20787632703424935,0.3524376114999666,-0.11903250340778822,,,,,,,,,,,,,-0.1965745430437953,-0.3696087768504366,2.2766846397149116,0.9086663665180643,0.5174811168991648,0.17052291533558797,-0.9775870116144935,0.1515264346249265,-0.10429053397097302,0.2799556542153851,-0.18010567816992895,0.43526059309188736,,-0.11241482424008134,-0.062042608342313836
HSMA33NQ,H4039,CD,1,,,,,0.1484545942608731,-0.1244254470389558,-0.028147078453602165,0.7490263752119826,0.24142619594957088,-0.39319767498602853,-1.8502524101796967,-0.1975066312898707,-2.08488309486025,-2.4712436848637944,-0.12717673590894926,0.028230369368763775,1.3447202969172374,-0.1462064739465535,-2.441157894534025,0.07572932906031457,-0.11556582457898744,-0.033221387232329154,-0.06273588360095933,,,,,,,,,,,,,-0.009616261173722192,0.4305589612354203,1.4221307608156162,1.3920167443714069,1.8148468980834016,0.942093712984543,-0.2591665362489878,0.3447963849944906,-0.10429053397097302,0.672218422657605,-0.18010567816992895,0.1723433699389469,,-0.11241482424008134,-0.9341017508542817
HSMA33NW,H4044,UC,1,,,,,-0.9680455067889248,0.37080032828463827,0.5582180665208997,-1.9045144113991892,0.9809682206337005,-0.3721729993465384,0.2660872171003729,-0.08517266277947665,-0.4320916512440063,-0.17503168669946662,-0.5558225210423338,-0.13275856798825,0.8163728726894757,-0.13833516500220164,0.03499252977663469,0.23667835039802843,-0.292028747709505,0.006210466379366483,-0.046684318660782625,-0.30257173563607614,-1.2247568774236497,-0.08602647872386804,-0.4564171678768315,-0.14679739158587343,0.012623600559267523,-0.7990891258148894,-0.0970981801533063,-0.08602647872386804,-0.1507971664076228,-0.8332042034003332,0.15804200816145356,,,,,,,,,,,,,,,
HSMA33NY,H4045,nonIBD,0,,,,,-0.6432624464637412,-0.41694241629783896,-0.932640759681928,-0.41219653070045753,-0.6343017603031911,-1.084886415591007,-0.9820345892042073,0.18657839822132688,-0.742894186142317,-0.3432820546059203,0.23115823863468968,-0.12950925133838356,-1.2717732463360145,-0.11407085113498545,0.47457335687254387,0.3745054466141162,0.1131346996691435,-0.19700808878434053,-0.14136720441822792,,,,,,,,,,,,,,,,,,,,,,,,,,,
HSMA33O1,H4027,UC,1,,,,,0.3369406626400933,-0.713017207456893,0.5916515552978079,-1.741907512374916,-0.3685864806936578,0.4459555029229357,0.5796335562617804,-0.03961342312701487,0.24096864288803185,-0.1603850141515871,-0.3334620332493318,-0.44128312354022653,-0.17831231421841026,-0.1462064739465535,-0.5414642710690436,-0.3461462799823559,-0.35432032474260416,0.4304151377908852,0.43499504261820066,0.7021681470082038,0.08761395366722986,-0.08813052984784635,0.3379445813109273,-0.2789116589406932,0.15455173581269654,0.1151910742402969,-0.3599320260332242,-0.08813052984784635,0.8405944792682681,0.13829301091924023,2.7027279711574566,,,,,,,,,,,,,,,
HSMA33O3,H4027,UC,1,,,,,,,,,,0.5761182903188622,0.24345730331930202,-0.3280781126540701,0.3219023844593164,0.34493901534281063,-0.4048276176595517,-0.40071840990164626,-0.19081464584302163,-0.1462064739465535,-0.49490162677191407,-0.3461462799823559,-0.3479053453080973,-0.5956420191742787,-0.3676295026596265,,,,,,,,,,,,,0.09327531716880112,-0.12083667740432058,-1.2472402194836036,0.15725894947438984,0.5990269364763116,0.1278849392465128,0.040449336890086465,-0.6785657220846155,-0.10429053397097302,-0.5668164793084095,-0.18010567816992895,0.6240691202420828,,,
HSMA33O5,H4027,UC,1,,,,,0.5119038205855752,-0.4966742107481536,0.8369921085741127,-1.1402618656842125,1.1598291421962772,,,,,,,,,,,,,,,0.3324038213644443,0.08761395366722986,-0.08813052984784635,-0.26693443654707977,0.44712905273715114,0.15455173581269654,0.1231615086464803,-0.3599320260332242,-0.08813052984784635,-0.2068614930322411,1.9898448258983663,0.07869356735747605,,,,,,,,,,,,,,,
HSMA33OD,H4040,UC,1,,,,,,,,,,0.057289216754691084,0.12266117259356311,-0.3975713486347827,-0.403869889053335,-0.8195795376874371,-0.18810139118031122,-0.032059936932208856,0.09683535178528645,-0.13833516500220164,-0.29070401993127776,-0.2842797288106539,-0.24039171476885493,-0.6146241727842865,-0.062029629175528574,,,,,,,,,,,,,-0.30108140951329887,-0.7366806041021859,0.2702311406072162,0.18897317866547805,0.4757505456629645,0.5845662852143906,-0.47833249936238165,-0.2559478336216155,-0.09434468921296807,0.7037171739599726,-0.13571057116566926,1.2016685562144207,,-0.08939284250604397,-0.1542795757336486
HSMA33OJ,H4040,UC,1,,,,,-0.7721460004693788,0.19318873076340168,0.10704363414111212,-0.04871535365849855,-0.009130560617069152,0.22612565610831614,0.5878908413252172,-0.3903458182507041,0.10695446260079998,0.48183910111459693,-0.3653808198472105,0.008574484622500414,0.13286870495070996,-0.13833516500220164,0.49400792239737235,0.9189784639408254,-0.30905517463916743,-0.3730110504348098,0.2950688353455155,,,,,,,,,,,,,-0.30663849402504384,-0.26734091194392184,0.3220102129666831,0.767792736191852,2.119096669333502,2.1103183718444405,-0.3171893492941288,-0.945322972674601,-0.09434468921296807,0.5921314767234712,-0.13571057116566926,1.0578076358585116,,-0.08939284250604397,-0.7425938341164545
HSMA33OL,H4040,UC,1,,,,,,,,,,-0.10721977032203751,0.28129839514162824,-0.3171830936660175,-0.35080797051678453,0.026201901343679782,-0.2713768728229968,-0.04600131908095773,0.14578254678930863,-0.13833516500220164,0.0015123755541823687,-0.11156133742525338,-0.23076047520083673,-0.5177839467890233,0.06713116402731503,,,,,,,,,,,,,,,,,,,,,,,,,,,
HSMA33OP,H4035,UC,1,,,,,,,,,,-1.1213648724965468,0.9194713657039211,-0.2848459731057943,-0.3039453345546112,1.4566372633124551,-0.19001111124536957,0.4626783237420179,-0.29344284149395655,-0.10843274156073193,0.22251458430943183,-0.21326325113431455,0.15349903998817438,0.6199605504979426,4.126175587703824,,,,,,,,,,,,,,,,,,,,,,,,,,,
HSMA33OR,H4035,UC,1,,,,,1.4478261849809728,-0.881794784830124,1.4188094605077752,-0.07107551573414957,0.051336354667256404,-0.2017808766330814,0.019116759276066073,-0.08270346397742079,0.06827837212791145,-0.514133237611233,0.5843958983923849,-0.01992985100526127,-0.23662363096752836,-0.10843274156073193,-0.27229378896463924,-0.02309321120876995,-0.03776902564244944,0.319485681552158,-0.1642922547370318,1.1093216197700646,-0.22967101184415356,-0.07284643967679481,-0.274615651427781,-0.0753282502126214,0.09560573483367543,0.3736819533545628,-0.3377928645099569,-0.07284643967679481,-0.18950180663358096,0.012999659786965956,2.39580427326362,,,,,,,,,,,,,,-0.062149905905642094,-0.2874447665530585
HSMA33OT,H4035,UC,1,,,,,,,,,,-0.009311871983085607,-0.32492072767169455,-0.4005299376991074,0.14843201803698164,-0.29482226456470717,-0.6081757571430094,-0.004458567918351236,-0.2661384675553266,-0.10843274156073193,-0.27246560301749945,-0.21326325113431455,-0.21674081442252438,-0.10878316517080767,0.10060123108418541,,,,,,,,,,,,,,,,,,,,,,,,,,-0.062149905905642094,-0.2385652138174829
HSMA33OV,H4035,UC,1,,,,,,,,,,-0.2742574634731913,-0.25682558956427937,-0.8583208760866986,-0.2697175420712375,-0.6919815569957449,-0.20625080424575556,-0.43448171882762765,-1.1738065845176424,-0.10843274156073193,-0.22616607785482537,-0.1968204171200959,-0.5411505971753366,0.12065514291356015,0.5404251279737071,,,,,,,,,,,,,-0.37278679718138974,-1.2820246786946223,-0.08920163405774226,-1.0315216866786456,-1.4203772546277447,0.8068486241423545,-0.6737542195964143,-1.9802038024363307,,-0.3023991861100305,-0.07939061616942635,1.6875007334635177,,-0.062149905905642094,-0.5030035680196123
HSMA33OX,H4035,UC,1,,,,,,,,,,-0.38793468875176856,-0.22030962880432714,-0.09592510787520771,-0.7030234767701553,-0.4784636424353629,0.09523194587225793,-0.5431087937722073,-0.0014334193416684325,-0.10843274156073193,-0.6631153828407765,-0.21326325113431455,0.3692132084247683,-0.5423125586702215,1.2667464675311746,,,,,,,,,,,,,,,,,,,,,,,,,,,
HSMA33OZ,H4035,UC,1,,,,,1.485868866469066,-1.5566560474348021,0.7342832179688352,0.015609681058296574,-0.7695932764845016,-0.29567119781526935,-0.11167344908468574,-0.19843790845935444,-0.17982068562113998,-0.3366931798859858,0.14590421121805291,0.11226738261022935,-0.21801179581966737,-0.10843274156073193,0.1726794306317038,-0.19573323656899508,0.4107442980572077,0.4679926435584047,0.9967937041827353,,,,,,,,,,,,,-0.1882809494453661,-1.7924877692211916,-0.1841434975068624,-0.26304823457415555,0.2653540315352255,2.8732248249489527,0.44164634507182354,-1.5032886056454142,,-0.556421520007983,-0.07939061616942635,-1.1069362286220725,,-0.062149905905642094,-0.794945031518628
HSMA33P2_P,H4044,UC,1,,,,,,,,,,-1.2599993963379736,-0.07818129530949988,0.0008269681447625153,-0.5973179958339653,-0.44915421565887287,-0.29863654891336755,-0.2441040941865311,0.2361220274823305,-0.13833516500220164,-0.5132184844189368,-0.3206853541700213,-0.22783156607298116,-0.8198406735856406,-0.5373102821546076,,,,,,,,,,,,,,,,,,,,,,,,,,,
HSMA33P6,H4044,UC,1,,,,,,,,,,-0.3050575273313404,0.1059028451984291,-0.4261201385223395,-0.12553231289201827,-0.1379258284917701,-0.22667461867728778,0.34292539105299935,0.5122388094367356,-0.13833516500220164,0.21942788595618662,-0.3206853541700213,-0.24848545927446367,0.542710073536605,-0.4361713485513495,,,,,,,,,,,,,-0.16670420014361162,0.02351109855008245,-0.020811796531850123,-1.3639508520191526,-0.231390486544121,-0.37182028234711073,-0.6435650909159195,0.3092825440943237,-0.09434468921296807,-0.12080879869222934,-0.13571057116566926,-0.23301540043091898,,-0.08939284250604397,0.9229942812086949
HSMA33PL,H4039,CD,1,,,,,,,,,,1.8788043507475525,1.5703403983464392,0.29547859560981726,1.8650872807982224,1.7562408698197725,0.30854681321238425,-0.751755839117103,1.67628126933238,-0.1462064739465535,-0.6869251602919529,0.19291306695404833,0.11081277597320577,-0.0720454071906712,0.5701539001133716,,,,,,,,,,,,,0.0016099946316285652,-0.06862882660869682,0.16145377479504291,-0.2050987088006896,1.1875667054726877,0.35827430351456585,1.0493293868780276,0.17614631616036633,-0.10429053397097302,0.11251366746303805,-0.18010567816992895,0.9597895149424673,,-0.11241482424008134,-0.7606234184154367
HSMA33PN,H4039,CD,1,,,,,,,,,,1.738931834256202,1.5878260795430097,-0.10215838075753983,1.0826814118491932,0.611038160322629,-0.1597132028011335,-1.1193755366920295,0.7858676615738971,-0.1462064739465535,-0.9082420830708278,-0.18828900653916364,-0.21907283723192456,0.13258637519849276,-0.03816256998166972,,,,,,,,,,,,,,,,,,,,,,,,,,,
HSMA33PP,H4039,CD,1,,,,,0.6342532797563237,0.5439885259342822,-1.1132363077064515,-1.2124641681602917,-0.21962690512479321,,,,,,,,,,,,,,,,,,,,,,,,,,,,,,,,,,,,,,,,,
HSMA33PX,H4038,CD,1,,,,,,,,,,-0.4833492697271988,0.6796693484957255,-0.32183500563407397,-0.9627740481309793,-1.3255826089161886,-0.30411005520505185,-0.45567281243656643,-1.0960260041708512,-0.13833516500220164,-1.2653257761508285,-0.3206853541700213,-0.22304474401555008,-0.06784099465941554,-0.45379314456705727,,,,,,,,,,,,,,,,,,,,,,,,,,,
HSMA33PZ,H4038,CD,1,,,,,-0.04333547313147727,0.3512451604634293,0.21093732951863944,-0.09574274050426013,0.8423123007349775,-0.45046085603671693,-1.0526938665909116,-0.40942407259381247,-2.001135584448114,-1.324369271101646,-0.29646959296244335,-0.15240444917995255,-0.6390375692145869,-0.13833516500220164,-3.0415778648338136,-0.3206853541700213,-0.24865909437580336,0.009038914085170054,-0.42064969012370684,,,,,,,,,,,,,-0.0381293895801984,0.3147879899724279,-0.10851644769305274,-0.09494524198549803,0.5965078296630901,-0.44230365224748314,-0.22275028588852128,0.9835726265592639,-0.09434468921296807,0.19535373802873893,-0.13571057116566926,-0.23301540043091898,,-0.08939284250604397,0.6368331281010077
HSMA33Q6,H4038,CD,1,,,,,-0.5783176591858971,1.1649204282723817,0.11689349822009111,0.9355736355402618,0.2263525900644305,-0.1660681036745485,0.5895288595927679,-0.36268340578445285,0.15255682543383675,-0.4305034475785326,-0.27302269313034205,0.13602294201064066,-0.6978395749943777,-0.13833516500220164,-0.5195927884728593,-0.3206853541700213,-0.2487343897726338,-0.20945509271442864,-0.4154040247240282,,,,,,,,,,,,,0.1587370251831422,0.7422614385583456,1.0484774895306554,0.07588356642846697,0.8195866865739069,-0.40937179310834554,-0.5071407580928405,1.8849775737725878,-0.09434468921296807,-0.5597810708324021,-0.13571057116566926,-0.23301540043091898,,-0.08939284250604397,0.29173634452129404
HSMA33QM,H4045,nonIBD,0,,,,,,,,,,-0.9982517283731747,-1.207133663054804,-0.22305891276462886,-0.8508943268129279,-0.7251075546108919,-0.2150482119802703,-1.456594719979297,-1.4779691860854298,-0.11407085113498545,-0.7241859261154814,-0.18763890071481745,-0.1788692374599684,-0.5696601804203553,-1.517256957173815,,,,,,,,,,,,,,,,,,,,,,,,,,,
HSMA33QO,H4045,nonIBD,0,,,,,-0.18310501243273958,-1.6895148951828152,-1.7080119391567028,-0.4961800048142434,-0.22453168910129148,-0.6875224164171949,-0.8954084700374554,-0.3222103518333932,-0.6700403456003364,-0.4885683140903099,-0.31923452390187596,-0.1685975031672763,-0.7637957440102823,-0.11407085113498545,-0.6313211061521723,-0.3363939264701503,-0.2729232051016142,-0.18289509631741974,-0.45173973618395413,0.4200747618236244,0.16569231246928057,,-0.20356176875780368,-0.20799330356299853,0.07560302623362697,-0.33271030067098617,-0.23581076897759604,,0.004307276356582939,-0.208150375760826,0.06293716072304763,-0.4401739848069534,-1.1891995956607817,-0.11083744453182624,-0.9201062409819594,-1.633651731011202,-0.4575671068440312,-0.28557738915587266,-0.6381200119497167,-0.09938799855279619,-0.24005293508525566,-0.1342339472220414,-0.29823699268813436,,-0.10717564228878608,0.38406217133990894
HSMA33QY,H4043,CD,1,,,,,,,,,,-0.22511350882407113,-0.25517877014716484,-0.33261806270608646,-0.15251233181482587,-0.4098705402877835,-0.4006783501128995,-0.0428797163287568,0.09933365009038274,-0.11407085113498545,0.751060845383573,-0.2766264864208032,-0.12407654032125717,-0.08694279828765554,-0.4667895644053151,,,,,,,,,,,,,-0.33790563091702036,-0.828411152255447,-0.2327454228519667,0.23145234891856684,-1.6582751082292833,-0.2173697364664864,-0.216726969279319,-0.761418677280347,-0.09938799855279619,-0.4151521947707763,-0.1342339472220414,-0.29823699268813436,,-0.10717564228878608,-0.9856701467501345
HSMA33R1,H4043,CD,1,,,,,,,,,,-0.9516253261492454,-0.7455287323741249,-0.2247919937796917,-0.7572508502734109,-0.4757626965890578,-0.34710457677389855,0.03455466534998752,-0.117663244107506,-0.11407085113498545,-0.22083478421641298,-0.3363939264701503,-0.20438710529891388,0.10266492411925589,-0.5073480379168318,,,,,,,,,,,,,,,,,,,,,,,,,,,
HSMA33R5,H4043,CD,1,,,,,,,,,,-0.6368534640748593,-0.6563859391079822,-0.12289838102725471,-0.4797011215620036,-0.6006249435288102,-0.3130288877792915,-0.028014447422784736,-0.020690048860323645,-0.11407085113498545,-0.4829053318961454,-0.2245713526249622,-0.25871714543801116,-0.34117874176901947,-0.4754741334729518,,,,,,,,,,,,,-0.30550620688881697,-0.2359926637136406,-0.2327454228519667,0.03926536396898709,-1.4190223050429112,-0.43332787151870145,-0.43491075049006045,-1.0791358613863697,-0.09938799855279619,-1.1251193260347054,-0.1342339472220414,-0.29823699268813436,,-0.10717564228878608,-4.351228332104336
HSMA33R7,H4043,CD,1,,,,,0.12236275119672221,0.3472002807480096,0.2127872147657719,0.4470904825159364,0.3285791847273753,-0.9140523826924678,-0.6173451686814925,-0.09544140654741551,-0.6567737613418773,-0.5028887910522886,-0.3102441861112711,0.05161532614798636,-0.08733450203962317,-0.11407085113498545,-0.017326270498594514,-0.25303265930499974,-0.22938930589188095,-0.21135034457245933,-0.44157816495859376,,,,,,,,,,,,,,,,,,,,,,,,,,,
HSMA33R9,H4043,CD,1,,,,,0.01851717132321821,0.5818670616342198,-0.8284702906998718,-0.6234994159695773,-0.8342356814671265,-0.9874247047968067,-0.9687698693881469,-0.5271027818633981,-0.50284211941238,-0.5182868963169642,-0.3474145318637565,-0.033696291683001735,-0.18840932502157834,-0.11407085113498545,-0.33614853114260573,-0.3363939264701503,-0.22073064442855883,-0.8486818806077716,-0.4725845114560847,,,,,,,,,,,,,,,,,,,,,,,,,,,
HSMA33RD,H4042,UC,1,,,,,,,,,,-0.7194453031808385,-0.7020996879720802,-0.2895401183272375,-0.6488599261008229,-0.266096430727397,-0.12978352961815207,-0.7161659925021817,-0.2446268942664895,-0.1113122162579901,-0.6521744668775773,-0.19928035585772422,-0.13422994121076784,-0.2544805171329327,-0.5313743178231656,,,,,,,,,,,,,2.1137724002675102,-0.5644732360319163,-0.28826309641283665,-1.0319326922815921,-0.4197442462494751,-0.4811929190321808,0.7839892321808973,-0.45738924978261875,-0.10370044001367282,0.07265918380003736,-0.13812187083932795,-0.29710455056206575,,-0.09339860866723376,-0.2129831198216644
HSMA33RF,H4042,UC,1,,,,,,,,,,-0.595463060546337,0.019596536639276643,-0.2744764767337549,-0.1352021799235189,0.1694130203880716,-0.05871800717013488,0.6907009944294201,-0.30789002589393877,-0.1113122162579901,-0.10198821778020864,-0.29909236633726183,0.05178707074183794,-0.36232650070469263,-0.5303401550985496,,,,,,,,,,,,,-0.15360759686403447,-1.0426088849697557,-0.28826309641283665,-0.48802821285460524,0.20914600825255067,-0.591383060160096,0.18552837517807044,-0.6135656370574295,-0.10370044001367282,-0.4076965216386105,-0.13812187083932795,-0.29710455056206575,,-0.09339860866723376,-0.1740852883008996
HSMA33RL,H4042,UC,1,,,,,-1.9477176938440706,-1.558459397721691,1.4431156263567049,-0.04334820573728449,2.35119307761176,,,,,,,,,,,,,,,,,,,,,,,,,,,,,,,,,,,,,,,,,
HSMA33RR,H4044,UC,1,,,,,,,,,,-0.10377681501666078,0.6840432013492749,0.035680745351016514,-0.4956489637244946,0.04257719349901202,-0.29646959296244335,-0.1483776460813969,1.519760091920388,-0.13833516500220164,-0.4606164747609887,-0.3206853541700213,-0.24865909437580336,-0.8297990584381392,-0.42064969012370684,,,,,,,,,,,,,,,,,,,,,,,,,,,
HSMA33RT,H4044,UC,1,,,,,,,,,,0.11698908159841222,0.508815788167317,-0.4371826911430428,-0.11237907044093372,0.39667096845710703,-0.310235415518487,-0.02988716201016539,1.008862538021783,-0.13833516500220164,0.5253020142261923,-0.043864941956255545,-0.0732552274088732,-0.30853413953767556,0.13238155870707424,,,,,,,,,,,,,-0.09094309253634104,0.5907251697506138,-0.24634640826316948,-1.9084175837188349,0.46262242944450654,0.34809490958758077,-0.7216402665992332,0.6457779211217807,-0.09434468921296807,0.6938153326658193,-0.13571057116566926,-0.32487123643423627,,-0.08939284250604397,0.9920148877456103
HSMA33RX,H4044,UC,1,,,,,-0.7263134212408602,0.9541102146739665,-0.9908363789454748,0.15271713310029783,0.8078523237926134,0.12658540788024472,0.6909274000918442,-0.4196375971841323,0.2066487006232938,0.12935900550257723,-0.25654087522554075,-0.2071150668235321,0.6172599061148207,-0.13833516500220164,0.5823375238967564,-0.3206853541700213,-0.24176066403768656,-0.3807912407722355,0.2359941622287503,,,,,,,,,,,,,-0.18877427151568577,0.5138506801250328,-0.24634640826316948,-1.8676311266917214,0.22149549304319593,0.1142547941512653,-0.24562851201219002,0.6576485301318818,-0.09434468921296807,0.41044027249298287,-0.13571057116566926,-0.10279440594369615,,-0.08939284250604397,-0.852384866350441
HSMA33RX_TR,H4044,UC,1,,,,,,,,,,0.22483336717221036,0.6760707949482736,-0.4132509211363636,0.36952058853613967,0.29382230607175436,-0.21319826649535292,-0.020969443662491014,0.8920099949096495,-0.13833516500220164,0.08893616177670938,-0.3206853541700213,-0.2436181121600726,-0.3433595693263469,0.25203905973420354,,,,,,,,,,,,,-0.012774802623297216,0.3129762480514685,-0.24634640826316948,-1.5324739299708543,0.07239652155885155,-0.1862063913391403,-0.22995194741877056,0.7721722954035725,-0.09434468921296807,-0.07552133832780346,-0.13571057116566926,-0.23301540043091898,,,
HSMA33S4,H4043,CD,1,,,,,,,,,,-0.7835619649326342,-0.48891473037855593,0.23684340124109515,-0.1879351293314658,-0.41047378195078027,-0.3172049645815384,-0.16164880340384208,0.026395824552739294,-0.11407085113498545,-0.14887248204259163,-0.06063837753742178,-0.23049206233615424,-0.07598120819605599,-0.24958784354832397,,,,,,,,,,,,,,,,,,,,,,,,,,,
HSMA33SE,H4045,nonIBD,0,,,,,,,,,,-1.5794194001562716,-2.454757425679095,-0.32824012282685344,-2.8645179664595712,-0.31721898346788285,-0.28216385089914187,-0.4161294256638113,-3.152330162257649,-0.11407085113498545,-0.15731344345533943,0.001400797070362236,-0.10660378716314572,0.33184280260664817,-1.330147640744594,,,,,,,,,,,,,,,,,,,,,,,,,,,
HSMA33SG,H4045,nonIBD,0,,,,,-0.8099994189189467,-0.709550679163886,-1.1671976464347091,0.1664479810490232,-0.5315719591823439,-0.6832013799620683,-1.179892352023384,0.36742883318650205,-0.7464627292227873,-0.28963362398096165,0.4841303825697846,-0.5326166944721366,-0.7977024351543449,-0.11407085113498545,-0.4624807196616313,0.6552191478179438,0.21163861548131824,-0.8216890701195324,-0.28242101594550073,,,,,,,,,,,,,-0.7152009014553127,-0.8633993553155935,-0.12577250608758034,-0.9113119523179456,-0.06584680921740725,-1.2422670365907524,-0.15125473328026187,0.4415902718080728,-0.09938799855279619,-0.07948464647154396,0.32351884714648843,2.2318297004609726,,-0.10717564228878608,-0.3217867119380212
HSMA33SI,H4045,nonIBD,0,,,,,,,,,,-0.04914552880905084,-0.0170510371528364,0.6780397759959643,-1.4257733440350637,-0.559819355625671,-1.6987178873155868,1.5072503509309025,0.25649236274270837,-0.11407085113498545,0.018554745090112373,0.9931329602829421,0.355334625121968,-0.03574860223389467,-0.311157340704551,,,,,,,,,,,,,-1.5329773473080779,-0.5552892031011352,-2.3246320706143675,-1.5743452395650066,0.5097721664585416,-0.6858955146247856,0.4535662526859158,-0.031218114721823557,-0.09938799855279619,-0.5342662255982411,2.5214086729578327,0.6209002908220578,,-0.10717564228878608,1.1931297621269052
HSMA33SK,H4045,nonIBD,0,,,,,-0.7556383250654604,-0.024042899157565835,-0.7071208614442472,-0.35526226290712093,-1.5788753475131712,-1.0204136243425646,-1.6211867022310729,0.015714599518187017,-1.2675516635090407,-0.5642682788310492,-0.26854508831369406,-0.29960171502294175,-2.976244356183075,-0.11407085113498545,-0.34107821764075386,-0.3363939264701503,-0.08030011774349677,-0.8443061014690255,-0.5703481124276187,,,,,,,,,,,,,-0.13791725952841002,-1.2651230151257034,-0.2327454228519667,-0.2971803033997771,-1.8230286236072593,-0.4514184742031495,-0.22840243234144464,-0.6475653679339322,-0.09938799855279619,-1.1442702191741294,-0.1342339472220414,-0.29823699268813436,,-0.10717564228878608,-0.9429365148508788
MSM5CFCU,M2008,CD,1,,,0.8588436275988992,1.3880855446412885,,,,,,,,,,,,,,,,,,,,,,,,,,,,,,,,,,,,,,,,,,,,,,
MSM5CFCV,M2008,CD,1,,,-1.2567837471978291,0.7271047129649018,,,,,,,,,,,,,,,,,,,,,,,,,,,,,,,,,,,,,,,,,,,,,,
MSM5CFCW,M2008,CD,1,,,-0.4757222977128109,0.08765932473438454,,,,,,,,,,,,,,,,,,,,,,,,,,,,,,,,,,,,,,,,,,,,,,
MSM5CFD6,M2014,CD,1,,,-1.399859335023184,-0.58733150746923,,,,,,,,,,,,,,,,,,,,,,,,,,,,,,,,,,,,,,,,,,,,,,
MSM5CFD7,M2014,CD,1,,,0.39946232809928245,-0.031191798426610264,,,,,,,,,,,,,,,,,,,,,,,,,,,,,,,,,,,,,,,,,,,,,,
MSM5FZ9N_P,M2010,CD,1,,,,,,,,,,2.5657447618979106,1.3273594068649501,-0.3617084442999441,1.1879183619365912,1.7516233782851385,-0.6280061206642233,1.3453258994986494,1.1491422416579768,-0.11407085113498545,0.9492324708841764,1.3917381940034845,1.0469534408076102,5.138923853883997,1.9565971103743114,,,,,,,,,,,,,,,,,,,,,,,,,,,
MSM5FZ9X,M2014,CD,1,,,,,0.02258978412588098,1.6957740720563546,0.3646955521252527,0.31053265287722004,-0.3130724214991458,,,,,,,,,,,,,,,1.6339889966416818,-0.03492570800200681,,5.290317248086521,-0.19713828343881848,0.07560302623362697,0.7928797392765353,-0.23581076897759604,,1.2441879331977497,-0.208150375760826,0.06293716072304763,,,,,,,,,,,,,,,
MSM5FZ9X_P,M2014,CD,1,,,,,,,,,,1.1536979920000414,4.2890925099018045,0.03226368907511618,4.046974102194113,8.222283330850967,0.19782098946145504,0.6396635064732441,-0.00959473477544757,-0.11407085113498545,0.8960743141642165,-0.18611625839042464,0.19926462212672666,1.730068589268834,4.749545101202534,,,,,,,,,,,,,0.2506104063618397,1.050095317222161,7.107445284140636,1.5615050520156615,0.7842221477521072,0.48772632918151987,0.018150512130632263,-0.32545685980967537,-0.09938799855279619,1.6092685208596258,-0.1342339472220414,-0.29823699268813436,,,
MSM5FZA2,M2014,CD,1,,,,,-0.8087931056190482,0.9372608001970183,0.2439058469914425,-0.6093795162917757,0.16341931346549557,,,,,,,,,,,,,,,1.6339889966416818,-1.4082525341063568,,-0.20356176875780368,-0.33463634663199815,0.07560302623362697,1.1719476763536616,-0.19984601732941035,,0.004307276356582939,0.4077686514099614,2.2532480602914506,,,,,,,,,,,,,,,
MSM5FZA2_P,M2014,CD,1,,,,,,,,,,1.9786806088110502,6.828096086858547,0.2961321843490344,7.228024857012381,17.8362224356931,1.2119916698341509,0.4736343782343667,-0.39330077627549215,-0.11407085113498545,0.29109472179468526,0.23556979249842908,0.3010268675157733,1.5668668435533264,7.994669909714993,,,,,,,,,,,,,,,,,,,,,,,,,,,
MSM5LLD6_P,M2008,CD,1,,,,,,,,,,-0.18233298846377005,-0.6445240430524946,-0.0747016683044321,-0.7663944319790247,-0.40512347020142647,-0.22107863947308856,-0.5403740572394186,0.8166306312020176,-0.1113122162579901,0.3422699687645517,-0.29909236633726183,-0.21211610621197508,0.7734950559555736,-0.4251283112069277,,,,,,,,,,,,,,,,,,,,,,,,,,,
MSM5LLDA,M2008,CD,1,,,,,-0.3206637728172625,0.12507862646796697,0.6031566444855531,-0.21005091317047123,0.8915046025223048,-0.4793486847596929,-0.824291508899556,-0.045945474797765694,-0.8837190137641594,-0.5170261805589044,-0.19377993145747055,-0.46140603835906646,-0.02296876475473246,-0.1113122162579901,-0.1182778648529592,-0.21869254358000262,-0.18451923512026974,0.4841090960250688,-0.4068566592708475,0.49265051425686274,-0.07794501494001509,-0.08650797396966804,-0.48320597070282845,0.636840104797298,0.07500016726067676,-0.11330604039553811,-0.2545646040918579,-0.08650797396966804,-0.2958044247620975,1.4287915982215604,0.013368190302435377,-0.0858457091076795,-0.7777387830793471,-0.28826309641283665,-0.35316982648939066,-0.8439291597142858,-0.13713476154307244,0.06563208477213182,-0.43843752196654795,-0.10370044001367282,-0.41230350349835565,-0.13812187083932795,-0.10830233440464394,,-0.09339860866723376,-2.2317144937330173
MSM5LLDC,M2008,CD,1,,,,,,,,,,-0.1998838307789511,-0.21674795964276747,0.4386324344643167,-0.3513158867652805,-0.19535089896695593,-0.21223798613371517,-0.10342906017297769,0.22896159524191087,-0.1113122162579901,0.007955181045792861,-0.29909236633726183,-0.21531579351252017,0.13714105084620692,-0.518752685722863,,,,,,,,,,,,,-0.2694281373121261,-0.36227179525384046,-0.28826309641283665,-0.7883319703228435,-0.4856213065656961,-0.30561116298600427,-0.2117722064664991,-0.9880000603390046,-0.10370044001367282,-0.49187611235595324,-0.13812187083932795,-0.19458024888961276,,-0.09339860866723376,0.44904623376041913
MSM5LLDE,M2008,CD,1,,,,,,,,,,-0.12861744215873785,-0.5443344277360006,0.8460384644596374,-0.2625156791572146,-0.023232949712154553,-0.5397400123399002,-0.49956401847197074,0.3345342704646499,-0.1113122162579901,-0.08242257627609956,-0.1844155364960428,-0.8432018537029426,0.4694827634993601,-0.49556188361558895,,,,,,,,,,,,,,,,,,,,,,,,,,,
MSM5LLDI,M2008,CD,1,,,,,0.2458176192035943,0.021606491907484763,0.6881388825270437,-0.6843152789353982,1.0261488654670237,-0.6439976045735024,-1.3116911689984636,-0.8605454955122745,-1.1431590803008835,-0.27274587123802235,-0.04555407347315748,-0.1528851255296813,0.06639551150471604,-0.1113122162579901,0.05869215056254594,-0.2840806374152243,-0.08614349127520257,0.33499052224120673,-0.4697753381978111,,,,,,,,,,,,,-0.029749598113063314,-0.1931683651244083,-0.28826309641283665,-0.43773293336561436,-0.2702202222669722,-0.2434625893336687,-0.14306920534269352,-0.6095333803554136,-0.10370044001367282,-0.4168264059308742,-0.13812187083932795,-0.29710455056206575,,-0.09339860866723376,-1.7807599014639341
MSM5LLDK,M2008,CD,1,,,,,,,,,,-0.6322328871238214,-0.9817024529752727,-0.2239799499187623,-1.2091025377558122,-0.024210953619401065,0.1384236351282033,0.19863655692047097,0.4690335539801462,-0.1113122162579901,-0.21986552687925554,2.693608838420824,0.23940524248199993,0.12835278793985172,-0.295790817653598,,,,,,,,,,,,,0.013134480959280744,-0.34654700518823633,-0.28826309641283665,0.19425222475764886,-0.3744471268247229,-0.13271180463985638,0.14122800545757022,0.022905863752717574,-0.10370044001367282,-0.38832819484154935,-0.13812187083932795,-0.29710455056206575,,-0.09339860866723376,-0.36077768698147294
MSM5LLDM,M2008,CD,1,,,,,,,,,,-0.5914898180112772,-0.9808844993833999,-0.37123034837320623,-0.7051723913029024,-0.30881766553143025,-0.07575181990328952,-0.09685210286037038,0.03145399363626037,-0.1113122162579901,-0.30362637452738334,-0.16788817299637518,-0.14688725796782381,0.19047178514601906,-0.49350354746163955,,,,,,,,,,,,,-0.20939307987037387,0.26919721185530276,-0.05756448344415409,0.0465371370692853,-1.069906320105105,-0.04801598790129695,0.0950688332726381,-0.5147448834749678,-0.10370044001367282,-0.23561797772424684,-0.13812187083932795,-0.187766021639674,,-0.09339860866723376,0.6108031262510389
MSM5LLDQ,M2008,CD,1,,,,,,,,,,-0.717403499300443,-1.2788704368093724,-0.03714706245354959,-1.1629477706510392,-0.5004309457166171,-0.20233401484780256,-0.23763749637311818,-0.03376285013724589,-0.1113122162579901,-0.5570415462024157,-0.2486070552480217,-0.1795686449111522,0.08644101591950024,-0.31911008397508184,,,,,,,,,,,,,-0.4767838624685503,-0.1865873730044154,-0.28826309641283665,-0.298008849286145,-0.9232248433160513,-0.22747613922180282,0.04234684726148005,-0.3402605381301072,-0.10370044001367282,-0.5862504391006894,-0.13812187083932795,-0.18059299410366578,,-0.09339860866723376,0.43937999051592924
MSM5LLDS,M2008,CD,1,,,,,-0.4936468336156757,-0.22244322880480796,0.9951203216640131,-0.7532194614369456,1.3426334471811134,-0.7231870130769235,-1.4008484987887182,-0.17695213855008965,-1.0115587701687618,-0.4395159251194596,-0.12943307275374064,-0.22543607782063985,0.17727970672591767,-0.1113122162579901,-0.36595166794869344,-0.29909236633726183,-0.20256515537413275,0.20745175883615782,-0.39570286970982854,-0.6201543167261174,-0.04103124769979984,-0.08650797396966804,-0.7059808275008629,-0.6406271240110463,0.07500016726067676,-0.4370062774730689,0.36551046798518555,-0.08650797396966804,-0.08708671244899614,-0.379786803783207,0.013368190302435377,-0.34625736400821655,-0.6949033119331032,-0.28826309641283665,-0.5401544276327782,0.023304816921690313,-0.429644732127969,-0.01928890406893361,-0.253833944433569,-0.10370044001367282,-0.3460677482221369,-0.13812187083932795,-0.29710455056206575,,-0.09339860866723376,-0.049502243500838525
MSM5LLDU,M2008,CD,1,,,,,,,,,,-0.928264020151666,-2.0210188263900912,-0.4091654870259087,-1.1749141829030556,-1.8117336611635348,-0.238230911298923,-1.845377665920144,-0.20073248867742693,-0.1113122162579901,-0.1554331871750577,-0.29909236633726183,-0.21552070386130867,0.35552609371445915,-0.5640711274913983,,,,,,,,,,,,,-0.25511724643678535,-0.8569342522958002,-0.28826309641283665,-0.3938081301787616,-0.6681466087762952,-0.2655568784059605,-0.05624975458133268,-0.7321955679317851,-0.10370044001367282,-0.6414512125762576,-0.13812187083932795,-0.29710455056206575,,-0.09339860866723376,-0.3695806748912948
MSM5LLE3_P,M2010,CD,1,,,,,,,,,,13.15729564328893,0.7532064874020462,0.3223288461209426,1.956567897136781,0.6952050542271474,-0.08795603365084641,17.65573236248157,2.501577998817975,-0.11407085113498545,9.063779550458138,0.10508068094544638,0.07368546863804361,12.11953368885062,0.42670919498892135,,,,,,,,,,,,,,,,,,,,,,,,,,,
MSM5LLE9_P,M2010,CD,1,,,,,,,,,,0.7627906621847388,-0.1279965922360804,0.06654153931514978,0.18747818504130717,1.3763303312273074,0.9259765404398344,0.828541267122784,2.568798736133519,-0.11407085113498545,4.520059632627589,-0.25925764281042135,-0.01687052691874757,2.5125162977892264,0.1574065292900646,,,,,,,,,,,,,,,,,,,,,,,,,,,
MSM5LLEH,M2034,CD,1,,,,,3.5642446305716886,0.5169385011421371,0.1778860521522267,0.6842945693420834,-0.06094678803080202,,,,,,,,,,,,,,,1.3568596000139785,0.19876046485074497,-0.08650797396966804,-0.11569370887677448,10.234001054275161,0.07500016726067676,1.894342503414063,-0.2309412857317129,-0.08650797396966804,-0.08708671244899614,5.856314785015106,0.013368190302435377,,,,,,,,,,,,,,,
MSM5LLEN,M2021,CD,1,,,,,-0.46593803482192875,-0.593690198754522,-1.2745396501338602,0.46055431002750385,-1.0420682241171535,,,,,,,,,,,,,,,,,,,,,,,,,,,,,,,,,,,,,,,,,
MSM5LLEP,M2021,CD,1,,,,,,,,,,-0.6126135929319725,0.02549080087930423,-1.0990967850357938,-1.250850430339993,0.01636518465260647,-0.5087341120576333,-0.5800335047872507,-0.36625111310902525,-0.1462064739465535,-0.6864629156607553,-0.3461462799823559,-0.5006358904844683,2.1763479716424516,-0.46948482768474026,,,,,,,,,,,,,0.3211032148328819,1.5408149215192533,-0.18469106377590472,0.7119435227040205,0.6672592269696109,-0.5388778663423962,-0.258239033138766,-0.34817656737177305,-0.10429053397097302,-1.055379465525861,-0.18010567816992895,-0.33431691792771256,,-0.11241482424008134,0.2532480068686151
MSM5LLER,M2021,CD,1,,,,,,,,,,-0.11463071778147657,0.5111696162886106,-1.999050442837012,0.03370213677083729,1.0973939811640203,-0.7723519252546044,-0.6613242581442411,-0.1649646149920089,-0.1462064739465535,-0.4789626869556858,-0.3461462799823559,-0.734827378618228,1.758787907924639,-0.6865291404542545,,,,,,,,,,,,,,,,,,,,,,,,,,,
MSM5LLF2_P,M2034,CD,1,,,,,,,,,,3.8325085817480105,-1.490045352069132,-0.12554622034037127,-1.259157838855325,-1.9791547780437893,0.5373494576126997,2.772758193142769,0.3485760659177039,-0.1113122162579901,-0.9622622312422506,1.0864937684187153,-4.098914466609299,4.431457579922062,1.5134134941397912,,,,,,,,,,,,,,,,,,,,,,,,,,,
MSM5LLF4,M2034,CD,1,,,,,-0.3510608023847429,-0.34777917531823815,0.24333526116430737,0.059551302040342646,-0.36084936864624806,2.5284808707059683,-1.827428973848531,0.05047236160670858,-1.6652950412605259,-1.1998511810852364,1.6594138095100621,2.427740954787953,-0.0036475208691217065,-0.1113122162579901,2.2992962002670123,17.455291739653784,-3.071216803578742,3.6531448951401004,21.448325929637257,1.505937083584368,-0.07794501494001509,-0.08650797396966804,-0.22866761854005455,-0.4117098926288363,0.07500016726067676,1.735230145889017,-0.2545646040918579,-0.08650797396966804,-0.08708671244899614,-0.09999805766226688,0.013368190302435377,0.08319862961008068,-0.27051977869193206,0.11339003182070273,1.633318503924918,0.2174702068663967,0.12839659962819722,-0.14875067315080728,-0.47281248309951623,-0.10370044001367282,-0.5471624996227021,-0.13812187083932795,-0.4899669121205514,,,
MSM5LLF6,M2034,CD,1,,,,,,,,,,0.9179389175373533,-1.1231415767756683,-0.27123691445118797,-0.9263220112766992,-0.35320021755883746,0.561691752852332,2.1390975291036107,0.11216983908344738,-0.1113122162579901,0.4451001790546621,5.5957980239650285,-0.8731566935441198,1.7724847771012653,7.251469197655535,,,,,,,,,,,,,,,,,,,,,,,,,,,
MSM5LLF8,M2034,CD,1,,,,,,,,,,-0.28259039963901944,-1.030285322038435,-0.3619297271058614,-0.8255583787301974,-0.09258570906838609,-0.010968986146133666,-0.31312900066629856,-0.16077517825758508,-0.1113122162579901,-0.11574571124615086,0.5391148158902666,-0.40234583817959724,0.3877886721596887,-0.4358350072866391,,,,,,,,,,,,,,,,,,,,,,,,,,,
MSM5LLFG,M2028,CD,1,,,,,-0.36812682439091776,0.48357883812990715,-0.5193425166189254,-0.7307545639026957,0.2632871130179465,,,,,,,,,,,,,,,-0.23818931234946164,-0.056371305558196715,-0.08602647872386804,0.2509353429322718,0.21331439735585864,0.012623600559267523,-0.5960573040856754,-0.0970981801533063,-0.08602647872386804,-0.1507971664076228,0.3520292703939057,0.15804200816145356,,,,,,,,,,,,,,,
MSM5LLFG_P,M2028,CD,1,,,,,,,,,,0.48481253736031105,0.7733174118323741,0.010223546661152943,0.050001141304088816,-0.7448190764567973,-0.3602465510965342,0.31207181857038835,0.2211528537320959,-0.13833516500220164,0.7565378144325463,-0.24523466105568256,-0.1980638390560509,0.15898721201806687,-0.7735507720460235,,,,,,,,,,,,,-0.0028809965864471524,-0.3879818418251726,-0.24634640826316948,0.2073709299433805,-1.5476376986366573,-0.6488741263391098,-0.027563369763654005,0.41991646581322795,-0.09434468921296807,-0.06169429828909033,-0.13571057116566926,-0.23301540043091898,,,
MSM5LLFK,M2026,UC,1,,,,,0.8120920501444807,1.1248493339416599,1.665871159737321,0.17557228916880208,2.2071406550039705,,,,,,,,,,,,,,,0.6349796828250016,-0.07794501494001509,-0.08650797396966804,-0.15738901755619716,-0.4646443290367658,0.07500016726067676,0.6619850458910264,-0.2545646040918579,-0.08650797396966804,-0.08708671244899614,-0.12446290147810249,0.013368190302435377,,,,,,,,,,,,,,,
MSM5LLFK_P,M2026,UC,1,,,,,,,,,,0.7573398593452609,0.8898146923497956,1.197621919667964,0.4015472427726927,-0.006804657640737187,0.7644941222381612,0.39626415421325983,0.4615983199284532,-0.1113122162579901,1.1907928976937316,-0.29909236633726183,-0.18178546302323562,0.08277480196679805,-0.46126975557115807,,,,,,,,,,,,,0.264191469213802,0.402974248400999,0.47648191008281837,0.29427790318105457,2.0279974784615855,0.11091098207372611,0.16751787876207938,-0.6396191359962092,-0.10370044001367282,-0.020911496575468716,1.6844094284936584,-0.723629945193968,,,
MSM5LLFM_P,M2026,UC,1,,,,,,,,,,0.40021020378750877,0.677233964155341,0.6260449220669116,0.5661879601603018,-0.18123529180415915,-0.2444625920836549,-0.03834397930544708,0.053406804659029486,-0.1113122162579901,0.7841919312974455,-0.29909236633726183,-0.20799552156912746,0.2583677316367961,-0.5464325198016892,,,,,,,,,,,,,1.8380574880166156,0.6514964175357432,-0.28826309641283665,1.0045655441540176,-0.6336744344689718,0.26243344772687505,3.6155409694370766,0.3991365984422511,-0.10370044001367282,4.433407849805263,-0.13812187083932795,-0.1400656046714867,,,
MSM5LLFO,M2026,UC,1,,,,,0.8786050211047564,0.2165597937491304,-0.13859021145257794,-0.661833037198659,0.5294189468117263,,,,,,,,,,,,,,,0.3366386044448269,-0.07794501494001509,-0.08650797396966804,-0.08611041657233977,-0.14567808415551198,0.07500016726067676,0.13888107968299776,-0.2545646040918579,-0.08650797396966804,-0.08708671244899614,-0.14296984138690302,0.013368190302435377,,,,,,,,,,,,,,,
MSM5LLFO_P,M2026,UC,1,,,,,,,,,,0.22498289887603007,0.2972611041795163,-0.18392771556642806,0.2804315137663847,-0.3441196972758079,-0.1367480800724411,0.33049272750812675,0.08655150956753555,-0.1113122162579901,0.4545792306052675,-0.29909236633726183,-0.5021516283237603,-0.14961136158351324,-0.5410849206695122,,,,,,,,,,,,,1.8449129263190556,1.416858365990224,0.25005981434998187,1.4739874088379716,3.7697443201266174,0.9886282396298406,-0.8201273195065059,-0.6057919535575205,-0.10370044001367282,-4.294614413390921,-0.13812187083932795,0.23677311547462357,,,
MSM5LLFU_P,M2026,UC,1,,,,,,,,,,0.6202567474433458,0.8410320959702181,-0.32721283718831085,0.7215609645539436,-0.19564000163488154,0.16569430488144546,0.33022128524202865,0.22186134898805168,-0.1113122162579901,0.49132291613315643,-0.29909236633726183,-0.18247764821972573,0.26254524086736314,-0.49618664208194996,,,,,,,,,,,,,0.679756778147231,-0.43225757191942277,1.029494871350766,0.18782416893428341,0.7435425414914835,0.10591124316572384,0.19225354670047096,0.6326323185637707,-0.10370044001367282,0.46647227758270343,-0.13812187083932795,-0.771199094785311,,,
MSM5LLGD_P,M2014,CD,1,,,,,,,,,,-0.1417656205254099,-0.2935053026474908,-0.20046834742239936,-0.36732005781541965,-0.2814829323175492,-0.30826693179199943,-0.3365067294065068,-0.489497107981007,-0.11407085113498545,-0.32359349721166863,-0.3363939264701503,-0.2747716546767476,-0.3600912489879144,-0.4852319116524333,,,,,,,,,,,,,1.6987354110698039,-0.20695452470275136,5.844661538169934,0.8475689876744653,-0.3096433060338727,-0.39794711626440754,1.5798572748447446,1.376572102360201,-0.09938799855279619,1.5429610714868565,1.3525320541610801,-0.3209871168342489,,,
MSM5LLGF_P,M2014,CD,1,,,,,,,,,,-0.25248938483894945,-0.2964812954221177,-0.11708938878731597,-0.3864763237260418,-0.46998471878050874,-0.36148653013131304,-0.503969803084095,-0.3816884523696667,-0.11407085113498545,-0.11224041383536307,-0.29904673148871114,-0.2604365170498074,-0.157255821470057,-0.40770681208964393,,,,,,,,,,,,,,,,,,,,,,,,,,,
MSM5LLGH,M2014,CD,1,,,,,-0.3096803364505696,0.7296029182192384,1.1545613670122121,-0.7738992786173832,1.3040236904190037,,,,,,,,,,,,,,,1.2029585907800004,-0.03492570800200681,,0.24785991789176373,-0.30379506733426515,0.07560302623362697,1.1719476763536616,-0.23581076897759604,,-0.1540151390553218,-0.208150375760826,0.06293716072304763,,,,,,,,,,,,,,,
MSM5LLGH_P,M2014,CD,1,,,,,,,,,,-0.0680161165375771,-0.1770450260013143,-0.33642495852199916,-0.15801947472161326,-0.2888924892696361,-0.27006390711574424,-0.9276757104748576,-0.38082346466649636,-0.11407085113498545,-0.19053990582351232,-0.3363939264701503,-0.27805276488355374,-0.14603978827115205,-0.5009062557070265,,,,,,,,,,,,,0.19681340299111663,0.20867539219732548,-0.2327454228519667,0.39799701423825845,0.3401473628786158,-0.4086705880520645,-0.5827792630586079,-0.4131008439327594,-0.09938799855279619,-0.24690394164102292,-0.1342339472220414,-0.29823699268813436,,,
MSM5LLGJ_P,M2014,CD,1,,,,,,,,,,0.019808783065423673,-0.08742009941311715,0.011220100493459874,-0.020336154947234068,-0.3753376399568744,-0.3053226636934605,0.08790561179017924,-0.05220195073195024,1.9751958863760917,-0.26580356463310945,-0.3363939264701503,-0.004631870200491868,0.23813197411701748,-0.4794014321780621,,,,,,,,,,,,,,,,,,,,,,,,,,,
MSM5LLGL,M2014,CD,1,,,,,,,,,,-0.1328289688239101,-0.10433073882928516,-0.2602718581055937,-0.25232515081687035,-0.37551672309587464,-0.29964507598081136,-0.02572330684268519,-0.616437579101699,-0.11407085113498545,0.1271278387186301,-0.3363939264701503,-0.27476165492496635,0.17011661410206805,-0.4809591619827989,,,,,,,,,,,,,,,,,,,,,,,,,,,
MSM5LLGN_P,M2028,CD,1,,,,,,,,,,0.49368856219584656,0.9383963565542057,-0.3944488862654149,0.622442276207828,0.06144757213829151,-0.28384217467906886,0.185474170275035,0.22579842045080498,-0.13833516500220164,1.2638061406496393,-0.3206853541700213,-0.24805914191528997,-0.029028626669601834,-0.45154084444586357,,,,,,,,,,,,,,,,,,,,,,,,,,,
MSM5LLGR,M2028,CD,1,,,,,-0.4321610024157915,0.3549928200124995,0.04818242863970851,-1.095315419935397,0.2611057760186759,,,,,,,,,,,,,,,-0.30155599514418646,-0.479968171274611,-0.08602647872386804,0.2509353429322718,-0.28668745689911096,0.012623600559267523,-0.5272412663512775,-0.9888145035373185,-0.08602647872386804,0.43751738277973184,-0.18441784481302484,0.15804200816145356,,,,,,,,,,,,,,,
MSM5LLGR_P,M2028,CD,1,,,,,,,,,,0.3316843373256872,0.315682386060822,-0.19909359580979488,0.13456373426938947,-0.7085191671818365,-0.22207034959121358,0.520165938289285,0.6351794586054783,-0.13833516500220164,0.2836748326753437,-0.2717503757304973,-0.23099680418120921,0.7587112218747236,-0.8681671768535575,,,,,,,,,,,,,,,,,,,,,,,,,,,
MSM5LLH2_P,M2027,CD,1,,,,,,,,,,0.22739916933196982,-0.16711620217296008,1.434902469490139,-0.13809198497508796,-0.47982086870023694,0.05571460770378361,0.031291888898160126,-0.19807682307957133,-0.10843274156073193,-0.18307626288106543,-0.04258596510885831,0.13121064410743852,0.04972743450357419,30.65804597433247,,,,,,,,,,,,,3.358691904354384,2.01573000732142,0.7014229228548529,1.3911178311745838,0.015556802260449878,0.1747000380380954,-4.155177166754965,0.6351857274682119,,2.5897913685010434,-0.07939061616942635,-0.2813350374326855,,,
MSM5LLH4_P,M2027,CD,1,,,,,,,,,,-2.1589620596406407,-1.561663172993134,0.018198974103292263,-1.7124996954914473,-0.15031243898936705,-0.24115582413734746,-6.315908497722464,-1.750993285117415,-0.10843274156073193,-2.069941771816924,-0.15836730502047283,-0.2027087551268087,-0.11748879122228777,2.9856798378711473,,,,,,,,,,,,,0.5405031738883688,1.465615175630313,-0.1841434975068624,0.120139417622205,-0.5948467174135386,0.2010982266457151,-3.465642660479886,0.8765370710247309,,-0.4969892687368247,-0.07939061616942635,-0.2813350374326855,,,
MSM5LLH8,M2027,CD,1,,,,,-0.6433740406013089,-1.0670859747548413,-0.6644642530140276,1.2046386083192848,0.30726261471148075,,,,,,,,,,,,,,,-1.686405067752654,-0.32130983099559624,-0.07284643967679481,-0.274615651427781,-0.3513517168060896,0.09560573483367543,-0.29790455213907713,-0.486678862101621,-0.07284643967679481,-0.18950180663358096,-0.9857203724302956,0.030391478799598647,,,,,,,,,,,,,,,
MSM5LLH8_P,M2027,CD,1,,,,,,,,,,-0.7431447882815991,-0.9030880073468788,-0.0987467553906525,-1.0276134358116928,-0.14399193901144713,-0.2409515772411109,-1.5532391503644303,-0.9834365484869666,-0.10843274156073193,-1.7194928510920342,-0.21326325113431455,-0.2116747622339309,0.03309039986423748,-0.06290881202789941,,,,,,,,,,,,,1.0888128167182742,3.4861158028025208,-0.06047346431889502,2.29406421178477,2.980308974151635,-0.34200573430031295,1.0065323195468596,4.462111906231027,,-0.254564755016916,-0.07939061616942635,-0.6629007003425145,,,
MSM5LLHA_P,M2027,CD,1,,,,,,,,,,-0.5579716036990581,-0.7698162639336015,-0.07834171524291307,-0.9014651881228533,-0.19645212853461297,-0.15101449846981158,-0.6158217013271541,-0.277518026549247,-0.10843274156073193,-0.5152219694523733,0.11296166581742503,-0.1337194578877326,-0.12912991007379349,-0.09938707800698912,,,,,,,,,,,,,-0.5215036628349432,-0.2784794043725331,-0.1841434975068624,-0.7903196653464992,-0.446991043638032,-0.9255681153300944,0.22452343423751597,-0.2792553742691681,,-0.4650600187681196,-0.07939061616942635,-0.2813350374326855,,,
MSM5LLHC,M2027,CD,1,,,,,,,,,,-1.5882567197190063,-1.5361646219664677,-0.2889996599207308,-1.614214748615301,-0.36615218409335876,-0.2210633934836211,-4.1725358334749325,-2.7641591958761706,-0.10843274156073193,-2.916321589867136,-0.16311287996930904,-0.21317100401222516,-0.41672933446259397,-0.1947410178674939,,,,,,,,,,,,,-0.5471251467607802,0.49284722324115776,-0.1841434975068624,0.0006859946160537173,-0.3690473520316176,0.10185832356839002,-0.4068711497143608,0.39905630721739044,,-0.06881383966539946,-0.07939061616942635,-0.2813350374326855,,-0.062149905905642094,-0.7239309434587653
MSM5LLHE_P,M2025,CD,1,,,,,,,,,,-3.954378380269143,-4.500522147457072,-0.40942407259381247,-5.898844597039516,-4.052590308407312,-0.29646959296244335,-0.18737070363293862,0.03205956910389534,-0.13833516500220164,-0.2730746617488323,-0.3206853541700213,-0.24865909437580336,-0.7014723811567406,1.1815773102594158,,,,,,,,,,,,,-1.211324383178718,-4.256332339301945,-0.24634640826316948,-2.5134951669796157,-0.4801612753799344,0.7683595079343997,0.23358143155332745,-1.2559918586938026,-0.09434468921296807,0.11318474028779146,-0.13571057116566926,-0.10770780742202184,,,
MSM5LLHG_P,M2025,CD,1,,,,,,,,,,-2.2632980327149,-2.001114867246756,-0.44715067200947717,-3.508504226496617,-3.295649419234339,-0.29646959296244335,-0.82579760598118,-1.996780988732907,-0.13833516500220164,-2.8425871127288924,-0.3206853541700213,-0.24865909437580336,-0.6851708408352447,0.7725917171823699,,,,,,,,,,,,,-1.317766134895324,-2.3635819564645932,-0.24634640826316948,-4.469167706419972,-1.04751267481787,0.7562325551247132,-0.5134036454177568,-5.094154034858367,-0.09434468921296807,-0.671837926160678,-0.13571057116566926,-0.09441332003166063,,,
MSM5LLHI_P,M2025,CD,1,,,,,,,,,,-2.827428889075683,-2.296102180009648,-0.39196109284422836,-4.256026388783408,-5.5551648539962795,-0.29646959296244335,-0.4569430280521867,-6.533038953932245,-0.13833516500220164,-5.66452215738657,-0.3206853541700213,-0.24865909437580336,-0.3936324799265814,0.1796771863284319,,,,,,,,,,,,,-0.8978404955107471,1.4131626267072959,-0.24634640826316948,-3.1239680823464973,-0.8051925319328869,1.6199570823044238,-0.02200392314736233,-0.583876598679736,-0.09434468921296807,-0.6848733442559733,-0.13571057116566926,-0.23301540043091898,,,
MSM5LLHM,M2025,CD,1,,,,,-0.2316627557571384,-1.4036535750531947,-1.5062549547471564,-1.4394567553291213,-0.565396679349552,,,,,,,,,,,,,,,-1.7618459574036287,-0.056371305558196715,-0.08602647872386804,-0.45913360890033195,0.1269657794971379,0.012623600559267523,-1.335217470988216,-0.0970981801533063,-0.08602647872386804,0.6795549450046521,0.3520292703939057,0.15804200816145356,,,,,,,,,,,,,,,
MSM5LLHO_P,M2025,CD,1,,,,,,,,,,-2.011240413800498,-1.911620139533279,-0.46570907730778643,-3.4958875348383813,-3.654261412635285,-0.29646959296244335,-0.6150926430372542,-1.4063186656782014,-0.13833516500220164,-2.6833902367691516,-0.3206853541700213,-0.24865909437580336,-0.5246379848249486,0.5610624925220526,,,,,,,,,,,,,0.648613196853332,-0.2600363423890276,0.34824728140735556,-0.11270845798499085,-0.08098861586503521,-0.3645694953253425,0.9905915216204066,-0.38468982051934386,-0.09434468921296807,-0.2421094864498772,-0.13571057116566926,-0.23301540043091898,,,
MSM5LLHQ,M2008,CD,1,,,,,0.09605732716045409,0.5956175245498402,0.904141033017374,-0.8304591284639983,-0.012364663212132284,,,,,,,,,,,,,,,0.07063827340091358,-0.20353150933822853,-0.08650797396966804,-0.7985745277957899,0.5293111110405063,0.07500016726067676,-0.8096233914241325,2.85609107960052,-0.08650797396966804,-0.2958044247620975,-0.11363703562835434,0.013368190302435377,,,,,,,,,,,,,,,
MSM5LLHQ_P,M2008,CD,1,,,,,,,,,,-0.6939397473814113,-1.085202932679571,-0.1980846902707061,-1.347031772968655,-0.4476785061498072,-0.22045671080398238,-0.30979853878258035,0.0071842738236129865,-0.1113122162579901,-0.17872434903287066,-0.29909236633726183,-0.2120480486203195,0.051635511296072197,-0.40367382378201916,,,,,,,,,,,,,0.9789970146093252,-0.18089205306150843,-0.28826309641283665,0.4492071385209177,0.46505651914552804,0.12245980853507578,2.6122275699217328,0.1478862735859766,-0.10370044001367282,-1.0576997234368064,-0.13812187083932795,-0.1889494785039886,,,
MSM5LLHR_P,M2021,CD,1,,,,,,,,,,-1.0891778221089736,-1.3061356194489249,-0.1445177934290084,-1.3848209023945075,-0.4997032727098444,-0.3534361838458687,-0.4992535976999742,-0.17967795378233212,-0.1462064739465535,-0.5000386183389258,-0.33651251652655295,-0.3476962754843961,0.44619120734041484,-0.9201663153791977,,,,,,,,,,,,,-0.32387620250315874,-0.40866768303799084,-0.18469106377590472,-0.623082344416273,-1.6915320799938613,-0.5388255985700141,0.10657549492721763,-2.0140125876798627,-0.10429053397097302,-1.928159570905446,-0.18010567816992895,-0.33431691792771256,,,
MSM5LLHV_P,M2024,UC,1,,,,,,,,,,-0.43786508348260433,0.33617444960870074,0.009563937327909017,-0.8235080608783765,0.17807351144510147,-0.03943034708214702,-0.47467033384044494,0.39782761571854014,-0.13833516500220164,-0.0068092818003269015,0.029513218570295208,-0.11888451948489746,-0.22613836679050384,-0.3124788976410596,,,,,,,,,,,,,-2.005100300525943,-2.319871889273592,-0.24634640826316948,-2.2937888328287306,-4.74154111031502,0.5218017299642513,-0.16431497824771313,-3.0483803051647236,-0.09434468921296807,0.20250407056008968,-0.13571057116566926,-0.10167992046611561,,,
MSM5LLHX_P,M2008,CD,1,,,,,,,,,,-0.47755911108930665,-0.6328659398527875,0.3198644669329079,-0.6431837945675583,-0.3994362991367142,-0.2135355275123377,-0.5367324366031927,-0.09584212875242043,-0.1113122162579901,-0.17111830354078128,-0.29909236633726183,-0.19919107151875415,-0.21840826534702287,-0.4816110243523195,,,,,,,,,,,,,0.1484818538025142,-0.5883093322047447,-0.28826309641283665,-0.2382656868855753,-0.5855499874646309,-0.14097713585130167,0.31728374644612295,-1.0132329571520664,-0.10370044001367282,-0.7579299817460303,-0.13812187083932795,-0.1804180499693489,,,
MSM5LLHZ,M2008,CD,1,,,,,-0.030543734785032542,1.2627002707188468,0.3050390267898206,-0.5397673622469943,0.33236211423575734,,,,,,,,,,,,,,,0.6678604531563437,-0.07794501494001509,-0.08650797396966804,-0.15738901755619716,-0.14567808415551198,0.07500016726067676,0.14243123829845936,-0.2545646040918579,-0.08650797396966804,-0.2958044247620975,-0.14296984138690302,0.013368190302435377,,,,,,,,,,,,,,,
MSM5LLI2_P,M2008,CD,1,,,,,,,,,,-0.7994653532271495,-1.458697359037599,-0.2687460741011516,-1.4386390410566885,-0.5704043660663747,-0.2293246423116957,-0.3243454978232351,0.16964904567694095,-0.1113122162579901,-0.24510176746852771,-0.29909236633726183,-0.21542010298490566,0.09204369729585735,-0.42652823357182496,,,,,,,,,,,,,,,,,,,,,,,,,,,
MSM5LLI4_P,M2008,CD,1,,,,,,,,,,-0.610556973304834,-0.8178986099934882,0.20330576445426213,-1.0648578842898981,-0.4260597651708815,-0.24010705175784552,-0.31103362758512665,-0.08577631984571917,-0.1113122162579901,-0.3562468807491721,-0.2909458725717764,-0.21360988212623377,-0.12720146220814046,-0.48464730964893543,,,,,,,,,,,,,,,,,,,,,,,,,,,
MSM5LLI6_P,M2008,CD,1,,,,,,,,,,-0.7160336119858287,-1.1766379177673996,-0.1238125151730695,-1.1941401843794115,-0.3357919244198978,-0.22318429380316815,-0.3214332612180833,0.28472166365184537,-0.1113122162579901,-0.32893539262078847,-0.29090995061395497,-0.192947992748983,0.23578945906898394,-0.3617082357703247,,,,,,,,,,,,,0.2580991405376999,-0.11499246147921077,-0.28826309641283665,0.3661662600723472,-0.9138166362608012,0.12354875743856618,0.6369895441821902,0.8876196892534896,-0.10370044001367282,-0.25287226146161984,-0.13812187083932795,-0.06097439560696958,,,
MSM5LLI8_P,M2008,CD,1,,,,,,,,,,-0.8387881439806611,-1.3840816033612522,-0.3803169833249673,-1.6125134892463298,-0.48371579141410853,-0.22391219898917888,-0.2102447463996393,0.07755964769196966,-0.1113122162579901,-0.17953683044350072,-0.24183381716831753,-0.19026444424389405,0.09761084573713971,-0.48237797000393345,,,,,,,,,,,,,,,,,,,,,,,,,,,
MSM5LLIC,M2025,CD,1,,,,,-0.7921087774183427,-1.4496614225088396,-0.8477668937379336,-0.5633905681502592,-0.503489922035746,,,,,,,,,,,,,,,-1.012140396840921,0.36722556015821756,-0.08602647872386804,-0.8522106194470238,-0.27137956473990005,0.012623600559267523,-1.48111578660587,-0.0970981801533063,-0.08602647872386804,-0.6985401345417317,-0.1943861078696173,0.15804200816145356,,,,,,,,,,,,,,,
MSM5LLIC_P,M2025,CD,1,,,,,,,,,,-1.3578557987086486,-0.8693969143855914,-0.4706190736889635,-2.047539272001382,-1.8218564978459741,-0.12490976808335949,-0.7204048966823283,-0.8141834336576004,-0.13833516500220164,-1.223895105500674,-0.3206853541700213,-0.2610621856208557,-0.3652149123361637,1.3741613316568277,,,,,,,,,,,,,-1.0984422402509528,-1.6802328483281879,-0.24634640826316948,-4.152949518787298,-0.9805348060689557,3.090316559492701,-1.9502806781991984,-4.872661892517473,-0.09434468921296807,-1.2343503744607718,-0.13571057116566926,3.3209380326115907,,,
MSM5LLIE_P,M2021,CD,1,,,,,,,,,,-1.0690208174642526,-1.1840176176071893,-0.3087294919589336,-1.8501708293814325,-0.20540987277753384,-0.36480302817743265,-0.8464507533538427,-0.229470582551616,-0.1462064739465535,-0.9402922125905505,-0.3461462799823559,-0.35432032474260416,0.4465935850881349,-0.5030726864511926,,,,,,,,,,,,,3.7336734090717525,7.24345705989013,0.036680287531085806,4.402538649720947,1.8058064295622998,-0.3320734088687213,3.1631382347544714,-1.8346029651759754,-0.10429053397097302,0.7055961297549692,-0.18010567816992895,-0.33431691792771256,,,
MSM5LLIG,M2021,CD,1,,,,,0.03305443165344205,-0.6896901359355594,-0.11002171037737868,0.27597092823348357,0.5423467004913459,,,,,,,,,,,,,,,,,,,,,,,,,,,,,,,,,,,,,,,,,
MSM5LLIG_P,M2021,CD,1,,,,,,,,,,-0.7528846020248794,-0.908296422828576,-0.2535403332006044,-1.2334325548516547,-0.8106452481303392,-0.38050883383254247,0.09005120794710242,-0.17566542032113175,-0.1462064739465535,-0.0903674659403888,-0.3461462799823559,-0.35172489811091895,0.6430574520812469,-0.5070660144079291,,,,,,,,,,,,,0.7090180250335401,-1.0096652984463517,-0.18469106377590472,-0.6550508800399475,0.2104876933057669,-0.5388255985700141,-0.16161138727302143,-1.7435983690675267,-0.10429053397097302,-1.310641747754721,-0.18010567816992895,-0.33431691792771256,,,
MSM5LLIK,M2021,CD,1,,,,,-0.23319603644410983,0.4186462955474935,0.10818446028029537,-0.0409039029582099,0.350058502986108,,,,,,,,,,,,,,,-0.14417066344435758,0.08761395366722986,-0.08813052984784635,-0.4763887185140958,-0.26491081601897964,0.15455173581269654,-0.32586169221743794,-0.3599320260332242,-0.08813052984784635,-0.09899998676910823,-0.5838109864854801,0.07869356735747605,,,,,,,,,,,,,,,
MSM5LLIK_P,M2021,CD,1,,,,,,,,,,0.018304753211823215,0.6105615705670745,-0.23294601991586053,-0.06243954508375322,0.5842706681502112,-0.42226440878269655,-0.4709394576417248,0.07894450427121659,-0.1462064739465535,0.09587942522271718,-0.3461462799823559,-0.3847660569014401,0.546950150192877,-0.4984955358011191,,,,,,,,,,,,,0.22925425834066152,0.7204137673884725,-0.18469106377590472,0.7661971600213906,0.48780388737130165,-0.38159010211616423,-0.3235412050232058,0.018322939559700456,-0.10429053397097302,0.31635143325080317,-0.18010567816992895,-0.33431691792771256,,,
MSM5LLIM_P,M2021,CD,1,,,,,,,,,,0.1480342331390606,0.44570588096585784,-2.590661579470206,0.42678921141915344,0.920661497684256,-2.109894761144644,-0.6395973531872586,-0.13167403049969703,-0.1462064739465535,-0.3364696399485402,-0.3461462799823559,-1.865692789346688,6.0838556137531885,-1.0391139436508179,,,,,,,,,,,,,,,,,,,,,,,,,,,
MSM5LLIQ_P,M2026,UC,1,,,,,,,,,,0.17575653139918665,2.224716266382204,-0.4091654870259087,-0.0043103724007356155,0.015222977094208173,0.3147613581853676,0.963931723718421,-0.20073248867742693,-0.1113122162579901,-0.22814397872831976,-0.29909236633726183,-0.21552070386130867,0.4438668415048679,-0.1708312505191402,,,,,,,,,,,,,0.3806065695715003,0.30432687361959215,-0.28826309641283665,0.20470162886413398,0.9191981860822122,0.9352972509348513,1.242916529822278,-0.5334757348708606,-0.10370044001367282,0.16431734441190488,-0.13812187083932795,0.22177905797468006,,,
MSM5LLIS,M2027,CD,1,,,,,0.34475657505662416,0.36695938671908956,0.36610409493739804,0.08599544597122896,0.25578977514985013,,,,,,,,,,,,,,,-2.099113576278102,-0.22967101184415356,-0.07284643967679481,0.41615453917421436,0.003018871259954344,0.09560573483367543,-0.3493918691040774,-0.3377928645099569,-0.07284643967679481,0.11359692348648927,0.10061699660505338,0.030391478799598647,,,,,,,,,,,,,,,
MSM5LLIS_P,M2027,CD,1,,,,,,,,,,-1.3866948651638802,-0.951770617019886,-0.2534305192287452,-1.2623969275257476,-0.18435780027547669,-0.24856420170430885,-3.5757885275368397,-0.8214574303986054,-0.10843274156073193,-1.6789468265216831,-0.21326325113431455,-0.21481765944196018,0.007021181912709912,-0.06698433122315348,,,,,,,,,,,,,3.108582662537346,4.651155994248032,-0.1841434975068624,2.559677433447096,1.7529902876722285,-0.34200573430031295,0.8034499600081625,1.9174374372327365,,-0.012101366537907693,-0.07939061616942635,-0.2813350374326855,,,
MSM5LWJ3,M2028,CD,1,,,0.48824230015993103,0.6854624828462802,,,,,,,,,,,,,,,,,,,,,,,,,,,,,,,,,,,,,,,,,,,,,,
MSM5LWJ4,M2028,CD,1,,,0.4165521568065052,0.08959738717315728,,,,,,,,,,,,,,,,,,,,,,,,,,,,,,,,,,,,,,,,,,,,,,
MSM5LWJG,M2034,CD,1,,,-0.6170674264418073,-0.7285765869751145,,,,,,,,,,,,,,,,,,,,,,,,,,,,,,,,,,,,,,,,,,,,,,
MSM5LWJH,M2034,CD,1,,,0.18118463083086192,-0.7229331964542014,,,,,,,,,,,,,,,,,,,,,,,,,,,,,,,,,,,,,,,,,,,,,,
MSM5LWJN,M2039,nonIBD,0,,,-1.7139380527600827,-0.8389261065558027,,,,,,,,,,,,,,,,,,,,,,,,,,,,,,,,,,,,,,,,,,,,,,
MSM5LWJO,M2039,nonIBD,0,,,-0.031646722473988774,-0.239943323630313,,,,,,,,,,,,,,,,,,,,,,,,,,,,,,,,,,,,,,,,,,,,,,
MSM5LWJS,M2041,nonIBD,0,,,0.879424545272532,-0.28740892833101855,,,,,,,,,,,,,,,,,,,,,,,,,,,,,,,,,,,,,,,,,,,,,,
MSM5LWJT,M2041,nonIBD,0,,,-1.946390198579452,-0.3569723124256837,,,,,,,,,,,,,,,,,,,,,,,,,,,,,,,,,,,,,,,,,,,,,,
MSM5LWJU,M2042,nonIBD,0,,,0.5673599875935926,-0.7287507413317333,,,,,,,,,,,,,,,,,,,,,,,,,,,,,,,,,,,,,,,,,,,,,,
MSM5LWJV,M2042,nonIBD,0,,,-1.5279346675514842,-0.7167404937976389,,,,,,,,,,,,,,,,,,,,,,,,,,,,,,,,,,,,,,,,,,,,,,
MSM5LWJZ,M2008,CD,1,,,0.4165262069803304,1.2133194075962324,,,,,,,,,,,,,,,,,,,,,,,,,,,,,,,,,,,,,,,,,,,,,,
MSM5LWKD,M2008,CD,1,,,1.5621420204221983,1.6662042327814814,,,,,,,,,,,,,,,,,,,,,,,,,,,,,,,,,,,,,,,,,,,,,,
MSM5LWKE,M2008,CD,1,,,0.29981085378723527,0.42185880207376725,,,,,,,,,,,,,,,,,,,,,,,,,,,,,,,,,,,,,,,,,,,,,,
MSM5LWKF,M2060,nonIBD,0,,,0.7343074982404194,-1.0537211790049652,,,,,,,,,,,,,,,,,,,,,,,,,,,,,,,,,,,,,,,,,,,,,,
MSM5LWKG,M2060,nonIBD,0,,,-0.25033395015508886,0.02322032975186809,,,,,,,,,,,,,,,,,,,,,,,,,,,,,,,,,,,,,,,,,,,,,,
MSM5LWKQ,M2021,CD,1,,,-1.5696945077022095,-1.9613393831123678,,,,,,,,,,,,,,,,,,,,,,,,,,,,,,,,,,,,,,,,,,,,,,
MSM5LWKR,M2021,CD,1,,,0.05590960049668074,-1.3033543085153332,,,,,,,,,,,,,,,,,,,,,,,,,,,,,,,,,,,,,,,,,,,,,,
MSM5LWKW,M2021,CD,1,,,0.8783421723637438,0.18217018588475373,,,,,,,,,,,,,,,,,,,,,,,,,,,,,,,,,,,,,,,,,,,,,,
MSM5LWKX,M2021,CD,1,,,0.3609758197617568,-1.5828181000762926,,,,,,,,,,,,,,,,,,,,,,,,,,,,,,,,,,,,,,,,,,,,,,
MSM5LWL1,M2026,UC,1,,,0.7729163409041296,0.7322936109446477,,,,,,,,,,,,,,,,,,,,,,,,,,,,,,,,,,,,,,,,,,,,,,
MSM5LWL2,M2026,UC,1,,,0.4891079123884431,0.31800612125400524,,,,,,,,,,,,,,,,,,,,,,,,,,,,,,,,,,,,,,,,,,,,,,
MSM5LWL3,M2025,CD,1,,,-2.335640065052315,-0.8792500835782767,,,,,,,,,,,,,,,,,,,,,,,,,,,,,,,,,,,,,,,,,,,,,,
MSM5LWL4,M2025,CD,1,,,0.5247870262018333,-0.6168271556113821,,,,,,,,,,,,,,,,,,,,,,,,,,,,,,,,,,,,,,,,,,,,,,
MSM5LWL5,M2026,UC,1,,,-0.6257930685219546,1.148586711396289,,,,,,,,,,,,,,,,,,,,,,,,,,,,,,,,,,,,,,,,,,,,,,
MSM5LWL6,M2027,CD,1,,,-1.3077046177853067,-0.5872688523702336,,,,,,,,,,,,,,,,,,,,,,,,,,,,,,,,,,,,,,,,,,,,,,
MSM5LWL7,M2027,CD,1,,,0.32298625848391976,-1.4081962334504223,,,,,,,,,,,,,,,,,,,,,,,,,,,,,,,,,,,,,,,,,,,,,,
MSM5ZOJY_P,M2014,CD,1,,,,,,,,,,0.08887678861318815,0.7259150158701972,-0.3552302655778078,0.4307783763050989,2.093560019761085,0.0469535946934953,0.9546834869325715,-0.35176032673600127,-0.11407085113498545,0.6998111434547523,1.6467738868038733,0.1515850223027108,1.8609265033320213,6.447526294830645,,,,,,,,,,,,,1.533226377228482,0.20847117983250457,1.694386988539795,2.050664622318611,1.0024345651521727,0.14067545193078038,0.8283571603540236,-0.364896127771902,-0.09938799855279619,2.578137261385027,-0.1342339472220414,-0.29823699268813436,,,
MSM633FF_P,M2014,CD,1,,,,,,,,,,-0.1690113229153565,-0.44522591205343737,-0.16972462590486997,-0.06223646442279027,-0.2462464298156246,-0.3337045879811167,0.6728754814382386,0.0037013237296691756,-0.11407085113498545,0.3977282491509939,-0.09490779444609992,-0.19853876013174132,0.5239596530350427,-0.4128363423355851,,,,,,,,,,,,,,,,,,,,,,,,,,,
MSM6J2H9,M2039,nonIBD,0,,,,,2.028680960090393,1.003241356744972,0.6851814407005482,-0.4755980278999411,0.7004073962562066,,,,,,,,,,,,,,,-1.0058067259471988,0.003660236611615176,-0.07284643967679481,0.18589717694264143,-0.21230774600215846,0.09560573483367543,-0.955342478795881,0.2117966948451668,-0.07284643967679481,0.671738376962736,-0.2946227360106183,0.030391478799598647,,,,,,,,,,,,,,,
MSM6J2HB,M2026,UC,1,,,,,,,,,,,,,,,,,,,,,,0.4438668415048679,-0.5640711274913983,,,,,,,,,,,,,-0.14016321676050797,-0.31118694793881546,0.04392066055622152,0.36046591340691386,-0.04252204868690234,-0.429644732127969,0.8255309962795853,-0.26183772429480817,-0.10370044001367282,-0.43073105963895386,-0.13812187083932795,-0.29710455056206575,,,
MSM6J2HD,M2026,UC,1,,,,,,,,,,0.41245111374287435,0.6370618490818456,-0.0026450026407965842,0.4425379858615211,-0.19699300765924882,-0.23380706894033051,-0.19428934434942793,0.491904901597971,-0.1113122162579901,0.9001711416092711,-0.29909236633726183,-0.2026414206524679,0.2324551152673695,-0.5563168395399053,,,,,,,,,,,,,,,,,,,,,,,,,,,
MSM6J2HF,M2026,UC,1,,,,,1.012636128778702,0.7148091171406916,0.45139919543392615,0.3868400133367778,0.16102628200954275,0.2336388801121224,0.32594860234563866,0.41010770441229205,0.34734564383052513,-0.28254871332519776,-0.23492294931199786,0.00645455924869015,0.28382106322518225,-0.1113122162579901,0.696307362997795,-0.22049035186592808,-0.1717810264308146,-0.21106788768265713,-0.5146012380013006,0.27403972423051315,-0.07794501494001509,-0.08650797396966804,1.3801258345223855,-0.16017524131522184,0.07500016726067676,0.04580631712950788,-0.2545646040918579,-0.08650797396966804,0.7772397218413404,-0.11363703562835434,0.013368190302435377,,,,,,,,,,,,,,,
MSM6J2HH,M2026,UC,1,,,,,,,,,,-0.1296162797361717,0.3496306708760099,0.73007542063028,0.19728908250723529,-0.24467905613131669,-0.5268747745302585,-0.37059296610065456,-0.05219979001183839,-0.1113122162579901,0.31940475385633366,-0.11668918238715494,-0.342044308328625,0.39236866251949665,-0.3503965779105069,,,,,,,,,,,,,,,,,,,,,,,,,,,
MSM6J2HJ,M2026,UC,1,,,,,,,,,,0.4009104117027418,0.5167786627528167,1.163237683742934,0.4246828887176275,-0.18816876763198498,0.16967047491403614,-0.17157596221378327,0.595948108311705,-0.1113122162579901,0.8262908956287326,-0.2825660310772362,-0.18269175298672216,0.5098824617133014,-0.27549098124011984,,,,,,,,,,,,,,,,,,,,,,,,,,,
MSM6J2HL,M2026,UC,1,,,,,,,,,,0.5521225371827486,0.588218972827412,-0.33615940401457106,0.5470067273152919,-0.1498157133378884,0.0400624694182429,-0.0791544771831298,0.42653669670602884,-0.1113122162579901,1.4913618537575084,-0.08593266712539259,-0.12170206145901558,0.4886213968077002,-0.3928744689327724,,,,,,,,,,,,,,,,,,,,,,,,,,,
MSM6J2HN,M2039,nonIBD,0,,,,,,,,,,-0.6133602204391037,-0.29514952455980087,-0.14961065525815753,0.03816458143485068,-0.15357237710197194,-0.24856420170430885,0.006653286887833971,0.1990876175195061,-0.10843274156073193,-0.0335316856302449,-0.21326325113431455,-0.21481765944196018,0.0021731128777313924,-0.25044892456750745,,,,,,,,,,,,,,,,,,,,,,,,,,,
MSM6J2HP,M2039,nonIBD,0,,,,,,,,,,-0.23052643810376638,-0.05223649498250914,-0.4684584439988077,-0.056601773361921376,-0.29452231461439315,-0.24856420170430885,-0.21643252998033746,-0.3379692522745891,-0.10843274156073193,-0.8104688395275337,-0.21326325113431455,-0.21481765944196018,0.05359144304579399,-0.24845301782860513,,,,,,,,,,,,,-0.630135028832427,-0.6596005371606244,-0.1884714240038157,-0.6789401132766343,-0.7275742079077446,-0.2809838954232985,-0.41442806484105366,-0.05647991691577026,,-0.29825457131492583,-0.07939061616942635,-0.2813350374326855,,-0.062149905905642094,-2.610508618337675
MSM6J2HR,M2039,nonIBD,0,,,,,,,,,,0.08180751082457839,0.04253411638054602,-0.20954979919047403,0.39517641388922886,0.052260293672314224,-0.24856420170430885,0.12506582055120458,0.06834573990689659,-0.10843274156073193,-0.0031918687469194304,-0.21326325113431455,-0.21481765944196018,0.07839143258914537,-0.24995113111195655,,,,,,,,,,,,,-0.8035510077310248,-1.8322759092396024,0.4924768714642316,-1.2429309649363058,-0.7214777630076248,-0.34200573430031295,-0.8399663068845316,-0.33917372868214135,,-0.3556484785334789,-0.07939061616942635,-0.2813350374326855,,-0.062149905905642094,-2.325692007375146
MSM6J2HT,M2039,nonIBD,0,,,,,-0.3659111531564422,-0.1674172680592254,-0.425757293773068,-0.565182948068041,-0.22430246443869337,0.27578027893880674,0.38694499315251646,-0.31632164562702086,0.8316337172625852,0.5300330101526411,-0.24856420170430885,0.3066034700540608,0.8634665816996544,-0.10843274156073193,0.4760199286688158,-0.21326325113431455,-0.21481765944196018,0.3770582060909386,-0.25001249806064063,,,,,,,,,,,,,-0.5121966334646126,-2.637446081505513,0.7350603735909071,-0.5418597172797128,-0.6659294731226492,-0.34200573430031295,-0.34946838728751856,-0.7135082547577787,,0.11023576524798805,-0.07939061616942635,-0.2813350374326855,,-0.062149905905642094,-0.7238747979026376
MSM6J2IE,M2028,CD,1,,,,,,,,,,0.45809693381795824,0.5522635182367289,-0.44547036249016697,0.06099547347539057,0.12130185744083162,-0.2872605091654177,0.2148147110819376,0.4374427770794524,-0.13833516500220164,0.8442507046164941,-0.3124279055092684,-0.234383021940497,-0.5273830290370304,-0.8647122979793173,,,,,,,,,,,,,-0.28950400026796225,-0.27842940058785937,-0.24634640826316948,-0.3073270960150362,-0.7981938148017156,-0.44230365224748314,0.18853867116940357,0.46556741790076445,-0.09434468921296807,0.26406975506755936,-0.13571057116566926,-0.11029454573379,,-0.08939284250604397,-0.07533178264717401
MSM6J2IG,M2028,CD,1,,,,,0.2883325061240926,0.599139303739319,-0.4423320313895477,-0.20625621786594783,-0.19878929059530806,0.4849079102302253,0.6391071889607322,0.11081661082743377,0.4976841174197844,0.7856137688898062,0.6463473525274861,0.025443972863113982,0.2191340551647263,-0.13833516500220164,1.4942231585942645,0.05031654893743764,-0.5299166179283621,0.42469125977803585,-0.08686577402001149,0.07972617513379743,-0.30415958742531435,-0.08602647872386804,-0.9806229350470131,-0.20238804424741177,0.012623600559267523,-0.45318620666606374,-0.6597085403216271,-0.08602647872386804,-0.05804290769507923,-0.6755324655186208,0.15804200816145356,,,,,,,,,,,,,,,
MSM6J2II,M2028,CD,1,,,,,,,,,,-0.4575601336398075,-0.988667129338581,0.8549434831054344,-2.81757011268926,-0.45257315756951766,-0.27908023285965583,0.5681028582982812,1.0420632717614757,4.300517698386703,-0.7640446095897526,-0.3206853541700213,-0.2497118707331897,0.39411191321059924,-1.2247323950134064,,,,,,,,,,,,,,,,,,,,,,,,,,,
MSM6J2IK,M2028,CD,1,,,,,,,,,,0.13175431543574967,0.1405712384769048,0.8235336073938292,-0.5093826977208737,-0.5868846621387628,-0.3533299362780749,0.1740828631276944,0.47798393986408744,-0.13833516500220164,0.012528785467726298,-0.28398190858992073,-0.23647983893047927,-0.24902935619196734,-0.8054380321376072,,,,,,,,,,,,,,,,,,,,,,,,,,,
MSM6J2IM,M2028,CD,1,,,,,,,,,,0.3911578030322358,-0.3846332671763372,0.3249183928008955,-0.1789897048198899,0.4789586410990063,-0.3352173630997845,0.07618637253364426,0.5099069425138707,8.837674581567132,1.2485447110352486,-0.1565871864362103,-0.09513920300911441,0.03119532943006821,-3.7174369676127976,,,,,,,,,,,,,,,,,,,,,,,,,,,
MSM6J2IO,M2028,CD,1,,,,,,,,,,0.365682951932077,0.36894610007733375,0.12451732825590289,-0.26373025911945985,0.24991898031674883,-0.20222563725583273,0.3241054571662164,0.3474942612131015,-0.13833516500220164,0.22341286544538408,-0.30129472645863903,-0.1966264264726179,0.2795591946094383,-0.6950309168434945,,,,,,,,,,,,,-0.26814752077983567,0.034784529434981705,-0.13574039965300214,-0.10371163006307774,-0.7016855354739966,-0.5035107984891635,-0.5773003607454553,0.1494829384808207,-0.09434468921296807,-0.36496946111887724,-0.13571057116566926,-0.15230177160532787,,,
MSM6J2IQ,M2014,CD,1,,,,,-0.1388155543276705,0.38564459920215444,0.1097623810592996,-0.5339969679314909,0.8819255759608711,-0.14593872070479635,-0.36608904297929457,-0.3031070032017639,-0.3360431181864229,-0.45754034498385177,-0.30826693179199943,-0.30346657969220886,-0.5391378200753446,-0.11407085113498545,-0.2735519634205391,-0.3363939264701503,-0.2747716546767476,-0.3895813489158911,-0.48363873067516705,0.9508219666802964,-0.03492570800200681,,0.11392542374398523,-0.26403374287213616,0.07560302623362697,0.5239267577310119,-0.23581076897759604,,-0.1540151390553218,-0.208150375760826,0.06293716072304763,-0.11676377727674551,-0.4561655927423335,-0.10307691290370055,-0.31901324167564843,-0.35803752765200764,-0.4575671068440312,-0.2584406854664374,-0.4990679986555627,-0.09938799855279619,-0.2581226040859742,-0.1342339472220414,-0.29823699268813436,,-0.10717564228878608,0.33583620890017785
MSM6J2IY,M2014,CD,1,,,,,,,,,,-0.1383055647699077,0.09488914330200605,-0.2992313539786493,-0.13398214456978924,-0.343301985598031,-0.28840911061092817,0.008213243497040047,-0.3939548040353601,-0.11407085113498545,-0.3384830647416549,-0.31285669857437626,-0.270754100247329,0.09746575821499424,-0.48634783813583743,,,,,,,,,,,,,,,,,,,,,,,,,,,
MSM6J2J1,M2014,CD,1,,,,,0.2093982951195931,0.5227328870536655,0.5237996351228799,-0.7907172282144875,0.7237656272596161,0.017594561470073433,0.2767794023379237,-0.2643772306941187,0.06138809876152947,-0.3023092222336464,-0.14846722670299856,1.4701949996653088,-0.09415206451162043,-0.11407085113498545,5.319107886278671,-0.17327285862503752,-0.06879495653626093,0.15422578649930244,-0.39268415245478183,0.26315956870475216,0.0916501702159361,,-1.2102510955682113,-0.39867114611114146,0.07560302623362697,-0.16101029649308196,-0.18442979856489528,,-0.28739898701882766,-0.208150375760826,0.06293716072304763,,,,,,,,,,,,,,,
MSM6J2J3,M2025,CD,1,,,,,,,,,,-0.6115085020012493,-0.8844842160417586,-1.127122545921249,-1.4244524533800573,-1.3967558195262288,-0.29646959296244335,-1.431120586563409,-0.37734611708989363,-0.13833516500220164,-1.1549537782261408,-0.3206853541700213,-0.24865909437580336,-0.8800067647228548,0.12430560972426781,,,,,,,,,,,,,-0.3402880201698128,-0.29552078341000687,-0.24634640826316948,-0.36401510627415046,-0.41251406847745953,-0.3936286461912234,-0.2971109121758448,-0.39256285048179745,-0.09434468921296807,-0.7561010711662617,-0.13571057116566926,-0.23301540043091898,,-0.08939284250604397,-1.2294125661739947
MSM6J2J5,M2025,CD,1,,,,,-0.6631922629989009,-1.307494337496874,-0.49552240602542813,-0.7751236141933091,-0.7723518982871411,-1.13182118957295,-1.0566997419463506,-0.3265115727491489,-2.3208421978241276,-1.9302505967853396,-0.36917470241902445,-1.287579358430437,-0.8294556710637838,-0.13833516500220164,-1.0456859497761348,-0.3206853541700213,-0.17623819950087358,-0.2912454332762441,-0.016197392768595414,-1.4563257806643901,-0.479968171274611,-0.08602647872386804,0.07253299857319281,0.09827668002171502,0.012623600559267523,-1.0602981792375954,-0.6597085403216271,-0.08602647872386804,-0.7535205789178155,-0.6629626327454952,0.15804200816145356,-0.4657406078529703,-0.49030057392567994,-0.24634640826316948,-0.6089468650639261,-0.5347563370518812,-0.36725380743758457,-0.2971109121758448,-0.39516903822798416,-0.09434468921296807,-0.7915144484012077,-0.13571057116566926,-0.23301540043091898,,-0.08939284250604397,-0.5807955426801009
MSM6J2JB,M2025,CD,1,,,,,,,,,,-1.4483559536041284,-1.661513861868107,-0.38082789721496496,-3.010192001695747,-2.2119485890724926,-0.29646959296244335,-0.537406942863693,-0.5785736752435758,-0.13833516500220164,-1.0210163377846164,-0.3206853541700213,-0.24865909437580336,-0.23674996874669355,-0.0396568397684637,,,,,,,,,,,,,,,,,,,,,,,,,,,
MSM6J2JD,M2025,CD,1,,,,,,,,,,-1.555429912575608,-1.7083556511469682,-0.4073889781888899,-2.1526626670377373,-2.595085403284371,-0.29646959296244335,-0.9417505146781847,-0.49714465040238226,-0.13833516500220164,-1.4225235201050896,-0.3206853541700213,-0.24865909437580336,-0.11650026067514,-0.30022808044100857,,,,,,,,,,,,,-0.21712833823938194,-0.3126917985237827,-0.24634640826316948,-0.4356989752597289,-0.5168860099636439,-0.37770922042421784,-0.47328742181854866,-0.3809877422827445,-0.09434468921296807,-0.903617993120026,-0.13571057116566926,-0.23301540043091898,,-0.08939284250604397,0.9263387006082838
MSM6J2JF,M2041,nonIBD,0,,,,,-0.5794851285176402,-0.9822244894906187,-0.41695700452648066,-0.8645878378368903,0.37845467883172923,,,,,,,,,,,,,,,0.8128983386570685,0.36722556015821756,-0.08602647872386804,-0.41895945442518523,-0.024590631852086525,0.012623600559267523,-0.16010850058920836,-0.0970981801533063,-0.08602647872386804,0.324149582535855,0.5798998040872598,0.15804200816145356,,,,,,,,,,,,,,,
MSM6J2JF_P,M2041,nonIBD,0,,,,,,,,,,0.06788794471000775,0.7296708148326386,-0.3279184193993452,0.862412873907818,1.3520719863514152,-0.14778415873473147,-0.2616756226526055,0.07728821515973816,4.867051451479059,-0.6080825971994389,-0.10693460200783887,-0.3492461433021791,-0.1760278214472474,-0.029793833989417463,,,,,,,,,,,,,,,,,,,,,,,,,,,
MSM6J2JH,M2042,nonIBD,0,,,,,-0.39242279508571276,-1.465430923005435,-0.876059868471568,-0.4927226365251225,-0.6238933829903848,,,,,,,,,,,,,,,,,,,,,,,,,,,,,,,,,,,,,,,,,
MSM6J2JH_P,M2042,nonIBD,0,,,,,,,,,,-1.1093360556971756,-1.7900564394227807,0.01545113001447061,-1.728153921796207,-1.1545503713254468,-0.24856420170430885,0.011446180734592894,-0.6054332362754935,-0.10843274156073193,-1.2379109781788615,-0.21326325113431455,-0.21481765944196018,-0.7889287851385134,-0.3245130667791242,,,,,,,,,,,,,,,,,,,,,,,,,,,
MSM6J2JN,M2041,nonIBD,0,,,,,,,,,,0.976019312664124,0.8158875997560228,-0.29380756153467474,0.5683451451838624,0.8281748118910052,-0.35209616224956675,-0.4801138617806513,0.10517016949497215,-0.13833516500220164,-0.02842323055892407,-0.7127129683202278,-0.2520601421438058,-0.12328742471756711,0.4404774658124127,,,,,,,,,,,,,-0.05798841187255054,0.3706005250982791,0.3457673629388979,0.2734467367061692,0.6566068220837548,-0.2794014652647554,-0.4359661952850449,0.3498845523848713,-0.09434468921296807,-0.13001032498598133,-0.13571057116566926,-0.17435053963229302,,-0.08939284250604397,-0.33539105222568955
MSM6J2JP,M2041,nonIBD,0,,,,,,,,,,-0.049545702243509716,-0.10943980938071031,-0.4049218965388522,0.43116785070440106,0.8123795229374465,-0.22465087799829256,-0.06923889610604203,0.04319141535271358,2.9092710656649845,-0.25937934851975175,-0.2536251743631968,-0.23648660589932924,0.1688866975507162,-0.372394494398369,,,,,,,,,,,,,0.10748990097065553,0.9471322553393041,-0.076311619412478,0.3595156901473148,1.7883822805088463,-0.21250884453342325,0.11086346025106458,0.3557213748052395,-0.09434468921296807,-0.02853308501036734,-0.13571057116566926,-0.2565632655783501,,-0.08939284250604397,0.15405243083699183
MSM6J2JR,M2041,nonIBD,0,,,,,-0.36845684573096144,2.1877474652472406,-0.10813558741420715,-1.1791344013305227,-0.03633914013811778,-0.004320669867549854,0.005080810036938507,-0.34964315996120093,0.12644186179123432,0.5089374957124709,-0.2588466493526712,-0.2804315835286898,-0.007820990289321856,-0.13833516500220164,-0.22583658955078478,-0.2505127603118055,-0.25523959681066155,0.12978797057788583,-0.33236086326973774,-0.023621279209977565,0.36722556015821756,-0.08602647872386804,0.3062929580243081,-0.33751798956885076,0.012623600559267523,-0.862509319776308,-0.0970981801533063,-0.08602647872386804,-0.22365573952692488,-0.5133123402423773,0.15804200816145356,0.2687326723250026,0.7350593890833251,-0.24634640826316948,0.027790267298857113,0.5492241466128994,-0.15529457120498638,0.1485802085861914,0.12304105559331975,-0.09434468921296807,0.23171796549504362,-0.13571057116566926,-0.23301540043091898,,,
MSM6J2JT,M2041,nonIBD,0,,,,,,,,,,0.09536674218676322,0.44124445156980785,-0.2874361613421412,0.7534873242822853,2.1444599328762313,-0.29646959296244335,-1.1280734530898429,-0.007122395640964627,3.446677059916548,0.07221799101358034,-0.3206853541700213,-0.24865909437580336,0.2161662751837083,-0.45766315696258925,,,,,,,,,,,,,,,,,,,,,,,,,,,
MSM6J2JZ,M2042,nonIBD,0,,,,,,,,,,-0.6223573620142571,-1.3394394057221337,-0.12963989673494328,-1.6938833975890288,-0.8451910782439057,-0.23967822598240135,0.08393555258692062,-0.8312856559713291,-0.10843274156073193,-0.8759388257494455,-0.21326325113431455,-0.20920641466032636,-0.21078394585444013,-0.246465889437234,,,,,,,,,,,,,-0.9304202545197529,-0.5477086687705962,-0.1841434975068624,-0.4375307579567865,0.1459125638910679,-0.34200573430031295,-0.32720637455917667,-0.15445237810266368,,0.01023326260620931,-0.07939061616942635,-0.2813350374326855,,-0.062149905905642094,-2.4372379418789274
MSM6J2K2,M2042,nonIBD,0,,,,,,,,,,-0.9063067532649978,-1.9919961832529023,-0.11245986774783664,-1.949065310289198,-0.65562131325727,-0.24856420170430885,-0.017947778986404348,-0.8459260817640061,-0.10843274156073193,-2.1690340354822526,-0.21326325113431455,-0.21481765944196018,-0.051917930026212984,-0.24926169214484564,,,,,,,,,,,,,-1.03261792955212,0.11126358291676695,-0.1841434975068624,-0.6234668350744635,-1.006999263586875,-0.34200573430031295,-0.40149285880992547,-0.850378149682709,,-0.579784017485919,-0.07939061616942635,-0.2813350374326855,,-0.062149905905642094,-0.3021439050948963
MSM6J2K4,M2042,nonIBD,0,,,,,,,,,,-1.3706719343047171,-2.877865789851471,-0.32242147700179713,-3.0580537852468375,-2.0639522171137656,-0.5966273898149901,-0.42005982022058025,-0.7400772628096093,-0.10843274156073193,-0.5800175342143785,-0.21326325113431455,-0.3241066837291527,-0.0088682420063989,-0.24308539120424158,,,,,,,,,,,,,,,,,,,,,,,,,,,
MSM6J2K6,M2042,nonIBD,0,,,,,-0.6047265559722504,-1.1937965611208108,-1.2157223672326796,-0.8537253655667324,-0.9904139057192175,-1.2228334683309885,-1.8035705529673527,-0.14955059577683444,-2.241590786647668,-2.0234465225340315,-0.24856420170430885,0.025673803566093455,-0.8353456996347607,-0.10843274156073193,-0.7283236294287699,-0.21326325113431455,-0.21481765944196018,-0.29356720014918547,-0.24907730703895498,-0.9237528708899639,-0.32130983099559624,-0.07284643967679481,-0.274615651427781,-0.36644490412873637,0.09560573483367543,0.020869505843891682,-0.3377928645099569,-0.07284643967679481,-0.5815998873871691,-0.6691890906487122,0.030391478799598647,-1.2592383001283562,-1.047931465863624,-0.1841434975068624,-0.2919135926824994,-0.23770454771277727,-0.34200573430031295,-0.3644142644366379,-0.32926985030604417,,-0.39851532443591237,-0.07939061616942635,-0.2813350374326855,,-0.062149905905642094,-0.7740481432881204
MSM6J2K8,M2042,nonIBD,0,,,,,,,,,,-1.151811798035596,-2.0787402135665594,0.001051483360582227,-2.2987647778532647,-1.053071913768972,-0.24856420170430885,-0.5299664734107026,-1.0102238211374757,-0.10843274156073193,-2.7301124179132192,-0.21326325113431455,-0.21481765944196018,-4.261470937978734,-0.25009651944085437,,,,,,,,,,,,,,,,,,,,,,,,,,,
MSM6J2KA,M2042,nonIBD,0,,,,,,,,,,-1.1830732393244763,-2.1281405686877584,-0.3164469659016962,-2.9738593515994167,-2.882235463426704,-0.1804491760979539,-0.41702907476963147,-0.9478546622162125,-0.10843274156073193,-0.25176236354753095,-0.21326325113431455,-0.2547373973659339,-0.4941289248812463,-0.3217199316258914,,,,,,,,,,,,,,,,,,,,,,,,,,,
MSM6J2KC,M2027,CD,1,,,,,,,,,,-1.1705061515590827,-1.1564535886926726,-0.29497151333923544,-1.38291812182475,-0.34082113453687063,-0.23555891518991887,-3.086867792381413,-0.6908931891712433,-0.10843274156073193,-2.4776934749114337,-0.21326325113431455,-0.21342952288599537,-0.12918519504632076,0.10915415334978507,,,,,,,,,,,,,-0.11248426433017765,0.39601814400488133,-0.1841434975068624,0.1181415927099079,-0.2732495580566166,-0.21201434198243216,-0.19028370168279857,0.31576359218300754,,-0.7707802971848652,-0.07939061616942635,-0.2813350374326855,,-0.062149905905642094,-0.404374661855213
MSM6J2KE,M2027,CD,1,,,,,-0.34572397503310265,-0.8009583794572127,-0.8421315651332331,-0.27343645065900496,0.7082285603466411,-0.2708078900249183,-0.701209905902551,-0.4320845135209655,-0.953927584847768,-0.3849287368922889,-0.24856420170430885,0.051680762483902756,-0.9175179244691306,-0.10843274156073193,-1.258145660554584,-0.8522452352622214,-0.21481765944196018,-0.6390500115846359,-0.20702221585149216,-1.2255947254703288,-0.22967101184415356,-0.07284643967679481,-0.274615651427781,-0.05817058787558054,0.09560573483367543,-0.3540010932900008,-0.3377928645099569,-0.07284643967679481,-0.18950180663358096,0.10061699660505338,0.030391478799598647,-0.43175482834041495,1.092007190481795,-0.1841434975068624,0.21825206963551483,-1.1399422908300096,-0.34200573430031295,-0.35866095013939814,0.5747852276748108,,0.21311290654435835,-0.07939061616942635,-0.2813350374326855,,-0.062149905905642094,-0.8374446155357467
MSM6J2KM,M2027,CD,1,,,,,,,,,,0.05825467622923474,-0.5042769715962953,-0.2173983513644456,-0.8364855310252374,-0.18583897733525542,-0.22757707447504164,0.10543889382277907,-0.45781470353466985,-0.10843274156073193,-1.355783896890184,-0.17964557776976384,-0.20238255435927804,-0.41531110244993824,2.3767939534121605,,,,,,,,,,,,,-0.04475756379765785,0.4219065609171875,-0.1841434975068624,-0.2781729595891013,-0.2998125663181608,0.07221282152803185,-0.756436623782035,0.9895842536875379,,-0.30814751389257494,-0.07939061616942635,-0.2813350374326855,,-0.062149905905642094,-0.15016071146337656
MSM6J2L5,M2044,CD,1,,,,,,,,,,,,,,,,,,,,,,,,0.584241088963314,-0.22967101184415356,-0.07284643967679481,1.1564440451160323,0.8396243629701334,0.09560573483367543,0.42028364856906425,-0.3377928645099569,-0.07284643967679481,0.8109450085541582,1.5844646398897448,0.030391478799598647,,,,,,,,,,,,,,,
MSM6J2LB,M2008,CD,1,,,,,-0.9591268757760619,0.5139438735167133,1.6925488662325658,-0.12148950231882204,1.4955534850314014,-0.449703966967502,-0.7700427749018531,-0.05638862246300715,-0.38430736955007483,-0.6843293823449075,-0.3558862068533216,0.177063646149332,0.5825853167041694,-0.1113122162579901,0.6169486941618909,-0.29909236633726183,-0.48687506440437095,0.6128811357747461,-0.5640711274913983,-0.9543817005811898,-0.059488131319907475,-0.08650797396966804,-0.5544845716866859,-0.09900088626871122,0.07500016726067676,-0.718495978159923,0.055472931946663834,-0.08650797396966804,-0.08708671244899614,-0.2815588432633961,0.013368190302435377,-0.4320391081869411,-0.3465189504034383,-0.28826309641283665,-1.0993930923361988,-0.24078955370801755,-0.429644732127969,-0.14306920534269352,-0.6213353897750561,-0.10370044001367282,-0.43663348110029265,-0.13812187083932795,-0.29710455056206575,,,
MSM6J2LH,M2034,CD,1,,,,,,,,,,-1.7387187702389015,-2.6966256088752405,10.773293896757808,-2.845265359969326,-0.24647865267116495,0.19531794763394175,0.6618275303581131,-0.4434809692573124,-0.1113122162579901,-2.2832621530038346,1.3699717725058924,-0.2868603573093907,-1.3575326338192237,0.14471217176973056,,,,,,,,,,,,,,,,,,,,,,,,,,,
MSM6J2LJ,M2034,CD,1,,,,,,,,,,0.055362448592969786,-1.2029593828556815,0.24435488735871924,-1.0543927030005222,-0.4155388736602761,0.28046485682272165,0.7212107588611012,-0.5366327083291653,-0.1113122162579901,-0.853465696507177,0.6288295068427789,-0.38192327340139604,-0.6013031571316481,0.9026586631922799,,,,,,,,,,,,,-0.4038600236455935,-0.3922917125227948,-0.28826309641283665,-0.46657250061958794,-0.18023183950961907,-0.35462484920393395,-0.14306920534269352,-0.5334757348708606,-0.10370044001367282,-0.4168264059308742,-0.13812187083932795,-0.29710455056206575,,,
MSM6J2LL,M2034,CD,1,,,,,-0.00236209460873237,0.30014726450068996,-0.47287122639254003,0.5027358434473542,-0.6015456351265889,0.5737217709780374,-1.4942529352977791,3.17937468782938,-0.5511641526693011,0.3967788612025717,0.7364686456160444,1.4360024551590582,-0.26085820020068146,-0.1113122162579901,2.2397665754631775,12.226208990450171,-0.09041817699897908,1.2496152125117344,23.994166082352194,1.1449971249898794,0.01649542233667965,-0.08650797396966804,-0.22866761854005455,-0.14567808415551198,0.07500016726067676,0.5028726883659802,-0.24639832710757759,-0.08650797396966804,-0.08708671244899614,-0.12446290147810249,0.013368190302435377,-0.22779210017333612,-0.5056430930611882,-0.28826309641283665,-0.09067401058074327,0.2321191990349649,0.35039573070731,0.060972912052562334,-0.5334757348708606,-0.10370044001367282,-0.16134847971353897,1.949730235585445,-1.0543032302914164,,-0.09339860866723376,0.2112913553656744
MSM6J2LN,M2034,CD,1,,,,,,,,,,-0.7889558018126844,-1.5589384992431137,-0.15274013356255772,-1.429370036835867,-0.11816872949815738,0.4067728866268428,0.27655522240340197,-0.216596668594833,-0.1113122162579901,-0.19770478934649252,0.9968402029681608,-0.2893075624580058,-0.7572808722538811,0.1981283770943264,,,,,,,,,,,,,,,,,,,,,,,,,,,
MSM6J2LR,M2034,CD,1,,,,,,,,,,-0.8636817367660579,-1.1655846968742039,-0.41402264669091354,-1.1280820002314462,0.11863172602970765,0.7202940050473595,0.5919376428755259,-0.6473258940090924,-0.1113122162579901,-0.5023977314722687,-0.07843775268149439,0.10323528747538545,-1.4166431658006815,-0.283776766334026,,,,,,,,,,,,,,,,,,,,,,,,,,,
MSM6J2LT,M2021,CD,1,,,,,-0.009812565879726945,0.20869306576048932,-1.1330183840142602,0.431067820824021,1.4254134539319203,-1.069490972416221,-1.7648242194469528,-0.27800358807721043,-2.6628095130704783,-0.9492122376675008,-0.9027761606733967,-0.728215361536339,-0.2606229419737887,-0.1462064739465535,-1.0870553670934469,-0.3461462799823559,-0.6687616278771958,-0.811364792974955,-0.6893898253684645,-1.6225824922603913,0.066097998161462,-0.08813052984784635,-0.6581207763956675,-0.13233171659455392,0.15455173581269654,-0.5742127614634551,-0.3599320260332242,-0.08813052984784635,-0.4493817389129946,-0.40593450979145257,0.07869356735747605,,,,,,,,,,,,,,,
MSM6J2LV,M2041,nonIBD,0,,,,,,,,,,0.20301149465491827,0.07031599278544264,0.6012997442737428,0.36999428958693054,1.168271881739268,-0.08626147008953075,-0.3801958269735973,0.33212907642706396,4.190592945734428,0.6544327405005406,-0.11111761803271157,-0.7002731046016957,0.2304077572578936,-0.16832859285735077,0.8128983386570685,-0.056371305558196715,-0.08602647872386804,-0.4282957226591394,-0.2996300953043517,0.012623600559267523,-0.23786077390715674,-0.6597085403216271,-0.08602647872386804,-0.1507971664076228,-0.3175716993053363,0.15804200816145356,-0.34616272993552694,0.581662839665816,-0.24634640826316948,0.1030563795137761,1.650277364778829,-0.30849001250696184,-0.2971109121758448,0.08461187562120581,-0.09434468921296807,-0.6790421571586664,-0.13571057116566926,-0.23301540043091898,,-0.08939284250604397,0.26615766781492806
MSM6J2LW,M2048,nonIBD,0,,,,,,,,,,-0.013642307035999704,0.16011174409048484,0.8777147180066407,0.0019869760996146677,1.3186744357097417,-0.2557097220228262,-0.17065376261755472,-0.47806555722149446,-0.1113122162579901,-0.2946112231003871,-0.26286015757528425,-0.16038816667858627,-10.897440348624917,-0.5750286733389831,,,,,,,,,,,,,,,,,,,,,,,,,,,
MSM6J2LY,M2048,nonIBD,0,,,,,,,,,,-0.21585599759104374,-0.1534064497452411,-0.35724190873000045,-0.23290163171632478,0.7831615483781732,-0.3573578889424052,-0.19342227174764076,-0.3701122126456466,-0.1113122162579901,-0.3164888184422858,-0.14307216764610536,-0.19783125960482734,-2.8045226960097853,-0.5793728148969892,,,,,,,,,,,,,,,,,,,,,,,,,,,
MSM6J2M3,M2048,nonIBD,0,,,,,-0.1880917643593639,0.17163867126341167,-0.9771118558498579,2.3927277748161546,-0.4180094284537976,0.035678124235433144,0.21428628224833282,1.5417488267479689,-0.38679346802737385,1.812165928896547,-0.3318444556275809,0.403537935724408,-1.1756407170547805,-0.1113122162579901,-0.7882243004766525,-0.29909236633726183,-0.2313940904869711,-4.639785840685861,-0.7412246084993857,,,,,,,,,,,,,-1.51761762376734,-0.11816020030429256,0.09029869871933731,-0.33712493902535395,1.3201865197504616,-0.07808233892064945,3.8799766854525672,-0.07115448362638359,-0.10370044001367282,4.228764126481461,-0.13812187083932795,0.7431184423172899,,-0.09339860866723376,-2.684153650977429
MSM6J2M3_P,M2048,nonIBD,0,,,,,,,,,,0.011158717891172617,0.3827914826383027,2.209406821213455,-0.3228950033984161,2.875256020956651,-0.35744520728777507,0.6925090202388197,-0.7975490855258291,-0.1113122162579901,-1.3937837688203705,-0.29909236633726183,-0.31215743776134774,-4.773823336030192,-0.8027221939974404,,,,,,,,,,,,,,,,,,,,,,,,,,,
MSM6J2MB,M2034,CD,1,,,,,-0.7009284407299464,0.02049033682769906,-0.5885272291127863,-0.48451450882302377,-0.22711354375081041,-0.43906211912491133,-0.5332473759933485,1.8162552033891717,-0.184789102327895,-0.13429346910968692,0.6193744273556697,-0.151350608272918,-0.3761024698353409,-0.1113122162579901,0.06995273677795101,0.2456211762540715,-1.976351917243963,-1.5651218474866055,-0.4749008375558473,,,,,,,,,,,,,-0.7867466662408205,-0.760512405463457,1.5163344229473938,-0.672389998058743,0.5761871698563984,0.27665107023056323,-0.11389324240748971,-0.5334757348708606,-0.10370044001367282,-0.27272015598124083,-0.13812187083932795,-1.5319507330148825,,-0.09339860866723376,0.15400124332660955
MSM6J2MD,M2034,CD,1,,,,,,,,,,-0.15512188282009318,1.2847485343091303,3.024654957336769,0.9705222217898727,0.4645480929881716,2.7596063257551844,-0.23041768358213133,5.296491180423128,-0.1113122162579901,1.0395396978515938,0.7485603930783493,0.9841619129172483,-2.4339300407217954,0.22184376472653194,,,,,,,,,,,,,,,,,,,,,,,,,,,
MSM6J2MF,M2034,CD,1,,,,,,,,,,-0.7528281612549986,-0.4271333951379971,3.202378157206439,0.07679801017306544,-0.40863046050424506,0.0623498771604519,-0.08783676429283967,0.012081387392434282,-0.1113122162579901,0.19055319799994305,0.3505033830567808,-1.8844645493676628,-2.419522219018184,-0.2712456119897337,,,,,,,,,,,,,,,,,,,,,,,,,,,
MSM6J2MH,M2034,CD,1,,,,,-0.5817996575088387,-0.08035172911446453,-0.09375565532658492,-0.06645279542472256,0.15697451779574775,-0.7897651278433967,-0.7878176887068684,3.8514051656465127,0.12979166491232175,-0.11458965144792282,0.43256902774193834,-0.10490012467685544,-0.36948334019604956,-0.1113122162579901,0.4900290768706209,0.47832526660139035,-0.5892818650873785,-2.513554661141951,0.10720680935640056,,,,,,,,,,,,,-0.8035218507259912,-0.9968603135092636,2.9240776880324595,-0.5204815930165816,0.43070828809195233,0.2909964370909482,0.05571213666758416,-0.5334757348708606,-0.10370044001367282,-0.4255949718224468,-0.13812187083932795,-0.29710455056206575,,,
MSM6J2MJ,M2034,CD,1,,,,,,,,,,-0.3286572040222125,-0.7261256413017667,-0.42584176645312993,-0.6918683952791598,-0.43439276625843093,0.24139136838964428,0.8189817464798833,-0.11570731655261496,-0.1113122162579901,-0.16257925743339088,-0.03532745812061758,-0.6954808075199527,-0.9952421635945224,-0.4282232265704136,,,,,,,,,,,,,-0.9008114060699955,-0.6672557895822854,-0.28826309641283665,-0.508598162136023,2.8117527678429974,-0.04513116834939319,0.19161588670667687,-0.5334757348708606,-0.10370044001367282,-0.4168264059308742,-0.13812187083932795,-0.29710455056206575,,-0.09339860866723376,0.13278619043416695
MSM6J2ML,M2034,CD,1,,,,,,,,,,0.18547887976178548,-0.14841627957308273,4.1147125938255025,0.37924055278187396,-0.23604057692463873,1.6279263490589393,-0.08137549938057362,12.795727664440093,-0.1113122162579901,2.3501394882160294,10.91400539958254,-2.722216669520875,0.4156714250626811,7.9148953822538894,,,,,,,,,,,,,,,,,,,,,,,,,,,
MSM6J2N6,M2059,UC,1,,,,,,,,,,,,,,,,,,,,,,,,1.1174683897602118,-1.9956963647501842,,-0.20356176875780368,-0.37788679085717175,0.07560302623362697,0.5239267577310119,-0.23581076897759604,,1.4416289062554657,-0.208150375760826,0.06293716072304763,,,,,,,,,,,,,,,
MSM6J2N6_P,M2059,UC,1,,,,,,,,,,0.5154807736658358,-0.2218565589313696,-0.2619302374941983,0.557332087382975,-0.1380586655250365,0.1684280696321978,0.4231417906134331,0.012286423322324387,-0.11407085113498545,-0.8531812236607661,-0.3363939264701503,-0.1662110826496057,-1.031327199372075,-0.432177862358485,,,,,,,,,,,,,,,,,,,,,,,,,,,
MSM6J2NA,M2061,nonIBD,0,,,,,-0.9682943395823475,-0.8423762222185787,-0.7332691880758707,-1.657581018449554,-0.9017976145009247,,,,,,,,,,,,,,,-0.15273773538959237,-0.2589021601985514,-0.08650797396966804,-0.46907728603754356,-0.5957548013592653,0.07500016726067676,-1.2780016270317924,-0.2545646040918579,-0.08650797396966804,-0.5439135660737776,-0.3108916490219447,-2.0948485798690886,,,,,,,,,,,,,,,
MSM6J2NW,M2058,CD,1,,,,,,,,,,,,,,,,,,,,,,,,0.6016961359462991,-0.22967101184415356,-0.07284643967679481,0.18589717694264143,-0.4024400489624549,0.09560573483367543,-0.2179940406574393,-0.3377928645099569,-0.07284643967679481,0.671738376962736,0.12125218124686749,0.030391478799598647,,,,,,,,,,,,,,,
MSM6J2O1,M2058,CD,1,,,,,,,,,,,,,,,,,,,,,,,,-0.22070888898368712,-0.22967101184415356,-0.07284643967679481,2.1801091468753295,0.42491390554282954,0.09560573483367543,-0.29930927788985123,-0.3377928645099569,-0.07284643967679481,0.5540708338816124,1.2478658896066206,0.030391478799598647,,,,,,,,,,,,,,,
MSM6J2O3,M2058,CD,1,,,,,,,,,,,,,,,,,,,,,,,,-0.27130719129486996,0.23297629202419398,-0.07284643967679481,1.0759625600143603,0.9182146851521104,0.09560573483367543,-0.22879926445769014,0.3539914945517707,-0.07284643967679481,0.9115178059598799,0.41302085081303225,0.030391478799598647,,,,,,,,,,,,,,,
MSM6J2OH,M2026,UC,1,,,,,-0.27439040696833,1.5127222673096368,0.5805589479381494,-0.7874921389342538,0.4879773367485935,0.3445856304422826,0.43802384092397717,-0.24179545384803813,0.40671586831210566,-0.21512483017973755,-0.10941003872291487,-0.05206991512205048,0.3591513563237275,-0.1113122162579901,0.9602001802454365,-0.05356873065401216,-0.10412759567086813,0.21654194855471157,-0.49089317215316336,,,,,,,,,,,,,,,,,,,,,,,,,,,
MSM6J2OJ,M2026,UC,1,,,,,,,,,,0.20011196006324183,0.19616302532423546,-0.19625520483835757,0.1050566679776421,-0.21133426899459506,0.20451732281324625,-0.4800035356744698,0.3003698715559248,-0.1113122162579901,0.326216023295757,-0.05164930063915353,-0.1786908224478673,0.023448857411394828,-0.49789627761812116,,,,,,,,,,,,,,,,,,,,,,,,,,,
MSM6J2OL,M2026,UC,1,,,,,,,,,,0.15730333200760857,0.19007504327908478,0.5701808663211645,0.22347521741674425,-0.3311901140441804,0.03092673760668388,-0.18848770341923643,0.7294642250777517,-0.1113122162579901,0.27683554648220715,-0.17788616429281992,-0.17647142380252107,0.2903533024208327,-0.4026190473271218,,,,,,,,,,,,,,,,,,,,,,,,,,,
MSM6J2ON,M2026,UC,1,,,,,,,,,,0.3032486056263235,0.32573804188262667,-0.18720570727314828,0.27521626968461954,-0.43012185197778807,0.02054283728431507,-0.27516851409868176,0.5670111399453972,-0.1113122162579901,0.9854587979431905,-0.29909236633726183,0.04115073060903153,0.22942431087577675,-0.41572039116678877,,,,,,,,,,,,,,,,,,,,,,,,,,,
MSM6J2OP,M2026,UC,1,,,,,0.7314866626813713,0.6685948605716346,-0.134957612324597,0.6023753740023053,0.5710589644963363,0.1220140520068724,0.163982470230343,0.14120091926169226,0.11936026480930766,-0.3449065294565426,-0.259785359839862,0.059406291246320846,0.04246552140679771,-0.1113122162579901,0.21019978051078933,-0.2636275377449974,-0.15886478679340463,-0.3283131876985904,-0.5504942831095625,,,,,,,,,,,,,-0.07865252423351564,-0.40757968030427316,-0.28826309641283665,-0.4036446719260097,-0.30240417053551705,-0.30595720870616283,,,,,,,,-0.09339860866723376,0.14517240279053445
MSM6J2P4,M2044,CD,1,,,,,,,,,,,,,,,,,,,,,,,,1.4043160016718899,-0.22967101184415356,-0.07284643967679481,2.4058783272476174,0.4185294746285441,0.09560573483367543,1.6461759076305926,-0.3377928645099569,-0.07284643967679481,1.4212921116347603,1.1666984039359343,0.030391478799598647,,,,,,,,,,,,,,,
MSM6J2PE,M2025,CD,1,,,,,-0.29656179558572804,-1.3974968370077734,-1.2873759440380985,-1.3544867294336715,-1.889090921827689,,,,,,,,,,,,,,,-0.08847130786572582,-0.30415958742531435,-0.08602647872386804,-0.10582799126966161,-0.31084151864951054,0.012623600559267523,-0.6130543846779585,-0.0970981801533063,-0.08602647872386804,0.4897624143677007,-0.014883592486916626,0.15804200816145356,,,,,,,,,,,,,,,
MSM6J2PK,M2025,CD,1,,,,,,,,,,-1.675984420043248,-1.9041584703359848,-0.42251134148765834,-2.1997103486717915,-3.158896605976417,-0.3106849680783791,-0.1703288223119292,-1.7152593268306549,-0.13833516500220164,-2.2149283413015723,-0.3206853541700213,-0.23245561615803964,-0.065336301424922,-0.34450071714902797,,,,,,,,,,,,,-0.6126322418098086,-3.0932269318684567,-0.24634640826316948,-2.5405195827871654,-1.064440165354776,-0.43285974285061496,-0.4021417492726878,-4.790324527514138,-0.09434468921296807,-1.0861191815516533,-0.13571057116566926,-0.23301540043091898,,-0.08939284250604397,-2.7380122214580624
MSM6J2PM,M2025,CD,1,,,,,-0.32533861460044017,-2.0356160644588077,0.04332048703932313,-1.8679058705232305,-0.04661964810938371,-2.0987338506491424,-2.4124089126083,-0.41312078459569807,-2.3656867894748843,-4.417339042369864,-0.26631400597025134,0.21520759693483696,-2.332124696063762,-0.13833516500220164,-2.7633819334377527,-0.3206853541700213,-0.23855587286306776,-0.1474596123857666,-0.31725579745556975,-0.9904709462148299,-0.6163359032549541,-0.08602647872386804,0.4406298547265685,0.5195012952836526,0.012623600559267523,-0.7990829261008783,-0.0970981801533063,-0.08602647872386804,1.8168559811722251,-1.2681776812426828,0.15804200816145356,,,,,,,,,,,,,,,
MSM6J2PO,M2047,nonIBD,0,,,,,-0.5531836036907349,-0.6318470260870643,-0.6446144557462486,-0.9040478895766791,-2.935688587277095,-0.6923117272596514,0.3005941486749208,-0.10502191569165463,-0.014517785420229301,0.1220345714774758,0.8038946060866361,-0.7325980345542381,-0.45286921337096836,-0.1462064739465535,-0.8621366142078758,-0.3461462799823559,0.8708291766727487,-0.08411693325628096,0.4696595534070114,-1.840190351334558,0.08761395366722986,-0.08813052984784635,-1.4932815376064523,-0.6210542410859902,0.15455173581269654,-1.05611540173052,-0.3599320260332242,-0.08813052984784635,-2.4706425353989685,-0.4707582561654219,0.07869356735747605,,,,,,,,,,,,,,,
MSM6J2PQ_P,M2047,nonIBD,0,,,,,,,,,,-5.416084920105201,-0.921627622382639,-0.033206449100387066,-0.8836180663924508,-0.977079175272156,-0.17505093461981547,-0.4680691490090964,5.7816884744202754,-0.1462064739465535,-3.79943558982681,-0.3461462799823559,-0.12504052235207114,0.8984989681292863,-0.1300155660235035,,,,,,,,,,,,,,,,,,,,,,,,,,,
MSM6J2PS,M2047,nonIBD,0,,,,,,,,,,-2.0796388556555354,-0.6236590051717883,-0.22489398629525809,-0.8487842172432678,-0.36285544677913334,-0.1654755040371147,-0.986644143418199,-2.132266184216383,-0.1462064739465535,-1.886434863845595,-0.3461462799823559,-0.14549474269755827,-0.5201793979953209,-0.40626888467366334,,,,,,,,,,,,,0.1327676555465923,-0.1670797974963239,-0.18469106377590472,-0.6708863302341749,-0.5394595856703699,-0.23074283415911326,-0.45136405024892073,-0.3627832183656787,-0.10429053397097302,-0.16197685988790173,-0.18010567816992895,-0.33431691792771256,,-0.11241482424008134,-0.5220018887744834
MSM6J2PU,M2047,nonIBD,0,,,,,-0.7072665955285828,-1.3559169876734174,-1.75063605542475,4.837098784788168,-1.7509774187308622,-3.611243563594535,-0.4909297230156781,-0.15817252369141557,-1.057477084382201,-1.721715278889568,0.3223284915615157,-3.4506994643537934,-1.4744255972906684,-0.1462064739465535,-2.445664499105472,-0.3461462799823559,-0.22233626594543482,0.25744103230751114,-0.2080796934338969,,,,,,,,,,,,,-0.19430701964024388,-0.17146075557360785,-0.18469106377590472,-0.3321203800627032,-0.43109245819703457,-0.2477903866647036,-0.3584485635303763,-0.14863270650352062,-0.10429053397097302,-0.10355429973129891,-0.18010567816992895,-0.33431691792771256,,-0.11241482424008134,-0.5789050683527542
MSM6J2PW,M2047,nonIBD,0,,,,,,,,,,-0.458508980780034,-0.7389654500906604,-0.04524459007060601,-0.5990973905126528,-0.6783385194402471,-0.25719654807166636,-0.6904419024340096,-1.1492504649779338,-0.1462064739465535,-1.4297154381330728,-0.3461462799823559,-0.32574995857147876,-0.32895610135802134,-0.37025703121533393,-0.6847546473244263,-1.045459195290882,-0.08813052984784635,-0.7101864585585369,-0.4579751953707828,0.15455173581269654,-0.6810401637652446,-0.3599320260332242,-0.08813052984784635,-0.03510391416842733,-0.4230923385753036,0.07869356735747605,,,,,,,,,,,,,,,
MSM6J2Q1,M2048,nonIBD,0,,,,,0.2659216610712304,-0.44268415902426866,-0.48139562685466836,-1.5563632330844885,-0.11864832940127219,-0.9219323719191209,-0.3887200079799456,-0.42989140578129204,-0.14428402291666217,19.706177130914554,-0.269994776331851,-1.8260751288127801,-2.029958442986087,-0.1113122162579901,-1.6192784270257172,-0.29909236633726183,-0.2668302008403223,-0.7620032421453551,-0.6017446075274877,,,,,,,,,,,,,-2.2720502805134375,0.5545768469644363,-0.07603029090544969,1.178846681105665,-0.15221972290936853,-0.6913204742588602,-0.6882193367139461,-0.762648032062458,-0.10370044001367282,-0.39510416981263197,-0.13812187083932795,-0.29710455056206575,,-0.09339860866723376,-0.574047864448455
MSM6J2Q3,M2028,CD,1,,,,,-0.070161971293875,0.7079294941502492,0.8150999646378904,-0.6576082958815194,0.6665002694858354,0.9260736679987608,0.3503848570607215,0.5032172892360723,0.38777462590001915,0.35470791949738595,-0.16084912215179822,0.6428613574490154,0.5337073533245715,-0.13833516500220164,0.8229806515903911,-0.1811410718174674,-0.07127050081999936,0.43667229093295173,-0.6290996364540571,,,,,,,,,,,,,-0.24025569592412258,-0.2716949469891635,-0.24634640826316948,-0.22814394002771465,-0.6320102353173981,-0.29141272557775455,-0.01120303877744047,-0.06339205765689788,-0.09434468921296807,-0.3280401599317126,-0.13571057116566926,-0.23301540043091898,,-0.08939284250604397,-0.6641851371091424
MSM6J2Q5,M2028,CD,1,,,,,,,,,,0.981329116134049,1.25171224662204,1.6174480180471613,0.49975694524292386,-0.49023971917832404,0.1823290343425402,0.21704127423678,0.7192272059555249,7.0220563327230465,1.1003302314166987,0.477556299412048,-0.6154602164094504,0.7696635692184998,-0.15323850767800698,,,,,,,,,,,,,,,,,,,,,,,,,,,
MSM6J2Q7,M2028,CD,1,,,,,,,,,,0.6543799163171465,0.6250473345386476,0.3259574476624756,0.14602556877664727,0.4396274301253471,-0.21737153835660722,0.528755913649035,0.6755819082142579,3.7314120350357123,0.9759778126854147,-0.3206853541700213,0.406015239383493,0.27741750924413905,-0.05874671828205836,,,,,,,,,,,,,,,,,,,,,,,,,,,
MSM6J2Q9,M2028,CD,1,,,,,,,,,,-0.7682030675321605,-1.1622676444522788,-0.18517410125114628,-3.3250994900250275,0.196485774741701,-0.3780696564767792,0.16309742325315496,0.43713541647829646,-0.13833516500220164,-3.0159650638754494,-0.3206853541700213,-0.25466799807081636,0.22970474351878648,-0.4032956932029326,,,,,,,,,,,,,,,,,,,,,,,,,,,
MSM6J2QB,M2028,CD,1,,,,,,,,,,0.9513890717367204,0.31002448258650933,0.16158893162127522,0.45617775982550535,0.2075629806016431,-0.3549002316735864,1.3754159395126682,0.4610402757030241,-0.13833516500220164,1.2557420620906536,-0.3206853541700213,-0.22782348664491203,1.1200413873837292,-0.611735977964314,,,,,,,,,,,,,,,,,,,,,,,,,,,
MSM6J2QD,M2028,CD,1,,,,,,,,,,0.5703585411722573,0.425909702838524,-0.3878806349297989,0.5530493308390376,0.38275572748570663,-0.2254485308203085,0.23531322311432246,0.058420721162966475,-0.13833516500220164,1.2523437899861793,-0.3206853541700213,-0.24638939662510487,0.23384738840179617,9.98714840705204,-0.483695768822425,-0.479968171274611,-0.08602647872386804,-0.10582799126966161,-0.2826136983860603,0.012623600559267523,-1.2738187567869272,-0.17975473523694932,-0.08602647872386804,0.5825166730802442,-0.5846119275527006,0.15804200816145356,-0.03824658065941164,0.17601536750571076,-0.0020838640537151204,0.13252069686107742,-0.8469038718226255,-0.37941529705839705,0.013767319048994179,0.45217325648421464,-0.09434468921296807,-0.1474056304872337,-0.13571057116566926,-0.23301540043091898,,-0.08939284250604397,-0.19844563771987708
MSM6J2QF,M2039,nonIBD,0,,,,,,,,,,0.00796928436621758,-0.10429771028441152,-1.2420558992861126,0.36247551300246844,-0.07282797930166497,-0.24856420170430885,0.22699613808407973,0.4739276054615218,-0.10843274156073193,-0.036132564661795874,-0.21326325113431455,-0.21481765944196018,0.08837236778395702,-0.25020428645407994,,,,,,,,,,,,,-0.21272514632264306,-0.8096227003063173,0.024442778846130577,-0.6846964986496228,-0.6871003636975543,-0.34200573430031295,-1.6338047643514817,-0.8969041582321506,,-0.4165781336078398,-0.07939061616942635,-0.2813350374326855,,,
MSM6J2QH,M2039,nonIBD,0,,,,,,,,,,0.13715239209125685,0.08865707786241737,-0.21283289089904509,0.6801898098484493,0.287654007558763,-0.24856420170430885,0.02017631627587454,0.25960301728778407,-0.10843274156073193,-0.2589703032270107,-0.21326325113431455,-0.21481765944196018,-0.9964174340599019,-0.24987300509570376,,,,,,,,,,,,,0.7213771530971166,-2.5194996201375357,1.3036455420966477,-0.9085652714433449,-0.6445634274852438,-0.34200573430031295,0.6046748811556487,-0.23310352115036273,,-0.023654262860238473,-0.07939061616942635,-0.2813350374326855,,,
MSM6J2QJ,M2039,nonIBD,0,,,,,,,,,,-0.3080498882442304,-0.3728709872098676,-0.20833977296330644,-0.37248201245268947,-0.5175367694292476,0.03787548768903145,-0.30241710187679344,-0.2778790810416865,-0.10843274156073193,-0.5667429401099043,-0.21326325113431455,-0.2445885145559755,-0.08690277929127217,0.09848806557582936,,,,,,,,,,,,,,,,,,,,,,,,,,,
MSM6J2QL,M2039,nonIBD,0,,,,,,,,,,0.21721856098042783,0.06921932404378704,-0.8526143618323097,0.5300308337635835,0.18070908399207136,-0.27145093666075465,0.2026689314871921,0.7352578007231441,-0.10843274156073193,0.35918393136446536,-0.21326325113431455,-0.24631549527811789,-0.058690096809006304,-0.24963059688699896,,,,,,,,,,,,,,,,,,,,,,,,,,,
MSM6J2QP,M2039,nonIBD,0,,,,,0.046538488762711244,-1.6860405825394926,-1.211055523946621,-1.7044395555974823,-1.3913228461065086,0.3088625954413153,0.3887463065667991,-0.6465950584045648,1.195644074850501,0.7895359236568512,-0.24856420170430885,0.18512755395143352,1.1026471196287482,-0.10843274156073193,0.4850023413625138,-0.21326325113431455,-0.21481765944196018,-0.03467293141509685,-0.2500892801888701,0.023813722010662744,-0.22967101184415356,-0.07284643967679481,0.5423855953583511,-0.33392791075706274,0.09560573483367543,-0.48726061876063276,-0.3377928645099569,-0.07284643967679481,-0.5239779640834461,-0.4380128249379913,0.030391478799598647,-0.16045241405987004,-1.7171601259884255,-0.19301215534103616,-1.7989037436479185,-0.7259987094285381,-0.34200573430031295,-0.7326523857066036,-0.7419788043567703,,-0.16759275644308086,-0.07939061616942635,-0.2813350374326855,,-0.062149905905642094,0.13897312610223606
MSM6J2QR,M2014,CD,1,,,,,,,,,,0.08762783248348824,-0.19945993012653826,-0.18868881853010733,-0.0663367043306543,-0.26561251952107084,-0.20510722941501883,-0.3803539833793567,-0.7174601254574813,-0.11407085113498545,-0.3036226231176949,-0.3220140226621412,-0.20175913954923586,0.06948146319157207,-0.44335090146014416,,,,,,,,,,,,,-0.35953090723921544,-0.05660117689494405,-0.2327454228519667,0.063635574975751,0.010180383197505971,-0.5370867191112755,-0.27352223024918176,-0.12690455195922734,-0.09938799855279619,0.5801435218172126,-0.1342339472220414,-0.29823699268813436,,-0.10717564228878608,0.46339844040944456
MSM6J2QZ,M2014,CD,1,,,,,1.436429257259757,0.7732383276149908,0.42358300935890675,-0.016712441192362384,1.116471889060634,,,,,,,,,,,,,,,0.9508219666802964,-0.03492570800200681,,-0.20356176875780368,-0.20799330356299853,0.07560302623362697,0.7928797392765353,-0.23581076897759604,,0.7278070251984495,-0.208150375760826,0.06293716072304763,,,,,,,,,,,,,,,
MSM6J2R2,M2027,CD,1,,,,,-0.35826372466871537,0.3549055610299268,-0.5274470977985698,-0.14604239791668588,-0.1277862211108815,0.2080722720810776,-0.2784724504301063,-0.3010487906146102,-0.7826116540489308,-0.07903134851517458,-0.20696049739829553,0.10664228997780316,-0.11677780137379191,-0.10843274156073193,-1.5039597688087984,-0.1118048015549007,-0.2067276099798567,-0.26866324352451243,6.954913132498172,-2.327442289686914,7.571041849479553,-0.07284643967679481,-0.274615651427781,-0.08962629515870948,0.09560573483367543,-0.29930927788985123,-0.3377928645099569,-0.07284643967679481,-0.18950180663358096,-1.2907141601046141,0.030391478799598647,1.0086182995548185,2.3607811261027334,-0.1841434975068624,0.8162108674566297,-0.5225049400388658,0.5782825656179691,-1.7158551452621174,0.8198896567414025,,-0.2499932352568905,-0.07939061616942635,-0.2813350374326855,,-0.062149905905642094,-0.30674298095963864
MSM6J2R8,M2027,CD,1,,,,,-0.45578289401869493,-0.4789433050587145,-1.04540777279579,-0.7679584441460946,-0.4324730057218063,0.02669403808978473,-0.32824612861270525,-0.07948267971918736,-0.7563896139685352,-0.07519428259103658,-0.21285110486698172,0.09980598167872504,0.23709484981490117,-0.10843274156073193,-1.5748466304716484,-2.6185221205584,-0.21150787829023066,-0.4513733659072243,-0.053021704970024834,,,,,,,,,,,,,-0.11792121478936678,0.3818357389489149,-0.1841434975068624,-0.015082409936648515,-0.4043561074335596,-0.34200573430031295,-0.22822303655026954,0.10825190607261889,,-0.33688466526592814,-0.07939061616942635,-0.2813350374326855,,-0.062149905905642094,-0.5986778848515085
MSM6J2RA,M2027,CD,1,,,,,,,,,,-0.5524053485848346,-0.5444821629415101,-0.25499761977192975,-0.8651996597158071,-0.18536327871128241,-0.25328338770653835,-0.014754395641443822,-0.253023326085264,-0.10843274156073193,-1.2449399470936922,-0.14658797548817698,-0.20542769577811829,-0.7767485593886042,4.547423124644663,,,,,,,,,,,,,,,,,,,,,,,,,,,
MSM6J2RC,M2027,CD,1,,,,,,,,,,-0.011529946255500717,-0.49841810036969086,-0.3167363998803682,-0.9120840767174456,-0.3125921021117143,-0.20094282210687017,0.03902478680609408,-0.21225371155359135,-0.10843274156073193,-1.5136549544489815,-0.11161440627323864,-0.19454271670633091,-0.2568562298912085,0.09963934292843966,0.3374267749057417,0.0622269375760021,-0.07284643967679481,-0.3114769370004954,-0.2097506611835849,0.09560573483367543,0.2801047402412396,-0.3377928645099569,-0.07284643967679481,-0.18950180663358096,-0.2946227360106183,0.030391478799598647,-0.618643066732653,0.5415813454145881,-0.1841434975068624,-0.8549518400276584,-0.38922526463799395,-0.17001997061905166,-1.8062467242153557,0.6288347687451715,,0.2703996820785019,-0.07939061616942635,-0.2813350374326855,,-0.062149905905642094,-4.313155462746375
MSM6J2RG_P,M2058,CD,1,,,,,,,,,,0.11972739402450724,0.09774590099544206,-0.2848459731057943,0.6586803746317856,0.9003197000398903,-0.3638685501990209,-0.34907797778296284,-0.041393274963532,-0.10843274156073193,0.7719045373099928,-1.6107169560503096,-0.4912573446423547,-0.30073398288730646,-0.6657178974796688,,,,,,,,,,,,,,,,,,,,,,,,,,,
MSM6J2RK,M2042,nonIBD,0,,,,,,,,,,-1.6841090067524331,-2.9128104803810535,-0.2872581170218185,-3.4634134046720817,-2.2877876697638047,-0.24856420170430885,-0.16402771889617895,-1.2795172132300505,-0.10843274156073193,-1.405785066464311,-0.21326325113431455,-0.21481765944196018,-0.34427169476486796,-0.38995372806644246,,,,,,,,,,,,,,,,,,,,,,,,,,,
MSM6J2RM,M2042,nonIBD,0,,,,,,,,,,-0.03999555907607412,-0.05084639287098565,-0.4145690658331257,0.12999121138624134,0.14121296621103793,-0.2779796338334725,0.7227310863911169,0.4398510534819805,-0.10843274156073193,0.048675665963637024,-0.20373255540547494,-0.20274095023065636,-0.07504218980977727,-0.23349468497242407,,,,,,,,,,,,,,,,,,,,,,,,,,,
MSM6J2RO,M2042,nonIBD,0,,,,,-0.3822191148319569,-1.3116172388015346,-0.7850105307735084,-1.146964531551237,-1.4287215101484578,-0.8637785723765404,-1.695367478432571,-0.2541967477315453,-2.1641162435116654,-1.7691684524853308,-0.24921971530007556,-0.1164423751662151,-0.9055511390444423,-0.10843274156073193,-0.5709345236986334,-0.21326325113431455,-0.20631303578448562,-0.003946382732600446,-0.24922696435954314,,,,,,,,,,,,,-1.3913497658820588,-1.09873465896542,-0.1841434975068624,-0.5895109824260029,-0.4772600099916866,-0.34200573430031295,-0.24850166295565249,0.6808478638922303,,-0.3931926576885906,-0.07939061616942635,-0.2813350374326855,,-0.062149905905642094,-0.4863682239532946
MSM6J2RQ,M2042,nonIBD,0,,,,,,,,,,-1.6075759178008395,-3.245435615802377,-0.04106125700272784,-4.0906021989788535,-2.9227199439275715,-0.21570280551869014,-0.3471410718710634,-1.4663884279027055,-0.10843274156073193,-1.0230090366819802,-0.21326325113431455,-0.2183491586253071,-0.5305417181201187,-0.2941744204315891,,,,,,,,,,,,,,,,,,,,,,,,,,,
MSM6J2RS,M2042,nonIBD,0,,,,,,,,,,-0.46856423744857684,-0.9089294552618209,-0.2460517771037906,-0.8245057235419374,-0.4651796417052224,-0.24856420170430885,0.12619399660984915,-0.5067930908228284,-0.10843274156073193,-0.3005572562177367,-0.21326325113431455,-0.21481765944196018,0.2153615384900591,-0.25009651944085437,,,,,,,,,,,,,-1.0379123375661037,-0.7256189440179591,-0.1841434975068624,-0.6694478371406929,-0.4345831301139763,-0.34200573430031295,-0.2393540287963796,-0.6722563283322963,,-0.2271896632996268,-0.07939061616942635,-0.2813350374326855,,-0.062149905905642094,-1.0155911515454301
MSM6J2RU,M2042,nonIBD,0,,,,,,,,,,-0.4274191771117059,0.21750719249171332,-0.5743802851912753,0.10740607077390099,0.15756445163245592,-0.22329942911100392,-0.4312716666687358,-0.7317015102888148,-0.10843274156073193,-0.16680433907976164,-0.1700316824422705,-0.17026432048333398,-0.7569454003707561,-0.24492337237355297,,,,,,,,,,,,,,,,,,,,,,,,,,,
MSM6J2SE,M2041,nonIBD,0,,,,,-0.25857315441328815,0.008424918294016205,-0.6811879834932872,-0.7578985732811545,-0.4454010949003738,0.057036804953943476,0.45801876090258403,-0.25114881171062375,0.31934547640429145,1.7992884510058782,-0.2617275617439299,-0.7739339065532939,0.2170200378935188,-0.13833516500220164,0.15109882927483662,-0.2084072624304702,-0.17796954216637711,0.24218142493604075,-1.2823358263673565,,,,,,,,,,,,,-0.5931379009764377,1.125902553681841,-0.5761625992088567,0.5764402047870903,1.6199900539486594,-0.0342128269454154,0.37705861680779007,0.573670227754218,-0.09434468921296807,-0.6788093814441266,-0.13571057116566926,0.11672370155678577,,-0.08939284250604397,-0.3428697763986083
MSM6J2SI,M2041,nonIBD,0,,,,,,,,,,0.03250061004418793,0.33219776741465856,-0.08956025019569498,0.6881408662992515,1.790336876663346,-0.29836494079897957,-0.7656423674609553,-0.13259144143798707,3.633964962236631,0.14991785590956686,-0.2775329089013206,-0.16820174110144573,0.22945851486975796,-0.18729767116095275,,,,,,,,,,,,,,,,,,,,,,,,,,,
MSM6J2SK,M2041,nonIBD,0,,,,,,,,,,0.11238692758142745,1.124370242088304,-0.5371961277692391,0.7472417888682071,0.7312740625261688,-0.29646959296244335,-0.06521711282194993,0.13862432243644127,-0.13833516500220164,0.7548384689771004,-0.3206853541700213,-0.24865909437580336,0.2575772475748279,-0.35797336899870413,,,,,,,,,,,,,0.22795512456174183,1.3009071088515296,-0.24634640826316948,0.8458992406122133,1.5188650401327222,-0.43112074592205546,-0.20658288674482042,0.8522971053811138,-0.09434468921296807,0.13716255093725166,-0.13571057116566926,-0.3756639498875022,,-0.08939284250604397,-0.06370927011703094
MSM6J2SM,M2041,nonIBD,0,,,,,,,,,,,,,,,,,,,,,,,,0.9818797243522472,0.36722556015821756,-0.08602647872386804,-0.5711504878468208,-0.06978105718641694,0.012623600559267523,1.318290161448458,-0.0970981801533063,-0.08602647872386804,-0.12509435122843507,0.287804514331503,0.15804200816145356,,,,,,,,,,,,,,,
MSM719M5,M2047,nonIBD,0,,,-1.745206028161207,-0.7565303802756824,,,,,,,,,,,,,,,,,,,,,,,,,,,,,,,,,,,,,,,,,,,,,,
MSM719M6,M2047,nonIBD,0,,,0.6416343415204996,-0.4433128659649325,,,,,,,,,,,,,,,,,,,,,,,,,,,,,,,,,,,,,,,,,,,,,,
MSM719M9,M2061,nonIBD,0,,,1.706429834350255,-1.623285213528151,,,,,,,,,,,,,,,,,,,,,,,,,,,,,,,,,,,,,,,,,,,,,,
MSM719MA,M2061,nonIBD,0,,,0.423051150508874,-1.3924719162537158,,,,,,,,,,,,,,,,,,,,,,,,,,,,,,,,,,,,,,,,,,,,,,
MSM719MD,M2064,UC,1,,,1.0187683864353623,0.6677302564619372,,,,,,,,,,,,,,,,,,,,,,,,,,,,,,,,,,,,,,,,,,,,,,
MSM719MJ,M2025,CD,1,,,0.5537217976703899,0.644336403533296,,,,,,,,,,,,,,,,,,,,,,,,,,,,,,,,,,,,,,,,,,,,,,
MSM719MR,M2072,nonIBD,0,,,0.49489156767120956,-0.27729440442816017,,,,,,,,,,,,,,,,,,,,,,,,,,,,,,,,,,,,,,,,,,,,,,
MSM719MS,M2068,CD,1,,,0.5767714891464288,-1.3363400245066779,,,,,,,,,,,,,,,,,,,,,,,,,,,,,,,,,,,,,,,,,,,,,,
MSM719MT,M2068,CD,1,,,0.3695337415346563,0.07088388525220922,,,,,,,,,,,,,,,,,,,,,,,,,,,,,,,,,,,,,,,,,,,,,,
MSM719MU,M2072,nonIBD,0,,,-0.372502415522964,-0.3606187134737226,,,,,,,,,,,,,,,,,,,,,,,,,,,,,,,,,,,,,,,,,,,,,,
MSM719MZ,M2069,UC,1,,,0.6541676736841971,1.284824390647745,,,,,,,,,,,,,,,,,,,,,,,,,,,,,,,,,,,,,,,,,,,,,,
MSM719N1,M2069,UC,1,,,-1.7854419869910076,1.9698517519214223,,,,,,,,,,,,,,,,,,,,,,,,,,,,,,,,,,,,,,,,,,,,,,
MSM719N4,M2028,CD,1,,,0.08638424672871754,0.9765603326991129,,,,,,,,,,,,,,,,,,,,,,,,,,,,,,,,,,,,,,,,,,,,,,
MSM719N5,M2028,CD,1,,,0.602963288043233,-0.37886734095852176,,,,,,,,,,,,,,,,,,,,,,,,,,,,,,,,,,,,,,,,,,,,,,
MSM719NA,M2075,nonIBD,0,,,0.3334885355005668,-0.39480026502560894,,,,,,,,,,,,,,,,,,,,,,,,,,,,,,,,,,,,,,,,,,,,,,
MSM719NO,M2084,nonIBD,0,,,0.3708368658098491,-0.014583595717778002,,,,,,,,,,,,,,,,,,,,,,,,,,,,,,,,,,,,,,,,,,,,,,
MSM719NP,M2084,nonIBD,0,,,-1.3854265688020775,1.1987781012994148,,,,,,,,,,,,,,,,,,,,,,,,,,,,,,,,,,,,,,,,,,,,,,
MSM79H4T,M2059,UC,1,,,,,,,,,,,,,,,,,,,,,,,,0.8177334361567781,-0.03492570800200681,,-0.20356176875780368,-0.11219153979173188,0.07560302623362697,0.6956267619089158,-0.23581076897759604,,0.004307276356582939,-0.208150375760826,0.06293716072304763,,,,,,,,,,,,,,,
MSM79H4X,M2059,UC,1,,,,,,,,,,,,,,,,,,,,,,,,0.0005866640213505967,-0.03492570800200681,,-0.20356176875780368,-0.30379506733426515,0.07560302623362697,-0.15976208961295582,-0.23581076897759604,,-0.20368662955223724,-0.3310626484818128,0.06293716072304763,,,,,,,,,,,,,,,
MSM79H52,M2060,nonIBD,0,,,,,0.939291496227123,-0.15031848966810782,-0.9978504014452797,0.03757536301752068,-0.6741793273191738,,,,,,,,,,,,,,,-0.7891244305216242,0.1413374728727513,-0.07284643967679481,-1.2240169446633387,-0.3011979737852779,0.09560573483367543,-0.29798586822041906,6.032565260483775,-0.07284643967679481,-0.2520048895010202,-0.21796957262273103,-0.5077383538558964,,,,,,,,,,,,,,,
MSM79H52_P,M2060,nonIBD,0,,,,,,,,,,-1.0308597668350543,-2.841550631812562,-0.2848459731057943,-1.1332641887748438,0.5736240838699865,-0.35666223283940235,0.448886673331,-10.215815662138395,-0.10843274156073193,-5.558737284470466,-0.21326325113431455,-0.31561735357006127,1.1970984801992812,-0.239582121749295,,,,,,,,,,,,,,,,,,,,,,,,,,,
MSM79H54,M2060,nonIBD,0,,,,,,,,,,-0.45427661554458854,-2.239212420328121,-0.3032545290547997,-0.7895006414337066,0.529317260325324,-0.23405756407781972,0.619194191631431,-6.828989486847231,-0.10843274156073193,-3.28341791243813,-0.21326325113431455,-0.302658529971518,0.2420173047789368,-0.2239642890607882,,,,,,,,,,,,,0.5960521118452896,0.6436513704501416,-0.1841434975068624,-0.9130878789969145,0.4140202253949369,-0.38072549606530914,-0.6458442702271685,0.42384446766912626,,-0.7926063647056657,-0.07939061616942635,-0.2813350374326855,,-0.062149905905642094,-0.2905880803909449
MSM79H58,M2060,nonIBD,0,,,,,,,,,,-0.23274172166883716,-2.0339781905439502,-0.09928903294711275,-0.2400720635899177,0.21021606726783348,0.13710567953492647,0.24555365194945478,-6.3926213746674385,-0.10843274156073193,-3.202841169314729,-0.21326325113431455,0.4400823541723084,1.047999253765162,-0.19017845359843377,-0.27396399141574507,-0.22967101184415356,-0.07284643967679481,-0.274615651427781,-0.28809778265616065,0.09560573483367543,-1.1811816734420695,-0.3377928645099569,-0.07284643967679481,-0.18950180663358096,-0.3663177804743048,0.030391478799598647,,,,,,,,,,,,,,,
MSM79H5A,M2060,nonIBD,0,,,,,,,,,,-0.059759801190778644,-2.2510295048774447,-0.07957847506937832,-0.7158476622402493,0.6523274865358043,-0.21528288651292088,0.11217926741092006,-8.14515473141503,-0.10843274156073193,-3.853593062533369,-0.21326325113431455,-0.19739258573380494,0.6521820687894437,-0.1951320582269183,,,,,,,,,,,,,,,,,,,,,,,,,,,
MSM79H5E,M2061,nonIBD,0,,,,,,,,,,0.1676027410374578,0.7056275028038065,-0.14604093840216656,0.4114553984860181,2.072516669490477,-0.23902170391922328,-0.44626203694386235,-0.156957719577711,-0.1113122162579901,-1.0506001332273145,-0.2917442889821525,-0.21896676236560114,-0.3476716571825956,-2.0930328491246364,,,,,,,,,,,,,-0.33548288852347075,-0.2835980184464679,-0.28826309641283665,-0.4036446719260097,-0.07560601749484812,-0.429644732127969,,,,,,,,-0.09339860866723376,-0.34241806826933896
MSM79H5G,M2061,nonIBD,0,,,,,-0.8184035001392475,-1.025527106410386,-1.2706352945094361,-0.7455900561183808,-1.106353027869822,0.005771799357451552,0.7453854386378137,-0.2275699100197841,0.0931090122034581,2.340228357741475,-0.238230911298923,-0.049213736410166374,-1.0379112664536432,-0.1113122162579901,-1.1498002920370054,-0.29909236633726183,-0.21552070386130867,-0.6920213079738976,-11.019705905752671,,,,,,,,,,,,,-0.5102832965751886,-0.28878879835405324,-0.28826309641283665,-0.636670856145944,-0.33964702354188175,-0.429644732127969,-0.36801601063263534,-0.44069054656968454,-0.10370044001367282,-0.28530021656785687,-0.13812187083932795,-0.29710455056206575,,-0.09339860866723376,0.03612902249663761
MSM79H5K,M2061,nonIBD,0,,,,,,,,,,-0.09690338261045074,0.4027651114447986,-0.48950291983606775,0.11590987491957123,0.46740291855841337,-0.238230911298923,-0.3629762722632406,-0.25629024227408154,-0.1113122162579901,-1.329555807795837,-0.29909236633726183,-0.21552070386130867,-2.0561076108255025,-4.0058525615742955,0.5187829695859544,-0.07794501494001509,-0.08650797396966804,-0.22866761854005455,-0.14567808415551198,0.07500016726067676,-0.6406329548544792,-0.2545646040918579,-0.08650797396966804,-0.08708671244899614,-0.14296984138690302,0.013368190302435377,-0.8505702600381702,-0.5550630026432128,-0.28826309641283665,-0.5948545228570751,-0.4821400665419329,-0.429644732127969,-0.14306920534269352,-0.5790753926989702,-0.10370044001367282,-0.40360493941612924,-0.13812187083932795,-0.29710455056206575,,-0.09339860866723376,-0.027963944002611273
MSM79H5M,M2061,nonIBD,0,,,,,,,,,,-0.3726662391674152,0.7094121738485742,0.08841820741699839,0.22311084269595233,2.6425951134414367,-0.19438548458235683,-0.5341480174376667,-0.2658728436736252,-0.1113122162579901,-1.2132877601001166,-0.18479937115980838,-0.17979875902705017,-1.0414479301112558,-10.835995421956918,,,,,,,,,,,,,,,,,,,,,,,,,,,
MSM79H5Q,M2039,nonIBD,0,,,,,-0.10906307911089494,-0.18859219228446342,-0.2974219579889297,-0.6292441517017867,-1.2823479356948133,0.31538350712761276,0.36700558270047,-0.215878674970681,0.9623778421181253,0.2636492256271994,-0.24856420170430885,0.2931585844267806,1.0154548338349012,-0.10843274156073193,0.37956833823716846,-0.21326325113431455,-0.21481765944196018,0.15166361973302117,-0.2500709115984996,,,,,,,,,,,,,-0.6976699976668981,-0.3560430619986537,-0.19249431733071867,-0.6722718674226255,-0.8466307977508071,-0.34200573430031295,-1.365044689348677,-0.8186874809246256,,-0.11876258745196787,-0.07939061616942635,-0.2813350374326855,,-0.062149905905642094,0.2598555682355911
MSM79H5S,M2039,nonIBD,0,,,,,,,,,,0.15764776556365445,-0.3232082090116717,-0.39099019790154504,0.3323132812538342,0.04265751570168667,-0.18649848817544123,0.061906078941465374,-0.2211425057358779,-0.10843274156073193,-0.2821973173168603,-0.1555585879219792,-0.19291253789724283,-0.08309014484469585,-0.24830715367620645,-1.5694572867642467,-0.22967101184415356,-0.07284643967679481,0.7530174576509021,-0.36644490412873637,0.09560573483367543,-0.6107417720659705,-0.3377928645099569,-0.07284643967679481,0.11380978751367281,-1.5636973287499574,0.030391478799598647,,,,,,,,,,,,,,,
MSM79H5U,M2039,nonIBD,0,,,,,,,,,,-0.011004953906690833,-0.3207025851191797,-0.15358229044670632,0.08961884639414773,-0.08691590695577933,-0.24856420170430885,-0.3533543469741848,-0.17023537030387548,-0.10843274156073193,-0.6871322535750246,-0.21326325113431455,-0.21481765944196018,-0.7277681173700025,-0.24981724744546757,,,,,,,,,,,,,,,,,,,,,,,,,,,
MSM79H5W,M2039,nonIBD,0,,,,,,,,,,,,,,,,,,,,,,,,-0.8520210724859708,-0.22967101184415356,-0.07284643967679481,-0.13114880960995165,-0.27556168015208743,0.09560573483367543,0.39550632144631126,-0.3377928645099569,-0.07284643967679481,-0.5815998873871691,-0.10063429717551321,0.030391478799598647,,,,,,,,,,,,,,,
MSM79H5Y,M2039,nonIBD,0,,,,,,,,,,-0.1153702355609772,-0.21172867023446942,-0.19524074074521167,0.24631933956344404,0.19395654960971354,-0.24856420170430885,-0.0018536461299835292,-0.43830668813773016,-0.10843274156073193,-0.5308715272672466,-0.21326325113431455,-0.21481765944196018,-0.16820618668537127,-0.25018072165395777,,,,,,,,,,,,,-0.9964888795122373,-2.440389262519502,0.15269762498705328,-1.6781799685154448,-1.2115278476459594,-0.34200573430031295,-0.9348721355171753,0.1089144283679609,,-0.18439291512339773,-0.07939061616942635,-0.2813350374326855,,-0.062149905905642094,0.27469483947926393
MSM79H63,M2028,CD,1,,,,,-0.08308156807621693,1.55266776350174,-0.4433927381043663,-0.2406814997973806,-0.336448152829901,0.26163469326405564,0.4497184945425547,-0.3231110241148736,0.2492449072682756,0.21698225127745677,-0.3288722401143088,0.03993526590967063,0.06019116114284164,-0.13833516500220164,0.8418280592576655,-0.3206853541700213,-0.2447944344640575,0.27114395056916374,-0.46142295686213813,,,,,,,,,,,,,,,,,,,,,,,,,,,
MSM79H65,M2028,CD,1,,,,,,,,,,1.2047754247856444,0.46491428850835537,3.177377779452569,0.8005366291425846,0.8403623720306357,-0.4550466004117684,1.2888642359372993,1.1735301942127454,-0.13833516500220164,1.7995160545359985,-0.2715958443554413,-0.17131836452654975,1.4491256939992656,-1.2466457964495121,,,,,,,,,,,,,,,,,,,,,,,,,,,
MSM79H67,M2028,CD,1,,,,,,,,,,0.5236869481217302,0.8379896454327654,1.9798587992319796,0.16873763697236716,-0.7182828279732861,-0.4033249274021603,0.3465899299442403,0.05285087959992508,-0.13833516500220164,0.5678150219850734,-0.3206853541700213,-0.23458981842828203,0.21487586611790616,-0.4248586369957145,,,,,,,,,,,,,,,,,,,,,,,,,,,
MSM79H69,M2028,CD,1,,,,,,,,,,0.8858628535689,0.6138150887813248,1.9676720340426586,0.6023429086356169,0.06195122486856984,-0.4204216812263286,1.507523480174586,0.7681622908419515,-0.13833516500220164,1.6088031241122378,-0.26343113847184807,-0.22539103753968165,1.0165138304028956,-1.0270857764175034,,,,,,,,,,,,,,,,,,,,,,,,,,,
MSM79H6B,M2028,CD,1,,,,,,,,,,0.272586887072025,0.1810597909547611,-0.44267141822751327,0.1422683632473524,0.41106430107178016,-0.3923254519434421,0.27349443543310287,0.05422901793433205,-0.13833516500220164,0.585330470946324,-0.3206853541700213,-0.22672824690220977,0.21516846869894724,-0.6181673408070263,-0.2977271302462322,-0.6163359032549541,-0.08602647872386804,-0.07718636868310585,-0.23063857481186337,0.012623600559267523,-0.8358412017834594,-0.0970981801533063,-0.08602647872386804,0.4897624143677007,-0.48710595163144454,0.15804200816145356,,,,,,,,,,,,,,,
MSM79H6D,M2042,nonIBD,0,,,,,,,,,,-1.9095575833889749,-3.3902357490891983,-0.27679667282768383,-3.4871038892252075,-1.7541610201661226,-0.09762084592543657,-0.4254844884093718,-1.1698602173683852,-0.10843274156073193,-1.9444601076900512,-0.20233064605642107,-1.3780566641615748,-0.571228689553845,-0.263531551192349,,,,,,,,,,,,,,,,,,,,,,,,,,,
MSM79H6F,M2042,nonIBD,0,,,,,-1.0842332879408152,-0.7423145965666841,-0.5160550961698763,1.1124481239889306,-1.4782013631251427,-1.4874515468224399,-3.1219591474311503,-0.3178278834731577,-4.046026245655811,-2.076789969788075,-0.24856420170430885,0.23747264506647212,-1.3572419298447695,-0.10843274156073193,-2.117879619829182,-0.21326325113431455,-0.21481765944196018,-0.5591816537960701,-0.25009651944085437,-0.9606951398140038,0.1413374728727513,-0.07284643967679481,-0.5292023715390977,-0.2097506611835849,0.09560573483367543,0.07519536903207324,0.3539914945517707,-0.07284643967679481,-0.5239779640834461,0.02892195214136681,-0.3091306439071824,-2.4261955693047326,-0.9094783086341935,-0.16253847822335074,-0.6190864816993437,-0.5859831717600342,-0.34200573430031295,-0.2831376560892649,-0.2951543904895063,,-0.32871898927289794,-0.07939061616942635,-0.2813350374326855,,-0.062149905905642094,-0.644610620186763
MSM79H6H,M2042,nonIBD,0,,,,,,,,,,-1.2904528203175643,-2.9978110617171634,-0.31950146016159275,-3.6875426491320735,-2.961037406058173,-0.24856420170430885,-0.10599686787143892,-1.2543565928706975,-0.10843274156073193,-1.405040493057614,-0.21326325113431455,-0.21481765944196018,-0.05943473562559936,-0.2500885140399416,,,,,,,,,,,,,,,,,,,,,,,,,,,
MSM79H6J,M2042,nonIBD,0,,,,,,,,,,-1.8393233626204304,-3.0208328604361347,-0.3331974711002307,-3.59373009962544,-2.370363393760048,-0.24856420170430885,-0.3427828685742695,-1.1858559303519685,-0.10843274156073193,-2.691577178619437,-0.21326325113431455,-0.21481765944196018,-1.4894825032418206,-0.25009651944085437,,,,,,,,,,,,,,,,,,,,,,,,,,,
MSM79H6L,M2042,nonIBD,0,,,,,,,,,,-1.5428368574470424,-3.4112129084256035,-0.17520683354442224,-4.033180978501261,-3.4702823225130377,-0.3930553810655384,-0.35799223538374914,-1.411308920664243,-0.10843274156073193,-0.9706730722099529,-0.21326325113431455,-0.11416749997636909,-0.48371906522218616,-0.5516535258906038,,,,,,,,,,,,,,,,,,,,,,,,,,,
MSM79H6N,M2042,nonIBD,0,,,,,,,,,,-1.5903058126492247,-2.901714141400829,-0.15492746905107455,-3.8269458267249767,-3.2225119700106113,-0.2086353813441593,-0.6819584214544737,-0.9255563110233063,-0.10843274156073193,-0.7052937364938766,-0.19153068918882313,-0.1849398789240894,-0.1946323683538953,-0.2758281927990209,-0.6520103391687508,7.387764211176668,-0.07284643967679481,-0.6781260559858105,-0.21486483082073204,0.09560573483367543,-0.6003034709950731,-0.3377928645099569,-0.07284643967679481,-0.7196339735769224,0.7431990355603375,0.030391478799598647,,,,,,,,,,,,,,,
MSM79H6Y,M2048,nonIBD,0,,,,,0.07016575945267652,-1.3937275798428195,-0.839753976698287,-1.2161300068574146,-0.3451430840544021,0.4249087678686026,0.17743762741530572,0.5997300794856285,0.34478591663523156,3.5710176398655302,-0.4251392272342465,0.694228273745796,-0.33252321718765787,-0.1113122162579901,-0.2100972305044186,-0.29909236633726183,-0.21357369416283334,-0.8929193879268226,-0.5708180750040315,,,,,,,,,,,,,,,,,,,,,,,,,,,
MSM79H76,M2059,UC,1,,,,,,,,,,,,,,,,,,,,,,,,1.8006354197215968,0.0916501702159361,,-0.20356176875780368,-0.46927374987100356,0.07560302623362697,1.9916685991542151,-0.18442979856489528,,-0.32535526488742156,-0.208150375760826,0.06293716072304763,,,,,,,,,,,,,,,
MSM79H7C,M2071,UC,1,,,,,,,,,,-0.22563138917648148,-0.23064753171696456,-0.314030618561437,-0.06948305654357848,-0.6083471958703798,-0.2553668707326749,0.18590421341081953,0.2062677511429627,-0.13833516500220164,-0.16281659604381332,-0.3206853541700213,-0.22136751475868918,-0.2870294792795388,-0.31834823207866986,,,,,,,,,,,,,0.23095059129508694,-0.8119502494260652,-0.24634640826316948,-0.2837396211340616,-0.405697703247234,-0.531433549593426,-0.3875358798064673,-0.8480823152690286,-0.09434468921296807,-0.9611043032894129,-0.13571057116566926,-0.11592742607364434,,-0.08939284250604397,-0.2048473772246109
MSM79H7E,M2071,UC,1,,,,,,,,,,0.35096992612659544,0.01875089380616463,0.029025193994600584,0.4128667052702052,-0.45485949578650814,-0.23121639388291593,0.47556179557361883,0.2510864654189708,-0.13833516500220164,0.5708978391521502,-0.3206853541700213,-0.2293987108604645,0.17059056319171514,-0.2268089964318406,,,,,,,,,,,,,-1.2991568775579505,-0.5692876939961058,0.19268570094951215,-0.34805989546432886,-0.7713660628784669,0.20697114032681793,-2.76636735848161,0.7044429060237634,-0.09434468921296807,0.7073068177817137,-0.13571057116566926,-0.23301540043091898,,-0.08939284250604397,-0.9110170707791392
MSM79H7G,M2071,UC,1,,,,,-0.02628354211820421,1.4485657342591949,-0.4531537571781995,0.12885414758402566,-0.6827628556952898,-0.09357840539968379,-0.25359032874626414,-0.24192058669946478,-0.010800865412507897,-0.3978490752171773,-0.23553893139251772,0.028200008023344096,-0.020276950544574793,-0.13833516500220164,0.035007025017485746,-0.3206853541700213,-0.23734363884214854,-0.5963883152191417,-0.199462337926457,,,,,,,,,,,,,-0.4549776459545641,-0.2427585670778655,-0.9303399508690119,-1.0188988334517912,-0.5219152576388746,-0.2678726561225393,-0.6816632503821048,0.2856923235593127,-0.09434468921296807,-1.113873810475786,-0.13571057116566926,-0.23301540043091898,,-0.08939284250604397,-0.198411844878048
MSM79H7M,M2071,UC,1,,,,,0.5643495565880164,1.4009842299043058,0.24810476754024272,-0.5021208419051599,0.08312950043678008,0.18176988468576205,-0.1799895188437534,0.21151423881933124,0.27568934144009216,0.34155381626471826,-0.8535515828103778,-0.07540543594031451,0.10368309484890166,-0.13833516500220164,0.3942075561467109,-0.11800261937122408,-0.4016987708545154,0.0678994595553086,0.169796738441424,,,,,,,,,,,,,-0.23381623479445365,-0.001930190251063023,0.0008647169229474031,-0.1399219427824005,-0.25468442889431375,-0.41438400845859164,-0.09115850133976204,-0.23938760177940488,-0.09434468921296807,-0.48910826843417415,-0.13571057116566926,-0.19691026896494798,,,
MSM79H7O,M2047,nonIBD,0,,,,,,,,,,-0.27489485711385725,-0.25800133805776765,-0.22542015364976728,-0.6352901762571935,-0.2740466534227314,-0.3266604074261306,-0.557949028805242,-1.4690379309828272,-0.1462064739465535,-1.3491902115241214,-0.3461462799823559,-0.35062245985620705,-0.8295867663337718,-0.45313582138200204,,,,,,,,,,,,,-0.16710788694646736,-0.33991154579787397,-0.18469106377590472,-0.555328431659113,-0.41130886530952593,-0.5388255985700141,-0.26233665867458217,-0.47414408304344763,-0.10429053397097302,-0.32870214023213873,-0.18010567816992895,-0.33431691792771256,,-0.11241482424008134,-0.8798326767555911
MSM79H7Q,M2047,nonIBD,0,,,,,-0.4602400616961605,-0.6255198170464837,-1.6414095404609907,-0.41315610548964443,-0.584020241160652,-0.7601201094334894,-0.8780470672569074,-0.17143675386917173,-0.9630797629249229,-0.4805814746319142,-0.30729179432160814,-1.2625834550793749,-2.4401248484673164,-0.1462064739465535,-2.3590609930553623,-0.3461462799823559,-0.35881801171110267,-0.6492067012606091,-0.4477440805222665,-1.543462470739507,0.08761395366722986,-0.08813052984784635,-0.3970797269742624,-0.09984812251060363,0.15455173581269654,-0.8152655537789939,-0.3599320260332242,-0.08813052984784635,-0.09899998676910823,-0.41072974458980355,0.07869356735747605,0.24968750205075846,-0.34815059733077014,-0.18469106377590472,-0.48562805770580597,-0.40927958150463056,-0.5295940742565745,-0.4487741780430431,0.01509709256584292,-0.10429053397097302,0.08369064055535588,-0.18010567816992895,-0.33431691792771256,,-0.11241482424008134,-0.3569430777776398
MSM79H7W,M2047,nonIBD,0,,,,,,,,,,-0.5662364138310916,-0.6489774753444139,-0.16284609237605782,-0.7849331648281683,-0.14492701364543895,-0.33294446445934994,-0.758412504868209,-0.6025016405968308,-0.1462064739465535,-1.5594730886564632,-0.3461462799823559,-0.33300554651661746,-0.7453372199624666,-0.4396628181737848,,,,,,,,,,,,,,,,,,,,,,,,,,,
MSM79H7Y,M2047,nonIBD,0,,,,,-0.06393314620863884,-0.6096712613057091,-0.94418008158027,-1.115414787196603,-0.8868354043281027,-0.2964570319719969,-0.34579952142269793,-0.17790589809667395,-0.7022894227802986,-0.3489308076498318,-0.2742442691858357,-0.99012946897972,-1.9011483156197133,-0.1462064739465535,-1.7961848075400648,-0.3461462799823559,-0.3183172526800404,-0.5043167745154471,-0.42917477894784195,-2.4878566241351296,0.066097998161462,-0.08813052984784635,-0.8109229821975886,-0.40867437740428614,0.15455173581269654,-0.4415548156563854,-0.3599320260332242,-0.08813052984784635,-0.20606035686679308,0.12928456919608602,0.07869356735747605,-0.30220660527464455,-0.4266390986031482,-0.18469106377590472,-0.7050676340631803,-0.3594324855541531,-0.29764734339351623,-0.5478564326565274,-0.5865698688870583,-0.10429053397097302,-0.36284427616253384,-0.18010567816992895,-0.33431691792771256,,-0.11241482424008134,-1.8394389804604687
MSM79H81,M2072,nonIBD,0,,,,,,,,,,0.18163209375060535,-0.3015305531742838,-0.08432313473225324,0.06341592423752372,0.17870593642039453,0.8072265353019542,8.167530224222693,-1.2011471809328977,-0.1462064739465535,-0.8596169365002841,-0.3461462799823559,1.2435353543522762,-0.7589655674135503,0.6785494772340903,,,,,,,,,,,,,-3.221817888650604,-2.1196212997492205,-0.18469106377590472,-3.8348382066738873,-1.98638696525829,1.600866472576709,-1.9176485535979233,-1.013542217728878,-0.10429053397097302,-0.6799832701037111,-0.18010567816992895,-0.33431691792771256,,-0.11241482424008134,0.2756648331017293
MSM79H83,M2072,nonIBD,0,,,,,,,,,,-0.3107179265357974,-0.4131446535665973,-0.12092256203348671,-0.11421331354553904,-0.41204718763961445,-0.25190551478291195,1.4145374164132936,-1.162991226883119,-0.1462064739465535,-1.0685116048998553,-0.3461462799823559,-0.3223421823298061,-1.2508934923453925,-0.4669362851737735,,,,,,,,,,,,,-1.0665960348197927,-0.5396454736595955,0.35172642668681814,0.09546893726131592,0.40553852259728707,-0.445739355853496,-1.7187276551741124,-0.24333274062964966,-0.10429053397097302,-0.9604064438912039,-0.18010567816992895,-0.33431691792771256,,-0.11241482424008134,-0.15421402040519722
MSM79H85,M2072,nonIBD,0,,,,,0.09086740475036136,-0.3281783970085069,0.12404128125759921,0.29306072188150856,-1.1940493669632033,-0.07022715337924124,-0.24415634957906318,-0.10744496455734716,-0.05034532055012881,-0.25055661870347884,-0.07544422476068237,2.9787514005109914,-0.9439644441720757,-0.1462064739465535,-0.6309203655357166,-0.30511762735853765,-0.008040055041712967,-0.8954444356937907,-0.20403671145053848,1.4934991075039277,0.08761395366722986,-0.08813052984784635,-0.24052636118212511,0.07921541391948597,0.15455173581269654,1.288572426798961,-0.3599320260332242,-0.08813052984784635,-0.03510391416842733,-0.1201384398497693,0.07869356735747605,,,,,,,,,,,,,,,
MSM79H87,M2072,nonIBD,0,,,,,,,,,,-0.4621859111295295,-0.22905673289526365,-0.17000185353802286,0.11969006558622393,-0.23985946390886534,-0.2784731571233261,0.2388907364077519,-1.2133391505005773,-0.1462064739465535,-1.181217061700944,-0.3461462799823559,-0.272152701761315,-0.7232117256383842,-0.4016229750196489,,,,,,,,,,,,,-1.3222335172570827,-0.6330038764980905,-0.18469106377590472,-1.0441409982053989,-0.22380145956475891,-0.44320193193050966,-1.16619760645017,-0.2738106564331467,-0.10429053397097302,-0.46893662127094715,-0.18010567816992895,-0.33431691792771256,,-0.11241482424008134,0.017564033564234416
MSM79H89,M2072,nonIBD,0,,,,,,,,,,-0.23966522485955258,0.20125681171790089,-0.10319994753105603,-0.5665315063550321,-0.621878959705454,-0.2719454009559694,3.6734311700563245,-0.8828704761452222,-0.1462064739465535,-1.0976295297735519,-0.22329675934300686,-0.26503888525885844,-1.0323065272167522,-0.3987624785348324,,,,,,,,,,,,,,,,,,,,,,,,,,,
MSM79H8B,M2072,nonIBD,0,,,,,,,,,,-0.4580966285966336,-0.5712353790162906,-0.15552453693669657,-0.15004558012209818,-0.2504247359636354,-0.04287957034041869,1.4175582779587759,-1.789799370148154,-0.1462064739465535,-0.907304478311458,-0.3461462799823559,-0.20209171719566454,-1.6299772986614436,-0.4258483139384008,,,,,,,,,,,,,,,,,,,,,,,,,,,
MSM79H8D,M2075,nonIBD,0,,,,,-0.1371000129933327,-0.596506209001997,-0.8169516332785417,-0.5665537799429654,0.2450662769378932,0.05199675899948681,0.3272534020237527,-1.5649117340565963,0.1391616622611072,-0.18513576488702457,-0.1849759228992527,0.007613325579843951,-0.14116191028938363,-0.1113122162579901,-0.2670192265396709,-0.29909236633726183,-0.15988204914255374,0.027228896658301843,-0.2908823438084559,1.3160663451007864,-0.2589021601985514,-0.08650797396966804,3.1541012518980125,-0.2633990347562232,0.07500016726067676,0.14243123829845936,-0.2545646040918579,-0.08650797396966804,0.3087251358392835,-0.3108916490219447,0.013368190302435377,-0.8882202874735375,0.2785947850427712,-0.055712193768146366,-1.8253436575137998,-3.207089330795443,-0.2856357102681943,0.6087348188524678,0.5081423635105491,-0.10370044001367282,0.4621178668347725,-0.13812187083932795,-0.2075519302522119,,-0.09339860866723376,-0.48171588438527213
MSM79H8F,M2075,nonIBD,0,,,,,,,,,,0.2816909440139634,0.9507008809760346,-0.2837595218709512,0.9091120636699254,0.27719487015973876,0.11565881952747574,-0.16198360455299649,0.12047934116687192,-0.1113122162579901,0.4136596257999247,-0.29909236633726183,0.015870599277306822,0.2771916077201144,-0.4482781519550727,,,,,,,,,,,,,,,,,,,,,,,,,,,
MSM79H8H,M2075,nonIBD,0,,,,,,,,,,0.08262425497510807,0.08799075312156875,0.21106433446317324,-0.09630414934369587,-0.3327173569704505,-0.238230911298923,0.37331221816766413,-0.39069118662119456,-0.1113122162579901,-0.34735929734472254,-0.29909236633726183,-0.21552070386130867,-0.0942599112573768,-0.5254978322935665,,,,,,,,,,,,,,,,,,,,,,,,,,,
MSM79H8J,M2075,nonIBD,0,,,,,-0.6255856207666528,-1.5348724220417551,-0.46450839721204684,-0.6217292239955557,-1.4170601132886433,,,,,,,,,,,,,,,-1.6695139930634177,-0.03508945831842083,-0.08650797396966804,-1.0829777378232415,0.36094832730747994,0.07500016726067676,-0.9182582192586822,0.055472931946663834,-0.08650797396966804,-0.0805095977980142,-0.028325129870858258,0.013368190302435377,,,,,,,,,,,,,,,
MSM79H8J_P,M2075,nonIBD,0,,,,,,,,,,-0.533683868131126,-0.20607730321270937,-0.45682293377369104,-0.27762746197889365,-0.08288023865202433,-0.11158323991026323,0.4897558179299674,-0.27744038665726733,-0.1113122162579901,-0.4065478833784889,0.21144949821546064,0.41448709042873916,-0.163097831799473,-0.26454866417928946,,,,,,,,,,,,,,,,,,,,,,,,,,,
MSM79H8L,M2075,nonIBD,0,,,,,,,,,,0.17262294579359674,0.6568127570292472,-0.33387876928074595,0.40993544177971025,-0.31070691483103763,-0.18994189935027475,0.13018425038186043,0.2314648134413395,-0.1113122162579901,-0.2801548606379653,-0.0952485269363555,0.04005685712006206,0.3590272084783089,-0.3725686673149612,-0.01251412811592442,-0.07794501494001509,-0.08650797396966804,-0.11569370887677448,0.10872028315091598,0.07500016726067676,0.3045074441056679,-0.2545646040918579,-0.08650797396966804,-0.2958044247620975,-0.11363703562835434,0.013368190302435377,-0.23466704075496142,0.40093937104474986,-0.28826309641283665,-0.6825276581227442,0.2528147612294294,-0.3822468630577123,0.0262697070506893,0.13893117835059687,-0.10370044001367282,-0.48959213190419376,-0.13812187083932795,-0.29710455056206575,,,
MSM79H8N,M2075,nonIBD,0,,,,,,,,,,-0.5142810596385027,-0.9883044691873195,-0.11490186505727794,-0.4416771858331579,-0.2559822230600451,-0.193725291851337,0.6668624488921633,-0.07011005750190655,-0.1113122162579901,-0.7871880563358624,-0.23617515719541007,-0.1735106486810122,-0.3409013198437787,-0.3697580210723531,,,,,,,,,,,,,,,,,,,,,,,,,,,
MSM79H94,M2077,nonIBD,0,,,,,-0.1635640940033404,0.6868909969742816,-0.4159964919119193,1.0456504959105997,-0.38805862993828383,,,,,,,,,,,,,,,,,,,,,,,,,,,,,,,,,,,,,,,,,
MSM79H94_P,M2077,nonIBD,0,,,,,,,,,,0.24143515538459873,-0.28317388371399627,0.49786855523035706,-0.49021010533741644,-0.9610773201413985,-0.04511434929396103,-0.2766984501667921,-0.10907997460966729,-0.1113122162579901,0.10514047980148292,-0.2448633090113759,-0.1865569160269133,0.4216365173744988,-0.3308576128839195,,,,,,,,,,,,,,,,,,,,,,,,,,,
MSM79H98,M2068,CD,1,,,,,,,,,,-0.7581925133603649,-0.6684305743119847,-0.049628943577679406,-0.9379106501064955,-0.9535966857626884,-0.26527888238366104,-0.021780977862994343,-1.49002951343225,-0.13833516500220164,-0.32922030209095043,-0.3206853541700213,-0.2491292222009947,-0.14301082228539416,-0.3677616504045522,,,,,,,,,,,,,,,,,,,,,,,,,,,
MSM79H9A,M2060,nonIBD,0,,,,,,,,,,-1.187880135900522,-2.5517744226618446,-0.28427634268326324,-0.9381086434079278,0.4055116678766654,-0.2567488000992247,-0.08501853473198107,-5.75555437390151,-0.10843274156073193,-2.8026835752100823,-0.201754723152091,-0.2068206613803889,0.36238410379213487,-0.18489683107599295,,,,,,,,,,,,,-0.2647660024451517,-1.2448516754661896,-0.1841434975068624,-1.1482023916462398,-1.174082470254187,-1.9586026521508257,0.24519293541124418,-0.6500534436261809,,-0.07451432073264867,-0.07939061616942635,-0.2813350374326855,,-0.062149905905642094,0.5889226121725398
MSM79H9C,M2060,nonIBD,0,,,,,,,,,,-0.873777924690245,-2.4160498517339883,-0.2259284708235145,-0.7581914440317097,0.4377491570998079,-0.347586228272675,0.1048144578654236,-8.112800418968806,-0.10843274156073193,-4.215185880171814,-0.10714560242806959,-0.16481628784924177,0.5689725541548416,-0.22907770006615913,-0.43231390236965334,-0.22967101184415356,-0.07284643967679481,-0.5649911810547881,0.9414771245912361,0.09560573483367543,-1.158523619049068,-0.3377928645099569,-0.07284643967679481,-0.27028586932947957,-1.1437369043602212,0.030391478799598647,,,,,,,,,,,,,,,
MSM79H9G,M2060,nonIBD,0,,,,,1.7467011455215207,0.5392504061016528,-0.9769566053141402,0.3653579534904547,-0.7576128859371255,-0.7951316053085522,-1.8933154713490625,-0.12473938294951516,-0.09852941614484374,0.5857631449715539,-0.06471974036277311,0.358087499373037,-7.196966218542942,-0.10843274156073193,-3.2048951473083664,-0.20142231115285425,-0.26238336341542157,0.8752067224348985,-0.22950162043354352,,,,,,,,,,,,,0.9990745164600701,-0.41413315116807,-0.1841434975068624,-0.59809592209024,0.2149238355348576,-1.7037607497409193,0.48952328723556127,-0.9498329195341532,,-0.34110543462969567,-0.07939061616942635,-0.2813350374326855,,-0.062149905905642094,-0.2264785326514279
MSM79H9K,M2060,nonIBD,0,,,,,,,,,,-0.11141750347591671,-1.5809167768846517,-0.13164868306804842,0.1395331873544096,0.5457696509425383,-0.20750831885662577,0.18020210955817703,-5.097639923641736,-0.10843274156073193,-2.3043972886398896,-0.20055232649299873,-0.19782328559089854,0.7267433621426291,-0.1971390812589148,,,,,,,,,,,,,,,,,,,,,,,,,,-0.062149905905642094,1.7197211679717568
MSM79H9M,M2061,nonIBD,0,,,,,,,,,,-0.6536589411929028,-0.204620290329248,-0.1698169342140403,-0.5103131175705389,1.958033355527538,-0.26102336131389264,-0.16205386539775604,-0.3695554783286753,-0.1113122162579901,-2.106356543791128,-0.28763124207539753,-0.2067569290760809,-1.3514044864884847,-3.8087867810702143,,,,,,,,,,,,,-0.8171769038225943,-0.5259018960674414,-0.28826309641283665,-0.6820058883799289,-0.37786156285346384,-0.4538471962270001,-0.3157582759033604,-0.6332015485191808,-0.10370044001367282,-0.3799108980934663,-0.13812187083932795,-0.29710455056206575,,-0.09339860866723376,-0.9867695767306082
MSM79H9O,M2061,nonIBD,0,,,,,,,,,,,,,,,,,,,,,,,,0.14650331683966658,-0.07794501494001509,-0.08650797396966804,-0.22866761854005455,-0.14567808415551198,0.07500016726067676,-0.15255892713080493,-0.2545646040918579,-0.08650797396966804,-0.08708671244899614,-0.14296984138690302,0.013368190302435377,,,,,,,,,,,,,,,
MSM79H9Q,M2061,nonIBD,0,,,,,-0.7467044758578566,-1.3233497639401632,-0.7809247086592828,-0.1715299365822645,-0.2942474935179732,0.3375305965114976,2.129853236252042,-0.20050070272413192,0.6670476487586833,2.8951342844307137,-0.20882474149319738,-0.8997337272209409,-0.005124068968905719,-0.1113122162579901,-0.7116165746680223,-0.08803972923131442,-0.6015708011493442,-1.2457194659958999,0.27815925500280686,,,,,,,,,,,,,-0.7168576512824975,-0.5856006421099876,-0.17860281676133616,-0.5898848065555286,-0.670385339373879,-0.3003338673023831,-0.25535476682693825,-0.6424202940269711,-0.10370044001367282,-0.13550870487104016,-0.13812187083932795,-0.29710455056206575,,-0.09339860866723376,-0.12378277681377639
MSM79H9U_P,M2067,UC,1,,,,,,,,,,-1.150216353233376,-0.8601042986135136,-0.35840163011162723,-0.8562150793373352,-0.2511190557350316,-0.6955080387612926,-0.8058632429209405,0.13711283010899766,-0.11407085113498545,-0.651432262153139,-0.026710546193249647,-0.3045557904916717,-0.729218945119283,-0.14373872905643428,,,,,,,,,,,,,,,,,,,,,,,,,,,
MSM79H9W,M2061,nonIBD,0,,,,,,,,,,-0.638947776012602,-0.39631623872255684,-0.3760840981209524,-0.5140610102803927,1.0713065633097874,-0.24327088918197726,-0.32653293048096305,-0.3169141733649812,-0.1113122162579901,-2.3762211527702335,-0.27713446582390483,-0.20677819001437917,-3.4227386365206787,-3.632045384298048,,,,,,,,,,,,,-1.7273121182810875,-0.42448268638263364,-0.10298470924599804,0.36993878537797165,-0.4137390598861099,-0.19519418528077528,-0.7144139294382715,-0.3964054818056611,-0.10370044001367282,-0.2407358784229682,-0.13812187083932795,-0.29710455056206575,,-0.09339860866723376,-0.7356054051481534
MSM79H9Y,M2042,nonIBD,0,,,,,,,,,,-1.5339861325360846,-3.5150054691892287,-0.5469632309139356,-4.3304347964589915,-2.9813314548336605,-0.2396689213410287,-0.31557589530067426,-0.6957662227261187,-0.10843274156073193,-1.3880491438851887,-0.21326325113431455,-0.21413493391963714,-0.5767942680826654,-0.3158342763293294,,,,,,,,,,,,,-2.623396499254264,-0.5447421533249657,-0.1841434975068624,-0.9164234048586838,-1.0085093576727464,-0.34200573430031295,-0.14495061441713622,-0.33897822831419516,,-0.5343127727209178,-0.07939061616942635,-0.2813350374326855,,-0.062149905905642094,-0.5936135442232217
MSM79HA1,M2042,nonIBD,0,,,,,,,,,,-0.8445840935668985,-1.9219130938257794,-0.3723447921005795,-2.3974530425693477,-1.8192014532778202,-0.24856420170430885,-0.2668271153219198,-0.6525614621938344,-0.10843274156073193,-0.6234487369089432,-0.21326325113431455,-0.21481765944196018,-0.31315368098487784,-0.3086634076409022,,,,,,,,,,,,,,,,,,,,,,,,,,,
MSM79HA3,M2042,nonIBD,0,,,,,-0.5268741425468504,-1.3285138159313599,-1.2938435336320453,-0.8617574826910397,-1.41251971268064,-0.5990916326365673,-0.824100385680566,-0.24011508306034823,-0.9281772402857911,-0.6678815116165828,-0.2567286074567573,-0.06200921015851518,-0.8411584054593365,-0.10843274156073193,-0.46232838926739095,-0.21326325113431455,-0.24749535291272545,0.00593358783817521,-0.3483632977120172,,,,,,,,,,,,,-0.5889306414181501,-1.1645275127279626,-0.1841434975068624,-0.4862110007719888,0.4606772823716654,-0.34200573430031295,0.17801501219752675,-0.31834018001546854,,-0.25929307853752526,-0.07939061616942635,-0.2813350374326855,,-0.062149905905642094,-0.33171498840960867
MSM79HA7,M2042,nonIBD,0,,,,,,,,,,-2.1268060838875016,-4.0790402328622966,-0.24702313946614773,-3.78276773914261,-1.7102777505237976,-0.24856420170430885,-0.20791871143165006,-0.519529772122084,-0.10843274156073193,-3.485394699079759,-0.21326325113431455,-0.21481765944196018,-1.4671594507920955,-0.25003554048898813,-0.8799389008279491,-0.22967101184415356,-0.07284643967679481,-0.274615651427781,-0.3133199222117357,0.09560573483367543,-0.8616603153836744,-0.3377928645099569,-0.07284643967679481,-0.18950180663358096,-0.3663177804743048,0.030391478799598647,,,,,,,,,,,,,,,
MSM79HAH,M2039,nonIBD,0,,,,,0.2887649496768612,-1.1359049358187168,-1.4575687570867046,0.41533557194832327,-0.8936044890082486,-0.021574424067492742,-0.12683033548576877,0.08117917928062403,0.27404524034826055,-0.09971351667054174,-0.24856420170430885,-0.11547359468280191,0.07962714547542066,-0.10843274156073193,-0.3193207853894322,-0.21326325113431455,-0.21481765944196018,-0.07530600667059037,-0.24995330920359746,-2.0883305369542517,0.0622269375760021,-0.07284643967679481,1.569897074348747,-0.13101008308696127,0.09560573483367543,-0.2724079515228936,-0.3377928645099569,-0.07284643967679481,0.02400870902684825,0.6043022473103904,0.030391478799598647,-0.3930840151918702,-0.36921979766333424,-0.18784433969320902,-0.4071137295643023,-0.3138217234171707,-0.34200573430031295,-0.5141639270638938,0.0709428760733615,,0.16966556315754808,-0.07939061616942635,-0.2813350374326855,,-0.062149905905642094,-0.20953028833299897
MSM79HAJ,M2064,UC,1,,,,,-0.9752477053346329,-0.9890283949881986,-1.9336078570979738,-0.41234495333680815,-0.6357967869734691,0.4030550480723036,1.7294222524773057,-0.39921694736397484,1.7642458301075592,2.8724342623160686,0.12679464288399472,0.13516120306008295,11.177701239760545,-0.10843274156073193,0.43204761425121196,-0.21326325113431455,0.14789350374406002,-8.486645006899163,0.9989518777012141,,,,,,,,,,,,,-0.8115805403967924,-0.4404924628734514,-0.1841434975068624,-0.46444098028658654,-0.5148735908047648,-0.2765004683814046,-0.3479280617827477,-0.6118385985230358,,-0.36382327397861086,-0.07939061616942635,-0.2813350374326855,,-0.062149905905642094,-0.28929731583017765
MSM79HAL,M2064,UC,1,,,,,,,,,,-0.44983008639599936,-1.2241568288918152,-0.39318469960878566,-1.3398579049369024,-1.8083740469602052,0.038761415773153424,-0.6635341031766628,-0.5648655917789245,-0.10843274156073193,-2.142044833973039,-0.047641467714029294,-0.18371362001010758,-4.421901232043544,-0.15567674446318577,,,,,,,,,,,,,-1.1234914072906725,-1.1793449095490838,-0.1841434975068624,-0.9552473844143556,-0.9622025773642578,0.041982235203941336,-0.2945803270218837,-1.1492902173522261,,-0.5529083873829227,-0.07939061616942635,-0.2813350374326855,,-0.062149905905642094,-0.2565757328870189
MSM79HAN,M2064,UC,1,,,,,-0.6199207175433384,-1.0379835211477373,-2.06726330415975,-0.43271864589962405,0.2008167019339544,-0.09715438339019339,-1.8912789233162328,-0.22346991757794246,-0.5134743480739067,-1.1505394283850698,0.11916251473532163,-2.7387754695366495,-0.08343110652477341,-0.10843274156073193,-1.1567703014879243,0.5397289674402093,0.33963019282059326,-2.3168215174040316,1.2891906989440198,-0.3906325247317226,-0.22967101184415356,-0.07284643967679481,-0.274615651427781,-0.2097506611835849,0.09560573483367543,-0.8575219937086018,-0.3377928645099569,-0.07284643967679481,-0.18950180663358096,-1.1039222713279313,0.030391478799598647,,,,,,,,,,,,,,,
MSM79HAR,M2064,UC,1,,,,,,,,,,-0.6170411118697093,-1.6517904408108703,-0.3395735098475245,-1.5779652622098725,-2.0389793775243126,0.018522122239433402,-1.3190023463975433,-0.41839032525557934,-0.10843274156073193,-1.2797634585985131,0.358297690979737,0.06902856651393875,-0.3643660395657385,-0.21305280843665592,,,,,,,,,,,,,,,,,,,,,,,,,,,
MSM79HAT,M2064,UC,1,,,,,,,,,,-1.525778946574661,-2.3731751293129886,0.6245806051145655,-2.74007857155156,-2.520211294467546,-0.2159152874703395,-1.2271318772387492,0.03034817630724196,-0.10843274156073193,-0.9790736390406762,0.14248096171705968,-0.02196534060833798,-0.2811498107694935,1.2854596079042186,,,,,,,,,,,,,,,,,,,,,,,,,,,
MSM79HB4,M2041,nonIBD,0,,,,,,,,,,,,,,,,,,,,,,,,1.2331597533610001,0.36722556015821756,-0.08602647872386804,0.4343218197148676,-0.3918706330413185,0.012623600559267523,1.1764636287078194,-0.0970981801533063,-0.08602647872386804,0.43751738277973184,0.23241039707585529,0.15804200816145356,,,,,,,,,,,,,,,
MSM79HB6,M2041,nonIBD,0,,,,,-0.502196305396686,-0.43889812617354484,-0.06696878481604486,-0.9916813141596813,-0.23946569500459988,0.418974268379445,-0.39831604410666366,-0.37867967860540364,0.5713932897073294,1.4895209105952627,-0.20608824919487348,-0.8838606096284968,0.04252664060820061,-0.13833516500220164,0.1931318967495488,-0.05212361362414895,-0.022666585416710933,0.09129831967755511,-0.18551067820857248,,,,,,,,,,,,,0.07150468306350959,0.8434402195021333,-0.24634640826316948,0.4755254666320742,1.3582920778942182,-0.30020896691806054,-0.17174634575130643,0.7584654853400852,-0.09434468921296807,-0.3236179841381947,-0.13571057116566926,-0.23301540043091898,,-0.08939284250604397,0.3302493678777081
MSM79HBB,M2048,nonIBD,0,,,,,,,,,,-0.6095410583000953,-0.4183299398657851,-0.4799589795508927,-0.4329436706428723,3.3134185843688653,-0.2803912629246129,-0.21209407657650997,-0.7537931904347733,-0.1113122162579901,-0.7665592371209914,-0.29909236633726183,-0.20304392954793832,-1.1188327016224084,-0.5611319726550485,,,,,,,,,,,,,0.052636886168142875,1.2509481532281526,-0.28826309641283665,1.5288834356240857,0.6243039246210487,-0.6642850822925866,0.3961789259893455,-0.3412211635160347,-0.10370044001367282,0.6016356776016324,-0.13812187083932795,-0.29710455056206575,,-0.09339860866723376,-0.7567160385716668
MSM79HBL,M2048,nonIBD,0,,,,,,,,,,-0.6042951579233967,-0.0013093752958325143,-0.4325881469230582,0.0813533575895195,19.158372474868415,-0.2513703421277442,-2.7199819742614704,-1.9745902757899185,-0.1113122162579901,-1.864381950018704,-0.29909236633726183,-0.22958844711215476,-0.7458199524938784,-0.5895862383339061,,,,,,,,,,,,,,,,,,,,,,,,,,,
MSM79HBN,M2034,CD,1,,,,,,,,,,-0.0275484591959035,-0.32430101272607614,1.8778706630208388,-0.38931129783744206,-0.17473963264802841,0.4494592494172769,-0.4235947187485216,-0.18262435613828207,-0.1113122162579901,-0.015241424614555011,0.1712418100099112,-2.006530098815392,0.3608921449026616,-0.17400324216803462,1.1449971249898794,-0.07794501494001509,-0.08650797396966804,-0.22866761854005455,-0.2633990347562232,0.07500016726067676,0.5028726883659802,-0.2545646040918579,-0.08650797396966804,-0.08708671244899614,-0.4093066298924019,0.013368190302435377,,,,,,,,,,,,,,,
MSM79HBP,M2034,CD,1,,,,,,,,,,0.17187141233147235,0.4453687157122515,-0.10488414578360868,0.26776398099131904,-0.08955687403803053,0.07789404423255412,0.8298223867216503,-0.43185042495381293,-0.1113122162579901,-0.2137132960468453,1.0228004555109087,-0.3726890572744411,1.853627023791773,2.3965211190043827,,,,,,,,,,,,,,,,,,,,,,,,,,,
MSM79HBR,M2034,CD,1,,,,,,,,,,1.061029950291629,1.6545579210086654,0.8582809513718992,2.58289668151485,4.297485142565116,6.438151911928098,3.5340031029917816,0.43558021846741724,-0.1113122162579901,4.217409545202355,19.92091738486074,-23.654570762348634,0.4438668415048679,22.080022138538816,,,,,,,,,,,,,,,,,,,,,,,,,,,
MSM79HBT,M2034,CD,1,,,,,,,,,,0.3631942510208693,0.369191585729164,0.9903229172322099,0.6810573984478087,0.10652035407978533,1.0099144924336734,0.9832674447097535,1.1295788922212233,-0.1113122162579901,2.4898128096896186,18.155105710814563,-7.567253199010078,0.8470765757786668,26.95440694912508,1.505937083584368,-0.018359733121849395,-0.08650797396966804,-0.22866761854005455,-0.5823652796374772,0.07500016726067676,1.735230145889017,-0.24941225696656963,-0.08650797396966804,-0.08708671244899614,-0.3799738241338533,0.013368190302435377,,,,,,,,,,,,,,,
MSM79HBV,M2034,CD,1,,,,,,,,,,4.701364062678761,2.6125734531449596,1.0152285310918108,1.9489101313197479,1.9343237939728426,2.5685233124410636,3.483508356425128,0.5289554600444984,6.0308762746154825,2.8422845688667344,5.600089422394296,0.11576413606425542,4.767767324542922,9.31257865794526,,,,,,,,,,,,,,,,,,,,,,,,,,,
MSM79HBX,M2068,CD,1,,,,,,,,,,,,,,,,,,,,,,,,0.8128983386570685,-1.2247568774236497,-0.08602647872386804,-0.5536510876515109,0.059556180706190155,0.012623600559267523,0.12091774854959533,2.777170931125149,-0.08602647872386804,2.2407715518002465,0.10015050536578496,0.15804200816145356,,,,,,,,,,,,,,,
MSM79HBX_P,M2068,CD,1,,,,,,,,,,-1.0052096418097693,0.11622131755617683,-0.39621528576607823,0.1718435638358185,0.6028408063223804,0.262269954871737,0.8544033516251914,-1.7263072494456493,-0.13833516500220164,0.41468922702816263,-0.2968048376245384,0.508710330030439,-0.43331217734908145,-0.29266564485944724,,,,,,,,,,,,,,,,,,,,,,,,,,,
MSM79HBZ,M2069,UC,1,,,,,,,,,,0.01770309399962785,-0.34283236470592104,0.2575859454312359,-0.2967132843873629,-0.008958346353326173,0.2023094146281449,0.012580695586739892,0.46969336183446314,-0.1113122162579901,-0.07573313302343507,3.2217336909090584,0.03616024286439015,-0.330885924850262,0.3943037225754521,,,,,,,,,,,,,,,,,,,,,,,,,,,
MSM79HC4,M2047,nonIBD,0,,,,,,,,,,-0.18093445438802735,-0.6854631686326728,-0.20076689724736765,-0.7027861449002902,-0.628919138282171,-0.15952875139777015,-0.8743247863152361,-1.8916837558358206,-0.1462064739465535,-1.6695399300772333,-0.3461462799823559,-0.1728665914396887,-0.5295330972688221,-0.25691211475486914,-0.941259882829542,-1.023943239785114,-0.08813052984784635,-0.24052636118212511,-0.09984812251060363,0.15455173581269654,-0.8959000104688226,-0.3599320260332242,-0.08813052984784635,-0.03510391416842733,-0.30348114013940736,0.07869356735747605,,,,,,,,,,,,,,-0.11241482424008134,-0.566245908456948
MSM79HC8,M2047,nonIBD,0,,,,,-0.7355530194499637,-1.4940289123777382,-1.7157585623572953,-1.0762482288493387,-1.3665145495078517,-0.5582735793279239,-0.6196432197678698,-0.1769155222103062,-0.7339658327244369,-0.6695146286594945,-0.3540317064065374,-0.5715090136808965,-1.3612483306698027,-0.1462064739465535,-2.061595786186093,-0.28077317499269433,-0.3459805040737887,-0.35922094632769536,-0.41027171400026136,,,,,,,,,,,,,-0.12319508470174902,-0.1717766353702008,-0.09722855028054293,-0.8154778378152361,-0.5460377078026977,-0.4383340573161122,-0.5818560152142516,-0.28445997633524917,-0.10429053397097302,-0.013196045336993522,-0.18010567816992895,-0.33431691792771256,,-0.11241482424008134,-0.5823734805788412
MSM79HCG,M2072,nonIBD,0,,,,,,,,,,-0.1882129109263122,-0.34627711684490653,-0.3039900623606226,0.08984036881385296,-0.11389953368297973,-0.22431229783494486,1.630906150711774,-0.7778604185117914,-0.1462064739465535,-1.0170281688046272,-0.3461462799823559,-0.20302758308653046,-1.346468514580031,-0.3525270114109052,-1.3909938232088734,0.066097998161462,-0.08813052984784635,-0.40990922687937914,-0.2789116589406932,0.15455173581269654,-0.23484581676932487,-0.3599320260332242,-0.08813052984784635,-2.4706425353989685,-0.15229829382079402,0.07869356735747605,,,,,,,,,,,,,,,
MSM79HCI,M2072,nonIBD,0,,,,,,,,,,-0.5271483952733815,-0.4284543716344356,-0.15467419986774913,-0.24434616337252782,-0.9019833789017366,-0.31777182558968464,-1.0471602775687792,-0.8910959033025615,-0.1462064739465535,-1.2767998968537884,-0.3461462799823559,-0.35272210802655535,-0.7645246362244248,-0.4627446729521395,,,,,,,,,,,,,-0.9113852413528281,-0.5462483854508751,-0.18469106377590472,-0.5673971661224577,0.21931079790975025,-0.5388255985700141,-0.41172579627291583,-0.5099423728810374,-0.10429053397097302,-0.2256975104716589,-0.18010567816992895,-0.33431691792771256,,-0.11241482424008134,-0.8382102288473264
MSM79HCK,M2072,nonIBD,0,,,,,,,,,,-0.4670383113319278,-0.4442971243738081,-0.028868697778451285,-0.052547743201189455,-0.6166980611682633,-0.33090284905243855,1.2642652328579045,-1.4017270795509709,-0.1462064739465535,-1.1862028092839432,-0.3461462799823559,-0.3549996630044598,-0.32814788956157437,-0.4890228015418981,,,,,,,,,,,,,-0.7994209620819077,-0.4085469056601716,-0.18469106377590472,-0.345992406304615,0.26400945693688316,-0.5236089253681089,-0.3906112503956069,-0.002978713545395846,-0.10429053397097302,-0.2269433139863454,-0.18010567816992895,-0.33431691792771256,,,
MSM79HCN_P,M2072,nonIBD,0,,,,,,,,,,-0.36497417033992635,-0.5231811317924593,-0.18037472056972814,-0.2814913057074646,-0.799280088119756,-0.29499949323166974,-0.7561178738815585,-0.7247971516178824,-0.1462064739465535,-1.0522875350599905,-0.3094399321250105,-0.3263913729638201,-0.24286705061121158,-0.4338253100955583,,,,,,,,,,,,,,,,,,,,,,,,,,,
MSM79HCP,M2072,nonIBD,0,,,,,,,,,,-0.09210248376958874,-0.36445712776109374,-0.38616600005683405,-0.24114132187719023,-0.5716899180057459,-0.3267821543153008,1.4536274444549795,-1.2845681493383707,-0.1462064739465535,-1.0260784158006122,-0.3461462799823559,-0.3563057712096967,-0.15121071453156046,-0.4524767779641754,,,,,,,,,,,,,-1.01864214800231,-0.8521854071213762,-0.18469106377590472,-0.8038301069410965,-0.03847098315419636,-0.5388255985700141,-0.4052247526041144,0.11984399247024513,-0.10429053397097302,-0.5600830636085085,-0.18010567816992895,-0.33431691792771256,,-0.11241482424008134,0.0647440234353648
MSM79HCR,M2072,nonIBD,0,,,,,0.39873488982132443,-1.5329734790183853,0.34284018325595367,-1.2990657771905687,0.23465291341896433,-0.16428744223573083,-0.20579449667080169,-0.17861282573353002,0.06593157392545382,-0.29525289491498535,-0.317934307784311,2.1057997912493,-1.0625754385604134,-0.1462064739465535,-0.7741775221150505,-0.26726106454227977,-0.32691046639431925,0.2975987014707189,-0.4149603693118525,,,,,,,,,,,,,1.420134382415273,-0.25565945402841606,-0.18469106377590472,-0.5621486138761673,1.046707100775185,-0.3752667296193308,-0.21637386645193568,0.14208020264451443,-0.10429053397097302,0.006146211795344697,-0.18010567816992895,-0.33431691792771256,,-0.11241482424008134,0.5609510256858433
MSM79HD6,M2071,UC,1,,,,,0.6332403691607301,0.5209146887092928,0.6535234169747612,0.6461761880505186,-0.05893494339769307,,,,,,,,,,,,,,,,,,,,,,,,,,,,,,,,,,,,,,,,,
MSM79HD6_P,M2071,UC,1,,,,,,,,,,-0.14327299712021654,-0.1244416937411928,-0.14213911194733828,0.17165504046814822,-0.5687557897778006,-0.29646959296244335,-0.06208453276593091,0.09326452975583127,-0.13833516500220164,-0.023901716986949834,-0.3206853541700213,-0.24865909437580336,-0.3461594822854606,-0.21635749725545617,,,,,,,,,,,,,,,,,,,,,,,,,,,
MSM79HD8,M2069,UC,1,,,,,,,,,,,,,,,,,,,,,,,,1.505937083584368,-0.07794501494001509,-0.08650797396966804,0.5263217765065324,1.7248720832554114,0.07500016726067676,1.735230145889017,-0.2545646040918579,-0.08650797396966804,2.2767262666304777,2.4060103649988083,0.013368190302435377,,,,,,,,,,,,,,,
MSM79HD8_P,M2069,UC,1,,,,,,,,,,-0.7590554451448728,-1.1165608091483508,0.6145450334453457,-1.0721608670620673,-0.9272160704072712,4.5887490780739695,2.1477660905941973,0.5981159059026376,-0.1113122162579901,-0.2810628707773766,7.511560650167046,7.08564324051918,0.21492648155712626,8.994419698583954,,,,,,,,,,,,,,,,,,,,,,,,,,,
MSM79HDA,M2069,UC,1,,,,,-0.6632106351834715,0.759386770513465,0.36341694902472044,0.7268528478550339,0.3940640717584955,0.07565472839370178,-0.5628850006137157,-0.24000434752453076,-0.5168202979330195,-0.758256833295594,-0.22750088990875553,1.6167637157791641,3.610083958660968,-0.1113122162579901,-0.3036425353115776,0.4299296173312888,1.1622722214261179,-0.5497422683291946,-0.9610135213456913,,,,,,,,,,,,,0.5390791096686812,-0.15981417824662753,-3.0801628896418976,1.1788828968185086,1.4615973309307262,1.9866657236789047,0.3443856574611798,-0.5719564014657683,-0.10370044001367282,-1.3042186886100067,-0.13812187083932795,0.9811953256753236,,-0.09339860866723376,3.270321929267264
MSM79HDC,M2069,UC,1,,,,,,,,,,-0.2762641932137021,-0.5376028959307023,-0.21912860512925036,-0.4263778169590609,-0.3420303506825215,-0.4325198152599602,1.2205430828151336,-0.26801041185046354,-0.1113122162579901,1.0995116301288113,-0.16174864461596433,-0.25459754768346443,-0.453716599927635,-0.6887261620332576,,,,,,,,,,,,,0.22107198963551386,-0.29908805592824894,-0.28826309641283665,-0.9502960940637045,-0.532285593622014,-0.3066492781838866,-0.7253256646724554,-0.5591481347074482,-0.10370044001367282,-0.8778226279964343,-0.13812187083932795,-0.20398853727786118,,-0.09339860866723376,0.4216559476469374
MSM79HDE,M2069,UC,1,,,,,-0.1795089305305443,-0.1800939388049819,1.1343202377942838,-0.2719769508514031,0.3575911101228489,0.06356750956604464,0.9601792803474829,0.9312490612411951,0.8491847844966889,-0.4440226223923089,-0.11435989310002291,0.9849457650169551,-0.38881414070903075,-0.1113122162579901,1.2076315519263325,-0.19469062279402674,0.013426403772175735,-1.336912525190638,-2.090040075066096,1.505937083584368,-0.07794501494001509,-0.08650797396966804,-0.22866761854005455,0.05556721012503068,0.07500016726067676,1.735230145889017,-0.2545646040918579,-0.08650797396966804,-0.08708671244899614,-0.14296984138690302,0.013368190302435377,-0.2100927777242233,0.24807059233446885,-0.28826309641283665,-0.5957052763560509,-0.5131057573751775,-0.20199254224806773,-1.29564210122015,-0.5334757348708606,-0.10370044001367282,0.32221325738903095,-0.13812187083932795,-0.29710455056206575,,-0.09339860866723376,0.5151751157231418
MSM79HDG,M2069,UC,1,,,,,,,,,,-0.22861752580900102,-0.1116743831473547,1.6627563819643507,0.11019025259773893,-0.4931236775866027,-0.2569832393789519,1.2179930120173152,-0.3167155952932948,-0.1113122162579901,1.4689515452491035,-0.23886836001079478,0.1307100739629224,-2.038191462893092,-1.0947765753868477,,,,,,,,,,,,,0.1631839401091464,-0.3061639199333048,-0.28826309641283665,-0.9527150978866429,-0.5824876224702771,-0.20976384733752435,-0.5136831814815108,-0.5632673927710672,-0.10370044001367282,-0.3375017298965574,-0.13812187083932795,-0.22307645055847594,,-0.09339860866723376,0.07107248510389466
MSM79HDG_TR,M2069,UC,1,,,,,,,,,,0.6554817782267761,1.20967538875228,1.633446363656289,1.4771560818567215,-0.44969800125929416,-0.18232805279369216,1.144752516147875,-0.2852960527110483,-0.1113122162579901,4.946853139329016,-0.13739575978171095,-0.06107371226761354,-1.6798126614441429,-2.109031643711619,,,,,,,,,,,,,-0.026504474837843812,-0.41394821058727055,-0.28826309641283665,-2.1009887243619056,-0.5829899635006909,-0.4752022688518342,0.3884018402465099,-0.521501069594785,-0.10370044001367282,0.2178123603319999,-0.13812187083932795,-0.2187117045329867,,,
MSM79HDI,M2069,UC,1,,,,,,,,,,-0.4372867107624127,0.0532655252945997,8.908004795788207,-0.054983068697431185,-0.6615063104742184,-0.5265359149914668,1.564973592718606,-0.22824089495258737,-0.1113122162579901,0.3283387916933785,-0.13590500932634178,-0.1540231570308739,-1.7285524668607277,0.18761483356475853,,,,,,,,,,,,,0.361560098082015,3.259273828194603,-0.28826309641283665,0.033342817568165976,-0.11550475178705219,-0.40428089536866313,-0.4537758891148889,-0.016880615067069563,-0.10370044001367282,1.3515583417563968,-0.13812187083932795,0.014435625439159949,,-0.09339860866723376,0.09274834378107326
MSM79HDK,M2068,CD,1,,,,,,,,,,-1.6008073147183621,-2.2955171611470755,-0.4296433681661538,-3.386259469887754,-0.3043291818407349,-0.1371229856557675,0.3235711721304838,-3.7806461929892614,-0.13833516500220164,0.09559382242902643,-0.00954541133655738,0.300918662840918,-0.03793884383033802,0.06636329961415383,,,,,,,,,,,,,,,,,,,,,,,,,,,
MSM79HDM,M2068,CD,1,,,,,,,,,,0.1652430783332804,-0.31090902353398714,-0.8631601386740706,-0.4774103390148816,-0.20937388615644906,-0.37790839395388254,0.839410432759477,-1.6727743115989488,-0.13833516500220164,-0.06589656523016053,-0.3206853541700213,-0.19385006916170114,0.5986453386975773,-0.3576777614668581,,,,,,,,,,,,,-0.04034845694696887,-0.622317631460621,0.31623774878886446,-0.21940776613997431,-0.17898235368093382,-0.4135209253251709,-0.4908258743591879,-0.41090192995715374,-0.09434468921296807,-0.5469667851327191,-0.13571057116566926,-0.12095443630906143,,,
MSM79HDO,M2068,CD,1,,,,,,,,,,0.6722447437603692,1.128752393191537,0.47784134450042043,0.28033379135421366,-2.041850844043128,-0.030183291069142717,0.4975021245767633,-0.1472620421257781,-0.13833516500220164,0.5255938661390532,-0.3206853541700213,-0.23251127806760685,0.46530689459151225,-0.3917274517534731,,,,,,,,,,,,,,,,,,,,,,,,,,,
MSM79HDQ,M2068,CD,1,,,,,-0.36501251372793697,0.6652938667430284,0.20743523273114473,1.0393524012549507,0.16186152089152547,0.06813626065871568,-0.134338376366275,0.09008017160247216,-1.0593661150243734,-1.382724191187402,-0.32195133167233175,0.3166024642562586,-0.09926677929941762,-0.13833516500220164,-0.5743803453553193,-0.3206853541700213,-0.18956479512428417,0.1600935327343444,-0.3268538968189452,0.8138361522220688,0.36722556015821756,-0.08602647872386804,-0.09397706471979429,-0.19444691916214418,0.012623600559267523,1.1764636287078194,-0.0970981801533063,-0.08602647872386804,-0.1507971664076228,-0.05629354448286188,0.15804200816145356,-0.21567584777495408,-0.38771221652777976,-0.24634640826316948,-1.0157363317139043,-0.4686486217511017,-0.4361938493128569,-0.35042715209544695,-1.5592320541965352,-0.09434468921296807,-0.578368630303735,-0.13571057116566926,-0.23301540043091898,,-0.08939284250604397,-1.2446280937946501
MSM79HDQ_TR,M2068,CD,1,,,,,,,,,,0.16318728915983202,-0.10755523128402515,-0.636538860829958,-0.6378338734910839,-1.1820440148801534,-0.22564804605441147,-0.3689327370843806,0.22471147041461756,-0.13833516500220164,0.2428438066971198,-0.3206853541700213,-0.18949991126882862,0.24504666676526196,-0.33154375529383795,,,,,,,,,,,,,-0.11405724804800778,-0.4319998539960773,-0.24634640826316948,-0.15251274790316502,-0.17523330917310115,-0.4383451610777873,-0.45215344261025536,-0.5025470278427419,-0.09434468921296807,-0.6920967201240822,-0.13571057116566926,-0.23301540043091898,,,
MSM79HDS,M2068,CD,1,,,,,,,,,,-1.0704284354781322,-0.47516725221393147,0.1633379425980324,-1.480795794841448,-1.79656782961679,-0.44567470206289084,-0.046206705227082014,-1.5774009261365736,-0.13833516500220164,-1.3891096181796978,-0.2872687770632138,-0.19629595239864855,0.06352229592311066,-0.3762602058977803,,,,,,,,,,,,,,,,,,,,,,,,,,,
MSM79HDU,M2068,CD,1,,,,,,,,,,-0.7085702501347738,-0.8014386169225176,-0.43126702986887,-0.8737969467789123,-0.6163218798517877,-0.24697061174056825,-0.07485651223280061,-0.8179666666392984,-0.13833516500220164,-0.24651719673962705,-0.3206853541700213,-0.18236203297814874,-0.21559104316495137,-0.36202068051625164,,,,,,,,,,,,,,,,,,,,,,,,,,,
MSM79HDW,M2025,CD,1,,,,,,,,,,,,,,,,,,,,,,,,-1.3327232455496205,-0.479968171274611,-0.08602647872386804,-0.0961218762412219,-0.07015014965191563,0.012623600559267523,-0.6618194575556055,-0.6597085403216271,-0.08602647872386804,-0.1507971664076228,-0.05629354448286188,0.31912252866656854,,,,,,,,,,,,,,,
MSM79HEA,M2026,UC,1,,,,,,,,,,0.06885800085921022,0.25456950508626275,-0.17418824809849515,0.12993213911470342,-0.3567372283769794,-0.19245020210054348,-0.10121635148708182,-0.6312074345055011,-0.1113122162579901,0.2165029326181876,-0.26730643598707554,-0.15103856803727073,-0.20204790066408626,-0.443339457743249,-0.8180999493087985,-0.04103124769979984,-0.08650797396966804,-0.22866761854005455,-0.4646443290367658,0.07500016726067676,-0.5159642254804878,0.23683326434518312,-0.08650797396966804,-0.08708671244899614,-0.5328722042789775,0.013368190302435377,,,,,,,,,,,,,,,
MSM79HES,M2041,nonIBD,0,,,,,,,,,,-0.06430095081808239,-0.2267671733724406,0.5739400462847081,0.555326081113886,0.8318098752052685,0.1140876078834562,-0.20878463685438126,0.1664473120453614,0.8287011023777122,0.2877268512084885,0.14371731706886937,-0.1805573522342598,0.8760851906570172,0.003367001762808725,,,,,,,,,,,,,,,,,,,,,,,,,,,
MSM79HEU,M2041,nonIBD,0,,,,,,,,,,-0.1914579000969095,0.26285686367112504,-0.30041347485891434,0.374227392846324,0.9338669474171328,-0.31704387388016186,-0.8454466324746828,0.1661932349856008,-0.13833516500220164,-0.1750864743315963,0.20944344758988417,-0.24079413857818896,0.12609691264106154,-0.2854909962671097,,,,,,,,,,,,,-0.018825822918892687,1.5242085782897288,-0.5286938658120394,0.6273638000245678,2.132011992095231,-0.7333455574439931,0.005456043638951125,0.5201544218141662,-0.09434468921296807,0.3947721521966982,-0.13571057116566926,-0.22403227681203938,,-0.08939284250604397,-0.394543032344289
MSM79HEW,M2041,nonIBD,0,,,,,,,,,,-0.07199100851589384,0.18099003319375684,-0.5493133015592461,0.3864890225264359,0.3981995045363766,-0.299632328926183,-0.6674529529609816,0.3312166439346607,-0.13833516500220164,0.23122737221783785,-0.10380978441797181,-0.22298971756022323,0.43096378017251813,-0.2674258595666301,0.6489216916258097,0.36722556015821756,-0.08602647872386804,0.9669857888121076,-0.3295768644835832,0.012623600559267523,0.25504512409537744,-0.0970981801533063,-0.08602647872386804,-0.1507971664076228,-0.28945076031122796,0.15804200816145356,,,,,,,,,,,,,,,
MSM79HEY,M2041,nonIBD,0,,,,,1.578791133421703,0.7106777979899624,0.4389749644266974,1.0798690874519294,-0.5711514600955919,0.15679250647365386,0.6561546550809504,-0.6435806269966198,0.4784257669244123,0.8307056687090291,-0.2741808580861667,0.0501102031091026,0.17801754747454562,-0.13833516500220164,0.48587951876067753,-0.3206853541700213,-0.1866689413904056,0.20411431973350694,-0.13893866748635939,,,,,,,,,,,,,0.42911544133994567,1.5077611187606004,-0.1675698461172905,1.0781600539319953,0.7921907138717259,-0.5333581168062969,-0.7498344119395762,1.4071799748648393,-0.09434468921296807,1.5422413432640705,-0.13571057116566926,-0.41702110342098725,,-0.08939284250604397,-0.057423548848411776
MSM79HF1,M2064,UC,1,,,,,,,,,,,,,,,,,,,,,,,,-2.1892317765822513,0.0622269375760021,-0.07284643967679481,-0.274615651427781,-0.255580789284487,0.09560573483367543,-1.2310675659730634,-0.3377928645099569,-0.07284643967679481,-0.18950180663358096,-1.1756173157916179,0.030391478799598647,,,,,,,,,,,,,,,
MSM79HF1_P,M2064,UC,1,,,,,,,,,,-1.9460364080862311,-0.22045782618173,0.5319607187129902,-0.433397271870446,-0.05680502490868073,-0.038572660947235556,0.18628685829025665,-0.5561130686073563,-0.10843274156073193,0.37989127351707835,-0.04521798100815249,-0.2601199253084634,-6.609268110466738,2.6711367014273035,,,,,,,,,,,,,,,,,,,,,,,,,,,
MSM79HF3,M2064,UC,1,,,,,,,,,,-1.493286238057569,-0.5902656500968652,-0.4273694238835866,-0.8562759995471059,-0.8392655164034618,0.11748954454420384,-0.8013437737372133,-1.2052842303936775,-0.10843274156073193,-0.48315466089592696,0.8168858815139299,0.017809299176599524,-0.9206786724491892,1.6889945500618868,,,,,,,,,,,,,,,,,,,,,,,,,,,
MSM79HF5,M2064,UC,1,,,,,,,,,,-0.6889941135165556,-1.7268633914230616,-0.3352701936441266,-1.3197953532707465,-1.780300144920174,-0.05501558018158938,-0.9650853668392809,-0.2556947838315974,-0.10843274156073193,-0.32101412447494415,0.40281897054313404,-0.0009894021151935248,-0.7522371275227456,0.25212458588189385,,,,,,,,,,,,,-0.14193578564294168,0.6565665933674002,-0.2459891140079491,-0.400848899393168,-0.8579029448933315,0.9589923076842627,0.15992991375149965,0.2847003119837007,,-0.19308998200914818,-0.07939061616942635,0.8320875526267217,,-0.062149905905642094,0.9963932258678131
MSM79HF7,M2064,UC,1,,,,,,,,,,-2.1976982160374465,-1.4044674307281138,0.4253164958586844,-1.0781668998875054,-0.5917793645448608,0.36065513068942906,-0.5560761911931946,-9.214708486355615,-0.10843274156073193,-0.8173318514244231,1.4787594422519226,-0.6053655344769676,-1.9441304026295876,-0.28479279602407653,,,,,,,,,,,,,,,,,,,,,,,,,,,
MSM79HF9,M2064,UC,1,,,,,,,,,,0.2431602432941126,0.956134991460268,-0.11568740756992713,1.5948221635332074,-0.7894989886693323,1.405619762139645,-2.7222925167542655,0.1986990588779827,-0.10843274156073193,-0.1446712913982186,0.17143266519878214,5.5727766263044956,1.2115136405734928,8.220444706215527,0.2523044381374483,-0.22967101184415356,-0.07284643967679481,-0.274615651427781,-0.13140353971100915,0.09560573483367543,-0.49827763131936864,-0.3377928645099569,-0.07284643967679481,-0.18950180663358096,-0.2946227360106183,0.030391478799598647,-0.38999001292262253,-0.33671506499996057,-0.1841434975068624,-0.49092993819574027,-1.3255164490395865,-0.3246653258551473,-0.23229850263883284,-0.395849478259382,,-0.39695369461655533,-0.07939061616942635,-0.2813350374326855,,-0.062149905905642094,-0.1774313422777039
MSM79HF9_TR,M2064,UC,1,,,,,,,,,,0.2278855566405749,0.8301150158382555,0.544577788653504,1.1695374852037361,-0.5207811648251136,0.8624544869282394,-3.122746941585062,0.5247630012818119,-0.10843274156073193,0.36569745075623605,0.2764042873523776,5.301498364916059,1.2613453773267362,6.8550219587071055,,,,,,,,,,,,,-0.7154973700850384,-0.2427487578004548,-0.1841434975068624,-0.5710467988916048,-2.0169328778805746,-0.264508489325695,-0.14495061441713622,-0.395849478259382,,0.2224291828958858,-0.07939061616942635,-0.2813350374326855,,,
MSM79HFB,M2064,UC,1,,,,,,,,,,-0.8153071702557271,-0.5110139054506705,-0.0777153146004724,-1.093379116521439,-1.463977767397925,0.23891659345171207,-0.25123682323139424,-0.5968123240079856,-0.10843274156073193,-1.3879201276853865,-0.20751781740204076,-0.33255850104296253,-2.847860372029698,-0.22858892758243235,,,,,,,,,,,,,,,,,,,,,,,,,,,
MSM79HFW,M2048,nonIBD,0,,,,,,,,,,-0.2932101626557071,-0.1860350088474175,-0.2450367048262536,-0.2790024643846961,6.951599838017637,-0.24573632038806958,-1.1130062311647604,-1.3086561758402053,-0.1113122162579901,-1.5354706448100506,-0.29909236633726183,-0.1944741145695903,-1.31437596831208,-0.4338631754559627,,,,,,,,,,,,,,,,,,,,,,,,,,,
MSM79HFY,M2048,nonIBD,0,,,,,,,,,,-0.4756320436717434,-0.5318510697628699,-0.512634453687651,-0.4423509293017618,1.676964662735457,-0.23115214580403332,-0.3767922170342834,-0.7789522767264735,-0.1113122162579901,-1.2596025022950146,-0.29909236633726183,-0.20124982758827795,-2.08936777473262,-0.5328391313106794,,,,,,,,,,,,,-0.7504368236831084,-0.9229627640677431,-0.28826309641283665,-0.47163901894196963,-0.5914622622864751,-0.5358523916000985,-0.07588276539947557,-0.9372041832471579,-0.10370044001367282,-0.4999712104493429,0.5092825103882427,-0.29710455056206575,,-0.09339860866723376,-0.950927731014264
MSM7J16J,M2068,CD,1,,,,,,,,,,0.12601010553155276,-0.1814860902090401,-0.7920372112713021,0.2920603086665656,0.1804760601675187,-0.2589150670008944,-0.25637782073814125,-0.6804081385717049,-0.13833516500220164,-0.5530991206879815,-0.24474412670894366,-0.21671025378205758,-0.25618015533234895,-0.29457664399149147,,,,,,,,,,,,,0.42597572534391454,0.6763685137767553,-0.008621782868290094,0.9522075856026515,-0.3113749981547475,-0.29388336320323716,0.13962037647070535,0.018113741087488446,-0.09434468921296807,-0.11855275758184426,-0.13571057116566926,-0.15693324108925122,,-0.08939284250604397,0.1327807378288171
MSM7J16L,M2068,CD,1,,,,,,,,,,-0.8656287745474219,-0.9624553603309114,-0.668819270626116,-0.34526733448131003,-0.021730678817420072,-0.1233543651250617,-0.48823207626518905,-0.376269041896107,-0.13833516500220164,-5.718371619299659,-0.3206853541700213,-0.20272335776692446,-0.3243843132388798,-0.289072768238853,,,,,,,,,,,,,,,,,,,,,,,,,,,
MSM7J16N,M2068,CD,1,,,,,,,,,,1.9894661030561964,0.6544929385705368,-0.5752261543389424,1.331404807453743,-0.08319036152986202,-0.28388150570393167,1.0890193691591035,0.9541436196431412,-0.13833516500220164,1.9516830380179284,-0.3206853541700213,-0.22149439418611652,0.43045532203295717,-0.38608955013557994,,,,,,,,,,,,,,,,,,,,,,,,,,,
MSM7J16P,M2068,CD,1,,,,,,,,,,0.25756899556140384,-0.13208431983858204,-0.6292405754570034,0.62856723112445,1.0636141947661195,-0.22471263721321624,-0.1705862061250747,-0.2389466346314917,-0.13833516500220164,0.5679560265382351,-0.3206853541700213,-0.24865909437580336,-0.2481048544427288,-0.3529319803801741,,,,,,,,,,,,,,,,,,,,,,,,,,,
MSM7J16R,M2068,CD,1,,,,,,,,,,0.13925710626462914,-0.15294851234625953,-0.6618323431600328,0.15460882635976608,0.5537660174571328,-0.26501572488412106,-0.28844230629593115,-0.15146379280587957,-0.13833516500220164,0.2116723280351469,-0.30976815316904577,-0.1928973708204687,-0.3015615479074013,-0.3064915231205368,,,,,,,,,,,,,,,,,,,,,,,,,,,
MSM9VZEK,M2068,CD,1,,,,,-0.447387721329424,1.1774778254785285,-0.9950167568745819,0.670465739176084,-1.384347960786185,0.028507090632831345,0.15737076181171628,0.28885634797879034,0.08255268893830348,0.5643229673689631,-0.3686371641596027,0.08871041092811129,-0.7527985004043432,-0.13833516500220164,0.8799531690208805,-0.3206853541700213,-0.23998703836831137,0.25253408845615244,-0.4020310485023551,0.11870541955974558,-0.821961185778932,-0.08602647872386804,-0.9304681383741695,0.13934192194748354,0.012623600559267523,0.35408149303654135,-0.9888145035373185,-0.08602647872386804,1.302521108691009,0.40283861218420464,0.15804200816145356,0.060585304334124124,0.002040691562357697,-0.24634640826316948,-0.37881543441905685,0.033894185995755076,-0.35094868483019953,0.10020207892349782,-0.7576025784571015,-0.09434468921296807,-0.49784426998465275,-0.13571057116566926,-0.23301540043091898,,-0.08939284250604397,-0.5948282315204085
MSM9VZEK_TR,M2068,CD,1,,,,,,,,,,1.0341647848660978,0.2243654589381127,2.037460352433575,0.3426249947507224,0.4533274470646152,-0.11212614065876304,0.8458640921420194,-2.8920278050753887,-0.13833516500220164,1.384682079493421,-0.3206853541700213,-0.5018404594908064,-1.1843403137746316,-0.3222260988712831,,,,,,,,,,,,,0.16148267018598908,0.06927004181728977,-0.24634640826316948,-0.13807488186633057,0.34283971913254263,-0.24018947320849388,-0.1905322700327712,0.07428627313307776,-0.09434468921296807,-0.42125247539564104,-0.13571057116566926,-0.23301540043091898,,,
MSM9VZEM,M2068,CD,1,,,,,,,,,,0.7582967992031123,0.30632763874696123,-0.05778977035136536,0.1358116744946345,1.1228265870248975,-0.46955629714803543,1.3942031918104167,1.4273598786839434,-0.13833516500220164,0.8217091856190387,-0.2587705063344958,-0.1989160555782806,0.8859547634773406,-0.2554283820146727,,,,,,,,,,,,,,,,,,,,,,,,,,,
MSM9VZEO,M2068,CD,1,,,,,,,,,,0.16295244288181002,0.1618366018938927,-0.11346132861266046,0.4116780160125644,0.9079076967739278,-0.27631842692497305,0.5238506096116436,-0.28864087907082775,-0.13833516500220164,0.3845852190428932,-0.3206853541700213,-0.23570112138564037,0.22715494559881166,-0.40512729706853196,,,,,,,,,,,,,,,,,,,,,,,,,,,
MSM9VZEQ,M2068,CD,1,,,,,,,,,,-0.5080451174172742,-0.29792562277479984,-0.3128593592509307,-0.5853473244537442,0.172123498407846,-0.2521511700297636,0.09098826244873978,-0.13973632115159568,-0.13833516500220164,0.6116027861406184,-0.3206853541700213,-0.22818353107646588,0.008670902730698904,-0.32628835054469796,,,,,,,,,,,,,,,,,,,,,,,,,,,
MSM9VZES,M2068,CD,1,,,,,-0.3376177555229575,1.3460315872472182,0.10170532433929536,0.32143516225772484,-0.7512532280208785,0.7118298345604054,0.8274367939583239,-0.1319423150208189,0.7028462388041368,0.4046331319780203,-0.19555187246210692,-0.02099121558520766,-0.26774625779123856,-0.13833516500220164,1.3096861711886878,-0.3206853541700213,-0.20545063677830855,0.3257646072651808,-0.2720092306017264,1.0471911147848076,0.36722556015821756,-0.08602647872386804,-1.2907935553824488,0.15691254867636945,0.012623600559267523,0.5104883266562239,-0.0970981801533063,-0.08602647872386804,0.3684532077053182,1.085529784360908,0.15804200816145356,0.19268540148269556,0.3581889810794543,-0.24634640826316948,-0.34945935157003205,0.020180369343747565,-0.1764807214594471,-0.2971109121758448,-1.2671769837398044,-0.09434468921296807,-0.04899116452616791,-0.13571057116566926,-0.23301540043091898,,-0.08939284250604397,-0.8099687005659455
MSM9VZEU,M2069,UC,1,,,,,,,,,,-0.21400421092337854,0.5058684189950665,5.6054103672899505,0.2597873304800846,-0.36587722252919774,-0.2940084027737414,1.2028480033510605,-0.04444664997734637,3.7117416812459916,1.491939488223598,-0.2829892406897713,-0.23231016900172016,-1.283970153055428,-0.8223008676043827,,,,,,,,,,,,,0.15506472319502737,-0.47311638426938407,-0.28826309641283665,-0.7305522274609316,0.5033816367354522,-0.48902915292180144,-0.26265842707737724,-0.44551755316161057,-0.10370044001367282,-0.14648629238036578,-0.13812187083932795,-0.2367830449116681,,-0.09339860866723376,0.31470744638005926
MSM9VZEW,M2069,UC,1,,,,,-0.08500215978374588,0.3884471067388829,1.1851084496770747,0.9586129259739042,0.07367614232093132,0.05348052835136625,0.3031081707504378,0.6835446791731205,-0.09699515047410855,-0.17154922991673743,-0.27369501175263267,0.47867188321442045,0.4408836180810544,-0.1113122162579901,0.25973039762304695,-0.270066011128269,-0.12461404646633271,-0.6521726710347415,-0.82515670330881,-0.7384033914763399,-0.07794501494001509,-0.08650797396966804,-0.22866761854005455,-0.3313607995922277,0.07500016726067676,-0.028198796085508973,-0.2545646040918579,-0.08650797396966804,-0.08708671244899614,-0.12446290147810249,0.013368190302435377,0.40819733579821205,-0.3527622827156133,-0.28826309641283665,-0.20223885571785555,0.03970560964286711,-0.3714618807169119,-0.822749279014486,-0.5621118137444479,-0.10370044001367282,-0.3373992667588588,-0.13812187083932795,-0.2234154518109792,,-0.09339860866723376,0.5682770458214044
MSM9VZEY,M2069,UC,1,,,,,,,,,,0.09571288834073335,1.4975558320942022,1.430785994499792,0.8396947526184648,0.007147163603955928,-0.28609620379185724,0.37658963342722385,0.46544083119507523,-0.1113122162579901,0.5772072904017949,-1.5860430435052264,-0.16901425557322394,-0.766271984469587,-1.3873734635360422,,,,,,,,,,,,,0.03496495827332293,0.14341248696220396,-0.28826309641283665,-0.21567376931847254,0.3032607845507807,-0.5768476461127914,-0.8896564251629441,-0.5334757348708606,-0.10370044001367282,-0.3829287290174558,-0.13812187083932795,-0.29710455056206575,,-0.09339860866723376,-0.6122257732263368
MSM9VZF1,M2069,UC,1,,,,,,,,,,-0.4029876771183625,-0.012364058290847132,-0.36982208533495464,-0.34989805357652287,-0.4273083689680661,-0.44047605795788886,-0.38473564153203915,0.04453258213008547,-0.1113122162579901,-0.6171566829575823,-0.277242793708838,0.11984900294743983,-0.7171472733032985,-2.4176678955136515,,,,,,,,,,,,,-0.5034008021584864,-0.8628485042216668,-0.28826309641283665,-0.4287249852426659,0.26803379511205255,-0.2176781889617361,-0.6328884257176752,-0.5334757348708606,-0.10370044001367282,-0.6444223911755823,-0.13812187083932795,-0.29710455056206575,,-0.09339860866723376,0.7772926538558873
MSM9VZF3,M2069,UC,1,,,,,,,,,,0.523527496472612,0.43238752950843573,1.2063810223474167,0.16886843216916622,-0.04991756390910579,-0.27725520416886656,1.7622493774050276,0.13485425877314847,-0.1113122162579901,-0.0433783818870699,-0.2550779272790808,-0.2637018467063696,0.552277469024192,-1.2846617932387259,,,,,,,,,,,,,0.5418519551306606,-0.6630286788122944,-0.28826309641283665,-0.43968027186927744,-0.15094307551872446,-0.27196459833615116,-0.9583456871078488,-0.557626175516453,-0.10370044001367282,-0.5121385889418395,-0.13812187083932795,-0.29710455056206575,,-0.09339860866723376,0.313209970693444
MSM9VZF5,M2069,UC,1,,,,,,,,,,0.5002561292874702,0.5671893208031804,4.250249000044999,0.35072428666020566,-0.2591487531421385,-0.2862359969769545,0.48856937456502136,-0.7090492118953116,4.657050369321932,0.27655322438788876,-0.15982636160368996,-0.14125357764791288,0.4034204927492412,-0.9848295556127753,,,,,,,,,,,,,0.3102086296121462,-0.19494376565072044,-0.28826309641283665,-0.06041563023106475,0.27559775946517395,-0.28913405273597453,-1.2657629643791812,-0.5334757348708606,-0.10370044001367282,-0.476234423502165,-0.13812187083932795,-0.30643207036968456,,,
MSM9VZF7,M2060,nonIBD,0,,,,,1.7917907884513777,0.30370863796498787,-0.10140329605248273,1.1979701163712024,-6.665152406332347,-0.3489592714526668,-1.220475653778371,-0.17898718989269083,-0.1390033454633612,1.0030309287488377,-1.0597146415055598,0.21852237945262326,-4.475374774013098,-0.10843274156073193,-2.0067889190625934,-0.21326325113431455,0.9960099557589117,0.5243444525253863,-0.22582802891708592,0.34131391074710343,-0.22967101184415356,-0.07284643967679481,0.41615453917421436,-0.2097506611835849,0.09560573483367543,-1.2921405755505977,-0.3377928645099569,-0.07284643967679481,0.671738376962736,-0.3663177804743048,0.030391478799598647,,,,,,,,,,,,,,,
MSM9VZFF,M2060,nonIBD,0,,,,,,,,,,-0.043711518070650456,-0.37150099161743283,-0.2803971727501196,0.8216347839608811,0.5532882877726809,-0.25129230456684143,-0.029879214172717706,-3.210572992961626,-0.10843274156073193,-1.0270554283616826,-0.20165575960003543,-0.21347065566136847,0.8029795791855255,-0.07505017611134925,,,,,,,,,,,,,-0.4809572599005925,-1.4056262176498415,-0.11808841086776392,-0.8581611897923599,0.4041237624196298,-0.15779173348280107,-0.1264446622596468,-0.9716762593134377,,-0.23017554004024285,-0.07939061616942635,-0.2813350374326855,,-0.062149905905642094,-0.22788045480771954
MSM9VZFH,M2060,nonIBD,0,,,,,,,,,,-0.6776096351996005,-0.495188742612805,-0.2633932145068089,0.2305876009505682,1.0407528784860647,-0.15917265884506632,0.08599916923466466,-5.538857468559761,-0.10843274156073193,-1.9753446907945749,-0.21326325113431455,-0.17263350833263166,0.41783694286551915,-0.10751794870487832,-0.8074313497198371,-0.22967101184415356,-0.07284643967679481,-0.12773523450708557,-0.3513517168060896,0.09560573483367543,-2.8182985398283207,-0.3377928645099569,-0.07284643967679481,0.5679230034655263,-0.05869538467672061,0.030391478799598647,,,,,,,,,,,,,,,
MSM9VZFJ,M2079,nonIBD,0,,,,,-0.6204571558343772,-1.2430653032727876,-0.737141132546044,-0.8757247744046651,-0.26109291036148785,,,,,,,,,,,,,,,-1.4337252944330954,0.36722556015821756,-0.08602647872386804,-0.3602202542212477,-0.3295768644835832,0.012623600559267523,-0.7200675496755912,-0.0970981801533063,-0.08602647872386804,-3.6988614226777776,-1.0830498696653676,0.15804200816145356,,,,,,,,,,,,,,,
MSM9VZFJ_P,M2079,nonIBD,0,,,,,,,,,,-1.3651544441496961,-0.6967345751746647,-0.1701554580865517,-1.4232627613308397,-0.2655512507367934,-0.29564677441352344,-0.2379025099211516,-0.2828247991346702,-0.13833516500220164,-0.07773671657491779,-0.2900037766800553,-0.23524284368610965,0.011139985729546796,-0.3268671370810772,,,,,,,,,,,,,,,,,,,,,,,,,,,
MSM9VZFL,M2079,nonIBD,0,,,,,,,,,,-0.3069361583521749,-0.39682755326347285,-0.17202750656994675,-1.320631264871292,-0.41010222308642036,-0.29646959296244335,0.14668938511632643,-0.8993155460504666,-0.13833516500220164,-1.3588821419957577,-0.3206853541700213,-0.24865909437580336,0.4225637533754171,-0.3917803982688259,,,,,,,,,,,,,-0.6296262817073132,-0.5829958075347185,-0.24634640826316948,-0.7239935806410619,-0.024284895989931245,-0.44230365224748314,-0.2971109121758448,-0.6979631139655971,-0.09434468921296807,-0.5938939673583367,-0.13571057116566926,-0.23301540043091898,,-0.08939284250604397,-0.3107817739976915
MSM9VZFN,M2079,nonIBD,0,,,,,,,,,,-0.4110052921198445,-1.3646033659565706,-0.0692136804100857,-2.11293254751953,-1.313664421509922,-0.29550792961875016,0.2826135616064868,-0.38608251371144947,-0.13833516500220164,-2.1182293127298863,-0.299837145483634,-0.23348095854133277,0.767015701214952,-0.4033686825708353,,,,,,,,,,,,,,,,,,,,,,,,,,,
MSM9VZFR,M2079,nonIBD,0,,,,,-0.3092647650622625,-0.9946798731344647,-0.4164058152512017,-0.740169858387556,-0.18941076250434946,-0.12871422602611934,-0.5119609003349482,-0.3663137727867981,-1.0191809573741883,-0.3497068879046876,-0.3025442436570198,0.13454731359931124,-0.5488410675122948,-0.13833516500220164,-1.598996765443865,-0.31019719849902483,-0.24643874563762078,-0.00465802162282752,-0.4014003451241531,-0.19260803185488895,-0.056371305558196715,-0.08602647872386804,-0.6600870341997886,-0.21426198416930847,0.012623600559267523,0.19759962457728206,-0.0970981801533063,-0.08602647872386804,-1.1147562067269041,-0.18321333402402018,0.15804200816145356,-0.4056536189450048,-0.24650036139421708,-0.24634640826316948,-0.281320384435373,-0.27406781471457436,-0.44230365224748314,-0.039044317312198915,-0.402654556762611,-0.09434468921296807,-0.554556451500882,-0.13571057116566926,-0.23301540043091898,,-0.08939284250604397,-0.8045280614680299
MSM9VZFT,M2079,nonIBD,0,,,,,,,,,,0.595167952201938,0.03887197434915565,0.16957147171438963,-0.25969370467191394,-0.38442572764911365,-0.29646959296244335,0.2889465354225363,0.4756381170124128,-0.13833516500220164,-0.12015242626053499,-0.3206853541700213,-0.24865909437580336,1.4358046907714865,-0.3852144615901367,,,,,,,,,,,,,,,,,,,,,,,,,,,
MSM9VZFV,M2058,CD,1,,,,,,,,,,,,,,,,,,,,,,,,0.8846937647484658,0.0622269375760021,-0.07284643967679481,-0.5048730136593539,0.068181646570772,0.09560573483367543,0.3736819533545628,0.3539914945517707,-0.07284643967679481,-0.5815998873871691,0.2719631601263271,0.030391478799598647,,,,,,,,,,,,,,,
MSM9VZGO,M2061,nonIBD,0,,,,,-1.1062458913883075,-0.48264895329154595,-0.9241534982350466,-0.9497517828449392,-1.2088117415064583,-0.7157498519503152,0.677393833918603,0.19012186099084982,0.12075348307082381,3.932174727000804,-0.19570465287858071,-0.4290446684571575,-0.6083132612459198,-0.1113122162579901,-0.6461716455767916,-0.14084965588472742,-0.1570849902424896,-1.3103558707048593,-8.015905491846167,-0.9073460421918812,-0.2589021601985514,-0.08650797396966804,-0.22866761854005455,-0.25354930987563823,0.07500016726067676,-0.9381138898012098,-0.2545646040918579,-0.08650797396966804,-0.08708671244899614,-0.14296984138690302,0.013368190302435377,-0.7447377506257314,-0.5877157559821479,-0.28826309641283665,-0.773422945536002,-1.1583739588716095,-0.18891561662137346,-0.1214005889496354,-0.37485189694363596,-0.10370044001367282,-0.47193048372527896,-0.13812187083932795,-0.29710455056206575,,-0.09339860866723376,-0.6529782977613527
MSM9VZGS,M2061,nonIBD,0,,,,,,,,,,1.3393962927658736,6.071546725246923,0.3096095794796388,2.712630047452063,10.54042802348378,-0.18777639223759376,-0.6929800184963374,0.4762102467866033,-0.1113122162579901,0.2541194348741388,-0.04330078667542704,-0.21284487002450608,-0.879301978096637,-6.833970810353186,,,,,,,,,,,,,,,,,,,,,,,,,,,
MSM9VZGU,M2061,nonIBD,0,,,,,,,,,,1.4979896905030985,4.35684098028437,-0.13535014336422377,2.3376735546574743,7.744542017677552,-0.2439740078903303,1.8399103576128595,0.33071031399820977,-0.1113122162579901,-0.15727670556316625,-0.2557287500219659,-0.21218148926179325,-1.8425664155928534,-5.980382094243124,,,,,,,,,,,,,,,,,,,,,,,,,,,
MSM9VZGW,M2075,nonIBD,0,,,,,,,,,,-0.2096425043917261,-0.18338752360267344,0.08691023481033189,-0.21355957427788233,0.06652595089954935,-0.238230911298923,2.2016991144696605,-0.21427317830071085,-0.1113122162579901,-0.5430811880305906,1.7623661928238912,-0.21552070386130867,0.2353790885601194,-0.6236439188143729,,,,,,,,,,,,,,,,,,,,,,,,,,,
MSM9VZGY,M2075,nonIBD,0,,,,,,,,,,0.0644630513245153,-0.3999511762288277,-0.22033053360993438,-0.1522360766339766,-0.5704508196538488,-0.16865092467386866,0.25762930660421146,-0.03751670352672304,-0.1113122162579901,-0.5311630706737854,-0.21392454760361634,-0.1495253227267285,-0.18455419790881303,-0.3740629512987154,,,,,,,,,,,,,-0.4089288449793255,-0.272521684158804,-0.28826309641283665,-0.13396166732215453,-1.4180309546140932,-0.43667987241576395,-0.19157559657774903,-0.6594521977969978,-0.10370044001367282,-0.24116966126395595,-0.13812187083932795,-0.2165915676106794,,,
MSM9VZH1,M2075,nonIBD,0,,,,,-0.6787598547896656,-0.8367630834512741,0.06215240746717846,-0.7285926793888381,-1.0540503330167694,,,,,,,,,,,,,,,-0.12806972633837327,-0.22198839295833614,-0.08650797396966804,-1.2185399879404109,-0.04013746744638093,0.07500016726067676,-0.9581274557976105,0.055472931946663834,-0.08650797396966804,-0.5585600032674403,-0.47881345665698644,8.155912918050932,,,,,,,,,,,,,,,
MSM9VZH7,M2075,nonIBD,0,,,,,,,,,,-0.942573431028448,-0.5756645645686193,0.3933647869253894,-0.7113111440993675,-0.5582413327791589,-0.238230911298923,0.0527928462053729,-0.7525360201113497,-0.1113122162579901,-1.1150734612523134,-0.29909236633726183,-0.21552070386130867,-0.6917508344827726,-0.6759145102910691,,,,,,,,,,,,,,,,,,,,,,,,,,,
MSM9VZHB,M2061,nonIBD,0,,,,,-0.7082368853411475,-0.5010450614175866,-0.9962352481120941,0.9340469975147685,-0.043340491580171656,-0.5362179868104877,2.637481302815783,0.29896314135095464,0.13742930469601033,4.287339127887439,0.004264369036407355,1.3620348177427553,0.36694341834512817,-0.1113122162579901,-1.5485534979476498,0.4784562988414695,0.03801512784955767,-1.5046890944440972,-2.3844122294844383,,,,,,,,,,,,,-0.36470938679931886,-0.3840974391330277,-0.28826309641283665,-0.4865243939480507,-0.4325637545645861,-0.13190506255651716,-0.14306920534269352,-0.5520702109115457,-0.10370044001367282,-0.4168264059308742,-0.13812187083932795,-0.29710455056206575,,-0.09339860866723376,-0.070302188468953
MSM9VZHD,M2061,nonIBD,0,,,,,,,,,,,,,,,,,,,,,,,,-0.2943622628914373,-0.04869154652196996,-0.08650797396966804,-0.15738901755619716,-0.08478922747042551,0.07500016726067676,-0.6927435561670657,-0.2545646040918579,-0.08650797396966804,-0.08708671244899614,-0.47881345665698644,0.013368190302435377,,,,,,,,,,,,,,,
MSM9VZHF,M2061,nonIBD,0,,,,,-1.1108337396407488,-0.3072697213535558,-0.5931574059719871,-0.33404064163723596,0.9217235455330812,5.666673546894974,14.157250309226924,-0.039100236671622546,7.573081640481698,23.28529465669209,0.12418852279558132,0.5294452020833587,-4.2500416540772115,-0.1113122162579901,-0.43976635503426925,-0.24275356546898624,-0.18814025350522146,-2.0091377522435274,-41.82238853039606,,,,,,,,,,,,,-0.5929551579463815,0.36626428395649757,-0.28826309641283665,-0.28070025536719906,-0.0214100024196367,-0.18087888868791147,-0.14306920534269352,-0.5341913571699729,-0.10370044001367282,-0.4168264059308742,-0.13812187083932795,-0.29710455056206575,,-0.09339860866723376,-0.2798920427364051
MSM9VZHJ,M2072,nonIBD,0,,,,,,,,,,0.49097288802449357,-0.12344962585832125,-0.07808477970751823,-0.04628212647465776,-0.23499766132396416,-0.26384330588614013,3.2111756050687825,-0.22649825462705503,-0.1462064739465535,-0.31973238865848425,-0.3461462799823559,-0.3149294657854205,-0.4016420739437672,-0.13798892127654386,0.029872953022476598,0.08761395366722986,-0.08813052984784635,0.4806681917707151,-0.3836571129988123,0.15455173581269654,0.23082535706562055,-0.3599320260332242,-0.08813052984784635,-1.0719928127706824,-0.15229829382079402,0.07869356735747605,-0.22524513768872362,-0.19186927134245482,-0.18469106377590472,0.7194118602185671,0.2992553319809839,-0.39364700172319933,-3.3845780224961204,-0.01670708830031706,-0.10429053397097302,-0.10098881981653877,-0.18010567816992895,-0.33431691792771256,,-0.11241482424008134,5.706741239967011
MSM9VZHL,M2072,nonIBD,0,,,,,,,,,,-1.5878655697964612,-1.1589245428192063,-0.11607619507090135,-1.322596856849104,-0.3811623463897341,-0.17252424901632243,-1.4184814473978429,-1.447252112608799,-0.1462064739465535,-1.589289820896503,-0.3461462799823559,-0.34294181922566075,-3.615071329471999,-0.44018922373052805,,,,,,,,,,,,,,,,,,,,,,,,,,,
MSM9VZHN,M2072,nonIBD,0,,,,,,,,,,-0.19390874819773773,-0.5213636138119309,-0.11693921270799693,-0.37438955606268104,-0.3170327217156099,-0.28271424278754564,3.3238932419356577,-0.9619350894356581,-0.1462064739465535,-0.976615877946873,-0.3461462799823559,-0.277259651992359,-2.5461065108367222,-0.42293769246931884,,,,,,,,,,,,,1.0930104634428732,-0.4418082799263872,-0.18469106377590472,0.40405357757110844,-0.5485158234235986,-0.4361772352143708,-1.8769161547007467,-0.6202444327378714,-0.10429053397097302,-0.2672646626415519,-0.18010567816992895,-0.33431691792771256,,-0.11241482424008134,0.2527854499207781
MSM9VZHP,M2072,nonIBD,0,,,,,,,,,,0.16567047062988002,-0.8562400439530786,-0.20432767917457267,-0.8245914523682502,-0.43691268520465204,-0.3150878550329162,7.8006615415589176,-0.9291700862098276,-0.1462064739465535,-1.7157910177565852,-0.3461462799823559,-0.3397396007519142,-2.3270826426690374,-0.431903720128763,,,,,,,,,,,,,,,,,,,,,,,,,,,
MSM9VZHR,M2072,nonIBD,0,,,,,0.2874262445825508,-1.0137134255334053,-0.3052145049055877,1.9367765833197048,-0.2948692166624931,1.4102432257129844,-0.34867748048454733,-0.05474380865018288,-0.2881409086541241,-0.34546956813216023,-0.21564885648286714,20.520973932009337,-0.7062780341105259,-0.1462064739465535,-0.8393983658500562,-0.3461462799823559,-0.23189814472189518,-0.8682882923010352,-0.3220038202754178,-2.3307577753319952,0.03199601551763505,-0.08813052984784635,-0.4389355361439337,0.5529490301765652,0.15455173581269654,-0.6779047950400142,0.4169625077585363,-0.08813052984784635,-0.09899998676910823,0.23653317364648213,0.07869356735747605,,,,,,,,,,,,,,,
MSM9VZHT,M2072,nonIBD,0,,,,,,,,,,-0.24727469119221326,-1.0020746466659582,0.0649878874757169,-0.5547061881921753,-0.8015488220164447,-0.24848078383203384,6.262980760885807,-1.1180102668469616,-0.1462064739465535,-1.241670786058731,-0.3461462799823559,-0.336441710818597,-2.151350958195759,-0.48587103867348974,,,,,,,,,,,,,0.27729597702989256,0.08589640325724822,-0.18469106377590472,-0.06785670007508869,0.10097497939621036,-0.43019491743745625,0.022847823572460325,0.040679954713817086,-0.10429053397097302,-0.0032712043172782755,-0.18010567816992895,-0.33431691792771256,,-0.11241482424008134,0.7314702763227513
MSM9VZHX,M2077,nonIBD,0,,,,,-0.201569448750725,0.9910366599013407,0.2464302035616305,-0.1996337943444348,-0.7077686070568054,0.05138857874777588,0.35814501274872695,-0.08114367507806368,0.06274995055695928,-0.4106933274812291,-0.22398308602735695,-0.30429723581307566,0.10943794026929062,-0.1113122162579901,0.09347141643551138,-0.2758567016548458,-0.21053915988334243,0.4290012338172865,0.04664723220711218,,,,,,,,,,,,,0.08085765269613797,1.5258747062132363,-0.05648856898634933,0.489903042888695,-0.03602152608684525,0.2518088588011386,0.5342980019936877,-0.26982237638101025,-0.10370044001367282,-0.3148844294619315,-0.13812187083932795,0.16404316253671578,,-0.09339860866723376,-0.20021812405025508
MSM9VZHZ,M2077,nonIBD,0,,,,,,,,,,0.29304947301487416,-0.20674237141079893,1.9745824660292999,0.5336331528335503,-0.18754479164795793,0.31749028669688556,-0.5499577426812988,1.5838132777105476,-0.1113122162579901,2.1243244675736195,-0.2757043578373821,-0.08656720188299188,1.846418941962151,0.687917202578559,,,,,,,,,,,,,,,,,,,,,,,,,,,
MSM9VZI2,M2077,nonIBD,0,,,,,,,,,,0.21197343389025894,0.3945065171871581,0.4896687243430548,0.2671415106603713,-1.4554584588909558,-0.21883117905351449,-0.08530052610025518,-0.24944281284706243,-0.1113122162579901,0.47660379859970653,-0.29909236633726183,-0.19243685656818674,0.7786816640895228,-0.0346284424091203,,,,,,,,,,,,,-0.03659807666989713,-1.1505564992135753,-0.28826309641283665,-0.04702474356424001,-1.0469975125268824,-0.28035583101268097,-0.12038224323611323,-1.1563275557033124,-0.10370044001367282,-0.5368112362527168,-0.13812187083932795,-0.29710455056206575,,-0.09339860866723376,-0.19263100413836734
MSM9VZI6,M2077,nonIBD,0,,,,,0.3178832629655178,1.6919983031644001,0.23854347872174422,-0.47458526430512954,0.005999665970645371,-0.10052704878315846,-0.10900374785563086,1.3464022660087498,0.14089883926896224,-0.5918899394712759,0.04159181193259733,-0.41826619197137366,-0.25471023040382346,2.1631347465062802,0.6112545247551608,-0.29909236633726183,-0.12159480041088118,0.1552398942583726,-0.6780030651988326,,,,,,,,,,,,,0.07891834571823016,2.0256336288946897,0.8324268751265478,0.3917721981381185,0.5376952671390707,-0.061719381467196834,0.4036478336116997,0.17438754557137287,-0.10370044001367282,-0.8190446693615242,-0.13812187083932795,0.3504582149424141,,-0.09339860866723376,0.2978099616851465
MSM9VZIM,M2083,UC,1,,,,,1.1102358537997559,1.410732401497707,0.15174838967559573,-0.7440907694949613,-0.3251105614278493,0.407755575453855,1.567095278736523,-0.03851919760631256,0.8941787130384938,0.48682566475098077,-0.08357858320990143,0.5819147498247912,0.1432571940946593,-0.1462064739465535,0.721737935987291,-0.3317929951947933,-0.2781042460987932,0.6726643646320591,-0.0404288339725719,,,,,,,,,,,,,-0.1376808595301121,0.10015911459893415,-0.18469106377590472,-0.08665519425938245,0.009415408341123511,-0.07578303856762807,-0.4330301733044232,-0.07586808880519263,-0.10429053397097302,-0.05281516012948877,-0.18010567816992895,-0.2285557127906695,,-0.11241482424008134,0.14611618055276093
MSM9VZIO,M2083,UC,1,,,,,,,,,,0.0025308594057796598,2.1532605352143763,2.095033893769863,1.3266920680715915,1.1917793321564178,-0.0885894954472057,0.5504040007635662,1.2297325152675087,-0.1462064739465535,1.065455262820372,0.11718092654221528,-0.13950380969880394,0.524692296317735,0.9469294306479179,,,,,,,,,,,,,,,,,,,,,,,,,,,
MSM9VZIQ,M2083,UC,1,,,,,1.5808515529082705,0.83286927033905,0.900741051731338,-0.23300020755242692,-0.19717985599309473,0.009009804919467975,0.9597188826642282,1.5323626009166358,0.4826346954910089,0.06500681354815893,-0.14087089398815297,0.6233561349514016,0.2011850515035985,-0.1462064739465535,0.4792126535277089,-0.3461462799823559,-0.26244949784673316,0.2812549399121034,-0.24086966981821076,,,,,,,,,,,,,-0.3696909496435787,-0.13839085091312642,-0.18469106377590472,-0.19896903158567275,0.010451636329390062,-0.11167579863451113,-0.03673740805333851,0.27100266921597976,-0.10429053397097302,0.0580957208169758,0.4748508084853401,-0.33431691792771256,,-0.11241482424008134,0.11196224809966179
MSM9VZIS,M2083,UC,1,,,,,,,,,,-0.13834615514249882,1.111461426551914,-0.08888713661839859,0.7075080933228037,0.07061844859543816,-0.1344502697308719,0.9394903290105857,0.3852944313493305,-0.1462064739465535,0.5241438956464342,-0.27685307005656695,-0.33175871888922476,0.48743401221307775,-0.28305655529558876,,,,,,,,,,,,,,,,,,,,,,,,,,,
MSM9VZIU,M2083,UC,1,,,,,,,,,,-0.21143168409224672,1.848982488568782,0.6224990665853603,0.5897599279246936,0.3375801269410274,-0.23844938944499702,0.54965386901353,-1.1139625411427172,-0.1462064739465535,0.6670266070029526,-0.3461462799823559,-0.34589731094877846,0.5924211459878154,0.03036254347637479,,,,,,,,,,,,,0.03215371257526722,0.8245855559515411,-0.11695979013097557,0.23386491134237758,0.37354600979576724,-0.21886080271446828,0.6043297430482542,0.9401828638059468,-0.10429053397097302,0.7466063963240306,-0.18010567816992895,-0.16072421543341833,,,
MSM9VZIW,M2083,UC,1,,,,,,,,,,-0.4068207308983857,1.4522410643719523,-0.18012789654389424,0.6243305473573225,0.2766666344194068,-0.273225161884751,1.0788997613090066,-1.764141257684882,-0.1462064739465535,0.5760634087333428,-0.3461462799823559,-0.35300410180733366,0.504495606300594,-0.13409481396216152,,,,,,,,,,,,,,,,,,,,,,,,,,,
MSM9VZIY,M2085,CD,1,,,,,,,,,,-0.28020261254094314,-0.09108530032833521,-0.13028537356491937,0.35384863324893007,-0.3737492977345055,-0.2957132974946207,-0.816559627414788,-0.06508043852935674,-0.1462064739465535,-0.2656489710367512,-0.3461462799823559,-0.3387125395018812,-0.27578568715254814,-1.0108418674075232,-0.3734797883876714,1.1253382930119529,-0.08813052984784635,-0.6304400949290214,0.8083568514662639,0.15455173581269654,-0.29412988465798207,1.7094157044786737,-0.08813052984784635,-0.03510391416842733,0.035122885944012104,-9.341942933428923,-0.6537537932003874,-0.6294224836143362,-0.18469106377590472,-0.3198467007400254,-1.1484854812071086,-0.3460551310402214,-0.3279471134872361,-0.46731667117773285,-0.10429053397097302,0.19896173255138086,-0.18010567816992895,-0.33431691792771256,,-0.11241482424008134,-0.1771199930412071
MSM9VZJ3,M2085,CD,1,,,,,-1.220511021880215,0.55313141463479,-0.7408377549126328,-0.7941604290130438,0.2709312427459065,0.10322506230159836,0.2345264091710069,-0.15261415008369605,0.5981795123627164,0.28749929353760445,-0.25648147171001373,-0.4176000748718692,0.14573155435770863,-0.1462064739465535,-0.2994780474512654,-0.3461462799823559,-0.33220971544539646,0.30032025835198173,-1.2374983527476093,,,,,,,,,,,,,-0.37535160729902545,-0.342111650696569,-0.18469106377590472,0.5416731575931143,-0.3108551113255871,-0.19457093867900974,-0.7240320124300241,-0.3550740039135151,-0.10429053397097302,-0.5183038217631237,-0.18010567816992895,-0.33431691792771256,,-0.11241482424008134,0.7342456601212711
MSM9VZJB,M2068,CD,1,,,,,,,,,,-0.3667495780526055,-0.21560794585950502,-0.5472471869703637,0.36021400063276693,1.1813970057796213,-0.3074722404271623,-0.3240933490553728,-0.09326699481663454,-0.13833516500220164,0.7077795678593491,-0.3206853541700213,-0.24788441462964714,-0.35778564909453225,-0.32342087455944213,,,,,,,,,,,,,0.015330294920757508,0.15125003615588078,-0.24634640826316948,1.1744474985796935,0.21803464666130776,-0.41496054558786094,-0.17708689841331984,-0.430359755658427,-0.09434468921296807,-0.4931776351556524,-0.13571057116566926,-0.23301540043091898,,-0.08939284250604397,-0.4004281823880462
MSM9VZJF_P,M2091,UC,1,,,,,,,,,,-0.9958060783428723,0.19327964989582583,-3.3593389696758886,-0.3104599390286344,0.09866665644412347,-0.39887740128307775,-2.9330096506504337,-0.7797935845088673,-0.11407085113498545,-0.4424112703053194,-0.1627994590279251,-0.43613297611202995,-1.206191882549341,-0.11954934584314501,,,,,,,,,,,,,,,,,,,,,,,,,,,
MSM9VZJJ_P,M2086,CD,1,,,,,,,,,,0.36869493628798644,0.7867314219530421,1.0454649023046414,0.5563505673175747,-0.2195046220625892,-0.44888965173451073,0.21978166258730364,0.23036290269916648,3.3005957399763965,0.40982742080285994,0.9695565860317359,1.6103772743676377,-0.12169553666368375,0.48283782698575783,,,,,,,,,,,,,,,,,,,,,,,,,,,
MSM9VZJL,M2086,CD,1,,,,,,,,,,,,,,,,,,,,,,,,1.6339889966416818,-0.03492570800200681,,-0.17398648790654553,-0.26403374287213616,0.07560302623362697,1.8199685949763111,-0.23581076897759604,,1.2441879331977497,0.05711151091300139,0.06293716072304763,,,,,,,,,,,,,,,
MSM9VZJN,M2086,CD,1,,,,,,,,,,,,,,,,,,,,,,,,0.4503799919490154,-1.281676655888414,,-0.5988024804658165,-0.5714252933594891,0.07560302623362697,0.6956267619089158,4.141150889826766,,-0.32535526488742156,-0.3002902480358148,0.06293716072304763,,,,,,,,,,,,,,,
MSM9VZJZ,M2075,nonIBD,0,,,,,-0.12711492724275245,-1.4790909325091761,-0.5150933987968173,0.44679066264734874,-0.4248983299465638,-0.13000493526309032,-0.443891056489719,-0.21302954812266975,0.0050472769635626705,-0.20362176555061998,-0.238230911298923,0.1419048045621491,0.07751967915218756,-0.1113122162579901,-0.3915653653399864,-0.29909236633726183,-0.21552070386130867,0.01199536709910445,-0.49441413087015224,-1.617962725156386,-0.026129991863261575,-0.08650797396966804,0.47891068317178004,-0.29038128017925996,0.07500016726067676,-0.40081058486724,0.055472931946663834,-0.08650797396966804,0.46451733450189714,0.09186765810965551,0.013368190302435377,-0.13524366156320103,-0.1486321965918363,-0.21444541496626934,0.0697827845397184,-0.8543023012434533,-0.31924018980159224,-0.48086017364732936,-0.5284905615373716,-0.10370044001367282,-0.30958427114475817,-0.13812187083932795,-0.29710455056206575,,-0.09339860866723376,-0.30431928338085695
MSM9VZKC,M2079,nonIBD,0,,,,,,,,,,0.031009017935345762,-0.6325527528456968,-0.1489558423131908,-0.9813020385629644,-0.5503492221023963,-0.4001370183130642,0.2837843982982668,-1.1296267978148187,-0.13833516500220164,-0.6600975038414046,-0.3206853541700213,-0.24228502758293874,0.9445028048375778,-0.370128401982564,,,,,,,,,,,,,-0.5773589537746722,-0.8593395133857843,-0.16052002356078546,-0.7967021685174804,-0.5013609332316181,-0.5890391464160435,-0.05850532682455644,-0.8392757045376651,-0.09434468921296807,-0.5114807205930998,-0.13571057116566926,-0.1634855714678464,,-0.08939284250604397,0.5142381898427162
MSM9VZKE,M2079,nonIBD,0,,,,,0.04360474684276986,-1.2510194142609665,-0.7675442621830016,-1.2497133298250787,-1.480006769201222,-0.23353364881703462,-0.33735144524341376,-0.22516723425522142,-1.005094577808177,-0.3967366412907092,-0.2442887940502703,0.09722935038858291,-0.35591255406167643,-0.13833516500220164,-1.124609342849039,-0.3206853541700213,-0.24852394898295962,0.37806336607608604,-0.38309246269536884,-0.6120771870512207,0.36722556015821756,-0.08602647872386804,-0.9937522290014537,-0.17988048159701886,0.012623600559267523,0.2627442812902339,-0.0970981801533063,-0.08602647872386804,-0.0560301761540214,0.009339676587374621,0.15804200816145356,-0.5512289225473878,-0.3601853846683263,-0.24634640826316948,-0.788213040246544,-0.17371345282681885,-0.44230365224748314,0.02322809478023593,-0.6745473790237085,-0.09434468921296807,-0.7084705179744906,-0.13571057116566926,-0.12974586917842226,,-0.08939284250604397,-0.044771110820610846
MSM9VZKI,M2079,nonIBD,0,,,,,,,,,,-0.32161028359159244,-0.3489035939757,-0.3972559731937861,-1.0735633212757814,-0.6760048998414719,-0.22229911369594918,-0.08275007070027994,-0.8749504898440298,-0.13833516500220164,-1.2257118126821167,-0.3206853541700213,-0.23369651464316468,0.26517405116921966,-0.40614299025795186,,,,,,,,,,,,,-0.3868110524367018,-0.3872507166515356,-0.15002643803936197,-0.897850731728957,-0.23206207933396067,-0.44230365224748314,-0.15905913022176038,-0.6368120930830246,-0.09434468921296807,-0.07790255740943824,-0.13571057116566926,-0.12113828954854047,,-0.08939284250604397,0.4713566753273356
MSM9VZL5,M2097,nonIBD,0,,,,,,,,,,-0.6239290825533927,0.086397309946346,-0.31957962594065614,0.5817080366713212,11.22715530937799,-0.238230911298923,0.10158239035558127,-0.3087703108041178,-0.1113122162579901,-0.20603331203861927,-0.29909236633726183,-0.21552070386130867,-0.593947954088042,-0.5737659455497452,,,,,,,,,,,,,-0.3662273993810535,-0.49722568618097385,-0.09386125216886208,1.405501508516437,-0.4314954384200313,-0.429644732127969,-1.4074134451575506,-0.042368759532793426,-0.10370044001367282,-0.8938700027250449,-0.13812187083932795,-0.29710455056206575,,-0.09339860866723376,-0.0987603768090301
MSM9VZL7,M2084,nonIBD,0,,,,,,,,,,-1.6610602349481098,-1.3995991258861828,-0.07043236223582011,-1.1649229261023797,-0.34505522434349184,-0.3001916400088051,-1.5670664869162363,-2.8614588638161127,-0.11407085113498545,-1.9698986970767551,-0.3363939264701503,-0.2498323436389652,-2.8039927475164936,-0.47276950000636153,,,,,,,,,,,,,,,,,,,,,,,,,,,
MSM9VZL9,M2084,nonIBD,0,,,,,-0.1027943907377906,-1.3533589535233341,-0.8053000105113258,0.25845018649448487,-0.8963682317669125,-0.8988593921594482,-1.0258180640874728,-0.34160909634626385,-0.9536448093849813,-0.3145072043438838,-0.3279914675376875,-0.8178221669872539,-1.1034062072727604,-0.11407085113498545,-1.260079567641953,-0.3273252725107047,-0.27146924650602294,-0.6071286485527464,-0.4266799256201861,-0.8078494981875998,-0.03492570800200681,,0.24785991789176373,-0.500822689599627,0.07560302623362697,-0.43011776665372653,-0.23581076897759604,,0.004307276356582939,-0.20265082514497315,3.289565993639621,-1.010115270106917,-0.5492832123536803,-0.2327454228519667,-0.8536691678620388,-0.6928542242717716,-0.3875458795210821,0.3686376911915641,-0.7499083568199579,-0.09938799855279619,-0.6825576972232537,-0.1342339472220414,-0.20533989596738503,,-0.10717564228878608,0.6160570569664984
MSM9VZLB,M2084,nonIBD,0,,,,,,,,,,-0.8679864613575488,-1.031871910212573,-0.2404653805184192,-0.9353607586347551,-0.29161909048114876,-0.32316971815343426,-0.6304265949697775,-1.6979253305859539,-0.11407085113498545,-1.1627482908347202,-0.3278832482540926,-0.2744607059730365,-1.2895474522860335,-0.47955607265994177,,,,,,,,,,,,,-0.7399190672108876,-0.6700156290782385,-0.2327454228519667,-0.6777610739725322,-0.5416262247804715,-0.4575671068440312,0.2100462068759148,-1.8409502794779786,-0.09938799855279619,-1.1235804725615888,-0.1342339472220414,-0.29823699268813436,,-0.10717564228878608,1.0026587795829691
MSM9VZLD,M2084,nonIBD,0,,,,,,,,,,-1.7692376317897003,-1.364172061033176,-0.16296881959389,-0.9252890445488903,-0.33624374440483656,-0.23243174645322295,-1.3302156186184095,-2.4480420145831494,-0.11407085113498545,-1.729597504009913,-0.3363939264701503,-0.2390656467666394,-2.5812405673206595,-0.43066123936558,,,,,,,,,,,,,,,,,,,,,,,,,,,
MSM9VZLF,M2084,nonIBD,0,,,,,,,,,,-0.4081137692077078,-1.1313731505063098,0.20789029959078537,-0.8176977949032861,-0.2988466393790542,-0.4648575635582162,0.44601366426110745,-1.2508139251969166,-0.11407085113498545,-0.8706123807299263,-0.3363939264701503,-0.1704586661622374,-0.07970136386746443,-0.4664436836524164,,,,,,,,,,,,,,,,,,,,,,,,,,,
MSM9VZLH,M2084,nonIBD,0,,,,,,,,,,-1.4713453752741843,-1.2666148009653555,-0.0894441299721771,-1.193188241590114,-0.33062529854139455,-0.3901065556862175,-1.5483648725144497,-3.1277822856425095,-0.11407085113498545,-1.6958540466922867,-0.3363939264701503,-0.3578257715814045,-3.1793271660379605,-0.4498898963899261,,,,,,,,,,,,,,,,,,,,,,,,,,,
MSM9VZLJ,M2061,nonIBD,0,,,,,-1.1939015982244394,0.25002316443500666,-1.0215231923696382,-1.2544471811089175,-1.114148295733699,-0.16080012676417937,0.9452622022351571,-0.2753974969152133,-0.1267836932222529,2.391667059558861,-0.23402124393777654,-0.42818997061261005,0.10738845085781432,-0.1113122162579901,-1.3137409853600273,-0.1151259532369747,-0.21484621150561778,-0.7978379200630653,-6.029371808121729,0.306920494561855,-0.07794501494001509,-0.08650797396966804,-0.22866761854005455,0.05556721012503068,0.07500016726067676,-0.47374749046305964,-0.2545646040918579,-0.08650797396966804,-0.08708671244899614,-0.14296984138690302,0.013368190302435377,-0.5041917164989906,-0.42181511879579364,-0.28826309641283665,-0.4168701456103004,-0.5018907268190447,-0.429644732127969,-0.11843909146312509,-0.5625630945139823,-0.10370044001367282,-0.4119557349117982,-0.13812187083932795,-0.29710455056206575,,-0.09339860866723376,-0.9291748309963084
MSM9VZLL,M2064,UC,1,,,,,,,,,,-0.5080124683645226,-0.7341561366492894,0.4203121730356133,-0.6466688236050586,-0.8635489577974823,2.4080883708809875,-0.8723781649223875,2.2895829387773254,-0.10843274156073193,0.06609018197566281,1.5649773940513834,-0.7975916580383878,0.19468858075849416,5.2123187231232,,,,,,,,,,,,,,,,,,,,,,,,,,,
MSM9VZLN,M2064,UC,1,,,,,,,,,,-0.9808476687768323,-2.1464989674740966,-0.5470342404957159,-2.02716864283114,-2.8460086976965195,0.41759634870207296,-2.3270229467266925,-0.13861004810275118,-0.10843274156073193,-1.0360017792347598,0.2885243533392464,0.45768026151741115,-0.1554731798269944,-0.0001745469338319532,,,,,,,,,,,,,-1.6095151614751402,-0.9255970020192846,5.767074130441242,-1.702006830922589,-2.3981021309509067,-0.6254931479669863,-0.13983627507006674,-1.0804971338260456,,-0.5472926356902698,-0.07939061616942635,0.022011536398188647,,-0.062149905905642094,-2.609464032303262
MSM9VZLP,M2064,UC,1,,,,,-1.5066083761967881,-0.29697436981080916,-0.8906144805643814,-0.2167536511017333,-0.003792923729979677,-0.6242749677083905,-1.7625750225119208,-0.2023299561034034,-1.6126955654779231,-1.5469699366272218,1.357706917352299,-1.614733793772541,-0.029153947727561254,-0.10843274156073193,-0.8539241858470052,0.7511379557377543,-0.16082936830573816,-0.19503130071150107,-0.17197378620800904,-0.7089639757643645,-0.22967101184415356,-0.07284643967679481,-0.274615651427781,-0.13140353971100915,0.09560573483367543,-0.2658459996965995,-0.3377928645099569,-0.07284643967679481,-0.18950180663358096,-0.2946227360106183,0.030391478799598647,-0.17211746256868388,0.14848616655736743,-0.1841434975068624,0.27653658944647236,-2.4716876287651974,0.8069835113173514,-1.3870547117672105,0.6269405897576438,,1.5816788164133433,-0.07939061616942635,1.0898541919679459,,-0.062149905905642094,-0.1773366990437291
MSM9VZLR,M2064,UC,1,,,,,,,,,,-0.43523941432958185,-1.2173889262011952,0.16854742711196116,-0.8803752996204747,-0.9153714956530323,1.4412248475187883,-3.0107528669489994,-0.8102229992618618,-0.10843274156073193,-0.6426907502097523,1.035573718247658,-0.3439263891862515,-0.4828147149618706,-0.17993505532324333,,,,,,,,,,,,,,,,,,,,,,,,,,,
MSM9VZLT,M2064,UC,1,,,,,,,,,,-1.0000906003811163,-1.9990612819868039,0.20053237071647398,-1.5488858455989378,-0.7380506864092321,0.512896426470772,-0.651650807545111,-2.3051248117872563,-0.10843274156073193,-1.489768694577715,0.3386937502617913,-0.18498610927074113,-1.217354614488283,-0.05575144816902965,,,,,,,,,,,,,-0.766438625637968,0.10175621507329875,-0.1841434975068624,0.14305979896360194,-0.7264936225303628,-0.6845985095673652,-0.3650510143930071,-0.6378453658077079,,-0.5191265698147056,-0.07939061616942635,-0.2813350374326855,,-0.062149905905642094,-0.21609049406537253
MSM9VZLV,M2064,UC,1,,,,,-1.2486752019862897,-1.0533318764935162,-1.5875901818634688,-1.3267849050741283,-0.19093562036429837,-2.173647272273001,-2.074521544195548,0.10026364355450439,-1.907471090806019,-1.4526586036884173,0.8581146820501624,-1.7055126224740669,-4.7626524736263,-0.10843274156073193,-2.4715216136245446,0.5979058493273003,0.14345860911901218,-15.596051070440602,0.14495732809338538,,,,,,,,,,,,,-0.7223859409533254,-0.3140645817562146,-0.1841434975068624,-0.166523742461105,-0.3102457241821613,-0.275145154002873,-0.14495061441713622,-0.9840688131549293,,-0.11776404010215197,-0.07939061616942635,-0.2813350374326855,,-0.062149905905642094,-0.8763363976090571
MSM9VZLX_P,M2082,CD,1,,,,,,,,,,-0.29032712355510065,-0.6285887439251521,-0.25895478189918353,-0.44343736569398584,-0.31328012724372206,-0.29235918288873775,0.022976758651178927,-0.17236585949238833,-0.13833516500220164,0.023142003855502403,-0.3206853541700213,-0.24855032521359763,-0.3159121296741154,-0.5036017228959802,,,,,,,,,,,,,,,,,,,,,,,,,,,
MSM9VZLZ,M2083,UC,1,,,,,,,,,,-0.03624381483930348,0.8527356444643092,-0.18642206685322857,0.21918684723087833,0.8163107545024965,59.94950406323143,1.8191967968125224,1.4019886557943528,-0.1462064739465535,1.7162082753912875,-0.3461462799823559,123.61926384869184,0.29721604280549546,2.527563853844086,,,,,,,,,,,,,,,,,,,,,,,,,,,
MSM9VZM4,M2085,CD,1,,,,,-1.229487763846324,-0.1747496845741583,-0.5743158774183583,-0.6884707045485824,-0.0878682301294095,,,,,,,,,,,,,,,-0.19643571737313606,0.03765545209004104,-0.08813052984784635,0.6249709209826378,0.7151547304637035,0.15455173581269654,-0.38858784550775866,0.2557423255043686,-0.08813052984784635,0.06584687387731879,0.44460704187653366,0.07869356735747605,,,,,,,,,,,,,,,
MSM9VZM4_P,M2085,CD,1,,,,,,,,,,0.18878056024465237,-0.295364651835057,-0.18642206685322857,-0.4084076101175904,0.2603406380256532,-0.08846895725016025,-0.15848390240660828,-0.029535828670343656,-0.1462064739465535,0.3243767223509835,-0.3461462799823559,-0.3212215556780248,-0.3976598945662004,-0.32322437998749015,,,,,,,,,,,,,,,,,,,,,,,,,,,
MSM9VZM6,M2086,CD,1,,,,,,,,,,,,,,,,,,,,,,,,0.7206363013260446,0.7511321293396687,,-0.1357366459338245,8.845868140363455,0.07560302623362697,1.6157857485272094,0.31550022750011536,,0.90009215610065,8.346366771613788,0.06293716072304763,,,,,,,,,,,,,,,
MSM9VZMA,M2077,nonIBD,0,,,,,,,,,,0.22523514783176263,0.4486976808070491,-0.028344680120790017,0.35731961318480215,-0.9211424089150505,-0.24916455443824104,-0.34185645126559233,0.22275880500364476,-0.1113122162579901,0.12549901526117166,-0.2068059466412537,-0.18296201694861278,0.026052749187737093,0.2185234442659969,,,,,,,,,,,,,0.18075009467034908,-0.21217430744675117,-0.22086489683005697,-0.2697497790933907,-0.4193620480337444,-0.22811420502038604,-0.14273873662567632,0.0526185463365574,-0.10370044001367282,-0.40089662968637574,-0.13812187083932795,-0.2424332891214204,,-0.09339860866723376,0.22520696438500848
MSM9VZMA_TR,M2077,nonIBD,0,,,,,,,,,,0.10194752188493524,0.3459262217164333,0.3892699036113729,0.3884409653170949,-0.8346744609307133,-0.241443300761712,-0.36197855579332294,-0.028649260261414074,-0.1113122162579901,0.37479202974846876,-0.18797647551799493,-0.18300115733035865,0.07874997030454686,0.14518258202598916,,,,,,,,,,,,,0.27833285632285965,0.05047365326966924,-0.28826309641283665,-0.2151909559069259,-0.4622313425461943,-0.24793785500320475,-0.07408017387941312,0.24411691347533743,-0.10370044001367282,-0.4119196879833352,-0.13812187083932795,-0.22984634517069757,,,
MSM9VZMC,M2077,nonIBD,0,,,,,,,,,,0.15159073923483474,0.44392263984899544,0.3454746142718335,0.47609499552579876,-0.7498600442255225,-0.07524016159959544,-0.5332160172253034,-0.22959175630153666,-0.1113122162579901,0.4793829784940644,-0.29909236633726183,-0.16799148573019693,0.12471271293843804,-0.13767365863250663,,,,,,,,,,,,,,,,,,,,,,,,,,,
MSM9VZME,M2077,nonIBD,0,,,,,-0.484299294869618,-0.286834231356504,0.3963940648977624,-0.003975240812896647,-0.28894473205734106,0.16887304048095353,0.33451690790491806,0.6821876436851114,0.2987612478921358,-0.5602088889945327,-0.20884425805302229,-0.30705521805026315,0.16267639965649172,-0.1113122162579901,0.4492677315364225,-0.2825450981127746,-0.21394672258348674,0.32291487203207936,0.18602990700749808,,,,,,,,,,,,,,,,,,,,,,,,,,,
MSM9VZMI,M2077,nonIBD,0,,,,,,,,,,0.02167934764324602,0.35564453577831345,-0.11201463408112564,0.13290294966770083,-1.4836199555349134,-0.23126644239427752,-0.2639526048241737,-0.08681909200872372,-0.1113122162579901,0.12842345290276955,-0.18496874328797416,-0.2589801491813773,0.5631892963083057,-0.0904825635205094,,,,,,,,,,,,,0.005525676144135924,-0.6599205792599455,-0.28826309641283665,-0.16429981285366904,-1.3450561550016409,-0.3223441120757722,0.160788387418388,-0.6637479147442651,-0.10370044001367282,0.708381738673378,0.7373250363418927,-1.9199358551910017,,-0.09339860866723376,-0.2087249678965098
MSM9VZMM,M2084,nonIBD,0,,,,,-0.3107938632346543,-0.32000497962427155,-0.7138590485998618,-0.31668278183594956,-0.4629424865488315,-0.01361938405341832,-0.1462683501703318,-0.29835098667295384,0.07159188792307043,-0.2255905164423493,-0.31243285581430114,-0.1370496224027408,-0.529532450873899,-0.11407085113498545,0.2351524932375477,-0.3363939264701503,-0.27421869037444324,-0.5589994868260425,-0.4915405844535961,-1.5451617383452318,3.735789011937409,,-0.48511488766115973,-0.7069883815928848,0.07560302623362697,-0.8171140808283056,4.12573467106225,,-0.28739898701882766,-0.8391004638480732,0.06293716072304763,-0.3319479511081537,0.07020481207941201,-0.2327454228519667,-0.8993343972273673,-0.7017366804531795,-0.4575671068440312,-0.2759414532398854,-1.2197874759539247,-0.09938799855279619,-0.10514464768622557,-0.1342339472220414,-0.29823699268813436,,-0.10717564228878608,0.6618230310735809
MSM9VZMO,M2084,nonIBD,0,,,,,,,,,,-1.048139491389118,-0.8752057052664921,0.20952254724786912,-0.7436339675673246,-0.1330982370458901,-0.2074012432573022,-1.2067562380011576,-1.6755530318675396,-0.11407085113498545,-1.0217832208694981,-0.3057165011276497,-0.36157500286691063,-1.4910556891429252,-0.46320756777513783,,,,,,,,,,,,,-2.378995966355195,-0.8226343441178594,-0.8251673500269235,-1.0521542340314896,-2.5668995503602217,0.0862534379915023,-0.834754651264372,-1.9320028545323846,-0.09938799855279619,-2.2835328239019113,-0.1342339472220414,-0.29823699268813436,,-0.10717564228878608,-0.07723020269206793
MSM9VZMS,M2084,nonIBD,0,,,,,,,,,,-1.1312380372576403,-0.8739095905651526,-0.10350045169503777,-0.8129796667286416,-0.3194180893106313,-0.32465629177442684,-0.576933106280162,-1.0053117656696229,-0.11407085113498545,-1.1496226649052257,-0.3363939264701503,-0.2724877306711671,-1.9601028049469786,-0.4614375652671788,,,,,,,,,,,,,,,,,,,,,,,,,,,
MSM9VZMU,M2084,nonIBD,0,,,,,0.2131707013359022,-2.006949232921173,-1.099026723617245,-0.49607425394011295,-1.3041306876773184,-1.0326109533140937,-0.9962862488206532,-0.20589026368225155,-0.8499454129424773,-0.220544823416286,-0.19521203627386588,-0.6733659003435303,-1.6345600871847037,-0.11407085113498545,-1.1846517149263383,-0.3363939264701503,-1.2030265412506387,-3.048141949648324,-0.455513693855527,-0.2395009736423824,-0.03492570800200681,,-0.8588519994694522,0.7381063410071842,0.07560302623362697,-0.47557703496001946,-0.23581076897759604,,0.436100761823039,1.221282293817175,0.06293716072304763,-0.8104049506001988,-1.1470857059563397,-0.2327454228519667,-1.0374843066597654,-2.0038871936253115,-0.4753949124764356,-0.9988437777743676,-1.9705489385531998,-0.09938799855279619,-1.3010911911008582,-0.1342339472220414,-0.29823699268813436,,-0.10717564228878608,-0.3661920532073167
MSM9VZMW,M2084,nonIBD,0,,,,,,,,,,-2.211992934928934,-1.7617102006944827,-0.26098410411065337,-1.5459092067188778,-0.33248216099137445,-0.3158666385680554,-1.7156783355288072,-3.0837807889443187,-0.11407085113498545,-1.609371572578142,-0.3363939264701503,-0.26994816950429484,-4.178992416823452,-0.460429645382066,,,,,,,,,,,,,,,,,,,,,,,,,,,
MSM9VZN4_P,M2081,UC,1,,,,,,,,,,-0.27058773187229346,0.15512344686743512,-0.05215650529607497,0.10298262538032078,-0.01792277283806219,-0.32277099298421563,-0.26611675647549304,-0.8431735165637163,-0.11407085113498545,-0.3825638438228636,-0.3363939264701503,-0.22993120281448068,-0.7232509759276717,-0.17837045933790932,,,,,,,,,,,,,,,,,,,,,,,,,,,
MSM9VZNH,M2047,nonIBD,0,,,,,,,,,,-0.9638411784678605,-0.36085939244937043,0.012988327235999117,-0.3552628596175505,-0.42441682105520184,0.9659222505086271,-1.3218390710390997,0.024956418563112894,-0.1462064739465535,-0.25675933657321137,-0.2952486474114592,1.4368812410084948,0.019415021260030974,2.0141814337499215,,,,,,,,,,,,,0.7535613435365183,-0.023554862670159646,-0.18469106377590472,-0.2524584495807815,-0.26932015779198476,-0.2387065989194806,-0.37751512212040395,0.2202342368681304,-0.10429053397097302,0.10883712732840502,-0.18010567816992895,-0.33431691792771256,,-0.11241482424008134,-2.6896119021222455
MSM9VZNH_TR,M2047,nonIBD,0,,,,,,,,,,-0.6504361405096423,-0.22797022588038265,-0.11780463389485665,-0.37917010905633336,-0.37181519739718066,0.8903225692790517,-1.1467375376744762,1.8033163431871653,-0.1462064739465535,-1.2791780624489502,-0.271736206710104,0.9950095588244129,-0.01165248142456098,1.7265316266080566,,,,,,,,,,,,,1.1151572420161409,-0.09960807658239791,-0.18469106377590472,-0.16012759870457968,-0.14914789888682425,-0.23881842707766407,-0.3154367034947237,0.14847900170814401,-0.10429053397097302,0.16723544654605602,-0.18010567816992895,-0.33431691792771256,,,
MSM9VZNL,M2047,nonIBD,0,,,,,-0.595060305337467,-0.7845847117184362,-1.3154666399432902,-0.8038673589811449,-2.935880353791401,-1.2256997290668785,-0.4999665167889945,-0.2657968572865514,-0.8626821548544846,-1.0492596878392346,-0.29073099384257545,-1.1936756294948585,2.8592678046192526,-0.1462064739465535,-2.197199238744453,-0.3461462799823559,-0.2851480912675931,0.24084018567048,-0.304534388241713,-1.2260779843149119,0.08761395366722986,-0.08813052984784635,-0.488657575324345,0.7114556719960005,0.15455173581269654,-0.286253152435072,-0.3599320260332242,-0.08813052984784635,-0.03510391416842733,-0.30348114013940736,0.07869356735747605,-0.3236423832427032,-0.38247108051637085,-0.18469106377590472,-0.8344256933716261,-0.6977964849749457,-0.2513892639448847,-0.42840486713499154,-0.5099762201008968,-0.10429053397097302,-0.19448481335029658,-0.18010567816992895,-0.33431691792771256,,-0.11241482424008134,-2.9697698854996735
MSM9VZNR,M2083,UC,1,,,,,,,,,,2.0667649173433116,0.3192865099442729,-0.2469483256509353,0.6488923637563604,0.5173578221652397,-0.04576046648423107,2.2437410883992217,2.116156490749562,-0.1462064739465535,0.632623256137569,0.7710625062698859,-0.21120603656615733,3.4796196619151534,0.021694010409992533,,,,,,,,,,,,,,,,,,,,,,,,,,,
MSM9VZNX,M2083,UC,1,,,,,0.9258706818964836,0.878880592128665,1.1017703138750001,-0.9642746455019484,1.315075917575052,1.1800241424150504,1.0675244065220937,0.9256590487122396,0.7479378692756589,1.142206051754198,0.30755324266798373,1.4126642975689834,1.2876599294998414,-0.1462064739465535,0.8632250473447775,1.1432848670708307,0.37395496127249067,1.9050996649695886,0.7677131160882283,,,,,,,,,,,,,0.3007055270526951,1.150563010501103,0.026825105192258173,1.048182841307829,0.8400063537900269,-0.0765130813925166,-0.596723638545496,0.4454657404289375,-0.10429053397097302,-2.541352185438412,-0.18010567816992895,0.17609203746424223,,-0.11241482424008134,-0.015134443745035522
MSM9VZNZ,M2083,UC,1,,,,,,,,,,0.03935431992483378,1.0355664197625438,0.3346913609442814,0.7637966504474014,0.5609753279644004,-0.20757097188406254,1.107468072405752,0.7354071798483851,-0.1462064739465535,0.3264576796545508,-0.3461462799823559,-0.32299193179787994,0.832048803077548,0.1418128744919948,,,,,,,,,,,,,,,,,,,,,,,,,,,
MSM9VZO2,M2083,UC,1,,,,,,,,,,-0.09987854979645532,0.3490170210711874,-0.19884043667321188,0.4034459048640268,0.6418721598273239,-0.057145002101674315,0.19827778622370174,0.4502156487488891,-0.1462064739465535,0.11863085558213621,-0.2993203646914224,-0.2379130691072602,0.34926228234381085,-0.15530574894200447,,,,,,,,,,,,,,,,,,,,,,,,,,,
MSM9VZOG,M2072,nonIBD,0,,,,,,,,,,0.20932081539559289,-0.1688756634829039,-0.18862071419729406,0.2618641481108758,-0.11851005245346395,0.18738586328741685,0.7440299347037187,-0.053314392121381816,-0.1462064739465535,-0.2976273097616027,-0.3461462799823559,-0.03649247319348638,-1.0416195223170048,-0.20264627353360964,,,,,,,,,,,,,-1.6394609663814559,-0.7117336699793648,-0.18469106377590472,-1.3603753174649449,0.735415706086113,0.5628550070189416,-1.9194217585444107,0.2331410350363595,-0.10429053397097302,-0.13575466005594006,-0.18010567816992895,-0.33431691792771256,,-0.11241482424008134,0.08884142258407411
MSM9VZOI,M2072,nonIBD,0,,,,,-1.0200720648817978,-1.2639394055772188,-0.19971945471298988,3.8060672794858488,-1.5378729801074542,-0.11865219655407884,-0.27922379936144326,0.4921360753193838,0.12547818299489152,-0.5217868392434271,0.09323951326042297,0.3015368059410238,0.3950078303527329,-0.1462064739465535,-0.8056628455100674,0.07374481071717927,0.13689860616757363,0.011378915200013995,0.14480536212948847,0.3157201909435489,0.066097998161462,-0.08813052984784635,-1.1608655071851406,2.0726634579472827,0.15455173581269654,-0.7070277987660393,-0.3599320260332242,-0.08813052984784635,-0.4159958783108097,0.24036398181071347,0.07869356735747605,,,,,,,,,,,,,,,
MSM9VZOK,M2072,nonIBD,0,,,,,,,,,,-0.12221501279370034,-0.18673746704560815,-0.04872677880027649,-0.2664368957372527,-0.4349064157484522,-0.30920298278962743,2.0120044261083585,-0.44979534312245467,-0.1462064739465535,-0.5281472165314524,-0.3461462799823559,-0.10619773329542205,0.4743525086571878,-0.3603839229318657,,,,,,,,,,,,,0.13699326190111014,0.025981671399467537,-0.18469106377590472,-0.13319496682091128,0.21321358693330483,-0.4658348960418651,-0.3430317868976651,0.341463873965171,-0.10429053397097302,-0.07294323302788915,-0.18010567816992895,-0.33431691792771256,,-0.11241482424008134,1.7831810321267247
MSM9VZOM,M2072,nonIBD,0,,,,,,,,,,-0.2720551285160963,-0.3066476579946637,-0.09366680771685977,-0.05469565087386893,-0.4804362812876217,-0.3360813589529085,2.4903559767346266,-0.7056567129997011,-0.1462064739465535,-1.0734017945417824,-0.3461462799823559,-0.3543594776826933,-0.858144362946222,-0.4899869789381334,,,,,,,,,,,,,,,,,,,,,,,,,,,
MSM9VZOO,M2072,nonIBD,0,,,,,-0.656417037719844,-0.352208466675098,-0.20008813169718023,-0.29067073316603204,-0.8376334986689503,0.1218335319742765,0.24468467859515716,-0.030662853717134272,0.6062769147909464,0.3011273832089844,-0.16651087892106503,1.6223621801205956,0.5000570606729939,-0.1462064739465535,-0.30893826636230143,-0.2515782692618744,-0.22941565193328578,-0.4279285373357956,-0.11079938319752713,,,,,,,,,,,,,,,,,,,,,,,,,,,
MSM9VZOQ,M2072,nonIBD,0,,,,,,,,,,0.3389505555175135,0.038379551305558327,-0.14688975452947978,0.47255551858735806,-0.32703579156169327,-0.21908139989466519,1.2182164627156955,-0.01503469224681827,-0.1462064739465535,-0.23823597792027576,-0.3461462799823559,-0.35021911988407006,-0.08802967780305704,-0.38810771663633864,,,,,,,,,,,,,-0.2052013226447123,0.27450160498118187,-0.18469106377590472,0.5556552040608631,0.41422466093197413,-0.31369107740740837,-1.4229369647842838,-0.1102557240951576,-0.10429053397097302,-0.40076122499108496,-0.18010567816992895,-0.33431691792771256,,,
MSM9VZOS,M2069,UC,1,,,,,,,,,,1.0669416988968594,0.4929764394433071,3.6057966535308066,0.17449013273029346,0.033470046741562176,-0.23578000114066108,0.9325647619240882,-0.035791279620568044,8.851114612554676,0.8275545622920852,-0.1990419028321783,-0.2018956621139851,0.5041787808768544,-1.7280873964148207,,,,,,,,,,,,,0.11035476222184688,0.9766196528239434,-0.28826309641283665,-0.1572555119886704,0.37098802976893364,0.15411553919294746,0.47169598284830877,-0.2088706818866246,-0.10370044001367282,-0.666440205984495,-0.13812187083932795,0.09010419269588733,,-0.09339860866723376,1.5021395850341472
MSM9VZOU,M2069,UC,1,,,,,0.7541616227658275,0.3858129244327961,1.190987581385024,2.5479701709747524,1.4470502465362702,2.195075983514159,0.6146736522046344,0.2599444928792048,0.6076160232579094,-0.12756996194607115,-0.5135551516163432,2.369884662944625,-0.0034889879426454997,-0.1113122162579901,0.14185970971442932,-0.29909236633726183,-0.2885322890166591,2.580667156931298,-2.10775470589733,0.5729208256057684,-0.2589021601985514,-0.08650797396966804,-0.15738901755619716,-0.2633990347562232,0.07500016726067676,0.005397758833170957,2.364693211163479,-0.08650797396966804,-0.2958044247620975,-0.4091196095417557,0.013368190302435377,0.8427890896177598,-0.33814389396791145,-0.28826309641283665,-0.49921724477714674,0.5143162040622564,0.3261408523787375,0.1583641835890656,-0.5626693479989469,-0.10370044001367282,0.06390331820936039,-0.13812187083932795,-0.29710455056206575,,-0.09339860866723376,-0.6376799422469818
MSM9VZOW,M2069,UC,1,,,,,,,,,,2.7632040665165554,1.0510302845126918,1.5949931196137606,0.47786093676556085,0.09682162041147523,-0.2428284280477965,2.8399015349264154,0.9747329781577078,9.773650189193512,1.0466402790431881,-0.23277721047305863,-0.1886147971411338,2.8634260309780855,-1.8331638447711358,,,,,,,,,,,,,,,,,,,,,,,,,,-0.09339860866723376,1.6482835868958141
MSM9VZOY,M2069,UC,1,,,,,,,,,,2.3904621028699724,0.3769304197197451,0.5510627157136057,0.35358385682568144,-0.2813786576867207,-0.2445581033534202,2.469666962521277,0.4769005675088218,7.266903698262908,0.07645525789435137,-0.2177532555052886,-0.19292177997287327,3.260915237026396,-0.5742168637161481,,,,,,,,,,,,,1.6275719685326975,-0.11722820806374923,-0.28826309641283665,-0.43049893810438944,0.48972968611561174,0.029604557821282993,1.8812380693209811,1.1597719650801561,-0.10370044001367282,-0.38480099034986975,-0.13812187083932795,-0.29710455056206575,,-0.09339860866723376,-0.35738744792655414
MSM9VZP1,M2069,UC,1,,,,,,,,,,0.2516031203480446,-0.058239993014099725,-0.43261326876521883,-0.11280457716609596,-0.18037664153675406,-0.22175361958872555,0.02434264301397365,0.17535618442148437,-0.1113122162579901,-0.43619378239703044,-0.22437118740136802,-0.20690199497505277,0.06588107592201649,-0.7481326273781149,,,,,,,,,,,,,1.33690273350129,0.2531940747001354,-0.22679401160976512,-0.13407905812865123,0.6532480954343609,-0.2261827345396917,2.6399562841075537,0.5819225260812421,-0.10370044001367282,-0.10995758003126974,-0.13812187083932795,-0.2159103468280071,,-0.09339860866723376,1.5121094770593413
MSM9VZP3,M2069,UC,1,,,,,2.854502134887702,-0.001574375947321903,0.2577389920326946,0.9152880513881665,0.05110944099137598,1.188924745961947,0.4784586413324541,0.3281121152914492,0.48209879717667725,0.015854587737506337,-0.23156735830359562,1.0955908448861926,0.3363117920288375,-0.1113122162579901,0.39461469793994236,-0.23124989489853615,-0.18817910333864662,1.5239077731912887,-1.8860692422581624,,,,,,,,,,,,,3.459735213022397,1.1416132383870323,-0.28826309641283665,0.49618494383219497,1.5564399902215973,0.04490829192435888,2.8894913526006465,2.147863540215583,-0.10370044001367282,0.45986467207125015,-0.13812187083932795,-0.19628796757876635,,-0.09339860866723376,1.940659223851381
MSM9VZPH,M2085,CD,1,,,,,,,,,,-0.10301096060007861,-0.13555394938200813,-0.11429038499821725,-0.1304015384627232,-0.12446941007685537,-0.19221462406700227,-0.6458524671010425,0.051776158393827626,-0.1462064739465535,-0.628706688939172,-0.3461462799823559,-0.3132585942585009,0.3749347602354277,-1.695011772012411,,,,,,,,,,,,,-0.4191884997856057,-0.33527420303225636,-0.18469106377590472,-0.47987130410193185,-0.06073922526374715,-0.3902242920996842,-0.5903722371582197,-0.17843537951851818,-0.10429053397097302,-0.7033918827933517,-0.18010567816992895,-0.22214753387672753,,-0.11241482424008134,-0.28107270712172705
MSM9VZPL,M2085,CD,1,,,,,-0.1118304163560558,0.46648595047210933,-0.800095995116973,-0.8883389398701778,-0.5943639051866091,0.046138471060566746,-0.30190210621632196,-0.0721969082520034,0.06025384381143308,-0.3830077794986175,-0.2563821187933496,-0.512413179421083,-0.15328820601585808,-0.1462064739465535,-0.3639798891752323,-0.3461462799823559,-0.31708608103138386,-0.7081981477560347,-0.6449294506278401,-0.4098613545821774,0.04458204265569415,-0.08813052984784635,0.31153650594597265,-0.17126522621775628,0.15455173581269654,-0.29412988465798207,0.2557423255043686,-0.08813052984784635,-0.03510391416842733,0.20819398922791157,0.07869356735747605,-0.18167325849566618,-0.0731230863143919,-0.18469106377590472,-0.30337072266771287,-0.6051625713426679,-0.22864447144664482,-0.4052218188759239,0.12150486430540139,-0.10429053397097302,-0.17336231614523318,-0.18010567816992895,-0.33431691792771256,,-0.11241482424008134,0.11527508120808172
MSM9VZPN,M2085,CD,1,,,,,,,,,,-0.022775896072700728,0.23111552057596704,-0.05543783071545069,0.4164866095300013,-0.01246602585743207,-0.3136928065082741,-0.39420864965863256,0.08686555047845611,-0.1462064739465535,-0.30256372714771634,-0.3461462799823559,-0.3389187169706569,0.06763509105824402,-0.539100039262545,,,,,,,,,,,,,,,,,,,,,,,,,,,
MSM9VZPT,M2060,nonIBD,0,,,,,,,,,,-0.27274062966616763,-0.7127541900315607,0.053133484211088475,0.4185202145196557,0.5455531481426333,-0.21979405881818947,-0.03924500931604805,-3.0821715560076135,-0.10843274156073193,-1.8423871925152944,-0.19130580774172462,-0.17454463967929265,1.3255731806047784,0.01362275047727363,,,,,,,,,,,,,,,,,,,,,,,,,,,
MSM9VZPV,M2060,nonIBD,0,,,,,0.4126292251939912,0.3212283621776537,-0.910612862753803,0.2288700491538071,-1.2329803284018426,,,,,,,,,,,,,,,-0.338027948201019,-0.22967101184415356,-0.07284643967679481,-0.5048730136593539,-0.28809778265616065,0.09560573483367543,-1.439643027745012,-0.3377928645099569,-0.07284643967679481,-0.18950180663358096,-0.40825669297309747,-0.3091306439071824,,,,,,,,,,,,,,,
MSMA267V,M2103,UC,1,,,,,0.5857393313670145,-0.8210459282020923,-0.6242236153688302,-0.05675794863775678,-0.7732625303613128,-0.5124469545228975,-0.7992780268781906,-0.4869982441531343,-1.0376314566166767,-0.39001474673640874,-0.3734636060317475,-0.13868691383445403,-1.804103675482499,-0.11407085113498545,-2.0318346541200967,-0.3363939264701503,-0.26529753105891424,-1.9108825392891138,-0.4045138971739414,-1.2069572636161878,-0.03492570800200681,,-0.3670715437568403,-0.34263070680200386,0.07560302623362697,-0.8408808803269983,-0.23581076897759604,,0.004307276356582939,-0.208150375760826,0.06293716072304763,-1.6276142638433648,-4.771572446988513,-0.2327454228519667,-1.8881146292805446,-0.5640825817412535,-0.43343139342654413,-0.15765952648416706,-1.2394838146027316,-0.09938799855279619,-1.2896819079814617,-0.1342339472220414,-0.29823699268813436,,-0.10717564228878608,-1.8143915839582427
MSMA267X,M2103,UC,1,,,,,,,,,,-0.5330138665729577,-0.6030217545218525,-0.17293728656588278,-0.9673966878468976,-0.4426734725659663,-0.30826693179199943,-0.255539507853574,-1.7362364805132016,-0.11407085113498545,-2.0740572156308925,-0.3363939264701503,-0.2747716546767476,-5.5699162468248655,-0.3539564123264123,,,,,,,,,,,,,,,,,,,,,,,,,,,
MSMA2684,M2103,UC,1,,,,,,,,,,-0.20810105417917413,-0.6097521198423692,-0.26779978703211965,-0.9657799572194395,-0.35315675971510385,-0.30826693179199943,0.15796996630124585,-1.3457917324347877,-0.11407085113498545,-1.533309661605625,-0.3363939264701503,-0.2747716546767476,-0.2237406160513286,-0.38646254099131566,,,,,,,,,,,,,,,,,,,,,,,,,,,
MSMA2688,M2064,UC,1,,,,,,,,,,0.1454269254864589,-0.5783961969637129,1.3736455455617043,-0.40144176795156994,0.33406088323628835,3.66668523737907,0.19237715265452074,-0.0012450590485024312,-0.10843274156073193,-0.6391186450435783,3.114411295354909,-0.6886588813414727,-0.4881614394367131,-0.14033210039761984,,,,,,,,,,,,,,,,,,,,,,,,,,,
MSMA26AL,M2068,CD,1,,,,,-1.063670404201059,1.3059812154889792,-1.3912167339050758,-0.2806004826496205,-1.6995691715164885,-0.31061639156970305,0.9196401211336607,-0.6191446547529671,0.3938075675209226,0.4718210249874375,-0.29545780584713555,-0.06628269995587849,-0.22985574382356952,-0.13833516500220164,0.1778006132603842,-0.28188587273327953,-0.17660499608855942,0.8672894663255782,-0.03953174719574914,1.5510752408442592,0.36722556015821756,-0.08602647872386804,0.012075539497396114,-0.27137956473990005,0.012623600559267523,1.8424389307594147,-0.0970981801533063,-0.08602647872386804,-0.27210637307000524,0.4234557542386131,0.15804200816145356,,,,,,,,,,,,,,,
MSMA26AN,M2068,CD,1,,,,,,,,,,-0.0686867740495977,0.24521669433401744,-0.18660297106108498,-0.14820236064054526,0.3965352774294607,-0.181022115694567,0.35576200969781624,-0.6109822709109394,-0.13833516500220164,-0.10195401306450558,-0.3206853541700213,-0.1811477790481879,0.9480595748523759,-0.22627556967303386,,,,,,,,,,,,,,,,,,,,,,,,,,,
MSMA26AP,M2068,CD,1,,,,,,,,,,0.011179719205811905,0.339813368907164,-0.4368864827849291,-0.023347268487891492,0.22450335460272947,-0.3472595557326867,-0.6342672939045207,-0.06068752758160887,-0.13833516500220164,0.8378977370126462,-0.3206853541700213,-0.19696137881701958,0.1340445486327294,-1.8060341521093393,,,,,,,,,,,,,,,,,,,,,,,,,,,
MSMA26AR,M2068,CD,1,,,,,,,,,,-0.36693793902242444,0.2894526116718334,-0.5044390617878488,0.0067119276071380025,0.09451723322484502,-0.3075166896444061,-0.287944512710912,-0.47337892854595887,-0.13833516500220164,-0.8233775979203295,-0.09129236949300126,-0.09844873657131681,-0.6732540367208492,-0.24491449777921145,,,,,,,,,,,,,,,,,,,,,,,,,,,
MSMA26AT,M2068,CD,1,,,,,,,,,,-0.5466188520376896,-0.009466622339650666,-0.43247785984257797,-0.31335108399108547,-0.03173949454375675,-0.30450001087231776,0.008445973378761618,-0.3924744376805376,-0.13833516500220164,-0.1536413375442159,-0.3206853541700213,-0.24964419921853695,-0.3628266983639993,-0.3817755387871978,,,,,,,,,,,,,,,,,,,,,,,,,,,
MSMA26AV,M2071,UC,1,,,,,,,,,,0.911600232713474,0.4328818929272697,-0.0740198592965118,0.7526349263419209,-0.3735410430889647,-0.01798972025232478,1.2253497897596055,0.5817241869004766,-0.13833516500220164,0.9550520027461374,-0.3206853541700213,-0.3452201869501801,1.5295452263359837,0.3169611530085819,,,,,,,,,,,,,-0.12258499531100586,-0.5312601632134907,0.2376068689104225,-0.8677343278801549,-0.3366272120868241,-0.22708936403283217,-0.18634808415599957,-0.09805679372319087,-0.09434468921296807,-0.4969039495903541,-0.13571057116566926,-0.15086129794262979,,-0.08939284250604397,-0.20942898029957405
MSMA26AX,M2071,UC,1,,,,,,,,,,0.6310400071938047,0.20147354283517513,-0.13729513597035078,0.2337443690272953,-0.15013634069296508,-0.28606715880856787,0.3976304108422308,-0.40027126514007394,-0.13833516500220164,0.2716185991438601,-0.3206853541700213,-0.24775322679105063,0.6476644416607303,-0.18668600648794456,,,,,,,,,,,,,-0.1252148407898028,-0.21815138427168856,-0.8673915429949607,0.15759132484555805,-0.13279921355866983,-0.28493399005640097,-1.20209573600357,0.48501677638827784,-0.09434468921296807,-0.9661686365555465,-0.13571057116566926,-0.15236904004732943,,,
MSMA26AZ,M2071,UC,1,,,,,0.4304033532035588,1.8624409109114661,-0.5424135232496575,0.29998119430339953,-0.6192491987740273,0.3880808501778483,0.08810725195126808,-0.17166917500438666,-0.019006203036593394,-0.2574339201179259,-0.05367194684213048,0.04007766252626257,-0.27998987469650194,-0.13833516500220164,0.006408678962129951,-0.3206853541700213,-0.5293347863030663,0.272461907982954,0.003961764498913802,,,,,,,,,,,,,0.07529520566903196,-0.6884143574483238,-0.5262052271588314,-0.17376571360733847,-0.2780050940790314,-0.5471054762690214,-0.8609765634391222,-0.6433879664825695,-0.09434468921296807,-0.64156501691968,-0.13571057116566926,-0.23301540043091898,,-0.08939284250604397,-0.0507164065266475
MSMA26AZ_TR,M2071,UC,1,,,,,,,,,,0.2587091455116682,0.006476491735263711,-0.3924125310261582,-0.01062680182854839,-0.2865609512177571,-0.1847437003705307,-0.006594411748745141,-0.3938000209084919,-0.13833516500220164,-0.15825506920575214,-0.3206853541700213,-0.31879179935343144,0.028102356395465284,0.03875775958079325,,,,,,,,,,,,,-0.18877022258323176,-0.7624859268511434,-0.24634640826316948,-0.40622349469589897,-0.3825572042572682,-0.36140355052245865,-0.18627441675547848,-0.8319815485754712,-0.09434468921296807,-0.48368092369940574,-0.13571057116566926,-0.14024057719640376,,,
MSMA26BB,M2084,nonIBD,0,,,,,0.45162954580466075,-2.027559562860971,-0.7409159996518159,-1.0262960553786429,-1.7221245103919423,-1.8174554580441615,-1.4539405260624558,-0.3755274666290885,-1.2896567280733429,-0.31019442305617345,-0.22039354828979996,-1.3280757993482284,-2.2015983101528147,-0.11407085113498545,-2.0123638641770487,-0.3363939264701503,-0.22457911727780566,-3.392464582043774,-0.4983558322195529,-1.119216370808126,0.6616395900761767,,0.038933197262667064,-0.38114109285679715,0.07560302623362697,-0.34676997840052937,0.16340871258402181,,0.5198131192896295,-0.6700854480480618,3.289565993639621,-1.8937054064427556,-0.43456397547729786,-0.2327454228519667,-1.594883630149729,-2.1373156169193956,0.8243451815528378,-1.2992445754390898,-1.8819627739199978,-0.09938799855279619,-3.3679019851341843,-0.1342339472220414,-0.21517357723498204,,,
MSMA26BD,M2084,nonIBD,0,,,,,,,,,,-2.55373146417668,-2.26084963943127,-0.28766315243724716,-1.6519440531051484,-0.24751113682579218,-0.30826693179199943,-2.3555192388910418,-3.9184135778369673,-0.11407085113498545,-2.0061933918252923,-0.3363939264701503,-0.2747716546767476,-2.737091168288326,-0.4048192890351689,,,,,,,,,,,,,,,,,,,,,,,,,,,
MSMA26BF,M2084,nonIBD,0,,,,,,,,,,-1.6470308056270795,-1.3995771973953537,0.2653750478110102,-1.1533462945342519,-0.17309892246323413,-0.3101708549561802,-1.3091823989862403,-2.310577765936903,-0.11407085113498545,-1.4850897785218413,-0.3363939264701503,-0.2747633751927394,-5.148764044580066,-0.4508264231595943,,,,,,,,,,,,,,,,,,,,,,,,,,,
MSMA26BH,M2084,nonIBD,0,,,,,,,,,,-1.3075660701585625,-1.232349220225356,-1.4509008060661202,-0.9770702168621168,-0.24625207441334868,-0.3465795708940727,-1.1190503073727862,-1.8883172449102985,-0.11407085113498545,-1.5516828779515837,-0.3363939264701503,-0.24080595111832448,-3.6276531007365884,-0.4238867934520618,,,,,,,,,,,,,,,,,,,,,,,,,,,
MSMA26BJ,M2084,nonIBD,0,,,,,,,,,,-2.520857398407838,-2.2019864414315786,0.004473426455360564,-1.5035861154442078,-0.31203339239589795,-0.4025951072810014,-2.210301744056983,-4.062592552462434,-0.11407085113498545,-2.4141448769512954,-0.3363939264701503,-0.5675520357608764,-2.289277811078212,-0.252225311938269,,,,,,,,,,,,,,,,,,,,,,,,,,,
MSMA26BL,M2084,nonIBD,0,,,,,,,,,,0.028421289768124497,-0.6582956018456271,-0.09161201965204775,-1.112340754221622,-0.2927699128330123,0.0520615292088175,-0.5455592737693152,-0.7830901843998691,-0.11407085113498545,-0.832728070721946,-0.31283925144651603,0.06982419072597482,-0.4564804134574759,-0.4844623565145935,,,,,,,,,,,,,,,,,,,,,,,,,,,
MSMA26BN,M2079,nonIBD,0,,,,,,,,,,-0.05694093339877394,-0.3010663923077304,-0.35153938618042624,-0.8167912615726503,-0.6573087412352935,-0.41156140585732204,0.23440943561842126,-0.8900355568407429,-0.13833516500220164,-0.5512257219431593,-0.3206853541700213,-0.2352808535837112,0.9239935208089857,-0.27377917912794925,,,,,,,,,,,,,,,,,,,,,,,,,,,
MSMA26BR,M2079,nonIBD,0,,,,,-0.18600775539147602,-1.117457667665923,-0.8705289588661537,-0.9893939233052734,-0.9350748194484171,0.2445944270258264,-0.48336372039998077,-0.1667987304672753,-0.5926204718939313,-0.7380741420393825,-0.26635474342604887,0.5060435071617463,-0.6623560883641522,-0.13833516500220164,-0.18272617484017542,-0.3206853541700213,-0.32971405231805906,1.1012529822645103,-0.4158826985346192,-0.172877921916901,-0.056371305558196715,-0.08602647872386804,0.465802672667416,-0.2996300953043517,0.012623600559267523,-1.1583832510740417,-0.0970981801533063,-0.08602647872386804,-2.4146976371612703,-0.276161747309391,0.15804200816145356,-0.37340665378176485,-0.8205601944148655,-0.24634640826316948,-1.0938247211765277,-0.5262954200036046,-1.123519772313671,0.02788332111317808,-0.9883244658130782,-0.09434468921296807,-0.6609349451764057,-0.13571057116566926,-0.09872995365964067,,-0.08939284250604397,-1.165875090147591
MSMA26BT,M2079,nonIBD,0,,,,,,,,,,-0.07102155072486611,-0.5334624434705192,-0.39331585796996954,-0.6705459227581889,-0.43950957122817863,-0.2983098530001204,0.30610995414181114,-0.6953548557882003,-0.13833516500220164,-0.8184008824399825,-0.3206853541700213,-0.2490475217839379,0.4894320775346587,-0.41048976727028363,,,,,,,,,,,,,,,,,,,,,,,,,,,
MSMA26BV,M2079,nonIBD,0,,,,,,,,,,-0.23723529295483162,-0.35393080389805515,-0.016408820206256395,-0.6298463113804337,-0.48591475249644017,-0.38667507042007454,-0.038259534656821914,-0.9532419934149193,-0.13833516500220164,-0.3916817411805231,-0.3206853541700213,-0.30441983347256296,0.8300718388015599,-0.41743561230277126,,,,,,,,,,,,,,,,,,,,,,,,,,,
MSMA26BX,M2079,nonIBD,0,,,,,,,,,,0.16344865311639115,0.061569649914651,-0.6025403658396239,-0.19897388812054148,0.15187397334539324,-0.29646959296244335,0.20472989176670908,-0.4334968612389305,-0.13833516500220164,-0.23603768631026545,-0.3206853541700213,-0.24865909437580336,0.5752433989282265,-0.3597906850234136,,,,,,,,,,,,,-0.15647598190398823,-0.5629562837135813,-0.24634640826316948,-0.5107384849109452,0.03805101870407616,-0.44230365224748314,0.10765521511131765,-0.4799728702286382,-0.09434468921296807,-0.4223020066167787,-0.13571057116566926,-0.23301540043091898,,-0.08939284250604397,0.0029524705060401594
MSMA26C8,M2086,CD,1,,,,,,,,,,,,,,,,,,,,,,,,0.11662186236801059,-0.03492570800200681,,-0.3688106952778308,0.4770997796563792,0.07560302623362697,0.7960648257266556,-0.23581076897759604,,-0.20368662955223724,-0.07095442532509243,0.5240694624259723,,,,,,,,,,,,,,,
MSMA26CV,M2085,CD,1,,,,,,,,,,0.31951295676345465,-0.32095039276881154,-0.13131066825299695,0.22501558683272233,-0.028939318932450837,-0.28598424542258627,-0.28063706956934353,-0.1658901066774476,-0.1462064739465535,-0.26382629520579226,-0.3461462799823559,-0.34041515740920625,-0.4570630928126426,-0.7859149031160627,,,,,,,,,,,,,,,,,,,,,,,,,,,
MSMA26CX,M2085,CD,1,,,,,-0.6083804570160597,0.14097433571896423,-0.5463073026367111,-0.14418585802806577,0.9339854239614085,-0.07971681242545708,-0.0034518159501157734,-0.17084541409741472,0.6182016128223023,-0.007983762532279417,-0.2855683833752778,-0.7681119734597781,0.055510372192645645,-0.1462064739465535,-0.24959385877003995,-0.3461462799823559,-0.324118903555566,-0.20385139389661114,-0.8577448194467702,-0.9759912215135161,0.027211030075340058,-0.08813052984784635,-0.7303893259087129,0.8197563862842372,0.15455173581269654,-1.0788348905987104,0.4169625077585363,-0.08813052984784635,-0.03510391416842733,0.16095118838916153,0.07869356735747605,,,,,,,,,,,,,,,
MSMA26DG,M2097,nonIBD,0,,,,,0.9544830849643319,0.5978309455747145,0.19373253907813795,-0.6477048980152784,-0.011972830956329516,0.4837914013325588,-0.497842691683173,-0.4373623571226415,-0.5525119287005468,4.700472361626467,-0.238230911298923,1.2576429113635312,-0.42611556878760604,-0.1113122162579901,-0.6611131639873365,-0.29909236633726183,-0.21552070386130867,-0.6286721000119204,-0.4975013069455655,,,,,,,,,,,,,,,,,,,,,,,,,,,
MSMA26DI,M2097,nonIBD,0,,,,,,,,,,0.13436214041701725,-0.13219006264810237,-0.2497654045842567,0.18697603992163586,9.709147102737523,-0.238230911298923,1.082929602960308,-0.5048578523472248,-0.1113122162579901,-0.3742292851673259,-0.29909236633726183,-0.21552070386130867,-1.2628556862806277,-0.42783166508619974,,,,,,,,,,,,,-8.736458782687178,1.0071738470790945,-0.13249624827700265,1.4412138553341949,1.3581599067386727,-0.429644732127969,1.4416524631709469,0.6304679125800212,-0.10370044001367282,2.2023081107650944,-0.13812187083932795,-0.29710455056206575,,-0.09339860866723376,-0.23237242005851413
MSMA26DK,M2097,nonIBD,0,,,,,,,,,,-0.16919221083733124,0.02271251863460492,-0.29126715771747963,0.45717588672950893,10.285106754805378,-0.238230911298923,-0.3639946606956366,-0.376283845237853,-0.1113122162579901,-0.2549466497021879,-0.29909236633726183,-0.21552070386130867,-0.28219102572665233,-0.5418626655594411,,,,,,,,,,,,,,,,,,,,,,,,,,,
MSMA26DM,M2097,nonIBD,0,,,,,,,,,,-0.2641306654625158,-0.17692555684758635,-0.26654935387957485,0.23937705864095643,8.113675268611523,-0.23879626062225923,0.3146949678100921,-0.3372006098845616,-0.1113122162579901,-0.10823864717346933,-0.29909236633726183,-0.20268969685860588,-0.11195323067935221,-0.4773576708160345,,,,,,,,,,,,,-0.36976074491721767,-0.0815423611775933,0.06098985435296049,0.8306710712875711,-0.3457760613901429,-0.373429831350916,-0.2569783286947167,-0.24196031201450635,-0.10370044001367282,-0.4359910498201241,-0.13812187083932795,-0.29710455056206575,,-0.09339860866723376,0.22944508918699366
MSMA26DO,M2097,nonIBD,0,,,,,1.9932704306980653,-0.39823595584577764,0.9705930953240698,1.1385106429624752,-0.05326733671483172,-0.10662743199626391,0.33564478427092687,-0.6417480201364791,0.48856896669343364,10.978561670736168,-0.238230911298923,-0.1884989870693418,-0.48830202384951693,-0.1113122162579901,-0.3257194480779772,-0.29909236633726183,-0.21552070386130867,-0.4318616264640147,-0.2676764367543194,,,,,,,,,,,,,0.768221636328733,2.5266355229215285,-0.28826309641283665,2.4927430312458356,2.0363221768183006,-0.429644732127969,1.7383252903733941,0.7262791674171557,-0.10370044001367282,0.05027443084090616,-0.13812187083932795,-0.29710455056206575,,-0.09339860866723376,-0.04974445501848936
MSMA26EH,M2069,UC,1,,,,,,,,,,-0.9397851483672419,-1.24362596480395,0.3915339481406383,-0.7782854644682291,2.9110703623453555,-2.1456359785883508,-1.0351905353444375,-0.14764841071665594,-0.1113122162579901,-2.2643826849928685,0.9770928585580744,-3.1035745288854732,0.4438668415048679,-2.3784688455665637,1.3568596000139785,-0.07794501494001509,-0.08650797396966804,-0.15738901755619716,-0.4646443290367658,0.07500016726067676,1.735230145889017,-0.2545646040918579,-0.08650797396966804,-0.08708671244899614,-0.09513009571955379,0.013368190302435377,0.012469965527536668,0.037624422636064025,-0.28826309641283665,-0.2887203901424168,0.2991418651729115,0.43447434165091586,-0.14306920534269352,0.15453359508770878,-0.10370044001367282,-0.4489534819843094,-0.13812187083932795,-0.29710455056206575,,-0.09339860866723376,1.6227991342879498
MSMA26EJ,M2069,UC,1,,,,,0.9483836581718555,0.3896600019509456,0.29762973635774526,0.35222775428448605,1.2035090267222723,2.1388310173097307,0.04814370874187494,-0.8201523037201887,0.06045438756213577,0.1331960584689319,-0.2753474885030426,2.782322679825574,0.9081855448380316,-0.1113122162579901,-0.1395327513177187,0.2679646633250475,-0.34678294424486356,0.23168951688355718,-0.879214422430402,,,,,,,,,,,,,3.047345128507515,3.3601024655637786,0.044517029782686277,0.25973131702646,2.152422471130167,-0.14483872706731646,5.148676865755839,0.7857889089387634,-0.10370044001367282,2.576906097959738,-0.13812187083932795,0.4828977441283199,,,
MSMA26EL,M2069,UC,1,,,,,,,,,,2.0181643531403,0.4418639575487501,0.9651551370649767,-0.3576140645770289,1.6161619866017296,-0.2931242406485536,2.02037780995155,0.6918490869395545,-0.1113122162579901,-0.08678502130488866,-0.2763655618946576,-0.3328419222003694,1.011359439844838,-0.9610360177853525,0.06362951767536698,-0.07794501494001509,-0.08650797396966804,4.216881729467931,0.14894127868544707,0.07500016726067676,-1.3074788188025068,-0.2545646040918579,-0.08650797396966804,3.5419149608155855,-0.14296984138690302,0.013368190302435377,1.3131293682542402,2.389245246968345,-0.28826309641283665,-0.4623648027904415,1.682316423414781,0.6735346342840647,0.6252180363052809,0.5383952464122124,-0.10370044001367282,-0.9236226302368316,-0.13812187083932795,-0.1960830961221952,,-0.09339860866723376,0.3347674032525296
MSMA26EN,M2069,UC,1,,,,,,,,,,1.9442350823922323,-0.08993554733186054,1.8299743882339266,-0.20244372132366284,-0.7007609108475636,-0.03839331934050407,3.282949095400795,-0.7985573252999915,-0.1113122162579901,-1.0216986065459028,-0.29909236633726183,-0.19920008631815347,-0.0059539106474671985,-0.7531295296453566,,,,,,,,,,,,,,,,,,,,,,,,,,,
MSMA26EP,M2069,UC,1,,,,,,,,,,0.5899277220582955,0.27506316466292485,0.15621644069806773,0.1131017541713709,-2.5163645720883094,-1.6292326244906523,2.563221820811758,-1.7568619146130693,-0.1113122162579901,9.748929334472725,7.037533769718636,-9.03146816271947,0.4438668415048679,7.408354468209211,,,,,,,,,,,,,0.3287628570587455,-0.6334157200612772,-0.06872681942800302,0.00916270821067416,-0.7807036337498529,-0.060719775282428265,0.16776371231419462,-0.5334757348708606,-0.10370044001367282,1.2755405630427126,-0.13812187083932795,-0.45953176343824453,,-0.09339860866723376,1.2049773184826267
MSMA26ER,M2064,UC,1,,,,,,,,,,-7.920124799024632,-2.0263808256377254,-0.008246149999931767,-1.3641183500317768,-0.23274034599070292,0.1918628438315963,-1.7893777478533475,-35.32161231968658,-0.10843274156073193,-0.5644999146532491,0.48386476148604957,-0.2945969296980576,-0.10822807976055375,-0.012921248322245319,,,,,,,,,,,,,,,,,,,,,,,,,,,
MSMA26ET,M2064,UC,1,,,,,-1.2659498258945865,-0.1562165916974921,-1.0968216556837105,-1.7448916661496632,0.07458607551912695,-0.6191160587122866,-1.8067308976512748,0.7962184645653188,-1.4130993835718153,0.19736143707692935,3.5095839123598997,-0.05918003948970434,-1.3976484903420843,-0.10843274156073193,-1.0280853640388603,3.0224771011650673,-0.6935686362040532,-0.5921278221486893,-0.09521034831586708,,,,,,,,,,,,,-0.3050413525436923,0.16707204768372713,-0.1841434975068624,-0.10135790549843654,-0.07910601841395981,-0.4741739462352116,-0.3821142617616466,-0.03562880189434246,,-0.5369765024495824,-0.07939061616942635,-0.2813350374326855,,-0.062149905905642094,-0.6715962881829239
MSMA26EV,M2064,UC,1,,,,,,,,,,,,,,,,,,,,,,,,-1.1948258588647858,-0.22967101184415356,-0.07284643967679481,-0.274615651427781,1.2895451499946826,0.09560573483367543,-1.6441762074719926,-0.3377928645099569,-0.07284643967679481,-0.18950180663358096,-1.4689216352092118,0.030391478799598647,,,,,,,,,,,,,,,
MSMA26EZ,M2064,UC,1,,,,,,,,,,-0.3437882637778794,-0.6118079575750129,0.4416377902891028,-1.4794975984119123,-0.1685722693016121,-0.4560859864347297,0.40765864384492606,-0.8463355017958032,-0.10843274156073193,-0.5793616094512142,0.2934563555097986,-0.06269357687130427,-0.0813013943519384,-0.1531349939559345,,,,,,,,,,,,,,,,,,,,,,,,,,,
MSMAKNES,M2064,UC,1,,,1.3636385657749643,0.648054996558735,,,,,,,,,,,,,,,,,,,,,,,,,,,,,,,,,,,,,,,,,,,,,,
MSMAKNET,M2064,UC,1,,,0.8431975293123696,-0.7921880676677342,,,,,,,,,,,,,,,,,,,,,,,,,,,,,,,,,,,,,,,,,,,,,,
MSMAPC55,M2083,UC,1,,,,,,,,,,0.796324742363425,-0.21655110656805346,-0.41639787588383514,-0.5755015220317664,0.19280596981064996,-0.38308983967352933,-0.3248684286343484,-0.05050719962422678,-0.1462064739465535,-0.8359389916206452,-0.3461462799823559,-0.35318564629311555,1.0450439703567385,-0.39381588973866677,,,,,,,,,,,,,,,,,,,,,,,,,,,
MSMAPC57,M2083,UC,1,,,,,,,,,,0.1477828642137503,1.0692282269803688,-0.07994441229845874,0.820825883570534,0.015105068041638522,-0.09245665853406321,2.070099672477482,0.9811121534409063,-0.1462064739465535,1.412408512132335,-0.3461462799823559,-0.3054319521047905,0.5542437158656546,-0.15192481430917584,,,,,,,,,,,,,,,,,,,,,,,,,,,
MSMAPC59,M2083,UC,1,,,,,,,,,,-0.264165473087619,1.4480351178099302,-0.016494309516073825,0.7413180502483199,0.24768611131352553,-0.20755270333478146,1.39300481892415,0.40011643489292853,-0.1462064739465535,1.1042221010252464,-0.31443116737266785,-0.2689287054688615,0.5697409581570608,0.19365899629586253,,,,,,,,,,,,,-0.15522974591239377,0.25328819420196647,-0.18469106377590472,0.32974055017234805,0.5643911393205753,-0.09146976430151009,-0.2093403802397294,0.11316100570116973,-0.10429053397097302,0.08659730524521174,-0.18010567816992895,-0.33431691792771256,,-0.11241482424008134,-0.12338867518790915
MSMAPC5B,M2083,UC,1,,,,,,,,,,-0.6765790068636404,0.7980658444488428,-0.04332864441433716,0.08249090606340494,-0.26209054181450525,-0.2229679527718984,1.1697852425956847,1.283339392603572,-0.1462064739465535,1.0148187186137114,-0.21849334127049228,-0.3455354934033096,0.5451542172784312,-0.3424720207038295,,,,,,,,,,,,,,,,,,,,,,,,,,,
MSMAPC5D,M2083,UC,1,,,,,1.2687447374306406,0.7527920847790146,0.9057806783575213,-0.5494817129091478,-0.09905840497593642,-0.16306168663621706,1.357383504365045,-0.09070477654924824,0.797713850198421,0.6178032842431288,-0.17021097714028388,1.3605105497531913,1.0200962121420647,-0.1462064739465535,1.4058557137259373,-0.3461462799823559,-0.3533754886805026,0.4141375268117024,0.1138150112917869,,,,,,,,,,,,,0.05127908279291312,0.6306820892337146,-0.18469106377590472,0.7934816465549143,0.6079811767585139,-0.08040351401563722,-0.278929502011149,0.8005393702821417,-0.10429053397097302,0.22634980032432903,-0.18010567816992895,-0.33431691792771256,,-0.11241482424008134,-1.0498849104372778
MSMAPC5F,M2097,nonIBD,0,,,,,0.029191156394311555,-1.1484173514195841,-0.37356443135745476,0.18454640163636715,-0.7595276965865116,,,,,,,,,,,,,,,,,,,,,,,,,,,,,,,,,,,,,,,,,
MSMAPC5H,M2097,nonIBD,0,,,,,,,,,,-0.38986541758244186,-0.12198424084575478,0.2092022232798266,0.3401574760485787,5.786427927465158,-0.238230911298923,-0.23214720407468833,-0.11734146943085091,-0.1113122162579901,-0.17179150827025141,-0.29909236633726183,-0.21552070386130867,-0.21235452183172504,-0.5824138497703327,,,,,,,,,,,,,,,,,,,,,,,,,,,
MSMAPC5L,M2097,nonIBD,0,,,,,,,,,,-0.7279190296947509,-0.41811694301684704,-0.2375780814748293,-0.12022759205828508,6.480816738837012,-0.23787765380220888,-0.5704497585266083,-0.36130029728592344,-0.1113122162579901,-0.3084199439381811,-0.29909236633726183,-0.2157886257792074,-0.39645997496006014,-0.5812344931583505,,,,,,,,,,,,,-0.7048952654846126,-0.37118297546886,-0.05473069390371102,-0.7723554502693664,-0.1516601399993309,-0.429644732127969,-1.5646004786999155,-0.3030099615354994,-0.10370044001367282,-0.5476266650017994,-0.13812187083932795,-0.29710455056206575,,-0.09339860866723376,-0.6364827890090019
MSMAPC5Z,M2103,UC,1,,,,,,,,,,0.841890867702844,1.3753724082892198,-0.016089512506435602,-0.007322986136792267,-2.280245569412431,-0.20954311454736116,-0.04839555367207891,0.008788151730497901,-0.11407085113498545,0.7192289869956656,0.14736677863699132,-0.07140585033643117,-0.7306723635814715,-0.014630089080543448,,,,,,,,,,,,,-0.12049619076702467,-0.6402492070326292,-0.2327454228519667,-0.43470117097894184,0.019206840534560454,-0.4367714375194342,-0.5183110592867852,-0.08683051662734824,-0.09938799855279619,-0.5471185556389324,-0.1342339472220414,-0.2364956772124372,,-0.10717564228878608,-0.4127856515502513
MSMAPC62,M2103,UC,1,,,,,-0.07406443428261358,-0.5154552501188095,-0.1041897758434288,-0.46461527378648937,-0.03412633071975114,,,,,,,,,,,,,,,,,,,,,,,,,,,,,,,,,,,,,,,,,
MSMAPC64,M2103,UC,1,,,,,,,,,,-0.34940847440162626,-0.46735173395524476,-0.11897855279421127,-0.6247065403075724,-0.4870691239833549,-0.29837555700877466,2.483176957086629,-4.868547692401748,-0.11407085113498545,-0.39514273144926865,-0.32573503558800015,-0.272635125840947,0.5537733376953192,-0.3906033472181,,,,,,,,,,,,,-0.6039645377112988,-0.47817908543201926,-0.2327454228519667,-0.3754562154677745,-0.4797325781435024,-0.44415850148034963,-0.27352223024918176,-0.3761301135977232,-0.09938799855279619,-0.6905780412972393,-0.1342339472220414,-0.29823699268813436,,,
MSMAPC66,M2103,UC,1,,,,,,,,,,-0.610113808267236,-0.8152907628799652,-0.20824244622472368,-0.9787174972342604,-0.5549120087838042,0.01348381977505153,0.9357630316331275,-0.5352649398016772,-0.11407085113498545,-1.184064799793468,-0.2588794850909647,-0.048405463674141634,0.9585608885723204,-0.40798274866493806,,,,,,,,,,,,,,,,,,,,,,,,,,,
MSMAPC6A,M2085,CD,1,,,,,,,,,,-0.23344096854563637,-0.37180729004301727,-0.10908513104133996,-0.43677159613668226,-0.041007070772390665,-0.08805698139466538,-1.0402518882207417,0.020480884323744973,-0.1462064739465535,-0.6588299191203495,-0.3461462799823559,-0.33386111447175565,0.1471490375198536,-1.2941441178526576,,,,,,,,,,,,,-0.8745931923898177,-0.6854215495821311,-0.18469106377590472,-0.9720402355071514,-0.5536064077275867,-0.41634874206288025,-0.8867697163092629,-0.1926918052112872,-0.10429053397097302,-0.6173838984778567,-0.18010567816992895,-0.33431691792771256,,-0.11241482424008134,-0.5665866906545431
MSMAPC6C,M2085,CD,1,,,,,,,,,,-0.05172969304536552,0.09625840445391332,-0.157079814806405,0.22085517740269414,0.16364244092974634,-0.2048277378146208,-0.6591490480076363,-0.03701983852975216,-0.1462064739465535,-0.37626776325917183,-0.3461462799823559,-0.29820277161068076,-0.0988452904955272,-0.7639718686271583,,,,,,,,,,,,,,,,,,,,,,,,,,,
MSMAPC6E,M2085,CD,1,,,,,,,,,,-0.14378240901038689,-0.12580974902146383,-0.03801106979612901,0.3202284544734683,0.03914277368632717,-0.28185694457816374,-0.44118572232728326,-0.03580066685741719,-0.1462064739465535,-0.3611452333977046,-0.3461462799823559,-0.31437259994542,-0.1614468032746674,-0.8662649649323931,,,,,,,,,,,,,,,,,,,,,,,,,,,
MSMAPC6G,M2085,CD,1,,,,,-1.1215105235171183,0.4885434805458502,-1.7632042918990878,-0.5394365514149835,-0.4999545770315492,-0.3799686675385145,-0.17225432870780916,-0.12484237151468279,-0.2810446294117089,-0.3157438649278531,-0.25811721546994265,-0.950967533736065,-0.1126392980343349,-0.1462064739465535,-0.41958560763026037,-0.3165778310428691,-0.30737701879577717,0.20773730394578607,-1.016449981817468,-0.8301022486929722,0.0535119710234029,-0.08813052984784635,-0.3970797269742624,-0.3836571129988123,0.15455173581269654,-0.2581122854344802,0.2557423255043686,-0.08813052984784635,-0.03510391416842733,-0.335640994110432,0.07869356735747605,-1.3134342601474884,-0.7924983166667402,-0.18469106377590472,-0.4850990904025592,-0.8638309946047812,-0.1964727728268216,-0.6539737884208734,-0.6774237462516539,-0.10429053397097302,-1.01118695222189,-0.18010567816992895,-0.33431691792771256,,-0.11241482424008134,1.3216770045006803
MSMAPC6K,M2084,nonIBD,0,,,,,-0.6878619054893896,-1.4730594569887194,-1.1752762297537098,-0.4380357267891561,-3.858248741733582,-1.346933943168423,-1.260748210753602,-0.2823490423225909,-1.068592558234262,-0.39081440828669867,-0.24428163091132193,-1.1250745418580008,-1.8839850644865739,-0.11407085113498545,-1.5650163677950972,-0.32729920408165786,-0.1263159770158534,-5.515807096600978,-0.46098056735694765,,,,,,,,,,,,,-0.9200107316099695,-1.0566624662534434,-0.2327454228519667,-1.0400444072650137,-1.1556414381185607,-0.466786144903928,0.3750204827737382,-1.8986255067291138,-0.09938799855279619,-1.5511632727520719,-0.1342339472220414,-0.29823699268813436,,-0.10717564228878608,-0.5269648719317757
MSMAPC6M,M2084,nonIBD,0,,,,,,,,,,-1.7191516469169579,-1.784418239800121,0.22034672543443726,-1.3377579380472542,-0.3572870088551191,-0.023919275051222648,-1.4695231373966187,-2.497517099708666,-0.11407085113498545,-1.7440580676916826,-0.31688991178047576,-0.40602361695505984,-0.5864253944092497,-0.3524390484690357,-0.6832189491911922,0.5875974478228322,,-0.20356176875780368,-0.10519861210624576,0.07560302623362697,-0.8174598999494675,0.11202774217132107,,0.004307276356582939,-0.28939702608076684,0.06293716072304763,,,,,,,,,,,,,,,
MSMAPC6O,M2084,nonIBD,0,,,,,,,,,,-1.4917431884222545,-1.3642643895419628,-0.047897270020149,-1.0159113344286734,-0.350543270370297,-0.545881661879061,-1.5187182377060824,-1.9308425195803811,-0.11407085113498545,-1.4896847312447428,-0.3363939264701503,-0.2710652572065039,-1.9379519238519105,-0.4789290680068082,,,,,,,,,,,,,,,,,,,,,,,,,,,
MSMAPC7D,M2075,nonIBD,0,,,,,-0.5423288125593635,-1.7994672703043442,-0.4168220263996026,-0.24854713005581971,-1.9082404457873416,,,,,,,,,,,,,,,,,,,,,,,,,,,,,,,,,,,,,,,,,
MSMAPC7J,M2075,nonIBD,0,,,,,-0.5246836746798765,-1.0233218592964244,-0.4053373958311126,-0.22841641797156864,-2.2342888382390504,0.07074032936740295,-0.10622965379002891,-0.5419120637971593,0.4279268756477619,-0.22777764234900652,1.9296038583587571,2.0107411146124683,-0.6698631303302852,-0.1113122162579901,-3.8018324452970704,3.837869142611882,5.061462067346737,-0.7378966619977319,0.4430122434141172,-1.074330155222514,-0.04103124769979984,-0.08650797396966804,-0.018004522004225566,0.13644101493271132,0.07500016726067676,-0.8721941388776872,-0.2545646040918579,-0.08650797396966804,-0.2892273101111156,-0.8059391382718665,0.013368190302435377,-0.6722699718398779,-0.35366071719250247,-0.28826309641283665,-0.03922346791573066,-0.41379753584605994,-0.24471107786984492,-0.3852329059360069,-0.5753086305844745,-0.10370044001367282,-0.17566338710051319,-0.13812187083932795,-0.26610123877989084,,-0.09339860866723376,0.16338829611062705
MSMAPC7P,M2077,nonIBD,0,,,,,,,,,,0.20451685642986203,0.9922471294825427,1.0501717976308198,0.5562090508520964,-0.6377972546411023,-0.15807787478217544,-0.23033411553671462,0.011925676800641433,-0.1113122162579901,0.9319527882330993,-0.29909236633726183,-0.21847748597878483,0.3477763657192381,0.4465998814189115,,,,,,,,,,,,,,,,,,,,,,,,,,,
MSMAPC7R,M2077,nonIBD,0,,,,,,,,,,0.10364340305174172,0.8749215644467851,1.2966325986457996,0.342134627652918,-0.8467606728648022,-0.16537484326604557,-0.3220811400308463,0.4714773915656203,-0.1113122162579901,0.2971112111094514,-0.29909236633726183,-0.18956703025581542,0.5113038898967325,0.8562330950787312,,,,,,,,,,,,,0.1283666521721462,0.07820688880777614,-0.28826309641283665,-0.2083326528013031,-0.39893671434298955,-0.11994037629018423,-0.07960958382424124,-0.49813931938393574,-0.10370044001367282,-0.3748673770062479,-0.13812187083932795,0.2710777396232928,,-0.09339860866723376,0.02733586200711129
MSMAPC7T,M2077,nonIBD,0,,,,,-0.33853068625451466,-0.694880564675804,-0.4099747583629946,-0.5742820250999986,-0.2760208757720618,-0.2388028206519537,-0.6308736645475305,2.206413505983623,-0.7216754369002986,-0.547065612475871,-0.10789870132568997,-0.3094294158294038,0.3094871089679037,-0.1113122162579901,0.5839473074445864,-0.29909236633726183,-0.23349215229465792,0.516975474098538,0.06938632820134538,,,,,,,,,,,,,0.12385065160176274,0.39545341553256425,-0.28826309641283665,-0.08213004005792171,-0.2537075834922573,-0.17913173226926238,-0.09045374776771889,0.09911608840865967,-0.10370044001367282,-0.5014056968969558,-0.13812187083932795,-0.09331634565804191,,-0.09339860866723376,-1.0855297985747803
MSMB4LXS,M2097,nonIBD,0,,,,,,,,,,0.5307608986765981,1.4133126463754278,-0.06617040850814099,1.6761382415797823,10.425827812138822,-0.3957339794418309,1.1025790395816544,-0.13053316992067346,-0.1113122162579901,0.35267551121990603,-0.29909236633726183,-0.3718501767084509,1.6539557078669531,-0.27896075181591684,,,,,,,,,,,,,,,,,,,,,,,,,,,
MSMB4LXW,M2097,nonIBD,0,,,,,0.6214666039432702,-0.0805349425135576,-0.0238756249046446,0.4668148943841895,-1.1482002605673658,0.24365211441198675,0.42052187271626007,-0.5655730772790312,0.5558576290711743,8.405497970311796,-0.19880866428529567,0.11824361320996045,-0.1471727576598813,-0.1113122162579901,-0.17673889271015678,-0.2638749192538793,-0.17908463611226177,0.4534599613403354,-0.6449997777016467,,,,,,,,,,,,,-0.06872380733643071,0.13298946812386053,-0.28826309641283665,-0.10241418349235784,-0.20741754456693073,-0.3148560432442014,-0.8153423098291808,0.048443553447943474,-0.10370044001367282,-0.4061176223497231,-0.13812187083932795,-0.29710455056206575,,-0.09339860866723376,-0.5566886770489227
MSMB4LXY,M2085,CD,1,,,,,-0.4449723309518095,0.3988440820653681,0.5540565676821658,-0.9787861931844494,0.9152025375080673,-0.04856988292593533,-0.3082923359658867,-0.08229498943078895,-0.0724440990148842,-0.5283718898204607,-0.014664085928247658,-0.5539688360627557,0.8028932148949135,-0.1462064739465535,-0.20180977421165067,-0.34164376060712454,-0.22039257644852597,0.687668499769169,-1.73957847267581,0.10095435258961791,0.08761395366722986,-0.08813052984784635,-0.3970797269742624,-0.4579751953707828,0.15455173581269654,-0.969368802494892,-0.3599320260332242,-0.08813052984784635,-0.03510391416842733,-0.37641502116220726,0.07869356735747605,-0.3886885428665129,-0.7192333904801325,-0.18469106377590472,-0.06452798206435392,0.054007442834519484,-0.3618904218633196,-0.6674002845187087,0.07581687798545036,-0.10429053397097302,-0.22797845979913983,-0.18010567816992895,-0.33431691792771256,,-0.11241482424008134,0.5177349535092587
MSMB4LYB,M2085,CD,1,,,,,-0.9578959424427794,0.34538962255699934,-1.3774900125906775,-1.1331610164022812,-1.064325800843488,-0.36112854479667617,-0.18052372005714154,-0.09569916761494156,-0.2956552647670874,-0.37654683549015994,-0.28657550209438726,-0.45788735771586286,-0.09509621844273403,-0.1462064739465535,-0.5863962359197316,-0.33031543913353734,-0.28618749356656437,0.15775322465991606,-0.8686931641230198,,,,,,,,,,,,,-0.5002916876564295,-0.24070408511303112,-0.060407701094661224,-0.23782036484239727,-0.049552143305590504,-0.36219965296743767,-0.47936761502817676,0.12969762574155008,-0.10429053397097302,-0.34962012030893685,-0.18010567816992895,-0.33431691792771256,,-0.11241482424008134,-0.34791799475098784
MSMB4LYH,M2103,UC,1,,,,,-0.6521035641794587,-0.7566807913192084,-0.4828832782086862,-0.7928173407447693,-0.17881029548400842,0.22920702018083827,0.011066700691615116,-0.5612092712059427,-0.3014541182136856,-0.3668464852270847,-0.30826693179199943,1.430533067812156,0.2990683968981479,-0.11407085113498545,-0.45597204531444213,-0.3363939264701503,-0.2747716546767476,0.9271140700913176,-0.35699695517616076,,,,,,,,,,,,,-0.7022615959259162,-0.8053347537694725,-0.2327454228519667,-0.4326001301260522,-0.5872470721355086,-0.19627692565695548,0.13432124812976023,-1.2854684784560686,-0.09938799855279619,-1.1964162663917726,-0.1342339472220414,-0.29823699268813436,,-0.10717564228878608,1.425135686984677
MSMB4LZ4,M2071,UC,1,,,,,2.2655001165302013,0.5715872766396539,0.5641039558163514,1.4079713200621633,-0.9204241025369879,0.17240616191217556,0.13479086120732767,-0.5058044884031423,0.1886568022409281,-0.37585142556468387,-0.2989153260542543,0.07957450304096525,-0.0510417759206154,-0.13833516500220164,-0.06727201253780674,-0.3206853541700213,-0.2486253878462511,0.08608721497203763,-0.24341999901131073,,,,,,,,,,,,,0.2509247577753528,0.580487954095927,0.47213677935898657,1.4098720393263593,-0.694778911012546,-0.26847450281130286,1.0899857496303977,0.2587181207270114,-0.09434468921296807,1.3884264996399067,-0.13571057116566926,-0.14288589786179856,,-0.08939284250604397,-0.0778129829618045
MSMB4LZ8,M2079,nonIBD,0,,,,,-0.17788736354374263,-0.857213426228805,-0.7847354162358721,-0.04399775948252583,-0.7494835162621932,0.6249727548788078,-0.2263648944569205,0.5099246587676415,-0.22183286672015093,-0.2846326715730653,-0.22026313993416263,1.3147161760609043,-0.0032875765116862467,-0.13833516500220164,0.5222524506948707,-0.31517523532788483,-0.24214211961148296,2.0771127286214046,-0.1743021977349979,,,,,,,,,,,,,-0.32299850506374156,-1.1388907435014075,-0.24634640826316948,-0.36063939251649857,-0.4193287808409167,-0.42438491527373096,0.4584245651415076,-0.7897655630379832,-0.09434468921296807,0.22424173157760252,-0.13571057116566926,-0.1525701775181766,,-0.08939284250604397,-0.7269060149443153
MSMB4LZC,M2077,nonIBD,0,,,,,-0.2591088928657742,-1.0708964634323501,-0.3028338142852176,-1.1322084829942962,-1.9126209853724443,0.17530265393889663,0.4904880064577172,1.9031860598558368,0.5080242919274149,-0.1084924587741545,0.14891263677081254,-0.13571925772268098,0.9380320278678084,-0.1113122162579901,2.0116068438886456,-0.2779048099946266,-0.14563622614914515,1.263373755631528,0.7240278735568898,,,,,,,,,,,,,0.2531012299216674,-0.01665062841014721,0.016332624445377676,0.18310007098176737,0.10882276537094542,0.010583913572279413,-0.0757860331422846,0.12815489713422396,-0.10370044001367282,-0.31894588237215626,-0.13812187083932795,0.45913592970077893,,-0.09339860866723376,-0.49761569685874446
MSMB4LZK,M2097,nonIBD,0,,,,,0.4578194188201527,0.6963103600312063,0.7750447247867146,0.7132379967517797,0.3533796025341413,-0.6606003140342728,0.9325416542775419,-0.38087497526579533,1.4540719100190278,21.622786339992466,-0.24083356218698537,-0.24906233115224347,-0.176468698304107,-0.1113122162579901,-0.0798061638390898,-0.29909236633726183,-0.20958617593878107,0.40562107553954174,-0.4835489213555057,,,,,,,,,,,,,0.20613965516618973,0.6904086677944745,0.056215914829644456,1.1740550332289141,0.3101075907134044,-0.34348729071982326,-0.05748289908308776,-0.347668678888077,-0.10370044001367282,-0.4989480976885186,-0.13812187083932795,-0.29710455056206575,,-0.09339860866723376,0.6093333080675453
MSMB4LZP,M2083,UC,1,,,,,,,,,,-0.2526714334611678,0.6238191668513242,0.03132856428034496,0.1275993726806655,-0.20328845833076778,-0.10708640829954898,1.385961753739751,0.672854157415917,-0.1462064739465535,0.8725454651223581,-0.3381637750762644,-0.30189677370148166,0.3278213429984202,-0.1237632389424299,,,,,,,,,,,,,,,,,,,,,,,,,,,
MSMB4LZR,M2083,UC,1,,,,,1.2901983343038386,1.1347347819238216,1.8536908158157062,-0.2830260744761737,2.2023149663648116,-2.4428625592066684,-1.4282525697484136,-0.008214916405636036,-2.6332073202319606,-2.3116346663856926,-0.24230329267512893,0.9761219217304802,0.6585337539080195,-0.1462064739465535,0.5053878604882798,-0.3181448270081985,-0.32233978650736356,0.6005708216303925,-0.1470287652749264,,,,,,,,,,,,,-0.03821917081712423,-0.04365916694532202,-0.18469106377590472,-0.38416692676415504,-0.0009341630916873976,-0.42680492351907046,-0.1713322550261023,0.23861098953136467,-0.10429053397097302,-0.22609804568136754,-0.18010567816992895,-0.33431691792771256,,-0.11241482424008134,0.5488264340405591
MSMB4LZV,M2084,nonIBD,0,,,,,,,,,,-1.4056397900551323,-1.5432891907252022,-0.2755944995474335,-1.540562114315969,-0.5298765289562541,-0.11422318252283725,-0.5534946719826384,-2.5030528215460146,-0.11407085113498545,-1.513098978132261,-0.3363939264701503,-0.23879161124074727,-3.5621378378068025,-0.49277797087243813,,,,,,,,,,,,,,,,,,,,,,,,,,,
MSMB4LZX,M2084,nonIBD,0,,,,,0.512311252818336,-0.9159513644097351,-0.9285491000975641,0.026763543586411934,-1.0651585769860652,-1.0879745577903417,-1.2166089789806156,-0.023147793714703144,-0.9555335432440262,-0.501549036272675,-0.5004052821617564,-0.8082175212920829,-1.6406634299921545,-0.11407085113498545,-1.3607737664844712,-0.3363939264701503,-0.314714659995201,-1.7050087164857604,-0.4400583389161024,,,,,,,,,,,,,-1.0411800679188428,-0.6738069714911631,-0.2327454228519667,-0.6092458212562847,-0.9361213070754164,-0.4532748284938603,0.6582471554796878,-1.222947853594748,-0.09938799855279619,-0.7640201614436013,-0.1342339472220414,-0.29823699268813436,,-0.10717564228878608,0.859825273278851
MSMB4LZZ,M2084,nonIBD,0,,,,,,,,,,-1.231797083882485,-1.4237728376605343,-0.22822788957089746,-1.2741706984416492,-0.2537694746087495,-0.88055553422819,-0.7792409020127912,-1.6820137606920962,-0.11407085113498545,-1.4484654252073415,-0.3363939264701503,-0.5887120720295307,-4.034942647294546,-0.37779767557130484,,,,,,,,,,,,,,,,,,,,,,,,,,,
PSM6XBQM,P6005,CD,1,,,,,0.31495109170858765,-0.404013415927674,0.7441537407875821,0.24664762112644048,1.266220844610406,,,,,,,,,,,,,,,-0.7511702610800163,0.36722556015821756,-0.08602647872386804,-1.3821710878612103,0.4513015453123909,0.012623600559267523,-0.7029228126181822,-0.0970981801533063,-0.08602647872386804,-4.819051955609574,1.0598330840044583,0.15804200816145356,,,,,,,,,,,,,,,
PSM6XBQM_P,P6005,CD,1,,,,,,,,,,0.5801608769495903,7.54511884155347,-0.45464002768446476,4.677307797133301,1.1794181409477262,2.3086731967294125,0.7255083416436482,1.9512251687587434,-0.13833516500220164,-0.15344148267273444,-0.18203888078728267,2.9445380672003307,-0.7387110378008418,0.06691439647064053,,,,,,,,,,,,,,,,,,,,,,,,,,,
PSM6XBQS,P6005,CD,1,,,,,,,,,,0.08823019295837407,6.280840305868449,-0.6242614568158737,3.9807678555281596,0.9331695696833581,0.8498338669271035,0.44318399826971655,0.7728893208065627,-0.13833516500220164,0.47271408636903556,-0.3206853541700213,3.1507621317836567,-0.4083244083183553,0.8223928311952067,,,,,,,,,,,,,,,,,,,,,,,,,,,
PSM6XBQU,P6005,CD,1,,,,,,,,,,-0.09034674015376792,5.629835394816596,-0.345355013565795,4.598103184155269,1.0907844533738913,0.2624705545657865,-0.1922805913257242,0.29304967076970767,-0.13833516500220164,0.15613019164224104,-0.3206853541700213,1.0912803173599754,-0.44072602843468855,1.8757346474092997,,,,,,,,,,,,,0.5117876262330516,1.2079621872985158,-0.24634640826316948,0.14962283688109815,-0.42742910368526943,0.28014712483097565,-0.07047180136429536,-0.8173256422565307,-0.09434468921296807,-0.049614642836855044,-0.13571057116566926,-0.23301540043091898,,-0.08939284250604397,-0.0507164065266475
PSM6XBQY,P6005,CD,1,,,,,-0.32562137829195603,-1.5057328439553448,0.5059341757116366,-0.44624488658003025,0.9098897660189036,1.826332557403818,1.2967383690136856,-1.1072950130057235,2.870206434650819,0.3880130948062957,-1.648470344863426,0.7160073283661312,0.8899063920881498,-0.13833516500220164,0.17990737355740535,-0.3206853541700213,1.378818101770614,1.1314020736515955,0.7820935090937176,-0.7159038900998844,-0.056371305558196715,-0.08602647872386804,-0.09397706471979429,-0.0634858821096525,0.012623600559267523,-0.536149409926639,-0.0970981801533063,-0.08602647872386804,-0.1507971664076228,-0.47040962213410037,0.15804200816145356,-0.1579353625040808,0.11039748349045363,-0.24634640826316948,0.34003027279111786,-0.490272313381776,-0.09632265731584183,-0.46922516275259424,-2.565253797135902,-0.09434468921296807,-0.555549838251171,-0.13571057116566926,-0.23301540043091898,,-0.08939284250604397,0.4622165357162762
PSM6XBQY_TR,P6005,CD,1,,,,,,,,,,-0.13166776875162486,2.9514506826574736,0.28060605116397674,3.1826779692249776,-0.006334364037192474,0.41491455033569197,1.0078022758019893,0.4563187345139645,-0.13833516500220164,0.8046969686499854,-0.3206853541700213,1.9793045887436436,0.5378268233258059,3.350525810066534,,,,,,,,,,,,,-0.13593794383717175,0.23830246603975253,-0.24634640826316948,0.7347781286500022,-0.4740857289544662,0.4712625069666065,-0.5553996309694286,-2.7677017954938825,-0.09434468921296807,-0.2952285220766162,-0.13571057116566926,-0.23301540043091898,,,
PSM6XBR1,P6005,CD,1,,,,,,,,,,0.14988980448694322,4.444057054471984,-0.4691927454197319,3.769932914204841,0.5180910677086764,-0.24451755988879373,-0.2749528343846256,-0.060172359521550305,-0.13833516500220164,-0.27143608885959214,-0.3206853541700213,-0.10739673461130059,-0.34112900051086287,-0.429893748857249,,,,,,,,,,,,,,,,,,,,,,,,,,,
PSM6XBRK,P6009,CD,1,,,,,-0.7912621600693401,-0.0999002479266825,0.31639264112693727,0.6587946065413209,-0.06004306665438349,-0.4093440379831078,-0.6988568267516081,-0.3394932494391662,-0.6537087985290158,-0.3590110199545941,-0.2668528025728534,-0.3922121685986544,-0.604055956111643,-0.1462064739465535,-0.8746238295408044,-0.3461462799823559,-0.3487613307575492,0.15275231503368256,-0.23575452076386427,1.355184250634995,0.08761395366722986,-0.08813052984784635,-0.22800030067560592,-0.39759592732037363,0.15455173581269654,1.6397349063512885,-0.3599320260332242,-0.08813052984784635,0.368652404385672,0.3967244616882497,0.07869356735747605,-0.15257076800030242,0.07702979987535478,-0.18469106377590472,-0.18767367010542718,-1.1782721223494939,-0.3877424379344569,-0.1713322550261023,0.4010799669504424,-0.10429053397097302,-0.2269433139863454,-0.18010567816992895,-0.33431691792771256,,-0.11241482424008134,-0.16303577034903433
PSM6XBRK_P,P6009,CD,1,,,,,,,,,,-0.581204784297992,-0.8310391289422738,-0.21902815621867475,-0.6147630549104597,-0.439204819534164,-0.29045045799613695,-0.4092963478882744,-0.538957465603009,-0.1462064739465535,-0.6922123360648884,-0.3461462799823559,-0.34175145041125493,-0.18672491596862698,-0.09592034941532582,,,,,,,,,,,,,,,,,,,,,,,,,,,
PSM6XBRK_TR,P6009,CD,1,,,,,,,,,,-0.12931129412519277,-1.0351723432597586,-0.3531191470045902,-0.9877248683803522,-0.4812818978366982,-0.24706396738621456,-0.6314965008971577,-0.7418343596184148,-0.1462064739465535,-1.209499087668764,-0.3461462799823559,-0.3456210827223269,0.622625304896021,-0.3582261595539788,,,,,,,,,,,,,-0.16268785808937408,-0.03953701531214078,-0.18469106377590472,-0.2632869604742022,-1.276342971045694,-0.4344943174171843,-0.1713322550261023,0.46608986261557744,-0.10429053397097302,-0.2269433139863454,-0.18010567816992895,-0.33431691792771256,,,
PSM6XBRM_P,P6010,CD,1,,,,,,,,,,0.41881223456855604,1.0126026910659796,1.2251940939555053,1.2795418717504439,0.5490006672896429,-0.21098779701571432,-0.18647021910591677,2.516768066310825,-0.10843274156073193,1.4362800382760186,-0.21326325113431455,-0.21521581846919582,0.05117920666633315,0.20398368957564622,,,,,,,,,,,,,,,,,,,,,,,,,,,
PSM6XBS2_P,P6009,CD,1,,,,,,,,,,-0.06350408780262735,-0.5728694931566595,-0.1493374436175591,-0.4867981260042248,-0.2594824722440786,-0.3343865431786313,-0.1805979508126686,-0.6433126812770836,-0.1462064739465535,-0.3327410534613616,-0.3461462799823559,-0.35353456529786037,-0.714686844147784,-0.4273531498313482,,,,,,,,,,,,,,,,,,,,,,,,,,,
PSM6XBS4,P6009,CD,1,,,,,,,,,,0.6925531716036228,-0.37764857966514503,-0.01758848812302362,-0.18481028551523498,-0.7497062339990656,-0.3261676070664838,-0.16781312298004505,-0.440735518503561,-0.1462064739465535,0.07132737260679967,-0.3461462799823559,-0.35077129027539306,0.7090141157017363,-0.35337403767355047,,,,,,,,,,,,,1.0455493262697575,0.7418042878355148,0.20914637971827918,0.3065079861008986,-0.33225535267400136,-0.5388255985700141,1.3281746166396613,-0.5015823529294656,-0.10429053397097302,1.582330551371058,-0.18010567816992895,-0.33431691792771256,,-0.11241482424008134,0.11895505947378449
PSM6XBS4_P,P6009,CD,1,,,,,,,,,,0.8445017827841622,-0.31361546026913323,0.04351131821317681,-0.18702827089708954,-0.5202386085233643,-0.32480801192316344,0.1349875595740802,-0.3188446182861473,-0.1462064739465535,0.03039699974196363,-0.3461462799823559,-0.8137283305672852,0.6116504123792832,-0.3210764845854237,,,,,,,,,,,,,,,,,,,,,,,,,,,
PSM6XBS6,P6009,CD,1,,,,,-0.565392300591942,0.5892991157648881,-0.18197515517960539,0.5218784592857747,-0.4519170624815919,,,,,,,,,,,,,,,0.5747923127393163,0.08761395366722986,-0.08813052984784635,-0.24052636118212511,-0.20459357656872273,0.15455173581269654,-0.07368113746248646,-0.3599320260332242,-0.08813052984784635,-0.03510391416842733,-0.1201384398497693,0.07869356735747605,,,,,,,,,,,,,,,
PSM6XBS8,P6009,CD,1,,,,,,,,,,-0.09931666638554235,-0.6450538831376524,-0.0524724697106862,-0.5944873547725007,-0.23739248442642383,-0.3129917467170023,0.4677463759424947,-0.39504791388503085,-0.1462064739465535,-0.35582966460875853,-0.3461462799823559,-0.3525801479125759,0.3703805231220693,-0.24245611955287844,,,,,,,,,,,,,,,,,,,,,,,,,,,
PSM6XBSA,P6009,CD,1,,,,,,,,,,-0.6162103534810713,-1.2890466512076222,-0.1254949642090415,-1.2073243428169458,-0.9356438853382154,-0.3334620332493318,-0.8219730049568653,-0.6702250597368482,-0.1462064739465535,-1.1549704261360163,-0.3461462799823559,-0.35432032474260416,-0.12999672444192936,-0.47176579750175296,,,,,,,,,,,,,,,,,,,,,,,,,,,
PSM6XBSC_P,P6009,CD,1,,,,,,,,,,-0.14847591250901934,-1.0547875355838539,-0.2922073693811458,-0.7212496364849792,0.510052847554004,-0.3334620332493318,0.4620739706178487,-0.43762253547303603,-0.1462064739465535,-0.1989913817213304,-0.3461462799823559,-0.35432032474260416,0.4438582713166872,-0.358054665268928,,,,,,,,,,,,,,,,,,,,,,,,,,,
PSM6XBSE,P6012,UC,1,,,,,2.3934738451020805,1.1332860305196124,1.2647254537914658,1.3650719798528737,1.1268949486502806,-0.8177239808117812,0.05451864118882945,-0.826084218894107,0.48178469917012934,0.9018188612980889,0.27503374921630497,0.44492583764462634,0.29500353527704065,-0.13833516500220164,-0.025304807530115946,-0.3206853541700213,-0.22495424555651944,0.04493727998269435,-0.2616342381789377,0.3310062041425506,0.36722556015821756,-0.08602647872386804,5.792358283298089,-0.19444691916214418,0.012623600559267523,-0.14509339962566412,-0.0970981801533063,-0.08602647872386804,0.7142065595036541,-0.05629354448286188,0.15804200816145356,3.5166698933489653,0.4326778994997081,-2.246545555192289,0.6492106541929492,0.8489021513465799,0.5734950720449215,3.0670367806267844,1.5172152082808106,-0.09434468921296807,3.282943769378503,-0.13571057116566926,0.23760004845030736,,,
PSM6XBSE_P,P6012,UC,1,,,,,,,,,,-0.4140493199250435,-0.0867518984400863,0.027389639707779453,0.22954512928851156,-0.07345024971843458,-0.22154325779093825,0.10653246789912385,0.30656334505525035,-0.13833516500220164,0.26653277842629675,-0.3206853541700213,-0.15479458249891123,-0.21116257706668232,-0.300601471282796,,,,,,,,,,,,,,,,,,,,,,,,,,,
PSM6XBSG_P,P6013,UC,1,,,,,,,,,,0.4221129181183673,0.624823513983574,-0.2761039125788877,0.3317530386276779,0.8872780805057865,-0.4681911149518194,-0.49429548527482764,0.11332806769325912,-0.13833516500220164,-0.23276377850693175,-0.3206853541700213,-0.23412208888847882,-0.6420510604487729,0.25718875640792915,,,,,,,,,,,,,,,,,,,,,,,,,,,
PSM6XBSI,P6010,CD,1,,,,,-0.9757932034581889,0.8347267442330126,0.37219316200904384,0.6033268348823141,1.4474684414710188,0.4744773960689518,0.7477398570079321,1.4001909692927432,1.1700572430834362,0.34876512254812264,-0.23828816853116794,-0.05719998908455114,1.3774577267342836,-0.10843274156073193,0.8141367205481366,-0.18540388484600573,-0.21167576121359707,0.2309150234468499,-0.1746229094158987,-1.3452161634805693,-0.22967101184415356,-0.07284643967679481,-0.5048730136593539,-0.28809778265616065,0.09560573483367543,-0.4459706115477677,-0.3377928645099569,-0.07284643967679481,-0.5815998873871691,-0.46109347401505074,0.030391478799598647,-0.030226861517448692,1.1074781235585693,-0.0674895578649884,-0.447516033775743,-0.12306322678034791,-0.4726541362158875,-0.5842817174801249,0.12098047688711032,,-0.41741856067094035,-0.07939061616942635,-0.2813350374326855,,-0.062149905905642094,-0.10400583174653454
PSM6XBSK,P6010,CD,1,,,,,-0.9491163929199604,-0.18493105560630282,-0.5680066920957074,-0.6033378017342808,0.07054020156265287,-0.6361161585695272,-0.19873621470173333,-0.14559331848861776,-0.13138824804917865,-0.3083538362760813,-0.20436779579429037,-0.6828279428809154,0.05872836707585381,-0.10843274156073193,-0.7654613994327696,-0.21326325113431455,-0.20393098138810456,-0.7531775389980917,-0.16308978250610742,-1.0303477944055723,-0.32130983099559624,-0.07284643967679481,-0.274615651427781,-0.2097506611835849,0.09560573483367543,-0.8290628700934074,2.0036096911568952,-0.07284643967679481,-0.18950180663358096,-0.40825669297309747,0.030391478799598647,,,,,,,,,,,,,,,
PSM6XBSM,P6010,CD,1,,,,,,,,,,0.31529818938043663,0.13021516561857308,-0.1779152328180034,-0.025557011539659148,-0.10175343912081929,-0.003597377261378829,-1.0677159962673184,0.20488847815437936,-0.10843274156073193,-0.10337002869995686,-0.21326325113431455,0.023814622334900455,-0.5854762675887718,-0.5183199357832446,,,,,,,,,,,,,-0.7457847390068582,0.07183445445273731,5.7026232694680346,0.6297619609300817,0.1911622082074365,-0.695618616155635,-1.1724068649297072,0.4327999336466557,,-2.735679501108142,-0.07939061616942635,-0.2813350374326855,,-0.062149905905642094,0.25886711450138955
PSM6XBSO,P6010,CD,1,,,,,,,,,,0.12674108898513065,0.25740861125107656,0.8030728155351143,0.39436029231446273,-0.19681735262028496,0.9816158506698073,-0.9622135643129568,0.07951849496082747,-0.10843274156073193,-0.44964680251801065,-0.21326325113431455,-0.09282668447081191,0.03661560440807275,-0.14010076258922968,,,,,,,,,,,,,-0.15641734496828794,0.5372966567881906,-0.1841434975068624,0.20178822621381715,-0.07377352059865079,-0.13653597910900828,-2.167907460550451,0.6281609224526238,,-1.9545839906142093,-0.07939061616942635,-0.2813350374326855,,-0.062149905905642094,1.0709789636913916
PSM6XBSS,P6005,CD,1,,,,,-0.36942997000363603,-0.8567202972024229,0.22999287597326448,0.5644789394727892,0.17186290753790628,0.3987065812800518,4.879452206397657,-0.252972744119567,3.5565852014745682,0.903080958657876,-0.332101535099567,0.06185974867036914,-0.14613294477197988,-0.13833516500220164,-0.2202896801294299,-0.3206853541700213,-0.2500841284462769,-0.32175813862299346,-0.4396993905290409,-0.1720940192212457,0.36722556015821756,-0.08602647872386804,-0.09397706471979429,-0.19444691916214418,0.012623600559267523,-0.4095123479942497,-0.0970981801533063,-0.08602647872386804,-0.1507971664076228,-0.05629354448286188,0.15804200816145356,,,,,,,,,,,,,,,
PSM6XBSU,P6005,CD,1,,,,,,,,,,-0.11901390251960481,0.33807257604719276,-0.4860920535053944,-0.6348093526822634,1.105618937762883,-0.29646959296244335,-3.98571334013476,0.22627310281285828,-0.13833516500220164,0.3833555307878286,-0.3206853541700213,-0.24865909437580336,0.24161674557135648,-0.41803172565536395,,,,,,,,,,,,,-0.05403783261438222,0.11543950022378022,-0.6592859939520304,-0.10586404156159623,-0.807211532171185,-0.44230365224748314,-0.7117259628051825,-2.475218977164728,-0.09434468921296807,-1.1113913792513992,-0.13571057116566926,-0.23301540043091898,,-0.08939284250604397,0.6587088152107621
PSM6XBSU_TR,P6005,CD,1,,,,,,,,,,7.103138019050805,1.5055392848249372,-0.40942407259381247,-0.08798185271361257,-0.3010859998284297,-0.29646959296244335,0.0653302816682506,0.12164541805591235,-0.13833516500220164,-1.2234322620397684,-0.3206853541700213,-0.24865909437580336,0.03518030791032876,-0.42064969012370684,,,,,,,,,,,,,-0.28334359010672655,-0.4096696326286173,-0.05080024779689407,-0.4299546245146408,-0.6791268169009215,-0.44230365224748314,-0.3575676372828963,-0.9090759278214922,-0.09434468921296807,-0.8767760614956264,-0.13571057116566926,-0.23301540043091898,,,
PSM6XBT1,P6005,CD,1,,,,,,,,,,0.35945574174336437,5.505309042460085,-0.2604132037366112,4.705926343204369,0.5579321731711885,-0.35245594456003765,-0.103305447511891,0.01374742791466103,-0.13833516500220164,-0.048376840511911365,-0.3206853541700213,-0.31781521012570246,-0.3629226017488506,-0.43392860201469163,,,,,,,,,,,,,,,,,,,,,,,,,,,
PSM6XBT3,P6013,UC,1,,,,,0.45582622905418707,2.027761568246564,1.317087916197412,0.9821881624231332,0.13114570504362863,1.5003758427817817,0.257397621446115,-0.8665471501719488,1.772164141571056,1.4567007075298997,-0.2752303971037604,1.329661852889312,1.023029759709442,-0.13833516500220164,1.8033547445419684,-0.13582316645081224,-0.03261019326508934,0.49140971445376513,-0.09406567058899332,-0.6734874760012487,-0.056371305558196715,-0.08602647872386804,1.2296952315946665,-0.3207306948923946,0.012623600559267523,-0.1469001387342045,-0.0970981801533063,-0.08602647872386804,-0.1082752077419902,-0.15297615587367205,0.31912252866656854,-0.09156180548077993,0.05206881952957745,-0.24634640826316948,-0.08152531631276626,0.1970887313506885,-0.002273630835946378,-0.2971109121758448,-0.4590343975088742,-0.09434468921296807,-0.3897996663577058,-0.13571057116566926,-0.06660659578631023,,-0.08939284250604397,-0.40798099142704114
PSM6XBT5,P6013,UC,1,,,,,,,,,,0.04684734446948795,-0.24730651466126521,-0.40942407259381247,0.7872031047126977,0.6329642486403894,-0.17252215600939555,-0.4474616650866548,-0.23585973018613493,-0.13833516500220164,0.6125097785538131,-0.3206853541700213,-0.24865909437580336,-0.5175399747274041,-0.2628728378898509,,,,,,,,,,,,,,,,,,,,,,,,,,,
PSM6XBT7,P6013,UC,1,,,,,,,,,,0.12306077455317802,0.15839980156138458,-0.39501937283656413,0.5184068314887028,0.7026528735355628,-0.2044017244348959,0.4027518613057787,0.08496174964680668,-0.13833516500220164,0.2842906854359343,-0.3206853541700213,-0.23606167285896545,0.27364505752103757,0.7492080481122291,,,,,,,,,,,,,,,,,,,,,,,,,,,
PSM6XBT9,P6013,UC,1,,,,,,,,,,1.220040754401224,0.09030911423171539,-0.45228270093424816,0.6009705427097406,0.2922759122386313,-0.1558831790737386,1.0842867550970547,0.9391374315966836,-0.13833516500220164,0.8206140932778158,-0.3206853541700213,-0.2374329737555913,0.8467765970932238,0.2011941985751664,-0.3245548807619552,-0.056371305558196715,-0.08602647872386804,-0.09397706471979429,-0.27137956473990005,0.012623600559267523,-0.17780402090812217,-0.6597085403216271,-0.08602647872386804,-0.1507971664076228,-0.3175716993053363,0.15804200816145356,-0.1268913408648107,-0.12462567940572199,-0.24634640826316948,0.1872449891093182,0.5356401193052623,0.6984822786484036,-0.6470884023932804,-0.31667917017394714,-0.09434468921296807,-0.3763971498545799,-0.13571057116566926,0.15660762669962972,,-0.08939284250604397,-0.5442213828319182
PSM6XBTB,P6013,UC,1,,,,,,,,,,0.02558688553630265,0.02131549078769646,-0.5040641483972275,0.7861472391256584,0.6774367543198985,-0.2813763311877317,0.23153043549208857,-0.182959921433065,-0.13833516500220164,0.9275139518075722,-0.3206853541700213,-0.2411022665428796,0.3896381088823381,0.15469118077689922,,,,,,,,,,,,,,,,,,,,,,,,,,,
PSM6XBTD,P6013,UC,1,,,,,,,,,,-0.36545687606609895,-0.45824756643530296,-0.40942407259381247,-0.28516096728341256,-0.3010859998284297,-0.29646959296244335,,,,,,,0.03518030791032876,-0.42064969012370684,,,,,,,,,,,,,,,,,,,,,,,,,,,
PSM6XBTF,P6009,CD,1,,,,,-0.3013534103687566,0.6044296526879149,-1.0132999354063892,0.0252334019919887,-1.0596118359880888,,,,,,,,,,,,,,,,,,,,,,,,,,,,,,,,,,,,,,,,,
PSM6XBTF_P,P6009,CD,1,,,,,,,,,,-0.006955502121628897,-0.6846115131542336,-0.20393572516470052,-0.37170435304583227,-0.5923141359935483,-0.3334620332493318,0.010902086823246004,-0.5288322784306531,-0.1462064739465535,-0.3123246600605938,-0.3461462799823559,-0.35432032474260416,-0.09096191651125866,-0.4248858403785073,,,,,,,,,,,,,,,,,,,,,,,,,,,
PSM6XBTH,P6009,CD,1,,,,,,,,,,,,,,,,,,,,,,,,-0.29179430280692953,0.0535119710234029,-0.08813052984784635,0.033441530033232456,-0.20459357656872273,0.15455173581269654,-0.29412988465798207,-0.3599320260332242,-0.08813052984784635,-0.4933471725754466,-0.1201384398497693,0.07869356735747605,,,,,,,,,,,,,,,
PSM6XBTH_P,P6009,CD,1,,,,,,,,,,-0.4085148968590872,-0.7456200912400015,-0.09964660633586858,-0.4964554226247695,-0.705934415670093,-0.3334620332493318,-0.7797683687605259,-0.5688206620331943,-0.1462064739465535,-0.7726691270206528,-0.3461462799823559,-0.35432032474260416,-0.37502705883798065,-0.4218178316706382,,,,,,,,,,,,,,,,,,,,,,,,,,,
PSM6XBTL,P6009,CD,1,,,,,,,,,,-0.16480229196632962,-0.6634169211555081,-0.05413505883586245,-0.5583892137781634,0.23816673699570728,-0.28738377369233464,-0.16599201427854174,-0.596177596589735,-0.1462064739465535,-0.5461342673390962,-0.3461462799823559,-0.34184421494278705,-0.25940892951770245,-0.13219553246240334,,,,,,,,,,,,,,,,,,,,,,,,,,,
PSM6XBTN_P,P6009,CD,1,,,,,,,,,,-0.3159689161457712,-1.121595620545168,-0.07425763896845372,-1.3691121380272249,-0.48361068159377324,-0.31108038994959575,-0.96053050790567,-0.46053352225728394,-0.1462064739465535,-1.078639480717159,-0.31579624863417605,-0.33871876416390295,-0.20553538617278996,-0.3345278151397525,,,,,,,,,,,,,,,,,,,,,,,,,,,
PSM6XBTP,P6009,CD,1,,,,,,,,,,-0.15841029133354978,-1.025543356877334,-0.11544024706818944,-0.9614538821286843,-0.7870136799421694,-0.3334620332493318,-0.4906382517246919,-0.448881656696031,-0.1462064739465535,-0.9476066128839269,-0.3461462799823559,-0.35432032474260416,0.6137513845950475,-0.47986062257807305,,,,,,,,,,,,,-0.6366104657735016,0.16169775462753908,-0.18469106377590472,-0.738615196347543,-1.51624969499066,-0.49553584905090653,-0.6775835979216113,-1.7412596047963993,-0.10429053397097302,0.027075686689106322,-0.18010567816992895,-0.33431691792771256,,-0.11241482424008134,-0.6897874723101316
PSM6XBTR,P6014,nonIBD,0,,,,,,,,,,-0.16332007113734157,-0.06624267088138412,-0.17357959221505853,-0.021358952920095174,-0.06949653239522376,-0.3334620332493318,-0.3663269266583266,-0.45035858193384953,-0.1462064739465535,-0.1553230233509579,-0.3461462799823559,-0.35432032474260416,0.16842847713941153,-0.5019052096629126,,,,,,,,,,,,,,,,,,,,,,,,,,,
PSM6XBTT,P6014,nonIBD,0,,,,,,,,,,-0.36988751072445447,-0.1557035785334412,-0.23162504546167598,-0.3019912360151798,-0.21258713207982657,-0.3334620332493318,-0.22366214280432892,-0.4966766068550841,-0.1462064739465535,-0.26209785887679204,-0.3461462799823559,-0.35432032474260416,0.1640954450734726,-0.23416592047721776,,,,,,,,,,,,,,,,,,,,,,,,,,,
PSM6XBTV,P6014,nonIBD,0,,,,,,,,,,,,,,,,,,,,,,,,-2.150655834150474,0.066097998161462,-0.08813052984784635,-0.40881301867772674,-0.3455620362869426,0.15455173581269654,-1.0103520552130065,-0.3599320260332242,-0.08813052984784635,-0.3854856663123136,-0.41072974458980355,0.07869356735747605,,,,,,,,,,,,,,,
PSM6XBTX,P6014,nonIBD,0,,,,,,,,,,0.3302320296041675,0.20881882851719868,-0.19003664053192001,0.3101565501303396,0.3007347496295884,-0.3334620332493318,-0.41351081629808406,-0.5085881797969826,-0.1462064739465535,-0.32026537122637233,-0.3461462799823559,-0.35432032474260416,0.08674115608949401,-0.47770667810796186,,,,,,,,,,,,,,,,,,,,,,,,,,,
PSM6XBTZ,P6014,nonIBD,0,,,,,,,,,,,,,,,,,,,,,,,,-0.8383291712411888,0.08761395366722986,-0.08813052984784635,-0.24052636118212511,-0.16649849985685308,0.15455173581269654,-0.5582462012746628,-0.3599320260332242,-0.08813052984784635,-0.03510391416842733,-0.41072974458980355,0.07869356735747605,,,,,,,,,,,,,,,
PSM6XBTZ_P,P6014,nonIBD,0,,,,,,,,,,1.324275059107085,0.8177819424868129,-0.15037431739146398,1.2160782841143127,1.7548062523840458,-0.3334620332493318,-0.19317412448747967,-0.5255200013833884,-0.1462064739465535,-0.13460973011847682,-0.3461462799823559,-0.35432032474260416,0.32853134466223444,-0.46187481804001584,,,,,,,,,,,,,,,,,,,,,,,,,,,
PSM6XBU2,P6014,nonIBD,0,,,,,,,,,,-0.13371214397613287,-0.2499503145559782,-0.03223474426260277,0.011247687808894557,-0.30106502893065445,-0.26023175261782777,-0.5528534770117824,-0.4301243721667135,-0.1462064739465535,0.019182178512664246,-0.3461462799823559,-0.35295653276847827,0.5213900144550193,-0.45160019874726315,,,,,,,,,,,,,,,,,,,,,,,,,,,
PSM6XBUG,P6010,CD,1,,,,,0.20222926491934098,0.7524234999381729,1.188360907890977,0.1555286273107414,0.644194348471549,0.7925147025927991,1.021917395675209,1.5896023014195415,0.9209019293072028,0.10492518941006632,-0.25016900583373325,0.11453074518879185,1.1408727303698456,-0.10843274156073193,0.9405276193832013,-0.21326325113431455,-0.219616419074728,1.0587043887294394,-0.07326920647697205,,,,,,,,,,,,,0.39293155769066423,0.2411188175179214,-0.1841434975068624,1.2616448433809442,1.0682084639680074,-0.24713211241763328,1.4755152760462655,1.4776421346436268,,0.14054172202652523,-0.07939061616942635,-0.026650329055911443,,-0.062149905905642094,-0.05300865750661284
PSM6XBUI,P6010,CD,1,,,,,,,,,,0.6682317886262922,0.22462513796391423,0.5978768653984279,0.5521992745656227,0.17083826253594858,-0.24856420170430885,0.002085095967267554,0.18537600696616502,-0.10843274156073193,-0.3282213560993477,-0.21326325113431455,-0.21481765944196018,-0.08381100663048507,0.12095501220866649,0.23036078577042052,-0.22967101184415356,-0.07284643967679481,-0.5048730136593539,-0.1931955561868603,0.09560573483367543,0.6734333148703707,-0.3377928645099569,-0.07284643967679481,-0.18950180663358096,-0.2946227360106183,0.030391478799598647,0.13130035239294316,0.8893099558932741,-0.1841434975068624,0.8931638749741507,0.4545125134474757,-0.2443428291039112,-0.065116741445613,0.14063886456621116,,-0.15964577660854776,-0.07939061616942635,-0.2813350374326855,,-0.062149905905642094,-0.15262103919878822
PSM6XBUK,P6010,CD,1,,,,,,,,,,0.2638043665511875,0.6989950824374539,1.016803099164897,0.831200953668492,0.4201435635409186,-0.08129844000167101,-0.29048800406079234,0.8294208684820513,-0.10843274156073193,0.43957020642076555,-0.21326325113431455,-0.09086852774860592,-0.16656286942621187,-0.19892765445714566,,,,,,,,,,,,,-0.36887678047659944,-0.3110616585378509,-0.1841434975068624,0.6214424706544165,0.5490507546103294,-0.42489390105489927,-1.2055558789983847,0.5406839507047027,,-0.643538576483939,-0.07939061616942635,-0.2813350374326855,,-0.062149905905642094,-0.6856145521699682
PSM6XBUM,P6010,CD,1,,,,,,,,,,-0.05935944449950948,0.23169951626457036,0.49709781738185416,0.21499869082022563,-0.05338479132533645,-0.23316806043062077,-0.45224414097107685,0.48924841612822617,-0.10843274156073193,-0.09689588549890124,-0.025809768472910978,-0.20034066822637472,-0.4607620982117296,0.0453440250337321,,,,,,,,,,,,,,,,,,,,,,,,,,,
PSM6XBUO,P6010,CD,1,,,,,0.23999754088807984,1.245995343818538,0.8643713725310076,0.4770817672071525,-0.23827705923929537,0.25298054178464713,0.06370293482074002,0.12900683895335271,0.23812487694409026,-0.041183578539004694,-0.26497252856760956,-0.36765527750150756,0.03757357463615776,-0.10843274156073193,-0.221830606077178,-0.21326325113431455,-0.2113246064945873,-0.30552395236661,0.2457494887373637,-1.3295946907093774,0.0622269375760021,-0.07284643967679481,-0.639564936079792,-0.3513517168060896,0.09560573483367543,-0.2762462785535158,-0.3377928645099569,-0.07284643967679481,-0.18950180663358096,0.012999659786965956,0.030391478799598647,,,,,,,,,,,,,,,
PSM6XBUQ,P6010,CD,1,,,,,,,,,,0.23486682748347984,0.3497438471037066,0.6085969996991931,0.43744296592564724,0.3224682242673371,-0.13785477690807707,-0.29851559482504325,0.58520217188714,-0.10843274156073193,-0.11483926187508547,-0.21326325113431455,-0.16853734740670298,-0.29229428899130133,-0.11528095101560996,,,,,,,,,,,,,0.1791351478055943,0.6284048706645251,-0.09761502942257357,1.1000625663396288,0.7091846008665261,-0.4316142581942518,-1.0369329003348742,0.6446674509379061,,-0.8658982656864498,-0.07939061616942635,-0.2813350374326855,,-0.062149905905642094,0.24072614404596232
PSM6XBV2,P6010,CD,1,,,,,,,,,,-0.33750191921118355,0.6263527900275152,0.15537611160807469,0.4738186998407682,-0.01831714150434396,-0.24856420170430885,-0.9788293214045174,0.3209819060436659,-0.10843274156073193,0.4008885335547811,-0.21326325113431455,-0.21481765944196018,0.36344305809920474,0.09653034684368345,,,,,,,,,,,,,-0.4310969884833632,0.38479889640088494,2.591803273207155,-0.1952350379575722,-0.2046808953338316,-0.4440808882210968,-0.11507332213586394,0.17275723436125917,,-0.2565538449424362,-0.07939061616942635,-0.2813350374326855,,-0.062149905905642094,0.7685151843899436
PSM6XBV4,P6010,CD,1,,,,,,,,,,-0.0009440428386813661,-0.016708492795196764,0.05927268455417192,-0.21484340110887687,-0.12571782374083876,-0.2831061094171737,0.12127381398840381,0.054718362558828025,-0.10843274156073193,-0.04389394762598724,-0.21326325113431455,-0.25567574445502456,0.10763428535093245,-0.1097758728716799,,,,,,,,,,,,,-0.3765256020713167,1.104465720945368,-0.1841434975068624,0.6982079630720603,0.20713010904943197,-0.28391924549021935,-0.7172532590005762,0.6081996158963359,,0.062460080796034906,-0.07939061616942635,-0.2813350374326855,,-0.062149905905642094,-0.6144155836392576
PSM6XBVI,P6012,UC,1,,,,,,,,,,0.03412844049958089,0.6726201732191743,1.8728994035358064,0.30027265971638034,-0.9195083220933672,-0.218914313735905,0.39011669181446657,0.9272297214996256,-0.13833516500220164,0.6079869504114699,-0.11765787310121202,-0.22799947050231248,0.1869619434758487,-0.3473209922717827,,,,,,,,,,,,,0.5520296905692038,0.5811290965858492,-0.24634640826316948,0.7475051298453457,-0.11281876397757246,-0.349665334684622,0.2070073371692276,-0.12303115149002909,-0.09434468921296807,-0.11147089330358671,-0.13571057116566926,-0.13335459198603247,,,
PSM6XBVK,P6012,UC,1,,,,,,,,,,-0.2597731320068868,0.006220660471742284,-1.412865707086883,-0.06658029814719149,-0.33086373831475,-0.3054682060818597,0.2741569009993767,0.498856646039907,-0.13833516500220164,0.1175314085037145,-0.3206853541700213,-0.2874227631027137,0.02601749662322151,-0.41544399662275616,,,,,,,,,,,,,0.5751498025277503,0.05035405139281295,1.4936113316539867,0.4386540074351514,-0.2974262646128077,-0.44358086269169317,0.5209716377822701,0.48570188602064673,8.425108456818615,0.9855281613963953,-0.13571057116566926,-0.23301540043091898,,,
PSM6XBVM,P6012,UC,1,,,,,-0.8008507064100976,1.3354119931097488,1.1389069482904337,0.027378794526102625,0.5554087476252431,-0.07705490922115436,0.021243080146244347,-0.61712161859739,-0.08636092954740156,-0.5478437694813977,-0.3661904253068249,-0.2995136283984228,0.5048941064621874,-0.13833516500220164,-0.034437410861776895,-0.2924932580459065,-0.20220479796621182,-0.6880215664646553,-0.36801928095952774,,,,,,,,,,,,,,,,,,,,,,,,,,,
PSM6XBVO,P6012,UC,1,,,,,,,,,,-0.02144202286463424,0.05607488917886264,-0.550173312756418,0.09315996938019117,-0.47092969662428913,-0.3494997944581141,0.11648948503701552,0.1537648966346912,-0.13833516500220164,0.09569052783807108,-0.28977705956178357,-0.571287611162789,-0.08835328568803118,-0.38547388271855115,,,,,,,,,,,,,,,,,,,,,,,,,,,
PSM6XBVQ,P6012,UC,1,,,,,,,,,,-0.5968700549962481,-0.12139029668957697,-0.1520585995714408,0.2567597989144922,-0.4564634256029208,-0.6296166972655922,0.22942618489299477,0.23285766734976157,-0.13833516500220164,-0.0061559957719139625,-0.25857878023144293,-0.5697528105620762,0.2639964093929033,-0.3320391218751999,,,,,,,,,,,,,,,,,,,,,,,,,,,
PSM6XBVS,P6012,UC,1,,,,,,,,,,-0.2870918600121482,-0.0357141122071215,-0.4582956337772819,-0.07542925665062494,-0.29709659832961416,-0.310936962975462,0.15602828726931595,0.050193211177533864,-0.13833516500220164,0.16327982309287983,-0.3206853541700213,-0.4132198214056205,-0.24624823879428845,-0.4234683761363575,,,,,,,,,,,,,,,,,,,,,,,,,,,
PSM6XBVY,P6016,CD,1,,,,,,,,,,,,,,,,,,,,,,,,-1.2247352732106167,-0.15457655361147885,-0.07284643967679481,0.8652034164620497,-0.023007665488543664,0.09560573483367543,-0.8520653869799998,2.957867159148549,-0.07284643967679481,0.4978305123781691,0.07931326874807484,0.030391478799598647,,,,,,,,,,,,,,,
PSM6XBVY_P,P6016,CD,1,,,,,,,,,,-0.45469128384402785,1.0168964909576161,0.2505394351951811,0.6854775636042787,0.11706089482166346,-1.6640769136468208,-0.5474240472744486,-0.3521897379691714,-0.10843274156073193,0.13708416286447114,-0.21326325113431455,1.7544205106132917,-0.04388636481665169,3.5564721817491995,,,,,,,,,,,,,,,,,,,,,,,,,,,
PSM6XBW1_P,P6017,nonIBD,0,,,,,,,,,,0.17312839421313864,-0.06163936063632004,-0.4641876184228164,0.11769643435593083,-0.5447916783306737,-0.15905717745250778,-0.4683372084763722,-0.08588276253405903,-0.10843274156073193,-0.12330802725990499,-0.21326325113431455,-0.13314564583231692,-0.02983005398397494,-0.20840150455418002,,,,,,,,,,,,,,,,,,,,,,,,,,,
PSM6XBW3,P6018,nonIBD,0,,,,,,,,,,2.334702689927438,4.3486515280783715,1.7782855448546395,2.130937416679556,3.6939035636198496,3.8234647567136624,1.3445841262683178,2.31219674504234,-0.1462064739465535,1.6552603328751538,2.5834333933700444,4.322443490849439,0.29721604280549546,2.1068022873082346,1.0550513846441827,1.8346740655457328,-0.08813052984784635,-0.24052636118212511,-0.2789116589406932,0.15455173581269654,1.8451517885496604,1.688557824705377,-0.08813052984784635,-0.03510391416842733,0.008925367465245375,0.07869356735747605,,,,,,,,,,,,,,,
PSM6XBZC,P6005,CD,1,,,0.3909029750475359,-0.3506878868621882,,,,,,,,,,,,,,,,,,,,,,,,,,,,,,,,,,,,,,,,,,,,,,
PSM6XBZD,P6005,CD,1,,,0.7034669250537042,0.4583189469509875,,,,,,,,,,,,,,,,,,,,,,,,,,,,,,,,,,,,,,,,,,,,,,
PSM6XBZI,P6009,CD,1,,,0.9510785969790522,0.7504907107749308,,,,,,,,,,,,,,,,,,,,,,,,,,,,,,,,,,,,,,,,,,,,,,
PSM6XBZJ,P6009,CD,1,,,0.20185730431598023,-0.413825139824413,,,,,,,,,,,,,,,,,,,,,,,,,,,,,,,,,,,,,,,,,,,,,,
PSM6XBZO,P6012,UC,1,,,1.0225064094935499,-1.0102126286787119,,,,,,,,,,,,,,,,,,,,,,,,,,,,,,,,,,,,,,,,,,,,,,
PSM6XBZP,P6012,UC,1,,,-1.410204759728562,-0.7008002309359278,,,,,,,,,,,,,,,,,,,,,,,,,,,,,,,,,,,,,,,,,,,,,,
PSM6XBZQ,P6013,UC,1,,,0.9395459099587128,2.589603962616963,,,,,,,,,,,,,,,,,,,,,,,,,,,,,,,,,,,,,,,,,,,,,,
PSM6XBZR,P6013,UC,1,,,-1.8993928835373672,1.2089827130762796,,,,,,,,,,,,,,,,,,,,,,,,,,,,,,,,,,,,,,,,,,,,,,
PSM6XBZW,P6014,nonIBD,0,,,-2.655775929750789,-2.4221693486376723,,,,,,,,,,,,,,,,,,,,,,,,,,,,,,,,,,,,,,,,,,,,,,
PSM6XBZX,P6014,nonIBD,0,,,0.4315755693576966,0.16593530967052048,,,,,,,,,,,,,,,,,,,,,,,,,,,,,,,,,,,,,,,,,,,,,,
PSM6XBZY,P6016,CD,1,,,0.37283339089993767,0.39744184389358417,,,,,,,,,,,,,,,,,,,,,,,,,,,,,,,,,,,,,,,,,,,,,,
PSM6XBZZ,P6016,CD,1,,,0.2124806115574313,-1.0239927911198654,,,,,,,,,,,,,,,,,,,,,,,,,,,,,,,,,,,,,,,,,,,,,,
PSM6XC12,P6017,nonIBD,0,,,0.262428295587848,0.6917363521879476,,,,,,,,,,,,,,,,,,,,,,,,,,,,,,,,,,,,,,,,,,,,,,
PSM6XC13,P6018,nonIBD,0,,,-2.2907397050310108,-2.023974995153716,,,,,,,,,,,,,,,,,,,,,,,,,,,,,,,,,,,,,,,,,,,,,,
PSM6XC14,P6018,nonIBD,0,,,0.3562106863795437,-1.4987001998703122,,,,,,,,,,,,,,,,,,,,,,,,,,,,,,,,,,,,,,,,,,,,,,
PSM6XC15,P6016,CD,1,,,0.9226266122145653,0.016950387102618463,,,,,,,,,,,,,,,,,,,,,,,,,,,,,,,,,,,,,,,,,,,,,,
PSM7J127,P6013,UC,1,,,,,,,,,,-0.12662151654826792,-0.42583415833804755,-0.5606200036754488,0.514274917245152,0.738462252700522,-0.30548689416027214,0.16957349463240612,-0.41320890050327,-0.13833516500220164,0.8288225807765905,-0.3206853541700213,-0.23928410011925846,0.17923660811179293,0.04583634406087914,,,,,,,,,,,,,,,,,,,,,,,,,,,
PSM7J129,P6013,UC,1,,,,,,,,,,-0.36545687606609895,-0.45824756643530296,-0.40942407259381247,-0.28516096728341256,-0.3010859998284297,-0.29646959296244335,,,,,,,0.03518030791032876,-0.42064969012370684,,,,,,,,,,,,,,,,,,,,,,,,,,,
PSM7J12B,P6013,UC,1,,,,,,,,,,0.10286245146263318,0.034430924947359484,-0.4174195399139255,0.4994721525555276,0.6930889744154194,-0.2645943647563097,-0.010612571112206723,0.5513813141776528,-0.13833516500220164,0.3440204705231837,-0.29511207741603107,-0.22854165044695504,-0.1406869735468052,0.6283024559622173,,,,,,,,,,,,,,,,,,,,,,,,,,,
PSM7J12D,P6013,UC,1,,,,,,,,,,0.2763100351815011,0.2936863934921371,-0.4113913441611616,0.6168649909482649,0.8567452797930486,-0.13129344943906762,0.01352949194638624,0.2368946164511215,-0.13833516500220164,0.14469744329832787,-0.2981994395932793,-0.19249872700609308,-0.8584068408192401,-0.06681242220728845,1.5510752408442592,0.36722556015821756,-0.08602647872386804,-0.09397706471979429,-0.19444691916214418,0.012623600559267523,1.8424389307594147,-0.0970981801533063,-0.08602647872386804,-0.1507971664076228,0.2463945623355578,0.15804200816145356,-0.14735735144190618,0.013923036375168,-0.24634640826316948,-0.021624071523877963,0.4026826788731042,0.30000126102402486,-0.22514975729717382,-0.3175523872757744,-0.09434468921296807,-0.1292498596273509,-0.13571057116566926,0.3533724870266382,,-0.08939284250604397,-0.6237141454796926
PSM7J12F,P6013,UC,1,,,,,-0.24347755882663727,1.0203851556561436,1.1127853939626298,1.4294138396322822,0.5371175067508848,0.06274545098227273,0.2489107959716828,-0.545882327232554,0.6466036223963831,0.6272183169621269,-0.1299512643022895,-0.22824877347778746,-0.2224705909615153,-0.13833516500220164,0.24719850707227514,-0.3206853541700213,-0.24403223505014038,-0.7103747631393711,-0.15912592269211667,,,,,,,,,,,,,,,,,,,,,,,,,,,
PSM7J12J,P6024,CD,1,,,,,-0.11241060392084079,0.4181517241215325,0.7572683891544905,-0.43503268907719744,1.0055521678612362,1.6383581284551638,6.041901145994292,0.07873476430348883,4.036022100107057,4.463229609094015,0.27261496303259275,0.586800287109255,1.070621003221329,-0.1462064739465535,0.15354244916275733,0.4137488324057021,0.9094791375308624,0.5428933986227793,0.46454452509089034,1.355184250634995,1.1898861595292565,-0.08813052984784635,-0.24052636118212511,-0.019419901248250566,-2.757021956916883,1.288572426798961,0.932521170686913,-0.08813052984784635,-0.03510391416842733,0.2534866258523408,0.07869356735747605,0.35361335457659737,1.0713736448523312,-0.18469106377590472,0.9399101598068659,0.9460758643395967,-0.06571132415668826,-0.027992415095463675,2.053245761991118,-0.10429053397097302,-0.2269433139863454,-0.18010567816992895,-0.33431691792771256,,-0.11241482424008134,0.8746475985709886
PSM7J12R,P6024,CD,1,,,,,0.2932783991413176,1.1175491990508963,0.45904148160519287,-0.48986945683549005,0.7990821612434474,0.7521016023786636,2.2038177585326575,-0.10112007150459904,1.6696757209643855,2.44387164744505,-0.2053660742212166,0.18158295275370584,0.20527696059220615,-0.1462064739465535,0.8503454742441953,0.6442093116247015,0.3311299822525145,0.29721604280549546,0.7679268190807909,1.4934991075039277,0.08761395366722986,-0.08813052984784635,0.9336191645613081,0.06150142438774687,0.15455173581269654,1.288572426798961,-0.3599320260332242,-0.08813052984784635,-0.03510391416842733,0.6118456223766234,0.07869356735747605,0.4793171921725277,1.51411919126706,-0.18783580244232514,1.5239524574075496,1.1589867793450626,0.5171133697058072,-0.1744868331376271,2.248397459607738,-0.10429053397097302,-0.04918361526103421,-0.18010567816992895,1.2582610229976838,,,
PSM7J12V,P6025,UC,1,,,,,1.5646519830854593,1.33474799141842,0.20434181896562142,-0.1861322120249704,-0.8922755222627069,-0.26715266036507396,-0.8528178062798218,-0.38392095313256774,-1.2216600402708524,-0.20949854399605464,-0.27970956145591735,-0.7466741588317137,-0.41630849812888854,-0.1462064739465535,-1.7612339751964399,-0.3461462799823559,-0.5237084344862819,0.2732786339808674,-0.4514233744166168,,,,,,,,,,,,,,,,,,,,,,,,,,,
PSM7J12Z,P6025,UC,1,,,,,,,,,,-0.3931396694086499,-0.5788679405959797,-0.11160222498232619,-0.5790032952122651,-0.4335779776547704,-0.3245558708012666,-1.2286265186786551,-0.5910304710386859,-0.1462064739465535,-0.3136285186772693,-0.3461462799823559,-0.3456924875556436,-0.40755298166510595,-0.4185914515635576,,,,,,,,,,,,,,,,,,,,,,,,,,,
PSM7J134,P6025,UC,1,,,,,0.49045300331328406,0.19186081645571187,-0.056141308659639566,0.4303671896468472,-0.46643223901023617,,,,,,,,,,,,,,,,,,,,,,,,,,,,,,,,,,,,,,,,,
PSM7J136,P6005,CD,1,,,,,0.07146005692241604,-1.2685030087711076,0.47383006766980745,1.1975718311121253,0.6266140527208335,0.4510171033324049,3.7852688205373735,-0.12859009991058706,3.323971160086877,1.1365342604827966,-0.31695506857206623,-0.025193827825494095,-0.10968760284340334,-0.13833516500220164,0.16499535557302303,-0.3206853541700213,-0.1812273507703181,-0.5784163987695383,-0.35891573557696355,-1.9989354911728796,0.08643162540632646,-0.08602647872386804,-0.7387562523504014,-0.1368170345782317,0.012623600559267523,-1.1479629465501135,13.208398423246457,-0.08602647872386804,-3.096138010167585,-0.9505593115530414,0.15804200816145356,-0.008442607787135738,0.26220825244137363,-0.5962179805497897,0.2964669606520959,-0.3535396969947004,-0.41943750329419743,-0.3320107657665837,-2.156944498116411,-0.09434468921296807,-0.47514679946107435,-0.13571057116566926,-0.23301540043091898,,-0.08939284250604397,-0.9973929475433532
PSM7J13A,P6005,CD,1,,,,,,,,,,,,,,,,,,,,,,,,-0.1746829654088748,0.36722556015821756,-0.08602647872386804,0.1352313583274909,-0.19908809283496554,0.012623600559267523,0.29609216642471803,-0.0970981801533063,-0.08602647872386804,-0.1800270185020353,0.4234557542386131,0.15804200816145356,,,,,,,,,,,,,,,
PSM7J13E,P6005,CD,1,,,,,-0.004221766744144477,0.395205647910401,0.05989210161288047,-0.6710933089385827,1.891858175883479,0.19702586287005053,2.5368523115630954,-0.19991039890922793,1.8653967674563487,0.10176672311905272,-0.0934426190389441,-0.33434100450904386,-0.08573229679908057,-0.13833516500220164,-0.09896316192056231,-0.30222670325097006,-0.3576478101882325,-0.5085397769421262,-0.32706122173130686,,,,,,,,,,,,,0.14926934271442618,-0.003306900721581006,-0.4053877721546208,0.05648130808823699,-0.6641409925005153,-0.7554887449651386,-0.1756310833319373,-0.7642295855255744,-0.09434468921296807,-0.11796043162560284,-0.13571057116566926,-0.23301540043091898,,,
PSM7J13I,P6033,CD,1,,,,,,,,,,-1.0872107382131888,-1.9933530077932236,0.15146508649583362,-2.0208352714356934,-1.7282107042767114,0.6069366898885439,0.5034423389939238,0.7978282096019499,-0.11407085113498545,-3.247563855488771,-0.3363939264701503,1.3975759672742785,0.3911485194915304,-0.6683543052312246,,,,,,,,,,,,,,,,,,,,,,,,,,,
PSM7J13K,P6033,CD,1,,,,,,,,,,0.5181508478188563,0.4822362055028225,-0.5216516830284198,-0.34063389857399895,0.14510434182689827,-0.30826693179199943,-0.4427307590686046,0.11991928288394946,-0.11407085113498545,0.5907958003989876,-0.3363939264701503,-0.2747716546767476,0.24625000122648597,-0.47845836819327814,,,,,,,,,,,,,,,,,,,,,,,,,,,
PSM7J13M,P6033,CD,1,,,,,,,,,,-0.05822425899918167,-0.43290004991875786,-0.3560151519110744,-1.301226156862805,-1.032800594528559,-0.30826693179199943,-0.2519290670030437,0.2797672905730165,-0.11407085113498545,-0.06001727460620728,-0.3363939264701503,-0.2747716546767476,0.0474944758268859,-0.4948014709765629,,,,,,,,,,,,,0.19557368757456908,-0.2217222095426524,-0.2327454228519667,-0.5253689677544319,-0.8521870777884977,-0.4575671068440312,-0.3102409736072577,-0.7629884763872405,-0.09938799855279619,-0.11196144150519194,-0.1342339472220414,-0.29823699268813436,,-0.10717564228878608,0.7463737568071805
PSM7J13Q,P6033,CD,1,,,,,,,,,,0.2940039918877189,-0.010822012654924036,-0.18081167870068737,-0.7798849517992302,-0.5895735885261316,-0.3072466818317447,-0.13463196363835508,0.28002282998356415,-0.11407085113498545,0.9657030327238557,-0.3363939264701503,-0.2753001065120781,0.3149504334449976,-0.4803136929155599,,,,,,,,,,,,,,,,,,,,,,,,,,,
PSM7J13U_P,P6009,CD,1,,,,,,,,,,-0.180186223727678,-0.15821507873708146,-0.18642206685322857,-0.11438628887164769,0.14217702969956883,0.06764895297760587,0.18057394716922873,0.23297646357438345,-0.1462064739465535,0.3633979310927613,-0.2875353377836035,0.22679941904212728,0.10285861542919479,0.18559671294729232,,,,,,,,,,,,,,,,,,,,,,,,,,,
PSM7J13Y,P6009,CD,1,,,,,,,,,,-0.46194517849112565,0.006631333487586081,-0.18955380793682383,-0.2529134722599969,-0.2982718369548505,-0.30558558644236905,-0.1932795436712998,0.1144423356504009,-0.1462064739465535,-0.04066669322649809,-0.3461462799823559,-0.28570646422194595,-0.2873572548867452,-0.21627875290989082,,,,,,,,,,,,,,,,,,,,,,,,,,,
PSM7J13Y_P,P6009,CD,1,,,,,,,,,,-0.5276343099014112,-0.07212063620037303,-0.18332510407976996,-0.3300698489457922,-0.3313306231568656,-0.30444275184061953,-0.14861488818196336,0.007388722793920797,-0.1462064739465535,0.05868546310847431,-0.3461462799823559,-0.3140764049732901,-0.26250262294381377,-0.17865368090998823,,,,,,,,,,,,,,,,,,,,,,,,,,,
PSM7J141,P6009,CD,1,,,,,1.4193255070505684,1.0302068121271684,0.4449618663611386,-0.10007249295483575,-0.7687322395052432,-0.2226250879532907,0.04096259985420809,-0.056898325106757665,0.0009725868023551477,-0.6951408232615388,-0.2555531334037834,0.512384281124285,1.1398405472626851,-0.1462064739465535,0.24171272392553456,-0.3461462799823559,-0.23252617893148061,-0.1302117466623283,-0.058924608781171776,0.8786097658261933,0.08761395366722986,-0.08813052984784635,0.2416664287247282,-0.3836571129988123,0.15455173581269654,1.0530442300719567,-0.3599320260332242,-0.08813052984784635,-0.03510391416842733,0.28946571862607634,0.07869356735747605,0.02018141728227333,0.10094134727034818,-0.18469106377590472,0.21818901610273359,0.11719489570377122,-0.3544742105809959,0.7150050737722933,-0.0604310276648167,-0.10429053397097302,0.7024057043715397,-0.18010567816992895,-0.33431691792771256,,-0.11241482424008134,0.8280030993341007
PSM7J143,P6009,CD,1,,,,,,,,,,,,,,,,,,,,,,,,1.0978336272560658,0.08761395366722986,-0.08813052984784635,-0.48920434417932795,-0.3836571129988123,0.15455173581269654,0.7018817505196289,-0.3599320260332242,-0.08813052984784635,1.2062449195516498,0.47992080629329403,0.07869356735747605,,,,,,,,,,,,,,,
PSM7J143_P,P6009,CD,1,,,,,,,,,,-0.5250185211100935,-0.5604595539960968,-0.1453051622790082,-0.5961217280468348,-0.6275047357683662,-0.3477201993552254,-0.2767564486409268,0.04288204236144973,-0.1462064739465535,-0.3037622986958335,-0.3238492038586063,-0.31048615059189444,-0.6891114095608768,-0.36774803513152415,,,,,,,,,,,,,,,,,,,,,,,,,,,
PSM7J14L,P6010,CD,1,,,,,4.178231823554101,1.7465389778421618,0.9914516906842309,-0.3705389931491514,0.5226038651686538,0.7701427845737732,2.8486561719263155,1.3283652647990185,1.67839189975148,3.068449193119464,2.7897167330626393,1.6011022540034852,-0.15452780152449286,-0.10843274156073193,3.3722995809154144,-0.2288778328796197,14.488748151315223,0.40271613474954376,2.575943263618028,0.9280019679131548,-0.22967101184415356,-0.07284643967679481,-0.274615651427781,-0.3133199222117357,0.09560573483367543,1.6461759076305926,-0.3377928645099569,-0.07284643967679481,-0.18950180663358096,-0.2946227360106183,0.030391478799598647,0.4531910738145682,0.460552397549116,-0.4373826989878925,1.2989644288031261,-0.29327190744408477,7.606728832262842,1.8138243938373522,0.8068084635445708,,0.3724151874044534,5.131771610116727,6.401783764773171,,-0.062149905905642094,0.3055992905453087
PSM7J14N,P6010,CD,1,,,,,,,,,,2.6741737364954994,1.1234254955408012,1.5815583462733545,1.6672444892578202,-0.11095388231455881,-0.49291774394704135,0.6005511787709144,2.4531446769852923,-0.10843274156073193,3.087369779774128,-0.21326325113431455,0.26338705640689003,0.40441412515942154,-0.2656435943930899,,,,,,,,,,,,,6.772649086651312,1.6522242077695881,11.43496527867832,0.3208548560045271,0.34898759415225306,-0.14388397021673674,3.9952943790671682,0.07788323975358222,,0.44300102745922465,-0.07939061616942635,-0.2813350374326855,,,
PSM7J14P,P6010,CD,1,,,,,,,,,,0.8333145186336449,0.044378243578176865,-0.05467108445161844,0.25813823042137757,0.002774609025474863,0.09039337493960199,-0.31639981162452685,0.09509186655905218,-0.10843274156073193,0.0378712643207387,-0.030270715237871764,-0.12827050693381997,0.15732799339328443,-0.09625341544776884,,,,,,,,,,,,,1.0722605856192036,0.6014506289176164,22.51873231250356,0.27833953679704715,0.18245013002015886,0.4228221894967469,-0.3979700223449728,1.5530840824748453,,-0.1771913734088103,9.996063664121005,-0.2813350374326855,,-0.062149905905642094,-0.5680016831526716
PSM7J14R,P6010,CD,1,,,,,,,,,,0.20653143440896093,-0.7667377939331121,-0.08814385933783969,-0.27416955169246726,-0.17177278904069485,-0.25577229412946595,-0.1225570061728141,-1.600782030515877,-0.10843274156073193,-1.043016169441145,-0.21326325113431455,-0.21605455178337943,-0.14539887281416608,-0.14522161069992615,,,,,,,,,,,,,-0.8067272676210054,0.6886888530977635,-0.1841434975068624,-0.3182555797290283,0.17797985016299597,-0.437367904452978,-1.340777525247311,0.20747194855003745,,-0.6176668833241444,-0.07939061616942635,-0.2813350374326855,,-0.062149905905642094,-0.502446694058805
PSM7J14T,P6010,CD,1,,,,,0.5603107263186651,-0.36055091722865734,-1.4211382912766453,-1.1081470669659108,-1.6701250838002697,1.2172266117755117,-0.5398399335736106,0.36832100996897005,-0.05611971753683095,-0.6363816849996287,-0.3370077573890782,0.28966952722451933,-0.19875224226398455,-0.10843274156073193,0.2468558408030239,-0.19493200228090454,-0.15360651603439426,-0.20018623901438376,-0.19284649890697877,-1.3266997491548478,-0.22967101184415356,-0.07284643967679481,0.13938341329720186,-0.36900198894730996,0.09560573483367543,0.33845790880829235,-0.3377928645099569,-0.07284643967679481,0.671738376962736,0.24892701112086357,0.030391478799598647,-0.4117170906262886,-0.6312123892658213,-0.1841434975068624,-0.595505183542215,-0.32781240436946174,-0.35556745146146224,-0.7721428757396724,0.3380165430598131,,-0.530091674442957,-0.07939061616942635,-0.2813350374326855,,,
PSM7J14X,P6014,nonIBD,0,,,,,-0.14203707624754408,-1.2631661400130816,-2.2352456022056844,1.5940487491962774,-2.225317759681667,2.6337589805804233,1.1004337191884577,0.0763606967854429,2.0726124883705386,0.35791483434648735,-0.3027580676857488,0.08500850242993857,0.8582709194027534,-0.1462064739465535,0.032201915576790245,0.2971827813288354,0.02162799301221871,-0.1160490154008921,0.11871548514639836,-2.368309096797531,1.1898861595292565,-0.08813052984784635,-0.0423046855815291,-0.34368996523517376,0.15455173581269654,-1.0830173129170766,0.932521170686913,-0.08813052984784635,-0.03510391416842733,-0.2835841836427576,1.5318829602287276,-1.083835489134479,0.8636159487872601,0.08463789218866624,0.43326334555118673,2.178188281158085,-0.5272751293805223,-2.828072111670768,0.6936318336999914,-0.10429053397097302,-0.30533934526673095,-0.18010567816992895,-0.4257102878183907,,-0.11241482424008134,-1.2344736197570996
PSM7J154,P6014,nonIBD,0,,,,,,,,,,0.7452562108487165,-0.19036369898693678,-0.3082566004836309,0.5032960464449718,0.09096231577767046,-0.3334620332493318,-0.1218134353972677,-0.5822659363516614,-0.1462064739465535,-0.2249755864516025,-0.3461462799823559,-0.35432032474260416,-0.13218592167801899,-0.40279841384794574,,,,,,,,,,,,,-0.29972843137911553,-0.13648546970101,-0.18469106377590472,-0.10982451101674306,0.5028371143779209,-0.5598760853064442,-0.5760367787222288,0.1941673071782297,-0.10429053397097302,-0.20887702862625498,-0.18010567816992895,-0.33431691792771256,,-0.11241482424008134,0.02336727647123171
PSM7J156,P6014,nonIBD,0,,,,,0.35788677584415074,-1.0762041646006815,-1.36691626645732,-0.871324517892601,-1.5990354246837817,1.0681271147892524,0.007779795220364972,-0.2690179392210973,0.8915396403210566,0.012037155398737103,-0.362949945689286,-0.1618504873945998,-0.4732262294724151,-0.1462064739465535,-0.15341680470239258,-0.3461462799823559,-0.35423121111853034,-0.4896952471001862,-0.39586012405453946,,,,,,,,,,,,,,,,,,,,,,,,,,,
PSM7J158,P6016,CD,1,,,,,1.4069297121795954,-0.3263009865984061,0.4961175484204187,-0.07786805059901156,-1.436382896872952,-0.6656448987193135,-0.6117118017750572,0.42284532508317124,-0.3029793170313933,-1.4573149334420028,-0.08599951016748117,-0.650708176020536,-0.831189784056104,-6.128764556784595,0.1892530296774709,-0.21326325113431455,-0.1885929695722918,0.010762518473264253,-0.22651906631032886,1.352248797986275,0.0622269375760021,-0.07284643967679481,-0.08437632564424279,0.6846278299762175,0.09560573483367543,2.2791419088554603,0.3539914945517707,-0.07284643967679481,0.6222058557005569,-0.12162959539816218,0.030391478799598647,,,,,,,,,,,,,,,
PSM7J15A,P6016,CD,1,,,,,,,,,,0.6508987604486761,1.8932543572026126,1.5257161488727318,1.6836238858111798,0.2155644808108384,0.05246751432178284,-1.7558618845880367,-0.24459332126524125,5.036529516848911,4.53374132478811,-0.21326325113431455,-0.2454289454821154,0.034170497407141724,-0.12784234209185946,,,,,,,,,,,,,0.04954458925694067,2.1884807031808298,0.02239239607559074,0.11731281936727204,-0.31125031718591173,-0.1971361846850777,0.1349213686489476,0.4965451036625207,,-0.2933516541436338,-0.07939061616942635,-0.2813350374326855,,-0.062149905905642094,-0.36052383157740664
PSM7J15G,P6016,CD,1,,,,,,,,,,1.0604965757826375,0.9059786201729162,-3.1352167998559386,0.339849392781896,1.509681563275942,-0.2573348671283514,-0.611041911060543,2.363813230582154,-0.10843274156073193,0.2817370940599136,-0.05985035616074323,-0.18515793202899897,0.3090322067620233,-0.24551028252394458,,,,,,,,,,,,,,,,,,,,,,,,,,,
PSM7J15I,P6016,CD,1,,,,,,,,,,1.039768321274815,1.2758590183599803,0.11531448743219616,0.9121497244759799,0.7944341918712593,-0.20608110438678762,-0.7222463925589303,0.10149052868788491,-0.10843274156073193,0.3350058014569449,-0.21326325113431455,-0.1504619533973413,0.07651910155509045,-0.20868137175036905,,,,,,,,,,,,,,,,,,,,,,,,,,,
PSM7J15K,P6018,nonIBD,0,,,,,,,,,,4.3374695607733225,2.050701179744485,-0.09040453762395241,0.6854960839886354,0.2376268273213934,0.24221515670566027,1.0521065198499304,0.9081333736694176,-0.1462064739465535,0.8452914364876841,0.24245364510006315,0.08705772352312134,-0.6479580748485647,-0.0029380045697301157,,,,,,,,,,,,,,,,,,,,,,,,,,,
PSM7J15M,P6018,nonIBD,0,,,,,1.0564043425543337,0.5679575776312903,-0.38625651579071546,-0.39812318679403863,-1.0722496182664598,5.771779901630027,2.854741487671997,-0.0832047705868121,0.4320075766010243,-0.04119583286281197,0.15687301620066352,0.8873027153367673,0.6477101311303092,-0.1462064739465535,0.49817665052177984,0.20317551745033985,0.10819759408390245,0.04352992485212604,0.8873138272106734,-0.3737163638887429,1.1898861595292565,-0.08813052984784635,-0.423487802339217,-0.3365572420874257,0.15455173581269654,-0.8824410539681372,0.932521170686913,-0.08813052984784635,3.6972804503395915,0.2965781060036559,0.07869356735747605,,,,,,,,,,,,,,,
PSM7J15O,P6018,nonIBD,0,,,,,,,,,,3.13750633445519,0.445311894093706,-0.017854641902474943,0.17991648228625504,0.16016727005332107,1.2213216842070074,1.5781394734136116,0.617139234517385,-0.1462064739465535,0.44198697748082766,-0.10464370585902856,1.271662120796623,0.6081798040246924,0.848938159330745,,,,,,,,,,,,,0.48788670183726235,0.10635006792316945,-0.18469106377590472,0.09129137421089167,0.042798450443994905,-0.17181199719455761,-1.008605774199852,0.3754177654939525,-0.10429053397097302,0.6800520516941013,-0.18010567816992895,-0.33431691792771256,,-0.11241482424008134,0.2915987349089895
PSM7J15Q,P6018,nonIBD,0,,,,,,,,,,4.9427150448289865,2.198391921978203,0.1576968716953642,1.0043232005319167,0.40252456174721496,0.5430152729738473,5.598265584783934,1.5934440891941613,-0.1462064739465535,1.1857399604122016,0.9646969496627186,0.5740876161511349,8.735442147245571,0.9792048145010669,,,,,,,,,,,,,0.7470655633032567,0.3690360407489696,-0.18469106377590472,0.1717446897594784,0.36731429582302005,0.07959782538014087,0.8065513100920108,0.22301373325685422,-0.10429053397097302,0.8511814872530451,-0.18010567816992895,-0.13402595758914726,,-0.11241482424008134,0.4210547297951645
PSM7J15S,P6018,nonIBD,0,,,,,,,,,,2.920966355491516,2.1065518756654016,0.31271806968091986,1.2098966286547554,0.8969561156224599,-0.3341231121469725,1.4911844904728455,2.4573601311273445,-0.1462064739465535,1.912858879292724,0.7759217719966467,-0.3701255548974217,2.6635339184105313,1.5101140161588098,,,,,,,,,,,,,-0.05829014041601194,0.19677235716473282,-0.18469106377590472,0.08715749506431456,0.5098160813971809,1.1774664749282417,0.9434988007011463,0.23861098953136467,-0.10429053397097302,0.32357936568598755,-0.18010567816992895,2.355441027010709,,-0.11241482424008134,0.2733081618397306
PSM7J15U,P6018,nonIBD,0,,,,,-0.21742916287667075,0.38939132481051475,-0.47558247312525487,-0.31428752147955274,-1.1274255688148649,3.5413472473422374,1.0373319492363335,-0.09661910898079196,0.591223299237807,-0.1287967665960335,0.20198391194487572,1.7579796455453631,0.8355210956804647,-0.1462064739465535,1.2671750167392168,-0.12083395927396218,0.47654311064254284,2.970205897154302,0.2661297367029954,0.07635451411941041,0.08761395366722986,-0.08813052984784635,-0.26693443654707977,-0.24081658222882357,0.15455173581269654,-0.35847653097912635,-0.3599320260332242,-0.08813052984784635,-0.03510391416842733,0.41987587393612025,0.07869356735747605,0.21104579369580412,0.30466775995288875,-0.18469106377590472,0.001742361105233149,0.34306119971447696,0.5687442744084541,0.33364902003476304,0.23861098953136467,-0.10429053397097302,0.39776518031126645,-0.18010567816992895,-0.33431691792771256,,,
PSM7J15W,P6028,CD,1,,,,,,,,,,0.644445138243322,0.51513603034014,-0.05494506251538914,0.40367631712503943,-0.20374711619994598,-0.17906396649176887,0.4859430135392004,0.023327243501938072,-0.11407085113498545,-0.05292690423604388,-0.3363939264701503,-0.2652490744088997,0.9823030193494195,0.25766474563075087,,,,,,,,,,,,,-0.17163571523526985,-0.2357016654782416,-0.2327454228519667,-0.1945535623289266,0.591705932846074,0.07383767472175395,-0.1447655805912343,-0.6800823604611628,-0.09938799855279619,-0.04184445592685614,-0.1342339472220414,0.02088047521375689,,-0.10717564228878608,0.479541966097585
PSM7J161,P6028,CD,1,,,,,3.4529944026163304,0.7202510642840333,2.203347690262841,0.6395976853694345,0.7948765174099907,0.736820489683616,0.0262762067645428,1.4581032946659391,1.352325552616882,1.369372214216123,3.144155011830025,1.4416047358477864,-0.17707996226776282,-0.11407085113498545,0.7250624884756587,2.6265532449287923,1.7467157537411369,0.37631687856758067,2.2183965862656247,,,,,,,,,,,,,,,,,,,,,,,,,,-0.10717564228878608,1.2846088883668678
PSM7J163,P6028,CD,1,,,,,,,,,,0.901470975079762,0.3934566482018487,1.6042499441136584,1.0364852889911487,-1.5005840579396157,1.1691368174051608,1.2342930276482547,-0.22968674358101748,-0.11407085113498545,-0.7205110436365577,2.8993215806459007,0.2604597987696495,0.37631687856758067,1.3145262183553412,,,,,,,,,,,,,0.8754994688814062,0.4919490464498987,1.798854452473759,0.41623392465230735,0.6100876594824597,-4.384149062681276,0.8328661179155432,-0.20420984953057447,-0.09938799855279619,0.8236285253933664,3.757774393634056,2.322612093451736,,-0.10717564228878608,0.02535340056458578
PSM7J167,P6028,CD,1,,,,,3.6799162748460907,1.079172275341637,1.3955628781067153,0.9202449695748675,1.6863071579224196,,,,,,,,,,,,,,,,,,,,,,,,,,,,,,,,,,,,,,,,,
PSM7J169,P6013,UC,1,,,,,,,,,,-0.15200411452787224,-0.698915149562107,-0.5020573520283194,-0.08331791236366111,-0.09047341884624731,-0.3122653252212858,-0.4248163104524467,0.016616688825052732,-0.13833516500220164,-0.257449595686904,-0.3206853541700213,-0.2356008870649473,-0.469752141853106,0.012906179386851485,,,,,,,,,,,,,,,,,,,,,,,,,,,
PSM7J16B,P6013,UC,1,,,,,,,,,,0.5425061148154758,2.3753667171880677,0.49660545483581087,0.7670572513256454,2.9875859223243637,16.297334636690827,0.9717364165862807,1.2796194716548352,-0.13833516500220164,0.3941489543410758,3.343031087107864,2.95464853800961,0.025414806291461287,5.1598448692535035,,,,,,,,,,,,,,,,,,,,,,,,,,,
PSM7J16F,P6013,UC,1,,,,,,,,,,-0.03385419976328276,-0.061371995503959116,-0.47074750115220654,0.3422497039295445,0.34902612481307366,-0.24379778948781392,0.055340498535242026,0.17755493627876437,-0.13833516500220164,-0.2397065189328597,-0.3206853541700213,-0.22255994414498553,-0.28843081893138994,0.5575185358261899,-0.3185634340868327,0.36722556015821756,-0.08602647872386804,-0.6238596008450795,-0.33757919827107086,0.012623600559267523,-0.22805660288623936,-0.0970981801533063,-0.08602647872386804,-0.1507971664076228,-0.276161747309391,0.15804200816145356,,,,,,,,,,,,,,,
PSM7J16H,P6013,UC,1,,,,,,,,,,0.7495906932509284,1.6088436558822954,-0.40942407259381247,0.705324346895857,1.9664447574229547,33.21292561418556,1.6150006025370072,1.3017305068457623,-0.13833516500220164,0.00631290585124517,4.333641632525779,3.9814700140065167,0.03518030791032876,1.8883783163465926,,,,,,,,,,,,,,,,,,,,,,,,,,,
PSM7J16U,P6017,nonIBD,0,,,,,,,,,,0.014288714336982611,-0.36377085213733207,0.10842427893561214,-0.06573473089899161,-0.3156763409709716,-0.3825061508449977,0.7369349459911765,0.5882518947990538,-0.10843274156073193,0.7252287194245635,-0.21326325113431455,-0.2353642940208541,0.4996387718016982,-0.2441937220227618,,,,,,,,,,,,,0.9558263354480337,0.08173047064375404,-0.1841434975068624,-0.022696999387054228,-0.25388983197428633,-0.3584481417414742,0.5845643281600252,-0.39286574233532284,,-0.33773195200707656,-0.07939061616942635,-0.2813350374326855,,,
PSM7J16W,P6017,nonIBD,0,,,,,,,,,,-0.2542153491087639,-0.6179247261782504,-0.3259183625996061,-0.19896905622308267,-0.5481809354113065,-0.24856420170430885,-0.11550356381518471,-0.49176308519627576,-0.10843274156073193,-0.24976162847765418,-0.21326325113431455,-0.21481765944196018,-0.18435683211880607,-0.24942151606712457,-1.2888510180218196,8.033689153347902,-0.07284643967679481,0.41615453917421436,-0.17506993900044837,0.09560573483367543,-0.8018040204216861,-0.3377928645099569,-0.07284643967679481,4.55211627866438,0.02647648770612156,-3.7035129000311646,,,,,,,,,,,,,,,
PSM7J16Y,P6017,nonIBD,0,,,,,-1.2379532946512353,-1.2765064285860899,-1.403473463974595,-0.1629147902857415,-1.1550338688409123,0.1982325447011388,0.14441148041240637,-0.20897383594957697,0.16074609503785933,-0.9212569452151443,-0.21187956668578442,-0.7405201691122932,-0.39674522548744573,-0.10843274156073193,-0.7065812535484485,-0.21326325113431455,-0.2461636876057069,-0.4554765241114723,-0.25696869040832127,,,,,,,,,,,,,0.23253126521052,-0.4071089956864897,-0.1841434975068624,1.5137132724649802,0.5491650425233333,-0.29320374505136465,-0.06270339214864203,-0.0009114736566872687,,-0.5626701822966654,-0.07939061616942635,-0.2813350374326855,,-0.062149905905642094,0.3129329551591484
PSM7J171,P6017,nonIBD,0,,,,,,,,,,-0.08585050738981868,-0.5357362869438135,0.2776977495643384,0.19781381593760727,-0.3246043290896311,-0.24856420170430885,0.15475177840881024,-0.21399861578213705,-0.10843274156073193,-0.09532051779441882,-0.21326325113431455,-0.21481765944196018,0.04229974522061661,-0.25076356822929674,,,,,,,,,,,,,-0.1213311741182733,-0.41339570641265794,-0.1841434975068624,-0.5362823236871245,0.46445895976168605,-0.34200573430031295,-0.23475107716313331,-0.3548372796575983,,-0.19021307858990258,-0.07939061616942635,-0.2813350374326855,,-0.062149905905642094,-1.6031820051341672
PSM7J173,P6017,nonIBD,0,,,,,,,,,,-0.15234516687547042,-0.38649543471831005,-0.2440116086640019,0.03385889126488182,-0.5724076629882381,-0.21460152297960325,-0.49218446508488606,-0.5794350774288181,-0.10843274156073193,-0.35784137650703873,-0.21326325113431455,-0.21280354567086052,-0.3275575555982504,-0.24957278364849958,,,,,,,,,,,,,,,,,,,,,,,,,,,
PSM7J177,P6028,CD,1,,,,,4.201837365355554,1.2971148391316776,1.3280437398843996,1.2581844678762915,0.491452525817278,1.8326561077336303,-0.19679116582236894,-0.2962304668061581,-0.29781137761846005,-0.3843114617096454,-0.30826693179199943,0.1504848506733762,-0.10798168702842369,-0.11407085113498545,-0.15212218270913155,-0.3363939264701503,-0.2747716546767476,0.37631687856758067,-0.47867757586703513,,,,,,,,,,,,,0.18437583211062333,-0.21899044225003994,-0.2327454228519667,-0.3477211161734138,-0.4956004591789963,-0.4575671068440312,,,,,,,,,
PSM7J179,P6028,CD,1,,,,,,,,,,-1.4079276878252607,-0.4449982017248506,-0.2610493929812139,0.11285121163870394,0.02572719818458595,-0.03971273143616435,-0.27623646129483076,-0.21528804704735124,-0.11407085113498545,0.10289034209944474,5.732836044973064,1.1234756409730209,-0.06503309950623201,-0.4222087426183579,,,,,,,,,,,,,,,,,,,,,,,,,,-0.10717564228878608,0.9530394363722662
PSM7J17B,P6028,CD,1,,,,,,,,,,-2.422392723103688,4.428569645738144,-0.2962304668061581,4.8471177726812416,0.30134628381351464,4.2065246743852125,11.855951026557689,0.8518342381636023,-0.11407085113498545,7.27958356024143,-0.3363939264701503,9.969577781116673,0.37631687856758067,25.916699114737053,,,,,,,,,,,,,0.18437583211062333,-0.21899044225003994,-0.2327454228519667,-0.23835821617495445,-0.4956004591789963,-1.135399613996822,-0.27352223024918176,-0.364896127771902,-0.09938799855279619,-0.4850223520885659,-0.1342339472220414,-0.29823699268813436,,,
PSM7J17D,P6028,CD,1,,,,,,,,,,0.8272049460136167,10.809214333467393,-0.2962304668061581,6.0612603994889716,7.350000817182084,14.671393232930741,5.418361742519275,39.242319324404285,-0.11407085113498545,12.08655623714034,-0.3363939264701503,36.360612249083424,0.37631687856758067,23.374512680767182,,,,,,,,,,,,,,,,,,,,,,,,,,,
PSM7J17F,P6028,CD,1,,,,,3.6839623311051573,2.650540912642244,2.568872873265963,0.42975371388036093,1.0792604629020137,0.5434406708515986,0.39829135718373243,-0.011336901210921214,1.6158853731514673,4.181485968742573,-0.6630319561974136,1.7057976825154533,3.0377424447560983,-0.11407085113498545,-0.06991923030480802,8.653746577363739,2.24010783190994,0.37631687856758067,2.4871574082744403,,,,,,,,,,,,,0.9858049862007139,2.116331039904094,-0.5762470084290674,1.176555726993049,1.8842107383899158,11.576035307429743,1.7521016320352178,2.27077866925865,-0.09938799855279619,3.041323707900422,5.99763171015723,6.2287386917240495,,-0.10717564228878608,1.5109904229906257
PSM7J17L,P6016,CD,1,,,,,-0.3943709437607689,-0.5086071057510504,0.8254161775060679,0.12609504454424827,1.1689852794523472,0.04528391166620979,0.4040359351220438,2.0605035252437753,0.12841637215837998,-0.8235277383582331,-0.515197572636739,-0.7545491017251357,0.35300509831185795,2.9222444373645664,0.646837022230071,-0.21326325113431455,-0.170102640980367,-0.06912246258471619,0.15298346446794225,-0.24595324798831456,-0.22967101184415356,-0.07284643967679481,-0.274615651427781,-0.1354564232596116,0.09560573483367543,-0.2179940406574393,-0.3377928645099569,-0.07284643967679481,-0.18950180663358096,-0.2946227360106183,0.030391478799598647,-0.33156236168139974,0.01557389927126383,-0.1841434975068624,-0.8449457030971905,-0.29009168499972376,-0.5050714228183433,-0.2787319875538747,-0.019370220220131306,,-0.71354459184767,-0.07939061616942635,-0.054592292983672124,,-0.062149905905642094,-1.3391777636576183
PSM7J17T,P6016,CD,1,,,,,,,,,,0.9867609408685933,1.8329818868247723,0.3134846720225295,1.105383039644717,0.12672620355963615,0.04961518236358465,-0.3786182502925671,0.02489577812146943,-0.10843274156073193,2.6700457981211083,-0.21326325113431455,2.4316107256535164,-0.2308755956700081,-0.04777268431521882,,,,,,,,,,,,,,,,,,,,,,,,,,,
PSM7J17V,P6018,nonIBD,0,,,,,,,,,,2.5198856929237485,4.298011227919011,-0.001067332471580989,1.127920195404117,1.5170073666568806,2.748344399715881,1.8820982171059015,1.9500062269455787,-0.1462064739465535,0.32863719767535476,0.3795208705720052,2.5900738312505966,3.3031991771608893,0.8021795087253631,,,,,,,,,,,,,0.350100935153673,0.116623415396129,0.3526886365421434,-0.17700441593613647,-0.6443516109849997,1.1459340835862146,-0.3851894730982236,0.017213403855641962,-0.10429053397097302,0.3066710629182,-0.18010567816992895,0.4356181042305922,,,
PSM7J17X,P6018,nonIBD,0,,,,,0.7266670543948182,0.4412151009861994,-0.20866330691952312,0.25181490583663674,-0.33821870342383564,1.72682208693614,1.4834451971477578,-0.2837823462733145,0.34855682962081785,0.3210177802141124,1.3974014447595788,2.4056966943177733,1.6269779961988842,-0.1462064739465535,1.0492509737239903,0.33448971680847134,0.9709506153957166,2.170386671731491,0.6205100682747969,2.772993960495666,1.1898861595292565,-0.08813052984784635,-0.26693443654707977,-0.3365572420874257,0.15455173581269654,7.459995808803663,0.932521170686913,-0.08813052984784635,-0.1429654204315602,-0.021302251896754238,-2.67740146303475,0.49048736252512354,0.18385098044938333,0.5795838139567723,-0.5368793970427479,-1.5248031306387684,0.8961645515021706,-0.33520225855844843,0.0997514805338319,-0.10429053397097302,0.49534609166023497,-0.18010567816992895,-0.3514839250426706,,-0.11241482424008134,0.31186022351543913
PSM7J17Z,P6018,nonIBD,0,,,,,,,,,,3.9566257456011624,1.0904873582050965,0.005180111823334828,-0.0870246535274048,0.021869282585973492,0.8444432781586572,0.5581363370385631,0.5411648247426659,-0.1462064739465535,0.2959716691627304,-0.2666383964668182,0.9364750090917912,0.2332498645422824,1.2331779750335286,,,,,,,,,,,,,0.14340454194726893,-0.011821521788881035,-0.18469106377590472,-0.14764185459509463,-0.01765951024311021,-0.1235889017531293,0.4593986581220408,0.23861098953136467,-0.10429053397097302,0.059724594445258274,-0.18010567816992895,-0.33431691792771256,,-0.11241482424008134,0.20102327761862956
PSM7J182,P6018,nonIBD,0,,,,,,,,,,3.364499544158995,0.8813876898669719,0.1173803249513139,0.4029228763334753,-0.06903698384088608,0.3990969170093352,3.323226030017943,0.89274943733243,1.040342808920981,0.8867229286338099,-0.04022388481846549,0.5547661457620768,0.6514272182479823,0.48563512341566334,,,,,,,,,,,,,1.2625763619477761,0.17784518822946035,0.20017721819210352,0.42124564450828406,-0.02175772372720988,0.9355689250300103,1.6868547440024217,0.21854524998821975,-0.10429053397097302,1.1764885963308547,-0.18010567816992895,-0.4152962155039221,,-0.11241482424008134,0.23671721702991647
PSM7J184,P6018,nonIBD,0,,,,,,,,,,4.151971039169374,0.29823905682469076,-0.07701486783217638,0.014155564209231473,-0.37841931351668473,0.032159683389393234,1.3660544149294087,0.29577628335636424,-0.1462064739465535,0.3406034946865932,-0.30149192607960834,-0.1361462243918156,-0.9611149229498153,-0.12942697040079762,,,,,,,,,,,,,0.8759731648830406,0.18062121710873635,-0.18469106377590472,-0.004016374436822389,0.21851197470037537,-0.18661337000515643,0.2736025118269447,0.5189871396550495,-0.10429053397097302,0.6571408595473095,-0.18010567816992895,-0.33431691792771256,,-0.11241482424008134,0.3512100047712823
PSM7J186,P6018,nonIBD,0,,,,,,,,,,4.420973752601691,0.4636012927702386,-0.1996730111709558,0.1484666233066204,-0.4156615739157633,-0.22562305532965485,1.0682706501023596,0.3512716293905729,-0.1462064739465535,0.3782564719791103,-0.2007411685646623,-0.2824151586517595,-1.2300228746692008,-0.1026972261186631,,,,,,,,,,,,,0.5642203212640552,0.09223509045005858,-0.18469106377590472,-0.08761596947243623,-0.02147384407045938,-0.33566152582718095,0.448366593275863,0.23861098953136467,-0.10429053397097302,0.1253640474116326,-0.18010567816992895,-0.33431691792771256,,-0.11241482424008134,0.21555056865741723
PSM7J188,P6033,CD,1,,,,,-0.4215872724857853,-0.10541948530937685,0.9431112268642227,0.5232662291481883,-0.2329989296614764,,,,,,,,,,,,,,,,,,,,,,,,,,,,,,,,,,,,,,,,,
PSM7J18E,P6010,CD,1,,,,,,,,,,-0.06403119757613374,0.08797816602843127,0.47449456574453647,0.3532594136571038,0.0036426301573953086,-0.2717836456722024,-0.19326550227804554,-0.00905463712039468,-0.10843274156073193,0.023296398814434266,-0.21326325113431455,-0.22677228274192393,-0.1420564789365283,0.03985456117616014,,,,,,,,,,,,,1.9138399327575943,1.8772694422587817,1.4680864539911012,1.7284823243832108,1.859330059986057,-0.4246830867176283,1.022833776949519,0.411340728676407,,0.6382266485883162,-0.07939061616942635,-0.2813350374326855,,,
PSM7J18G,P6010,CD,1,,,,,,,,,,0.025130663858791397,-0.06785678645288379,-0.07439002236298929,-0.05131497630202677,-0.15024089980331864,0.34566934957009926,-0.5848306164385058,0.0194003617567418,-0.10843274156073193,-0.6998081841063134,-0.20778071075524362,0.3093493387598706,-0.6857633239154854,0.12355721853452112,,,,,,,,,,,,,1.0987259831051448,1.0093594619537125,10.48500573482552,0.5487188965985854,2.1779280093729443,0.5584199900959479,1.2639261836738942,-0.26893088809596133,,-0.07924635722212167,-0.07939061616942635,-0.2813350374326855,,-0.062149905905642094,0.26942062429361624
PSM7J18I,P6010,CD,1,,,,,,,,,,0.4874405313313907,-0.22210360367500212,0.8619955066580445,-0.06959166828449097,-0.2624991595328853,-0.27840540032405614,-0.6824877202558256,0.0739428911690403,-0.10843274156073193,-0.3912953126936562,-0.21326325113431455,-0.13542199543622355,-0.9256804392323839,-0.044837149246001816,,,,,,,,,,,,,3.3185421323068054,1.1768493709932102,-0.1841434975068624,1.0016048787057719,1.2767792222405068,-0.5100279017692734,-0.5260175568370826,-0.40303783050049713,,-0.03474109791953369,-0.07939061616942635,-0.2813350374326855,,-0.062149905905642094,-0.0001764808778076396
PSM7J18K,P6010,CD,1,,,,,,,,,,0.24295324178237943,-0.11244832061206696,-0.12765008987562296,-0.07898066541835634,-0.25410595411780196,-0.24507831573855104,-0.2053935732308055,-0.10953181195815345,-0.10843274156073193,-0.6235522515326581,-0.21326325113431455,-0.2153265830578415,-0.265494539234042,-0.12189894987130258,,,,,,,,,,,,,1.054358794763969,1.4996137206526432,-0.15096781811619261,0.363266123543521,1.0898468612500025,-0.34200573430031295,0.33382896477524365,1.1191279626254902,,-0.3971663067495422,-0.07939061616942635,-0.2813350374326855,,-0.062149905905642094,-0.041326265295626025
PSM7J18M,P6010,CD,1,,,,,,,,,,0.18446679996095117,-0.10242097887832877,-0.1411859090036129,0.16233859944322543,0.00816852435283662,-0.24692500029937017,-0.22088982796291864,-0.0945595537396289,-0.10843274156073193,-0.17409140903769657,-0.21326325113431455,-0.2827965294761644,-0.24078297932865844,-0.14518956614316392,,,,,,,,,,,,,0.03955470981146018,0.439282583725747,-0.1841434975068624,-0.3327752593876436,0.07368430419619416,-0.5136044331433463,-1.9163984037394208,-0.2604811604968489,,-0.8708377513285751,-0.07939061616942635,-0.2813350374326855,,-0.062149905905642094,-0.2640424023258735
PSM7J18Q,P6012,UC,1,,,,,,,,,,-0.004739058863681724,0.3646666983274442,-0.4210009723204036,0.024153249433239474,-0.9029568431420003,-0.2944594522094344,-0.3516841219344603,0.00546309349742274,-0.13833516500220164,0.38991407866450195,-0.3206853541700213,-0.24971284509641783,-0.07810676713661643,0.1513641891068035,,,,,,,,,,,,,-0.3857213465942103,-0.6207889791961574,-0.960072083651587,-0.3753522928842222,-1.00104482795739,-0.41392180517680466,-0.4825373247957371,-0.06886102095798757,-0.09434468921296807,-1.021203396316776,-0.13571057116566926,-0.23301540043091898,,,
PSM7J193,P6013,UC,1,,,,,1.053300237394737,2.0244327689636834,0.7969568697293832,1.3817445533195072,0.42716795702611426,0.09149671388820421,-0.16097028148563286,-0.5124134709826628,0.9781808420086041,1.1176367943709349,-0.29639352662252816,-0.24199649342396398,-0.296677825458094,-0.13833516500220164,0.791652497873113,-0.287637358349036,-0.17016260182221554,-0.5181459354010237,-0.08189271129232792,,,,,,,,,,,,,0.4325177527701214,0.15085302332013556,-0.24634640826316948,0.5978444275850497,1.1634622420806924,2.1390653864131823,-0.16137495433777255,-0.44550067085460887,-0.09434468921296807,0.1352315103483008,-0.13571057116566926,1.5891138725095322,,-0.08939284250604397,-0.39569558137662536
PSM7J195,P6024,CD,1,,,,,,,,,,,,,,,,,,,,,,,,1.2742752460740552,3.5817341774242357,-0.08813052984784635,-0.3146632015399987,8.876176718399934,0.15455173581269654,1.8451517885496604,3.517427564127187,-0.08813052984784635,-0.03510391416842733,9.539428505119014,4.237689697982641,,,,,,,,,,,,,,,
PSM7J199,P6016,CD,1,,,,,,,,,,0.22633912844174353,0.7666699345402898,-0.2518211300691497,0.6780537066976265,0.29507693820686925,-0.2674004984290756,-0.226911945768876,-0.7697934953786632,-0.10843274156073193,0.8033836987632846,-0.2075293200551142,-0.21494928299897098,0.03595161154154807,-0.24950666555187195,,,,,,,,,,,,,0.07000668855655355,0.3135452489465573,-0.1841434975068624,-0.05606672651582647,0.1628935392770809,-0.2223869049926064,-0.25179499651549836,1.2314863864390204,,-0.3217653539558269,-0.07939061616942635,-0.3277828951035398,,-0.062149905905642094,0.6758240954457582
PSM7J19B,P6016,CD,1,,,,,-0.5576134745816863,-0.7382502239954651,-0.653243731696285,-0.584497367564999,0.10705571899328631,0.10228787377187137,0.5877224679680978,-0.04814669578819596,0.43762070118349294,0.11068006675528626,-0.3869854792202773,-0.4854803050359333,-0.37808281548242945,-0.10843274156073193,-0.16497358623865363,-0.20174607281829687,-1.4139055322883964,-0.4164168029721459,0.6285006443320043,,,,,,,,,,,,,-0.28101238661537953,0.2232311277124921,-0.1841434975068624,-0.31282449701556114,-0.5522603528062513,-0.60873945449099,-0.14495061441713622,-0.395849478259382,,-0.5743220902430418,-0.07939061616942635,-0.2813350374326855,,-0.062149905905642094,-0.44521349784696024
PSM7J19F,P6016,CD,1,,,,,,,,,,0.11536083484169139,0.570255386701432,-0.12800160254914653,0.8802909438002994,-0.5096048829363563,-0.3704134502580685,-0.25473608579614887,0.24693704023061008,-0.10843274156073193,0.5836337549547201,-0.18670459580030674,-0.21464465899350874,0.03822391613515159,-0.22914981876968668,0.09804310999607643,0.23297629202419398,-0.07284643967679481,-0.5281298954820738,0.5452638090205956,0.09560573483367543,-0.2889131993777613,-0.3377928645099569,-0.07284643967679481,-0.6541637194506592,-0.03565923567125712,0.030391478799598647,1.1635285535443232,1.161249398474968,-0.1841434975068624,-0.046682398060976814,0.6507766538921775,0.00882108140229961,-0.16233259453702337,-0.08917080369667027,,-0.031871328736831954,-0.07939061616942635,0.06934640445488996,,-0.062149905905642094,-0.21006527175242412
PSM7J19H,P6016,CD,1,,,,,,,,,,-0.007685357364748984,0.49251647981109253,1.5352241747184685,0.21094043934573264,0.15588441948789686,-0.7314866504048755,-0.013070388641082474,-0.15544831395040537,-0.10843274156073193,3.3967960502821577,0.007991162526180935,0.7626406644897433,0.006280419182841858,-0.2369160019893987,,,,,,,,,,,,,,,,,,,,,,,,,,,
PSM7J19J,P6016,CD,1,,,,,0.16519387901799612,0.5634852856628966,1.4623936398341435,-0.3554294737897584,1.1619641392798323,0.2948180381021182,1.7701905837567107,2.2812028039987124,1.0594117490049173,0.0021747017618369267,-0.13653347566365281,-0.6711961192211909,0.38576040414250556,-1.4070755236874255,1.6808081558514607,-0.21326325113431455,0.9895260084095158,0.20108543289235511,0.7021845056576731,,,,,,,,,,,,,-0.07324728465494912,0.03100201666520837,-0.1841434975068624,-0.43050961493843515,0.031426093583661316,0.14354776544577347,-0.14495061441713622,-0.37301085340291,,-0.6680978326235628,-0.07939061616942635,-0.2813350374326855,,-0.062149905905642094,0.03091794785233216
PSM7J19N,P6017,nonIBD,0,,,,,,,,,,-0.22358193767220916,-0.45592383362011407,-0.10411324264924617,0.014366580337516487,-0.5557578444125714,-0.3830006844501116,-0.34533036119926247,-0.67346940269568,-0.10843274156073193,-0.23311548349148048,-0.21326325113431455,-0.1486037653737027,-0.30607606928975445,-0.24872747001835205,-1.9535004146452144,7.717695706934304,-0.07284643967679481,-0.274615651427781,-0.3039680022039627,0.09560573483367543,-0.13457820819769445,-0.3377928645099569,-0.07284643967679481,-0.5815998873871691,-0.509707869401678,0.030391478799598647,-0.5637919185395878,-0.4380092032274596,1.9835905875004227,0.9967109207446754,0.41790355306275,-0.45151494060102804,-0.9145859333325775,0.15994415333049292,,-1.000730842143356,-0.07939061616942635,-0.2813350374326855,,-0.062149905905642094,-0.5282067849291641
PSM7J19P,P6017,nonIBD,0,,,,,,,,,,-0.3732128122276566,-0.5333274100273631,-0.26127354212865056,-0.15769813742176378,-0.3897688783566607,-0.24856420170430885,-0.27014427132338953,-0.7060052012109601,-0.10843274156073193,-0.5804228303877071,-0.21326325113431455,-0.21481765944196018,-0.9677012815453565,-0.2505343678491006,,,,,,,,,,,,,-0.5950580586747926,-0.31400064283404533,-0.1841434975068624,-0.10636033860611109,-0.04904979705510031,-0.29744041583254355,-0.3517101215997794,0.9192286988406967,,-0.3111094326595159,-0.07939061616942635,-0.2813350374326855,,-0.062149905905642094,-0.6589795824102925
PSM7J19R,P6017,nonIBD,0,,,,,,,,,,0.039851464420989365,-0.42882839825871677,-0.3250649206945392,0.11153957948437049,-1.2139265005319033,-0.24856420170430885,-0.9831271804245658,-0.46374771529164444,-0.10843274156073193,-0.7528757204989899,-0.21326325113431455,-0.21481765944196018,-0.07860012943480536,-0.25086249402674815,-2.2598876162388684,7.888445061382496,-0.07284643967679481,0.09910855262162128,-0.24632053810386098,0.09560573483367543,-1.6325985231938518,0.3539914945517707,-0.07284643967679481,3.3485233996038377,-1.1622641252655284,0.030391478799598647,,,,,,,,,,,,,,,
PSM7J19T,P6017,nonIBD,0,,,,,,,,,,-0.15260326465411453,-0.28519653702909287,0.19662062813396725,0.09210877915418983,-0.43109001961621574,-0.24856420170430885,-0.13537108934673994,-0.3169902723423646,-0.10843274156073193,0.21750304088718295,-0.21326325113431455,-0.21481765944196018,0.2909635384641937,-0.17733058943508234,,,,,,,,,,,,,,,,,,,,,,,,,,,
PSM7J19V,P6017,nonIBD,0,,,,,0.21156550723462508,-1.2414664254355845,-0.962203182225447,-0.8615735627602071,-0.4414409162381191,,,,,,,,,,,,,,,,,,,,,,,,,,,,,,,,,,,,,,,,,
PSM7J19X_P,P6018,nonIBD,0,,,,,,,,,,2.565470041006902,13.74874363435931,0.031164424506987084,2.5416453264289642,2.664372448149616,-0.0787403452130476,-0.06941006359353258,2.0419231653938037,-0.1462064739465535,3.0937378577399235,1.0737427632229348,0.003722167438809866,0.29721604280549546,0.9679122984810876,,,,,,,,,,,,,,,,,,,,,,,,,,,
PSM7J19Z,P6018,nonIBD,0,,,,,,,,,,2.1899945821380364,10.117295550895832,1.409065390057764,2.295704171290275,4.138241046024341,2.9037086118787854,1.104745439437958,3.1450891647298547,-0.1462064739465535,1.73396850394804,0.18170143516097098,3.7207285881253322,0.29721604280549546,2.060514110993293,,,,,,,,,,,,,,,,,,,,,,,,,,,
PSM7J1A2,P6018,nonIBD,0,,,,,0.5059417667475222,-0.15500424203845667,0.069752171325222,0.5564259320083845,0.20201234142919916,3.031043041895593,10.278132539752953,0.30484963687730193,2.7971032556689055,3.9112034005814857,2.0143371189738772,3.333706238247901,1.815968928183833,-0.1462064739465535,1.0570776600709653,0.6080754278297972,2.2827988284287386,0.29721604280549546,1.5549500783867585,,,,,,,,,,,,,0.13710249033151892,0.5366003870764869,-0.18469106377590472,0.27300515485856464,-0.697528479604994,0.0702082521723334,-0.0017289981455976293,0.20642352426065017,-0.10429053397097302,-0.2788519617310518,-0.18010567816992895,0.257661664473111,,-0.11241482424008134,0.5435059484246217
PSM7J1A4,P6018,nonIBD,0,,,,,,,,,,2.45068103429839,3.4545052484737115,0.18342454111010467,2.0643837883094296,3.0007146731285945,3.5504984276649987,3.98793513141549,2.4246296701006913,-0.1462064739465535,1.843292140412135,0.7029927135417777,3.629560633408827,0.37743961529323045,2.123459841084494,1.355184250634995,0.08761395366722986,-0.08813052984784635,-0.24052636118212511,0.07921541391948597,0.15455173581269654,1.288572426798961,-0.3599320260332242,-0.08813052984784635,-0.03510391416842733,-0.1201384398497693,0.07869356735747605,,,,,,,,,,,,,,,
PSM7J1A6,P6018,nonIBD,0,,,,,,,,,,2.673867936533809,3.1476955198639853,1.1652798311191113,4.300712094760232,3.76343796640574,0.43595530481756095,2.4474581543677183,3.369173594023436,-0.1462064739465535,3.4579447681528857,3.710854476544801,3.493127063001587,0.29721604280549546,-1.8590132368647823,,,,,,,,,,,,,,,,,,,,,,,,,,-0.11241482424008134,0.29747191392882555
PSM7J1A8,P6018,nonIBD,0,,,,,,,,,,3.214834123134495,4.793892109554826,0.7011251541090422,1.7191889480461033,1.503646232982702,2.077547617918217,2.344798434333733,2.321986632827501,-0.1462064739465535,2.6597149976519763,1.5208990482542746,1.6595890529430017,1.385721390975257,0.5662673583743366,,,,,,,,,,,,,0.31130530588357197,-0.012747319868498233,-0.18469106377590472,-0.29868938844426596,1.5598764179260571,0.36407305402566165,-0.4033275190528134,0.08619780464634329,-0.10429053397097302,0.09133431232774519,-0.18010567816992895,-0.46468190471474574,,,
PSM7J1AM,P6013,UC,1,,,,,,,,,,-0.21919659788706006,-0.2075090855259871,-0.5911345417128101,0.10995934093177337,0.5842211229273012,-0.15173848816755797,-0.16150138332051228,-0.3027281116834865,-0.13833516500220164,-0.18879680084808634,-0.1663449620615338,-0.2075286341793476,-0.7022731070317848,0.2598541730206113,,,,,,,,,,,,,0.055541831340401554,-0.20986113426651076,-0.24634640826316948,-0.17419748643349384,0.43136506074851133,0.2342816305566062,-0.03648626025262267,-0.5077124757204405,-0.09434468921296807,-0.3138004999516231,-0.13571057116566926,-0.23301540043091898,,,
PSM7J1AO,P6013,UC,1,,,,,,,,,,-0.014347170385882011,-0.45387395132834524,-0.6072639533678675,0.7386166061200411,1.0498360926986978,-0.39243785990440166,-0.298414358934651,-0.20567043601956797,-0.13833516500220164,0.5605568637265821,-0.28446068506105365,-0.21869853482424115,-0.9686906386828914,-0.15695173920438166,,,,,,,,,,,,,,,,,,,,,,,,,,,
PSM7J1AQ,P6013,UC,1,,,,,,,,,,-0.008128395822405408,-0.3645230904398226,-0.5320705516820062,0.5979319341332179,0.5369107034612713,-0.30183618296801307,0.1517512421297763,-0.1766469922183652,0.14371702232875655,0.5797416345139348,-0.3206853541700213,-0.24494962264543416,-0.00912342201556331,-0.09081302254386528,,,,,,,,,,,,,,,,,,,,,,,,,,,
PSM7J1AS,P6013,UC,1,,,,,,,,,,-0.08622193790676035,-0.26400808186713476,-0.44757000856802653,0.5954525452107606,0.8894041109731743,-0.3288777828169425,-0.37353796876730316,-0.18971567360685182,-0.13833516500220164,0.492784215868431,-0.2660859311184074,-0.2345699338238853,-0.7819699375159916,-0.08172112626859096,0.26030420910079144,0.36722556015821756,-0.08602647872386804,-0.09397706471979429,-0.27137956473990005,0.012623600559267523,-0.6130543846779585,-0.0970981801533063,-0.08602647872386804,-0.1507971664076228,-0.1677215153156807,0.15804200816145356,,,,,,,,,,,,,,,
PSM7J1AU,P6013,UC,1,,,,,0.4409925843832612,1.6061749852449034,1.7217478759262757,0.863173333067913,0.985495801126631,-0.09549067418539721,-0.4048056534363431,-0.5635793848574372,0.3190375246505021,0.5816596702278481,-0.32596831889157507,-0.17373198390336705,-0.26871194891520456,-0.13833516500220164,0.37254088060508006,-0.3206853541700213,-0.16329859913719258,-0.5434290540035251,0.04651935449922052,,,,,,,,,,,,,-0.9668994292124358,-0.6290950781157936,-0.24634640826316948,0.045348389981965255,0.4771301301706999,0.12935452568034864,-0.715982488547334,-0.6099847668960329,-0.09434468921296807,-0.18143626654196354,-0.13571057116566926,0.22146914143269317,,,
PSM7J1AW,P6013,UC,1,,,,,,,,,,-0.36545687606609895,-0.45824756643530296,-0.40942407259381247,-0.28516096728341256,-0.3010859998284297,-0.29646959296244335,,,,,,,0.03518030791032876,-0.42064969012370684,0.6639642368689883,0.36722556015821756,-0.08602647872386804,-0.09397706471979429,-0.31084151864951054,0.012623600559267523,0.11463642131670711,-0.0970981801533063,-0.08602647872386804,-0.1507971664076228,-0.5640179281355393,0.15804200816145356,,,,,,,,,,,,,,,
PSM7J1B3_P,P6028,CD,1,,,,,,,,,,0.37090813296218433,0.3918800877141089,1.122949224960143,0.2946251031500528,-1.4181300704124085,3.043399570269921,0.7851355561559784,0.9300908563544112,-0.11407085113498545,1.4103211541509866,2.0147676271370436,3.0460087968732457,-0.10860783542609091,5.328606116302682,,,,,,,,,,,,,,,,,,,,,,,,,,,
PSM7J1B7,P6012,UC,1,,,,,,,,,,-0.12382204600951685,-0.07947045174428571,-0.6666288008926485,-0.2546800868891686,-0.46977979188134283,-0.4188979485731104,-0.3336198698735159,0.14804446990899717,-0.13833516500220164,0.29019786597893854,-0.3206853541700213,-0.35709367990523205,-0.09999506183398368,-0.4564217287364404,,,,,,,,,,,,,,,,,,,,,,,,,,,
PSM7J1B9,P6012,UC,1,,,,,,,,,,-0.11783719446805181,0.0034359964203847858,-0.3758627831106664,0.10641241498512069,-0.6902755975770432,-0.23655523627679936,0.16323990602813734,0.21802751998517728,-0.13833516500220164,0.1312421720506829,-0.21823006948261467,-0.2108091233469333,-0.30870925466196025,-0.3935303321687074,-1.6351409380905746,-0.056371305558196715,-0.08602647872386804,-1.6943003464214543,-0.3225261459565886,0.012623600559267523,-0.9662942617487214,-0.0970981801533063,-0.08602647872386804,-0.8077783420468422,-0.30831075457747353,0.15804200816145356,,,,,,,,,,,,,,,
PSM7J1BB,P6012,UC,1,,,,,,,,,,-0.5597972830105555,-0.12673325394802512,-0.6066640556731603,-0.2174873265876633,-0.26396743773459724,-0.23824202461206972,0.00823841644657367,0.24835828670607885,-0.13833516500220164,0.0058898623006777865,-0.3206853541700213,-0.4565225203084704,-0.30204662656953074,-0.6438854672130274,,,,,,,,,,,,,3.5007862810602983,-0.19998052277755346,0.5425134187694011,1.4217339311579447,0.3494570375475381,1.7230187268335166,1.700198115053819,-0.06671630107356157,-0.09434468921296807,1.380899854636023,-0.13571057116566926,0.3371742700036346,,-0.08939284250604397,0.25513296184412537
PSM7J1BD,P6012,UC,1,,,,,,,,,,-0.4957546268677654,-0.141917382640409,-0.17847574410337394,-0.4363770897036622,-0.4986650062022621,-0.5866346107610326,-0.30009697962714016,0.03133276356759977,-0.13833516500220164,0.0013561494332162297,-0.3206853541700213,-0.49810886169457735,-0.05013558757405847,-0.47654613535755835,,,,,,,,,,,,,,,,,,,,,,,,,,,
PSM7J1BF,P6012,UC,1,,,,,1.9233795886554872,0.22599051465188064,0.44354552524313345,0.8242826649960907,0.25566255371809754,-0.6426541357643808,-0.04304932688381374,-0.6449265142892194,-0.16235470226892526,-0.5604303043501898,-0.3874013775424077,-0.2926278603407509,0.028019757042601033,-0.13833516500220164,0.3669033524395018,-0.3206853541700213,-0.36898680038687276,-0.523880308087584,-0.4340492966658761,,,,,,,,,,,,,0.053590896450466795,-0.464332219729658,-0.33807405696836274,0.04547448169930958,-0.30211685658456156,-0.4613826072412777,-1.6691728770511731,-1.8000879330984556,-0.09434468921296807,-0.32983142609549165,-0.13571057116566926,-0.23301540043091898,,,
PSM7J1BH,P6012,UC,1,,,,,,,,,,,,,,,,,,,,,,0.03518030791032876,-0.42064969012370684,,,,,,,,,,,,,,,,,,,,,,,,,,,
PSM7J1BJ,P6024,CD,1,,,,,,,,,,1.7613713339600254,2.0812211076362264,0.3773663865137232,1.2520837629837815,2.046370975292816,-10.897262656727083,0.5064736943358801,0.5340866846190089,-0.1462064739465535,4.479871017807178,-0.5723185786459606,-12.882314380211383,0.29721604280549546,4.774254803587428,,,,,,,,,,,,,,,,,,,,,,,,,,,
PSM7J1BL,P6024,CD,1,,,,,,,,,,1.2276166960553134,1.3867505261295383,2.4979635686174992,1.6216877848401863,3.0491159453841274,2.032246620162249,2.425470878283684,1.8318349057114147,-0.1462064739465535,2.5150803405193676,3.258225296550896,2.7294493936065245,0.29721604280549546,4.719043788048189,,,,,,,,,,,,,,,,,,,,,,,,,,,
PSM7J1BN,P6024,CD,1,,,,,0.6553434058189093,1.253470189505035,1.2020225051995248,-1.0217896574319498,1.3933268585827452,,,,,,,,,,,,,,,1.4934991075039277,0.08761395366722986,-0.08813052984784635,-0.24052636118212511,1.5020642836203024,0.15455173581269654,1.288572426798961,-0.3599320260332242,-0.08813052984784635,-1.9726992343189806,2.447168416140973,0.07869356735747605,,,,,,,,,,,,,,,
PSM7J1BN_P,P6024,CD,1,,,,,,,,,,1.3418193646656549,1.512708594770118,3.324344597308027,2.3169416126746007,2.801610467999392,0.5330205193394192,2.5427212561931487,2.766569704685967,-0.1462064739465535,3.424971315842578,5.460554501223143,0.23000316249563937,0.29721604280549546,2.1718320133395324,,,,,,,,,,,,,,,,,,,,,,,,,,,
PSM7J1BP,P6024,CD,1,,,,,,,,,,5.67073677694471,3.5557057079994108,1.7213733103698472,4.3837787565003925,11.402768555684172,11.454064318541981,7.619687797980277,2.836882636133078,-0.1462064739465535,6.902638156925532,17.969519435748936,20.199260789601723,0.29721604280549546,3.8626040093753042,,,,,,,,,,,,,,,,,,,,,,,,,,,
PSM7J1BR,P6024,CD,1,,,,,,,,,,1.7959969561317326,4.492035899397693,0.3939778097657754,3.5705783097444748,2.4835123723106243,0.48654577819184935,0.3127620490072175,0.12300227962259229,-0.1462064739465535,1.6273916273728746,0.9623835208875502,0.45546676161522137,0.29721604280549546,0.8739636987185913,,,,,,,,,,,,,0.6856035249070155,1.3579357582185005,0.41511153841666737,2.63256268090082,1.9889818326581974,1.4681017571792252,-0.051745131696156424,1.712189116852215,-0.10429053397097302,1.1784692424294159,-0.18010567816992895,-0.712528416532055,,-0.11241482424008134,0.8082779662275865
PSM7J1BV,P6025,UC,1,,,,,,,,,,-0.64004095204914,-0.8789496455498056,-0.19214767103273098,-1.14342414940568,-0.44705030942752,-0.3334620332493318,-0.22444960447184212,-0.5390295942311805,-0.1462064739465535,-0.6265639225167231,-0.3461462799823559,-0.35432032474260416,0.04619402065316724,-0.509468100186802,,,,,,,,,,,,,,,,,,,,,,,,,,,
PSM7J1BX,P6025,UC,1,,,,,,,,,,0.36272050243579124,-0.5750306588189866,-0.16429490508321237,-0.7734830318703704,-0.41160996113591625,-0.3334620332493318,-0.13612325085423535,-0.1889469963309953,-0.1462064739465535,-0.3108606377342851,-1.3426877283946361,-0.35432032474260416,0.4838665391430638,-0.49754337279627286,,,,,,,,,,,,,,,,,,,,,,,,,,,
PSM7J1C2_P,P6025,UC,1,,,,,,,,,,-0.27861108384740796,-0.5783201429753634,-0.14004377575486218,-0.35367875968302537,0.09935190468686565,-0.2520812362854651,0.04380645340271051,1.6614074419028606,-0.1462064739465535,-0.3721446883733063,0.09755132532933068,-0.23265856520844033,0.29721604280549546,0.16403287095494967,,,,,,,,,,,,,,,,,,,,,,,,,,,
PSM7J1C4,P6025,UC,1,,,,,,,,,,-0.39352397032984004,-0.4212006580030728,-0.2002550666680029,-0.887804291006045,-0.25292625878151587,-0.3334620332493318,-0.24219661634747752,-0.07913978245179856,-0.1462064739465535,-0.44962460769216056,-0.3461462799823559,-0.35432032474260416,-0.13977327086505859,-0.5387690103048435,,,,,,,,,,,,,,,,,,,,,,,,,,,
PSM7J1C8,P6005,CD,1,,,,,,,,,,0.23327867607212988,11.141583075888482,-0.30890692275924997,9.103718423709667,1.1359416232292687,-0.3138830723928277,0.3926907826559629,-1.1149367227794873,-0.13833516500220164,0.14772774709532516,-0.3206853541700213,-0.26040404733984923,-0.13676217769746182,-0.4142007015216451,,,,,,,,,,,,,,,,,,,,,,,,,,,
PSM7J1CC,P6005,CD,1,,,,,-0.27638760166462906,-3.096954656403763,1.4952130617625616,0.385397108994729,0.6207806193997538,0.774009026683835,4.156485934864435,-0.44041477021625725,3.100340740007125,0.3491471429863894,-0.2118284663431546,0.7901593039063165,0.8210596756483518,-0.13833516500220164,0.5143022816367633,-0.3118079185672123,-0.26693192331226,0.2881445255848813,-0.3926180828173373,,,,,,,,,,,,,-0.1911408160083391,0.08549861367705301,-0.24634640826316948,-0.49697609615857175,-0.22892799143864107,-0.9948455861503819,-0.45147448533686324,-0.4403259239197236,-0.09434468921296807,-0.6927285375324435,-0.13571057116566926,-0.23301540043091898,,-0.08939284250604397,0.27981926093648823
PSM7J1CG,P6005,CD,1,,,,,,,,,,-0.21634016564415004,17.070449381940914,0.6198314822879748,15.164239937685789,2.7080724021013576,-0.293531424768304,0.03969321063372035,-0.19785405112961674,-0.13833516500220164,-0.3114094416790307,-0.3206853541700213,-0.24869277509488652,-0.33256236194598593,-0.3861327098774302,,,,,,,,,,,,,,,,,,,,,,,,,,,
PSM7J1CI,P6005,CD,1,,,,,,,,,,0.27094400114163536,3.979690935506278,0.3613520297100306,3.5544209799753705,0.5117923707778573,-0.17900264921318174,0.19032875996298568,-0.06682249297543855,-0.13833516500220164,0.15549833166137775,-0.3206853541700213,-0.2109761469318162,-0.007783506311252652,-0.4164952010376325,,,,,,,,,,,,,0.12138846466910326,0.5822856819698972,-0.4126435213137329,-0.6579988865461878,0.08910833457213825,-0.5958672102917062,-0.5185854586189581,-0.4158376743112376,-0.09434468921296807,-0.8625477155601233,-0.13571057116566926,-0.23301540043091898,,-0.08939284250604397,-0.9339788393886447
PSM7J1CK,P6009,CD,1,,,,,0.12389464682889821,0.4662655274575893,-0.40459213598448857,0.9502857194778924,0.00670036491983123,,,,,,,,,,,,,,,-1.190403774067098,0.08761395366722986,-0.08813052984784635,-0.3186059694464383,-0.3365572420874257,0.15455173581269654,-0.501322079744182,-0.3599320260332242,-0.08813052984784635,-0.3854856663123136,0.050841666454368654,0.07869356735747605,,,,,,,,,,,,,,,
PSM7J1CK_P,P6009,CD,1,,,,,,,,,,-0.2976894411377258,-0.7728143988411861,-0.05334038068995083,-0.6475674051412392,-0.3729284040821068,-0.3334620332493318,-0.07487049755444397,-0.37634569899933923,-0.1462064739465535,-0.4501997533731419,-0.3461462799823559,-0.35432032474260416,0.20001454466189267,0.12971408150423216,,,,,,,,,,,,,,,,,,,,,,,,,,,
PSM7J1CS_P,P6009,CD,1,,,,,,,,,,-0.3846035425455508,-0.41001757940617484,-1.3819917285606658,-0.26656231950130693,-0.5657550593304912,-0.3005332492020004,0.8804590809305907,0.6217977523375984,-0.1462064739465535,0.13406134636041278,-0.3461462799823559,-0.2991535743023344,-0.04651036974681893,-0.3311437986096938,,,,,,,,,,,,,,,,,,,,,,,,,,,
PSM7J1CU,P6009,CD,1,,,,,1.7909700133630095,1.8375942566558374,0.8512781002427003,1.560829731845601,-0.2343026516028586,-0.4968643569602544,-0.036244406052776075,0.40535038761615444,-0.22969255558570845,-0.7626427312955902,-0.20490895448677413,0.5252580179651418,0.1738971405530024,-0.1462064739465535,0.08839210724274431,-0.3198793699136399,-0.19355285063327982,0.2339952061286683,-0.10501668754366447,1.4934991075039277,0.08761395366722986,-0.08813052984784635,-0.24052636118212511,-0.2789116589406932,0.15455173581269654,1.288572426798961,-0.3599320260332242,-0.08813052984784635,-0.03510391416842733,-0.1201384398497693,0.07869356735747605,-0.11681886448296967,-0.46589748181093793,0.6228959582439145,0.16330401374712825,-0.17683703687079133,-0.3679603222185649,0.8734589339247049,-0.11557540193563348,-0.10429053397097302,0.3542031208658038,-0.18010567816992895,0.42633213457819547,,-0.11241482424008134,0.42812147632940145
PSM7J1DF,P6014,nonIBD,0,,,,,,,,,,0.19926424096559,0.5932890593457028,-0.14220974191226637,0.4186137274124339,0.7275765954676127,-0.24349629081450366,-0.28924784049478675,-0.8124216730529334,-0.1462064739465535,0.448536030802574,-0.30946615639183234,-0.34492586556982036,0.10460700371517576,-0.4598166757326233,,,,,,,,,,,,,,,,,,,,,,,,,,,
PSM7J1DH,P6014,nonIBD,0,,,,,-0.04732610871167139,-1.3945846233531547,-1.6709771063147605,2.0341019027597023,0.9129323235134148,,,,,,,,,,,,,,,,,,,,,,,,,,,,,,,,,,,,,,,,,
PSM7J1DL,P6014,nonIBD,0,,,,,,,,,,0.7363919493269127,0.6798267838855498,-0.17362602844950417,1.0504286691751095,1.2518398375417756,-0.3111634648709402,-0.3061216408106762,-0.41456792006029947,-0.1462064739465535,-0.2596269802281813,-0.18445649557211477,-0.2968320125268409,-0.10934150061992164,-0.3744825833538324,,,,,,,,,,,,,,,,,,,,,,,,,,,
PSM7J4EF,P6037,CD,1,,,,,,,,,,0.10301902633710606,1.2968721425158394,0.8548478224310381,1.474345855062364,0.5930506912582557,0.109889475850648,-0.7963604494875562,0.4744554802390128,-0.1113122162579901,0.42519998374964385,0.46530919844426044,0.2725381296716708,0.40309465913236436,1.523862848107137,,,,,,,,,,,,,0.051390849530635704,-0.34762850531785455,-0.28826309641283665,-0.33954583173374264,0.11395362555148791,-0.36558924232141166,-0.334151925718625,-0.5334757348708606,-0.10370044001367282,-0.41444297591324497,-0.13812187083932795,-0.29710455056206575,,,
PSM7J4EU,P6024,CD,1,,,0.7615290764663754,0.7928537491220312,,,,,,,,,,,,,,,,,,,,,,,,,,,,,,,,,,,,,,,,,,,,,,
PSM7J4EV,P6024,CD,1,,,-0.929934316623731,-1.0923028261721437,,,,,,,,,,,,,,,,,,,,,,,,,,,,,,,,,,,,,,,,,,,,,,
PSM7J4EW,P6025,UC,1,,,1.1287792618265005,1.3135028189877858,,,,,,,,,,,,,,,,,,,,,,,,,,,,,,,,,,,,,,,,,,,,,,
PSM7J4EX,P6025,UC,1,,,-1.9066371497698482,-0.6061401845656564,,,,,,,,,,,,,,,,,,,,,,,,,,,,,,,,,,,,,,,,,,,,,,
PSM7J4F3,P6028,CD,1,,,0.46858335032793885,-0.4938526541300043,,,,,,,,,,,,,,,,,,,,,,,,,,,,,,,,,,,,,,,,,,,,,,
PSM7J4F4,P6028,CD,1,,,0.17694423357721625,1.1198413715358506,,,,,,,,,,,,,,,,,,,,,,,,,,,,,,,,,,,,,,,,,,,,,,
PSM7J4FL,P6016,CD,1,,,0.635641852155484,0.44374880690999385,,,,,,,,,,,,,,,,,,,,,,,,,,,,,,,,,,,,,,,,,,,,,,
PSMA263M,P6024,CD,1,,,,,,,,,,2.161951623488363,5.23586794063686,0.009535305600196222,3.921847866048172,3.898221743526132,2.2593062589717317,1.5325655705711978,1.7202841471397257,-0.1462064739465535,1.9389899411173672,0.6490788329879068,2.143619675828764,1.9843573410133015,0.5073241830120372,1.4934991075039277,0.08761395366722986,-0.08813052984784635,0.31234373444427344,0.23501490131028835,0.15455173581269654,1.288572426798961,-0.3599320260332242,-0.08813052984784635,-0.03510391416842733,1.2122127908318676,0.07869356735747605,,,,,,,,,,,,,,,
PSMA263S,P6024,CD,1,,,,,,,,,,1.3010080724834034,3.6976314162708053,0.20035004999363068,2.901955629482058,2.9276543386691305,0.6041453173494206,0.7788948392150747,1.2898553908657642,-0.1462064739465535,1.3326677087169478,0.7248052038048548,1.4544985266034958,0.30995823339034295,1.0301106964461246,,,,,,,,,,,,,,,,,,,,,,,,,,,
PSMA263U,P6024,CD,1,,,,,,,,,,1.4156661007835667,3.3296898020917687,0.8738302047608821,3.167390392310293,2.579650589743849,0.9605766125821896,1.670447123098993,1.7079314731951014,-0.1462064739465535,1.9895813727083411,1.8581192995289344,1.4263144696557388,0.6035387721744697,1.5602905642153233,,,,,,,,,,,,,,,,,,,,,,,,,,,
PSMA263W,P6024,CD,1,,,,,0.8083042416033738,0.19290110491549986,0.9612158500124826,0.3118557288881193,0.8732328493546312,1.8465138732023985,3.553344180391665,0.07817611529691648,2.803990770518481,2.839448774578689,0.011786827316684524,0.7921995768961403,0.8947652396485515,-0.1462064739465535,1.936924753098952,0.22777427927599778,0.16537938907426933,1.5986415195267212,0.43744764343315706,1.355184250634995,0.08761395366722986,-0.08813052984784635,0.5160371644266002,-0.10934065098947082,-2.757021956916883,1.288572426798961,-0.3599320260332242,-0.08813052984784635,-0.1429654204315602,0.3693598425155759,0.07869356735747605,0.30656121014539467,1.1156611942569798,-0.18469106377590472,1.6430833256624322,1.0410201634177985,1.1955631436676084,-0.350019570285286,1.646105242163606,-0.10429053397097302,-0.1791189528151999,-0.18010567816992895,0.45239709031930236,,-0.11241482424008134,0.28293055116739174
PSMA2644,P6017,nonIBD,0,,,,,,,,,,,,,,,,,,,,,,,,-1.3111832239512513,-0.029411881575440574,-0.07284643967679481,-0.3114769370004954,0.020855719739840992,0.09560573483367543,0.3566672846636614,-0.3377928645099569,-0.07284643967679481,-0.22075334806730054,-0.15347107821746653,0.030391478799598647,,,,,,,,,,,,,,,
PSMA2646,P6017,nonIBD,0,,,,,-0.6364190798686896,-1.449866473011273,-1.838085967648351,-1.7148864358478122,-0.5625092747481749,,,,,,,,,,,,,,,,,,,,,,,,,,,,,,,,,,,,,,,,,
PSMA264K,P6025,UC,1,,,,,,,,,,-0.338032109695099,-0.5305286043819669,-0.16775405947045904,-0.8626749509990788,-0.39181838644699474,-0.32540293972911416,-0.20541256832201676,-0.518148633615191,-0.1462064739465535,-0.6786472470290745,-0.3461462799823559,-0.3537882062380482,-0.46512733923834615,-0.4141579591628011,,,,,,,,,,,,,,,,,,,,,,,,,,,
PSMA264O,P6035,UC,1,,,,,,,,,,0.2843865249277824,-0.14323465238223615,-0.5220121399712631,0.011965803512804423,-0.44215487106205414,-0.20750325492482513,0.21057013275356284,-0.12970778043874787,-0.11407085113498545,0.7139972915346281,-0.3363939264701503,-0.26825884741102884,-1.153128299894626,-0.4342306684926889,,,,,,,,,,,,,,,,,,,,,,,,,,,
PSMA264Q,P6035,UC,1,,,,,1.1096575059773712,0.9083296844911247,0.7386868076940712,-0.5605934906832354,1.5449269672392225,0.3450530543768197,0.03913462682496628,-0.29940897001731237,0.3606615632240583,-0.3012619740503156,-0.31458883059885606,0.6449818024676898,-0.05681584829438657,-0.11407085113498545,0.929914452788586,-0.3363939264701503,-0.23264965970020976,-0.5298289559863661,-0.4546032341218605,0.4723932910360896,-0.03492570800200681,,-0.20356176875780368,-0.3598355066434027,0.07560302623362697,0.4870106221295678,-0.23581076897759604,,0.004307276356582939,-0.22612268189982643,0.06293716072304763,,,,,,,,,,,,,,,
PSMA264S,P6035,UC,1,,,,,,,,,,0.3538164423222381,0.0972190374396937,-0.37008768938184267,0.16495502336110107,-0.2884548360772517,-0.19479994064798867,0.9137466523861105,0.118204289080233,-0.11407085113498545,0.5626906732062474,-0.3363939264701503,-0.2874567149215815,-0.6618096390013632,-0.389692890712945,,,,,,,,,,,,,1.2643834248569994,-1.2633829491842303,-0.2327454228519667,1.931769161976841,-0.8331439897085715,-0.557730483705132,0.7271057454493163,0.40049954367196333,-0.09938799855279619,-0.15917119127838353,-0.1342339472220414,-0.29823699268813436,,,
PSMA264U,P6035,UC,1,,,,,,,,,,0.42326691937396405,-0.10089382690190511,-0.3894250579596768,-0.1497004049648868,-0.3086934000496516,-0.3205111881187269,0.029738474633427003,0.002852293054431259,-0.11407085113498545,-0.0832985505873237,-0.3363939264701503,-0.2597135037210617,-1.0379448931676245,-0.38358442421930833,,,,,,,,,,,,,0.5209434650851523,-1.407367760346078,-0.2327454228519667,0.7021477766548717,-0.5640820068727143,-0.07398656032444743,1.2086488317091737,-0.19563708278838524,-0.09938799855279619,-0.43145725739414703,-0.1342339472220414,-0.29823699268813436,,-0.10717564228878608,-0.7152436471786354
PSMA264W,P6035,UC,1,,,,,,,,,,0.6346360929141447,0.21147525241048892,-0.32586563978941874,0.05129541909854705,-0.2247380208444683,-0.3099443461303636,0.2248635372367472,-0.12474555426786359,-0.11407085113498545,0.16150776844498538,-0.3363939264701503,-0.3344769915717462,-0.8839311562436438,-0.40346221780999114,,,,,,,,,,,,,,,,,,,,,,,,,,,
PSMA2651,P6033,CD,1,,,,,0.7974101989001173,0.34661782076191516,0.297005939236466,-0.3595972794312208,-0.6297162188210633,,,,,,,,,,,,,,,,,,,,,,,,,,,,,,,,,,,,,,,,,
PSMA2651_P,P6033,CD,1,,,,,,,,,,-0.0716390986370339,-0.20577578459695517,0.18780565697513021,-1.150909807382678,-0.7199403468912613,-0.25089200983008386,-0.6390428091109985,0.0030411971188530436,-0.11407085113498545,-0.3111599261387507,-0.3363939264701503,-0.2747716546767476,-0.19870503720965146,-0.44801083757086324,,,,,,,,,,,,,,,,,,,,,,,,,,,
PSMA2653,P6033,CD,1,,,,,,,,,,0.5239988780347653,0.1302516336616345,0.04136724718844967,-0.5666180845767009,-0.418356528542801,-0.32296265654415507,-0.2478844407669945,0.6637717201232094,-0.11407085113498545,0.11125046183213712,-0.3363939264701503,-0.3197298827206159,0.4679335613930091,-0.47089260340553896,,,,,,,,,,,,,,,,,,,,,,,,,,,
PSMA2659,P6033,CD,1,,,,,,,,,,0.17117079120659118,-0.24320555657563686,0.09463544422402571,-0.9646537758471809,-0.8028694578808377,-0.3138837540517844,-0.5170776820001108,0.03863829022106633,-0.11407085113498545,-0.23086687268386447,-0.25044139604129734,-0.2700837541753513,-0.502546427787087,-0.4323388556826436,,,,,,,,,,,,,,,,,,,,,,,,,,,
PSMA265B,P6033,CD,1,,,,,,,,,,0.11063669655594488,-0.2820515437444411,-0.2149261000188771,-0.8217695476843492,-1.0859814354810589,-0.3273894749012566,-0.39467960559280696,0.07216878125464349,-0.11407085113498545,0.5887074527136282,-0.30427663771286395,-0.2524599972057099,-0.16550834195837905,-0.4122803761296589,,,,,,,,,,,,,-0.043834541119819756,-0.3765910875172954,-0.2327454228519667,-0.029960348287112432,-0.7894018660809344,-0.35472010056503017,-0.3604213371501032,-1.2745302089332478,-0.09938799855279619,-0.19997092986280304,2.6514654113530214,-0.1411744794246482,,-0.10717564228878608,0.32036917807880083
PSMA265D,P6018,nonIBD,0,,,,,,,,,,3.3243975686598723,0.3604084635488035,-0.0981556328792681,0.37061759088109675,-0.45841890630341336,-0.21292030376163698,1.6147283519761624,0.5324170570024667,-0.1462064739465535,0.8526050090076819,-0.20012848101763414,-0.4027966664989663,0.08645176606850803,0.1195244289826135,,,,,,,,,,,,,,,,,,,,,,,,,,,
PSMA265F,P6018,nonIBD,0,,,,,,,,,,4.5094137306424855,1.7530613659070295,-0.12427185291289267,0.12949971595859558,-0.30939339719006664,-0.11477526507124565,0.40863087236985013,0.38823540074330815,-0.1462064739465535,-0.039423209776154024,-0.11596871926393941,-0.21865735198616396,-1.1849327334914008,0.03664187684651395,,,,,,,,,,,,,0.5350998011774213,1.0582167157980253,-0.18469106377590472,0.38798763438394424,0.471074910431267,-0.22109935736010974,1.261500265708082,0.15013773215298412,-0.10429053397097302,0.9832124737820008,-0.18010567816992895,-0.33431691792771256,,-0.11241482424008134,0.22683120235994778
PSMA265H,P6018,nonIBD,0,,,,,0.3733346915357634,-0.21794591439969754,-0.09086939666388187,0.7210307799144542,-0.181444584569944,3.227455966212563,1.0024489392467888,0.2538670288489121,-0.10706176432567538,-0.1031119608292418,0.16235777308342755,0.5340902011971951,0.2845967018604155,-0.1462064739465535,0.11937862298527072,-0.17936596612295688,0.28660097407082574,0.3074602547310958,0.27759251651790956,,,,,,,,,,,,,-0.1258008445941805,0.0694730069889227,-0.18469106377590472,0.03257676199802085,0.08633859054796242,-0.20589711037144587,0.6573225749975558,0.21720553420151298,-0.10429053397097302,0.1198530329939435,-0.18010567816992895,-0.33431691792771256,,-0.11241482424008134,-0.5701594837083984
PSMA265J,P6018,nonIBD,0,,,,,,,,,,4.238646495503818,1.6090245725939984,-0.1443010941838888,0.3015163390396692,-0.19421858200781325,0.1780059212280717,1.087673797745653,0.6910729124910421,-0.1462064739465535,0.08985612343130091,-0.31996328192981516,-0.01720152668676574,3.956732789438603,0.017940385436862123,-0.0945024266987093,1.1898861595292565,-0.08813052984784635,-0.24052636118212511,0.11731049063135562,0.15455173581269654,-1.3277345253607915,0.932521170686913,-0.08813052984784635,-0.03510391416842733,0.19361441574991267,0.07869356735747605,-0.04224617529315958,0.21476761586975385,-0.18469106377590472,-0.07101500353840118,0.14733444087238634,0.07645515363500445,0.0365672076144797,0.2141957982440085,-0.10429053397097302,0.26102012905295435,-0.18010567816992895,-0.33431691792771256,,-0.11241482424008134,-0.48947100149322337
PSMA265J_TR,P6018,nonIBD,0,,,,,,,,,,4.238646495503818,1.6090245725939984,-0.1443010941838888,0.3015163390396692,-0.19421858200781325,0.1780059212280717,1.0876737872222533,0.6910729169584038,-0.1462064739465535,0.08985612343130091,-0.31996328192981516,-0.01720147943790312,3.956732789438603,0.017940385436862123,,,,,,,,,,,,,-0.41241770837001385,0.10416425963392716,-0.18469106377590472,-0.21076000156980237,0.2264217577954482,-0.05034472860789034,0.06586803144244614,0.23861098953136467,-0.10429053397097302,0.0566508737098034,-0.18010567816992895,-0.33431691792771256,,,
PSMA265L,P6018,nonIBD,0,,,,,,,,,,3.6806303076173035,3.857364633627242,0.026058892147090416,0.4138475358468924,0.11661346928839833,0.42172703897236863,0.5151197534086239,1.0906466537011508,-0.07749218345122932,0.30234747302698006,0.4055697301456678,0.1867713643566834,4.664801017050297,0.4575839888942945,,,,,,,,,,,,,-0.0699893070089571,1.2295539718316626,0.7553669733399815,0.3163239458725993,0.5867794126133632,0.014266843686515216,0.450860051196061,0.23861098953136467,-0.10429053397097302,0.5956688960388792,-0.18010567816992895,-0.33431691792771256,,,
PSMA265N,P6016,CD,1,,,,,-0.45684135331165937,0.9695312899214434,0.992353311246729,-0.5836276043306377,-0.7710493151297911,0.8075387690985576,0.9511287089131035,0.4240339204282137,0.6813493821138761,0.16083903550905929,-0.17043118142338862,-1.0200440483132835,0.0794347903497149,-0.10843274156073193,0.06487597478749886,-0.21326325113431455,1.2939085789853193,0.05360492031877743,-0.24953366263119622,1.493325474281545,-0.22967101184415356,-0.07284643967679481,-0.274615651427781,-0.13140353971100915,0.09560573483367543,1.6461759076305926,-0.3377928645099569,-0.07284643967679481,-0.18950180663358096,-0.2946227360106183,0.030391478799598647,0.44722308769683494,1.6158901923657878,-0.1640913303437159,0.6877909810526879,0.5260914090441509,-0.34200573430031295,0.41682455420226966,1.2701760739977404,,-0.021308568557916914,-0.07939061616942635,-0.10405317160161809,,,
PSMA265T,P6016,CD,1,,,,,0.31240337209604563,0.6802560483174401,-0.30148549729253354,-0.09224187767829206,-0.11980018163810932,1.1057489145753998,1.954048420899185,0.18227918760965184,1.4106340301239604,0.03854642736503847,-0.24124236178852398,-0.27416744411978516,1.4216135806924342,-0.10843274156073193,3.9721799330618452,-0.21326325113431455,-0.848458785863181,0.3507286145949456,-0.19402134487644643,,,,,,,,,,,,,0.6128924448273023,3.3422061973264126,0.3790949756795131,0.3061583791458779,1.40427563730057,-0.2123691256058034,0.31355453955082857,-0.6945429117484418,,-0.18179671179918502,-0.07939061616942635,-0.2813350374326855,,-0.062149905905642094,-0.00016884731192265534
PSMA265V,P6016,CD,1,,,,,,,,,,,,,,,,,,,,,,,,0.47378608457436927,0.23297629202419398,-0.07284643967679481,0.5842175716643451,0.11063725832108719,0.09560573483367543,0.3736819533545628,0.7586594031883013,-0.07284643967679481,-0.6311324086493482,0.30981313991786463,0.030391478799598647,,,,,,,,,,,,,,,
PSMA265X,P6038,UC,1,,,,,-0.5221443115117458,0.5463773037741995,0.431665196103526,-0.6340374807775774,0.6013539706665857,0.01784742455449366,0.029818858951276204,-0.33476861890528853,0.006372036492135275,-0.12047644973441199,-0.1775206854120554,-0.3910976992858158,0.022580989700949735,-0.1462064739465535,-0.09053882876681793,-0.3461462799823559,-0.3459604204861704,-0.09392437604304683,-0.32917199293204275,,,,,,,,,,,,,0.031498956538626215,-0.7750185236579433,-0.4260017237982319,0.29781471770776313,-0.4110488919532383,-0.4766652650647072,-1.0934546993912926,0.3901346996771189,-0.10429053397097302,-0.08213882239637564,-0.18010567816992895,0.12214118134656943,,,
PSMA2668,P6028,CD,1,,,,,,,,,,0.9060363900024991,0.9839304862323808,0.6198093055229169,1.3069908434153663,4.145779773173285,1.4105183411009996,2.0308555807587045,0.3604784941148447,-0.11407085113498545,1.4690075120388562,0.6464599987374038,2.2349483130738315,0.37631687856758067,1.3766063892351306,,,,,,,,,,,,,1.0810067044905358,0.7898357587102925,1.4074067671763109,0.7389741509313736,-0.2607737171201048,-4.489768077755426,0.6415850474026347,-0.19912215180366508,-0.09938799855279619,-0.0451758048745838,3.4911185004751752,2.8614473400779206,,-0.10717564228878608,-0.060396408545317554
PSMA266C,P6028,CD,1,,,,,3.5935002452895226,0.9286661216290271,1.6439413991277803,1.5311298309272767,0.8439528446782839,-0.35866371109805684,-0.2711369171338956,-0.2962304668061581,-0.23934169814441505,-0.3843114617096454,-0.30826693179199943,,,,,,,0.37631687856758067,-0.47867757586703513,,,,,,,,,,,,,,,,,,,,,,,,,,,
PSMA266I,P6037,CD,1,,,,,-0.9089815849037651,0.026437827185765924,-1.2252869834311273,-0.6964451207216279,0.3505432738552431,-0.27019991739629334,-0.1214059433637337,-0.342919073566698,-0.48527132418269747,-0.20961041580216463,-0.13699179680213278,0.4856992080349373,0.21015115072803278,-0.1113122162579901,0.34127046751818785,-0.23720542257480856,-0.12417636232852146,0.625294360174231,0.846072399548132,,,,,,,,,,,,,0.3265838185621121,1.0564605352237522,1.0753546125394289,0.21505394349631257,-0.5223501664405273,0.5796019593174493,0.0211206614338883,-0.5957902564500003,-0.10370044001367282,-0.3859580618070629,-0.13812187083932795,0.28772624325852825,,-0.09339860866723376,0.13869737436993898
PSMA266M,P6037,CD,1,,,,,,,,,,-0.8817044962250596,-0.24448869900858575,-0.36744243900736784,-1.6219686606780719,-0.4641201829150188,0.12238344611927376,1.7538411835469674,0.25463355625938305,-0.1113122162579901,0.2845372677229342,-0.24468060210250117,-0.16553412914885254,2.088791419144875,0.9372605891590922,,,,,,,,,,,,,0.46627840166325607,0.9375299790434138,1.2829181569793502,0.23917078501388364,-0.5811424105304246,0.634213478045097,-0.14734499647254917,0.20022542118902306,-0.10370044001367282,1.5319270193570818,-0.13812187083932795,1.0499419688727303,,-0.09339860866723376,-0.15069388104621265
PSMA266O,P6037,CD,1,,,,,,,,,,0.5587353684754665,-0.269155190232844,-0.18421653413924852,-0.3721663487105913,-0.19423102739663115,-0.042196099209637954,0.37457593481102336,0.018208689130719016,-0.1113122162579901,0.22356379429008516,-0.29909236633726183,-0.2120668014301093,1.0767236868902763,1.7557638681209973,,,,,,,,,,,,,,,,,,,,,,,,,,,
PSMA266Q,P6037,CD,1,,,,,-0.9689539479050512,0.16389390289507133,-0.14293432693271962,-0.8885662841556197,1.4611895717758236,-0.2907468163946635,-0.13425193996837018,-0.5917713172087415,-0.4722277896805167,-0.16683498363298332,0.04356740846408848,0.13972220762997722,-0.15150681297245044,-0.1113122162579901,0.024081287805962834,-0.06950476304817574,-0.04092438622984622,0.524328952392153,1.332085582877472,,,,,,,,,,,,,0.5387258907020097,-0.63786048982708,-0.28826309641283665,-0.13486251154559484,0.6499301098043345,-0.16182956319708075,-0.504182763578715,-0.5334757348708606,-0.10370044001367282,-0.4365185587950767,-0.13812187083932795,-0.29710455056206575,,-0.09339860866723376,0.05775923443936387
PSMA266U,P6038,UC,1,,,,,,,,,,-0.8305280218289179,-1.8810902973245458,-0.786581349070444,-1.043919411866274,-0.5629966472699858,-0.3260644128871978,-1.2510562630043005,-0.14087706937440095,-0.1462064739465535,-1.5944942524690489,-0.31173740191090116,-0.3468735012430874,0.2568378175140513,0.33665054213192125,,,,,,,,,,,,,1.394389324786234,0.20516428718387275,-0.6281569419108978,1.185817850375724,-1.6385711488066432,-0.415048582275723,-3.6655342404237117,0.7970880381041784,-0.10429053397097302,-2.861264659435368,-0.18010567816992895,-0.12294549152291377,,-0.11241482424008134,0.3180283249328331
PSMA266Y,P6038,UC,1,,,,,,,,,,-0.3517748214981183,-0.3740592262016505,-0.34556771296137895,-0.14146504363919274,-0.1412069465235509,-0.3000644172400324,-0.3692425414625679,-0.28021033145187924,-0.1462064739465535,-0.46624455050361835,-0.3461462799823559,-0.34892933132127063,-0.3269199594083848,-0.1644713023627752,,,,,,,,,,,,,-0.14439543371092972,-0.051933309065311,-0.18469106377590472,-0.0607023306489251,-0.0979483550290611,-0.5148649506514001,0.027004970651688623,0.41000243417282045,-0.10429053397097302,0.3173938969326162,-0.18010567816992895,-0.33431691792771256,,,
PSMA2671,P6038,UC,1,,,,,,,,,,-0.881910090713107,-1.294684119575166,-0.6221739657295199,-0.8618961498324587,-0.727886555624244,-0.3334620332493318,-1.6590691142652865,-0.3357832750120627,-0.1462064739465535,-1.4053741420912158,-0.3461462799823559,-0.35432032474260416,-0.18079010540925497,-0.22521896091805402,,,,,,,,,,,,,,,,,,,,,,,,,,,
PSMA2675,P6038,UC,1,,,,,-0.15162583602352486,0.5041867239396771,0.5852266831518734,-0.3765158449886177,-0.07126658234229365,-0.38827805303485724,-0.5222214992467382,-0.3184708291066141,-0.3158921633489414,-0.32672316738462404,-0.2700265566353722,-0.9162669656815576,-0.3468601585291462,-0.1462064739465535,-0.9366719566244212,-0.3461462799823559,-0.3389047234786371,-0.428861456479672,-0.2740628460878791,,,,,,,,,,,,,0.2001590615694881,-0.1714343300225638,-0.18469106377590472,0.2812436718166314,-0.17787691977665968,-0.5388255985700141,-0.28605367184264563,0.519846401029057,-0.10429053397097302,-0.1679146977337344,-0.18010567816992895,-0.33431691792771256,,,
PSMA267B,P6033,CD,1,,,,,0.7747429425923481,0.17255414868833066,-0.1625725934162034,-0.9422996865317208,-1.200089835808361,,,,,,,,,,,,,,,,,,,,,,,,,,,,,,,,,,,,,,,,,
PSMA267D,P6033,CD,1,,,,,,,,,,0.45920188782020743,0.20825484449515844,0.22896698916311595,-0.47960743086189517,-0.587632369532777,-0.33790310994267486,-0.2882713986092151,0.48590849549565024,-0.11407085113498545,1.2258248592334764,0.04047217541534637,-0.29292133542295845,-0.33776478760530754,-0.25207627944745387,,,,,,,,,,,,,,,,,,,,,,,,,,,
PSMA267F,P6033,CD,1,,,,,,,,,,0.37759547208318445,0.05686712046251173,0.04239376130817679,-1.0264590748797264,-0.8135153638314195,-0.26367426655162857,0.5572036777415285,0.48543286128268764,-0.11407085113498545,0.6967280597076881,-0.046791601601995435,-0.284621088690762,-0.5798405579129476,-0.246582647508065,,,,,,,,,,,,,,,,,,,,,,,,,,,
PSMA267H,P6033,CD,1,,,,,,,,,,0.3405586270959462,0.16738067271650625,0.3983279868534608,-0.9901485877901175,-1.0849039081529208,-0.181008817521625,0.2341972904005929,0.38712493016296307,-0.11407085113498545,1.1527048470495598,-0.314811882253403,-0.25817705363792154,0.4075872933505124,-0.4380942438361586,,,,,,,,,,,,,0.06727065209949463,-0.33654793842127373,1.0203454141896995,0.53122235504908,-0.1036937657153566,-0.1705361892668778,0.3261813817345541,-1.323652848815229,-0.09938799855279619,-0.8041786360229554,0.4793304570991504,0.3575409301457174,,,
PSMA267J,P6035,UC,1,,,,,1.4936088129652383,0.9549529107341417,0.34808468198074505,-0.8058473533690598,-0.07585886969884786,0.04264928641349662,-0.27203529659066106,-0.3425292515894537,-0.47167878622672704,-0.3766417545696961,-0.35747511082411476,0.032953878809357115,-0.22722418256724805,-0.11407085113498545,-0.24425501485227916,-0.3363939264701503,-0.2577672604134577,-0.8738342396793907,-0.38309689792887064,,,,,,,,,,,,,-0.4145413022869089,-1.0783695975098013,-0.2327454228519667,-0.7670325595171189,-0.5889060581961626,-0.4575671068440312,-0.1472561670985969,-0.24663514460929284,-0.09938799855279619,-0.06084963625088082,-0.1342339472220414,-0.29823699268813436,,-0.10717564228878608,0.43874753973862785
PSMA267P,P6035,UC,1,,,,,0.8978839615179935,0.857924199333675,0.3170783190925198,-0.31247436234898734,-0.33017298931887296,0.4474726802158574,0.14517542322542887,-0.31043815680192716,0.19095265089925967,-0.3754691567495932,-0.25744408494319676,0.7625354610740185,-0.03757475261022929,-0.11407085113498545,0.7614837325819499,-0.3363939264701503,-0.25024483217480764,-0.5250357567028606,-0.4831091396119159,1.6339889966416818,-0.03492570800200681,,-0.20356176875780368,-0.11219153979173188,0.07560302623362697,1.8199685949763111,-0.23581076897759604,,0.004307276356582939,-0.208150375760826,0.06293716072304763,-0.09193698064864762,-0.8882900592092728,-0.2327454228519667,-0.4390583590602637,-0.47522151448666483,-0.40279486906979134,0.07117604689765783,0.1006894078214999,-0.09938799855279619,0.05598212788630447,-0.1342339472220414,-0.29823699268813436,,-0.10717564228878608,2.189516467723973
PSMA267R,P6035,UC,1,,,,,,,,,,0.5665214983925624,0.014256412136696999,-0.25824940100625515,0.1527789511229568,-0.3350733251832782,-0.3048779204894721,1.0851001188301577,-0.002327301087132436,-0.11407085113498545,0.7156108508524942,-0.3363939264701503,-0.2732785353977911,0.06681243143498443,-0.4149503168445448,,,,,,,,,,,,,3.97816578572037,-0.8823597053874225,-0.2327454228519667,12.213476774894838,-0.10979308618299309,-0.4484865207984322,4.684222827651593,-0.07571548118129107,-0.09938799855279619,0.739610084657739,-0.1342339472220414,-0.29823699268813436,,-0.10717564228878608,-1.6427410322926626
PSMA269E,P6028,CD,1,,,,,3.463851324728876,0.5489768031506614,1.3342660298627675,-0.09532781938585924,0.6837537466522815,,,,,,,,,,,,,,,,,,,,,,,,,,,,,,,,,,,,,,,,,
PSMA269G,P6037,CD,1,,,,,,,,,,-1.856164882294434,0.4920034084120386,0.09518568700901149,-1.4392152779039862,-0.11119633524582097,0.2345766076381769,-0.22453960354096675,0.9747213595992611,-0.1113122162579901,-0.050037497942524406,-0.04994177866323316,-0.08808890756989209,0.9976494601635717,0.19080536674377305,,,,,,,,,,,,,0.4645924728664641,0.7290514937234448,1.3647700745416733,0.3855491377814977,-0.6805774813023784,0.008208430310570981,0.05889221310937182,1.0403199790537923,-0.10370044001367282,1.840825717125127,-0.13812187083932795,0.2912281191610249,,-0.09339860866723376,0.8507244083106758
PSMA269I,P6037,CD,1,,,,,-0.38721479319748425,0.23342995477915782,-0.6064529829715357,-0.8603683702287052,0.5955520921981933,,,,,,,,,,,,,,,,,,,,,,,,,,,,,,,,,,,,,,,,,
PSMA269O,P6037,CD,1,,,,,,,,,,0.4940068390140254,-0.2551690571105659,-0.5455751820401081,-0.2951607967994167,-0.17297322166473594,-0.16064689934931367,0.9275912315412074,0.0335217956140727,-0.1113122162579901,-0.07678694471200656,-0.29909236633726183,-0.17292900799549768,0.6291395882356848,0.9732905424859161,,,,,,,,,,,,,0.12371107604059788,-0.49641822803175606,-0.11797129304905961,-0.41802351890356804,-0.3399805994305298,-0.1705482008909246,-0.390855495644173,-0.4627788538284036,-0.10370044001367282,-0.37890907756031056,-0.13812187083932795,-0.29710455056206575,,-0.09339860866723376,-0.48691724152901483
PSMA269S,P6038,UC,1,,,,,,,,,,-0.010673786473442923,0.02456820177530598,-0.17896318066611153,-0.06161412087069671,-0.1459490343789116,-0.3074410622351469,-0.1819436710314828,0.1981278027335732,-0.1462064739465535,-0.1183193562580218,-0.3461462799823559,-0.3501441259879835,-0.3670628507554821,-0.4269586589166833,,,,,,,,,,,,,-0.04639892149167631,-0.08950095426821864,-0.18469106377590472,-0.05405073223441723,0.00536822016893344,-0.49383348105589436,0.1200492023957655,0.09624284840318965,-0.10429053397097302,0.2700824690531459,-0.18010567816992895,-0.1809204824814908,,-0.11241482424008134,-0.707206121643636
PSMA269W,P6038,UC,1,,,,,-0.10758918447605398,0.5370513496005932,-0.19411567556710949,-0.3273611141540189,0.220606306167792,-0.00951430176263324,-0.22149409481020874,-0.19913605602666498,-0.4093328083608863,0.10879550255982737,0.07271167515000243,-0.3203863990308574,0.45939599020593874,-0.1462064739465535,-0.6392494515886172,-0.3461462799823559,-0.2642037450385633,-0.3223617745164935,-0.2055228018664335,,,,,,,,,,,,,-0.043278504053479744,0.04646853583374863,0.05945095382275013,0.4537909423721004,-0.104161295631236,-0.15615793832254538,0.1456235594537521,0.5215078199675028,-0.10429053397097302,0.4217861132886892,0.3177267389183747,0.0057968794851497515,,-0.11241482424008134,0.4385369763420989
PSMA26A1,P6038,UC,1,,,,,,,,,,-0.229126202762011,-0.14020952493262112,-0.22845525458328947,-0.10361262671307274,0.11587233716175958,-0.3329809512761348,-0.6918272343196794,0.12059981439004504,-0.1462064739465535,-0.4124738940579599,-0.3461462799823559,-0.35413375377207684,-0.43419934295773405,-0.32305514952993253,,,,,,,,,,,,,,,,,,,,,,,,,,,
PSMA26A3,P6038,UC,1,,,,,0.06516311161679622,0.4047413091178084,0.19865789091665215,1.7421479084304101,0.42030181369042224,-0.11760480882897527,-0.3051188286675046,-0.4931381190644435,-0.13762774592730634,-0.3077439386005063,-0.32024978360768097,-0.46958465759262247,-0.06156786516473848,-0.1462064739465535,-0.3568373315374181,-0.2576168689726218,-0.31322212799681787,-0.12968814371465961,-0.23481248479674702,,,,,,,,,,,,,-0.02099762969458073,-0.34149015278540523,-0.18469106377590472,0.006144309877807768,-0.07877449246197259,-0.3695952386259246,-0.3609525182091674,0.28280020113285415,-0.10429053397097302,0.10451048762846751,-0.18010567816992895,-0.16125291395202138,,-0.11241482424008134,1.2193003514655965
PSMA26AJ,P6033,CD,1,,,,,0.2934271923010144,0.49537659315782306,-0.8304842708317537,-0.03571019272234064,-1.4155618133235384,,,,,,,,,,,,,,,,,,,,,,,,,,,,,,,,,,,,,,,,,
PSMB4MBI,P6035,UC,1,,,,,,,,,,0.26218212813202685,-0.1108461185680504,-0.3069425848082115,-0.14777050469311476,-0.4074235109424787,-0.30826693179199943,0.3100467745403733,-0.3599931708912331,-0.11407085113498545,0.13038263333081415,-0.3363939264701503,-0.2747716546767476,-0.42080126931178036,-0.45225986270560325,,,,,,,,,,,,,,,,,,,,,,,,,,,
PSMB4MBK,P6035,UC,1,,,,,-0.5873398727922732,1.1351727656951394,0.10766063536049492,-0.6516384892177673,-0.46331481486526466,1.2146836228093778,0.253379597313996,-0.3210694556449941,0.4727484962136824,-0.04165300145858364,-0.5022553466941608,0.7969197167097938,0.17833130930448002,-0.11407085113498545,0.27523035951530894,-0.3363939264701503,-0.2660876841022776,0.21405946185228036,0.28003036129978653,-0.19834842687575024,0.16569231246928057,,-0.20356176875780368,-0.569490318399705,0.07560302623362697,-0.577993750481218,-0.18442979856489528,,-0.4116805354610573,-0.3002902480358148,-2.5302908446772463,-0.28656224605534764,-0.5715909578197793,-0.2327454228519667,-0.5141609300230029,-0.5285755846691237,-0.4575671068440312,-0.35188369623525556,-0.364896127771902,-0.09938799855279619,-0.6905780412972393,-0.1342339472220414,-0.29823699268813436,,-0.10717564228878608,-0.9706213686420084
PSMB4MBQ,P6037,CD,1,,,,,-0.9362160287092879,-0.1079546977671983,-1.0037082465662068,-1.102721732327282,0.6663664329481531,,,,,,,,,,,,,,,,,,,,,,,,,,,,,,,,,,,,,,,,,
PSMB4MBS,P6037,CD,1,,,,,,,,,,-0.4662496460539663,-0.028207499153667076,-0.029168848337018063,-0.30778767958306286,-0.11788507600611041,0.041092321796499534,0.3792164286965285,0.47569539394653415,-0.1113122162579901,0.2169006898037296,-0.29909236633726183,0.003285770056995968,1.2777738055312862,-0.1226034717158383,,,,,,,,,,,,,0.44707728863959945,-0.08346109306039311,0.34801631290215673,0.878188196578972,0.028212480339795308,-0.17401617593265603,-0.5011170152188075,0.2848068699438506,-0.10370044001367282,0.15280481916246239,-0.13812187083932795,-0.29710455056206575,,-0.09339860866723376,-0.25679826410227247
PSMB4MC1,P6038,UC,1,,,,,,,,,,-0.24168677703278943,-0.008380787700386423,-0.33315084563092917,0.06786986966399829,-0.08233736087249094,-0.2941764311538655,-0.3062764273976055,0.23260904058172935,-0.1462064739465535,-0.38436597678756906,-0.2752333223059873,-0.31105509912232066,-0.21016028713962448,-0.3948518631949444,,,,,,,,,,,,,,,,,,,,,,,,,,,
PSMB4MC3,P6038,UC,1,,,,,,,,,,-0.1677118889764655,-0.17539681656563247,-0.2599814616512397,-0.006215009487954745,-0.13002632149416962,-0.3331131434042891,-0.4067896231804209,-0.24998994609759637,-0.1462064739465535,-0.37629801290124115,-0.3461462799823559,-0.3554377167241524,-0.346092495270986,-0.5321690844649377,,,,,,,,,,,,,,,,,,,,,,,,,,,
PSMB4MC5,P6038,UC,1,,,,,1.193040932615175,0.9742548037405178,-0.5453215973437995,0.9900320327534182,0.9683295783057883,-0.7431507976540797,-1.4453600676755531,-0.42605159949591687,-0.8688245577565487,-0.4367309503132033,-0.3341811639842676,-1.6966809485445282,-0.12527998625004946,-0.1462064739465535,-1.3046086626744626,-0.3461462799823559,-0.3543202240782402,-0.0155899334078212,-0.29991259639999784,,,,,,,,,,,,,-0.14733715630334757,0.39998895281458113,0.027374817867110594,1.2892370793850392,-0.7817073386476975,-0.4717584188846326,-1.4463403282800698,0.7551429596675873,-0.10429053397097302,-1.0816789224896182,-0.18010567816992895,-0.06984072796781556,,-0.11241482424008134,0.5649344397731386
PSMB4MC7,P6035,UC,1,,,,,,,,,,0.38316250028321774,0.2438980115899137,0.15878379927256148,0.17160998301558764,-0.2769431584853624,-0.41473896466563076,0.7214157709726652,-0.14638524379137724,-2.6163270684033977,-0.22017495824142638,-0.3363939264701503,-0.08556223479018402,-0.04172566667483719,-0.22245235455437093,,,,,,,,,,,,,1.597461830443156,-1.0862079295623202,1.4645458140511234,2.2525670793204977,0.3335237645322541,-0.5030781267876173,0.4336277207579437,0.07931753348477867,-0.09938799855279619,0.5836726243284017,-0.1342339472220414,-0.29823699268813436,,-0.10717564228878608,0.5432914772780313
