participant_id,sample_t1,sample_t2,sample_t3,time_t1,time_t2,time_t3,dt12,dt23,score_t1,score_t2,score_t3,delta12,abs_delta12,velocity12,target_delta23,target_next_state,target_next_direction,target_high_state,target_high_entry_or_persistence,state_t1,state_t2,locf_pred_score_t3,linear_pred_score_t3,locf_pred_state,linear_pred_state,locf_pred_direction,linear_pred_direction,16s_composition_branch_scfa_butyrate_module_state_score__t1,16s_composition_branch_pathobiont_inflammatory_potential_module_state_score__t1,mbx_metabolomics_branch_bile_acid_module_state_score__t1,mbx_metabolomics_branch_oxidative_stress_lipid_module_state_score__t1,mgx_ec_function_branch_scfa_butyrate_module_state_score__t1,mgx_ec_function_branch_aromatic_amino_acid_indole_module_state_score__t1,mgx_ec_function_branch_bile_acid_module_state_score__t1,mgx_ec_function_branch_mucin_carbohydrate_module_state_score__t1,mgx_ec_function_branch_oxidative_stress_lipid_module_state_score__t1,mgx_ec_function_branch_pathobiont_inflammatory_potential_module_state_score__t1,mgx_pathway_function_branch_scfa_butyrate_module_state_score__t1,mgx_pathway_function_branch_aromatic_amino_acid_indole_module_state_score__t1,mgx_pathway_function_branch_bile_acid_module_state_score__t1,mgx_pathway_function_branch_mucin_carbohydrate_module_state_score__t1,mgx_pathway_function_branch_oxidative_stress_lipid_module_state_score__t1,mgx_pathway_function_branch_pathobiont_inflammatory_potential_module_state_score__t1,mgx_taxonomy_branch_scfa_butyrate_module_state_score__t1,mgx_taxonomy_branch_pathobiont_inflammatory_potential_module_state_score__t1,mtx_ec_activity_branch_scfa_butyrate_module_state_score__t1,mtx_ec_activity_branch_aromatic_amino_acid_indole_module_state_score__t1,mtx_ec_activity_branch_bile_acid_module_state_score__t1,mtx_ec_activity_branch_mucin_carbohydrate_module_state_score__t1,mtx_ec_activity_branch_oxidative_stress_lipid_module_state_score__t1,mtx_ec_activity_branch_pathobiont_inflammatory_potential_module_state_score__t1,mtx_pathway_activity_branch_scfa_butyrate_module_state_score__t1,mtx_pathway_activity_branch_aromatic_amino_acid_indole_module_state_score__t1,mtx_pathway_activity_branch_bile_acid_module_state_score__t1,mtx_pathway_activity_branch_mucin_carbohydrate_module_state_score__t1,mtx_pathway_activity_branch_oxidative_stress_lipid_module_state_score__t1,mtx_pathway_activity_branch_pathobiont_inflammatory_potential_module_state_score__t1,viromics_branch_pathobiont_inflammatory_potential_module_state_score__t1,16s_composition_branch_scfa_butyrate_module_state_score__t2,16s_composition_branch_pathobiont_inflammatory_potential_module_state_score__t2,mbx_metabolomics_branch_bile_acid_module_state_score__t2,mbx_metabolomics_branch_oxidative_stress_lipid_module_state_score__t2,mgx_ec_function_branch_scfa_butyrate_module_state_score__t2,mgx_ec_function_branch_aromatic_amino_acid_indole_module_state_score__t2,mgx_ec_function_branch_bile_acid_module_state_score__t2,mgx_ec_function_branch_mucin_carbohydrate_module_state_score__t2,mgx_ec_function_branch_oxidative_stress_lipid_module_state_score__t2,mgx_ec_function_branch_pathobiont_inflammatory_potential_module_state_score__t2,mgx_pathway_function_branch_scfa_butyrate_module_state_score__t2,mgx_pathway_function_branch_aromatic_amino_acid_indole_module_state_score__t2,mgx_pathway_function_branch_bile_acid_module_state_score__t2,mgx_pathway_function_branch_mucin_carbohydrate_module_state_score__t2,mgx_pathway_function_branch_oxidative_stress_lipid_module_state_score__t2,mgx_pathway_function_branch_pathobiont_inflammatory_potential_module_state_score__t2,mgx_taxonomy_branch_scfa_butyrate_module_state_score__t2,mgx_taxonomy_branch_pathobiont_inflammatory_potential_module_state_score__t2,mtx_ec_activity_branch_scfa_butyrate_module_state_score__t2,mtx_ec_activity_branch_aromatic_amino_acid_indole_module_state_score__t2,mtx_ec_activity_branch_bile_acid_module_state_score__t2,mtx_ec_activity_branch_mucin_carbohydrate_module_state_score__t2,mtx_ec_activity_branch_oxidative_stress_lipid_module_state_score__t2,mtx_ec_activity_branch_pathobiont_inflammatory_potential_module_state_score__t2,mtx_pathway_activity_branch_scfa_butyrate_module_state_score__t2,mtx_pathway_activity_branch_aromatic_amino_acid_indole_module_state_score__t2,mtx_pathway_activity_branch_bile_acid_module_state_score__t2,mtx_pathway_activity_branch_mucin_carbohydrate_module_state_score__t2,mtx_pathway_activity_branch_oxidative_stress_lipid_module_state_score__t2,mtx_pathway_activity_branch_pathobiont_inflammatory_potential_module_state_score__t2,viromics_branch_pathobiont_inflammatory_potential_module_state_score__t2,16s_composition_branch_scfa_butyrate_module_state_score__delta12,16s_composition_branch_pathobiont_inflammatory_potential_module_state_score__delta12,mbx_metabolomics_branch_bile_acid_module_state_score__delta12,mbx_metabolomics_branch_oxidative_stress_lipid_module_state_score__delta12,mgx_ec_function_branch_scfa_butyrate_module_state_score__delta12,mgx_ec_function_branch_aromatic_amino_acid_indole_module_state_score__delta12,mgx_ec_function_branch_bile_acid_module_state_score__delta12,mgx_ec_function_branch_mucin_carbohydrate_module_state_score__delta12,mgx_ec_function_branch_oxidative_stress_lipid_module_state_score__delta12,mgx_ec_function_branch_pathobiont_inflammatory_potential_module_state_score__delta12,mgx_pathway_function_branch_scfa_butyrate_module_state_score__delta12,mgx_pathway_function_branch_aromatic_amino_acid_indole_module_state_score__delta12,mgx_pathway_function_branch_bile_acid_module_state_score__delta12,mgx_pathway_function_branch_mucin_carbohydrate_module_state_score__delta12,mgx_pathway_function_branch_oxidative_stress_lipid_module_state_score__delta12,mgx_pathway_function_branch_pathobiont_inflammatory_potential_module_state_score__delta12,mgx_taxonomy_branch_scfa_butyrate_module_state_score__delta12,mgx_taxonomy_branch_pathobiont_inflammatory_potential_module_state_score__delta12,mtx_ec_activity_branch_scfa_butyrate_module_state_score__delta12,mtx_ec_activity_branch_aromatic_amino_acid_indole_module_state_score__delta12,mtx_ec_activity_branch_bile_acid_module_state_score__delta12,mtx_ec_activity_branch_mucin_carbohydrate_module_state_score__delta12,mtx_ec_activity_branch_oxidative_stress_lipid_module_state_score__delta12,mtx_ec_activity_branch_pathobiont_inflammatory_potential_module_state_score__delta12,mtx_pathway_activity_branch_scfa_butyrate_module_state_score__delta12,mtx_pathway_activity_branch_aromatic_amino_acid_indole_module_state_score__delta12,mtx_pathway_activity_branch_bile_acid_module_state_score__delta12,mtx_pathway_activity_branch_mucin_carbohydrate_module_state_score__delta12,mtx_pathway_activity_branch_oxidative_stress_lipid_module_state_score__delta12,mtx_pathway_activity_branch_pathobiont_inflammatory_potential_module_state_score__delta12,viromics_branch_pathobiont_inflammatory_potential_module_state_score__delta12,state_t1_HI_high_state,state_t1_HI_intermediate_state,state_t1_HI_low_state,state_t2_HI_high_state,state_t2_HI_intermediate_state,state_t2_HI_low_state,observed_three_state_t3,observed_five_state_t3,observed_direction_t2_to_t3,observed_high_state_t3,persistence_pred_delta_HI,persistence_pred_next_HI_score,linear_pred_delta_HI,linear_pred_next_HI_score,ridge_delta_base_pred_delta_HI,ridge_delta_base_pred_next_HI_score,ridge_delta_base_plus_priority_modules_pred_delta_HI,ridge_delta_base_plus_priority_modules_pred_next_HI_score,persistence_pred_three_state,persistence_pred_five_state,persistence_pred_direction,persistence_pred_high_state,linear_continuation_pred_three_state,linear_continuation_pred_five_state,linear_continuation_pred_direction,linear_continuation_pred_high_state,ridge_delta_base_pred_three_state,ridge_delta_base_pred_five_state,ridge_delta_base_pred_direction,ridge_delta_base_pred_high_state,ridge_delta_base_plus_priority_modules_pred_three_state,ridge_delta_base_plus_priority_modules_pred_five_state,ridge_delta_base_plus_priority_modules_pred_direction,ridge_delta_base_plus_priority_modules_pred_high_state
C3001,CSM5FZ3N,CSM5FZ4C,CSM5MCVV,0.0,8.0,16.0,8.0,8.0,-0.0662806238460732,-0.0880064217299814,0.3433039220421384,-0.0217257978839082,0.0217257978839082,-0.0027157247354885,0.4313103437721198,HI_intermediate_state,increase,0,0,HI_intermediate_state,HI_intermediate_state,-0.0880064217299814,-0.1097322196138896,HI_intermediate_state,HI_intermediate_state,stable,stable,,,-1.337237024657026,-0.4995479142308198,,,,,,,,,,,,,,,,,,,,,,,,,,,,,,-0.4589521295665452,-1.185214244336634,,,,,,,,,,,,,,,,,,,,,,,,,,,,,,0.8782848950904808,-0.6856663301058142,,,,,,,,,,,,,,,,,,,,,,,,,,,,0.0,1.0,0.0,0.0,1.0,0.0,HI_intermediate_state,high_moderate,increase,0,0.0,-0.0880064217299814,-0.0217257978839082,-0.1097322196138896,0.03908891061679069,-0.048917511113190704,0.05228650979322089,-0.03571991193676051,HI_intermediate_state,intermediate_high,stable,0,HI_intermediate_state,intermediate_high,stable,0,HI_intermediate_state,intermediate_high,stable,0,HI_intermediate_state,intermediate_high,stable,0
C3001,CSM5FZ4C,CSM5MCVV,CSM67UA2,8.0,16.0,28.0,8.0,12.0,-0.0880064217299814,0.3433039220421384,-0.0707196973322844,0.4313103437721198,0.4313103437721198,0.0539137929715149,-0.4140236193744228,HI_intermediate_state,decrease,0,0,HI_intermediate_state,HI_intermediate_state,0.3433039220421384,0.990269437700318,HI_intermediate_state,HI_high_state,stable,increase,,,-0.4589521295665452,-1.185214244336634,,,,,,,,,,,,,,,,,,,,,,,,,,,,,,-0.4476155836231545,-0.8272036586090872,,,,,,,,,,,,,,,,,,,,,,,,,,,,,,0.0113365459433906,0.3580105857275468,,,,,,,,,,,,,,,,,,,,,,,,,,,,0.0,1.0,0.0,0.0,1.0,0.0,HI_intermediate_state,intermediate_high,decrease,0,0.0,0.3433039220421384,0.6469655156581797,0.9902694377003181,-0.06541080917535157,0.2778931128667868,0.007218184626046588,0.35052210666818495,HI_intermediate_state,high_moderate,stable,0,HI_high_state,high_extreme,increase,1,HI_intermediate_state,intermediate_high,stable,0,HI_intermediate_state,high_moderate,stable,0
C3001,CSM5MCVV,CSM67UA2,CSM79HMZ,16.0,28.0,46.0,12.0,18.0,0.3433039220421384,-0.0707196973322844,-0.2554539295406798,-0.4140236193744228,0.4140236193744228,-0.0345019682812018,-0.1847342322083954,HI_intermediate_state,decrease,0,0,HI_intermediate_state,HI_intermediate_state,-0.0707196973322844,-0.6917551263939186,HI_intermediate_state,HI_low_state,stable,decrease,,,-0.4476155836231545,-0.8272036586090872,,,,,,,,,,,,,,,,,,,,,,,,,,,,,,-0.6409917629751432,-1.5360818237908465,-0.006996318297507,-0.1102221172139739,-0.1819866173897045,-0.4801400605993396,0.2684764942929086,-0.294817825893671,-0.8949603801675968,0.6232061865011042,-0.1550626969039416,-0.80152758235742,-0.2018262902918393,-0.2992759851153925,-0.1382847466315968,-0.3611328860865854,-0.5306394229967428,-0.3480536952663289,-3.273661238166429,-0.2245959897153809,-0.3763749224155105,-0.4929699492215005,-0.2810331933304166,-0.6772918612604678,-0.1042905334781047,-1.006074420382702,-0.1767156243979841,-0.3487795736994175,-0.1125162066174347,,,-0.1933761793519886,-0.7088781651817593,,,,,,,,,,,,,,,,,,,,,,,,,,,,0.0,1.0,0.0,0.0,1.0,0.0,HI_intermediate_state,intermediate_high,decrease,0,0.0,-0.0707196973322844,-0.6210354290616341,-0.6917551263939186,0.1429330155960385,0.07221331826375409,0.01085602810720768,-0.05986366922507673,HI_intermediate_state,intermediate_high,stable,0,HI_low_state,intermediate_low,decrease,0,HI_intermediate_state,intermediate_high,stable,0,HI_intermediate_state,intermediate_high,stable,0
C3002,CSM5FZ3T,CSM5FZ44,CSM5MCVN,0.0,8.0,16.0,8.0,8.0,2.9771485425667747,2.4988059310248096,2.626345832411357,-0.4783426115419651,0.4783426115419651,-0.0597928264427456,0.1275399013865472,HI_high_state,stable,1,1,HI_high_state,HI_high_state,2.4988059310248096,2.0204633194828445,HI_high_state,HI_high_state,stable,decrease,,,1.0102318802254324,0.1517790082388758,,,,,,,,,,,,,,,,,,,,,,,,,,,,,,0.7588574556557066,-0.0020562032865454,,,,,,,,,,,,,,,,,,,,,,,,,,,,,,-0.2513744245697258,-0.1538352115254212,,,,,,,,,,,,,,,,,,,,,,,,,,,,1.0,0.0,0.0,1.0,0.0,0.0,HI_high_state,high_extreme,stable,1,0.0,2.4988059310248096,-0.4783426115419651,2.0204633194828445,-0.0896718529244646,2.409134078100345,0.04833054498607996,2.5471364760108894,HI_high_state,high_extreme,stable,1,HI_high_state,high_extreme,decrease,1,HI_high_state,high_extreme,stable,1,HI_high_state,high_extreme,stable,1
C3002,CSM5FZ44,CSM5MCVN,CSM67UBN,8.0,16.0,32.0,8.0,16.0,2.4988059310248096,2.626345832411357,2.458130364573807,0.1275399013865472,0.1275399013865472,0.0159424876733184,-0.16821546783755,HI_high_state,decrease,1,1,HI_high_state,HI_high_state,2.626345832411357,2.8814256351844514,HI_high_state,HI_high_state,stable,increase,,,0.7588574556557066,-0.0020562032865454,,,,,,,,,,,,,,,,,,,,,,,,,,,,,,1.372025258468889,0.4566542865990602,0.2599965701180043,0.4434960727400165,0.3554720555932768,0.6418427568611145,1.2859864672758132,-0.2991523829961991,-0.1030535924206712,0.9780395388057176,-0.1337842318310246,1.2331521339606433,-0.2851622316217307,-0.2351601337953809,0.2926039916852468,1.4553981368365838,-0.19021765718518,0.1080997489413635,-0.2492407286865311,0.0694175592690135,-0.2684189702161548,-0.4111805305712353,-0.2490861547169688,0.2578381086300728,-0.0943446893454414,1.3760229226891831,-0.1709475558700418,0.059816433121951,-0.0894069183106759,,,0.6131678028131824,0.4587104898856056,,,,,,,,,,,,,,,,,,,,,,,,,,,,1.0,0.0,0.0,1.0,0.0,0.0,HI_high_state,high_extreme,decrease,1,0.0,2.626345832411357,0.2550798027730944,2.8814256351844514,-0.2563058935539056,2.370039938857451,-0.2639083818132697,2.362437450598087,HI_high_state,high_extreme,stable,1,HI_high_state,high_extreme,increase,1,HI_high_state,high_extreme,decrease,1,HI_high_state,high_extreme,decrease,1
C3002,CSM5MCVN,CSM67UBN,CSM79HK1,16.0,32.0,41.0,16.0,9.0,2.626345832411357,2.458130364573807,2.2238848258048525,-0.16821546783755,0.16821546783755,-0.0105134667398468,-0.2342455387689543,HI_high_state,decrease,1,1,HI_high_state,HI_high_state,2.458130364573807,2.363509163915185,HI_high_state,HI_high_state,stable,stable,,,1.372025258468889,0.4566542865990602,0.2599965701180043,0.4434960727400165,0.3554720555932768,0.6418427568611145,1.2859864672758132,-0.2991523829961991,-0.1030535924206712,0.9780395388057176,-0.1337842318310246,1.2331521339606433,-0.2851622316217307,-0.2351601337953809,0.2926039916852468,1.4553981368365838,-0.19021765718518,0.1080997489413635,-0.2492407286865311,0.0694175592690135,-0.2684189702161548,-0.4111805305712353,-0.2490861547169688,0.2578381086300728,-0.0943446893454414,1.3760229226891831,-0.1709475558700418,0.059816433121951,-0.0894069183106759,,,0.9574929737322664,-0.0911284805471056,0.1514539366820215,0.2071799601924064,-0.377721572463793,0.4969608941757736,0.4256458559167051,-0.2970622842298833,0.3950363049209425,1.242470331504436,-0.1337842318310246,1.0480650551544588,-0.3190278844053378,-0.2432892933440505,0.90461820733916,0.7541394929267021,-0.0451518387228318,0.4594028828882785,-0.2492407286865311,1.5080509730317124,0.876124516596244,-0.4111805305712353,0.0932198287350024,0.4088952713221148,-0.0943446893454414,1.0615742822791905,-0.1709475558700418,0.1954256178754516,-0.0894069183106759,,,-0.4145322847366226,-0.5477827671461658,-0.1085426334359828,-0.2363161125476101,-0.7331936280570699,-0.1448818626853408,-0.8603406113591081,0.0020900987663158,0.4980898973416137,0.2644307926987185,0.0,-0.1850870788061844,-0.033865652783607,-0.0081291595486696,0.6120142156539132,-0.7012586439098817,0.1450658184623482,0.351303133946915,0.0,1.438633413762699,1.144543486812399,0.0,0.3423059834519711,0.151057162692042,0.0,-0.3144486404099926,0.0,0.1356091847535006,0.0,1.0,0.0,0.0,1.0,0.0,0.0,HI_high_state,high_extreme,decrease,1,0.0,2.458130364573807,-0.09462120065862188,2.363509163915185,-0.1885966890180123,2.2695336755557944,-0.239646858472276,2.218483506101531,HI_high_state,high_extreme,stable,1,HI_high_state,high_extreme,stable,1,HI_high_state,high_extreme,decrease,1,HI_high_state,high_extreme,decrease,1
C3003,CSM5FZ48,CSM5FZ4K,CSM5MCYK,0.0,7.0,18.0,7.0,11.0,0.409622651558264,0.8168099956376383,0.9533255230703124,0.4071873440793743,0.4071873440793743,0.0581696205827677,0.136515527432674,HI_high_state,stable,1,1,HI_high_state,HI_high_state,0.8168099956376383,1.4566758220480838,HI_high_state,HI_high_state,stable,increase,,,-0.1949813350105153,0.3837011138579396,,,,,,,,,,,,,,,,,,,,,,,,,,,,,,0.4257184145933769,-0.1952924457064619,,,,,,,,,,,,,,,,,,,,,,,,,,,,,,0.6206997496038922,-0.5789935595644015,,,,,,,,,,,,,,,,,,,,,,,,,,,,1.0,0.0,0.0,1.0,0.0,0.0,HI_high_state,high_extreme,stable,1,0.0,0.8168099956376383,0.6398658264104453,1.4566758220480835,-0.2163013643181911,0.6005086313194472,-0.10637390391486343,0.7104360917227749,HI_high_state,high_moderate,stable,1,HI_high_state,high_extreme,increase,1,HI_high_state,high_moderate,decrease,1,HI_high_state,high_moderate,stable,1
C3003,CSM5FZ4K,CSM5MCYK,CSM67UBZ,7.0,18.0,26.0,11.0,8.0,0.8168099956376383,0.9533255230703124,1.804926098018779,0.136515527432674,0.136515527432674,0.0124105024938794,0.8516005749484665,HI_high_state,increase,1,1,HI_high_state,HI_high_state,0.9533255230703124,1.052609543021348,HI_high_state,HI_high_state,stable,stable,,,0.4257184145933769,-0.1952924457064619,,,,,,,,,,,,,,,,,,,,,,,,,,,,,,1.541449960258558,1.0519421654615164,,,,,,,,,,,,,,,,,,,,,,,,,,,,,,1.1157315456651813,1.2472346111679784,,,,,,,,,,,,,,,,,,,,,,,,,,,,1.0,0.0,0.0,1.0,0.0,0.0,HI_high_state,high_extreme,increase,1,0.0,0.9533255230703124,0.09928401995103564,1.052609543021348,-0.12292261439319463,0.8304029086771177,-0.08479093081898613,0.8685345922513262,HI_high_state,high_extreme,stable,1,HI_high_state,high_extreme,stable,1,HI_high_state,high_moderate,stable,1,HI_high_state,high_moderate,stable,1
C3003,CSM5MCYK,CSM67UBZ,CSM79HLM,18.0,26.0,38.0,8.0,12.0,0.9533255230703124,1.804926098018779,1.5668118460924565,0.8516005749484665,0.8516005749484665,0.1064500718685583,-0.2381142519263224,HI_high_state,decrease,1,1,HI_high_state,HI_high_state,1.804926098018779,3.0823269604414785,HI_high_state,HI_high_state,stable,increase,,,1.541449960258558,1.0519421654615164,,,,,,,,,,,,,,,,,,,,,,,,,,,,,,1.1026708056945285,0.1626035221190762,0.5720345599760982,0.3159471167003828,0.1092856962804898,1.2049553853643522,-0.1164938975664733,-0.1629640292739714,0.1131924678612904,-0.8176142439677022,-0.1032378535597188,0.2875904150351085,-0.2192204520919773,-0.2366137400675612,-0.1728070045900079,-0.3121528307194113,0.0858857744914527,-1.7349552308720697,-0.1821025100741947,0.1076536426069273,-2.1568204385468333,-0.2981349977021548,-0.4285297747848252,-0.9230377582814688,-0.0394361503362549,-0.1591405105793658,-0.0758855831504279,-0.2880022112779509,-0.0621499057667069,,,-0.4387791545640296,-0.8893386433424402,,,,,,,,,,,,,,,,,,,,,,,,,,,,1.0,0.0,0.0,1.0,0.0,0.0,HI_high_state,high_extreme,decrease,1,0.0,1.804926098018779,1.2774008624226998,3.0823269604414785,-0.39468409616414346,1.4102420018546353,-0.17849658502608254,1.6264295129926964,HI_high_state,high_extreme,stable,1,HI_high_state,high_extreme,increase,1,HI_high_state,high_extreme,decrease,1,HI_high_state,high_extreme,decrease,1
C3004,CSM5FZ4A,CSM5MCUC,CSM5MCXL,0.0,8.0,16.0,8.0,8.0,0.4703791403428092,-0.2450101624585909,-0.2271715258475561,-0.7153893028014001,0.7153893028014001,-0.089423662850175,0.0178386366110347,HI_intermediate_state,stable,0,0,HI_high_state,HI_intermediate_state,-0.2450101624585909,-0.960399465259991,HI_intermediate_state,HI_low_state,stable,decrease,,,1.014111868747826,0.041451183560097,,,,,,,,,,,,,,,,,,,,,,,,,,,,,,-0.6803385345046764,-2.5515718540555232,,,,,,,,,,,,,,,,,,,,,,,,,,,,,,-1.6944504032525023,-2.59302303761562,,,,,,,,,,,,,,,,,,,,,,,,,,,,1.0,0.0,0.0,0.0,1.0,0.0,HI_intermediate_state,intermediate_high,stable,0,0.0,-0.2450101624585909,-0.7153893028014001,-0.960399465259991,0.24035903421977417,-0.004651128238816721,0.4071013820602328,0.16209121960164188,HI_intermediate_state,intermediate_high,stable,0,HI_low_state,non_IBD_like,decrease,0,HI_intermediate_state,intermediate_high,increase,0,HI_intermediate_state,intermediate_high,increase,0
C3004,CSM5MCUC,CSM5MCXL,CSM67UDN,8.0,16.0,28.0,8.0,12.0,-0.2450101624585909,-0.2271715258475561,0.6503600588091822,0.0178386366110347,0.0178386366110347,0.0022298295763793,0.8775315846567383,HI_high_state,increase,1,1,HI_intermediate_state,HI_intermediate_state,-0.2271715258475561,-0.2004135709310039,HI_intermediate_state,HI_intermediate_state,stable,stable,,,-0.6803385345046764,-2.5515718540555232,,,,,,,,,,,,,,,,,,,,,,,,,,,,,,-0.5174923791544709,0.3561529640604924,-0.3085168971019016,-0.4031610823047067,-0.7353176941682485,-0.3269706418000737,-0.3146523045748629,-0.2810644022895688,-0.5954008332546552,0.0241847078828243,-0.1053193561388915,-0.6259413269592775,-0.297790739153404,-0.2436006812667359,-0.5470378331523655,-0.2351622341515906,-0.3687983291396795,0.8176725894885557,0.2996173562722081,0.7475469066129499,0.2940105354807479,-0.2262232931169492,0.1800806323044823,-0.3978564870295644,-0.1037004396497548,-0.1896362950934714,-0.1659820709865475,0.833142947831847,-0.0934222248010143,,,0.1628461553502055,2.907724818116016,,,,,,,,,,,,,,,,,,,,,,,,,,,,0.0,1.0,0.0,0.0,1.0,0.0,HI_high_state,high_moderate,increase,1,0.0,-0.2271715258475561,0.02675795491655205,-0.20041357093100404,-0.04037859661414869,-0.2675501224617048,-0.17383010215813263,-0.4010016280056887,HI_intermediate_state,intermediate_high,stable,0,HI_intermediate_state,intermediate_high,stable,0,HI_intermediate_state,intermediate_high,stable,0,HI_intermediate_state,intermediate_low,decrease,0
C3004,CSM5MCXL,CSM67UDN,CSM79HLA,16.0,28.0,36.0,12.0,8.0,-0.2271715258475561,0.6503600588091822,-0.1592681817675094,0.8775315846567383,0.8775315846567383,0.0731276320547281,-0.8096282405766917,HI_intermediate_state,decrease,0,0,HI_intermediate_state,HI_high_state,0.6503600588091822,1.2353811152470078,HI_high_state,HI_high_state,stable,increase,,,-0.5174923791544709,0.3561529640604924,-0.3085168971019016,-0.4031610823047067,-0.7353176941682485,-0.3269706418000737,-0.3146523045748629,-0.2810644022895688,-0.5954008332546552,0.0241847078828243,-0.1053193561388915,-0.6259413269592775,-0.297790739153404,-0.2436006812667359,-0.5470378331523655,-0.2351622341515906,-0.3687983291396795,0.8176725894885557,0.2996173562722081,0.7475469066129499,0.2940105354807479,-0.2262232931169492,0.1800806323044823,-0.3978564870295644,-0.1037004396497548,-0.1896362950934714,-0.1659820709865475,0.833142947831847,-0.0934222248010143,,,0.1999984864957162,-2.634241855124483,-0.3144194223220478,-0.4782658873580198,-0.2818553526934947,-0.1431498551054533,-0.4281285077447297,-0.2233242500368306,-0.3515050114593042,0.130216301780872,-0.1053193561388915,-0.4336799355410553,-0.2160810131833772,-0.2691350726077237,-0.1334013896022564,-0.2886421058165629,-0.0550884236254773,1.0870906920138448,-0.2896154840223111,1.251258900173947,-0.7756732330526211,-0.2047028804372665,0.1111793303180312,2.289161052680037,-0.1037004396497548,0.0015644544024021,-0.1659820709865475,-0.0059365942778742,-0.0934222248010143,,,0.717490865650187,-2.990394819184976,-0.0059025252201461,-0.075104805053313,0.4534623414747538,0.1838207866946203,-0.1134762031698668,0.0577401522527382,0.243895821795351,0.1060315938980477,0.0,0.1922613914182222,0.0817097259700267,-0.0255343913409877,0.4136364435501091,-0.0534798716649723,0.3137099055142022,0.2694181025252891,-0.5892328402945192,0.503711993560997,-1.069683768533369,0.0215204126796826,-0.068901301986451,2.687017539709601,0.0,0.1912007494958735,0.0,-0.8390795421097211,0.0,0.0,1.0,0.0,1.0,0.0,0.0,HI_intermediate_state,intermediate_high,decrease,0,0.0,0.6503600588091822,0.5850210564378255,1.2353811152470078,-0.2743686556790631,0.37599140313011914,-0.08322138323177304,0.5671386755774092,HI_high_state,high_moderate,stable,1,HI_high_state,high_extreme,increase,1,HI_intermediate_state,high_moderate,decrease,0,HI_high_state,high_moderate,stable,1
C3005,CSM5FZ4O,CSM5MCUU,CSM5MCY8,0.0,5.0,15.0,5.0,10.0,-0.0460482963115119,0.7204941177659321,0.7006489285582466,0.766542414077444,0.766542414077444,0.1533084828154887,-0.0198451892076855,HI_high_state,stable,1,1,HI_intermediate_state,HI_high_state,0.7204941177659321,2.25357894592082,HI_high_state,HI_high_state,stable,increase,,,-0.2182514612074208,0.1021105191823553,,,,,,,,,,,,,,,,,,,,,,,,,,,,,,0.9704868261492814,0.3297359113397949,,,,,,,,,,,,,,,,,,,,,,,,,,,,,,1.1887382873567025,0.2276253921574396,,,,,,,,,,,,,,,,,,,,,,,,,,,,0.0,1.0,0.0,1.0,0.0,0.0,HI_high_state,high_moderate,stable,1,0.0,0.7204941177659321,1.533084828154888,2.25357894592082,-0.28943791910909794,0.43105619865683414,-0.18101117792731436,0.5394829398386177,HI_high_state,high_moderate,stable,1,HI_high_state,high_extreme,increase,1,HI_intermediate_state,high_moderate,decrease,0,HI_high_state,high_moderate,decrease,1
C3005,CSM5MCUU,CSM5MCY8,CSM67UEA,5.0,15.0,27.0,10.0,12.0,0.7204941177659321,0.7006489285582466,0.6149198260912165,-0.0198451892076855,0.0198451892076855,-0.0019845189207685,-0.08572910246703,HI_high_state,stable,1,1,HI_high_state,HI_high_state,0.7006489285582466,0.6768347015090239,HI_high_state,HI_high_state,stable,stable,,,0.9704868261492814,0.3297359113397949,,,,,,,,,,,,,,,,,,,,,,,,,,,,,,0.2644739344103751,0.5064670835733277,3.895702764567526,12.728244881065027,-0.4712358625684308,10.845309827082373,1.8640808371921915,-0.1963750941807684,-0.194659765010187,0.0846082400251449,-0.1337842318310246,0.000355926586816,-0.0033464491651625,-0.0260188241933619,-0.2257463363951896,0.3357719800042841,-0.8206266507993962,-0.704923339514828,0.0752407643513103,-0.0264731522831417,2.3537337582577607,-0.1183614519587873,0.0914688944483626,-1.2628117673356962,-0.0943446893454414,-0.7807930101220695,-0.1709475558700418,-0.3492325760890894,-0.0894069183106759,,,-0.7060128917389064,0.1767311722335328,,,,,,,,,,,,,,,,,,,,,,,,,,,,1.0,0.0,0.0,1.0,0.0,0.0,HI_high_state,high_moderate,stable,1,0.0,0.7006489285582466,-0.023814227049222602,0.6768347015090239,-0.0861875821981755,0.6144613463600711,-0.09377738415041602,0.6068715444078305,HI_high_state,high_moderate,stable,1,HI_high_state,high_moderate,stable,1,HI_high_state,high_moderate,stable,1,HI_high_state,high_moderate,stable,1
C3005,CSM5MCY8,CSM67UEA,CSM67UEI,15.0,27.0,36.0,12.0,9.0,0.7006489285582466,0.6149198260912165,1.2249661003458054,-0.08572910246703,0.08572910246703,-0.0071440918722525,0.6100462742545889,HI_high_state,increase,1,1,HI_high_state,HI_high_state,0.6149198260912165,0.550622999240944,HI_high_state,HI_high_state,stable,stable,,,0.2644739344103751,0.5064670835733277,3.895702764567526,12.728244881065027,-0.4712358625684308,10.845309827082373,1.8640808371921915,-0.1963750941807684,-0.194659765010187,0.0846082400251449,-0.1337842318310246,0.000355926586816,-0.0033464491651625,-0.0260188241933619,-0.2257463363951896,0.3357719800042841,-0.8206266507993962,-0.704923339514828,0.0752407643513103,-0.0264731522831417,2.3537337582577607,-0.1183614519587873,0.0914688944483626,-1.2628117673356962,-0.0943446893454414,-0.7807930101220695,-0.1709475558700418,-0.3492325760890894,-0.0894069183106759,,,0.4067395347223249,0.2060269830847722,-0.3063788672259085,-0.3822031900657104,-0.1372397971737889,0.2421258277030951,-0.0107444287880445,-0.4668889978646963,-0.1749249231267687,-0.3116063115936665,-0.1337842318310246,-0.8600731761834952,-0.3190278844053378,-0.2887609955689838,-0.1264109882071058,-0.0867537139320967,-0.4601476685116477,-0.0836056336920915,-0.2492407286865311,-0.3180633794962068,-0.6893148787787177,-0.6912274755593124,-0.754328153747375,-1.027040232462481,-0.0943446893454414,-0.5908810008469889,-0.1709475558700418,-0.3492325760890894,-0.0894069183106759,,,0.1422656003119498,-0.3004401004885555,-4.202081631793435,-13.11044807113074,0.3339960653946419,-10.603183999379278,-1.874825265980236,-0.2705139036839279,0.0197348418834183,-0.3962145516188113,0.0,-0.8604291027703113,-0.3156814352401753,-0.2627421713756219,0.0993353481880837,-0.4225256939363808,0.3604789822877485,0.6213177058227365,-0.3244814930378414,-0.2915902272130651,-3.0430486370364784,-0.5728660236005251,-0.8457970481957376,0.2357715348732152,0.0,0.1899120092750805,0.0,0.0,0.0,1.0,0.0,0.0,1.0,0.0,0.0,HI_high_state,high_extreme,increase,1,0.0,0.6149198260912165,-0.0642968268502725,0.550622999240944,-0.06056620954766991,0.5543536165435466,-0.08533090146881707,0.5295889246223995,HI_high_state,high_moderate,stable,1,HI_high_state,high_moderate,stable,1,HI_high_state,high_moderate,stable,1,HI_high_state,high_moderate,stable,1
C3006,CSM5MCTZ,CSM5MCUM,CSM5MCX3,0.0,8.0,15.0,8.0,7.0,1.748719198228693,1.2362558936830597,1.788262277923941,-0.5124633045456333,0.5124633045456333,-0.0640579130682041,0.5520063842408813,HI_high_state,increase,1,1,HI_high_state,HI_high_state,1.2362558936830597,0.7878505022056306,HI_high_state,HI_high_state,stable,decrease,,,1.0624201260894035,-1.4189344853048835,,,,,,,,,,,,,,,,,,,,,,,,,,,,,,0.7926979043819342,-2.4417096809475485,,,,,,,,,,,,,,,,,,,,,,,,,,,,,,-0.2697222217074693,-1.022775195642665,,,,,,,,,,,,,,,,,,,,,,,,,,,,1.0,0.0,0.0,1.0,0.0,0.0,HI_high_state,high_extreme,increase,1,0.0,1.2362558936830597,-0.4484053914774291,0.7878505022056306,0.042442748523881094,1.2786986422069408,0.06478479647719013,1.3010406901602498,HI_high_state,high_extreme,stable,1,HI_high_state,high_moderate,decrease,1,HI_high_state,high_extreme,stable,1,HI_high_state,high_extreme,stable,1
C3006,CSM5MCUM,CSM5MCX3,CSM67UFZ,8.0,15.0,25.0,7.0,10.0,1.2362558936830597,1.788262277923941,2.729742971147766,0.5520063842408813,0.5520063842408813,0.0788580548915544,0.9414806932238252,HI_high_state,increase,1,1,HI_high_state,HI_high_state,1.788262277923941,2.576842826839486,HI_high_state,HI_high_state,stable,increase,,,0.7926979043819342,-2.4417096809475485,,,,,,,,,,,,,,,,,,,,,,,,,,,,,,0.3141093874766827,-1.9251404578956663,0.1310911072583856,-0.7329087206394281,-0.5066109327618815,-0.4461052539464131,-1.2048611523462516,-0.1551565309098752,0.167159204701993,0.3019038751182871,-0.1550626969039416,-0.1191129566824833,0.3449062011556753,-0.0049094916194288,-2.6115254016397427,0.1096107383695933,-1.7589582444976075,-3.4707452766076936,-0.2057571286511379,-3.622889030672851,-2.897467934357661,-0.3286523547374246,-1.689295169027783,-1.1153580055031362,-0.1042905334781047,-1.3155227942945305,-0.1767156243979841,-0.135148134732971,,,,-0.4785885169052515,0.5165692230518821,,,,,,,,,,,,,,,,,,,,,,,,,,,,1.0,0.0,0.0,1.0,0.0,0.0,HI_high_state,high_extreme,increase,1,0.0,1.788262277923941,0.7885805489155449,2.576842826839486,-0.2572298375291262,1.5310324403948148,0.013496820238010148,1.8017590981619511,HI_high_state,high_extreme,stable,1,HI_high_state,high_extreme,increase,1,HI_high_state,high_extreme,decrease,1,HI_high_state,high_extreme,stable,1
C3006,CSM5MCX3,CSM67UFZ,CSM79HMN,15.0,25.0,35.0,10.0,10.0,1.788262277923941,2.729742971147766,2.3843421862172227,0.9414806932238252,0.9414806932238252,0.0941480693223825,-0.3454007849305434,HI_high_state,decrease,1,1,HI_high_state,HI_high_state,2.729742971147766,3.671223664371591,HI_high_state,HI_high_state,stable,increase,,,0.3141093874766827,-1.9251404578956663,0.1310911072583856,-0.7329087206394281,-0.5066109327618815,-0.4461052539464131,-1.2048611523462516,-0.1551565309098752,0.167159204701993,0.3019038751182871,-0.1550626969039416,-0.1191129566824833,0.3449062011556753,-0.0049094916194288,-2.6115254016397427,0.1096107383695933,-1.7589582444976075,-3.4707452766076936,-0.2057571286511379,-3.622889030672851,-2.897467934357661,-0.3286523547374246,-1.689295169027783,-1.1153580055031362,-0.1042905334781047,-1.3155227942945305,-0.1767156243979841,-0.135148134732971,,,,1.888368405343165,0.7031189982716686,-0.8266749227015465,-1.1677489981491405,-0.6074079424198667,-1.0727899552040527,-1.519746462063188,-0.3495523733724741,0.0016427013130696,-0.4254159313023197,-0.1550626969039416,-0.6042081468730454,-0.3218408556862419,-0.3552136982233945,-0.6239227775030284,-0.3699048585104048,-0.7678857241175885,-1.6795044816171731,-0.2057571286511379,-0.1931474501799359,-2.87061550373047,-0.5058908353870053,-0.0392978317704319,-0.669174027589032,-0.1042905334781047,-0.1661627919963267,-0.1767156243979841,-0.3487795736994175,-0.1125162066174347,,,1.5742590178664824,2.628259456167335,-0.957766029959932,-0.4348402775097123,-0.1007970096579852,-0.6266847012576396,-0.3148853097169364,-0.1943958424625989,-0.1655165033889234,-0.7273198064206068,0.0,-0.4850951901905621,-0.6667470568419172,-0.3503042066039657,1.9876026241367144,-0.479515596879998,0.991072520380019,1.7912407949905205,0.0,3.4297415804929154,0.0268524306271906,-0.1772384806495807,1.649997337257351,0.4461839779141042,0.0,1.1493600022982038,0.0,-0.2136314389664464,,1.0,0.0,0.0,1.0,0.0,0.0,HI_high_state,high_extreme,decrease,1,0.0,2.729742971147766,0.9414806932238252,3.6712236643715914,-0.3533326143905453,2.376410356757221,-0.011791415415813647,2.7179515557319522,HI_high_state,high_extreme,stable,1,HI_high_state,high_extreme,increase,1,HI_high_state,high_extreme,decrease,1,HI_high_state,high_extreme,stable,1
C3009,CSM5MCVH,CSM67UAA,CSM79HI7,0.0,16.0,30.0,16.0,14.0,-0.082020467057529,0.5818875916271888,0.1844519951832977,0.6639080586847178,0.6639080586847178,0.0414942536677948,-0.3974355964438911,HI_intermediate_state,decrease,0,0,HI_intermediate_state,HI_high_state,0.5818875916271888,1.162807142976317,HI_high_state,HI_high_state,stable,increase,,,0.6433436169113678,-3.0653302152160182,,,,,,,,,,,,,,,,,,,,,,,,,,,,,,1.9733291037471048,0.2028505195442725,1.04126129525259,-9.284849430981229,0.3276859400815947,-30.86732198969122,-10.238951337597207,1.1349609466732655,0.7223197708563038,2.971671660220976,-0.1032378535597188,2.139456782148016,3.19193699645364,0.8837364649842414,0.1157942844584425,2.2295922812145266,,,,,,,,,,,,,-0.0621499057667069,,,1.3299854868357377,3.268180734760291,,,,,,,,,,,,,,,,,,,,,,,,,,,,0.0,1.0,0.0,1.0,0.0,0.0,HI_intermediate_state,intermediate_high,decrease,0,0.0,0.5818875916271888,0.5809195513491281,1.162807142976317,-0.2497264979534833,0.3321610936737055,-0.17234107017653383,0.409546521450655,HI_high_state,high_moderate,stable,1,HI_high_state,high_extreme,increase,1,HI_intermediate_state,high_moderate,decrease,0,HI_intermediate_state,high_moderate,decrease,0
C3009,CSM67UAA,CSM79HI7,CSM7KOJO,16.0,30.0,46.0,14.0,16.0,0.5818875916271888,0.1844519951832977,0.4976518458302105,-0.3974355964438911,0.3974355964438911,-0.0283882568888493,0.3131998506469128,HI_high_state,increase,1,1,HI_high_state,HI_intermediate_state,0.1844519951832977,-0.2697601150382921,HI_intermediate_state,HI_intermediate_state,stable,decrease,,,1.9733291037471048,0.2028505195442725,1.04126129525259,-9.284849430981229,0.3276859400815947,-30.86732198969122,-10.238951337597207,1.1349609466732655,0.7223197708563038,2.971671660220976,-0.1032378535597188,2.139456782148016,3.19193699645364,0.8837364649842414,0.1157942844584425,2.2295922812145266,,,,,,,,,,,,,-0.0621499057667069,,,0.896300832495122,0.0200084737103053,2.4031480646613548,2.22077674538416,0.1050127321520638,-0.569000897712687,3.128706510978446,0.8322995117889391,1.403528121959498,3.932309685405385,-0.1032378535597188,3.6248544102887608,6.90873769974063,0.5044207262352806,0.1345537354880903,2.844292333751109,-0.4128495307028432,-0.7003519045730273,-0.1821025100741947,0.2057189282694095,0.9343886874704364,3.886247260043157,0.5934555117353157,0.3501921516268494,-0.0394361503362549,1.772492532801346,-0.0758855831504279,2.205402190824812,,,,-1.0770282712519832,-0.1828420458339671,1.3618867694087649,11.50562617636539,-0.2226732079295308,30.298321091978533,13.367657848575654,-0.3026614348843264,0.6812083511031941,0.9606380251844092,0.0,1.4853976281407446,3.71680070328699,-0.3793157387489608,0.0187594510296477,0.6147000525365822,,,,,,,,,,,,,,1.0,0.0,0.0,0.0,1.0,0.0,HI_high_state,high_moderate,increase,1,0.0,0.1844519951832977,-0.4542121102215898,-0.2697601150382921,0.03279675325627478,0.21724874843957248,-1.4338511568022259,-1.2493991616189282,HI_intermediate_state,intermediate_high,stable,0,HI_intermediate_state,intermediate_high,decrease,0,HI_intermediate_state,intermediate_high,stable,0,HI_low_state,non_IBD_like,decrease,0
C3010,CSM5MCWK,CSM5MCXZ,CSM67UCK,0.0,7.0,16.0,7.0,9.0,-1.1717313772663611,-0.9545587920890052,-1.1021696716376734,0.2171725851773559,0.2171725851773559,0.0310246550253365,-0.1476108795486682,HI_low_state,stable,0,0,HI_low_state,HI_low_state,-0.9545587920890052,-0.6753368968609761,HI_low_state,HI_low_state,stable,increase,,,-0.0428735794787634,-0.0871400195703406,,,,,,,,,,,,,,,,,,,,,,,,,,,,,,-0.2754613144869534,-0.1996818801213834,,,,,,,,,,,,,,,,,,,,,,,,,,,,,,-0.2325877350081899,-0.1125418605510428,,,,,,,,,,,,,,,,,,,,,,,,,,,,0.0,0.0,1.0,0.0,0.0,1.0,HI_low_state,non_IBD_like,stable,0,0.0,-0.9545587920890052,0.27922189522802904,-0.6753368968609761,-0.045926060639258276,-1.0004848527282635,-0.034671710026274366,-0.9892305021152795,HI_low_state,non_IBD_like,stable,0,HI_low_state,intermediate_low,increase,0,HI_low_state,non_IBD_like,stable,0,HI_low_state,non_IBD_like,stable,0
C3010,CSM5MCXZ,CSM67UCK,CSM7KOLE,7.0,16.0,45.0,9.0,29.0,-0.9545587920890052,-1.1021696716376734,-0.7384588787510632,-0.1476108795486682,0.1476108795486682,-0.0164012088387409,0.3637107928866102,HI_low_state,increase,0,0,HI_low_state,HI_low_state,-1.1021696716376734,-1.57780472796116,HI_low_state,HI_low_state,stable,decrease,,,-0.2754613144869534,-0.1996818801213834,,,,,,,,,,,,,,,,,,,,,,,,,,,,,,-0.8848953362854596,-1.984032005923104,-0.8438738931582023,-1.026761010850228,-0.2562548973650401,-1.1888056837286751,-1.0781396463892878,-0.3280708314676099,0.06237691874542,-0.3670539421425121,-0.1550626969039416,-0.3069535118017852,-0.3391913935469496,-0.3570419448514678,-0.4520773987150444,-0.4396699626910846,-0.134483048394197,0.2503896765473306,-0.2057571286511379,0.1196949871108917,-1.0622581745396396,-0.5614212668765908,-0.4695122262104979,-0.911396256277799,-0.1042905334781047,-1.1996364079906854,-0.1767156243979841,-0.3487795736994175,,,,-0.6094340217985061,-1.7843501258017207,,,,,,,,,,,,,,,,,,,,,,,,,,,,0.0,0.0,1.0,0.0,0.0,1.0,HI_low_state,intermediate_low,increase,0,0.0,-1.1021696716376734,-0.4756350563234864,-1.5778047279611598,-0.04269142411378486,-1.1448610957514582,0.03917106223739271,-1.0629986094002808,HI_low_state,non_IBD_like,stable,0,HI_low_state,non_IBD_like,decrease,0,HI_low_state,non_IBD_like,stable,0,HI_low_state,non_IBD_like,stable,0
C3011,CSM5MCXB,CSM5MCYO,CSM67UEW,0.0,6.0,14.0,6.0,8.0,0.0901634426760076,0.43784599484175,0.2136303666162199,0.3476825521657424,0.3476825521657424,0.0579470920276237,-0.2242156282255301,HI_intermediate_state,decrease,0,0,HI_intermediate_state,HI_high_state,0.43784599484175,0.9014227310627398,HI_high_state,HI_high_state,stable,increase,,,0.7302040370463935,1.5876920396577243,,,,,,,,,,,,,,,,,,,,,,,,,,,,,,1.3012449523198115,1.1771034284653252,,,,,,,,,,,,,,,,,,,,,,,,,,,,,,0.571040915273418,-0.4105886111923991,,,,,,,,,,,,,,,,,,,,,,,,,,,,0.0,1.0,0.0,1.0,0.0,0.0,HI_intermediate_state,intermediate_high,decrease,0,0.0,0.43784599484175,0.4635767362209899,0.9014227310627398,-0.21447839482303377,0.22336760001871625,-0.10060839015338481,0.3372376046883652,HI_intermediate_state,high_moderate,stable,0,HI_high_state,high_extreme,increase,1,HI_intermediate_state,intermediate_high,decrease,0,HI_intermediate_state,high_moderate,stable,0
C3011,CSM5MCYO,CSM67UEW,CSM7KOMT,6.0,14.0,41.0,8.0,27.0,0.43784599484175,0.2136303666162199,-0.2220268453116747,-0.2242156282255301,0.2242156282255301,-0.0280269535281912,-0.4356572119278946,HI_intermediate_state,decrease,0,0,HI_high_state,HI_intermediate_state,0.2136303666162199,-0.5430973786449442,HI_intermediate_state,HI_low_state,stable,decrease,,,1.3012449523198115,1.1771034284653252,,,,,,,,,,,,,,,,,,,,,,,,,,,,,,1.86422610752979,0.4855392877390067,-0.5378526359076241,-0.7663370806655234,-0.0071100200589919,-0.8063873427130379,0.1186274941651288,0.881149935540099,-0.1598509648511492,-0.3874484925294754,-0.1550626969039416,-0.3373521333523258,-0.2198369691584677,1.4956204596480156,-3.137042703787789,0.6952865200406808,-0.5511310399160799,-0.4257481076742503,-0.2057571286511379,-0.5070171573389772,-0.4113218818533111,-0.0515999626204776,,,,,,,,,,0.5629811552099784,-0.6915641407263186,,,,,,,,,,,,,,,,,,,,,,,,,,,,1.0,0.0,0.0,0.0,1.0,0.0,HI_intermediate_state,intermediate_high,decrease,0,0.0,0.2136303666162199,-0.756727745261164,-0.5430973786449441,0.15537636897389956,0.36900673559011943,0.04413156489344607,0.257761931509666,HI_intermediate_state,intermediate_high,stable,0,HI_low_state,intermediate_low,decrease,0,HI_intermediate_state,high_moderate,increase,0,HI_intermediate_state,intermediate_high,stable,0
C3012,CSM5MCXF,CSM5MCZF,CSM67UGO,0.0,6.0,16.0,6.0,10.0,0.5038435087610593,0.4681230861823829,0.3623229826615776,-0.0357204225786764,0.0357204225786764,-0.0059534037631127,-0.1058001035208053,HI_intermediate_state,stable,0,0,HI_high_state,HI_high_state,0.4681230861823829,0.4085890485512555,HI_high_state,HI_high_state,stable,stable,,,-0.1881816049322939,-1.4012354973959065,,,,,,,,,,,,,,,,,,,,,,,,,,,,,,-0.8110205396495693,-0.6505629861577933,0.889701619483795,0.8226827287874928,-0.1514577600627628,1.0675957745125686,0.4427426400012481,-0.3497585509744725,-0.4912066994226984,-0.2296066612241035,-0.1550626969039416,-0.2468531374855652,-0.3391913935469496,-0.3635523762506909,-0.1255170827245484,-0.3805376529191629,-0.0792059284371765,-0.0485001232743741,-0.2057571286511379,-0.1284004492001416,-0.3338491407563543,-0.5614212668765908,0.3257165094455592,-0.8243735651853145,-0.1042905334781047,-0.3146744758331578,-0.1767156243979841,-0.3487795736994175,-0.1125162066174347,,,-0.6228389347172754,0.7506725112381132,,,,,,,,,,,,,,,,,,,,,,,,,,,,1.0,0.0,0.0,1.0,0.0,0.0,HI_intermediate_state,high_moderate,stable,0,0.0,0.4681230861823829,-0.05953403763112733,0.40858904855125555,-0.022156993120696196,0.4459660930616867,0.026643472659660525,0.49476655884204346,HI_intermediate_state,high_moderate,stable,0,HI_intermediate_state,high_moderate,stable,0,HI_intermediate_state,high_moderate,stable,0,HI_high_state,high_moderate,stable,1
C3012,CSM5MCZF,CSM67UGO,CSM7KON8,6.0,16.0,46.0,10.0,30.0,0.4681230861823829,0.3623229826615776,0.4511848566304576,-0.1058001035208053,0.1058001035208053,-0.0105800103520805,0.08886187396888,HI_high_state,stable,1,1,HI_high_state,HI_intermediate_state,0.3623229826615776,0.0449226720991616,HI_intermediate_state,HI_intermediate_state,stable,decrease,,,-0.8110205396495693,-0.6505629861577933,0.889701619483795,0.8226827287874928,-0.1514577600627628,1.0675957745125686,0.4427426400012481,-0.3497585509744725,-0.4912066994226984,-0.2296066612241035,-0.1550626969039416,-0.2468531374855652,-0.3391913935469496,-0.3635523762506909,-0.1255170827245484,-0.3805376529191629,-0.0792059284371765,-0.0485001232743741,-0.2057571286511379,-0.1284004492001416,-0.3338491407563543,-0.5614212668765908,0.3257165094455592,-0.8243735651853145,-0.1042905334781047,-0.3146744758331578,-0.1767156243979841,-0.3487795736994175,-0.1125162066174347,,,-0.2759035207348809,-0.4212511482132787,1.4577905940830889,0.7331638505838272,0.2693299939721317,1.5244243197143637,0.6948024203393415,-0.3497585509744725,-0.7172956719582227,-0.5075621391029806,-0.1550626969039416,-0.2533314343547738,-0.3391913935469496,-0.3635523762506909,0.6276663319225404,-0.4576098394212571,0.058277973827593,-0.4426589906835867,-0.2057571286511379,0.0619080891926036,-0.7344288367361038,-0.5614212668765908,-0.8278767785632793,-1.2986135306457098,-0.1042905334781047,-0.7350201416655844,-0.1767156243979841,-0.3487795736994175,,,,0.5351170189146884,0.2293118379445146,0.5680889745992939,-0.0895188782036656,0.4207877540348945,0.456828545201795,0.2520597803380934,0.0,-0.2260889725355243,-0.2779554778788771,0.0,-0.0064782968692085,0.0,0.0,0.7531834146470888,-0.0770721865020941,0.1374839022647695,-0.3941588674092126,0.0,0.1903085383927452,-0.4005796959797495,0.0,-1.1535932880088384,-0.4742399654603954,0.0,-0.4203456658324266,0.0,0.0,,1.0,0.0,0.0,0.0,1.0,0.0,HI_intermediate_state,high_moderate,stable,0,0.0,0.3623229826615776,-0.31740031056241585,0.04492267209916173,0.00046142023251984077,0.3627844028940974,-0.07284321395232936,0.28947976870924824,HI_intermediate_state,high_moderate,stable,0,HI_intermediate_state,intermediate_high,decrease,0,HI_intermediate_state,high_moderate,stable,0,HI_intermediate_state,high_moderate,stable,0
C3013,CSM5MCYU,CSM67U9P,CSM79HGH,0.0,8.0,17.0,8.0,9.0,-0.3491572209191808,0.4736523210150734,-0.1965572101217951,0.8228095419342542,0.8228095419342542,0.1028511927417817,-0.6702095311368685,HI_intermediate_state,decrease,0,0,HI_intermediate_state,HI_high_state,0.4736523210150734,1.3993130556911093,HI_high_state,HI_high_state,stable,increase,,,-0.7444720571890355,-2.8210487205561265,,,,,,,,,,,,,,,,,,,,,,,,,,,,,,-0.5664662188820265,0.216814009138378,,,,,,,,,,,,,,,,,,,,,,,,,,,,,,0.178005838307009,3.0378627296945044,,,,,,,,,,,,,,,,,,,,,,,,,,,,0.0,1.0,0.0,1.0,0.0,0.0,HI_intermediate_state,intermediate_high,decrease,0,0.0,0.4736523210150734,0.9256607346760359,1.3993130556911093,-0.33328169241449734,0.14037062860057603,-0.2066555403180242,0.2669967806970492,HI_intermediate_state,high_moderate,stable,0,HI_high_state,high_extreme,increase,1,HI_intermediate_state,intermediate_high,decrease,0,HI_intermediate_state,intermediate_high,decrease,0
C3013,CSM67U9P,CSM79HGH,CSM7KONS,8.0,17.0,36.0,9.0,19.0,0.4736523210150734,-0.1965572101217951,-0.1889126860582393,-0.6702095311368685,0.6702095311368685,-0.0744677256818742,0.0076445240635558,HI_intermediate_state,stable,0,0,HI_high_state,HI_intermediate_state,-0.1965572101217951,-1.6114439980774065,HI_intermediate_state,HI_low_state,stable,decrease,,,-0.5664662188820265,0.216814009138378,,,,,,,,,,,,,,,,,,,,,,,,,,,,,,-0.8048545062868511,0.0065978695982969,,,,,,,,,,,,,,,,,,,,,,,,,,,,,,-0.2383882874048245,-0.2102161395400811,,,,,,,,,,,,,,,,,,,,,,,,,,,,1.0,0.0,0.0,0.0,1.0,0.0,HI_intermediate_state,intermediate_high,stable,0,0.0,-0.1965572101217951,-1.4148867879556113,-1.6114439980774065,0.20859545617008673,0.012038246048291623,0.17684751032294052,-0.01970969979885459,HI_intermediate_state,intermediate_high,stable,0,HI_low_state,non_IBD_like,decrease,0,HI_intermediate_state,intermediate_high,increase,0,HI_intermediate_state,intermediate_high,increase,0
C3015,CSM67U9T,CSM67UAQ,CSM7KOPI,0.0,8.0,38.0,8.0,30.0,-0.1781242968001973,-0.8753034939741068,-1.0272757345027794,-0.6971791971739094,0.6971791971739094,-0.0871473996467386,-0.1519722405286726,HI_low_state,decrease,0,0,HI_intermediate_state,HI_low_state,-0.8753034939741068,-3.489725483376267,HI_low_state,HI_low_state,stable,decrease,,,-0.4744610110867717,-0.1179755033503049,,,,,,,,,,,,,,,,,,,,,,,,,,,,,,-0.9651861927404992,0.1546404575347484,0.5538879608918913,0.6928819338562128,0.7796714383141922,1.5615358176146377,2.057392187107772,-0.304371020944468,-0.3760291343082114,-0.3946793089759026,-0.1337842318310246,1.4982467888643445,-0.3190278844053378,-0.2620398390341867,0.0291844239616959,-0.3711911568348476,,,,,,,,,,,,,,,,-0.4907251816537275,0.2726159608850533,,,,,,,,,,,,,,,,,,,,,,,,,,,,0.0,1.0,0.0,0.0,0.0,1.0,HI_low_state,non_IBD_like,decrease,0,0.0,-0.8753034939741068,-2.6144219894021603,-3.489725483376267,0.21228666368707033,-0.6630168302870365,0.03634822098202566,-0.8389552729920812,HI_low_state,intermediate_low,stable,0,HI_low_state,non_IBD_like,decrease,0,HI_low_state,intermediate_low,increase,0,HI_low_state,intermediate_low,stable,0
C3015,CSM67UAQ,CSM7KOPI,CSM7KOPQ,8.0,38.0,46.0,30.0,8.0,-0.8753034939741068,-1.0272757345027794,-0.8558318577963644,-0.1519722405286726,0.1519722405286726,-0.0050657413509557,0.171443876706415,HI_low_state,increase,0,0,HI_low_state,HI_low_state,-1.0272757345027794,-1.0678016653104254,HI_low_state,HI_low_state,stable,stable,,,-0.9651861927404992,0.1546404575347484,0.5538879608918913,0.6928819338562128,0.7796714383141922,1.5615358176146377,2.057392187107772,-0.304371020944468,-0.3760291343082114,-0.3946793089759026,-0.1337842318310246,1.4982467888643445,-0.3190278844053378,-0.2620398390341867,0.0291844239616959,-0.3711911568348476,,,,,,,,,,,,,,,,-1.4416997418388575,0.6170903036752302,0.3737746545608925,0.6743466398130116,0.1845387835464554,1.003223680092136,1.0607152366523818,-0.1950332753866426,-0.1123736601923658,0.1262449734560764,-0.1337842318310246,0.023586224372385,-0.3190278844053378,-0.2448428559906201,-0.1001426834344422,-0.3781616135533904,0.0781430344630961,0.9989882819099144,-0.2492407286865311,0.9864276532564163,0.2836190179347416,-0.3525882406468433,0.3392142847977,1.6292332840849368,-0.0943446893454414,0.1440312205222299,-0.1709475558700418,-0.3492325760890894,-0.0894069183106759,,,-0.4765135490983583,0.4624498461404818,-0.1801133063309988,-0.0185352940432012,-0.5951326547677368,-0.5583121375225018,-0.9966769504553904,0.1093377455578253,0.2636554741158455,0.520924282431979,0.0,-1.4746605644919597,0.0,0.0171969830435665,-0.1293271073961381,-0.0069704567185427,,,,,,,,,,,,,,0.0,0.0,1.0,0.0,0.0,1.0,HI_low_state,intermediate_low,increase,0,0.0,-1.0272757345027794,-0.04052593080764602,-1.0678016653104254,-0.08290618272111168,-1.1101819172238911,-0.1701734586164167,-1.1974491931191962,HI_low_state,non_IBD_like,stable,0,HI_low_state,non_IBD_like,stable,0,HI_low_state,non_IBD_like,stable,0,HI_low_state,non_IBD_like,decrease,0
C3016,CSM67U9V,CSM67UB1,CSM79HIT,0.0,8.0,16.0,8.0,8.0,0.5711892452546903,0.3136016208088708,-0.4135250422368208,-0.2575876244458195,0.2575876244458195,-0.0321984530557274,-0.7271266630456916,HI_intermediate_state,decrease,0,0,HI_high_state,HI_intermediate_state,0.3136016208088708,0.0560139963630512,HI_intermediate_state,HI_intermediate_state,stable,decrease,,,0.2967601521314577,0.0130849214610593,,,,,,,,,,,,,,,,,,,,,,,,,,,,,,0.3408632908300872,0.780412957687272,0.3292042393092931,0.3207609904046474,-0.2970420114792766,0.3227956283077555,0.5953165506750173,-0.4520497524595132,-0.264672248468339,0.7643788187526226,-0.1131951731182238,0.4195559022336902,-0.1021345354379872,0.1823112665485775,-0.2424462598356348,-0.2054331116785464,,,,,,,,,,,,,,,,0.0441031386986295,0.7673280362262127,,,,,,,,,,,,,,,,,,,,,,,,,,,,1.0,0.0,0.0,0.0,1.0,0.0,HI_intermediate_state,intermediate_low,decrease,0,0.0,0.3136016208088708,-0.2575876244458195,0.056013996363051266,0.15552464207958722,0.469126262888458,0.13559140378699153,0.4491930245958623,HI_intermediate_state,high_moderate,stable,0,HI_intermediate_state,intermediate_high,decrease,0,HI_intermediate_state,high_moderate,increase,0,HI_intermediate_state,high_moderate,stable,0
C3016,CSM67UB1,CSM79HIT,CSM7KOPS,8.0,16.0,36.0,8.0,20.0,0.3136016208088708,-0.4135250422368208,1.2791900549800783,-0.7271266630456916,0.7271266630456916,-0.0908908328807114,1.6927150972168992,HI_high_state,increase,1,1,HI_intermediate_state,HI_intermediate_state,-0.4135250422368208,-2.2313416998510496,HI_intermediate_state,HI_low_state,stable,decrease,,,0.3408632908300872,0.780412957687272,0.3292042393092931,0.3207609904046474,-0.2970420114792766,0.3227956283077555,0.5953165506750173,-0.4520497524595132,-0.264672248468339,0.7643788187526226,-0.1131951731182238,0.4195559022336902,-0.1021345354379872,0.1823112665485775,-0.2424462598356348,-0.2054331116785464,,,,,,,,,,,,,,,,-0.2896076744112965,-2.2610842562760856,0.3347750141850383,0.5499278657125548,-1.7812515602375822,0.3841153796671595,-0.0860204615808501,-0.2920282276439269,-0.1065415823883621,0.2565200034688511,-0.1131951731182238,0.5032939902113021,-0.1451419931528574,-0.0719493657282463,0.7923936333927747,0.0900525058492954,-0.1372006742742542,-0.7086606233672136,-0.2352252460414743,-0.2674703768361661,-0.7504565226002624,-0.2041496381951802,-0.4795858150364913,-0.3834996207231546,-0.099387998111419,-0.3938284873233825,-0.11759739693702,-0.3078094444889777,-0.1072913428785755,,,-0.6304709652413837,-3.041497213963358,0.0055707748757451,0.2291668753079074,-1.4842095487583056,0.0613197513594039,-0.6813370122558674,0.1600215248155863,0.1581306660799769,-0.5078588152837715,0.0,0.0837380879776118,-0.0430074577148701,-0.2542606322768238,1.0348398932284095,0.2954856175278418,,,,,,,,,,,,,,0.0,1.0,0.0,0.0,1.0,0.0,HI_high_state,high_extreme,increase,1,0.0,-0.4135250422368208,-1.817816657614229,-2.2313416998510496,0.17534204438029627,-0.23818299785652453,0.3336335377769506,-0.0798915044598702,HI_intermediate_state,intermediate_low,stable,0,HI_low_state,non_IBD_like,decrease,0,HI_intermediate_state,intermediate_high,increase,0,HI_intermediate_state,intermediate_high,increase,0
C3016,CSM79HIT,CSM7KOPS,CSM7KOQ3,16.0,36.0,46.0,20.0,10.0,-0.4135250422368208,1.2791900549800783,0.7521759185603388,1.6927150972168992,1.6927150972168992,0.0846357548608449,-0.5270141364197395,HI_high_state,decrease,1,1,HI_intermediate_state,HI_high_state,1.2791900549800783,2.125547603588528,HI_high_state,HI_high_state,stable,increase,,,-0.2896076744112965,-2.2610842562760856,0.3347750141850383,0.5499278657125548,-1.7812515602375822,0.3841153796671595,-0.0860204615808501,-0.2920282276439269,-0.1065415823883621,0.2565200034688511,-0.1131951731182238,0.5032939902113021,-0.1451419931528574,-0.0719493657282463,0.7923936333927747,0.0900525058492954,-0.1372006742742542,-0.7086606233672136,-0.2352252460414743,-0.2674703768361661,-0.7504565226002624,-0.2041496381951802,-0.4795858150364913,-0.3834996207231546,-0.099387998111419,-0.3938284873233825,-0.11759739693702,-0.3078094444889777,-0.1072913428785755,,,1.6458259644474615,0.1141687622233987,1.3613539946991584,2.075533355048919,2.5149656419648965,1.8208267179530424,1.5227647419267685,0.7241265847279359,0.3240991176563749,1.655666832615845,-0.1131951731182238,0.7998063972214835,-0.2155087014302231,0.6178394625681307,-0.4168800290844411,0.0692143046752064,1.2677716866233275,0.7444096159800887,-0.2352252460414743,2.893690267018384,2.3374851521384725,2.997396505782815,-0.6630345232846349,0.7353435072694365,-0.099387998111419,1.97696358262178,0.0591219045816528,0.9265070312812436,-0.1072913428785755,,,1.935433638858758,2.3752530184994844,1.02657898051412,1.525605489336364,4.296217202202479,1.436711338285883,1.6087852035076189,1.016154812371863,0.430640700044737,1.399146829146994,0.0,0.2965124070101814,-0.0703667082773657,0.689788828296377,-1.2092736624772158,-0.020838201174089,1.4049723608975817,1.4530702393473025,0.0,3.16116064385455,3.087941674738735,3.2015461439779958,-0.1834487082481435,1.1188431279925912,0.0,2.3707920699451623,0.1767193015186728,1.2343164757702212,0.0,0.0,1.0,0.0,1.0,0.0,0.0,HI_high_state,high_moderate,decrease,1,0.0,1.2791900549800783,0.8463575486084496,2.1255476035885277,-0.47769722008472365,0.8014928348953547,-1.288494709017948,-0.00930465403786962,HI_high_state,high_extreme,stable,1,HI_high_state,high_extreme,increase,1,HI_high_state,high_moderate,decrease,1,HI_intermediate_state,intermediate_high,decrease,0
C3017,CSM67U9X,CSM67UBB,CSM79HJ6,0.0,9.0,16.0,9.0,7.0,0.6268699278874078,-0.4556218929303035,0.7425936944264443,-1.0824918208177112,1.0824918208177112,-0.1202768689797457,1.1982155873567475,HI_high_state,increase,1,1,HI_high_state,HI_intermediate_state,-0.4556218929303035,-1.2975599757885234,HI_intermediate_state,HI_low_state,stable,decrease,,,0.3249751132059015,0.2020624212791783,,,,,,,,,,,,,,,,,,,,,,,,,,,,,,-0.1339936304814061,-0.5910381224130782,-1.357069128044902,-2.380739242047462,-0.3269208454532226,-1.2733569338905155,-0.2670149734672206,-0.2799871548808767,-0.324370632419934,-0.5222580763449074,-0.1131951731182238,-0.6886464990644392,-0.335142170174171,-0.2481311660423538,0.1040365108928315,-0.3157704766392596,,,,,,,,,,,,,,,,-0.4589687436873076,-0.7931005436922565,,,,,,,,,,,,,,,,,,,,,,,,,,,,1.0,0.0,0.0,0.0,1.0,0.0,HI_high_state,high_moderate,increase,1,0.0,-0.4556218929303035,-0.8419380828582199,-1.2975599757885234,0.38054593157763494,-0.07507596135266853,0.3511074978332334,-0.10451439509707006,HI_low_state,intermediate_low,stable,0,HI_low_state,non_IBD_like,decrease,0,HI_intermediate_state,intermediate_high,increase,0,HI_intermediate_state,intermediate_high,increase,0
C3017,CSM67UBB,CSM79HJ6,CSM7KOQZ,9.0,16.0,38.0,7.0,22.0,-0.4556218929303035,0.7425936944264443,0.9234861324095244,1.1982155873567475,1.1982155873567475,0.1711736553366782,0.18089243798308,HI_high_state,increase,1,1,HI_intermediate_state,HI_high_state,0.7425936944264443,4.508414111833366,HI_high_state,HI_high_state,stable,increase,,,-0.1339936304814061,-0.5910381224130782,-1.357069128044902,-2.380739242047462,-0.3269208454532226,-1.2733569338905155,-0.2670149734672206,-0.2799871548808767,-0.324370632419934,-0.5222580763449074,-0.1131951731182238,-0.6886464990644392,-0.335142170174171,-0.2481311660423538,0.1040365108928315,-0.3157704766392596,,,,,,,,,,,,,,,,0.9196381252576352,0.5228614754281793,,,,,,,,,,,,,,,,,,,,,,,,,,,,,,1.053631755739041,1.1138995978412574,,,,,,,,,,,,,,,,,,,,,,,,,,,,0.0,1.0,0.0,1.0,0.0,0.0,HI_high_state,high_extreme,increase,1,0.0,0.7425936944264443,3.7658204174069208,4.508414111833365,-0.5332905988011113,0.209303095625333,-0.37348567836551344,0.36910801606093085,HI_high_state,high_moderate,stable,1,HI_high_state,high_extreme,increase,1,HI_intermediate_state,intermediate_high,decrease,0,HI_intermediate_state,high_moderate,decrease,0
C3017,CSM79HJ6,CSM7KOQZ,CSM7KOR8,16.0,38.0,46.0,22.0,8.0,0.7425936944264443,0.9234861324095244,-0.5961286130580464,0.18089243798308,0.18089243798308,0.0082223835446854,-1.5196147454675708,HI_low_state,decrease,0,0,HI_high_state,HI_high_state,0.9234861324095244,0.989265200767008,HI_high_state,HI_high_state,stable,stable,,,0.9196381252576352,0.5228614754281793,,,,,,,,,,,,,,,,,,,,,,,,,,,,,,1.5100057805886464,1.0682520530141493,,,,,,,,,,,,,,,,,,,,,,,,,,,,,,0.5903676553310112,0.54539057758597,,,,,,,,,,,,,,,,,,,,,,,,,,,,1.0,0.0,0.0,1.0,0.0,0.0,HI_low_state,intermediate_low,decrease,0,0.0,0.9234861324095244,0.06577906835748364,0.989265200767008,-0.1382912032014459,0.7851949292080784,-0.05288027881198231,0.8706058535975421,HI_high_state,high_extreme,stable,1,HI_high_state,high_extreme,stable,1,HI_high_state,high_moderate,stable,1,HI_high_state,high_moderate,stable,1
C3022,CSM67UH7,CSM79HGZ,CSM7KOOH,0.0,10.0,26.0,10.0,16.0,-1.4296027153029158,-0.6995648666230153,-1.021917174426349,0.7300378486799005,0.7300378486799005,0.07300378486799,-0.3223523078033338,HI_low_state,decrease,0,0,HI_low_state,HI_low_state,-0.6995648666230153,0.4684956912648256,HI_low_state,HI_high_state,stable,increase,,,-0.6636102435661315,0.9201833486633852,-0.4866004400732523,-0.4868945521623051,-0.3214413273771586,-0.3971565630215203,-0.8524580114331547,-0.2771585346771986,-1.2862942330647351,0.7100607893867861,-0.1053193561388915,-1.1772536751020626,-0.2912406025062011,-0.2400998254173836,0.6848083831017154,0.1652457471368572,,,,,,,,,,,,,,,,-0.5201234512322388,0.4996592895128021,-0.0922256532888621,-0.4355680814912759,-0.6907521971609114,-0.1682530528956936,-0.2823899331816436,-0.3304267049067034,-0.9680254378726212,0.4176811333814503,-0.1053193561388915,-0.329224064681443,-0.297790739153404,-0.2451592596882501,-0.366509639371424,-0.0064902692867959,-1.180978521389221,-1.0263369213733795,0.6478081055720105,-0.8732691746323187,-0.693818300711755,-0.2509848870556501,-0.948038481669734,-1.3050308066191805,-0.1037004396497548,-0.4818079372781112,-0.1659820709865475,0.3127927056054214,-0.0934222248010143,,,0.1434867923338927,-0.4205240591505831,0.3943747867843902,0.0513264706710291,-0.3693108697837528,0.2289035101258267,0.5700680782515111,-0.0532681702295048,0.3182687951921139,-0.2923796560053358,0.0,0.8480296104206195,-0.0065501366472028,-0.0050594342708664,-1.0513180224731395,-0.1717360164236531,,,,,,,,,,,,,,0.0,0.0,1.0,0.0,0.0,1.0,HI_low_state,non_IBD_like,decrease,0,0.0,-0.6995648666230153,1.168060557887841,0.4684956912648256,-0.1971272387409524,-0.8966921053639677,-0.024180752295997855,-0.7237456189190131,HI_low_state,intermediate_low,stable,0,HI_intermediate_state,high_moderate,increase,0,HI_low_state,non_IBD_like,decrease,0,HI_low_state,intermediate_low,stable,0
C3022,CSM79HGZ,CSM7KOOH,CSM7KOOR,10.0,26.0,36.0,16.0,10.0,-0.6995648666230153,-1.021917174426349,-0.5462993124244566,-0.3223523078033338,0.3223523078033338,-0.0201470192377083,0.4756178620018925,HI_low_state,increase,0,0,HI_low_state,HI_low_state,-1.021917174426349,-1.2233873668034327,HI_low_state,HI_low_state,stable,decrease,,,-0.5201234512322388,0.4996592895128021,-0.0922256532888621,-0.4355680814912759,-0.6907521971609114,-0.1682530528956936,-0.2823899331816436,-0.3304267049067034,-0.9680254378726212,0.4176811333814503,-0.1053193561388915,-0.329224064681443,-0.297790739153404,-0.2451592596882501,-0.366509639371424,-0.0064902692867959,-1.180978521389221,-1.0263369213733795,0.6478081055720105,-0.8732691746323187,-0.693818300711755,-0.2509848870556501,-0.948038481669734,-1.3050308066191805,-0.1037004396497548,-0.4818079372781112,-0.1659820709865475,0.3127927056054214,-0.0934222248010143,,,-0.8740267606770518,0.6647996009328323,-0.5189701069882839,-0.7843182931206079,0.3020228615369842,-1.1117688164662434,-0.5469468759301267,-0.3753049383172121,-1.0783880476024834,-0.4483388404247935,-0.1053193561388915,-0.3521937421920801,-0.297790739153404,-0.2448260614461661,-0.5011916680858265,-0.1499861306282131,-0.7037170985964412,-1.2151152781130008,0.9666401328678884,-1.4924144956604926,-2.3527865110318342,-0.2325502129728311,-0.0266354607000549,-1.067988212968083,-0.1037004396497548,2.0177753630184747,-0.1659820709865475,-0.3358172950787538,-0.0934222248010143,,,-0.3539033094448129,0.1651403114200302,-0.4267444536994218,-0.3487502116293319,0.9927750586978956,-0.9435157635705498,-0.264556942748483,-0.0448782334105087,-0.1103626097298622,-0.8660199738062437,0.0,-0.0229696775106371,0.0,0.0003331982420839,-0.1346820287144025,-0.1434958613414171,0.4772614227927798,-0.1887783567396213,0.3188320272958779,-0.6191453210281739,-1.6589682103200794,0.0184346740828189,0.9214030209696792,0.2370425936510973,0.0,2.499583300296586,0.0,-0.6486100006841752,0.0,0.0,0.0,1.0,0.0,0.0,1.0,HI_low_state,intermediate_low,increase,0,0.0,-1.021917174426349,-0.20147019237708363,-1.2233873668034327,0.029093181184702763,-0.9928239932416464,0.3904053605743817,-0.6315118138519674,HI_low_state,non_IBD_like,stable,0,HI_low_state,non_IBD_like,decrease,0,HI_low_state,non_IBD_like,stable,0,HI_low_state,intermediate_low,increase,0
C3022,CSM7KOOH,CSM7KOOR,CSMAG78W,26.0,36.0,46.0,10.0,10.0,-1.021917174426349,-0.5462993124244566,-0.7549692831360414,0.4756178620018925,0.4756178620018925,0.0475617862001892,-0.2086699707115847,HI_low_state,decrease,0,0,HI_low_state,HI_low_state,-0.5462993124244566,-0.0706814504225641,HI_low_state,HI_intermediate_state,stable,increase,,,-0.8740267606770518,0.6647996009328323,-0.5189701069882839,-0.7843182931206079,0.3020228615369842,-1.1117688164662434,-0.5469468759301267,-0.3753049383172121,-1.0783880476024834,-0.4483388404247935,-0.1053193561388915,-0.3521937421920801,-0.297790739153404,-0.2448260614461661,-0.5011916680858265,-0.1499861306282131,-0.7037170985964412,-1.2151152781130008,0.9666401328678884,-1.4924144956604926,-2.3527865110318342,-0.2325502129728311,-0.0266354607000549,-1.067988212968083,-0.1037004396497548,2.0177753630184747,-0.1659820709865475,-0.3358172950787538,-0.0934222248010143,,,-0.7111993673613188,0.700575385086816,-0.4043462755017388,-0.4938374085650807,-0.3906737986981719,-0.4950413223102146,-0.4183228230251564,-0.3305786990748715,,,,,,,0.1456950097140578,-0.5207545456466535,-0.356611467783236,0.2751072994379973,-0.0143109165327376,0.2429248300389239,-1.031921462414761,-0.4025357621760582,0.3886539688937097,-1.076806053521312,-0.1037004396497548,-2.059965296850421,-0.1659820709865475,-0.3358172950787538,-0.0934222248010143,,,0.1628273933157329,0.0357757841539837,0.1146238314865451,0.2904808845555272,-0.6926966602351561,0.6167274941560288,0.1286240529049703,0.0447262392423406,,,,,,,0.6468866777998843,-0.3707684150184404,0.3471056308132051,1.490222577550998,-0.980951049400626,1.7353393256994163,1.3208650486170732,-0.1699855492032271,0.4152894295937646,-0.0088178405532288,0.0,-4.077740659868896,0.0,0.0,0.0,0.0,0.0,1.0,0.0,0.0,1.0,HI_low_state,intermediate_low,decrease,0,0.0,-0.5462993124244566,0.4756178620018925,-0.07068145042256413,-0.1508782318032697,-0.6971775442277264,-0.24491551824827726,-0.7912148306727339,HI_low_state,intermediate_low,stable,0,HI_intermediate_state,intermediate_high,increase,0,HI_low_state,intermediate_low,stable,0,HI_low_state,intermediate_low,decrease,0
C3023,CSM79HG4,CSM79HH8,CSM7KONC,0.0,8.0,26.0,8.0,18.0,0.1535557890394693,0.5891103533608268,0.0678977237608616,0.4355545643213575,0.4355545643213575,0.0544443205401696,-0.5212126295999653,HI_intermediate_state,decrease,0,0,HI_intermediate_state,HI_high_state,0.5891103533608268,1.5691081230838813,HI_high_state,HI_high_state,stable,increase,,,0.5848161485748283,-2.636834735061382,,,,,,,,,,,,,,,,,,,,,,,,,,,,,,-0.333078339218806,-1.6273951052184,0.7933386382890484,2.002018389732564,-0.6428029693178318,1.9885475738390088,1.9198035895977192,0.8157288923645308,0.0305724672436501,0.4362389115451151,-0.1550626969039416,0.3137026884580238,0.0662426763116422,-0.1172026764123665,0.4082177223027273,0.913022882754052,-0.2095582377008859,0.1731110280405275,0.1170075172085426,0.3257542060949422,0.0840675055994274,0.1179731290795267,-0.0561198551459947,0.1754693317609421,-0.1042905334781047,0.1091671357965596,-0.1767156243979841,0.5860914741188643,-0.1125162066174347,,,-0.9178944877936344,1.009439629842982,,,,,,,,,,,,,,,,,,,,,,,,,,,,0.0,1.0,0.0,1.0,0.0,0.0,HI_intermediate_state,intermediate_high,decrease,0,0.0,0.5891103533608268,0.9799977697230543,1.5691081230838813,-0.1940180055327243,0.39509234782810254,-0.16065034980131976,0.4284600035595071,HI_high_state,high_moderate,stable,1,HI_high_state,high_extreme,increase,1,HI_intermediate_state,high_moderate,decrease,0,HI_intermediate_state,high_moderate,decrease,0
C3023,CSM79HH8,CSM7KONC,CSM7KONK,8.0,26.0,34.0,18.0,8.0,0.5891103533608268,0.0678977237608616,0.7590308697250658,-0.5212126295999653,0.5212126295999653,-0.028956257199998,0.6911331459642043,HI_high_state,increase,1,1,HI_high_state,HI_intermediate_state,0.0678977237608616,-0.1637523338391229,HI_intermediate_state,HI_intermediate_state,stable,decrease,,,-0.333078339218806,-1.6273951052184,0.7933386382890484,2.002018389732564,-0.6428029693178318,1.9885475738390088,1.9198035895977192,0.8157288923645308,0.0305724672436501,0.4362389115451151,-0.1550626969039416,0.3137026884580238,0.0662426763116422,-0.1172026764123665,0.4082177223027273,0.913022882754052,-0.2095582377008859,0.1731110280405275,0.1170075172085426,0.3257542060949422,0.0840675055994274,0.1179731290795267,-0.0561198551459947,0.1754693317609421,-0.1042905334781047,0.1091671357965596,-0.1767156243979841,0.5860914741188643,-0.1125162066174347,,,0.4936524841851766,-1.9804184657019133,,,,,,,,,,,,,,,,,,,,,,,,,,,-0.1125162066174347,,,0.8267308234039825,-0.3530233604835133,,,,,,,,,,,,,,,,,,,,,,,,,,,0.0,1.0,0.0,0.0,0.0,1.0,0.0,HI_high_state,high_moderate,increase,1,0.0,0.0678977237608616,-0.23165005759998458,-0.16375233383912297,0.06818853378856647,0.13608625754942807,0.13643381696863038,0.204331540729492,HI_intermediate_state,intermediate_high,stable,0,HI_intermediate_state,intermediate_high,decrease,0,HI_intermediate_state,intermediate_high,stable,0,HI_intermediate_state,intermediate_high,stable,0
C3023,CSM7KONC,CSM7KONK,CSM7KOTK,26.0,34.0,46.0,8.0,12.0,0.0678977237608616,0.7590308697250658,0.1148982573632436,0.6911331459642043,0.6911331459642043,0.0863916432455255,-0.6441326123618223,HI_intermediate_state,decrease,0,0,HI_intermediate_state,HI_high_state,0.7590308697250658,1.7957305886713724,HI_high_state,HI_high_state,stable,increase,,,0.4936524841851766,-1.9804184657019133,,,,,,,,,,,,,,,,,,,,,,,,,,,-0.1125162066174347,,,-0.1314626683739676,-2.488586271935893,-0.176800360054374,-0.3669245083528618,-0.255562784712118,-0.7879097176548528,0.3755844848068735,-0.258007689350292,-0.1822512755623234,0.5428982599300244,-0.1550626969039416,-0.64783685864229,-0.2563650233053929,-0.3220569278504881,0.2304166998867806,0.9020401789799756,0.0707542909679319,-0.1330045149031132,-0.2057571286511379,0.6058050334223329,-0.2780045792754539,-0.3800047736794985,-0.1375580810700686,0.3861642814851228,-0.1042905334781047,-0.5703942538777841,-0.1767156243979841,-0.9314980774381572,-0.1125162066174347,,,-0.6251151525591442,-0.5081678062339798,,,,,,,,,,,,,,,,,,,,,,,,,,,0.0,0.0,1.0,0.0,1.0,0.0,0.0,HI_intermediate_state,intermediate_high,decrease,0,0.0,0.7590308697250658,1.0366997189463065,1.7957305886713724,-0.23611493331124328,0.5229159364138225,-0.03803779853982814,0.7209930711852377,HI_high_state,high_moderate,stable,1,HI_high_state,high_extreme,increase,1,HI_high_state,high_moderate,decrease,1,HI_high_state,high_moderate,stable,1
C3027,CSM79HJM,CSM79HJS,CSM7KOOV,2.0,8.0,26.0,6.0,18.0,-0.5194966640117482,-0.4014324646878831,-0.3979174547732196,0.1180641993238651,0.1180641993238651,0.0196773665539775,0.0035150099146634,HI_intermediate_state,stable,0,0,HI_low_state,HI_intermediate_state,-0.4014324646878831,-0.0472398667162876,HI_intermediate_state,HI_intermediate_state,stable,increase,,,0.1096302270815234,-2.5204207217308623,-0.1349256370152783,-0.7854126891108512,-0.5296461591252687,-0.8085716100021757,0.1076859963446268,-0.4006531125883142,-0.0060252356980936,-0.3985539630911311,-0.1053193561388915,-0.1662267689924079,-0.297790739153404,-0.1507110861546879,-0.1004300008644463,0.0853209269719963,-0.3530680808861008,-0.2587490138751478,-0.2896154840223111,-0.4632199716212979,-0.3652901409034542,-0.1934866515084334,-0.2543912641472827,0.0192814972220457,-0.1037004396497548,-0.5361887689497356,-0.1659820709865475,-0.3358172950787538,-0.0934222248010143,,,-0.4923057176372281,-2.5346623632752228,0.0626288189304411,-0.3940983062315166,-0.4178482111037981,-0.40616999145798,0.2384291882820949,-0.3400189774473975,0.7942954815488831,0.2579005776772201,-0.1053193561388915,-0.1814222206910232,-0.297790739153404,-0.2395861831487717,-0.3775636915513413,0.6642445378553785,-0.1995370267334353,0.3448510629863075,0.0236351116410282,0.5622757725100991,-0.6708772084452096,0.3713760649914919,-0.3255140726449294,0.6811402822011983,-0.1037004396497548,-0.3585180971549589,-0.1659820709865475,0.209644670285472,-0.0934222248010143,,,-0.6019359447187514,-0.0142416415443604,0.1975544559457194,0.3913143828793345,0.1117979480214705,0.4024016185441957,0.130743191937468,0.0606341351409167,0.8003207172469766,0.6564545407683512,0.0,-0.0151954516986153,0.0,-0.0888750969940838,-0.277133690686895,0.5789236108833822,0.1535310541526655,0.6036000768614553,0.3132505956633393,1.025495744131397,-0.3055870675417554,0.5648627164999253,-0.0711228084976466,0.6618587849791525,0.0,0.1776706717947766,0.0,0.5454619653642259,0.0,0.0,0.0,1.0,0.0,1.0,0.0,HI_intermediate_state,intermediate_low,stable,0,0.0,-0.4014324646878831,0.35419259797159525,-0.047239866716287826,-0.07488908674790958,-0.47632155143579263,-0.09284066873662555,-0.4942731334245086,HI_intermediate_state,intermediate_low,stable,0,HI_intermediate_state,intermediate_high,increase,0,HI_low_state,intermediate_low,stable,0,HI_low_state,intermediate_low,stable,0
C3027,CSM79HJS,CSM7KOOV,CSMA9J65,8.0,26.0,38.0,18.0,12.0,-0.4014324646878831,-0.3979174547732196,0.1120522480506222,0.0035150099146634,0.0035150099146634,0.0001952783285924,0.5099697028238418,HI_intermediate_state,increase,0,0,HI_intermediate_state,HI_intermediate_state,-0.3979174547732196,-0.3955741148301106,HI_intermediate_state,HI_intermediate_state,stable,stable,,,-0.4923057176372281,-2.5346623632752228,0.0626288189304411,-0.3940983062315166,-0.4178482111037981,-0.40616999145798,0.2384291882820949,-0.3400189774473975,0.7942954815488831,0.2579005776772201,-0.1053193561388915,-0.1814222206910232,-0.297790739153404,-0.2395861831487717,-0.3775636915513413,0.6642445378553785,-0.1995370267334353,0.3448510629863075,0.0236351116410282,0.5622757725100991,-0.6708772084452096,0.3713760649914919,-0.3255140726449294,0.6811402822011983,-0.1037004396497548,-0.3585180971549589,-0.1659820709865475,0.209644670285472,-0.0934222248010143,,,-0.4542479463999695,0.2838761963746465,-0.2584190768579124,-0.7447747815773492,0.9026158464144384,-1.2306329526327586,-0.4321870095903253,-0.2718290732406219,-0.1564795436376479,-0.0879727215100747,-0.1053193561388915,-0.5424607529445216,-0.297790739153404,-0.1769564704488094,0.0990207632061924,-0.3324931439627193,-0.0354216038055194,-0.1694163570290262,-0.2896154840223111,-0.4942201688050143,-0.3784878093900612,-0.3595331965345765,-0.245457458410804,-0.3434776131133779,-0.1037004396497548,-0.4004943197998293,-0.1659820709865475,-0.3358172950787538,-0.0934222248010143,,,0.0380577712372585,2.8185385596498693,-0.3210478957883534,-0.3506764753458326,1.3204640575182365,-0.8244629611747787,-0.6706161978724202,0.0681899042067756,-0.950775025186531,-0.3458732991872947,0.0,-0.3610385322534983,0.0,0.0626297126999622,0.4765844547575337,-0.9967376818180976,0.1641154229279159,-0.5142674200153337,-0.3132505956633393,-1.0564959413151134,0.2923893990551484,-0.7309092615260684,0.0800566142341253,-1.024617895314576,0.0,-0.0419762226448703,0.0,-0.5454619653642259,0.0,0.0,1.0,0.0,0.0,1.0,0.0,HI_intermediate_state,intermediate_high,increase,0,0.0,-0.3979174547732196,0.0023433399431089332,-0.3955741148301107,-0.04944806162816226,-0.4473655164013819,-0.053361152163468956,-0.45127860693668853,HI_intermediate_state,intermediate_low,stable,0,HI_intermediate_state,intermediate_low,stable,0,HI_intermediate_state,intermediate_low,stable,0,HI_intermediate_state,intermediate_low,stable,0
C3032,CSM7KOP8,CSM7KOPC,CSM7KOU9,4.0,8.0,14.0,4.0,6.0,-0.4882580329500449,-0.6075825267875011,-0.7347557431707039,-0.1193244938374562,0.1193244938374562,-0.029831123459364,-0.1271732163832027,HI_low_state,stable,0,0,HI_intermediate_state,HI_low_state,-0.6075825267875011,-0.7865692675436855,HI_low_state,HI_low_state,stable,decrease,,,-0.8617610953624482,0.2955706338282831,-0.4627554483249028,-0.3439034509359729,-0.3747814905614967,0.1286207411004321,-0.0605566761302279,-0.3112475076321671,0.0972187880184477,-0.079901699547012,-0.1053193561388915,-0.485799833300818,0.2318705817588592,-0.2436006812667359,-0.1107842080496799,0.3018096925614081,,,,,,,,,,,,,,,,-0.9590210491956032,0.4393465634804916,,,,,,,,,,,,,,,,,,,,,,,,,,,-0.0934222248010143,,,-0.097259953833155,0.1437759296522085,,,,,,,,,,,,,,,,,,,,,,,,,,,,0.0,1.0,0.0,0.0,0.0,1.0,HI_low_state,intermediate_low,stable,0,0.0,-0.6075825267875011,-0.17898674075618431,-0.7865692675436855,-0.03019381006725577,-0.6377763368547569,0.02827882574622652,-0.5793037010412746,HI_low_state,intermediate_low,stable,0,HI_low_state,intermediate_low,decrease,0,HI_low_state,intermediate_low,stable,0,HI_low_state,intermediate_low,stable,0
C3032,CSM7KOPC,CSM7KOU9,CSM7KOUF,8.0,14.0,20.0,6.0,6.0,-0.6075825267875011,-0.7347557431707039,-0.8282878330897392,-0.1271732163832027,0.1271732163832027,-0.0211955360638671,-0.0935320899190352,HI_low_state,stable,0,0,HI_low_state,HI_low_state,-0.7347557431707039,-0.8619289595539067,HI_low_state,HI_low_state,stable,stable,,,-0.9590210491956032,0.4393465634804916,,,,,,,,,,,,,,,,,,,,,,,,,,,-0.0934222248010143,,,-1.1580279081401277,0.4016254272854889,0.2854979467860115,0.0444677370828924,-0.1654778099049266,0.1413488024252949,0.0110218514232403,-0.3305786990748715,0.3566687839238599,-0.4650915563712528,-0.1053193561388915,-0.1438420235257915,-0.297790739153404,-0.2436006812667359,0.5862466467726379,1.7813210303357627,-1.417384203395847,-0.5118526893715372,-0.2896154840223111,-0.6571575412397233,-0.5183060310181234,-0.108783193129603,-0.396036125680939,-0.6732898912983555,-0.1037004396497548,-0.4048447083425254,-0.1659820709865475,0.3827693085771003,-0.0934222248010143,,,-0.1990068589445245,-0.0377211361950027,,,,,,,,,,,,,,,,,,,,,,,,,,,0.0,0.0,0.0,1.0,0.0,0.0,1.0,HI_low_state,intermediate_low,stable,0,0.0,-0.7347557431707039,-0.1271732163832027,-0.8619289595539066,0.03088232612129652,-0.7038734170494074,0.033801881853311205,-0.7009538613173927,HI_low_state,intermediate_low,stable,0,HI_low_state,intermediate_low,stable,0,HI_low_state,intermediate_low,stable,0,HI_low_state,intermediate_low,stable,0
C3032,CSM7KOU9,CSM7KOUF,CSM9X22G,14.0,20.0,37.0,6.0,17.0,-0.7347557431707039,-0.8282878330897392,-0.6077495639716922,-0.0935320899190352,0.0935320899190352,-0.0155886816531725,0.2205382691180469,HI_low_state,increase,0,0,HI_low_state,HI_low_state,-0.8282878330897392,-1.0932954211936723,HI_low_state,HI_low_state,stable,decrease,,,-1.1580279081401277,0.4016254272854889,0.2854979467860115,0.0444677370828924,-0.1654778099049266,0.1413488024252949,0.0110218514232403,-0.3305786990748715,0.3566687839238599,-0.4650915563712528,-0.1053193561388915,-0.1438420235257915,-0.297790739153404,-0.2436006812667359,0.5862466467726379,1.7813210303357627,-1.417384203395847,-0.5118526893715372,-0.2896154840223111,-0.6571575412397233,-0.5183060310181234,-0.108783193129603,-0.396036125680939,-0.6732898912983555,-0.1037004396497548,-0.4048447083425254,-0.1659820709865475,0.3827693085771003,-0.0934222248010143,,,-1.279227963047782,0.250368494630407,,,,,,,,,,,,,,,,,,,,,,,,,,,,,,-0.1212000549076544,-0.1512569326550819,,,,,,,,,,,,,,,,,,,,,,,,,,,,0.0,0.0,1.0,0.0,0.0,1.0,HI_low_state,intermediate_low,increase,0,0.0,-0.8282878330897392,-0.26500758810393304,-1.0932954211936723,0.01745468686643487,-0.8108331462233043,0.03210688072096517,-0.7961809523687741,HI_low_state,intermediate_low,stable,0,HI_low_state,non_IBD_like,decrease,0,HI_low_state,intermediate_low,stable,0,HI_low_state,intermediate_low,stable,0
C3034,CSM79HQR,CSM7KORU,CSM9X1XW,0.0,8.0,16.0,8.0,8.0,1.2332593937510177,1.9221139717239908,1.7785174263231822,0.6888545779729731,0.6888545779729731,0.0861068222466216,-0.1435965454008085,HI_high_state,stable,1,1,HI_high_state,HI_high_state,1.9221139717239908,2.610968549696964,HI_high_state,HI_high_state,stable,increase,,,1.3846138172968452,-0.2727343069543242,,,,,,,,,,,,,,,,,,,,,,,,,,,,,,1.054550794332954,0.9783521833933376,0.6817482685979597,0.7053901731955154,-0.10100831901656,-0.1082389365827866,0.7150448939561652,-0.3553012593839478,0.2766942274737402,0.0692859370464047,-0.1131951731182238,-0.157012053670764,-0.335142170174171,-0.2850122182969233,0.0102648569438343,0.6054006727031479,0.0178966347038672,1.215166615829948,-0.2352252460414743,0.6457419544489111,-0.0599073311712015,1.167603906703144,-0.3475301623421208,0.6873441879205843,-0.099387998111419,0.3412330123251149,-0.11759739693702,0.7335106943454258,-0.1072913428785755,,,-0.3300630229638912,1.251086490347662,,,,,,,,,,,,,,,,,,,,,,,,,,,,1.0,0.0,0.0,1.0,0.0,0.0,HI_high_state,high_extreme,stable,1,0.0,1.9221139717239908,0.6888545779729731,2.610968549696964,-0.27583074351270925,1.6462832282112816,-0.1817827595114537,1.7403312122125372,HI_high_state,high_extreme,stable,1,HI_high_state,high_extreme,increase,1,HI_high_state,high_extreme,decrease,1,HI_high_state,high_extreme,decrease,1
C3034,CSM7KORU,CSM9X1XW,CSM9X21P,8.0,16.0,40.0,8.0,24.0,1.9221139717239908,1.7785174263231822,1.0935599693400333,-0.1435965454008085,0.1435965454008085,-0.017949568175101,-0.6849574569831489,HI_high_state,decrease,1,1,HI_high_state,HI_high_state,1.7785174263231822,1.3477277901207565,HI_high_state,HI_high_state,stable,decrease,,,1.054550794332954,0.9783521833933376,0.6817482685979597,0.7053901731955154,-0.10100831901656,-0.1082389365827866,0.7150448939561652,-0.3553012593839478,0.2766942274737402,0.0692859370464047,-0.1131951731182238,-0.157012053670764,-0.335142170174171,-0.2850122182969233,0.0102648569438343,0.6054006727031479,0.0178966347038672,1.215166615829948,-0.2352252460414743,0.6457419544489111,-0.0599073311712015,1.167603906703144,-0.3475301623421208,0.6873441879205843,-0.099387998111419,0.3412330123251149,-0.11759739693702,0.7335106943454258,-0.1072913428785755,,,1.368241786339529,0.7116447474779296,,,,,,,,,,,,,,,,,,,,,,,,,,,-0.1072913428785755,,,0.3136909920065751,-0.266707435915408,,,,,,,,,,,,,,,,,,,,,,,,,,,0.0,1.0,0.0,0.0,1.0,0.0,0.0,HI_high_state,high_extreme,decrease,1,0.0,1.7785174263231822,-0.4307896362024255,1.3477277901207567,-0.13330393820874442,1.6452134881144378,-0.047057984696003356,1.731459441627179,HI_high_state,high_extreme,stable,1,HI_high_state,high_extreme,decrease,1,HI_high_state,high_extreme,stable,1,HI_high_state,high_extreme,stable,1
E5004,ESM5MEEG,ESM5GEZ6,ESM5MEBU,0.0,5.0,15.0,5.0,10.0,1.042991090526604,0.8642394228025381,0.8785880000002216,-0.1787516677240659,0.1787516677240659,-0.0357503335448131,0.0143485771976835,HI_high_state,stable,1,1,HI_high_state,HI_high_state,0.8642394228025381,0.5067360873544062,HI_high_state,HI_high_state,stable,decrease,,,0.7596857671440823,0.3318928228778958,,,,,,,,,,,,,,,,,,,,,,,,,,,,,,0.7066628201136625,-0.0646909855794509,,,,,,,,,,,,,,,,,,,,,,,,,,,,,,-0.0530229470304197,-0.3965838084573467,,,,,,,,,,,,,,,,,,,,,,,,,,,,1.0,0.0,0.0,1.0,0.0,0.0,HI_high_state,high_moderate,stable,1,0.0,0.8642394228025381,-0.35750333544813173,0.5067360873544063,-0.011425915762637587,0.8528135070399004,0.046001653023767616,0.9102410758263056,HI_high_state,high_moderate,stable,1,HI_high_state,high_moderate,decrease,1,HI_high_state,high_moderate,stable,1,HI_high_state,high_extreme,stable,1
E5004,ESM5GEZ6,ESM5MEBU,ESM5MEC5,5.0,15.0,26.0,10.0,11.0,0.8642394228025381,0.8785880000002216,0.9301627757699716,0.0143485771976835,0.0143485771976835,0.0014348577197683,0.05157477576975,HI_high_state,stable,1,1,HI_high_state,HI_high_state,0.8785880000002216,0.8943714349176736,HI_high_state,HI_high_state,stable,stable,,,0.7066628201136625,-0.0646909855794509,,,,,,,,,,,,,,,,,,,,,,,,,,,,,,0.2414700357664874,-0.1149454693640072,0.6554544444045345,-0.3031532979985638,-0.3418697983458175,-0.442671494496887,-0.4469214625896245,-0.2524438016471216,1.6169925542890822,-0.0647104718698587,-0.1053193561388915,0.233079738986359,-0.297790739153404,-0.2397355546062697,1.6740115435062677,-0.458837372206031,-0.4422103368050649,-0.6808831393800446,-0.2896154840223111,-0.492195569856889,-0.7872562289662726,-0.6344732095159562,-0.3814629849039923,0.4274787617615241,-0.1037004396497548,-0.3894661898587644,-0.1659820709865475,-0.3358172950787538,-0.0934222248010143,,,-0.4651927843471751,-0.0502544837845563,,,,,,,,,,,,,,,,,,,,,,,,,,,,1.0,0.0,0.0,1.0,0.0,0.0,HI_high_state,high_extreme,stable,1,0.0,0.8785880000002216,0.01578343491745185,0.8943714349176735,-0.08396187563758475,0.7946261243626369,-0.015003850897212376,0.8635841491030093,HI_high_state,high_moderate,stable,1,HI_high_state,high_extreme,stable,1,HI_high_state,high_moderate,stable,1,HI_high_state,high_moderate,stable,1
E5004,ESM5MEBU,ESM5MEC5,ESM718SY,15.0,26.0,39.0,11.0,13.0,0.8785880000002216,0.9301627757699716,0.9174795237119292,0.05157477576975,0.05157477576975,0.0046886159790681,-0.0126832520580424,HI_high_state,stable,1,1,HI_high_state,HI_high_state,0.9301627757699716,0.991114783497858,HI_high_state,HI_high_state,stable,stable,,,0.2414700357664874,-0.1149454693640072,0.6554544444045345,-0.3031532979985638,-0.3418697983458175,-0.442671494496887,-0.4469214625896245,-0.2524438016471216,1.6169925542890822,-0.0647104718698587,-0.1053193561388915,0.233079738986359,-0.297790739153404,-0.2397355546062697,1.6740115435062677,-0.458837372206031,-0.4422103368050649,-0.6808831393800446,-0.2896154840223111,-0.492195569856889,-0.7872562289662726,-0.6344732095159562,-0.3814629849039923,0.4274787617615241,-0.1037004396497548,-0.3894661898587644,-0.1659820709865475,-0.3358172950787538,-0.0934222248010143,,,-0.2504863369876948,-0.2783739104973663,0.0583258485700689,-0.2801070799665397,-0.7909867193777281,-0.3556678450303382,-0.4680723250042214,-0.279593242783872,0.0390650434973147,0.1039277372873848,-0.1053193561388915,-0.2978926568630227,-0.2400120379934568,-0.2422239172505042,0.1389235310765232,-0.3761802397934518,,,,,,,,,,,,,,,,-0.4919563727541822,-0.1634284411333591,-0.5971285958344655,0.023046218032024,-0.4491169210319106,0.0870036494665487,-0.0211508624145969,-0.0271494411367503,-1.5779275107917674,0.1686382091572435,0.0,-0.5309723958493817,0.0577787011599471,-0.0024883626442345,-1.5350880124297446,0.0826571324125792,,,,,,,,,,,,,,1.0,0.0,0.0,1.0,0.0,0.0,HI_high_state,high_extreme,stable,1,0.0,0.9301627757699716,0.060952007727886365,0.991114783497858,-0.10925307770003015,0.8209096980699415,0.12086487980669938,1.051027655576671,HI_high_state,high_extreme,stable,1,HI_high_state,high_extreme,stable,1,HI_high_state,high_moderate,stable,1,HI_high_state,high_extreme,stable,1
E5009,ESM5MEDN,ESM5MEDD,ESM718UH,2.0,9.0,15.0,7.0,6.0,-1.051961246869758,-1.330198677673091,-0.8953035148359388,-0.2782374308033331,0.2782374308033331,-0.0397482044004761,0.4348951628371521,HI_low_state,increase,0,0,HI_low_state,HI_low_state,-1.330198677673091,-1.5686879040759478,HI_low_state,HI_low_state,stable,decrease,,,-1.1717675061184651,0.0080332169616361,-0.535284840287613,-0.2032724885256567,-0.0494720248864592,-0.1688439474857685,-0.2804561904773713,0.0473165027636353,-0.220757760944367,-0.5676850093276261,-0.1550626969039416,-0.4764744392569734,-0.3060493516481313,0.4723841229716319,0.5170995521542057,-0.3064502064503544,-0.3423242234679301,-0.4839829355519211,-0.2057571286511379,-0.276506270511352,-0.0256862889249488,-0.3403095417736905,-0.2810331933304166,-0.4546402449204343,-0.1042905334781047,-0.4975223376269088,-0.1767156243979841,-0.3487795736994175,-0.1125162066174347,,,-1.2834863601666897,1.910943835504629,-0.2831462808362963,-0.4215047991653947,-0.1598197836670359,-0.3394993638488332,-0.2448227514875095,-0.3885116741524799,-0.3417595647662417,-0.7454076373373228,-0.1550626969039416,-0.6253485651506292,-0.2422545248452806,-0.3275747917120034,0.2203910261385285,-0.3976814907004247,,,,,,,,,,,,,,,,-0.1117188540482245,1.902910618542993,0.2521385594513167,-0.2182323106397379,-0.1103477587805766,-0.1706554163630647,0.0356334389898617,-0.4358281769161152,-0.1210018038218747,-0.1777226280096967,0.0,-0.1488741258936557,0.0637948268028507,-0.7999589146836352,-0.2967085260156771,-0.0912312842500702,,,,,,,,,,,,,,0.0,0.0,1.0,0.0,0.0,1.0,HI_low_state,non_IBD_like,increase,0,0.0,-1.330198677673091,-0.2384892264028569,-1.5686879040759478,0.1463747021218182,-1.1838239755512727,0.0966591364493596,-1.2335395412237313,HI_low_state,non_IBD_like,stable,0,HI_low_state,non_IBD_like,decrease,0,HI_low_state,non_IBD_like,stable,0,HI_low_state,non_IBD_like,stable,0
E5009,ESM5MEDD,ESM718UH,ESM9IEP5,9.0,15.0,42.0,6.0,27.0,-1.330198677673091,-0.8953035148359388,-1.2571986548574972,0.4348951628371521,0.4348951628371521,0.0724825271395253,-0.3618951400215583,HI_low_state,decrease,0,0,HI_low_state,HI_low_state,-0.8953035148359388,1.061724717931246,HI_low_state,HI_high_state,stable,increase,,,-1.2834863601666897,1.910943835504629,-0.2831462808362963,-0.4215047991653947,-0.1598197836670359,-0.3394993638488332,-0.2448227514875095,-0.3885116741524799,-0.3417595647662417,-0.7454076373373228,-0.1550626969039416,-0.6253485651506292,-0.2422545248452806,-0.3275747917120034,0.2203910261385285,-0.3976814907004247,,,,,,,,,,,,,,,,-1.271828920430435,-0.9040403540564244,-0.8799091602017495,-0.7620769694313226,-0.2925598933102473,-0.9093288825371896,-0.4206929292786465,-0.3290175820491978,-0.8917621264684231,-0.8779640447461395,-0.1550626969039416,-0.7364373379904069,-0.3141065309098974,-0.3657823048199904,0.1274478863633187,-0.2573447913388645,,,,,,,,,,,,,,,,0.0116574397362547,-2.814984189561053,-0.5967628793654531,-0.3405721702659279,-0.1327401096432114,-0.5698295186883564,-0.1758701777911369,0.0594940921032821,-0.5500025617021814,-0.1325564074088167,0.0,-0.1110887728397777,-0.0718520060646167,-0.038207513107987,-0.0929431397752098,0.1403366993615601,,,,,,,,,,,,,,0.0,0.0,1.0,0.0,0.0,1.0,HI_low_state,non_IBD_like,decrease,0,0.0,-0.8953035148359388,1.9570282327671846,1.061724717931246,-0.15794329813457986,-1.0532468129705186,0.00961438019777534,-0.8856891346381635,HI_low_state,non_IBD_like,stable,0,HI_high_state,high_extreme,increase,1,HI_low_state,non_IBD_like,decrease,0,HI_low_state,intermediate_low,stable,0
E5013,ESM5MEB9,ESM718V8,ESM718TM,0.0,7.0,16.0,7.0,9.0,-0.695425097245674,-0.7398931053291499,-0.6145692642834215,-0.0444680080834758,0.0444680080834758,-0.0063525725833536,0.1253238410457283,HI_low_state,stable,0,0,HI_low_state,HI_low_state,-0.7398931053291499,-0.7970662585793331,HI_low_state,HI_low_state,stable,stable,,,-0.9882674262040956,-0.282652284179163,,,,,,,,,,,,,,,,,,,,,,,,,,,,,,-1.017948437753185,-0.3368527926496361,-0.68126142131938,-1.259519405676148,0.1494662678125934,-1.5456027062602382,-0.4448556505816278,-0.3259245403390894,-0.4066144031847041,-1.3106342213278028,-0.1131951731182238,-0.8451326877567902,-0.3179749795840065,-0.26537390260983,-0.0042486276457572,-0.1990785239645846,-0.5526632547180487,-1.339643147251758,-0.2352252460414743,-1.1129849687544355,-1.1719980850599845,-0.4449040086613473,-0.1040804750287932,-0.2528400360082991,-0.099387998111419,-0.26364767305587,-0.11759739693702,-0.3078094444889777,-0.1072913428785755,,,-0.0296810115490895,-0.054200508470473,,,,,,,,,,,,,,,,,,,,,,,,,,,,0.0,0.0,1.0,0.0,0.0,1.0,HI_low_state,intermediate_low,stable,0,0.0,-0.7398931053291499,-0.05717315325018317,-0.797066258579333,0.024229674893590746,-0.7156634304355591,0.12169619832354488,-0.618196907005605,HI_low_state,intermediate_low,stable,0,HI_low_state,intermediate_low,stable,0,HI_low_state,intermediate_low,stable,0,HI_low_state,intermediate_low,stable,0
E5013,ESM718V8,ESM718TM,ESM9IEP1,7.0,16.0,39.0,9.0,23.0,-0.7398931053291499,-0.6145692642834215,-1.077990673943954,0.1253238410457283,0.1253238410457283,0.0139248712273031,-0.4634214096605324,HI_low_state,decrease,0,0,HI_low_state,HI_low_state,-0.6145692642834215,-0.294297226055449,HI_low_state,HI_intermediate_state,stable,increase,,,-1.017948437753185,-0.3368527926496361,-0.68126142131938,-1.259519405676148,0.1494662678125934,-1.5456027062602382,-0.4448556505816278,-0.3259245403390894,-0.4066144031847041,-1.3106342213278028,-0.1131951731182238,-0.8451326877567902,-0.3179749795840065,-0.26537390260983,-0.0042486276457572,-0.1990785239645846,-0.5526632547180487,-1.339643147251758,-0.2352252460414743,-1.1129849687544355,-1.1719980850599845,-0.4449040086613473,-0.1040804750287932,-0.2528400360082991,-0.099387998111419,-0.26364767305587,-0.11759739693702,-0.3078094444889777,-0.1072913428785755,,,-0.1259041625972728,0.3133201561469315,-1.0806962848498536,-1.752948635157183,0.0686256530295122,-1.6002015056561447,-0.3711467296910253,-0.4951205049340549,-0.1632195382492292,-1.4671240027461534,-0.1131951731182238,-0.5286219684325021,-0.335142170174171,-0.2962723864552046,-0.4905436521689037,-0.2778960718198641,,,,,,,,,,,,,,,,0.8920442751559123,0.6501729487965675,-0.3994348635304736,-0.4934292294810349,-0.0808406147830811,-0.0545987993959065,0.0737089208906024,-0.1691959645949655,0.2433948649354749,-0.1564897814183505,0.0,0.3165107193242881,-0.0171671905901644,-0.0308984838453745,-0.4862950245231465,-0.0788175478552794,,,,,,,,,,,,,,0.0,0.0,1.0,0.0,0.0,1.0,HI_low_state,non_IBD_like,decrease,0,0.0,-0.6145692642834215,0.32027203822797234,-0.29429722605544917,-0.08856895479932919,-0.7031382190827506,-0.036928483293628835,-0.6514977475770504,HI_low_state,intermediate_low,stable,0,HI_intermediate_state,intermediate_low,increase,0,HI_low_state,intermediate_low,stable,0,HI_low_state,intermediate_low,stable,0
H4001,HSM5FZBJ,HSM5MD7W,HSM5MD5K,0.0,11.0,15.0,11.0,4.0,0.0853960331274843,-0.2250087073399472,0.1978017437317112,-0.3104047404674315,0.3104047404674315,-0.0282186127697665,0.4228104510716584,HI_intermediate_state,increase,0,0,HI_intermediate_state,HI_intermediate_state,-0.2250087073399472,-0.3378831584190132,HI_intermediate_state,HI_intermediate_state,stable,stable,,,1.192286624023956,-0.2712581688628316,,,,,,,,,,,,,,,,,,,,,,,,,,,,,,0.6933003507808605,0.5093938530268429,,,,,,,,,,,,,,,,,,,,,,,,,,,,,,-0.4989862732430955,0.7806520218896745,,,,,,,,,,,,,,,,,,,,,,,,,,,,0.0,1.0,0.0,0.0,1.0,0.0,HI_intermediate_state,intermediate_high,increase,0,0.0,-0.2250087073399472,-0.112874451079066,-0.33788315841901323,0.14765221848543647,-0.07735648885451074,0.15261881400064026,-0.07238989333930695,HI_intermediate_state,intermediate_high,stable,0,HI_intermediate_state,intermediate_low,stable,0,HI_intermediate_state,intermediate_high,stable,0,HI_intermediate_state,intermediate_high,increase,0
H4001,HSM5MD7W,HSM5MD5K,HSM5MD7H,11.0,15.0,25.0,4.0,10.0,-0.2250087073399472,0.1978017437317112,-0.4587278336054858,0.4228104510716584,0.4228104510716584,0.1057026127679146,-0.656529577337197,HI_intermediate_state,decrease,0,0,HI_intermediate_state,HI_intermediate_state,0.1978017437317112,1.2548278714108572,HI_intermediate_state,HI_high_state,stable,increase,,,0.6933003507808605,0.5093938530268429,,,,,,,,,,,,,,,,,,,,,,,,,,,,,,0.5777583675012662,0.4813976231890819,,,,,,,,,,,,,,,,,,,,,,,,,,,,,,-0.1155419832795943,-0.027996229837761,,,,,,,,,,,,,,,,,,,,,,,,,,,,0.0,1.0,0.0,0.0,1.0,0.0,HI_low_state,intermediate_low,decrease,0,0.0,0.1978017437317112,1.057026127679146,1.2548278714108572,-0.07361639093968772,0.12418535279202347,-0.02326530274536094,0.17453644098635024,HI_intermediate_state,intermediate_high,stable,0,HI_high_state,high_extreme,increase,1,HI_intermediate_state,intermediate_high,stable,0,HI_intermediate_state,intermediate_high,stable,0
H4001,HSM5MD5K,HSM5MD7H,HSM5MD79,15.0,25.0,33.0,10.0,8.0,0.1978017437317112,-0.4587278336054858,-0.1132571321600637,-0.656529577337197,0.656529577337197,-0.0656529577337197,0.3454707014454221,HI_intermediate_state,increase,0,0,HI_intermediate_state,HI_intermediate_state,-0.4587278336054858,-0.9839514954752432,HI_intermediate_state,HI_low_state,stable,decrease,,,0.5777583675012662,0.4813976231890819,,,,,,,,,,,,,,,,,,,,,,,,,,,,,,1.037209043823948,0.2033959813724182,,,,,,,,,,,,,,,,,,,,,,,,,,,-0.0621499057667069,,,0.4594506763226819,-0.2780016418166637,,,,,,,,,,,,,,,,,,,,,,,,,,,,0.0,1.0,0.0,0.0,1.0,0.0,HI_intermediate_state,intermediate_high,increase,0,0.0,-0.4587278336054858,-0.5252236618697576,-0.9839514954752433,0.20637264569930683,-0.25235518790617895,0.18434105723197186,-0.27438677637351394,HI_low_state,intermediate_low,stable,0,HI_low_state,non_IBD_like,decrease,0,HI_intermediate_state,intermediate_high,increase,0,HI_intermediate_state,intermediate_high,increase,0
H4001,HSM5MD7H,HSM5MD79,HSM67VEA,25.0,33.0,46.0,8.0,13.0,-0.4587278336054858,-0.1132571321600637,-0.3989186966561091,0.3454707014454221,0.3454707014454221,0.0431838376806777,-0.2856615644960454,HI_intermediate_state,decrease,0,0,HI_intermediate_state,HI_intermediate_state,-0.1132571321600637,0.4481327576887473,HI_intermediate_state,HI_high_state,stable,increase,,,1.037209043823948,0.2033959813724182,,,,,,,,,,,,,,,,,,,,,,,,,,,-0.0621499057667069,,,0.2175700738820971,0.6716616251538828,-0.4634082993021896,0.2243916071051244,-0.3215843011270534,0.6139807090209843,0.0783156173802505,-0.2227625702139831,0.0158500214252626,1.2472938953119277,-0.1032378535597188,0.8909480814239396,-0.0128138300224154,-0.1403667744791001,0.0694636567474431,-0.2509023757018468,,,,,,,,,,,,,,,,-0.8196389699418509,0.4682656437814646,,,,,,,,,,,,,,,,,,,,,,,,,,,,0.0,1.0,0.0,0.0,1.0,0.0,HI_intermediate_state,intermediate_low,decrease,0,0.0,-0.1132571321600637,0.5613898898488109,0.44813275768874716,-0.020832366993282295,-0.134089499153346,0.02875601786653279,-0.08450111429353091,HI_intermediate_state,intermediate_high,stable,0,HI_intermediate_state,high_moderate,increase,0,HI_intermediate_state,intermediate_high,stable,0,HI_intermediate_state,intermediate_high,stable,0
H4004,HSM5MD4S,HSM5MD4W,HSM5MD5P,0.0,4.0,16.0,4.0,12.0,0.0079495881678621,-0.0443823505907075,-0.4139066240967468,-0.0523319387585696,0.0523319387585696,-0.0130829846896424,-0.3695242735060393,HI_intermediate_state,decrease,0,0,HI_intermediate_state,HI_intermediate_state,-0.0443823505907075,-0.2013781668664163,HI_intermediate_state,HI_intermediate_state,stable,decrease,,,0.2559565403935405,0.1177651257987146,,,,,,,,,,,,,,,,,,,,,,,,,,,,,,-0.7357128126719437,0.3097088859483136,,,,,,,,,,,,,,,,,,,,,,,,,,,,,,-0.991669353065484,0.1919437601495989,,,,,,,,,,,,,,,,,,,,,,,,,,,,0.0,1.0,0.0,0.0,1.0,0.0,HI_intermediate_state,intermediate_low,decrease,0,0.0,-0.0443823505907075,-0.1569958162757088,-0.2013781668664163,0.049712249680229095,0.0053298990895215975,0.08865107201412452,0.04426872142341702,HI_intermediate_state,intermediate_high,stable,0,HI_intermediate_state,intermediate_high,decrease,0,HI_intermediate_state,intermediate_high,stable,0,HI_intermediate_state,intermediate_high,stable,0
H4004,HSM5MD4W,HSM5MD5P,HSM6XRSG,4.0,16.0,24.0,12.0,8.0,-0.0443823505907075,-0.4139066240967468,0.3196411672111752,-0.3695242735060393,0.3695242735060393,-0.0307936894588366,0.733547791307922,HI_intermediate_state,increase,0,0,HI_intermediate_state,HI_intermediate_state,-0.4139066240967468,-0.6602561397674396,HI_intermediate_state,HI_low_state,stable,decrease,,,-0.7357128126719437,0.3097088859483136,,,,,,,,,,,,,,,,,,,,,,,,,,,,,,-1.439034522751808,0.3988799946318716,-0.1754064826127239,-0.0746878664588175,0.0078061519837174,-0.0600159874681752,-0.1460054166378335,-0.1216688935807549,-0.1446757762803588,0.0102520366048684,-0.1032378535597188,-0.3570420892711651,-0.1538043460321545,-0.2126322860615095,-0.1106604977274623,-0.2238700176323552,-0.2173176493409059,-0.4895141304264319,-0.134714510655811,-0.1465296949988571,0.1241172669422932,-0.2605173186485828,-0.3657141160871987,0.2302716825998575,-0.0394361503362549,-0.3099199040566922,-0.0758855831504279,-0.2880022112779509,-0.0621499057667069,,,-0.7033217100798643,0.089171108683558,,,,,,,,,,,,,,,,,,,,,,,,,,,,0.0,1.0,0.0,0.0,1.0,0.0,HI_intermediate_state,high_moderate,increase,0,0.0,-0.4139066240967468,-0.24634951567069285,-0.6602561397674396,0.13769856712948314,-0.27620805696726364,0.07713105459496801,-0.3367755695017788,HI_intermediate_state,intermediate_low,stable,0,HI_low_state,intermediate_low,decrease,0,HI_intermediate_state,intermediate_high,stable,0,HI_intermediate_state,intermediate_low,stable,0
H4004,HSM5MD5P,HSM6XRSG,HSM7CYZT,16.0,24.0,36.0,8.0,12.0,-0.4139066240967468,0.3196411672111752,-0.25224165632022,0.733547791307922,0.733547791307922,0.0916934739134902,-0.5718828235313952,HI_intermediate_state,decrease,0,0,HI_intermediate_state,HI_intermediate_state,0.3196411672111752,1.4199628541730582,HI_intermediate_state,HI_high_state,stable,increase,,,-1.439034522751808,0.3988799946318716,-0.1754064826127239,-0.0746878664588175,0.0078061519837174,-0.0600159874681752,-0.1460054166378335,-0.1216688935807549,-0.1446757762803588,0.0102520366048684,-0.1032378535597188,-0.3570420892711651,-0.1538043460321545,-0.2126322860615095,-0.1106604977274623,-0.2238700176323552,-0.2173176493409059,-0.4895141304264319,-0.134714510655811,-0.1465296949988571,0.1241172669422932,-0.2605173186485828,-0.3657141160871987,0.2302716825998575,-0.0394361503362549,-0.3099199040566922,-0.0758855831504279,-0.2880022112779509,-0.0621499057667069,,,-0.0264095396781432,1.0948950683995298,-0.1312114017767033,-0.3986142062275968,-0.0029517171242528,-0.293176689468093,-0.2693719898228066,-0.6086190034439453,0.3463542941815292,0.6570925615055067,-0.1032378535597188,0.0968820893658387,2.4669211288803994,-0.8894975486471878,0.1345537354880903,-0.0787105041825827,-0.0844881711303179,-0.9131835355519324,-0.1821025100741947,-0.1676278215876202,0.3092558494036835,-0.5143750729622071,-0.5016220800587398,-0.4551577084306169,-0.0394361503362549,-2.186346659478618,17.10790823025106,0.6328686281104934,-0.0621499057667069,,,1.4126249830736648,0.6960150737676581,0.0441950808360206,-0.3239263397687792,-0.0107578691079702,-0.2331607019999177,-0.123366573184973,-0.4869501098631904,0.4910300704618879,0.6468405249006383,0.0,0.4539241786370038,2.620725474912554,-0.6768652625856783,0.2452142332155525,0.1451595134497725,0.132829478210588,-0.4236694051255005,-0.0473879994183837,-0.0210981265887631,0.1851385824613903,-0.2538577543136243,-0.135907963971541,-0.6854293910304744,0.0,-1.8764267554219256,17.183793813401486,0.9208708393884444,0.0,0.0,1.0,0.0,0.0,1.0,0.0,HI_intermediate_state,intermediate_high,decrease,0,0.0,0.3196411672111752,1.100321686961883,1.4199628541730582,-0.21401850551561974,0.10562266169555545,1.2573976967578482,1.5770388639690234,HI_intermediate_state,high_moderate,stable,0,HI_high_state,high_extreme,increase,1,HI_intermediate_state,intermediate_high,decrease,0,HI_high_state,high_extreme,increase,1
H4004,HSM6XRSG,HSM7CYZT,HSM7CZ14,24.0,36.0,46.0,12.0,10.0,0.3196411672111752,-0.25224165632022,-0.332524905741116,-0.5718828235313952,0.5718828235313952,-0.0476569019609496,-0.0802832494208959,HI_intermediate_state,stable,0,0,HI_intermediate_state,HI_intermediate_state,-0.25224165632022,-0.7288106759297159,HI_intermediate_state,HI_low_state,stable,decrease,,,-0.0264095396781432,1.0948950683995298,-0.1312114017767033,-0.3986142062275968,-0.0029517171242528,-0.293176689468093,-0.2693719898228066,-0.6086190034439453,0.3463542941815292,0.6570925615055067,-0.1032378535597188,0.0968820893658387,2.4669211288803994,-0.8894975486471878,0.1345537354880903,-0.0787105041825827,-0.0844881711303179,-0.9131835355519324,-0.1821025100741947,-0.1676278215876202,0.3092558494036835,-0.5143750729622071,-0.5016220800587398,-0.4551577084306169,-0.0394361503362549,-2.186346659478618,17.10790823025106,0.6328686281104934,-0.0621499057667069,,,-0.4781694777002799,0.4052156410570417,-0.1962580293570126,0.9050859064151136,-0.1172942825765201,0.3669312666699042,-0.152940629441092,2.08881462222437,0.0950454326037128,0.1343390182599246,-0.1032378535597188,-0.3290362226602577,1.1359000330379307,-0.3850544267920043,0.1345537354880903,0.2942690381382313,-3.038737204888326,-0.10503533414494,0.1070832784372253,-0.002190008759673,-0.0222180118711793,-1.3685651022204004,0.4694093421738696,-0.0172487447582755,-0.0394361503362549,-0.1587761576669306,-2.9681361476659327,1.2280866095709866,-0.0621499057667069,,,-0.4517599380221367,-0.689679427342488,-0.0650466275803093,1.3037001126427104,-0.1143425654522673,0.6601079561379972,0.1164313603817145,2.697433625668315,-0.2513088615778164,-0.5227535432455821,0.0,-0.4259183120260964,-1.3310210958424686,0.5044431218551835,0.0,0.372979542320814,-2.9542490337580083,0.8081482014069924,0.28918578851142,0.1654378128279472,-0.3314738612748628,-0.8541900292581933,0.9710314222326092,0.4379089636723414,0.0,2.027570501811687,-20.076044377916997,0.5952179814604932,0.0,0.0,1.0,0.0,0.0,1.0,0.0,HI_intermediate_state,intermediate_low,stable,0,0.0,-0.25224165632022,-0.476569019609496,-0.7288106759297159,0.16953173907068875,-0.08270991724953125,-1.4730655538817197,-1.7253072102019398,HI_intermediate_state,intermediate_high,stable,0,HI_low_state,intermediate_low,decrease,0,HI_intermediate_state,intermediate_high,increase,0,HI_low_state,non_IBD_like,decrease,0
H4006,HSM5MD86,HSM5MD4A,HSM5MD7O,0.0,6.0,16.0,6.0,10.0,0.3572527961654784,0.1135116477658744,0.7468633788556585,-0.2437411483996039,0.2437411483996039,-0.0406235247332673,0.633351731089784,HI_high_state,increase,1,1,HI_intermediate_state,HI_intermediate_state,0.1135116477658744,-0.2927235995667989,HI_intermediate_state,HI_intermediate_state,stable,decrease,,,0.4136422989199533,0.1394058352987905,,,,,,,,,,,,,,,,,,,,,,,,,,,,,,-0.5123095326842241,0.8113045236035906,,,,,,,,,,,,,,,,,,,,,,,,,,,,,,-0.9259518316041774,0.6718986883048002,,,,,,,,,,,,,,,,,,,,,,,,,,,,0.0,1.0,0.0,0.0,1.0,0.0,HI_high_state,high_moderate,increase,1,0.0,0.1135116477658744,-0.40623524733267313,-0.2927235995667987,0.1060101044917397,0.2195217522576141,0.12144178102380794,0.23495342878968234,HI_intermediate_state,intermediate_high,stable,0,HI_intermediate_state,intermediate_low,decrease,0,HI_intermediate_state,intermediate_high,stable,0,HI_intermediate_state,intermediate_high,stable,0
H4006,HSM5MD4A,HSM5MD7O,HSM67VEE,6.0,16.0,26.0,10.0,10.0,0.1135116477658744,0.7468633788556585,0.2064911810640611,0.633351731089784,0.633351731089784,0.0633351731089784,-0.5403721977915974,HI_intermediate_state,decrease,0,0,HI_intermediate_state,HI_high_state,0.7468633788556585,1.3802151099454425,HI_high_state,HI_high_state,stable,increase,,,-0.5123095326842241,0.8113045236035906,,,,,,,,,,,,,,,,,,,,,,,,,,,,,,1.8837544706424587,0.8140016743449735,-2.549985572578163,-5.790748706125656,0.0600688236027864,-7.647310380253838,0.1190153846273033,5.713656251131504,-0.0025743991204454,-0.0532130191954983,-0.1053193561388915,3.032836936589815,5.244177783643425,-2.2538807139833503,0.1456950097140578,7.728989447048355,0.7954336606846316,-1.0533272668009654,-0.2896154840223111,0.6129636218203345,1.3265217375377445,1.0705201779813274,1.5806203982946367,-0.3821223576156931,-0.1037004396497548,-2.003727433014565,3.539264071550001,2.283393983299563,-0.0934222248010143,,,2.396064003326683,0.0026971507413828,,,,,,,,,,,,,,,,,,,,,,,,,,,,0.0,1.0,0.0,1.0,0.0,0.0,HI_intermediate_state,intermediate_high,decrease,0,0.0,0.7468633788556585,0.633351731089784,1.3802151099454425,-0.27901726384152975,0.4678461150141287,-0.36277349485189025,0.3840898840037682,HI_high_state,high_moderate,stable,1,HI_high_state,high_extreme,increase,1,HI_intermediate_state,high_moderate,decrease,0,HI_intermediate_state,high_moderate,decrease,0
H4006,HSM5MD7O,HSM67VEE,HSM7CYX2,16.0,26.0,36.0,10.0,10.0,0.7468633788556585,0.2064911810640611,-0.3504617876807961,-0.5403721977915974,0.5403721977915974,-0.0540372197791597,-0.5569529687448572,HI_intermediate_state,decrease,0,0,HI_high_state,HI_intermediate_state,0.2064911810640611,-0.3338810167275363,HI_intermediate_state,HI_intermediate_state,stable,decrease,,,1.8837544706424587,0.8140016743449735,-2.549985572578163,-5.790748706125656,0.0600688236027864,-7.647310380253838,0.1190153846273033,5.713656251131504,-0.0025743991204454,-0.0532130191954983,-0.1053193561388915,3.032836936589815,5.244177783643425,-2.2538807139833503,0.1456950097140578,7.728989447048355,0.7954336606846316,-1.0533272668009654,-0.2896154840223111,0.6129636218203345,1.3265217375377445,1.0705201779813274,1.5806203982946367,-0.3821223576156931,-0.1037004396497548,-2.003727433014565,3.539264071550001,2.283393983299563,-0.0934222248010143,,,-0.5548278039224479,0.2069084621658337,-0.2923908310097552,0.129112114793512,-0.8692213626557065,-0.0776743193888523,0.1507622272036319,-0.5812839514540472,-0.1193705342425519,0.8302851682846563,-0.1053193561388915,-0.4075516186674397,-0.297790739153404,0.2878557103675601,-1.27430903271137,0.4028963603354256,1.8316377101643253,0.8026690788824385,-0.2896154840223111,0.0198503619808136,-0.4307919490853057,0.0582606603609514,2.1858961623459674,1.7073804560522536,-0.1037004396497548,3.058745613060962,-0.1659820709865475,-0.2382146719657994,-0.0934222248010143,,,-2.4385822745649066,-0.6070932121791398,2.257594741568408,5.919860820919168,-0.9292901862584928,7.569636060864986,0.0317468425763285,-6.294940202585551,-0.1167961351221065,0.8834981874801545,0.0,-3.440388555257255,-5.54196852279683,2.54173642435091,-1.4200040424254277,-7.3260930867129295,1.0362040494796938,1.855996345683404,0.0,-0.5931132598395209,-1.7573136866230503,-1.012259517620376,0.6052757640513307,2.0895028136679468,0.0,5.062473046075527,-3.705246142536548,-2.5216086552653625,0.0,1.0,0.0,0.0,0.0,1.0,0.0,HI_intermediate_state,intermediate_low,decrease,0,0.0,0.2064911810640611,-0.5403721977915974,-0.3338810167275363,0.1794093773727905,0.3859005584368516,-1.4730655538817197,-1.2665743728176586,HI_intermediate_state,intermediate_high,stable,0,HI_intermediate_state,intermediate_low,decrease,0,HI_intermediate_state,high_moderate,increase,0,HI_low_state,non_IBD_like,decrease,0
H4007,HSM5MD4Q,HSM5MD4O,HSM6XRSN,4.0,9.0,16.0,5.0,7.0,2.0636267960956123,1.7294009813602726,1.087227511301701,-0.3342258147353396,0.3342258147353396,-0.0668451629470679,-0.6421734700585717,HI_high_state,decrease,1,1,HI_high_state,HI_high_state,1.7294009813602726,1.2614848407307973,HI_high_state,HI_high_state,stable,decrease,,,1.6970937554777308,0.550027208955454,,,,,,,,,,,,,,,,,,,,,,,,,,,,,,2.468701604777208,0.577959378041096,0.1519099732126616,0.1829811947586246,-0.0960228563444583,0.3975651819475482,0.084929437931674,-0.0925327240813196,0.0050484316322426,0.2104851220054404,-0.1053193561388915,0.292767487010603,-0.2619516193224573,-0.0567990321839429,0.2796913890315212,1.038200122267371,,,,,,,,,,,,,,,,0.7716078492994773,0.027932169085642,,,,,,,,,,,,,,,,,,,,,,,,,,,,1.0,0.0,0.0,1.0,0.0,0.0,HI_high_state,high_extreme,decrease,1,0.0,1.7294009813602726,-0.4679161406294754,1.2614848407307973,0.010688522449568114,1.7400895038098407,0.019371468527220843,1.7487724498874935,HI_high_state,high_extreme,stable,1,HI_high_state,high_extreme,decrease,1,HI_high_state,high_extreme,stable,1,HI_high_state,high_extreme,stable,1
H4008,HSM5MD8A,HSM5MD5D,HSM6XRSZ,0.0,8.0,16.0,8.0,8.0,-0.5074981699313276,-1.536880172088301,-1.2117939614044264,-1.0293820021569733,1.0293820021569733,-0.1286727502696216,0.3250862106838745,HI_low_state,increase,0,0,HI_intermediate_state,HI_low_state,-1.536880172088301,-2.5662621742452743,HI_low_state,HI_low_state,stable,decrease,,,-0.8973617691814088,-0.1172392298308551,,,,,,,,,,,,,,,,,,,,,,,,,,,,,,-0.6361227854215955,1.6311263127996158,-0.4513447081208182,-0.2445713597071137,-0.1763305501903548,-0.2429599346215311,-0.4554584105858114,-0.3314851945065344,-2.1583932695616097,-0.2782596308007477,-0.1550626969039416,-0.4319871846349667,-0.3391913935469496,-0.3744712484264114,-0.0430748149928834,-0.5265948871995418,0.4317132872527596,-0.2843490916085383,-0.2057571286511379,0.6387593185833129,0.7717986349308567,-0.4490195157639904,1.2301847906678574,-1.0803893181826063,-0.1042905334781047,1.6178165763083985,-0.1767156243979841,-0.3487795736994175,-0.1125162066174347,,,0.2612389837598132,1.748365542630471,,,,,,,,,,,,,,,,,,,,,,,,,,,,0.0,1.0,0.0,0.0,0.0,1.0,HI_low_state,non_IBD_like,increase,0,0.0,-1.536880172088301,-1.0293820021569733,-2.5662621742452743,0.41688297765343874,-1.1199971944348621,0.1136056142333072,-1.4232745578549937,HI_low_state,non_IBD_like,stable,0,HI_low_state,non_IBD_like,decrease,0,HI_low_state,non_IBD_like,increase,0,HI_low_state,non_IBD_like,stable,0
H4008,HSM5MD5D,HSM6XRSZ,HSM67VFZ,8.0,16.0,26.0,8.0,10.0,-1.536880172088301,-1.2117939614044264,-1.6694758928237747,0.3250862106838745,0.3250862106838745,0.0406357763354843,-0.4576819314193483,HI_low_state,decrease,0,0,HI_low_state,HI_low_state,-1.2117939614044264,-0.8054361980495832,HI_low_state,HI_low_state,stable,increase,,,-0.6361227854215955,1.6311263127996158,-0.4513447081208182,-0.2445713597071137,-0.1763305501903548,-0.2429599346215311,-0.4554584105858114,-0.3314851945065344,-2.1583932695616097,-0.2782596308007477,-0.1550626969039416,-0.4319871846349667,-0.3391913935469496,-0.3744712484264114,-0.0430748149928834,-0.5265948871995418,0.4317132872527596,-0.2843490916085383,-0.2057571286511379,0.6387593185833129,0.7717986349308567,-0.4490195157639904,1.2301847906678574,-1.0803893181826063,-0.1042905334781047,1.6178165763083985,-0.1767156243979841,-0.3487795736994175,-0.1125162066174347,,,-0.3220153129164088,2.100819211551633,,,,,,,,,,,,,,,,,,,,,,,,,,,,,,0.3141074725051867,0.4696928987520172,,,,,,,,,,,,,,,,,,,,,,,,,,,,0.0,0.0,1.0,0.0,0.0,1.0,HI_low_state,non_IBD_like,decrease,0,0.0,-1.2117939614044264,0.40635776335484314,-0.8054361980495832,-0.07631585189164855,-1.2881098132960749,-0.16994974460926573,-1.3817437060136921,HI_low_state,non_IBD_like,stable,0,HI_low_state,intermediate_low,increase,0,HI_low_state,non_IBD_like,stable,0,HI_low_state,non_IBD_like,decrease,0
H4008,HSM6XRSZ,HSM67VFZ,HSM7CZ2P,16.0,26.0,45.0,10.0,19.0,-1.2117939614044264,-1.6694758928237747,-1.1344773316561625,-0.4576819314193483,0.4576819314193483,-0.0457681931419348,0.5349985611676122,HI_low_state,increase,0,0,HI_low_state,HI_low_state,-1.6694758928237747,-2.5390715625205367,HI_low_state,HI_low_state,stable,decrease,,,-0.3220153129164088,2.100819211551633,,,,,,,,,,,,,,,,,,,,,,,,,,,,,,-0.8367715232247123,2.5252600931406057,0.0648182087263922,0.5965491139571123,-0.021872839583735,0.522933155370483,0.4345875669037407,-0.03145381835017,-0.4716527142583651,-0.1400438867588183,-0.1550626969039416,0.3289343818707266,0.005615507779966,0.2814807151780967,0.0716093481626159,0.0371955606339599,-1.0277751576914325,-0.7109353140497356,1.4746784366410544,-0.8747965850875916,0.4963166509512982,-1.7748080201309568,0.5674602722373276,-0.8881113851117943,-0.1042905334781047,-0.3304425953783992,1.3409864385825894,-0.5514369726604387,-0.1125162066174347,,,-0.5147562103083034,0.4244408815889726,,,,,,,,,,,,,,,,,,,,,,,,,,,,0.0,0.0,1.0,0.0,0.0,1.0,HI_low_state,non_IBD_like,increase,0,0.0,-1.6694758928237747,-0.8695956696967618,-2.5390715625205367,0.14203952653923838,-1.5274363662845363,0.009849886503527132,-1.6596260063202477,HI_low_state,non_IBD_like,stable,0,HI_low_state,non_IBD_like,decrease,0,HI_low_state,non_IBD_like,stable,0,HI_low_state,non_IBD_like,stable,0
H4009,HSM5MD82,HSM5MD8B,HSM6XRTC,0.0,7.0,15.0,7.0,8.0,-1.3130727851713515,-1.3614909272580984,-1.3815767465017357,-0.0484181420867468,0.0484181420867468,-0.0069168774409638,-0.0200858192436372,HI_low_state,stable,0,0,HI_low_state,HI_low_state,-1.3614909272580984,-1.416825946785809,HI_low_state,HI_low_state,stable,stable,,,-0.6721757052720349,-0.0533393924138238,,,,,,,,,,,,,,,,,,,,,,,,,,,,,,-0.2545604274507257,0.4632808957030028,,,,,,,,,,,,,,,,,,,,,,,,,,,,,,0.4176152778213091,0.5166202881168266,,,,,,,,,,,,,,,,,,,,,,,,,,,,0.0,0.0,1.0,0.0,0.0,1.0,HI_low_state,non_IBD_like,stable,0,0.0,-1.3614909272580984,-0.05533501952771063,-1.416825946785809,0.0617764639619202,-1.2997144632961781,-0.01737188160427603,-1.3788628088623744,HI_low_state,non_IBD_like,stable,0,HI_low_state,non_IBD_like,stable,0,HI_low_state,non_IBD_like,stable,0,HI_low_state,non_IBD_like,stable,0
H4009,HSM5MD8B,HSM6XRTC,HSM67VGA,7.0,15.0,23.0,8.0,8.0,-1.3614909272580984,-1.3815767465017357,-1.069088724904112,-0.0200858192436372,0.0200858192436372,-0.0025107274054546,0.3124880215976235,HI_low_state,increase,0,0,HI_low_state,HI_low_state,-1.3815767465017357,-1.401662565745373,HI_low_state,HI_low_state,stable,stable,,,-0.2545604274507257,0.4632808957030028,,,,,,,,,,,,,,,,,,,,,,,,,,,,,,-1.3093234812134564,-0.3285336124497979,,,,,,,,,,,,,,,,,,,,,,,,,,,,,,-1.0547630537627306,-0.7918145081528007,,,,,,,,,,,,,,,,,,,,,,,,,,,,0.0,0.0,1.0,0.0,0.0,1.0,HI_low_state,non_IBD_like,increase,0,0.0,-1.3815767465017357,-0.0200858192436372,-1.401662565745373,0.045169703014497506,-1.3364070434872382,0.050667312291612324,-1.3309094342101233,HI_low_state,non_IBD_like,stable,0,HI_low_state,non_IBD_like,stable,0,HI_low_state,non_IBD_like,stable,0,HI_low_state,non_IBD_like,stable,0
H4009,HSM6XRTC,HSM67VGA,HSM7CYYZ,15.0,23.0,46.0,8.0,23.0,-1.3815767465017357,-1.069088724904112,-1.184666264723628,0.3124880215976235,0.3124880215976235,0.0390610026997029,-0.1155775398195158,HI_low_state,stable,0,0,HI_low_state,HI_low_state,-1.069088724904112,-0.1706856628109443,HI_low_state,HI_intermediate_state,stable,increase,,,-1.3093234812134564,-0.3285336124497979,,,,,,,,,,,,,,,,,,,,,,,,,,,,,,-1.391906978871447,-0.4704093263221314,-0.1899235555235887,-0.7490604827549359,-0.1833632744718034,0.5137538055978957,-0.0795011431694336,0.600852926685774,-0.0147477956230601,-0.3424525818134646,-0.1053193561388915,0.6229783965184736,-0.2178648907508822,-0.2404789241934496,-0.8417325443617791,1.158163594800781,-0.379390226904638,-0.1829808581760135,-0.2896154840223111,-0.0715837280752821,0.106624766029634,-0.182065293894979,-0.245457458410804,-0.4993525562877477,-0.1037004396497548,-0.386213439269314,-0.1659820709865475,-0.3358172950787538,-0.0934222248010143,,,-0.0825834976579906,-0.1418757138723335,,,,,,,,,,,,,,,,,,,,,,,,,,,,0.0,0.0,1.0,0.0,0.0,1.0,HI_low_state,non_IBD_like,stable,0,0.0,-1.069088724904112,0.8984030620931676,-0.17068566281094455,-0.1288927982125167,-1.1979815231166289,-0.12718908132227325,-1.1962778062263855,HI_low_state,non_IBD_like,stable,0,HI_intermediate_state,intermediate_high,increase,0,HI_low_state,non_IBD_like,stable,0,HI_low_state,non_IBD_like,stable,0
H4010,HSM5MD87,HSM5MD43,HSM5MD3Y,0.0,6.0,11.0,6.0,5.0,0.2689572003276578,0.3438156380627072,-0.3054893528497427,0.0748584377350494,0.0748584377350494,0.0124764062891749,-0.64930499091245,HI_intermediate_state,decrease,0,0,HI_intermediate_state,HI_intermediate_state,0.3438156380627072,0.4061976695085817,HI_intermediate_state,HI_high_state,stable,stable,,,0.9288771770580848,0.1622053576087367,,,,,,,,,,,,,,,,,,,,,,,,,,,,,,0.464617796844244,-0.3701114589838409,0.3346772132139294,0.3773958386562537,-0.1904944677085707,0.251298860976835,1.06457800568875,-0.2355913435742509,0.1058425463250956,0.071341987115862,-0.1550626969039416,0.0290854053142102,-0.187037334251135,-0.2967159644295143,-0.0818269789545253,0.2284209924971133,0.3250096102777264,0.3666064527587783,-0.2057571286511379,0.4542505466243111,0.5017584244159636,-0.0117644857100524,0.2048612213122022,0.5099943606628652,-0.1042905334781047,0.4885023274057447,-0.1767156243979841,-0.7219071517247995,-0.1125162066174347,,,-0.4642593802138408,-0.5323168165925776,,,,,,,,,,,,,,,,,,,,,,,,,,,,0.0,1.0,0.0,0.0,1.0,0.0,HI_intermediate_state,intermediate_low,decrease,0,0.0,0.3438156380627072,0.0623820314458745,0.4061976695085817,-0.013514192146063912,0.3303014459166433,0.003990975335149557,0.3478066133978568,HI_intermediate_state,high_moderate,stable,0,HI_intermediate_state,high_moderate,stable,0,HI_intermediate_state,high_moderate,stable,0,HI_intermediate_state,high_moderate,stable,0
H4010,HSM5MD43,HSM5MD3Y,HSM6XRTM,6.0,11.0,22.0,5.0,11.0,0.3438156380627072,-0.3054893528497427,0.8248186565475392,-0.64930499091245,0.64930499091245,-0.12986099818249,1.130308009397282,HI_high_state,increase,1,1,HI_intermediate_state,HI_intermediate_state,-0.3054893528497427,-1.7339603328571327,HI_intermediate_state,HI_low_state,stable,decrease,,,0.464617796844244,-0.3701114589838409,0.3346772132139294,0.3773958386562537,-0.1904944677085707,0.251298860976835,1.06457800568875,-0.2355913435742509,0.1058425463250956,0.071341987115862,-0.1550626969039416,0.0290854053142102,-0.187037334251135,-0.2967159644295143,-0.0818269789545253,0.2284209924971133,0.3250096102777264,0.3666064527587783,-0.2057571286511379,0.4542505466243111,0.5017584244159636,-0.0117644857100524,0.2048612213122022,0.5099943606628652,-0.1042905334781047,0.4885023274057447,-0.1767156243979841,-0.7219071517247995,-0.1125162066174347,,,-0.4699263781752688,0.2949961072862065,-0.8006247188930311,0.1311627883465573,-0.0058022344959334,-0.1229743824394488,0.6110249101519483,-0.3115430531154989,-0.0390620626992472,-0.4688840003466002,-0.1550626969039416,-0.6539688479037157,-0.1034932677465846,0.2097156888119538,-0.6309475106958866,1.5917614761731675,,,,,,,,,,,,,-0.1125162066174347,,,-0.9345441750195128,0.6651075662700474,-1.1353019321069606,-0.2462330503096964,0.1846922332126373,-0.3742732434162838,-0.4535530955368017,-0.075951709541248,-0.1449046090243428,-0.5402259874624622,0.0,-0.6830542532179259,0.0835440665045504,0.5064316532414681,-0.5491205317413613,1.3633404836760543,,,,,,,,,,,,,0.0,0.0,1.0,0.0,0.0,1.0,0.0,HI_high_state,high_moderate,increase,1,0.0,-0.3054893528497427,-1.42847098000739,-1.7339603328571327,0.3032304293371979,-0.002258923512544808,0.1906853543124047,-0.11480399853733803,HI_intermediate_state,intermediate_low,stable,0,HI_low_state,non_IBD_like,decrease,0,HI_intermediate_state,intermediate_high,increase,0,HI_intermediate_state,intermediate_high,increase,0
H4010,HSM5MD3Y,HSM6XRTM,HSM67VH1,11.0,22.0,47.0,11.0,25.0,-0.3054893528497427,0.8248186565475392,-0.3185426532363495,1.130308009397282,1.130308009397282,0.102755273581571,-1.1433613097838886,HI_intermediate_state,decrease,0,0,HI_intermediate_state,HI_high_state,0.8248186565475392,3.3937004960868165,HI_high_state,HI_high_state,stable,increase,,,-0.4699263781752688,0.2949961072862065,-0.8006247188930311,0.1311627883465573,-0.0058022344959334,-0.1229743824394488,0.6110249101519483,-0.3115430531154989,-0.0390620626992472,-0.4688840003466002,-0.1550626969039416,-0.6539688479037157,-0.1034932677465846,0.2097156888119538,-0.6309475106958866,1.5917614761731675,,,,,,,,,,,,,-0.1125162066174347,,,0.6378467170718609,0.6350833549259446,0.7712912582168403,0.5873451278180065,-0.1298441947629236,0.2248334511093928,-0.145438712207663,-0.1897946653385021,0.9307279736496852,0.144389758198109,-0.1550626969039416,-0.009422102773046,-0.3160422792167955,-0.1387178202524174,0.2146514985697255,0.3535806537315366,0.7641246814084024,0.8422509756161034,-0.2057571286511379,1.588920704513063,0.9255007998188268,1.1219834531836264,-0.131379425149458,0.6694576260234284,-0.1042905334781047,0.0383395617978038,-0.1767156243979841,1.1369756880791886,-0.1125162066174347,,,1.1077730952471296,0.3400872476397381,1.5719159771098714,0.4561823394714492,-0.1240419602669902,0.3478078335488416,-0.7564636223596113,0.1217483877769968,0.9697900363489323,0.6132737585447092,0.0,0.6445467451306697,-0.2125490114702109,-0.3484335090643712,0.8455990092656122,-1.238180822441631,,,,,,,,,,,,,0.0,0.0,1.0,0.0,1.0,0.0,0.0,HI_intermediate_state,intermediate_low,decrease,0,0.0,0.8248186565475392,2.5688818395392774,3.3937004960868165,-0.31648366983663806,0.508334986710901,-0.28053226791957464,0.5442863886279645,HI_high_state,high_moderate,stable,1,HI_high_state,high_extreme,increase,1,HI_high_state,high_moderate,decrease,1,HI_high_state,high_moderate,decrease,1
H4013,HSM5MD6K,HSM6XRRJ,HSM6XRVC,7.0,15.0,25.0,8.0,10.0,-0.5438646759392383,-0.2131545991952233,-0.7839436203230079,0.330710076744015,0.330710076744015,0.0413387595930018,-0.5707890211277846,HI_low_state,decrease,0,0,HI_low_state,HI_intermediate_state,-0.2131545991952233,0.2002329967347954,HI_intermediate_state,HI_intermediate_state,stable,increase,,,-0.9414537744654332,-2.5173266214795222,-0.6924380768882844,0.1162827212846541,-0.3372893120217718,-0.8328718837499599,-0.4195006153256779,-0.2970622842298833,0.0982676308679991,-0.5377363349948678,-0.1337842318310246,-0.5767425215049021,-0.3190278844053378,-0.2432892933440505,0.212336001454071,-0.330441710866939,0.1376210696861013,0.2335267082428462,-0.2492407286865311,0.4766795993497642,0.7615084702734906,-0.0346424469399716,-0.4216435523599633,-0.7594914366764901,-0.0943446893454414,-0.4513228384565926,-0.1709475558700418,-0.3492325760890894,-0.0894069183106759,,,-0.9404037870976796,-2.602934641663448,-0.1876688762223005,0.712081686905252,-0.3959402608498493,0.1229954606670947,-0.1673223139641499,-0.267818006960525,-0.2216256027257363,-0.0923796411692399,-0.1337842318310246,0.2200054904002794,-0.3004644847498177,-0.1937396385559452,-0.4440710245071642,-0.2691540491668847,0.3487336462517584,-0.0426427383789978,0.0416850293707597,0.0362908864163986,1.0371048474666478,-0.0136088128764045,-0.0907666107287618,-0.8192623378876521,-0.0943446893454414,-0.4786023240788698,-0.1709475558700418,-0.3492325760890894,-0.0894069183106759,,,0.0010499873677536,-0.0856080201839257,0.5047692006659839,0.5957989656205979,-0.0586509488280774,0.9558673444170546,0.2521783013615279,0.0292442772693583,-0.3198932335937354,0.4453566938256279,0.0,0.7967480119051815,0.0185633996555201,0.0495496547881053,-0.6564070259612351,0.0612876617000543,0.2111125765656571,-0.276169446621844,0.2909257580572908,-0.4403887129333656,0.2755963771931572,0.0210336340635671,0.3308769416312015,-0.059770901211162,0.0,-0.0272794856222772,0.0,0.0,0.0,0.0,0.0,1.0,0.0,1.0,0.0,HI_low_state,intermediate_low,decrease,0,0.0,-0.2131545991952233,0.4133875959300187,0.20023299673479542,-0.02801050916016884,-0.24116510835539215,0.03947587897402059,-0.17367872022120273,HI_intermediate_state,intermediate_high,stable,0,HI_intermediate_state,intermediate_high,increase,0,HI_intermediate_state,intermediate_high,stable,0,HI_intermediate_state,intermediate_high,stable,0
H4013,HSM6XRRJ,HSM6XRVC,HSM6XRVK,15.0,25.0,31.0,10.0,6.0,-0.2131545991952233,-0.7839436203230079,-0.6782907276401533,-0.5707890211277846,0.5707890211277846,-0.0570789021127784,0.1056528926828546,HI_low_state,stable,0,0,HI_intermediate_state,HI_low_state,-0.7839436203230079,-1.1264170329996783,HI_low_state,HI_low_state,stable,decrease,,,-0.9404037870976796,-2.602934641663448,-0.1876688762223005,0.712081686905252,-0.3959402608498493,0.1229954606670947,-0.1673223139641499,-0.267818006960525,-0.2216256027257363,-0.0923796411692399,-0.1337842318310246,0.2200054904002794,-0.3004644847498177,-0.1937396385559452,-0.4440710245071642,-0.2691540491668847,0.3487336462517584,-0.0426427383789978,0.0416850293707597,0.0362908864163986,1.0371048474666478,-0.0136088128764045,-0.0907666107287618,-0.8192623378876521,-0.0943446893454414,-0.4786023240788698,-0.1709475558700418,-0.3492325760890894,-0.0894069183106759,,,-0.9595978745203808,-2.727894207085713,-1.418312979712714,0.9454521072460652,-0.2457139705129982,-1.0921839927130246,-0.4266561667715909,-0.2264956321728659,-0.4712288023712019,-0.3543891157814637,-0.1337842318310246,-0.6026072071311663,-0.3190278844053378,-0.1655696699544697,-0.281149329959743,-0.2511045844466117,-0.11428404276061,-0.1140824772818837,-0.2492407286865311,-0.1969397938984614,0.4177675544894239,-0.3919863276965514,-0.2666023501873016,-0.8020377515810254,-0.0943446893454414,-0.4866356773660759,-0.1709475558700418,-0.3492325760890894,-0.0894069183106759,,,-0.0191940874227012,-0.124959565422265,-1.2306441034904136,0.2333704203408132,0.1502262903368511,-1.2151794533801192,-0.259333852807441,0.0413223747876591,-0.2496031996454656,-0.2620094746122238,0.0,-0.8226126975314457,-0.0185633996555201,0.0281699686014754,0.1629216945474211,0.0180494647202729,-0.4630176890123684,-0.0714397389028859,-0.2909257580572908,-0.23323068031486,-0.6193372929772238,-0.3783775148201469,-0.1758357394585398,0.0172245863066267,0.0,-0.008033353287206,0.0,0.0,0.0,0.0,1.0,0.0,0.0,0.0,1.0,HI_low_state,intermediate_low,stable,0,0.0,-0.7839436203230079,-0.34247341267667075,-1.1264170329996785,0.16511952930736581,-0.6188240910156421,0.32160982371092156,-0.46233379661208635,HI_low_state,intermediate_low,stable,0,HI_low_state,non_IBD_like,decrease,0,HI_low_state,intermediate_low,increase,0,HI_low_state,intermediate_low,increase,0
H4013,HSM6XRVC,HSM6XRVK,HSM7J4R2,25.0,31.0,41.0,6.0,10.0,-0.7839436203230079,-0.6782907276401533,-0.4242335111865131,0.1056528926828546,0.1056528926828546,0.0176088154471424,0.2540572164536402,HI_intermediate_state,increase,0,0,HI_low_state,HI_low_state,-0.6782907276401533,-0.502202573168729,HI_low_state,HI_intermediate_state,stable,increase,,,-0.9595978745203808,-2.727894207085713,-1.418312979712714,0.9454521072460652,-0.2457139705129982,-1.0921839927130246,-0.4266561667715909,-0.2264956321728659,-0.4712288023712019,-0.3543891157814637,-0.1337842318310246,-0.6026072071311663,-0.3190278844053378,-0.1655696699544697,-0.281149329959743,-0.2511045844466117,-0.11428404276061,-0.1140824772818837,-0.2492407286865311,-0.1969397938984614,0.4177675544894239,-0.3919863276965514,-0.2666023501873016,-0.8020377515810254,-0.0943446893454414,-0.4866356773660759,-0.1709475558700418,-0.3492325760890894,-0.0894069183106759,,,-0.6168642246476698,-2.7542870178542604,-0.3999973920018999,0.4530596171828491,-0.114729167432875,-0.1917472200870549,-0.4763930263506608,0.1264025374967705,0.159664149205339,0.2170500747157555,-0.1337842318310246,-0.2794986914545665,-0.3190278844053378,-0.1850068854561367,0.6297530198710309,-0.2551219645822276,0.747647299703008,0.6066295449009157,-0.2492407286865311,0.0647247312208842,0.5751877931893696,-0.3939573261148709,1.1697573613687806,-0.2329379117563085,-0.0943446893454414,0.8489053193150258,-0.1709475558700418,0.0115191748420655,-0.0894069183106759,,,0.342733649872711,-0.0263928107685473,1.018315587710814,-0.4923924900632161,0.1309848030801232,0.9004367726259697,-0.0497368595790698,0.3528981696696364,0.6308929515765409,0.5714391904972191,0.0,0.3231085156765998,0.0,-0.0194372155016669,0.910902349830774,-0.0040173801356158,0.861931342463618,0.7207120221827994,0.0,0.2616645251193455,0.1574202386999457,-0.0019709984183194,1.4363597115560822,0.5690998398247169,0.0,1.3355409966811016,0.0,0.3607517509311549,0.0,0.0,0.0,1.0,0.0,0.0,1.0,HI_intermediate_state,intermediate_low,increase,0,0.0,-0.6782907276401533,0.17608815447142434,-0.502202573168729,-0.0005842281653997763,-0.6788749558055531,-0.11785158173506867,-0.796142309375222,HI_low_state,intermediate_low,stable,0,HI_low_state,intermediate_low,increase,0,HI_low_state,intermediate_low,stable,0,HI_low_state,intermediate_low,stable,0
H4014,HSM5MD3L,HSM5MD6A,HSM6XRRV,0.0,8.0,16.0,8.0,8.0,-1.0814944562567492,-0.2518874211630733,0.4936843422828088,0.829607035093676,0.829607035093676,0.1037008793867095,0.745571763445882,HI_high_state,increase,1,1,HI_low_state,HI_intermediate_state,-0.2518874211630733,0.5777196139306027,HI_intermediate_state,HI_high_state,stable,increase,,,-0.821679375940241,-2.448701639560676,,,,,,,,,,,,,,,,,,,,,,,,,,,,,,0.3026591980727039,-2.4201668423538942,0.4143943089552755,0.2179802897415437,-0.7038637450293592,-0.0288384088955615,0.952334092769716,-0.0646861019445347,0.917000648370821,0.7206135127122053,-0.1337842318310246,0.8308275315580064,0.3600306134562901,-0.0908838710428206,1.7841126970197154,0.4047528646025611,-0.345929720256142,-0.236518971482637,-0.2492407286865311,-0.4043128964833751,-0.2404055017360643,-0.393231587400008,-0.3028368897158466,-0.345323031554441,-0.0943446893454414,-0.4791151776999388,-0.1709475558700418,-0.3492325760890894,-0.0894069183106759,,,1.124338574012945,0.0285347972067819,,,,,,,,,,,,,,,,,,,,,,,,,,,,0.0,0.0,1.0,0.0,1.0,0.0,HI_high_state,high_moderate,increase,1,0.0,-0.2518874211630733,0.829607035093676,0.5777196139306027,-0.24929862306919737,-0.5011860442322706,-0.22903328223292063,-0.4809207033959939,HI_intermediate_state,intermediate_high,stable,0,HI_high_state,high_moderate,increase,1,HI_low_state,intermediate_low,decrease,0,HI_low_state,intermediate_low,decrease,0
H4014,HSM5MD6A,HSM6XRRV,HSM6XRVO,8.0,16.0,27.0,8.0,11.0,-0.2518874211630733,0.4936843422828088,0.8773220571569322,0.745571763445882,0.745571763445882,0.0931964704307352,0.3836377148741234,HI_high_state,increase,1,1,HI_intermediate_state,HI_high_state,0.4936843422828088,1.5188455170208963,HI_high_state,HI_high_state,stable,increase,,,0.3026591980727039,-2.4201668423538942,0.4143943089552755,0.2179802897415437,-0.7038637450293592,-0.0288384088955615,0.952334092769716,-0.0646861019445347,0.917000648370821,0.7206135127122053,-0.1337842318310246,0.8308275315580064,0.3600306134562901,-0.0908838710428206,1.7841126970197154,0.4047528646025611,-0.345929720256142,-0.236518971482637,-0.2492407286865311,-0.4043128964833751,-0.2404055017360643,-0.393231587400008,-0.3028368897158466,-0.345323031554441,-0.0943446893454414,-0.4791151776999388,-0.1709475558700418,-0.3492325760890894,-0.0894069183106759,,,0.3663591822826165,-2.452453574302249,-0.4980860399952974,-0.0722802231351447,-0.573075350471115,-0.8265323855547123,-0.8481908070776482,0.0801006807939127,0.564501611924977,0.4773423557777583,-0.1337842318310246,-0.0650887072177347,0.2684415902244617,-0.1555982283163437,1.3912288301596754,-0.4635532698647775,-0.1731636956405296,-0.3115489595327964,-0.2492407286865311,-0.2859822682331153,0.2882349432465259,-0.1500832478158348,-0.1664051320975854,-0.1922026603741832,-0.0943446893454414,-0.414388084129286,-0.1709475558700418,-0.1604639676514664,-0.0894069183106759,,,0.0636999842099125,-0.0322867319483548,-0.9124803489505728,-0.2902605128766884,0.1307883945582442,-0.7976939766591508,-1.8005248998473642,0.1447867827384474,-0.3524990364458439,-0.243271156934447,0.0,-0.8959162387757411,-0.0915890232318284,-0.0647143572735231,-0.39288386686004,-0.8683061344673386,0.1727660246156123,-0.0750299880501593,0.0,0.1183306282502598,0.5286404449825901,0.2431483395841732,0.1364317576182612,0.1531203711802577,0.0,0.0647270935706527,0.0,0.188768608437623,0.0,0.0,1.0,0.0,1.0,0.0,0.0,HI_high_state,high_moderate,increase,1,0.0,0.4936843422828088,1.0251611747380878,1.5188455170208965,-0.31936541529153517,0.1743189269912736,-0.14962508536806304,0.3440592569147457,HI_high_state,high_moderate,stable,1,HI_high_state,high_extreme,increase,1,HI_intermediate_state,intermediate_high,decrease,0,HI_intermediate_state,high_moderate,stable,0
H4014,HSM6XRRV,HSM6XRVO,HSM7J4QT,16.0,27.0,50.0,11.0,23.0,0.4936843422828088,0.8773220571569322,1.3203613614152072,0.3836377148741234,0.3836377148741234,0.0348761558976475,0.443039304258275,HI_high_state,increase,1,1,HI_high_state,HI_high_state,0.8773220571569322,1.6794736428028267,HI_high_state,HI_high_state,stable,increase,,,0.3663591822826165,-2.452453574302249,-0.4980860399952974,-0.0722802231351447,-0.573075350471115,-0.8265323855547123,-0.8481908070776482,0.0801006807939127,0.564501611924977,0.4773423557777583,-0.1337842318310246,-0.0650887072177347,0.2684415902244617,-0.1555982283163437,1.3912288301596754,-0.4635532698647775,-0.1731636956405296,-0.3115489595327964,-0.2492407286865311,-0.2859822682331153,0.2882349432465259,-0.1500832478158348,-0.1664051320975854,-0.1922026603741832,-0.0943446893454414,-0.414388084129286,-0.1709475558700418,-0.1604639676514664,-0.0894069183106759,,,1.5692335077447557,-2.557743603698998,-0.3832004692733025,0.0252169927401179,0.1642395295222198,-0.4726577685069631,-0.401508231003266,-0.1944030667850082,1.4064573836212657,0.0517855290565565,-0.1337842318310246,-0.419553363300673,-0.0973739142633681,-0.1565602647128754,1.7461607399395924,0.2435800324134746,0.9859779228005032,0.2353076803457476,-0.1748872136517117,-0.2134260631563106,-0.5355122504806433,-0.0217218398575759,3.0554666306308893,0.4393279544127947,-0.0943446893454414,-0.3178492905878385,-0.1709475558700418,-0.1048664157256552,-0.0894069183106759,,,1.2028743254621392,-0.1052900293967487,0.1148855707219949,0.0974972158752626,0.7373148799933348,0.3538746170477492,0.4466825760743821,-0.2745037475789209,0.8419557716962887,-0.4255568267212018,0.0,-0.3544646560829383,-0.3658155044878298,-0.0009620363965316,0.354931909779917,0.7071333022782521,1.1591416184410328,0.5468566398785439,0.0743535150348194,0.0725562050768046,-0.8237471937271692,0.1283614079582589,3.2218717627284748,0.6315306147869779,0.0,0.0965387935414475,0.0,0.0555975519258112,0.0,1.0,0.0,0.0,1.0,0.0,0.0,HI_high_state,high_extreme,increase,1,0.0,0.8773220571569322,0.8021515856458944,1.6794736428028267,-0.24060212491847585,0.6367199322384564,-0.06967594952036237,0.8076461076365699,HI_high_state,high_moderate,stable,1,HI_high_state,high_extreme,increase,1,HI_high_state,high_moderate,decrease,1,HI_high_state,high_moderate,stable,1
H4015,HSM5MD62,HSM5MD73,HSM7CYZ7,2.0,8.0,26.0,6.0,18.0,0.352594196745917,0.1734460761936484,-0.0107113258657362,-0.1791481205522686,0.1791481205522686,-0.0298580200920447,-0.1841574020593846,HI_intermediate_state,decrease,0,0,HI_intermediate_state,HI_intermediate_state,0.1734460761936484,-0.3639982854631575,HI_intermediate_state,HI_intermediate_state,stable,decrease,,,0.3569962220374136,0.8056207531082133,-0.1576914854047093,-0.4821777698415264,-0.3008641221530062,-0.2254785812460077,-0.8565372681207541,-0.0997939440374987,0.0635501765250755,-0.1128176714771715,-0.1032378535597188,0.3480552586729509,-0.2080000816335425,-0.1385958207645347,-0.1180971552578771,0.1442311213060645,0.3572752569549403,0.0382106543752969,-0.1821025100741947,0.6962346689530641,-0.1193224720564866,-0.8130178867568594,-0.2291597557013766,0.0638456357166204,-0.0394361503362549,0.8865081403258476,-0.0758855831504279,-0.2880022112779509,-0.0621499057667069,,,0.6895017015700028,0.5201382750435783,-0.0405449087560365,-0.8900040778873485,-0.3636436645374992,-0.5125570235949861,-0.6900177173981188,-0.2301524142716867,-0.5321051891647375,-0.2046288080645004,-0.1032378535597188,-0.2246916727579347,-0.2078231955401131,-0.3076887551182006,-0.1491645401185644,0.964235094367326,0.5152443947091309,-0.2031299162287113,-0.1821025100741947,0.8228941577969625,1.6196322375870196,-0.1572261459444711,-0.7116052721184508,0.1960547688373293,-0.0394361503362549,-0.4061152220031148,-0.0758855831504279,0.0673282037928095,-0.0621499057667069,,,0.3325054795325892,-0.285482478064635,0.1171465766486727,-0.4078263080458221,-0.062779542384493,-0.2870784423489784,0.1665195507226353,-0.130358470234188,-0.5956553656898129,-0.0918111365873289,0.0,-0.5727469314308856,0.0001768860934293,-0.1690929343536659,-0.0310673848606872,0.8200039730612615,0.1579691377541905,-0.2413405706040082,0.0,0.1266594888438984,1.7389547096435063,0.6557917408123883,-0.4824455164170742,0.1322091331207089,0.0,-1.2926233623289622,0.0,0.3553304150707604,0.0,0.0,1.0,0.0,0.0,1.0,0.0,HI_intermediate_state,intermediate_high,decrease,0,0.0,0.1734460761936484,-0.5374443616568059,-0.3639982854631575,0.0024639957020866146,0.17591007189573502,-0.09997900967428618,0.07346706651936223,HI_intermediate_state,intermediate_high,stable,0,HI_intermediate_state,intermediate_low,decrease,0,HI_intermediate_state,intermediate_high,stable,0,HI_intermediate_state,intermediate_high,stable,0
H4015,HSM5MD73,HSM7CYZ7,HSM7J4QJ,8.0,26.0,44.0,18.0,18.0,0.1734460761936484,-0.0107113258657362,0.2398953838190682,-0.1841574020593846,0.1841574020593846,-0.0102309667810769,0.2506067096848044,HI_intermediate_state,increase,0,0,HI_intermediate_state,HI_intermediate_state,-0.0107113258657362,-0.1948687279251208,HI_intermediate_state,HI_intermediate_state,stable,decrease,,,0.6895017015700028,0.5201382750435783,-0.0405449087560365,-0.8900040778873485,-0.3636436645374992,-0.5125570235949861,-0.6900177173981188,-0.2301524142716867,-0.5321051891647375,-0.2046288080645004,-0.1032378535597188,-0.2246916727579347,-0.2078231955401131,-0.3076887551182006,-0.1491645401185644,0.964235094367326,0.5152443947091309,-0.2031299162287113,-0.1821025100741947,0.8228941577969625,1.6196322375870196,-0.1572261459444711,-0.7116052721184508,0.1960547688373293,-0.0394361503362549,-0.4061152220031148,-0.0758855831504279,0.0673282037928095,-0.0621499057667069,,,0.8519040245254202,0.4842931215133113,0.2601346658129038,0.5134428923210089,-0.0104839909680953,0.3906312950158522,-1.338432492434394,0.3273720547424749,0.2343964968608197,0.7397028119168408,0.7107615624193125,-0.3281399522812483,-0.0346306335893225,0.3986586598011538,0.5580092657707523,3.5140283596473947,0.914861326243516,0.5052664134565736,-0.1821025100741947,1.7381137273146212,1.3190214424989908,0.3129710405624912,1.7626573612137555,1.5621253010724525,-0.0394361503362549,0.0628309350546469,-0.0758855831504279,-0.3996269954733905,-0.0621499057667069,,,0.1624023229554174,-0.035845153530267,0.3006795745689403,1.4034469702083574,0.3531596735694038,0.9031883186108384,-0.6484147750362752,0.5575244690141616,0.7665016860255571,0.9443316199813412,0.8139994159790314,-0.1034482795233136,0.1731925619507906,0.7063474149193544,0.7071738058893167,2.5497932652800688,0.3996169315343851,0.7083963296852849,0.0,0.9152195695176588,-0.3006107950880288,0.4701971865069623,2.474262633332206,1.3660705322351232,0.0,0.4689461570577616,0.0,-0.4669551992662,0.0,0.0,1.0,0.0,0.0,1.0,0.0,HI_intermediate_state,intermediate_high,increase,0,0.0,-0.0107113258657362,-0.1841574020593846,-0.1948687279251208,-0.060778855107929075,-0.07149018097366527,-0.16967905580426812,-0.18039038167000432,HI_intermediate_state,intermediate_high,stable,0,HI_intermediate_state,intermediate_high,decrease,0,HI_intermediate_state,intermediate_high,stable,0,HI_intermediate_state,intermediate_high,decrease,0
H4016,HSM5MD6U,HSM67VF3,HSM7J4I3,8.0,15.0,35.0,7.0,20.0,-0.2098545857768183,0.0572682589390316,0.2561179732747754,0.2671228447158499,0.2671228447158499,0.0381604063879785,0.1988497143357438,HI_intermediate_state,increase,0,0,HI_intermediate_state,HI_intermediate_state,0.0572682589390316,0.8204763866986029,HI_intermediate_state,HI_high_state,stable,increase,,,0.4018425739188181,0.0501183637222492,,,,,,,,,,,,,,,,,,,,,,,,,,,,,,0.3003439119927845,0.2319606157576139,0.1332517004054055,-0.1676623738799942,-0.3902658811816904,0.2069601338395334,0.0519828871187867,-0.2992444119478015,-0.0930178806355806,-0.063155334494954,-0.1337842318310246,0.5567781608132697,-0.3190278844053378,-0.2426367962179152,0.1285330206085654,-0.3752763454502067,0.1245069264083098,0.5328165237585245,-0.2492407286865311,0.2289658087872176,0.5855804498003012,-0.3746062585386793,-0.9537910390899654,1.2933585883058434,-0.0943446893454414,0.3429348643711741,-0.1709475558700418,-0.3492325760890894,-0.0894069183106759,,,-0.1014986619260336,0.1818422520353647,,,,,,,,,,,,,,,,,,,,,,,,,,,,0.0,1.0,0.0,0.0,1.0,0.0,HI_intermediate_state,intermediate_high,increase,0,0.0,0.0572682589390316,0.7632081277595713,0.8204763866986029,-0.10911082506007633,-0.05184256612104473,-0.14022432799076776,-0.08295606905173616,HI_intermediate_state,intermediate_high,stable,0,HI_high_state,high_moderate,increase,1,HI_intermediate_state,intermediate_high,stable,0,HI_intermediate_state,intermediate_high,stable,0
H4016,HSM67VF3,HSM7J4I3,HSM7J4KQ,15.0,35.0,47.0,20.0,12.0,0.0572682589390316,0.2561179732747754,0.0237902642145107,0.1988497143357438,0.1988497143357438,0.0099424857167871,-0.2323277090602647,HI_intermediate_state,decrease,0,0,HI_intermediate_state,HI_intermediate_state,0.2561179732747754,0.3754278018762217,HI_intermediate_state,HI_intermediate_state,stable,stable,,,0.3003439119927845,0.2319606157576139,0.1332517004054055,-0.1676623738799942,-0.3902658811816904,0.2069601338395334,0.0519828871187867,-0.2992444119478015,-0.0930178806355806,-0.063155334494954,-0.1337842318310246,0.5567781608132697,-0.3190278844053378,-0.2426367962179152,0.1285330206085654,-0.3752763454502067,0.1245069264083098,0.5328165237585245,-0.2492407286865311,0.2289658087872176,0.5855804498003012,-0.3746062585386793,-0.9537910390899654,1.2933585883058434,-0.0943446893454414,0.3429348643711741,-0.1709475558700418,-0.3492325760890894,-0.0894069183106759,,,-0.3476617444086354,0.6251288755122444,0.2465313120533203,0.3463969834158344,-0.3896451981030774,0.4782379132439235,0.0718004443443917,-0.2828234498961959,-0.1856561144507617,0.1569943043401665,-0.1337842318310246,0.2634802109536807,-0.2988251928733524,-0.1631076506765847,-0.0048337861937154,-0.3344462528498071,-0.0173047600115649,0.2958838174195301,-0.2492407286865311,0.0765933377506957,0.2079304159366517,-0.3188132939649105,-0.3644133963247849,0.9060439229940416,-0.0943446893454414,0.2837610119509168,-0.1709475558700418,-0.3492325760890894,-0.0894069183106759,,,-0.6480056564014198,0.3931682597546305,0.1132796116479148,0.5140593572958286,0.000620683078613,0.2712777794043901,0.019817557225605,0.0164209620516055,-0.092638233815181,0.2201496388351205,0.0,-0.293297949859589,0.0202026915319853,0.0795291455413305,-0.1333668068022808,0.0408300926003996,-0.1418116864198747,-0.2369327063389943,0.0,-0.1523724710365219,-0.3776500338636495,0.0557929645737688,0.5893776427651805,-0.3873146653118018,0.0,-0.0591738524202573,0.0,0.0,0.0,0.0,1.0,0.0,0.0,1.0,0.0,HI_intermediate_state,intermediate_high,decrease,0,0.0,0.2561179732747754,0.11930982860144627,0.3754278018762217,-0.13995886536600982,0.1161591079087656,-0.059991841173133637,0.1961261321016418,HI_intermediate_state,intermediate_high,stable,0,HI_intermediate_state,high_moderate,stable,0,HI_intermediate_state,intermediate_high,stable,0,HI_intermediate_state,intermediate_high,stable,0
H4018,HSM6XRQC,HSM67VFR,HSM7J4LD,0.0,18.0,36.0,18.0,18.0,0.4931089634204356,0.4150733369977921,0.0998223658404455,-0.0780356264226435,0.0780356264226435,-0.0043353125790357,-0.3152509711573465,HI_intermediate_state,decrease,0,0,HI_high_state,HI_high_state,0.4150733369977921,0.3370377105751486,HI_high_state,HI_intermediate_state,stable,stable,,,1.0534153070372676,0.3540608471247474,,,,,,,,,,,,,,,,,,,,,,,,,,,,,,0.2480257264122914,-0.0526146201940261,0.5255632054861109,0.2869108084527481,-0.486979333607773,0.3468296253931349,0.3682862917075397,-0.3939868658253562,-0.0220581877015598,0.1892241593431646,-0.1131951731182238,1.149689856917249,0.3619007153962316,-0.1938849566154759,0.8810721493481568,-0.1905962201768083,0.4133394009650229,0.6114529378024273,2.353074904593607,0.2003591907405193,0.0456397533147466,0.0970935956181898,0.1777155251593106,0.979492721857587,-0.099387998111419,-0.3340868829017026,-0.11759739693702,-0.4869257545087317,,,,-0.8053895806249762,-0.4066754673187734,,,,,,,,,,,,,,,,,,,,,,,,,,,,1.0,0.0,0.0,1.0,0.0,0.0,HI_intermediate_state,intermediate_high,decrease,0,0.0,0.4150733369977921,-0.0780356264226435,0.3370377105751486,-0.04549409703837702,0.36957923995941505,0.04077625839663285,0.45584959539442493,HI_intermediate_state,high_moderate,stable,0,HI_intermediate_state,high_moderate,stable,0,HI_intermediate_state,high_moderate,stable,0,HI_intermediate_state,high_moderate,stable,0
H4018,HSM67VFR,HSM7J4LD,HSM7J4LN,18.0,36.0,46.0,18.0,10.0,0.4150733369977921,0.0998223658404455,-0.0744420457671089,-0.3152509711573465,0.3152509711573465,-0.0175139428420748,-0.1742644116075544,HI_intermediate_state,decrease,0,0,HI_high_state,HI_intermediate_state,0.0998223658404455,-0.0753170625803025,HI_intermediate_state,HI_intermediate_state,stable,decrease,,,0.2480257264122914,-0.0526146201940261,0.5255632054861109,0.2869108084527481,-0.486979333607773,0.3468296253931349,0.3682862917075397,-0.3939868658253562,-0.0220581877015598,0.1892241593431646,-0.1131951731182238,1.149689856917249,0.3619007153962316,-0.1938849566154759,0.8810721493481568,-0.1905962201768083,0.4133394009650229,0.6114529378024273,2.353074904593607,0.2003591907405193,0.0456397533147466,0.0970935956181898,0.1777155251593106,0.979492721857587,-0.099387998111419,-0.3340868829017026,-0.11759739693702,-0.4869257545087317,,,,-0.1066750143494183,-0.1226671583169958,0.1393167488844186,0.0855385862576278,-0.3192268145665842,0.0748024331965678,0.434440952718588,-0.2231332163756604,-0.0443601184275844,0.2018117561134804,-0.1131951731182238,1.385811826008004,0.0458106661130991,-0.1313146762801359,0.6205821595907444,-0.2113422706613555,0.081670054517765,0.0497792479979595,-0.2352252460414743,-0.2889004934800031,0.3070397453194717,-0.0647181227367329,-0.2315848985687469,0.0228348235021888,-0.099387998111419,-0.2641627011719105,-0.11759739693702,-0.3078094444889777,-0.1072913428785755,,,-0.3547007407617097,-0.0700525381229697,-0.3862464566016923,-0.2013722221951203,0.1677525190411888,-0.272027192196567,0.0661546610110483,0.1708536494496958,-0.0223019307260246,0.0125875967703157,0.0,0.236121969090755,-0.3160900492831325,0.0625702803353399,-0.2604899897574124,-0.0207460504845471,-0.3316693464472579,-0.5616736898044677,-2.588300150635081,-0.4892596842205223,0.2613999920047251,-0.1618117183549227,-0.4093004237280575,-0.9566578983553982,0.0,0.069924181729792,0.0,0.179116310019754,,1.0,0.0,0.0,0.0,1.0,0.0,HI_intermediate_state,intermediate_high,decrease,0,0.0,0.0998223658404455,-0.17513942842074806,-0.07531706258030256,0.18947018981862324,0.28929255565906875,0.015855024404889995,0.11567739024533549,HI_intermediate_state,intermediate_high,stable,0,HI_intermediate_state,intermediate_high,decrease,0,HI_intermediate_state,high_moderate,increase,0,HI_intermediate_state,intermediate_high,stable,0
H4019,HSM6XRQE,HSM6XRRD,HSM6XRV2,0.0,10.0,16.0,10.0,6.0,0.6923241970943984,0.1891879976422284,1.7616323742740134,-0.50313619945217,0.50313619945217,-0.050313619945217,1.572444376631785,HI_high_state,increase,1,1,HI_high_state,HI_intermediate_state,0.1891879976422284,-0.1126937220290736,HI_intermediate_state,HI_intermediate_state,stable,decrease,,,0.3609813566425039,0.4723327030038133,,,,,,,,,,,,,,,,,,,,,,,,,,,,,,0.5062329487142503,0.291809934101405,-1.3853842510263277,-1.251175191748845,-0.3406701151156874,-1.7094136556924326,0.3517555568055955,0.0065648807129883,-0.3289151903014711,-1.2766464187337614,-0.1131951731182238,-0.6326232206837427,-0.335142170174171,-0.109595066525504,-0.524029649106837,-0.3482568636435491,,,,,,,,,,,,,,,,0.1452515920717463,-0.1805227689024083,,,,,,,,,,,,,,,,,,,,,,,,,,,,1.0,0.0,0.0,0.0,1.0,0.0,HI_high_state,high_extreme,increase,1,0.0,0.1891879976422284,-0.30188171967130206,-0.11269372202907366,0.11659511441891379,0.30578311206114217,0.10523354723143377,0.2944215448736622,HI_intermediate_state,intermediate_high,stable,0,HI_intermediate_state,intermediate_high,decrease,0,HI_intermediate_state,high_moderate,stable,0,HI_intermediate_state,high_moderate,stable,0
H4019,HSM6XRRD,HSM6XRV2,HSM7J4M4,10.0,16.0,37.0,6.0,21.0,0.1891879976422284,1.7616323742740134,1.5609678903673734,1.572444376631785,1.572444376631785,0.2620740627719641,-0.20066448390664,HI_high_state,decrease,1,1,HI_intermediate_state,HI_high_state,1.7616323742740134,7.26518769248526,HI_high_state,HI_high_state,stable,increase,,,0.5062329487142503,0.291809934101405,-1.3853842510263277,-1.251175191748845,-0.3406701151156874,-1.7094136556924326,0.3517555568055955,0.0065648807129883,-0.3289151903014711,-1.2766464187337614,-0.1131951731182238,-0.6326232206837427,-0.335142170174171,-0.109595066525504,-0.524029649106837,-0.3482568636435491,,,,,,,,,,,,,,,,1.4636776560409432,0.7758035056427838,-1.273258164333914,-2.1636406671190045,-0.4986886003070449,-2.2096882958082484,0.9545699896063152,0.4424266576676003,-0.115588782393708,-0.1431921248345272,-0.1131951731182238,-1.0720087008642702,-0.2457511464065269,0.2990098690816945,-0.154082561524015,-0.0525827939739283,,,,,,,,,,,,,,,,0.957444707326693,0.4839935715413788,0.1121260866924136,-0.9124654753701597,-0.1580184851913575,-0.5002746401158158,0.6028144328007197,0.435861776954612,0.213326407907763,1.1334542938992342,0.0,-0.4393854801805276,0.089391023767644,0.4086049356071985,0.369947087582822,0.2956740696696208,,,,,,,,,,,,,,0.0,1.0,0.0,1.0,0.0,0.0,HI_high_state,high_extreme,decrease,1,0.0,1.7616323742740134,5.503555318211247,7.26518769248526,-0.6105287279117422,1.1511036463622712,-0.6220785317626482,1.1395538425113654,HI_high_state,high_extreme,stable,1,HI_high_state,high_extreme,increase,1,HI_high_state,high_extreme,decrease,1,HI_high_state,high_extreme,decrease,1
H4019,HSM6XRV2,HSM7J4M4,HSM7J4ME,16.0,37.0,46.0,21.0,9.0,1.7616323742740134,1.5609678903673734,0.93454908126935,-0.20066448390664,0.20066448390664,-0.0095554516146019,-0.6264188090980234,HI_high_state,decrease,1,1,HI_high_state,HI_high_state,1.5609678903673734,1.474968825835956,HI_high_state,HI_high_state,stable,stable,,,1.4636776560409432,0.7758035056427838,-1.273258164333914,-2.1636406671190045,-0.4986886003070449,-2.2096882958082484,0.9545699896063152,0.4424266576676003,-0.115588782393708,-0.1431921248345272,-0.1131951731182238,-1.0720087008642702,-0.2457511464065269,0.2990098690816945,-0.154082561524015,-0.0525827939739283,,,,,,,,,,,,,,,,1.6650358923781847,0.5381154067284206,-1.6370163508508797,-2.7972159815946025,-0.0798770207411341,-3.2045362912223307,1.4386891677645464,1.9512346525071285,-0.1171105211205305,1.839022113641186,-0.1131951731182238,-1.440419978400407,-0.1827937815110003,1.0565600217728954,-0.2178889547344805,1.0387285163202022,,,,,,,,,,,,,,,,0.2013582363372414,-0.2376880989143631,-0.3637581865169657,-0.633575314475598,0.4188115795659108,-0.9948479954140824,0.4841191781582311,1.508807994839528,-0.0015217387268224,1.982214238475713,0.0,-0.3684112775361368,0.0629573648955266,0.757550152691201,-0.0638063932104655,1.0913113102941303,,,,,,,,,,,,,,1.0,0.0,0.0,1.0,0.0,0.0,HI_high_state,high_extreme,decrease,1,0.0,1.5609678903673734,-0.08599906453141713,1.4749688258359563,-0.1693061735214001,1.3916617168459733,-0.29508261257989077,1.2658852777874827,HI_high_state,high_extreme,stable,1,HI_high_state,high_extreme,stable,1,HI_high_state,high_extreme,decrease,1,HI_high_state,high_extreme,decrease,1
H4022,HSM67VDX,HSM67VES,HSM7CYZJ,0.0,6.0,14.0,6.0,8.0,-0.7786711381087369,-1.4344869753175056,-1.5608463294864057,-0.6558158372087687,0.6558158372087687,-0.1093026395347947,-0.1263593541689001,HI_low_state,stable,0,0,HI_low_state,HI_low_state,-1.4344869753175056,-2.308908091595864,HI_low_state,HI_low_state,stable,decrease,,,-1.3519520835635992,0.2260994926046114,,,,,,,,,,,,,,,,,,,,,,,,,,,,,,-1.540334967024702,0.0994159795684372,-0.4681297787457538,-0.4480550641800436,-0.3511331826074171,-0.1352865061249631,-0.3519609416341593,-0.4130966204056059,-0.1756637929406178,-0.661287875302028,-0.1053193561388915,-0.0947268789127979,-0.2906938034187066,-0.1762618880558532,0.1155713074206665,0.5505371688419449,-0.8510289365080381,-0.8721046401305367,-0.2896154840223111,-0.5436716828623989,-0.2844833144258687,0.5644222859715887,-0.0641237867850109,-1.1716756572716782,-0.1037004396497548,-0.5168080450352761,-0.1659820709865475,1.2886883187238012,-0.0934222248010143,,,-0.1883828834611027,-0.1266835130361742,,,,,,,,,,,,,,,,,,,,,,,,,,,,0.0,0.0,1.0,0.0,0.0,1.0,HI_low_state,non_IBD_like,stable,0,0.0,-1.4344869753175056,-0.8744211162783583,-2.308908091595864,0.31793699302470074,-1.1165499822928049,0.17695832275606763,-1.257528652561438,HI_low_state,non_IBD_like,stable,0,HI_low_state,non_IBD_like,decrease,0,HI_low_state,non_IBD_like,increase,0,HI_low_state,non_IBD_like,increase,0
H4022,HSM67VES,HSM7CYZJ,HSM7J4G1,6.0,14.0,28.0,8.0,14.0,-1.4344869753175056,-1.5608463294864057,-1.2649877355864092,-0.1263593541689001,0.1263593541689001,-0.0157949192711125,0.2958585938999964,HI_low_state,increase,0,0,HI_low_state,HI_low_state,-1.5608463294864057,-1.7819751992819808,HI_low_state,HI_low_state,stable,decrease,,,-1.540334967024702,0.0994159795684372,-0.4681297787457538,-0.4480550641800436,-0.3511331826074171,-0.1352865061249631,-0.3519609416341593,-0.4130966204056059,-0.1756637929406178,-0.661287875302028,-0.1053193561388915,-0.0947268789127979,-0.2906938034187066,-0.1762618880558532,0.1155713074206665,0.5505371688419449,-0.8510289365080381,-0.8721046401305367,-0.2896154840223111,-0.5436716828623989,-0.2844833144258687,0.5644222859715887,-0.0641237867850109,-1.1716756572716782,-0.1037004396497548,-0.5168080450352761,-0.1659820709865475,1.2886883187238012,-0.0934222248010143,,,-1.3073956898621988,-0.3472904525081591,-0.5125443566855191,-0.2509351625689433,-0.2184214703964105,-0.1444417879557774,-0.4031972781983145,-0.3263108233539696,-0.1368700459659265,-0.7697998916942091,-0.1053193561388915,-0.4487817914224173,-0.2879871477175242,-0.2251728302200311,0.1726690077355542,1.2924088358079515,-0.7104625377815937,-0.674398794057788,-0.2896154840223111,-1.3291788728355405,0.324945722793646,-0.1834765330031292,0.0550366006722574,-0.3450431374150985,-0.1037004396497548,-0.4530211455338163,-0.1659820709865475,-0.3358172950787538,-0.0934222248010143,,,0.2329392771625031,-0.4467064320765963,-0.0444145779397653,0.1971199016111002,0.1327117122110066,-0.0091552818308142,-0.0512363365641552,0.0867857970516363,0.0387937469746912,-0.1085120163921811,0.0,-0.3540549125096194,0.0027066557011823,-0.0489109421641779,0.0570977003148876,0.7418716669660066,0.1405663987264443,0.1977058460727486,0.0,-0.7855071899731416,0.6094290372195147,-0.7478988189747179,0.1191603874572683,0.8266325198565797,0.0,0.0637868995014598,0.0,-1.624505613802555,0.0,0.0,0.0,1.0,0.0,0.0,1.0,HI_low_state,non_IBD_like,increase,0,0.0,-1.5608463294864057,-0.22112886979557517,-1.7819751992819808,0.06675261441613665,-1.4940937150702691,0.016225602823556565,-1.544620726662849,HI_low_state,non_IBD_like,stable,0,HI_low_state,non_IBD_like,decrease,0,HI_low_state,non_IBD_like,stable,0,HI_low_state,non_IBD_like,stable,0
H4022,HSM7CYZJ,HSM7J4G1,HSM7J4IU,14.0,28.0,36.0,14.0,8.0,-1.5608463294864057,-1.2649877355864092,-1.1413108174511326,0.2958585938999964,0.2958585938999964,0.0211327567071426,0.1236769181352765,HI_low_state,stable,0,0,HI_low_state,HI_low_state,-1.2649877355864092,-1.0959256819292684,HI_low_state,HI_low_state,stable,increase,,,-1.3073956898621988,-0.3472904525081591,-0.5125443566855191,-0.2509351625689433,-0.2184214703964105,-0.1444417879557774,-0.4031972781983145,-0.3263108233539696,-0.1368700459659265,-0.7697998916942091,-0.1053193561388915,-0.4487817914224173,-0.2879871477175242,-0.2251728302200311,0.1726690077355542,1.2924088358079515,-0.7104625377815937,-0.674398794057788,-0.2896154840223111,-1.3291788728355405,0.324945722793646,-0.1834765330031292,0.0550366006722574,-0.3450431374150985,-0.1037004396497548,-0.4530211455338163,-0.1659820709865475,-0.3358172950787538,-0.0934222248010143,,,-1.218110818865687,0.6828250486997682,-0.7090040170200415,1.0409452769455645,0.1912945768379137,0.5705851164602987,-0.1906247327432009,-0.5488942973641863,-0.4042286833147315,0.1983925289448706,-0.1053193561388915,0.3973677426698935,-0.1267249031526388,-0.6349501615879639,0.3202420712178669,-0.5977524217128537,-1.3307048656844778,-1.250713146852256,1.223539456144279,-0.683974169158222,-0.9224064179811908,0.180932046094927,-0.4065921293204882,-0.3535830193553847,-0.1037004396497548,-2.245318744872089,-0.1659820709865475,0.6506047466687448,-0.0934222248010143,,,0.0892848709965117,1.0301155012079273,-0.1964596603345223,1.2918804395145078,0.4097160472343242,0.7150269044160762,0.2125725454551136,-0.2225834740102166,-0.267358637348805,0.9681924206390796,0.0,0.8461495340923109,0.1612622445648854,-0.4097773313679328,0.1475730634823127,-1.890161257520805,-0.620242327902884,-0.5763143527944681,1.51315494016659,0.6452047036773185,-1.247352140774837,0.3644085790980562,-0.4616287299927456,-0.0085398819402862,0.0,-1.7922975993382728,0.0,0.9864220417474986,0.0,0.0,0.0,1.0,0.0,0.0,1.0,HI_low_state,non_IBD_like,stable,0,0.0,-1.2649877355864092,0.1690620536571408,-1.0959256819292684,-0.06190799086735556,-1.3268957264537649,-0.029140756875778943,-1.294128492462188,HI_low_state,non_IBD_like,stable,0,HI_low_state,non_IBD_like,increase,0,HI_low_state,non_IBD_like,stable,0,HI_low_state,non_IBD_like,stable,0
H4023,HSM67VDR,HSM6XRQ8,HSM7J4HC,0.0,9.0,24.0,9.0,15.0,-0.5671544528079571,-0.3150405072675331,-0.9182225169557968,0.252113945540424,0.252113945540424,0.0280126606156026,-0.6031820096882637,HI_low_state,decrease,0,0,HI_low_state,HI_intermediate_state,-0.3150405072675331,0.1051494019665069,HI_intermediate_state,HI_intermediate_state,stable,increase,,,-0.2822420542304265,0.1634709625657498,,,,,,,,,,,,,,,,,,,,,,,,,,,,,,-0.3265272384035547,0.1852353570657594,-0.2378675199954258,-1.0429850006207688,0.4833370104959105,-1.0291675938999931,-0.1754678156362818,-0.2098978442123568,0.4781215717066217,-0.6134459876780463,-0.1032378535597188,-0.467233696910507,-0.2192204520919773,-0.234522811738337,-0.656935896440791,-0.2136886536350737,-0.2465613665691814,-1.1920570385808118,-0.1821025100741947,-1.0667188873374724,-0.8070620195736679,-0.440913404757016,-0.1174290615175777,-0.93145148909608,-0.0394361503362549,-0.1756275975377512,-0.0758855831504279,-0.2880022112779509,-0.0621499057667069,,,-0.0442851841731282,0.0217643945000095,,,,,,,,,,,,,,,,,,,,,,,,,,,,0.0,0.0,1.0,0.0,1.0,0.0,HI_low_state,non_IBD_like,decrease,0,0.0,-0.3150405072675331,0.42018990923404,0.1051494019665069,0.06955039906163928,-0.2454901082058938,0.0758706102131156,-0.2391698970544175,HI_intermediate_state,intermediate_low,stable,0,HI_intermediate_state,intermediate_high,increase,0,HI_intermediate_state,intermediate_high,stable,0,HI_intermediate_state,intermediate_high,stable,0
H4023,HSM6XRQ8,HSM7J4HC,HSM7J4KC,9.0,24.0,35.0,15.0,11.0,-0.3150405072675331,-0.9182225169557968,-0.4869226109459901,-0.6031820096882637,0.6031820096882637,-0.0402121339792175,0.4312999060098067,HI_intermediate_state,increase,0,0,HI_intermediate_state,HI_low_state,-0.9182225169557968,-1.3605559907271902,HI_low_state,HI_low_state,stable,decrease,,,-0.3265272384035547,0.1852353570657594,-0.2378675199954258,-1.0429850006207688,0.4833370104959105,-1.0291675938999931,-0.1754678156362818,-0.2098978442123568,0.4781215717066217,-0.6134459876780463,-0.1032378535597188,-0.467233696910507,-0.2192204520919773,-0.234522811738337,-0.656935896440791,-0.2136886536350737,-0.2465613665691814,-1.1920570385808118,-0.1821025100741947,-1.0667188873374724,-0.8070620195736679,-0.440913404757016,-0.1174290615175777,-0.93145148909608,-0.0394361503362549,-0.1756275975377512,-0.0758855831504279,-0.2880022112779509,-0.0621499057667069,,,-0.3747793072542277,-2.973320503240115,-0.4297681124908402,-0.5705625466472927,-0.4159226453835256,-0.7086626517473029,-0.4461906018364899,-0.2100531286973879,-0.459234592246307,-0.5689087410390913,-0.1032378535597188,-0.3047251738848266,-0.2068594133431748,-0.210845257668548,0.0086555559307294,-0.0520459113997593,-0.627990474819025,-1.4188171472752844,-0.1821025100741947,-0.5735535091212464,-1.3044542453628838,-0.4790533420955035,-0.0505757263981767,-1.0952476493580603,-0.0394361503362549,-0.0717789521615579,-0.0758855831504279,-0.2880022112779509,-0.0621499057667069,,,-0.048252068850673,-3.1585558603058743,-0.1919005924954143,0.4724224539734761,-0.8992596558794361,0.3205049421526902,-0.270722786200208,-0.0001552844850311,-0.9373561639529286,0.0445372466389549,0.0,0.1625085230256803,0.0123610387488025,0.0236775540697889,0.6655914523715204,0.1616427422353143,-0.3814291082498436,-0.2267601086944726,0.0,0.4931653782162261,-0.4973922257892159,-0.0381399373384874,0.066853335119401,-0.1637961602619803,0.0,0.1038486453761933,0.0,0.0,0.0,0.0,1.0,0.0,0.0,0.0,1.0,HI_low_state,intermediate_low,increase,0,0.0,-0.9182225169557968,-0.4423334737713934,-1.3605559907271902,0.10424185445285672,-0.8139806625029401,0.15639083271644613,-0.7618316842393507,HI_low_state,non_IBD_like,stable,0,HI_low_state,non_IBD_like,decrease,0,HI_low_state,intermediate_low,stable,0,HI_low_state,intermediate_low,increase,0
H4023,HSM7J4HC,HSM7J4KC,HSM7J4KK,24.0,35.0,43.0,11.0,8.0,-0.9182225169557968,-0.4869226109459901,-1.5599744116957506,0.4312999060098067,0.4312999060098067,0.0392090823645278,-1.0730518007497605,HI_low_state,decrease,0,0,HI_low_state,HI_intermediate_state,-0.4869226109459901,-0.173249952029767,HI_intermediate_state,HI_intermediate_state,stable,increase,,,-0.3747793072542277,-2.973320503240115,-0.4297681124908402,-0.5705625466472927,-0.4159226453835256,-0.7086626517473029,-0.4461906018364899,-0.2100531286973879,-0.459234592246307,-0.5689087410390913,-0.1032378535597188,-0.3047251738848266,-0.2068594133431748,-0.210845257668548,0.0086555559307294,-0.0520459113997593,-0.627990474819025,-1.4188171472752844,-0.1821025100741947,-0.5735535091212464,-1.3044542453628838,-0.4790533420955035,-0.0505757263981767,-1.0952476493580603,-0.0394361503362549,-0.0717789521615579,-0.0758855831504279,-0.2880022112779509,-0.0621499057667069,,,-0.843237338815059,0.1521486913549709,-0.4120990052732728,-0.834103361596239,-0.0435383151856562,-0.77595519253414,-0.227108214027617,1.810204537937472,-0.0828352351863018,-0.22683768282726,-0.1032378535597188,-0.0645451035156361,-0.0355264805456321,3.227609332289319,-0.0832157925189966,-0.0972038845905593,-0.4792178005079379,-0.834019732511065,-0.0789620363750802,-0.8309813994517042,-0.7475412238322279,-0.4853571201615264,-0.304505135565246,-0.8332244042942669,-0.0394361503362549,-0.282348166610606,-0.0758855831504279,-0.2880022112779509,-0.0621499057667069,,,-0.4684580315608313,3.125469194595086,0.0176691072175673,-0.2635408149489463,0.3723843301978694,-0.0672925407868371,0.2190823878088729,2.02025766663486,0.3763993570600052,0.3420710582118312,0.0,0.2401800703691905,0.1713329327975427,3.4384545899578667,-0.091871348449726,-0.0451579731908,0.1487726743110871,0.5847974147642194,0.1031404736991145,-0.2574278903304579,0.5569130215306559,-0.0063037780660228,-0.2539294091670693,0.2620232450637934,0.0,-0.2105692144490481,0.0,0.0,0.0,0.0,0.0,1.0,0.0,1.0,0.0,HI_low_state,non_IBD_like,decrease,0,0.0,-0.4869226109459901,0.3136726589162231,-0.173249952029767,0.07432601803463311,-0.412596592911357,-0.010196214205008923,-0.49711882515099903,HI_low_state,intermediate_low,stable,0,HI_intermediate_state,intermediate_high,increase,0,HI_intermediate_state,intermediate_low,stable,0,HI_low_state,intermediate_low,stable,0
H4024,HSM67VI5,HSM7J4O1,HSM7J4O3,3.0,38.0,40.0,35.0,2.0,-1.096605083394936,-1.1847158659291304,-1.0596251069426432,-0.0881107825341944,0.0881107825341944,-0.0025174509295484,0.1250907589864871,HI_low_state,stable,0,0,HI_low_state,HI_low_state,-1.1847158659291304,-1.189750767788227,HI_low_state,HI_low_state,stable,stable,,,-0.0228904583285562,0.0828794905195824,-0.8953963872701334,-0.8805267246706526,-0.5639801077220566,-0.3968381792394237,-0.9158728645216536,-0.2385269263606275,-1.007315847613625,-0.3066874690427145,-0.1550626969039416,-0.50753803664807,-0.3078678922263889,-0.0003319574551313,0.6642674099117272,-0.3735213098190297,,,,,,,,,,,,,,,,-1.3223490862013922,2.0100436606595498,-1.0372558048648517,-0.2616155212523883,-0.6330114919090558,-0.2271154552306147,-0.579223265224185,-0.3439176590204448,-0.4047262124524423,0.2399652924231425,-0.1550626969039416,-0.5270497728051696,-0.3391913935469496,-0.3594068652286224,0.1943109188502827,-0.4257908266685038,,,,,,,,,,,,,,,,-1.299458627872836,1.9271641701399675,-0.1418594175947183,0.6189112034182643,-0.0690313841869991,0.169722724008809,0.3366495992974686,-0.1053907326598173,0.6025896351611828,0.546652761465857,0.0,-0.0195117361570996,-0.0313235013205607,-0.3590749077734911,-0.4699564910614444,-0.0522695168494741,,,,,,,,,,,,,,0.0,0.0,1.0,0.0,0.0,1.0,HI_low_state,non_IBD_like,stable,0,0.0,-1.1847158659291304,-0.005034901859096823,-1.189750767788227,-0.09893960286556241,-1.2836554687946928,-0.054035472226205125,-1.2387513381553354,HI_low_state,non_IBD_like,stable,0,HI_low_state,non_IBD_like,stable,0,HI_low_state,non_IBD_like,stable,0,HI_low_state,non_IBD_like,stable,0
H4027,HSM7J4GR,HSM7J4NE,HSMA33O1,17.0,25.0,35.0,8.0,10.0,1.1707297604102358,1.0263116015075626,0.58410039390408,-0.1444181589026731,0.1444181589026731,-0.0180522698628341,-0.4422112076034826,HI_high_state,decrease,1,1,HI_high_state,HI_high_state,1.0263116015075626,0.8457889028792211,HI_high_state,HI_high_state,stable,decrease,,,0.6360614977234295,-0.4394769334712252,0.2212786675137432,0.8965909888246292,-0.5382952825635917,0.6273233032097445,0.1421479167268562,-0.4269129640024245,0.0720715317299915,-0.2247950636519529,-0.1550626969039416,-0.1367566374879432,-0.3021552484283976,-0.3490536699682457,0.1561973860712173,-0.0694643014979959,-0.0660638509419369,-0.9686139052928692,-0.2057571286511379,-0.1618895575850594,0.3110601139668719,1.7724170216163466,0.6731412304021843,-0.6563009786844689,-0.1042905334781047,-0.8600259161559242,-0.1767156243979841,-0.012698792208433,-0.1125162066174347,,,0.7607134646603461,-0.3103080438375937,-0.0487517147613644,0.0157793866606001,-0.4588434413105737,0.1076417056798337,-0.0958117777676975,-0.2708623952822651,-0.2786220902082466,-0.0909398954564479,-0.1550626969039416,-0.4662842015471912,-0.3391913935469496,-0.3589731535752351,0.3602335547615975,0.2072755230167984,-0.1555969252562618,-0.7958221368482208,-1.901626643453078,-0.0414313436045897,0.4075440074773279,0.2783095830807297,-0.6604323517563362,-0.1704463974491143,-0.1042905334781047,-1.0055408292789678,-0.1767156243979841,-0.3487795736994175,-0.1125162066174347,,,0.1246519669369166,0.1291688896336315,-0.2700303822751076,-0.8808116021640291,0.079451841253018,-0.5196815975299108,-0.2379596944945537,0.1560505687201594,-0.350693621938238,0.133855168195505,0.0,-0.329527564059248,-0.037036145118552,-0.0099194836069894,0.2040361686903802,0.2767398245147943,-0.0895330743143248,0.1727917684446483,-1.69586951480194,0.1204582139804697,0.096483893510456,-1.4941074385356168,-1.3335735821585204,0.4858545812353546,0.0,-0.1455149131230436,0.0,-0.3360807814909844,0.0,1.0,0.0,0.0,1.0,0.0,0.0,HI_high_state,high_moderate,decrease,1,0.0,1.0263116015075626,-0.18052269862834136,0.8457889028792213,-0.052527786430692794,0.9737838150768698,-0.209424543804098,0.8168870577034646,HI_high_state,high_extreme,stable,1,HI_high_state,high_moderate,decrease,1,HI_high_state,high_extreme,stable,1,HI_high_state,high_moderate,decrease,1
H4027,HSM7J4NE,HSMA33O1,HSMA33O5,25.0,35.0,40.0,10.0,5.0,1.0263116015075626,0.58410039390408,1.3695555735511906,-0.4422112076034826,0.4422112076034826,-0.0442211207603482,0.7854551796471106,HI_high_state,increase,1,1,HI_high_state,HI_high_state,0.58410039390408,0.3629947901023386,HI_high_state,HI_intermediate_state,stable,decrease,,,0.7607134646603461,-0.3103080438375937,-0.0487517147613644,0.0157793866606001,-0.4588434413105737,0.1076417056798337,-0.0958117777676975,-0.2708623952822651,-0.2786220902082466,-0.0909398954564479,-0.1550626969039416,-0.4662842015471912,-0.3391913935469496,-0.3589731535752351,0.3602335547615975,0.2072755230167984,-0.1555969252562618,-0.7958221368482208,-1.901626643453078,-0.0414313436045897,0.4075440074773279,0.2783095830807297,-0.6604323517563362,-0.1704463974491143,-0.1042905334781047,-1.0055408292789678,-0.1767156243979841,-0.3487795736994175,-0.1125162066174347,,,0.6566779486573271,-0.309484541329969,0.5574419241541794,0.5919796477813574,-0.1558101511911643,0.3012946794528233,-0.1694497435100797,-0.3497585509744725,-0.4044733757913104,-0.2976373626990931,-0.1550626969039416,-0.672753742801383,-0.3391913935469496,-0.3635523762506909,0.2345113320963258,0.2861793899783498,,,,,,,,,,,,,,,,-0.1040355160030189,0.0008235025076246,0.6061936389155438,0.5762002611207573,0.3030332901194094,0.1936529737729896,-0.0736379657423821,-0.0788961556922074,-0.1258512855830638,-0.2066974672426451,0.0,-0.2064695412541918,0.0,-0.0045792226754557,-0.1257222226652717,0.0789038669615513,,,,,,,,,,,,,,1.0,0.0,0.0,1.0,0.0,0.0,HI_high_state,high_extreme,increase,1,0.0,0.58410039390408,-0.2211056038017413,0.3629947901023387,0.04311256375427491,0.6272129576583549,0.07279558310749469,0.6568959770115746,HI_high_state,high_moderate,stable,1,HI_intermediate_state,high_moderate,decrease,0,HI_high_state,high_moderate,stable,1,HI_high_state,high_moderate,stable,1
H4031,HSM7CZ3G,HSM7J4MK,HSM7J4OE,8.0,16.0,26.0,8.0,10.0,-1.0126218280717003,-1.071279758421092,-1.2773280396602305,-0.0586579303493917,0.0586579303493917,-0.0073322412936739,-0.2060482812391384,HI_low_state,decrease,0,0,HI_low_state,HI_low_state,-1.071279758421092,-1.1446021713578316,HI_low_state,HI_low_state,stable,stable,,,-1.0685876245935215,0.0383922460806841,-0.9092827222610262,-0.7118975732216987,-0.4005922246054207,-0.924003719337862,-0.4657652335885117,-0.2970622842298833,-0.2229806848726331,-0.7769483068062853,-0.1337842318310246,-0.0351077844542899,-0.3190278844053378,-0.2432892933440505,-0.2936457032233618,-0.2614408218447526,,,,,,,,,,,,,,,,-0.8279679565461439,0.2877352754442109,-1.3046120967119397,-1.0807645040110578,1.3586060132451911,-1.4805016720887945,-1.9752599667473616,-0.1797998336413154,-0.15883251715655,-1.028149175272964,-0.1337842318310246,-0.7409983244286565,-0.284865582284254,-0.2390457891064824,-0.1005015587418483,-0.2626869191619995,-0.1740390745379792,1.0069124242995873,-0.2492407286865311,0.817056198460099,-0.6645587238951062,-0.2741773305301396,-0.5875661550037182,-0.1474987127332595,-0.0943446893454414,-0.7294233366041641,-0.1709475558700418,-0.3492325760890894,-0.0894069183106759,,,0.2406196680473776,0.2493430293635268,-0.3953293744509134,-0.3688669307893591,1.759198237850612,-0.5564979527509325,-1.50949473315885,0.1172624505885678,0.064148167716083,-0.2512008684666785,0.0,-0.7058905399743667,0.0341623021210837,0.0042435042375681,0.1931441444815135,-0.0012460973172468,,,,,,,,,,,,,,0.0,0.0,1.0,0.0,0.0,1.0,HI_low_state,non_IBD_like,decrease,0,0.0,-1.071279758421092,-0.07332241293673962,-1.1446021713578316,0.02540081101356857,-1.0458789474075234,-0.03808397663352609,-1.1093637350546182,HI_low_state,non_IBD_like,stable,0,HI_low_state,non_IBD_like,stable,0,HI_low_state,non_IBD_like,stable,0,HI_low_state,non_IBD_like,stable,0
H4035,HSM7J4HS,HSM7J4JZ,HSM7J4K8,8.0,12.0,20.0,4.0,8.0,1.9561346560070687,2.1059515018503583,0.6328859479686386,0.1498168458432895,0.1498168458432895,0.0374542114608223,-1.4730655538817197,HI_high_state,decrease,1,1,HI_high_state,HI_high_state,2.1059515018503583,2.405585193536937,HI_high_state,HI_high_state,stable,increase,,,2.3755083110327235,0.5273595533853369,0.9660898997895676,0.5922874304718136,1.8635130173783407,0.938078746011506,0.3838342864425871,-0.0346203958029799,0.6043551674833597,0.7504187702487315,-0.1032378535597188,1.009265714401374,-0.2192204520919773,1.1516904959060894,1.3923109511870164,1.0850989119200996,3.820313083067376,0.3796146072249629,-0.1866070155712497,0.0225213918016777,0.0442832601366112,1.0354448589009653,0.6630814331379734,-0.7130902021690677,31.56621153331296,0.0490849454787702,-0.0758855831504279,1.36473819357077,-0.0621499057667069,,,1.7422269432585773,0.5544197479125282,0.0403951973262474,0.293855682204357,3.5691368722646604,0.5314182664205694,2.123098603019592,0.1193892409302355,-0.5732709148643147,0.5117990086801707,-0.1032378535597188,0.3411190112558795,-0.2192204520919773,-0.1540386739596327,2.0870235153274472,0.4997524243137268,-0.955699860465689,0.1601994316477542,-0.1821025100741947,-0.0550655985452482,-0.7161801820926245,1.530916961367462,-0.5301763707765684,-0.5309729359090435,-0.0394361503362549,-1.835280787566007,-0.0758855831504279,1.1465227635002635,-0.0621499057667069,,,-0.6332813677741462,0.0270601945271913,-0.9256947024633202,-0.2984317482674566,1.7056238548863192,-0.4066604795909365,1.739264316577005,0.1540096367332153,-1.1776260823476743,-0.2386197615685608,0.0,-0.6681467031454944,0.0,-1.305729169865722,0.6947125641404308,-0.5853464876063728,-4.776012943533065,-0.2194151755772087,0.004504505497055,-0.0775869903469259,-0.7604634422292357,0.4954721024664967,-1.1932578039145418,0.1821172662600242,-31.605647683649213,-1.8843657330447772,0.0,-0.2182154300705066,0.0,1.0,0.0,0.0,1.0,0.0,0.0,HI_high_state,high_moderate,decrease,1,0.0,2.1059515018503583,0.299633691686579,2.4055851935369374,-0.18141424609765888,1.9245372557526994,-0.47732662219917504,1.6286248796511833,HI_high_state,high_extreme,stable,1,HI_high_state,high_extreme,increase,1,HI_high_state,high_extreme,decrease,1,HI_high_state,high_extreme,decrease,1
H4035,HSM7J4JZ,HSM7J4K8,HSMA33OR,12.0,20.0,26.0,8.0,6.0,2.1059515018503583,0.6328859479686386,1.8902836447264868,-1.4730655538817197,1.4730655538817197,-0.1841331942352149,1.2573976967578482,HI_high_state,increase,1,1,HI_high_state,HI_high_state,0.6328859479686386,-0.4719132174426512,HI_high_state,HI_intermediate_state,stable,decrease,,,1.7422269432585773,0.5544197479125282,0.0403951973262474,0.293855682204357,3.5691368722646604,0.5314182664205694,2.123098603019592,0.1193892409302355,-0.5732709148643147,0.5117990086801707,-0.1032378535597188,0.3411190112558795,-0.2192204520919773,-0.1540386739596327,2.0870235153274472,0.4997524243137268,-0.955699860465689,0.1601994316477542,-0.1821025100741947,-0.0550655985452482,-0.7161801820926245,1.530916961367462,-0.5301763707765684,-0.5309729359090435,-0.0394361503362549,-1.835280787566007,-0.0758855831504279,1.1465227635002635,-0.0621499057667069,,,0.7705099610672783,-2.547125809806025,0.1559310912769741,0.4430864488648364,4.318040680113593,0.4361957043865952,0.6024722728707714,0.0143888377230963,0.7784743624551462,0.4021098393412755,-0.1032378535597188,0.7715388158443185,-0.2192204520919773,-0.2767399955560902,1.0983010109208526,1.809815957875135,0.0923634601403751,-1.2053649721149586,-0.1559002941199284,0.038526036556389,-1.180636974332579,-0.2529055731022722,-0.3697110800913963,-0.6943336963417244,-0.0394361503362549,-0.4254578548546902,-0.0758855831504279,0.3831027326749546,-0.0621499057667069,,,-0.971716982191299,-3.1015455577185533,0.1155358939507267,0.1492307666604794,0.7489038078489325,-0.0952225620339742,-1.5206263301488208,-0.1050004032071391,1.351745277319461,-0.1096891693388952,0.0,0.430419804588439,0.0,-0.1227013215964575,-0.9887225044065946,1.310063533561408,1.048063320606064,-1.3655644037627128,0.0262022159542663,0.0935916351016372,-0.4644567922399546,-1.7838225344697345,0.1604652906851721,-0.1633607604326808,0.0,1.409822932711317,0.0,-0.763420030825309,0.0,1.0,0.0,0.0,1.0,0.0,0.0,HI_high_state,high_extreme,increase,1,0.0,0.6328859479686386,-1.1047991654112899,-0.47191321744265124,0.23928949557236168,0.8721754435410003,0.1538024591636251,0.7866884071322637,HI_high_state,high_moderate,stable,1,HI_low_state,intermediate_low,decrease,0,HI_high_state,high_moderate,increase,1,HI_high_state,high_moderate,increase,1
H4035,HSM7J4K8,HSMA33OR,HSMA33MI,20.0,26.0,44.0,6.0,18.0,0.6328859479686386,1.8902836447264868,1.913336159072744,1.2573976967578482,1.2573976967578482,0.2095662827929747,0.0230525143462572,HI_high_state,stable,1,1,HI_high_state,HI_high_state,1.8902836447264868,5.662476735000031,HI_high_state,HI_high_state,stable,increase,,,0.7705099610672783,-2.547125809806025,0.1559310912769741,0.4430864488648364,4.318040680113593,0.4361957043865952,0.6024722728707714,0.0143888377230963,0.7784743624551462,0.4021098393412755,-0.1032378535597188,0.7715388158443185,-0.2192204520919773,-0.2767399955560902,1.0983010109208526,1.809815957875135,0.0923634601403751,-1.2053649721149586,-0.1559002941199284,0.038526036556389,-1.180636974332579,-0.2529055731022722,-0.3697110800913963,-0.6943336963417244,-0.0394361503362549,-0.4254578548546902,-0.0758855831504279,0.3831027326749546,-0.0621499057667069,,,1.4024098992696317,0.4867878164569099,-0.2001371588509455,-0.0185507176465562,-0.0850319792931725,0.1093971951931408,-0.1305019118198317,0.1870441550251547,-0.2172632566788738,-0.2610240203109001,-0.1032378535597188,-0.1941074145342737,-0.0141560086727994,-0.4587566614644547,0.3399871624482358,0.0843807526020478,,,,,,,,,,,,,-0.0621499057667069,,,0.6318999382023534,3.033913626262935,-0.3560682501279196,-0.4616371665113926,-4.4030726594067655,-0.3267985091934544,-0.7329741846906032,0.1726553173020584,-0.99573761913402,-0.6631338596521756,0.0,-0.9656462303785922,0.2050644434191779,-0.1820166659083645,-0.7583138484726168,-1.725435205273087,,,,,,,,,,,,,0.0,1.0,0.0,0.0,1.0,0.0,0.0,HI_high_state,high_extreme,stable,1,0.0,1.8902836447264868,3.7721930902735448,5.662476735000031,-0.5021963601297462,1.3880872845967405,-0.31419555697894186,1.576088087747545,HI_high_state,high_extreme,stable,1,HI_high_state,high_extreme,increase,1,HI_high_state,high_extreme,decrease,1,HI_high_state,high_extreme,decrease,1
M2008,MSM5LLDS,MSM5LLHZ,MSM5LLHQ,10.0,17.0,27.0,7.0,10.0,0.556559424423889,0.6032233583642131,0.6641440194657383,0.0466639339403242,0.0466639339403242,0.0066662762771891,0.0609206611015251,HI_high_state,stable,1,1,HI_high_state,HI_high_state,0.6032233583642131,0.6698861211361049,HI_high_state,HI_high_state,stable,stable,,,1.2164352116522477,0.608746227331988,-0.843504871058238,-1.3510329621460793,-0.1499590020488683,-0.9161682797942076,-0.419134265145157,-0.1020614715107015,-0.1536165070140557,0.1648666345886227,-0.1053193561388915,-0.4174786559392391,-0.297790739153404,-0.2259269619142458,0.0034473924015855,-0.3493125133916043,-0.4670039745382882,-0.6150582247758366,-0.2896154840223111,-0.5697593208332671,-0.1057870656565306,-0.4216042148491243,-0.0546151875991947,-0.3258829264663235,-0.1037004396497548,-0.3712604016186099,-0.1659820709865475,-0.3358172950787538,-0.0934222248010143,,,0.4205716954686868,0.2279358491618112,,,,,,,,,,,,,,,,,,,,,,,,,,,,,,-0.7958635161835609,-0.3808103781701768,,,,,,,,,,,,,,,,,,,,,,,,,,,,1.0,0.0,0.0,1.0,0.0,0.0,HI_high_state,high_moderate,stable,1,0.0,0.6032233583642131,0.06666276277189172,0.6698861211361049,-0.08726158394966023,0.5159617744145529,0.01770174585055149,0.6209251042147647,HI_high_state,high_moderate,stable,1,HI_high_state,high_moderate,stable,1,HI_high_state,high_moderate,stable,1,HI_high_state,high_moderate,stable,1
M2008,MSM5LLHZ,MSM5LLHQ,MSM5LLDA,17.0,27.0,37.0,10.0,10.0,0.6032233583642131,0.6641440194657383,0.538821939078918,0.0609206611015251,0.0609206611015251,0.0060920661101525,-0.1253220803868203,HI_high_state,stable,1,1,HI_high_state,HI_high_state,0.6641440194657383,0.7250646805672635,HI_high_state,HI_high_state,stable,stable,,,0.4205716954686868,0.2279358491618112,,,,,,,,,,,,,,,,,,,,,,,,,,,,,,1.07505732963675,-0.1312904974502096,,,,,,,,,,,,,,,,,,,,,,,,,,,,,,0.6544856341680633,-0.3592263466120208,,,,,,,,,,,,,,,,,,,,,,,,,,,,1.0,0.0,0.0,1.0,0.0,0.0,HI_high_state,high_moderate,stable,1,0.0,0.6641440194657383,0.06092066110152511,0.7250646805672634,-0.0959931217069362,0.5681508977588021,-0.03449401557867486,0.6296500038870635,HI_high_state,high_moderate,stable,1,HI_high_state,high_moderate,stable,1,HI_high_state,high_moderate,stable,1,HI_high_state,high_moderate,stable,1
M2008,MSM5LLHQ,MSM5LLDA,MSM6J2LB,27.0,37.0,52.0,10.0,15.0,0.6641440194657383,0.538821939078918,0.9472432013099372,-0.1253220803868203,0.1253220803868203,-0.012532208038682,0.4084212622310192,HI_high_state,increase,1,1,HI_high_state,HI_high_state,0.538821939078918,0.3508388184986874,HI_high_state,HI_intermediate_state,stable,decrease,,,1.07505732963675,-0.1312904974502096,,,,,,,,,,,,,,,,,,,,,,,,,,,,,,0.8157697087103327,0.5115980504073198,-0.5226078574478237,-0.7656833324617424,-0.0247649859976828,-0.8435386384630995,-0.5134780976489461,-0.1165643179464136,-0.4084564198452759,-0.0312596860907704,-0.1053193561388915,-0.1314135383593473,-0.2146032140182886,-0.2125440061604964,0.5220911980827682,-0.3801578423043781,-0.2165293821973011,-0.7665468565316629,-0.2896154840223111,-0.3783626657299526,-0.9381597328382,-0.21387561485781,-0.0028571322348945,-0.6397088961673228,-0.1037004396497548,-0.4249916630075562,-0.1659820709865475,0.0413741315636883,-0.0934222248010143,,,-0.2592876209264173,0.6428885478575294,,,,,,,,,,,,,,,,,,,,,,,,,,,,1.0,0.0,0.0,1.0,0.0,0.0,HI_high_state,high_extreme,increase,1,0.0,0.538821939078918,-0.18798312058023045,0.3508388184986875,-0.06080742784709689,0.47801451123182104,0.037172958954387395,0.5759948980333054,HI_high_state,high_moderate,stable,1,HI_intermediate_state,high_moderate,decrease,0,HI_high_state,high_moderate,stable,1,HI_high_state,high_moderate,stable,1
M2014,MSM5FZ9X,MSM5FZA2,MSM5LLGH,4.0,8.0,16.0,4.0,8.0,0.162996688345057,0.189332384709377,1.0600138610139265,0.0263356963643199,0.0263356963643199,0.0065839240910799,0.8706814763045495,HI_high_state,increase,1,1,HI_intermediate_state,HI_intermediate_state,0.189332384709377,0.2420037774380169,HI_intermediate_state,HI_intermediate_state,stable,stable,,,0.2507904818900641,0.1076504656186661,,,,,,,,,,,,,,,,,,,,,,,,,,,,,,0.2670946436021301,0.2677206924476807,,,,,,,,,,,,,,,,,,,,,,,,,,,,,,0.016304161712066,0.1600702268290146,,,,,,,,,,,,,,,,,,,,,,,,,,,,0.0,1.0,0.0,0.0,1.0,0.0,HI_high_state,high_extreme,increase,1,0.0,0.189332384709377,0.0526713927286398,0.2420037774380168,-0.04942119101745038,0.13991119369192662,-0.030425553639751534,0.15890683106962547,HI_intermediate_state,intermediate_high,stable,0,HI_intermediate_state,intermediate_high,stable,0,HI_intermediate_state,intermediate_high,stable,0,HI_intermediate_state,intermediate_high,stable,0
M2014,MSM5FZA2,MSM5LLGH,MSM6J2IQ,8.0,16.0,26.0,8.0,10.0,0.189332384709377,1.0600138610139265,0.4801863166917098,0.8706814763045495,0.8706814763045495,0.1088351845380686,-0.5798275443222167,HI_high_state,decrease,1,1,HI_intermediate_state,HI_high_state,1.0600138610139265,2.148365706394613,HI_high_state,HI_high_state,stable,increase,,,0.2670946436021301,0.2677206924476807,,,,,,,,,,,,,,,,,,,,,,,,,,,,,,1.1608519946169331,-0.0587760730064056,,,,,,,,,,,,,,,,,,,,,,,,,,,,,,0.893757351014803,-0.3264967654540863,,,,,,,,,,,,,,,,,,,,,,,,,,,,0.0,1.0,0.0,1.0,0.0,0.0,HI_high_state,high_moderate,decrease,1,0.0,1.0600138610139265,1.0883518453806869,2.148365706394613,-0.3289172642047251,0.7310965968092014,-0.19674119505359675,0.8632726659603297,HI_high_state,high_extreme,stable,1,HI_high_state,high_extreme,increase,1,HI_high_state,high_moderate,decrease,1,HI_high_state,high_moderate,decrease,1
M2014,MSM5LLGH,MSM6J2IQ,MSM6J2J1,16.0,26.0,36.0,10.0,10.0,1.0600138610139265,0.4801863166917098,1.02048616904569,-0.5798275443222167,0.5798275443222167,-0.0579827544322216,0.5402998523539801,HI_high_state,increase,1,1,HI_high_state,HI_high_state,0.4801863166917098,-0.0996412276305069,HI_high_state,HI_intermediate_state,stable,decrease,,,1.1608519946169331,-0.0587760730064056,,,,,,,,,,,,,,,,,,,,,,,,,,,,,,0.0194286475073575,-2.4978332510208907,-0.1257059139124094,-0.3385590841516196,-0.2992875572947779,-0.2856651351271606,-0.6604012150842306,-0.3289931281066779,-0.19136402101789,-0.5660173779182072,-0.1131951731182238,-0.2843224657651669,-0.335142170174171,-0.26893492236575,-0.3095239414402001,-0.4433270647737937,-0.22775039879112,-0.5051048639477352,-0.1062240757980382,-0.2779129921414463,-0.2803859518528339,-0.4449040086613473,-0.1058602906417935,-0.5763953727692781,-0.099387998111419,-0.2269617128652664,-0.11759739693702,-0.3078094444889777,-0.1072913428785755,,,-1.1414233471095756,-2.439057178014485,,,,,,,,,,,,,,,,,,,,,,,,,,,,1.0,0.0,0.0,1.0,0.0,0.0,HI_high_state,high_extreme,increase,1,0.0,0.4801863166917098,-0.5798275443222167,-0.09964122763050692,0.08863040274938433,0.5688167194410941,0.2840559141691997,0.7642422308609095,HI_high_state,high_moderate,stable,1,HI_intermediate_state,intermediate_high,decrease,0,HI_high_state,high_moderate,stable,1,HI_high_state,high_moderate,increase,1
M2014,MSM6J2IQ,MSM6J2J1,MSM6J2QZ,26.0,36.0,48.0,10.0,12.0,0.4801863166917098,1.02048616904569,0.8815061467734665,0.5402998523539801,0.5402998523539801,0.054029985235398,-0.1389800222722234,HI_high_state,stable,1,1,HI_high_state,HI_high_state,1.02048616904569,1.668845991870466,HI_high_state,HI_high_state,stable,increase,,,0.0194286475073575,-2.4978332510208907,-0.1257059139124094,-0.3385590841516196,-0.2992875572947779,-0.2856651351271606,-0.6604012150842306,-0.3289931281066779,-0.19136402101789,-0.5660173779182072,-0.1131951731182238,-0.2843224657651669,-0.335142170174171,-0.26893492236575,-0.3095239414402001,-0.4433270647737937,-0.22775039879112,-0.5051048639477352,-0.1062240757980382,-0.2779129921414463,-0.2803859518528339,-0.4449040086613473,-0.1058602906417935,-0.5763953727692781,-0.099387998111419,-0.2269617128652664,-0.11759739693702,-0.3078094444889777,-0.1072913428785755,,,0.4747722353766072,0.3767689826337964,0.0144886362594272,0.185858044284031,-0.298658540939531,0.045217526341167,-0.0925304052623261,-0.1741857134093063,0.760063325317355,-0.1320008803435537,-0.1131951731182238,5.891441486145026,-0.2524696553804741,-0.1609568910891795,0.2852020071332092,-0.3390230163729923,,,,,,,,,,,,,,,,0.4553435878692496,2.874602233654687,0.1401945501718366,0.5244171284356506,0.0006290163552469,0.3308826614683275,0.5678708098219044,0.1548074146973716,0.951427346335245,0.4340164975746534,0.0,6.175763951910193,0.0826725147936968,0.1079780312765705,0.5947259485734093,0.1043040484008013,,,,,,,,,,,,,,1.0,0.0,0.0,1.0,0.0,0.0,HI_high_state,high_extreme,stable,1,0.0,1.02048616904569,0.6483598228247762,1.6688459918704661,-0.23426124927931682,0.7862249197663731,-0.5592872384139097,0.4611989306317802,HI_high_state,high_extreme,stable,1,HI_high_state,high_extreme,increase,1,HI_high_state,high_moderate,decrease,1,HI_intermediate_state,high_moderate,decrease,0
M2025,MSM5LLIC,MSM5LLHM,MSM6J2J5,0.0,11.0,18.0,11.0,7.0,-1.7432074637228885,-1.5741212350345728,-1.8950417782874347,0.1690862286883157,0.1690862286883157,0.0153714753353014,-0.3209205432528619,HI_low_state,decrease,0,0,HI_low_state,HI_low_state,-1.5741212350345728,-1.4665209076874628,HI_low_state,HI_low_state,stable,stable,,,-0.7962847218417631,-2.591119131506534,,,,,,,,,,,,,,,,,,,,,,,,,,,,,,-1.476573442171507,0.0520704249649227,,,,,,,,,,,,,,,,,,,,,,,,,,,,,,-0.680288720329744,2.643189556471457,,,,,,,,,,,,,,,,,,,,,,,,,,,,0.0,0.0,1.0,0.0,0.0,1.0,HI_low_state,non_IBD_like,decrease,0,0.0,-1.5741212350345728,0.10760032734710999,-1.4665209076874628,-0.01958800596247507,-1.593709240997048,-0.06486077513247633,-1.6389820101670491,HI_low_state,non_IBD_like,stable,0,HI_low_state,non_IBD_like,stable,0,HI_low_state,non_IBD_like,stable,0,HI_low_state,non_IBD_like,stable,0
M2025,MSM5LLHM,MSM6J2J5,MSM6J2PE,11.0,18.0,30.0,7.0,12.0,-1.5741212350345728,-1.8950417782874347,-1.435421838648699,-0.3209205432528619,0.3209205432528619,-0.0458457918932659,0.4596199396387357,HI_low_state,increase,0,0,HI_low_state,HI_low_state,-1.8950417782874347,-2.4451912810066263,HI_low_state,HI_low_state,stable,decrease,,,-1.476573442171507,0.0520704249649227,,,,,,,,,,,,,,,,,,,,,,,,,,,,,,-0.6364871465396877,-0.1020301402963415,-1.14773658250974,-1.1192254076830466,-0.3111905232757486,-2.3763374010787306,-1.952218307862649,-0.3085332560591047,-1.3048728247545005,-0.8866087522159684,-0.1337842318310246,-0.9360560771379306,-0.3190278844053378,-0.1462541498330678,-0.3886776302733115,-0.0408794466484068,-0.5831572933043411,-0.6354134008021223,-0.2492407286865311,-0.4721363883385978,-0.4995671518089579,-0.3610773866042068,-0.3028368897158466,-0.3858064443579355,-0.0943446893454414,-0.4994658802469424,-0.1709475558700418,-0.3492325760890894,-0.0894069183106759,,,0.8400862956318194,-0.1541005652612642,,,,,,,,,,,,,,,,,,,,,,,,,,,,0.0,0.0,1.0,0.0,0.0,1.0,HI_low_state,non_IBD_like,increase,0,0.0,-1.8950417782874347,-0.5501495027191918,-2.4451912810066263,0.15776970607000837,-1.7372720722174264,0.16305199891625863,-1.731989779371176,HI_low_state,non_IBD_like,stable,0,HI_low_state,non_IBD_like,decrease,0,HI_low_state,non_IBD_like,increase,0,HI_low_state,non_IBD_like,increase,0
M2025,MSM6J2J5,MSM6J2PE,MSM6J2PM,18.0,30.0,38.0,12.0,8.0,-1.8950417782874347,-1.435421838648699,-0.6980647072688602,0.4596199396387357,0.4596199396387357,0.0383016616365613,0.7373571313798388,HI_low_state,increase,0,0,HI_low_state,HI_low_state,-1.435421838648699,-1.1290085455562084,HI_low_state,HI_low_state,stable,increase,,,-0.6364871465396877,-0.1020301402963415,-1.14773658250974,-1.1192254076830466,-0.3111905232757486,-2.3763374010787306,-1.952218307862649,-0.3085332560591047,-1.3048728247545005,-0.8866087522159684,-0.1337842318310246,-0.9360560771379306,-0.3190278844053378,-0.1462541498330678,-0.3886776302733115,-0.0408794466484068,-0.5831572933043411,-0.6354134008021223,-0.2492407286865311,-0.4721363883385978,-0.4995671518089579,-0.3610773866042068,-0.3028368897158466,-0.3858064443579355,-0.0943446893454414,-0.4994658802469424,-0.1709475558700418,-0.3492325760890894,-0.0894069183106759,,,-1.3320902667633685,-2.427756436651615,,,,,,,,,,,,,,,,,,,,,,,,,,,,,,-0.6956031202236808,-2.325726296355273,,,,,,,,,,,,,,,,,,,,,,,,,,,,0.0,0.0,1.0,0.0,0.0,1.0,HI_low_state,intermediate_low,increase,0,0.0,-1.435421838648699,0.3064132930924905,-1.1290085455562084,-0.08116111685922844,-1.5165829555079275,0.10221636655924629,-1.3332054720894526,HI_low_state,non_IBD_like,stable,0,HI_low_state,non_IBD_like,increase,0,HI_low_state,non_IBD_like,stable,0,HI_low_state,non_IBD_like,stable,0
M2026,MSM5LLFK,MSM5LLFO,MSM6J2HF,2.0,6.0,18.0,4.0,12.0,1.2175050308764928,-0.0838758773678564,0.3414005449643597,-1.301380908244349,1.301380908244349,-0.3253452270610872,0.4252764223322161,HI_intermediate_state,increase,0,0,HI_high_state,HI_intermediate_state,-0.0838758773678564,-3.988018602100904,HI_intermediate_state,HI_low_state,stable,decrease,,,1.6743821050541758,1.1996240052556826,,,,,,,,,,,,,,,,,,,,,,,,,,,,,,-0.1382728748621064,0.3137535867751088,,,,,,,,,,,,,,,,,,,,,,,,,,,,,,-1.8126549799162823,-0.8858704184805738,,,,,,,,,,,,,,,,,,,,,,,,,,,,1.0,0.0,0.0,0.0,1.0,0.0,HI_intermediate_state,high_moderate,increase,0,0.0,-0.0838758773678564,-3.904142724733047,-3.9880186021009036,0.6929473385917997,0.6090714612239433,0.3181789848333233,0.2343031074654669,HI_intermediate_state,intermediate_high,stable,0,HI_low_state,non_IBD_like,decrease,0,HI_high_state,high_moderate,increase,1,HI_intermediate_state,intermediate_high,increase,0
M2027,MSM5LLIS,MSM5LLH8,MSM6J2KE,0.0,8.0,18.0,8.0,10.0,-0.3372134157027094,-0.7376459130872167,-0.9916037099661232,-0.4004324973845073,0.4004324973845073,-0.0500540621730634,-0.2539577968789065,HI_low_state,decrease,0,0,HI_intermediate_state,HI_low_state,-0.7376459130872167,-1.238186534817851,HI_low_state,HI_low_state,stable,decrease,,,0.2914033647552915,-0.1009766746801611,,,,,,,,,,,,,,,,,,,,,,,,,,,,,,-0.6507090850872433,0.6754868701410506,,,,,,,,,,,,,,,,,,,,,,,,,,,,,,-0.9421124498425348,0.7764635448212117,,,,,,,,,,,,,,,,,,,,,,,,,,,,0.0,1.0,0.0,0.0,0.0,1.0,HI_low_state,non_IBD_like,decrease,0,0.0,-0.7376459130872167,-0.5005406217306342,-1.238186534817851,0.17208550977417558,-0.5655604033130411,0.13679102792173262,-0.6008548851654841,HI_low_state,intermediate_low,stable,0,HI_low_state,non_IBD_like,decrease,0,HI_low_state,intermediate_low,increase,0,HI_low_state,intermediate_low,stable,0
M2027,MSM5LLH8,MSM6J2KE,MSM6J2R2,8.0,18.0,26.0,10.0,8.0,-0.7376459130872167,-0.9916037099661232,-0.6997707140147423,-0.2539577968789065,0.2539577968789065,-0.0253957796878906,0.2918329959513809,HI_low_state,increase,0,0,HI_low_state,HI_low_state,-0.9916037099661232,-1.1947699474692484,HI_low_state,HI_low_state,stable,decrease,,,-0.6507090850872433,0.6754868701410506,,,,,,,,,,,,,,,,,,,,,,,,,,,,,,-0.8816262186365575,-0.4534997285731406,-0.293802250033624,-0.7328221665586695,-0.4196040026141799,-0.941230962115552,-0.5209945479277248,-0.2332310330109613,0.1822857245508845,-0.902955331867944,-0.1032378535597188,-1.218177197844832,-0.7924030638164853,-0.2366137400675612,-0.6863008954234023,-0.2507157975858805,-0.176793647242572,1.1750904742180543,-0.1821025100741947,0.5888803343931794,-1.3040838712835736,-0.440913404757016,-0.3143854635226992,0.631055097288752,-0.0394361503362549,0.159377090092047,-0.0758855831504279,-0.2880022112779509,-0.0621499057667069,,,-0.2309171335493142,-1.1289865987141912,,,,,,,,,,,,,,,,,,,,,,,,,,,,0.0,0.0,1.0,0.0,0.0,1.0,HI_low_state,intermediate_low,increase,0,0.0,-0.9916037099661232,-0.2031662375031252,-1.1947699474692484,0.08840296161665465,-0.9032007483494686,-0.030931542491652628,-1.0225352524577758,HI_low_state,non_IBD_like,stable,0,HI_low_state,non_IBD_like,decrease,0,HI_low_state,non_IBD_like,stable,0,HI_low_state,non_IBD_like,stable,0
M2028,MSM5LLFG,MSM5LLGR,MSM6J2IG,0.0,6.0,17.0,6.0,11.0,-0.426497494471368,-0.2814870399693572,-0.3007775955041217,0.1450104545020107,0.1450104545020107,0.0241684090836684,-0.0192905555347644,HI_intermediate_state,stable,0,0,HI_intermediate_state,HI_intermediate_state,-0.2814870399693572,-0.0156345400490041,HI_intermediate_state,HI_intermediate_state,stable,increase,,,-0.5807591756753702,-0.2007838614430188,,,,,,,,,,,,,,,,,,,,,,,,,,,,,,0.0159880421020806,-0.3185314406764457,,,,,,,,,,,,,,,,,,,,,,,,,,,,,,0.5967472177774508,-0.1177475792334268,,,,,,,,,,,,,,,,,,,,,,,,,,,,0.0,1.0,0.0,0.0,1.0,0.0,HI_intermediate_state,intermediate_low,stable,0,0.0,-0.2814870399693572,0.2658524999203529,-0.015634540049004275,0.04986449155127601,-0.2316225484180812,0.06516267734871116,-0.21632436262064603,HI_intermediate_state,intermediate_low,stable,0,HI_intermediate_state,intermediate_high,increase,0,HI_intermediate_state,intermediate_high,stable,0,HI_intermediate_state,intermediate_high,stable,0
M2034,MSM5LLEH,MSM5LLF4,MSM6J2LL,0.0,7.0,17.0,7.0,10.0,0.5032909610738491,0.2486635833200695,-0.0820974447352117,-0.2546273777537796,0.2546273777537796,-0.0363753396791113,-0.3307610280552812,HI_intermediate_state,decrease,0,0,HI_high_state,HI_intermediate_state,0.2486635833200695,-0.1150898134710442,HI_intermediate_state,HI_intermediate_state,stable,decrease,,,0.0686468575788985,-0.5381063469450437,,,,,,,,,,,,,,,,,,,,,,,,,,,,,,0.1905376057617938,-0.0114540396396474,2.6807143211663766,-2.2158886221788623,0.0081569189502335,-2.231503501555008,-1.7069166538648437,4.437512416168455,3.529964693699261,-0.3857814146418369,-0.1053193561388915,-0.9559551377603543,0.9596238272439253,-4.359394881492301,4.645536073608966,1.2005771805999383,-0.1114388637189843,-0.2534942581964147,0.1308017151265089,0.2969564179063866,0.3375317932884068,0.2557975350670351,-0.1615569222988034,-0.5626060453893478,-0.1037004396497548,-0.5036485765889719,-0.1659820709865475,-0.4695581081655254,,,,0.1218907481828952,0.5266523073053963,,,,,,,,,,,,,,,,,,,,,,,,,,,,1.0,0.0,0.0,0.0,1.0,0.0,HI_intermediate_state,intermediate_high,decrease,0,0.0,0.2486635833200695,-0.36375339679111374,-0.11508981347104424,0.12118143647831298,0.36984501979838247,-0.007284037543769099,0.24137954577630039,HI_intermediate_state,intermediate_high,stable,0,HI_intermediate_state,intermediate_high,decrease,0,HI_intermediate_state,high_moderate,stable,0,HI_intermediate_state,intermediate_high,stable,0
M2039,MSM6J2H9,MSM6J2QP,MSM79HAH,0.0,20.0,48.0,20.0,28.0,1.1279882772178529,-0.8770031356336809,-0.8331959787504079,-2.004991412851534,2.004991412851534,-0.1002495706425767,0.043807156883273,HI_low_state,stable,0,0,HI_high_state,HI_low_state,-0.8770031356336809,-3.683991113625829,HI_low_state,HI_low_state,stable,decrease,,,0.7323233066057188,-0.1314768963043099,,,,,,,,,,,,,,,,,,,,,,,,,,,,,,-1.1556277840875384,-2.9783107870951,0.2856812372431805,0.4175812415583219,-0.6625686385704338,1.1891487890508243,0.4659800895478913,-0.2332310330109613,-0.0012533675736818,1.2388771670855168,-0.1032378535597188,0.4106558220708282,-0.2192204520919773,-0.2366137400675612,-0.1626158052504018,-0.320276700365149,-0.17487661248462,-1.9528761035822253,-0.1887494584278461,-1.8886055292849069,-0.907580500568322,-0.440913404757016,-0.6952483597035373,-0.7196568301240367,-0.0394361503362549,0.1142358250806897,-0.0758855831504279,-0.2880022112779509,-0.0621499057667069,,,-1.887951090693257,-2.8468338907907897,,,,,,,,,,,,,,,,,,,,,,,,,,,,1.0,0.0,0.0,0.0,0.0,1.0,HI_low_state,intermediate_low,stable,0,0.0,-0.8770031356336809,-2.8069879779921476,-3.6839911136258285,0.46375807908147965,-0.4132450565522013,0.7201000651918473,-0.1569030704418336,HI_low_state,intermediate_low,stable,0,HI_low_state,non_IBD_like,decrease,0,HI_intermediate_state,intermediate_low,increase,0,HI_intermediate_state,intermediate_high,increase,0
M2047,MSM6J2PO,MSM79H7Q,MSM79H7Y,0.0,28.0,33.0,28.0,5.0,-1.83096234419121,-2.220221524919637,-1.9534001625824189,-0.3892591807284271,0.3892591807284271,-0.0139021135974438,0.2668213623372182,HI_low_state,increase,0,0,HI_low_state,HI_low_state,-2.220221524919637,-2.2897320929068563,HI_low_state,HI_low_state,stable,stable,,,-1.0190827643824365,-0.0941683062690278,-0.6245721835431056,0.3609857577035438,-0.2050080575180682,0.0339485021132634,0.1490275816229732,0.3187335652610465,-0.715053536939606,-0.4696800140544034,-0.1550626969039416,-0.9993608378703874,-0.3391913935469496,0.969381780909519,-0.1394383564475406,0.369935634348167,,,,,,,,,,,,,,,,-1.7674027514641746,0.7870533863095068,-0.6584656039518024,-0.8537580302516334,-0.3456907725305508,-0.9368414887949512,-0.4880730077434027,-0.3565667943826766,-1.1160402787164043,-2.277874093625078,-0.1550626969039416,-2.392508624150221,-0.3391913935469496,-0.3663492286089592,-0.64421799795107,-0.40143361645691,0.0581015913661778,-0.4117860520607549,-0.2057571286511379,-0.5683008128254491,-0.5183421380523577,-0.5519521646587408,-0.5369135236494523,-0.2442789382549886,-0.1042905334781047,0.0128692633796082,-0.1767156243979841,-0.3487795736994175,-0.1125162066174347,,,-0.7483199870817381,0.8812216925785347,-0.0338934204086968,-1.2147437879551772,-0.1406827150124826,-0.9707899909082146,-0.6371005893663759,-0.675300359643723,-0.4009867417767982,-1.8081940795706748,0.0,-1.3931477862798336,0.0,-1.3357310095184782,-0.5047796415035295,-0.771369250805077,,,,,,,,,,,,,,0.0,0.0,1.0,0.0,0.0,1.0,HI_low_state,non_IBD_like,increase,0,0.0,-2.220221524919637,-0.06951056798721912,-2.2897320929068563,0.07575771046717533,-2.144463814452462,0.4091122141433241,-1.811109310776313,HI_low_state,non_IBD_like,stable,0,HI_low_state,non_IBD_like,stable,0,HI_low_state,non_IBD_like,stable,0,HI_low_state,non_IBD_like,increase,0
M2047,MSM79H7Q,MSM79H7Y,MSM9VZNL,28.0,33.0,39.0,5.0,6.0,-2.220221524919637,-1.9534001625824189,-2.2294014071011605,0.2668213623372182,0.2668213623372182,0.0533642724674436,-0.2760012445187416,HI_low_state,decrease,0,0,HI_low_state,HI_low_state,-1.9534001625824189,-1.633214527777757,HI_low_state,HI_low_state,stable,increase,,,-1.7674027514641746,0.7870533863095068,-0.6584656039518024,-0.8537580302516334,-0.3456907725305508,-0.9368414887949512,-0.4880730077434027,-0.3565667943826766,-1.1160402787164043,-2.277874093625078,-0.1550626969039416,-2.392508624150221,-0.3391913935469496,-0.3663492286089592,-0.64421799795107,-0.40143361645691,0.0581015913661778,-0.4117860520607549,-0.2057571286511379,-0.5683008128254491,-0.5183421380523577,-0.5519521646587408,-0.5369135236494523,-0.2442789382549886,-0.1042905334781047,0.0128692633796082,-0.1767156243979841,-0.3487795736994175,-0.1125162066174347,,,-1.0086629308116524,0.3057934805273342,-0.22300563377854,-0.3570214195938896,-0.357135693783811,-0.7279671456644191,-0.3699652710836201,-0.3118746632724973,-0.8624721986409162,-1.826015952723069,-0.1550626969039416,-1.7232782953522658,-0.3391913935469496,-0.3218731469448204,-0.4743060755455259,-0.3864924487900082,-0.3913182921685967,-0.5553905804159673,-0.2057571286511379,-0.8401967493202198,-0.4951852612226434,-0.2765323373702683,-0.6508242643506259,-0.7169774478279837,-0.1042905334781047,-0.4186673434964415,-0.1767156243979841,-0.3487795736994175,-0.1125162066174347,,,0.7587398206525222,-0.4812599057821726,0.4354599701732624,0.4967366106577438,-0.0114449212532601,0.2088743431305321,0.1181077366597825,0.0446921311101792,0.2535680800754881,0.451858140902009,0.0,0.6692303287979553,0.0,0.0444760816641388,0.1699119224055441,0.0149411676669017,-0.4494198835347745,-0.1436045283552124,0.0,-0.2718959364947707,0.0231568768297143,0.2754198272884725,-0.1139107407011735,-0.4726985095729951,0.0,-0.4315366068760497,0.0,0.0,0.0,0.0,0.0,1.0,0.0,0.0,1.0,HI_low_state,non_IBD_like,decrease,0,0.0,-1.9534001625824189,0.3201856348046619,-1.633214527777757,-0.012218289269370089,-1.965618451851789,-0.20222704497398952,-2.1556272075564085,HI_low_state,non_IBD_like,stable,0,HI_low_state,non_IBD_like,increase,0,HI_low_state,non_IBD_like,stable,0,HI_low_state,non_IBD_like,decrease,0
M2060,MSM79H52,MSM9VZF7,MSM9VZPV,2.0,27.0,40.0,25.0,13.0,-0.8054318758475787,-0.5442427662829292,-0.6173486620070614,0.2611891095646494,0.2611891095646494,0.0104475643825859,-0.0731058957241321,HI_low_state,stable,0,0,HI_low_state,HI_low_state,-0.5442427662829292,-0.4084244293093115,HI_low_state,HI_intermediate_state,stable,stable,,,-1.0753445087645097,0.8951479910243785,,,,,,,,,,,,,,,,,,,,,,,,,,,,,,-0.0636306107374318,-2.3795840383082205,-0.3789179128375541,-1.3430195630614667,-0.1917679948071786,-0.1536202735217507,0.1100856271320613,-0.8227622074414737,0.0442352795886418,-4.828581707060979,-0.1032378535597188,-2.1933657612621418,-0.2192204520919773,-0.2225210917097055,0.3157673985590747,-0.2408443145058837,,,,,,,,,,,,,,,,1.011713898027078,-3.2747320293325988,,,,,,,,,,,,,,,,,,,,,,,,,,,,0.0,0.0,1.0,0.0,0.0,1.0,HI_low_state,intermediate_low,stable,0,0.0,-0.5442427662829292,0.1358183369736177,-0.40842442930931155,-0.20450985113787706,-0.7487526174208063,0.03220682432278055,-0.5120359419601487,HI_low_state,intermediate_low,stable,0,HI_intermediate_state,intermediate_low,stable,0,HI_low_state,intermediate_low,decrease,0,HI_low_state,intermediate_low,stable,0
M2061,MSM6J2NA,MSM9VZGO,MSM9VZLJ,0.0,30.0,38.0,30.0,8.0,-1.567006097527316,-1.1121141214213242,-1.5638788191376116,0.4548919761059917,0.4548919761059917,0.0151630658701997,-0.4517646977162874,HI_low_state,decrease,0,0,HI_low_state,HI_low_state,-1.1121141214213242,-0.9908095944597264,HI_low_state,HI_low_state,stable,stable,,,-0.7351855616450087,0.3188905085476795,,,,,,,,,,,,,,,,,,,,,,,,,,,,,,-0.9236911477548858,-0.0926709150875547,-0.5109552707780134,0.8123796035067532,0.0782639914860074,0.3573453941417842,4.184153596913707,-0.233820827815547,-0.7502480817254162,-0.535566608403632,-0.1053193561388915,-0.556876885467161,-0.1248501335341858,-0.1772485135569577,-1.0058128752282989,-7.39808526868971,-0.5532077239179238,-0.8816605746682259,-0.2896154840223111,-0.913934862017606,-1.246323716467852,-0.2149892463756742,-0.1751530244435488,-0.4852005473578126,-0.1037004396497548,-0.4773203289045695,-0.1659820709865475,-0.3358172950787538,-0.0934222248010143,,,-0.1885055861098771,-0.4115614236352342,,,,,,,,,,,,,,,,,,,,,,,,,,,,0.0,0.0,1.0,0.0,0.0,1.0,HI_low_state,non_IBD_like,decrease,0,0.0,-1.1121141214213242,0.12130452696159778,-0.9908095944597264,-0.005115303233589757,-1.117229424654914,0.08036376938708607,-1.0317503520342381,HI_low_state,non_IBD_like,stable,0,HI_low_state,non_IBD_like,stable,0,HI_low_state,non_IBD_like,stable,0,HI_low_state,non_IBD_like,stable,0
M2068,MSM79HDQ,MSM9VZEK,MSM9VZES,8.0,15.0,23.0,7.0,8.0,1.159263648353665,0.3532331802206572,0.8930339518634534,-0.8060304681330077,0.8060304681330077,-0.1151472097332868,0.5398007716427962,HI_high_state,increase,1,1,HI_high_state,HI_intermediate_state,0.3532331802206572,-0.5679444976456374,HI_intermediate_state,HI_low_state,stable,decrease,,,0.1847178365539281,0.7045432667564494,0.1004865806097473,-0.1674929926226617,0.1114008960985897,-1.0495778297409997,-1.5402511762525668,-0.2577934780207175,0.4683860453142352,-0.128253205834237,-0.1337842318310246,-0.6484778527167502,-0.3190278844053378,-0.1900210541644701,0.4951383939521294,-0.2866690907633435,-0.2411588583041719,-0.3884443734350449,-0.2492407286865311,-0.9925932927232162,-0.5886407909627333,-0.4348696889629908,-0.4183122790862084,-1.4433722888376987,-0.0943446893454414,-0.7081030611138492,-0.1709475558700418,-0.3492325760890894,-0.0894069183106759,,,-1.0630571135219735,0.3925358035341058,0.0418622184298693,0.090282731378279,0.2658389130900078,0.0571301071716042,0.5644077285643181,-0.2991798834996654,-0.0112162912005841,-0.6234403240847443,-0.1337842318310246,0.7130618876118807,-0.3190278844053378,-0.2532901630827473,0.3559713081297671,-0.3623140544135926,-0.064379269214784,-0.0013570236005795,-0.2492407286865311,-0.3907298592539829,-0.060476585608427,-0.3569875660697046,0.0657657606256322,-0.4474287115016468,-0.0943446893454414,-0.5362012858883356,-0.1709475558700418,-0.3492325760890894,-0.0894069183106759,,,-1.2477749500759017,-0.3120074632223436,-0.058624362179878,0.2577757240009407,0.154438016991418,1.1067079369126038,2.104658904816885,-0.0413864054789478,-0.4796023365148193,-0.4951871182505072,0.0,1.361539740328631,0.0,-0.0632691089182772,-0.1391670858223623,-0.075644963650249,0.1767795890893879,0.3870873498344654,0.0,0.6018634334692332,0.5281642053543063,0.0778821228932861,0.4840780397118406,0.995943577336052,0.0,0.1719017752255136,0.0,0.0,0.0,1.0,0.0,0.0,0.0,1.0,0.0,HI_high_state,high_extreme,increase,1,0.0,0.3532331802206572,-0.9211776778662946,-0.5679444976456374,0.2869744353741295,0.6402076155947867,0.18995291558843302,0.5431860958090902,HI_intermediate_state,high_moderate,stable,0,HI_low_state,intermediate_low,decrease,0,HI_high_state,high_moderate,increase,1,HI_high_state,high_moderate,increase,1
M2068,MSM9VZEK,MSM9VZES,MSMA26AL,15.0,23.0,39.0,8.0,16.0,0.3532331802206572,0.8930339518634534,-0.7439744697738736,0.5398007716427962,0.5398007716427962,0.0674750964553495,-1.637008421637327,HI_low_state,decrease,0,0,HI_intermediate_state,HI_high_state,0.8930339518634534,1.9726354951490457,HI_high_state,HI_high_state,stable,increase,,,-1.0630571135219735,0.3925358035341058,0.0418622184298693,0.090282731378279,0.2658389130900078,0.0571301071716042,0.5644077285643181,-0.2991798834996654,-0.0112162912005841,-0.6234403240847443,-0.1337842318310246,0.7130618876118807,-0.3190278844053378,-0.2532901630827473,0.3559713081297671,-0.3623140544135926,-0.064379269214784,-0.0013570236005795,-0.2492407286865311,-0.3907298592539829,-0.060476585608427,-0.3569875660697046,0.0657657606256322,-0.4474287115016468,-0.0943446893454414,-0.5362012858883356,-0.1709475558700418,-0.3492325760890894,-0.0894069183106759,,,0.2161672890471207,0.2053455742052694,0.7248452237640735,0.7913815993338505,-0.1657169267827503,0.6744374362886748,0.2460511541353393,-0.1533987122028937,-0.0349475235347003,-0.1731647975620225,-0.1337842318310246,1.2061522907720796,-0.3190278844053378,-0.1943563860847349,0.4399294764331536,-0.2337424559245266,-0.0068218794425632,0.3243344372293545,-0.2492407286865311,-0.3707398775474628,0.0552982648099899,-0.2300450886319676,-0.3028368897158466,-0.8336697202265988,-0.0943446893454414,-0.0675188190263057,-0.1709475558700418,-0.3492325760890894,-0.0894069183106759,,,1.2792244025690942,-0.1871902293288364,0.6829830053342042,0.7010988679555715,-0.4315558398727581,0.6173073291170706,-0.3183565744289788,0.1457811712967717,-0.0237312323341161,0.4502755265227217,0.0,0.4930904031601989,0.0,0.0589337769980124,0.0839581683033865,0.128571598489066,0.0575573897722208,0.325691460829934,0.0,0.0199899817065201,0.1157748504184169,0.126942477437737,-0.3686026503414788,-0.386241008724952,0.0,0.4686824668620299,0.0,0.0,0.0,0.0,1.0,0.0,1.0,0.0,0.0,HI_low_state,intermediate_low,decrease,0,0.0,0.8930339518634534,1.0796015432855923,1.9726354951490457,-0.2311329100771659,0.6619010417862874,-0.2376669791108587,0.6553669727525946,HI_high_state,high_extreme,stable,1,HI_high_state,high_extreme,increase,1,HI_high_state,high_moderate,decrease,1,HI_high_state,high_moderate,decrease,1
M2069,MSM79HDE,MSM9VZEW,MSM9VZOU,8.0,16.0,28.0,8.0,12.0,1.6411836529295067,1.372543992311445,1.2438006699848134,-0.2686396606180616,0.2686396606180616,-0.0335799575772577,-0.1287433223266316,HI_high_state,stable,1,1,HI_high_state,HI_high_state,1.372543992311445,0.9695845013843526,HI_high_state,HI_high_state,stable,decrease,,,1.1193826144767456,-0.5247261047795418,0.1273542605570857,0.9581324374836808,0.8929377345943565,0.8067159302454155,-0.5269178063089694,0.0488039825598234,0.2355575459471614,-0.4131283024258153,-0.1053193561388915,1.2726514728399578,-0.1870157683239904,0.0522002527978107,-1.0433211223483227,-3.82901877401265,-0.3378684178240191,0.0963707764861975,-0.2896154840223111,-0.6164535110452515,-0.4658539139917105,-0.8462578582630216,-1.3020536809547991,-0.4993525562877477,-0.1037004396497548,0.3268828610889109,-0.1659820709865475,-0.3358172950787538,-0.0934222248010143,,,1.2684672323846404,-2.7255074170803955,0.0187318037776302,0.2970721948526599,0.7439908723047362,-0.2891300980147546,-0.1968517652061943,-0.2783147107226217,0.1018065793080331,0.3623129660112401,-0.1053193561388915,0.2496010345349417,-0.2666327593968617,-0.1354853690097792,-0.4486019209628646,-1.3855921703800091,0.4402268231343983,-0.449009135223898,-0.2896154840223111,-0.3788158261933656,-0.0380103758732167,-0.3830051894223386,-0.6811609231322138,-0.5591227853099437,-0.1037004396497548,-0.3276128824567539,-0.1659820709865475,-0.2793849617984909,-0.0934222248010143,,,0.1490846179078948,-2.2007813123008537,-0.1086224567794555,-0.6610602426310209,-0.1489468622896204,-1.09584602826017,0.3300660411027751,-0.3271186932824451,-0.1337509666391283,0.7754412684370553,0.0,-1.023050438305016,-0.0796169910728713,-0.1876856218075899,0.5947192013854581,2.443426603632641,0.7780952409584174,-0.5453799117100955,0.0,0.2376376848518858,0.4278435381184938,0.463252668840683,0.6208927578225854,-0.059770229022196,0.0,-0.6544957435456649,0.0,0.0564323332802628,0.0,1.0,0.0,0.0,1.0,0.0,0.0,HI_high_state,high_extreme,stable,1,0.0,1.372543992311445,-0.4029594909270924,0.9695845013843527,-0.06570198740299121,1.306842004908454,0.09826839670518246,1.4708123890166276,HI_high_state,high_extreme,stable,1,HI_high_state,high_extreme,decrease,1,HI_high_state,high_extreme,stable,1,HI_high_state,high_extreme,stable,1
M2072,MSM79H85,MSM9VZOI,MSM9VZHR,15.0,25.0,43.0,10.0,18.0,-0.2203689339828436,-0.522871454785484,-0.6323894008399816,-0.3025025208026404,0.3025025208026404,-0.030250252080264,-0.1095179460544976,HI_low_state,stable,0,0,HI_intermediate_state,HI_low_state,-0.522871454785484,-1.0673759922302368,HI_low_state,HI_low_state,stable,decrease,,,0.2252835905344205,-1.1288380874037034,-0.1416847231074798,-0.3063914981234434,-0.2243317844948533,-0.0614208591093009,-0.3196573779665437,-0.244951237812623,3.16467834653224,-0.9460847406765412,-0.1550626969039416,-0.6411184874266537,-0.2962535098428592,-0.0387973039288796,-0.7649652234195847,-0.2052527625743203,,,,,,,,,,,,,,,,-0.3564596975269933,-0.4123575768212318,-0.1355858596491875,-0.332103790118936,-0.3941162272502077,0.1282972686134921,-0.6126129453800555,0.1852685036292135,0.3399334609607581,0.3527987667275745,-0.1550626969039416,-0.7322379948333855,0.1048983753559256,0.1098541116245173,-0.0540829753212076,0.158332899942443,,,,,,,,,,,,,,,,-0.5817432880614138,0.7164805105824716,0.0060988634582922,-0.0257122919954925,-0.1697844427553543,0.189718127722793,-0.2929555674135118,0.4302197414418365,-2.824744885571482,1.2988835074041156,0.0,-0.0911195074067318,0.4011518851987848,0.1486514155533969,0.7108822480983771,0.3635856625167633,,,,,,,,,,,,,,0.0,1.0,0.0,0.0,0.0,1.0,HI_low_state,intermediate_low,stable,0,0.0,-0.522871454785484,-0.5445045374447527,-1.0673759922302368,0.08956314477747934,-0.4333083100080047,-0.0214892300797989,-0.5443606848652829,HI_low_state,intermediate_low,stable,0,HI_low_state,non_IBD_like,decrease,0,HI_intermediate_state,intermediate_low,stable,0,HI_low_state,intermediate_low,stable,0
M2075,MSM79H8D,MSM79H8J,MSM9VZJZ,0.0,5.0,14.0,5.0,9.0,-0.7807901155758764,-0.897021704959752,-1.3407044722923664,-0.1162315893838755,0.1162315893838755,-0.0232463178767751,-0.4436827673326144,HI_low_state,decrease,0,0,HI_low_state,HI_low_state,-0.897021704959752,-1.106238565850728,HI_low_state,HI_low_state,stable,decrease,,,-0.8617947410574848,0.6256032357408384,0.0675097110877399,0.4239693920170758,-1.3524096480669272,0.2790897340835716,-0.1918361331738923,-0.2160851842740906,0.1847431370313186,-0.1533206185285915,-0.1053193561388915,-0.306715307278695,-0.297790739153404,-0.1832677860953122,-0.052154944222159,-0.2648968214180467,-0.4983358815098692,0.6264936113250339,-0.0652619301311111,-1.6477479574741511,-3.4064227664394693,-0.3227886664591383,0.58736647316841,0.243737665058776,-0.1037004396497548,0.4578118419034083,-0.1659820709865475,-0.2672364208112035,-0.0934222248010143,,,-0.4172427563028341,0.4053312348172483,,,,,,,,,,,,,,,,,,,,,,,,,,,,,,0.4445519847546507,-0.2202720009235901,,,,,,,,,,,,,,,,,,,,,,,,,,,,0.0,0.0,1.0,0.0,0.0,1.0,HI_low_state,non_IBD_like,decrease,0,0.0,-0.897021704959752,-0.2092168608909759,-1.1062385658507279,0.06937340347629999,-0.827648301483452,0.0055084326887469524,-0.8915132722710051,HI_low_state,non_IBD_like,stable,0,HI_low_state,non_IBD_like,decrease,0,HI_low_state,intermediate_low,stable,0,HI_low_state,intermediate_low,stable,0
M2075,MSM79H8J,MSM9VZJZ,MSM9VZH1,5.0,14.0,28.0,9.0,14.0,-0.897021704959752,-1.3407044722923664,-0.5712350108308494,-0.4436827673326144,0.4436827673326144,-0.0492980852591793,0.7694694614615171,HI_low_state,increase,0,0,HI_low_state,HI_low_state,-1.3407044722923664,-2.030877665920878,HI_low_state,HI_low_state,stable,decrease,,,-0.4172427563028341,0.4053312348172483,,,,,,,,,,,,,,,,,,,,,,,,,,,,,,-0.5393104758925354,0.5644099856174875,-0.1428640122303443,-0.4365400094771372,-0.2062689208608946,0.1473523542878298,-0.2165120100829909,-0.3305786990748715,0.6582110695980286,0.049125373111066,-0.1053193561388915,-0.3882876499228569,-0.297790739153404,-0.2436006812667359,0.0396766862119218,-0.4700781119328892,-0.1579758445794699,0.0358932144864085,-0.2393965080488587,0.3724642130215226,-0.925255194556106,-0.3429239096782458,-0.5477075406447519,-0.4092792215154067,-0.1037004396497548,-0.32032714459475,-0.1659820709865475,-0.3358172950787538,-0.0934222248010143,,,-0.1220677195897013,0.1590787508002391,,,,,,,,,,,,,,,,,,,,,,,,,,,,0.0,0.0,1.0,0.0,0.0,1.0,HI_low_state,intermediate_low,increase,0,0.0,-1.3407044722923664,-0.6901731936285113,-2.030877665920878,0.1455101510630813,-1.1951943212292853,0.017783762113381275,-1.3229207101789853,HI_low_state,non_IBD_like,stable,0,HI_low_state,non_IBD_like,decrease,0,HI_low_state,non_IBD_like,stable,0,HI_low_state,non_IBD_like,stable,0
M2075,MSM9VZJZ,MSM9VZH1,MSMAPC7J,14.0,28.0,37.0,14.0,9.0,-1.3407044722923664,-0.5712350108308494,-0.7119126324565465,0.7694694614615171,0.7694694614615171,0.0549621043901083,-0.140677621625697,HI_low_state,stable,0,0,HI_low_state,HI_low_state,-0.5712350108308494,-0.0765760713198741,HI_low_state,HI_intermediate_state,stable,increase,,,-0.5393104758925354,0.5644099856174875,-0.1428640122303443,-0.4365400094771372,-0.2062689208608946,0.1473523542878298,-0.2165120100829909,-0.3305786990748715,0.6582110695980286,0.049125373111066,-0.1053193561388915,-0.3882876499228569,-0.297790739153404,-0.2436006812667359,0.0396766862119218,-0.4700781119328892,-0.1579758445794699,0.0358932144864085,-0.2393965080488587,0.3724642130215226,-0.925255194556106,-0.3429239096782458,-0.5477075406447519,-0.4092792215154067,-0.1037004396497548,-0.32032714459475,-0.1659820709865475,-0.3358172950787538,-0.0934222248010143,,,0.0038886965201713,0.6779506835164432,,,,,,,,,,,,,,,,,,,,,,,,,,,,,,0.5431991724127068,0.1135406978989557,,,,,,,,,,,,,,,,,,,,,,,,,,,,0.0,0.0,1.0,0.0,0.0,1.0,HI_low_state,intermediate_low,stable,0,0.0,-0.5712350108308494,0.4946589395109752,-0.07657607131987415,-0.19598450142236418,-0.7672195122532135,-0.1332228411268943,-0.7044578519577437,HI_low_state,intermediate_low,stable,0,HI_intermediate_state,intermediate_high,increase,0,HI_low_state,intermediate_low,decrease,0,HI_low_state,intermediate_low,stable,0
M2079,MSM9VZFJ,MSM9VZFR,MSM9VZKE,0.0,8.0,17.0,8.0,9.0,-0.9832509922422776,-0.4249958936237093,-0.9602104278475468,0.5582550986185684,0.5582550986185684,0.069781887327321,-0.5352145342238375,HI_low_state,decrease,0,0,HI_low_state,HI_intermediate_state,-0.4249958936237093,0.2030410923221801,HI_intermediate_state,HI_intermediate_state,stable,increase,,,-0.8059540727571715,0.1931206433759799,,,,,,,,,,,,,,,,,,,,,,,,,,,,,,-0.5843678445474354,-2.599768946725246,-0.1411251558804135,-0.5197009436725375,-0.3562231753126272,-1.0125007725967212,-0.3554482834719014,-0.3050159939498543,0.0521154406756539,-0.6870795403677767,-0.1337842318310246,-1.5316483894320707,-0.3078283814512351,-0.2398603018380056,0.0105934454725733,-0.3643230217904705,-0.3809310842001165,-0.2723446072499922,-0.2492407286865311,-0.3012255680459639,-0.3210061981003564,-0.4111805305712353,-0.0619810140403159,-0.4178023375271664,-0.0943446893454414,-0.5721453615003071,-0.1709475558700418,-0.3492325760890894,-0.0894069183106759,,,0.221586228209736,-2.792889590101226,,,,,,,,,,,,,,,,,,,,,,,,,,,,0.0,0.0,1.0,0.0,1.0,0.0,HI_low_state,non_IBD_like,decrease,0,0.0,-0.4249958936237093,0.6280369859458894,0.2030410923221801,-0.05844847980730615,-0.4834443734310155,0.09041783306747474,-0.33457806055623457,HI_intermediate_state,intermediate_low,stable,0,HI_intermediate_state,intermediate_high,increase,0,HI_low_state,intermediate_low,stable,0,HI_intermediate_state,intermediate_low,stable,0
M2079,MSM9VZFR,MSM9VZKE,MSMA26BR,8.0,17.0,32.0,9.0,15.0,-0.4249958936237093,-0.9602104278475468,-1.2284047170696213,-0.5352145342238375,0.5352145342238375,-0.0594682815804263,-0.2681942892220744,HI_low_state,decrease,0,0,HI_intermediate_state,HI_low_state,-0.9602104278475468,-1.8522346515539423,HI_low_state,HI_low_state,stable,decrease,,,-0.5843678445474354,-2.599768946725246,-0.1411251558804135,-0.5197009436725375,-0.3562231753126272,-1.0125007725967212,-0.3554482834719014,-0.3050159939498543,0.0521154406756539,-0.6870795403677767,-0.1337842318310246,-1.5316483894320707,-0.3078283814512351,-0.2398603018380056,0.0105934454725733,-0.3643230217904705,-0.3809310842001165,-0.2723446072499922,-0.2492407286865311,-0.3012255680459639,-0.3210061981003564,-0.4111805305712353,-0.0619810140403159,-0.4178023375271664,-0.0943446893454414,-0.5721453615003071,-0.1709475558700418,-0.3492325760890894,-0.0894069183106759,,,-1.0004186213292487,0.2695776496722782,-0.2438012415078664,-0.3162092393688602,-0.2236724505673635,-0.998670459454836,-0.4052771393711472,-0.2445559070956704,0.0837116355080611,-0.3737589368549153,-0.1337842318310246,-1.0506303190966988,-0.3190278844053378,-0.2431775516625057,0.4766628676243339,-0.3507956077622482,-0.5320482381374285,-0.4039367781378257,-0.2492407286865311,-0.8313693580154754,-0.2135184188823823,-0.4111805305712353,-0.0107844936535509,-0.7123149124546594,-0.0943446893454414,-0.7733278768622671,-0.1709475558700418,0.0385920543270788,-0.0894069183106759,,,-0.4160507767818133,2.869346596397524,-0.1026760856274529,0.2034917043036773,0.1325507247452637,0.0138303131418852,-0.0498288558992457,0.0604600868541838,0.0315961948324072,0.3133206035128614,0.0,0.4810180703353719,-0.0111995029541027,-0.0033172498245001,0.4660694221517606,0.0135274140282222,-0.151117153937312,-0.1315921708878334,0.0,-0.5301437899695115,0.1074877792179741,0.0,0.051196520386765,-0.294512574927493,0.0,-0.2011825153619599,0.0,0.3878246304161682,0.0,0.0,1.0,0.0,0.0,0.0,1.0,HI_low_state,non_IBD_like,decrease,0,0.0,-0.9602104278475468,-0.8920242237063958,-1.8522346515539425,0.1346740085262787,-0.8255364193212682,0.11834576655572904,-0.8418646612918178,HI_low_state,non_IBD_like,stable,0,HI_low_state,non_IBD_like,decrease,0,HI_low_state,intermediate_low,stable,0,HI_low_state,intermediate_low,stable,0
M2084,MSM9VZMM,MSM9VZMU,MSM9VZL9,0.0,8.0,14.0,8.0,6.0,-0.8049361689157679,-0.999968559286546,-0.9285543382722355,-0.1950323903707781,0.1950323903707781,-0.0243790487963472,0.0714142210143105,HI_low_state,stable,0,0,HI_low_state,HI_low_state,-0.999968559286546,-1.1462428520646295,HI_low_state,HI_low_state,stable,stable,,,-0.6248374459034803,0.1074503841967918,-0.0804588000294193,-0.2007178489459687,-0.308307212623797,0.0793892612789323,-0.4542927447443318,-0.3316298634285112,-0.12611486892585,-0.5891573298404214,-0.1131951731182238,0.127112332617948,-0.335142170174171,-0.2720077026363815,-0.6631660735286996,-0.4519588978837467,-0.2697673650818626,0.0811656206063908,-0.2352252460414743,-0.9201720329420536,0.0986255383142404,-0.4449040086613473,-0.2635401478513172,-1.168619257243259,-0.099387998111419,-0.0579332665969112,-0.11759739693702,-0.3078094444889777,-0.1072913428785755,,,-1.0824128902979138,0.1524382237647715,-1.0428901277236096,-1.0071182432388028,-0.2165213586003256,-0.8547246820664426,-0.4670481032019141,-0.2158105323960467,0.2780054269323698,-1.46681223259843,-0.1131951731182238,-1.18564775846406,-0.335142170174171,-0.0819736712792986,-2.9022614345943847,-0.4253780414805831,-1.084691322804821,-1.1995645600643134,-0.2352252460414743,-0.9780483586571644,-0.8134782859379968,-0.4651995677903194,-1.7825058849360749,-1.977924742014096,-0.099387998111419,-0.8976330374543082,-0.11759739693702,-0.3078094444889777,-0.1072913428785755,,,-0.4575754443944334,0.0449878395679797,-0.9624313276941904,-0.8064003942928342,0.0917858540234714,-0.9341139433453748,-0.0127553584575823,0.1158193310324645,0.4041202958582198,-0.8776549027580087,0.0,-1.312760091082008,0.0,0.1900340313570829,-2.239095361065685,0.0265808564031636,-0.8149239577229583,-1.2807301806707043,0.0,-0.0578763257151108,-0.9121038242522372,-0.020295559128972,-1.5189657370847578,-0.809305484770837,0.0,-0.839699770857397,0.0,0.0,0.0,0.0,0.0,1.0,0.0,0.0,1.0,HI_low_state,non_IBD_like,stable,0,0.0,-0.999968559286546,-0.14627429277808357,-1.1462428520646295,0.09024490777538235,-0.9097236515111637,0.25391635488129943,-0.7460522044052467,HI_low_state,non_IBD_like,stable,0,HI_low_state,non_IBD_like,stable,0,HI_low_state,non_IBD_like,stable,0,HI_low_state,intermediate_low,increase,0
M2084,MSM9VZMU,MSM9VZL9,MSMA26BB,8.0,14.0,25.0,6.0,11.0,-0.999968559286546,-0.9285543382722355,-1.2451067629457693,0.0714142210143105,0.0714142210143105,0.0119023701690517,-0.3165524246735337,HI_low_state,decrease,0,0,HI_low_state,HI_low_state,-0.9285543382722355,-0.7976282664126664,HI_low_state,HI_low_state,stable,stable,,,-1.0824128902979138,0.1524382237647715,-1.0428901277236096,-1.0071182432388028,-0.2165213586003256,-0.8547246820664426,-0.4670481032019141,-0.2158105323960467,0.2780054269323698,-1.46681223259843,-0.1131951731182238,-1.18564775846406,-0.335142170174171,-0.0819736712792986,-2.9022614345943847,-0.4253780414805831,-1.084691322804821,-1.1995645600643134,-0.2352252460414743,-0.9780483586571644,-0.8134782859379968,-0.4651995677903194,-1.7825058849360749,-1.977924742014096,-0.099387998111419,-0.8976330374543082,-0.11759739693702,-0.3078094444889777,-0.1072913428785755,,,-0.7583250170438888,0.1685344608106403,-0.8648298397073495,-1.0281791038804593,-0.3834085551619174,-0.9651192457368362,-0.6155540869536852,-0.3448603880024697,-0.8897622153207589,-1.008043253880133,-0.1131951731182238,-1.277217825428253,-0.3258168398915902,-0.2670754813109541,-0.4296857188398879,-0.4000776326368074,-0.9150204075165526,-0.6016014768641262,-0.2352252460414743,-0.8886783579368305,-0.4267801282250669,-0.3793726680792051,-0.5851201491836344,-0.7748054489037979,-0.099387998111419,-0.5540185873370111,-0.11759739693702,-0.0692072314814881,-0.1072913428785755,,,0.324087873254025,0.0160962370458687,0.17806028801626,-0.0210608606416564,-0.1668871965615918,-0.1103945636703935,-0.1485059837517711,-0.129049855606423,-1.167767642253129,0.4587689787182971,0.0,-0.091570066964193,0.0093253302825807,-0.1851018100316555,2.472575715754497,0.0253004088437757,0.1696709152882684,0.5979630832001872,0.0,0.0893700007203339,0.3866981577129298,0.0858268997111142,1.1973857357524404,1.203119293110298,0.0,0.3436144501172971,0.0,0.2386022130074895,0.0,0.0,0.0,1.0,0.0,0.0,1.0,HI_low_state,non_IBD_like,decrease,0,0.0,-0.9285543382722355,0.13092607185956923,-0.7976282664126664,-0.010928996027012191,-0.9394833342992477,0.07732989310448472,-0.8512244451677509,HI_low_state,non_IBD_like,stable,0,HI_low_state,intermediate_low,stable,0,HI_low_state,non_IBD_like,stable,0,HI_low_state,intermediate_low,stable,0
M2085,MSM9VZM4,MSM9VZPL,MSMA26CX,0.0,7.0,26.0,7.0,19.0,-1.0239068823935522,0.1967956044095269,-1.643039887880264,1.2207024868030791,1.2207024868030791,0.174386069543297,-1.8398354922897908,HI_low_state,decrease,0,0,HI_low_state,HI_intermediate_state,0.1967956044095269,3.5101309257321702,HI_intermediate_state,HI_high_state,stable,increase,,,-0.6250162149997193,-1.4578311185002422,,,,,,,,,,,,,,,,,,,,,,,,,,,,,,-0.776128026486998,0.0195898984250684,-0.2922226864803101,-0.2904266363712787,-0.1141570313190646,0.0683494582465223,-0.4619119543530025,-0.2582018304664865,-0.3610854064301618,-0.1483674533401738,-0.1550626969039416,-0.4363693422052373,-0.3391913935469496,-0.3261647191566184,-0.7450143261649194,-0.7178530849951127,-0.2130988056872889,-0.2052528365213186,-0.2057571286511379,-0.437696008042496,-0.7127378212422885,-0.2335422607094669,-0.5182895956436162,-0.1292314089770533,-0.1042905334781047,-0.1673866511803641,-0.1767156243979841,-0.3487795736994175,-0.1125162066174347,,,-0.1511118114872787,1.4774210169253106,,,,,,,,,,,,,,,,,,,,,,,,,,,,0.0,0.0,1.0,0.0,1.0,0.0,HI_low_state,non_IBD_like,decrease,0,0.0,0.1967956044095269,3.3133353213226435,3.5101309257321702,-0.13402027206142825,0.06277533234809865,-0.06242700672765046,0.13436859768187642,HI_intermediate_state,intermediate_high,stable,0,HI_high_state,high_extreme,increase,1,HI_intermediate_state,intermediate_high,stable,0,HI_intermediate_state,intermediate_high,stable,0
M2085,MSM9VZPL,MSMA26CX,MSMAPC6G,7.0,26.0,36.0,19.0,10.0,0.1967956044095269,-1.643039887880264,-1.721185184289179,-1.8398354922897908,1.8398354922897908,-0.0968334469626205,-0.0781452964089151,HI_low_state,stable,0,0,HI_intermediate_state,HI_low_state,-1.643039887880264,-2.6113743575064694,HI_low_state,HI_low_state,stable,decrease,,,-0.776128026486998,0.0195898984250684,-0.2922226864803101,-0.2904266363712787,-0.1141570313190646,0.0683494582465223,-0.4619119543530025,-0.2582018304664865,-0.3610854064301618,-0.1483674533401738,-0.1550626969039416,-0.4363693422052373,-0.3391913935469496,-0.3261647191566184,-0.7450143261649194,-0.7178530849951127,-0.2130988056872889,-0.2052528365213186,-0.2057571286511379,-0.437696008042496,-0.7127378212422885,-0.2335422607094669,-0.5182895956436162,-0.1292314089770533,-0.1042905334781047,-0.1673866511803641,-0.1767156243979841,-0.3487795736994175,-0.1125162066174347,,,-0.4510642648112341,1.562357280607832,-0.0811040413086456,0.0224021311053663,-0.3314815170830574,0.6393382864656891,-0.0549631250212236,-0.2988040952804242,-0.8162935775132324,0.0758932886932629,-0.1550626969039416,-0.342563441222617,-0.3391913935469496,-0.3350057692834394,-0.1961309310436189,-0.9529516205632136,,,,,,,,,,,,,,,,0.3250637616757639,1.5427673821827637,0.2111186451716644,0.312828767476645,-0.2173244857639928,0.5709888282191669,0.4069488293317789,-0.0406022648139376,-0.4552081710830706,0.2242607420334366,0.0,0.0938059009826203,0.0,-0.008841050126821,0.5488833951213005,-0.2350985355681009,,,,,,,,,,,,,,0.0,1.0,0.0,0.0,0.0,1.0,HI_low_state,non_IBD_like,stable,0,0.0,-1.643039887880264,-0.9683344696262057,-2.6113743575064694,0.4740511953001554,-1.1689886925801085,0.14422914600365058,-1.4988107418766132,HI_low_state,non_IBD_like,stable,0,HI_low_state,non_IBD_like,decrease,0,HI_low_state,non_IBD_like,increase,0,HI_low_state,non_IBD_like,stable,0
M2085,MSMA26CX,MSMAPC6G,MSMB4LXY,26.0,36.0,40.0,10.0,4.0,-1.643039887880264,-1.721185184289179,-0.6581835999681585,-0.0781452964089151,0.0781452964089151,-0.0078145296408915,1.0630015843210203,HI_low_state,increase,0,0,HI_low_state,HI_low_state,-1.721185184289179,-1.752443302852745,HI_low_state,HI_low_state,stable,stable,,,-0.4510642648112341,1.562357280607832,-0.0811040413086456,0.0224021311053663,-0.3314815170830574,0.6393382864656891,-0.0549631250212236,-0.2988040952804242,-0.8162935775132324,0.0758932886932629,-0.1550626969039416,-0.342563441222617,-0.3391913935469496,-0.3350057692834394,-0.1961309310436189,-0.9529516205632136,,,,,,,,,,,,,,,,-1.658184643385851,0.7700744679947743,-0.3701605638012575,-0.1274274451735771,-0.2328290257047899,-0.2636330380391541,-0.3653650093510515,-0.2550779090487749,-0.9191109294264168,-0.1221143307536765,-0.1550626969039416,-0.4449856077945696,-0.3091319108380619,-0.3225179162753329,0.2746963475203657,-1.2890961440213469,-1.303694603651169,-0.6419676496477078,-0.2057571286511379,-0.4486569288512902,-0.8638515008808637,-0.16931393500063,-0.7145211554332778,-0.6287590961081947,-0.1042905334781047,-0.923970456393198,-0.1767156243979841,-0.3487795736994175,-0.1125162066174347,,,-1.2071203785746167,-0.7922828126130578,-0.2890565224926119,-0.1498295762789434,0.0986524913782675,-0.9029713245048432,-0.3104018843298279,0.0437261862316492,-0.1028173519131844,-0.1980076194469394,0.0,-0.1024221665719525,0.0300594827088876,0.0124878530081065,0.4708272785639846,-0.3361445234581333,,,,,,,,,,,,,,0.0,0.0,1.0,0.0,0.0,1.0,HI_low_state,intermediate_low,increase,0,0.0,-1.721185184289179,-0.03125811856356604,-1.752443302852745,0.08798999815760747,-1.6331951861315714,0.09592970935049545,-1.6252554749386836,HI_low_state,non_IBD_like,stable,0,HI_low_state,non_IBD_like,stable,0,HI_low_state,non_IBD_like,stable,0,HI_low_state,non_IBD_like,stable,0
P6005,PSM6XBQM,PSM6XBQY,PSM6XBSS,0.0,8.0,16.0,8.0,8.0,0.287118484290135,1.2489425559407712,0.8866543089968018,0.9618240716506362,0.9618240716506362,0.1202280089563295,-0.3622882469439694,HI_high_state,decrease,1,1,HI_intermediate_state,HI_high_state,1.2489425559407712,2.2107666275914077,HI_high_state,HI_high_state,stable,increase,,,1.0273265407988317,-0.227033374171247,,,,,,,,,,,,,,,,,,,,,,,,,,,,,,0.5992689852826347,-0.2885276252014755,1.995405153850781,1.671266508547719,-1.4578062233878974,3.070894799249849,0.4821270671137428,-0.969587108596586,0.9311814291861232,1.0008374217592044,-0.1337842318310246,-0.0612813130220913,-0.3190278844053378,1.222622867931199,1.60209488710772,1.0093032460786684,-0.1545567219385203,0.1916550787827816,-0.2492407286865311,0.3185933249918246,-0.5378401468075501,0.1456953951654676,-0.499386844860923,-1.909159326636971,-0.0943446893454414,-0.4841529239412094,-0.1709475558700418,-0.3492325760890894,-0.0894069183106759,,,-0.4280575555161969,-0.0614942510302285,,,,,,,,,,,,,,,,,,,,,,,,,,,,0.0,1.0,0.0,1.0,0.0,0.0,HI_high_state,high_extreme,decrease,1,0.0,1.2489425559407712,0.9618240716506362,2.2107666275914073,-0.3574236561175455,0.8915188998232257,-0.18969232015019563,1.0592502357905755,HI_high_state,high_extreme,stable,1,HI_high_state,high_extreme,increase,1,HI_high_state,high_extreme,decrease,1,HI_high_state,high_extreme,decrease,1
P6005,PSM6XBQY,PSM6XBSS,PSM7J136,8.0,16.0,41.0,8.0,25.0,1.2489425559407712,0.8866543089968018,0.9866805692877848,-0.3622882469439694,0.3622882469439694,-0.0452860308679961,0.100026260290983,HI_high_state,stable,1,1,HI_high_state,HI_high_state,0.8866543089968018,-0.2454964627031026,HI_high_state,HI_intermediate_state,stable,decrease,,,0.5992689852826347,-0.2885276252014755,1.995405153850781,1.671266508547719,-1.4578062233878974,3.070894799249849,0.4821270671137428,-0.969587108596586,0.9311814291861232,1.0008374217592044,-0.1337842318310246,-0.0612813130220913,-0.3190278844053378,1.222622867931199,1.60209488710772,1.0093032460786684,-0.1545567219385203,0.1916550787827816,-0.2492407286865311,0.3185933249918246,-0.5378401468075501,0.1456953951654676,-0.499386844860923,-1.909159326636971,-0.0943446893454414,-0.4841529239412094,-0.1709475558700418,-0.3492325760890894,-0.0894069183106759,,,0.5346591156242594,-0.3076742794432137,0.4038612739494314,5.470351350772528,-0.2213228267473347,3.683224391186191,1.146899094909974,-0.3300798557664541,0.1301880709139526,-0.2171680625339227,-0.1337842318310246,-0.2455828182471989,-0.3190278844053378,-0.2430992003383038,-0.2522895178794594,-0.4032960067814045,,,,,,,,,,,,,,,,-0.0646098696583753,-0.0191466542417381,-1.5915438799013495,3.7990848422248096,1.2364833966405628,0.6123295919363421,0.6647720277962312,0.639507252830132,-0.8009933582721707,-1.2180054842931272,0.0,-0.1843015052251076,0.0,-1.465722068269503,-1.8543844049871796,-1.4125992528600728,,,,,,,,,,,,,,1.0,0.0,0.0,1.0,0.0,0.0,HI_high_state,high_extreme,stable,1,0.0,0.8866543089968018,-1.1321507716999044,-0.24549646270310266,-0.019024051654278284,0.8676302573425234,0.09221468590773896,0.9788689949045407,HI_high_state,high_extreme,stable,1,HI_intermediate_state,intermediate_high,decrease,0,HI_high_state,high_moderate,stable,1,HI_high_state,high_extreme,stable,1
P6009,PSM6XBRK,PSM6XBS6,PSM7J1CK,0.0,5.0,25.0,5.0,20.0,-0.2745698212735754,0.0535885177479478,-0.1222907646078009,0.3281583390215232,0.3281583390215232,0.0656316678043046,-0.1758792823557487,HI_intermediate_state,decrease,0,0,HI_intermediate_state,HI_intermediate_state,0.0535885177479478,1.3662218738340406,HI_intermediate_state,HI_high_state,stable,increase,,,0.2543586166217885,0.3519127863273102,-0.4459058624563252,-0.7746444707436754,-0.7783814545672827,-0.6624768923106166,-0.3098291352147244,-0.2464287751599972,-0.490294325852447,-0.5889621181390455,-0.1550626969039416,-0.883693793222119,-0.3391913935469496,-0.3588599769159084,0.1385506542749248,-0.1741632418235048,-0.3491223801245783,-0.1788242164226596,-0.2057571286511379,-0.369832500397465,-1.233346979383375,-0.4176478976210485,-0.2810331933304166,0.2039749933505372,-0.1042905334781047,-0.2892535029140906,-0.1767156243979841,-0.3487795736994175,-0.1125162066174347,,,-0.1827658305217328,-0.0551052992675009,,,,,,,,,,,,,,,,,,,,,,,,,,,,,,-0.4371244471435213,-0.4070180855948111,,,,,,,,,,,,,,,,,,,,,,,,,,,,0.0,1.0,0.0,0.0,1.0,0.0,HI_intermediate_state,intermediate_high,decrease,0,0.0,0.0535885177479478,1.3126333560860928,1.3662218738340406,-0.13256175822438845,-0.07897324047644065,-0.029750799980470723,0.02383771776747708,HI_intermediate_state,intermediate_high,stable,0,HI_high_state,high_extreme,increase,1,HI_intermediate_state,intermediate_high,stable,0,HI_intermediate_state,intermediate_high,stable,0
P6009,PSM6XBS6,PSM7J1CK,PSM7J1CU,5.0,25.0,36.0,20.0,11.0,0.0535885177479478,-0.1222907646078009,0.1532903013578258,-0.1758792823557487,0.1758792823557487,-0.0087939641177874,0.2755810659656267,HI_intermediate_state,increase,0,0,HI_intermediate_state,HI_intermediate_state,-0.1222907646078009,-0.2190243699034627,HI_intermediate_state,HI_intermediate_state,stable,stable,,,-0.1827658305217328,-0.0551052992675009,,,,,,,,,,,,,,,,,,,,,,,,,,,,,,-0.4949242338290635,0.4262217524381859,,,,,,,,,,,,,,,,,,,,,,,,,,,,,,-0.3121584033073307,0.4813270517056868,,,,,,,,,,,,,,,,,,,,,,,,,,,,0.0,1.0,0.0,0.0,1.0,0.0,HI_intermediate_state,intermediate_high,increase,0,0.0,-0.1222907646078009,-0.09673360529566179,-0.2190243699034627,-0.03454635581396524,-0.15683712042176615,0.05213169851747605,-0.07015906609032485,HI_intermediate_state,intermediate_high,stable,0,HI_intermediate_state,intermediate_high,stable,0,HI_intermediate_state,intermediate_high,stable,0,HI_intermediate_state,intermediate_high,stable,0
P6009,PSM7J1CK,PSM7J1CU,PSM7J141,25.0,36.0,44.0,11.0,8.0,-0.1222907646078009,0.1532903013578258,0.0370591277337023,0.2755810659656267,0.2755810659656267,0.0250528241786933,-0.1162311736241235,HI_intermediate_state,stable,0,0,HI_intermediate_state,HI_intermediate_state,0.1532903013578258,0.3537128947873724,HI_intermediate_state,HI_intermediate_state,stable,increase,,,-0.4949242338290635,0.4262217524381859,,,,,,,,,,,,,,,,,,,,,,,,,,,,,,0.6665202390007169,0.7193282519105297,-0.5302470706379172,-0.0376991664036753,0.9340935260829492,-0.2106799581294706,-0.6891286565847025,0.2052795659891864,0.6118774586463251,0.2243138880904919,-0.1550626969039416,0.1151440724337825,-0.3126438906931283,-0.2058552934410065,0.3250071613723639,-0.0892319425979691,-0.0694164034823816,-0.2266937832817029,0.6211008058770191,0.3070121508044221,-0.0856978456446251,-0.5723997168907567,0.9974279783202448,-0.888076724395168,-0.1042905334781047,0.5108591917160864,-0.1767156243979841,0.5128620685912965,-0.1125162066174347,,,1.1614444728297804,0.2931064994723438,,,,,,,,,,,,,,,,,,,,,,,,,,,,0.0,1.0,0.0,0.0,1.0,0.0,HI_intermediate_state,intermediate_high,stable,0,0.0,0.1532903013578258,0.20042259342954669,0.35371289478737244,-0.07203300913629132,0.08125729222153447,-0.042347902675595135,0.11094239868223066,HI_intermediate_state,intermediate_high,stable,0,HI_intermediate_state,high_moderate,increase,0,HI_intermediate_state,intermediate_high,stable,0,HI_intermediate_state,intermediate_high,stable,0
P6010,PSM6XBSI,PSM6XBSK,PSM6XBUO,2.0,9.0,25.0,7.0,16.0,1.3746971436774684,0.2428033403502075,1.5365005770070232,-1.131893803327261,1.131893803327261,-0.1616991147610373,1.2936972366568158,HI_high_state,increase,1,1,HI_high_state,HI_intermediate_state,0.2428033403502075,-2.344382495826389,HI_intermediate_state,HI_low_state,stable,decrease,,,0.4329458335070488,0.7047778114420925,0.4500933144461653,0.6695581966959128,1.519026271302163,1.063133210309533,-0.1178527765616271,-0.2406560559804776,-0.0676918440318017,1.531815081188309,-0.1032378535597188,0.8809981993240502,-0.1891825743567285,-0.2428760834974436,0.1771857352280492,-0.1942434218279702,-0.0729282442683214,0.944707322373588,-0.0306116177812022,-0.4512566859350617,-0.1598408912735116,-0.5863120549622268,-0.6475124384307887,-0.0665389545457188,-0.0394361503362549,-0.4529750494162644,-0.0758855831504279,-0.2880022112779509,-0.0621499057667069,,,-0.667461294414585,0.2343446757748389,-0.6173561333970138,-0.2151502445407636,-0.2044571563055632,-0.1238028150464476,-0.3502003229560541,-0.2282051607692264,-0.55131235114693,0.0739187014980389,-0.1032378535597188,-0.6746727740817434,-0.2192204520919773,-0.2358468318879329,-0.6570119316476144,-0.1824956483719944,,,,,,,,,,,,,,,,-1.100407127921634,-0.4704331356672536,-1.067449447843179,-0.8847084412366764,-1.7234834276077262,-1.1869360253559806,-0.2323475463944269,0.0124508952112512,-0.4836205071151283,-1.45789637969027,0.0,-1.5556709734057936,-0.0300378777352487,0.0070292516095107,-0.8341976668756637,0.0117477734559758,,,,,,,,,,,,,,1.0,0.0,0.0,0.0,1.0,0.0,HI_high_state,high_extreme,increase,1,0.0,0.2428033403502075,-2.5871858361765967,-2.3443824958263892,0.4761480822299773,0.7189514225801847,0.3032087022625125,0.54601204261272,HI_intermediate_state,intermediate_high,stable,0,HI_low_state,non_IBD_like,decrease,0,HI_high_state,high_moderate,increase,1,HI_high_state,high_moderate,increase,1
P6010,PSM6XBSK,PSM6XBUO,PSM7J14L,9.0,25.0,40.0,16.0,15.0,0.2428033403502075,1.5365005770070232,2.1916890884592672,1.2936972366568158,1.2936972366568158,0.0808560772910509,0.655188511452244,HI_high_state,increase,1,1,HI_intermediate_state,HI_high_state,1.5365005770070232,2.749341736372788,HI_high_state,HI_high_state,stable,increase,,,-0.667461294414585,0.2343446757748389,-0.6173561333970138,-0.2151502445407636,-0.2044571563055632,-0.1238028150464476,-0.3502003229560541,-0.2282051607692264,-0.55131235114693,0.0739187014980389,-0.1032378535597188,-0.6746727740817434,-0.2192204520919773,-0.2358468318879329,-0.6570119316476144,-0.1824956483719944,,,,,,,,,,,,,,,,0.715389793484519,0.2963989809183083,0.2702616394251946,0.0508672121430702,0.1614308880374238,0.1841323425192201,-0.1753869829019091,-0.2112396999200563,-0.2539162903849865,0.053668754076693,-0.1032378535597188,-0.139386647515834,-0.2192204520919773,-0.2200231980121509,-0.2406450885771918,0.5060552338665502,,,,,,,,,,,,,,,,1.382851087899104,0.0620543051434694,0.8876177728222083,0.2660174566838338,0.365888044342987,0.3079351575656677,0.1748133400541449,0.01696546084917,0.2973960607619435,-0.0202499474213459,0.0,0.5352861265659095,0.0,0.015823633875782,0.4163668430704226,0.6885508822385445,,,,,,,,,,,,,,0.0,1.0,0.0,1.0,0.0,0.0,HI_high_state,high_extreme,increase,1,0.0,1.5365005770070232,1.2128411593657649,2.749341736372788,-0.3461659864034359,1.1903345906035874,-0.17911994234098708,1.3573806346660362,HI_high_state,high_extreme,stable,1,HI_high_state,high_extreme,increase,1,HI_high_state,high_extreme,decrease,1,HI_high_state,high_extreme,decrease,1
P6010,PSM6XBUO,PSM7J14L,PSM7J14T,25.0,40.0,47.0,15.0,7.0,1.5365005770070232,2.1916890884592672,-0.4386423426219734,0.655188511452244,0.655188511452244,0.0436792340968162,-2.6303314310812405,HI_intermediate_state,decrease,0,0,HI_high_state,HI_high_state,2.1916890884592672,2.497443727136981,HI_high_state,HI_high_state,stable,increase,,,0.715389793484519,0.2963989809183083,0.2702616394251946,0.0508672121430702,0.1614308880374238,0.1841323425192201,-0.1753869829019091,-0.2112396999200563,-0.2539162903849865,0.053668754076693,-0.1032378535597188,-0.139386647515834,-0.2192204520919773,-0.2200231980121509,-0.2406450885771918,0.5060552338665502,,,,,,,,,,,,,,,,1.0214500176666863,-2.489076128295966,0.857394614277044,3.010571468771185,0.3417318413408705,1.7377888716374337,12.083314256043858,11.379986609393564,2.573836665063744,0.2415673938359808,-0.1032378535597188,4.7617286914466925,1.0689862305512117,12.97932241542909,0.1345537354880903,3.590377636977076,0.3371172210539312,0.1749600671504348,-0.4621720814168045,1.129807870021941,1.4743633961050415,4.803999370519107,0.918187217338247,1.3295538679707932,-0.0394361503362549,2.048214493028373,5.762590627525853,9.3664202872886,-0.0621499057667069,,,0.3060602241821673,-2.7854751092142744,0.5871329748518495,2.959704256628115,0.1803009533034466,1.5536565291182136,12.258701238945768,11.59122630931362,2.8277529554487306,0.1878986397592878,0.0,4.901115338962526,1.288206682643189,13.19934561344124,0.3751988240652821,3.084322403110526,,,,,,,,,,,,,,1.0,0.0,0.0,1.0,0.0,0.0,HI_intermediate_state,intermediate_low,decrease,0,0.0,2.1916890884592672,0.30575463867771385,2.497443727136981,-0.2534181118208158,1.9382709766384514,-0.41231057259670745,1.7793785158625597,HI_high_state,high_extreme,stable,1,HI_high_state,high_extreme,increase,1,HI_high_state,high_extreme,decrease,1,HI_high_state,high_extreme,decrease,1
P6016,PSM7J17L,PSM7J158,PSMA265N,16.0,26.0,38.0,10.0,12.0,1.5225848902804868,0.5137367177970952,0.431722679062159,-1.0088481724833915,1.0088481724833915,-0.1008848172483391,-0.0820140387349361,HI_high_state,stable,1,1,HI_high_state,HI_high_state,0.5137367177970952,-0.6968810891829748,HI_high_state,HI_low_state,stable,decrease,,,0.7863284847075189,0.98875817866979,0.0699367854660888,0.4485827298496655,2.067775870155942,0.1132898085541038,-0.5715973368650297,-0.2435827323655051,-0.5778358763128842,0.3964918187643136,2.891812343310648,1.023739502528034,-0.2192204520919773,-0.2014378168934584,-0.1190810733679819,0.0263962341394975,-0.4269762688430533,0.1237099914583477,-0.1821025100741947,-0.8446674570830942,-0.4147625882666331,-0.5465519028497977,-0.2520760729846665,-0.0214182862698897,-0.0394361503362549,-0.9902036771622656,-0.0758855831504279,0.0340648946936659,-0.0621499057667069,,,0.3435145316278832,0.571847933881112,-0.6467830455567327,-0.5449751740037728,0.6188575387991841,-0.292060641061611,-0.9395607400882224,-0.1922583353859622,-0.3666179163160115,-0.8814837059248076,-6.990664261018724,0.2834021011876544,-0.2192204520919773,-0.2144414393840468,-0.1579037034122457,-0.2847717109399327,,,,,,,,,,,,,,,,-0.4428139530796357,-0.416910244788678,-0.7167198310228216,-0.9935579038534385,-1.448918331356758,-0.4053504496157148,-0.3679634032231927,0.0513243969795428,0.2112179599968727,-1.2779755246891211,-9.882476604329373,-0.7403374013403796,0.0,-0.0130036224905883,-0.0388226300442637,-0.3111679450794302,,,,,,,,,,,,,,1.0,0.0,0.0,1.0,0.0,0.0,HI_intermediate_state,high_moderate,stable,0,0.0,0.5137367177970952,-1.21061780698007,-0.6968810891829748,0.23385065286585272,0.7475873706629479,-0.7036834609847095,-0.1899467431876143,HI_high_state,high_moderate,stable,1,HI_low_state,intermediate_low,decrease,0,HI_high_state,high_moderate,increase,1,HI_intermediate_state,intermediate_high,decrease,0
P6018,PSM7J17X,PSM7J15M,PSM7J15U,16.0,28.0,36.0,12.0,8.0,-0.1515177343940691,-0.4297390120897575,-0.8323053333017328,-0.2782212776956884,0.2782212776956884,-0.0231851064746407,-0.4025663212119753,HI_low_state,decrease,0,0,HI_intermediate_state,HI_intermediate_state,-0.4297390120897575,-0.6152198638868831,HI_intermediate_state,HI_low_state,stable,decrease,,,-0.4048536334539935,-0.4246375717505555,1.355607791160412,0.982898581280991,-0.9951260647173884,0.5215484854696285,0.348049590730209,2.583569098664966,2.443832455132969,1.774911454744017,-0.1550626969039416,0.9682135233691112,0.3445233551536088,0.9810347610322234,2.353910496491895,1.431524255522916,0.3036513353236642,-0.1867524938710956,1.7950509398538228,0.2363488061775702,-2.820357029292184,1.2885618919286936,-0.2152454328494746,-0.2457119473981451,-0.1042905334781047,0.5770577958950512,-0.1767156243979841,-0.3215462589601081,-0.1125162066174347,,,-0.3620192169069035,-0.2102171017886478,4.075422757193499,0.542063122203157,-0.242423754529874,0.4457809995402676,-0.0432582912942163,0.1978705989919597,1.081905964064238,0.7327875522254277,-0.1550626969039416,0.4578919623520996,0.224375816151524,0.0895581432462888,0.3394356958945606,0.7855637983213556,,,,,,,,,,,,,,,,0.04283441654709,0.2144204699619077,2.719814966033087,-0.4408354590778339,0.7527023101875144,-0.0757674859293608,-0.3913078820244253,-2.385698499673006,-1.3619264910687312,-1.042123902518589,0.0,-0.5103215610170115,-0.1201475390020848,-0.8914766177859346,-2.0144748005973345,-0.6459604572015604,,,,,,,,,,,,,,0.0,1.0,0.0,0.0,1.0,0.0,HI_low_state,intermediate_low,decrease,0,0.0,-0.4297390120897575,-0.1854808517971256,-0.6152198638868831,0.1313945325398956,-0.2983444795498619,-0.015318150201037158,-0.4450571622907947,HI_intermediate_state,intermediate_low,stable,0,HI_low_state,intermediate_low,decrease,0,HI_intermediate_state,intermediate_low,stable,0,HI_intermediate_state,intermediate_low,stable,0
P6024,PSM7J1BN,PSM7J12J,PSM7J12R,6.0,15.0,23.0,9.0,8.0,1.636573066799612,0.972831207355114,0.4786418723648837,-0.6637418594444979,0.6637418594444979,-0.0737490954938331,-0.4941893349902302,HI_high_state,decrease,1,1,HI_high_state,HI_high_state,0.972831207355114,0.3828384434044491,HI_high_state,HI_intermediate_state,stable,decrease,,,1.1940323540797335,-0.7261448744371588,,,,,,,,,,,,,,,,,,,,,,,,,,,,,,0.7387005954077298,0.0725448135275733,1.7270071800332394,5.982154838116398,0.1211158604867912,4.081152031650726,4.5656978435111055,0.2940850988693775,0.4890507662563758,1.1451372937656052,-0.1550626969039416,0.291755281841613,0.4074707379228064,0.9049919315194112,0.4499685967745306,0.4837285706076123,0.0253127391927488,1.1741672452935623,-0.2057571286511379,0.8480925720278728,0.8564452450075025,-0.1892161082442769,-0.0971159029354342,2.1837843270631274,-0.1042905334781047,-0.2892535029140906,-0.1767156243979841,-0.3487795736994175,-0.1125162066174347,,,-0.4553317586720037,0.798689687964732,,,,,,,,,,,,,,,,,,,,,,,,,,,,1.0,0.0,0.0,1.0,0.0,0.0,HI_high_state,high_moderate,decrease,1,0.0,0.972831207355114,-0.5899927639506648,0.38283844340444917,0.13266746834235948,1.1054986756974734,-0.15018274438303067,0.8226484629720833,HI_high_state,high_extreme,stable,1,HI_intermediate_state,high_moderate,decrease,0,HI_high_state,high_extreme,stable,1,HI_high_state,high_moderate,stable,1
P6024,PSM7J12J,PSM7J12R,PSMA263W,15.0,23.0,37.0,8.0,14.0,0.972831207355114,0.4786418723648837,0.5745236881210486,-0.4941893349902302,0.4941893349902302,-0.0617736668737787,0.0958818157561648,HI_high_state,stable,1,1,HI_high_state,HI_high_state,0.4786418723648837,-0.3861894638680193,HI_high_state,HI_intermediate_state,stable,decrease,,,0.7387005954077298,0.0725448135275733,1.7270071800332394,5.982154838116398,0.1211158604867912,4.081152031650726,4.5656978435111055,0.2940850988693775,0.4890507662563758,1.1451372937656052,-0.1550626969039416,0.291755281841613,0.4074707379228064,0.9049919315194112,0.4499685967745306,0.4837285706076123,0.0253127391927488,1.1741672452935623,-0.2057571286511379,0.8480925720278728,0.8564452450075025,-0.1892161082442769,-0.0971159029354342,2.1837843270631274,-0.1042905334781047,-0.2892535029140906,-0.1767156243979841,-0.3487795736994175,-0.1125162066174347,,,0.3866032593673065,-0.122114939412568,0.7309308522849666,2.1547917475130034,-0.2091286450965902,1.6222877423289486,2.3738198074194363,0.2243783456104125,0.0619634201714549,0.2380728737331809,-0.1550626969039416,0.7105430228782602,0.737889674003022,0.2543005520944387,0.1693044563102118,0.7392347255639146,0.2982026836580917,1.697904312709834,-0.2635528147130575,1.5476614606007602,1.1147268904417504,0.2396564678353292,-0.2086806179677367,1.784956404138987,-0.1042905334781047,-0.0955233191863025,-0.1767156243979841,2.131380642170392,,,,-0.3520973360404233,-0.1946597529401413,-0.9960763277482728,-3.827363090603394,-0.3302445055833814,-2.4588642893217774,-2.191878036091669,-0.069706753258965,-0.4270873460849209,-0.9070644200324244,0.0,0.4187877410366472,0.3304189360802155,-0.6506913794249725,-0.2806641404643188,0.2555061549563022,0.2728899444653429,0.5237370674162718,-0.0577956860619196,0.6995688885728873,0.2582816454342479,0.4288725760796061,-0.1115647150323025,-0.3988279229241405,0.0,0.193730183727788,0.0,2.4801602158698097,,1.0,0.0,0.0,1.0,0.0,0.0,HI_high_state,high_moderate,stable,1,0.0,0.4786418723648837,-0.8648313362329029,-0.38618946386801917,0.10083687753194885,0.5794787498968326,-0.0602777439240834,0.4183641284408003,HI_high_state,high_moderate,stable,1,HI_intermediate_state,intermediate_low,decrease,0,HI_high_state,high_moderate,stable,1,HI_intermediate_state,high_moderate,stable,0
P6035,PSMA264Q,PSMA267P,PSMB4MBK,4.0,23.0,34.0,19.0,11.0,0.3124399023343204,-0.3046954841803494,-0.1739012317062609,-0.6171353865146698,0.6171353865146698,-0.0324808098165615,0.1307942524740885,HI_intermediate_state,stable,0,0,HI_intermediate_state,HI_intermediate_state,-0.3046954841803494,-0.6619843921625267,HI_intermediate_state,HI_low_state,stable,decrease,,,0.6158213298537282,0.8258866432770812,0.3750075814862781,0.0544087033161239,-0.3129627544752324,0.4399431231125807,-0.3511438811713624,-0.3287829627619115,0.2330861040233702,-0.0998425959392854,-0.1131951731182238,0.8672069708073421,-0.335142170174171,-0.1775093300277469,-0.5854471906218229,-0.4128145149423746,,,,,,,,,,,,,,,,0.3531937595930698,0.2327332366153307,0.5143708731261203,0.2172408598613001,-0.3258682457697965,0.3044554068229267,-0.2953761311812966,-0.2772600311612264,0.8849189399199127,-0.0741046580503503,-0.1131951731182238,0.7210990195097291,-0.335142170174171,-0.2683199499161076,-0.58935579860098,-0.4402425444334878,-0.1688511291064946,-0.8804469195838239,-0.2352252460414743,-0.5508732804765302,-0.5728043519765388,-0.3956233888063633,0.1071245204837974,0.1397581411510929,-0.099387998111419,-0.0248550821652805,-0.11759739693702,-0.3078094444889777,-0.1072913428785755,,,-0.2626275702606583,-0.5931534066617504,0.1393632916398421,0.1628321565451762,-0.012905491294564,-0.135487716289654,0.0557677499900658,0.0515229316006851,0.6518328358965424,0.0257379378889351,0.0,-0.146107951297613,0.0,-0.0908106198883606,-0.003908607979157,-0.0274280294911132,,,,,,,,,,,,,,0.0,1.0,0.0,0.0,1.0,0.0,HI_intermediate_state,intermediate_high,stable,0,0.0,-0.3046954841803494,-0.3572889079821773,-0.6619843921625267,0.14622207933256748,-0.15847340484778194,0.11451420324413845,-0.19018128093621095,HI_intermediate_state,intermediate_low,stable,0,HI_low_state,intermediate_low,decrease,0,HI_intermediate_state,intermediate_high,stable,0,HI_intermediate_state,intermediate_high,stable,0
