outer_fold,sample_id,participant_id,diagnosis_label,disease_group_binary,inner_fold,cv_method
0,206454,M2008,CD,1,2,StratifiedGroupKFold
0,206458,M2021,CD,1,0,StratifiedGroupKFold
0,206459,M2008,CD,1,2,StratifiedGroupKFold
0,206460,M2014,CD,1,1,StratifiedGroupKFold
0,206462,M2026,UC,1,2,StratifiedGroupKFold
0,206465,M2027,CD,1,0,StratifiedGroupKFold
0,206466,M2014,CD,1,1,StratifiedGroupKFold
0,206467,M2008,CD,1,2,StratifiedGroupKFold
0,206468,M2021,CD,1,0,StratifiedGroupKFold
0,206469,M2034,CD,1,3,StratifiedGroupKFold
0,206471,M2039,nonIBD,0,0,StratifiedGroupKFold
0,206472,M2026,UC,1,2,StratifiedGroupKFold
0,206494,H4001,CD,1,1,StratifiedGroupKFold
0,206497,H4004,CD,1,2,StratifiedGroupKFold
0,206498,H4006,CD,1,1,StratifiedGroupKFold
0,206499,H4008,nonIBD,0,3,StratifiedGroupKFold
0,206501,H4007,CD,1,2,StratifiedGroupKFold
0,206502,H4001,CD,1,1,StratifiedGroupKFold
0,206503,H4009,nonIBD,0,2,StratifiedGroupKFold
0,206504,H4010,UC,1,3,StratifiedGroupKFold
0,206509,H4007,CD,1,2,StratifiedGroupKFold
0,206510,H4001,CD,1,1,StratifiedGroupKFold
0,206511,H4004,CD,1,2,StratifiedGroupKFold
0,206513,H4015,CD,1,2,StratifiedGroupKFold
0,206516,E5004,UC,1,2,StratifiedGroupKFold
0,206527,E5004,UC,1,2,StratifiedGroupKFold
0,206528,E5013,CD,1,2,StratifiedGroupKFold
0,206529,E5009,CD,1,1,StratifiedGroupKFold
0,206534,M2008,CD,1,2,StratifiedGroupKFold
0,206536,M2008,CD,1,2,StratifiedGroupKFold
0,206538,M2008,CD,1,2,StratifiedGroupKFold
0,206547,M2014,CD,1,1,StratifiedGroupKFold
0,206548,M2014,CD,1,1,StratifiedGroupKFold
0,206561,M2021,CD,1,0,StratifiedGroupKFold
0,206562,M2021,CD,1,0,StratifiedGroupKFold
0,206563,M2021,CD,1,0,StratifiedGroupKFold
0,206564,M2021,CD,1,0,StratifiedGroupKFold
0,206571,M2026,UC,1,2,StratifiedGroupKFold
0,206572,M2026,UC,1,2,StratifiedGroupKFold
0,206603,M2026,UC,1,2,StratifiedGroupKFold
0,206604,M2027,CD,1,0,StratifiedGroupKFold
0,206605,M2027,CD,1,0,StratifiedGroupKFold
0,206614,C3001,CD,1,3,StratifiedGroupKFold
0,206615,C3001,CD,1,3,StratifiedGroupKFold
0,206620,C3003,UC,1,3,StratifiedGroupKFold
0,206621,C3003,UC,1,3,StratifiedGroupKFold
0,206622,C3003,UC,1,3,StratifiedGroupKFold
0,206623,C3004,UC,1,1,StratifiedGroupKFold
0,206624,C3004,UC,1,1,StratifiedGroupKFold
0,206625,C3004,UC,1,1,StratifiedGroupKFold
0,206626,C3004,UC,1,1,StratifiedGroupKFold
0,206629,C3006,UC,1,2,StratifiedGroupKFold
0,206630,C3006,UC,1,2,StratifiedGroupKFold
0,206635,C3011,UC,1,1,StratifiedGroupKFold
0,206636,C3011,UC,1,1,StratifiedGroupKFold
0,206645,C3016,CD,1,2,StratifiedGroupKFold
0,206646,C3016,CD,1,2,StratifiedGroupKFold
0,206647,C3017,CD,1,2,StratifiedGroupKFold
0,206648,C3017,CD,1,2,StratifiedGroupKFold
0,206655,C3021,CD,1,0,StratifiedGroupKFold
0,206656,C3021,CD,1,0,StratifiedGroupKFold
0,206657,C3022,nonIBD,0,0,StratifiedGroupKFold
0,206658,C3022,nonIBD,0,0,StratifiedGroupKFold
0,206659,C3023,CD,1,2,StratifiedGroupKFold
0,206660,C3023,CD,1,2,StratifiedGroupKFold
0,206667,C3027,CD,1,3,StratifiedGroupKFold
0,206668,C3027,CD,1,3,StratifiedGroupKFold
0,206669,C3029,UC,1,2,StratifiedGroupKFold
0,206670,C3029,UC,1,2,StratifiedGroupKFold
0,206673,C3031,CD,1,2,StratifiedGroupKFold
0,206675,C3032,UC,1,0,StratifiedGroupKFold
0,206676,C3032,UC,1,0,StratifiedGroupKFold
0,206677,C3034,UC,1,3,StratifiedGroupKFold
0,206678,C3034,UC,1,3,StratifiedGroupKFold
0,206681,C3035,CD,1,1,StratifiedGroupKFold
0,206682,C3035,CD,1,1,StratifiedGroupKFold
0,206683,C3037,UC,1,0,StratifiedGroupKFold
0,206684,C3037,UC,1,0,StratifiedGroupKFold
0,206695,H4001,CD,1,1,StratifiedGroupKFold
0,206700,H4004,CD,1,2,StratifiedGroupKFold
0,206701,H4006,CD,1,1,StratifiedGroupKFold
0,206702,H4006,CD,1,1,StratifiedGroupKFold
0,206703,H4008,nonIBD,0,3,StratifiedGroupKFold
0,206704,H4008,nonIBD,0,3,StratifiedGroupKFold
0,206708,H4007,CD,1,2,StratifiedGroupKFold
0,206709,H4007,CD,1,2,StratifiedGroupKFold
0,206710,H4009,nonIBD,0,2,StratifiedGroupKFold
0,206711,H4009,nonIBD,0,2,StratifiedGroupKFold
0,206712,H4010,UC,1,3,StratifiedGroupKFold
0,206713,H4010,UC,1,3,StratifiedGroupKFold
0,206723,H4015,CD,1,2,StratifiedGroupKFold
0,206724,H4015,CD,1,2,StratifiedGroupKFold
0,206727,H4017,CD,1,0,StratifiedGroupKFold
0,206728,H4017,CD,1,0,StratifiedGroupKFold
0,206729,H4018,nonIBD,0,1,StratifiedGroupKFold
0,206730,H4018,nonIBD,0,1,StratifiedGroupKFold
0,206731,H4019,UC,1,2,StratifiedGroupKFold
0,206732,H4019,UC,1,2,StratifiedGroupKFold
0,206733,H4020,CD,1,0,StratifiedGroupKFold
0,206734,H4020,CD,1,0,StratifiedGroupKFold
0,206738,H4022,nonIBD,0,3,StratifiedGroupKFold
0,206739,H4022,nonIBD,0,3,StratifiedGroupKFold
0,206740,H4023,nonIBD,0,3,StratifiedGroupKFold
0,206741,H4023,nonIBD,0,3,StratifiedGroupKFold
0,206742,H4024,nonIBD,0,1,StratifiedGroupKFold
0,206743,H4024,nonIBD,0,1,StratifiedGroupKFold
0,206746,H4007,CD,1,2,StratifiedGroupKFold
0,206747,H4007,CD,1,2,StratifiedGroupKFold
0,206750,H4028,CD,1,1,StratifiedGroupKFold
0,206751,H4028,CD,1,1,StratifiedGroupKFold
0,206752,H4008,nonIBD,0,3,StratifiedGroupKFold
0,206753,H4008,nonIBD,0,3,StratifiedGroupKFold
0,206754,H4019,UC,1,2,StratifiedGroupKFold
0,206757,H4004,CD,1,2,StratifiedGroupKFold
0,206758,H4004,CD,1,2,StratifiedGroupKFold
0,206761,H4035,UC,1,0,StratifiedGroupKFold
0,206762,H4035,UC,1,0,StratifiedGroupKFold
0,206768,H4039,CD,1,3,StratifiedGroupKFold
0,206769,H4039,CD,1,3,StratifiedGroupKFold
0,214994,M2034,CD,1,3,StratifiedGroupKFold
0,214995,M2034,CD,1,3,StratifiedGroupKFold
0,215003,M2039,nonIBD,0,0,StratifiedGroupKFold
0,215004,M2039,nonIBD,0,0,StratifiedGroupKFold
0,215009,M2042,nonIBD,0,0,StratifiedGroupKFold
0,215010,M2042,nonIBD,0,0,StratifiedGroupKFold
0,215023,M2008,CD,1,2,StratifiedGroupKFold
0,215048,M2047,nonIBD,0,0,StratifiedGroupKFold
0,215049,M2047,nonIBD,0,0,StratifiedGroupKFold
0,215050,M2008,CD,1,2,StratifiedGroupKFold
0,215055,M2060,nonIBD,0,0,StratifiedGroupKFold
0,215056,M2060,nonIBD,0,0,StratifiedGroupKFold
0,215057,M2061,nonIBD,0,1,StratifiedGroupKFold
0,215058,M2061,nonIBD,0,1,StratifiedGroupKFold
0,215061,M2064,UC,1,3,StratifiedGroupKFold
0,215062,M2064,UC,1,3,StratifiedGroupKFold
0,215074,M2072,nonIBD,0,2,StratifiedGroupKFold
0,215077,M2072,nonIBD,0,2,StratifiedGroupKFold
0,215080,M2069,UC,1,1,StratifiedGroupKFold
0,219184,M2042,nonIBD,0,0,StratifiedGroupKFold
0,219185,M2014,CD,1,1,StratifiedGroupKFold
0,219188,M2008,CD,1,2,StratifiedGroupKFold
0,219189,M2027,CD,1,0,StratifiedGroupKFold
0,219190,M2034,CD,1,3,StratifiedGroupKFold
0,219192,M2026,UC,1,2,StratifiedGroupKFold
0,219197,M2027,CD,1,0,StratifiedGroupKFold
0,219198,M2034,CD,1,3,StratifiedGroupKFold
0,219199,M2008,CD,1,2,StratifiedGroupKFold
0,219200,M2014,CD,1,1,StratifiedGroupKFold
0,219202,M2047,nonIBD,0,0,StratifiedGroupKFold
0,219203,H4024,nonIBD,0,1,StratifiedGroupKFold
0,219205,H4007,CD,1,2,StratifiedGroupKFold
0,219206,H4001,CD,1,1,StratifiedGroupKFold
0,219207,H4008,nonIBD,0,3,StratifiedGroupKFold
0,219208,H4020,CD,1,0,StratifiedGroupKFold
0,219209,H4023,nonIBD,0,3,StratifiedGroupKFold
0,219210,H4006,CD,1,1,StratifiedGroupKFold
0,219211,H4004,CD,1,2,StratifiedGroupKFold
0,219212,H4022,nonIBD,0,3,StratifiedGroupKFold
0,219213,H4017,CD,1,0,StratifiedGroupKFold
0,219214,H4010,UC,1,3,StratifiedGroupKFold
0,219215,H4015,CD,1,2,StratifiedGroupKFold
0,219217,H4020,CD,1,0,StratifiedGroupKFold
0,219218,H4019,UC,1,2,StratifiedGroupKFold
0,219220,H4018,nonIBD,0,1,StratifiedGroupKFold
0,219221,H4006,CD,1,1,StratifiedGroupKFold
0,219222,H4017,CD,1,0,StratifiedGroupKFold
0,219637,P6009,CD,1,1,StratifiedGroupKFold
0,219638,P6009,CD,1,1,StratifiedGroupKFold
0,219651,P6014,nonIBD,0,2,StratifiedGroupKFold
0,219652,P6014,nonIBD,0,2,StratifiedGroupKFold
0,219653,P6016,CD,1,2,StratifiedGroupKFold
0,219654,P6016,CD,1,2,StratifiedGroupKFold
0,219655,P6017,nonIBD,0,0,StratifiedGroupKFold
0,219656,P6017,nonIBD,0,0,StratifiedGroupKFold
0,219657,P6018,nonIBD,0,1,StratifiedGroupKFold
0,219658,P6018,nonIBD,0,1,StratifiedGroupKFold
0,219659,P6016,CD,1,2,StratifiedGroupKFold
0,219668,P6024,CD,1,2,StratifiedGroupKFold
0,219669,P6025,UC,1,0,StratifiedGroupKFold
0,219670,P6025,UC,1,0,StratifiedGroupKFold
0,219675,P6028,CD,1,3,StratifiedGroupKFold
0,219676,P6028,CD,1,3,StratifiedGroupKFold
0,219691,P6033,CD,1,3,StratifiedGroupKFold
0,219692,P6033,CD,1,3,StratifiedGroupKFold
0,219693,P6016,CD,1,2,StratifiedGroupKFold
0,219710,P6009,CD,1,1,StratifiedGroupKFold
0,219711,P6010,CD,1,3,StratifiedGroupKFold
0,219718,P6014,nonIBD,0,2,StratifiedGroupKFold
0,219719,P6016,CD,1,2,StratifiedGroupKFold
0,219720,P6017,nonIBD,0,0,StratifiedGroupKFold
0,219721,P6018,nonIBD,0,1,StratifiedGroupKFold
0,219972,E5004,UC,1,2,StratifiedGroupKFold
0,220201,M2061,nonIBD,0,1,StratifiedGroupKFold
0,220205,M2039,nonIBD,0,0,StratifiedGroupKFold
0,220207,M2026,UC,1,2,StratifiedGroupKFold
0,220208,M2064,UC,1,3,StratifiedGroupKFold
0,220210,M2014,CD,1,1,StratifiedGroupKFold
0,220212,M2042,nonIBD,0,0,StratifiedGroupKFold
0,220215,M2027,CD,1,0,StratifiedGroupKFold
0,220216,M2072,nonIBD,0,2,StratifiedGroupKFold
0,220217,M2069,UC,1,1,StratifiedGroupKFold
0,220931,H4009,nonIBD,0,2,StratifiedGroupKFold
0,220932,H4017,CD,1,0,StratifiedGroupKFold
0,220935,H4015,CD,1,2,StratifiedGroupKFold
0,220936,H4027,UC,1,1,StratifiedGroupKFold
0,220937,H4028,CD,1,1,StratifiedGroupKFold
0,220938,H4001,CD,1,1,StratifiedGroupKFold
0,220940,H4004,CD,1,2,StratifiedGroupKFold
0,220941,H4010,UC,1,3,StratifiedGroupKFold
0,220943,H4006,CD,1,1,StratifiedGroupKFold
0,220944,H4018,nonIBD,0,1,StratifiedGroupKFold
0,220945,H4019,UC,1,2,StratifiedGroupKFold
0,220946,H4030,CD,1,3,StratifiedGroupKFold
0,220947,H4032,CD,1,3,StratifiedGroupKFold
0,220949,H4019,UC,1,2,StratifiedGroupKFold
0,221781,H4043,CD,1,3,StratifiedGroupKFold
0,222170,M2075,nonIBD,0,3,StratifiedGroupKFold
0,222171,M2075,nonIBD,0,3,StratifiedGroupKFold
0,222206,P6010,CD,1,3,StratifiedGroupKFold
0,222210,P6024,CD,1,2,StratifiedGroupKFold
0,222211,P6025,UC,1,0,StratifiedGroupKFold
0,222214,P6028,CD,1,3,StratifiedGroupKFold
0,222220,P6033,CD,1,3,StratifiedGroupKFold
0,222223,P6025,UC,1,0,StratifiedGroupKFold
0,222224,P6016,CD,1,2,StratifiedGroupKFold
0,222377,H4020,CD,1,0,StratifiedGroupKFold
0,222381,H4022,nonIBD,0,3,StratifiedGroupKFold
0,222384,H4028,CD,1,1,StratifiedGroupKFold
0,222386,H4010,UC,1,3,StratifiedGroupKFold
0,222388,H4030,CD,1,3,StratifiedGroupKFold
0,222389,H4039,CD,1,3,StratifiedGroupKFold
0,222392,H4019,UC,1,2,StratifiedGroupKFold
0,222393,H4035,UC,1,0,StratifiedGroupKFold
0,222395,H4020,CD,1,0,StratifiedGroupKFold
0,222396,H4009,nonIBD,0,2,StratifiedGroupKFold
0,222397,H4027,UC,1,1,StratifiedGroupKFold
0,222398,H4008,nonIBD,0,3,StratifiedGroupKFold
0,222399,H4023,nonIBD,0,3,StratifiedGroupKFold
0,222401,H4017,CD,1,0,StratifiedGroupKFold
0,222402,H4007,CD,1,2,StratifiedGroupKFold
0,222403,H4006,CD,1,1,StratifiedGroupKFold
0,222404,H4035,UC,1,0,StratifiedGroupKFold
0,222406,H4004,CD,1,2,StratifiedGroupKFold
0,222408,H4015,CD,1,2,StratifiedGroupKFold
0,223287,M2026,UC,1,2,StratifiedGroupKFold
0,223288,M2034,CD,1,3,StratifiedGroupKFold
0,223290,M2064,UC,1,3,StratifiedGroupKFold
0,223292,M2034,CD,1,3,StratifiedGroupKFold
0,223293,M2039,nonIBD,0,0,StratifiedGroupKFold
0,223294,M2075,nonIBD,0,3,StratifiedGroupKFold
0,223296,M2042,nonIBD,0,0,StratifiedGroupKFold
0,223298,M2064,UC,1,3,StratifiedGroupKFold
0,223302,M2084,nonIBD,0,0,StratifiedGroupKFold
0,223309,M2072,nonIBD,0,2,StratifiedGroupKFold
0,224255,H4035,UC,1,0,StratifiedGroupKFold
0,224259,H4039,CD,1,3,StratifiedGroupKFold
0,224262,H4032,CD,1,3,StratifiedGroupKFold
0,224263,H4043,CD,1,3,StratifiedGroupKFold
0,224265,H4030,CD,1,3,StratifiedGroupKFold
0,224268,H4042,UC,1,2,StratifiedGroupKFold
0,224270,H4027,UC,1,1,StratifiedGroupKFold
0,224271,H4043,CD,1,3,StratifiedGroupKFold
0,224273,H4045,nonIBD,0,0,StratifiedGroupKFold
0,224274,H4023,nonIBD,0,3,StratifiedGroupKFold
0,224275,H4039,CD,1,3,StratifiedGroupKFold
0,224276,H4024,nonIBD,0,1,StratifiedGroupKFold
0,224277,H4035,UC,1,0,StratifiedGroupKFold
0,224278,H4020,CD,1,0,StratifiedGroupKFold
0,224280,H4022,nonIBD,0,3,StratifiedGroupKFold
0,224282,H4043,CD,1,3,StratifiedGroupKFold
0,224283,H4017,CD,1,0,StratifiedGroupKFold
0,224284,H4032,CD,1,3,StratifiedGroupKFold
0,224286,H4019,UC,1,2,StratifiedGroupKFold
0,224287,H4042,UC,1,2,StratifiedGroupKFold
0,224289,H4018,nonIBD,0,1,StratifiedGroupKFold
0,224291,H4027,UC,1,1,StratifiedGroupKFold
0,224293,H4032,CD,1,3,StratifiedGroupKFold
0,224323,H4045,nonIBD,0,0,StratifiedGroupKFold
0,224324,H4045,nonIBD,0,0,StratifiedGroupKFold
0,224327,H4043,CD,1,3,StratifiedGroupKFold
0,224328,H4043,CD,1,3,StratifiedGroupKFold
0,224330,H4042,UC,1,2,StratifiedGroupKFold
0,224642,P6009,CD,1,1,StratifiedGroupKFold
0,224643,P6010,CD,1,3,StratifiedGroupKFold
0,224645,P6033,CD,1,3,StratifiedGroupKFold
0,224648,P6025,UC,1,0,StratifiedGroupKFold
0,224651,P6018,nonIBD,0,1,StratifiedGroupKFold
0,224652,P6028,CD,1,3,StratifiedGroupKFold
0,224654,P6033,CD,1,3,StratifiedGroupKFold
0,224844,M2084,nonIBD,0,0,StratifiedGroupKFold
0,224845,M2084,nonIBD,0,0,StratifiedGroupKFold
0,225306,H4043,CD,1,3,StratifiedGroupKFold
0,225341,H4042,UC,1,2,StratifiedGroupKFold
0,225343,H4039,CD,1,3,StratifiedGroupKFold
0,225345,H4042,UC,1,2,StratifiedGroupKFold
0,226382,M2064,UC,1,3,StratifiedGroupKFold
0,226385,M2060,nonIBD,0,0,StratifiedGroupKFold
0,226386,M2075,nonIBD,0,3,StratifiedGroupKFold
0,226387,M2084,nonIBD,0,0,StratifiedGroupKFold
0,226388,M2047,nonIBD,0,0,StratifiedGroupKFold
0,226395,M2069,UC,1,1,StratifiedGroupKFold
0,226396,M2061,nonIBD,0,1,StratifiedGroupKFold
0,226397,M2072,nonIBD,0,2,StratifiedGroupKFold
0,226398,M2064,UC,1,3,StratifiedGroupKFold
0,226408,M2084,nonIBD,0,0,StratifiedGroupKFold
0,226409,M2075,nonIBD,0,3,StratifiedGroupKFold
0,CSM5FZ1J,C3003,UC,1,3,StratifiedGroupKFold
0,CSM5FZ1K,C3003,UC,1,3,StratifiedGroupKFold
0,CSM5FZ1L,C3003,UC,1,3,StratifiedGroupKFold
0,CSM5FZ1M,C3004,UC,1,1,StratifiedGroupKFold
0,CSM5FZ1N,C3004,UC,1,1,StratifiedGroupKFold
0,CSM5FZ1O,C3004,UC,1,1,StratifiedGroupKFold
0,CSM5FZ1T,C3006,UC,1,2,StratifiedGroupKFold
0,CSM5FZ1U,C3006,UC,1,2,StratifiedGroupKFold
0,CSM5FZ1V,C3006,UC,1,2,StratifiedGroupKFold
0,CSM5FZ1W,C3006,UC,1,2,StratifiedGroupKFold
0,CSM5FZ22,C3008,CD,1,3,StratifiedGroupKFold
0,CSM5FZ23,C3008,CD,1,3,StratifiedGroupKFold
0,CSM5FZ24,C3008,CD,1,3,StratifiedGroupKFold
0,CSM5FZ27,C3010,CD,1,3,StratifiedGroupKFold
0,CSM5FZ28,C3010,CD,1,3,StratifiedGroupKFold
0,CSM5FZ29,C3010,CD,1,3,StratifiedGroupKFold
0,CSM5FZ2A,C3011,UC,1,1,StratifiedGroupKFold
0,CSM5FZ2B,C3011,UC,1,1,StratifiedGroupKFold
0,CSM5FZ2C,C3011,UC,1,1,StratifiedGroupKFold
0,CSM5FZ2D,C3012,CD,1,0,StratifiedGroupKFold
0,CSM5FZ2E,C3012,CD,1,0,StratifiedGroupKFold
0,CSM5FZ2F,C3012,CD,1,0,StratifiedGroupKFold
0,CSM5FZ2G,C3013,UC,1,3,StratifiedGroupKFold
0,CSM5FZ2H,C3013,UC,1,3,StratifiedGroupKFold
0,CSM5FZ2I,C3013,UC,1,3,StratifiedGroupKFold
0,CSM5FZ2O,C3016,CD,1,2,StratifiedGroupKFold
0,CSM5FZ2P,C3016,CD,1,2,StratifiedGroupKFold
0,CSM5FZ2Q,C3016,CD,1,2,StratifiedGroupKFold
0,CSM5FZ2R,C3017,CD,1,2,StratifiedGroupKFold
0,CSM5FZ2S,C3017,CD,1,2,StratifiedGroupKFold
0,CSM5FZ2T,C3017,CD,1,2,StratifiedGroupKFold
0,CSM5FZ34,C3021,CD,1,0,StratifiedGroupKFold
0,CSM5FZ35,C3021,CD,1,0,StratifiedGroupKFold
0,CSM5FZ36,C3021,CD,1,0,StratifiedGroupKFold
0,CSM5FZ37,C3021,CD,1,0,StratifiedGroupKFold
0,CSM5FZ38,C3022,nonIBD,0,0,StratifiedGroupKFold
0,CSM5FZ39,C3022,nonIBD,0,0,StratifiedGroupKFold
0,CSM5FZ3A,C3023,CD,1,2,StratifiedGroupKFold
0,CSM5FZ3B,C3023,CD,1,2,StratifiedGroupKFold
0,CSM5FZ3C,C3023,CD,1,2,StratifiedGroupKFold
0,CSM5FZ3N,C3001,CD,1,3,StratifiedGroupKFold
0,CSM5FZ3N_P,C3001,CD,1,3,StratifiedGroupKFold
0,CSM5FZ3R_P,C3001,CD,1,3,StratifiedGroupKFold
0,CSM5FZ3V_P,C3001,CD,1,3,StratifiedGroupKFold
0,CSM5FZ48,C3003,UC,1,3,StratifiedGroupKFold
0,CSM5FZ4A,C3004,UC,1,1,StratifiedGroupKFold
0,CSM5FZ4A_P,C3004,UC,1,1,StratifiedGroupKFold
0,CSM5FZ4C,C3001,CD,1,3,StratifiedGroupKFold
0,CSM5FZ4C_P,C3001,CD,1,3,StratifiedGroupKFold
0,CSM5FZ4E_P,C3003,UC,1,3,StratifiedGroupKFold
0,CSM5FZ4G_P,C3003,UC,1,3,StratifiedGroupKFold
0,CSM5FZ4K,C3003,UC,1,3,StratifiedGroupKFold
0,CSM5FZ4K_P,C3003,UC,1,3,StratifiedGroupKFold
0,CSM5FZ4M,C3003,UC,1,3,StratifiedGroupKFold
0,CSM5LLGB_P,M2014,CD,1,1,StratifiedGroupKFold
0,CSM5MCTZ,C3006,UC,1,2,StratifiedGroupKFold
0,CSM5MCTZ_P,C3006,UC,1,2,StratifiedGroupKFold
0,CSM5MCU4,C3008,CD,1,3,StratifiedGroupKFold
0,CSM5MCU4_P,C3008,CD,1,3,StratifiedGroupKFold
0,CSM5MCU8_P,C3004,UC,1,1,StratifiedGroupKFold
0,CSM5MCUA_P,C3004,UC,1,1,StratifiedGroupKFold
0,CSM5MCUC,C3004,UC,1,1,StratifiedGroupKFold
0,CSM5MCUC_P,C3004,UC,1,1,StratifiedGroupKFold
0,CSM5MCUE_P,C3004,UC,1,1,StratifiedGroupKFold
0,CSM5MCUG_P,C3006,UC,1,2,StratifiedGroupKFold
0,CSM5MCUK_P,C3006,UC,1,2,StratifiedGroupKFold
0,CSM5MCUM,C3006,UC,1,2,StratifiedGroupKFold
0,CSM5MCUO,C3006,UC,1,2,StratifiedGroupKFold
0,CSM5MCV1_P,C3007,CD,1,0,StratifiedGroupKFold
0,CSM5MCV5_P,C3007,CD,1,0,StratifiedGroupKFold
0,CSM5MCVB_P,C3007,CD,1,0,StratifiedGroupKFold
0,CSM5MCVD_P,C3001,CD,1,3,StratifiedGroupKFold
0,CSM5MCVF_P,C3001,CD,1,3,StratifiedGroupKFold
0,CSM5MCVH,C3009,CD,1,2,StratifiedGroupKFold
0,CSM5MCVV,C3001,CD,1,3,StratifiedGroupKFold
0,CSM5MCVV_P,C3001,CD,1,3,StratifiedGroupKFold
0,CSM5MCVZ_P,C3008,CD,1,3,StratifiedGroupKFold
0,CSM5MCW4,C3008,CD,1,3,StratifiedGroupKFold
0,CSM5MCW4_P,C3008,CD,1,3,StratifiedGroupKFold
0,CSM5MCW6,C3008,CD,1,3,StratifiedGroupKFold
0,CSM5MCWA_P,C3009,CD,1,2,StratifiedGroupKFold
0,CSM5MCWC,C3009,CD,1,2,StratifiedGroupKFold
0,CSM5MCWE,C3009,CD,1,2,StratifiedGroupKFold
0,CSM5MCWG,C3009,CD,1,2,StratifiedGroupKFold
0,CSM5MCWI_P,C3001,CD,1,3,StratifiedGroupKFold
0,CSM5MCWK,C3010,CD,1,3,StratifiedGroupKFold
0,CSM5MCWK_P,C3010,CD,1,3,StratifiedGroupKFold
0,CSM5MCWM_P,C3003,UC,1,3,StratifiedGroupKFold
0,CSM5MCWQ,C3003,UC,1,3,StratifiedGroupKFold
0,CSM5MCX3,C3006,UC,1,2,StratifiedGroupKFold
0,CSM5MCXB,C3011,UC,1,1,StratifiedGroupKFold
0,CSM5MCXB_P,C3011,UC,1,1,StratifiedGroupKFold
0,CSM5MCXD,C3001,CD,1,3,StratifiedGroupKFold
0,CSM5MCXF,C3012,CD,1,0,StratifiedGroupKFold
0,CSM5MCXF_P,C3012,CD,1,0,StratifiedGroupKFold
0,CSM5MCXH,C3004,UC,1,1,StratifiedGroupKFold
0,CSM5MCXJ,C3004,UC,1,1,StratifiedGroupKFold
0,CSM5MCXL,C3004,UC,1,1,StratifiedGroupKFold
0,CSM5MCXN,C3004,UC,1,1,StratifiedGroupKFold
0,CSM5MCXP,C3004,UC,1,1,StratifiedGroupKFold
0,CSM5MCXR,C3004,UC,1,1,StratifiedGroupKFold
0,CSM5MCXT,C3010,CD,1,3,StratifiedGroupKFold
0,CSM5MCXV,C3010,CD,1,3,StratifiedGroupKFold
0,CSM5MCXX_P,C3010,CD,1,3,StratifiedGroupKFold
0,CSM5MCXZ,C3010,CD,1,3,StratifiedGroupKFold
0,CSM5MCXZ_P,C3010,CD,1,3,StratifiedGroupKFold
0,CSM5MCY2,C3010,CD,1,3,StratifiedGroupKFold
0,CSM5MCYI_P,C3011,UC,1,1,StratifiedGroupKFold
0,CSM5MCYK,C3003,UC,1,3,StratifiedGroupKFold
0,CSM5MCYM_P,C3011,UC,1,1,StratifiedGroupKFold
0,CSM5MCYO,C3011,UC,1,1,StratifiedGroupKFold
0,CSM5MCYO_P,C3011,UC,1,1,StratifiedGroupKFold
0,CSM5MCYQ_P,C3011,UC,1,1,StratifiedGroupKFold
0,CSM5MCYS,C3001,CD,1,3,StratifiedGroupKFold
0,CSM5MCYU,C3013,UC,1,3,StratifiedGroupKFold
0,CSM5MCYU_P,C3013,UC,1,3,StratifiedGroupKFold
0,CSM5MCYW,C3008,CD,1,3,StratifiedGroupKFold
0,CSM5MCZ3,C3008,CD,1,3,StratifiedGroupKFold
0,CSM5MCZ5,C3008,CD,1,3,StratifiedGroupKFold
0,CSM5MCZ7,C3008,CD,1,3,StratifiedGroupKFold
0,CSM5MCZB,C3012,CD,1,0,StratifiedGroupKFold
0,CSM5MCZD,C3012,CD,1,0,StratifiedGroupKFold
0,CSM5MCZF,C3012,CD,1,0,StratifiedGroupKFold
0,CSM5YRY7_P,C3001,CD,1,3,StratifiedGroupKFold
0,CSM67U9B,C3012,CD,1,0,StratifiedGroupKFold
0,CSM67U9D,C3012,CD,1,0,StratifiedGroupKFold
0,CSM67U9H,C3013,UC,1,3,StratifiedGroupKFold
0,CSM67U9H_P,C3013,UC,1,3,StratifiedGroupKFold
0,CSM67U9J,C3001,CD,1,3,StratifiedGroupKFold
0,CSM67U9N,C3013,UC,1,3,StratifiedGroupKFold
0,CSM67U9P,C3013,UC,1,3,StratifiedGroupKFold
0,CSM67U9P_P,C3013,UC,1,3,StratifiedGroupKFold
0,CSM67U9R_P,C3013,UC,1,3,StratifiedGroupKFold
0,CSM67U9V,C3016,CD,1,2,StratifiedGroupKFold
0,CSM67U9V_P,C3016,CD,1,2,StratifiedGroupKFold
0,CSM67U9X,C3017,CD,1,2,StratifiedGroupKFold
0,CSM67U9X_P,C3017,CD,1,2,StratifiedGroupKFold
0,CSM67UA2,C3001,CD,1,3,StratifiedGroupKFold
0,CSM67UAA,C3009,CD,1,2,StratifiedGroupKFold
0,CSM67UAG,C3009,CD,1,2,StratifiedGroupKFold
0,CSM67UAI_P,C3020,CD,1,2,StratifiedGroupKFold
0,CSM67UAU,C3016,CD,1,2,StratifiedGroupKFold
0,CSM67UAW,C3016,CD,1,2,StratifiedGroupKFold
0,CSM67UAY,C3016,CD,1,2,StratifiedGroupKFold
0,CSM67UB1,C3016,CD,1,2,StratifiedGroupKFold
0,CSM67UB3,C3016,CD,1,2,StratifiedGroupKFold
0,CSM67UB5_P,C3017,CD,1,2,StratifiedGroupKFold
0,CSM67UB7_P,C3017,CD,1,2,StratifiedGroupKFold
0,CSM67UB9,C3017,CD,1,2,StratifiedGroupKFold
0,CSM67UB9_P,C3017,CD,1,2,StratifiedGroupKFold
0,CSM67UBB,C3017,CD,1,2,StratifiedGroupKFold
0,CSM67UBD,C3017,CD,1,2,StratifiedGroupKFold
0,CSM67UBX,C3003,UC,1,3,StratifiedGroupKFold
0,CSM67UBZ,C3003,UC,1,3,StratifiedGroupKFold
0,CSM67UC6,C3003,UC,1,3,StratifiedGroupKFold
0,CSM67UCK,C3010,CD,1,3,StratifiedGroupKFold
0,CSM67UCU_P,C3019,CD,1,1,StratifiedGroupKFold
0,CSM67UDF,C3004,UC,1,1,StratifiedGroupKFold
0,CSM67UDJ,C3004,UC,1,1,StratifiedGroupKFold
0,CSM67UDN,C3004,UC,1,1,StratifiedGroupKFold
0,CSM67UDR,C3004,UC,1,1,StratifiedGroupKFold
0,CSM67UDR_TR,C3004,UC,1,1,StratifiedGroupKFold
0,CSM67UDY,C3004,UC,1,1,StratifiedGroupKFold
0,CSM67UEP_P,C3011,UC,1,1,StratifiedGroupKFold
0,CSM67UET_P,C3011,UC,1,1,StratifiedGroupKFold
0,CSM67UEW,C3011,UC,1,1,StratifiedGroupKFold
0,CSM67UEW_P,C3011,UC,1,1,StratifiedGroupKFold
0,CSM67UEW_TR,C3011,UC,1,1,StratifiedGroupKFold
0,CSM67UF1,C3011,UC,1,1,StratifiedGroupKFold
0,CSM67UF1_P,C3011,UC,1,1,StratifiedGroupKFold
0,CSM67UF5,C3011,UC,1,1,StratifiedGroupKFold
0,CSM67UFV,C3006,UC,1,2,StratifiedGroupKFold
0,CSM67UFZ,C3006,UC,1,2,StratifiedGroupKFold
0,CSM67UG8,C3006,UC,1,2,StratifiedGroupKFold
0,CSM67UGC,C3001,CD,1,3,StratifiedGroupKFold
0,CSM67UGO,C3012,CD,1,0,StratifiedGroupKFold
0,CSM67UH7,C3022,nonIBD,0,0,StratifiedGroupKFold
0,CSM6J2H9_P,M2039,nonIBD,0,0,StratifiedGroupKFold
0,CSM79HG4,C3023,CD,1,2,StratifiedGroupKFold
0,CSM79HG5,C3001,CD,1,3,StratifiedGroupKFold
0,CSM79HGD_P,C3013,UC,1,3,StratifiedGroupKFold
0,CSM79HGF,C3013,UC,1,3,StratifiedGroupKFold
0,CSM79HGF_P,C3013,UC,1,3,StratifiedGroupKFold
0,CSM79HGH,C3013,UC,1,3,StratifiedGroupKFold
0,CSM79HGH_P,C3013,UC,1,3,StratifiedGroupKFold
0,CSM79HGJ_P,C3013,UC,1,3,StratifiedGroupKFold
0,CSM79HGL_P,C3013,UC,1,3,StratifiedGroupKFold
0,CSM79HGN_P,C3013,UC,1,3,StratifiedGroupKFold
0,CSM79HGP,C3001,CD,1,3,StratifiedGroupKFold
0,CSM79HGR_P,C3022,nonIBD,0,0,StratifiedGroupKFold
0,CSM79HGV_P,C3022,nonIBD,0,0,StratifiedGroupKFold
0,CSM79HGX,C3022,nonIBD,0,0,StratifiedGroupKFold
0,CSM79HGZ,C3022,nonIBD,0,0,StratifiedGroupKFold
0,CSM79HH2_P,C3023,CD,1,2,StratifiedGroupKFold
0,CSM79HH4,C3023,CD,1,2,StratifiedGroupKFold
0,CSM79HH8,C3023,CD,1,2,StratifiedGroupKFold
0,CSM79HHA,C3023,CD,1,2,StratifiedGroupKFold
0,CSM79HHM,C3021,CD,1,0,StratifiedGroupKFold
0,CSM79HHO,C3021,CD,1,0,StratifiedGroupKFold
0,CSM79HHU,C3021,CD,1,0,StratifiedGroupKFold
0,CSM79HHW,C3027,CD,1,3,StratifiedGroupKFold
0,CSM79HHW_P,C3027,CD,1,3,StratifiedGroupKFold
0,CSM79HI3,C3009,CD,1,2,StratifiedGroupKFold
0,CSM79HI7,C3009,CD,1,2,StratifiedGroupKFold
0,CSM79HIB,C3009,CD,1,2,StratifiedGroupKFold
0,CSM79HIR,C3016,CD,1,2,StratifiedGroupKFold
0,CSM79HIT,C3016,CD,1,2,StratifiedGroupKFold
0,CSM79HIV,C3016,CD,1,2,StratifiedGroupKFold
0,CSM79HIX,C3016,CD,1,2,StratifiedGroupKFold
0,CSM79HIZ,C3016,CD,1,2,StratifiedGroupKFold
0,CSM79HJ2_P,C3017,CD,1,2,StratifiedGroupKFold
0,CSM79HJ4_P,C3017,CD,1,2,StratifiedGroupKFold
0,CSM79HJ6,C3017,CD,1,2,StratifiedGroupKFold
0,CSM79HJ6_P,C3017,CD,1,2,StratifiedGroupKFold
0,CSM79HJ8_P,C3017,CD,1,2,StratifiedGroupKFold
0,CSM79HJA,C3017,CD,1,2,StratifiedGroupKFold
0,CSM79HJC_P,C3017,CD,1,2,StratifiedGroupKFold
0,CSM79HJE,C3028,CD,1,0,StratifiedGroupKFold
0,CSM79HJG,C3029,UC,1,2,StratifiedGroupKFold
0,CSM79HJM,C3027,CD,1,3,StratifiedGroupKFold
0,CSM79HJO,C3027,CD,1,3,StratifiedGroupKFold
0,CSM79HJQ,C3027,CD,1,3,StratifiedGroupKFold
0,CSM79HJS,C3027,CD,1,3,StratifiedGroupKFold
0,CSM79HJU,C3027,CD,1,3,StratifiedGroupKFold
0,CSM79HK9,C3010,CD,1,3,StratifiedGroupKFold
0,CSM79HKB,C3010,CD,1,3,StratifiedGroupKFold
0,CSM79HKR,C3008,CD,1,3,StratifiedGroupKFold
0,CSM79HKT,C3008,CD,1,3,StratifiedGroupKFold
0,CSM79HKV,C3008,CD,1,3,StratifiedGroupKFold
0,CSM79HKX,C3028,CD,1,0,StratifiedGroupKFold
0,CSM79HKZ,C3028,CD,1,0,StratifiedGroupKFold
0,CSM79HL2,C3028,CD,1,0,StratifiedGroupKFold
0,CSM79HL4,C3028,CD,1,0,StratifiedGroupKFold
0,CSM79HL6,C3028,CD,1,0,StratifiedGroupKFold
0,CSM79HLA,C3004,UC,1,1,StratifiedGroupKFold
0,CSM79HLA_TR,C3004,UC,1,1,StratifiedGroupKFold
0,CSM79HLC,C3004,UC,1,1,StratifiedGroupKFold
0,CSM79HLE,C3004,UC,1,1,StratifiedGroupKFold
0,CSM79HLG,C3004,UC,1,1,StratifiedGroupKFold
0,CSM79HLI,C3004,UC,1,1,StratifiedGroupKFold
0,CSM79HLK,C3004,UC,1,1,StratifiedGroupKFold
0,CSM79HLM,C3003,UC,1,3,StratifiedGroupKFold
0,CSM79HLW,C3003,UC,1,3,StratifiedGroupKFold
0,CSM79HM1,C3011,UC,1,1,StratifiedGroupKFold
0,CSM79HM5_P,C3011,UC,1,1,StratifiedGroupKFold
0,CSM79HM7,C3011,UC,1,1,StratifiedGroupKFold
0,CSM79HM9,C3011,UC,1,1,StratifiedGroupKFold
0,CSM79HM9_P,C3011,UC,1,1,StratifiedGroupKFold
0,CSM79HMN,C3006,UC,1,2,StratifiedGroupKFold
0,CSM79HMP,C3006,UC,1,2,StratifiedGroupKFold
0,CSM79HMT,C3006,UC,1,2,StratifiedGroupKFold
0,CSM79HMX,C3006,UC,1,2,StratifiedGroupKFold
0,CSM79HMZ,C3001,CD,1,3,StratifiedGroupKFold
0,CSM79HN2,C3021,CD,1,0,StratifiedGroupKFold
0,CSM79HN6,C3021,CD,1,0,StratifiedGroupKFold
0,CSM79HNE,C3029,UC,1,2,StratifiedGroupKFold
0,CSM79HNG_P,C3029,UC,1,2,StratifiedGroupKFold
0,CSM79HNI,C3029,UC,1,2,StratifiedGroupKFold
0,CSM79HNK,C3029,UC,1,2,StratifiedGroupKFold
0,CSM79HNM,C3029,UC,1,2,StratifiedGroupKFold
0,CSM79HNY_P,C3031,CD,1,2,StratifiedGroupKFold
0,CSM79HOD,C3010,CD,1,3,StratifiedGroupKFold
0,CSM79HOF,C3010,CD,1,3,StratifiedGroupKFold
0,CSM79HOH,C3010,CD,1,3,StratifiedGroupKFold
0,CSM79HOJ,C3012,CD,1,0,StratifiedGroupKFold
0,CSM79HOL,C3012,CD,1,0,StratifiedGroupKFold
0,CSM79HOT,C3012,CD,1,0,StratifiedGroupKFold
0,CSM79HOV,C3022,nonIBD,0,0,StratifiedGroupKFold
0,CSM79HOX,C3022,nonIBD,0,0,StratifiedGroupKFold
0,CSM79HOZ,C3022,nonIBD,0,0,StratifiedGroupKFold
0,CSM79HP2,C3022,nonIBD,0,0,StratifiedGroupKFold
0,CSM79HP4,C3022,nonIBD,0,0,StratifiedGroupKFold
0,CSM79HP6,C3022,nonIBD,0,0,StratifiedGroupKFold
0,CSM79HPA,C3023,CD,1,2,StratifiedGroupKFold
0,CSM79HPA_TR,C3023,CD,1,2,StratifiedGroupKFold
0,CSM79HPC,C3023,CD,1,2,StratifiedGroupKFold
0,CSM79HPK,C3013,UC,1,3,StratifiedGroupKFold
0,CSM79HPM,C3013,UC,1,3,StratifiedGroupKFold
0,CSM79HPM_P,C3013,UC,1,3,StratifiedGroupKFold
0,CSM79HPO,C3013,UC,1,3,StratifiedGroupKFold
0,CSM79HPQ_P,C3013,UC,1,3,StratifiedGroupKFold
0,CSM79HPS,C3013,UC,1,3,StratifiedGroupKFold
0,CSM79HPU,C3013,UC,1,3,StratifiedGroupKFold
0,CSM79HQ9,C3008,CD,1,3,StratifiedGroupKFold
0,CSM79HQB,C3008,CD,1,3,StratifiedGroupKFold
0,CSM79HQF,C3008,CD,1,3,StratifiedGroupKFold
0,CSM79HQH,C3008,CD,1,3,StratifiedGroupKFold
0,CSM79HQL,C3032,UC,1,0,StratifiedGroupKFold
0,CSM79HQN,C3035,CD,1,1,StratifiedGroupKFold
0,CSM79HQR,C3034,UC,1,3,StratifiedGroupKFold
0,CSM79HQR_P,C3034,UC,1,3,StratifiedGroupKFold
0,CSM79HQT_P,C3011,UC,1,1,StratifiedGroupKFold
0,CSM79HQV,C3027,CD,1,3,StratifiedGroupKFold
0,CSM79HQX,C3027,CD,1,3,StratifiedGroupKFold
0,CSM79HQZ,C3027,CD,1,3,StratifiedGroupKFold
0,CSM79HR2,C3027,CD,1,3,StratifiedGroupKFold
0,CSM79HR4,C3027,CD,1,3,StratifiedGroupKFold
0,CSM79HR6,C3027,CD,1,3,StratifiedGroupKFold
0,CSM79HR8,C3031,CD,1,2,StratifiedGroupKFold
0,CSM79HRC,C3031,CD,1,2,StratifiedGroupKFold
0,CSM79HRE,C3031,CD,1,2,StratifiedGroupKFold
0,CSM79HRG,C3031,CD,1,2,StratifiedGroupKFold
0,CSM7CZ2F_P,H4008,nonIBD,0,3,StratifiedGroupKFold
0,CSM7KOJE,C3009,CD,1,2,StratifiedGroupKFold
0,CSM7KOJG,C3009,CD,1,2,StratifiedGroupKFold
0,CSM7KOJO,C3009,CD,1,2,StratifiedGroupKFold
0,CSM7KOK3,C3016,CD,1,2,StratifiedGroupKFold
0,CSM7KOK5,C3016,CD,1,2,StratifiedGroupKFold
0,CSM7KOK7,C3016,CD,1,2,StratifiedGroupKFold
0,CSM7KOKB,C3016,CD,1,2,StratifiedGroupKFold
0,CSM7KOKD,C3016,CD,1,2,StratifiedGroupKFold
0,CSM7KOKF,C3017,CD,1,2,StratifiedGroupKFold
0,CSM7KOKH,C3017,CD,1,2,StratifiedGroupKFold
0,CSM7KOKH_P,C3017,CD,1,2,StratifiedGroupKFold
0,CSM7KOKJ,C3017,CD,1,2,StratifiedGroupKFold
0,CSM7KOKL_P,C3017,CD,1,2,StratifiedGroupKFold
0,CSM7KOKN,C3017,CD,1,2,StratifiedGroupKFold
0,CSM7KOKP_P,C3017,CD,1,2,StratifiedGroupKFold
0,CSM7KOKR,C3028,CD,1,0,StratifiedGroupKFold
0,CSM7KOKT,C3028,CD,1,0,StratifiedGroupKFold
0,CSM7KOKZ,C3028,CD,1,0,StratifiedGroupKFold
0,CSM7KOL2,C3028,CD,1,0,StratifiedGroupKFold
0,CSM7KOL4,C3010,CD,1,3,StratifiedGroupKFold
0,CSM7KOLA,C3010,CD,1,3,StratifiedGroupKFold
0,CSM7KOLE,C3010,CD,1,3,StratifiedGroupKFold
0,CSM7KOLK,C3021,CD,1,0,StratifiedGroupKFold
0,CSM7KOLM,C3021,CD,1,0,StratifiedGroupKFold
0,CSM7KOLY,C3029,UC,1,2,StratifiedGroupKFold
0,CSM7KOM1,C3029,UC,1,2,StratifiedGroupKFold
0,CSM7KOMP,C3011,UC,1,1,StratifiedGroupKFold
0,CSM7KOMR_P,C3011,UC,1,1,StratifiedGroupKFold
0,CSM7KOMT,C3011,UC,1,1,StratifiedGroupKFold
0,CSM7KOMV_P,C3011,UC,1,1,StratifiedGroupKFold
0,CSM7KOMX,C3012,CD,1,0,StratifiedGroupKFold
0,CSM7KOMZ,C3012,CD,1,0,StratifiedGroupKFold
0,CSM7KON2,C3012,CD,1,0,StratifiedGroupKFold
0,CSM7KON8,C3012,CD,1,0,StratifiedGroupKFold
0,CSM7KONA,C3023,CD,1,2,StratifiedGroupKFold
0,CSM7KONC,C3023,CD,1,2,StratifiedGroupKFold
0,CSM7KONK,C3023,CD,1,2,StratifiedGroupKFold
0,CSM7KONS,C3013,UC,1,3,StratifiedGroupKFold
0,CSM7KONS_P,C3013,UC,1,3,StratifiedGroupKFold
0,CSM7KONU,C3013,UC,1,3,StratifiedGroupKFold
0,CSM7KONW_P,C3013,UC,1,3,StratifiedGroupKFold
0,CSM7KOO5,C3031,CD,1,2,StratifiedGroupKFold
0,CSM7KOO9,C3031,CD,1,2,StratifiedGroupKFold
0,CSM7KOOD,C3031,CD,1,2,StratifiedGroupKFold
0,CSM7KOOF,C3031,CD,1,2,StratifiedGroupKFold
0,CSM7KOOH,C3022,nonIBD,0,0,StratifiedGroupKFold
0,CSM7KOOJ,C3022,nonIBD,0,0,StratifiedGroupKFold
0,CSM7KOOL,C3022,nonIBD,0,0,StratifiedGroupKFold
0,CSM7KOON,C3022,nonIBD,0,0,StratifiedGroupKFold
0,CSM7KOOP,C3022,nonIBD,0,0,StratifiedGroupKFold
0,CSM7KOOR,C3022,nonIBD,0,0,StratifiedGroupKFold
0,CSM7KOOT,C3027,CD,1,3,StratifiedGroupKFold
0,CSM7KOOV,C3027,CD,1,3,StratifiedGroupKFold
0,CSM7KOOX,C3027,CD,1,3,StratifiedGroupKFold
0,CSM7KOOZ,C3027,CD,1,3,StratifiedGroupKFold
0,CSM7KOP2,C3027,CD,1,3,StratifiedGroupKFold
0,CSM7KOP6,C3032,UC,1,0,StratifiedGroupKFold
0,CSM7KOP8,C3032,UC,1,0,StratifiedGroupKFold
0,CSM7KOPC,C3032,UC,1,0,StratifiedGroupKFold
0,CSM7KOPE,C3032,UC,1,0,StratifiedGroupKFold
0,CSM7KOPS,C3016,CD,1,2,StratifiedGroupKFold
0,CSM7KOPU,C3016,CD,1,2,StratifiedGroupKFold
0,CSM7KOPW,C3016,CD,1,2,StratifiedGroupKFold
0,CSM7KOQ1,C3016,CD,1,2,StratifiedGroupKFold
0,CSM7KOQ3,C3016,CD,1,2,StratifiedGroupKFold
0,CSM7KOQ5_P,C3036,UC,1,1,StratifiedGroupKFold
0,CSM7KOQ7,C3037,UC,1,0,StratifiedGroupKFold
0,CSM7KOQP_P,C3033,CD,1,2,StratifiedGroupKFold
0,CSM7KOQX,C3017,CD,1,2,StratifiedGroupKFold
0,CSM7KOQZ,C3017,CD,1,2,StratifiedGroupKFold
0,CSM7KOQZ_P,C3017,CD,1,2,StratifiedGroupKFold
0,CSM7KOR2,C3017,CD,1,2,StratifiedGroupKFold
0,CSM7KOR4_P,C3017,CD,1,2,StratifiedGroupKFold
0,CSM7KOR8,C3017,CD,1,2,StratifiedGroupKFold
0,CSM7KOR8_P,C3017,CD,1,2,StratifiedGroupKFold
0,CSM7KORC,C3028,CD,1,0,StratifiedGroupKFold
0,CSM7KORG,C3028,CD,1,0,StratifiedGroupKFold
0,CSM7KORI,C3028,CD,1,0,StratifiedGroupKFold
0,CSM7KORK,C3028,CD,1,0,StratifiedGroupKFold
0,CSM7KORM,C3034,UC,1,3,StratifiedGroupKFold
0,CSM7KORO,C3034,UC,1,3,StratifiedGroupKFold
0,CSM7KORS,C3034,UC,1,3,StratifiedGroupKFold
0,CSM7KORU,C3034,UC,1,3,StratifiedGroupKFold
0,CSM7KOS7,C3029,UC,1,2,StratifiedGroupKFold
0,CSM7KOS9,C3029,UC,1,2,StratifiedGroupKFold
0,CSM7KOSH,C3029,UC,1,2,StratifiedGroupKFold
0,CSM7KOSV,C3021,CD,1,0,StratifiedGroupKFold
0,CSM7KOSX,C3021,CD,1,0,StratifiedGroupKFold
0,CSM7KOTA,C3023,CD,1,2,StratifiedGroupKFold
0,CSM7KOTC,C3023,CD,1,2,StratifiedGroupKFold
0,CSM7KOTK,C3023,CD,1,2,StratifiedGroupKFold
0,CSM7KOTO,C3035,CD,1,1,StratifiedGroupKFold
0,CSM7KOTQ,C3035,CD,1,1,StratifiedGroupKFold
0,CSM7KOTS,C3035,CD,1,1,StratifiedGroupKFold
0,CSM7KOTU,C3035,CD,1,1,StratifiedGroupKFold
0,CSM7KOU7_P,C3032,UC,1,0,StratifiedGroupKFold
0,CSM7KOU9,C3032,UC,1,0,StratifiedGroupKFold
0,CSM7KOUB,C3032,UC,1,0,StratifiedGroupKFold
0,CSM7KOUF,C3032,UC,1,0,StratifiedGroupKFold
0,CSM7KOUJ_P,C3037,UC,1,0,StratifiedGroupKFold
0,CSM7KOUL,C3037,UC,1,0,StratifiedGroupKFold
0,CSM7KOUN,C3037,UC,1,0,StratifiedGroupKFold
0,CSM7KOUP,C3037,UC,1,0,StratifiedGroupKFold
0,CSM7KOUR,C3037,UC,1,0,StratifiedGroupKFold
0,CSM9X1XU,C3034,UC,1,3,StratifiedGroupKFold
0,CSM9X1XW,C3034,UC,1,3,StratifiedGroupKFold
0,CSM9X1Y3,C3034,UC,1,3,StratifiedGroupKFold
0,CSM9X1Y5,C3029,UC,1,2,StratifiedGroupKFold
0,CSM9X1Y7,C3029,UC,1,2,StratifiedGroupKFold
0,CSM9X1YF,C3029,UC,1,2,StratifiedGroupKFold
0,CSM9X1YV,C3035,CD,1,1,StratifiedGroupKFold
0,CSM9X1Z4,C3031,CD,1,2,StratifiedGroupKFold
0,CSM9X1ZC,C3031,CD,1,2,StratifiedGroupKFold
0,CSM9X1ZO,C3032,UC,1,0,StratifiedGroupKFold
0,CSM9X1ZQ,C3032,UC,1,0,StratifiedGroupKFold
0,CSM9X1ZU,C3032,UC,1,0,StratifiedGroupKFold
0,CSM9X1ZY,C3032,UC,1,0,StratifiedGroupKFold
0,CSM9X211,C3037,UC,1,0,StratifiedGroupKFold
0,CSM9X213,C3037,UC,1,0,StratifiedGroupKFold
0,CSM9X215,C3037,UC,1,0,StratifiedGroupKFold
0,CSM9X219,C3037,UC,1,0,StratifiedGroupKFold
0,CSM9X21B,C3028,CD,1,0,StratifiedGroupKFold
0,CSM9X21J,C3034,UC,1,3,StratifiedGroupKFold
0,CSM9X21L,C3034,UC,1,3,StratifiedGroupKFold
0,CSM9X21N,C3034,UC,1,3,StratifiedGroupKFold
0,CSM9X21P,C3034,UC,1,3,StratifiedGroupKFold
0,CSM9X21R,C3035,CD,1,1,StratifiedGroupKFold
0,CSM9X21T,C3035,CD,1,1,StratifiedGroupKFold
0,CSM9X222,C3035,CD,1,1,StratifiedGroupKFold
0,CSM9X22G,C3032,UC,1,0,StratifiedGroupKFold
0,CSM9X22I,C3032,UC,1,0,StratifiedGroupKFold
0,CSM9X22K,C3032,UC,1,0,StratifiedGroupKFold
0,CSM9X22Q,C3032,UC,1,0,StratifiedGroupKFold
0,CSM9X22S,C3037,UC,1,0,StratifiedGroupKFold
0,CSM9X22U,C3037,UC,1,0,StratifiedGroupKFold
0,CSM9X233,C3035,CD,1,1,StratifiedGroupKFold
0,CSM9X235,C3035,CD,1,1,StratifiedGroupKFold
0,CSM9X237,C3035,CD,1,1,StratifiedGroupKFold
0,CSM9X23B,C3035,CD,1,1,StratifiedGroupKFold
0,CSM9X23H,C3037,UC,1,0,StratifiedGroupKFold
0,CSM9X23J,C3037,UC,1,0,StratifiedGroupKFold
0,CSM9X23L,C3037,UC,1,0,StratifiedGroupKFold
0,CSM9X23N,C3037,UC,1,0,StratifiedGroupKFold
0,CSM9X23P,C3037,UC,1,0,StratifiedGroupKFold
0,CSMA88CB,C3027,CD,1,3,StratifiedGroupKFold
0,CSMA8M9R,C3022,nonIBD,0,0,StratifiedGroupKFold
0,CSMA9J65,C3027,CD,1,3,StratifiedGroupKFold
0,CSMAAEUA,C3022,nonIBD,0,0,StratifiedGroupKFold
0,CSMACTZP,C3027,CD,1,3,StratifiedGroupKFold
0,CSMAE44D,C3022,nonIBD,0,0,StratifiedGroupKFold
0,CSMAF72L,C3027,CD,1,3,StratifiedGroupKFold
0,CSMAG78W,C3022,nonIBD,0,0,StratifiedGroupKFold
0,CSMAH393,C3027,CD,1,3,StratifiedGroupKFold
0,CSMAHYLR,C3022,nonIBD,0,0,StratifiedGroupKFold
0,CSMAIG7X,C3027,CD,1,3,StratifiedGroupKFold
0,CSMDRVXF,C3027,CD,1,3,StratifiedGroupKFold
0,CSMDRVXG,C3027,CD,1,3,StratifiedGroupKFold
0,CSMDRVXH,C3027,CD,1,3,StratifiedGroupKFold
0,CSMDRVXJ,C3028,CD,1,0,StratifiedGroupKFold
0,CSMDRVXK,C3029,UC,1,2,StratifiedGroupKFold
0,CSMDRVXL,C3029,UC,1,2,StratifiedGroupKFold
0,CSMDRVXM,C3029,UC,1,2,StratifiedGroupKFold
0,CSMDRVXN,C3029,UC,1,2,StratifiedGroupKFold
0,CSMDRVXS,C3031,CD,1,2,StratifiedGroupKFold
0,CSMDRVXT,C3031,CD,1,2,StratifiedGroupKFold
0,CSMDRVXU,C3031,CD,1,2,StratifiedGroupKFold
0,CSMDRVXX,C3032,UC,1,0,StratifiedGroupKFold
0,CSMDRVXY,C3034,UC,1,3,StratifiedGroupKFold
0,CSMDRVXZ,C3034,UC,1,3,StratifiedGroupKFold
0,CSMDRVY1,C3034,UC,1,3,StratifiedGroupKFold
0,CSMDRVY2,C3035,CD,1,1,StratifiedGroupKFold
0,CSMDRVY3,C3035,CD,1,1,StratifiedGroupKFold
0,CSMDRVY4,C3035,CD,1,1,StratifiedGroupKFold
0,CSMDRVY5,C3037,UC,1,0,StratifiedGroupKFold
0,CSMDRVY6,C3037,UC,1,0,StratifiedGroupKFold
0,CSMDRVY7,C3037,UC,1,0,StratifiedGroupKFold
0,CSMDTZ4X,C3032,UC,1,0,StratifiedGroupKFold
0,CSMDTZ4Y,C3032,UC,1,0,StratifiedGroupKFold
0,ESM5GEXY,E5001,CD,1,1,StratifiedGroupKFold
0,ESM5GEY7,E5013,CD,1,2,StratifiedGroupKFold
0,ESM5GEY8,E5013,CD,1,2,StratifiedGroupKFold
0,ESM5GEY9,E5013,CD,1,2,StratifiedGroupKFold
0,ESM5GEYA,E5009,CD,1,1,StratifiedGroupKFold
0,ESM5GEYB,E5009,CD,1,1,StratifiedGroupKFold
0,ESM5GEYI,E5004,UC,1,2,StratifiedGroupKFold
0,ESM5GEYK,E5004,UC,1,2,StratifiedGroupKFold
0,ESM5GEYL,E5004,UC,1,2,StratifiedGroupKFold
0,ESM5GEYU_P,E5002,nonIBD,0,1,StratifiedGroupKFold
0,ESM5GEYX_P,E5003,CD,1,1,StratifiedGroupKFold
0,ESM5GEZ1_P,E5002,nonIBD,0,1,StratifiedGroupKFold
0,ESM5GEZ3_P,E5002,nonIBD,0,1,StratifiedGroupKFold
0,ESM5GEZ4_P,E5004,UC,1,2,StratifiedGroupKFold
0,ESM5GEZ6,E5004,UC,1,2,StratifiedGroupKFold
0,ESM5GEZ6_P,E5004,UC,1,2,StratifiedGroupKFold
0,ESM5GEZA_P,E5004,UC,1,2,StratifiedGroupKFold
0,ESM5ME9D_P,E5001,CD,1,1,StratifiedGroupKFold
0,ESM5ME9G_P,E5001,CD,1,1,StratifiedGroupKFold
0,ESM5ME9H_P,E5002,nonIBD,0,1,StratifiedGroupKFold
0,ESM5ME9U,E5004,UC,1,2,StratifiedGroupKFold
0,ESM5MEB1,E5002,nonIBD,0,1,StratifiedGroupKFold
0,ESM5MEB7,E5013,CD,1,2,StratifiedGroupKFold
0,ESM5MEB9,E5013,CD,1,2,StratifiedGroupKFold
0,ESM5MEB9_P,E5013,CD,1,2,StratifiedGroupKFold
0,ESM5MEBA_P,E5001,CD,1,1,StratifiedGroupKFold
0,ESM5MEBE,E5001,CD,1,1,StratifiedGroupKFold
0,ESM5MEBG,E5001,CD,1,1,StratifiedGroupKFold
0,ESM5MEBI,E5001,CD,1,1,StratifiedGroupKFold
0,ESM5MEBP,E5002,nonIBD,0,1,StratifiedGroupKFold
0,ESM5MEBP_P,E5002,nonIBD,0,1,StratifiedGroupKFold
0,ESM5MEBS,E5004,UC,1,2,StratifiedGroupKFold
0,ESM5MEBU,E5004,UC,1,2,StratifiedGroupKFold
0,ESM5MEC3,E5004,UC,1,2,StratifiedGroupKFold
0,ESM5MEC5,E5004,UC,1,2,StratifiedGroupKFold
0,ESM5MEC7_P,E5022,UC,1,1,StratifiedGroupKFold
0,ESM5MEC9,E5004,UC,1,2,StratifiedGroupKFold
0,ESM5MECL,E5001,CD,1,1,StratifiedGroupKFold
0,ESM5MECQ,E5001,CD,1,1,StratifiedGroupKFold
0,ESM5MED2,E5013,CD,1,2,StratifiedGroupKFold
0,ESM5MEDD,E5009,CD,1,1,StratifiedGroupKFold
0,ESM5MEDF,E5009,CD,1,1,StratifiedGroupKFold
0,ESM5MEDK,E5009,CD,1,1,StratifiedGroupKFold
0,ESM5MEDN,E5009,CD,1,1,StratifiedGroupKFold
0,ESM5MEDP_P,E5009,CD,1,1,StratifiedGroupKFold
0,ESM5MEDU,E5004,UC,1,2,StratifiedGroupKFold
0,ESM5MEDZ,E5001,CD,1,1,StratifiedGroupKFold
0,ESM5MEDZ_P,E5001,CD,1,1,StratifiedGroupKFold
0,ESM5MEE2_P,E5001,CD,1,1,StratifiedGroupKFold
0,ESM5MEE6_P,E5001,CD,1,1,StratifiedGroupKFold
0,ESM5MEEB,E5001,CD,1,1,StratifiedGroupKFold
0,ESM5MEEG,E5004,UC,1,2,StratifiedGroupKFold
0,ESM5MEEJ_P,E5004,UC,1,2,StratifiedGroupKFold
0,ESM5MEET,E5002,nonIBD,0,1,StratifiedGroupKFold
0,ESM6ZK8Z,E5009,CD,1,1,StratifiedGroupKFold
0,ESM718SY,E5004,UC,1,2,StratifiedGroupKFold
0,ESM718T7,E5013,CD,1,2,StratifiedGroupKFold
0,ESM718T9,E5013,CD,1,2,StratifiedGroupKFold
0,ESM718TF,E5013,CD,1,2,StratifiedGroupKFold
0,ESM718TK,E5013,CD,1,2,StratifiedGroupKFold
0,ESM718TM,E5013,CD,1,2,StratifiedGroupKFold
0,ESM718U9_P,E5023,CD,1,0,StratifiedGroupKFold
0,ESM718UH,E5009,CD,1,1,StratifiedGroupKFold
0,ESM718V4,E5013,CD,1,2,StratifiedGroupKFold
0,ESM718V8,E5013,CD,1,2,StratifiedGroupKFold
0,ESM7F5AE_P,E5019,CD,1,1,StratifiedGroupKFold
0,ESM7F5AK,E5009,CD,1,1,StratifiedGroupKFold
0,ESM7F5AM,E5009,CD,1,1,StratifiedGroupKFold
0,ESM7F5AO,E5009,CD,1,1,StratifiedGroupKFold
0,ESM7F5BL,E5004,UC,1,2,StratifiedGroupKFold
0,ESM7F5C5,E5013,CD,1,2,StratifiedGroupKFold
0,ESM7F5C7,E5013,CD,1,2,StratifiedGroupKFold
0,ESM7F5CB,E5009,CD,1,1,StratifiedGroupKFold
0,ESM7F5CD,E5009,CD,1,1,StratifiedGroupKFold
0,ESM7F5CF,E5009,CD,1,1,StratifiedGroupKFold
0,ESM9IEP1,E5013,CD,1,2,StratifiedGroupKFold
0,ESM9IEP5,E5009,CD,1,1,StratifiedGroupKFold
0,HSM5FZAE,H4001,CD,1,1,StratifiedGroupKFold
0,HSM5FZAH,H4001,CD,1,1,StratifiedGroupKFold
0,HSM5FZAM,H4004,CD,1,2,StratifiedGroupKFold
0,HSM5FZAN,H4004,CD,1,2,StratifiedGroupKFold
0,HSM5FZAQ,H4006,CD,1,1,StratifiedGroupKFold
0,HSM5FZAR,H4006,CD,1,1,StratifiedGroupKFold
0,HSM5FZAS,H4017,CD,1,0,StratifiedGroupKFold
0,HSM5FZAT,H4017,CD,1,0,StratifiedGroupKFold
0,HSM5FZAU,H4017,CD,1,0,StratifiedGroupKFold
0,HSM5FZAY,H4015,CD,1,2,StratifiedGroupKFold
0,HSM5FZAZ,H4015,CD,1,2,StratifiedGroupKFold
0,HSM5FZB1,H4015,CD,1,2,StratifiedGroupKFold
0,HSM5FZBB,H4010,UC,1,3,StratifiedGroupKFold
0,HSM5FZBC,H4010,UC,1,3,StratifiedGroupKFold
0,HSM5FZBD,H4009,nonIBD,0,2,StratifiedGroupKFold
0,HSM5FZBE,H4009,nonIBD,0,2,StratifiedGroupKFold
0,HSM5FZBF,H4007,CD,1,2,StratifiedGroupKFold
0,HSM5FZBG,H4007,CD,1,2,StratifiedGroupKFold
0,HSM5FZBH,H4008,nonIBD,0,3,StratifiedGroupKFold
0,HSM5FZBI,H4008,nonIBD,0,3,StratifiedGroupKFold
0,HSM5FZBJ,H4001,CD,1,1,StratifiedGroupKFold
0,HSM5FZBP_P,H4001,CD,1,1,StratifiedGroupKFold
0,HSM5FZBQ,H4001,CD,1,1,StratifiedGroupKFold
0,HSM5FZBQ_P,H4001,CD,1,1,StratifiedGroupKFold
0,HSM5FZBR_P,H4001,CD,1,1,StratifiedGroupKFold
0,HSM5FZBZ,H4001,CD,1,1,StratifiedGroupKFold
0,HSM5FZC2_P,H4001,CD,1,1,StratifiedGroupKFold
0,HSM5MD3Y,H4010,UC,1,3,StratifiedGroupKFold
0,HSM5MD41,H4010,UC,1,3,StratifiedGroupKFold
0,HSM5MD43,H4010,UC,1,3,StratifiedGroupKFold
0,HSM5MD43_P,H4010,UC,1,3,StratifiedGroupKFold
0,HSM5MD44_P,H4010,UC,1,3,StratifiedGroupKFold
0,HSM5MD47_P,H4010,UC,1,3,StratifiedGroupKFold
0,HSM5MD48,H4006,CD,1,1,StratifiedGroupKFold
0,HSM5MD49_P,H4006,CD,1,1,StratifiedGroupKFold
0,HSM5MD4A,H4006,CD,1,1,StratifiedGroupKFold
0,HSM5MD4A_P,H4006,CD,1,1,StratifiedGroupKFold
0,HSM5MD4B_P,H4006,CD,1,1,StratifiedGroupKFold
0,HSM5MD4N,H4007,CD,1,2,StratifiedGroupKFold
0,HSM5MD4O,H4007,CD,1,2,StratifiedGroupKFold
0,HSM5MD4P_P,H4007,CD,1,2,StratifiedGroupKFold
0,HSM5MD4Q,H4007,CD,1,2,StratifiedGroupKFold
0,HSM5MD4S,H4004,CD,1,2,StratifiedGroupKFold
0,HSM5MD4U_P,H4004,CD,1,2,StratifiedGroupKFold
0,HSM5MD4W,H4004,CD,1,2,StratifiedGroupKFold
0,HSM5MD4W_P,H4004,CD,1,2,StratifiedGroupKFold
0,HSM5MD4Y,H4004,CD,1,2,StratifiedGroupKFold
0,HSM5MD51,H4004,CD,1,2,StratifiedGroupKFold
0,HSM5MD53,H4004,CD,1,2,StratifiedGroupKFold
0,HSM5MD57_P,H4008,nonIBD,0,3,StratifiedGroupKFold
0,HSM5MD59_P,H4008,nonIBD,0,3,StratifiedGroupKFold
0,HSM5MD5B,H4008,nonIBD,0,3,StratifiedGroupKFold
0,HSM5MD5B_P,H4008,nonIBD,0,3,StratifiedGroupKFold
0,HSM5MD5D,H4008,nonIBD,0,3,StratifiedGroupKFold
0,HSM5MD5D_P,H4008,nonIBD,0,3,StratifiedGroupKFold
0,HSM5MD5F_P,H4008,nonIBD,0,3,StratifiedGroupKFold
0,HSM5MD5H_P,H4001,CD,1,1,StratifiedGroupKFold
0,HSM5MD5K,H4001,CD,1,1,StratifiedGroupKFold
0,HSM5MD5K_P,H4001,CD,1,1,StratifiedGroupKFold
0,HSM5MD5P,H4004,CD,1,2,StratifiedGroupKFold
0,HSM5MD5X_P,H4015,CD,1,2,StratifiedGroupKFold
0,HSM5MD62,H4015,CD,1,2,StratifiedGroupKFold
0,HSM5MD6Y,H4015,CD,1,2,StratifiedGroupKFold
0,HSM5MD71,H4015,CD,1,2,StratifiedGroupKFold
0,HSM5MD73,H4015,CD,1,2,StratifiedGroupKFold
0,HSM5MD75,H4015,CD,1,2,StratifiedGroupKFold
0,HSM5MD79,H4001,CD,1,1,StratifiedGroupKFold
0,HSM5MD7H,H4001,CD,1,1,StratifiedGroupKFold
0,HSM5MD7J,H4001,CD,1,1,StratifiedGroupKFold
0,HSM5MD7K,H4006,CD,1,1,StratifiedGroupKFold
0,HSM5MD7M,H4006,CD,1,1,StratifiedGroupKFold
0,HSM5MD7O,H4006,CD,1,1,StratifiedGroupKFold
0,HSM5MD7Q,H4006,CD,1,1,StratifiedGroupKFold
0,HSM5MD7S,H4006,CD,1,1,StratifiedGroupKFold
0,HSM5MD7U,H4006,CD,1,1,StratifiedGroupKFold
0,HSM5MD7W,H4001,CD,1,1,StratifiedGroupKFold
0,HSM5MD7W_P,H4001,CD,1,1,StratifiedGroupKFold
0,HSM5MD7Z,H4007,CD,1,2,StratifiedGroupKFold
0,HSM5MD7Z_P,H4007,CD,1,2,StratifiedGroupKFold
0,HSM5MD82,H4009,nonIBD,0,2,StratifiedGroupKFold
0,HSM5MD82_P,H4009,nonIBD,0,2,StratifiedGroupKFold
0,HSM5MD86,H4006,CD,1,1,StratifiedGroupKFold
0,HSM5MD87,H4010,UC,1,3,StratifiedGroupKFold
0,HSM5MD87_P,H4010,UC,1,3,StratifiedGroupKFold
0,HSM5MD8A,H4008,nonIBD,0,3,StratifiedGroupKFold
0,HSM5MD8A_P,H4008,nonIBD,0,3,StratifiedGroupKFold
0,HSM5MD8B,H4009,nonIBD,0,2,StratifiedGroupKFold
0,HSM5MD8B_P,H4009,nonIBD,0,2,StratifiedGroupKFold
0,HSM5MD8D_P,H4009,nonIBD,0,2,StratifiedGroupKFold
0,HSM5MD8J_P,H4011,CD,1,0,StratifiedGroupKFold
0,HSM5MD8L_P,H4009,nonIBD,0,2,StratifiedGroupKFold
0,HSM5MD8N_P,H4009,nonIBD,0,2,StratifiedGroupKFold
0,HSM5MD8P_P,H4009,nonIBD,0,2,StratifiedGroupKFold
0,HSM5MEE5_P,E5001,CD,1,1,StratifiedGroupKFold
0,HSM67VCX_P,H4020,CD,1,0,StratifiedGroupKFold
0,HSM67VCZ,H4020,CD,1,0,StratifiedGroupKFold
0,HSM67VD2,H4020,CD,1,0,StratifiedGroupKFold
0,HSM67VD4,H4020,CD,1,0,StratifiedGroupKFold
0,HSM67VD6,H4020,CD,1,0,StratifiedGroupKFold
0,HSM67VDP,H4004,CD,1,2,StratifiedGroupKFold
0,HSM67VDR,H4023,nonIBD,0,3,StratifiedGroupKFold
0,HSM67VDR_P,H4023,nonIBD,0,3,StratifiedGroupKFold
0,HSM67VDT,H4024,nonIBD,0,1,StratifiedGroupKFold
0,HSM67VDT_P,H4024,nonIBD,0,1,StratifiedGroupKFold
0,HSM67VDX,H4022,nonIBD,0,3,StratifiedGroupKFold
0,HSM67VDX_P,H4022,nonIBD,0,3,StratifiedGroupKFold
0,HSM67VDZ,H4001,CD,1,1,StratifiedGroupKFold
0,HSM67VE4,H4001,CD,1,1,StratifiedGroupKFold
0,HSM67VEA,H4001,CD,1,1,StratifiedGroupKFold
0,HSM67VEC,H4006,CD,1,1,StratifiedGroupKFold
0,HSM67VEE,H4006,CD,1,1,StratifiedGroupKFold
0,HSM67VEG,H4006,CD,1,1,StratifiedGroupKFold
0,HSM67VEI,H4006,CD,1,1,StratifiedGroupKFold
0,HSM67VEK,H4006,CD,1,1,StratifiedGroupKFold
0,HSM67VEM,H4006,CD,1,1,StratifiedGroupKFold
0,HSM67VEM_TR,H4006,CD,1,1,StratifiedGroupKFold
0,HSM67VEO,H4022,nonIBD,0,3,StratifiedGroupKFold
0,HSM67VEQ,H4022,nonIBD,0,3,StratifiedGroupKFold
0,HSM67VES,H4022,nonIBD,0,3,StratifiedGroupKFold
0,HSM67VEU,H4022,nonIBD,0,3,StratifiedGroupKFold
0,HSM67VEW,H4022,nonIBD,0,3,StratifiedGroupKFold
0,HSM67VF9,H4017,CD,1,0,StratifiedGroupKFold
0,HSM67VFD,H4017,CD,1,0,StratifiedGroupKFold
0,HSM67VFF,H4017,CD,1,0,StratifiedGroupKFold
0,HSM67VFH,H4017,CD,1,0,StratifiedGroupKFold
0,HSM67VFJ,H4017,CD,1,0,StratifiedGroupKFold
0,HSM67VFR,H4018,nonIBD,0,1,StratifiedGroupKFold
0,HSM67VFX,H4008,nonIBD,0,3,StratifiedGroupKFold
0,HSM67VFX_P,H4008,nonIBD,0,3,StratifiedGroupKFold
0,HSM67VFZ,H4008,nonIBD,0,3,StratifiedGroupKFold
0,HSM67VG2_P,H4008,nonIBD,0,3,StratifiedGroupKFold
0,HSM67VG6,H4008,nonIBD,0,3,StratifiedGroupKFold
0,HSM67VG6_P,H4008,nonIBD,0,3,StratifiedGroupKFold
0,HSM67VG8,H4008,nonIBD,0,3,StratifiedGroupKFold
0,HSM67VGA,H4009,nonIBD,0,2,StratifiedGroupKFold
0,HSM67VGA_P,H4009,nonIBD,0,2,StratifiedGroupKFold
0,HSM67VGC,H4009,nonIBD,0,2,StratifiedGroupKFold
0,HSM67VGE_P,H4009,nonIBD,0,2,StratifiedGroupKFold
0,HSM67VGG,H4009,nonIBD,0,2,StratifiedGroupKFold
0,HSM67VGI_P,H4009,nonIBD,0,2,StratifiedGroupKFold
0,HSM67VGK,H4009,nonIBD,0,2,StratifiedGroupKFold
0,HSM67VGK_TR,H4009,nonIBD,0,2,StratifiedGroupKFold
0,HSM67VGY,H4010,UC,1,3,StratifiedGroupKFold
0,HSM67VH1,H4010,UC,1,3,StratifiedGroupKFold
0,HSM67VHB,H4020,CD,1,0,StratifiedGroupKFold
0,HSM67VHD,H4020,CD,1,0,StratifiedGroupKFold
0,HSM67VHF,H4020,CD,1,0,StratifiedGroupKFold
0,HSM67VHH,H4020,CD,1,0,StratifiedGroupKFold
0,HSM67VHJ,H4020,CD,1,0,StratifiedGroupKFold
0,HSM67VHK,H4017,CD,1,0,StratifiedGroupKFold
0,HSM67VHQ,H4007,CD,1,2,StratifiedGroupKFold
0,HSM67VHS,H4007,CD,1,2,StratifiedGroupKFold
0,HSM67VHU,H4007,CD,1,2,StratifiedGroupKFold
0,HSM67VHW,H4007,CD,1,2,StratifiedGroupKFold
0,HSM67VI1,H4007,CD,1,2,StratifiedGroupKFold
0,HSM67VI3,H4024,nonIBD,0,1,StratifiedGroupKFold
0,HSM67VI5,H4024,nonIBD,0,1,StratifiedGroupKFold
0,HSM67VI7,H4024,nonIBD,0,1,StratifiedGroupKFold
0,HSM67VI9,H4024,nonIBD,0,1,StratifiedGroupKFold
0,HSM67VIB,H4024,nonIBD,0,1,StratifiedGroupKFold
0,HSM67VID,H4028,CD,1,1,StratifiedGroupKFold
0,HSM67VIF,H4028,CD,1,1,StratifiedGroupKFold
0,HSM67VIJ_P,H4028,CD,1,1,StratifiedGroupKFold
0,HSM67VIL,H4028,CD,1,1,StratifiedGroupKFold
0,HSM6S4FN,H4018,nonIBD,0,1,StratifiedGroupKFold
0,HSM6S4FO,H4018,nonIBD,0,1,StratifiedGroupKFold
0,HSM6S4FP,H4018,nonIBD,0,1,StratifiedGroupKFold
0,HSM6S4FQ,H4019,UC,1,2,StratifiedGroupKFold
0,HSM6S4FR,H4019,UC,1,2,StratifiedGroupKFold
0,HSM6S4FS,H4019,UC,1,2,StratifiedGroupKFold
0,HSM6S4FT,H4020,CD,1,0,StratifiedGroupKFold
0,HSM6S4FU,H4020,CD,1,0,StratifiedGroupKFold
0,HSM6S4FY,H4022,nonIBD,0,3,StratifiedGroupKFold
0,HSM6S4FZ,H4022,nonIBD,0,3,StratifiedGroupKFold
0,HSM6S4G1,H4022,nonIBD,0,3,StratifiedGroupKFold
0,HSM6S4G2,H4023,nonIBD,0,3,StratifiedGroupKFold
0,HSM6S4G3,H4023,nonIBD,0,3,StratifiedGroupKFold
0,HSM6S4G4,H4023,nonIBD,0,3,StratifiedGroupKFold
0,HSM6S4G5,H4024,nonIBD,0,1,StratifiedGroupKFold
0,HSM6S4G6,H4024,nonIBD,0,1,StratifiedGroupKFold
0,HSM6S4G7,H4024,nonIBD,0,1,StratifiedGroupKFold
0,HSM6S4GB,H4007,CD,1,2,StratifiedGroupKFold
0,HSM6S4GC,H4007,CD,1,2,StratifiedGroupKFold
0,HSM6S4GG,H4027,UC,1,1,StratifiedGroupKFold
0,HSM6S4GH,H4027,UC,1,1,StratifiedGroupKFold
0,HSM6S4GI,H4027,UC,1,1,StratifiedGroupKFold
0,HSM6S4GJ,H4028,CD,1,1,StratifiedGroupKFold
0,HSM6S4GK,H4028,CD,1,1,StratifiedGroupKFold
0,HSM6S4GL,H4028,CD,1,1,StratifiedGroupKFold
0,HSM6S4GM,H4008,nonIBD,0,3,StratifiedGroupKFold
0,HSM6S4GN,H4008,nonIBD,0,3,StratifiedGroupKFold
0,HSM6S4GO,H4019,UC,1,2,StratifiedGroupKFold
0,HSM6S4GP,H4019,UC,1,2,StratifiedGroupKFold
0,HSM6S4GQ,H4019,UC,1,2,StratifiedGroupKFold
0,HSM6XRQ8,H4023,nonIBD,0,3,StratifiedGroupKFold
0,HSM6XRQB,H4017,CD,1,0,StratifiedGroupKFold
0,HSM6XRQB_P,H4017,CD,1,0,StratifiedGroupKFold
0,HSM6XRQC,H4018,nonIBD,0,1,StratifiedGroupKFold
0,HSM6XRQC_P,H4018,nonIBD,0,1,StratifiedGroupKFold
0,HSM6XRQE,H4019,UC,1,2,StratifiedGroupKFold
0,HSM6XRQE_P,H4019,UC,1,2,StratifiedGroupKFold
0,HSM6XRQI,H4017,CD,1,0,StratifiedGroupKFold
0,HSM6XRQK,H4017,CD,1,0,StratifiedGroupKFold
0,HSM6XRQM,H4017,CD,1,0,StratifiedGroupKFold
0,HSM6XRQO,H4017,CD,1,0,StratifiedGroupKFold
0,HSM6XRQS,H4018,nonIBD,0,1,StratifiedGroupKFold
0,HSM6XRQU,H4018,nonIBD,0,1,StratifiedGroupKFold
0,HSM6XRQW,H4018,nonIBD,0,1,StratifiedGroupKFold
0,HSM6XRQY,H4018,nonIBD,0,1,StratifiedGroupKFold
0,HSM6XRR3,H4020,CD,1,0,StratifiedGroupKFold
0,HSM6XRR5,H4019,UC,1,2,StratifiedGroupKFold
0,HSM6XRR7,H4019,UC,1,2,StratifiedGroupKFold
0,HSM6XRR9,H4019,UC,1,2,StratifiedGroupKFold
0,HSM6XRRB,H4019,UC,1,2,StratifiedGroupKFold
0,HSM6XRRD,H4019,UC,1,2,StratifiedGroupKFold
0,HSM6XRS4,H4015,CD,1,2,StratifiedGroupKFold
0,HSM6XRS6,H4015,CD,1,2,StratifiedGroupKFold
0,HSM6XRS8,H4015,CD,1,2,StratifiedGroupKFold
0,HSM6XRSE,H4015,CD,1,2,StratifiedGroupKFold
0,HSM6XRSG,H4004,CD,1,2,StratifiedGroupKFold
0,HSM6XRSI,H4004,CD,1,2,StratifiedGroupKFold
0,HSM6XRSN,H4007,CD,1,2,StratifiedGroupKFold
0,HSM6XRST,H4007,CD,1,2,StratifiedGroupKFold
0,HSM6XRSX,H4008,nonIBD,0,3,StratifiedGroupKFold
0,HSM6XRSX_P,H4008,nonIBD,0,3,StratifiedGroupKFold
0,HSM6XRSZ,H4008,nonIBD,0,3,StratifiedGroupKFold
0,HSM6XRSZ_P,H4008,nonIBD,0,3,StratifiedGroupKFold
0,HSM6XRT2_P,H4008,nonIBD,0,3,StratifiedGroupKFold
0,HSM6XRT4_P,H4008,nonIBD,0,3,StratifiedGroupKFold
0,HSM6XRT6_P,H4008,nonIBD,0,3,StratifiedGroupKFold
0,HSM6XRT8,H4009,nonIBD,0,2,StratifiedGroupKFold
0,HSM6XRTA_P,H4009,nonIBD,0,2,StratifiedGroupKFold
0,HSM6XRTC,H4009,nonIBD,0,2,StratifiedGroupKFold
0,HSM6XRTC_P,H4009,nonIBD,0,2,StratifiedGroupKFold
0,HSM6XRTE_P,H4009,nonIBD,0,2,StratifiedGroupKFold
0,HSM6XRTG,H4009,nonIBD,0,2,StratifiedGroupKFold
0,HSM6XRTG_P,H4009,nonIBD,0,2,StratifiedGroupKFold
0,HSM6XRTM,H4010,UC,1,3,StratifiedGroupKFold
0,HSM6XRTO,H4010,UC,1,3,StratifiedGroupKFold
0,HSM6XRTQ,H4010,UC,1,3,StratifiedGroupKFold
0,HSM6XRTS,H4010,UC,1,3,StratifiedGroupKFold
0,HSM6XRUL,H4023,nonIBD,0,3,StratifiedGroupKFold
0,HSM6XRUN,H4023,nonIBD,0,3,StratifiedGroupKFold
0,HSM6XRUR,H4023,nonIBD,0,3,StratifiedGroupKFold
0,HSM6XRUV,H4020,CD,1,0,StratifiedGroupKFold
0,HSM6XRUX,H4019,UC,1,2,StratifiedGroupKFold
0,HSM6XRUZ,H4019,UC,1,2,StratifiedGroupKFold
0,HSM6XRV2,H4019,UC,1,2,StratifiedGroupKFold
0,HSM6XRV4,H4019,UC,1,2,StratifiedGroupKFold
0,HSM6XRV6,H4019,UC,1,2,StratifiedGroupKFold
0,HSM6XRV8,H4019,UC,1,2,StratifiedGroupKFold
0,HSM7CYWS_P,H4030,CD,1,3,StratifiedGroupKFold
0,HSM7CYWW,H4027,UC,1,1,StratifiedGroupKFold
0,HSM7CYX2,H4006,CD,1,1,StratifiedGroupKFold
0,HSM7CYX4,H4006,CD,1,1,StratifiedGroupKFold
0,HSM7CYX6,H4006,CD,1,1,StratifiedGroupKFold
0,HSM7CYX8,H4006,CD,1,1,StratifiedGroupKFold
0,HSM7CYXA,H4006,CD,1,1,StratifiedGroupKFold
0,HSM7CYXC,H4006,CD,1,1,StratifiedGroupKFold
0,HSM7CYXQ,H4007,CD,1,2,StratifiedGroupKFold
0,HSM7CYXS,H4007,CD,1,2,StratifiedGroupKFold
0,HSM7CYY1,H4007,CD,1,2,StratifiedGroupKFold
0,HSM7CYY3,H4017,CD,1,0,StratifiedGroupKFold
0,HSM7CYY5,H4017,CD,1,0,StratifiedGroupKFold
0,HSM7CYY7,H4017,CD,1,0,StratifiedGroupKFold
0,HSM7CYY9,H4017,CD,1,0,StratifiedGroupKFold
0,HSM7CYYB,H4017,CD,1,0,StratifiedGroupKFold
0,HSM7CYYD,H4017,CD,1,0,StratifiedGroupKFold
0,HSM7CYYF,H4018,nonIBD,0,1,StratifiedGroupKFold
0,HSM7CYYH,H4018,nonIBD,0,1,StratifiedGroupKFold
0,HSM7CYYP,H4018,nonIBD,0,1,StratifiedGroupKFold
0,HSM7CYYR_P,H4009,nonIBD,0,2,StratifiedGroupKFold
0,HSM7CYYV_P,H4009,nonIBD,0,2,StratifiedGroupKFold
0,HSM7CYYZ,H4009,nonIBD,0,2,StratifiedGroupKFold
0,HSM7CYZ5,H4015,CD,1,2,StratifiedGroupKFold
0,HSM7CYZ7,H4015,CD,1,2,StratifiedGroupKFold
0,HSM7CYZ9,H4015,CD,1,2,StratifiedGroupKFold
0,HSM7CYZB,H4015,CD,1,2,StratifiedGroupKFold
0,HSM7CYZD,H4015,CD,1,2,StratifiedGroupKFold
0,HSM7CYZF,H4015,CD,1,2,StratifiedGroupKFold
0,HSM7CYZJ,H4022,nonIBD,0,3,StratifiedGroupKFold
0,HSM7CYZL,H4022,nonIBD,0,3,StratifiedGroupKFold
0,HSM7CYZR,H4022,nonIBD,0,3,StratifiedGroupKFold
0,HSM7CYZT,H4004,CD,1,2,StratifiedGroupKFold
0,HSM7CYZV,H4004,CD,1,2,StratifiedGroupKFold
0,HSM7CZ14,H4004,CD,1,2,StratifiedGroupKFold
0,HSM7CZ16,H4023,nonIBD,0,3,StratifiedGroupKFold
0,HSM7CZ18,H4023,nonIBD,0,3,StratifiedGroupKFold
0,HSM7CZ1A,H4023,nonIBD,0,3,StratifiedGroupKFold
0,HSM7CZ1C,H4023,nonIBD,0,3,StratifiedGroupKFold
0,HSM7CZ1E,H4023,nonIBD,0,3,StratifiedGroupKFold
0,HSM7CZ1G,H4023,nonIBD,0,3,StratifiedGroupKFold
0,HSM7CZ1T,H4027,UC,1,1,StratifiedGroupKFold
0,HSM7CZ1T_P,H4027,UC,1,1,StratifiedGroupKFold
0,HSM7CZ1V,H4027,UC,1,1,StratifiedGroupKFold
0,HSM7CZ1Z,H4027,UC,1,1,StratifiedGroupKFold
0,HSM7CZ22,H4027,UC,1,1,StratifiedGroupKFold
0,HSM7CZ24,H4024,nonIBD,0,1,StratifiedGroupKFold
0,HSM7CZ26,H4024,nonIBD,0,1,StratifiedGroupKFold
0,HSM7CZ28,H4024,nonIBD,0,1,StratifiedGroupKFold
0,HSM7CZ2A,H4024,nonIBD,0,1,StratifiedGroupKFold
0,HSM7CZ2E,H4024,nonIBD,0,1,StratifiedGroupKFold
0,HSM7CZ2F,H4008,nonIBD,0,3,StratifiedGroupKFold
0,HSM7CZ2H,H4008,nonIBD,0,3,StratifiedGroupKFold
0,HSM7CZ2J_P,H4008,nonIBD,0,3,StratifiedGroupKFold
0,HSM7CZ2L_P,H4008,nonIBD,0,3,StratifiedGroupKFold
0,HSM7CZ2P,H4008,nonIBD,0,3,StratifiedGroupKFold
0,HSM7CZ2X,H4035,UC,1,0,StratifiedGroupKFold
0,HSM7CZ2X_P,H4035,UC,1,0,StratifiedGroupKFold
0,HSM7CZ2Z,H4030,CD,1,3,StratifiedGroupKFold
0,HSM7CZ32,H4030,CD,1,3,StratifiedGroupKFold
0,HSM7CZ36,H4030,CD,1,3,StratifiedGroupKFold
0,HSM7CZ38,H4030,CD,1,3,StratifiedGroupKFold
0,HSM7H3WH,H4030,CD,1,3,StratifiedGroupKFold
0,HSM7H3WJ,H4030,CD,1,3,StratifiedGroupKFold
0,HSM7H3WN,H4032,CD,1,3,StratifiedGroupKFold
0,HSM7H3WO,H4032,CD,1,3,StratifiedGroupKFold
0,HSM7H3WP,H4032,CD,1,3,StratifiedGroupKFold
0,HSM7H3WQ,H4004,CD,1,2,StratifiedGroupKFold
0,HSM7H3WR,H4004,CD,1,2,StratifiedGroupKFold
0,HSM7H3WS,H4004,CD,1,2,StratifiedGroupKFold
0,HSM7H3WW,H4035,UC,1,0,StratifiedGroupKFold
0,HSM7H3WX,H4035,UC,1,0,StratifiedGroupKFold
0,HSM7H3WY,H4035,UC,1,0,StratifiedGroupKFold
0,HSM7J4G1,H4022,nonIBD,0,3,StratifiedGroupKFold
0,HSM7J4G8,H4022,nonIBD,0,3,StratifiedGroupKFold
0,HSM7J4G9,H4028,CD,1,1,StratifiedGroupKFold
0,HSM7J4GB,H4028,CD,1,1,StratifiedGroupKFold
0,HSM7J4GD,H4028,CD,1,1,StratifiedGroupKFold
0,HSM7J4GP,H4027,UC,1,1,StratifiedGroupKFold
0,HSM7J4GR,H4027,UC,1,1,StratifiedGroupKFold
0,HSM7J4HA,H4023,nonIBD,0,3,StratifiedGroupKFold
0,HSM7J4HC,H4023,nonIBD,0,3,StratifiedGroupKFold
0,HSM7J4HE,H4023,nonIBD,0,3,StratifiedGroupKFold
0,HSM7J4HG,H4023,nonIBD,0,3,StratifiedGroupKFold
0,HSM7J4HI,H4023,nonIBD,0,3,StratifiedGroupKFold
0,HSM7J4HK,H4023,nonIBD,0,3,StratifiedGroupKFold
0,HSM7J4HM,H4035,UC,1,0,StratifiedGroupKFold
0,HSM7J4HO,H4035,UC,1,0,StratifiedGroupKFold
0,HSM7J4HQ,H4035,UC,1,0,StratifiedGroupKFold
0,HSM7J4HS,H4035,UC,1,0,StratifiedGroupKFold
0,HSM7J4HU,H4035,UC,1,0,StratifiedGroupKFold
0,HSM7J4HW,H4024,nonIBD,0,1,StratifiedGroupKFold
0,HSM7J4HY,H4024,nonIBD,0,1,StratifiedGroupKFold
0,HSM7J4I5,H4024,nonIBD,0,1,StratifiedGroupKFold
0,HSM7J4I7,H4024,nonIBD,0,1,StratifiedGroupKFold
0,HSM7J4I9,H4024,nonIBD,0,1,StratifiedGroupKFold
0,HSM7J4IC,H4032,CD,1,3,StratifiedGroupKFold
0,HSM7J4IO,H4020,CD,1,0,StratifiedGroupKFold
0,HSM7J4IP,H4020,CD,1,0,StratifiedGroupKFold
0,HSM7J4IQ,H4020,CD,1,0,StratifiedGroupKFold
0,HSM7J4IR,H4020,CD,1,0,StratifiedGroupKFold
0,HSM7J4IS,H4020,CD,1,0,StratifiedGroupKFold
0,HSM7J4IU,H4022,nonIBD,0,3,StratifiedGroupKFold
0,HSM7J4IW,H4022,nonIBD,0,3,StratifiedGroupKFold
0,HSM7J4J5,H4022,nonIBD,0,3,StratifiedGroupKFold
0,HSM7J4JH,H4039,CD,1,3,StratifiedGroupKFold
0,HSM7J4JJ,H4039,CD,1,3,StratifiedGroupKFold
0,HSM7J4JN,H4039,CD,1,3,StratifiedGroupKFold
0,HSM7J4JP,H4039,CD,1,3,StratifiedGroupKFold
0,HSM7J4JV,H4042,UC,1,2,StratifiedGroupKFold
0,HSM7J4JV_P,H4042,UC,1,2,StratifiedGroupKFold
0,HSM7J4JW,H4043,CD,1,3,StratifiedGroupKFold
0,HSM7J4JZ,H4035,UC,1,0,StratifiedGroupKFold
0,HSM7J4K2,H4035,UC,1,0,StratifiedGroupKFold
0,HSM7J4K4,H4035,UC,1,0,StratifiedGroupKFold
0,HSM7J4K6,H4035,UC,1,0,StratifiedGroupKFold
0,HSM7J4K8,H4035,UC,1,0,StratifiedGroupKFold
0,HSM7J4KA,H4035,UC,1,0,StratifiedGroupKFold
0,HSM7J4KC,H4023,nonIBD,0,3,StratifiedGroupKFold
0,HSM7J4KG,H4023,nonIBD,0,3,StratifiedGroupKFold
0,HSM7J4KI,H4023,nonIBD,0,3,StratifiedGroupKFold
0,HSM7J4KK,H4023,nonIBD,0,3,StratifiedGroupKFold
0,HSM7J4KM,H4023,nonIBD,0,3,StratifiedGroupKFold
0,HSM7J4L5,H4030,CD,1,3,StratifiedGroupKFold
0,HSM7J4L9,H4030,CD,1,3,StratifiedGroupKFold
0,HSM7J4LD,H4018,nonIBD,0,1,StratifiedGroupKFold
0,HSM7J4LF,H4018,nonIBD,0,1,StratifiedGroupKFold
0,HSM7J4LH,H4018,nonIBD,0,1,StratifiedGroupKFold
0,HSM7J4LN,H4018,nonIBD,0,1,StratifiedGroupKFold
0,HSM7J4LP,H4039,CD,1,3,StratifiedGroupKFold
0,HSM7J4M4,H4019,UC,1,2,StratifiedGroupKFold
0,HSM7J4M6,H4019,UC,1,2,StratifiedGroupKFold
0,HSM7J4M8,H4019,UC,1,2,StratifiedGroupKFold
0,HSM7J4MA,H4019,UC,1,2,StratifiedGroupKFold
0,HSM7J4MC,H4019,UC,1,2,StratifiedGroupKFold
0,HSM7J4ME,H4019,UC,1,2,StratifiedGroupKFold
0,HSM7J4MS,H4032,CD,1,3,StratifiedGroupKFold
0,HSM7J4MW,H4032,CD,1,3,StratifiedGroupKFold
0,HSM7J4MY,H4028,CD,1,1,StratifiedGroupKFold
0,HSM7J4N4,H4028,CD,1,1,StratifiedGroupKFold
0,HSM7J4N6,H4028,CD,1,1,StratifiedGroupKFold
0,HSM7J4N8,H4028,CD,1,1,StratifiedGroupKFold
0,HSM7J4NA,H4028,CD,1,1,StratifiedGroupKFold
0,HSM7J4NC,H4027,UC,1,1,StratifiedGroupKFold
0,HSM7J4NE,H4027,UC,1,1,StratifiedGroupKFold
0,HSM7J4NM,H4027,UC,1,1,StratifiedGroupKFold
0,HSM7J4NY,H4024,nonIBD,0,1,StratifiedGroupKFold
0,HSM7J4O1,H4024,nonIBD,0,1,StratifiedGroupKFold
0,HSM7J4O3,H4024,nonIBD,0,1,StratifiedGroupKFold
0,HSM7J4O5,H4024,nonIBD,0,1,StratifiedGroupKFold
0,HSM7J4O7,H4024,nonIBD,0,1,StratifiedGroupKFold
0,HSM7J4O9,H4024,nonIBD,0,1,StratifiedGroupKFold
0,HSM7J4ON,H4030,CD,1,3,StratifiedGroupKFold
0,HSM7J4OP,H4030,CD,1,3,StratifiedGroupKFold
0,HSM7J4OT,H4030,CD,1,3,StratifiedGroupKFold
0,HSM7J4OV,H4030,CD,1,3,StratifiedGroupKFold
0,HSM7J4OX,H4030,CD,1,3,StratifiedGroupKFold
0,HSM7J4OZ,H4032,CD,1,3,StratifiedGroupKFold
0,HSM7J4P2,H4032,CD,1,3,StratifiedGroupKFold
0,HSM7J4PC,H4019,UC,1,2,StratifiedGroupKFold
0,HSM7J4PE,H4019,UC,1,2,StratifiedGroupKFold
0,HSM7J4PG,H4019,UC,1,2,StratifiedGroupKFold
0,HSM7J4PI,H4019,UC,1,2,StratifiedGroupKFold
0,HSM7J4PK,H4019,UC,1,2,StratifiedGroupKFold
0,HSM7J4PM,H4019,UC,1,2,StratifiedGroupKFold
0,HSM7J4PO,H4020,CD,1,0,StratifiedGroupKFold
0,HSM7J4PQ,H4020,CD,1,0,StratifiedGroupKFold
0,HSM7J4PS,H4020,CD,1,0,StratifiedGroupKFold
0,HSM7J4PU,H4020,CD,1,0,StratifiedGroupKFold
0,HSM7J4PW,H4020,CD,1,0,StratifiedGroupKFold
0,HSM7J4PY,H4020,CD,1,0,StratifiedGroupKFold
0,HSM7J4Q1,H4032,CD,1,3,StratifiedGroupKFold
0,HSM7J4Q3,H4032,CD,1,3,StratifiedGroupKFold
0,HSM7J4Q3_P,H4032,CD,1,3,StratifiedGroupKFold
0,HSM7J4Q7,H4032,CD,1,3,StratifiedGroupKFold
0,HSM7J4Q9,H4032,CD,1,3,StratifiedGroupKFold
0,HSM7J4QB,H4015,CD,1,2,StratifiedGroupKFold
0,HSM7J4QD,H4015,CD,1,2,StratifiedGroupKFold
0,HSM7J4QF,H4015,CD,1,2,StratifiedGroupKFold
0,HSM7J4QH,H4015,CD,1,2,StratifiedGroupKFold
0,HSM7J4QJ,H4015,CD,1,2,StratifiedGroupKFold
0,HSM7J4QL,H4015,CD,1,2,StratifiedGroupKFold
0,HSM7J4RE,H4022,nonIBD,0,3,StratifiedGroupKFold
0,HSM9JTBX,H4039,CD,1,3,StratifiedGroupKFold
0,HSM9JTBY,H4039,CD,1,3,StratifiedGroupKFold
0,HSM9JTBZ,H4039,CD,1,3,StratifiedGroupKFold
0,HSM9JTC7,H4042,UC,1,2,StratifiedGroupKFold
0,HSM9JTC8,H4042,UC,1,2,StratifiedGroupKFold
0,HSM9UBMN,H4043,CD,1,3,StratifiedGroupKFold
0,HSM9UBMO,H4043,CD,1,3,StratifiedGroupKFold
0,HSM9UBMP,H4043,CD,1,3,StratifiedGroupKFold
0,HSM9UBMS,H4045,nonIBD,0,0,StratifiedGroupKFold
0,HSM9UBMT,H4045,nonIBD,0,0,StratifiedGroupKFold
0,HSM9UBMU,H4045,nonIBD,0,0,StratifiedGroupKFold
0,HSMA33IE,H4043,CD,1,3,StratifiedGroupKFold
0,HSMA33IG,H4043,CD,1,3,StratifiedGroupKFold
0,HSMA33IK,H4043,CD,1,3,StratifiedGroupKFold
0,HSMA33IO,H4042,UC,1,2,StratifiedGroupKFold
0,HSMA33IS,H4042,UC,1,2,StratifiedGroupKFold
0,HSMA33IY,H4042,UC,1,2,StratifiedGroupKFold
0,HSMA33J1_P,H4045,nonIBD,0,0,StratifiedGroupKFold
0,HSMA33J3,H4045,nonIBD,0,0,StratifiedGroupKFold
0,HSMA33J5,H4045,nonIBD,0,0,StratifiedGroupKFold
0,HSMA33J7,H4045,nonIBD,0,0,StratifiedGroupKFold
0,HSMA33J9,H4045,nonIBD,0,0,StratifiedGroupKFold
0,HSMA33JN,H4032,CD,1,3,StratifiedGroupKFold
0,HSMA33JP,H4032,CD,1,3,StratifiedGroupKFold
0,HSMA33JR,H4032,CD,1,3,StratifiedGroupKFold
0,HSMA33JT,H4032,CD,1,3,StratifiedGroupKFold
0,HSMA33JZ,H4030,CD,1,3,StratifiedGroupKFold
0,HSMA33K2,H4030,CD,1,3,StratifiedGroupKFold
0,HSMA33KQ,H4039,CD,1,3,StratifiedGroupKFold
0,HSMA33KS,H4039,CD,1,3,StratifiedGroupKFold
0,HSMA33KU,H4039,CD,1,3,StratifiedGroupKFold
0,HSMA33L1,H4039,CD,1,3,StratifiedGroupKFold
0,HSMA33L3,H4028,CD,1,1,StratifiedGroupKFold
0,HSMA33LL,H4043,CD,1,3,StratifiedGroupKFold
0,HSMA33LP,H4043,CD,1,3,StratifiedGroupKFold
0,HSMA33LV,H4043,CD,1,3,StratifiedGroupKFold
0,HSMA33MA,H4035,UC,1,0,StratifiedGroupKFold
0,HSMA33MC,H4035,UC,1,0,StratifiedGroupKFold
0,HSMA33ME,H4035,UC,1,0,StratifiedGroupKFold
0,HSMA33MG,H4035,UC,1,0,StratifiedGroupKFold
0,HSMA33MI,H4035,UC,1,0,StratifiedGroupKFold
0,HSMA33MK,H4035,UC,1,0,StratifiedGroupKFold
0,HSMA33MQ,H4045,nonIBD,0,0,StratifiedGroupKFold
0,HSMA33MS,H4045,nonIBD,0,0,StratifiedGroupKFold
0,HSMA33MV,H4032,CD,1,3,StratifiedGroupKFold
0,HSMA33MX,H4042,UC,1,2,StratifiedGroupKFold
0,HSMA33MZ,H4042,UC,1,2,StratifiedGroupKFold
0,HSMA33N4,H4042,UC,1,2,StratifiedGroupKFold
0,HSMA33NO,H4039,CD,1,3,StratifiedGroupKFold
0,HSMA33NQ,H4039,CD,1,3,StratifiedGroupKFold
0,HSMA33NY,H4045,nonIBD,0,0,StratifiedGroupKFold
0,HSMA33O1,H4027,UC,1,1,StratifiedGroupKFold
0,HSMA33O3,H4027,UC,1,1,StratifiedGroupKFold
0,HSMA33O5,H4027,UC,1,1,StratifiedGroupKFold
0,HSMA33OP,H4035,UC,1,0,StratifiedGroupKFold
0,HSMA33OR,H4035,UC,1,0,StratifiedGroupKFold
0,HSMA33OT,H4035,UC,1,0,StratifiedGroupKFold
0,HSMA33OV,H4035,UC,1,0,StratifiedGroupKFold
0,HSMA33OX,H4035,UC,1,0,StratifiedGroupKFold
0,HSMA33OZ,H4035,UC,1,0,StratifiedGroupKFold
0,HSMA33PL,H4039,CD,1,3,StratifiedGroupKFold
0,HSMA33PN,H4039,CD,1,3,StratifiedGroupKFold
0,HSMA33PP,H4039,CD,1,3,StratifiedGroupKFold
0,HSMA33QM,H4045,nonIBD,0,0,StratifiedGroupKFold
0,HSMA33QO,H4045,nonIBD,0,0,StratifiedGroupKFold
0,HSMA33QY,H4043,CD,1,3,StratifiedGroupKFold
0,HSMA33R1,H4043,CD,1,3,StratifiedGroupKFold
0,HSMA33R5,H4043,CD,1,3,StratifiedGroupKFold
0,HSMA33R7,H4043,CD,1,3,StratifiedGroupKFold
0,HSMA33R9,H4043,CD,1,3,StratifiedGroupKFold
0,HSMA33RD,H4042,UC,1,2,StratifiedGroupKFold
0,HSMA33RF,H4042,UC,1,2,StratifiedGroupKFold
0,HSMA33RL,H4042,UC,1,2,StratifiedGroupKFold
0,HSMA33S4,H4043,CD,1,3,StratifiedGroupKFold
0,HSMA33SE,H4045,nonIBD,0,0,StratifiedGroupKFold
0,HSMA33SG,H4045,nonIBD,0,0,StratifiedGroupKFold
0,HSMA33SI,H4045,nonIBD,0,0,StratifiedGroupKFold
0,HSMA33SK,H4045,nonIBD,0,0,StratifiedGroupKFold
0,MSM5CFCU,M2008,CD,1,2,StratifiedGroupKFold
0,MSM5CFCV,M2008,CD,1,2,StratifiedGroupKFold
0,MSM5CFCW,M2008,CD,1,2,StratifiedGroupKFold
0,MSM5CFD6,M2014,CD,1,1,StratifiedGroupKFold
0,MSM5CFD7,M2014,CD,1,1,StratifiedGroupKFold
0,MSM5FZ9N_P,M2010,CD,1,2,StratifiedGroupKFold
0,MSM5FZ9X,M2014,CD,1,1,StratifiedGroupKFold
0,MSM5FZ9X_P,M2014,CD,1,1,StratifiedGroupKFold
0,MSM5FZA2,M2014,CD,1,1,StratifiedGroupKFold
0,MSM5FZA2_P,M2014,CD,1,1,StratifiedGroupKFold
0,MSM5LLD6_P,M2008,CD,1,2,StratifiedGroupKFold
0,MSM5LLDA,M2008,CD,1,2,StratifiedGroupKFold
0,MSM5LLDC,M2008,CD,1,2,StratifiedGroupKFold
0,MSM5LLDE,M2008,CD,1,2,StratifiedGroupKFold
0,MSM5LLDI,M2008,CD,1,2,StratifiedGroupKFold
0,MSM5LLDK,M2008,CD,1,2,StratifiedGroupKFold
0,MSM5LLDM,M2008,CD,1,2,StratifiedGroupKFold
0,MSM5LLDQ,M2008,CD,1,2,StratifiedGroupKFold
0,MSM5LLDS,M2008,CD,1,2,StratifiedGroupKFold
0,MSM5LLDU,M2008,CD,1,2,StratifiedGroupKFold
0,MSM5LLE3_P,M2010,CD,1,2,StratifiedGroupKFold
0,MSM5LLE9_P,M2010,CD,1,2,StratifiedGroupKFold
0,MSM5LLEH,M2034,CD,1,3,StratifiedGroupKFold
0,MSM5LLEN,M2021,CD,1,0,StratifiedGroupKFold
0,MSM5LLEP,M2021,CD,1,0,StratifiedGroupKFold
0,MSM5LLER,M2021,CD,1,0,StratifiedGroupKFold
0,MSM5LLF2_P,M2034,CD,1,3,StratifiedGroupKFold
0,MSM5LLF4,M2034,CD,1,3,StratifiedGroupKFold
0,MSM5LLF6,M2034,CD,1,3,StratifiedGroupKFold
0,MSM5LLF8,M2034,CD,1,3,StratifiedGroupKFold
0,MSM5LLFK,M2026,UC,1,2,StratifiedGroupKFold
0,MSM5LLFK_P,M2026,UC,1,2,StratifiedGroupKFold
0,MSM5LLFM_P,M2026,UC,1,2,StratifiedGroupKFold
0,MSM5LLFO,M2026,UC,1,2,StratifiedGroupKFold
0,MSM5LLFO_P,M2026,UC,1,2,StratifiedGroupKFold
0,MSM5LLFU_P,M2026,UC,1,2,StratifiedGroupKFold
0,MSM5LLGD_P,M2014,CD,1,1,StratifiedGroupKFold
0,MSM5LLGF_P,M2014,CD,1,1,StratifiedGroupKFold
0,MSM5LLGH,M2014,CD,1,1,StratifiedGroupKFold
0,MSM5LLGH_P,M2014,CD,1,1,StratifiedGroupKFold
0,MSM5LLGJ_P,M2014,CD,1,1,StratifiedGroupKFold
0,MSM5LLGL,M2014,CD,1,1,StratifiedGroupKFold
0,MSM5LLH2_P,M2027,CD,1,0,StratifiedGroupKFold
0,MSM5LLH4_P,M2027,CD,1,0,StratifiedGroupKFold
0,MSM5LLH8,M2027,CD,1,0,StratifiedGroupKFold
0,MSM5LLH8_P,M2027,CD,1,0,StratifiedGroupKFold
0,MSM5LLHA_P,M2027,CD,1,0,StratifiedGroupKFold
0,MSM5LLHC,M2027,CD,1,0,StratifiedGroupKFold
0,MSM5LLHQ,M2008,CD,1,2,StratifiedGroupKFold
0,MSM5LLHQ_P,M2008,CD,1,2,StratifiedGroupKFold
0,MSM5LLHR_P,M2021,CD,1,0,StratifiedGroupKFold
0,MSM5LLHX_P,M2008,CD,1,2,StratifiedGroupKFold
0,MSM5LLHZ,M2008,CD,1,2,StratifiedGroupKFold
0,MSM5LLI2_P,M2008,CD,1,2,StratifiedGroupKFold
0,MSM5LLI4_P,M2008,CD,1,2,StratifiedGroupKFold
0,MSM5LLI6_P,M2008,CD,1,2,StratifiedGroupKFold
0,MSM5LLI8_P,M2008,CD,1,2,StratifiedGroupKFold
0,MSM5LLIE_P,M2021,CD,1,0,StratifiedGroupKFold
0,MSM5LLIG,M2021,CD,1,0,StratifiedGroupKFold
0,MSM5LLIG_P,M2021,CD,1,0,StratifiedGroupKFold
0,MSM5LLIK,M2021,CD,1,0,StratifiedGroupKFold
0,MSM5LLIK_P,M2021,CD,1,0,StratifiedGroupKFold
0,MSM5LLIM_P,M2021,CD,1,0,StratifiedGroupKFold
0,MSM5LLIQ_P,M2026,UC,1,2,StratifiedGroupKFold
0,MSM5LLIS,M2027,CD,1,0,StratifiedGroupKFold
0,MSM5LLIS_P,M2027,CD,1,0,StratifiedGroupKFold
0,MSM5LWJG,M2034,CD,1,3,StratifiedGroupKFold
0,MSM5LWJH,M2034,CD,1,3,StratifiedGroupKFold
0,MSM5LWJN,M2039,nonIBD,0,0,StratifiedGroupKFold
0,MSM5LWJO,M2039,nonIBD,0,0,StratifiedGroupKFold
0,MSM5LWJU,M2042,nonIBD,0,0,StratifiedGroupKFold
0,MSM5LWJV,M2042,nonIBD,0,0,StratifiedGroupKFold
0,MSM5LWJZ,M2008,CD,1,2,StratifiedGroupKFold
0,MSM5LWKD,M2008,CD,1,2,StratifiedGroupKFold
0,MSM5LWKE,M2008,CD,1,2,StratifiedGroupKFold
0,MSM5LWKF,M2060,nonIBD,0,0,StratifiedGroupKFold
0,MSM5LWKG,M2060,nonIBD,0,0,StratifiedGroupKFold
0,MSM5LWKQ,M2021,CD,1,0,StratifiedGroupKFold
0,MSM5LWKR,M2021,CD,1,0,StratifiedGroupKFold
0,MSM5LWKW,M2021,CD,1,0,StratifiedGroupKFold
0,MSM5LWKX,M2021,CD,1,0,StratifiedGroupKFold
0,MSM5LWL1,M2026,UC,1,2,StratifiedGroupKFold
0,MSM5LWL2,M2026,UC,1,2,StratifiedGroupKFold
0,MSM5LWL5,M2026,UC,1,2,StratifiedGroupKFold
0,MSM5LWL6,M2027,CD,1,0,StratifiedGroupKFold
0,MSM5LWL7,M2027,CD,1,0,StratifiedGroupKFold
0,MSM5ZOJY_P,M2014,CD,1,1,StratifiedGroupKFold
0,MSM633FF_P,M2014,CD,1,1,StratifiedGroupKFold
0,MSM6J2H9,M2039,nonIBD,0,0,StratifiedGroupKFold
0,MSM6J2HB,M2026,UC,1,2,StratifiedGroupKFold
0,MSM6J2HD,M2026,UC,1,2,StratifiedGroupKFold
0,MSM6J2HF,M2026,UC,1,2,StratifiedGroupKFold
0,MSM6J2HH,M2026,UC,1,2,StratifiedGroupKFold
0,MSM6J2HJ,M2026,UC,1,2,StratifiedGroupKFold
0,MSM6J2HL,M2026,UC,1,2,StratifiedGroupKFold
0,MSM6J2HN,M2039,nonIBD,0,0,StratifiedGroupKFold
0,MSM6J2HP,M2039,nonIBD,0,0,StratifiedGroupKFold
0,MSM6J2HR,M2039,nonIBD,0,0,StratifiedGroupKFold
0,MSM6J2HT,M2039,nonIBD,0,0,StratifiedGroupKFold
0,MSM6J2IQ,M2014,CD,1,1,StratifiedGroupKFold
0,MSM6J2IY,M2014,CD,1,1,StratifiedGroupKFold
0,MSM6J2J1,M2014,CD,1,1,StratifiedGroupKFold
0,MSM6J2JH,M2042,nonIBD,0,0,StratifiedGroupKFold
0,MSM6J2JH_P,M2042,nonIBD,0,0,StratifiedGroupKFold
0,MSM6J2JZ,M2042,nonIBD,0,0,StratifiedGroupKFold
0,MSM6J2K2,M2042,nonIBD,0,0,StratifiedGroupKFold
0,MSM6J2K4,M2042,nonIBD,0,0,StratifiedGroupKFold
0,MSM6J2K6,M2042,nonIBD,0,0,StratifiedGroupKFold
0,MSM6J2K8,M2042,nonIBD,0,0,StratifiedGroupKFold
0,MSM6J2KA,M2042,nonIBD,0,0,StratifiedGroupKFold
0,MSM6J2KC,M2027,CD,1,0,StratifiedGroupKFold
0,MSM6J2KE,M2027,CD,1,0,StratifiedGroupKFold
0,MSM6J2KM,M2027,CD,1,0,StratifiedGroupKFold
0,MSM6J2L5,M2044,CD,1,1,StratifiedGroupKFold
0,MSM6J2LB,M2008,CD,1,2,StratifiedGroupKFold
0,MSM6J2LH,M2034,CD,1,3,StratifiedGroupKFold
0,MSM6J2LJ,M2034,CD,1,3,StratifiedGroupKFold
0,MSM6J2LL,M2034,CD,1,3,StratifiedGroupKFold
0,MSM6J2LN,M2034,CD,1,3,StratifiedGroupKFold
0,MSM6J2LR,M2034,CD,1,3,StratifiedGroupKFold
0,MSM6J2LT,M2021,CD,1,0,StratifiedGroupKFold
0,MSM6J2LW,M2048,nonIBD,0,0,StratifiedGroupKFold
0,MSM6J2LY,M2048,nonIBD,0,0,StratifiedGroupKFold
0,MSM6J2M3,M2048,nonIBD,0,0,StratifiedGroupKFold
0,MSM6J2M3_P,M2048,nonIBD,0,0,StratifiedGroupKFold
0,MSM6J2MB,M2034,CD,1,3,StratifiedGroupKFold
0,MSM6J2MD,M2034,CD,1,3,StratifiedGroupKFold
0,MSM6J2MF,M2034,CD,1,3,StratifiedGroupKFold
0,MSM6J2MH,M2034,CD,1,3,StratifiedGroupKFold
0,MSM6J2MJ,M2034,CD,1,3,StratifiedGroupKFold
0,MSM6J2ML,M2034,CD,1,3,StratifiedGroupKFold
0,MSM6J2N6,M2059,UC,1,3,StratifiedGroupKFold
0,MSM6J2N6_P,M2059,UC,1,3,StratifiedGroupKFold
0,MSM6J2NA,M2061,nonIBD,0,1,StratifiedGroupKFold
0,MSM6J2NW,M2058,CD,1,1,StratifiedGroupKFold
0,MSM6J2O1,M2058,CD,1,1,StratifiedGroupKFold
0,MSM6J2O3,M2058,CD,1,1,StratifiedGroupKFold
0,MSM6J2OH,M2026,UC,1,2,StratifiedGroupKFold
0,MSM6J2OJ,M2026,UC,1,2,StratifiedGroupKFold
0,MSM6J2OL,M2026,UC,1,2,StratifiedGroupKFold
0,MSM6J2ON,M2026,UC,1,2,StratifiedGroupKFold
0,MSM6J2OP,M2026,UC,1,2,StratifiedGroupKFold
0,MSM6J2P4,M2044,CD,1,1,StratifiedGroupKFold
0,MSM6J2PO,M2047,nonIBD,0,0,StratifiedGroupKFold
0,MSM6J2PQ_P,M2047,nonIBD,0,0,StratifiedGroupKFold
0,MSM6J2PS,M2047,nonIBD,0,0,StratifiedGroupKFold
0,MSM6J2PU,M2047,nonIBD,0,0,StratifiedGroupKFold
0,MSM6J2PW,M2047,nonIBD,0,0,StratifiedGroupKFold
0,MSM6J2Q1,M2048,nonIBD,0,0,StratifiedGroupKFold
0,MSM6J2QF,M2039,nonIBD,0,0,StratifiedGroupKFold
0,MSM6J2QH,M2039,nonIBD,0,0,StratifiedGroupKFold
0,MSM6J2QJ,M2039,nonIBD,0,0,StratifiedGroupKFold
0,MSM6J2QL,M2039,nonIBD,0,0,StratifiedGroupKFold
0,MSM6J2QP,M2039,nonIBD,0,0,StratifiedGroupKFold
0,MSM6J2QR,M2014,CD,1,1,StratifiedGroupKFold
0,MSM6J2QZ,M2014,CD,1,1,StratifiedGroupKFold
0,MSM6J2R2,M2027,CD,1,0,StratifiedGroupKFold
0,MSM6J2R8,M2027,CD,1,0,StratifiedGroupKFold
0,MSM6J2RA,M2027,CD,1,0,StratifiedGroupKFold
0,MSM6J2RC,M2027,CD,1,0,StratifiedGroupKFold
0,MSM6J2RG_P,M2058,CD,1,1,StratifiedGroupKFold
0,MSM6J2RK,M2042,nonIBD,0,0,StratifiedGroupKFold
0,MSM6J2RM,M2042,nonIBD,0,0,StratifiedGroupKFold
0,MSM6J2RO,M2042,nonIBD,0,0,StratifiedGroupKFold
0,MSM6J2RQ,M2042,nonIBD,0,0,StratifiedGroupKFold
0,MSM6J2RS,M2042,nonIBD,0,0,StratifiedGroupKFold
0,MSM6J2RU,M2042,nonIBD,0,0,StratifiedGroupKFold
0,MSM719M5,M2047,nonIBD,0,0,StratifiedGroupKFold
0,MSM719M6,M2047,nonIBD,0,0,StratifiedGroupKFold
0,MSM719M9,M2061,nonIBD,0,1,StratifiedGroupKFold
0,MSM719MA,M2061,nonIBD,0,1,StratifiedGroupKFold
0,MSM719MD,M2064,UC,1,3,StratifiedGroupKFold
0,MSM719MR,M2072,nonIBD,0,2,StratifiedGroupKFold
0,MSM719MU,M2072,nonIBD,0,2,StratifiedGroupKFold
0,MSM719MZ,M2069,UC,1,1,StratifiedGroupKFold
0,MSM719N1,M2069,UC,1,1,StratifiedGroupKFold
0,MSM719NA,M2075,nonIBD,0,3,StratifiedGroupKFold
0,MSM719NO,M2084,nonIBD,0,0,StratifiedGroupKFold
0,MSM719NP,M2084,nonIBD,0,0,StratifiedGroupKFold
0,MSM79H4T,M2059,UC,1,3,StratifiedGroupKFold
0,MSM79H4X,M2059,UC,1,3,StratifiedGroupKFold
0,MSM79H52,M2060,nonIBD,0,0,StratifiedGroupKFold
0,MSM79H52_P,M2060,nonIBD,0,0,StratifiedGroupKFold
0,MSM79H54,M2060,nonIBD,0,0,StratifiedGroupKFold
0,MSM79H58,M2060,nonIBD,0,0,StratifiedGroupKFold
0,MSM79H5A,M2060,nonIBD,0,0,StratifiedGroupKFold
0,MSM79H5E,M2061,nonIBD,0,1,StratifiedGroupKFold
0,MSM79H5G,M2061,nonIBD,0,1,StratifiedGroupKFold
0,MSM79H5K,M2061,nonIBD,0,1,StratifiedGroupKFold
0,MSM79H5M,M2061,nonIBD,0,1,StratifiedGroupKFold
0,MSM79H5Q,M2039,nonIBD,0,0,StratifiedGroupKFold
0,MSM79H5S,M2039,nonIBD,0,0,StratifiedGroupKFold
0,MSM79H5U,M2039,nonIBD,0,0,StratifiedGroupKFold
0,MSM79H5W,M2039,nonIBD,0,0,StratifiedGroupKFold
0,MSM79H5Y,M2039,nonIBD,0,0,StratifiedGroupKFold
0,MSM79H6D,M2042,nonIBD,0,0,StratifiedGroupKFold
0,MSM79H6F,M2042,nonIBD,0,0,StratifiedGroupKFold
0,MSM79H6H,M2042,nonIBD,0,0,StratifiedGroupKFold
0,MSM79H6J,M2042,nonIBD,0,0,StratifiedGroupKFold
0,MSM79H6L,M2042,nonIBD,0,0,StratifiedGroupKFold
0,MSM79H6N,M2042,nonIBD,0,0,StratifiedGroupKFold
0,MSM79H6Y,M2048,nonIBD,0,0,StratifiedGroupKFold
0,MSM79H76,M2059,UC,1,3,StratifiedGroupKFold
0,MSM79H7O,M2047,nonIBD,0,0,StratifiedGroupKFold
0,MSM79H7Q,M2047,nonIBD,0,0,StratifiedGroupKFold
0,MSM79H7W,M2047,nonIBD,0,0,StratifiedGroupKFold
0,MSM79H7Y,M2047,nonIBD,0,0,StratifiedGroupKFold
0,MSM79H81,M2072,nonIBD,0,2,StratifiedGroupKFold
0,MSM79H83,M2072,nonIBD,0,2,StratifiedGroupKFold
0,MSM79H85,M2072,nonIBD,0,2,StratifiedGroupKFold
0,MSM79H87,M2072,nonIBD,0,2,StratifiedGroupKFold
0,MSM79H89,M2072,nonIBD,0,2,StratifiedGroupKFold
0,MSM79H8B,M2072,nonIBD,0,2,StratifiedGroupKFold
0,MSM79H8D,M2075,nonIBD,0,3,StratifiedGroupKFold
0,MSM79H8F,M2075,nonIBD,0,3,StratifiedGroupKFold
0,MSM79H8H,M2075,nonIBD,0,3,StratifiedGroupKFold
0,MSM79H8J,M2075,nonIBD,0,3,StratifiedGroupKFold
0,MSM79H8J_P,M2075,nonIBD,0,3,StratifiedGroupKFold
0,MSM79H8L,M2075,nonIBD,0,3,StratifiedGroupKFold
0,MSM79H8N,M2075,nonIBD,0,3,StratifiedGroupKFold
0,MSM79H94,M2077,nonIBD,0,3,StratifiedGroupKFold
0,MSM79H94_P,M2077,nonIBD,0,3,StratifiedGroupKFold
0,MSM79H9A,M2060,nonIBD,0,0,StratifiedGroupKFold
0,MSM79H9C,M2060,nonIBD,0,0,StratifiedGroupKFold
0,MSM79H9G,M2060,nonIBD,0,0,StratifiedGroupKFold
0,MSM79H9K,M2060,nonIBD,0,0,StratifiedGroupKFold
0,MSM79H9M,M2061,nonIBD,0,1,StratifiedGroupKFold
0,MSM79H9O,M2061,nonIBD,0,1,StratifiedGroupKFold
0,MSM79H9Q,M2061,nonIBD,0,1,StratifiedGroupKFold
0,MSM79H9U_P,M2067,UC,1,2,StratifiedGroupKFold
0,MSM79H9W,M2061,nonIBD,0,1,StratifiedGroupKFold
0,MSM79H9Y,M2042,nonIBD,0,0,StratifiedGroupKFold
0,MSM79HA1,M2042,nonIBD,0,0,StratifiedGroupKFold
0,MSM79HA3,M2042,nonIBD,0,0,StratifiedGroupKFold
0,MSM79HA7,M2042,nonIBD,0,0,StratifiedGroupKFold
0,MSM79HAH,M2039,nonIBD,0,0,StratifiedGroupKFold
0,MSM79HAJ,M2064,UC,1,3,StratifiedGroupKFold
0,MSM79HAL,M2064,UC,1,3,StratifiedGroupKFold
0,MSM79HAN,M2064,UC,1,3,StratifiedGroupKFold
0,MSM79HAR,M2064,UC,1,3,StratifiedGroupKFold
0,MSM79HAT,M2064,UC,1,3,StratifiedGroupKFold
0,MSM79HBB,M2048,nonIBD,0,0,StratifiedGroupKFold
0,MSM79HBL,M2048,nonIBD,0,0,StratifiedGroupKFold
0,MSM79HBN,M2034,CD,1,3,StratifiedGroupKFold
0,MSM79HBP,M2034,CD,1,3,StratifiedGroupKFold
0,MSM79HBR,M2034,CD,1,3,StratifiedGroupKFold
0,MSM79HBT,M2034,CD,1,3,StratifiedGroupKFold
0,MSM79HBV,M2034,CD,1,3,StratifiedGroupKFold
0,MSM79HBZ,M2069,UC,1,1,StratifiedGroupKFold
0,MSM79HC4,M2047,nonIBD,0,0,StratifiedGroupKFold
0,MSM79HC8,M2047,nonIBD,0,0,StratifiedGroupKFold
0,MSM79HCG,M2072,nonIBD,0,2,StratifiedGroupKFold
0,MSM79HCI,M2072,nonIBD,0,2,StratifiedGroupKFold
0,MSM79HCK,M2072,nonIBD,0,2,StratifiedGroupKFold
0,MSM79HCN_P,M2072,nonIBD,0,2,StratifiedGroupKFold
0,MSM79HCP,M2072,nonIBD,0,2,StratifiedGroupKFold
0,MSM79HCR,M2072,nonIBD,0,2,StratifiedGroupKFold
0,MSM79HD8,M2069,UC,1,1,StratifiedGroupKFold
0,MSM79HD8_P,M2069,UC,1,1,StratifiedGroupKFold
0,MSM79HDA,M2069,UC,1,1,StratifiedGroupKFold
0,MSM79HDC,M2069,UC,1,1,StratifiedGroupKFold
0,MSM79HDE,M2069,UC,1,1,StratifiedGroupKFold
0,MSM79HDG,M2069,UC,1,1,StratifiedGroupKFold
0,MSM79HDG_TR,M2069,UC,1,1,StratifiedGroupKFold
0,MSM79HDI,M2069,UC,1,1,StratifiedGroupKFold
0,MSM79HEA,M2026,UC,1,2,StratifiedGroupKFold
0,MSM79HF1,M2064,UC,1,3,StratifiedGroupKFold
0,MSM79HF1_P,M2064,UC,1,3,StratifiedGroupKFold
0,MSM79HF3,M2064,UC,1,3,StratifiedGroupKFold
0,MSM79HF5,M2064,UC,1,3,StratifiedGroupKFold
0,MSM79HF7,M2064,UC,1,3,StratifiedGroupKFold
0,MSM79HF9,M2064,UC,1,3,StratifiedGroupKFold
0,MSM79HF9_TR,M2064,UC,1,3,StratifiedGroupKFold
0,MSM79HFB,M2064,UC,1,3,StratifiedGroupKFold
0,MSM79HFW,M2048,nonIBD,0,0,StratifiedGroupKFold
0,MSM79HFY,M2048,nonIBD,0,0,StratifiedGroupKFold
0,MSM9VZEU,M2069,UC,1,1,StratifiedGroupKFold
0,MSM9VZEW,M2069,UC,1,1,StratifiedGroupKFold
0,MSM9VZEY,M2069,UC,1,1,StratifiedGroupKFold
0,MSM9VZF1,M2069,UC,1,1,StratifiedGroupKFold
0,MSM9VZF3,M2069,UC,1,1,StratifiedGroupKFold
0,MSM9VZF5,M2069,UC,1,1,StratifiedGroupKFold
0,MSM9VZF7,M2060,nonIBD,0,0,StratifiedGroupKFold
0,MSM9VZFF,M2060,nonIBD,0,0,StratifiedGroupKFold
0,MSM9VZFH,M2060,nonIBD,0,0,StratifiedGroupKFold
0,MSM9VZFV,M2058,CD,1,1,StratifiedGroupKFold
0,MSM9VZGO,M2061,nonIBD,0,1,StratifiedGroupKFold
0,MSM9VZGS,M2061,nonIBD,0,1,StratifiedGroupKFold
0,MSM9VZGU,M2061,nonIBD,0,1,StratifiedGroupKFold
0,MSM9VZGW,M2075,nonIBD,0,3,StratifiedGroupKFold
0,MSM9VZGY,M2075,nonIBD,0,3,StratifiedGroupKFold
0,MSM9VZH1,M2075,nonIBD,0,3,StratifiedGroupKFold
0,MSM9VZH7,M2075,nonIBD,0,3,StratifiedGroupKFold
0,MSM9VZHB,M2061,nonIBD,0,1,StratifiedGroupKFold
0,MSM9VZHD,M2061,nonIBD,0,1,StratifiedGroupKFold
0,MSM9VZHF,M2061,nonIBD,0,1,StratifiedGroupKFold
0,MSM9VZHJ,M2072,nonIBD,0,2,StratifiedGroupKFold
0,MSM9VZHL,M2072,nonIBD,0,2,StratifiedGroupKFold
0,MSM9VZHN,M2072,nonIBD,0,2,StratifiedGroupKFold
0,MSM9VZHP,M2072,nonIBD,0,2,StratifiedGroupKFold
0,MSM9VZHR,M2072,nonIBD,0,2,StratifiedGroupKFold
0,MSM9VZHT,M2072,nonIBD,0,2,StratifiedGroupKFold
0,MSM9VZHX,M2077,nonIBD,0,3,StratifiedGroupKFold
0,MSM9VZHZ,M2077,nonIBD,0,3,StratifiedGroupKFold
0,MSM9VZI2,M2077,nonIBD,0,3,StratifiedGroupKFold
0,MSM9VZI6,M2077,nonIBD,0,3,StratifiedGroupKFold
0,MSM9VZIM,M2083,UC,1,3,StratifiedGroupKFold
0,MSM9VZIO,M2083,UC,1,3,StratifiedGroupKFold
0,MSM9VZIQ,M2083,UC,1,3,StratifiedGroupKFold
0,MSM9VZIS,M2083,UC,1,3,StratifiedGroupKFold
0,MSM9VZIU,M2083,UC,1,3,StratifiedGroupKFold
0,MSM9VZIW,M2083,UC,1,3,StratifiedGroupKFold
0,MSM9VZIY,M2085,CD,1,2,StratifiedGroupKFold
0,MSM9VZJ3,M2085,CD,1,2,StratifiedGroupKFold
0,MSM9VZJF_P,M2091,UC,1,1,StratifiedGroupKFold
0,MSM9VZJJ_P,M2086,CD,1,3,StratifiedGroupKFold
0,MSM9VZJL,M2086,CD,1,3,StratifiedGroupKFold
0,MSM9VZJN,M2086,CD,1,3,StratifiedGroupKFold
0,MSM9VZJZ,M2075,nonIBD,0,3,StratifiedGroupKFold
0,MSM9VZL5,M2097,nonIBD,0,1,StratifiedGroupKFold
0,MSM9VZL7,M2084,nonIBD,0,0,StratifiedGroupKFold
0,MSM9VZL9,M2084,nonIBD,0,0,StratifiedGroupKFold
0,MSM9VZLB,M2084,nonIBD,0,0,StratifiedGroupKFold
0,MSM9VZLD,M2084,nonIBD,0,0,StratifiedGroupKFold
0,MSM9VZLF,M2084,nonIBD,0,0,StratifiedGroupKFold
0,MSM9VZLH,M2084,nonIBD,0,0,StratifiedGroupKFold
0,MSM9VZLJ,M2061,nonIBD,0,1,StratifiedGroupKFold
0,MSM9VZLL,M2064,UC,1,3,StratifiedGroupKFold
0,MSM9VZLN,M2064,UC,1,3,StratifiedGroupKFold
0,MSM9VZLP,M2064,UC,1,3,StratifiedGroupKFold
0,MSM9VZLR,M2064,UC,1,3,StratifiedGroupKFold
0,MSM9VZLT,M2064,UC,1,3,StratifiedGroupKFold
0,MSM9VZLV,M2064,UC,1,3,StratifiedGroupKFold
0,MSM9VZLZ,M2083,UC,1,3,StratifiedGroupKFold
0,MSM9VZM4,M2085,CD,1,2,StratifiedGroupKFold
0,MSM9VZM4_P,M2085,CD,1,2,StratifiedGroupKFold
0,MSM9VZM6,M2086,CD,1,3,StratifiedGroupKFold
0,MSM9VZMA,M2077,nonIBD,0,3,StratifiedGroupKFold
0,MSM9VZMA_TR,M2077,nonIBD,0,3,StratifiedGroupKFold
0,MSM9VZMC,M2077,nonIBD,0,3,StratifiedGroupKFold
0,MSM9VZME,M2077,nonIBD,0,3,StratifiedGroupKFold
0,MSM9VZMI,M2077,nonIBD,0,3,StratifiedGroupKFold
0,MSM9VZMM,M2084,nonIBD,0,0,StratifiedGroupKFold
0,MSM9VZMO,M2084,nonIBD,0,0,StratifiedGroupKFold
0,MSM9VZMS,M2084,nonIBD,0,0,StratifiedGroupKFold
0,MSM9VZMU,M2084,nonIBD,0,0,StratifiedGroupKFold
0,MSM9VZMW,M2084,nonIBD,0,0,StratifiedGroupKFold
0,MSM9VZN4_P,M2081,UC,1,0,StratifiedGroupKFold
0,MSM9VZNH,M2047,nonIBD,0,0,StratifiedGroupKFold
0,MSM9VZNH_TR,M2047,nonIBD,0,0,StratifiedGroupKFold
0,MSM9VZNL,M2047,nonIBD,0,0,StratifiedGroupKFold
0,MSM9VZNR,M2083,UC,1,3,StratifiedGroupKFold
0,MSM9VZNX,M2083,UC,1,3,StratifiedGroupKFold
0,MSM9VZNZ,M2083,UC,1,3,StratifiedGroupKFold
0,MSM9VZO2,M2083,UC,1,3,StratifiedGroupKFold
0,MSM9VZOG,M2072,nonIBD,0,2,StratifiedGroupKFold
0,MSM9VZOI,M2072,nonIBD,0,2,StratifiedGroupKFold
0,MSM9VZOK,M2072,nonIBD,0,2,StratifiedGroupKFold
0,MSM9VZOM,M2072,nonIBD,0,2,StratifiedGroupKFold
0,MSM9VZOO,M2072,nonIBD,0,2,StratifiedGroupKFold
0,MSM9VZOQ,M2072,nonIBD,0,2,StratifiedGroupKFold
0,MSM9VZOS,M2069,UC,1,1,StratifiedGroupKFold
0,MSM9VZOU,M2069,UC,1,1,StratifiedGroupKFold
0,MSM9VZOW,M2069,UC,1,1,StratifiedGroupKFold
0,MSM9VZOY,M2069,UC,1,1,StratifiedGroupKFold
0,MSM9VZP1,M2069,UC,1,1,StratifiedGroupKFold
0,MSM9VZP3,M2069,UC,1,1,StratifiedGroupKFold
0,MSM9VZPH,M2085,CD,1,2,StratifiedGroupKFold
0,MSM9VZPL,M2085,CD,1,2,StratifiedGroupKFold
0,MSM9VZPN,M2085,CD,1,2,StratifiedGroupKFold
0,MSM9VZPT,M2060,nonIBD,0,0,StratifiedGroupKFold
0,MSM9VZPV,M2060,nonIBD,0,0,StratifiedGroupKFold
0,MSMA267V,M2103,UC,1,2,StratifiedGroupKFold
0,MSMA267X,M2103,UC,1,2,StratifiedGroupKFold
0,MSMA2684,M2103,UC,1,2,StratifiedGroupKFold
0,MSMA2688,M2064,UC,1,3,StratifiedGroupKFold
0,MSMA26BB,M2084,nonIBD,0,0,StratifiedGroupKFold
0,MSMA26BD,M2084,nonIBD,0,0,StratifiedGroupKFold
0,MSMA26BF,M2084,nonIBD,0,0,StratifiedGroupKFold
0,MSMA26BH,M2084,nonIBD,0,0,StratifiedGroupKFold
0,MSMA26BJ,M2084,nonIBD,0,0,StratifiedGroupKFold
0,MSMA26BL,M2084,nonIBD,0,0,StratifiedGroupKFold
0,MSMA26C8,M2086,CD,1,3,StratifiedGroupKFold
0,MSMA26CV,M2085,CD,1,2,StratifiedGroupKFold
0,MSMA26CX,M2085,CD,1,2,StratifiedGroupKFold
0,MSMA26DG,M2097,nonIBD,0,1,StratifiedGroupKFold
0,MSMA26DI,M2097,nonIBD,0,1,StratifiedGroupKFold
0,MSMA26DK,M2097,nonIBD,0,1,StratifiedGroupKFold
0,MSMA26DM,M2097,nonIBD,0,1,StratifiedGroupKFold
0,MSMA26DO,M2097,nonIBD,0,1,StratifiedGroupKFold
0,MSMA26EH,M2069,UC,1,1,StratifiedGroupKFold
0,MSMA26EJ,M2069,UC,1,1,StratifiedGroupKFold
0,MSMA26EL,M2069,UC,1,1,StratifiedGroupKFold
0,MSMA26EN,M2069,UC,1,1,StratifiedGroupKFold
0,MSMA26EP,M2069,UC,1,1,StratifiedGroupKFold
0,MSMA26ER,M2064,UC,1,3,StratifiedGroupKFold
0,MSMA26ET,M2064,UC,1,3,StratifiedGroupKFold
0,MSMA26EV,M2064,UC,1,3,StratifiedGroupKFold
0,MSMA26EZ,M2064,UC,1,3,StratifiedGroupKFold
0,MSMAKNES,M2064,UC,1,3,StratifiedGroupKFold
0,MSMAKNET,M2064,UC,1,3,StratifiedGroupKFold
0,MSMAPC55,M2083,UC,1,3,StratifiedGroupKFold
0,MSMAPC57,M2083,UC,1,3,StratifiedGroupKFold
0,MSMAPC59,M2083,UC,1,3,StratifiedGroupKFold
0,MSMAPC5B,M2083,UC,1,3,StratifiedGroupKFold
0,MSMAPC5D,M2083,UC,1,3,StratifiedGroupKFold
0,MSMAPC5F,M2097,nonIBD,0,1,StratifiedGroupKFold
0,MSMAPC5H,M2097,nonIBD,0,1,StratifiedGroupKFold
0,MSMAPC5L,M2097,nonIBD,0,1,StratifiedGroupKFold
0,MSMAPC5Z,M2103,UC,1,2,StratifiedGroupKFold
0,MSMAPC62,M2103,UC,1,2,StratifiedGroupKFold
0,MSMAPC64,M2103,UC,1,2,StratifiedGroupKFold
0,MSMAPC66,M2103,UC,1,2,StratifiedGroupKFold
0,MSMAPC6A,M2085,CD,1,2,StratifiedGroupKFold
0,MSMAPC6C,M2085,CD,1,2,StratifiedGroupKFold
0,MSMAPC6E,M2085,CD,1,2,StratifiedGroupKFold
0,MSMAPC6G,M2085,CD,1,2,StratifiedGroupKFold
0,MSMAPC6K,M2084,nonIBD,0,0,StratifiedGroupKFold
0,MSMAPC6M,M2084,nonIBD,0,0,StratifiedGroupKFold
0,MSMAPC6O,M2084,nonIBD,0,0,StratifiedGroupKFold
0,MSMAPC7D,M2075,nonIBD,0,3,StratifiedGroupKFold
0,MSMAPC7J,M2075,nonIBD,0,3,StratifiedGroupKFold
0,MSMAPC7P,M2077,nonIBD,0,3,StratifiedGroupKFold
0,MSMAPC7R,M2077,nonIBD,0,3,StratifiedGroupKFold
0,MSMAPC7T,M2077,nonIBD,0,3,StratifiedGroupKFold
0,MSMB4LXS,M2097,nonIBD,0,1,StratifiedGroupKFold
0,MSMB4LXW,M2097,nonIBD,0,1,StratifiedGroupKFold
0,MSMB4LXY,M2085,CD,1,2,StratifiedGroupKFold
0,MSMB4LYB,M2085,CD,1,2,StratifiedGroupKFold
0,MSMB4LYH,M2103,UC,1,2,StratifiedGroupKFold
0,MSMB4LZC,M2077,nonIBD,0,3,StratifiedGroupKFold
0,MSMB4LZK,M2097,nonIBD,0,1,StratifiedGroupKFold
0,MSMB4LZP,M2083,UC,1,3,StratifiedGroupKFold
0,MSMB4LZR,M2083,UC,1,3,StratifiedGroupKFold
0,MSMB4LZV,M2084,nonIBD,0,0,StratifiedGroupKFold
0,MSMB4LZX,M2084,nonIBD,0,0,StratifiedGroupKFold
0,MSMB4LZZ,M2084,nonIBD,0,0,StratifiedGroupKFold
0,PSM6XBRK,P6009,CD,1,1,StratifiedGroupKFold
0,PSM6XBRK_P,P6009,CD,1,1,StratifiedGroupKFold
0,PSM6XBRK_TR,P6009,CD,1,1,StratifiedGroupKFold
0,PSM6XBRM_P,P6010,CD,1,3,StratifiedGroupKFold
0,PSM6XBS2_P,P6009,CD,1,1,StratifiedGroupKFold
0,PSM6XBS4,P6009,CD,1,1,StratifiedGroupKFold
0,PSM6XBS4_P,P6009,CD,1,1,StratifiedGroupKFold
0,PSM6XBS6,P6009,CD,1,1,StratifiedGroupKFold
0,PSM6XBS8,P6009,CD,1,1,StratifiedGroupKFold
0,PSM6XBSA,P6009,CD,1,1,StratifiedGroupKFold
0,PSM6XBSC_P,P6009,CD,1,1,StratifiedGroupKFold
0,PSM6XBSI,P6010,CD,1,3,StratifiedGroupKFold
0,PSM6XBSK,P6010,CD,1,3,StratifiedGroupKFold
0,PSM6XBSM,P6010,CD,1,3,StratifiedGroupKFold
0,PSM6XBSO,P6010,CD,1,3,StratifiedGroupKFold
0,PSM6XBTF,P6009,CD,1,1,StratifiedGroupKFold
0,PSM6XBTF_P,P6009,CD,1,1,StratifiedGroupKFold
0,PSM6XBTH,P6009,CD,1,1,StratifiedGroupKFold
0,PSM6XBTH_P,P6009,CD,1,1,StratifiedGroupKFold
0,PSM6XBTL,P6009,CD,1,1,StratifiedGroupKFold
0,PSM6XBTN_P,P6009,CD,1,1,StratifiedGroupKFold
0,PSM6XBTP,P6009,CD,1,1,StratifiedGroupKFold
0,PSM6XBTR,P6014,nonIBD,0,2,StratifiedGroupKFold
0,PSM6XBTT,P6014,nonIBD,0,2,StratifiedGroupKFold
0,PSM6XBTV,P6014,nonIBD,0,2,StratifiedGroupKFold
0,PSM6XBTX,P6014,nonIBD,0,2,StratifiedGroupKFold
0,PSM6XBTZ,P6014,nonIBD,0,2,StratifiedGroupKFold
0,PSM6XBTZ_P,P6014,nonIBD,0,2,StratifiedGroupKFold
0,PSM6XBU2,P6014,nonIBD,0,2,StratifiedGroupKFold
0,PSM6XBUG,P6010,CD,1,3,StratifiedGroupKFold
0,PSM6XBUI,P6010,CD,1,3,StratifiedGroupKFold
0,PSM6XBUK,P6010,CD,1,3,StratifiedGroupKFold
0,PSM6XBUM,P6010,CD,1,3,StratifiedGroupKFold
0,PSM6XBUO,P6010,CD,1,3,StratifiedGroupKFold
0,PSM6XBUQ,P6010,CD,1,3,StratifiedGroupKFold
0,PSM6XBV2,P6010,CD,1,3,StratifiedGroupKFold
0,PSM6XBV4,P6010,CD,1,3,StratifiedGroupKFold
0,PSM6XBVY,P6016,CD,1,2,StratifiedGroupKFold
0,PSM6XBVY_P,P6016,CD,1,2,StratifiedGroupKFold
0,PSM6XBW1_P,P6017,nonIBD,0,0,StratifiedGroupKFold
0,PSM6XBW3,P6018,nonIBD,0,1,StratifiedGroupKFold
0,PSM6XBZI,P6009,CD,1,1,StratifiedGroupKFold
0,PSM6XBZJ,P6009,CD,1,1,StratifiedGroupKFold
0,PSM6XBZW,P6014,nonIBD,0,2,StratifiedGroupKFold
0,PSM6XBZX,P6014,nonIBD,0,2,StratifiedGroupKFold
0,PSM6XBZY,P6016,CD,1,2,StratifiedGroupKFold
0,PSM6XBZZ,P6016,CD,1,2,StratifiedGroupKFold
0,PSM6XC12,P6017,nonIBD,0,0,StratifiedGroupKFold
0,PSM6XC13,P6018,nonIBD,0,1,StratifiedGroupKFold
0,PSM6XC14,P6018,nonIBD,0,1,StratifiedGroupKFold
0,PSM6XC15,P6016,CD,1,2,StratifiedGroupKFold
0,PSM7J12J,P6024,CD,1,2,StratifiedGroupKFold
0,PSM7J12R,P6024,CD,1,2,StratifiedGroupKFold
0,PSM7J12V,P6025,UC,1,0,StratifiedGroupKFold
0,PSM7J12Z,P6025,UC,1,0,StratifiedGroupKFold
0,PSM7J134,P6025,UC,1,0,StratifiedGroupKFold
0,PSM7J13I,P6033,CD,1,3,StratifiedGroupKFold
0,PSM7J13K,P6033,CD,1,3,StratifiedGroupKFold
0,PSM7J13M,P6033,CD,1,3,StratifiedGroupKFold
0,PSM7J13Q,P6033,CD,1,3,StratifiedGroupKFold
0,PSM7J13U_P,P6009,CD,1,1,StratifiedGroupKFold
0,PSM7J13Y,P6009,CD,1,1,StratifiedGroupKFold
0,PSM7J13Y_P,P6009,CD,1,1,StratifiedGroupKFold
0,PSM7J141,P6009,CD,1,1,StratifiedGroupKFold
0,PSM7J143,P6009,CD,1,1,StratifiedGroupKFold
0,PSM7J143_P,P6009,CD,1,1,StratifiedGroupKFold
0,PSM7J14L,P6010,CD,1,3,StratifiedGroupKFold
0,PSM7J14N,P6010,CD,1,3,StratifiedGroupKFold
0,PSM7J14P,P6010,CD,1,3,StratifiedGroupKFold
0,PSM7J14R,P6010,CD,1,3,StratifiedGroupKFold
0,PSM7J14T,P6010,CD,1,3,StratifiedGroupKFold
0,PSM7J14X,P6014,nonIBD,0,2,StratifiedGroupKFold
0,PSM7J154,P6014,nonIBD,0,2,StratifiedGroupKFold
0,PSM7J156,P6014,nonIBD,0,2,StratifiedGroupKFold
0,PSM7J158,P6016,CD,1,2,StratifiedGroupKFold
0,PSM7J15A,P6016,CD,1,2,StratifiedGroupKFold
0,PSM7J15G,P6016,CD,1,2,StratifiedGroupKFold
0,PSM7J15I,P6016,CD,1,2,StratifiedGroupKFold
0,PSM7J15K,P6018,nonIBD,0,1,StratifiedGroupKFold
0,PSM7J15M,P6018,nonIBD,0,1,StratifiedGroupKFold
0,PSM7J15O,P6018,nonIBD,0,1,StratifiedGroupKFold
0,PSM7J15Q,P6018,nonIBD,0,1,StratifiedGroupKFold
0,PSM7J15S,P6018,nonIBD,0,1,StratifiedGroupKFold
0,PSM7J15U,P6018,nonIBD,0,1,StratifiedGroupKFold
0,PSM7J15W,P6028,CD,1,3,StratifiedGroupKFold
0,PSM7J161,P6028,CD,1,3,StratifiedGroupKFold
0,PSM7J163,P6028,CD,1,3,StratifiedGroupKFold
0,PSM7J167,P6028,CD,1,3,StratifiedGroupKFold
0,PSM7J16U,P6017,nonIBD,0,0,StratifiedGroupKFold
0,PSM7J16W,P6017,nonIBD,0,0,StratifiedGroupKFold
0,PSM7J16Y,P6017,nonIBD,0,0,StratifiedGroupKFold
0,PSM7J171,P6017,nonIBD,0,0,StratifiedGroupKFold
0,PSM7J173,P6017,nonIBD,0,0,StratifiedGroupKFold
0,PSM7J177,P6028,CD,1,3,StratifiedGroupKFold
0,PSM7J179,P6028,CD,1,3,StratifiedGroupKFold
0,PSM7J17B,P6028,CD,1,3,StratifiedGroupKFold
0,PSM7J17D,P6028,CD,1,3,StratifiedGroupKFold
0,PSM7J17F,P6028,CD,1,3,StratifiedGroupKFold
0,PSM7J17L,P6016,CD,1,2,StratifiedGroupKFold
0,PSM7J17T,P6016,CD,1,2,StratifiedGroupKFold
0,PSM7J17V,P6018,nonIBD,0,1,StratifiedGroupKFold
0,PSM7J17X,P6018,nonIBD,0,1,StratifiedGroupKFold
0,PSM7J17Z,P6018,nonIBD,0,1,StratifiedGroupKFold
0,PSM7J182,P6018,nonIBD,0,1,StratifiedGroupKFold
0,PSM7J184,P6018,nonIBD,0,1,StratifiedGroupKFold
0,PSM7J186,P6018,nonIBD,0,1,StratifiedGroupKFold
0,PSM7J188,P6033,CD,1,3,StratifiedGroupKFold
0,PSM7J18E,P6010,CD,1,3,StratifiedGroupKFold
0,PSM7J18G,P6010,CD,1,3,StratifiedGroupKFold
0,PSM7J18I,P6010,CD,1,3,StratifiedGroupKFold
0,PSM7J18K,P6010,CD,1,3,StratifiedGroupKFold
0,PSM7J18M,P6010,CD,1,3,StratifiedGroupKFold
0,PSM7J195,P6024,CD,1,2,StratifiedGroupKFold
0,PSM7J199,P6016,CD,1,2,StratifiedGroupKFold
0,PSM7J19B,P6016,CD,1,2,StratifiedGroupKFold
0,PSM7J19F,P6016,CD,1,2,StratifiedGroupKFold
0,PSM7J19H,P6016,CD,1,2,StratifiedGroupKFold
0,PSM7J19J,P6016,CD,1,2,StratifiedGroupKFold
0,PSM7J19N,P6017,nonIBD,0,0,StratifiedGroupKFold
0,PSM7J19P,P6017,nonIBD,0,0,StratifiedGroupKFold
0,PSM7J19R,P6017,nonIBD,0,0,StratifiedGroupKFold
0,PSM7J19T,P6017,nonIBD,0,0,StratifiedGroupKFold
0,PSM7J19V,P6017,nonIBD,0,0,StratifiedGroupKFold
0,PSM7J19X_P,P6018,nonIBD,0,1,StratifiedGroupKFold
0,PSM7J19Z,P6018,nonIBD,0,1,StratifiedGroupKFold
0,PSM7J1A2,P6018,nonIBD,0,1,StratifiedGroupKFold
0,PSM7J1A4,P6018,nonIBD,0,1,StratifiedGroupKFold
0,PSM7J1A6,P6018,nonIBD,0,1,StratifiedGroupKFold
0,PSM7J1A8,P6018,nonIBD,0,1,StratifiedGroupKFold
0,PSM7J1B3_P,P6028,CD,1,3,StratifiedGroupKFold
0,PSM7J1BJ,P6024,CD,1,2,StratifiedGroupKFold
0,PSM7J1BL,P6024,CD,1,2,StratifiedGroupKFold
0,PSM7J1BN,P6024,CD,1,2,StratifiedGroupKFold
0,PSM7J1BN_P,P6024,CD,1,2,StratifiedGroupKFold
0,PSM7J1BP,P6024,CD,1,2,StratifiedGroupKFold
0,PSM7J1BR,P6024,CD,1,2,StratifiedGroupKFold
0,PSM7J1BV,P6025,UC,1,0,StratifiedGroupKFold
0,PSM7J1BX,P6025,UC,1,0,StratifiedGroupKFold
0,PSM7J1C2_P,P6025,UC,1,0,StratifiedGroupKFold
0,PSM7J1C4,P6025,UC,1,0,StratifiedGroupKFold
0,PSM7J1CK,P6009,CD,1,1,StratifiedGroupKFold
0,PSM7J1CK_P,P6009,CD,1,1,StratifiedGroupKFold
0,PSM7J1CS_P,P6009,CD,1,1,StratifiedGroupKFold
0,PSM7J1CU,P6009,CD,1,1,StratifiedGroupKFold
0,PSM7J1DF,P6014,nonIBD,0,2,StratifiedGroupKFold
0,PSM7J1DH,P6014,nonIBD,0,2,StratifiedGroupKFold
0,PSM7J1DL,P6014,nonIBD,0,2,StratifiedGroupKFold
0,PSM7J4EF,P6037,CD,1,0,StratifiedGroupKFold
0,PSM7J4EU,P6024,CD,1,2,StratifiedGroupKFold
0,PSM7J4EV,P6024,CD,1,2,StratifiedGroupKFold
0,PSM7J4EW,P6025,UC,1,0,StratifiedGroupKFold
0,PSM7J4EX,P6025,UC,1,0,StratifiedGroupKFold
0,PSM7J4F3,P6028,CD,1,3,StratifiedGroupKFold
0,PSM7J4F4,P6028,CD,1,3,StratifiedGroupKFold
0,PSM7J4FL,P6016,CD,1,2,StratifiedGroupKFold
0,PSMA263M,P6024,CD,1,2,StratifiedGroupKFold
0,PSMA263S,P6024,CD,1,2,StratifiedGroupKFold
0,PSMA263U,P6024,CD,1,2,StratifiedGroupKFold
0,PSMA263W,P6024,CD,1,2,StratifiedGroupKFold
0,PSMA2644,P6017,nonIBD,0,0,StratifiedGroupKFold
0,PSMA2646,P6017,nonIBD,0,0,StratifiedGroupKFold
0,PSMA264K,P6025,UC,1,0,StratifiedGroupKFold
0,PSMA264O,P6035,UC,1,3,StratifiedGroupKFold
0,PSMA264Q,P6035,UC,1,3,StratifiedGroupKFold
0,PSMA264S,P6035,UC,1,3,StratifiedGroupKFold
0,PSMA264U,P6035,UC,1,3,StratifiedGroupKFold
0,PSMA264W,P6035,UC,1,3,StratifiedGroupKFold
0,PSMA2651,P6033,CD,1,3,StratifiedGroupKFold
0,PSMA2651_P,P6033,CD,1,3,StratifiedGroupKFold
0,PSMA2653,P6033,CD,1,3,StratifiedGroupKFold
0,PSMA2659,P6033,CD,1,3,StratifiedGroupKFold
0,PSMA265B,P6033,CD,1,3,StratifiedGroupKFold
0,PSMA265D,P6018,nonIBD,0,1,StratifiedGroupKFold
0,PSMA265F,P6018,nonIBD,0,1,StratifiedGroupKFold
0,PSMA265H,P6018,nonIBD,0,1,StratifiedGroupKFold
0,PSMA265J,P6018,nonIBD,0,1,StratifiedGroupKFold
0,PSMA265J_TR,P6018,nonIBD,0,1,StratifiedGroupKFold
0,PSMA265L,P6018,nonIBD,0,1,StratifiedGroupKFold
0,PSMA265N,P6016,CD,1,2,StratifiedGroupKFold
0,PSMA265T,P6016,CD,1,2,StratifiedGroupKFold
0,PSMA265V,P6016,CD,1,2,StratifiedGroupKFold
0,PSMA265X,P6038,UC,1,1,StratifiedGroupKFold
0,PSMA2668,P6028,CD,1,3,StratifiedGroupKFold
0,PSMA266C,P6028,CD,1,3,StratifiedGroupKFold
0,PSMA266I,P6037,CD,1,0,StratifiedGroupKFold
0,PSMA266M,P6037,CD,1,0,StratifiedGroupKFold
0,PSMA266O,P6037,CD,1,0,StratifiedGroupKFold
0,PSMA266Q,P6037,CD,1,0,StratifiedGroupKFold
0,PSMA266U,P6038,UC,1,1,StratifiedGroupKFold
0,PSMA266Y,P6038,UC,1,1,StratifiedGroupKFold
0,PSMA2671,P6038,UC,1,1,StratifiedGroupKFold
0,PSMA2675,P6038,UC,1,1,StratifiedGroupKFold
0,PSMA267B,P6033,CD,1,3,StratifiedGroupKFold
0,PSMA267D,P6033,CD,1,3,StratifiedGroupKFold
0,PSMA267F,P6033,CD,1,3,StratifiedGroupKFold
0,PSMA267H,P6033,CD,1,3,StratifiedGroupKFold
0,PSMA267J,P6035,UC,1,3,StratifiedGroupKFold
0,PSMA267P,P6035,UC,1,3,StratifiedGroupKFold
0,PSMA267R,P6035,UC,1,3,StratifiedGroupKFold
0,PSMA269E,P6028,CD,1,3,StratifiedGroupKFold
0,PSMA269G,P6037,CD,1,0,StratifiedGroupKFold
0,PSMA269I,P6037,CD,1,0,StratifiedGroupKFold
0,PSMA269O,P6037,CD,1,0,StratifiedGroupKFold
0,PSMA269S,P6038,UC,1,1,StratifiedGroupKFold
0,PSMA269W,P6038,UC,1,1,StratifiedGroupKFold
0,PSMA26A1,P6038,UC,1,1,StratifiedGroupKFold
0,PSMA26A3,P6038,UC,1,1,StratifiedGroupKFold
0,PSMA26AJ,P6033,CD,1,3,StratifiedGroupKFold
0,PSMB4MBI,P6035,UC,1,3,StratifiedGroupKFold
0,PSMB4MBK,P6035,UC,1,3,StratifiedGroupKFold
0,PSMB4MBQ,P6037,CD,1,0,StratifiedGroupKFold
0,PSMB4MBS,P6037,CD,1,0,StratifiedGroupKFold
0,PSMB4MC1,P6038,UC,1,1,StratifiedGroupKFold
0,PSMB4MC3,P6038,UC,1,1,StratifiedGroupKFold
0,PSMB4MC5,P6038,UC,1,1,StratifiedGroupKFold
0,PSMB4MC7,P6035,UC,1,3,StratifiedGroupKFold
1,206454,M2008,CD,1,1,StratifiedGroupKFold
1,206459,M2008,CD,1,1,StratifiedGroupKFold
1,206460,M2014,CD,1,1,StratifiedGroupKFold
1,206461,M2025,CD,1,0,StratifiedGroupKFold
1,206462,M2026,UC,1,1,StratifiedGroupKFold
1,206463,M2028,CD,1,0,StratifiedGroupKFold
1,206465,M2027,CD,1,1,StratifiedGroupKFold
1,206466,M2014,CD,1,1,StratifiedGroupKFold
1,206467,M2008,CD,1,1,StratifiedGroupKFold
1,206469,M2034,CD,1,0,StratifiedGroupKFold
1,206471,M2039,nonIBD,0,1,StratifiedGroupKFold
1,206472,M2026,UC,1,1,StratifiedGroupKFold
1,206473,M2028,CD,1,0,StratifiedGroupKFold
1,206494,H4001,CD,1,3,StratifiedGroupKFold
1,206497,H4004,CD,1,1,StratifiedGroupKFold
1,206498,H4006,CD,1,3,StratifiedGroupKFold
1,206501,H4007,CD,1,2,StratifiedGroupKFold
1,206502,H4001,CD,1,3,StratifiedGroupKFold
1,206503,H4009,nonIBD,0,2,StratifiedGroupKFold
1,206507,H4013,nonIBD,0,3,StratifiedGroupKFold
1,206508,H4014,CD,1,0,StratifiedGroupKFold
1,206509,H4007,CD,1,2,StratifiedGroupKFold
1,206510,H4001,CD,1,3,StratifiedGroupKFold
1,206511,H4004,CD,1,1,StratifiedGroupKFold
1,206512,H4016,nonIBD,0,3,StratifiedGroupKFold
1,206513,H4015,CD,1,3,StratifiedGroupKFold
1,206516,E5004,UC,1,0,StratifiedGroupKFold
1,206527,E5004,UC,1,0,StratifiedGroupKFold
1,206528,E5013,CD,1,3,StratifiedGroupKFold
1,206534,M2008,CD,1,1,StratifiedGroupKFold
1,206536,M2008,CD,1,1,StratifiedGroupKFold
1,206538,M2008,CD,1,1,StratifiedGroupKFold
1,206547,M2014,CD,1,1,StratifiedGroupKFold
1,206548,M2014,CD,1,1,StratifiedGroupKFold
1,206569,M2025,CD,1,0,StratifiedGroupKFold
1,206570,M2025,CD,1,0,StratifiedGroupKFold
1,206571,M2026,UC,1,1,StratifiedGroupKFold
1,206572,M2026,UC,1,1,StratifiedGroupKFold
1,206603,M2026,UC,1,1,StratifiedGroupKFold
1,206604,M2027,CD,1,1,StratifiedGroupKFold
1,206605,M2027,CD,1,1,StratifiedGroupKFold
1,206608,M2028,CD,1,0,StratifiedGroupKFold
1,206609,M2028,CD,1,0,StratifiedGroupKFold
1,206616,C3002,CD,1,2,StratifiedGroupKFold
1,206617,C3002,CD,1,2,StratifiedGroupKFold
1,206618,C3002,CD,1,2,StratifiedGroupKFold
1,206619,C3002,CD,1,2,StratifiedGroupKFold
1,206620,C3003,UC,1,0,StratifiedGroupKFold
1,206621,C3003,UC,1,0,StratifiedGroupKFold
1,206622,C3003,UC,1,0,StratifiedGroupKFold
1,206623,C3004,UC,1,2,StratifiedGroupKFold
1,206624,C3004,UC,1,2,StratifiedGroupKFold
1,206625,C3004,UC,1,2,StratifiedGroupKFold
1,206626,C3004,UC,1,2,StratifiedGroupKFold
1,206627,C3005,UC,1,0,StratifiedGroupKFold
1,206628,C3005,UC,1,0,StratifiedGroupKFold
1,206643,C3015,UC,1,3,StratifiedGroupKFold
1,206644,C3015,UC,1,3,StratifiedGroupKFold
1,206645,C3016,CD,1,3,StratifiedGroupKFold
1,206646,C3016,CD,1,3,StratifiedGroupKFold
1,206647,C3017,CD,1,0,StratifiedGroupKFold
1,206648,C3017,CD,1,0,StratifiedGroupKFold
1,206655,C3021,CD,1,1,StratifiedGroupKFold
1,206656,C3021,CD,1,1,StratifiedGroupKFold
1,206657,C3022,nonIBD,0,2,StratifiedGroupKFold
1,206658,C3022,nonIBD,0,2,StratifiedGroupKFold
1,206667,C3027,CD,1,3,StratifiedGroupKFold
1,206668,C3027,CD,1,3,StratifiedGroupKFold
1,206669,C3029,UC,1,0,StratifiedGroupKFold
1,206670,C3029,UC,1,0,StratifiedGroupKFold
1,206671,C3030,CD,1,1,StratifiedGroupKFold
1,206672,C3030,CD,1,1,StratifiedGroupKFold
1,206675,C3032,UC,1,0,StratifiedGroupKFold
1,206676,C3032,UC,1,0,StratifiedGroupKFold
1,206677,C3034,UC,1,2,StratifiedGroupKFold
1,206678,C3034,UC,1,2,StratifiedGroupKFold
1,206681,C3035,CD,1,2,StratifiedGroupKFold
1,206682,C3035,CD,1,2,StratifiedGroupKFold
1,206683,C3037,UC,1,2,StratifiedGroupKFold
1,206684,C3037,UC,1,2,StratifiedGroupKFold
1,206695,H4001,CD,1,3,StratifiedGroupKFold
1,206700,H4004,CD,1,1,StratifiedGroupKFold
1,206701,H4006,CD,1,3,StratifiedGroupKFold
1,206702,H4006,CD,1,3,StratifiedGroupKFold
1,206708,H4007,CD,1,2,StratifiedGroupKFold
1,206709,H4007,CD,1,2,StratifiedGroupKFold
1,206710,H4009,nonIBD,0,2,StratifiedGroupKFold
1,206711,H4009,nonIBD,0,2,StratifiedGroupKFold
1,206718,H4013,nonIBD,0,3,StratifiedGroupKFold
1,206719,H4013,nonIBD,0,3,StratifiedGroupKFold
1,206720,H4014,CD,1,0,StratifiedGroupKFold
1,206721,H4014,CD,1,0,StratifiedGroupKFold
1,206723,H4015,CD,1,3,StratifiedGroupKFold
1,206724,H4015,CD,1,3,StratifiedGroupKFold
1,206725,H4016,nonIBD,0,3,StratifiedGroupKFold
1,206726,H4016,nonIBD,0,3,StratifiedGroupKFold
1,206727,H4017,CD,1,3,StratifiedGroupKFold
1,206728,H4017,CD,1,3,StratifiedGroupKFold
1,206729,H4018,nonIBD,0,0,StratifiedGroupKFold
1,206730,H4018,nonIBD,0,0,StratifiedGroupKFold
1,206731,H4019,UC,1,0,StratifiedGroupKFold
1,206732,H4019,UC,1,0,StratifiedGroupKFold
1,206738,H4022,nonIBD,0,2,StratifiedGroupKFold
1,206739,H4022,nonIBD,0,2,StratifiedGroupKFold
1,206740,H4023,nonIBD,0,2,StratifiedGroupKFold
1,206741,H4023,nonIBD,0,2,StratifiedGroupKFold
1,206746,H4007,CD,1,2,StratifiedGroupKFold
1,206747,H4007,CD,1,2,StratifiedGroupKFold
1,206750,H4028,CD,1,0,StratifiedGroupKFold
1,206751,H4028,CD,1,0,StratifiedGroupKFold
1,206754,H4019,UC,1,0,StratifiedGroupKFold
1,206755,H4031,CD,1,1,StratifiedGroupKFold
1,206756,H4031,CD,1,1,StratifiedGroupKFold
1,206757,H4004,CD,1,1,StratifiedGroupKFold
1,206758,H4004,CD,1,1,StratifiedGroupKFold
1,206761,H4035,UC,1,0,StratifiedGroupKFold
1,206762,H4035,UC,1,0,StratifiedGroupKFold
1,206766,H4038,CD,1,3,StratifiedGroupKFold
1,206767,H4038,CD,1,3,StratifiedGroupKFold
1,206770,H4040,UC,1,2,StratifiedGroupKFold
1,214994,M2034,CD,1,0,StratifiedGroupKFold
1,214995,M2034,CD,1,0,StratifiedGroupKFold
1,215003,M2039,nonIBD,0,1,StratifiedGroupKFold
1,215004,M2039,nonIBD,0,1,StratifiedGroupKFold
1,215007,M2041,nonIBD,0,3,StratifiedGroupKFold
1,215008,M2041,nonIBD,0,3,StratifiedGroupKFold
1,215009,M2042,nonIBD,0,2,StratifiedGroupKFold
1,215010,M2042,nonIBD,0,2,StratifiedGroupKFold
1,215023,M2008,CD,1,1,StratifiedGroupKFold
1,215050,M2008,CD,1,1,StratifiedGroupKFold
1,215055,M2060,nonIBD,0,1,StratifiedGroupKFold
1,215056,M2060,nonIBD,0,1,StratifiedGroupKFold
1,215057,M2061,nonIBD,0,3,StratifiedGroupKFold
1,215058,M2061,nonIBD,0,3,StratifiedGroupKFold
1,215061,M2064,UC,1,1,StratifiedGroupKFold
1,215062,M2064,UC,1,1,StratifiedGroupKFold
1,215067,M2025,CD,1,0,StratifiedGroupKFold
1,215075,M2068,CD,1,2,StratifiedGroupKFold
1,215076,M2068,CD,1,2,StratifiedGroupKFold
1,215080,M2069,UC,1,3,StratifiedGroupKFold
1,215084,M2028,CD,1,0,StratifiedGroupKFold
1,215085,M2028,CD,1,0,StratifiedGroupKFold
1,219183,M2025,CD,1,0,StratifiedGroupKFold
1,219184,M2042,nonIBD,0,2,StratifiedGroupKFold
1,219185,M2014,CD,1,1,StratifiedGroupKFold
1,219188,M2008,CD,1,1,StratifiedGroupKFold
1,219189,M2027,CD,1,1,StratifiedGroupKFold
1,219190,M2034,CD,1,0,StratifiedGroupKFold
1,219192,M2026,UC,1,1,StratifiedGroupKFold
1,219194,M2025,CD,1,0,StratifiedGroupKFold
1,219195,M2028,CD,1,0,StratifiedGroupKFold
1,219197,M2027,CD,1,1,StratifiedGroupKFold
1,219198,M2034,CD,1,0,StratifiedGroupKFold
1,219199,M2008,CD,1,1,StratifiedGroupKFold
1,219200,M2014,CD,1,1,StratifiedGroupKFold
1,219205,H4007,CD,1,2,StratifiedGroupKFold
1,219206,H4001,CD,1,3,StratifiedGroupKFold
1,219209,H4023,nonIBD,0,2,StratifiedGroupKFold
1,219210,H4006,CD,1,3,StratifiedGroupKFold
1,219211,H4004,CD,1,1,StratifiedGroupKFold
1,219212,H4022,nonIBD,0,2,StratifiedGroupKFold
1,219213,H4017,CD,1,3,StratifiedGroupKFold
1,219215,H4015,CD,1,3,StratifiedGroupKFold
1,219218,H4019,UC,1,0,StratifiedGroupKFold
1,219219,H4014,CD,1,0,StratifiedGroupKFold
1,219220,H4018,nonIBD,0,0,StratifiedGroupKFold
1,219221,H4006,CD,1,3,StratifiedGroupKFold
1,219222,H4017,CD,1,3,StratifiedGroupKFold
1,219633,P6005,CD,1,1,StratifiedGroupKFold
1,219634,P6005,CD,1,1,StratifiedGroupKFold
1,219643,P6012,UC,1,3,StratifiedGroupKFold
1,219644,P6012,UC,1,3,StratifiedGroupKFold
1,219645,P6013,UC,1,3,StratifiedGroupKFold
1,219646,P6013,UC,1,3,StratifiedGroupKFold
1,219653,P6016,CD,1,0,StratifiedGroupKFold
1,219654,P6016,CD,1,0,StratifiedGroupKFold
1,219655,P6017,nonIBD,0,3,StratifiedGroupKFold
1,219656,P6017,nonIBD,0,3,StratifiedGroupKFold
1,219659,P6016,CD,1,0,StratifiedGroupKFold
1,219675,P6028,CD,1,2,StratifiedGroupKFold
1,219676,P6028,CD,1,2,StratifiedGroupKFold
1,219691,P6033,CD,1,1,StratifiedGroupKFold
1,219692,P6033,CD,1,1,StratifiedGroupKFold
1,219693,P6016,CD,1,0,StratifiedGroupKFold
1,219708,P6005,CD,1,1,StratifiedGroupKFold
1,219711,P6010,CD,1,3,StratifiedGroupKFold
1,219712,P6013,UC,1,3,StratifiedGroupKFold
1,219714,P6012,UC,1,3,StratifiedGroupKFold
1,219716,P6005,CD,1,1,StratifiedGroupKFold
1,219719,P6016,CD,1,0,StratifiedGroupKFold
1,219720,P6017,nonIBD,0,3,StratifiedGroupKFold
1,219972,E5004,UC,1,0,StratifiedGroupKFold
1,220201,M2061,nonIBD,0,3,StratifiedGroupKFold
1,220203,M2025,CD,1,0,StratifiedGroupKFold
1,220205,M2039,nonIBD,0,1,StratifiedGroupKFold
1,220206,M2028,CD,1,0,StratifiedGroupKFold
1,220207,M2026,UC,1,1,StratifiedGroupKFold
1,220208,M2064,UC,1,1,StratifiedGroupKFold
1,220210,M2014,CD,1,1,StratifiedGroupKFold
1,220212,M2042,nonIBD,0,2,StratifiedGroupKFold
1,220214,M2068,CD,1,2,StratifiedGroupKFold
1,220215,M2027,CD,1,1,StratifiedGroupKFold
1,220217,M2069,UC,1,3,StratifiedGroupKFold
1,220218,M2028,CD,1,0,StratifiedGroupKFold
1,220931,H4009,nonIBD,0,2,StratifiedGroupKFold
1,220932,H4017,CD,1,3,StratifiedGroupKFold
1,220933,H4014,CD,1,0,StratifiedGroupKFold
1,220935,H4015,CD,1,3,StratifiedGroupKFold
1,220937,H4028,CD,1,0,StratifiedGroupKFold
1,220938,H4001,CD,1,3,StratifiedGroupKFold
1,220940,H4004,CD,1,1,StratifiedGroupKFold
1,220942,H4016,nonIBD,0,3,StratifiedGroupKFold
1,220943,H4006,CD,1,3,StratifiedGroupKFold
1,220944,H4018,nonIBD,0,0,StratifiedGroupKFold
1,220945,H4019,UC,1,0,StratifiedGroupKFold
1,220947,H4032,CD,1,0,StratifiedGroupKFold
1,220949,H4019,UC,1,0,StratifiedGroupKFold
1,221781,H4043,CD,1,3,StratifiedGroupKFold
1,222170,M2075,nonIBD,0,3,StratifiedGroupKFold
1,222171,M2075,nonIBD,0,3,StratifiedGroupKFold
1,222206,P6010,CD,1,3,StratifiedGroupKFold
1,222214,P6028,CD,1,2,StratifiedGroupKFold
1,222220,P6033,CD,1,1,StratifiedGroupKFold
1,222224,P6016,CD,1,0,StratifiedGroupKFold
1,222376,H4014,CD,1,0,StratifiedGroupKFold
1,222379,H4013,nonIBD,0,3,StratifiedGroupKFold
1,222380,H4014,CD,1,0,StratifiedGroupKFold
1,222381,H4022,nonIBD,0,2,StratifiedGroupKFold
1,222384,H4028,CD,1,0,StratifiedGroupKFold
1,222385,H4031,CD,1,1,StratifiedGroupKFold
1,222390,H4038,CD,1,3,StratifiedGroupKFold
1,222392,H4019,UC,1,0,StratifiedGroupKFold
1,222393,H4035,UC,1,0,StratifiedGroupKFold
1,222396,H4009,nonIBD,0,2,StratifiedGroupKFold
1,222399,H4023,nonIBD,0,2,StratifiedGroupKFold
1,222401,H4017,CD,1,3,StratifiedGroupKFold
1,222402,H4007,CD,1,2,StratifiedGroupKFold
1,222403,H4006,CD,1,3,StratifiedGroupKFold
1,222404,H4035,UC,1,0,StratifiedGroupKFold
1,222406,H4004,CD,1,1,StratifiedGroupKFold
1,222408,H4015,CD,1,3,StratifiedGroupKFold
1,223287,M2026,UC,1,1,StratifiedGroupKFold
1,223288,M2034,CD,1,0,StratifiedGroupKFold
1,223289,M2025,CD,1,0,StratifiedGroupKFold
1,223290,M2064,UC,1,1,StratifiedGroupKFold
1,223292,M2034,CD,1,0,StratifiedGroupKFold
1,223293,M2039,nonIBD,0,1,StratifiedGroupKFold
1,223294,M2075,nonIBD,0,3,StratifiedGroupKFold
1,223296,M2042,nonIBD,0,2,StratifiedGroupKFold
1,223298,M2064,UC,1,1,StratifiedGroupKFold
1,223302,M2084,nonIBD,0,1,StratifiedGroupKFold
1,223305,M2041,nonIBD,0,3,StratifiedGroupKFold
1,224255,H4035,UC,1,0,StratifiedGroupKFold
1,224258,H4038,CD,1,3,StratifiedGroupKFold
1,224260,H4044,UC,1,1,StratifiedGroupKFold
1,224262,H4032,CD,1,0,StratifiedGroupKFold
1,224263,H4043,CD,1,3,StratifiedGroupKFold
1,224264,H4040,UC,1,2,StratifiedGroupKFold
1,224266,H4031,CD,1,1,StratifiedGroupKFold
1,224268,H4042,UC,1,1,StratifiedGroupKFold
1,224271,H4043,CD,1,3,StratifiedGroupKFold
1,224273,H4045,nonIBD,0,1,StratifiedGroupKFold
1,224274,H4023,nonIBD,0,2,StratifiedGroupKFold
1,224277,H4035,UC,1,0,StratifiedGroupKFold
1,224279,H4044,UC,1,1,StratifiedGroupKFold
1,224280,H4022,nonIBD,0,2,StratifiedGroupKFold
1,224281,H4038,CD,1,3,StratifiedGroupKFold
1,224282,H4043,CD,1,3,StratifiedGroupKFold
1,224283,H4017,CD,1,3,StratifiedGroupKFold
1,224284,H4032,CD,1,0,StratifiedGroupKFold
1,224285,H4016,nonIBD,0,3,StratifiedGroupKFold
1,224286,H4019,UC,1,0,StratifiedGroupKFold
1,224287,H4042,UC,1,1,StratifiedGroupKFold
1,224288,H4031,CD,1,1,StratifiedGroupKFold
1,224289,H4018,nonIBD,0,0,StratifiedGroupKFold
1,224292,H4013,nonIBD,0,3,StratifiedGroupKFold
1,224293,H4032,CD,1,0,StratifiedGroupKFold
1,224294,H4040,UC,1,2,StratifiedGroupKFold
1,224323,H4045,nonIBD,0,1,StratifiedGroupKFold
1,224324,H4045,nonIBD,0,1,StratifiedGroupKFold
1,224325,H4044,UC,1,1,StratifiedGroupKFold
1,224326,H4044,UC,1,1,StratifiedGroupKFold
1,224327,H4043,CD,1,3,StratifiedGroupKFold
1,224328,H4043,CD,1,3,StratifiedGroupKFold
1,224330,H4042,UC,1,1,StratifiedGroupKFold
1,224639,P6005,CD,1,1,StratifiedGroupKFold
1,224643,P6010,CD,1,3,StratifiedGroupKFold
1,224644,P6013,UC,1,3,StratifiedGroupKFold
1,224645,P6033,CD,1,1,StratifiedGroupKFold
1,224652,P6028,CD,1,2,StratifiedGroupKFold
1,224654,P6033,CD,1,1,StratifiedGroupKFold
1,224844,M2084,nonIBD,0,1,StratifiedGroupKFold
1,224845,M2084,nonIBD,0,1,StratifiedGroupKFold
1,225306,H4043,CD,1,3,StratifiedGroupKFold
1,225340,H4040,UC,1,2,StratifiedGroupKFold
1,225341,H4042,UC,1,1,StratifiedGroupKFold
1,225344,H4038,CD,1,3,StratifiedGroupKFold
1,225345,H4042,UC,1,1,StratifiedGroupKFold
1,226382,M2064,UC,1,1,StratifiedGroupKFold
1,226385,M2060,nonIBD,0,1,StratifiedGroupKFold
1,226386,M2075,nonIBD,0,3,StratifiedGroupKFold
1,226387,M2084,nonIBD,0,1,StratifiedGroupKFold
1,226395,M2069,UC,1,3,StratifiedGroupKFold
1,226396,M2061,nonIBD,0,3,StratifiedGroupKFold
1,226398,M2064,UC,1,1,StratifiedGroupKFold
1,226400,M2068,CD,1,2,StratifiedGroupKFold
1,226408,M2084,nonIBD,0,1,StratifiedGroupKFold
1,226409,M2075,nonIBD,0,3,StratifiedGroupKFold
1,CSM5FZ1F,C3002,CD,1,2,StratifiedGroupKFold
1,CSM5FZ1G,C3002,CD,1,2,StratifiedGroupKFold
1,CSM5FZ1H,C3002,CD,1,2,StratifiedGroupKFold
1,CSM5FZ1I,C3002,CD,1,2,StratifiedGroupKFold
1,CSM5FZ1J,C3003,UC,1,0,StratifiedGroupKFold
1,CSM5FZ1K,C3003,UC,1,0,StratifiedGroupKFold
1,CSM5FZ1L,C3003,UC,1,0,StratifiedGroupKFold
1,CSM5FZ1M,C3004,UC,1,2,StratifiedGroupKFold
1,CSM5FZ1N,C3004,UC,1,2,StratifiedGroupKFold
1,CSM5FZ1O,C3004,UC,1,2,StratifiedGroupKFold
1,CSM5FZ1Q,C3005,UC,1,0,StratifiedGroupKFold
1,CSM5FZ1R,C3005,UC,1,0,StratifiedGroupKFold
1,CSM5FZ1S,C3005,UC,1,0,StratifiedGroupKFold
1,CSM5FZ22,C3008,CD,1,0,StratifiedGroupKFold
1,CSM5FZ23,C3008,CD,1,0,StratifiedGroupKFold
1,CSM5FZ24,C3008,CD,1,0,StratifiedGroupKFold
1,CSM5FZ2G,C3013,UC,1,2,StratifiedGroupKFold
1,CSM5FZ2H,C3013,UC,1,2,StratifiedGroupKFold
1,CSM5FZ2I,C3013,UC,1,2,StratifiedGroupKFold
1,CSM5FZ2L,C3015,UC,1,3,StratifiedGroupKFold
1,CSM5FZ2M,C3015,UC,1,3,StratifiedGroupKFold
1,CSM5FZ2N,C3015,UC,1,3,StratifiedGroupKFold
1,CSM5FZ2O,C3016,CD,1,3,StratifiedGroupKFold
1,CSM5FZ2P,C3016,CD,1,3,StratifiedGroupKFold
1,CSM5FZ2Q,C3016,CD,1,3,StratifiedGroupKFold
1,CSM5FZ2R,C3017,CD,1,0,StratifiedGroupKFold
1,CSM5FZ2S,C3017,CD,1,0,StratifiedGroupKFold
1,CSM5FZ2T,C3017,CD,1,0,StratifiedGroupKFold
1,CSM5FZ34,C3021,CD,1,1,StratifiedGroupKFold
1,CSM5FZ35,C3021,CD,1,1,StratifiedGroupKFold
1,CSM5FZ36,C3021,CD,1,1,StratifiedGroupKFold
1,CSM5FZ37,C3021,CD,1,1,StratifiedGroupKFold
1,CSM5FZ38,C3022,nonIBD,0,2,StratifiedGroupKFold
1,CSM5FZ39,C3022,nonIBD,0,2,StratifiedGroupKFold
1,CSM5FZ3T,C3002,CD,1,2,StratifiedGroupKFold
1,CSM5FZ3T_P,C3002,CD,1,2,StratifiedGroupKFold
1,CSM5FZ3X_P,C3002,CD,1,2,StratifiedGroupKFold
1,CSM5FZ3Z_P,C3002,CD,1,2,StratifiedGroupKFold
1,CSM5FZ42_P,C3002,CD,1,2,StratifiedGroupKFold
1,CSM5FZ44,C3002,CD,1,2,StratifiedGroupKFold
1,CSM5FZ44_P,C3002,CD,1,2,StratifiedGroupKFold
1,CSM5FZ46_P,C3002,CD,1,2,StratifiedGroupKFold
1,CSM5FZ48,C3003,UC,1,0,StratifiedGroupKFold
1,CSM5FZ4A,C3004,UC,1,2,StratifiedGroupKFold
1,CSM5FZ4A_P,C3004,UC,1,2,StratifiedGroupKFold
1,CSM5FZ4E_P,C3003,UC,1,0,StratifiedGroupKFold
1,CSM5FZ4G_P,C3003,UC,1,0,StratifiedGroupKFold
1,CSM5FZ4K,C3003,UC,1,0,StratifiedGroupKFold
1,CSM5FZ4K_P,C3003,UC,1,0,StratifiedGroupKFold
1,CSM5FZ4M,C3003,UC,1,0,StratifiedGroupKFold
1,CSM5FZ4O,C3005,UC,1,0,StratifiedGroupKFold
1,CSM5LLGB_P,M2014,CD,1,1,StratifiedGroupKFold
1,CSM5MCU4,C3008,CD,1,0,StratifiedGroupKFold
1,CSM5MCU4_P,C3008,CD,1,0,StratifiedGroupKFold
1,CSM5MCU8_P,C3004,UC,1,2,StratifiedGroupKFold
1,CSM5MCUA_P,C3004,UC,1,2,StratifiedGroupKFold
1,CSM5MCUC,C3004,UC,1,2,StratifiedGroupKFold
1,CSM5MCUC_P,C3004,UC,1,2,StratifiedGroupKFold
1,CSM5MCUE_P,C3004,UC,1,2,StratifiedGroupKFold
1,CSM5MCUQ_P,C3005,UC,1,0,StratifiedGroupKFold
1,CSM5MCUS_P,C3005,UC,1,0,StratifiedGroupKFold
1,CSM5MCUU,C3005,UC,1,0,StratifiedGroupKFold
1,CSM5MCUW_P,C3005,UC,1,0,StratifiedGroupKFold
1,CSM5MCUY_P,C3005,UC,1,0,StratifiedGroupKFold
1,CSM5MCV1_P,C3007,CD,1,2,StratifiedGroupKFold
1,CSM5MCV5_P,C3007,CD,1,2,StratifiedGroupKFold
1,CSM5MCVB_P,C3007,CD,1,2,StratifiedGroupKFold
1,CSM5MCVH,C3009,CD,1,0,StratifiedGroupKFold
1,CSM5MCVJ_P,C3002,CD,1,2,StratifiedGroupKFold
1,CSM5MCVL,C3002,CD,1,2,StratifiedGroupKFold
1,CSM5MCVN,C3002,CD,1,2,StratifiedGroupKFold
1,CSM5MCVZ_P,C3008,CD,1,0,StratifiedGroupKFold
1,CSM5MCW4,C3008,CD,1,0,StratifiedGroupKFold
1,CSM5MCW4_P,C3008,CD,1,0,StratifiedGroupKFold
1,CSM5MCW6,C3008,CD,1,0,StratifiedGroupKFold
1,CSM5MCWA_P,C3009,CD,1,0,StratifiedGroupKFold
1,CSM5MCWC,C3009,CD,1,0,StratifiedGroupKFold
1,CSM5MCWE,C3009,CD,1,0,StratifiedGroupKFold
1,CSM5MCWG,C3009,CD,1,0,StratifiedGroupKFold
1,CSM5MCWM_P,C3003,UC,1,0,StratifiedGroupKFold
1,CSM5MCWQ,C3003,UC,1,0,StratifiedGroupKFold
1,CSM5MCXH,C3004,UC,1,2,StratifiedGroupKFold
1,CSM5MCXJ,C3004,UC,1,2,StratifiedGroupKFold
1,CSM5MCXL,C3004,UC,1,2,StratifiedGroupKFold
1,CSM5MCXN,C3004,UC,1,2,StratifiedGroupKFold
1,CSM5MCXP,C3004,UC,1,2,StratifiedGroupKFold
1,CSM5MCXR,C3004,UC,1,2,StratifiedGroupKFold
1,CSM5MCY4,C3005,UC,1,0,StratifiedGroupKFold
1,CSM5MCY8,C3005,UC,1,0,StratifiedGroupKFold
1,CSM5MCYK,C3003,UC,1,0,StratifiedGroupKFold
1,CSM5MCYU,C3013,UC,1,2,StratifiedGroupKFold
1,CSM5MCYU_P,C3013,UC,1,2,StratifiedGroupKFold
1,CSM5MCYW,C3008,CD,1,0,StratifiedGroupKFold
1,CSM5MCZ3,C3008,CD,1,0,StratifiedGroupKFold
1,CSM5MCZ5,C3008,CD,1,0,StratifiedGroupKFold
1,CSM5MCZ7,C3008,CD,1,0,StratifiedGroupKFold
1,CSM67U9H,C3013,UC,1,2,StratifiedGroupKFold
1,CSM67U9H_P,C3013,UC,1,2,StratifiedGroupKFold
1,CSM67U9N,C3013,UC,1,2,StratifiedGroupKFold
1,CSM67U9P,C3013,UC,1,2,StratifiedGroupKFold
1,CSM67U9P_P,C3013,UC,1,2,StratifiedGroupKFold
1,CSM67U9R_P,C3013,UC,1,2,StratifiedGroupKFold
1,CSM67U9T,C3015,UC,1,3,StratifiedGroupKFold
1,CSM67U9T_P,C3015,UC,1,3,StratifiedGroupKFold
1,CSM67U9V,C3016,CD,1,3,StratifiedGroupKFold
1,CSM67U9V_P,C3016,CD,1,3,StratifiedGroupKFold
1,CSM67U9X,C3017,CD,1,0,StratifiedGroupKFold
1,CSM67U9X_P,C3017,CD,1,0,StratifiedGroupKFold
1,CSM67UAA,C3009,CD,1,0,StratifiedGroupKFold
1,CSM67UAG,C3009,CD,1,0,StratifiedGroupKFold
1,CSM67UAI_P,C3020,CD,1,1,StratifiedGroupKFold
1,CSM67UAK,C3015,UC,1,3,StratifiedGroupKFold
1,CSM67UAM,C3015,UC,1,3,StratifiedGroupKFold
1,CSM67UAO,C3015,UC,1,3,StratifiedGroupKFold
1,CSM67UAQ,C3015,UC,1,3,StratifiedGroupKFold
1,CSM67UAS,C3015,UC,1,3,StratifiedGroupKFold
1,CSM67UAU,C3016,CD,1,3,StratifiedGroupKFold
1,CSM67UAW,C3016,CD,1,3,StratifiedGroupKFold
1,CSM67UAY,C3016,CD,1,3,StratifiedGroupKFold
1,CSM67UB1,C3016,CD,1,3,StratifiedGroupKFold
1,CSM67UB3,C3016,CD,1,3,StratifiedGroupKFold
1,CSM67UB5_P,C3017,CD,1,0,StratifiedGroupKFold
1,CSM67UB7_P,C3017,CD,1,0,StratifiedGroupKFold
1,CSM67UB9,C3017,CD,1,0,StratifiedGroupKFold
1,CSM67UB9_P,C3017,CD,1,0,StratifiedGroupKFold
1,CSM67UBB,C3017,CD,1,0,StratifiedGroupKFold
1,CSM67UBD,C3017,CD,1,0,StratifiedGroupKFold
1,CSM67UBF,C3002,CD,1,2,StratifiedGroupKFold
1,CSM67UBH,C3002,CD,1,2,StratifiedGroupKFold
1,CSM67UBN,C3002,CD,1,2,StratifiedGroupKFold
1,CSM67UBR,C3002,CD,1,2,StratifiedGroupKFold
1,CSM67UBX,C3003,UC,1,0,StratifiedGroupKFold
1,CSM67UBZ,C3003,UC,1,0,StratifiedGroupKFold
1,CSM67UC6,C3003,UC,1,0,StratifiedGroupKFold
1,CSM67UCU_P,C3019,CD,1,2,StratifiedGroupKFold
1,CSM67UDF,C3004,UC,1,2,StratifiedGroupKFold
1,CSM67UDJ,C3004,UC,1,2,StratifiedGroupKFold
1,CSM67UDN,C3004,UC,1,2,StratifiedGroupKFold
1,CSM67UDR,C3004,UC,1,2,StratifiedGroupKFold
1,CSM67UDR_TR,C3004,UC,1,2,StratifiedGroupKFold
1,CSM67UDY,C3004,UC,1,2,StratifiedGroupKFold
1,CSM67UE3,C3005,UC,1,0,StratifiedGroupKFold
1,CSM67UE7,C3005,UC,1,0,StratifiedGroupKFold
1,CSM67UEA,C3005,UC,1,0,StratifiedGroupKFold
1,CSM67UEI,C3005,UC,1,0,StratifiedGroupKFold
1,CSM67UEM,C3005,UC,1,0,StratifiedGroupKFold
1,CSM67UH7,C3022,nonIBD,0,2,StratifiedGroupKFold
1,CSM6J2H9_P,M2039,nonIBD,0,1,StratifiedGroupKFold
1,CSM79HG7_P,C3024,CD,1,0,StratifiedGroupKFold
1,CSM79HGD_P,C3013,UC,1,2,StratifiedGroupKFold
1,CSM79HGF,C3013,UC,1,2,StratifiedGroupKFold
1,CSM79HGF_P,C3013,UC,1,2,StratifiedGroupKFold
1,CSM79HGH,C3013,UC,1,2,StratifiedGroupKFold
1,CSM79HGH_P,C3013,UC,1,2,StratifiedGroupKFold
1,CSM79HGJ_P,C3013,UC,1,2,StratifiedGroupKFold
1,CSM79HGL_P,C3013,UC,1,2,StratifiedGroupKFold
1,CSM79HGN_P,C3013,UC,1,2,StratifiedGroupKFold
1,CSM79HGR_P,C3022,nonIBD,0,2,StratifiedGroupKFold
1,CSM79HGV_P,C3022,nonIBD,0,2,StratifiedGroupKFold
1,CSM79HGX,C3022,nonIBD,0,2,StratifiedGroupKFold
1,CSM79HGZ,C3022,nonIBD,0,2,StratifiedGroupKFold
1,CSM79HHM,C3021,CD,1,1,StratifiedGroupKFold
1,CSM79HHO,C3021,CD,1,1,StratifiedGroupKFold
1,CSM79HHU,C3021,CD,1,1,StratifiedGroupKFold
1,CSM79HHW,C3027,CD,1,3,StratifiedGroupKFold
1,CSM79HHW_P,C3027,CD,1,3,StratifiedGroupKFold
1,CSM79HI3,C3009,CD,1,0,StratifiedGroupKFold
1,CSM79HI7,C3009,CD,1,0,StratifiedGroupKFold
1,CSM79HIB,C3009,CD,1,0,StratifiedGroupKFold
1,CSM79HID,C3015,UC,1,3,StratifiedGroupKFold
1,CSM79HIF,C3015,UC,1,3,StratifiedGroupKFold
1,CSM79HIH,C3015,UC,1,3,StratifiedGroupKFold
1,CSM79HIJ,C3015,UC,1,3,StratifiedGroupKFold
1,CSM79HIL,C3015,UC,1,3,StratifiedGroupKFold
1,CSM79HIN,C3015,UC,1,3,StratifiedGroupKFold
1,CSM79HIR,C3016,CD,1,3,StratifiedGroupKFold
1,CSM79HIT,C3016,CD,1,3,StratifiedGroupKFold
1,CSM79HIV,C3016,CD,1,3,StratifiedGroupKFold
1,CSM79HIX,C3016,CD,1,3,StratifiedGroupKFold
1,CSM79HIZ,C3016,CD,1,3,StratifiedGroupKFold
1,CSM79HJ2_P,C3017,CD,1,0,StratifiedGroupKFold
1,CSM79HJ4_P,C3017,CD,1,0,StratifiedGroupKFold
1,CSM79HJ6,C3017,CD,1,0,StratifiedGroupKFold
1,CSM79HJ6_P,C3017,CD,1,0,StratifiedGroupKFold
1,CSM79HJ8_P,C3017,CD,1,0,StratifiedGroupKFold
1,CSM79HJA,C3017,CD,1,0,StratifiedGroupKFold
1,CSM79HJC_P,C3017,CD,1,0,StratifiedGroupKFold
1,CSM79HJE,C3028,CD,1,1,StratifiedGroupKFold
1,CSM79HJG,C3029,UC,1,0,StratifiedGroupKFold
1,CSM79HJI,C3030,CD,1,1,StratifiedGroupKFold
1,CSM79HJI_P,C3030,CD,1,1,StratifiedGroupKFold
1,CSM79HJM,C3027,CD,1,3,StratifiedGroupKFold
1,CSM79HJO,C3027,CD,1,3,StratifiedGroupKFold
1,CSM79HJQ,C3027,CD,1,3,StratifiedGroupKFold
1,CSM79HJS,C3027,CD,1,3,StratifiedGroupKFold
1,CSM79HJU,C3027,CD,1,3,StratifiedGroupKFold
1,CSM79HJW,C3002,CD,1,2,StratifiedGroupKFold
1,CSM79HJY,C3002,CD,1,2,StratifiedGroupKFold
1,CSM79HK1,C3002,CD,1,2,StratifiedGroupKFold
1,CSM79HK5,C3002,CD,1,2,StratifiedGroupKFold
1,CSM79HKR,C3008,CD,1,0,StratifiedGroupKFold
1,CSM79HKT,C3008,CD,1,0,StratifiedGroupKFold
1,CSM79HKV,C3008,CD,1,0,StratifiedGroupKFold
1,CSM79HKX,C3028,CD,1,1,StratifiedGroupKFold
1,CSM79HKZ,C3028,CD,1,1,StratifiedGroupKFold
1,CSM79HL2,C3028,CD,1,1,StratifiedGroupKFold
1,CSM79HL4,C3028,CD,1,1,StratifiedGroupKFold
1,CSM79HL6,C3028,CD,1,1,StratifiedGroupKFold
1,CSM79HLA,C3004,UC,1,2,StratifiedGroupKFold
1,CSM79HLA_TR,C3004,UC,1,2,StratifiedGroupKFold
1,CSM79HLC,C3004,UC,1,2,StratifiedGroupKFold
1,CSM79HLE,C3004,UC,1,2,StratifiedGroupKFold
1,CSM79HLG,C3004,UC,1,2,StratifiedGroupKFold
1,CSM79HLI,C3004,UC,1,2,StratifiedGroupKFold
1,CSM79HLK,C3004,UC,1,2,StratifiedGroupKFold
1,CSM79HLM,C3003,UC,1,0,StratifiedGroupKFold
1,CSM79HLW,C3003,UC,1,0,StratifiedGroupKFold
1,CSM79HN2,C3021,CD,1,1,StratifiedGroupKFold
1,CSM79HN6,C3021,CD,1,1,StratifiedGroupKFold
1,CSM79HNE,C3029,UC,1,0,StratifiedGroupKFold
1,CSM79HNG_P,C3029,UC,1,0,StratifiedGroupKFold
1,CSM79HNI,C3029,UC,1,0,StratifiedGroupKFold
1,CSM79HNK,C3029,UC,1,0,StratifiedGroupKFold
1,CSM79HNM,C3029,UC,1,0,StratifiedGroupKFold
1,CSM79HNO,C3030,CD,1,1,StratifiedGroupKFold
1,CSM79HNQ,C3030,CD,1,1,StratifiedGroupKFold
1,CSM79HNU,C3030,CD,1,1,StratifiedGroupKFold
1,CSM79HNW,C3030,CD,1,1,StratifiedGroupKFold
1,CSM79HO1,C3005,UC,1,0,StratifiedGroupKFold
1,CSM79HO9,C3005,UC,1,0,StratifiedGroupKFold
1,CSM79HOV,C3022,nonIBD,0,2,StratifiedGroupKFold
1,CSM79HOX,C3022,nonIBD,0,2,StratifiedGroupKFold
1,CSM79HOZ,C3022,nonIBD,0,2,StratifiedGroupKFold
1,CSM79HP2,C3022,nonIBD,0,2,StratifiedGroupKFold
1,CSM79HP4,C3022,nonIBD,0,2,StratifiedGroupKFold
1,CSM79HP6,C3022,nonIBD,0,2,StratifiedGroupKFold
1,CSM79HPK,C3013,UC,1,2,StratifiedGroupKFold
1,CSM79HPM,C3013,UC,1,2,StratifiedGroupKFold
1,CSM79HPM_P,C3013,UC,1,2,StratifiedGroupKFold
1,CSM79HPO,C3013,UC,1,2,StratifiedGroupKFold
1,CSM79HPQ_P,C3013,UC,1,2,StratifiedGroupKFold
1,CSM79HPS,C3013,UC,1,2,StratifiedGroupKFold
1,CSM79HPU,C3013,UC,1,2,StratifiedGroupKFold
1,CSM79HQ9,C3008,CD,1,0,StratifiedGroupKFold
1,CSM79HQB,C3008,CD,1,0,StratifiedGroupKFold
1,CSM79HQF,C3008,CD,1,0,StratifiedGroupKFold
1,CSM79HQH,C3008,CD,1,0,StratifiedGroupKFold
1,CSM79HQL,C3032,UC,1,0,StratifiedGroupKFold
1,CSM79HQN,C3035,CD,1,2,StratifiedGroupKFold
1,CSM79HQR,C3034,UC,1,2,StratifiedGroupKFold
1,CSM79HQR_P,C3034,UC,1,2,StratifiedGroupKFold
1,CSM79HQV,C3027,CD,1,3,StratifiedGroupKFold
1,CSM79HQX,C3027,CD,1,3,StratifiedGroupKFold
1,CSM79HQZ,C3027,CD,1,3,StratifiedGroupKFold
1,CSM79HR2,C3027,CD,1,3,StratifiedGroupKFold
1,CSM79HR4,C3027,CD,1,3,StratifiedGroupKFold
1,CSM79HR6,C3027,CD,1,3,StratifiedGroupKFold
1,CSM7KOJE,C3009,CD,1,0,StratifiedGroupKFold
1,CSM7KOJG,C3009,CD,1,0,StratifiedGroupKFold
1,CSM7KOJO,C3009,CD,1,0,StratifiedGroupKFold
1,CSM7KOJQ,C3015,UC,1,3,StratifiedGroupKFold
1,CSM7KOJS,C3015,UC,1,3,StratifiedGroupKFold
1,CSM7KOJU,C3015,UC,1,3,StratifiedGroupKFold
1,CSM7KOJW,C3015,UC,1,3,StratifiedGroupKFold
1,CSM7KOJY,C3015,UC,1,3,StratifiedGroupKFold
1,CSM7KOK1,C3015,UC,1,3,StratifiedGroupKFold
1,CSM7KOK3,C3016,CD,1,3,StratifiedGroupKFold
1,CSM7KOK5,C3016,CD,1,3,StratifiedGroupKFold
1,CSM7KOK7,C3016,CD,1,3,StratifiedGroupKFold
1,CSM7KOKB,C3016,CD,1,3,StratifiedGroupKFold
1,CSM7KOKD,C3016,CD,1,3,StratifiedGroupKFold
1,CSM7KOKF,C3017,CD,1,0,StratifiedGroupKFold
1,CSM7KOKH,C3017,CD,1,0,StratifiedGroupKFold
1,CSM7KOKH_P,C3017,CD,1,0,StratifiedGroupKFold
1,CSM7KOKJ,C3017,CD,1,0,StratifiedGroupKFold
1,CSM7KOKL_P,C3017,CD,1,0,StratifiedGroupKFold
1,CSM7KOKN,C3017,CD,1,0,StratifiedGroupKFold
1,CSM7KOKP_P,C3017,CD,1,0,StratifiedGroupKFold
1,CSM7KOKR,C3028,CD,1,1,StratifiedGroupKFold
1,CSM7KOKT,C3028,CD,1,1,StratifiedGroupKFold
1,CSM7KOKZ,C3028,CD,1,1,StratifiedGroupKFold
1,CSM7KOL2,C3028,CD,1,1,StratifiedGroupKFold
1,CSM7KOLK,C3021,CD,1,1,StratifiedGroupKFold
1,CSM7KOLM,C3021,CD,1,1,StratifiedGroupKFold
1,CSM7KOLY,C3029,UC,1,0,StratifiedGroupKFold
1,CSM7KOM1,C3029,UC,1,0,StratifiedGroupKFold
1,CSM7KOMB,C3030,CD,1,1,StratifiedGroupKFold
1,CSM7KOMD,C3030,CD,1,1,StratifiedGroupKFold
1,CSM7KOMH,C3030,CD,1,1,StratifiedGroupKFold
1,CSM7KONS,C3013,UC,1,2,StratifiedGroupKFold
1,CSM7KONS_P,C3013,UC,1,2,StratifiedGroupKFold
1,CSM7KONU,C3013,UC,1,2,StratifiedGroupKFold
1,CSM7KONW_P,C3013,UC,1,2,StratifiedGroupKFold
1,CSM7KOOH,C3022,nonIBD,0,2,StratifiedGroupKFold
1,CSM7KOOJ,C3022,nonIBD,0,2,StratifiedGroupKFold
1,CSM7KOOL,C3022,nonIBD,0,2,StratifiedGroupKFold
1,CSM7KOON,C3022,nonIBD,0,2,StratifiedGroupKFold
1,CSM7KOOP,C3022,nonIBD,0,2,StratifiedGroupKFold
1,CSM7KOOR,C3022,nonIBD,0,2,StratifiedGroupKFold
1,CSM7KOOT,C3027,CD,1,3,StratifiedGroupKFold
1,CSM7KOOV,C3027,CD,1,3,StratifiedGroupKFold
1,CSM7KOOX,C3027,CD,1,3,StratifiedGroupKFold
1,CSM7KOOZ,C3027,CD,1,3,StratifiedGroupKFold
1,CSM7KOP2,C3027,CD,1,3,StratifiedGroupKFold
1,CSM7KOP6,C3032,UC,1,0,StratifiedGroupKFold
1,CSM7KOP8,C3032,UC,1,0,StratifiedGroupKFold
1,CSM7KOPC,C3032,UC,1,0,StratifiedGroupKFold
1,CSM7KOPE,C3032,UC,1,0,StratifiedGroupKFold
1,CSM7KOPG,C3015,UC,1,3,StratifiedGroupKFold
1,CSM7KOPI,C3015,UC,1,3,StratifiedGroupKFold
1,CSM7KOPK,C3015,UC,1,3,StratifiedGroupKFold
1,CSM7KOPM,C3015,UC,1,3,StratifiedGroupKFold
1,CSM7KOPO,C3015,UC,1,3,StratifiedGroupKFold
1,CSM7KOPQ,C3015,UC,1,3,StratifiedGroupKFold
1,CSM7KOPS,C3016,CD,1,3,StratifiedGroupKFold
1,CSM7KOPU,C3016,CD,1,3,StratifiedGroupKFold
1,CSM7KOPW,C3016,CD,1,3,StratifiedGroupKFold
1,CSM7KOQ1,C3016,CD,1,3,StratifiedGroupKFold
1,CSM7KOQ3,C3016,CD,1,3,StratifiedGroupKFold
1,CSM7KOQ5_P,C3036,UC,1,3,StratifiedGroupKFold
1,CSM7KOQ7,C3037,UC,1,2,StratifiedGroupKFold
1,CSM7KOQP_P,C3033,CD,1,2,StratifiedGroupKFold
1,CSM7KOQX,C3017,CD,1,0,StratifiedGroupKFold
1,CSM7KOQZ,C3017,CD,1,0,StratifiedGroupKFold
1,CSM7KOQZ_P,C3017,CD,1,0,StratifiedGroupKFold
1,CSM7KOR2,C3017,CD,1,0,StratifiedGroupKFold
1,CSM7KOR4_P,C3017,CD,1,0,StratifiedGroupKFold
1,CSM7KOR8,C3017,CD,1,0,StratifiedGroupKFold
1,CSM7KOR8_P,C3017,CD,1,0,StratifiedGroupKFold
1,CSM7KORC,C3028,CD,1,1,StratifiedGroupKFold
1,CSM7KORG,C3028,CD,1,1,StratifiedGroupKFold
1,CSM7KORI,C3028,CD,1,1,StratifiedGroupKFold
1,CSM7KORK,C3028,CD,1,1,StratifiedGroupKFold
1,CSM7KORM,C3034,UC,1,2,StratifiedGroupKFold
1,CSM7KORO,C3034,UC,1,2,StratifiedGroupKFold
1,CSM7KORS,C3034,UC,1,2,StratifiedGroupKFold
1,CSM7KORU,C3034,UC,1,2,StratifiedGroupKFold
1,CSM7KOS7,C3029,UC,1,0,StratifiedGroupKFold
1,CSM7KOS9,C3029,UC,1,0,StratifiedGroupKFold
1,CSM7KOSH,C3029,UC,1,0,StratifiedGroupKFold
1,CSM7KOSJ,C3030,CD,1,1,StratifiedGroupKFold
1,CSM7KOSL,C3030,CD,1,1,StratifiedGroupKFold
1,CSM7KOSP,C3030,CD,1,1,StratifiedGroupKFold
1,CSM7KOST,C3030,CD,1,1,StratifiedGroupKFold
1,CSM7KOSV,C3021,CD,1,1,StratifiedGroupKFold
1,CSM7KOSX,C3021,CD,1,1,StratifiedGroupKFold
1,CSM7KOTO,C3035,CD,1,2,StratifiedGroupKFold
1,CSM7KOTQ,C3035,CD,1,2,StratifiedGroupKFold
1,CSM7KOTS,C3035,CD,1,2,StratifiedGroupKFold
1,CSM7KOTU,C3035,CD,1,2,StratifiedGroupKFold
1,CSM7KOU7_P,C3032,UC,1,0,StratifiedGroupKFold
1,CSM7KOU9,C3032,UC,1,0,StratifiedGroupKFold
1,CSM7KOUB,C3032,UC,1,0,StratifiedGroupKFold
1,CSM7KOUF,C3032,UC,1,0,StratifiedGroupKFold
1,CSM7KOUJ_P,C3037,UC,1,2,StratifiedGroupKFold
1,CSM7KOUL,C3037,UC,1,2,StratifiedGroupKFold
1,CSM7KOUN,C3037,UC,1,2,StratifiedGroupKFold
1,CSM7KOUP,C3037,UC,1,2,StratifiedGroupKFold
1,CSM7KOUR,C3037,UC,1,2,StratifiedGroupKFold
1,CSM9X1XU,C3034,UC,1,2,StratifiedGroupKFold
1,CSM9X1XW,C3034,UC,1,2,StratifiedGroupKFold
1,CSM9X1Y3,C3034,UC,1,2,StratifiedGroupKFold
1,CSM9X1Y5,C3029,UC,1,0,StratifiedGroupKFold
1,CSM9X1Y7,C3029,UC,1,0,StratifiedGroupKFold
1,CSM9X1YF,C3029,UC,1,0,StratifiedGroupKFold
1,CSM9X1YV,C3035,CD,1,2,StratifiedGroupKFold
1,CSM9X1ZO,C3032,UC,1,0,StratifiedGroupKFold
1,CSM9X1ZQ,C3032,UC,1,0,StratifiedGroupKFold
1,CSM9X1ZU,C3032,UC,1,0,StratifiedGroupKFold
1,CSM9X1ZY,C3032,UC,1,0,StratifiedGroupKFold
1,CSM9X211,C3037,UC,1,2,StratifiedGroupKFold
1,CSM9X213,C3037,UC,1,2,StratifiedGroupKFold
1,CSM9X215,C3037,UC,1,2,StratifiedGroupKFold
1,CSM9X219,C3037,UC,1,2,StratifiedGroupKFold
1,CSM9X21B,C3028,CD,1,1,StratifiedGroupKFold
1,CSM9X21J,C3034,UC,1,2,StratifiedGroupKFold
1,CSM9X21L,C3034,UC,1,2,StratifiedGroupKFold
1,CSM9X21N,C3034,UC,1,2,StratifiedGroupKFold
1,CSM9X21P,C3034,UC,1,2,StratifiedGroupKFold
1,CSM9X21R,C3035,CD,1,2,StratifiedGroupKFold
1,CSM9X21T,C3035,CD,1,2,StratifiedGroupKFold
1,CSM9X222,C3035,CD,1,2,StratifiedGroupKFold
1,CSM9X22G,C3032,UC,1,0,StratifiedGroupKFold
1,CSM9X22I,C3032,UC,1,0,StratifiedGroupKFold
1,CSM9X22K,C3032,UC,1,0,StratifiedGroupKFold
1,CSM9X22Q,C3032,UC,1,0,StratifiedGroupKFold
1,CSM9X22S,C3037,UC,1,2,StratifiedGroupKFold
1,CSM9X22U,C3037,UC,1,2,StratifiedGroupKFold
1,CSM9X233,C3035,CD,1,2,StratifiedGroupKFold
1,CSM9X235,C3035,CD,1,2,StratifiedGroupKFold
1,CSM9X237,C3035,CD,1,2,StratifiedGroupKFold
1,CSM9X23B,C3035,CD,1,2,StratifiedGroupKFold
1,CSM9X23H,C3037,UC,1,2,StratifiedGroupKFold
1,CSM9X23J,C3037,UC,1,2,StratifiedGroupKFold
1,CSM9X23L,C3037,UC,1,2,StratifiedGroupKFold
1,CSM9X23N,C3037,UC,1,2,StratifiedGroupKFold
1,CSM9X23P,C3037,UC,1,2,StratifiedGroupKFold
1,CSMA88CB,C3027,CD,1,3,StratifiedGroupKFold
1,CSMA8M9R,C3022,nonIBD,0,2,StratifiedGroupKFold
1,CSMA9J65,C3027,CD,1,3,StratifiedGroupKFold
1,CSMAAEUA,C3022,nonIBD,0,2,StratifiedGroupKFold
1,CSMACTZP,C3027,CD,1,3,StratifiedGroupKFold
1,CSMAE44D,C3022,nonIBD,0,2,StratifiedGroupKFold
1,CSMAF72L,C3027,CD,1,3,StratifiedGroupKFold
1,CSMAG78W,C3022,nonIBD,0,2,StratifiedGroupKFold
1,CSMAH393,C3027,CD,1,3,StratifiedGroupKFold
1,CSMAHYLR,C3022,nonIBD,0,2,StratifiedGroupKFold
1,CSMAIG7X,C3027,CD,1,3,StratifiedGroupKFold
1,CSMDRVXF,C3027,CD,1,3,StratifiedGroupKFold
1,CSMDRVXG,C3027,CD,1,3,StratifiedGroupKFold
1,CSMDRVXH,C3027,CD,1,3,StratifiedGroupKFold
1,CSMDRVXJ,C3028,CD,1,1,StratifiedGroupKFold
1,CSMDRVXK,C3029,UC,1,0,StratifiedGroupKFold
1,CSMDRVXL,C3029,UC,1,0,StratifiedGroupKFold
1,CSMDRVXM,C3029,UC,1,0,StratifiedGroupKFold
1,CSMDRVXN,C3029,UC,1,0,StratifiedGroupKFold
1,CSMDRVXO,C3030,CD,1,1,StratifiedGroupKFold
1,CSMDRVXP,C3030,CD,1,1,StratifiedGroupKFold
1,CSMDRVXQ,C3030,CD,1,1,StratifiedGroupKFold
1,CSMDRVXR,C3030,CD,1,1,StratifiedGroupKFold
1,CSMDRVXX,C3032,UC,1,0,StratifiedGroupKFold
1,CSMDRVXY,C3034,UC,1,2,StratifiedGroupKFold
1,CSMDRVXZ,C3034,UC,1,2,StratifiedGroupKFold
1,CSMDRVY1,C3034,UC,1,2,StratifiedGroupKFold
1,CSMDRVY2,C3035,CD,1,2,StratifiedGroupKFold
1,CSMDRVY3,C3035,CD,1,2,StratifiedGroupKFold
1,CSMDRVY4,C3035,CD,1,2,StratifiedGroupKFold
1,CSMDRVY5,C3037,UC,1,2,StratifiedGroupKFold
1,CSMDRVY6,C3037,UC,1,2,StratifiedGroupKFold
1,CSMDRVY7,C3037,UC,1,2,StratifiedGroupKFold
1,CSMDTZ4X,C3032,UC,1,0,StratifiedGroupKFold
1,CSMDTZ4Y,C3032,UC,1,0,StratifiedGroupKFold
1,ESM5GEXY,E5001,CD,1,0,StratifiedGroupKFold
1,ESM5GEY7,E5013,CD,1,3,StratifiedGroupKFold
1,ESM5GEY8,E5013,CD,1,3,StratifiedGroupKFold
1,ESM5GEY9,E5013,CD,1,3,StratifiedGroupKFold
1,ESM5GEYI,E5004,UC,1,0,StratifiedGroupKFold
1,ESM5GEYK,E5004,UC,1,0,StratifiedGroupKFold
1,ESM5GEYL,E5004,UC,1,0,StratifiedGroupKFold
1,ESM5GEYU_P,E5002,nonIBD,0,0,StratifiedGroupKFold
1,ESM5GEYW_P,E5006,CD,1,3,StratifiedGroupKFold
1,ESM5GEYX_P,E5003,CD,1,1,StratifiedGroupKFold
1,ESM5GEYY_P,E5006,CD,1,3,StratifiedGroupKFold
1,ESM5GEZ1_P,E5002,nonIBD,0,0,StratifiedGroupKFold
1,ESM5GEZ3_P,E5002,nonIBD,0,0,StratifiedGroupKFold
1,ESM5GEZ4_P,E5004,UC,1,0,StratifiedGroupKFold
1,ESM5GEZ6,E5004,UC,1,0,StratifiedGroupKFold
1,ESM5GEZ6_P,E5004,UC,1,0,StratifiedGroupKFold
1,ESM5GEZA_P,E5004,UC,1,0,StratifiedGroupKFold
1,ESM5ME9D_P,E5001,CD,1,0,StratifiedGroupKFold
1,ESM5ME9G_P,E5001,CD,1,0,StratifiedGroupKFold
1,ESM5ME9H_P,E5002,nonIBD,0,0,StratifiedGroupKFold
1,ESM5ME9U,E5004,UC,1,0,StratifiedGroupKFold
1,ESM5MEA7_P,E5008,UC,1,0,StratifiedGroupKFold
1,ESM5MEA9_P,E5008,UC,1,0,StratifiedGroupKFold
1,ESM5MEAB_P,E5008,UC,1,0,StratifiedGroupKFold
1,ESM5MEAD,E5008,UC,1,0,StratifiedGroupKFold
1,ESM5MEAG,E5008,UC,1,0,StratifiedGroupKFold
1,ESM5MEB1,E5002,nonIBD,0,0,StratifiedGroupKFold
1,ESM5MEB7,E5013,CD,1,3,StratifiedGroupKFold
1,ESM5MEB9,E5013,CD,1,3,StratifiedGroupKFold
1,ESM5MEB9_P,E5013,CD,1,3,StratifiedGroupKFold
1,ESM5MEBA_P,E5001,CD,1,0,StratifiedGroupKFold
1,ESM5MEBE,E5001,CD,1,0,StratifiedGroupKFold
1,ESM5MEBG,E5001,CD,1,0,StratifiedGroupKFold
1,ESM5MEBI,E5001,CD,1,0,StratifiedGroupKFold
1,ESM5MEBL,E5008,UC,1,0,StratifiedGroupKFold
1,ESM5MEBP,E5002,nonIBD,0,0,StratifiedGroupKFold
1,ESM5MEBP_P,E5002,nonIBD,0,0,StratifiedGroupKFold
1,ESM5MEBS,E5004,UC,1,0,StratifiedGroupKFold
1,ESM5MEBU,E5004,UC,1,0,StratifiedGroupKFold
1,ESM5MEC3,E5004,UC,1,0,StratifiedGroupKFold
1,ESM5MEC5,E5004,UC,1,0,StratifiedGroupKFold
1,ESM5MEC7_P,E5022,UC,1,1,StratifiedGroupKFold
1,ESM5MEC9,E5004,UC,1,0,StratifiedGroupKFold
1,ESM5MECL,E5001,CD,1,0,StratifiedGroupKFold
1,ESM5MECQ,E5001,CD,1,0,StratifiedGroupKFold
1,ESM5MED2,E5013,CD,1,3,StratifiedGroupKFold
1,ESM5MEDU,E5004,UC,1,0,StratifiedGroupKFold
1,ESM5MEDZ,E5001,CD,1,0,StratifiedGroupKFold
1,ESM5MEDZ_P,E5001,CD,1,0,StratifiedGroupKFold
1,ESM5MEE2_P,E5001,CD,1,0,StratifiedGroupKFold
1,ESM5MEE6_P,E5001,CD,1,0,StratifiedGroupKFold
1,ESM5MEEB,E5001,CD,1,0,StratifiedGroupKFold
1,ESM5MEEG,E5004,UC,1,0,StratifiedGroupKFold
1,ESM5MEEJ_P,E5004,UC,1,0,StratifiedGroupKFold
1,ESM5MEET,E5002,nonIBD,0,0,StratifiedGroupKFold
1,ESM718SY,E5004,UC,1,0,StratifiedGroupKFold
1,ESM718T7,E5013,CD,1,3,StratifiedGroupKFold
1,ESM718T9,E5013,CD,1,3,StratifiedGroupKFold
1,ESM718TF,E5013,CD,1,3,StratifiedGroupKFold
1,ESM718TK,E5013,CD,1,3,StratifiedGroupKFold
1,ESM718TM,E5013,CD,1,3,StratifiedGroupKFold
1,ESM718V4,E5013,CD,1,3,StratifiedGroupKFold
1,ESM718V8,E5013,CD,1,3,StratifiedGroupKFold
1,ESM7F5AE_P,E5019,CD,1,1,StratifiedGroupKFold
1,ESM7F5BL,E5004,UC,1,0,StratifiedGroupKFold
1,ESM7F5C5,E5013,CD,1,3,StratifiedGroupKFold
1,ESM7F5C7,E5013,CD,1,3,StratifiedGroupKFold
1,ESM9IEP1,E5013,CD,1,3,StratifiedGroupKFold
1,HSM5FZAE,H4001,CD,1,3,StratifiedGroupKFold
1,HSM5FZAH,H4001,CD,1,3,StratifiedGroupKFold
1,HSM5FZAM,H4004,CD,1,1,StratifiedGroupKFold
1,HSM5FZAN,H4004,CD,1,1,StratifiedGroupKFold
1,HSM5FZAQ,H4006,CD,1,3,StratifiedGroupKFold
1,HSM5FZAR,H4006,CD,1,3,StratifiedGroupKFold
1,HSM5FZAS,H4017,CD,1,3,StratifiedGroupKFold
1,HSM5FZAT,H4017,CD,1,3,StratifiedGroupKFold
1,HSM5FZAU,H4017,CD,1,3,StratifiedGroupKFold
1,HSM5FZAV,H4016,nonIBD,0,3,StratifiedGroupKFold
1,HSM5FZAW,H4016,nonIBD,0,3,StratifiedGroupKFold
1,HSM5FZAX,H4016,nonIBD,0,3,StratifiedGroupKFold
1,HSM5FZAY,H4015,CD,1,3,StratifiedGroupKFold
1,HSM5FZAZ,H4015,CD,1,3,StratifiedGroupKFold
1,HSM5FZB1,H4015,CD,1,3,StratifiedGroupKFold
1,HSM5FZB2,H4014,CD,1,0,StratifiedGroupKFold
1,HSM5FZB3,H4014,CD,1,0,StratifiedGroupKFold
1,HSM5FZB4,H4013,nonIBD,0,3,StratifiedGroupKFold
1,HSM5FZB5,H4013,nonIBD,0,3,StratifiedGroupKFold
1,HSM5FZBD,H4009,nonIBD,0,2,StratifiedGroupKFold
1,HSM5FZBE,H4009,nonIBD,0,2,StratifiedGroupKFold
1,HSM5FZBF,H4007,CD,1,2,StratifiedGroupKFold
1,HSM5FZBG,H4007,CD,1,2,StratifiedGroupKFold
1,HSM5FZBJ,H4001,CD,1,3,StratifiedGroupKFold
1,HSM5FZBP_P,H4001,CD,1,3,StratifiedGroupKFold
1,HSM5FZBQ,H4001,CD,1,3,StratifiedGroupKFold
1,HSM5FZBQ_P,H4001,CD,1,3,StratifiedGroupKFold
1,HSM5FZBR_P,H4001,CD,1,3,StratifiedGroupKFold
1,HSM5FZBZ,H4001,CD,1,3,StratifiedGroupKFold
1,HSM5FZC2_P,H4001,CD,1,3,StratifiedGroupKFold
1,HSM5MD3L,H4014,CD,1,0,StratifiedGroupKFold
1,HSM5MD3L_P,H4014,CD,1,0,StratifiedGroupKFold
1,HSM5MD48,H4006,CD,1,3,StratifiedGroupKFold
1,HSM5MD49_P,H4006,CD,1,3,StratifiedGroupKFold
1,HSM5MD4A,H4006,CD,1,3,StratifiedGroupKFold
1,HSM5MD4A_P,H4006,CD,1,3,StratifiedGroupKFold
1,HSM5MD4B_P,H4006,CD,1,3,StratifiedGroupKFold
1,HSM5MD4N,H4007,CD,1,2,StratifiedGroupKFold
1,HSM5MD4O,H4007,CD,1,2,StratifiedGroupKFold
1,HSM5MD4P_P,H4007,CD,1,2,StratifiedGroupKFold
1,HSM5MD4Q,H4007,CD,1,2,StratifiedGroupKFold
1,HSM5MD4S,H4004,CD,1,1,StratifiedGroupKFold
1,HSM5MD4U_P,H4004,CD,1,1,StratifiedGroupKFold
1,HSM5MD4W,H4004,CD,1,1,StratifiedGroupKFold
1,HSM5MD4W_P,H4004,CD,1,1,StratifiedGroupKFold
1,HSM5MD4Y,H4004,CD,1,1,StratifiedGroupKFold
1,HSM5MD51,H4004,CD,1,1,StratifiedGroupKFold
1,HSM5MD53,H4004,CD,1,1,StratifiedGroupKFold
1,HSM5MD5H_P,H4001,CD,1,3,StratifiedGroupKFold
1,HSM5MD5K,H4001,CD,1,3,StratifiedGroupKFold
1,HSM5MD5K_P,H4001,CD,1,3,StratifiedGroupKFold
1,HSM5MD5P,H4004,CD,1,1,StratifiedGroupKFold
1,HSM5MD5X_P,H4015,CD,1,3,StratifiedGroupKFold
1,HSM5MD5Z,H4016,nonIBD,0,3,StratifiedGroupKFold
1,HSM5MD5Z_P,H4016,nonIBD,0,3,StratifiedGroupKFold
1,HSM5MD62,H4015,CD,1,3,StratifiedGroupKFold
1,HSM5MD66,H4014,CD,1,0,StratifiedGroupKFold
1,HSM5MD6A,H4014,CD,1,0,StratifiedGroupKFold
1,HSM5MD6A_TR,H4014,CD,1,0,StratifiedGroupKFold
1,HSM5MD6C,H4014,CD,1,0,StratifiedGroupKFold
1,HSM5MD6E_P,H4013,nonIBD,0,3,StratifiedGroupKFold
1,HSM5MD6I,H4013,nonIBD,0,3,StratifiedGroupKFold
1,HSM5MD6I_P,H4013,nonIBD,0,3,StratifiedGroupKFold
1,HSM5MD6K,H4013,nonIBD,0,3,StratifiedGroupKFold
1,HSM5MD6K_P,H4013,nonIBD,0,3,StratifiedGroupKFold
1,HSM5MD6M,H4013,nonIBD,0,3,StratifiedGroupKFold
1,HSM5MD6O_P,H4016,nonIBD,0,3,StratifiedGroupKFold
1,HSM5MD6Q,H4016,nonIBD,0,3,StratifiedGroupKFold
1,HSM5MD6S_P,H4016,nonIBD,0,3,StratifiedGroupKFold
1,HSM5MD6U,H4016,nonIBD,0,3,StratifiedGroupKFold
1,HSM5MD6U_P,H4016,nonIBD,0,3,StratifiedGroupKFold
1,HSM5MD6W,H4016,nonIBD,0,3,StratifiedGroupKFold
1,HSM5MD6Y,H4015,CD,1,3,StratifiedGroupKFold
1,HSM5MD71,H4015,CD,1,3,StratifiedGroupKFold
1,HSM5MD73,H4015,CD,1,3,StratifiedGroupKFold
1,HSM5MD75,H4015,CD,1,3,StratifiedGroupKFold
1,HSM5MD79,H4001,CD,1,3,StratifiedGroupKFold
1,HSM5MD7H,H4001,CD,1,3,StratifiedGroupKFold
1,HSM5MD7J,H4001,CD,1,3,StratifiedGroupKFold
1,HSM5MD7K,H4006,CD,1,3,StratifiedGroupKFold
1,HSM5MD7M,H4006,CD,1,3,StratifiedGroupKFold
1,HSM5MD7O,H4006,CD,1,3,StratifiedGroupKFold
1,HSM5MD7Q,H4006,CD,1,3,StratifiedGroupKFold
1,HSM5MD7S,H4006,CD,1,3,StratifiedGroupKFold
1,HSM5MD7U,H4006,CD,1,3,StratifiedGroupKFold
1,HSM5MD7W,H4001,CD,1,3,StratifiedGroupKFold
1,HSM5MD7W_P,H4001,CD,1,3,StratifiedGroupKFold
1,HSM5MD7Z,H4007,CD,1,2,StratifiedGroupKFold
1,HSM5MD7Z_P,H4007,CD,1,2,StratifiedGroupKFold
1,HSM5MD82,H4009,nonIBD,0,2,StratifiedGroupKFold
1,HSM5MD82_P,H4009,nonIBD,0,2,StratifiedGroupKFold
1,HSM5MD86,H4006,CD,1,3,StratifiedGroupKFold
1,HSM5MD8B,H4009,nonIBD,0,2,StratifiedGroupKFold
1,HSM5MD8B_P,H4009,nonIBD,0,2,StratifiedGroupKFold
1,HSM5MD8D_P,H4009,nonIBD,0,2,StratifiedGroupKFold
1,HSM5MD8F_P,H4012,CD,1,1,StratifiedGroupKFold
1,HSM5MD8H,H4013,nonIBD,0,3,StratifiedGroupKFold
1,HSM5MD8H_P,H4013,nonIBD,0,3,StratifiedGroupKFold
1,HSM5MD8J_P,H4011,CD,1,3,StratifiedGroupKFold
1,HSM5MD8L_P,H4009,nonIBD,0,2,StratifiedGroupKFold
1,HSM5MD8N_P,H4009,nonIBD,0,2,StratifiedGroupKFold
1,HSM5MD8P_P,H4009,nonIBD,0,2,StratifiedGroupKFold
1,HSM5MEE5_P,E5001,CD,1,0,StratifiedGroupKFold
1,HSM67VDP,H4004,CD,1,1,StratifiedGroupKFold
1,HSM67VDR,H4023,nonIBD,0,2,StratifiedGroupKFold
1,HSM67VDR_P,H4023,nonIBD,0,2,StratifiedGroupKFold
1,HSM67VDX,H4022,nonIBD,0,2,StratifiedGroupKFold
1,HSM67VDX_P,H4022,nonIBD,0,2,StratifiedGroupKFold
1,HSM67VDZ,H4001,CD,1,3,StratifiedGroupKFold
1,HSM67VE4,H4001,CD,1,3,StratifiedGroupKFold
1,HSM67VEA,H4001,CD,1,3,StratifiedGroupKFold
1,HSM67VEC,H4006,CD,1,3,StratifiedGroupKFold
1,HSM67VEE,H4006,CD,1,3,StratifiedGroupKFold
1,HSM67VEG,H4006,CD,1,3,StratifiedGroupKFold
1,HSM67VEI,H4006,CD,1,3,StratifiedGroupKFold
1,HSM67VEK,H4006,CD,1,3,StratifiedGroupKFold
1,HSM67VEM,H4006,CD,1,3,StratifiedGroupKFold
1,HSM67VEM_TR,H4006,CD,1,3,StratifiedGroupKFold
1,HSM67VEO,H4022,nonIBD,0,2,StratifiedGroupKFold
1,HSM67VEQ,H4022,nonIBD,0,2,StratifiedGroupKFold
1,HSM67VES,H4022,nonIBD,0,2,StratifiedGroupKFold
1,HSM67VEU,H4022,nonIBD,0,2,StratifiedGroupKFold
1,HSM67VEW,H4022,nonIBD,0,2,StratifiedGroupKFold
1,HSM67VF3,H4016,nonIBD,0,3,StratifiedGroupKFold
1,HSM67VF9,H4017,CD,1,3,StratifiedGroupKFold
1,HSM67VFD,H4017,CD,1,3,StratifiedGroupKFold
1,HSM67VFF,H4017,CD,1,3,StratifiedGroupKFold
1,HSM67VFH,H4017,CD,1,3,StratifiedGroupKFold
1,HSM67VFJ,H4017,CD,1,3,StratifiedGroupKFold
1,HSM67VFR,H4018,nonIBD,0,0,StratifiedGroupKFold
1,HSM67VGA,H4009,nonIBD,0,2,StratifiedGroupKFold
1,HSM67VGA_P,H4009,nonIBD,0,2,StratifiedGroupKFold
1,HSM67VGC,H4009,nonIBD,0,2,StratifiedGroupKFold
1,HSM67VGE_P,H4009,nonIBD,0,2,StratifiedGroupKFold
1,HSM67VGG,H4009,nonIBD,0,2,StratifiedGroupKFold
1,HSM67VGI_P,H4009,nonIBD,0,2,StratifiedGroupKFold
1,HSM67VGK,H4009,nonIBD,0,2,StratifiedGroupKFold
1,HSM67VGK_TR,H4009,nonIBD,0,2,StratifiedGroupKFold
1,HSM67VHK,H4017,CD,1,3,StratifiedGroupKFold
1,HSM67VHM,H4016,nonIBD,0,3,StratifiedGroupKFold
1,HSM67VHQ,H4007,CD,1,2,StratifiedGroupKFold
1,HSM67VHS,H4007,CD,1,2,StratifiedGroupKFold
1,HSM67VHU,H4007,CD,1,2,StratifiedGroupKFold
1,HSM67VHW,H4007,CD,1,2,StratifiedGroupKFold
1,HSM67VI1,H4007,CD,1,2,StratifiedGroupKFold
1,HSM67VID,H4028,CD,1,0,StratifiedGroupKFold
1,HSM67VIF,H4028,CD,1,0,StratifiedGroupKFold
1,HSM67VIJ_P,H4028,CD,1,0,StratifiedGroupKFold
1,HSM67VIL,H4028,CD,1,0,StratifiedGroupKFold
1,HSM6S4FN,H4018,nonIBD,0,0,StratifiedGroupKFold
1,HSM6S4FO,H4018,nonIBD,0,0,StratifiedGroupKFold
1,HSM6S4FP,H4018,nonIBD,0,0,StratifiedGroupKFold
1,HSM6S4FQ,H4019,UC,1,0,StratifiedGroupKFold
1,HSM6S4FR,H4019,UC,1,0,StratifiedGroupKFold
1,HSM6S4FS,H4019,UC,1,0,StratifiedGroupKFold
1,HSM6S4FY,H4022,nonIBD,0,2,StratifiedGroupKFold
1,HSM6S4FZ,H4022,nonIBD,0,2,StratifiedGroupKFold
1,HSM6S4G1,H4022,nonIBD,0,2,StratifiedGroupKFold
1,HSM6S4G2,H4023,nonIBD,0,2,StratifiedGroupKFold
1,HSM6S4G3,H4023,nonIBD,0,2,StratifiedGroupKFold
1,HSM6S4G4,H4023,nonIBD,0,2,StratifiedGroupKFold
1,HSM6S4GB,H4007,CD,1,2,StratifiedGroupKFold
1,HSM6S4GC,H4007,CD,1,2,StratifiedGroupKFold
1,HSM6S4GJ,H4028,CD,1,0,StratifiedGroupKFold
1,HSM6S4GK,H4028,CD,1,0,StratifiedGroupKFold
1,HSM6S4GL,H4028,CD,1,0,StratifiedGroupKFold
1,HSM6S4GO,H4019,UC,1,0,StratifiedGroupKFold
1,HSM6S4GP,H4019,UC,1,0,StratifiedGroupKFold
1,HSM6S4GQ,H4019,UC,1,0,StratifiedGroupKFold
1,HSM6XRQ8,H4023,nonIBD,0,2,StratifiedGroupKFold
1,HSM6XRQB,H4017,CD,1,3,StratifiedGroupKFold
1,HSM6XRQB_P,H4017,CD,1,3,StratifiedGroupKFold
1,HSM6XRQC,H4018,nonIBD,0,0,StratifiedGroupKFold
1,HSM6XRQC_P,H4018,nonIBD,0,0,StratifiedGroupKFold
1,HSM6XRQE,H4019,UC,1,0,StratifiedGroupKFold
1,HSM6XRQE_P,H4019,UC,1,0,StratifiedGroupKFold
1,HSM6XRQI,H4017,CD,1,3,StratifiedGroupKFold
1,HSM6XRQK,H4017,CD,1,3,StratifiedGroupKFold
1,HSM6XRQM,H4017,CD,1,3,StratifiedGroupKFold
1,HSM6XRQO,H4017,CD,1,3,StratifiedGroupKFold
1,HSM6XRQS,H4018,nonIBD,0,0,StratifiedGroupKFold
1,HSM6XRQU,H4018,nonIBD,0,0,StratifiedGroupKFold
1,HSM6XRQW,H4018,nonIBD,0,0,StratifiedGroupKFold
1,HSM6XRQY,H4018,nonIBD,0,0,StratifiedGroupKFold
1,HSM6XRR5,H4019,UC,1,0,StratifiedGroupKFold
1,HSM6XRR7,H4019,UC,1,0,StratifiedGroupKFold
1,HSM6XRR9,H4019,UC,1,0,StratifiedGroupKFold
1,HSM6XRRB,H4019,UC,1,0,StratifiedGroupKFold
1,HSM6XRRD,H4019,UC,1,0,StratifiedGroupKFold
1,HSM6XRRJ,H4013,nonIBD,0,3,StratifiedGroupKFold
1,HSM6XRRV,H4014,CD,1,0,StratifiedGroupKFold
1,HSM6XRS2,H4014,CD,1,0,StratifiedGroupKFold
1,HSM6XRS4,H4015,CD,1,3,StratifiedGroupKFold
1,HSM6XRS6,H4015,CD,1,3,StratifiedGroupKFold
1,HSM6XRS8,H4015,CD,1,3,StratifiedGroupKFold
1,HSM6XRSE,H4015,CD,1,3,StratifiedGroupKFold
1,HSM6XRSG,H4004,CD,1,1,StratifiedGroupKFold
1,HSM6XRSI,H4004,CD,1,1,StratifiedGroupKFold
1,HSM6XRSN,H4007,CD,1,2,StratifiedGroupKFold
1,HSM6XRST,H4007,CD,1,2,StratifiedGroupKFold
1,HSM6XRT8,H4009,nonIBD,0,2,StratifiedGroupKFold
1,HSM6XRTA_P,H4009,nonIBD,0,2,StratifiedGroupKFold
1,HSM6XRTC,H4009,nonIBD,0,2,StratifiedGroupKFold
1,HSM6XRTC_P,H4009,nonIBD,0,2,StratifiedGroupKFold
1,HSM6XRTE_P,H4009,nonIBD,0,2,StratifiedGroupKFold
1,HSM6XRTG,H4009,nonIBD,0,2,StratifiedGroupKFold
1,HSM6XRTG_P,H4009,nonIBD,0,2,StratifiedGroupKFold
1,HSM6XRUL,H4023,nonIBD,0,2,StratifiedGroupKFold
1,HSM6XRUN,H4023,nonIBD,0,2,StratifiedGroupKFold
1,HSM6XRUR,H4023,nonIBD,0,2,StratifiedGroupKFold
1,HSM6XRUX,H4019,UC,1,0,StratifiedGroupKFold
1,HSM6XRUZ,H4019,UC,1,0,StratifiedGroupKFold
1,HSM6XRV2,H4019,UC,1,0,StratifiedGroupKFold
1,HSM6XRV4,H4019,UC,1,0,StratifiedGroupKFold
1,HSM6XRV6,H4019,UC,1,0,StratifiedGroupKFold
1,HSM6XRV8,H4019,UC,1,0,StratifiedGroupKFold
1,HSM6XRVA,H4013,nonIBD,0,3,StratifiedGroupKFold
1,HSM6XRVC,H4013,nonIBD,0,3,StratifiedGroupKFold
1,HSM6XRVC_TR,H4013,nonIBD,0,3,StratifiedGroupKFold
1,HSM6XRVK,H4013,nonIBD,0,3,StratifiedGroupKFold
1,HSM6XRVM,H4014,CD,1,0,StratifiedGroupKFold
1,HSM6XRVO,H4014,CD,1,0,StratifiedGroupKFold
1,HSM6XRVU,H4014,CD,1,0,StratifiedGroupKFold
1,HSM6XRVW,H4014,CD,1,0,StratifiedGroupKFold
1,HSM7CYX2,H4006,CD,1,3,StratifiedGroupKFold
1,HSM7CYX4,H4006,CD,1,3,StratifiedGroupKFold
1,HSM7CYX6,H4006,CD,1,3,StratifiedGroupKFold
1,HSM7CYX8,H4006,CD,1,3,StratifiedGroupKFold
1,HSM7CYXA,H4006,CD,1,3,StratifiedGroupKFold
1,HSM7CYXC,H4006,CD,1,3,StratifiedGroupKFold
1,HSM7CYXE,H4016,nonIBD,0,3,StratifiedGroupKFold
1,HSM7CYXG,H4016,nonIBD,0,3,StratifiedGroupKFold
1,HSM7CYXI,H4016,nonIBD,0,3,StratifiedGroupKFold
1,HSM7CYXO,H4016,nonIBD,0,3,StratifiedGroupKFold
1,HSM7CYXQ,H4007,CD,1,2,StratifiedGroupKFold
1,HSM7CYXS,H4007,CD,1,2,StratifiedGroupKFold
1,HSM7CYY1,H4007,CD,1,2,StratifiedGroupKFold
1,HSM7CYY3,H4017,CD,1,3,StratifiedGroupKFold
1,HSM7CYY5,H4017,CD,1,3,StratifiedGroupKFold
1,HSM7CYY7,H4017,CD,1,3,StratifiedGroupKFold
1,HSM7CYY9,H4017,CD,1,3,StratifiedGroupKFold
1,HSM7CYYB,H4017,CD,1,3,StratifiedGroupKFold
1,HSM7CYYD,H4017,CD,1,3,StratifiedGroupKFold
1,HSM7CYYF,H4018,nonIBD,0,0,StratifiedGroupKFold
1,HSM7CYYH,H4018,nonIBD,0,0,StratifiedGroupKFold
1,HSM7CYYP,H4018,nonIBD,0,0,StratifiedGroupKFold
1,HSM7CYYR_P,H4009,nonIBD,0,2,StratifiedGroupKFold
1,HSM7CYYV_P,H4009,nonIBD,0,2,StratifiedGroupKFold
1,HSM7CYYZ,H4009,nonIBD,0,2,StratifiedGroupKFold
1,HSM7CYZ5,H4015,CD,1,3,StratifiedGroupKFold
1,HSM7CYZ7,H4015,CD,1,3,StratifiedGroupKFold
1,HSM7CYZ9,H4015,CD,1,3,StratifiedGroupKFold
1,HSM7CYZB,H4015,CD,1,3,StratifiedGroupKFold
1,HSM7CYZD,H4015,CD,1,3,StratifiedGroupKFold
1,HSM7CYZF,H4015,CD,1,3,StratifiedGroupKFold
1,HSM7CYZJ,H4022,nonIBD,0,2,StratifiedGroupKFold
1,HSM7CYZL,H4022,nonIBD,0,2,StratifiedGroupKFold
1,HSM7CYZR,H4022,nonIBD,0,2,StratifiedGroupKFold
1,HSM7CYZT,H4004,CD,1,1,StratifiedGroupKFold
1,HSM7CYZV,H4004,CD,1,1,StratifiedGroupKFold
1,HSM7CZ14,H4004,CD,1,1,StratifiedGroupKFold
1,HSM7CZ16,H4023,nonIBD,0,2,StratifiedGroupKFold
1,HSM7CZ18,H4023,nonIBD,0,2,StratifiedGroupKFold
1,HSM7CZ1A,H4023,nonIBD,0,2,StratifiedGroupKFold
1,HSM7CZ1C,H4023,nonIBD,0,2,StratifiedGroupKFold
1,HSM7CZ1E,H4023,nonIBD,0,2,StratifiedGroupKFold
1,HSM7CZ1G,H4023,nonIBD,0,2,StratifiedGroupKFold
1,HSM7CZ2V,H4031,CD,1,1,StratifiedGroupKFold
1,HSM7CZ2V_P,H4031,CD,1,1,StratifiedGroupKFold
1,HSM7CZ2X,H4035,UC,1,0,StratifiedGroupKFold
1,HSM7CZ2X_P,H4035,UC,1,0,StratifiedGroupKFold
1,HSM7CZ3A,H4031,CD,1,1,StratifiedGroupKFold
1,HSM7CZ3C,H4031,CD,1,1,StratifiedGroupKFold
1,HSM7CZ3E,H4031,CD,1,1,StratifiedGroupKFold
1,HSM7CZ3G,H4031,CD,1,1,StratifiedGroupKFold
1,HSM7H3WK,H4031,CD,1,1,StratifiedGroupKFold
1,HSM7H3WL,H4031,CD,1,1,StratifiedGroupKFold
1,HSM7H3WM,H4031,CD,1,1,StratifiedGroupKFold
1,HSM7H3WN,H4032,CD,1,0,StratifiedGroupKFold
1,HSM7H3WO,H4032,CD,1,0,StratifiedGroupKFold
1,HSM7H3WP,H4032,CD,1,0,StratifiedGroupKFold
1,HSM7H3WQ,H4004,CD,1,1,StratifiedGroupKFold
1,HSM7H3WR,H4004,CD,1,1,StratifiedGroupKFold
1,HSM7H3WS,H4004,CD,1,1,StratifiedGroupKFold
1,HSM7H3WW,H4035,UC,1,0,StratifiedGroupKFold
1,HSM7H3WX,H4035,UC,1,0,StratifiedGroupKFold
1,HSM7H3WY,H4035,UC,1,0,StratifiedGroupKFold
1,HSM7J4G1,H4022,nonIBD,0,2,StratifiedGroupKFold
1,HSM7J4G8,H4022,nonIBD,0,2,StratifiedGroupKFold
1,HSM7J4G9,H4028,CD,1,0,StratifiedGroupKFold
1,HSM7J4GB,H4028,CD,1,0,StratifiedGroupKFold
1,HSM7J4GD,H4028,CD,1,0,StratifiedGroupKFold
1,HSM7J4HA,H4023,nonIBD,0,2,StratifiedGroupKFold
1,HSM7J4HC,H4023,nonIBD,0,2,StratifiedGroupKFold
1,HSM7J4HE,H4023,nonIBD,0,2,StratifiedGroupKFold
1,HSM7J4HG,H4023,nonIBD,0,2,StratifiedGroupKFold
1,HSM7J4HI,H4023,nonIBD,0,2,StratifiedGroupKFold
1,HSM7J4HK,H4023,nonIBD,0,2,StratifiedGroupKFold
1,HSM7J4HM,H4035,UC,1,0,StratifiedGroupKFold
1,HSM7J4HO,H4035,UC,1,0,StratifiedGroupKFold
1,HSM7J4HQ,H4035,UC,1,0,StratifiedGroupKFold
1,HSM7J4HS,H4035,UC,1,0,StratifiedGroupKFold
1,HSM7J4HU,H4035,UC,1,0,StratifiedGroupKFold
1,HSM7J4I3,H4016,nonIBD,0,3,StratifiedGroupKFold
1,HSM7J4IC,H4032,CD,1,0,StratifiedGroupKFold
1,HSM7J4IU,H4022,nonIBD,0,2,StratifiedGroupKFold
1,HSM7J4IW,H4022,nonIBD,0,2,StratifiedGroupKFold
1,HSM7J4J5,H4022,nonIBD,0,2,StratifiedGroupKFold
1,HSM7J4J7,H4038,CD,1,3,StratifiedGroupKFold
1,HSM7J4J9,H4038,CD,1,3,StratifiedGroupKFold
1,HSM7J4JD,H4038,CD,1,3,StratifiedGroupKFold
1,HSM7J4JF,H4038,CD,1,3,StratifiedGroupKFold
1,HSM7J4JT,H4040,UC,1,2,StratifiedGroupKFold
1,HSM7J4JT_P,H4040,UC,1,2,StratifiedGroupKFold
1,HSM7J4JV,H4042,UC,1,1,StratifiedGroupKFold
1,HSM7J4JV_P,H4042,UC,1,1,StratifiedGroupKFold
1,HSM7J4JW,H4043,CD,1,3,StratifiedGroupKFold
1,HSM7J4JZ,H4035,UC,1,0,StratifiedGroupKFold
1,HSM7J4K2,H4035,UC,1,0,StratifiedGroupKFold
1,HSM7J4K4,H4035,UC,1,0,StratifiedGroupKFold
1,HSM7J4K6,H4035,UC,1,0,StratifiedGroupKFold
1,HSM7J4K8,H4035,UC,1,0,StratifiedGroupKFold
1,HSM7J4KA,H4035,UC,1,0,StratifiedGroupKFold
1,HSM7J4KC,H4023,nonIBD,0,2,StratifiedGroupKFold
1,HSM7J4KG,H4023,nonIBD,0,2,StratifiedGroupKFold
1,HSM7J4KI,H4023,nonIBD,0,2,StratifiedGroupKFold
1,HSM7J4KK,H4023,nonIBD,0,2,StratifiedGroupKFold
1,HSM7J4KM,H4023,nonIBD,0,2,StratifiedGroupKFold
1,HSM7J4KO,H4016,nonIBD,0,3,StratifiedGroupKFold
1,HSM7J4KQ,H4016,nonIBD,0,3,StratifiedGroupKFold
1,HSM7J4LD,H4018,nonIBD,0,0,StratifiedGroupKFold
1,HSM7J4LF,H4018,nonIBD,0,0,StratifiedGroupKFold
1,HSM7J4LH,H4018,nonIBD,0,0,StratifiedGroupKFold
1,HSM7J4LN,H4018,nonIBD,0,0,StratifiedGroupKFold
1,HSM7J4M4,H4019,UC,1,0,StratifiedGroupKFold
1,HSM7J4M6,H4019,UC,1,0,StratifiedGroupKFold
1,HSM7J4M8,H4019,UC,1,0,StratifiedGroupKFold
1,HSM7J4MA,H4019,UC,1,0,StratifiedGroupKFold
1,HSM7J4MC,H4019,UC,1,0,StratifiedGroupKFold
1,HSM7J4ME,H4019,UC,1,0,StratifiedGroupKFold
1,HSM7J4MK,H4031,CD,1,1,StratifiedGroupKFold
1,HSM7J4MS,H4032,CD,1,0,StratifiedGroupKFold
1,HSM7J4MW,H4032,CD,1,0,StratifiedGroupKFold
1,HSM7J4MY,H4028,CD,1,0,StratifiedGroupKFold
1,HSM7J4N4,H4028,CD,1,0,StratifiedGroupKFold
1,HSM7J4N6,H4028,CD,1,0,StratifiedGroupKFold
1,HSM7J4N8,H4028,CD,1,0,StratifiedGroupKFold
1,HSM7J4NA,H4028,CD,1,0,StratifiedGroupKFold
1,HSM7J4NO,H4040,UC,1,2,StratifiedGroupKFold
1,HSM7J4NS,H4040,UC,1,2,StratifiedGroupKFold
1,HSM7J4NU,H4040,UC,1,2,StratifiedGroupKFold
1,HSM7J4OB,H4031,CD,1,1,StratifiedGroupKFold
1,HSM7J4OE,H4031,CD,1,1,StratifiedGroupKFold
1,HSM7J4OL,H4031,CD,1,1,StratifiedGroupKFold
1,HSM7J4OZ,H4032,CD,1,0,StratifiedGroupKFold
1,HSM7J4P2,H4032,CD,1,0,StratifiedGroupKFold
1,HSM7J4PA,H4031,CD,1,1,StratifiedGroupKFold
1,HSM7J4PC,H4019,UC,1,0,StratifiedGroupKFold
1,HSM7J4PE,H4019,UC,1,0,StratifiedGroupKFold
1,HSM7J4PG,H4019,UC,1,0,StratifiedGroupKFold
1,HSM7J4PI,H4019,UC,1,0,StratifiedGroupKFold
1,HSM7J4PK,H4019,UC,1,0,StratifiedGroupKFold
1,HSM7J4PM,H4019,UC,1,0,StratifiedGroupKFold
1,HSM7J4Q1,H4032,CD,1,0,StratifiedGroupKFold
1,HSM7J4Q3,H4032,CD,1,0,StratifiedGroupKFold
1,HSM7J4Q3_P,H4032,CD,1,0,StratifiedGroupKFold
1,HSM7J4Q7,H4032,CD,1,0,StratifiedGroupKFold
1,HSM7J4Q9,H4032,CD,1,0,StratifiedGroupKFold
1,HSM7J4QB,H4015,CD,1,3,StratifiedGroupKFold
1,HSM7J4QD,H4015,CD,1,3,StratifiedGroupKFold
1,HSM7J4QF,H4015,CD,1,3,StratifiedGroupKFold
1,HSM7J4QH,H4015,CD,1,3,StratifiedGroupKFold
1,HSM7J4QJ,H4015,CD,1,3,StratifiedGroupKFold
1,HSM7J4QL,H4015,CD,1,3,StratifiedGroupKFold
1,HSM7J4QT,H4014,CD,1,0,StratifiedGroupKFold
1,HSM7J4QZ,H4013,nonIBD,0,3,StratifiedGroupKFold
1,HSM7J4R2,H4013,nonIBD,0,3,StratifiedGroupKFold
1,HSM7J4RE,H4022,nonIBD,0,2,StratifiedGroupKFold
1,HSM9JBU,H4038,CD,1,3,StratifiedGroupKFold
1,HSM9JBV,H4038,CD,1,3,StratifiedGroupKFold
1,HSM9JBW,H4038,CD,1,3,StratifiedGroupKFold
1,HSM9JTC1,H4040,UC,1,2,StratifiedGroupKFold
1,HSM9JTC2,H4040,UC,1,2,StratifiedGroupKFold
1,HSM9JTC3,H4040,UC,1,2,StratifiedGroupKFold
1,HSM9JTC7,H4042,UC,1,1,StratifiedGroupKFold
1,HSM9JTC8,H4042,UC,1,1,StratifiedGroupKFold
1,HSM9UBMN,H4043,CD,1,3,StratifiedGroupKFold
1,HSM9UBMO,H4043,CD,1,3,StratifiedGroupKFold
1,HSM9UBMP,H4043,CD,1,3,StratifiedGroupKFold
1,HSM9UBMQ,H4044,UC,1,1,StratifiedGroupKFold
1,HSM9UBMR,H4044,UC,1,1,StratifiedGroupKFold
1,HSM9UBMS,H4045,nonIBD,0,1,StratifiedGroupKFold
1,HSM9UBMT,H4045,nonIBD,0,1,StratifiedGroupKFold
1,HSM9UBMU,H4045,nonIBD,0,1,StratifiedGroupKFold
1,HSMA33IA,H4044,UC,1,1,StratifiedGroupKFold
1,HSMA33IC,H4044,UC,1,1,StratifiedGroupKFold
1,HSMA33IE,H4043,CD,1,3,StratifiedGroupKFold
1,HSMA33IG,H4043,CD,1,3,StratifiedGroupKFold
1,HSMA33IK,H4043,CD,1,3,StratifiedGroupKFold
1,HSMA33IO,H4042,UC,1,1,StratifiedGroupKFold
1,HSMA33IS,H4042,UC,1,1,StratifiedGroupKFold
1,HSMA33IY,H4042,UC,1,1,StratifiedGroupKFold
1,HSMA33J1_P,H4045,nonIBD,0,1,StratifiedGroupKFold
1,HSMA33J3,H4045,nonIBD,0,1,StratifiedGroupKFold
1,HSMA33J5,H4045,nonIBD,0,1,StratifiedGroupKFold
1,HSMA33J7,H4045,nonIBD,0,1,StratifiedGroupKFold
1,HSMA33J9,H4045,nonIBD,0,1,StratifiedGroupKFold
1,HSMA33JB,H4031,CD,1,1,StratifiedGroupKFold
1,HSMA33JD,H4031,CD,1,1,StratifiedGroupKFold
1,HSMA33JH,H4031,CD,1,1,StratifiedGroupKFold
1,HSMA33JJ,H4031,CD,1,1,StratifiedGroupKFold
1,HSMA33JN,H4032,CD,1,0,StratifiedGroupKFold
1,HSMA33JP,H4032,CD,1,0,StratifiedGroupKFold
1,HSMA33JR,H4032,CD,1,0,StratifiedGroupKFold
1,HSMA33JT,H4032,CD,1,0,StratifiedGroupKFold
1,HSMA33KE,H4038,CD,1,3,StratifiedGroupKFold
1,HSMA33KM,H4038,CD,1,3,StratifiedGroupKFold
1,HSMA33KO,H4038,CD,1,3,StratifiedGroupKFold
1,HSMA33L3,H4028,CD,1,0,StratifiedGroupKFold
1,HSMA33LB,H4044,UC,1,1,StratifiedGroupKFold
1,HSMA33LH,H4044,UC,1,1,StratifiedGroupKFold
1,HSMA33LH_TR,H4044,UC,1,1,StratifiedGroupKFold
1,HSMA33LJ,H4044,UC,1,1,StratifiedGroupKFold
1,HSMA33LL,H4043,CD,1,3,StratifiedGroupKFold
1,HSMA33LP,H4043,CD,1,3,StratifiedGroupKFold
1,HSMA33LV,H4043,CD,1,3,StratifiedGroupKFold
1,HSMA33LX,H4040,UC,1,2,StratifiedGroupKFold
1,HSMA33LZ,H4040,UC,1,2,StratifiedGroupKFold
1,HSMA33M2,H4040,UC,1,2,StratifiedGroupKFold
1,HSMA33M8,H4040,UC,1,2,StratifiedGroupKFold
1,HSMA33MA,H4035,UC,1,0,StratifiedGroupKFold
1,HSMA33MC,H4035,UC,1,0,StratifiedGroupKFold
1,HSMA33ME,H4035,UC,1,0,StratifiedGroupKFold
1,HSMA33MG,H4035,UC,1,0,StratifiedGroupKFold
1,HSMA33MI,H4035,UC,1,0,StratifiedGroupKFold
1,HSMA33MK,H4035,UC,1,0,StratifiedGroupKFold
1,HSMA33MQ,H4045,nonIBD,0,1,StratifiedGroupKFold
1,HSMA33MS,H4045,nonIBD,0,1,StratifiedGroupKFold
1,HSMA33MV,H4032,CD,1,0,StratifiedGroupKFold
1,HSMA33MX,H4042,UC,1,1,StratifiedGroupKFold
1,HSMA33MZ,H4042,UC,1,1,StratifiedGroupKFold
1,HSMA33N4,H4042,UC,1,1,StratifiedGroupKFold
1,HSMA33NA,H4038,CD,1,3,StratifiedGroupKFold
1,HSMA33NC,H4038,CD,1,3,StratifiedGroupKFold
1,HSMA33NG,H4038,CD,1,3,StratifiedGroupKFold
1,HSMA33NG_P,H4038,CD,1,3,StratifiedGroupKFold
1,HSMA33NW,H4044,UC,1,1,StratifiedGroupKFold
1,HSMA33NY,H4045,nonIBD,0,1,StratifiedGroupKFold
1,HSMA33OD,H4040,UC,1,2,StratifiedGroupKFold
1,HSMA33OJ,H4040,UC,1,2,StratifiedGroupKFold
1,HSMA33OL,H4040,UC,1,2,StratifiedGroupKFold
1,HSMA33OP,H4035,UC,1,0,StratifiedGroupKFold
1,HSMA33OR,H4035,UC,1,0,StratifiedGroupKFold
1,HSMA33OT,H4035,UC,1,0,StratifiedGroupKFold
1,HSMA33OV,H4035,UC,1,0,StratifiedGroupKFold
1,HSMA33OX,H4035,UC,1,0,StratifiedGroupKFold
1,HSMA33OZ,H4035,UC,1,0,StratifiedGroupKFold
1,HSMA33P2_P,H4044,UC,1,1,StratifiedGroupKFold
1,HSMA33P6,H4044,UC,1,1,StratifiedGroupKFold
1,HSMA33PX,H4038,CD,1,3,StratifiedGroupKFold
1,HSMA33PZ,H4038,CD,1,3,StratifiedGroupKFold
1,HSMA33Q6,H4038,CD,1,3,StratifiedGroupKFold
1,HSMA33QM,H4045,nonIBD,0,1,StratifiedGroupKFold
1,HSMA33QO,H4045,nonIBD,0,1,StratifiedGroupKFold
1,HSMA33QY,H4043,CD,1,3,StratifiedGroupKFold
1,HSMA33R1,H4043,CD,1,3,StratifiedGroupKFold
1,HSMA33R5,H4043,CD,1,3,StratifiedGroupKFold
1,HSMA33R7,H4043,CD,1,3,StratifiedGroupKFold
1,HSMA33R9,H4043,CD,1,3,StratifiedGroupKFold
1,HSMA33RD,H4042,UC,1,1,StratifiedGroupKFold
1,HSMA33RF,H4042,UC,1,1,StratifiedGroupKFold
1,HSMA33RL,H4042,UC,1,1,StratifiedGroupKFold
1,HSMA33RR,H4044,UC,1,1,StratifiedGroupKFold
1,HSMA33RT,H4044,UC,1,1,StratifiedGroupKFold
1,HSMA33RX,H4044,UC,1,1,StratifiedGroupKFold
1,HSMA33RX_TR,H4044,UC,1,1,StratifiedGroupKFold
1,HSMA33S4,H4043,CD,1,3,StratifiedGroupKFold
1,HSMA33SE,H4045,nonIBD,0,1,StratifiedGroupKFold
1,HSMA33SG,H4045,nonIBD,0,1,StratifiedGroupKFold
1,HSMA33SI,H4045,nonIBD,0,1,StratifiedGroupKFold
1,HSMA33SK,H4045,nonIBD,0,1,StratifiedGroupKFold
1,MSM5CFCU,M2008,CD,1,1,StratifiedGroupKFold
1,MSM5CFCV,M2008,CD,1,1,StratifiedGroupKFold
1,MSM5CFCW,M2008,CD,1,1,StratifiedGroupKFold
1,MSM5CFD6,M2014,CD,1,1,StratifiedGroupKFold
1,MSM5CFD7,M2014,CD,1,1,StratifiedGroupKFold
1,MSM5FZ9N_P,M2010,CD,1,0,StratifiedGroupKFold
1,MSM5FZ9X,M2014,CD,1,1,StratifiedGroupKFold
1,MSM5FZ9X_P,M2014,CD,1,1,StratifiedGroupKFold
1,MSM5FZA2,M2014,CD,1,1,StratifiedGroupKFold
1,MSM5FZA2_P,M2014,CD,1,1,StratifiedGroupKFold
1,MSM5LLD6_P,M2008,CD,1,1,StratifiedGroupKFold
1,MSM5LLDA,M2008,CD,1,1,StratifiedGroupKFold
1,MSM5LLDC,M2008,CD,1,1,StratifiedGroupKFold
1,MSM5LLDE,M2008,CD,1,1,StratifiedGroupKFold
1,MSM5LLDI,M2008,CD,1,1,StratifiedGroupKFold
1,MSM5LLDK,M2008,CD,1,1,StratifiedGroupKFold
1,MSM5LLDM,M2008,CD,1,1,StratifiedGroupKFold
1,MSM5LLDQ,M2008,CD,1,1,StratifiedGroupKFold
1,MSM5LLDS,M2008,CD,1,1,StratifiedGroupKFold
1,MSM5LLDU,M2008,CD,1,1,StratifiedGroupKFold
1,MSM5LLE3_P,M2010,CD,1,0,StratifiedGroupKFold
1,MSM5LLE9_P,M2010,CD,1,0,StratifiedGroupKFold
1,MSM5LLEH,M2034,CD,1,0,StratifiedGroupKFold
1,MSM5LLF2_P,M2034,CD,1,0,StratifiedGroupKFold
1,MSM5LLF4,M2034,CD,1,0,StratifiedGroupKFold
1,MSM5LLF6,M2034,CD,1,0,StratifiedGroupKFold
1,MSM5LLF8,M2034,CD,1,0,StratifiedGroupKFold
1,MSM5LLFG,M2028,CD,1,0,StratifiedGroupKFold
1,MSM5LLFG_P,M2028,CD,1,0,StratifiedGroupKFold
1,MSM5LLFK,M2026,UC,1,1,StratifiedGroupKFold
1,MSM5LLFK_P,M2026,UC,1,1,StratifiedGroupKFold
1,MSM5LLFM_P,M2026,UC,1,1,StratifiedGroupKFold
1,MSM5LLFO,M2026,UC,1,1,StratifiedGroupKFold
1,MSM5LLFO_P,M2026,UC,1,1,StratifiedGroupKFold
1,MSM5LLFU_P,M2026,UC,1,1,StratifiedGroupKFold
1,MSM5LLGD_P,M2014,CD,1,1,StratifiedGroupKFold
1,MSM5LLGF_P,M2014,CD,1,1,StratifiedGroupKFold
1,MSM5LLGH,M2014,CD,1,1,StratifiedGroupKFold
1,MSM5LLGH_P,M2014,CD,1,1,StratifiedGroupKFold
1,MSM5LLGJ_P,M2014,CD,1,1,StratifiedGroupKFold
1,MSM5LLGL,M2014,CD,1,1,StratifiedGroupKFold
1,MSM5LLGN_P,M2028,CD,1,0,StratifiedGroupKFold
1,MSM5LLGR,M2028,CD,1,0,StratifiedGroupKFold
1,MSM5LLGR_P,M2028,CD,1,0,StratifiedGroupKFold
1,MSM5LLH2_P,M2027,CD,1,1,StratifiedGroupKFold
1,MSM5LLH4_P,M2027,CD,1,1,StratifiedGroupKFold
1,MSM5LLH8,M2027,CD,1,1,StratifiedGroupKFold
1,MSM5LLH8_P,M2027,CD,1,1,StratifiedGroupKFold
1,MSM5LLHA_P,M2027,CD,1,1,StratifiedGroupKFold
1,MSM5LLHC,M2027,CD,1,1,StratifiedGroupKFold
1,MSM5LLHE_P,M2025,CD,1,0,StratifiedGroupKFold
1,MSM5LLHG_P,M2025,CD,1,0,StratifiedGroupKFold
1,MSM5LLHI_P,M2025,CD,1,0,StratifiedGroupKFold
1,MSM5LLHM,M2025,CD,1,0,StratifiedGroupKFold
1,MSM5LLHO_P,M2025,CD,1,0,StratifiedGroupKFold
1,MSM5LLHQ,M2008,CD,1,1,StratifiedGroupKFold
1,MSM5LLHQ_P,M2008,CD,1,1,StratifiedGroupKFold
1,MSM5LLHV_P,M2024,UC,1,2,StratifiedGroupKFold
1,MSM5LLHX_P,M2008,CD,1,1,StratifiedGroupKFold
1,MSM5LLHZ,M2008,CD,1,1,StratifiedGroupKFold
1,MSM5LLI2_P,M2008,CD,1,1,StratifiedGroupKFold
1,MSM5LLI4_P,M2008,CD,1,1,StratifiedGroupKFold
1,MSM5LLI6_P,M2008,CD,1,1,StratifiedGroupKFold
1,MSM5LLI8_P,M2008,CD,1,1,StratifiedGroupKFold
1,MSM5LLIC,M2025,CD,1,0,StratifiedGroupKFold
1,MSM5LLIC_P,M2025,CD,1,0,StratifiedGroupKFold
1,MSM5LLIQ_P,M2026,UC,1,1,StratifiedGroupKFold
1,MSM5LLIS,M2027,CD,1,1,StratifiedGroupKFold
1,MSM5LLIS_P,M2027,CD,1,1,StratifiedGroupKFold
1,MSM5LWJ3,M2028,CD,1,0,StratifiedGroupKFold
1,MSM5LWJ4,M2028,CD,1,0,StratifiedGroupKFold
1,MSM5LWJG,M2034,CD,1,0,StratifiedGroupKFold
1,MSM5LWJH,M2034,CD,1,0,StratifiedGroupKFold
1,MSM5LWJN,M2039,nonIBD,0,1,StratifiedGroupKFold
1,MSM5LWJO,M2039,nonIBD,0,1,StratifiedGroupKFold
1,MSM5LWJS,M2041,nonIBD,0,3,StratifiedGroupKFold
1,MSM5LWJT,M2041,nonIBD,0,3,StratifiedGroupKFold
1,MSM5LWJU,M2042,nonIBD,0,2,StratifiedGroupKFold
1,MSM5LWJV,M2042,nonIBD,0,2,StratifiedGroupKFold
1,MSM5LWJZ,M2008,CD,1,1,StratifiedGroupKFold
1,MSM5LWKD,M2008,CD,1,1,StratifiedGroupKFold
1,MSM5LWKE,M2008,CD,1,1,StratifiedGroupKFold
1,MSM5LWKF,M2060,nonIBD,0,1,StratifiedGroupKFold
1,MSM5LWKG,M2060,nonIBD,0,1,StratifiedGroupKFold
1,MSM5LWL1,M2026,UC,1,1,StratifiedGroupKFold
1,MSM5LWL2,M2026,UC,1,1,StratifiedGroupKFold
1,MSM5LWL3,M2025,CD,1,0,StratifiedGroupKFold
1,MSM5LWL4,M2025,CD,1,0,StratifiedGroupKFold
1,MSM5LWL5,M2026,UC,1,1,StratifiedGroupKFold
1,MSM5LWL6,M2027,CD,1,1,StratifiedGroupKFold
1,MSM5LWL7,M2027,CD,1,1,StratifiedGroupKFold
1,MSM5ZOJY_P,M2014,CD,1,1,StratifiedGroupKFold
1,MSM633FF_P,M2014,CD,1,1,StratifiedGroupKFold
1,MSM6J2H9,M2039,nonIBD,0,1,StratifiedGroupKFold
1,MSM6J2HB,M2026,UC,1,1,StratifiedGroupKFold
1,MSM6J2HD,M2026,UC,1,1,StratifiedGroupKFold
1,MSM6J2HF,M2026,UC,1,1,StratifiedGroupKFold
1,MSM6J2HH,M2026,UC,1,1,StratifiedGroupKFold
1,MSM6J2HJ,M2026,UC,1,1,StratifiedGroupKFold
1,MSM6J2HL,M2026,UC,1,1,StratifiedGroupKFold
1,MSM6J2HN,M2039,nonIBD,0,1,StratifiedGroupKFold
1,MSM6J2HP,M2039,nonIBD,0,1,StratifiedGroupKFold
1,MSM6J2HR,M2039,nonIBD,0,1,StratifiedGroupKFold
1,MSM6J2HT,M2039,nonIBD,0,1,StratifiedGroupKFold
1,MSM6J2IE,M2028,CD,1,0,StratifiedGroupKFold
1,MSM6J2IG,M2028,CD,1,0,StratifiedGroupKFold
1,MSM6J2II,M2028,CD,1,0,StratifiedGroupKFold
1,MSM6J2IK,M2028,CD,1,0,StratifiedGroupKFold
1,MSM6J2IM,M2028,CD,1,0,StratifiedGroupKFold
1,MSM6J2IO,M2028,CD,1,0,StratifiedGroupKFold
1,MSM6J2IQ,M2014,CD,1,1,StratifiedGroupKFold
1,MSM6J2IY,M2014,CD,1,1,StratifiedGroupKFold
1,MSM6J2J1,M2014,CD,1,1,StratifiedGroupKFold
1,MSM6J2J3,M2025,CD,1,0,StratifiedGroupKFold
1,MSM6J2J5,M2025,CD,1,0,StratifiedGroupKFold
1,MSM6J2JB,M2025,CD,1,0,StratifiedGroupKFold
1,MSM6J2JD,M2025,CD,1,0,StratifiedGroupKFold
1,MSM6J2JF,M2041,nonIBD,0,3,StratifiedGroupKFold
1,MSM6J2JF_P,M2041,nonIBD,0,3,StratifiedGroupKFold
1,MSM6J2JH,M2042,nonIBD,0,2,StratifiedGroupKFold
1,MSM6J2JH_P,M2042,nonIBD,0,2,StratifiedGroupKFold
1,MSM6J2JN,M2041,nonIBD,0,3,StratifiedGroupKFold
1,MSM6J2JP,M2041,nonIBD,0,3,StratifiedGroupKFold
1,MSM6J2JR,M2041,nonIBD,0,3,StratifiedGroupKFold
1,MSM6J2JT,M2041,nonIBD,0,3,StratifiedGroupKFold
1,MSM6J2JZ,M2042,nonIBD,0,2,StratifiedGroupKFold
1,MSM6J2K2,M2042,nonIBD,0,2,StratifiedGroupKFold
1,MSM6J2K4,M2042,nonIBD,0,2,StratifiedGroupKFold
1,MSM6J2K6,M2042,nonIBD,0,2,StratifiedGroupKFold
1,MSM6J2K8,M2042,nonIBD,0,2,StratifiedGroupKFold
1,MSM6J2KA,M2042,nonIBD,0,2,StratifiedGroupKFold
1,MSM6J2KC,M2027,CD,1,1,StratifiedGroupKFold
1,MSM6J2KE,M2027,CD,1,1,StratifiedGroupKFold
1,MSM6J2KM,M2027,CD,1,1,StratifiedGroupKFold
1,MSM6J2L5,M2044,CD,1,2,StratifiedGroupKFold
1,MSM6J2LB,M2008,CD,1,1,StratifiedGroupKFold
1,MSM6J2LH,M2034,CD,1,0,StratifiedGroupKFold
1,MSM6J2LJ,M2034,CD,1,0,StratifiedGroupKFold
1,MSM6J2LL,M2034,CD,1,0,StratifiedGroupKFold
1,MSM6J2LN,M2034,CD,1,0,StratifiedGroupKFold
1,MSM6J2LR,M2034,CD,1,0,StratifiedGroupKFold
1,MSM6J2LV,M2041,nonIBD,0,3,StratifiedGroupKFold
1,MSM6J2LW,M2048,nonIBD,0,0,StratifiedGroupKFold
1,MSM6J2LY,M2048,nonIBD,0,0,StratifiedGroupKFold
1,MSM6J2M3,M2048,nonIBD,0,0,StratifiedGroupKFold
1,MSM6J2M3_P,M2048,nonIBD,0,0,StratifiedGroupKFold
1,MSM6J2MB,M2034,CD,1,0,StratifiedGroupKFold
1,MSM6J2MD,M2034,CD,1,0,StratifiedGroupKFold
1,MSM6J2MF,M2034,CD,1,0,StratifiedGroupKFold
1,MSM6J2MH,M2034,CD,1,0,StratifiedGroupKFold
1,MSM6J2MJ,M2034,CD,1,0,StratifiedGroupKFold
1,MSM6J2ML,M2034,CD,1,0,StratifiedGroupKFold
1,MSM6J2N6,M2059,UC,1,3,StratifiedGroupKFold
1,MSM6J2N6_P,M2059,UC,1,3,StratifiedGroupKFold
1,MSM6J2NA,M2061,nonIBD,0,3,StratifiedGroupKFold
1,MSM6J2NW,M2058,CD,1,2,StratifiedGroupKFold
1,MSM6J2O1,M2058,CD,1,2,StratifiedGroupKFold
1,MSM6J2O3,M2058,CD,1,2,StratifiedGroupKFold
1,MSM6J2OH,M2026,UC,1,1,StratifiedGroupKFold
1,MSM6J2OJ,M2026,UC,1,1,StratifiedGroupKFold
1,MSM6J2OL,M2026,UC,1,1,StratifiedGroupKFold
1,MSM6J2ON,M2026,UC,1,1,StratifiedGroupKFold
1,MSM6J2OP,M2026,UC,1,1,StratifiedGroupKFold
1,MSM6J2P4,M2044,CD,1,2,StratifiedGroupKFold
1,MSM6J2PE,M2025,CD,1,0,StratifiedGroupKFold
1,MSM6J2PK,M2025,CD,1,0,StratifiedGroupKFold
1,MSM6J2PM,M2025,CD,1,0,StratifiedGroupKFold
1,MSM6J2Q1,M2048,nonIBD,0,0,StratifiedGroupKFold
1,MSM6J2Q3,M2028,CD,1,0,StratifiedGroupKFold
1,MSM6J2Q5,M2028,CD,1,0,StratifiedGroupKFold
1,MSM6J2Q7,M2028,CD,1,0,StratifiedGroupKFold
1,MSM6J2Q9,M2028,CD,1,0,StratifiedGroupKFold
1,MSM6J2QB,M2028,CD,1,0,StratifiedGroupKFold
1,MSM6J2QD,M2028,CD,1,0,StratifiedGroupKFold
1,MSM6J2QF,M2039,nonIBD,0,1,StratifiedGroupKFold
1,MSM6J2QH,M2039,nonIBD,0,1,StratifiedGroupKFold
1,MSM6J2QJ,M2039,nonIBD,0,1,StratifiedGroupKFold
1,MSM6J2QL,M2039,nonIBD,0,1,StratifiedGroupKFold
1,MSM6J2QP,M2039,nonIBD,0,1,StratifiedGroupKFold
1,MSM6J2QR,M2014,CD,1,1,StratifiedGroupKFold
1,MSM6J2QZ,M2014,CD,1,1,StratifiedGroupKFold
1,MSM6J2R2,M2027,CD,1,1,StratifiedGroupKFold
1,MSM6J2R8,M2027,CD,1,1,StratifiedGroupKFold
1,MSM6J2RA,M2027,CD,1,1,StratifiedGroupKFold
1,MSM6J2RC,M2027,CD,1,1,StratifiedGroupKFold
1,MSM6J2RG_P,M2058,CD,1,2,StratifiedGroupKFold
1,MSM6J2RK,M2042,nonIBD,0,2,StratifiedGroupKFold
1,MSM6J2RM,M2042,nonIBD,0,2,StratifiedGroupKFold
1,MSM6J2RO,M2042,nonIBD,0,2,StratifiedGroupKFold
1,MSM6J2RQ,M2042,nonIBD,0,2,StratifiedGroupKFold
1,MSM6J2RS,M2042,nonIBD,0,2,StratifiedGroupKFold
1,MSM6J2RU,M2042,nonIBD,0,2,StratifiedGroupKFold
1,MSM6J2SE,M2041,nonIBD,0,3,StratifiedGroupKFold
1,MSM6J2SI,M2041,nonIBD,0,3,StratifiedGroupKFold
1,MSM6J2SK,M2041,nonIBD,0,3,StratifiedGroupKFold
1,MSM6J2SM,M2041,nonIBD,0,3,StratifiedGroupKFold
1,MSM719M9,M2061,nonIBD,0,3,StratifiedGroupKFold
1,MSM719MA,M2061,nonIBD,0,3,StratifiedGroupKFold
1,MSM719MD,M2064,UC,1,1,StratifiedGroupKFold
1,MSM719MJ,M2025,CD,1,0,StratifiedGroupKFold
1,MSM719MS,M2068,CD,1,2,StratifiedGroupKFold
1,MSM719MT,M2068,CD,1,2,StratifiedGroupKFold
1,MSM719MZ,M2069,UC,1,3,StratifiedGroupKFold
1,MSM719N1,M2069,UC,1,3,StratifiedGroupKFold
1,MSM719N4,M2028,CD,1,0,StratifiedGroupKFold
1,MSM719N5,M2028,CD,1,0,StratifiedGroupKFold
1,MSM719NA,M2075,nonIBD,0,3,StratifiedGroupKFold
1,MSM719NO,M2084,nonIBD,0,1,StratifiedGroupKFold
1,MSM719NP,M2084,nonIBD,0,1,StratifiedGroupKFold
1,MSM79H4T,M2059,UC,1,3,StratifiedGroupKFold
1,MSM79H4X,M2059,UC,1,3,StratifiedGroupKFold
1,MSM79H52,M2060,nonIBD,0,1,StratifiedGroupKFold
1,MSM79H52_P,M2060,nonIBD,0,1,StratifiedGroupKFold
1,MSM79H54,M2060,nonIBD,0,1,StratifiedGroupKFold
1,MSM79H58,M2060,nonIBD,0,1,StratifiedGroupKFold
1,MSM79H5A,M2060,nonIBD,0,1,StratifiedGroupKFold
1,MSM79H5E,M2061,nonIBD,0,3,StratifiedGroupKFold
1,MSM79H5G,M2061,nonIBD,0,3,StratifiedGroupKFold
1,MSM79H5K,M2061,nonIBD,0,3,StratifiedGroupKFold
1,MSM79H5M,M2061,nonIBD,0,3,StratifiedGroupKFold
1,MSM79H5Q,M2039,nonIBD,0,1,StratifiedGroupKFold
1,MSM79H5S,M2039,nonIBD,0,1,StratifiedGroupKFold
1,MSM79H5U,M2039,nonIBD,0,1,StratifiedGroupKFold
1,MSM79H5W,M2039,nonIBD,0,1,StratifiedGroupKFold
1,MSM79H5Y,M2039,nonIBD,0,1,StratifiedGroupKFold
1,MSM79H63,M2028,CD,1,0,StratifiedGroupKFold
1,MSM79H65,M2028,CD,1,0,StratifiedGroupKFold
1,MSM79H67,M2028,CD,1,0,StratifiedGroupKFold
1,MSM79H69,M2028,CD,1,0,StratifiedGroupKFold
1,MSM79H6B,M2028,CD,1,0,StratifiedGroupKFold
1,MSM79H6D,M2042,nonIBD,0,2,StratifiedGroupKFold
1,MSM79H6F,M2042,nonIBD,0,2,StratifiedGroupKFold
1,MSM79H6H,M2042,nonIBD,0,2,StratifiedGroupKFold
1,MSM79H6J,M2042,nonIBD,0,2,StratifiedGroupKFold
1,MSM79H6L,M2042,nonIBD,0,2,StratifiedGroupKFold
1,MSM79H6N,M2042,nonIBD,0,2,StratifiedGroupKFold
1,MSM79H6Y,M2048,nonIBD,0,0,StratifiedGroupKFold
1,MSM79H76,M2059,UC,1,3,StratifiedGroupKFold
1,MSM79H7C,M2071,UC,1,3,StratifiedGroupKFold
1,MSM79H7E,M2071,UC,1,3,StratifiedGroupKFold
1,MSM79H7G,M2071,UC,1,3,StratifiedGroupKFold
1,MSM79H7M,M2071,UC,1,3,StratifiedGroupKFold
1,MSM79H8D,M2075,nonIBD,0,3,StratifiedGroupKFold
1,MSM79H8F,M2075,nonIBD,0,3,StratifiedGroupKFold
1,MSM79H8H,M2075,nonIBD,0,3,StratifiedGroupKFold
1,MSM79H8J,M2075,nonIBD,0,3,StratifiedGroupKFold
1,MSM79H8J_P,M2075,nonIBD,0,3,StratifiedGroupKFold
1,MSM79H8L,M2075,nonIBD,0,3,StratifiedGroupKFold
1,MSM79H8N,M2075,nonIBD,0,3,StratifiedGroupKFold
1,MSM79H94,M2077,nonIBD,0,2,StratifiedGroupKFold
1,MSM79H94_P,M2077,nonIBD,0,2,StratifiedGroupKFold
1,MSM79H98,M2068,CD,1,2,StratifiedGroupKFold
1,MSM79H9A,M2060,nonIBD,0,1,StratifiedGroupKFold
1,MSM79H9C,M2060,nonIBD,0,1,StratifiedGroupKFold
1,MSM79H9G,M2060,nonIBD,0,1,StratifiedGroupKFold
1,MSM79H9K,M2060,nonIBD,0,1,StratifiedGroupKFold
1,MSM79H9M,M2061,nonIBD,0,3,StratifiedGroupKFold
1,MSM79H9O,M2061,nonIBD,0,3,StratifiedGroupKFold
1,MSM79H9Q,M2061,nonIBD,0,3,StratifiedGroupKFold
1,MSM79H9U_P,M2067,UC,1,0,StratifiedGroupKFold
1,MSM79H9W,M2061,nonIBD,0,3,StratifiedGroupKFold
1,MSM79H9Y,M2042,nonIBD,0,2,StratifiedGroupKFold
1,MSM79HA1,M2042,nonIBD,0,2,StratifiedGroupKFold
1,MSM79HA3,M2042,nonIBD,0,2,StratifiedGroupKFold
1,MSM79HA7,M2042,nonIBD,0,2,StratifiedGroupKFold
1,MSM79HAH,M2039,nonIBD,0,1,StratifiedGroupKFold
1,MSM79HAJ,M2064,UC,1,1,StratifiedGroupKFold
1,MSM79HAL,M2064,UC,1,1,StratifiedGroupKFold
1,MSM79HAN,M2064,UC,1,1,StratifiedGroupKFold
1,MSM79HAR,M2064,UC,1,1,StratifiedGroupKFold
1,MSM79HAT,M2064,UC,1,1,StratifiedGroupKFold
1,MSM79HB4,M2041,nonIBD,0,3,StratifiedGroupKFold
1,MSM79HB6,M2041,nonIBD,0,3,StratifiedGroupKFold
1,MSM79HBB,M2048,nonIBD,0,0,StratifiedGroupKFold
1,MSM79HBL,M2048,nonIBD,0,0,StratifiedGroupKFold
1,MSM79HBN,M2034,CD,1,0,StratifiedGroupKFold
1,MSM79HBP,M2034,CD,1,0,StratifiedGroupKFold
1,MSM79HBR,M2034,CD,1,0,StratifiedGroupKFold
1,MSM79HBT,M2034,CD,1,0,StratifiedGroupKFold
1,MSM79HBV,M2034,CD,1,0,StratifiedGroupKFold
1,MSM79HBX,M2068,CD,1,2,StratifiedGroupKFold
1,MSM79HBX_P,M2068,CD,1,2,StratifiedGroupKFold
1,MSM79HBZ,M2069,UC,1,3,StratifiedGroupKFold
1,MSM79HD6,M2071,UC,1,3,StratifiedGroupKFold
1,MSM79HD6_P,M2071,UC,1,3,StratifiedGroupKFold
1,MSM79HD8,M2069,UC,1,3,StratifiedGroupKFold
1,MSM79HD8_P,M2069,UC,1,3,StratifiedGroupKFold
1,MSM79HDA,M2069,UC,1,3,StratifiedGroupKFold
1,MSM79HDC,M2069,UC,1,3,StratifiedGroupKFold
1,MSM79HDE,M2069,UC,1,3,StratifiedGroupKFold
1,MSM79HDG,M2069,UC,1,3,StratifiedGroupKFold
1,MSM79HDG_TR,M2069,UC,1,3,StratifiedGroupKFold
1,MSM79HDI,M2069,UC,1,3,StratifiedGroupKFold
1,MSM79HDK,M2068,CD,1,2,StratifiedGroupKFold
1,MSM79HDM,M2068,CD,1,2,StratifiedGroupKFold
1,MSM79HDO,M2068,CD,1,2,StratifiedGroupKFold
1,MSM79HDQ,M2068,CD,1,2,StratifiedGroupKFold
1,MSM79HDQ_TR,M2068,CD,1,2,StratifiedGroupKFold
1,MSM79HDS,M2068,CD,1,2,StratifiedGroupKFold
1,MSM79HDU,M2068,CD,1,2,StratifiedGroupKFold
1,MSM79HDW,M2025,CD,1,0,StratifiedGroupKFold
1,MSM79HEA,M2026,UC,1,1,StratifiedGroupKFold
1,MSM79HES,M2041,nonIBD,0,3,StratifiedGroupKFold
1,MSM79HEU,M2041,nonIBD,0,3,StratifiedGroupKFold
1,MSM79HEW,M2041,nonIBD,0,3,StratifiedGroupKFold
1,MSM79HEY,M2041,nonIBD,0,3,StratifiedGroupKFold
1,MSM79HF1,M2064,UC,1,1,StratifiedGroupKFold
1,MSM79HF1_P,M2064,UC,1,1,StratifiedGroupKFold
1,MSM79HF3,M2064,UC,1,1,StratifiedGroupKFold
1,MSM79HF5,M2064,UC,1,1,StratifiedGroupKFold
1,MSM79HF7,M2064,UC,1,1,StratifiedGroupKFold
1,MSM79HF9,M2064,UC,1,1,StratifiedGroupKFold
1,MSM79HF9_TR,M2064,UC,1,1,StratifiedGroupKFold
1,MSM79HFB,M2064,UC,1,1,StratifiedGroupKFold
1,MSM79HFW,M2048,nonIBD,0,0,StratifiedGroupKFold
1,MSM79HFY,M2048,nonIBD,0,0,StratifiedGroupKFold
1,MSM7J16J,M2068,CD,1,2,StratifiedGroupKFold
1,MSM7J16L,M2068,CD,1,2,StratifiedGroupKFold
1,MSM7J16N,M2068,CD,1,2,StratifiedGroupKFold
1,MSM7J16P,M2068,CD,1,2,StratifiedGroupKFold
1,MSM7J16R,M2068,CD,1,2,StratifiedGroupKFold
1,MSM9VZEK,M2068,CD,1,2,StratifiedGroupKFold
1,MSM9VZEK_TR,M2068,CD,1,2,StratifiedGroupKFold
1,MSM9VZEM,M2068,CD,1,2,StratifiedGroupKFold
1,MSM9VZEO,M2068,CD,1,2,StratifiedGroupKFold
1,MSM9VZEQ,M2068,CD,1,2,StratifiedGroupKFold
1,MSM9VZES,M2068,CD,1,2,StratifiedGroupKFold
1,MSM9VZEU,M2069,UC,1,3,StratifiedGroupKFold
1,MSM9VZEW,M2069,UC,1,3,StratifiedGroupKFold
1,MSM9VZEY,M2069,UC,1,3,StratifiedGroupKFold
1,MSM9VZF1,M2069,UC,1,3,StratifiedGroupKFold
1,MSM9VZF3,M2069,UC,1,3,StratifiedGroupKFold
1,MSM9VZF5,M2069,UC,1,3,StratifiedGroupKFold
1,MSM9VZF7,M2060,nonIBD,0,1,StratifiedGroupKFold
1,MSM9VZFF,M2060,nonIBD,0,1,StratifiedGroupKFold
1,MSM9VZFH,M2060,nonIBD,0,1,StratifiedGroupKFold
1,MSM9VZFJ,M2079,nonIBD,0,2,StratifiedGroupKFold
1,MSM9VZFJ_P,M2079,nonIBD,0,2,StratifiedGroupKFold
1,MSM9VZFL,M2079,nonIBD,0,2,StratifiedGroupKFold
1,MSM9VZFN,M2079,nonIBD,0,2,StratifiedGroupKFold
1,MSM9VZFR,M2079,nonIBD,0,2,StratifiedGroupKFold
1,MSM9VZFT,M2079,nonIBD,0,2,StratifiedGroupKFold
1,MSM9VZFV,M2058,CD,1,2,StratifiedGroupKFold
1,MSM9VZGO,M2061,nonIBD,0,3,StratifiedGroupKFold
1,MSM9VZGS,M2061,nonIBD,0,3,StratifiedGroupKFold
1,MSM9VZGU,M2061,nonIBD,0,3,StratifiedGroupKFold
1,MSM9VZGW,M2075,nonIBD,0,3,StratifiedGroupKFold
1,MSM9VZGY,M2075,nonIBD,0,3,StratifiedGroupKFold
1,MSM9VZH1,M2075,nonIBD,0,3,StratifiedGroupKFold
1,MSM9VZH7,M2075,nonIBD,0,3,StratifiedGroupKFold
1,MSM9VZHB,M2061,nonIBD,0,3,StratifiedGroupKFold
1,MSM9VZHD,M2061,nonIBD,0,3,StratifiedGroupKFold
1,MSM9VZHF,M2061,nonIBD,0,3,StratifiedGroupKFold
1,MSM9VZHX,M2077,nonIBD,0,2,StratifiedGroupKFold
1,MSM9VZHZ,M2077,nonIBD,0,2,StratifiedGroupKFold
1,MSM9VZI2,M2077,nonIBD,0,2,StratifiedGroupKFold
1,MSM9VZI6,M2077,nonIBD,0,2,StratifiedGroupKFold
1,MSM9VZJB,M2068,CD,1,2,StratifiedGroupKFold
1,MSM9VZJF_P,M2091,UC,1,1,StratifiedGroupKFold
1,MSM9VZJJ_P,M2086,CD,1,2,StratifiedGroupKFold
1,MSM9VZJL,M2086,CD,1,2,StratifiedGroupKFold
1,MSM9VZJN,M2086,CD,1,2,StratifiedGroupKFold
1,MSM9VZJZ,M2075,nonIBD,0,3,StratifiedGroupKFold
1,MSM9VZKC,M2079,nonIBD,0,2,StratifiedGroupKFold
1,MSM9VZKE,M2079,nonIBD,0,2,StratifiedGroupKFold
1,MSM9VZKI,M2079,nonIBD,0,2,StratifiedGroupKFold
1,MSM9VZL5,M2097,nonIBD,0,1,StratifiedGroupKFold
1,MSM9VZL7,M2084,nonIBD,0,1,StratifiedGroupKFold
1,MSM9VZL9,M2084,nonIBD,0,1,StratifiedGroupKFold
1,MSM9VZLB,M2084,nonIBD,0,1,StratifiedGroupKFold
1,MSM9VZLD,M2084,nonIBD,0,1,StratifiedGroupKFold
1,MSM9VZLF,M2084,nonIBD,0,1,StratifiedGroupKFold
1,MSM9VZLH,M2084,nonIBD,0,1,StratifiedGroupKFold
1,MSM9VZLJ,M2061,nonIBD,0,3,StratifiedGroupKFold
1,MSM9VZLL,M2064,UC,1,1,StratifiedGroupKFold
1,MSM9VZLN,M2064,UC,1,1,StratifiedGroupKFold
1,MSM9VZLP,M2064,UC,1,1,StratifiedGroupKFold
1,MSM9VZLR,M2064,UC,1,1,StratifiedGroupKFold
1,MSM9VZLT,M2064,UC,1,1,StratifiedGroupKFold
1,MSM9VZLV,M2064,UC,1,1,StratifiedGroupKFold
1,MSM9VZLX_P,M2082,CD,1,0,StratifiedGroupKFold
1,MSM9VZM6,M2086,CD,1,2,StratifiedGroupKFold
1,MSM9VZMA,M2077,nonIBD,0,2,StratifiedGroupKFold
1,MSM9VZMA_TR,M2077,nonIBD,0,2,StratifiedGroupKFold
1,MSM9VZMC,M2077,nonIBD,0,2,StratifiedGroupKFold
1,MSM9VZME,M2077,nonIBD,0,2,StratifiedGroupKFold
1,MSM9VZMI,M2077,nonIBD,0,2,StratifiedGroupKFold
1,MSM9VZMM,M2084,nonIBD,0,1,StratifiedGroupKFold
1,MSM9VZMO,M2084,nonIBD,0,1,StratifiedGroupKFold
1,MSM9VZMS,M2084,nonIBD,0,1,StratifiedGroupKFold
1,MSM9VZMU,M2084,nonIBD,0,1,StratifiedGroupKFold
1,MSM9VZMW,M2084,nonIBD,0,1,StratifiedGroupKFold
1,MSM9VZN4_P,M2081,UC,1,1,StratifiedGroupKFold
1,MSM9VZOS,M2069,UC,1,3,StratifiedGroupKFold
1,MSM9VZOU,M2069,UC,1,3,StratifiedGroupKFold
1,MSM9VZOW,M2069,UC,1,3,StratifiedGroupKFold
1,MSM9VZOY,M2069,UC,1,3,StratifiedGroupKFold
1,MSM9VZP1,M2069,UC,1,3,StratifiedGroupKFold
1,MSM9VZP3,M2069,UC,1,3,StratifiedGroupKFold
1,MSM9VZPT,M2060,nonIBD,0,1,StratifiedGroupKFold
1,MSM9VZPV,M2060,nonIBD,0,1,StratifiedGroupKFold
1,MSMA267V,M2103,UC,1,3,StratifiedGroupKFold
1,MSMA267X,M2103,UC,1,3,StratifiedGroupKFold
1,MSMA2684,M2103,UC,1,3,StratifiedGroupKFold
1,MSMA2688,M2064,UC,1,1,StratifiedGroupKFold
1,MSMA26AL,M2068,CD,1,2,StratifiedGroupKFold
1,MSMA26AN,M2068,CD,1,2,StratifiedGroupKFold
1,MSMA26AP,M2068,CD,1,2,StratifiedGroupKFold
1,MSMA26AR,M2068,CD,1,2,StratifiedGroupKFold
1,MSMA26AT,M2068,CD,1,2,StratifiedGroupKFold
1,MSMA26AV,M2071,UC,1,3,StratifiedGroupKFold
1,MSMA26AX,M2071,UC,1,3,StratifiedGroupKFold
1,MSMA26AZ,M2071,UC,1,3,StratifiedGroupKFold
1,MSMA26AZ_TR,M2071,UC,1,3,StratifiedGroupKFold
1,MSMA26BB,M2084,nonIBD,0,1,StratifiedGroupKFold
1,MSMA26BD,M2084,nonIBD,0,1,StratifiedGroupKFold
1,MSMA26BF,M2084,nonIBD,0,1,StratifiedGroupKFold
1,MSMA26BH,M2084,nonIBD,0,1,StratifiedGroupKFold
1,MSMA26BJ,M2084,nonIBD,0,1,StratifiedGroupKFold
1,MSMA26BL,M2084,nonIBD,0,1,StratifiedGroupKFold
1,MSMA26BN,M2079,nonIBD,0,2,StratifiedGroupKFold
1,MSMA26BR,M2079,nonIBD,0,2,StratifiedGroupKFold
1,MSMA26BT,M2079,nonIBD,0,2,StratifiedGroupKFold
1,MSMA26BV,M2079,nonIBD,0,2,StratifiedGroupKFold
1,MSMA26BX,M2079,nonIBD,0,2,StratifiedGroupKFold
1,MSMA26C8,M2086,CD,1,2,StratifiedGroupKFold
1,MSMA26DG,M2097,nonIBD,0,1,StratifiedGroupKFold
1,MSMA26DI,M2097,nonIBD,0,1,StratifiedGroupKFold
1,MSMA26DK,M2097,nonIBD,0,1,StratifiedGroupKFold
1,MSMA26DM,M2097,nonIBD,0,1,StratifiedGroupKFold
1,MSMA26DO,M2097,nonIBD,0,1,StratifiedGroupKFold
1,MSMA26EH,M2069,UC,1,3,StratifiedGroupKFold
1,MSMA26EJ,M2069,UC,1,3,StratifiedGroupKFold
1,MSMA26EL,M2069,UC,1,3,StratifiedGroupKFold
1,MSMA26EN,M2069,UC,1,3,StratifiedGroupKFold
1,MSMA26EP,M2069,UC,1,3,StratifiedGroupKFold
1,MSMA26ER,M2064,UC,1,1,StratifiedGroupKFold
1,MSMA26ET,M2064,UC,1,1,StratifiedGroupKFold
1,MSMA26EV,M2064,UC,1,1,StratifiedGroupKFold
1,MSMA26EZ,M2064,UC,1,1,StratifiedGroupKFold
1,MSMAKNES,M2064,UC,1,1,StratifiedGroupKFold
1,MSMAKNET,M2064,UC,1,1,StratifiedGroupKFold
1,MSMAPC5F,M2097,nonIBD,0,1,StratifiedGroupKFold
1,MSMAPC5H,M2097,nonIBD,0,1,StratifiedGroupKFold
1,MSMAPC5L,M2097,nonIBD,0,1,StratifiedGroupKFold
1,MSMAPC5Z,M2103,UC,1,3,StratifiedGroupKFold
1,MSMAPC62,M2103,UC,1,3,StratifiedGroupKFold
1,MSMAPC64,M2103,UC,1,3,StratifiedGroupKFold
1,MSMAPC66,M2103,UC,1,3,StratifiedGroupKFold
1,MSMAPC6K,M2084,nonIBD,0,1,StratifiedGroupKFold
1,MSMAPC6M,M2084,nonIBD,0,1,StratifiedGroupKFold
1,MSMAPC6O,M2084,nonIBD,0,1,StratifiedGroupKFold
1,MSMAPC7D,M2075,nonIBD,0,3,StratifiedGroupKFold
1,MSMAPC7J,M2075,nonIBD,0,3,StratifiedGroupKFold
1,MSMAPC7P,M2077,nonIBD,0,2,StratifiedGroupKFold
1,MSMAPC7R,M2077,nonIBD,0,2,StratifiedGroupKFold
1,MSMAPC7T,M2077,nonIBD,0,2,StratifiedGroupKFold
1,MSMB4LXS,M2097,nonIBD,0,1,StratifiedGroupKFold
1,MSMB4LXW,M2097,nonIBD,0,1,StratifiedGroupKFold
1,MSMB4LYH,M2103,UC,1,3,StratifiedGroupKFold
1,MSMB4LZ4,M2071,UC,1,3,StratifiedGroupKFold
1,MSMB4LZ8,M2079,nonIBD,0,2,StratifiedGroupKFold
1,MSMB4LZC,M2077,nonIBD,0,2,StratifiedGroupKFold
1,MSMB4LZK,M2097,nonIBD,0,1,StratifiedGroupKFold
1,MSMB4LZV,M2084,nonIBD,0,1,StratifiedGroupKFold
1,MSMB4LZX,M2084,nonIBD,0,1,StratifiedGroupKFold
1,MSMB4LZZ,M2084,nonIBD,0,1,StratifiedGroupKFold
1,PSM6XBQM,P6005,CD,1,1,StratifiedGroupKFold
1,PSM6XBQM_P,P6005,CD,1,1,StratifiedGroupKFold
1,PSM6XBQS,P6005,CD,1,1,StratifiedGroupKFold
1,PSM6XBQU,P6005,CD,1,1,StratifiedGroupKFold
1,PSM6XBQY,P6005,CD,1,1,StratifiedGroupKFold
1,PSM6XBQY_TR,P6005,CD,1,1,StratifiedGroupKFold
1,PSM6XBR1,P6005,CD,1,1,StratifiedGroupKFold
1,PSM6XBRM_P,P6010,CD,1,3,StratifiedGroupKFold
1,PSM6XBSE,P6012,UC,1,3,StratifiedGroupKFold
1,PSM6XBSE_P,P6012,UC,1,3,StratifiedGroupKFold
1,PSM6XBSG_P,P6013,UC,1,3,StratifiedGroupKFold
1,PSM6XBSI,P6010,CD,1,3,StratifiedGroupKFold
1,PSM6XBSK,P6010,CD,1,3,StratifiedGroupKFold
1,PSM6XBSM,P6010,CD,1,3,StratifiedGroupKFold
1,PSM6XBSO,P6010,CD,1,3,StratifiedGroupKFold
1,PSM6XBSS,P6005,CD,1,1,StratifiedGroupKFold
1,PSM6XBSU,P6005,CD,1,1,StratifiedGroupKFold
1,PSM6XBSU_TR,P6005,CD,1,1,StratifiedGroupKFold
1,PSM6XBT1,P6005,CD,1,1,StratifiedGroupKFold
1,PSM6XBT3,P6013,UC,1,3,StratifiedGroupKFold
1,PSM6XBT5,P6013,UC,1,3,StratifiedGroupKFold
1,PSM6XBT7,P6013,UC,1,3,StratifiedGroupKFold
1,PSM6XBT9,P6013,UC,1,3,StratifiedGroupKFold
1,PSM6XBTB,P6013,UC,1,3,StratifiedGroupKFold
1,PSM6XBTD,P6013,UC,1,3,StratifiedGroupKFold
1,PSM6XBUG,P6010,CD,1,3,StratifiedGroupKFold
1,PSM6XBUI,P6010,CD,1,3,StratifiedGroupKFold
1,PSM6XBUK,P6010,CD,1,3,StratifiedGroupKFold
1,PSM6XBUM,P6010,CD,1,3,StratifiedGroupKFold
1,PSM6XBUO,P6010,CD,1,3,StratifiedGroupKFold
1,PSM6XBUQ,P6010,CD,1,3,StratifiedGroupKFold
1,PSM6XBV2,P6010,CD,1,3,StratifiedGroupKFold
1,PSM6XBV4,P6010,CD,1,3,StratifiedGroupKFold
1,PSM6XBVI,P6012,UC,1,3,StratifiedGroupKFold
1,PSM6XBVK,P6012,UC,1,3,StratifiedGroupKFold
1,PSM6XBVM,P6012,UC,1,3,StratifiedGroupKFold
1,PSM6XBVO,P6012,UC,1,3,StratifiedGroupKFold
1,PSM6XBVQ,P6012,UC,1,3,StratifiedGroupKFold
1,PSM6XBVS,P6012,UC,1,3,StratifiedGroupKFold
1,PSM6XBVY,P6016,CD,1,0,StratifiedGroupKFold
1,PSM6XBVY_P,P6016,CD,1,0,StratifiedGroupKFold
1,PSM6XBW1_P,P6017,nonIBD,0,3,StratifiedGroupKFold
1,PSM6XBZC,P6005,CD,1,1,StratifiedGroupKFold
1,PSM6XBZD,P6005,CD,1,1,StratifiedGroupKFold
1,PSM6XBZO,P6012,UC,1,3,StratifiedGroupKFold
1,PSM6XBZP,P6012,UC,1,3,StratifiedGroupKFold
1,PSM6XBZQ,P6013,UC,1,3,StratifiedGroupKFold
1,PSM6XBZR,P6013,UC,1,3,StratifiedGroupKFold
1,PSM6XBZY,P6016,CD,1,0,StratifiedGroupKFold
1,PSM6XBZZ,P6016,CD,1,0,StratifiedGroupKFold
1,PSM6XC12,P6017,nonIBD,0,3,StratifiedGroupKFold
1,PSM6XC15,P6016,CD,1,0,StratifiedGroupKFold
1,PSM7J127,P6013,UC,1,3,StratifiedGroupKFold
1,PSM7J129,P6013,UC,1,3,StratifiedGroupKFold
1,PSM7J12B,P6013,UC,1,3,StratifiedGroupKFold
1,PSM7J12D,P6013,UC,1,3,StratifiedGroupKFold
1,PSM7J12F,P6013,UC,1,3,StratifiedGroupKFold
1,PSM7J136,P6005,CD,1,1,StratifiedGroupKFold
1,PSM7J13A,P6005,CD,1,1,StratifiedGroupKFold
1,PSM7J13E,P6005,CD,1,1,StratifiedGroupKFold
1,PSM7J13I,P6033,CD,1,1,StratifiedGroupKFold
1,PSM7J13K,P6033,CD,1,1,StratifiedGroupKFold
1,PSM7J13M,P6033,CD,1,1,StratifiedGroupKFold
1,PSM7J13Q,P6033,CD,1,1,StratifiedGroupKFold
1,PSM7J14L,P6010,CD,1,3,StratifiedGroupKFold
1,PSM7J14N,P6010,CD,1,3,StratifiedGroupKFold
1,PSM7J14P,P6010,CD,1,3,StratifiedGroupKFold
1,PSM7J14R,P6010,CD,1,3,StratifiedGroupKFold
1,PSM7J14T,P6010,CD,1,3,StratifiedGroupKFold
1,PSM7J158,P6016,CD,1,0,StratifiedGroupKFold
1,PSM7J15A,P6016,CD,1,0,StratifiedGroupKFold
1,PSM7J15G,P6016,CD,1,0,StratifiedGroupKFold
1,PSM7J15I,P6016,CD,1,0,StratifiedGroupKFold
1,PSM7J15W,P6028,CD,1,2,StratifiedGroupKFold
1,PSM7J161,P6028,CD,1,2,StratifiedGroupKFold
1,PSM7J163,P6028,CD,1,2,StratifiedGroupKFold
1,PSM7J167,P6028,CD,1,2,StratifiedGroupKFold
1,PSM7J169,P6013,UC,1,3,StratifiedGroupKFold
1,PSM7J16B,P6013,UC,1,3,StratifiedGroupKFold
1,PSM7J16F,P6013,UC,1,3,StratifiedGroupKFold
1,PSM7J16H,P6013,UC,1,3,StratifiedGroupKFold
1,PSM7J16U,P6017,nonIBD,0,3,StratifiedGroupKFold
1,PSM7J16W,P6017,nonIBD,0,3,StratifiedGroupKFold
1,PSM7J16Y,P6017,nonIBD,0,3,StratifiedGroupKFold
1,PSM7J171,P6017,nonIBD,0,3,StratifiedGroupKFold
1,PSM7J173,P6017,nonIBD,0,3,StratifiedGroupKFold
1,PSM7J177,P6028,CD,1,2,StratifiedGroupKFold
1,PSM7J179,P6028,CD,1,2,StratifiedGroupKFold
1,PSM7J17B,P6028,CD,1,2,StratifiedGroupKFold
1,PSM7J17D,P6028,CD,1,2,StratifiedGroupKFold
1,PSM7J17F,P6028,CD,1,2,StratifiedGroupKFold
1,PSM7J17L,P6016,CD,1,0,StratifiedGroupKFold
1,PSM7J17T,P6016,CD,1,0,StratifiedGroupKFold
1,PSM7J188,P6033,CD,1,1,StratifiedGroupKFold
1,PSM7J18E,P6010,CD,1,3,StratifiedGroupKFold
1,PSM7J18G,P6010,CD,1,3,StratifiedGroupKFold
1,PSM7J18I,P6010,CD,1,3,StratifiedGroupKFold
1,PSM7J18K,P6010,CD,1,3,StratifiedGroupKFold
1,PSM7J18M,P6010,CD,1,3,StratifiedGroupKFold
1,PSM7J18Q,P6012,UC,1,3,StratifiedGroupKFold
1,PSM7J193,P6013,UC,1,3,StratifiedGroupKFold
1,PSM7J199,P6016,CD,1,0,StratifiedGroupKFold
1,PSM7J19B,P6016,CD,1,0,StratifiedGroupKFold
1,PSM7J19F,P6016,CD,1,0,StratifiedGroupKFold
1,PSM7J19H,P6016,CD,1,0,StratifiedGroupKFold
1,PSM7J19J,P6016,CD,1,0,StratifiedGroupKFold
1,PSM7J19N,P6017,nonIBD,0,3,StratifiedGroupKFold
1,PSM7J19P,P6017,nonIBD,0,3,StratifiedGroupKFold
1,PSM7J19R,P6017,nonIBD,0,3,StratifiedGroupKFold
1,PSM7J19T,P6017,nonIBD,0,3,StratifiedGroupKFold
1,PSM7J19V,P6017,nonIBD,0,3,StratifiedGroupKFold
1,PSM7J1AM,P6013,UC,1,3,StratifiedGroupKFold
1,PSM7J1AO,P6013,UC,1,3,StratifiedGroupKFold
1,PSM7J1AQ,P6013,UC,1,3,StratifiedGroupKFold
1,PSM7J1AS,P6013,UC,1,3,StratifiedGroupKFold
1,PSM7J1AU,P6013,UC,1,3,StratifiedGroupKFold
1,PSM7J1AW,P6013,UC,1,3,StratifiedGroupKFold
1,PSM7J1B3_P,P6028,CD,1,2,StratifiedGroupKFold
1,PSM7J1B7,P6012,UC,1,3,StratifiedGroupKFold
1,PSM7J1B9,P6012,UC,1,3,StratifiedGroupKFold
1,PSM7J1BB,P6012,UC,1,3,StratifiedGroupKFold
1,PSM7J1BD,P6012,UC,1,3,StratifiedGroupKFold
1,PSM7J1BF,P6012,UC,1,3,StratifiedGroupKFold
1,PSM7J1BH,P6012,UC,1,3,StratifiedGroupKFold
1,PSM7J1C8,P6005,CD,1,1,StratifiedGroupKFold
1,PSM7J1CC,P6005,CD,1,1,StratifiedGroupKFold
1,PSM7J1CG,P6005,CD,1,1,StratifiedGroupKFold
1,PSM7J1CI,P6005,CD,1,1,StratifiedGroupKFold
1,PSM7J4EF,P6037,CD,1,2,StratifiedGroupKFold
1,PSM7J4F3,P6028,CD,1,2,StratifiedGroupKFold
1,PSM7J4F4,P6028,CD,1,2,StratifiedGroupKFold
1,PSM7J4FL,P6016,CD,1,0,StratifiedGroupKFold
1,PSMA2644,P6017,nonIBD,0,3,StratifiedGroupKFold
1,PSMA2646,P6017,nonIBD,0,3,StratifiedGroupKFold
1,PSMA264O,P6035,UC,1,2,StratifiedGroupKFold
1,PSMA264Q,P6035,UC,1,2,StratifiedGroupKFold
1,PSMA264S,P6035,UC,1,2,StratifiedGroupKFold
1,PSMA264U,P6035,UC,1,2,StratifiedGroupKFold
1,PSMA264W,P6035,UC,1,2,StratifiedGroupKFold
1,PSMA2651,P6033,CD,1,1,StratifiedGroupKFold
1,PSMA2651_P,P6033,CD,1,1,StratifiedGroupKFold
1,PSMA2653,P6033,CD,1,1,StratifiedGroupKFold
1,PSMA2659,P6033,CD,1,1,StratifiedGroupKFold
1,PSMA265B,P6033,CD,1,1,StratifiedGroupKFold
1,PSMA265N,P6016,CD,1,0,StratifiedGroupKFold
1,PSMA265T,P6016,CD,1,0,StratifiedGroupKFold
1,PSMA265V,P6016,CD,1,0,StratifiedGroupKFold
1,PSMA2668,P6028,CD,1,2,StratifiedGroupKFold
1,PSMA266C,P6028,CD,1,2,StratifiedGroupKFold
1,PSMA266I,P6037,CD,1,2,StratifiedGroupKFold
1,PSMA266M,P6037,CD,1,2,StratifiedGroupKFold
1,PSMA266O,P6037,CD,1,2,StratifiedGroupKFold
1,PSMA266Q,P6037,CD,1,2,StratifiedGroupKFold
1,PSMA267B,P6033,CD,1,1,StratifiedGroupKFold
1,PSMA267D,P6033,CD,1,1,StratifiedGroupKFold
1,PSMA267F,P6033,CD,1,1,StratifiedGroupKFold
1,PSMA267H,P6033,CD,1,1,StratifiedGroupKFold
1,PSMA267J,P6035,UC,1,2,StratifiedGroupKFold
1,PSMA267P,P6035,UC,1,2,StratifiedGroupKFold
1,PSMA267R,P6035,UC,1,2,StratifiedGroupKFold
1,PSMA269E,P6028,CD,1,2,StratifiedGroupKFold
1,PSMA269G,P6037,CD,1,2,StratifiedGroupKFold
1,PSMA269I,P6037,CD,1,2,StratifiedGroupKFold
1,PSMA269O,P6037,CD,1,2,StratifiedGroupKFold
1,PSMA26AJ,P6033,CD,1,1,StratifiedGroupKFold
1,PSMB4MBI,P6035,UC,1,2,StratifiedGroupKFold
1,PSMB4MBK,P6035,UC,1,2,StratifiedGroupKFold
1,PSMB4MBQ,P6037,CD,1,2,StratifiedGroupKFold
1,PSMB4MBS,P6037,CD,1,2,StratifiedGroupKFold
1,PSMB4MC7,P6035,UC,1,2,StratifiedGroupKFold
2,206454,M2008,CD,1,0,StratifiedGroupKFold
2,206458,M2021,CD,1,0,StratifiedGroupKFold
2,206459,M2008,CD,1,0,StratifiedGroupKFold
2,206461,M2025,CD,1,3,StratifiedGroupKFold
2,206462,M2026,UC,1,1,StratifiedGroupKFold
2,206463,M2028,CD,1,1,StratifiedGroupKFold
2,206465,M2027,CD,1,1,StratifiedGroupKFold
2,206467,M2008,CD,1,0,StratifiedGroupKFold
2,206468,M2021,CD,1,0,StratifiedGroupKFold
2,206469,M2034,CD,1,0,StratifiedGroupKFold
2,206471,M2039,nonIBD,0,0,StratifiedGroupKFold
2,206472,M2026,UC,1,1,StratifiedGroupKFold
2,206473,M2028,CD,1,1,StratifiedGroupKFold
2,206494,H4001,CD,1,0,StratifiedGroupKFold
2,206497,H4004,CD,1,1,StratifiedGroupKFold
2,206498,H4006,CD,1,0,StratifiedGroupKFold
2,206499,H4008,nonIBD,0,1,StratifiedGroupKFold
2,206501,H4007,CD,1,2,StratifiedGroupKFold
2,206502,H4001,CD,1,0,StratifiedGroupKFold
2,206503,H4009,nonIBD,0,1,StratifiedGroupKFold
2,206504,H4010,UC,1,3,StratifiedGroupKFold
2,206507,H4013,nonIBD,0,0,StratifiedGroupKFold
2,206508,H4014,CD,1,3,StratifiedGroupKFold
2,206509,H4007,CD,1,2,StratifiedGroupKFold
2,206510,H4001,CD,1,0,StratifiedGroupKFold
2,206511,H4004,CD,1,1,StratifiedGroupKFold
2,206512,H4016,nonIBD,0,0,StratifiedGroupKFold
2,206513,H4015,CD,1,3,StratifiedGroupKFold
2,206516,E5004,UC,1,1,StratifiedGroupKFold
2,206527,E5004,UC,1,1,StratifiedGroupKFold
2,206529,E5009,CD,1,1,StratifiedGroupKFold
2,206534,M2008,CD,1,0,StratifiedGroupKFold
2,206536,M2008,CD,1,0,StratifiedGroupKFold
2,206538,M2008,CD,1,0,StratifiedGroupKFold
2,206561,M2021,CD,1,0,StratifiedGroupKFold
2,206562,M2021,CD,1,0,StratifiedGroupKFold
2,206563,M2021,CD,1,0,StratifiedGroupKFold
2,206564,M2021,CD,1,0,StratifiedGroupKFold
2,206569,M2025,CD,1,3,StratifiedGroupKFold
2,206570,M2025,CD,1,3,StratifiedGroupKFold
2,206571,M2026,UC,1,1,StratifiedGroupKFold
2,206572,M2026,UC,1,1,StratifiedGroupKFold
2,206603,M2026,UC,1,1,StratifiedGroupKFold
2,206604,M2027,CD,1,1,StratifiedGroupKFold
2,206605,M2027,CD,1,1,StratifiedGroupKFold
2,206608,M2028,CD,1,1,StratifiedGroupKFold
2,206609,M2028,CD,1,1,StratifiedGroupKFold
2,206614,C3001,CD,1,2,StratifiedGroupKFold
2,206615,C3001,CD,1,2,StratifiedGroupKFold
2,206616,C3002,CD,1,2,StratifiedGroupKFold
2,206617,C3002,CD,1,2,StratifiedGroupKFold
2,206618,C3002,CD,1,2,StratifiedGroupKFold
2,206619,C3002,CD,1,2,StratifiedGroupKFold
2,206620,C3003,UC,1,1,StratifiedGroupKFold
2,206621,C3003,UC,1,1,StratifiedGroupKFold
2,206622,C3003,UC,1,1,StratifiedGroupKFold
2,206623,C3004,UC,1,2,StratifiedGroupKFold
2,206624,C3004,UC,1,2,StratifiedGroupKFold
2,206625,C3004,UC,1,2,StratifiedGroupKFold
2,206626,C3004,UC,1,2,StratifiedGroupKFold
2,206627,C3005,UC,1,3,StratifiedGroupKFold
2,206628,C3005,UC,1,3,StratifiedGroupKFold
2,206629,C3006,UC,1,1,StratifiedGroupKFold
2,206630,C3006,UC,1,1,StratifiedGroupKFold
2,206635,C3011,UC,1,2,StratifiedGroupKFold
2,206636,C3011,UC,1,2,StratifiedGroupKFold
2,206643,C3015,UC,1,3,StratifiedGroupKFold
2,206644,C3015,UC,1,3,StratifiedGroupKFold
2,206657,C3022,nonIBD,0,2,StratifiedGroupKFold
2,206658,C3022,nonIBD,0,2,StratifiedGroupKFold
2,206659,C3023,CD,1,2,StratifiedGroupKFold
2,206660,C3023,CD,1,2,StratifiedGroupKFold
2,206667,C3027,CD,1,3,StratifiedGroupKFold
2,206668,C3027,CD,1,3,StratifiedGroupKFold
2,206669,C3029,UC,1,0,StratifiedGroupKFold
2,206670,C3029,UC,1,0,StratifiedGroupKFold
2,206671,C3030,CD,1,2,StratifiedGroupKFold
2,206672,C3030,CD,1,2,StratifiedGroupKFold
2,206673,C3031,CD,1,3,StratifiedGroupKFold
2,206675,C3032,UC,1,2,StratifiedGroupKFold
2,206676,C3032,UC,1,2,StratifiedGroupKFold
2,206681,C3035,CD,1,3,StratifiedGroupKFold
2,206682,C3035,CD,1,3,StratifiedGroupKFold
2,206683,C3037,UC,1,1,StratifiedGroupKFold
2,206684,C3037,UC,1,1,StratifiedGroupKFold
2,206695,H4001,CD,1,0,StratifiedGroupKFold
2,206700,H4004,CD,1,1,StratifiedGroupKFold
2,206701,H4006,CD,1,0,StratifiedGroupKFold
2,206702,H4006,CD,1,0,StratifiedGroupKFold
2,206703,H4008,nonIBD,0,1,StratifiedGroupKFold
2,206704,H4008,nonIBD,0,1,StratifiedGroupKFold
2,206708,H4007,CD,1,2,StratifiedGroupKFold
2,206709,H4007,CD,1,2,StratifiedGroupKFold
2,206710,H4009,nonIBD,0,1,StratifiedGroupKFold
2,206711,H4009,nonIBD,0,1,StratifiedGroupKFold
2,206712,H4010,UC,1,3,StratifiedGroupKFold
2,206713,H4010,UC,1,3,StratifiedGroupKFold
2,206718,H4013,nonIBD,0,0,StratifiedGroupKFold
2,206719,H4013,nonIBD,0,0,StratifiedGroupKFold
2,206720,H4014,CD,1,3,StratifiedGroupKFold
2,206721,H4014,CD,1,3,StratifiedGroupKFold
2,206723,H4015,CD,1,3,StratifiedGroupKFold
2,206724,H4015,CD,1,3,StratifiedGroupKFold
2,206725,H4016,nonIBD,0,0,StratifiedGroupKFold
2,206726,H4016,nonIBD,0,0,StratifiedGroupKFold
2,206733,H4020,CD,1,3,StratifiedGroupKFold
2,206734,H4020,CD,1,3,StratifiedGroupKFold
2,206738,H4022,nonIBD,0,0,StratifiedGroupKFold
2,206739,H4022,nonIBD,0,0,StratifiedGroupKFold
2,206740,H4023,nonIBD,0,3,StratifiedGroupKFold
2,206741,H4023,nonIBD,0,3,StratifiedGroupKFold
2,206742,H4024,nonIBD,0,3,StratifiedGroupKFold
2,206743,H4024,nonIBD,0,3,StratifiedGroupKFold
2,206746,H4007,CD,1,2,StratifiedGroupKFold
2,206747,H4007,CD,1,2,StratifiedGroupKFold
2,206750,H4028,CD,1,3,StratifiedGroupKFold
2,206751,H4028,CD,1,3,StratifiedGroupKFold
2,206752,H4008,nonIBD,0,1,StratifiedGroupKFold
2,206753,H4008,nonIBD,0,1,StratifiedGroupKFold
2,206755,H4031,CD,1,3,StratifiedGroupKFold
2,206756,H4031,CD,1,3,StratifiedGroupKFold
2,206757,H4004,CD,1,1,StratifiedGroupKFold
2,206758,H4004,CD,1,1,StratifiedGroupKFold
2,206761,H4035,UC,1,0,StratifiedGroupKFold
2,206762,H4035,UC,1,0,StratifiedGroupKFold
2,206766,H4038,CD,1,2,StratifiedGroupKFold
2,206767,H4038,CD,1,2,StratifiedGroupKFold
2,206768,H4039,CD,1,1,StratifiedGroupKFold
2,206769,H4039,CD,1,1,StratifiedGroupKFold
2,206770,H4040,UC,1,0,StratifiedGroupKFold
2,214994,M2034,CD,1,0,StratifiedGroupKFold
2,214995,M2034,CD,1,0,StratifiedGroupKFold
2,215003,M2039,nonIBD,0,0,StratifiedGroupKFold
2,215004,M2039,nonIBD,0,0,StratifiedGroupKFold
2,215007,M2041,nonIBD,0,1,StratifiedGroupKFold
2,215008,M2041,nonIBD,0,1,StratifiedGroupKFold
2,215009,M2042,nonIBD,0,1,StratifiedGroupKFold
2,215010,M2042,nonIBD,0,1,StratifiedGroupKFold
2,215023,M2008,CD,1,0,StratifiedGroupKFold
2,215048,M2047,nonIBD,0,1,StratifiedGroupKFold
2,215049,M2047,nonIBD,0,1,StratifiedGroupKFold
2,215050,M2008,CD,1,0,StratifiedGroupKFold
2,215055,M2060,nonIBD,0,2,StratifiedGroupKFold
2,215056,M2060,nonIBD,0,2,StratifiedGroupKFold
2,215057,M2061,nonIBD,0,0,StratifiedGroupKFold
2,215058,M2061,nonIBD,0,0,StratifiedGroupKFold
2,215061,M2064,UC,1,2,StratifiedGroupKFold
2,215062,M2064,UC,1,2,StratifiedGroupKFold
2,215067,M2025,CD,1,3,StratifiedGroupKFold
2,215074,M2072,nonIBD,0,1,StratifiedGroupKFold
2,215075,M2068,CD,1,0,StratifiedGroupKFold
2,215076,M2068,CD,1,0,StratifiedGroupKFold
2,215077,M2072,nonIBD,0,1,StratifiedGroupKFold
2,215080,M2069,UC,1,1,StratifiedGroupKFold
2,215084,M2028,CD,1,1,StratifiedGroupKFold
2,215085,M2028,CD,1,1,StratifiedGroupKFold
2,219183,M2025,CD,1,3,StratifiedGroupKFold
2,219184,M2042,nonIBD,0,1,StratifiedGroupKFold
2,219188,M2008,CD,1,0,StratifiedGroupKFold
2,219189,M2027,CD,1,1,StratifiedGroupKFold
2,219190,M2034,CD,1,0,StratifiedGroupKFold
2,219192,M2026,UC,1,1,StratifiedGroupKFold
2,219194,M2025,CD,1,3,StratifiedGroupKFold
2,219195,M2028,CD,1,1,StratifiedGroupKFold
2,219197,M2027,CD,1,1,StratifiedGroupKFold
2,219198,M2034,CD,1,0,StratifiedGroupKFold
2,219199,M2008,CD,1,0,StratifiedGroupKFold
2,219202,M2047,nonIBD,0,1,StratifiedGroupKFold
2,219203,H4024,nonIBD,0,3,StratifiedGroupKFold
2,219205,H4007,CD,1,2,StratifiedGroupKFold
2,219206,H4001,CD,1,0,StratifiedGroupKFold
2,219207,H4008,nonIBD,0,1,StratifiedGroupKFold
2,219208,H4020,CD,1,3,StratifiedGroupKFold
2,219209,H4023,nonIBD,0,3,StratifiedGroupKFold
2,219210,H4006,CD,1,0,StratifiedGroupKFold
2,219211,H4004,CD,1,1,StratifiedGroupKFold
2,219212,H4022,nonIBD,0,0,StratifiedGroupKFold
2,219214,H4010,UC,1,3,StratifiedGroupKFold
2,219215,H4015,CD,1,3,StratifiedGroupKFold
2,219217,H4020,CD,1,3,StratifiedGroupKFold
2,219219,H4014,CD,1,3,StratifiedGroupKFold
2,219221,H4006,CD,1,0,StratifiedGroupKFold
2,219633,P6005,CD,1,0,StratifiedGroupKFold
2,219634,P6005,CD,1,0,StratifiedGroupKFold
2,219637,P6009,CD,1,3,StratifiedGroupKFold
2,219638,P6009,CD,1,3,StratifiedGroupKFold
2,219643,P6012,UC,1,0,StratifiedGroupKFold
2,219644,P6012,UC,1,0,StratifiedGroupKFold
2,219645,P6013,UC,1,3,StratifiedGroupKFold
2,219646,P6013,UC,1,3,StratifiedGroupKFold
2,219651,P6014,nonIBD,0,3,StratifiedGroupKFold
2,219652,P6014,nonIBD,0,3,StratifiedGroupKFold
2,219653,P6016,CD,1,2,StratifiedGroupKFold
2,219654,P6016,CD,1,2,StratifiedGroupKFold
2,219655,P6017,nonIBD,0,2,StratifiedGroupKFold
2,219656,P6017,nonIBD,0,2,StratifiedGroupKFold
2,219657,P6018,nonIBD,0,0,StratifiedGroupKFold
2,219658,P6018,nonIBD,0,0,StratifiedGroupKFold
2,219659,P6016,CD,1,2,StratifiedGroupKFold
2,219668,P6024,CD,1,1,StratifiedGroupKFold
2,219669,P6025,UC,1,2,StratifiedGroupKFold
2,219670,P6025,UC,1,2,StratifiedGroupKFold
2,219693,P6016,CD,1,2,StratifiedGroupKFold
2,219708,P6005,CD,1,0,StratifiedGroupKFold
2,219710,P6009,CD,1,3,StratifiedGroupKFold
2,219711,P6010,CD,1,2,StratifiedGroupKFold
2,219712,P6013,UC,1,3,StratifiedGroupKFold
2,219714,P6012,UC,1,0,StratifiedGroupKFold
2,219716,P6005,CD,1,0,StratifiedGroupKFold
2,219718,P6014,nonIBD,0,3,StratifiedGroupKFold
2,219719,P6016,CD,1,2,StratifiedGroupKFold
2,219720,P6017,nonIBD,0,2,StratifiedGroupKFold
2,219721,P6018,nonIBD,0,0,StratifiedGroupKFold
2,219972,E5004,UC,1,1,StratifiedGroupKFold
2,220201,M2061,nonIBD,0,0,StratifiedGroupKFold
2,220203,M2025,CD,1,3,StratifiedGroupKFold
2,220205,M2039,nonIBD,0,0,StratifiedGroupKFold
2,220206,M2028,CD,1,1,StratifiedGroupKFold
2,220207,M2026,UC,1,1,StratifiedGroupKFold
2,220208,M2064,UC,1,2,StratifiedGroupKFold
2,220212,M2042,nonIBD,0,1,StratifiedGroupKFold
2,220214,M2068,CD,1,0,StratifiedGroupKFold
2,220215,M2027,CD,1,1,StratifiedGroupKFold
2,220216,M2072,nonIBD,0,1,StratifiedGroupKFold
2,220217,M2069,UC,1,1,StratifiedGroupKFold
2,220218,M2028,CD,1,1,StratifiedGroupKFold
2,220931,H4009,nonIBD,0,1,StratifiedGroupKFold
2,220933,H4014,CD,1,3,StratifiedGroupKFold
2,220935,H4015,CD,1,3,StratifiedGroupKFold
2,220936,H4027,UC,1,0,StratifiedGroupKFold
2,220937,H4028,CD,1,3,StratifiedGroupKFold
2,220938,H4001,CD,1,0,StratifiedGroupKFold
2,220940,H4004,CD,1,1,StratifiedGroupKFold
2,220941,H4010,UC,1,3,StratifiedGroupKFold
2,220942,H4016,nonIBD,0,0,StratifiedGroupKFold
2,220943,H4006,CD,1,0,StratifiedGroupKFold
2,220946,H4030,CD,1,2,StratifiedGroupKFold
2,220947,H4032,CD,1,2,StratifiedGroupKFold
2,222170,M2075,nonIBD,0,2,StratifiedGroupKFold
2,222171,M2075,nonIBD,0,2,StratifiedGroupKFold
2,222206,P6010,CD,1,2,StratifiedGroupKFold
2,222210,P6024,CD,1,1,StratifiedGroupKFold
2,222211,P6025,UC,1,2,StratifiedGroupKFold
2,222223,P6025,UC,1,2,StratifiedGroupKFold
2,222224,P6016,CD,1,2,StratifiedGroupKFold
2,222376,H4014,CD,1,3,StratifiedGroupKFold
2,222377,H4020,CD,1,3,StratifiedGroupKFold
2,222379,H4013,nonIBD,0,0,StratifiedGroupKFold
2,222380,H4014,CD,1,3,StratifiedGroupKFold
2,222381,H4022,nonIBD,0,0,StratifiedGroupKFold
2,222384,H4028,CD,1,3,StratifiedGroupKFold
2,222385,H4031,CD,1,3,StratifiedGroupKFold
2,222386,H4010,UC,1,3,StratifiedGroupKFold
2,222388,H4030,CD,1,2,StratifiedGroupKFold
2,222389,H4039,CD,1,1,StratifiedGroupKFold
2,222390,H4038,CD,1,2,StratifiedGroupKFold
2,222393,H4035,UC,1,0,StratifiedGroupKFold
2,222395,H4020,CD,1,3,StratifiedGroupKFold
2,222396,H4009,nonIBD,0,1,StratifiedGroupKFold
2,222397,H4027,UC,1,0,StratifiedGroupKFold
2,222398,H4008,nonIBD,0,1,StratifiedGroupKFold
2,222399,H4023,nonIBD,0,3,StratifiedGroupKFold
2,222402,H4007,CD,1,2,StratifiedGroupKFold
2,222403,H4006,CD,1,0,StratifiedGroupKFold
2,222404,H4035,UC,1,0,StratifiedGroupKFold
2,222406,H4004,CD,1,1,StratifiedGroupKFold
2,222408,H4015,CD,1,3,StratifiedGroupKFold
2,223287,M2026,UC,1,1,StratifiedGroupKFold
2,223288,M2034,CD,1,0,StratifiedGroupKFold
2,223289,M2025,CD,1,3,StratifiedGroupKFold
2,223290,M2064,UC,1,2,StratifiedGroupKFold
2,223292,M2034,CD,1,0,StratifiedGroupKFold
2,223293,M2039,nonIBD,0,0,StratifiedGroupKFold
2,223294,M2075,nonIBD,0,2,StratifiedGroupKFold
2,223296,M2042,nonIBD,0,1,StratifiedGroupKFold
2,223298,M2064,UC,1,2,StratifiedGroupKFold
2,223305,M2041,nonIBD,0,1,StratifiedGroupKFold
2,223309,M2072,nonIBD,0,1,StratifiedGroupKFold
2,224255,H4035,UC,1,0,StratifiedGroupKFold
2,224258,H4038,CD,1,2,StratifiedGroupKFold
2,224259,H4039,CD,1,1,StratifiedGroupKFold
2,224260,H4044,UC,1,3,StratifiedGroupKFold
2,224262,H4032,CD,1,2,StratifiedGroupKFold
2,224264,H4040,UC,1,0,StratifiedGroupKFold
2,224265,H4030,CD,1,2,StratifiedGroupKFold
2,224266,H4031,CD,1,3,StratifiedGroupKFold
2,224268,H4042,UC,1,1,StratifiedGroupKFold
2,224270,H4027,UC,1,0,StratifiedGroupKFold
2,224274,H4023,nonIBD,0,3,StratifiedGroupKFold
2,224275,H4039,CD,1,1,StratifiedGroupKFold
2,224276,H4024,nonIBD,0,3,StratifiedGroupKFold
2,224277,H4035,UC,1,0,StratifiedGroupKFold
2,224278,H4020,CD,1,3,StratifiedGroupKFold
2,224279,H4044,UC,1,3,StratifiedGroupKFold
2,224280,H4022,nonIBD,0,0,StratifiedGroupKFold
2,224281,H4038,CD,1,2,StratifiedGroupKFold
2,224284,H4032,CD,1,2,StratifiedGroupKFold
2,224285,H4016,nonIBD,0,0,StratifiedGroupKFold
2,224287,H4042,UC,1,1,StratifiedGroupKFold
2,224288,H4031,CD,1,3,StratifiedGroupKFold
2,224291,H4027,UC,1,0,StratifiedGroupKFold
2,224292,H4013,nonIBD,0,0,StratifiedGroupKFold
2,224293,H4032,CD,1,2,StratifiedGroupKFold
2,224294,H4040,UC,1,0,StratifiedGroupKFold
2,224325,H4044,UC,1,3,StratifiedGroupKFold
2,224326,H4044,UC,1,3,StratifiedGroupKFold
2,224330,H4042,UC,1,1,StratifiedGroupKFold
2,224639,P6005,CD,1,0,StratifiedGroupKFold
2,224642,P6009,CD,1,3,StratifiedGroupKFold
2,224643,P6010,CD,1,2,StratifiedGroupKFold
2,224644,P6013,UC,1,3,StratifiedGroupKFold
2,224648,P6025,UC,1,2,StratifiedGroupKFold
2,224651,P6018,nonIBD,0,0,StratifiedGroupKFold
2,225340,H4040,UC,1,0,StratifiedGroupKFold
2,225341,H4042,UC,1,1,StratifiedGroupKFold
2,225343,H4039,CD,1,1,StratifiedGroupKFold
2,225344,H4038,CD,1,2,StratifiedGroupKFold
2,225345,H4042,UC,1,1,StratifiedGroupKFold
2,226382,M2064,UC,1,2,StratifiedGroupKFold
2,226385,M2060,nonIBD,0,2,StratifiedGroupKFold
2,226386,M2075,nonIBD,0,2,StratifiedGroupKFold
2,226388,M2047,nonIBD,0,1,StratifiedGroupKFold
2,226395,M2069,UC,1,1,StratifiedGroupKFold
2,226396,M2061,nonIBD,0,0,StratifiedGroupKFold
2,226397,M2072,nonIBD,0,1,StratifiedGroupKFold
2,226398,M2064,UC,1,2,StratifiedGroupKFold
2,226400,M2068,CD,1,0,StratifiedGroupKFold
2,226409,M2075,nonIBD,0,2,StratifiedGroupKFold
2,CSM5FZ1F,C3002,CD,1,2,StratifiedGroupKFold
2,CSM5FZ1G,C3002,CD,1,2,StratifiedGroupKFold
2,CSM5FZ1H,C3002,CD,1,2,StratifiedGroupKFold
2,CSM5FZ1I,C3002,CD,1,2,StratifiedGroupKFold
2,CSM5FZ1J,C3003,UC,1,1,StratifiedGroupKFold
2,CSM5FZ1K,C3003,UC,1,1,StratifiedGroupKFold
2,CSM5FZ1L,C3003,UC,1,1,StratifiedGroupKFold
2,CSM5FZ1M,C3004,UC,1,2,StratifiedGroupKFold
2,CSM5FZ1N,C3004,UC,1,2,StratifiedGroupKFold
2,CSM5FZ1O,C3004,UC,1,2,StratifiedGroupKFold
2,CSM5FZ1Q,C3005,UC,1,3,StratifiedGroupKFold
2,CSM5FZ1R,C3005,UC,1,3,StratifiedGroupKFold
2,CSM5FZ1S,C3005,UC,1,3,StratifiedGroupKFold
2,CSM5FZ1T,C3006,UC,1,1,StratifiedGroupKFold
2,CSM5FZ1U,C3006,UC,1,1,StratifiedGroupKFold
2,CSM5FZ1V,C3006,UC,1,1,StratifiedGroupKFold
2,CSM5FZ1W,C3006,UC,1,1,StratifiedGroupKFold
2,CSM5FZ22,C3008,CD,1,3,StratifiedGroupKFold
2,CSM5FZ23,C3008,CD,1,3,StratifiedGroupKFold
2,CSM5FZ24,C3008,CD,1,3,StratifiedGroupKFold
2,CSM5FZ27,C3010,CD,1,3,StratifiedGroupKFold
2,CSM5FZ28,C3010,CD,1,3,StratifiedGroupKFold
2,CSM5FZ29,C3010,CD,1,3,StratifiedGroupKFold
2,CSM5FZ2A,C3011,UC,1,2,StratifiedGroupKFold
2,CSM5FZ2B,C3011,UC,1,2,StratifiedGroupKFold
2,CSM5FZ2C,C3011,UC,1,2,StratifiedGroupKFold
2,CSM5FZ2D,C3012,CD,1,0,StratifiedGroupKFold
2,CSM5FZ2E,C3012,CD,1,0,StratifiedGroupKFold
2,CSM5FZ2F,C3012,CD,1,0,StratifiedGroupKFold
2,CSM5FZ2G,C3013,UC,1,3,StratifiedGroupKFold
2,CSM5FZ2H,C3013,UC,1,3,StratifiedGroupKFold
2,CSM5FZ2I,C3013,UC,1,3,StratifiedGroupKFold
2,CSM5FZ2L,C3015,UC,1,3,StratifiedGroupKFold
2,CSM5FZ2M,C3015,UC,1,3,StratifiedGroupKFold
2,CSM5FZ2N,C3015,UC,1,3,StratifiedGroupKFold
2,CSM5FZ38,C3022,nonIBD,0,2,StratifiedGroupKFold
2,CSM5FZ39,C3022,nonIBD,0,2,StratifiedGroupKFold
2,CSM5FZ3A,C3023,CD,1,2,StratifiedGroupKFold
2,CSM5FZ3B,C3023,CD,1,2,StratifiedGroupKFold
2,CSM5FZ3C,C3023,CD,1,2,StratifiedGroupKFold
2,CSM5FZ3N,C3001,CD,1,2,StratifiedGroupKFold
2,CSM5FZ3N_P,C3001,CD,1,2,StratifiedGroupKFold
2,CSM5FZ3R_P,C3001,CD,1,2,StratifiedGroupKFold
2,CSM5FZ3T,C3002,CD,1,2,StratifiedGroupKFold
2,CSM5FZ3T_P,C3002,CD,1,2,StratifiedGroupKFold
2,CSM5FZ3V_P,C3001,CD,1,2,StratifiedGroupKFold
2,CSM5FZ3X_P,C3002,CD,1,2,StratifiedGroupKFold
2,CSM5FZ3Z_P,C3002,CD,1,2,StratifiedGroupKFold
2,CSM5FZ42_P,C3002,CD,1,2,StratifiedGroupKFold
2,CSM5FZ44,C3002,CD,1,2,StratifiedGroupKFold
2,CSM5FZ44_P,C3002,CD,1,2,StratifiedGroupKFold
2,CSM5FZ46_P,C3002,CD,1,2,StratifiedGroupKFold
2,CSM5FZ48,C3003,UC,1,1,StratifiedGroupKFold
2,CSM5FZ4A,C3004,UC,1,2,StratifiedGroupKFold
2,CSM5FZ4A_P,C3004,UC,1,2,StratifiedGroupKFold
2,CSM5FZ4C,C3001,CD,1,2,StratifiedGroupKFold
2,CSM5FZ4C_P,C3001,CD,1,2,StratifiedGroupKFold
2,CSM5FZ4E_P,C3003,UC,1,1,StratifiedGroupKFold
2,CSM5FZ4G_P,C3003,UC,1,1,StratifiedGroupKFold
2,CSM5FZ4K,C3003,UC,1,1,StratifiedGroupKFold
2,CSM5FZ4K_P,C3003,UC,1,1,StratifiedGroupKFold
2,CSM5FZ4M,C3003,UC,1,1,StratifiedGroupKFold
2,CSM5FZ4O,C3005,UC,1,3,StratifiedGroupKFold
2,CSM5MCTZ,C3006,UC,1,1,StratifiedGroupKFold
2,CSM5MCTZ_P,C3006,UC,1,1,StratifiedGroupKFold
2,CSM5MCU4,C3008,CD,1,3,StratifiedGroupKFold
2,CSM5MCU4_P,C3008,CD,1,3,StratifiedGroupKFold
2,CSM5MCU8_P,C3004,UC,1,2,StratifiedGroupKFold
2,CSM5MCUA_P,C3004,UC,1,2,StratifiedGroupKFold
2,CSM5MCUC,C3004,UC,1,2,StratifiedGroupKFold
2,CSM5MCUC_P,C3004,UC,1,2,StratifiedGroupKFold
2,CSM5MCUE_P,C3004,UC,1,2,StratifiedGroupKFold
2,CSM5MCUG_P,C3006,UC,1,1,StratifiedGroupKFold
2,CSM5MCUK_P,C3006,UC,1,1,StratifiedGroupKFold
2,CSM5MCUM,C3006,UC,1,1,StratifiedGroupKFold
2,CSM5MCUO,C3006,UC,1,1,StratifiedGroupKFold
2,CSM5MCUQ_P,C3005,UC,1,3,StratifiedGroupKFold
2,CSM5MCUS_P,C3005,UC,1,3,StratifiedGroupKFold
2,CSM5MCUU,C3005,UC,1,3,StratifiedGroupKFold
2,CSM5MCUW_P,C3005,UC,1,3,StratifiedGroupKFold
2,CSM5MCUY_P,C3005,UC,1,3,StratifiedGroupKFold
2,CSM5MCV1_P,C3007,CD,1,1,StratifiedGroupKFold
2,CSM5MCV5_P,C3007,CD,1,1,StratifiedGroupKFold
2,CSM5MCVB_P,C3007,CD,1,1,StratifiedGroupKFold
2,CSM5MCVD_P,C3001,CD,1,2,StratifiedGroupKFold
2,CSM5MCVF_P,C3001,CD,1,2,StratifiedGroupKFold
2,CSM5MCVH,C3009,CD,1,0,StratifiedGroupKFold
2,CSM5MCVJ_P,C3002,CD,1,2,StratifiedGroupKFold
2,CSM5MCVL,C3002,CD,1,2,StratifiedGroupKFold
2,CSM5MCVN,C3002,CD,1,2,StratifiedGroupKFold
2,CSM5MCVV,C3001,CD,1,2,StratifiedGroupKFold
2,CSM5MCVV_P,C3001,CD,1,2,StratifiedGroupKFold
2,CSM5MCVZ_P,C3008,CD,1,3,StratifiedGroupKFold
2,CSM5MCW4,C3008,CD,1,3,StratifiedGroupKFold
2,CSM5MCW4_P,C3008,CD,1,3,StratifiedGroupKFold
2,CSM5MCW6,C3008,CD,1,3,StratifiedGroupKFold
2,CSM5MCWA_P,C3009,CD,1,0,StratifiedGroupKFold
2,CSM5MCWC,C3009,CD,1,0,StratifiedGroupKFold
2,CSM5MCWE,C3009,CD,1,0,StratifiedGroupKFold
2,CSM5MCWG,C3009,CD,1,0,StratifiedGroupKFold
2,CSM5MCWI_P,C3001,CD,1,2,StratifiedGroupKFold
2,CSM5MCWK,C3010,CD,1,3,StratifiedGroupKFold
2,CSM5MCWK_P,C3010,CD,1,3,StratifiedGroupKFold
2,CSM5MCWM_P,C3003,UC,1,1,StratifiedGroupKFold
2,CSM5MCWQ,C3003,UC,1,1,StratifiedGroupKFold
2,CSM5MCX3,C3006,UC,1,1,StratifiedGroupKFold
2,CSM5MCXB,C3011,UC,1,2,StratifiedGroupKFold
2,CSM5MCXB_P,C3011,UC,1,2,StratifiedGroupKFold
2,CSM5MCXD,C3001,CD,1,2,StratifiedGroupKFold
2,CSM5MCXF,C3012,CD,1,0,StratifiedGroupKFold
2,CSM5MCXF_P,C3012,CD,1,0,StratifiedGroupKFold
2,CSM5MCXH,C3004,UC,1,2,StratifiedGroupKFold
2,CSM5MCXJ,C3004,UC,1,2,StratifiedGroupKFold
2,CSM5MCXL,C3004,UC,1,2,StratifiedGroupKFold
2,CSM5MCXN,C3004,UC,1,2,StratifiedGroupKFold
2,CSM5MCXP,C3004,UC,1,2,StratifiedGroupKFold
2,CSM5MCXR,C3004,UC,1,2,StratifiedGroupKFold
2,CSM5MCXT,C3010,CD,1,3,StratifiedGroupKFold
2,CSM5MCXV,C3010,CD,1,3,StratifiedGroupKFold
2,CSM5MCXX_P,C3010,CD,1,3,StratifiedGroupKFold
2,CSM5MCXZ,C3010,CD,1,3,StratifiedGroupKFold
2,CSM5MCXZ_P,C3010,CD,1,3,StratifiedGroupKFold
2,CSM5MCY2,C3010,CD,1,3,StratifiedGroupKFold
2,CSM5MCY4,C3005,UC,1,3,StratifiedGroupKFold
2,CSM5MCY8,C3005,UC,1,3,StratifiedGroupKFold
2,CSM5MCYI_P,C3011,UC,1,2,StratifiedGroupKFold
2,CSM5MCYK,C3003,UC,1,1,StratifiedGroupKFold
2,CSM5MCYM_P,C3011,UC,1,2,StratifiedGroupKFold
2,CSM5MCYO,C3011,UC,1,2,StratifiedGroupKFold
2,CSM5MCYO_P,C3011,UC,1,2,StratifiedGroupKFold
2,CSM5MCYQ_P,C3011,UC,1,2,StratifiedGroupKFold
2,CSM5MCYS,C3001,CD,1,2,StratifiedGroupKFold
2,CSM5MCYU,C3013,UC,1,3,StratifiedGroupKFold
2,CSM5MCYU_P,C3013,UC,1,3,StratifiedGroupKFold
2,CSM5MCYW,C3008,CD,1,3,StratifiedGroupKFold
2,CSM5MCZ3,C3008,CD,1,3,StratifiedGroupKFold
2,CSM5MCZ5,C3008,CD,1,3,StratifiedGroupKFold
2,CSM5MCZ7,C3008,CD,1,3,StratifiedGroupKFold
2,CSM5MCZB,C3012,CD,1,0,StratifiedGroupKFold
2,CSM5MCZD,C3012,CD,1,0,StratifiedGroupKFold
2,CSM5MCZF,C3012,CD,1,0,StratifiedGroupKFold
2,CSM5YRY7_P,C3001,CD,1,2,StratifiedGroupKFold
2,CSM67U9B,C3012,CD,1,0,StratifiedGroupKFold
2,CSM67U9D,C3012,CD,1,0,StratifiedGroupKFold
2,CSM67U9H,C3013,UC,1,3,StratifiedGroupKFold
2,CSM67U9H_P,C3013,UC,1,3,StratifiedGroupKFold
2,CSM67U9J,C3001,CD,1,2,StratifiedGroupKFold
2,CSM67U9N,C3013,UC,1,3,StratifiedGroupKFold
2,CSM67U9P,C3013,UC,1,3,StratifiedGroupKFold
2,CSM67U9P_P,C3013,UC,1,3,StratifiedGroupKFold
2,CSM67U9R_P,C3013,UC,1,3,StratifiedGroupKFold
2,CSM67U9T,C3015,UC,1,3,StratifiedGroupKFold
2,CSM67U9T_P,C3015,UC,1,3,StratifiedGroupKFold
2,CSM67UA2,C3001,CD,1,2,StratifiedGroupKFold
2,CSM67UAA,C3009,CD,1,0,StratifiedGroupKFold
2,CSM67UAG,C3009,CD,1,0,StratifiedGroupKFold
2,CSM67UAK,C3015,UC,1,3,StratifiedGroupKFold
2,CSM67UAM,C3015,UC,1,3,StratifiedGroupKFold
2,CSM67UAO,C3015,UC,1,3,StratifiedGroupKFold
2,CSM67UAQ,C3015,UC,1,3,StratifiedGroupKFold
2,CSM67UAS,C3015,UC,1,3,StratifiedGroupKFold
2,CSM67UBF,C3002,CD,1,2,StratifiedGroupKFold
2,CSM67UBH,C3002,CD,1,2,StratifiedGroupKFold
2,CSM67UBN,C3002,CD,1,2,StratifiedGroupKFold
2,CSM67UBR,C3002,CD,1,2,StratifiedGroupKFold
2,CSM67UBX,C3003,UC,1,1,StratifiedGroupKFold
2,CSM67UBZ,C3003,UC,1,1,StratifiedGroupKFold
2,CSM67UC6,C3003,UC,1,1,StratifiedGroupKFold
2,CSM67UCK,C3010,CD,1,3,StratifiedGroupKFold
2,CSM67UDF,C3004,UC,1,2,StratifiedGroupKFold
2,CSM67UDJ,C3004,UC,1,2,StratifiedGroupKFold
2,CSM67UDN,C3004,UC,1,2,StratifiedGroupKFold
2,CSM67UDR,C3004,UC,1,2,StratifiedGroupKFold
2,CSM67UDR_TR,C3004,UC,1,2,StratifiedGroupKFold
2,CSM67UDY,C3004,UC,1,2,StratifiedGroupKFold
2,CSM67UE3,C3005,UC,1,3,StratifiedGroupKFold
2,CSM67UE7,C3005,UC,1,3,StratifiedGroupKFold
2,CSM67UEA,C3005,UC,1,3,StratifiedGroupKFold
2,CSM67UEI,C3005,UC,1,3,StratifiedGroupKFold
2,CSM67UEM,C3005,UC,1,3,StratifiedGroupKFold
2,CSM67UEP_P,C3011,UC,1,2,StratifiedGroupKFold
2,CSM67UET_P,C3011,UC,1,2,StratifiedGroupKFold
2,CSM67UEW,C3011,UC,1,2,StratifiedGroupKFold
2,CSM67UEW_P,C3011,UC,1,2,StratifiedGroupKFold
2,CSM67UEW_TR,C3011,UC,1,2,StratifiedGroupKFold
2,CSM67UF1,C3011,UC,1,2,StratifiedGroupKFold
2,CSM67UF1_P,C3011,UC,1,2,StratifiedGroupKFold
2,CSM67UF5,C3011,UC,1,2,StratifiedGroupKFold
2,CSM67UFV,C3006,UC,1,1,StratifiedGroupKFold
2,CSM67UFZ,C3006,UC,1,1,StratifiedGroupKFold
2,CSM67UG8,C3006,UC,1,1,StratifiedGroupKFold
2,CSM67UGC,C3001,CD,1,2,StratifiedGroupKFold
2,CSM67UGO,C3012,CD,1,0,StratifiedGroupKFold
2,CSM67UH7,C3022,nonIBD,0,2,StratifiedGroupKFold
2,CSM6J2H9_P,M2039,nonIBD,0,0,StratifiedGroupKFold
2,CSM79HG4,C3023,CD,1,2,StratifiedGroupKFold
2,CSM79HG5,C3001,CD,1,2,StratifiedGroupKFold
2,CSM79HG7_P,C3024,CD,1,2,StratifiedGroupKFold
2,CSM79HGD_P,C3013,UC,1,3,StratifiedGroupKFold
2,CSM79HGF,C3013,UC,1,3,StratifiedGroupKFold
2,CSM79HGF_P,C3013,UC,1,3,StratifiedGroupKFold
2,CSM79HGH,C3013,UC,1,3,StratifiedGroupKFold
2,CSM79HGH_P,C3013,UC,1,3,StratifiedGroupKFold
2,CSM79HGJ_P,C3013,UC,1,3,StratifiedGroupKFold
2,CSM79HGL_P,C3013,UC,1,3,StratifiedGroupKFold
2,CSM79HGN_P,C3013,UC,1,3,StratifiedGroupKFold
2,CSM79HGP,C3001,CD,1,2,StratifiedGroupKFold
2,CSM79HGR_P,C3022,nonIBD,0,2,StratifiedGroupKFold
2,CSM79HGV_P,C3022,nonIBD,0,2,StratifiedGroupKFold
2,CSM79HGX,C3022,nonIBD,0,2,StratifiedGroupKFold
2,CSM79HGZ,C3022,nonIBD,0,2,StratifiedGroupKFold
2,CSM79HH2_P,C3023,CD,1,2,StratifiedGroupKFold
2,CSM79HH4,C3023,CD,1,2,StratifiedGroupKFold
2,CSM79HH8,C3023,CD,1,2,StratifiedGroupKFold
2,CSM79HHA,C3023,CD,1,2,StratifiedGroupKFold
2,CSM79HHW,C3027,CD,1,3,StratifiedGroupKFold
2,CSM79HHW_P,C3027,CD,1,3,StratifiedGroupKFold
2,CSM79HI3,C3009,CD,1,0,StratifiedGroupKFold
2,CSM79HI7,C3009,CD,1,0,StratifiedGroupKFold
2,CSM79HIB,C3009,CD,1,0,StratifiedGroupKFold
2,CSM79HID,C3015,UC,1,3,StratifiedGroupKFold
2,CSM79HIF,C3015,UC,1,3,StratifiedGroupKFold
2,CSM79HIH,C3015,UC,1,3,StratifiedGroupKFold
2,CSM79HIJ,C3015,UC,1,3,StratifiedGroupKFold
2,CSM79HIL,C3015,UC,1,3,StratifiedGroupKFold
2,CSM79HIN,C3015,UC,1,3,StratifiedGroupKFold
2,CSM79HJE,C3028,CD,1,2,StratifiedGroupKFold
2,CSM79HJG,C3029,UC,1,0,StratifiedGroupKFold
2,CSM79HJI,C3030,CD,1,2,StratifiedGroupKFold
2,CSM79HJI_P,C3030,CD,1,2,StratifiedGroupKFold
2,CSM79HJM,C3027,CD,1,3,StratifiedGroupKFold
2,CSM79HJO,C3027,CD,1,3,StratifiedGroupKFold
2,CSM79HJQ,C3027,CD,1,3,StratifiedGroupKFold
2,CSM79HJS,C3027,CD,1,3,StratifiedGroupKFold
2,CSM79HJU,C3027,CD,1,3,StratifiedGroupKFold
2,CSM79HJW,C3002,CD,1,2,StratifiedGroupKFold
2,CSM79HJY,C3002,CD,1,2,StratifiedGroupKFold
2,CSM79HK1,C3002,CD,1,2,StratifiedGroupKFold
2,CSM79HK5,C3002,CD,1,2,StratifiedGroupKFold
2,CSM79HK9,C3010,CD,1,3,StratifiedGroupKFold
2,CSM79HKB,C3010,CD,1,3,StratifiedGroupKFold
2,CSM79HKR,C3008,CD,1,3,StratifiedGroupKFold
2,CSM79HKT,C3008,CD,1,3,StratifiedGroupKFold
2,CSM79HKV,C3008,CD,1,3,StratifiedGroupKFold
2,CSM79HKX,C3028,CD,1,2,StratifiedGroupKFold
2,CSM79HKZ,C3028,CD,1,2,StratifiedGroupKFold
2,CSM79HL2,C3028,CD,1,2,StratifiedGroupKFold
2,CSM79HL4,C3028,CD,1,2,StratifiedGroupKFold
2,CSM79HL6,C3028,CD,1,2,StratifiedGroupKFold
2,CSM79HLA,C3004,UC,1,2,StratifiedGroupKFold
2,CSM79HLA_TR,C3004,UC,1,2,StratifiedGroupKFold
2,CSM79HLC,C3004,UC,1,2,StratifiedGroupKFold
2,CSM79HLE,C3004,UC,1,2,StratifiedGroupKFold
2,CSM79HLG,C3004,UC,1,2,StratifiedGroupKFold
2,CSM79HLI,C3004,UC,1,2,StratifiedGroupKFold
2,CSM79HLK,C3004,UC,1,2,StratifiedGroupKFold
2,CSM79HLM,C3003,UC,1,1,StratifiedGroupKFold
2,CSM79HLW,C3003,UC,1,1,StratifiedGroupKFold
2,CSM79HM1,C3011,UC,1,2,StratifiedGroupKFold
2,CSM79HM5_P,C3011,UC,1,2,StratifiedGroupKFold
2,CSM79HM7,C3011,UC,1,2,StratifiedGroupKFold
2,CSM79HM9,C3011,UC,1,2,StratifiedGroupKFold
2,CSM79HM9_P,C3011,UC,1,2,StratifiedGroupKFold
2,CSM79HMN,C3006,UC,1,1,StratifiedGroupKFold
2,CSM79HMP,C3006,UC,1,1,StratifiedGroupKFold
2,CSM79HMT,C3006,UC,1,1,StratifiedGroupKFold
2,CSM79HMX,C3006,UC,1,1,StratifiedGroupKFold
2,CSM79HMZ,C3001,CD,1,2,StratifiedGroupKFold
2,CSM79HNE,C3029,UC,1,0,StratifiedGroupKFold
2,CSM79HNG_P,C3029,UC,1,0,StratifiedGroupKFold
2,CSM79HNI,C3029,UC,1,0,StratifiedGroupKFold
2,CSM79HNK,C3029,UC,1,0,StratifiedGroupKFold
2,CSM79HNM,C3029,UC,1,0,StratifiedGroupKFold
2,CSM79HNO,C3030,CD,1,2,StratifiedGroupKFold
2,CSM79HNQ,C3030,CD,1,2,StratifiedGroupKFold
2,CSM79HNU,C3030,CD,1,2,StratifiedGroupKFold
2,CSM79HNW,C3030,CD,1,2,StratifiedGroupKFold
2,CSM79HNY_P,C3031,CD,1,3,StratifiedGroupKFold
2,CSM79HO1,C3005,UC,1,3,StratifiedGroupKFold
2,CSM79HO9,C3005,UC,1,3,StratifiedGroupKFold
2,CSM79HOD,C3010,CD,1,3,StratifiedGroupKFold
2,CSM79HOF,C3010,CD,1,3,StratifiedGroupKFold
2,CSM79HOH,C3010,CD,1,3,StratifiedGroupKFold
2,CSM79HOJ,C3012,CD,1,0,StratifiedGroupKFold
2,CSM79HOL,C3012,CD,1,0,StratifiedGroupKFold
2,CSM79HOT,C3012,CD,1,0,StratifiedGroupKFold
2,CSM79HOV,C3022,nonIBD,0,2,StratifiedGroupKFold
2,CSM79HOX,C3022,nonIBD,0,2,StratifiedGroupKFold
2,CSM79HOZ,C3022,nonIBD,0,2,StratifiedGroupKFold
2,CSM79HP2,C3022,nonIBD,0,2,StratifiedGroupKFold
2,CSM79HP4,C3022,nonIBD,0,2,StratifiedGroupKFold
2,CSM79HP6,C3022,nonIBD,0,2,StratifiedGroupKFold
2,CSM79HPA,C3023,CD,1,2,StratifiedGroupKFold
2,CSM79HPA_TR,C3023,CD,1,2,StratifiedGroupKFold
2,CSM79HPC,C3023,CD,1,2,StratifiedGroupKFold
2,CSM79HPK,C3013,UC,1,3,StratifiedGroupKFold
2,CSM79HPM,C3013,UC,1,3,StratifiedGroupKFold
2,CSM79HPM_P,C3013,UC,1,3,StratifiedGroupKFold
2,CSM79HPO,C3013,UC,1,3,StratifiedGroupKFold
2,CSM79HPQ_P,C3013,UC,1,3,StratifiedGroupKFold
2,CSM79HPS,C3013,UC,1,3,StratifiedGroupKFold
2,CSM79HPU,C3013,UC,1,3,StratifiedGroupKFold
2,CSM79HQ9,C3008,CD,1,3,StratifiedGroupKFold
2,CSM79HQB,C3008,CD,1,3,StratifiedGroupKFold
2,CSM79HQF,C3008,CD,1,3,StratifiedGroupKFold
2,CSM79HQH,C3008,CD,1,3,StratifiedGroupKFold
2,CSM79HQL,C3032,UC,1,2,StratifiedGroupKFold
2,CSM79HQN,C3035,CD,1,3,StratifiedGroupKFold
2,CSM79HQT_P,C3011,UC,1,2,StratifiedGroupKFold
2,CSM79HQV,C3027,CD,1,3,StratifiedGroupKFold
2,CSM79HQX,C3027,CD,1,3,StratifiedGroupKFold
2,CSM79HQZ,C3027,CD,1,3,StratifiedGroupKFold
2,CSM79HR2,C3027,CD,1,3,StratifiedGroupKFold
2,CSM79HR4,C3027,CD,1,3,StratifiedGroupKFold
2,CSM79HR6,C3027,CD,1,3,StratifiedGroupKFold
2,CSM79HR8,C3031,CD,1,3,StratifiedGroupKFold
2,CSM79HRC,C3031,CD,1,3,StratifiedGroupKFold
2,CSM79HRE,C3031,CD,1,3,StratifiedGroupKFold
2,CSM79HRG,C3031,CD,1,3,StratifiedGroupKFold
2,CSM7CZ2F_P,H4008,nonIBD,0,1,StratifiedGroupKFold
2,CSM7KOJE,C3009,CD,1,0,StratifiedGroupKFold
2,CSM7KOJG,C3009,CD,1,0,StratifiedGroupKFold
2,CSM7KOJO,C3009,CD,1,0,StratifiedGroupKFold
2,CSM7KOJQ,C3015,UC,1,3,StratifiedGroupKFold
2,CSM7KOJS,C3015,UC,1,3,StratifiedGroupKFold
2,CSM7KOJU,C3015,UC,1,3,StratifiedGroupKFold
2,CSM7KOJW,C3015,UC,1,3,StratifiedGroupKFold
2,CSM7KOJY,C3015,UC,1,3,StratifiedGroupKFold
2,CSM7KOK1,C3015,UC,1,3,StratifiedGroupKFold
2,CSM7KOKR,C3028,CD,1,2,StratifiedGroupKFold
2,CSM7KOKT,C3028,CD,1,2,StratifiedGroupKFold
2,CSM7KOKZ,C3028,CD,1,2,StratifiedGroupKFold
2,CSM7KOL2,C3028,CD,1,2,StratifiedGroupKFold
2,CSM7KOL4,C3010,CD,1,3,StratifiedGroupKFold
2,CSM7KOLA,C3010,CD,1,3,StratifiedGroupKFold
2,CSM7KOLE,C3010,CD,1,3,StratifiedGroupKFold
2,CSM7KOLY,C3029,UC,1,0,StratifiedGroupKFold
2,CSM7KOM1,C3029,UC,1,0,StratifiedGroupKFold
2,CSM7KOMB,C3030,CD,1,2,StratifiedGroupKFold
2,CSM7KOMD,C3030,CD,1,2,StratifiedGroupKFold
2,CSM7KOMH,C3030,CD,1,2,StratifiedGroupKFold
2,CSM7KOMP,C3011,UC,1,2,StratifiedGroupKFold
2,CSM7KOMR_P,C3011,UC,1,2,StratifiedGroupKFold
2,CSM7KOMT,C3011,UC,1,2,StratifiedGroupKFold
2,CSM7KOMV_P,C3011,UC,1,2,StratifiedGroupKFold
2,CSM7KOMX,C3012,CD,1,0,StratifiedGroupKFold
2,CSM7KOMZ,C3012,CD,1,0,StratifiedGroupKFold
2,CSM7KON2,C3012,CD,1,0,StratifiedGroupKFold
2,CSM7KON8,C3012,CD,1,0,StratifiedGroupKFold
2,CSM7KONA,C3023,CD,1,2,StratifiedGroupKFold
2,CSM7KONC,C3023,CD,1,2,StratifiedGroupKFold
2,CSM7KONK,C3023,CD,1,2,StratifiedGroupKFold
2,CSM7KONS,C3013,UC,1,3,StratifiedGroupKFold
2,CSM7KONS_P,C3013,UC,1,3,StratifiedGroupKFold
2,CSM7KONU,C3013,UC,1,3,StratifiedGroupKFold
2,CSM7KONW_P,C3013,UC,1,3,StratifiedGroupKFold
2,CSM7KOO5,C3031,CD,1,3,StratifiedGroupKFold
2,CSM7KOO9,C3031,CD,1,3,StratifiedGroupKFold
2,CSM7KOOD,C3031,CD,1,3,StratifiedGroupKFold
2,CSM7KOOF,C3031,CD,1,3,StratifiedGroupKFold
2,CSM7KOOH,C3022,nonIBD,0,2,StratifiedGroupKFold
2,CSM7KOOJ,C3022,nonIBD,0,2,StratifiedGroupKFold
2,CSM7KOOL,C3022,nonIBD,0,2,StratifiedGroupKFold
2,CSM7KOON,C3022,nonIBD,0,2,StratifiedGroupKFold
2,CSM7KOOP,C3022,nonIBD,0,2,StratifiedGroupKFold
2,CSM7KOOR,C3022,nonIBD,0,2,StratifiedGroupKFold
2,CSM7KOOT,C3027,CD,1,3,StratifiedGroupKFold
2,CSM7KOOV,C3027,CD,1,3,StratifiedGroupKFold
2,CSM7KOOX,C3027,CD,1,3,StratifiedGroupKFold
2,CSM7KOOZ,C3027,CD,1,3,StratifiedGroupKFold
2,CSM7KOP2,C3027,CD,1,3,StratifiedGroupKFold
2,CSM7KOP6,C3032,UC,1,2,StratifiedGroupKFold
2,CSM7KOP8,C3032,UC,1,2,StratifiedGroupKFold
2,CSM7KOPC,C3032,UC,1,2,StratifiedGroupKFold
2,CSM7KOPE,C3032,UC,1,2,StratifiedGroupKFold
2,CSM7KOPG,C3015,UC,1,3,StratifiedGroupKFold
2,CSM7KOPI,C3015,UC,1,3,StratifiedGroupKFold
2,CSM7KOPK,C3015,UC,1,3,StratifiedGroupKFold
2,CSM7KOPM,C3015,UC,1,3,StratifiedGroupKFold
2,CSM7KOPO,C3015,UC,1,3,StratifiedGroupKFold
2,CSM7KOPQ,C3015,UC,1,3,StratifiedGroupKFold
2,CSM7KOQ7,C3037,UC,1,1,StratifiedGroupKFold
2,CSM7KOQP_P,C3033,CD,1,2,StratifiedGroupKFold
2,CSM7KORC,C3028,CD,1,2,StratifiedGroupKFold
2,CSM7KORG,C3028,CD,1,2,StratifiedGroupKFold
2,CSM7KORI,C3028,CD,1,2,StratifiedGroupKFold
2,CSM7KORK,C3028,CD,1,2,StratifiedGroupKFold
2,CSM7KOS7,C3029,UC,1,0,StratifiedGroupKFold
2,CSM7KOS9,C3029,UC,1,0,StratifiedGroupKFold
2,CSM7KOSH,C3029,UC,1,0,StratifiedGroupKFold
2,CSM7KOSJ,C3030,CD,1,2,StratifiedGroupKFold
2,CSM7KOSL,C3030,CD,1,2,StratifiedGroupKFold
2,CSM7KOSP,C3030,CD,1,2,StratifiedGroupKFold
2,CSM7KOST,C3030,CD,1,2,StratifiedGroupKFold
2,CSM7KOTA,C3023,CD,1,2,StratifiedGroupKFold
2,CSM7KOTC,C3023,CD,1,2,StratifiedGroupKFold
2,CSM7KOTK,C3023,CD,1,2,StratifiedGroupKFold
2,CSM7KOTO,C3035,CD,1,3,StratifiedGroupKFold
2,CSM7KOTQ,C3035,CD,1,3,StratifiedGroupKFold
2,CSM7KOTS,C3035,CD,1,3,StratifiedGroupKFold
2,CSM7KOTU,C3035,CD,1,3,StratifiedGroupKFold
2,CSM7KOU7_P,C3032,UC,1,2,StratifiedGroupKFold
2,CSM7KOU9,C3032,UC,1,2,StratifiedGroupKFold
2,CSM7KOUB,C3032,UC,1,2,StratifiedGroupKFold
2,CSM7KOUF,C3032,UC,1,2,StratifiedGroupKFold
2,CSM7KOUJ_P,C3037,UC,1,1,StratifiedGroupKFold
2,CSM7KOUL,C3037,UC,1,1,StratifiedGroupKFold
2,CSM7KOUN,C3037,UC,1,1,StratifiedGroupKFold
2,CSM7KOUP,C3037,UC,1,1,StratifiedGroupKFold
2,CSM7KOUR,C3037,UC,1,1,StratifiedGroupKFold
2,CSM9X1Y5,C3029,UC,1,0,StratifiedGroupKFold
2,CSM9X1Y7,C3029,UC,1,0,StratifiedGroupKFold
2,CSM9X1YF,C3029,UC,1,0,StratifiedGroupKFold
2,CSM9X1YV,C3035,CD,1,3,StratifiedGroupKFold
2,CSM9X1Z4,C3031,CD,1,3,StratifiedGroupKFold
2,CSM9X1ZC,C3031,CD,1,3,StratifiedGroupKFold
2,CSM9X1ZO,C3032,UC,1,2,StratifiedGroupKFold
2,CSM9X1ZQ,C3032,UC,1,2,StratifiedGroupKFold
2,CSM9X1ZU,C3032,UC,1,2,StratifiedGroupKFold
2,CSM9X1ZY,C3032,UC,1,2,StratifiedGroupKFold
2,CSM9X211,C3037,UC,1,1,StratifiedGroupKFold
2,CSM9X213,C3037,UC,1,1,StratifiedGroupKFold
2,CSM9X215,C3037,UC,1,1,StratifiedGroupKFold
2,CSM9X219,C3037,UC,1,1,StratifiedGroupKFold
2,CSM9X21B,C3028,CD,1,2,StratifiedGroupKFold
2,CSM9X21R,C3035,CD,1,3,StratifiedGroupKFold
2,CSM9X21T,C3035,CD,1,3,StratifiedGroupKFold
2,CSM9X222,C3035,CD,1,3,StratifiedGroupKFold
2,CSM9X22G,C3032,UC,1,2,StratifiedGroupKFold
2,CSM9X22I,C3032,UC,1,2,StratifiedGroupKFold
2,CSM9X22K,C3032,UC,1,2,StratifiedGroupKFold
2,CSM9X22Q,C3032,UC,1,2,StratifiedGroupKFold
2,CSM9X22S,C3037,UC,1,1,StratifiedGroupKFold
2,CSM9X22U,C3037,UC,1,1,StratifiedGroupKFold
2,CSM9X233,C3035,CD,1,3,StratifiedGroupKFold
2,CSM9X235,C3035,CD,1,3,StratifiedGroupKFold
2,CSM9X237,C3035,CD,1,3,StratifiedGroupKFold
2,CSM9X23B,C3035,CD,1,3,StratifiedGroupKFold
2,CSM9X23H,C3037,UC,1,1,StratifiedGroupKFold
2,CSM9X23J,C3037,UC,1,1,StratifiedGroupKFold
2,CSM9X23L,C3037,UC,1,1,StratifiedGroupKFold
2,CSM9X23N,C3037,UC,1,1,StratifiedGroupKFold
2,CSM9X23P,C3037,UC,1,1,StratifiedGroupKFold
2,CSMA88CB,C3027,CD,1,3,StratifiedGroupKFold
2,CSMA8M9R,C3022,nonIBD,0,2,StratifiedGroupKFold
2,CSMA9J65,C3027,CD,1,3,StratifiedGroupKFold
2,CSMAAEUA,C3022,nonIBD,0,2,StratifiedGroupKFold
2,CSMACTZP,C3027,CD,1,3,StratifiedGroupKFold
2,CSMAE44D,C3022,nonIBD,0,2,StratifiedGroupKFold
2,CSMAF72L,C3027,CD,1,3,StratifiedGroupKFold
2,CSMAG78W,C3022,nonIBD,0,2,StratifiedGroupKFold
2,CSMAH393,C3027,CD,1,3,StratifiedGroupKFold
2,CSMAHYLR,C3022,nonIBD,0,2,StratifiedGroupKFold
2,CSMAIG7X,C3027,CD,1,3,StratifiedGroupKFold
2,CSMDRVXF,C3027,CD,1,3,StratifiedGroupKFold
2,CSMDRVXG,C3027,CD,1,3,StratifiedGroupKFold
2,CSMDRVXH,C3027,CD,1,3,StratifiedGroupKFold
2,CSMDRVXJ,C3028,CD,1,2,StratifiedGroupKFold
2,CSMDRVXK,C3029,UC,1,0,StratifiedGroupKFold
2,CSMDRVXL,C3029,UC,1,0,StratifiedGroupKFold
2,CSMDRVXM,C3029,UC,1,0,StratifiedGroupKFold
2,CSMDRVXN,C3029,UC,1,0,StratifiedGroupKFold
2,CSMDRVXO,C3030,CD,1,2,StratifiedGroupKFold
2,CSMDRVXP,C3030,CD,1,2,StratifiedGroupKFold
2,CSMDRVXQ,C3030,CD,1,2,StratifiedGroupKFold
2,CSMDRVXR,C3030,CD,1,2,StratifiedGroupKFold
2,CSMDRVXS,C3031,CD,1,3,StratifiedGroupKFold
2,CSMDRVXT,C3031,CD,1,3,StratifiedGroupKFold
2,CSMDRVXU,C3031,CD,1,3,StratifiedGroupKFold
2,CSMDRVXX,C3032,UC,1,2,StratifiedGroupKFold
2,CSMDRVY2,C3035,CD,1,3,StratifiedGroupKFold
2,CSMDRVY3,C3035,CD,1,3,StratifiedGroupKFold
2,CSMDRVY4,C3035,CD,1,3,StratifiedGroupKFold
2,CSMDRVY5,C3037,UC,1,1,StratifiedGroupKFold
2,CSMDRVY6,C3037,UC,1,1,StratifiedGroupKFold
2,CSMDRVY7,C3037,UC,1,1,StratifiedGroupKFold
2,CSMDTZ4X,C3032,UC,1,2,StratifiedGroupKFold
2,CSMDTZ4Y,C3032,UC,1,2,StratifiedGroupKFold
2,ESM5GEYA,E5009,CD,1,1,StratifiedGroupKFold
2,ESM5GEYB,E5009,CD,1,1,StratifiedGroupKFold
2,ESM5GEYI,E5004,UC,1,1,StratifiedGroupKFold
2,ESM5GEYK,E5004,UC,1,1,StratifiedGroupKFold
2,ESM5GEYL,E5004,UC,1,1,StratifiedGroupKFold
2,ESM5GEYU_P,E5002,nonIBD,0,0,StratifiedGroupKFold
2,ESM5GEYW_P,E5006,CD,1,3,StratifiedGroupKFold
2,ESM5GEYX_P,E5003,CD,1,3,StratifiedGroupKFold
2,ESM5GEYY_P,E5006,CD,1,3,StratifiedGroupKFold
2,ESM5GEZ1_P,E5002,nonIBD,0,0,StratifiedGroupKFold
2,ESM5GEZ3_P,E5002,nonIBD,0,0,StratifiedGroupKFold
2,ESM5GEZ4_P,E5004,UC,1,1,StratifiedGroupKFold
2,ESM5GEZ6,E5004,UC,1,1,StratifiedGroupKFold
2,ESM5GEZ6_P,E5004,UC,1,1,StratifiedGroupKFold
2,ESM5GEZA_P,E5004,UC,1,1,StratifiedGroupKFold
2,ESM5ME9H_P,E5002,nonIBD,0,0,StratifiedGroupKFold
2,ESM5ME9U,E5004,UC,1,1,StratifiedGroupKFold
2,ESM5MEA7_P,E5008,UC,1,3,StratifiedGroupKFold
2,ESM5MEA9_P,E5008,UC,1,3,StratifiedGroupKFold
2,ESM5MEAB_P,E5008,UC,1,3,StratifiedGroupKFold
2,ESM5MEAD,E5008,UC,1,3,StratifiedGroupKFold
2,ESM5MEAG,E5008,UC,1,3,StratifiedGroupKFold
2,ESM5MEB1,E5002,nonIBD,0,0,StratifiedGroupKFold
2,ESM5MEBL,E5008,UC,1,3,StratifiedGroupKFold
2,ESM5MEBP,E5002,nonIBD,0,0,StratifiedGroupKFold
2,ESM5MEBP_P,E5002,nonIBD,0,0,StratifiedGroupKFold
2,ESM5MEBS,E5004,UC,1,1,StratifiedGroupKFold
2,ESM5MEBU,E5004,UC,1,1,StratifiedGroupKFold
2,ESM5MEC3,E5004,UC,1,1,StratifiedGroupKFold
2,ESM5MEC5,E5004,UC,1,1,StratifiedGroupKFold
2,ESM5MEC7_P,E5022,UC,1,2,StratifiedGroupKFold
2,ESM5MEC9,E5004,UC,1,1,StratifiedGroupKFold
2,ESM5MEDD,E5009,CD,1,1,StratifiedGroupKFold
2,ESM5MEDF,E5009,CD,1,1,StratifiedGroupKFold
2,ESM5MEDK,E5009,CD,1,1,StratifiedGroupKFold
2,ESM5MEDN,E5009,CD,1,1,StratifiedGroupKFold
2,ESM5MEDP_P,E5009,CD,1,1,StratifiedGroupKFold
2,ESM5MEDU,E5004,UC,1,1,StratifiedGroupKFold
2,ESM5MEEG,E5004,UC,1,1,StratifiedGroupKFold
2,ESM5MEEJ_P,E5004,UC,1,1,StratifiedGroupKFold
2,ESM5MEET,E5002,nonIBD,0,0,StratifiedGroupKFold
2,ESM6ZK8Z,E5009,CD,1,1,StratifiedGroupKFold
2,ESM718SY,E5004,UC,1,1,StratifiedGroupKFold
2,ESM718U9_P,E5023,CD,1,0,StratifiedGroupKFold
2,ESM718UH,E5009,CD,1,1,StratifiedGroupKFold
2,ESM7F5AE_P,E5019,CD,1,3,StratifiedGroupKFold
2,ESM7F5AK,E5009,CD,1,1,StratifiedGroupKFold
2,ESM7F5AM,E5009,CD,1,1,StratifiedGroupKFold
2,ESM7F5AO,E5009,CD,1,1,StratifiedGroupKFold
2,ESM7F5BL,E5004,UC,1,1,StratifiedGroupKFold
2,ESM7F5CB,E5009,CD,1,1,StratifiedGroupKFold
2,ESM7F5CD,E5009,CD,1,1,StratifiedGroupKFold
2,ESM7F5CF,E5009,CD,1,1,StratifiedGroupKFold
2,ESM9IEP5,E5009,CD,1,1,StratifiedGroupKFold
2,HSM5FZAE,H4001,CD,1,0,StratifiedGroupKFold
2,HSM5FZAH,H4001,CD,1,0,StratifiedGroupKFold
2,HSM5FZAM,H4004,CD,1,1,StratifiedGroupKFold
2,HSM5FZAN,H4004,CD,1,1,StratifiedGroupKFold
2,HSM5FZAQ,H4006,CD,1,0,StratifiedGroupKFold
2,HSM5FZAR,H4006,CD,1,0,StratifiedGroupKFold
2,HSM5FZAV,H4016,nonIBD,0,0,StratifiedGroupKFold
2,HSM5FZAW,H4016,nonIBD,0,0,StratifiedGroupKFold
2,HSM5FZAX,H4016,nonIBD,0,0,StratifiedGroupKFold
2,HSM5FZAY,H4015,CD,1,3,StratifiedGroupKFold
2,HSM5FZAZ,H4015,CD,1,3,StratifiedGroupKFold
2,HSM5FZB1,H4015,CD,1,3,StratifiedGroupKFold
2,HSM5FZB2,H4014,CD,1,3,StratifiedGroupKFold
2,HSM5FZB3,H4014,CD,1,3,StratifiedGroupKFold
2,HSM5FZB4,H4013,nonIBD,0,0,StratifiedGroupKFold
2,HSM5FZB5,H4013,nonIBD,0,0,StratifiedGroupKFold
2,HSM5FZBB,H4010,UC,1,3,StratifiedGroupKFold
2,HSM5FZBC,H4010,UC,1,3,StratifiedGroupKFold
2,HSM5FZBD,H4009,nonIBD,0,1,StratifiedGroupKFold
2,HSM5FZBE,H4009,nonIBD,0,1,StratifiedGroupKFold
2,HSM5FZBF,H4007,CD,1,2,StratifiedGroupKFold
2,HSM5FZBG,H4007,CD,1,2,StratifiedGroupKFold
2,HSM5FZBH,H4008,nonIBD,0,1,StratifiedGroupKFold
2,HSM5FZBI,H4008,nonIBD,0,1,StratifiedGroupKFold
2,HSM5FZBJ,H4001,CD,1,0,StratifiedGroupKFold
2,HSM5FZBP_P,H4001,CD,1,0,StratifiedGroupKFold
2,HSM5FZBQ,H4001,CD,1,0,StratifiedGroupKFold
2,HSM5FZBQ_P,H4001,CD,1,0,StratifiedGroupKFold
2,HSM5FZBR_P,H4001,CD,1,0,StratifiedGroupKFold
2,HSM5FZBZ,H4001,CD,1,0,StratifiedGroupKFold
2,HSM5FZC2_P,H4001,CD,1,0,StratifiedGroupKFold
2,HSM5MD3L,H4014,CD,1,3,StratifiedGroupKFold
2,HSM5MD3L_P,H4014,CD,1,3,StratifiedGroupKFold
2,HSM5MD3Y,H4010,UC,1,3,StratifiedGroupKFold
2,HSM5MD41,H4010,UC,1,3,StratifiedGroupKFold
2,HSM5MD43,H4010,UC,1,3,StratifiedGroupKFold
2,HSM5MD43_P,H4010,UC,1,3,StratifiedGroupKFold
2,HSM5MD44_P,H4010,UC,1,3,StratifiedGroupKFold
2,HSM5MD47_P,H4010,UC,1,3,StratifiedGroupKFold
2,HSM5MD48,H4006,CD,1,0,StratifiedGroupKFold
2,HSM5MD49_P,H4006,CD,1,0,StratifiedGroupKFold
2,HSM5MD4A,H4006,CD,1,0,StratifiedGroupKFold
2,HSM5MD4A_P,H4006,CD,1,0,StratifiedGroupKFold
2,HSM5MD4B_P,H4006,CD,1,0,StratifiedGroupKFold
2,HSM5MD4N,H4007,CD,1,2,StratifiedGroupKFold
2,HSM5MD4O,H4007,CD,1,2,StratifiedGroupKFold
2,HSM5MD4P_P,H4007,CD,1,2,StratifiedGroupKFold
2,HSM5MD4Q,H4007,CD,1,2,StratifiedGroupKFold
2,HSM5MD4S,H4004,CD,1,1,StratifiedGroupKFold
2,HSM5MD4U_P,H4004,CD,1,1,StratifiedGroupKFold
2,HSM5MD4W,H4004,CD,1,1,StratifiedGroupKFold
2,HSM5MD4W_P,H4004,CD,1,1,StratifiedGroupKFold
2,HSM5MD4Y,H4004,CD,1,1,StratifiedGroupKFold
2,HSM5MD51,H4004,CD,1,1,StratifiedGroupKFold
2,HSM5MD53,H4004,CD,1,1,StratifiedGroupKFold
2,HSM5MD57_P,H4008,nonIBD,0,1,StratifiedGroupKFold
2,HSM5MD59_P,H4008,nonIBD,0,1,StratifiedGroupKFold
2,HSM5MD5B,H4008,nonIBD,0,1,StratifiedGroupKFold
2,HSM5MD5B_P,H4008,nonIBD,0,1,StratifiedGroupKFold
2,HSM5MD5D,H4008,nonIBD,0,1,StratifiedGroupKFold
2,HSM5MD5D_P,H4008,nonIBD,0,1,StratifiedGroupKFold
2,HSM5MD5F_P,H4008,nonIBD,0,1,StratifiedGroupKFold
2,HSM5MD5H_P,H4001,CD,1,0,StratifiedGroupKFold
2,HSM5MD5K,H4001,CD,1,0,StratifiedGroupKFold
2,HSM5MD5K_P,H4001,CD,1,0,StratifiedGroupKFold
2,HSM5MD5P,H4004,CD,1,1,StratifiedGroupKFold
2,HSM5MD5X_P,H4015,CD,1,3,StratifiedGroupKFold
2,HSM5MD5Z,H4016,nonIBD,0,0,StratifiedGroupKFold
2,HSM5MD5Z_P,H4016,nonIBD,0,0,StratifiedGroupKFold
2,HSM5MD62,H4015,CD,1,3,StratifiedGroupKFold
2,HSM5MD66,H4014,CD,1,3,StratifiedGroupKFold
2,HSM5MD6A,H4014,CD,1,3,StratifiedGroupKFold
2,HSM5MD6A_TR,H4014,CD,1,3,StratifiedGroupKFold
2,HSM5MD6C,H4014,CD,1,3,StratifiedGroupKFold
2,HSM5MD6E_P,H4013,nonIBD,0,0,StratifiedGroupKFold
2,HSM5MD6I,H4013,nonIBD,0,0,StratifiedGroupKFold
2,HSM5MD6I_P,H4013,nonIBD,0,0,StratifiedGroupKFold
2,HSM5MD6K,H4013,nonIBD,0,0,StratifiedGroupKFold
2,HSM5MD6K_P,H4013,nonIBD,0,0,StratifiedGroupKFold
2,HSM5MD6M,H4013,nonIBD,0,0,StratifiedGroupKFold
2,HSM5MD6O_P,H4016,nonIBD,0,0,StratifiedGroupKFold
2,HSM5MD6Q,H4016,nonIBD,0,0,StratifiedGroupKFold
2,HSM5MD6S_P,H4016,nonIBD,0,0,StratifiedGroupKFold
2,HSM5MD6U,H4016,nonIBD,0,0,StratifiedGroupKFold
2,HSM5MD6U_P,H4016,nonIBD,0,0,StratifiedGroupKFold
2,HSM5MD6W,H4016,nonIBD,0,0,StratifiedGroupKFold
2,HSM5MD6Y,H4015,CD,1,3,StratifiedGroupKFold
2,HSM5MD71,H4015,CD,1,3,StratifiedGroupKFold
2,HSM5MD73,H4015,CD,1,3,StratifiedGroupKFold
2,HSM5MD75,H4015,CD,1,3,StratifiedGroupKFold
2,HSM5MD79,H4001,CD,1,0,StratifiedGroupKFold
2,HSM5MD7H,H4001,CD,1,0,StratifiedGroupKFold
2,HSM5MD7J,H4001,CD,1,0,StratifiedGroupKFold
2,HSM5MD7K,H4006,CD,1,0,StratifiedGroupKFold
2,HSM5MD7M,H4006,CD,1,0,StratifiedGroupKFold
2,HSM5MD7O,H4006,CD,1,0,StratifiedGroupKFold
2,HSM5MD7Q,H4006,CD,1,0,StratifiedGroupKFold
2,HSM5MD7S,H4006,CD,1,0,StratifiedGroupKFold
2,HSM5MD7U,H4006,CD,1,0,StratifiedGroupKFold
2,HSM5MD7W,H4001,CD,1,0,StratifiedGroupKFold
2,HSM5MD7W_P,H4001,CD,1,0,StratifiedGroupKFold
2,HSM5MD7Z,H4007,CD,1,2,StratifiedGroupKFold
2,HSM5MD7Z_P,H4007,CD,1,2,StratifiedGroupKFold
2,HSM5MD82,H4009,nonIBD,0,1,StratifiedGroupKFold
2,HSM5MD82_P,H4009,nonIBD,0,1,StratifiedGroupKFold
2,HSM5MD86,H4006,CD,1,0,StratifiedGroupKFold
2,HSM5MD87,H4010,UC,1,3,StratifiedGroupKFold
2,HSM5MD87_P,H4010,UC,1,3,StratifiedGroupKFold
2,HSM5MD8A,H4008,nonIBD,0,1,StratifiedGroupKFold
2,HSM5MD8A_P,H4008,nonIBD,0,1,StratifiedGroupKFold
2,HSM5MD8B,H4009,nonIBD,0,1,StratifiedGroupKFold
2,HSM5MD8B_P,H4009,nonIBD,0,1,StratifiedGroupKFold
2,HSM5MD8D_P,H4009,nonIBD,0,1,StratifiedGroupKFold
2,HSM5MD8F_P,H4012,CD,1,0,StratifiedGroupKFold
2,HSM5MD8H,H4013,nonIBD,0,0,StratifiedGroupKFold
2,HSM5MD8H_P,H4013,nonIBD,0,0,StratifiedGroupKFold
2,HSM5MD8J_P,H4011,CD,1,3,StratifiedGroupKFold
2,HSM5MD8L_P,H4009,nonIBD,0,1,StratifiedGroupKFold
2,HSM5MD8N_P,H4009,nonIBD,0,1,StratifiedGroupKFold
2,HSM5MD8P_P,H4009,nonIBD,0,1,StratifiedGroupKFold
2,HSM67VCX_P,H4020,CD,1,3,StratifiedGroupKFold
2,HSM67VCZ,H4020,CD,1,3,StratifiedGroupKFold
2,HSM67VD2,H4020,CD,1,3,StratifiedGroupKFold
2,HSM67VD4,H4020,CD,1,3,StratifiedGroupKFold
2,HSM67VD6,H4020,CD,1,3,StratifiedGroupKFold
2,HSM67VDP,H4004,CD,1,1,StratifiedGroupKFold
2,HSM67VDR,H4023,nonIBD,0,3,StratifiedGroupKFold
2,HSM67VDR_P,H4023,nonIBD,0,3,StratifiedGroupKFold
2,HSM67VDT,H4024,nonIBD,0,3,StratifiedGroupKFold
2,HSM67VDT_P,H4024,nonIBD,0,3,StratifiedGroupKFold
2,HSM67VDX,H4022,nonIBD,0,0,StratifiedGroupKFold
2,HSM67VDX_P,H4022,nonIBD,0,0,StratifiedGroupKFold
2,HSM67VDZ,H4001,CD,1,0,StratifiedGroupKFold
2,HSM67VE4,H4001,CD,1,0,StratifiedGroupKFold
2,HSM67VEA,H4001,CD,1,0,StratifiedGroupKFold
2,HSM67VEC,H4006,CD,1,0,StratifiedGroupKFold
2,HSM67VEE,H4006,CD,1,0,StratifiedGroupKFold
2,HSM67VEG,H4006,CD,1,0,StratifiedGroupKFold
2,HSM67VEI,H4006,CD,1,0,StratifiedGroupKFold
2,HSM67VEK,H4006,CD,1,0,StratifiedGroupKFold
2,HSM67VEM,H4006,CD,1,0,StratifiedGroupKFold
2,HSM67VEM_TR,H4006,CD,1,0,StratifiedGroupKFold
2,HSM67VEO,H4022,nonIBD,0,0,StratifiedGroupKFold
2,HSM67VEQ,H4022,nonIBD,0,0,StratifiedGroupKFold
2,HSM67VES,H4022,nonIBD,0,0,StratifiedGroupKFold
2,HSM67VEU,H4022,nonIBD,0,0,StratifiedGroupKFold
2,HSM67VEW,H4022,nonIBD,0,0,StratifiedGroupKFold
2,HSM67VF3,H4016,nonIBD,0,0,StratifiedGroupKFold
2,HSM67VFX,H4008,nonIBD,0,1,StratifiedGroupKFold
2,HSM67VFX_P,H4008,nonIBD,0,1,StratifiedGroupKFold
2,HSM67VFZ,H4008,nonIBD,0,1,StratifiedGroupKFold
2,HSM67VG2_P,H4008,nonIBD,0,1,StratifiedGroupKFold
2,HSM67VG6,H4008,nonIBD,0,1,StratifiedGroupKFold
2,HSM67VG6_P,H4008,nonIBD,0,1,StratifiedGroupKFold
2,HSM67VG8,H4008,nonIBD,0,1,StratifiedGroupKFold
2,HSM67VGA,H4009,nonIBD,0,1,StratifiedGroupKFold
2,HSM67VGA_P,H4009,nonIBD,0,1,StratifiedGroupKFold
2,HSM67VGC,H4009,nonIBD,0,1,StratifiedGroupKFold
2,HSM67VGE_P,H4009,nonIBD,0,1,StratifiedGroupKFold
2,HSM67VGG,H4009,nonIBD,0,1,StratifiedGroupKFold
2,HSM67VGI_P,H4009,nonIBD,0,1,StratifiedGroupKFold
2,HSM67VGK,H4009,nonIBD,0,1,StratifiedGroupKFold
2,HSM67VGK_TR,H4009,nonIBD,0,1,StratifiedGroupKFold
2,HSM67VGY,H4010,UC,1,3,StratifiedGroupKFold
2,HSM67VH1,H4010,UC,1,3,StratifiedGroupKFold
2,HSM67VHB,H4020,CD,1,3,StratifiedGroupKFold
2,HSM67VHD,H4020,CD,1,3,StratifiedGroupKFold
2,HSM67VHF,H4020,CD,1,3,StratifiedGroupKFold
2,HSM67VHH,H4020,CD,1,3,StratifiedGroupKFold
2,HSM67VHJ,H4020,CD,1,3,StratifiedGroupKFold
2,HSM67VHM,H4016,nonIBD,0,0,StratifiedGroupKFold
2,HSM67VHQ,H4007,CD,1,2,StratifiedGroupKFold
2,HSM67VHS,H4007,CD,1,2,StratifiedGroupKFold
2,HSM67VHU,H4007,CD,1,2,StratifiedGroupKFold
2,HSM67VHW,H4007,CD,1,2,StratifiedGroupKFold
2,HSM67VI1,H4007,CD,1,2,StratifiedGroupKFold
2,HSM67VI3,H4024,nonIBD,0,3,StratifiedGroupKFold
2,HSM67VI5,H4024,nonIBD,0,3,StratifiedGroupKFold
2,HSM67VI7,H4024,nonIBD,0,3,StratifiedGroupKFold
2,HSM67VI9,H4024,nonIBD,0,3,StratifiedGroupKFold
2,HSM67VIB,H4024,nonIBD,0,3,StratifiedGroupKFold
2,HSM67VID,H4028,CD,1,3,StratifiedGroupKFold
2,HSM67VIF,H4028,CD,1,3,StratifiedGroupKFold
2,HSM67VIJ_P,H4028,CD,1,3,StratifiedGroupKFold
2,HSM67VIL,H4028,CD,1,3,StratifiedGroupKFold
2,HSM6S4FT,H4020,CD,1,3,StratifiedGroupKFold
2,HSM6S4FU,H4020,CD,1,3,StratifiedGroupKFold
2,HSM6S4FY,H4022,nonIBD,0,0,StratifiedGroupKFold
2,HSM6S4FZ,H4022,nonIBD,0,0,StratifiedGroupKFold
2,HSM6S4G1,H4022,nonIBD,0,0,StratifiedGroupKFold
2,HSM6S4G2,H4023,nonIBD,0,3,StratifiedGroupKFold
2,HSM6S4G3,H4023,nonIBD,0,3,StratifiedGroupKFold
2,HSM6S4G4,H4023,nonIBD,0,3,StratifiedGroupKFold
2,HSM6S4G5,H4024,nonIBD,0,3,StratifiedGroupKFold
2,HSM6S4G6,H4024,nonIBD,0,3,StratifiedGroupKFold
2,HSM6S4G7,H4024,nonIBD,0,3,StratifiedGroupKFold
2,HSM6S4GB,H4007,CD,1,2,StratifiedGroupKFold
2,HSM6S4GC,H4007,CD,1,2,StratifiedGroupKFold
2,HSM6S4GG,H4027,UC,1,0,StratifiedGroupKFold
2,HSM6S4GH,H4027,UC,1,0,StratifiedGroupKFold
2,HSM6S4GI,H4027,UC,1,0,StratifiedGroupKFold
2,HSM6S4GJ,H4028,CD,1,3,StratifiedGroupKFold
2,HSM6S4GK,H4028,CD,1,3,StratifiedGroupKFold
2,HSM6S4GL,H4028,CD,1,3,StratifiedGroupKFold
2,HSM6S4GM,H4008,nonIBD,0,1,StratifiedGroupKFold
2,HSM6S4GN,H4008,nonIBD,0,1,StratifiedGroupKFold
2,HSM6XRQ8,H4023,nonIBD,0,3,StratifiedGroupKFold
2,HSM6XRR3,H4020,CD,1,3,StratifiedGroupKFold
2,HSM6XRRJ,H4013,nonIBD,0,0,StratifiedGroupKFold
2,HSM6XRRV,H4014,CD,1,3,StratifiedGroupKFold
2,HSM6XRS2,H4014,CD,1,3,StratifiedGroupKFold
2,HSM6XRS4,H4015,CD,1,3,StratifiedGroupKFold
2,HSM6XRS6,H4015,CD,1,3,StratifiedGroupKFold
2,HSM6XRS8,H4015,CD,1,3,StratifiedGroupKFold
2,HSM6XRSE,H4015,CD,1,3,StratifiedGroupKFold
2,HSM6XRSG,H4004,CD,1,1,StratifiedGroupKFold
2,HSM6XRSI,H4004,CD,1,1,StratifiedGroupKFold
2,HSM6XRSN,H4007,CD,1,2,StratifiedGroupKFold
2,HSM6XRST,H4007,CD,1,2,StratifiedGroupKFold
2,HSM6XRSX,H4008,nonIBD,0,1,StratifiedGroupKFold
2,HSM6XRSX_P,H4008,nonIBD,0,1,StratifiedGroupKFold
2,HSM6XRSZ,H4008,nonIBD,0,1,StratifiedGroupKFold
2,HSM6XRSZ_P,H4008,nonIBD,0,1,StratifiedGroupKFold
2,HSM6XRT2_P,H4008,nonIBD,0,1,StratifiedGroupKFold
2,HSM6XRT4_P,H4008,nonIBD,0,1,StratifiedGroupKFold
2,HSM6XRT6_P,H4008,nonIBD,0,1,StratifiedGroupKFold
2,HSM6XRT8,H4009,nonIBD,0,1,StratifiedGroupKFold
2,HSM6XRTA_P,H4009,nonIBD,0,1,StratifiedGroupKFold
2,HSM6XRTC,H4009,nonIBD,0,1,StratifiedGroupKFold
2,HSM6XRTC_P,H4009,nonIBD,0,1,StratifiedGroupKFold
2,HSM6XRTE_P,H4009,nonIBD,0,1,StratifiedGroupKFold
2,HSM6XRTG,H4009,nonIBD,0,1,StratifiedGroupKFold
2,HSM6XRTG_P,H4009,nonIBD,0,1,StratifiedGroupKFold
2,HSM6XRTM,H4010,UC,1,3,StratifiedGroupKFold
2,HSM6XRTO,H4010,UC,1,3,StratifiedGroupKFold
2,HSM6XRTQ,H4010,UC,1,3,StratifiedGroupKFold
2,HSM6XRTS,H4010,UC,1,3,StratifiedGroupKFold
2,HSM6XRUL,H4023,nonIBD,0,3,StratifiedGroupKFold
2,HSM6XRUN,H4023,nonIBD,0,3,StratifiedGroupKFold
2,HSM6XRUR,H4023,nonIBD,0,3,StratifiedGroupKFold
2,HSM6XRUV,H4020,CD,1,3,StratifiedGroupKFold
2,HSM6XRVA,H4013,nonIBD,0,0,StratifiedGroupKFold
2,HSM6XRVC,H4013,nonIBD,0,0,StratifiedGroupKFold
2,HSM6XRVC_TR,H4013,nonIBD,0,0,StratifiedGroupKFold
2,HSM6XRVK,H4013,nonIBD,0,0,StratifiedGroupKFold
2,HSM6XRVM,H4014,CD,1,3,StratifiedGroupKFold
2,HSM6XRVO,H4014,CD,1,3,StratifiedGroupKFold
2,HSM6XRVU,H4014,CD,1,3,StratifiedGroupKFold
2,HSM6XRVW,H4014,CD,1,3,StratifiedGroupKFold
2,HSM7CYWS_P,H4030,CD,1,2,StratifiedGroupKFold
2,HSM7CYWW,H4027,UC,1,0,StratifiedGroupKFold
2,HSM7CYX2,H4006,CD,1,0,StratifiedGroupKFold
2,HSM7CYX4,H4006,CD,1,0,StratifiedGroupKFold
2,HSM7CYX6,H4006,CD,1,0,StratifiedGroupKFold
2,HSM7CYX8,H4006,CD,1,0,StratifiedGroupKFold
2,HSM7CYXA,H4006,CD,1,0,StratifiedGroupKFold
2,HSM7CYXC,H4006,CD,1,0,StratifiedGroupKFold
2,HSM7CYXE,H4016,nonIBD,0,0,StratifiedGroupKFold
2,HSM7CYXG,H4016,nonIBD,0,0,StratifiedGroupKFold
2,HSM7CYXI,H4016,nonIBD,0,0,StratifiedGroupKFold
2,HSM7CYXO,H4016,nonIBD,0,0,StratifiedGroupKFold
2,HSM7CYXQ,H4007,CD,1,2,StratifiedGroupKFold
2,HSM7CYXS,H4007,CD,1,2,StratifiedGroupKFold
2,HSM7CYY1,H4007,CD,1,2,StratifiedGroupKFold
2,HSM7CYYR_P,H4009,nonIBD,0,1,StratifiedGroupKFold
2,HSM7CYYV_P,H4009,nonIBD,0,1,StratifiedGroupKFold
2,HSM7CYYZ,H4009,nonIBD,0,1,StratifiedGroupKFold
2,HSM7CYZ5,H4015,CD,1,3,StratifiedGroupKFold
2,HSM7CYZ7,H4015,CD,1,3,StratifiedGroupKFold
2,HSM7CYZ9,H4015,CD,1,3,StratifiedGroupKFold
2,HSM7CYZB,H4015,CD,1,3,StratifiedGroupKFold
2,HSM7CYZD,H4015,CD,1,3,StratifiedGroupKFold
2,HSM7CYZF,H4015,CD,1,3,StratifiedGroupKFold
2,HSM7CYZJ,H4022,nonIBD,0,0,StratifiedGroupKFold
2,HSM7CYZL,H4022,nonIBD,0,0,StratifiedGroupKFold
2,HSM7CYZR,H4022,nonIBD,0,0,StratifiedGroupKFold
2,HSM7CYZT,H4004,CD,1,1,StratifiedGroupKFold
2,HSM7CYZV,H4004,CD,1,1,StratifiedGroupKFold
2,HSM7CZ14,H4004,CD,1,1,StratifiedGroupKFold
2,HSM7CZ16,H4023,nonIBD,0,3,StratifiedGroupKFold
2,HSM7CZ18,H4023,nonIBD,0,3,StratifiedGroupKFold
2,HSM7CZ1A,H4023,nonIBD,0,3,StratifiedGroupKFold
2,HSM7CZ1C,H4023,nonIBD,0,3,StratifiedGroupKFold
2,HSM7CZ1E,H4023,nonIBD,0,3,StratifiedGroupKFold
2,HSM7CZ1G,H4023,nonIBD,0,3,StratifiedGroupKFold
2,HSM7CZ1T,H4027,UC,1,0,StratifiedGroupKFold
2,HSM7CZ1T_P,H4027,UC,1,0,StratifiedGroupKFold
2,HSM7CZ1V,H4027,UC,1,0,StratifiedGroupKFold
2,HSM7CZ1Z,H4027,UC,1,0,StratifiedGroupKFold
2,HSM7CZ22,H4027,UC,1,0,StratifiedGroupKFold
2,HSM7CZ24,H4024,nonIBD,0,3,StratifiedGroupKFold
2,HSM7CZ26,H4024,nonIBD,0,3,StratifiedGroupKFold
2,HSM7CZ28,H4024,nonIBD,0,3,StratifiedGroupKFold
2,HSM7CZ2A,H4024,nonIBD,0,3,StratifiedGroupKFold
2,HSM7CZ2E,H4024,nonIBD,0,3,StratifiedGroupKFold
2,HSM7CZ2F,H4008,nonIBD,0,1,StratifiedGroupKFold
2,HSM7CZ2H,H4008,nonIBD,0,1,StratifiedGroupKFold
2,HSM7CZ2J_P,H4008,nonIBD,0,1,StratifiedGroupKFold
2,HSM7CZ2L_P,H4008,nonIBD,0,1,StratifiedGroupKFold
2,HSM7CZ2P,H4008,nonIBD,0,1,StratifiedGroupKFold
2,HSM7CZ2V,H4031,CD,1,3,StratifiedGroupKFold
2,HSM7CZ2V_P,H4031,CD,1,3,StratifiedGroupKFold
2,HSM7CZ2X,H4035,UC,1,0,StratifiedGroupKFold
2,HSM7CZ2X_P,H4035,UC,1,0,StratifiedGroupKFold
2,HSM7CZ2Z,H4030,CD,1,2,StratifiedGroupKFold
2,HSM7CZ32,H4030,CD,1,2,StratifiedGroupKFold
2,HSM7CZ36,H4030,CD,1,2,StratifiedGroupKFold
2,HSM7CZ38,H4030,CD,1,2,StratifiedGroupKFold
2,HSM7CZ3A,H4031,CD,1,3,StratifiedGroupKFold
2,HSM7CZ3C,H4031,CD,1,3,StratifiedGroupKFold
2,HSM7CZ3E,H4031,CD,1,3,StratifiedGroupKFold
2,HSM7CZ3G,H4031,CD,1,3,StratifiedGroupKFold
2,HSM7H3WH,H4030,CD,1,2,StratifiedGroupKFold
2,HSM7H3WJ,H4030,CD,1,2,StratifiedGroupKFold
2,HSM7H3WK,H4031,CD,1,3,StratifiedGroupKFold
2,HSM7H3WL,H4031,CD,1,3,StratifiedGroupKFold
2,HSM7H3WM,H4031,CD,1,3,StratifiedGroupKFold
2,HSM7H3WN,H4032,CD,1,2,StratifiedGroupKFold
2,HSM7H3WO,H4032,CD,1,2,StratifiedGroupKFold
2,HSM7H3WP,H4032,CD,1,2,StratifiedGroupKFold
2,HSM7H3WQ,H4004,CD,1,1,StratifiedGroupKFold
2,HSM7H3WR,H4004,CD,1,1,StratifiedGroupKFold
2,HSM7H3WS,H4004,CD,1,1,StratifiedGroupKFold
2,HSM7H3WW,H4035,UC,1,0,StratifiedGroupKFold
2,HSM7H3WX,H4035,UC,1,0,StratifiedGroupKFold
2,HSM7H3WY,H4035,UC,1,0,StratifiedGroupKFold
2,HSM7J4G1,H4022,nonIBD,0,0,StratifiedGroupKFold
2,HSM7J4G8,H4022,nonIBD,0,0,StratifiedGroupKFold
2,HSM7J4G9,H4028,CD,1,3,StratifiedGroupKFold
2,HSM7J4GB,H4028,CD,1,3,StratifiedGroupKFold
2,HSM7J4GD,H4028,CD,1,3,StratifiedGroupKFold
2,HSM7J4GP,H4027,UC,1,0,StratifiedGroupKFold
2,HSM7J4GR,H4027,UC,1,0,StratifiedGroupKFold
2,HSM7J4HA,H4023,nonIBD,0,3,StratifiedGroupKFold
2,HSM7J4HC,H4023,nonIBD,0,3,StratifiedGroupKFold
2,HSM7J4HE,H4023,nonIBD,0,3,StratifiedGroupKFold
2,HSM7J4HG,H4023,nonIBD,0,3,StratifiedGroupKFold
2,HSM7J4HI,H4023,nonIBD,0,3,StratifiedGroupKFold
2,HSM7J4HK,H4023,nonIBD,0,3,StratifiedGroupKFold
2,HSM7J4HM,H4035,UC,1,0,StratifiedGroupKFold
2,HSM7J4HO,H4035,UC,1,0,StratifiedGroupKFold
2,HSM7J4HQ,H4035,UC,1,0,StratifiedGroupKFold
2,HSM7J4HS,H4035,UC,1,0,StratifiedGroupKFold
2,HSM7J4HU,H4035,UC,1,0,StratifiedGroupKFold
2,HSM7J4HW,H4024,nonIBD,0,3,StratifiedGroupKFold
2,HSM7J4HY,H4024,nonIBD,0,3,StratifiedGroupKFold
2,HSM7J4I3,H4016,nonIBD,0,0,StratifiedGroupKFold
2,HSM7J4I5,H4024,nonIBD,0,3,StratifiedGroupKFold
2,HSM7J4I7,H4024,nonIBD,0,3,StratifiedGroupKFold
2,HSM7J4I9,H4024,nonIBD,0,3,StratifiedGroupKFold
2,HSM7J4IC,H4032,CD,1,2,StratifiedGroupKFold
2,HSM7J4IO,H4020,CD,1,3,StratifiedGroupKFold
2,HSM7J4IP,H4020,CD,1,3,StratifiedGroupKFold
2,HSM7J4IQ,H4020,CD,1,3,StratifiedGroupKFold
2,HSM7J4IR,H4020,CD,1,3,StratifiedGroupKFold
2,HSM7J4IS,H4020,CD,1,3,StratifiedGroupKFold
2,HSM7J4IU,H4022,nonIBD,0,0,StratifiedGroupKFold
2,HSM7J4IW,H4022,nonIBD,0,0,StratifiedGroupKFold
2,HSM7J4J5,H4022,nonIBD,0,0,StratifiedGroupKFold
2,HSM7J4J7,H4038,CD,1,2,StratifiedGroupKFold
2,HSM7J4J9,H4038,CD,1,2,StratifiedGroupKFold
2,HSM7J4JD,H4038,CD,1,2,StratifiedGroupKFold
2,HSM7J4JF,H4038,CD,1,2,StratifiedGroupKFold
2,HSM7J4JH,H4039,CD,1,1,StratifiedGroupKFold
2,HSM7J4JJ,H4039,CD,1,1,StratifiedGroupKFold
2,HSM7J4JN,H4039,CD,1,1,StratifiedGroupKFold
2,HSM7J4JP,H4039,CD,1,1,StratifiedGroupKFold
2,HSM7J4JT,H4040,UC,1,0,StratifiedGroupKFold
2,HSM7J4JT_P,H4040,UC,1,0,StratifiedGroupKFold
2,HSM7J4JV,H4042,UC,1,1,StratifiedGroupKFold
2,HSM7J4JV_P,H4042,UC,1,1,StratifiedGroupKFold
2,HSM7J4JZ,H4035,UC,1,0,StratifiedGroupKFold
2,HSM7J4K2,H4035,UC,1,0,StratifiedGroupKFold
2,HSM7J4K4,H4035,UC,1,0,StratifiedGroupKFold
2,HSM7J4K6,H4035,UC,1,0,StratifiedGroupKFold
2,HSM7J4K8,H4035,UC,1,0,StratifiedGroupKFold
2,HSM7J4KA,H4035,UC,1,0,StratifiedGroupKFold
2,HSM7J4KC,H4023,nonIBD,0,3,StratifiedGroupKFold
2,HSM7J4KG,H4023,nonIBD,0,3,StratifiedGroupKFold
2,HSM7J4KI,H4023,nonIBD,0,3,StratifiedGroupKFold
2,HSM7J4KK,H4023,nonIBD,0,3,StratifiedGroupKFold
2,HSM7J4KM,H4023,nonIBD,0,3,StratifiedGroupKFold
2,HSM7J4KO,H4016,nonIBD,0,0,StratifiedGroupKFold
2,HSM7J4KQ,H4016,nonIBD,0,0,StratifiedGroupKFold
2,HSM7J4L5,H4030,CD,1,2,StratifiedGroupKFold
2,HSM7J4L9,H4030,CD,1,2,StratifiedGroupKFold
2,HSM7J4LP,H4039,CD,1,1,StratifiedGroupKFold
2,HSM7J4MK,H4031,CD,1,3,StratifiedGroupKFold
2,HSM7J4MS,H4032,CD,1,2,StratifiedGroupKFold
2,HSM7J4MW,H4032,CD,1,2,StratifiedGroupKFold
2,HSM7J4MY,H4028,CD,1,3,StratifiedGroupKFold
2,HSM7J4N4,H4028,CD,1,3,StratifiedGroupKFold
2,HSM7J4N6,H4028,CD,1,3,StratifiedGroupKFold
2,HSM7J4N8,H4028,CD,1,3,StratifiedGroupKFold
2,HSM7J4NA,H4028,CD,1,3,StratifiedGroupKFold
2,HSM7J4NC,H4027,UC,1,0,StratifiedGroupKFold
2,HSM7J4NE,H4027,UC,1,0,StratifiedGroupKFold
2,HSM7J4NM,H4027,UC,1,0,StratifiedGroupKFold
2,HSM7J4NO,H4040,UC,1,0,StratifiedGroupKFold
2,HSM7J4NS,H4040,UC,1,0,StratifiedGroupKFold
2,HSM7J4NU,H4040,UC,1,0,StratifiedGroupKFold
2,HSM7J4NY,H4024,nonIBD,0,3,StratifiedGroupKFold
2,HSM7J4O1,H4024,nonIBD,0,3,StratifiedGroupKFold
2,HSM7J4O3,H4024,nonIBD,0,3,StratifiedGroupKFold
2,HSM7J4O5,H4024,nonIBD,0,3,StratifiedGroupKFold
2,HSM7J4O7,H4024,nonIBD,0,3,StratifiedGroupKFold
2,HSM7J4O9,H4024,nonIBD,0,3,StratifiedGroupKFold
2,HSM7J4OB,H4031,CD,1,3,StratifiedGroupKFold
2,HSM7J4OE,H4031,CD,1,3,StratifiedGroupKFold
2,HSM7J4OL,H4031,CD,1,3,StratifiedGroupKFold
2,HSM7J4ON,H4030,CD,1,2,StratifiedGroupKFold
2,HSM7J4OP,H4030,CD,1,2,StratifiedGroupKFold
2,HSM7J4OT,H4030,CD,1,2,StratifiedGroupKFold
2,HSM7J4OV,H4030,CD,1,2,StratifiedGroupKFold
2,HSM7J4OX,H4030,CD,1,2,StratifiedGroupKFold
2,HSM7J4OZ,H4032,CD,1,2,StratifiedGroupKFold
2,HSM7J4P2,H4032,CD,1,2,StratifiedGroupKFold
2,HSM7J4PA,H4031,CD,1,3,StratifiedGroupKFold
2,HSM7J4PO,H4020,CD,1,3,StratifiedGroupKFold
2,HSM7J4PQ,H4020,CD,1,3,StratifiedGroupKFold
2,HSM7J4PS,H4020,CD,1,3,StratifiedGroupKFold
2,HSM7J4PU,H4020,CD,1,3,StratifiedGroupKFold
2,HSM7J4PW,H4020,CD,1,3,StratifiedGroupKFold
2,HSM7J4PY,H4020,CD,1,3,StratifiedGroupKFold
2,HSM7J4Q1,H4032,CD,1,2,StratifiedGroupKFold
2,HSM7J4Q3,H4032,CD,1,2,StratifiedGroupKFold
2,HSM7J4Q3_P,H4032,CD,1,2,StratifiedGroupKFold
2,HSM7J4Q7,H4032,CD,1,2,StratifiedGroupKFold
2,HSM7J4Q9,H4032,CD,1,2,StratifiedGroupKFold
2,HSM7J4QB,H4015,CD,1,3,StratifiedGroupKFold
2,HSM7J4QD,H4015,CD,1,3,StratifiedGroupKFold
2,HSM7J4QF,H4015,CD,1,3,StratifiedGroupKFold
2,HSM7J4QH,H4015,CD,1,3,StratifiedGroupKFold
2,HSM7J4QJ,H4015,CD,1,3,StratifiedGroupKFold
2,HSM7J4QL,H4015,CD,1,3,StratifiedGroupKFold
2,HSM7J4QT,H4014,CD,1,3,StratifiedGroupKFold
2,HSM7J4QZ,H4013,nonIBD,0,0,StratifiedGroupKFold
2,HSM7J4R2,H4013,nonIBD,0,0,StratifiedGroupKFold
2,HSM7J4RE,H4022,nonIBD,0,0,StratifiedGroupKFold
2,HSM9JBU,H4038,CD,1,2,StratifiedGroupKFold
2,HSM9JBV,H4038,CD,1,2,StratifiedGroupKFold
2,HSM9JBW,H4038,CD,1,2,StratifiedGroupKFold
2,HSM9JTBX,H4039,CD,1,1,StratifiedGroupKFold
2,HSM9JTBY,H4039,CD,1,1,StratifiedGroupKFold
2,HSM9JTBZ,H4039,CD,1,1,StratifiedGroupKFold
2,HSM9JTC1,H4040,UC,1,0,StratifiedGroupKFold
2,HSM9JTC2,H4040,UC,1,0,StratifiedGroupKFold
2,HSM9JTC3,H4040,UC,1,0,StratifiedGroupKFold
2,HSM9JTC7,H4042,UC,1,1,StratifiedGroupKFold
2,HSM9JTC8,H4042,UC,1,1,StratifiedGroupKFold
2,HSM9UBMQ,H4044,UC,1,3,StratifiedGroupKFold
2,HSM9UBMR,H4044,UC,1,3,StratifiedGroupKFold
2,HSMA33IA,H4044,UC,1,3,StratifiedGroupKFold
2,HSMA33IC,H4044,UC,1,3,StratifiedGroupKFold
2,HSMA33IO,H4042,UC,1,1,StratifiedGroupKFold
2,HSMA33IS,H4042,UC,1,1,StratifiedGroupKFold
2,HSMA33IY,H4042,UC,1,1,StratifiedGroupKFold
2,HSMA33JB,H4031,CD,1,3,StratifiedGroupKFold
2,HSMA33JD,H4031,CD,1,3,StratifiedGroupKFold
2,HSMA33JH,H4031,CD,1,3,StratifiedGroupKFold
2,HSMA33JJ,H4031,CD,1,3,StratifiedGroupKFold
2,HSMA33JN,H4032,CD,1,2,StratifiedGroupKFold
2,HSMA33JP,H4032,CD,1,2,StratifiedGroupKFold
2,HSMA33JR,H4032,CD,1,2,StratifiedGroupKFold
2,HSMA33JT,H4032,CD,1,2,StratifiedGroupKFold
2,HSMA33JZ,H4030,CD,1,2,StratifiedGroupKFold
2,HSMA33K2,H4030,CD,1,2,StratifiedGroupKFold
2,HSMA33KE,H4038,CD,1,2,StratifiedGroupKFold
2,HSMA33KM,H4038,CD,1,2,StratifiedGroupKFold
2,HSMA33KO,H4038,CD,1,2,StratifiedGroupKFold
2,HSMA33KQ,H4039,CD,1,1,StratifiedGroupKFold
2,HSMA33KS,H4039,CD,1,1,StratifiedGroupKFold
2,HSMA33KU,H4039,CD,1,1,StratifiedGroupKFold
2,HSMA33L1,H4039,CD,1,1,StratifiedGroupKFold
2,HSMA33L3,H4028,CD,1,3,StratifiedGroupKFold
2,HSMA33LB,H4044,UC,1,3,StratifiedGroupKFold
2,HSMA33LH,H4044,UC,1,3,StratifiedGroupKFold
2,HSMA33LH_TR,H4044,UC,1,3,StratifiedGroupKFold
2,HSMA33LJ,H4044,UC,1,3,StratifiedGroupKFold
2,HSMA33LX,H4040,UC,1,0,StratifiedGroupKFold
2,HSMA33LZ,H4040,UC,1,0,StratifiedGroupKFold
2,HSMA33M2,H4040,UC,1,0,StratifiedGroupKFold
2,HSMA33M8,H4040,UC,1,0,StratifiedGroupKFold
2,HSMA33MA,H4035,UC,1,0,StratifiedGroupKFold
2,HSMA33MC,H4035,UC,1,0,StratifiedGroupKFold
2,HSMA33ME,H4035,UC,1,0,StratifiedGroupKFold
2,HSMA33MG,H4035,UC,1,0,StratifiedGroupKFold
2,HSMA33MI,H4035,UC,1,0,StratifiedGroupKFold
2,HSMA33MK,H4035,UC,1,0,StratifiedGroupKFold
2,HSMA33MV,H4032,CD,1,2,StratifiedGroupKFold
2,HSMA33MX,H4042,UC,1,1,StratifiedGroupKFold
2,HSMA33MZ,H4042,UC,1,1,StratifiedGroupKFold
2,HSMA33N4,H4042,UC,1,1,StratifiedGroupKFold
2,HSMA33NA,H4038,CD,1,2,StratifiedGroupKFold
2,HSMA33NC,H4038,CD,1,2,StratifiedGroupKFold
2,HSMA33NG,H4038,CD,1,2,StratifiedGroupKFold
2,HSMA33NG_P,H4038,CD,1,2,StratifiedGroupKFold
2,HSMA33NO,H4039,CD,1,1,StratifiedGroupKFold
2,HSMA33NQ,H4039,CD,1,1,StratifiedGroupKFold
2,HSMA33NW,H4044,UC,1,3,StratifiedGroupKFold
2,HSMA33O1,H4027,UC,1,0,StratifiedGroupKFold
2,HSMA33O3,H4027,UC,1,0,StratifiedGroupKFold
2,HSMA33O5,H4027,UC,1,0,StratifiedGroupKFold
2,HSMA33OD,H4040,UC,1,0,StratifiedGroupKFold
2,HSMA33OJ,H4040,UC,1,0,StratifiedGroupKFold
2,HSMA33OL,H4040,UC,1,0,StratifiedGroupKFold
2,HSMA33OP,H4035,UC,1,0,StratifiedGroupKFold
2,HSMA33OR,H4035,UC,1,0,StratifiedGroupKFold
2,HSMA33OT,H4035,UC,1,0,StratifiedGroupKFold
2,HSMA33OV,H4035,UC,1,0,StratifiedGroupKFold
2,HSMA33OX,H4035,UC,1,0,StratifiedGroupKFold
2,HSMA33OZ,H4035,UC,1,0,StratifiedGroupKFold
2,HSMA33P2_P,H4044,UC,1,3,StratifiedGroupKFold
2,HSMA33P6,H4044,UC,1,3,StratifiedGroupKFold
2,HSMA33PL,H4039,CD,1,1,StratifiedGroupKFold
2,HSMA33PN,H4039,CD,1,1,StratifiedGroupKFold
2,HSMA33PP,H4039,CD,1,1,StratifiedGroupKFold
2,HSMA33PX,H4038,CD,1,2,StratifiedGroupKFold
2,HSMA33PZ,H4038,CD,1,2,StratifiedGroupKFold
2,HSMA33Q6,H4038,CD,1,2,StratifiedGroupKFold
2,HSMA33RD,H4042,UC,1,1,StratifiedGroupKFold
2,HSMA33RF,H4042,UC,1,1,StratifiedGroupKFold
2,HSMA33RL,H4042,UC,1,1,StratifiedGroupKFold
2,HSMA33RR,H4044,UC,1,3,StratifiedGroupKFold
2,HSMA33RT,H4044,UC,1,3,StratifiedGroupKFold
2,HSMA33RX,H4044,UC,1,3,StratifiedGroupKFold
2,HSMA33RX_TR,H4044,UC,1,3,StratifiedGroupKFold
2,MSM5CFCU,M2008,CD,1,0,StratifiedGroupKFold
2,MSM5CFCV,M2008,CD,1,0,StratifiedGroupKFold
2,MSM5CFCW,M2008,CD,1,0,StratifiedGroupKFold
2,MSM5LLD6_P,M2008,CD,1,0,StratifiedGroupKFold
2,MSM5LLDA,M2008,CD,1,0,StratifiedGroupKFold
2,MSM5LLDC,M2008,CD,1,0,StratifiedGroupKFold
2,MSM5LLDE,M2008,CD,1,0,StratifiedGroupKFold
2,MSM5LLDI,M2008,CD,1,0,StratifiedGroupKFold
2,MSM5LLDK,M2008,CD,1,0,StratifiedGroupKFold
2,MSM5LLDM,M2008,CD,1,0,StratifiedGroupKFold
2,MSM5LLDQ,M2008,CD,1,0,StratifiedGroupKFold
2,MSM5LLDS,M2008,CD,1,0,StratifiedGroupKFold
2,MSM5LLDU,M2008,CD,1,0,StratifiedGroupKFold
2,MSM5LLEH,M2034,CD,1,0,StratifiedGroupKFold
2,MSM5LLEN,M2021,CD,1,0,StratifiedGroupKFold
2,MSM5LLEP,M2021,CD,1,0,StratifiedGroupKFold
2,MSM5LLER,M2021,CD,1,0,StratifiedGroupKFold
2,MSM5LLF2_P,M2034,CD,1,0,StratifiedGroupKFold
2,MSM5LLF4,M2034,CD,1,0,StratifiedGroupKFold
2,MSM5LLF6,M2034,CD,1,0,StratifiedGroupKFold
2,MSM5LLF8,M2034,CD,1,0,StratifiedGroupKFold
2,MSM5LLFG,M2028,CD,1,1,StratifiedGroupKFold
2,MSM5LLFG_P,M2028,CD,1,1,StratifiedGroupKFold
2,MSM5LLFK,M2026,UC,1,1,StratifiedGroupKFold
2,MSM5LLFK_P,M2026,UC,1,1,StratifiedGroupKFold
2,MSM5LLFM_P,M2026,UC,1,1,StratifiedGroupKFold
2,MSM5LLFO,M2026,UC,1,1,StratifiedGroupKFold
2,MSM5LLFO_P,M2026,UC,1,1,StratifiedGroupKFold
2,MSM5LLFU_P,M2026,UC,1,1,StratifiedGroupKFold
2,MSM5LLGN_P,M2028,CD,1,1,StratifiedGroupKFold
2,MSM5LLGR,M2028,CD,1,1,StratifiedGroupKFold
2,MSM5LLGR_P,M2028,CD,1,1,StratifiedGroupKFold
2,MSM5LLH2_P,M2027,CD,1,1,StratifiedGroupKFold
2,MSM5LLH4_P,M2027,CD,1,1,StratifiedGroupKFold
2,MSM5LLH8,M2027,CD,1,1,StratifiedGroupKFold
2,MSM5LLH8_P,M2027,CD,1,1,StratifiedGroupKFold
2,MSM5LLHA_P,M2027,CD,1,1,StratifiedGroupKFold
2,MSM5LLHC,M2027,CD,1,1,StratifiedGroupKFold
2,MSM5LLHE_P,M2025,CD,1,3,StratifiedGroupKFold
2,MSM5LLHG_P,M2025,CD,1,3,StratifiedGroupKFold
2,MSM5LLHI_P,M2025,CD,1,3,StratifiedGroupKFold
2,MSM5LLHM,M2025,CD,1,3,StratifiedGroupKFold
2,MSM5LLHO_P,M2025,CD,1,3,StratifiedGroupKFold
2,MSM5LLHQ,M2008,CD,1,0,StratifiedGroupKFold
2,MSM5LLHQ_P,M2008,CD,1,0,StratifiedGroupKFold
2,MSM5LLHR_P,M2021,CD,1,0,StratifiedGroupKFold
2,MSM5LLHV_P,M2024,UC,1,2,StratifiedGroupKFold
2,MSM5LLHX_P,M2008,CD,1,0,StratifiedGroupKFold
2,MSM5LLHZ,M2008,CD,1,0,StratifiedGroupKFold
2,MSM5LLI2_P,M2008,CD,1,0,StratifiedGroupKFold
2,MSM5LLI4_P,M2008,CD,1,0,StratifiedGroupKFold
2,MSM5LLI6_P,M2008,CD,1,0,StratifiedGroupKFold
2,MSM5LLI8_P,M2008,CD,1,0,StratifiedGroupKFold
2,MSM5LLIC,M2025,CD,1,3,StratifiedGroupKFold
2,MSM5LLIC_P,M2025,CD,1,3,StratifiedGroupKFold
2,MSM5LLIE_P,M2021,CD,1,0,StratifiedGroupKFold
2,MSM5LLIG,M2021,CD,1,0,StratifiedGroupKFold
2,MSM5LLIG_P,M2021,CD,1,0,StratifiedGroupKFold
2,MSM5LLIK,M2021,CD,1,0,StratifiedGroupKFold
2,MSM5LLIK_P,M2021,CD,1,0,StratifiedGroupKFold
2,MSM5LLIM_P,M2021,CD,1,0,StratifiedGroupKFold
2,MSM5LLIQ_P,M2026,UC,1,1,StratifiedGroupKFold
2,MSM5LLIS,M2027,CD,1,1,StratifiedGroupKFold
2,MSM5LLIS_P,M2027,CD,1,1,StratifiedGroupKFold
2,MSM5LWJ3,M2028,CD,1,1,StratifiedGroupKFold
2,MSM5LWJ4,M2028,CD,1,1,StratifiedGroupKFold
2,MSM5LWJG,M2034,CD,1,0,StratifiedGroupKFold
2,MSM5LWJH,M2034,CD,1,0,StratifiedGroupKFold
2,MSM5LWJN,M2039,nonIBD,0,0,StratifiedGroupKFold
2,MSM5LWJO,M2039,nonIBD,0,0,StratifiedGroupKFold
2,MSM5LWJS,M2041,nonIBD,0,1,StratifiedGroupKFold
2,MSM5LWJT,M2041,nonIBD,0,1,StratifiedGroupKFold
2,MSM5LWJU,M2042,nonIBD,0,1,StratifiedGroupKFold
2,MSM5LWJV,M2042,nonIBD,0,1,StratifiedGroupKFold
2,MSM5LWJZ,M2008,CD,1,0,StratifiedGroupKFold
2,MSM5LWKD,M2008,CD,1,0,StratifiedGroupKFold
2,MSM5LWKE,M2008,CD,1,0,StratifiedGroupKFold
2,MSM5LWKF,M2060,nonIBD,0,2,StratifiedGroupKFold
2,MSM5LWKG,M2060,nonIBD,0,2,StratifiedGroupKFold
2,MSM5LWKQ,M2021,CD,1,0,StratifiedGroupKFold
2,MSM5LWKR,M2021,CD,1,0,StratifiedGroupKFold
2,MSM5LWKW,M2021,CD,1,0,StratifiedGroupKFold
2,MSM5LWKX,M2021,CD,1,0,StratifiedGroupKFold
2,MSM5LWL1,M2026,UC,1,1,StratifiedGroupKFold
2,MSM5LWL2,M2026,UC,1,1,StratifiedGroupKFold
2,MSM5LWL3,M2025,CD,1,3,StratifiedGroupKFold
2,MSM5LWL4,M2025,CD,1,3,StratifiedGroupKFold
2,MSM5LWL5,M2026,UC,1,1,StratifiedGroupKFold
2,MSM5LWL6,M2027,CD,1,1,StratifiedGroupKFold
2,MSM5LWL7,M2027,CD,1,1,StratifiedGroupKFold
2,MSM6J2H9,M2039,nonIBD,0,0,StratifiedGroupKFold
2,MSM6J2HB,M2026,UC,1,1,StratifiedGroupKFold
2,MSM6J2HD,M2026,UC,1,1,StratifiedGroupKFold
2,MSM6J2HF,M2026,UC,1,1,StratifiedGroupKFold
2,MSM6J2HH,M2026,UC,1,1,StratifiedGroupKFold
2,MSM6J2HJ,M2026,UC,1,1,StratifiedGroupKFold
2,MSM6J2HL,M2026,UC,1,1,StratifiedGroupKFold
2,MSM6J2HN,M2039,nonIBD,0,0,StratifiedGroupKFold
2,MSM6J2HP,M2039,nonIBD,0,0,StratifiedGroupKFold
2,MSM6J2HR,M2039,nonIBD,0,0,StratifiedGroupKFold
2,MSM6J2HT,M2039,nonIBD,0,0,StratifiedGroupKFold
2,MSM6J2IE,M2028,CD,1,1,StratifiedGroupKFold
2,MSM6J2IG,M2028,CD,1,1,StratifiedGroupKFold
2,MSM6J2II,M2028,CD,1,1,StratifiedGroupKFold
2,MSM6J2IK,M2028,CD,1,1,StratifiedGroupKFold
2,MSM6J2IM,M2028,CD,1,1,StratifiedGroupKFold
2,MSM6J2IO,M2028,CD,1,1,StratifiedGroupKFold
2,MSM6J2J3,M2025,CD,1,3,StratifiedGroupKFold
2,MSM6J2J5,M2025,CD,1,3,StratifiedGroupKFold
2,MSM6J2JB,M2025,CD,1,3,StratifiedGroupKFold
2,MSM6J2JD,M2025,CD,1,3,StratifiedGroupKFold
2,MSM6J2JF,M2041,nonIBD,0,1,StratifiedGroupKFold
2,MSM6J2JF_P,M2041,nonIBD,0,1,StratifiedGroupKFold
2,MSM6J2JH,M2042,nonIBD,0,1,StratifiedGroupKFold
2,MSM6J2JH_P,M2042,nonIBD,0,1,StratifiedGroupKFold
2,MSM6J2JN,M2041,nonIBD,0,1,StratifiedGroupKFold
2,MSM6J2JP,M2041,nonIBD,0,1,StratifiedGroupKFold
2,MSM6J2JR,M2041,nonIBD,0,1,StratifiedGroupKFold
2,MSM6J2JT,M2041,nonIBD,0,1,StratifiedGroupKFold
2,MSM6J2JZ,M2042,nonIBD,0,1,StratifiedGroupKFold
2,MSM6J2K2,M2042,nonIBD,0,1,StratifiedGroupKFold
2,MSM6J2K4,M2042,nonIBD,0,1,StratifiedGroupKFold
2,MSM6J2K6,M2042,nonIBD,0,1,StratifiedGroupKFold
2,MSM6J2K8,M2042,nonIBD,0,1,StratifiedGroupKFold
2,MSM6J2KA,M2042,nonIBD,0,1,StratifiedGroupKFold
2,MSM6J2KC,M2027,CD,1,1,StratifiedGroupKFold
2,MSM6J2KE,M2027,CD,1,1,StratifiedGroupKFold
2,MSM6J2KM,M2027,CD,1,1,StratifiedGroupKFold
2,MSM6J2L5,M2044,CD,1,1,StratifiedGroupKFold
2,MSM6J2LB,M2008,CD,1,0,StratifiedGroupKFold
2,MSM6J2LH,M2034,CD,1,0,StratifiedGroupKFold
2,MSM6J2LJ,M2034,CD,1,0,StratifiedGroupKFold
2,MSM6J2LL,M2034,CD,1,0,StratifiedGroupKFold
2,MSM6J2LN,M2034,CD,1,0,StratifiedGroupKFold
2,MSM6J2LR,M2034,CD,1,0,StratifiedGroupKFold
2,MSM6J2LT,M2021,CD,1,0,StratifiedGroupKFold
2,MSM6J2LV,M2041,nonIBD,0,1,StratifiedGroupKFold
2,MSM6J2LW,M2048,nonIBD,0,1,StratifiedGroupKFold
2,MSM6J2LY,M2048,nonIBD,0,1,StratifiedGroupKFold
2,MSM6J2M3,M2048,nonIBD,0,1,StratifiedGroupKFold
2,MSM6J2M3_P,M2048,nonIBD,0,1,StratifiedGroupKFold
2,MSM6J2MB,M2034,CD,1,0,StratifiedGroupKFold
2,MSM6J2MD,M2034,CD,1,0,StratifiedGroupKFold
2,MSM6J2MF,M2034,CD,1,0,StratifiedGroupKFold
2,MSM6J2MH,M2034,CD,1,0,StratifiedGroupKFold
2,MSM6J2MJ,M2034,CD,1,0,StratifiedGroupKFold
2,MSM6J2ML,M2034,CD,1,0,StratifiedGroupKFold
2,MSM6J2NA,M2061,nonIBD,0,0,StratifiedGroupKFold
2,MSM6J2NW,M2058,CD,1,1,StratifiedGroupKFold
2,MSM6J2O1,M2058,CD,1,1,StratifiedGroupKFold
2,MSM6J2O3,M2058,CD,1,1,StratifiedGroupKFold
2,MSM6J2OH,M2026,UC,1,1,StratifiedGroupKFold
2,MSM6J2OJ,M2026,UC,1,1,StratifiedGroupKFold
2,MSM6J2OL,M2026,UC,1,1,StratifiedGroupKFold
2,MSM6J2ON,M2026,UC,1,1,StratifiedGroupKFold
2,MSM6J2OP,M2026,UC,1,1,StratifiedGroupKFold
2,MSM6J2P4,M2044,CD,1,1,StratifiedGroupKFold
2,MSM6J2PE,M2025,CD,1,3,StratifiedGroupKFold
2,MSM6J2PK,M2025,CD,1,3,StratifiedGroupKFold
2,MSM6J2PM,M2025,CD,1,3,StratifiedGroupKFold
2,MSM6J2PO,M2047,nonIBD,0,1,StratifiedGroupKFold
2,MSM6J2PQ_P,M2047,nonIBD,0,1,StratifiedGroupKFold
2,MSM6J2PS,M2047,nonIBD,0,1,StratifiedGroupKFold
2,MSM6J2PU,M2047,nonIBD,0,1,StratifiedGroupKFold
2,MSM6J2PW,M2047,nonIBD,0,1,StratifiedGroupKFold
2,MSM6J2Q1,M2048,nonIBD,0,1,StratifiedGroupKFold
2,MSM6J2Q3,M2028,CD,1,1,StratifiedGroupKFold
2,MSM6J2Q5,M2028,CD,1,1,StratifiedGroupKFold
2,MSM6J2Q7,M2028,CD,1,1,StratifiedGroupKFold
2,MSM6J2Q9,M2028,CD,1,1,StratifiedGroupKFold
2,MSM6J2QB,M2028,CD,1,1,StratifiedGroupKFold
2,MSM6J2QD,M2028,CD,1,1,StratifiedGroupKFold
2,MSM6J2QF,M2039,nonIBD,0,0,StratifiedGroupKFold
2,MSM6J2QH,M2039,nonIBD,0,0,StratifiedGroupKFold
2,MSM6J2QJ,M2039,nonIBD,0,0,StratifiedGroupKFold
2,MSM6J2QL,M2039,nonIBD,0,0,StratifiedGroupKFold
2,MSM6J2QP,M2039,nonIBD,0,0,StratifiedGroupKFold
2,MSM6J2R2,M2027,CD,1,1,StratifiedGroupKFold
2,MSM6J2R8,M2027,CD,1,1,StratifiedGroupKFold
2,MSM6J2RA,M2027,CD,1,1,StratifiedGroupKFold
2,MSM6J2RC,M2027,CD,1,1,StratifiedGroupKFold
2,MSM6J2RG_P,M2058,CD,1,1,StratifiedGroupKFold
2,MSM6J2RK,M2042,nonIBD,0,1,StratifiedGroupKFold
2,MSM6J2RM,M2042,nonIBD,0,1,StratifiedGroupKFold
2,MSM6J2RO,M2042,nonIBD,0,1,StratifiedGroupKFold
2,MSM6J2RQ,M2042,nonIBD,0,1,StratifiedGroupKFold
2,MSM6J2RS,M2042,nonIBD,0,1,StratifiedGroupKFold
2,MSM6J2RU,M2042,nonIBD,0,1,StratifiedGroupKFold
2,MSM6J2SE,M2041,nonIBD,0,1,StratifiedGroupKFold
2,MSM6J2SI,M2041,nonIBD,0,1,StratifiedGroupKFold
2,MSM6J2SK,M2041,nonIBD,0,1,StratifiedGroupKFold
2,MSM6J2SM,M2041,nonIBD,0,1,StratifiedGroupKFold
2,MSM719M5,M2047,nonIBD,0,1,StratifiedGroupKFold
2,MSM719M6,M2047,nonIBD,0,1,StratifiedGroupKFold
2,MSM719M9,M2061,nonIBD,0,0,StratifiedGroupKFold
2,MSM719MA,M2061,nonIBD,0,0,StratifiedGroupKFold
2,MSM719MD,M2064,UC,1,2,StratifiedGroupKFold
2,MSM719MJ,M2025,CD,1,3,StratifiedGroupKFold
2,MSM719MR,M2072,nonIBD,0,1,StratifiedGroupKFold
2,MSM719MS,M2068,CD,1,0,StratifiedGroupKFold
2,MSM719MT,M2068,CD,1,0,StratifiedGroupKFold
2,MSM719MU,M2072,nonIBD,0,1,StratifiedGroupKFold
2,MSM719MZ,M2069,UC,1,1,StratifiedGroupKFold
2,MSM719N1,M2069,UC,1,1,StratifiedGroupKFold
2,MSM719N4,M2028,CD,1,1,StratifiedGroupKFold
2,MSM719N5,M2028,CD,1,1,StratifiedGroupKFold
2,MSM719NA,M2075,nonIBD,0,2,StratifiedGroupKFold
2,MSM79H52,M2060,nonIBD,0,2,StratifiedGroupKFold
2,MSM79H52_P,M2060,nonIBD,0,2,StratifiedGroupKFold
2,MSM79H54,M2060,nonIBD,0,2,StratifiedGroupKFold
2,MSM79H58,M2060,nonIBD,0,2,StratifiedGroupKFold
2,MSM79H5A,M2060,nonIBD,0,2,StratifiedGroupKFold
2,MSM79H5E,M2061,nonIBD,0,0,StratifiedGroupKFold
2,MSM79H5G,M2061,nonIBD,0,0,StratifiedGroupKFold
2,MSM79H5K,M2061,nonIBD,0,0,StratifiedGroupKFold
2,MSM79H5M,M2061,nonIBD,0,0,StratifiedGroupKFold
2,MSM79H5Q,M2039,nonIBD,0,0,StratifiedGroupKFold
2,MSM79H5S,M2039,nonIBD,0,0,StratifiedGroupKFold
2,MSM79H5U,M2039,nonIBD,0,0,StratifiedGroupKFold
2,MSM79H5W,M2039,nonIBD,0,0,StratifiedGroupKFold
2,MSM79H5Y,M2039,nonIBD,0,0,StratifiedGroupKFold
2,MSM79H63,M2028,CD,1,1,StratifiedGroupKFold
2,MSM79H65,M2028,CD,1,1,StratifiedGroupKFold
2,MSM79H67,M2028,CD,1,1,StratifiedGroupKFold
2,MSM79H69,M2028,CD,1,1,StratifiedGroupKFold
2,MSM79H6B,M2028,CD,1,1,StratifiedGroupKFold
2,MSM79H6D,M2042,nonIBD,0,1,StratifiedGroupKFold
2,MSM79H6F,M2042,nonIBD,0,1,StratifiedGroupKFold
2,MSM79H6H,M2042,nonIBD,0,1,StratifiedGroupKFold
2,MSM79H6J,M2042,nonIBD,0,1,StratifiedGroupKFold
2,MSM79H6L,M2042,nonIBD,0,1,StratifiedGroupKFold
2,MSM79H6N,M2042,nonIBD,0,1,StratifiedGroupKFold
2,MSM79H6Y,M2048,nonIBD,0,1,StratifiedGroupKFold
2,MSM79H7C,M2071,UC,1,0,StratifiedGroupKFold
2,MSM79H7E,M2071,UC,1,0,StratifiedGroupKFold
2,MSM79H7G,M2071,UC,1,0,StratifiedGroupKFold
2,MSM79H7M,M2071,UC,1,0,StratifiedGroupKFold
2,MSM79H7O,M2047,nonIBD,0,1,StratifiedGroupKFold
2,MSM79H7Q,M2047,nonIBD,0,1,StratifiedGroupKFold
2,MSM79H7W,M2047,nonIBD,0,1,StratifiedGroupKFold
2,MSM79H7Y,M2047,nonIBD,0,1,StratifiedGroupKFold
2,MSM79H81,M2072,nonIBD,0,1,StratifiedGroupKFold
2,MSM79H83,M2072,nonIBD,0,1,StratifiedGroupKFold
2,MSM79H85,M2072,nonIBD,0,1,StratifiedGroupKFold
2,MSM79H87,M2072,nonIBD,0,1,StratifiedGroupKFold
2,MSM79H89,M2072,nonIBD,0,1,StratifiedGroupKFold
2,MSM79H8B,M2072,nonIBD,0,1,StratifiedGroupKFold
2,MSM79H8D,M2075,nonIBD,0,2,StratifiedGroupKFold
2,MSM79H8F,M2075,nonIBD,0,2,StratifiedGroupKFold
2,MSM79H8H,M2075,nonIBD,0,2,StratifiedGroupKFold
2,MSM79H8J,M2075,nonIBD,0,2,StratifiedGroupKFold
2,MSM79H8J_P,M2075,nonIBD,0,2,StratifiedGroupKFold
2,MSM79H8L,M2075,nonIBD,0,2,StratifiedGroupKFold
2,MSM79H8N,M2075,nonIBD,0,2,StratifiedGroupKFold
2,MSM79H94,M2077,nonIBD,0,3,StratifiedGroupKFold
2,MSM79H94_P,M2077,nonIBD,0,3,StratifiedGroupKFold
2,MSM79H98,M2068,CD,1,0,StratifiedGroupKFold
2,MSM79H9A,M2060,nonIBD,0,2,StratifiedGroupKFold
2,MSM79H9C,M2060,nonIBD,0,2,StratifiedGroupKFold
2,MSM79H9G,M2060,nonIBD,0,2,StratifiedGroupKFold
2,MSM79H9K,M2060,nonIBD,0,2,StratifiedGroupKFold
2,MSM79H9M,M2061,nonIBD,0,0,StratifiedGroupKFold
2,MSM79H9O,M2061,nonIBD,0,0,StratifiedGroupKFold
2,MSM79H9Q,M2061,nonIBD,0,0,StratifiedGroupKFold
2,MSM79H9W,M2061,nonIBD,0,0,StratifiedGroupKFold
2,MSM79H9Y,M2042,nonIBD,0,1,StratifiedGroupKFold
2,MSM79HA1,M2042,nonIBD,0,1,StratifiedGroupKFold
2,MSM79HA3,M2042,nonIBD,0,1,StratifiedGroupKFold
2,MSM79HA7,M2042,nonIBD,0,1,StratifiedGroupKFold
2,MSM79HAH,M2039,nonIBD,0,0,StratifiedGroupKFold
2,MSM79HAJ,M2064,UC,1,2,StratifiedGroupKFold
2,MSM79HAL,M2064,UC,1,2,StratifiedGroupKFold
2,MSM79HAN,M2064,UC,1,2,StratifiedGroupKFold
2,MSM79HAR,M2064,UC,1,2,StratifiedGroupKFold
2,MSM79HAT,M2064,UC,1,2,StratifiedGroupKFold
2,MSM79HB4,M2041,nonIBD,0,1,StratifiedGroupKFold
2,MSM79HB6,M2041,nonIBD,0,1,StratifiedGroupKFold
2,MSM79HBB,M2048,nonIBD,0,1,StratifiedGroupKFold
2,MSM79HBL,M2048,nonIBD,0,1,StratifiedGroupKFold
2,MSM79HBN,M2034,CD,1,0,StratifiedGroupKFold
2,MSM79HBP,M2034,CD,1,0,StratifiedGroupKFold
2,MSM79HBR,M2034,CD,1,0,StratifiedGroupKFold
2,MSM79HBT,M2034,CD,1,0,StratifiedGroupKFold
2,MSM79HBV,M2034,CD,1,0,StratifiedGroupKFold
2,MSM79HBX,M2068,CD,1,0,StratifiedGroupKFold
2,MSM79HBX_P,M2068,CD,1,0,StratifiedGroupKFold
2,MSM79HBZ,M2069,UC,1,1,StratifiedGroupKFold
2,MSM79HC4,M2047,nonIBD,0,1,StratifiedGroupKFold
2,MSM79HC8,M2047,nonIBD,0,1,StratifiedGroupKFold
2,MSM79HCG,M2072,nonIBD,0,1,StratifiedGroupKFold
2,MSM79HCI,M2072,nonIBD,0,1,StratifiedGroupKFold
2,MSM79HCK,M2072,nonIBD,0,1,StratifiedGroupKFold
2,MSM79HCN_P,M2072,nonIBD,0,1,StratifiedGroupKFold
2,MSM79HCP,M2072,nonIBD,0,1,StratifiedGroupKFold
2,MSM79HCR,M2072,nonIBD,0,1,StratifiedGroupKFold
2,MSM79HD6,M2071,UC,1,0,StratifiedGroupKFold
2,MSM79HD6_P,M2071,UC,1,0,StratifiedGroupKFold
2,MSM79HD8,M2069,UC,1,1,StratifiedGroupKFold
2,MSM79HD8_P,M2069,UC,1,1,StratifiedGroupKFold
2,MSM79HDA,M2069,UC,1,1,StratifiedGroupKFold
2,MSM79HDC,M2069,UC,1,1,StratifiedGroupKFold
2,MSM79HDE,M2069,UC,1,1,StratifiedGroupKFold
2,MSM79HDG,M2069,UC,1,1,StratifiedGroupKFold
2,MSM79HDG_TR,M2069,UC,1,1,StratifiedGroupKFold
2,MSM79HDI,M2069,UC,1,1,StratifiedGroupKFold
2,MSM79HDK,M2068,CD,1,0,StratifiedGroupKFold
2,MSM79HDM,M2068,CD,1,0,StratifiedGroupKFold
2,MSM79HDO,M2068,CD,1,0,StratifiedGroupKFold
2,MSM79HDQ,M2068,CD,1,0,StratifiedGroupKFold
2,MSM79HDQ_TR,M2068,CD,1,0,StratifiedGroupKFold
2,MSM79HDS,M2068,CD,1,0,StratifiedGroupKFold
2,MSM79HDU,M2068,CD,1,0,StratifiedGroupKFold
2,MSM79HDW,M2025,CD,1,3,StratifiedGroupKFold
2,MSM79HEA,M2026,UC,1,1,StratifiedGroupKFold
2,MSM79HES,M2041,nonIBD,0,1,StratifiedGroupKFold
2,MSM79HEU,M2041,nonIBD,0,1,StratifiedGroupKFold
2,MSM79HEW,M2041,nonIBD,0,1,StratifiedGroupKFold
2,MSM79HEY,M2041,nonIBD,0,1,StratifiedGroupKFold
2,MSM79HF1,M2064,UC,1,2,StratifiedGroupKFold
2,MSM79HF1_P,M2064,UC,1,2,StratifiedGroupKFold
2,MSM79HF3,M2064,UC,1,2,StratifiedGroupKFold
2,MSM79HF5,M2064,UC,1,2,StratifiedGroupKFold
2,MSM79HF7,M2064,UC,1,2,StratifiedGroupKFold
2,MSM79HF9,M2064,UC,1,2,StratifiedGroupKFold
2,MSM79HF9_TR,M2064,UC,1,2,StratifiedGroupKFold
2,MSM79HFB,M2064,UC,1,2,StratifiedGroupKFold
2,MSM79HFW,M2048,nonIBD,0,1,StratifiedGroupKFold
2,MSM79HFY,M2048,nonIBD,0,1,StratifiedGroupKFold
2,MSM7J16J,M2068,CD,1,0,StratifiedGroupKFold
2,MSM7J16L,M2068,CD,1,0,StratifiedGroupKFold
2,MSM7J16N,M2068,CD,1,0,StratifiedGroupKFold
2,MSM7J16P,M2068,CD,1,0,StratifiedGroupKFold
2,MSM7J16R,M2068,CD,1,0,StratifiedGroupKFold
2,MSM9VZEK,M2068,CD,1,0,StratifiedGroupKFold
2,MSM9VZEK_TR,M2068,CD,1,0,StratifiedGroupKFold
2,MSM9VZEM,M2068,CD,1,0,StratifiedGroupKFold
2,MSM9VZEO,M2068,CD,1,0,StratifiedGroupKFold
2,MSM9VZEQ,M2068,CD,1,0,StratifiedGroupKFold
2,MSM9VZES,M2068,CD,1,0,StratifiedGroupKFold
2,MSM9VZEU,M2069,UC,1,1,StratifiedGroupKFold
2,MSM9VZEW,M2069,UC,1,1,StratifiedGroupKFold
2,MSM9VZEY,M2069,UC,1,1,StratifiedGroupKFold
2,MSM9VZF1,M2069,UC,1,1,StratifiedGroupKFold
2,MSM9VZF3,M2069,UC,1,1,StratifiedGroupKFold
2,MSM9VZF5,M2069,UC,1,1,StratifiedGroupKFold
2,MSM9VZF7,M2060,nonIBD,0,2,StratifiedGroupKFold
2,MSM9VZFF,M2060,nonIBD,0,2,StratifiedGroupKFold
2,MSM9VZFH,M2060,nonIBD,0,2,StratifiedGroupKFold
2,MSM9VZFJ,M2079,nonIBD,0,1,StratifiedGroupKFold
2,MSM9VZFJ_P,M2079,nonIBD,0,1,StratifiedGroupKFold
2,MSM9VZFL,M2079,nonIBD,0,1,StratifiedGroupKFold
2,MSM9VZFN,M2079,nonIBD,0,1,StratifiedGroupKFold
2,MSM9VZFR,M2079,nonIBD,0,1,StratifiedGroupKFold
2,MSM9VZFT,M2079,nonIBD,0,1,StratifiedGroupKFold
2,MSM9VZFV,M2058,CD,1,1,StratifiedGroupKFold
2,MSM9VZGO,M2061,nonIBD,0,0,StratifiedGroupKFold
2,MSM9VZGS,M2061,nonIBD,0,0,StratifiedGroupKFold
2,MSM9VZGU,M2061,nonIBD,0,0,StratifiedGroupKFold
2,MSM9VZGW,M2075,nonIBD,0,2,StratifiedGroupKFold
2,MSM9VZGY,M2075,nonIBD,0,2,StratifiedGroupKFold
2,MSM9VZH1,M2075,nonIBD,0,2,StratifiedGroupKFold
2,MSM9VZH7,M2075,nonIBD,0,2,StratifiedGroupKFold
2,MSM9VZHB,M2061,nonIBD,0,0,StratifiedGroupKFold
2,MSM9VZHD,M2061,nonIBD,0,0,StratifiedGroupKFold
2,MSM9VZHF,M2061,nonIBD,0,0,StratifiedGroupKFold
2,MSM9VZHJ,M2072,nonIBD,0,1,StratifiedGroupKFold
2,MSM9VZHL,M2072,nonIBD,0,1,StratifiedGroupKFold
2,MSM9VZHN,M2072,nonIBD,0,1,StratifiedGroupKFold
2,MSM9VZHP,M2072,nonIBD,0,1,StratifiedGroupKFold
2,MSM9VZHR,M2072,nonIBD,0,1,StratifiedGroupKFold
2,MSM9VZHT,M2072,nonIBD,0,1,StratifiedGroupKFold
2,MSM9VZHX,M2077,nonIBD,0,3,StratifiedGroupKFold
2,MSM9VZHZ,M2077,nonIBD,0,3,StratifiedGroupKFold
2,MSM9VZI2,M2077,nonIBD,0,3,StratifiedGroupKFold
2,MSM9VZI6,M2077,nonIBD,0,3,StratifiedGroupKFold
2,MSM9VZIM,M2083,UC,1,2,StratifiedGroupKFold
2,MSM9VZIO,M2083,UC,1,2,StratifiedGroupKFold
2,MSM9VZIQ,M2083,UC,1,2,StratifiedGroupKFold
2,MSM9VZIS,M2083,UC,1,2,StratifiedGroupKFold
2,MSM9VZIU,M2083,UC,1,2,StratifiedGroupKFold
2,MSM9VZIW,M2083,UC,1,2,StratifiedGroupKFold
2,MSM9VZIY,M2085,CD,1,0,StratifiedGroupKFold
2,MSM9VZJ3,M2085,CD,1,0,StratifiedGroupKFold
2,MSM9VZJB,M2068,CD,1,0,StratifiedGroupKFold
2,MSM9VZJZ,M2075,nonIBD,0,2,StratifiedGroupKFold
2,MSM9VZKC,M2079,nonIBD,0,1,StratifiedGroupKFold
2,MSM9VZKE,M2079,nonIBD,0,1,StratifiedGroupKFold
2,MSM9VZKI,M2079,nonIBD,0,1,StratifiedGroupKFold
2,MSM9VZL5,M2097,nonIBD,0,0,StratifiedGroupKFold
2,MSM9VZLJ,M2061,nonIBD,0,0,StratifiedGroupKFold
2,MSM9VZLL,M2064,UC,1,2,StratifiedGroupKFold
2,MSM9VZLN,M2064,UC,1,2,StratifiedGroupKFold
2,MSM9VZLP,M2064,UC,1,2,StratifiedGroupKFold
2,MSM9VZLR,M2064,UC,1,2,StratifiedGroupKFold
2,MSM9VZLT,M2064,UC,1,2,StratifiedGroupKFold
2,MSM9VZLV,M2064,UC,1,2,StratifiedGroupKFold
2,MSM9VZLX_P,M2082,CD,1,1,StratifiedGroupKFold
2,MSM9VZLZ,M2083,UC,1,2,StratifiedGroupKFold
2,MSM9VZM4,M2085,CD,1,0,StratifiedGroupKFold
2,MSM9VZM4_P,M2085,CD,1,0,StratifiedGroupKFold
2,MSM9VZMA,M2077,nonIBD,0,3,StratifiedGroupKFold
2,MSM9VZMA_TR,M2077,nonIBD,0,3,StratifiedGroupKFold
2,MSM9VZMC,M2077,nonIBD,0,3,StratifiedGroupKFold
2,MSM9VZME,M2077,nonIBD,0,3,StratifiedGroupKFold
2,MSM9VZMI,M2077,nonIBD,0,3,StratifiedGroupKFold
2,MSM9VZNH,M2047,nonIBD,0,1,StratifiedGroupKFold
2,MSM9VZNH_TR,M2047,nonIBD,0,1,StratifiedGroupKFold
2,MSM9VZNL,M2047,nonIBD,0,1,StratifiedGroupKFold
2,MSM9VZNR,M2083,UC,1,2,StratifiedGroupKFold
2,MSM9VZNX,M2083,UC,1,2,StratifiedGroupKFold
2,MSM9VZNZ,M2083,UC,1,2,StratifiedGroupKFold
2,MSM9VZO2,M2083,UC,1,2,StratifiedGroupKFold
2,MSM9VZOG,M2072,nonIBD,0,1,StratifiedGroupKFold
2,MSM9VZOI,M2072,nonIBD,0,1,StratifiedGroupKFold
2,MSM9VZOK,M2072,nonIBD,0,1,StratifiedGroupKFold
2,MSM9VZOM,M2072,nonIBD,0,1,StratifiedGroupKFold
2,MSM9VZOO,M2072,nonIBD,0,1,StratifiedGroupKFold
2,MSM9VZOQ,M2072,nonIBD,0,1,StratifiedGroupKFold
2,MSM9VZOS,M2069,UC,1,1,StratifiedGroupKFold
2,MSM9VZOU,M2069,UC,1,1,StratifiedGroupKFold
2,MSM9VZOW,M2069,UC,1,1,StratifiedGroupKFold
2,MSM9VZOY,M2069,UC,1,1,StratifiedGroupKFold
2,MSM9VZP1,M2069,UC,1,1,StratifiedGroupKFold
2,MSM9VZP3,M2069,UC,1,1,StratifiedGroupKFold
2,MSM9VZPH,M2085,CD,1,0,StratifiedGroupKFold
2,MSM9VZPL,M2085,CD,1,0,StratifiedGroupKFold
2,MSM9VZPN,M2085,CD,1,0,StratifiedGroupKFold
2,MSM9VZPT,M2060,nonIBD,0,2,StratifiedGroupKFold
2,MSM9VZPV,M2060,nonIBD,0,2,StratifiedGroupKFold
2,MSMA2688,M2064,UC,1,2,StratifiedGroupKFold
2,MSMA26AL,M2068,CD,1,0,StratifiedGroupKFold
2,MSMA26AN,M2068,CD,1,0,StratifiedGroupKFold
2,MSMA26AP,M2068,CD,1,0,StratifiedGroupKFold
2,MSMA26AR,M2068,CD,1,0,StratifiedGroupKFold
2,MSMA26AT,M2068,CD,1,0,StratifiedGroupKFold
2,MSMA26AV,M2071,UC,1,0,StratifiedGroupKFold
2,MSMA26AX,M2071,UC,1,0,StratifiedGroupKFold
2,MSMA26AZ,M2071,UC,1,0,StratifiedGroupKFold
2,MSMA26AZ_TR,M2071,UC,1,0,StratifiedGroupKFold
2,MSMA26BN,M2079,nonIBD,0,1,StratifiedGroupKFold
2,MSMA26BR,M2079,nonIBD,0,1,StratifiedGroupKFold
2,MSMA26BT,M2079,nonIBD,0,1,StratifiedGroupKFold
2,MSMA26BV,M2079,nonIBD,0,1,StratifiedGroupKFold
2,MSMA26BX,M2079,nonIBD,0,1,StratifiedGroupKFold
2,MSMA26CV,M2085,CD,1,0,StratifiedGroupKFold
2,MSMA26CX,M2085,CD,1,0,StratifiedGroupKFold
2,MSMA26DG,M2097,nonIBD,0,0,StratifiedGroupKFold
2,MSMA26DI,M2097,nonIBD,0,0,StratifiedGroupKFold
2,MSMA26DK,M2097,nonIBD,0,0,StratifiedGroupKFold
2,MSMA26DM,M2097,nonIBD,0,0,StratifiedGroupKFold
2,MSMA26DO,M2097,nonIBD,0,0,StratifiedGroupKFold
2,MSMA26EH,M2069,UC,1,1,StratifiedGroupKFold
2,MSMA26EJ,M2069,UC,1,1,StratifiedGroupKFold
2,MSMA26EL,M2069,UC,1,1,StratifiedGroupKFold
2,MSMA26EN,M2069,UC,1,1,StratifiedGroupKFold
2,MSMA26EP,M2069,UC,1,1,StratifiedGroupKFold
2,MSMA26ER,M2064,UC,1,2,StratifiedGroupKFold
2,MSMA26ET,M2064,UC,1,2,StratifiedGroupKFold
2,MSMA26EV,M2064,UC,1,2,StratifiedGroupKFold
2,MSMA26EZ,M2064,UC,1,2,StratifiedGroupKFold
2,MSMAKNES,M2064,UC,1,2,StratifiedGroupKFold
2,MSMAKNET,M2064,UC,1,2,StratifiedGroupKFold
2,MSMAPC55,M2083,UC,1,2,StratifiedGroupKFold
2,MSMAPC57,M2083,UC,1,2,StratifiedGroupKFold
2,MSMAPC59,M2083,UC,1,2,StratifiedGroupKFold
2,MSMAPC5B,M2083,UC,1,2,StratifiedGroupKFold
2,MSMAPC5D,M2083,UC,1,2,StratifiedGroupKFold
2,MSMAPC5F,M2097,nonIBD,0,0,StratifiedGroupKFold
2,MSMAPC5H,M2097,nonIBD,0,0,StratifiedGroupKFold
2,MSMAPC5L,M2097,nonIBD,0,0,StratifiedGroupKFold
2,MSMAPC6A,M2085,CD,1,0,StratifiedGroupKFold
2,MSMAPC6C,M2085,CD,1,0,StratifiedGroupKFold
2,MSMAPC6E,M2085,CD,1,0,StratifiedGroupKFold
2,MSMAPC6G,M2085,CD,1,0,StratifiedGroupKFold
2,MSMAPC7D,M2075,nonIBD,0,2,StratifiedGroupKFold
2,MSMAPC7J,M2075,nonIBD,0,2,StratifiedGroupKFold
2,MSMAPC7P,M2077,nonIBD,0,3,StratifiedGroupKFold
2,MSMAPC7R,M2077,nonIBD,0,3,StratifiedGroupKFold
2,MSMAPC7T,M2077,nonIBD,0,3,StratifiedGroupKFold
2,MSMB4LXS,M2097,nonIBD,0,0,StratifiedGroupKFold
2,MSMB4LXW,M2097,nonIBD,0,0,StratifiedGroupKFold
2,MSMB4LXY,M2085,CD,1,0,StratifiedGroupKFold
2,MSMB4LYB,M2085,CD,1,0,StratifiedGroupKFold
2,MSMB4LZ4,M2071,UC,1,0,StratifiedGroupKFold
2,MSMB4LZ8,M2079,nonIBD,0,1,StratifiedGroupKFold
2,MSMB4LZC,M2077,nonIBD,0,3,StratifiedGroupKFold
2,MSMB4LZK,M2097,nonIBD,0,0,StratifiedGroupKFold
2,MSMB4LZP,M2083,UC,1,2,StratifiedGroupKFold
2,MSMB4LZR,M2083,UC,1,2,StratifiedGroupKFold
2,PSM6XBQM,P6005,CD,1,0,StratifiedGroupKFold
2,PSM6XBQM_P,P6005,CD,1,0,StratifiedGroupKFold
2,PSM6XBQS,P6005,CD,1,0,StratifiedGroupKFold
2,PSM6XBQU,P6005,CD,1,0,StratifiedGroupKFold
2,PSM6XBQY,P6005,CD,1,0,StratifiedGroupKFold
2,PSM6XBQY_TR,P6005,CD,1,0,StratifiedGroupKFold
2,PSM6XBR1,P6005,CD,1,0,StratifiedGroupKFold
2,PSM6XBRK,P6009,CD,1,3,StratifiedGroupKFold
2,PSM6XBRK_P,P6009,CD,1,3,StratifiedGroupKFold
2,PSM6XBRK_TR,P6009,CD,1,3,StratifiedGroupKFold
2,PSM6XBRM_P,P6010,CD,1,2,StratifiedGroupKFold
2,PSM6XBS2_P,P6009,CD,1,3,StratifiedGroupKFold
2,PSM6XBS4,P6009,CD,1,3,StratifiedGroupKFold
2,PSM6XBS4_P,P6009,CD,1,3,StratifiedGroupKFold
2,PSM6XBS6,P6009,CD,1,3,StratifiedGroupKFold
2,PSM6XBS8,P6009,CD,1,3,StratifiedGroupKFold
2,PSM6XBSA,P6009,CD,1,3,StratifiedGroupKFold
2,PSM6XBSC_P,P6009,CD,1,3,StratifiedGroupKFold
2,PSM6XBSE,P6012,UC,1,0,StratifiedGroupKFold
2,PSM6XBSE_P,P6012,UC,1,0,StratifiedGroupKFold
2,PSM6XBSG_P,P6013,UC,1,3,StratifiedGroupKFold
2,PSM6XBSI,P6010,CD,1,2,StratifiedGroupKFold
2,PSM6XBSK,P6010,CD,1,2,StratifiedGroupKFold
2,PSM6XBSM,P6010,CD,1,2,StratifiedGroupKFold
2,PSM6XBSO,P6010,CD,1,2,StratifiedGroupKFold
2,PSM6XBSS,P6005,CD,1,0,StratifiedGroupKFold
2,PSM6XBSU,P6005,CD,1,0,StratifiedGroupKFold
2,PSM6XBSU_TR,P6005,CD,1,0,StratifiedGroupKFold
2,PSM6XBT1,P6005,CD,1,0,StratifiedGroupKFold
2,PSM6XBT3,P6013,UC,1,3,StratifiedGroupKFold
2,PSM6XBT5,P6013,UC,1,3,StratifiedGroupKFold
2,PSM6XBT7,P6013,UC,1,3,StratifiedGroupKFold
2,PSM6XBT9,P6013,UC,1,3,StratifiedGroupKFold
2,PSM6XBTB,P6013,UC,1,3,StratifiedGroupKFold
2,PSM6XBTD,P6013,UC,1,3,StratifiedGroupKFold
2,PSM6XBTF,P6009,CD,1,3,StratifiedGroupKFold
2,PSM6XBTF_P,P6009,CD,1,3,StratifiedGroupKFold
2,PSM6XBTH,P6009,CD,1,3,StratifiedGroupKFold
2,PSM6XBTH_P,P6009,CD,1,3,StratifiedGroupKFold
2,PSM6XBTL,P6009,CD,1,3,StratifiedGroupKFold
2,PSM6XBTN_P,P6009,CD,1,3,StratifiedGroupKFold
2,PSM6XBTP,P6009,CD,1,3,StratifiedGroupKFold
2,PSM6XBTR,P6014,nonIBD,0,3,StratifiedGroupKFold
2,PSM6XBTT,P6014,nonIBD,0,3,StratifiedGroupKFold
2,PSM6XBTV,P6014,nonIBD,0,3,StratifiedGroupKFold
2,PSM6XBTX,P6014,nonIBD,0,3,StratifiedGroupKFold
2,PSM6XBTZ,P6014,nonIBD,0,3,StratifiedGroupKFold
2,PSM6XBTZ_P,P6014,nonIBD,0,3,StratifiedGroupKFold
2,PSM6XBU2,P6014,nonIBD,0,3,StratifiedGroupKFold
2,PSM6XBUG,P6010,CD,1,2,StratifiedGroupKFold
2,PSM6XBUI,P6010,CD,1,2,StratifiedGroupKFold
2,PSM6XBUK,P6010,CD,1,2,StratifiedGroupKFold
2,PSM6XBUM,P6010,CD,1,2,StratifiedGroupKFold
2,PSM6XBUO,P6010,CD,1,2,StratifiedGroupKFold
2,PSM6XBUQ,P6010,CD,1,2,StratifiedGroupKFold
2,PSM6XBV2,P6010,CD,1,2,StratifiedGroupKFold
2,PSM6XBV4,P6010,CD,1,2,StratifiedGroupKFold
2,PSM6XBVI,P6012,UC,1,0,StratifiedGroupKFold
2,PSM6XBVK,P6012,UC,1,0,StratifiedGroupKFold
2,PSM6XBVM,P6012,UC,1,0,StratifiedGroupKFold
2,PSM6XBVO,P6012,UC,1,0,StratifiedGroupKFold
2,PSM6XBVQ,P6012,UC,1,0,StratifiedGroupKFold
2,PSM6XBVS,P6012,UC,1,0,StratifiedGroupKFold
2,PSM6XBVY,P6016,CD,1,2,StratifiedGroupKFold
2,PSM6XBVY_P,P6016,CD,1,2,StratifiedGroupKFold
2,PSM6XBW1_P,P6017,nonIBD,0,2,StratifiedGroupKFold
2,PSM6XBW3,P6018,nonIBD,0,0,StratifiedGroupKFold
2,PSM6XBZC,P6005,CD,1,0,StratifiedGroupKFold
2,PSM6XBZD,P6005,CD,1,0,StratifiedGroupKFold
2,PSM6XBZI,P6009,CD,1,3,StratifiedGroupKFold
2,PSM6XBZJ,P6009,CD,1,3,StratifiedGroupKFold
2,PSM6XBZO,P6012,UC,1,0,StratifiedGroupKFold
2,PSM6XBZP,P6012,UC,1,0,StratifiedGroupKFold
2,PSM6XBZQ,P6013,UC,1,3,StratifiedGroupKFold
2,PSM6XBZR,P6013,UC,1,3,StratifiedGroupKFold
2,PSM6XBZW,P6014,nonIBD,0,3,StratifiedGroupKFold
2,PSM6XBZX,P6014,nonIBD,0,3,StratifiedGroupKFold
2,PSM6XBZY,P6016,CD,1,2,StratifiedGroupKFold
2,PSM6XBZZ,P6016,CD,1,2,StratifiedGroupKFold
2,PSM6XC12,P6017,nonIBD,0,2,StratifiedGroupKFold
2,PSM6XC13,P6018,nonIBD,0,0,StratifiedGroupKFold
2,PSM6XC14,P6018,nonIBD,0,0,StratifiedGroupKFold
2,PSM6XC15,P6016,CD,1,2,StratifiedGroupKFold
2,PSM7J127,P6013,UC,1,3,StratifiedGroupKFold
2,PSM7J129,P6013,UC,1,3,StratifiedGroupKFold
2,PSM7J12B,P6013,UC,1,3,StratifiedGroupKFold
2,PSM7J12D,P6013,UC,1,3,StratifiedGroupKFold
2,PSM7J12F,P6013,UC,1,3,StratifiedGroupKFold
2,PSM7J12J,P6024,CD,1,1,StratifiedGroupKFold
2,PSM7J12R,P6024,CD,1,1,StratifiedGroupKFold
2,PSM7J12V,P6025,UC,1,2,StratifiedGroupKFold
2,PSM7J12Z,P6025,UC,1,2,StratifiedGroupKFold
2,PSM7J134,P6025,UC,1,2,StratifiedGroupKFold
2,PSM7J136,P6005,CD,1,0,StratifiedGroupKFold
2,PSM7J13A,P6005,CD,1,0,StratifiedGroupKFold
2,PSM7J13E,P6005,CD,1,0,StratifiedGroupKFold
2,PSM7J13U_P,P6009,CD,1,3,StratifiedGroupKFold
2,PSM7J13Y,P6009,CD,1,3,StratifiedGroupKFold
2,PSM7J13Y_P,P6009,CD,1,3,StratifiedGroupKFold
2,PSM7J141,P6009,CD,1,3,StratifiedGroupKFold
2,PSM7J143,P6009,CD,1,3,StratifiedGroupKFold
2,PSM7J143_P,P6009,CD,1,3,StratifiedGroupKFold
2,PSM7J14L,P6010,CD,1,2,StratifiedGroupKFold
2,PSM7J14N,P6010,CD,1,2,StratifiedGroupKFold
2,PSM7J14P,P6010,CD,1,2,StratifiedGroupKFold
2,PSM7J14R,P6010,CD,1,2,StratifiedGroupKFold
2,PSM7J14T,P6010,CD,1,2,StratifiedGroupKFold
2,PSM7J14X,P6014,nonIBD,0,3,StratifiedGroupKFold
2,PSM7J154,P6014,nonIBD,0,3,StratifiedGroupKFold
2,PSM7J156,P6014,nonIBD,0,3,StratifiedGroupKFold
2,PSM7J158,P6016,CD,1,2,StratifiedGroupKFold
2,PSM7J15A,P6016,CD,1,2,StratifiedGroupKFold
2,PSM7J15G,P6016,CD,1,2,StratifiedGroupKFold
2,PSM7J15I,P6016,CD,1,2,StratifiedGroupKFold
2,PSM7J15K,P6018,nonIBD,0,0,StratifiedGroupKFold
2,PSM7J15M,P6018,nonIBD,0,0,StratifiedGroupKFold
2,PSM7J15O,P6018,nonIBD,0,0,StratifiedGroupKFold
2,PSM7J15Q,P6018,nonIBD,0,0,StratifiedGroupKFold
2,PSM7J15S,P6018,nonIBD,0,0,StratifiedGroupKFold
2,PSM7J15U,P6018,nonIBD,0,0,StratifiedGroupKFold
2,PSM7J169,P6013,UC,1,3,StratifiedGroupKFold
2,PSM7J16B,P6013,UC,1,3,StratifiedGroupKFold
2,PSM7J16F,P6013,UC,1,3,StratifiedGroupKFold
2,PSM7J16H,P6013,UC,1,3,StratifiedGroupKFold
2,PSM7J16U,P6017,nonIBD,0,2,StratifiedGroupKFold
2,PSM7J16W,P6017,nonIBD,0,2,StratifiedGroupKFold
2,PSM7J16Y,P6017,nonIBD,0,2,StratifiedGroupKFold
2,PSM7J171,P6017,nonIBD,0,2,StratifiedGroupKFold
2,PSM7J173,P6017,nonIBD,0,2,StratifiedGroupKFold
2,PSM7J17L,P6016,CD,1,2,StratifiedGroupKFold
2,PSM7J17T,P6016,CD,1,2,StratifiedGroupKFold
2,PSM7J17V,P6018,nonIBD,0,0,StratifiedGroupKFold
2,PSM7J17X,P6018,nonIBD,0,0,StratifiedGroupKFold
2,PSM7J17Z,P6018,nonIBD,0,0,StratifiedGroupKFold
2,PSM7J182,P6018,nonIBD,0,0,StratifiedGroupKFold
2,PSM7J184,P6018,nonIBD,0,0,StratifiedGroupKFold
2,PSM7J186,P6018,nonIBD,0,0,StratifiedGroupKFold
2,PSM7J18E,P6010,CD,1,2,StratifiedGroupKFold
2,PSM7J18G,P6010,CD,1,2,StratifiedGroupKFold
2,PSM7J18I,P6010,CD,1,2,StratifiedGroupKFold
2,PSM7J18K,P6010,CD,1,2,StratifiedGroupKFold
2,PSM7J18M,P6010,CD,1,2,StratifiedGroupKFold
2,PSM7J18Q,P6012,UC,1,0,StratifiedGroupKFold
2,PSM7J193,P6013,UC,1,3,StratifiedGroupKFold
2,PSM7J195,P6024,CD,1,1,StratifiedGroupKFold
2,PSM7J199,P6016,CD,1,2,StratifiedGroupKFold
2,PSM7J19B,P6016,CD,1,2,StratifiedGroupKFold
2,PSM7J19F,P6016,CD,1,2,StratifiedGroupKFold
2,PSM7J19H,P6016,CD,1,2,StratifiedGroupKFold
2,PSM7J19J,P6016,CD,1,2,StratifiedGroupKFold
2,PSM7J19N,P6017,nonIBD,0,2,StratifiedGroupKFold
2,PSM7J19P,P6017,nonIBD,0,2,StratifiedGroupKFold
2,PSM7J19R,P6017,nonIBD,0,2,StratifiedGroupKFold
2,PSM7J19T,P6017,nonIBD,0,2,StratifiedGroupKFold
2,PSM7J19V,P6017,nonIBD,0,2,StratifiedGroupKFold
2,PSM7J19X_P,P6018,nonIBD,0,0,StratifiedGroupKFold
2,PSM7J19Z,P6018,nonIBD,0,0,StratifiedGroupKFold
2,PSM7J1A2,P6018,nonIBD,0,0,StratifiedGroupKFold
2,PSM7J1A4,P6018,nonIBD,0,0,StratifiedGroupKFold
2,PSM7J1A6,P6018,nonIBD,0,0,StratifiedGroupKFold
2,PSM7J1A8,P6018,nonIBD,0,0,StratifiedGroupKFold
2,PSM7J1AM,P6013,UC,1,3,StratifiedGroupKFold
2,PSM7J1AO,P6013,UC,1,3,StratifiedGroupKFold
2,PSM7J1AQ,P6013,UC,1,3,StratifiedGroupKFold
2,PSM7J1AS,P6013,UC,1,3,StratifiedGroupKFold
2,PSM7J1AU,P6013,UC,1,3,StratifiedGroupKFold
2,PSM7J1AW,P6013,UC,1,3,StratifiedGroupKFold
2,PSM7J1B7,P6012,UC,1,0,StratifiedGroupKFold
2,PSM7J1B9,P6012,UC,1,0,StratifiedGroupKFold
2,PSM7J1BB,P6012,UC,1,0,StratifiedGroupKFold
2,PSM7J1BD,P6012,UC,1,0,StratifiedGroupKFold
2,PSM7J1BF,P6012,UC,1,0,StratifiedGroupKFold
2,PSM7J1BH,P6012,UC,1,0,StratifiedGroupKFold
2,PSM7J1BJ,P6024,CD,1,1,StratifiedGroupKFold
2,PSM7J1BL,P6024,CD,1,1,StratifiedGroupKFold
2,PSM7J1BN,P6024,CD,1,1,StratifiedGroupKFold
2,PSM7J1BN_P,P6024,CD,1,1,StratifiedGroupKFold
2,PSM7J1BP,P6024,CD,1,1,StratifiedGroupKFold
2,PSM7J1BR,P6024,CD,1,1,StratifiedGroupKFold
2,PSM7J1BV,P6025,UC,1,2,StratifiedGroupKFold
2,PSM7J1BX,P6025,UC,1,2,StratifiedGroupKFold
2,PSM7J1C2_P,P6025,UC,1,2,StratifiedGroupKFold
2,PSM7J1C4,P6025,UC,1,2,StratifiedGroupKFold
2,PSM7J1C8,P6005,CD,1,0,StratifiedGroupKFold
2,PSM7J1CC,P6005,CD,1,0,StratifiedGroupKFold
2,PSM7J1CG,P6005,CD,1,0,StratifiedGroupKFold
2,PSM7J1CI,P6005,CD,1,0,StratifiedGroupKFold
2,PSM7J1CK,P6009,CD,1,3,StratifiedGroupKFold
2,PSM7J1CK_P,P6009,CD,1,3,StratifiedGroupKFold
2,PSM7J1CS_P,P6009,CD,1,3,StratifiedGroupKFold
2,PSM7J1CU,P6009,CD,1,3,StratifiedGroupKFold
2,PSM7J1DF,P6014,nonIBD,0,3,StratifiedGroupKFold
2,PSM7J1DH,P6014,nonIBD,0,3,StratifiedGroupKFold
2,PSM7J1DL,P6014,nonIBD,0,3,StratifiedGroupKFold
2,PSM7J4EF,P6037,CD,1,2,StratifiedGroupKFold
2,PSM7J4EU,P6024,CD,1,1,StratifiedGroupKFold
2,PSM7J4EV,P6024,CD,1,1,StratifiedGroupKFold
2,PSM7J4EW,P6025,UC,1,2,StratifiedGroupKFold
2,PSM7J4EX,P6025,UC,1,2,StratifiedGroupKFold
2,PSM7J4FL,P6016,CD,1,2,StratifiedGroupKFold
2,PSMA263M,P6024,CD,1,1,StratifiedGroupKFold
2,PSMA263S,P6024,CD,1,1,StratifiedGroupKFold
2,PSMA263U,P6024,CD,1,1,StratifiedGroupKFold
2,PSMA263W,P6024,CD,1,1,StratifiedGroupKFold
2,PSMA2644,P6017,nonIBD,0,2,StratifiedGroupKFold
2,PSMA2646,P6017,nonIBD,0,2,StratifiedGroupKFold
2,PSMA264K,P6025,UC,1,2,StratifiedGroupKFold
2,PSMA265D,P6018,nonIBD,0,0,StratifiedGroupKFold
2,PSMA265F,P6018,nonIBD,0,0,StratifiedGroupKFold
2,PSMA265H,P6018,nonIBD,0,0,StratifiedGroupKFold
2,PSMA265J,P6018,nonIBD,0,0,StratifiedGroupKFold
2,PSMA265J_TR,P6018,nonIBD,0,0,StratifiedGroupKFold
2,PSMA265L,P6018,nonIBD,0,0,StratifiedGroupKFold
2,PSMA265N,P6016,CD,1,2,StratifiedGroupKFold
2,PSMA265T,P6016,CD,1,2,StratifiedGroupKFold
2,PSMA265V,P6016,CD,1,2,StratifiedGroupKFold
2,PSMA265X,P6038,UC,1,1,StratifiedGroupKFold
2,PSMA266I,P6037,CD,1,2,StratifiedGroupKFold
2,PSMA266M,P6037,CD,1,2,StratifiedGroupKFold
2,PSMA266O,P6037,CD,1,2,StratifiedGroupKFold
2,PSMA266Q,P6037,CD,1,2,StratifiedGroupKFold
2,PSMA266U,P6038,UC,1,1,StratifiedGroupKFold
2,PSMA266Y,P6038,UC,1,1,StratifiedGroupKFold
2,PSMA2671,P6038,UC,1,1,StratifiedGroupKFold
2,PSMA2675,P6038,UC,1,1,StratifiedGroupKFold
2,PSMA269G,P6037,CD,1,2,StratifiedGroupKFold
2,PSMA269I,P6037,CD,1,2,StratifiedGroupKFold
2,PSMA269O,P6037,CD,1,2,StratifiedGroupKFold
2,PSMA269S,P6038,UC,1,1,StratifiedGroupKFold
2,PSMA269W,P6038,UC,1,1,StratifiedGroupKFold
2,PSMA26A1,P6038,UC,1,1,StratifiedGroupKFold
2,PSMA26A3,P6038,UC,1,1,StratifiedGroupKFold
2,PSMB4MBQ,P6037,CD,1,2,StratifiedGroupKFold
2,PSMB4MBS,P6037,CD,1,2,StratifiedGroupKFold
2,PSMB4MC1,P6038,UC,1,1,StratifiedGroupKFold
2,PSMB4MC3,P6038,UC,1,1,StratifiedGroupKFold
2,PSMB4MC5,P6038,UC,1,1,StratifiedGroupKFold
3,206458,M2021,CD,1,0,StratifiedGroupKFold
3,206460,M2014,CD,1,2,StratifiedGroupKFold
3,206461,M2025,CD,1,1,StratifiedGroupKFold
3,206463,M2028,CD,1,2,StratifiedGroupKFold
3,206465,M2027,CD,1,3,StratifiedGroupKFold
3,206466,M2014,CD,1,2,StratifiedGroupKFold
3,206468,M2021,CD,1,0,StratifiedGroupKFold
3,206471,M2039,nonIBD,0,0,StratifiedGroupKFold
3,206473,M2028,CD,1,2,StratifiedGroupKFold
3,206494,H4001,CD,1,3,StratifiedGroupKFold
3,206497,H4004,CD,1,0,StratifiedGroupKFold
3,206499,H4008,nonIBD,0,3,StratifiedGroupKFold
3,206502,H4001,CD,1,3,StratifiedGroupKFold
3,206504,H4010,UC,1,3,StratifiedGroupKFold
3,206507,H4013,nonIBD,0,0,StratifiedGroupKFold
3,206508,H4014,CD,1,1,StratifiedGroupKFold
3,206510,H4001,CD,1,3,StratifiedGroupKFold
3,206511,H4004,CD,1,0,StratifiedGroupKFold
3,206512,H4016,nonIBD,0,2,StratifiedGroupKFold
3,206513,H4015,CD,1,2,StratifiedGroupKFold
3,206528,E5013,CD,1,2,StratifiedGroupKFold
3,206529,E5009,CD,1,0,StratifiedGroupKFold
3,206547,M2014,CD,1,2,StratifiedGroupKFold
3,206548,M2014,CD,1,2,StratifiedGroupKFold
3,206561,M2021,CD,1,0,StratifiedGroupKFold
3,206562,M2021,CD,1,0,StratifiedGroupKFold
3,206563,M2021,CD,1,0,StratifiedGroupKFold
3,206564,M2021,CD,1,0,StratifiedGroupKFold
3,206569,M2025,CD,1,1,StratifiedGroupKFold
3,206570,M2025,CD,1,1,StratifiedGroupKFold
3,206604,M2027,CD,1,3,StratifiedGroupKFold
3,206605,M2027,CD,1,3,StratifiedGroupKFold
3,206608,M2028,CD,1,2,StratifiedGroupKFold
3,206609,M2028,CD,1,2,StratifiedGroupKFold
3,206614,C3001,CD,1,3,StratifiedGroupKFold
3,206615,C3001,CD,1,3,StratifiedGroupKFold
3,206616,C3002,CD,1,1,StratifiedGroupKFold
3,206617,C3002,CD,1,1,StratifiedGroupKFold
3,206618,C3002,CD,1,1,StratifiedGroupKFold
3,206619,C3002,CD,1,1,StratifiedGroupKFold
3,206620,C3003,UC,1,2,StratifiedGroupKFold
3,206621,C3003,UC,1,2,StratifiedGroupKFold
3,206622,C3003,UC,1,2,StratifiedGroupKFold
3,206627,C3005,UC,1,1,StratifiedGroupKFold
3,206628,C3005,UC,1,1,StratifiedGroupKFold
3,206629,C3006,UC,1,0,StratifiedGroupKFold
3,206630,C3006,UC,1,0,StratifiedGroupKFold
3,206635,C3011,UC,1,3,StratifiedGroupKFold
3,206636,C3011,UC,1,3,StratifiedGroupKFold
3,206643,C3015,UC,1,2,StratifiedGroupKFold
3,206644,C3015,UC,1,2,StratifiedGroupKFold
3,206645,C3016,CD,1,2,StratifiedGroupKFold
3,206646,C3016,CD,1,2,StratifiedGroupKFold
3,206647,C3017,CD,1,1,StratifiedGroupKFold
3,206648,C3017,CD,1,1,StratifiedGroupKFold
3,206655,C3021,CD,1,1,StratifiedGroupKFold
3,206656,C3021,CD,1,1,StratifiedGroupKFold
3,206659,C3023,CD,1,0,StratifiedGroupKFold
3,206660,C3023,CD,1,0,StratifiedGroupKFold
3,206671,C3030,CD,1,1,StratifiedGroupKFold
3,206672,C3030,CD,1,1,StratifiedGroupKFold
3,206673,C3031,CD,1,1,StratifiedGroupKFold
3,206677,C3034,UC,1,2,StratifiedGroupKFold
3,206678,C3034,UC,1,2,StratifiedGroupKFold
3,206695,H4001,CD,1,3,StratifiedGroupKFold
3,206700,H4004,CD,1,0,StratifiedGroupKFold
3,206703,H4008,nonIBD,0,3,StratifiedGroupKFold
3,206704,H4008,nonIBD,0,3,StratifiedGroupKFold
3,206712,H4010,UC,1,3,StratifiedGroupKFold
3,206713,H4010,UC,1,3,StratifiedGroupKFold
3,206718,H4013,nonIBD,0,0,StratifiedGroupKFold
3,206719,H4013,nonIBD,0,0,StratifiedGroupKFold
3,206720,H4014,CD,1,1,StratifiedGroupKFold
3,206721,H4014,CD,1,1,StratifiedGroupKFold
3,206723,H4015,CD,1,2,StratifiedGroupKFold
3,206724,H4015,CD,1,2,StratifiedGroupKFold
3,206725,H4016,nonIBD,0,2,StratifiedGroupKFold
3,206726,H4016,nonIBD,0,2,StratifiedGroupKFold
3,206727,H4017,CD,1,2,StratifiedGroupKFold
3,206728,H4017,CD,1,2,StratifiedGroupKFold
3,206729,H4018,nonIBD,0,2,StratifiedGroupKFold
3,206730,H4018,nonIBD,0,2,StratifiedGroupKFold
3,206731,H4019,UC,1,2,StratifiedGroupKFold
3,206732,H4019,UC,1,2,StratifiedGroupKFold
3,206733,H4020,CD,1,2,StratifiedGroupKFold
3,206734,H4020,CD,1,2,StratifiedGroupKFold
3,206740,H4023,nonIBD,0,1,StratifiedGroupKFold
3,206741,H4023,nonIBD,0,1,StratifiedGroupKFold
3,206742,H4024,nonIBD,0,2,StratifiedGroupKFold
3,206743,H4024,nonIBD,0,2,StratifiedGroupKFold
3,206750,H4028,CD,1,3,StratifiedGroupKFold
3,206751,H4028,CD,1,3,StratifiedGroupKFold
3,206752,H4008,nonIBD,0,3,StratifiedGroupKFold
3,206753,H4008,nonIBD,0,3,StratifiedGroupKFold
3,206754,H4019,UC,1,2,StratifiedGroupKFold
3,206755,H4031,CD,1,0,StratifiedGroupKFold
3,206756,H4031,CD,1,0,StratifiedGroupKFold
3,206757,H4004,CD,1,0,StratifiedGroupKFold
3,206758,H4004,CD,1,0,StratifiedGroupKFold
3,206761,H4035,UC,1,3,StratifiedGroupKFold
3,206762,H4035,UC,1,3,StratifiedGroupKFold
3,206766,H4038,CD,1,0,StratifiedGroupKFold
3,206767,H4038,CD,1,0,StratifiedGroupKFold
3,206768,H4039,CD,1,0,StratifiedGroupKFold
3,206769,H4039,CD,1,0,StratifiedGroupKFold
3,206770,H4040,UC,1,0,StratifiedGroupKFold
3,215003,M2039,nonIBD,0,0,StratifiedGroupKFold
3,215004,M2039,nonIBD,0,0,StratifiedGroupKFold
3,215007,M2041,nonIBD,0,1,StratifiedGroupKFold
3,215008,M2041,nonIBD,0,1,StratifiedGroupKFold
3,215009,M2042,nonIBD,0,0,StratifiedGroupKFold
3,215010,M2042,nonIBD,0,0,StratifiedGroupKFold
3,215048,M2047,nonIBD,0,3,StratifiedGroupKFold
3,215049,M2047,nonIBD,0,3,StratifiedGroupKFold
3,215055,M2060,nonIBD,0,1,StratifiedGroupKFold
3,215056,M2060,nonIBD,0,1,StratifiedGroupKFold
3,215061,M2064,UC,1,2,StratifiedGroupKFold
3,215062,M2064,UC,1,2,StratifiedGroupKFold
3,215067,M2025,CD,1,1,StratifiedGroupKFold
3,215074,M2072,nonIBD,0,2,StratifiedGroupKFold
3,215075,M2068,CD,1,1,StratifiedGroupKFold
3,215076,M2068,CD,1,1,StratifiedGroupKFold
3,215077,M2072,nonIBD,0,2,StratifiedGroupKFold
3,215084,M2028,CD,1,2,StratifiedGroupKFold
3,215085,M2028,CD,1,2,StratifiedGroupKFold
3,219183,M2025,CD,1,1,StratifiedGroupKFold
3,219184,M2042,nonIBD,0,0,StratifiedGroupKFold
3,219185,M2014,CD,1,2,StratifiedGroupKFold
3,219189,M2027,CD,1,3,StratifiedGroupKFold
3,219194,M2025,CD,1,1,StratifiedGroupKFold
3,219195,M2028,CD,1,2,StratifiedGroupKFold
3,219197,M2027,CD,1,3,StratifiedGroupKFold
3,219200,M2014,CD,1,2,StratifiedGroupKFold
3,219202,M2047,nonIBD,0,3,StratifiedGroupKFold
3,219203,H4024,nonIBD,0,2,StratifiedGroupKFold
3,219206,H4001,CD,1,3,StratifiedGroupKFold
3,219207,H4008,nonIBD,0,3,StratifiedGroupKFold
3,219208,H4020,CD,1,2,StratifiedGroupKFold
3,219209,H4023,nonIBD,0,1,StratifiedGroupKFold
3,219211,H4004,CD,1,0,StratifiedGroupKFold
3,219213,H4017,CD,1,2,StratifiedGroupKFold
3,219214,H4010,UC,1,3,StratifiedGroupKFold
3,219215,H4015,CD,1,2,StratifiedGroupKFold
3,219217,H4020,CD,1,2,StratifiedGroupKFold
3,219218,H4019,UC,1,2,StratifiedGroupKFold
3,219219,H4014,CD,1,1,StratifiedGroupKFold
3,219220,H4018,nonIBD,0,2,StratifiedGroupKFold
3,219222,H4017,CD,1,2,StratifiedGroupKFold
3,219633,P6005,CD,1,0,StratifiedGroupKFold
3,219634,P6005,CD,1,0,StratifiedGroupKFold
3,219637,P6009,CD,1,3,StratifiedGroupKFold
3,219638,P6009,CD,1,3,StratifiedGroupKFold
3,219643,P6012,UC,1,0,StratifiedGroupKFold
3,219644,P6012,UC,1,0,StratifiedGroupKFold
3,219645,P6013,UC,1,1,StratifiedGroupKFold
3,219646,P6013,UC,1,1,StratifiedGroupKFold
3,219651,P6014,nonIBD,0,0,StratifiedGroupKFold
3,219652,P6014,nonIBD,0,0,StratifiedGroupKFold
3,219653,P6016,CD,1,2,StratifiedGroupKFold
3,219654,P6016,CD,1,2,StratifiedGroupKFold
3,219655,P6017,nonIBD,0,3,StratifiedGroupKFold
3,219656,P6017,nonIBD,0,3,StratifiedGroupKFold
3,219657,P6018,nonIBD,0,3,StratifiedGroupKFold
3,219658,P6018,nonIBD,0,3,StratifiedGroupKFold
3,219659,P6016,CD,1,2,StratifiedGroupKFold
3,219668,P6024,CD,1,1,StratifiedGroupKFold
3,219669,P6025,UC,1,2,StratifiedGroupKFold
3,219670,P6025,UC,1,2,StratifiedGroupKFold
3,219675,P6028,CD,1,1,StratifiedGroupKFold
3,219676,P6028,CD,1,1,StratifiedGroupKFold
3,219691,P6033,CD,1,3,StratifiedGroupKFold
3,219692,P6033,CD,1,3,StratifiedGroupKFold
3,219693,P6016,CD,1,2,StratifiedGroupKFold
3,219708,P6005,CD,1,0,StratifiedGroupKFold
3,219710,P6009,CD,1,3,StratifiedGroupKFold
3,219711,P6010,CD,1,0,StratifiedGroupKFold
3,219712,P6013,UC,1,1,StratifiedGroupKFold
3,219714,P6012,UC,1,0,StratifiedGroupKFold
3,219716,P6005,CD,1,0,StratifiedGroupKFold
3,219718,P6014,nonIBD,0,0,StratifiedGroupKFold
3,219719,P6016,CD,1,2,StratifiedGroupKFold
3,219720,P6017,nonIBD,0,3,StratifiedGroupKFold
3,219721,P6018,nonIBD,0,3,StratifiedGroupKFold
3,220203,M2025,CD,1,1,StratifiedGroupKFold
3,220205,M2039,nonIBD,0,0,StratifiedGroupKFold
3,220206,M2028,CD,1,2,StratifiedGroupKFold
3,220208,M2064,UC,1,2,StratifiedGroupKFold
3,220210,M2014,CD,1,2,StratifiedGroupKFold
3,220212,M2042,nonIBD,0,0,StratifiedGroupKFold
3,220214,M2068,CD,1,1,StratifiedGroupKFold
3,220215,M2027,CD,1,3,StratifiedGroupKFold
3,220216,M2072,nonIBD,0,2,StratifiedGroupKFold
3,220218,M2028,CD,1,2,StratifiedGroupKFold
3,220932,H4017,CD,1,2,StratifiedGroupKFold
3,220933,H4014,CD,1,1,StratifiedGroupKFold
3,220935,H4015,CD,1,2,StratifiedGroupKFold
3,220936,H4027,UC,1,0,StratifiedGroupKFold
3,220937,H4028,CD,1,3,StratifiedGroupKFold
3,220938,H4001,CD,1,3,StratifiedGroupKFold
3,220940,H4004,CD,1,0,StratifiedGroupKFold
3,220941,H4010,UC,1,3,StratifiedGroupKFold
3,220942,H4016,nonIBD,0,2,StratifiedGroupKFold
3,220944,H4018,nonIBD,0,2,StratifiedGroupKFold
3,220945,H4019,UC,1,2,StratifiedGroupKFold
3,220946,H4030,CD,1,3,StratifiedGroupKFold
3,220947,H4032,CD,1,3,StratifiedGroupKFold
3,220949,H4019,UC,1,2,StratifiedGroupKFold
3,221781,H4043,CD,1,1,StratifiedGroupKFold
3,222206,P6010,CD,1,0,StratifiedGroupKFold
3,222210,P6024,CD,1,1,StratifiedGroupKFold
3,222211,P6025,UC,1,2,StratifiedGroupKFold
3,222214,P6028,CD,1,1,StratifiedGroupKFold
3,222220,P6033,CD,1,3,StratifiedGroupKFold
3,222223,P6025,UC,1,2,StratifiedGroupKFold
3,222224,P6016,CD,1,2,StratifiedGroupKFold
3,222376,H4014,CD,1,1,StratifiedGroupKFold
3,222377,H4020,CD,1,2,StratifiedGroupKFold
3,222379,H4013,nonIBD,0,0,StratifiedGroupKFold
3,222380,H4014,CD,1,1,StratifiedGroupKFold
3,222384,H4028,CD,1,3,StratifiedGroupKFold
3,222385,H4031,CD,1,0,StratifiedGroupKFold
3,222386,H4010,UC,1,3,StratifiedGroupKFold
3,222388,H4030,CD,1,3,StratifiedGroupKFold
3,222389,H4039,CD,1,0,StratifiedGroupKFold
3,222390,H4038,CD,1,0,StratifiedGroupKFold
3,222392,H4019,UC,1,2,StratifiedGroupKFold
3,222393,H4035,UC,1,3,StratifiedGroupKFold
3,222395,H4020,CD,1,2,StratifiedGroupKFold
3,222397,H4027,UC,1,0,StratifiedGroupKFold
3,222398,H4008,nonIBD,0,3,StratifiedGroupKFold
3,222399,H4023,nonIBD,0,1,StratifiedGroupKFold
3,222401,H4017,CD,1,2,StratifiedGroupKFold
3,222404,H4035,UC,1,3,StratifiedGroupKFold
3,222406,H4004,CD,1,0,StratifiedGroupKFold
3,222408,H4015,CD,1,2,StratifiedGroupKFold
3,223289,M2025,CD,1,1,StratifiedGroupKFold
3,223290,M2064,UC,1,2,StratifiedGroupKFold
3,223293,M2039,nonIBD,0,0,StratifiedGroupKFold
3,223296,M2042,nonIBD,0,0,StratifiedGroupKFold
3,223298,M2064,UC,1,2,StratifiedGroupKFold
3,223302,M2084,nonIBD,0,3,StratifiedGroupKFold
3,223305,M2041,nonIBD,0,1,StratifiedGroupKFold
3,223309,M2072,nonIBD,0,2,StratifiedGroupKFold
3,224255,H4035,UC,1,3,StratifiedGroupKFold
3,224258,H4038,CD,1,0,StratifiedGroupKFold
3,224259,H4039,CD,1,0,StratifiedGroupKFold
3,224260,H4044,UC,1,3,StratifiedGroupKFold
3,224262,H4032,CD,1,3,StratifiedGroupKFold
3,224263,H4043,CD,1,1,StratifiedGroupKFold
3,224264,H4040,UC,1,0,StratifiedGroupKFold
3,224265,H4030,CD,1,3,StratifiedGroupKFold
3,224266,H4031,CD,1,0,StratifiedGroupKFold
3,224270,H4027,UC,1,0,StratifiedGroupKFold
3,224271,H4043,CD,1,1,StratifiedGroupKFold
3,224273,H4045,nonIBD,0,3,StratifiedGroupKFold
3,224274,H4023,nonIBD,0,1,StratifiedGroupKFold
3,224275,H4039,CD,1,0,StratifiedGroupKFold
3,224276,H4024,nonIBD,0,2,StratifiedGroupKFold
3,224277,H4035,UC,1,3,StratifiedGroupKFold
3,224278,H4020,CD,1,2,StratifiedGroupKFold
3,224279,H4044,UC,1,3,StratifiedGroupKFold
3,224281,H4038,CD,1,0,StratifiedGroupKFold
3,224282,H4043,CD,1,1,StratifiedGroupKFold
3,224283,H4017,CD,1,2,StratifiedGroupKFold
3,224284,H4032,CD,1,3,StratifiedGroupKFold
3,224285,H4016,nonIBD,0,2,StratifiedGroupKFold
3,224286,H4019,UC,1,2,StratifiedGroupKFold
3,224288,H4031,CD,1,0,StratifiedGroupKFold
3,224289,H4018,nonIBD,0,2,StratifiedGroupKFold
3,224291,H4027,UC,1,0,StratifiedGroupKFold
3,224292,H4013,nonIBD,0,0,StratifiedGroupKFold
3,224293,H4032,CD,1,3,StratifiedGroupKFold
3,224294,H4040,UC,1,0,StratifiedGroupKFold
3,224323,H4045,nonIBD,0,3,StratifiedGroupKFold
3,224324,H4045,nonIBD,0,3,StratifiedGroupKFold
3,224325,H4044,UC,1,3,StratifiedGroupKFold
3,224326,H4044,UC,1,3,StratifiedGroupKFold
3,224327,H4043,CD,1,1,StratifiedGroupKFold
3,224328,H4043,CD,1,1,StratifiedGroupKFold
3,224639,P6005,CD,1,0,StratifiedGroupKFold
3,224642,P6009,CD,1,3,StratifiedGroupKFold
3,224643,P6010,CD,1,0,StratifiedGroupKFold
3,224644,P6013,UC,1,1,StratifiedGroupKFold
3,224645,P6033,CD,1,3,StratifiedGroupKFold
3,224648,P6025,UC,1,2,StratifiedGroupKFold
3,224651,P6018,nonIBD,0,3,StratifiedGroupKFold
3,224652,P6028,CD,1,1,StratifiedGroupKFold
3,224654,P6033,CD,1,3,StratifiedGroupKFold
3,224844,M2084,nonIBD,0,3,StratifiedGroupKFold
3,224845,M2084,nonIBD,0,3,StratifiedGroupKFold
3,225306,H4043,CD,1,1,StratifiedGroupKFold
3,225340,H4040,UC,1,0,StratifiedGroupKFold
3,225343,H4039,CD,1,0,StratifiedGroupKFold
3,225344,H4038,CD,1,0,StratifiedGroupKFold
3,226382,M2064,UC,1,2,StratifiedGroupKFold
3,226385,M2060,nonIBD,0,1,StratifiedGroupKFold
3,226387,M2084,nonIBD,0,3,StratifiedGroupKFold
3,226388,M2047,nonIBD,0,3,StratifiedGroupKFold
3,226397,M2072,nonIBD,0,2,StratifiedGroupKFold
3,226398,M2064,UC,1,2,StratifiedGroupKFold
3,226400,M2068,CD,1,1,StratifiedGroupKFold
3,226408,M2084,nonIBD,0,3,StratifiedGroupKFold
3,CSM5FZ1F,C3002,CD,1,1,StratifiedGroupKFold
3,CSM5FZ1G,C3002,CD,1,1,StratifiedGroupKFold
3,CSM5FZ1H,C3002,CD,1,1,StratifiedGroupKFold
3,CSM5FZ1I,C3002,CD,1,1,StratifiedGroupKFold
3,CSM5FZ1J,C3003,UC,1,2,StratifiedGroupKFold
3,CSM5FZ1K,C3003,UC,1,2,StratifiedGroupKFold
3,CSM5FZ1L,C3003,UC,1,2,StratifiedGroupKFold
3,CSM5FZ1Q,C3005,UC,1,1,StratifiedGroupKFold
3,CSM5FZ1R,C3005,UC,1,1,StratifiedGroupKFold
3,CSM5FZ1S,C3005,UC,1,1,StratifiedGroupKFold
3,CSM5FZ1T,C3006,UC,1,0,StratifiedGroupKFold
3,CSM5FZ1U,C3006,UC,1,0,StratifiedGroupKFold
3,CSM5FZ1V,C3006,UC,1,0,StratifiedGroupKFold
3,CSM5FZ1W,C3006,UC,1,0,StratifiedGroupKFold
3,CSM5FZ22,C3008,CD,1,3,StratifiedGroupKFold
3,CSM5FZ23,C3008,CD,1,3,StratifiedGroupKFold
3,CSM5FZ24,C3008,CD,1,3,StratifiedGroupKFold
3,CSM5FZ27,C3010,CD,1,1,StratifiedGroupKFold
3,CSM5FZ28,C3010,CD,1,1,StratifiedGroupKFold
3,CSM5FZ29,C3010,CD,1,1,StratifiedGroupKFold
3,CSM5FZ2A,C3011,UC,1,3,StratifiedGroupKFold
3,CSM5FZ2B,C3011,UC,1,3,StratifiedGroupKFold
3,CSM5FZ2C,C3011,UC,1,3,StratifiedGroupKFold
3,CSM5FZ2D,C3012,CD,1,0,StratifiedGroupKFold
3,CSM5FZ2E,C3012,CD,1,0,StratifiedGroupKFold
3,CSM5FZ2F,C3012,CD,1,0,StratifiedGroupKFold
3,CSM5FZ2G,C3013,UC,1,2,StratifiedGroupKFold
3,CSM5FZ2H,C3013,UC,1,2,StratifiedGroupKFold
3,CSM5FZ2I,C3013,UC,1,2,StratifiedGroupKFold
3,CSM5FZ2L,C3015,UC,1,2,StratifiedGroupKFold
3,CSM5FZ2M,C3015,UC,1,2,StratifiedGroupKFold
3,CSM5FZ2N,C3015,UC,1,2,StratifiedGroupKFold
3,CSM5FZ2O,C3016,CD,1,2,StratifiedGroupKFold
3,CSM5FZ2P,C3016,CD,1,2,StratifiedGroupKFold
3,CSM5FZ2Q,C3016,CD,1,2,StratifiedGroupKFold
3,CSM5FZ2R,C3017,CD,1,1,StratifiedGroupKFold
3,CSM5FZ2S,C3017,CD,1,1,StratifiedGroupKFold
3,CSM5FZ2T,C3017,CD,1,1,StratifiedGroupKFold
3,CSM5FZ34,C3021,CD,1,1,StratifiedGroupKFold
3,CSM5FZ35,C3021,CD,1,1,StratifiedGroupKFold
3,CSM5FZ36,C3021,CD,1,1,StratifiedGroupKFold
3,CSM5FZ37,C3021,CD,1,1,StratifiedGroupKFold
3,CSM5FZ3A,C3023,CD,1,0,StratifiedGroupKFold
3,CSM5FZ3B,C3023,CD,1,0,StratifiedGroupKFold
3,CSM5FZ3C,C3023,CD,1,0,StratifiedGroupKFold
3,CSM5FZ3N,C3001,CD,1,3,StratifiedGroupKFold
3,CSM5FZ3N_P,C3001,CD,1,3,StratifiedGroupKFold
3,CSM5FZ3R_P,C3001,CD,1,3,StratifiedGroupKFold
3,CSM5FZ3T,C3002,CD,1,1,StratifiedGroupKFold
3,CSM5FZ3T_P,C3002,CD,1,1,StratifiedGroupKFold
3,CSM5FZ3V_P,C3001,CD,1,3,StratifiedGroupKFold
3,CSM5FZ3X_P,C3002,CD,1,1,StratifiedGroupKFold
3,CSM5FZ3Z_P,C3002,CD,1,1,StratifiedGroupKFold
3,CSM5FZ42_P,C3002,CD,1,1,StratifiedGroupKFold
3,CSM5FZ44,C3002,CD,1,1,StratifiedGroupKFold
3,CSM5FZ44_P,C3002,CD,1,1,StratifiedGroupKFold
3,CSM5FZ46_P,C3002,CD,1,1,StratifiedGroupKFold
3,CSM5FZ48,C3003,UC,1,2,StratifiedGroupKFold
3,CSM5FZ4C,C3001,CD,1,3,StratifiedGroupKFold
3,CSM5FZ4C_P,C3001,CD,1,3,StratifiedGroupKFold
3,CSM5FZ4E_P,C3003,UC,1,2,StratifiedGroupKFold
3,CSM5FZ4G_P,C3003,UC,1,2,StratifiedGroupKFold
3,CSM5FZ4K,C3003,UC,1,2,StratifiedGroupKFold
3,CSM5FZ4K_P,C3003,UC,1,2,StratifiedGroupKFold
3,CSM5FZ4M,C3003,UC,1,2,StratifiedGroupKFold
3,CSM5FZ4O,C3005,UC,1,1,StratifiedGroupKFold
3,CSM5LLGB_P,M2014,CD,1,2,StratifiedGroupKFold
3,CSM5MCTZ,C3006,UC,1,0,StratifiedGroupKFold
3,CSM5MCTZ_P,C3006,UC,1,0,StratifiedGroupKFold
3,CSM5MCU4,C3008,CD,1,3,StratifiedGroupKFold
3,CSM5MCU4_P,C3008,CD,1,3,StratifiedGroupKFold
3,CSM5MCUG_P,C3006,UC,1,0,StratifiedGroupKFold
3,CSM5MCUK_P,C3006,UC,1,0,StratifiedGroupKFold
3,CSM5MCUM,C3006,UC,1,0,StratifiedGroupKFold
3,CSM5MCUO,C3006,UC,1,0,StratifiedGroupKFold
3,CSM5MCUQ_P,C3005,UC,1,1,StratifiedGroupKFold
3,CSM5MCUS_P,C3005,UC,1,1,StratifiedGroupKFold
3,CSM5MCUU,C3005,UC,1,1,StratifiedGroupKFold
3,CSM5MCUW_P,C3005,UC,1,1,StratifiedGroupKFold
3,CSM5MCUY_P,C3005,UC,1,1,StratifiedGroupKFold
3,CSM5MCVD_P,C3001,CD,1,3,StratifiedGroupKFold
3,CSM5MCVF_P,C3001,CD,1,3,StratifiedGroupKFold
3,CSM5MCVH,C3009,CD,1,1,StratifiedGroupKFold
3,CSM5MCVJ_P,C3002,CD,1,1,StratifiedGroupKFold
3,CSM5MCVL,C3002,CD,1,1,StratifiedGroupKFold
3,CSM5MCVN,C3002,CD,1,1,StratifiedGroupKFold
3,CSM5MCVV,C3001,CD,1,3,StratifiedGroupKFold
3,CSM5MCVV_P,C3001,CD,1,3,StratifiedGroupKFold
3,CSM5MCVZ_P,C3008,CD,1,3,StratifiedGroupKFold
3,CSM5MCW4,C3008,CD,1,3,StratifiedGroupKFold
3,CSM5MCW4_P,C3008,CD,1,3,StratifiedGroupKFold
3,CSM5MCW6,C3008,CD,1,3,StratifiedGroupKFold
3,CSM5MCWA_P,C3009,CD,1,1,StratifiedGroupKFold
3,CSM5MCWC,C3009,CD,1,1,StratifiedGroupKFold
3,CSM5MCWE,C3009,CD,1,1,StratifiedGroupKFold
3,CSM5MCWG,C3009,CD,1,1,StratifiedGroupKFold
3,CSM5MCWI_P,C3001,CD,1,3,StratifiedGroupKFold
3,CSM5MCWK,C3010,CD,1,1,StratifiedGroupKFold
3,CSM5MCWK_P,C3010,CD,1,1,StratifiedGroupKFold
3,CSM5MCWM_P,C3003,UC,1,2,StratifiedGroupKFold
3,CSM5MCWQ,C3003,UC,1,2,StratifiedGroupKFold
3,CSM5MCX3,C3006,UC,1,0,StratifiedGroupKFold
3,CSM5MCXB,C3011,UC,1,3,StratifiedGroupKFold
3,CSM5MCXB_P,C3011,UC,1,3,StratifiedGroupKFold
3,CSM5MCXD,C3001,CD,1,3,StratifiedGroupKFold
3,CSM5MCXF,C3012,CD,1,0,StratifiedGroupKFold
3,CSM5MCXF_P,C3012,CD,1,0,StratifiedGroupKFold
3,CSM5MCXT,C3010,CD,1,1,StratifiedGroupKFold
3,CSM5MCXV,C3010,CD,1,1,StratifiedGroupKFold
3,CSM5MCXX_P,C3010,CD,1,1,StratifiedGroupKFold
3,CSM5MCXZ,C3010,CD,1,1,StratifiedGroupKFold
3,CSM5MCXZ_P,C3010,CD,1,1,StratifiedGroupKFold
3,CSM5MCY2,C3010,CD,1,1,StratifiedGroupKFold
3,CSM5MCY4,C3005,UC,1,1,StratifiedGroupKFold
3,CSM5MCY8,C3005,UC,1,1,StratifiedGroupKFold
3,CSM5MCYI_P,C3011,UC,1,3,StratifiedGroupKFold
3,CSM5MCYK,C3003,UC,1,2,StratifiedGroupKFold
3,CSM5MCYM_P,C3011,UC,1,3,StratifiedGroupKFold
3,CSM5MCYO,C3011,UC,1,3,StratifiedGroupKFold
3,CSM5MCYO_P,C3011,UC,1,3,StratifiedGroupKFold
3,CSM5MCYQ_P,C3011,UC,1,3,StratifiedGroupKFold
3,CSM5MCYS,C3001,CD,1,3,StratifiedGroupKFold
3,CSM5MCYU,C3013,UC,1,2,StratifiedGroupKFold
3,CSM5MCYU_P,C3013,UC,1,2,StratifiedGroupKFold
3,CSM5MCYW,C3008,CD,1,3,StratifiedGroupKFold
3,CSM5MCZ3,C3008,CD,1,3,StratifiedGroupKFold
3,CSM5MCZ5,C3008,CD,1,3,StratifiedGroupKFold
3,CSM5MCZ7,C3008,CD,1,3,StratifiedGroupKFold
3,CSM5MCZB,C3012,CD,1,0,StratifiedGroupKFold
3,CSM5MCZD,C3012,CD,1,0,StratifiedGroupKFold
3,CSM5MCZF,C3012,CD,1,0,StratifiedGroupKFold
3,CSM5YRY7_P,C3001,CD,1,3,StratifiedGroupKFold
3,CSM67U9B,C3012,CD,1,0,StratifiedGroupKFold
3,CSM67U9D,C3012,CD,1,0,StratifiedGroupKFold
3,CSM67U9H,C3013,UC,1,2,StratifiedGroupKFold
3,CSM67U9H_P,C3013,UC,1,2,StratifiedGroupKFold
3,CSM67U9J,C3001,CD,1,3,StratifiedGroupKFold
3,CSM67U9N,C3013,UC,1,2,StratifiedGroupKFold
3,CSM67U9P,C3013,UC,1,2,StratifiedGroupKFold
3,CSM67U9P_P,C3013,UC,1,2,StratifiedGroupKFold
3,CSM67U9R_P,C3013,UC,1,2,StratifiedGroupKFold
3,CSM67U9T,C3015,UC,1,2,StratifiedGroupKFold
3,CSM67U9T_P,C3015,UC,1,2,StratifiedGroupKFold
3,CSM67U9V,C3016,CD,1,2,StratifiedGroupKFold
3,CSM67U9V_P,C3016,CD,1,2,StratifiedGroupKFold
3,CSM67U9X,C3017,CD,1,1,StratifiedGroupKFold
3,CSM67U9X_P,C3017,CD,1,1,StratifiedGroupKFold
3,CSM67UA2,C3001,CD,1,3,StratifiedGroupKFold
3,CSM67UAA,C3009,CD,1,1,StratifiedGroupKFold
3,CSM67UAG,C3009,CD,1,1,StratifiedGroupKFold
3,CSM67UAI_P,C3020,CD,1,3,StratifiedGroupKFold
3,CSM67UAK,C3015,UC,1,2,StratifiedGroupKFold
3,CSM67UAM,C3015,UC,1,2,StratifiedGroupKFold
3,CSM67UAO,C3015,UC,1,2,StratifiedGroupKFold
3,CSM67UAQ,C3015,UC,1,2,StratifiedGroupKFold
3,CSM67UAS,C3015,UC,1,2,StratifiedGroupKFold
3,CSM67UAU,C3016,CD,1,2,StratifiedGroupKFold
3,CSM67UAW,C3016,CD,1,2,StratifiedGroupKFold
3,CSM67UAY,C3016,CD,1,2,StratifiedGroupKFold
3,CSM67UB1,C3016,CD,1,2,StratifiedGroupKFold
3,CSM67UB3,C3016,CD,1,2,StratifiedGroupKFold
3,CSM67UB5_P,C3017,CD,1,1,StratifiedGroupKFold
3,CSM67UB7_P,C3017,CD,1,1,StratifiedGroupKFold
3,CSM67UB9,C3017,CD,1,1,StratifiedGroupKFold
3,CSM67UB9_P,C3017,CD,1,1,StratifiedGroupKFold
3,CSM67UBB,C3017,CD,1,1,StratifiedGroupKFold
3,CSM67UBD,C3017,CD,1,1,StratifiedGroupKFold
3,CSM67UBF,C3002,CD,1,1,StratifiedGroupKFold
3,CSM67UBH,C3002,CD,1,1,StratifiedGroupKFold
3,CSM67UBN,C3002,CD,1,1,StratifiedGroupKFold
3,CSM67UBR,C3002,CD,1,1,StratifiedGroupKFold
3,CSM67UBX,C3003,UC,1,2,StratifiedGroupKFold
3,CSM67UBZ,C3003,UC,1,2,StratifiedGroupKFold
3,CSM67UC6,C3003,UC,1,2,StratifiedGroupKFold
3,CSM67UCK,C3010,CD,1,1,StratifiedGroupKFold
3,CSM67UCU_P,C3019,CD,1,0,StratifiedGroupKFold
3,CSM67UE3,C3005,UC,1,1,StratifiedGroupKFold
3,CSM67UE7,C3005,UC,1,1,StratifiedGroupKFold
3,CSM67UEA,C3005,UC,1,1,StratifiedGroupKFold
3,CSM67UEI,C3005,UC,1,1,StratifiedGroupKFold
3,CSM67UEM,C3005,UC,1,1,StratifiedGroupKFold
3,CSM67UEP_P,C3011,UC,1,3,StratifiedGroupKFold
3,CSM67UET_P,C3011,UC,1,3,StratifiedGroupKFold
3,CSM67UEW,C3011,UC,1,3,StratifiedGroupKFold
3,CSM67UEW_P,C3011,UC,1,3,StratifiedGroupKFold
3,CSM67UEW_TR,C3011,UC,1,3,StratifiedGroupKFold
3,CSM67UF1,C3011,UC,1,3,StratifiedGroupKFold
3,CSM67UF1_P,C3011,UC,1,3,StratifiedGroupKFold
3,CSM67UF5,C3011,UC,1,3,StratifiedGroupKFold
3,CSM67UFV,C3006,UC,1,0,StratifiedGroupKFold
3,CSM67UFZ,C3006,UC,1,0,StratifiedGroupKFold
3,CSM67UG8,C3006,UC,1,0,StratifiedGroupKFold
3,CSM67UGC,C3001,CD,1,3,StratifiedGroupKFold
3,CSM67UGO,C3012,CD,1,0,StratifiedGroupKFold
3,CSM6J2H9_P,M2039,nonIBD,0,0,StratifiedGroupKFold
3,CSM79HG4,C3023,CD,1,0,StratifiedGroupKFold
3,CSM79HG5,C3001,CD,1,3,StratifiedGroupKFold
3,CSM79HG7_P,C3024,CD,1,1,StratifiedGroupKFold
3,CSM79HGD_P,C3013,UC,1,2,StratifiedGroupKFold
3,CSM79HGF,C3013,UC,1,2,StratifiedGroupKFold
3,CSM79HGF_P,C3013,UC,1,2,StratifiedGroupKFold
3,CSM79HGH,C3013,UC,1,2,StratifiedGroupKFold
3,CSM79HGH_P,C3013,UC,1,2,StratifiedGroupKFold
3,CSM79HGJ_P,C3013,UC,1,2,StratifiedGroupKFold
3,CSM79HGL_P,C3013,UC,1,2,StratifiedGroupKFold
3,CSM79HGN_P,C3013,UC,1,2,StratifiedGroupKFold
3,CSM79HGP,C3001,CD,1,3,StratifiedGroupKFold
3,CSM79HH2_P,C3023,CD,1,0,StratifiedGroupKFold
3,CSM79HH4,C3023,CD,1,0,StratifiedGroupKFold
3,CSM79HH8,C3023,CD,1,0,StratifiedGroupKFold
3,CSM79HHA,C3023,CD,1,0,StratifiedGroupKFold
3,CSM79HHM,C3021,CD,1,1,StratifiedGroupKFold
3,CSM79HHO,C3021,CD,1,1,StratifiedGroupKFold
3,CSM79HHU,C3021,CD,1,1,StratifiedGroupKFold
3,CSM79HI3,C3009,CD,1,1,StratifiedGroupKFold
3,CSM79HI7,C3009,CD,1,1,StratifiedGroupKFold
3,CSM79HIB,C3009,CD,1,1,StratifiedGroupKFold
3,CSM79HID,C3015,UC,1,2,StratifiedGroupKFold
3,CSM79HIF,C3015,UC,1,2,StratifiedGroupKFold
3,CSM79HIH,C3015,UC,1,2,StratifiedGroupKFold
3,CSM79HIJ,C3015,UC,1,2,StratifiedGroupKFold
3,CSM79HIL,C3015,UC,1,2,StratifiedGroupKFold
3,CSM79HIN,C3015,UC,1,2,StratifiedGroupKFold
3,CSM79HIR,C3016,CD,1,2,StratifiedGroupKFold
3,CSM79HIT,C3016,CD,1,2,StratifiedGroupKFold
3,CSM79HIV,C3016,CD,1,2,StratifiedGroupKFold
3,CSM79HIX,C3016,CD,1,2,StratifiedGroupKFold
3,CSM79HIZ,C3016,CD,1,2,StratifiedGroupKFold
3,CSM79HJ2_P,C3017,CD,1,1,StratifiedGroupKFold
3,CSM79HJ4_P,C3017,CD,1,1,StratifiedGroupKFold
3,CSM79HJ6,C3017,CD,1,1,StratifiedGroupKFold
3,CSM79HJ6_P,C3017,CD,1,1,StratifiedGroupKFold
3,CSM79HJ8_P,C3017,CD,1,1,StratifiedGroupKFold
3,CSM79HJA,C3017,CD,1,1,StratifiedGroupKFold
3,CSM79HJC_P,C3017,CD,1,1,StratifiedGroupKFold
3,CSM79HJE,C3028,CD,1,0,StratifiedGroupKFold
3,CSM79HJI,C3030,CD,1,1,StratifiedGroupKFold
3,CSM79HJI_P,C3030,CD,1,1,StratifiedGroupKFold
3,CSM79HJW,C3002,CD,1,1,StratifiedGroupKFold
3,CSM79HJY,C3002,CD,1,1,StratifiedGroupKFold
3,CSM79HK1,C3002,CD,1,1,StratifiedGroupKFold
3,CSM79HK5,C3002,CD,1,1,StratifiedGroupKFold
3,CSM79HK9,C3010,CD,1,1,StratifiedGroupKFold
3,CSM79HKB,C3010,CD,1,1,StratifiedGroupKFold
3,CSM79HKR,C3008,CD,1,3,StratifiedGroupKFold
3,CSM79HKT,C3008,CD,1,3,StratifiedGroupKFold
3,CSM79HKV,C3008,CD,1,3,StratifiedGroupKFold
3,CSM79HKX,C3028,CD,1,0,StratifiedGroupKFold
3,CSM79HKZ,C3028,CD,1,0,StratifiedGroupKFold
3,CSM79HL2,C3028,CD,1,0,StratifiedGroupKFold
3,CSM79HL4,C3028,CD,1,0,StratifiedGroupKFold
3,CSM79HL6,C3028,CD,1,0,StratifiedGroupKFold
3,CSM79HLM,C3003,UC,1,2,StratifiedGroupKFold
3,CSM79HLW,C3003,UC,1,2,StratifiedGroupKFold
3,CSM79HM1,C3011,UC,1,3,StratifiedGroupKFold
3,CSM79HM5_P,C3011,UC,1,3,StratifiedGroupKFold
3,CSM79HM7,C3011,UC,1,3,StratifiedGroupKFold
3,CSM79HM9,C3011,UC,1,3,StratifiedGroupKFold
3,CSM79HM9_P,C3011,UC,1,3,StratifiedGroupKFold
3,CSM79HMN,C3006,UC,1,0,StratifiedGroupKFold
3,CSM79HMP,C3006,UC,1,0,StratifiedGroupKFold
3,CSM79HMT,C3006,UC,1,0,StratifiedGroupKFold
3,CSM79HMX,C3006,UC,1,0,StratifiedGroupKFold
3,CSM79HMZ,C3001,CD,1,3,StratifiedGroupKFold
3,CSM79HN2,C3021,CD,1,1,StratifiedGroupKFold
3,CSM79HN6,C3021,CD,1,1,StratifiedGroupKFold
3,CSM79HNO,C3030,CD,1,1,StratifiedGroupKFold
3,CSM79HNQ,C3030,CD,1,1,StratifiedGroupKFold
3,CSM79HNU,C3030,CD,1,1,StratifiedGroupKFold
3,CSM79HNW,C3030,CD,1,1,StratifiedGroupKFold
3,CSM79HNY_P,C3031,CD,1,1,StratifiedGroupKFold
3,CSM79HO1,C3005,UC,1,1,StratifiedGroupKFold
3,CSM79HO9,C3005,UC,1,1,StratifiedGroupKFold
3,CSM79HOD,C3010,CD,1,1,StratifiedGroupKFold
3,CSM79HOF,C3010,CD,1,1,StratifiedGroupKFold
3,CSM79HOH,C3010,CD,1,1,StratifiedGroupKFold
3,CSM79HOJ,C3012,CD,1,0,StratifiedGroupKFold
3,CSM79HOL,C3012,CD,1,0,StratifiedGroupKFold
3,CSM79HOT,C3012,CD,1,0,StratifiedGroupKFold
3,CSM79HPA,C3023,CD,1,0,StratifiedGroupKFold
3,CSM79HPA_TR,C3023,CD,1,0,StratifiedGroupKFold
3,CSM79HPC,C3023,CD,1,0,StratifiedGroupKFold
3,CSM79HPK,C3013,UC,1,2,StratifiedGroupKFold
3,CSM79HPM,C3013,UC,1,2,StratifiedGroupKFold
3,CSM79HPM_P,C3013,UC,1,2,StratifiedGroupKFold
3,CSM79HPO,C3013,UC,1,2,StratifiedGroupKFold
3,CSM79HPQ_P,C3013,UC,1,2,StratifiedGroupKFold
3,CSM79HPS,C3013,UC,1,2,StratifiedGroupKFold
3,CSM79HPU,C3013,UC,1,2,StratifiedGroupKFold
3,CSM79HQ9,C3008,CD,1,3,StratifiedGroupKFold
3,CSM79HQB,C3008,CD,1,3,StratifiedGroupKFold
3,CSM79HQF,C3008,CD,1,3,StratifiedGroupKFold
3,CSM79HQH,C3008,CD,1,3,StratifiedGroupKFold
3,CSM79HQR,C3034,UC,1,2,StratifiedGroupKFold
3,CSM79HQR_P,C3034,UC,1,2,StratifiedGroupKFold
3,CSM79HQT_P,C3011,UC,1,3,StratifiedGroupKFold
3,CSM79HR8,C3031,CD,1,1,StratifiedGroupKFold
3,CSM79HRC,C3031,CD,1,1,StratifiedGroupKFold
3,CSM79HRE,C3031,CD,1,1,StratifiedGroupKFold
3,CSM79HRG,C3031,CD,1,1,StratifiedGroupKFold
3,CSM7CZ2F_P,H4008,nonIBD,0,3,StratifiedGroupKFold
3,CSM7KOJE,C3009,CD,1,1,StratifiedGroupKFold
3,CSM7KOJG,C3009,CD,1,1,StratifiedGroupKFold
3,CSM7KOJO,C3009,CD,1,1,StratifiedGroupKFold
3,CSM7KOJQ,C3015,UC,1,2,StratifiedGroupKFold
3,CSM7KOJS,C3015,UC,1,2,StratifiedGroupKFold
3,CSM7KOJU,C3015,UC,1,2,StratifiedGroupKFold
3,CSM7KOJW,C3015,UC,1,2,StratifiedGroupKFold
3,CSM7KOJY,C3015,UC,1,2,StratifiedGroupKFold
3,CSM7KOK1,C3015,UC,1,2,StratifiedGroupKFold
3,CSM7KOK3,C3016,CD,1,2,StratifiedGroupKFold
3,CSM7KOK5,C3016,CD,1,2,StratifiedGroupKFold
3,CSM7KOK7,C3016,CD,1,2,StratifiedGroupKFold
3,CSM7KOKB,C3016,CD,1,2,StratifiedGroupKFold
3,CSM7KOKD,C3016,CD,1,2,StratifiedGroupKFold
3,CSM7KOKF,C3017,CD,1,1,StratifiedGroupKFold
3,CSM7KOKH,C3017,CD,1,1,StratifiedGroupKFold
3,CSM7KOKH_P,C3017,CD,1,1,StratifiedGroupKFold
3,CSM7KOKJ,C3017,CD,1,1,StratifiedGroupKFold
3,CSM7KOKL_P,C3017,CD,1,1,StratifiedGroupKFold
3,CSM7KOKN,C3017,CD,1,1,StratifiedGroupKFold
3,CSM7KOKP_P,C3017,CD,1,1,StratifiedGroupKFold
3,CSM7KOKR,C3028,CD,1,0,StratifiedGroupKFold
3,CSM7KOKT,C3028,CD,1,0,StratifiedGroupKFold
3,CSM7KOKZ,C3028,CD,1,0,StratifiedGroupKFold
3,CSM7KOL2,C3028,CD,1,0,StratifiedGroupKFold
3,CSM7KOL4,C3010,CD,1,1,StratifiedGroupKFold
3,CSM7KOLA,C3010,CD,1,1,StratifiedGroupKFold
3,CSM7KOLE,C3010,CD,1,1,StratifiedGroupKFold
3,CSM7KOLK,C3021,CD,1,1,StratifiedGroupKFold
3,CSM7KOLM,C3021,CD,1,1,StratifiedGroupKFold
3,CSM7KOMB,C3030,CD,1,1,StratifiedGroupKFold
3,CSM7KOMD,C3030,CD,1,1,StratifiedGroupKFold
3,CSM7KOMH,C3030,CD,1,1,StratifiedGroupKFold
3,CSM7KOMP,C3011,UC,1,3,StratifiedGroupKFold
3,CSM7KOMR_P,C3011,UC,1,3,StratifiedGroupKFold
3,CSM7KOMT,C3011,UC,1,3,StratifiedGroupKFold
3,CSM7KOMV_P,C3011,UC,1,3,StratifiedGroupKFold
3,CSM7KOMX,C3012,CD,1,0,StratifiedGroupKFold
3,CSM7KOMZ,C3012,CD,1,0,StratifiedGroupKFold
3,CSM7KON2,C3012,CD,1,0,StratifiedGroupKFold
3,CSM7KON8,C3012,CD,1,0,StratifiedGroupKFold
3,CSM7KONA,C3023,CD,1,0,StratifiedGroupKFold
3,CSM7KONC,C3023,CD,1,0,StratifiedGroupKFold
3,CSM7KONK,C3023,CD,1,0,StratifiedGroupKFold
3,CSM7KONS,C3013,UC,1,2,StratifiedGroupKFold
3,CSM7KONS_P,C3013,UC,1,2,StratifiedGroupKFold
3,CSM7KONU,C3013,UC,1,2,StratifiedGroupKFold
3,CSM7KONW_P,C3013,UC,1,2,StratifiedGroupKFold
3,CSM7KOO5,C3031,CD,1,1,StratifiedGroupKFold
3,CSM7KOO9,C3031,CD,1,1,StratifiedGroupKFold
3,CSM7KOOD,C3031,CD,1,1,StratifiedGroupKFold
3,CSM7KOOF,C3031,CD,1,1,StratifiedGroupKFold
3,CSM7KOPG,C3015,UC,1,2,StratifiedGroupKFold
3,CSM7KOPI,C3015,UC,1,2,StratifiedGroupKFold
3,CSM7KOPK,C3015,UC,1,2,StratifiedGroupKFold
3,CSM7KOPM,C3015,UC,1,2,StratifiedGroupKFold
3,CSM7KOPO,C3015,UC,1,2,StratifiedGroupKFold
3,CSM7KOPQ,C3015,UC,1,2,StratifiedGroupKFold
3,CSM7KOPS,C3016,CD,1,2,StratifiedGroupKFold
3,CSM7KOPU,C3016,CD,1,2,StratifiedGroupKFold
3,CSM7KOPW,C3016,CD,1,2,StratifiedGroupKFold
3,CSM7KOQ1,C3016,CD,1,2,StratifiedGroupKFold
3,CSM7KOQ3,C3016,CD,1,2,StratifiedGroupKFold
3,CSM7KOQ5_P,C3036,UC,1,1,StratifiedGroupKFold
3,CSM7KOQX,C3017,CD,1,1,StratifiedGroupKFold
3,CSM7KOQZ,C3017,CD,1,1,StratifiedGroupKFold
3,CSM7KOQZ_P,C3017,CD,1,1,StratifiedGroupKFold
3,CSM7KOR2,C3017,CD,1,1,StratifiedGroupKFold
3,CSM7KOR4_P,C3017,CD,1,1,StratifiedGroupKFold
3,CSM7KOR8,C3017,CD,1,1,StratifiedGroupKFold
3,CSM7KOR8_P,C3017,CD,1,1,StratifiedGroupKFold
3,CSM7KORC,C3028,CD,1,0,StratifiedGroupKFold
3,CSM7KORG,C3028,CD,1,0,StratifiedGroupKFold
3,CSM7KORI,C3028,CD,1,0,StratifiedGroupKFold
3,CSM7KORK,C3028,CD,1,0,StratifiedGroupKFold
3,CSM7KORM,C3034,UC,1,2,StratifiedGroupKFold
3,CSM7KORO,C3034,UC,1,2,StratifiedGroupKFold
3,CSM7KORS,C3034,UC,1,2,StratifiedGroupKFold
3,CSM7KORU,C3034,UC,1,2,StratifiedGroupKFold
3,CSM7KOSJ,C3030,CD,1,1,StratifiedGroupKFold
3,CSM7KOSL,C3030,CD,1,1,StratifiedGroupKFold
3,CSM7KOSP,C3030,CD,1,1,StratifiedGroupKFold
3,CSM7KOST,C3030,CD,1,1,StratifiedGroupKFold
3,CSM7KOSV,C3021,CD,1,1,StratifiedGroupKFold
3,CSM7KOSX,C3021,CD,1,1,StratifiedGroupKFold
3,CSM7KOTA,C3023,CD,1,0,StratifiedGroupKFold
3,CSM7KOTC,C3023,CD,1,0,StratifiedGroupKFold
3,CSM7KOTK,C3023,CD,1,0,StratifiedGroupKFold
3,CSM9X1XU,C3034,UC,1,2,StratifiedGroupKFold
3,CSM9X1XW,C3034,UC,1,2,StratifiedGroupKFold
3,CSM9X1Y3,C3034,UC,1,2,StratifiedGroupKFold
3,CSM9X1Z4,C3031,CD,1,1,StratifiedGroupKFold
3,CSM9X1ZC,C3031,CD,1,1,StratifiedGroupKFold
3,CSM9X21B,C3028,CD,1,0,StratifiedGroupKFold
3,CSM9X21J,C3034,UC,1,2,StratifiedGroupKFold
3,CSM9X21L,C3034,UC,1,2,StratifiedGroupKFold
3,CSM9X21N,C3034,UC,1,2,StratifiedGroupKFold
3,CSM9X21P,C3034,UC,1,2,StratifiedGroupKFold
3,CSMDRVXJ,C3028,CD,1,0,StratifiedGroupKFold
3,CSMDRVXO,C3030,CD,1,1,StratifiedGroupKFold
3,CSMDRVXP,C3030,CD,1,1,StratifiedGroupKFold
3,CSMDRVXQ,C3030,CD,1,1,StratifiedGroupKFold
3,CSMDRVXR,C3030,CD,1,1,StratifiedGroupKFold
3,CSMDRVXS,C3031,CD,1,1,StratifiedGroupKFold
3,CSMDRVXT,C3031,CD,1,1,StratifiedGroupKFold
3,CSMDRVXU,C3031,CD,1,1,StratifiedGroupKFold
3,CSMDRVXY,C3034,UC,1,2,StratifiedGroupKFold
3,CSMDRVXZ,C3034,UC,1,2,StratifiedGroupKFold
3,CSMDRVY1,C3034,UC,1,2,StratifiedGroupKFold
3,ESM5GEXY,E5001,CD,1,1,StratifiedGroupKFold
3,ESM5GEY7,E5013,CD,1,2,StratifiedGroupKFold
3,ESM5GEY8,E5013,CD,1,2,StratifiedGroupKFold
3,ESM5GEY9,E5013,CD,1,2,StratifiedGroupKFold
3,ESM5GEYA,E5009,CD,1,0,StratifiedGroupKFold
3,ESM5GEYB,E5009,CD,1,0,StratifiedGroupKFold
3,ESM5GEYU_P,E5002,nonIBD,0,3,StratifiedGroupKFold
3,ESM5GEYW_P,E5006,CD,1,3,StratifiedGroupKFold
3,ESM5GEYY_P,E5006,CD,1,3,StratifiedGroupKFold
3,ESM5GEZ1_P,E5002,nonIBD,0,3,StratifiedGroupKFold
3,ESM5GEZ3_P,E5002,nonIBD,0,3,StratifiedGroupKFold
3,ESM5ME9D_P,E5001,CD,1,1,StratifiedGroupKFold
3,ESM5ME9G_P,E5001,CD,1,1,StratifiedGroupKFold
3,ESM5ME9H_P,E5002,nonIBD,0,3,StratifiedGroupKFold
3,ESM5MEA7_P,E5008,UC,1,2,StratifiedGroupKFold
3,ESM5MEA9_P,E5008,UC,1,2,StratifiedGroupKFold
3,ESM5MEAB_P,E5008,UC,1,2,StratifiedGroupKFold
3,ESM5MEAD,E5008,UC,1,2,StratifiedGroupKFold
3,ESM5MEAG,E5008,UC,1,2,StratifiedGroupKFold
3,ESM5MEB1,E5002,nonIBD,0,3,StratifiedGroupKFold
3,ESM5MEB7,E5013,CD,1,2,StratifiedGroupKFold
3,ESM5MEB9,E5013,CD,1,2,StratifiedGroupKFold
3,ESM5MEB9_P,E5013,CD,1,2,StratifiedGroupKFold
3,ESM5MEBA_P,E5001,CD,1,1,StratifiedGroupKFold
3,ESM5MEBE,E5001,CD,1,1,StratifiedGroupKFold
3,ESM5MEBG,E5001,CD,1,1,StratifiedGroupKFold
3,ESM5MEBI,E5001,CD,1,1,StratifiedGroupKFold
3,ESM5MEBL,E5008,UC,1,2,StratifiedGroupKFold
3,ESM5MEBP,E5002,nonIBD,0,3,StratifiedGroupKFold
3,ESM5MEBP_P,E5002,nonIBD,0,3,StratifiedGroupKFold
3,ESM5MEC7_P,E5022,UC,1,1,StratifiedGroupKFold
3,ESM5MECL,E5001,CD,1,1,StratifiedGroupKFold
3,ESM5MECQ,E5001,CD,1,1,StratifiedGroupKFold
3,ESM5MED2,E5013,CD,1,2,StratifiedGroupKFold
3,ESM5MEDD,E5009,CD,1,0,StratifiedGroupKFold
3,ESM5MEDF,E5009,CD,1,0,StratifiedGroupKFold
3,ESM5MEDK,E5009,CD,1,0,StratifiedGroupKFold
3,ESM5MEDN,E5009,CD,1,0,StratifiedGroupKFold
3,ESM5MEDP_P,E5009,CD,1,0,StratifiedGroupKFold
3,ESM5MEDZ,E5001,CD,1,1,StratifiedGroupKFold
3,ESM5MEDZ_P,E5001,CD,1,1,StratifiedGroupKFold
3,ESM5MEE2_P,E5001,CD,1,1,StratifiedGroupKFold
3,ESM5MEE6_P,E5001,CD,1,1,StratifiedGroupKFold
3,ESM5MEEB,E5001,CD,1,1,StratifiedGroupKFold
3,ESM5MEET,E5002,nonIBD,0,3,StratifiedGroupKFold
3,ESM6ZK8Z,E5009,CD,1,0,StratifiedGroupKFold
3,ESM718T7,E5013,CD,1,2,StratifiedGroupKFold
3,ESM718T9,E5013,CD,1,2,StratifiedGroupKFold
3,ESM718TF,E5013,CD,1,2,StratifiedGroupKFold
3,ESM718TK,E5013,CD,1,2,StratifiedGroupKFold
3,ESM718TM,E5013,CD,1,2,StratifiedGroupKFold
3,ESM718U9_P,E5023,CD,1,1,StratifiedGroupKFold
3,ESM718UH,E5009,CD,1,0,StratifiedGroupKFold
3,ESM718V4,E5013,CD,1,2,StratifiedGroupKFold
3,ESM718V8,E5013,CD,1,2,StratifiedGroupKFold
3,ESM7F5AE_P,E5019,CD,1,2,StratifiedGroupKFold
3,ESM7F5AK,E5009,CD,1,0,StratifiedGroupKFold
3,ESM7F5AM,E5009,CD,1,0,StratifiedGroupKFold
3,ESM7F5AO,E5009,CD,1,0,StratifiedGroupKFold
3,ESM7F5C5,E5013,CD,1,2,StratifiedGroupKFold
3,ESM7F5C7,E5013,CD,1,2,StratifiedGroupKFold
3,ESM7F5CB,E5009,CD,1,0,StratifiedGroupKFold
3,ESM7F5CD,E5009,CD,1,0,StratifiedGroupKFold
3,ESM7F5CF,E5009,CD,1,0,StratifiedGroupKFold
3,ESM9IEP1,E5013,CD,1,2,StratifiedGroupKFold
3,ESM9IEP5,E5009,CD,1,0,StratifiedGroupKFold
3,HSM5FZAE,H4001,CD,1,3,StratifiedGroupKFold
3,HSM5FZAH,H4001,CD,1,3,StratifiedGroupKFold
3,HSM5FZAM,H4004,CD,1,0,StratifiedGroupKFold
3,HSM5FZAN,H4004,CD,1,0,StratifiedGroupKFold
3,HSM5FZAS,H4017,CD,1,2,StratifiedGroupKFold
3,HSM5FZAT,H4017,CD,1,2,StratifiedGroupKFold
3,HSM5FZAU,H4017,CD,1,2,StratifiedGroupKFold
3,HSM5FZAV,H4016,nonIBD,0,2,StratifiedGroupKFold
3,HSM5FZAW,H4016,nonIBD,0,2,StratifiedGroupKFold
3,HSM5FZAX,H4016,nonIBD,0,2,StratifiedGroupKFold
3,HSM5FZAY,H4015,CD,1,2,StratifiedGroupKFold
3,HSM5FZAZ,H4015,CD,1,2,StratifiedGroupKFold
3,HSM5FZB1,H4015,CD,1,2,StratifiedGroupKFold
3,HSM5FZB2,H4014,CD,1,1,StratifiedGroupKFold
3,HSM5FZB3,H4014,CD,1,1,StratifiedGroupKFold
3,HSM5FZB4,H4013,nonIBD,0,0,StratifiedGroupKFold
3,HSM5FZB5,H4013,nonIBD,0,0,StratifiedGroupKFold
3,HSM5FZBB,H4010,UC,1,3,StratifiedGroupKFold
3,HSM5FZBC,H4010,UC,1,3,StratifiedGroupKFold
3,HSM5FZBH,H4008,nonIBD,0,3,StratifiedGroupKFold
3,HSM5FZBI,H4008,nonIBD,0,3,StratifiedGroupKFold
3,HSM5FZBJ,H4001,CD,1,3,StratifiedGroupKFold
3,HSM5FZBP_P,H4001,CD,1,3,StratifiedGroupKFold
3,HSM5FZBQ,H4001,CD,1,3,StratifiedGroupKFold
3,HSM5FZBQ_P,H4001,CD,1,3,StratifiedGroupKFold
3,HSM5FZBR_P,H4001,CD,1,3,StratifiedGroupKFold
3,HSM5FZBZ,H4001,CD,1,3,StratifiedGroupKFold
3,HSM5FZC2_P,H4001,CD,1,3,StratifiedGroupKFold
3,HSM5MD3L,H4014,CD,1,1,StratifiedGroupKFold
3,HSM5MD3L_P,H4014,CD,1,1,StratifiedGroupKFold
3,HSM5MD3Y,H4010,UC,1,3,StratifiedGroupKFold
3,HSM5MD41,H4010,UC,1,3,StratifiedGroupKFold
3,HSM5MD43,H4010,UC,1,3,StratifiedGroupKFold
3,HSM5MD43_P,H4010,UC,1,3,StratifiedGroupKFold
3,HSM5MD44_P,H4010,UC,1,3,StratifiedGroupKFold
3,HSM5MD47_P,H4010,UC,1,3,StratifiedGroupKFold
3,HSM5MD4S,H4004,CD,1,0,StratifiedGroupKFold
3,HSM5MD4U_P,H4004,CD,1,0,StratifiedGroupKFold
3,HSM5MD4W,H4004,CD,1,0,StratifiedGroupKFold
3,HSM5MD4W_P,H4004,CD,1,0,StratifiedGroupKFold
3,HSM5MD4Y,H4004,CD,1,0,StratifiedGroupKFold
3,HSM5MD51,H4004,CD,1,0,StratifiedGroupKFold
3,HSM5MD53,H4004,CD,1,0,StratifiedGroupKFold
3,HSM5MD57_P,H4008,nonIBD,0,3,StratifiedGroupKFold
3,HSM5MD59_P,H4008,nonIBD,0,3,StratifiedGroupKFold
3,HSM5MD5B,H4008,nonIBD,0,3,StratifiedGroupKFold
3,HSM5MD5B_P,H4008,nonIBD,0,3,StratifiedGroupKFold
3,HSM5MD5D,H4008,nonIBD,0,3,StratifiedGroupKFold
3,HSM5MD5D_P,H4008,nonIBD,0,3,StratifiedGroupKFold
3,HSM5MD5F_P,H4008,nonIBD,0,3,StratifiedGroupKFold
3,HSM5MD5H_P,H4001,CD,1,3,StratifiedGroupKFold
3,HSM5MD5K,H4001,CD,1,3,StratifiedGroupKFold
3,HSM5MD5K_P,H4001,CD,1,3,StratifiedGroupKFold
3,HSM5MD5P,H4004,CD,1,0,StratifiedGroupKFold
3,HSM5MD5X_P,H4015,CD,1,2,StratifiedGroupKFold
3,HSM5MD5Z,H4016,nonIBD,0,2,StratifiedGroupKFold
3,HSM5MD5Z_P,H4016,nonIBD,0,2,StratifiedGroupKFold
3,HSM5MD62,H4015,CD,1,2,StratifiedGroupKFold
3,HSM5MD66,H4014,CD,1,1,StratifiedGroupKFold
3,HSM5MD6A,H4014,CD,1,1,StratifiedGroupKFold
3,HSM5MD6A_TR,H4014,CD,1,1,StratifiedGroupKFold
3,HSM5MD6C,H4014,CD,1,1,StratifiedGroupKFold
3,HSM5MD6E_P,H4013,nonIBD,0,0,StratifiedGroupKFold
3,HSM5MD6I,H4013,nonIBD,0,0,StratifiedGroupKFold
3,HSM5MD6I_P,H4013,nonIBD,0,0,StratifiedGroupKFold
3,HSM5MD6K,H4013,nonIBD,0,0,StratifiedGroupKFold
3,HSM5MD6K_P,H4013,nonIBD,0,0,StratifiedGroupKFold
3,HSM5MD6M,H4013,nonIBD,0,0,StratifiedGroupKFold
3,HSM5MD6O_P,H4016,nonIBD,0,2,StratifiedGroupKFold
3,HSM5MD6Q,H4016,nonIBD,0,2,StratifiedGroupKFold
3,HSM5MD6S_P,H4016,nonIBD,0,2,StratifiedGroupKFold
3,HSM5MD6U,H4016,nonIBD,0,2,StratifiedGroupKFold
3,HSM5MD6U_P,H4016,nonIBD,0,2,StratifiedGroupKFold
3,HSM5MD6W,H4016,nonIBD,0,2,StratifiedGroupKFold
3,HSM5MD6Y,H4015,CD,1,2,StratifiedGroupKFold
3,HSM5MD71,H4015,CD,1,2,StratifiedGroupKFold
3,HSM5MD73,H4015,CD,1,2,StratifiedGroupKFold
3,HSM5MD75,H4015,CD,1,2,StratifiedGroupKFold
3,HSM5MD79,H4001,CD,1,3,StratifiedGroupKFold
3,HSM5MD7H,H4001,CD,1,3,StratifiedGroupKFold
3,HSM5MD7J,H4001,CD,1,3,StratifiedGroupKFold
3,HSM5MD7W,H4001,CD,1,3,StratifiedGroupKFold
3,HSM5MD7W_P,H4001,CD,1,3,StratifiedGroupKFold
3,HSM5MD87,H4010,UC,1,3,StratifiedGroupKFold
3,HSM5MD87_P,H4010,UC,1,3,StratifiedGroupKFold
3,HSM5MD8A,H4008,nonIBD,0,3,StratifiedGroupKFold
3,HSM5MD8A_P,H4008,nonIBD,0,3,StratifiedGroupKFold
3,HSM5MD8F_P,H4012,CD,1,3,StratifiedGroupKFold
3,HSM5MD8H,H4013,nonIBD,0,0,StratifiedGroupKFold
3,HSM5MD8H_P,H4013,nonIBD,0,0,StratifiedGroupKFold
3,HSM5MD8J_P,H4011,CD,1,0,StratifiedGroupKFold
3,HSM5MEE5_P,E5001,CD,1,1,StratifiedGroupKFold
3,HSM67VCX_P,H4020,CD,1,2,StratifiedGroupKFold
3,HSM67VCZ,H4020,CD,1,2,StratifiedGroupKFold
3,HSM67VD2,H4020,CD,1,2,StratifiedGroupKFold
3,HSM67VD4,H4020,CD,1,2,StratifiedGroupKFold
3,HSM67VD6,H4020,CD,1,2,StratifiedGroupKFold
3,HSM67VDP,H4004,CD,1,0,StratifiedGroupKFold
3,HSM67VDR,H4023,nonIBD,0,1,StratifiedGroupKFold
3,HSM67VDR_P,H4023,nonIBD,0,1,StratifiedGroupKFold
3,HSM67VDT,H4024,nonIBD,0,2,StratifiedGroupKFold
3,HSM67VDT_P,H4024,nonIBD,0,2,StratifiedGroupKFold
3,HSM67VDZ,H4001,CD,1,3,StratifiedGroupKFold
3,HSM67VE4,H4001,CD,1,3,StratifiedGroupKFold
3,HSM67VEA,H4001,CD,1,3,StratifiedGroupKFold
3,HSM67VF3,H4016,nonIBD,0,2,StratifiedGroupKFold
3,HSM67VF9,H4017,CD,1,2,StratifiedGroupKFold
3,HSM67VFD,H4017,CD,1,2,StratifiedGroupKFold
3,HSM67VFF,H4017,CD,1,2,StratifiedGroupKFold
3,HSM67VFH,H4017,CD,1,2,StratifiedGroupKFold
3,HSM67VFJ,H4017,CD,1,2,StratifiedGroupKFold
3,HSM67VFR,H4018,nonIBD,0,2,StratifiedGroupKFold
3,HSM67VFX,H4008,nonIBD,0,3,StratifiedGroupKFold
3,HSM67VFX_P,H4008,nonIBD,0,3,StratifiedGroupKFold
3,HSM67VFZ,H4008,nonIBD,0,3,StratifiedGroupKFold
3,HSM67VG2_P,H4008,nonIBD,0,3,StratifiedGroupKFold
3,HSM67VG6,H4008,nonIBD,0,3,StratifiedGroupKFold
3,HSM67VG6_P,H4008,nonIBD,0,3,StratifiedGroupKFold
3,HSM67VG8,H4008,nonIBD,0,3,StratifiedGroupKFold
3,HSM67VGY,H4010,UC,1,3,StratifiedGroupKFold
3,HSM67VH1,H4010,UC,1,3,StratifiedGroupKFold
3,HSM67VHB,H4020,CD,1,2,StratifiedGroupKFold
3,HSM67VHD,H4020,CD,1,2,StratifiedGroupKFold
3,HSM67VHF,H4020,CD,1,2,StratifiedGroupKFold
3,HSM67VHH,H4020,CD,1,2,StratifiedGroupKFold
3,HSM67VHJ,H4020,CD,1,2,StratifiedGroupKFold
3,HSM67VHK,H4017,CD,1,2,StratifiedGroupKFold
3,HSM67VHM,H4016,nonIBD,0,2,StratifiedGroupKFold
3,HSM67VI3,H4024,nonIBD,0,2,StratifiedGroupKFold
3,HSM67VI5,H4024,nonIBD,0,2,StratifiedGroupKFold
3,HSM67VI7,H4024,nonIBD,0,2,StratifiedGroupKFold
3,HSM67VI9,H4024,nonIBD,0,2,StratifiedGroupKFold
3,HSM67VIB,H4024,nonIBD,0,2,StratifiedGroupKFold
3,HSM67VID,H4028,CD,1,3,StratifiedGroupKFold
3,HSM67VIF,H4028,CD,1,3,StratifiedGroupKFold
3,HSM67VIJ_P,H4028,CD,1,3,StratifiedGroupKFold
3,HSM67VIL,H4028,CD,1,3,StratifiedGroupKFold
3,HSM6S4FN,H4018,nonIBD,0,2,StratifiedGroupKFold
3,HSM6S4FO,H4018,nonIBD,0,2,StratifiedGroupKFold
3,HSM6S4FP,H4018,nonIBD,0,2,StratifiedGroupKFold
3,HSM6S4FQ,H4019,UC,1,2,StratifiedGroupKFold
3,HSM6S4FR,H4019,UC,1,2,StratifiedGroupKFold
3,HSM6S4FS,H4019,UC,1,2,StratifiedGroupKFold
3,HSM6S4FT,H4020,CD,1,2,StratifiedGroupKFold
3,HSM6S4FU,H4020,CD,1,2,StratifiedGroupKFold
3,HSM6S4G2,H4023,nonIBD,0,1,StratifiedGroupKFold
3,HSM6S4G3,H4023,nonIBD,0,1,StratifiedGroupKFold
3,HSM6S4G4,H4023,nonIBD,0,1,StratifiedGroupKFold
3,HSM6S4G5,H4024,nonIBD,0,2,StratifiedGroupKFold
3,HSM6S4G6,H4024,nonIBD,0,2,StratifiedGroupKFold
3,HSM6S4G7,H4024,nonIBD,0,2,StratifiedGroupKFold
3,HSM6S4GG,H4027,UC,1,0,StratifiedGroupKFold
3,HSM6S4GH,H4027,UC,1,0,StratifiedGroupKFold
3,HSM6S4GI,H4027,UC,1,0,StratifiedGroupKFold
3,HSM6S4GJ,H4028,CD,1,3,StratifiedGroupKFold
3,HSM6S4GK,H4028,CD,1,3,StratifiedGroupKFold
3,HSM6S4GL,H4028,CD,1,3,StratifiedGroupKFold
3,HSM6S4GM,H4008,nonIBD,0,3,StratifiedGroupKFold
3,HSM6S4GN,H4008,nonIBD,0,3,StratifiedGroupKFold
3,HSM6S4GO,H4019,UC,1,2,StratifiedGroupKFold
3,HSM6S4GP,H4019,UC,1,2,StratifiedGroupKFold
3,HSM6S4GQ,H4019,UC,1,2,StratifiedGroupKFold
3,HSM6XRQ8,H4023,nonIBD,0,1,StratifiedGroupKFold
3,HSM6XRQB,H4017,CD,1,2,StratifiedGroupKFold
3,HSM6XRQB_P,H4017,CD,1,2,StratifiedGroupKFold
3,HSM6XRQC,H4018,nonIBD,0,2,StratifiedGroupKFold
3,HSM6XRQC_P,H4018,nonIBD,0,2,StratifiedGroupKFold
3,HSM6XRQE,H4019,UC,1,2,StratifiedGroupKFold
3,HSM6XRQE_P,H4019,UC,1,2,StratifiedGroupKFold
3,HSM6XRQI,H4017,CD,1,2,StratifiedGroupKFold
3,HSM6XRQK,H4017,CD,1,2,StratifiedGroupKFold
3,HSM6XRQM,H4017,CD,1,2,StratifiedGroupKFold
3,HSM6XRQO,H4017,CD,1,2,StratifiedGroupKFold
3,HSM6XRQS,H4018,nonIBD,0,2,StratifiedGroupKFold
3,HSM6XRQU,H4018,nonIBD,0,2,StratifiedGroupKFold
3,HSM6XRQW,H4018,nonIBD,0,2,StratifiedGroupKFold
3,HSM6XRQY,H4018,nonIBD,0,2,StratifiedGroupKFold
3,HSM6XRR3,H4020,CD,1,2,StratifiedGroupKFold
3,HSM6XRR5,H4019,UC,1,2,StratifiedGroupKFold
3,HSM6XRR7,H4019,UC,1,2,StratifiedGroupKFold
3,HSM6XRR9,H4019,UC,1,2,StratifiedGroupKFold
3,HSM6XRRB,H4019,UC,1,2,StratifiedGroupKFold
3,HSM6XRRD,H4019,UC,1,2,StratifiedGroupKFold
3,HSM6XRRJ,H4013,nonIBD,0,0,StratifiedGroupKFold
3,HSM6XRRV,H4014,CD,1,1,StratifiedGroupKFold
3,HSM6XRS2,H4014,CD,1,1,StratifiedGroupKFold
3,HSM6XRS4,H4015,CD,1,2,StratifiedGroupKFold
3,HSM6XRS6,H4015,CD,1,2,StratifiedGroupKFold
3,HSM6XRS8,H4015,CD,1,2,StratifiedGroupKFold
3,HSM6XRSE,H4015,CD,1,2,StratifiedGroupKFold
3,HSM6XRSG,H4004,CD,1,0,StratifiedGroupKFold
3,HSM6XRSI,H4004,CD,1,0,StratifiedGroupKFold
3,HSM6XRSX,H4008,nonIBD,0,3,StratifiedGroupKFold
3,HSM6XRSX_P,H4008,nonIBD,0,3,StratifiedGroupKFold
3,HSM6XRSZ,H4008,nonIBD,0,3,StratifiedGroupKFold
3,HSM6XRSZ_P,H4008,nonIBD,0,3,StratifiedGroupKFold
3,HSM6XRT2_P,H4008,nonIBD,0,3,StratifiedGroupKFold
3,HSM6XRT4_P,H4008,nonIBD,0,3,StratifiedGroupKFold
3,HSM6XRT6_P,H4008,nonIBD,0,3,StratifiedGroupKFold
3,HSM6XRTM,H4010,UC,1,3,StratifiedGroupKFold
3,HSM6XRTO,H4010,UC,1,3,StratifiedGroupKFold
3,HSM6XRTQ,H4010,UC,1,3,StratifiedGroupKFold
3,HSM6XRTS,H4010,UC,1,3,StratifiedGroupKFold
3,HSM6XRUL,H4023,nonIBD,0,1,StratifiedGroupKFold
3,HSM6XRUN,H4023,nonIBD,0,1,StratifiedGroupKFold
3,HSM6XRUR,H4023,nonIBD,0,1,StratifiedGroupKFold
3,HSM6XRUV,H4020,CD,1,2,StratifiedGroupKFold
3,HSM6XRUX,H4019,UC,1,2,StratifiedGroupKFold
3,HSM6XRUZ,H4019,UC,1,2,StratifiedGroupKFold
3,HSM6XRV2,H4019,UC,1,2,StratifiedGroupKFold
3,HSM6XRV4,H4019,UC,1,2,StratifiedGroupKFold
3,HSM6XRV6,H4019,UC,1,2,StratifiedGroupKFold
3,HSM6XRV8,H4019,UC,1,2,StratifiedGroupKFold
3,HSM6XRVA,H4013,nonIBD,0,0,StratifiedGroupKFold
3,HSM6XRVC,H4013,nonIBD,0,0,StratifiedGroupKFold
3,HSM6XRVC_TR,H4013,nonIBD,0,0,StratifiedGroupKFold
3,HSM6XRVK,H4013,nonIBD,0,0,StratifiedGroupKFold
3,HSM6XRVM,H4014,CD,1,1,StratifiedGroupKFold
3,HSM6XRVO,H4014,CD,1,1,StratifiedGroupKFold
3,HSM6XRVU,H4014,CD,1,1,StratifiedGroupKFold
3,HSM6XRVW,H4014,CD,1,1,StratifiedGroupKFold
3,HSM7CYWS_P,H4030,CD,1,3,StratifiedGroupKFold
3,HSM7CYWW,H4027,UC,1,0,StratifiedGroupKFold
3,HSM7CYXE,H4016,nonIBD,0,2,StratifiedGroupKFold
3,HSM7CYXG,H4016,nonIBD,0,2,StratifiedGroupKFold
3,HSM7CYXI,H4016,nonIBD,0,2,StratifiedGroupKFold
3,HSM7CYXO,H4016,nonIBD,0,2,StratifiedGroupKFold
3,HSM7CYY3,H4017,CD,1,2,StratifiedGroupKFold
3,HSM7CYY5,H4017,CD,1,2,StratifiedGroupKFold
3,HSM7CYY7,H4017,CD,1,2,StratifiedGroupKFold
3,HSM7CYY9,H4017,CD,1,2,StratifiedGroupKFold
3,HSM7CYYB,H4017,CD,1,2,StratifiedGroupKFold
3,HSM7CYYD,H4017,CD,1,2,StratifiedGroupKFold
3,HSM7CYYF,H4018,nonIBD,0,2,StratifiedGroupKFold
3,HSM7CYYH,H4018,nonIBD,0,2,StratifiedGroupKFold
3,HSM7CYYP,H4018,nonIBD,0,2,StratifiedGroupKFold
3,HSM7CYZ5,H4015,CD,1,2,StratifiedGroupKFold
3,HSM7CYZ7,H4015,CD,1,2,StratifiedGroupKFold
3,HSM7CYZ9,H4015,CD,1,2,StratifiedGroupKFold
3,HSM7CYZB,H4015,CD,1,2,StratifiedGroupKFold
3,HSM7CYZD,H4015,CD,1,2,StratifiedGroupKFold
3,HSM7CYZF,H4015,CD,1,2,StratifiedGroupKFold
3,HSM7CYZT,H4004,CD,1,0,StratifiedGroupKFold
3,HSM7CYZV,H4004,CD,1,0,StratifiedGroupKFold
3,HSM7CZ14,H4004,CD,1,0,StratifiedGroupKFold
3,HSM7CZ16,H4023,nonIBD,0,1,StratifiedGroupKFold
3,HSM7CZ18,H4023,nonIBD,0,1,StratifiedGroupKFold
3,HSM7CZ1A,H4023,nonIBD,0,1,StratifiedGroupKFold
3,HSM7CZ1C,H4023,nonIBD,0,1,StratifiedGroupKFold
3,HSM7CZ1E,H4023,nonIBD,0,1,StratifiedGroupKFold
3,HSM7CZ1G,H4023,nonIBD,0,1,StratifiedGroupKFold
3,HSM7CZ1T,H4027,UC,1,0,StratifiedGroupKFold
3,HSM7CZ1T_P,H4027,UC,1,0,StratifiedGroupKFold
3,HSM7CZ1V,H4027,UC,1,0,StratifiedGroupKFold
3,HSM7CZ1Z,H4027,UC,1,0,StratifiedGroupKFold
3,HSM7CZ22,H4027,UC,1,0,StratifiedGroupKFold
3,HSM7CZ24,H4024,nonIBD,0,2,StratifiedGroupKFold
3,HSM7CZ26,H4024,nonIBD,0,2,StratifiedGroupKFold
3,HSM7CZ28,H4024,nonIBD,0,2,StratifiedGroupKFold
3,HSM7CZ2A,H4024,nonIBD,0,2,StratifiedGroupKFold
3,HSM7CZ2E,H4024,nonIBD,0,2,StratifiedGroupKFold
3,HSM7CZ2F,H4008,nonIBD,0,3,StratifiedGroupKFold
3,HSM7CZ2H,H4008,nonIBD,0,3,StratifiedGroupKFold
3,HSM7CZ2J_P,H4008,nonIBD,0,3,StratifiedGroupKFold
3,HSM7CZ2L_P,H4008,nonIBD,0,3,StratifiedGroupKFold
3,HSM7CZ2P,H4008,nonIBD,0,3,StratifiedGroupKFold
3,HSM7CZ2V,H4031,CD,1,0,StratifiedGroupKFold
3,HSM7CZ2V_P,H4031,CD,1,0,StratifiedGroupKFold
3,HSM7CZ2X,H4035,UC,1,3,StratifiedGroupKFold
3,HSM7CZ2X_P,H4035,UC,1,3,StratifiedGroupKFold
3,HSM7CZ2Z,H4030,CD,1,3,StratifiedGroupKFold
3,HSM7CZ32,H4030,CD,1,3,StratifiedGroupKFold
3,HSM7CZ36,H4030,CD,1,3,StratifiedGroupKFold
3,HSM7CZ38,H4030,CD,1,3,StratifiedGroupKFold
3,HSM7CZ3A,H4031,CD,1,0,StratifiedGroupKFold
3,HSM7CZ3C,H4031,CD,1,0,StratifiedGroupKFold
3,HSM7CZ3E,H4031,CD,1,0,StratifiedGroupKFold
3,HSM7CZ3G,H4031,CD,1,0,StratifiedGroupKFold
3,HSM7H3WH,H4030,CD,1,3,StratifiedGroupKFold
3,HSM7H3WJ,H4030,CD,1,3,StratifiedGroupKFold
3,HSM7H3WK,H4031,CD,1,0,StratifiedGroupKFold
3,HSM7H3WL,H4031,CD,1,0,StratifiedGroupKFold
3,HSM7H3WM,H4031,CD,1,0,StratifiedGroupKFold
3,HSM7H3WN,H4032,CD,1,3,StratifiedGroupKFold
3,HSM7H3WO,H4032,CD,1,3,StratifiedGroupKFold
3,HSM7H3WP,H4032,CD,1,3,StratifiedGroupKFold
3,HSM7H3WQ,H4004,CD,1,0,StratifiedGroupKFold
3,HSM7H3WR,H4004,CD,1,0,StratifiedGroupKFold
3,HSM7H3WS,H4004,CD,1,0,StratifiedGroupKFold
3,HSM7H3WW,H4035,UC,1,3,StratifiedGroupKFold
3,HSM7H3WX,H4035,UC,1,3,StratifiedGroupKFold
3,HSM7H3WY,H4035,UC,1,3,StratifiedGroupKFold
3,HSM7J4G9,H4028,CD,1,3,StratifiedGroupKFold
3,HSM7J4GB,H4028,CD,1,3,StratifiedGroupKFold
3,HSM7J4GD,H4028,CD,1,3,StratifiedGroupKFold
3,HSM7J4GP,H4027,UC,1,0,StratifiedGroupKFold
3,HSM7J4GR,H4027,UC,1,0,StratifiedGroupKFold
3,HSM7J4HA,H4023,nonIBD,0,1,StratifiedGroupKFold
3,HSM7J4HC,H4023,nonIBD,0,1,StratifiedGroupKFold
3,HSM7J4HE,H4023,nonIBD,0,1,StratifiedGroupKFold
3,HSM7J4HG,H4023,nonIBD,0,1,StratifiedGroupKFold
3,HSM7J4HI,H4023,nonIBD,0,1,StratifiedGroupKFold
3,HSM7J4HK,H4023,nonIBD,0,1,StratifiedGroupKFold
3,HSM7J4HM,H4035,UC,1,3,StratifiedGroupKFold
3,HSM7J4HO,H4035,UC,1,3,StratifiedGroupKFold
3,HSM7J4HQ,H4035,UC,1,3,StratifiedGroupKFold
3,HSM7J4HS,H4035,UC,1,3,StratifiedGroupKFold
3,HSM7J4HU,H4035,UC,1,3,StratifiedGroupKFold
3,HSM7J4HW,H4024,nonIBD,0,2,StratifiedGroupKFold
3,HSM7J4HY,H4024,nonIBD,0,2,StratifiedGroupKFold
3,HSM7J4I3,H4016,nonIBD,0,2,StratifiedGroupKFold
3,HSM7J4I5,H4024,nonIBD,0,2,StratifiedGroupKFold
3,HSM7J4I7,H4024,nonIBD,0,2,StratifiedGroupKFold
3,HSM7J4I9,H4024,nonIBD,0,2,StratifiedGroupKFold
3,HSM7J4IC,H4032,CD,1,3,StratifiedGroupKFold
3,HSM7J4IO,H4020,CD,1,2,StratifiedGroupKFold
3,HSM7J4IP,H4020,CD,1,2,StratifiedGroupKFold
3,HSM7J4IQ,H4020,CD,1,2,StratifiedGroupKFold
3,HSM7J4IR,H4020,CD,1,2,StratifiedGroupKFold
3,HSM7J4IS,H4020,CD,1,2,StratifiedGroupKFold
3,HSM7J4J7,H4038,CD,1,0,StratifiedGroupKFold
3,HSM7J4J9,H4038,CD,1,0,StratifiedGroupKFold
3,HSM7J4JD,H4038,CD,1,0,StratifiedGroupKFold
3,HSM7J4JF,H4038,CD,1,0,StratifiedGroupKFold
3,HSM7J4JH,H4039,CD,1,0,StratifiedGroupKFold
3,HSM7J4JJ,H4039,CD,1,0,StratifiedGroupKFold
3,HSM7J4JN,H4039,CD,1,0,StratifiedGroupKFold
3,HSM7J4JP,H4039,CD,1,0,StratifiedGroupKFold
3,HSM7J4JT,H4040,UC,1,0,StratifiedGroupKFold
3,HSM7J4JT_P,H4040,UC,1,0,StratifiedGroupKFold
3,HSM7J4JW,H4043,CD,1,1,StratifiedGroupKFold
3,HSM7J4JZ,H4035,UC,1,3,StratifiedGroupKFold
3,HSM7J4K2,H4035,UC,1,3,StratifiedGroupKFold
3,HSM7J4K4,H4035,UC,1,3,StratifiedGroupKFold
3,HSM7J4K6,H4035,UC,1,3,StratifiedGroupKFold
3,HSM7J4K8,H4035,UC,1,3,StratifiedGroupKFold
3,HSM7J4KA,H4035,UC,1,3,StratifiedGroupKFold
3,HSM7J4KC,H4023,nonIBD,0,1,StratifiedGroupKFold
3,HSM7J4KG,H4023,nonIBD,0,1,StratifiedGroupKFold
3,HSM7J4KI,H4023,nonIBD,0,1,StratifiedGroupKFold
3,HSM7J4KK,H4023,nonIBD,0,1,StratifiedGroupKFold
3,HSM7J4KM,H4023,nonIBD,0,1,StratifiedGroupKFold
3,HSM7J4KO,H4016,nonIBD,0,2,StratifiedGroupKFold
3,HSM7J4KQ,H4016,nonIBD,0,2,StratifiedGroupKFold
3,HSM7J4L5,H4030,CD,1,3,StratifiedGroupKFold
3,HSM7J4L9,H4030,CD,1,3,StratifiedGroupKFold
3,HSM7J4LD,H4018,nonIBD,0,2,StratifiedGroupKFold
3,HSM7J4LF,H4018,nonIBD,0,2,StratifiedGroupKFold
3,HSM7J4LH,H4018,nonIBD,0,2,StratifiedGroupKFold
3,HSM7J4LN,H4018,nonIBD,0,2,StratifiedGroupKFold
3,HSM7J4LP,H4039,CD,1,0,StratifiedGroupKFold
3,HSM7J4M4,H4019,UC,1,2,StratifiedGroupKFold
3,HSM7J4M6,H4019,UC,1,2,StratifiedGroupKFold
3,HSM7J4M8,H4019,UC,1,2,StratifiedGroupKFold
3,HSM7J4MA,H4019,UC,1,2,StratifiedGroupKFold
3,HSM7J4MC,H4019,UC,1,2,StratifiedGroupKFold
3,HSM7J4ME,H4019,UC,1,2,StratifiedGroupKFold
3,HSM7J4MK,H4031,CD,1,0,StratifiedGroupKFold
3,HSM7J4MS,H4032,CD,1,3,StratifiedGroupKFold
3,HSM7J4MW,H4032,CD,1,3,StratifiedGroupKFold
3,HSM7J4MY,H4028,CD,1,3,StratifiedGroupKFold
3,HSM7J4N4,H4028,CD,1,3,StratifiedGroupKFold
3,HSM7J4N6,H4028,CD,1,3,StratifiedGroupKFold
3,HSM7J4N8,H4028,CD,1,3,StratifiedGroupKFold
3,HSM7J4NA,H4028,CD,1,3,StratifiedGroupKFold
3,HSM7J4NC,H4027,UC,1,0,StratifiedGroupKFold
3,HSM7J4NE,H4027,UC,1,0,StratifiedGroupKFold
3,HSM7J4NM,H4027,UC,1,0,StratifiedGroupKFold
3,HSM7J4NO,H4040,UC,1,0,StratifiedGroupKFold
3,HSM7J4NS,H4040,UC,1,0,StratifiedGroupKFold
3,HSM7J4NU,H4040,UC,1,0,StratifiedGroupKFold
3,HSM7J4NY,H4024,nonIBD,0,2,StratifiedGroupKFold
3,HSM7J4O1,H4024,nonIBD,0,2,StratifiedGroupKFold
3,HSM7J4O3,H4024,nonIBD,0,2,StratifiedGroupKFold
3,HSM7J4O5,H4024,nonIBD,0,2,StratifiedGroupKFold
3,HSM7J4O7,H4024,nonIBD,0,2,StratifiedGroupKFold
3,HSM7J4O9,H4024,nonIBD,0,2,StratifiedGroupKFold
3,HSM7J4OB,H4031,CD,1,0,StratifiedGroupKFold
3,HSM7J4OE,H4031,CD,1,0,StratifiedGroupKFold
3,HSM7J4OL,H4031,CD,1,0,StratifiedGroupKFold
3,HSM7J4ON,H4030,CD,1,3,StratifiedGroupKFold
3,HSM7J4OP,H4030,CD,1,3,StratifiedGroupKFold
3,HSM7J4OT,H4030,CD,1,3,StratifiedGroupKFold
3,HSM7J4OV,H4030,CD,1,3,StratifiedGroupKFold
3,HSM7J4OX,H4030,CD,1,3,StratifiedGroupKFold
3,HSM7J4OZ,H4032,CD,1,3,StratifiedGroupKFold
3,HSM7J4P2,H4032,CD,1,3,StratifiedGroupKFold
3,HSM7J4PA,H4031,CD,1,0,StratifiedGroupKFold
3,HSM7J4PC,H4019,UC,1,2,StratifiedGroupKFold
3,HSM7J4PE,H4019,UC,1,2,StratifiedGroupKFold
3,HSM7J4PG,H4019,UC,1,2,StratifiedGroupKFold
3,HSM7J4PI,H4019,UC,1,2,StratifiedGroupKFold
3,HSM7J4PK,H4019,UC,1,2,StratifiedGroupKFold
3,HSM7J4PM,H4019,UC,1,2,StratifiedGroupKFold
3,HSM7J4PO,H4020,CD,1,2,StratifiedGroupKFold
3,HSM7J4PQ,H4020,CD,1,2,StratifiedGroupKFold
3,HSM7J4PS,H4020,CD,1,2,StratifiedGroupKFold
3,HSM7J4PU,H4020,CD,1,2,StratifiedGroupKFold
3,HSM7J4PW,H4020,CD,1,2,StratifiedGroupKFold
3,HSM7J4PY,H4020,CD,1,2,StratifiedGroupKFold
3,HSM7J4Q1,H4032,CD,1,3,StratifiedGroupKFold
3,HSM7J4Q3,H4032,CD,1,3,StratifiedGroupKFold
3,HSM7J4Q3_P,H4032,CD,1,3,StratifiedGroupKFold
3,HSM7J4Q7,H4032,CD,1,3,StratifiedGroupKFold
3,HSM7J4Q9,H4032,CD,1,3,StratifiedGroupKFold
3,HSM7J4QB,H4015,CD,1,2,StratifiedGroupKFold
3,HSM7J4QD,H4015,CD,1,2,StratifiedGroupKFold
3,HSM7J4QF,H4015,CD,1,2,StratifiedGroupKFold
3,HSM7J4QH,H4015,CD,1,2,StratifiedGroupKFold
3,HSM7J4QJ,H4015,CD,1,2,StratifiedGroupKFold
3,HSM7J4QL,H4015,CD,1,2,StratifiedGroupKFold
3,HSM7J4QT,H4014,CD,1,1,StratifiedGroupKFold
3,HSM7J4QZ,H4013,nonIBD,0,0,StratifiedGroupKFold
3,HSM7J4R2,H4013,nonIBD,0,0,StratifiedGroupKFold
3,HSM9JBU,H4038,CD,1,0,StratifiedGroupKFold
3,HSM9JBV,H4038,CD,1,0,StratifiedGroupKFold
3,HSM9JBW,H4038,CD,1,0,StratifiedGroupKFold
3,HSM9JTBX,H4039,CD,1,0,StratifiedGroupKFold
3,HSM9JTBY,H4039,CD,1,0,StratifiedGroupKFold
3,HSM9JTBZ,H4039,CD,1,0,StratifiedGroupKFold
3,HSM9JTC1,H4040,UC,1,0,StratifiedGroupKFold
3,HSM9JTC2,H4040,UC,1,0,StratifiedGroupKFold
3,HSM9JTC3,H4040,UC,1,0,StratifiedGroupKFold
3,HSM9UBMN,H4043,CD,1,1,StratifiedGroupKFold
3,HSM9UBMO,H4043,CD,1,1,StratifiedGroupKFold
3,HSM9UBMP,H4043,CD,1,1,StratifiedGroupKFold
3,HSM9UBMQ,H4044,UC,1,3,StratifiedGroupKFold
3,HSM9UBMR,H4044,UC,1,3,StratifiedGroupKFold
3,HSM9UBMS,H4045,nonIBD,0,3,StratifiedGroupKFold
3,HSM9UBMT,H4045,nonIBD,0,3,StratifiedGroupKFold
3,HSM9UBMU,H4045,nonIBD,0,3,StratifiedGroupKFold
3,HSMA33IA,H4044,UC,1,3,StratifiedGroupKFold
3,HSMA33IC,H4044,UC,1,3,StratifiedGroupKFold
3,HSMA33IE,H4043,CD,1,1,StratifiedGroupKFold
3,HSMA33IG,H4043,CD,1,1,StratifiedGroupKFold
3,HSMA33IK,H4043,CD,1,1,StratifiedGroupKFold
3,HSMA33J1_P,H4045,nonIBD,0,3,StratifiedGroupKFold
3,HSMA33J3,H4045,nonIBD,0,3,StratifiedGroupKFold
3,HSMA33J5,H4045,nonIBD,0,3,StratifiedGroupKFold
3,HSMA33J7,H4045,nonIBD,0,3,StratifiedGroupKFold
3,HSMA33J9,H4045,nonIBD,0,3,StratifiedGroupKFold
3,HSMA33JB,H4031,CD,1,0,StratifiedGroupKFold
3,HSMA33JD,H4031,CD,1,0,StratifiedGroupKFold
3,HSMA33JH,H4031,CD,1,0,StratifiedGroupKFold
3,HSMA33JJ,H4031,CD,1,0,StratifiedGroupKFold
3,HSMA33JN,H4032,CD,1,3,StratifiedGroupKFold
3,HSMA33JP,H4032,CD,1,3,StratifiedGroupKFold
3,HSMA33JR,H4032,CD,1,3,StratifiedGroupKFold
3,HSMA33JT,H4032,CD,1,3,StratifiedGroupKFold
3,HSMA33JZ,H4030,CD,1,3,StratifiedGroupKFold
3,HSMA33K2,H4030,CD,1,3,StratifiedGroupKFold
3,HSMA33KE,H4038,CD,1,0,StratifiedGroupKFold
3,HSMA33KM,H4038,CD,1,0,StratifiedGroupKFold
3,HSMA33KO,H4038,CD,1,0,StratifiedGroupKFold
3,HSMA33KQ,H4039,CD,1,0,StratifiedGroupKFold
3,HSMA33KS,H4039,CD,1,0,StratifiedGroupKFold
3,HSMA33KU,H4039,CD,1,0,StratifiedGroupKFold
3,HSMA33L1,H4039,CD,1,0,StratifiedGroupKFold
3,HSMA33L3,H4028,CD,1,3,StratifiedGroupKFold
3,HSMA33LB,H4044,UC,1,3,StratifiedGroupKFold
3,HSMA33LH,H4044,UC,1,3,StratifiedGroupKFold
3,HSMA33LH_TR,H4044,UC,1,3,StratifiedGroupKFold
3,HSMA33LJ,H4044,UC,1,3,StratifiedGroupKFold
3,HSMA33LL,H4043,CD,1,1,StratifiedGroupKFold
3,HSMA33LP,H4043,CD,1,1,StratifiedGroupKFold
3,HSMA33LV,H4043,CD,1,1,StratifiedGroupKFold
3,HSMA33LX,H4040,UC,1,0,StratifiedGroupKFold
3,HSMA33LZ,H4040,UC,1,0,StratifiedGroupKFold
3,HSMA33M2,H4040,UC,1,0,StratifiedGroupKFold
3,HSMA33M8,H4040,UC,1,0,StratifiedGroupKFold
3,HSMA33MA,H4035,UC,1,3,StratifiedGroupKFold
3,HSMA33MC,H4035,UC,1,3,StratifiedGroupKFold
3,HSMA33ME,H4035,UC,1,3,StratifiedGroupKFold
3,HSMA33MG,H4035,UC,1,3,StratifiedGroupKFold
3,HSMA33MI,H4035,UC,1,3,StratifiedGroupKFold
3,HSMA33MK,H4035,UC,1,3,StratifiedGroupKFold
3,HSMA33MQ,H4045,nonIBD,0,3,StratifiedGroupKFold
3,HSMA33MS,H4045,nonIBD,0,3,StratifiedGroupKFold
3,HSMA33MV,H4032,CD,1,3,StratifiedGroupKFold
3,HSMA33NA,H4038,CD,1,0,StratifiedGroupKFold
3,HSMA33NC,H4038,CD,1,0,StratifiedGroupKFold
3,HSMA33NG,H4038,CD,1,0,StratifiedGroupKFold
3,HSMA33NG_P,H4038,CD,1,0,StratifiedGroupKFold
3,HSMA33NO,H4039,CD,1,0,StratifiedGroupKFold
3,HSMA33NQ,H4039,CD,1,0,StratifiedGroupKFold
3,HSMA33NW,H4044,UC,1,3,StratifiedGroupKFold
3,HSMA33NY,H4045,nonIBD,0,3,StratifiedGroupKFold
3,HSMA33O1,H4027,UC,1,0,StratifiedGroupKFold
3,HSMA33O3,H4027,UC,1,0,StratifiedGroupKFold
3,HSMA33O5,H4027,UC,1,0,StratifiedGroupKFold
3,HSMA33OD,H4040,UC,1,0,StratifiedGroupKFold
3,HSMA33OJ,H4040,UC,1,0,StratifiedGroupKFold
3,HSMA33OL,H4040,UC,1,0,StratifiedGroupKFold
3,HSMA33OP,H4035,UC,1,3,StratifiedGroupKFold
3,HSMA33OR,H4035,UC,1,3,StratifiedGroupKFold
3,HSMA33OT,H4035,UC,1,3,StratifiedGroupKFold
3,HSMA33OV,H4035,UC,1,3,StratifiedGroupKFold
3,HSMA33OX,H4035,UC,1,3,StratifiedGroupKFold
3,HSMA33OZ,H4035,UC,1,3,StratifiedGroupKFold
3,HSMA33P2_P,H4044,UC,1,3,StratifiedGroupKFold
3,HSMA33P6,H4044,UC,1,3,StratifiedGroupKFold
3,HSMA33PL,H4039,CD,1,0,StratifiedGroupKFold
3,HSMA33PN,H4039,CD,1,0,StratifiedGroupKFold
3,HSMA33PP,H4039,CD,1,0,StratifiedGroupKFold
3,HSMA33PX,H4038,CD,1,0,StratifiedGroupKFold
3,HSMA33PZ,H4038,CD,1,0,StratifiedGroupKFold
3,HSMA33Q6,H4038,CD,1,0,StratifiedGroupKFold
3,HSMA33QM,H4045,nonIBD,0,3,StratifiedGroupKFold
3,HSMA33QO,H4045,nonIBD,0,3,StratifiedGroupKFold
3,HSMA33QY,H4043,CD,1,1,StratifiedGroupKFold
3,HSMA33R1,H4043,CD,1,1,StratifiedGroupKFold
3,HSMA33R5,H4043,CD,1,1,StratifiedGroupKFold
3,HSMA33R7,H4043,CD,1,1,StratifiedGroupKFold
3,HSMA33R9,H4043,CD,1,1,StratifiedGroupKFold
3,HSMA33RR,H4044,UC,1,3,StratifiedGroupKFold
3,HSMA33RT,H4044,UC,1,3,StratifiedGroupKFold
3,HSMA33RX,H4044,UC,1,3,StratifiedGroupKFold
3,HSMA33RX_TR,H4044,UC,1,3,StratifiedGroupKFold
3,HSMA33S4,H4043,CD,1,1,StratifiedGroupKFold
3,HSMA33SE,H4045,nonIBD,0,3,StratifiedGroupKFold
3,HSMA33SG,H4045,nonIBD,0,3,StratifiedGroupKFold
3,HSMA33SI,H4045,nonIBD,0,3,StratifiedGroupKFold
3,HSMA33SK,H4045,nonIBD,0,3,StratifiedGroupKFold
3,MSM5CFD6,M2014,CD,1,2,StratifiedGroupKFold
3,MSM5CFD7,M2014,CD,1,2,StratifiedGroupKFold
3,MSM5FZ9N_P,M2010,CD,1,1,StratifiedGroupKFold
3,MSM5FZ9X,M2014,CD,1,2,StratifiedGroupKFold
3,MSM5FZ9X_P,M2014,CD,1,2,StratifiedGroupKFold
3,MSM5FZA2,M2014,CD,1,2,StratifiedGroupKFold
3,MSM5FZA2_P,M2014,CD,1,2,StratifiedGroupKFold
3,MSM5LLE3_P,M2010,CD,1,1,StratifiedGroupKFold
3,MSM5LLE9_P,M2010,CD,1,1,StratifiedGroupKFold
3,MSM5LLEN,M2021,CD,1,0,StratifiedGroupKFold
3,MSM5LLEP,M2021,CD,1,0,StratifiedGroupKFold
3,MSM5LLER,M2021,CD,1,0,StratifiedGroupKFold
3,MSM5LLFG,M2028,CD,1,2,StratifiedGroupKFold
3,MSM5LLFG_P,M2028,CD,1,2,StratifiedGroupKFold
3,MSM5LLGD_P,M2014,CD,1,2,StratifiedGroupKFold
3,MSM5LLGF_P,M2014,CD,1,2,StratifiedGroupKFold
3,MSM5LLGH,M2014,CD,1,2,StratifiedGroupKFold
3,MSM5LLGH_P,M2014,CD,1,2,StratifiedGroupKFold
3,MSM5LLGJ_P,M2014,CD,1,2,StratifiedGroupKFold
3,MSM5LLGL,M2014,CD,1,2,StratifiedGroupKFold
3,MSM5LLGN_P,M2028,CD,1,2,StratifiedGroupKFold
3,MSM5LLGR,M2028,CD,1,2,StratifiedGroupKFold
3,MSM5LLGR_P,M2028,CD,1,2,StratifiedGroupKFold
3,MSM5LLH2_P,M2027,CD,1,3,StratifiedGroupKFold
3,MSM5LLH4_P,M2027,CD,1,3,StratifiedGroupKFold
3,MSM5LLH8,M2027,CD,1,3,StratifiedGroupKFold
3,MSM5LLH8_P,M2027,CD,1,3,StratifiedGroupKFold
3,MSM5LLHA_P,M2027,CD,1,3,StratifiedGroupKFold
3,MSM5LLHC,M2027,CD,1,3,StratifiedGroupKFold
3,MSM5LLHE_P,M2025,CD,1,1,StratifiedGroupKFold
3,MSM5LLHG_P,M2025,CD,1,1,StratifiedGroupKFold
3,MSM5LLHI_P,M2025,CD,1,1,StratifiedGroupKFold
3,MSM5LLHM,M2025,CD,1,1,StratifiedGroupKFold
3,MSM5LLHO_P,M2025,CD,1,1,StratifiedGroupKFold
3,MSM5LLHR_P,M2021,CD,1,0,StratifiedGroupKFold
3,MSM5LLHV_P,M2024,UC,1,3,StratifiedGroupKFold
3,MSM5LLIC,M2025,CD,1,1,StratifiedGroupKFold
3,MSM5LLIC_P,M2025,CD,1,1,StratifiedGroupKFold
3,MSM5LLIE_P,M2021,CD,1,0,StratifiedGroupKFold
3,MSM5LLIG,M2021,CD,1,0,StratifiedGroupKFold
3,MSM5LLIG_P,M2021,CD,1,0,StratifiedGroupKFold
3,MSM5LLIK,M2021,CD,1,0,StratifiedGroupKFold
3,MSM5LLIK_P,M2021,CD,1,0,StratifiedGroupKFold
3,MSM5LLIM_P,M2021,CD,1,0,StratifiedGroupKFold
3,MSM5LLIS,M2027,CD,1,3,StratifiedGroupKFold
3,MSM5LLIS_P,M2027,CD,1,3,StratifiedGroupKFold
3,MSM5LWJ3,M2028,CD,1,2,StratifiedGroupKFold
3,MSM5LWJ4,M2028,CD,1,2,StratifiedGroupKFold
3,MSM5LWJN,M2039,nonIBD,0,0,StratifiedGroupKFold
3,MSM5LWJO,M2039,nonIBD,0,0,StratifiedGroupKFold
3,MSM5LWJS,M2041,nonIBD,0,1,StratifiedGroupKFold
3,MSM5LWJT,M2041,nonIBD,0,1,StratifiedGroupKFold
3,MSM5LWJU,M2042,nonIBD,0,0,StratifiedGroupKFold
3,MSM5LWJV,M2042,nonIBD,0,0,StratifiedGroupKFold
3,MSM5LWKF,M2060,nonIBD,0,1,StratifiedGroupKFold
3,MSM5LWKG,M2060,nonIBD,0,1,StratifiedGroupKFold
3,MSM5LWKQ,M2021,CD,1,0,StratifiedGroupKFold
3,MSM5LWKR,M2021,CD,1,0,StratifiedGroupKFold
3,MSM5LWKW,M2021,CD,1,0,StratifiedGroupKFold
3,MSM5LWKX,M2021,CD,1,0,StratifiedGroupKFold
3,MSM5LWL3,M2025,CD,1,1,StratifiedGroupKFold
3,MSM5LWL4,M2025,CD,1,1,StratifiedGroupKFold
3,MSM5LWL6,M2027,CD,1,3,StratifiedGroupKFold
3,MSM5LWL7,M2027,CD,1,3,StratifiedGroupKFold
3,MSM5ZOJY_P,M2014,CD,1,2,StratifiedGroupKFold
3,MSM633FF_P,M2014,CD,1,2,StratifiedGroupKFold
3,MSM6J2H9,M2039,nonIBD,0,0,StratifiedGroupKFold
3,MSM6J2HN,M2039,nonIBD,0,0,StratifiedGroupKFold
3,MSM6J2HP,M2039,nonIBD,0,0,StratifiedGroupKFold
3,MSM6J2HR,M2039,nonIBD,0,0,StratifiedGroupKFold
3,MSM6J2HT,M2039,nonIBD,0,0,StratifiedGroupKFold
3,MSM6J2IE,M2028,CD,1,2,StratifiedGroupKFold
3,MSM6J2IG,M2028,CD,1,2,StratifiedGroupKFold
3,MSM6J2II,M2028,CD,1,2,StratifiedGroupKFold
3,MSM6J2IK,M2028,CD,1,2,StratifiedGroupKFold
3,MSM6J2IM,M2028,CD,1,2,StratifiedGroupKFold
3,MSM6J2IO,M2028,CD,1,2,StratifiedGroupKFold
3,MSM6J2IQ,M2014,CD,1,2,StratifiedGroupKFold
3,MSM6J2IY,M2014,CD,1,2,StratifiedGroupKFold
3,MSM6J2J1,M2014,CD,1,2,StratifiedGroupKFold
3,MSM6J2J3,M2025,CD,1,1,StratifiedGroupKFold
3,MSM6J2J5,M2025,CD,1,1,StratifiedGroupKFold
3,MSM6J2JB,M2025,CD,1,1,StratifiedGroupKFold
3,MSM6J2JD,M2025,CD,1,1,StratifiedGroupKFold
3,MSM6J2JF,M2041,nonIBD,0,1,StratifiedGroupKFold
3,MSM6J2JF_P,M2041,nonIBD,0,1,StratifiedGroupKFold
3,MSM6J2JH,M2042,nonIBD,0,0,StratifiedGroupKFold
3,MSM6J2JH_P,M2042,nonIBD,0,0,StratifiedGroupKFold
3,MSM6J2JN,M2041,nonIBD,0,1,StratifiedGroupKFold
3,MSM6J2JP,M2041,nonIBD,0,1,StratifiedGroupKFold
3,MSM6J2JR,M2041,nonIBD,0,1,StratifiedGroupKFold
3,MSM6J2JT,M2041,nonIBD,0,1,StratifiedGroupKFold
3,MSM6J2JZ,M2042,nonIBD,0,0,StratifiedGroupKFold
3,MSM6J2K2,M2042,nonIBD,0,0,StratifiedGroupKFold
3,MSM6J2K4,M2042,nonIBD,0,0,StratifiedGroupKFold
3,MSM6J2K6,M2042,nonIBD,0,0,StratifiedGroupKFold
3,MSM6J2K8,M2042,nonIBD,0,0,StratifiedGroupKFold
3,MSM6J2KA,M2042,nonIBD,0,0,StratifiedGroupKFold
3,MSM6J2KC,M2027,CD,1,3,StratifiedGroupKFold
3,MSM6J2KE,M2027,CD,1,3,StratifiedGroupKFold
3,MSM6J2KM,M2027,CD,1,3,StratifiedGroupKFold
3,MSM6J2L5,M2044,CD,1,0,StratifiedGroupKFold
3,MSM6J2LT,M2021,CD,1,0,StratifiedGroupKFold
3,MSM6J2LV,M2041,nonIBD,0,1,StratifiedGroupKFold
3,MSM6J2N6,M2059,UC,1,1,StratifiedGroupKFold
3,MSM6J2N6_P,M2059,UC,1,1,StratifiedGroupKFold
3,MSM6J2NW,M2058,CD,1,3,StratifiedGroupKFold
3,MSM6J2O1,M2058,CD,1,3,StratifiedGroupKFold
3,MSM6J2O3,M2058,CD,1,3,StratifiedGroupKFold
3,MSM6J2P4,M2044,CD,1,0,StratifiedGroupKFold
3,MSM6J2PE,M2025,CD,1,1,StratifiedGroupKFold
3,MSM6J2PK,M2025,CD,1,1,StratifiedGroupKFold
3,MSM6J2PM,M2025,CD,1,1,StratifiedGroupKFold
3,MSM6J2PO,M2047,nonIBD,0,3,StratifiedGroupKFold
3,MSM6J2PQ_P,M2047,nonIBD,0,3,StratifiedGroupKFold
3,MSM6J2PS,M2047,nonIBD,0,3,StratifiedGroupKFold
3,MSM6J2PU,M2047,nonIBD,0,3,StratifiedGroupKFold
3,MSM6J2PW,M2047,nonIBD,0,3,StratifiedGroupKFold
3,MSM6J2Q3,M2028,CD,1,2,StratifiedGroupKFold
3,MSM6J2Q5,M2028,CD,1,2,StratifiedGroupKFold
3,MSM6J2Q7,M2028,CD,1,2,StratifiedGroupKFold
3,MSM6J2Q9,M2028,CD,1,2,StratifiedGroupKFold
3,MSM6J2QB,M2028,CD,1,2,StratifiedGroupKFold
3,MSM6J2QD,M2028,CD,1,2,StratifiedGroupKFold
3,MSM6J2QF,M2039,nonIBD,0,0,StratifiedGroupKFold
3,MSM6J2QH,M2039,nonIBD,0,0,StratifiedGroupKFold
3,MSM6J2QJ,M2039,nonIBD,0,0,StratifiedGroupKFold
3,MSM6J2QL,M2039,nonIBD,0,0,StratifiedGroupKFold
3,MSM6J2QP,M2039,nonIBD,0,0,StratifiedGroupKFold
3,MSM6J2QR,M2014,CD,1,2,StratifiedGroupKFold
3,MSM6J2QZ,M2014,CD,1,2,StratifiedGroupKFold
3,MSM6J2R2,M2027,CD,1,3,StratifiedGroupKFold
3,MSM6J2R8,M2027,CD,1,3,StratifiedGroupKFold
3,MSM6J2RA,M2027,CD,1,3,StratifiedGroupKFold
3,MSM6J2RC,M2027,CD,1,3,StratifiedGroupKFold
3,MSM6J2RG_P,M2058,CD,1,3,StratifiedGroupKFold
3,MSM6J2RK,M2042,nonIBD,0,0,StratifiedGroupKFold
3,MSM6J2RM,M2042,nonIBD,0,0,StratifiedGroupKFold
3,MSM6J2RO,M2042,nonIBD,0,0,StratifiedGroupKFold
3,MSM6J2RQ,M2042,nonIBD,0,0,StratifiedGroupKFold
3,MSM6J2RS,M2042,nonIBD,0,0,StratifiedGroupKFold
3,MSM6J2RU,M2042,nonIBD,0,0,StratifiedGroupKFold
3,MSM6J2SE,M2041,nonIBD,0,1,StratifiedGroupKFold
3,MSM6J2SI,M2041,nonIBD,0,1,StratifiedGroupKFold
3,MSM6J2SK,M2041,nonIBD,0,1,StratifiedGroupKFold
3,MSM6J2SM,M2041,nonIBD,0,1,StratifiedGroupKFold
3,MSM719M5,M2047,nonIBD,0,3,StratifiedGroupKFold
3,MSM719M6,M2047,nonIBD,0,3,StratifiedGroupKFold
3,MSM719MD,M2064,UC,1,2,StratifiedGroupKFold
3,MSM719MJ,M2025,CD,1,1,StratifiedGroupKFold
3,MSM719MR,M2072,nonIBD,0,2,StratifiedGroupKFold
3,MSM719MS,M2068,CD,1,1,StratifiedGroupKFold
3,MSM719MT,M2068,CD,1,1,StratifiedGroupKFold
3,MSM719MU,M2072,nonIBD,0,2,StratifiedGroupKFold
3,MSM719N4,M2028,CD,1,2,StratifiedGroupKFold
3,MSM719N5,M2028,CD,1,2,StratifiedGroupKFold
3,MSM719NO,M2084,nonIBD,0,3,StratifiedGroupKFold
3,MSM719NP,M2084,nonIBD,0,3,StratifiedGroupKFold
3,MSM79H4T,M2059,UC,1,1,StratifiedGroupKFold
3,MSM79H4X,M2059,UC,1,1,StratifiedGroupKFold
3,MSM79H52,M2060,nonIBD,0,1,StratifiedGroupKFold
3,MSM79H52_P,M2060,nonIBD,0,1,StratifiedGroupKFold
3,MSM79H54,M2060,nonIBD,0,1,StratifiedGroupKFold
3,MSM79H58,M2060,nonIBD,0,1,StratifiedGroupKFold
3,MSM79H5A,M2060,nonIBD,0,1,StratifiedGroupKFold
3,MSM79H5Q,M2039,nonIBD,0,0,StratifiedGroupKFold
3,MSM79H5S,M2039,nonIBD,0,0,StratifiedGroupKFold
3,MSM79H5U,M2039,nonIBD,0,0,StratifiedGroupKFold
3,MSM79H5W,M2039,nonIBD,0,0,StratifiedGroupKFold
3,MSM79H5Y,M2039,nonIBD,0,0,StratifiedGroupKFold
3,MSM79H63,M2028,CD,1,2,StratifiedGroupKFold
3,MSM79H65,M2028,CD,1,2,StratifiedGroupKFold
3,MSM79H67,M2028,CD,1,2,StratifiedGroupKFold
3,MSM79H69,M2028,CD,1,2,StratifiedGroupKFold
3,MSM79H6B,M2028,CD,1,2,StratifiedGroupKFold
3,MSM79H6D,M2042,nonIBD,0,0,StratifiedGroupKFold
3,MSM79H6F,M2042,nonIBD,0,0,StratifiedGroupKFold
3,MSM79H6H,M2042,nonIBD,0,0,StratifiedGroupKFold
3,MSM79H6J,M2042,nonIBD,0,0,StratifiedGroupKFold
3,MSM79H6L,M2042,nonIBD,0,0,StratifiedGroupKFold
3,MSM79H6N,M2042,nonIBD,0,0,StratifiedGroupKFold
3,MSM79H76,M2059,UC,1,1,StratifiedGroupKFold
3,MSM79H7C,M2071,UC,1,2,StratifiedGroupKFold
3,MSM79H7E,M2071,UC,1,2,StratifiedGroupKFold
3,MSM79H7G,M2071,UC,1,2,StratifiedGroupKFold
3,MSM79H7M,M2071,UC,1,2,StratifiedGroupKFold
3,MSM79H7O,M2047,nonIBD,0,3,StratifiedGroupKFold
3,MSM79H7Q,M2047,nonIBD,0,3,StratifiedGroupKFold
3,MSM79H7W,M2047,nonIBD,0,3,StratifiedGroupKFold
3,MSM79H7Y,M2047,nonIBD,0,3,StratifiedGroupKFold
3,MSM79H81,M2072,nonIBD,0,2,StratifiedGroupKFold
3,MSM79H83,M2072,nonIBD,0,2,StratifiedGroupKFold
3,MSM79H85,M2072,nonIBD,0,2,StratifiedGroupKFold
3,MSM79H87,M2072,nonIBD,0,2,StratifiedGroupKFold
3,MSM79H89,M2072,nonIBD,0,2,StratifiedGroupKFold
3,MSM79H8B,M2072,nonIBD,0,2,StratifiedGroupKFold
3,MSM79H98,M2068,CD,1,1,StratifiedGroupKFold
3,MSM79H9A,M2060,nonIBD,0,1,StratifiedGroupKFold
3,MSM79H9C,M2060,nonIBD,0,1,StratifiedGroupKFold
3,MSM79H9G,M2060,nonIBD,0,1,StratifiedGroupKFold
3,MSM79H9K,M2060,nonIBD,0,1,StratifiedGroupKFold
3,MSM79H9U_P,M2067,UC,1,1,StratifiedGroupKFold
3,MSM79H9Y,M2042,nonIBD,0,0,StratifiedGroupKFold
3,MSM79HA1,M2042,nonIBD,0,0,StratifiedGroupKFold
3,MSM79HA3,M2042,nonIBD,0,0,StratifiedGroupKFold
3,MSM79HA7,M2042,nonIBD,0,0,StratifiedGroupKFold
3,MSM79HAH,M2039,nonIBD,0,0,StratifiedGroupKFold
3,MSM79HAJ,M2064,UC,1,2,StratifiedGroupKFold
3,MSM79HAL,M2064,UC,1,2,StratifiedGroupKFold
3,MSM79HAN,M2064,UC,1,2,StratifiedGroupKFold
3,MSM79HAR,M2064,UC,1,2,StratifiedGroupKFold
3,MSM79HAT,M2064,UC,1,2,StratifiedGroupKFold
3,MSM79HB4,M2041,nonIBD,0,1,StratifiedGroupKFold
3,MSM79HB6,M2041,nonIBD,0,1,StratifiedGroupKFold
3,MSM79HBX,M2068,CD,1,1,StratifiedGroupKFold
3,MSM79HBX_P,M2068,CD,1,1,StratifiedGroupKFold
3,MSM79HC4,M2047,nonIBD,0,3,StratifiedGroupKFold
3,MSM79HC8,M2047,nonIBD,0,3,StratifiedGroupKFold
3,MSM79HCG,M2072,nonIBD,0,2,StratifiedGroupKFold
3,MSM79HCI,M2072,nonIBD,0,2,StratifiedGroupKFold
3,MSM79HCK,M2072,nonIBD,0,2,StratifiedGroupKFold
3,MSM79HCN_P,M2072,nonIBD,0,2,StratifiedGroupKFold
3,MSM79HCP,M2072,nonIBD,0,2,StratifiedGroupKFold
3,MSM79HCR,M2072,nonIBD,0,2,StratifiedGroupKFold
3,MSM79HD6,M2071,UC,1,2,StratifiedGroupKFold
3,MSM79HD6_P,M2071,UC,1,2,StratifiedGroupKFold
3,MSM79HDK,M2068,CD,1,1,StratifiedGroupKFold
3,MSM79HDM,M2068,CD,1,1,StratifiedGroupKFold
3,MSM79HDO,M2068,CD,1,1,StratifiedGroupKFold
3,MSM79HDQ,M2068,CD,1,1,StratifiedGroupKFold
3,MSM79HDQ_TR,M2068,CD,1,1,StratifiedGroupKFold
3,MSM79HDS,M2068,CD,1,1,StratifiedGroupKFold
3,MSM79HDU,M2068,CD,1,1,StratifiedGroupKFold
3,MSM79HDW,M2025,CD,1,1,StratifiedGroupKFold
3,MSM79HES,M2041,nonIBD,0,1,StratifiedGroupKFold
3,MSM79HEU,M2041,nonIBD,0,1,StratifiedGroupKFold
3,MSM79HEW,M2041,nonIBD,0,1,StratifiedGroupKFold
3,MSM79HEY,M2041,nonIBD,0,1,StratifiedGroupKFold
3,MSM79HF1,M2064,UC,1,2,StratifiedGroupKFold
3,MSM79HF1_P,M2064,UC,1,2,StratifiedGroupKFold
3,MSM79HF3,M2064,UC,1,2,StratifiedGroupKFold
3,MSM79HF5,M2064,UC,1,2,StratifiedGroupKFold
3,MSM79HF7,M2064,UC,1,2,StratifiedGroupKFold
3,MSM79HF9,M2064,UC,1,2,StratifiedGroupKFold
3,MSM79HF9_TR,M2064,UC,1,2,StratifiedGroupKFold
3,MSM79HFB,M2064,UC,1,2,StratifiedGroupKFold
3,MSM7J16J,M2068,CD,1,1,StratifiedGroupKFold
3,MSM7J16L,M2068,CD,1,1,StratifiedGroupKFold
3,MSM7J16N,M2068,CD,1,1,StratifiedGroupKFold
3,MSM7J16P,M2068,CD,1,1,StratifiedGroupKFold
3,MSM7J16R,M2068,CD,1,1,StratifiedGroupKFold
3,MSM9VZEK,M2068,CD,1,1,StratifiedGroupKFold
3,MSM9VZEK_TR,M2068,CD,1,1,StratifiedGroupKFold
3,MSM9VZEM,M2068,CD,1,1,StratifiedGroupKFold
3,MSM9VZEO,M2068,CD,1,1,StratifiedGroupKFold
3,MSM9VZEQ,M2068,CD,1,1,StratifiedGroupKFold
3,MSM9VZES,M2068,CD,1,1,StratifiedGroupKFold
3,MSM9VZF7,M2060,nonIBD,0,1,StratifiedGroupKFold
3,MSM9VZFF,M2060,nonIBD,0,1,StratifiedGroupKFold
3,MSM9VZFH,M2060,nonIBD,0,1,StratifiedGroupKFold
3,MSM9VZFJ,M2079,nonIBD,0,3,StratifiedGroupKFold
3,MSM9VZFJ_P,M2079,nonIBD,0,3,StratifiedGroupKFold
3,MSM9VZFL,M2079,nonIBD,0,3,StratifiedGroupKFold
3,MSM9VZFN,M2079,nonIBD,0,3,StratifiedGroupKFold
3,MSM9VZFR,M2079,nonIBD,0,3,StratifiedGroupKFold
3,MSM9VZFT,M2079,nonIBD,0,3,StratifiedGroupKFold
3,MSM9VZFV,M2058,CD,1,3,StratifiedGroupKFold
3,MSM9VZHJ,M2072,nonIBD,0,2,StratifiedGroupKFold
3,MSM9VZHL,M2072,nonIBD,0,2,StratifiedGroupKFold
3,MSM9VZHN,M2072,nonIBD,0,2,StratifiedGroupKFold
3,MSM9VZHP,M2072,nonIBD,0,2,StratifiedGroupKFold
3,MSM9VZHR,M2072,nonIBD,0,2,StratifiedGroupKFold
3,MSM9VZHT,M2072,nonIBD,0,2,StratifiedGroupKFold
3,MSM9VZIM,M2083,UC,1,0,StratifiedGroupKFold
3,MSM9VZIO,M2083,UC,1,0,StratifiedGroupKFold
3,MSM9VZIQ,M2083,UC,1,0,StratifiedGroupKFold
3,MSM9VZIS,M2083,UC,1,0,StratifiedGroupKFold
3,MSM9VZIU,M2083,UC,1,0,StratifiedGroupKFold
3,MSM9VZIW,M2083,UC,1,0,StratifiedGroupKFold
3,MSM9VZIY,M2085,CD,1,0,StratifiedGroupKFold
3,MSM9VZJ3,M2085,CD,1,0,StratifiedGroupKFold
3,MSM9VZJB,M2068,CD,1,1,StratifiedGroupKFold
3,MSM9VZJF_P,M2091,UC,1,0,StratifiedGroupKFold
3,MSM9VZJJ_P,M2086,CD,1,3,StratifiedGroupKFold
3,MSM9VZJL,M2086,CD,1,3,StratifiedGroupKFold
3,MSM9VZJN,M2086,CD,1,3,StratifiedGroupKFold
3,MSM9VZKC,M2079,nonIBD,0,3,StratifiedGroupKFold
3,MSM9VZKE,M2079,nonIBD,0,3,StratifiedGroupKFold
3,MSM9VZKI,M2079,nonIBD,0,3,StratifiedGroupKFold
3,MSM9VZL7,M2084,nonIBD,0,3,StratifiedGroupKFold
3,MSM9VZL9,M2084,nonIBD,0,3,StratifiedGroupKFold
3,MSM9VZLB,M2084,nonIBD,0,3,StratifiedGroupKFold
3,MSM9VZLD,M2084,nonIBD,0,3,StratifiedGroupKFold
3,MSM9VZLF,M2084,nonIBD,0,3,StratifiedGroupKFold
3,MSM9VZLH,M2084,nonIBD,0,3,StratifiedGroupKFold
3,MSM9VZLL,M2064,UC,1,2,StratifiedGroupKFold
3,MSM9VZLN,M2064,UC,1,2,StratifiedGroupKFold
3,MSM9VZLP,M2064,UC,1,2,StratifiedGroupKFold
3,MSM9VZLR,M2064,UC,1,2,StratifiedGroupKFold
3,MSM9VZLT,M2064,UC,1,2,StratifiedGroupKFold
3,MSM9VZLV,M2064,UC,1,2,StratifiedGroupKFold
3,MSM9VZLX_P,M2082,CD,1,2,StratifiedGroupKFold
3,MSM9VZLZ,M2083,UC,1,0,StratifiedGroupKFold
3,MSM9VZM4,M2085,CD,1,0,StratifiedGroupKFold
3,MSM9VZM4_P,M2085,CD,1,0,StratifiedGroupKFold
3,MSM9VZM6,M2086,CD,1,3,StratifiedGroupKFold
3,MSM9VZMM,M2084,nonIBD,0,3,StratifiedGroupKFold
3,MSM9VZMO,M2084,nonIBD,0,3,StratifiedGroupKFold
3,MSM9VZMS,M2084,nonIBD,0,3,StratifiedGroupKFold
3,MSM9VZMU,M2084,nonIBD,0,3,StratifiedGroupKFold
3,MSM9VZMW,M2084,nonIBD,0,3,StratifiedGroupKFold
3,MSM9VZN4_P,M2081,UC,1,0,StratifiedGroupKFold
3,MSM9VZNH,M2047,nonIBD,0,3,StratifiedGroupKFold
3,MSM9VZNH_TR,M2047,nonIBD,0,3,StratifiedGroupKFold
3,MSM9VZNL,M2047,nonIBD,0,3,StratifiedGroupKFold
3,MSM9VZNR,M2083,UC,1,0,StratifiedGroupKFold
3,MSM9VZNX,M2083,UC,1,0,StratifiedGroupKFold
3,MSM9VZNZ,M2083,UC,1,0,StratifiedGroupKFold
3,MSM9VZO2,M2083,UC,1,0,StratifiedGroupKFold
3,MSM9VZOG,M2072,nonIBD,0,2,StratifiedGroupKFold
3,MSM9VZOI,M2072,nonIBD,0,2,StratifiedGroupKFold
3,MSM9VZOK,M2072,nonIBD,0,2,StratifiedGroupKFold
3,MSM9VZOM,M2072,nonIBD,0,2,StratifiedGroupKFold
3,MSM9VZOO,M2072,nonIBD,0,2,StratifiedGroupKFold
3,MSM9VZOQ,M2072,nonIBD,0,2,StratifiedGroupKFold
3,MSM9VZPH,M2085,CD,1,0,StratifiedGroupKFold
3,MSM9VZPL,M2085,CD,1,0,StratifiedGroupKFold
3,MSM9VZPN,M2085,CD,1,0,StratifiedGroupKFold
3,MSM9VZPT,M2060,nonIBD,0,1,StratifiedGroupKFold
3,MSM9VZPV,M2060,nonIBD,0,1,StratifiedGroupKFold
3,MSMA267V,M2103,UC,1,2,StratifiedGroupKFold
3,MSMA267X,M2103,UC,1,2,StratifiedGroupKFold
3,MSMA2684,M2103,UC,1,2,StratifiedGroupKFold
3,MSMA2688,M2064,UC,1,2,StratifiedGroupKFold
3,MSMA26AL,M2068,CD,1,1,StratifiedGroupKFold
3,MSMA26AN,M2068,CD,1,1,StratifiedGroupKFold
3,MSMA26AP,M2068,CD,1,1,StratifiedGroupKFold
3,MSMA26AR,M2068,CD,1,1,StratifiedGroupKFold
3,MSMA26AT,M2068,CD,1,1,StratifiedGroupKFold
3,MSMA26AV,M2071,UC,1,2,StratifiedGroupKFold
3,MSMA26AX,M2071,UC,1,2,StratifiedGroupKFold
3,MSMA26AZ,M2071,UC,1,2,StratifiedGroupKFold
3,MSMA26AZ_TR,M2071,UC,1,2,StratifiedGroupKFold
3,MSMA26BB,M2084,nonIBD,0,3,StratifiedGroupKFold
3,MSMA26BD,M2084,nonIBD,0,3,StratifiedGroupKFold
3,MSMA26BF,M2084,nonIBD,0,3,StratifiedGroupKFold
3,MSMA26BH,M2084,nonIBD,0,3,StratifiedGroupKFold
3,MSMA26BJ,M2084,nonIBD,0,3,StratifiedGroupKFold
3,MSMA26BL,M2084,nonIBD,0,3,StratifiedGroupKFold
3,MSMA26BN,M2079,nonIBD,0,3,StratifiedGroupKFold
3,MSMA26BR,M2079,nonIBD,0,3,StratifiedGroupKFold
3,MSMA26BT,M2079,nonIBD,0,3,StratifiedGroupKFold
3,MSMA26BV,M2079,nonIBD,0,3,StratifiedGroupKFold
3,MSMA26BX,M2079,nonIBD,0,3,StratifiedGroupKFold
3,MSMA26C8,M2086,CD,1,3,StratifiedGroupKFold
3,MSMA26CV,M2085,CD,1,0,StratifiedGroupKFold
3,MSMA26CX,M2085,CD,1,0,StratifiedGroupKFold
3,MSMA26ER,M2064,UC,1,2,StratifiedGroupKFold
3,MSMA26ET,M2064,UC,1,2,StratifiedGroupKFold
3,MSMA26EV,M2064,UC,1,2,StratifiedGroupKFold
3,MSMA26EZ,M2064,UC,1,2,StratifiedGroupKFold
3,MSMAKNES,M2064,UC,1,2,StratifiedGroupKFold
3,MSMAKNET,M2064,UC,1,2,StratifiedGroupKFold
3,MSMAPC55,M2083,UC,1,0,StratifiedGroupKFold
3,MSMAPC57,M2083,UC,1,0,StratifiedGroupKFold
3,MSMAPC59,M2083,UC,1,0,StratifiedGroupKFold
3,MSMAPC5B,M2083,UC,1,0,StratifiedGroupKFold
3,MSMAPC5D,M2083,UC,1,0,StratifiedGroupKFold
3,MSMAPC5Z,M2103,UC,1,2,StratifiedGroupKFold
3,MSMAPC62,M2103,UC,1,2,StratifiedGroupKFold
3,MSMAPC64,M2103,UC,1,2,StratifiedGroupKFold
3,MSMAPC66,M2103,UC,1,2,StratifiedGroupKFold
3,MSMAPC6A,M2085,CD,1,0,StratifiedGroupKFold
3,MSMAPC6C,M2085,CD,1,0,StratifiedGroupKFold
3,MSMAPC6E,M2085,CD,1,0,StratifiedGroupKFold
3,MSMAPC6G,M2085,CD,1,0,StratifiedGroupKFold
3,MSMAPC6K,M2084,nonIBD,0,3,StratifiedGroupKFold
3,MSMAPC6M,M2084,nonIBD,0,3,StratifiedGroupKFold
3,MSMAPC6O,M2084,nonIBD,0,3,StratifiedGroupKFold
3,MSMB4LXY,M2085,CD,1,0,StratifiedGroupKFold
3,MSMB4LYB,M2085,CD,1,0,StratifiedGroupKFold
3,MSMB4LYH,M2103,UC,1,2,StratifiedGroupKFold
3,MSMB4LZ4,M2071,UC,1,2,StratifiedGroupKFold
3,MSMB4LZ8,M2079,nonIBD,0,3,StratifiedGroupKFold
3,MSMB4LZP,M2083,UC,1,0,StratifiedGroupKFold
3,MSMB4LZR,M2083,UC,1,0,StratifiedGroupKFold
3,MSMB4LZV,M2084,nonIBD,0,3,StratifiedGroupKFold
3,MSMB4LZX,M2084,nonIBD,0,3,StratifiedGroupKFold
3,MSMB4LZZ,M2084,nonIBD,0,3,StratifiedGroupKFold
3,PSM6XBQM,P6005,CD,1,0,StratifiedGroupKFold
3,PSM6XBQM_P,P6005,CD,1,0,StratifiedGroupKFold
3,PSM6XBQS,P6005,CD,1,0,StratifiedGroupKFold
3,PSM6XBQU,P6005,CD,1,0,StratifiedGroupKFold
3,PSM6XBQY,P6005,CD,1,0,StratifiedGroupKFold
3,PSM6XBQY_TR,P6005,CD,1,0,StratifiedGroupKFold
3,PSM6XBR1,P6005,CD,1,0,StratifiedGroupKFold
3,PSM6XBRK,P6009,CD,1,3,StratifiedGroupKFold
3,PSM6XBRK_P,P6009,CD,1,3,StratifiedGroupKFold
3,PSM6XBRK_TR,P6009,CD,1,3,StratifiedGroupKFold
3,PSM6XBRM_P,P6010,CD,1,0,StratifiedGroupKFold
3,PSM6XBS2_P,P6009,CD,1,3,StratifiedGroupKFold
3,PSM6XBS4,P6009,CD,1,3,StratifiedGroupKFold
3,PSM6XBS4_P,P6009,CD,1,3,StratifiedGroupKFold
3,PSM6XBS6,P6009,CD,1,3,StratifiedGroupKFold
3,PSM6XBS8,P6009,CD,1,3,StratifiedGroupKFold
3,PSM6XBSA,P6009,CD,1,3,StratifiedGroupKFold
3,PSM6XBSC_P,P6009,CD,1,3,StratifiedGroupKFold
3,PSM6XBSE,P6012,UC,1,0,StratifiedGroupKFold
3,PSM6XBSE_P,P6012,UC,1,0,StratifiedGroupKFold
3,PSM6XBSG_P,P6013,UC,1,1,StratifiedGroupKFold
3,PSM6XBSI,P6010,CD,1,0,StratifiedGroupKFold
3,PSM6XBSK,P6010,CD,1,0,StratifiedGroupKFold
3,PSM6XBSM,P6010,CD,1,0,StratifiedGroupKFold
3,PSM6XBSO,P6010,CD,1,0,StratifiedGroupKFold
3,PSM6XBSS,P6005,CD,1,0,StratifiedGroupKFold
3,PSM6XBSU,P6005,CD,1,0,StratifiedGroupKFold
3,PSM6XBSU_TR,P6005,CD,1,0,StratifiedGroupKFold
3,PSM6XBT1,P6005,CD,1,0,StratifiedGroupKFold
3,PSM6XBT3,P6013,UC,1,1,StratifiedGroupKFold
3,PSM6XBT5,P6013,UC,1,1,StratifiedGroupKFold
3,PSM6XBT7,P6013,UC,1,1,StratifiedGroupKFold
3,PSM6XBT9,P6013,UC,1,1,StratifiedGroupKFold
3,PSM6XBTB,P6013,UC,1,1,StratifiedGroupKFold
3,PSM6XBTD,P6013,UC,1,1,StratifiedGroupKFold
3,PSM6XBTF,P6009,CD,1,3,StratifiedGroupKFold
3,PSM6XBTF_P,P6009,CD,1,3,StratifiedGroupKFold
3,PSM6XBTH,P6009,CD,1,3,StratifiedGroupKFold
3,PSM6XBTH_P,P6009,CD,1,3,StratifiedGroupKFold
3,PSM6XBTL,P6009,CD,1,3,StratifiedGroupKFold
3,PSM6XBTN_P,P6009,CD,1,3,StratifiedGroupKFold
3,PSM6XBTP,P6009,CD,1,3,StratifiedGroupKFold
3,PSM6XBTR,P6014,nonIBD,0,0,StratifiedGroupKFold
3,PSM6XBTT,P6014,nonIBD,0,0,StratifiedGroupKFold
3,PSM6XBTV,P6014,nonIBD,0,0,StratifiedGroupKFold
3,PSM6XBTX,P6014,nonIBD,0,0,StratifiedGroupKFold
3,PSM6XBTZ,P6014,nonIBD,0,0,StratifiedGroupKFold
3,PSM6XBTZ_P,P6014,nonIBD,0,0,StratifiedGroupKFold
3,PSM6XBU2,P6014,nonIBD,0,0,StratifiedGroupKFold
3,PSM6XBUG,P6010,CD,1,0,StratifiedGroupKFold
3,PSM6XBUI,P6010,CD,1,0,StratifiedGroupKFold
3,PSM6XBUK,P6010,CD,1,0,StratifiedGroupKFold
3,PSM6XBUM,P6010,CD,1,0,StratifiedGroupKFold
3,PSM6XBUO,P6010,CD,1,0,StratifiedGroupKFold
3,PSM6XBUQ,P6010,CD,1,0,StratifiedGroupKFold
3,PSM6XBV2,P6010,CD,1,0,StratifiedGroupKFold
3,PSM6XBV4,P6010,CD,1,0,StratifiedGroupKFold
3,PSM6XBVI,P6012,UC,1,0,StratifiedGroupKFold
3,PSM6XBVK,P6012,UC,1,0,StratifiedGroupKFold
3,PSM6XBVM,P6012,UC,1,0,StratifiedGroupKFold
3,PSM6XBVO,P6012,UC,1,0,StratifiedGroupKFold
3,PSM6XBVQ,P6012,UC,1,0,StratifiedGroupKFold
3,PSM6XBVS,P6012,UC,1,0,StratifiedGroupKFold
3,PSM6XBVY,P6016,CD,1,2,StratifiedGroupKFold
3,PSM6XBVY_P,P6016,CD,1,2,StratifiedGroupKFold
3,PSM6XBW1_P,P6017,nonIBD,0,3,StratifiedGroupKFold
3,PSM6XBW3,P6018,nonIBD,0,3,StratifiedGroupKFold
3,PSM6XBZC,P6005,CD,1,0,StratifiedGroupKFold
3,PSM6XBZD,P6005,CD,1,0,StratifiedGroupKFold
3,PSM6XBZI,P6009,CD,1,3,StratifiedGroupKFold
3,PSM6XBZJ,P6009,CD,1,3,StratifiedGroupKFold
3,PSM6XBZO,P6012,UC,1,0,StratifiedGroupKFold
3,PSM6XBZP,P6012,UC,1,0,StratifiedGroupKFold
3,PSM6XBZQ,P6013,UC,1,1,StratifiedGroupKFold
3,PSM6XBZR,P6013,UC,1,1,StratifiedGroupKFold
3,PSM6XBZW,P6014,nonIBD,0,0,StratifiedGroupKFold
3,PSM6XBZX,P6014,nonIBD,0,0,StratifiedGroupKFold
3,PSM6XBZY,P6016,CD,1,2,StratifiedGroupKFold
3,PSM6XBZZ,P6016,CD,1,2,StratifiedGroupKFold
3,PSM6XC12,P6017,nonIBD,0,3,StratifiedGroupKFold
3,PSM6XC13,P6018,nonIBD,0,3,StratifiedGroupKFold
3,PSM6XC14,P6018,nonIBD,0,3,StratifiedGroupKFold
3,PSM6XC15,P6016,CD,1,2,StratifiedGroupKFold
3,PSM7J127,P6013,UC,1,1,StratifiedGroupKFold
3,PSM7J129,P6013,UC,1,1,StratifiedGroupKFold
3,PSM7J12B,P6013,UC,1,1,StratifiedGroupKFold
3,PSM7J12D,P6013,UC,1,1,StratifiedGroupKFold
3,PSM7J12F,P6013,UC,1,1,StratifiedGroupKFold
3,PSM7J12J,P6024,CD,1,1,StratifiedGroupKFold
3,PSM7J12R,P6024,CD,1,1,StratifiedGroupKFold
3,PSM7J12V,P6025,UC,1,2,StratifiedGroupKFold
3,PSM7J12Z,P6025,UC,1,2,StratifiedGroupKFold
3,PSM7J134,P6025,UC,1,2,StratifiedGroupKFold
3,PSM7J136,P6005,CD,1,0,StratifiedGroupKFold
3,PSM7J13A,P6005,CD,1,0,StratifiedGroupKFold
3,PSM7J13E,P6005,CD,1,0,StratifiedGroupKFold
3,PSM7J13I,P6033,CD,1,3,StratifiedGroupKFold
3,PSM7J13K,P6033,CD,1,3,StratifiedGroupKFold
3,PSM7J13M,P6033,CD,1,3,StratifiedGroupKFold
3,PSM7J13Q,P6033,CD,1,3,StratifiedGroupKFold
3,PSM7J13U_P,P6009,CD,1,3,StratifiedGroupKFold
3,PSM7J13Y,P6009,CD,1,3,StratifiedGroupKFold
3,PSM7J13Y_P,P6009,CD,1,3,StratifiedGroupKFold
3,PSM7J141,P6009,CD,1,3,StratifiedGroupKFold
3,PSM7J143,P6009,CD,1,3,StratifiedGroupKFold
3,PSM7J143_P,P6009,CD,1,3,StratifiedGroupKFold
3,PSM7J14L,P6010,CD,1,0,StratifiedGroupKFold
3,PSM7J14N,P6010,CD,1,0,StratifiedGroupKFold
3,PSM7J14P,P6010,CD,1,0,StratifiedGroupKFold
3,PSM7J14R,P6010,CD,1,0,StratifiedGroupKFold
3,PSM7J14T,P6010,CD,1,0,StratifiedGroupKFold
3,PSM7J14X,P6014,nonIBD,0,0,StratifiedGroupKFold
3,PSM7J154,P6014,nonIBD,0,0,StratifiedGroupKFold
3,PSM7J156,P6014,nonIBD,0,0,StratifiedGroupKFold
3,PSM7J158,P6016,CD,1,2,StratifiedGroupKFold
3,PSM7J15A,P6016,CD,1,2,StratifiedGroupKFold
3,PSM7J15G,P6016,CD,1,2,StratifiedGroupKFold
3,PSM7J15I,P6016,CD,1,2,StratifiedGroupKFold
3,PSM7J15K,P6018,nonIBD,0,3,StratifiedGroupKFold
3,PSM7J15M,P6018,nonIBD,0,3,StratifiedGroupKFold
3,PSM7J15O,P6018,nonIBD,0,3,StratifiedGroupKFold
3,PSM7J15Q,P6018,nonIBD,0,3,StratifiedGroupKFold
3,PSM7J15S,P6018,nonIBD,0,3,StratifiedGroupKFold
3,PSM7J15U,P6018,nonIBD,0,3,StratifiedGroupKFold
3,PSM7J15W,P6028,CD,1,1,StratifiedGroupKFold
3,PSM7J161,P6028,CD,1,1,StratifiedGroupKFold
3,PSM7J163,P6028,CD,1,1,StratifiedGroupKFold
3,PSM7J167,P6028,CD,1,1,StratifiedGroupKFold
3,PSM7J169,P6013,UC,1,1,StratifiedGroupKFold
3,PSM7J16B,P6013,UC,1,1,StratifiedGroupKFold
3,PSM7J16F,P6013,UC,1,1,StratifiedGroupKFold
3,PSM7J16H,P6013,UC,1,1,StratifiedGroupKFold
3,PSM7J16U,P6017,nonIBD,0,3,StratifiedGroupKFold
3,PSM7J16W,P6017,nonIBD,0,3,StratifiedGroupKFold
3,PSM7J16Y,P6017,nonIBD,0,3,StratifiedGroupKFold
3,PSM7J171,P6017,nonIBD,0,3,StratifiedGroupKFold
3,PSM7J173,P6017,nonIBD,0,3,StratifiedGroupKFold
3,PSM7J177,P6028,CD,1,1,StratifiedGroupKFold
3,PSM7J179,P6028,CD,1,1,StratifiedGroupKFold
3,PSM7J17B,P6028,CD,1,1,StratifiedGroupKFold
3,PSM7J17D,P6028,CD,1,1,StratifiedGroupKFold
3,PSM7J17F,P6028,CD,1,1,StratifiedGroupKFold
3,PSM7J17L,P6016,CD,1,2,StratifiedGroupKFold
3,PSM7J17T,P6016,CD,1,2,StratifiedGroupKFold
3,PSM7J17V,P6018,nonIBD,0,3,StratifiedGroupKFold
3,PSM7J17X,P6018,nonIBD,0,3,StratifiedGroupKFold
3,PSM7J17Z,P6018,nonIBD,0,3,StratifiedGroupKFold
3,PSM7J182,P6018,nonIBD,0,3,StratifiedGroupKFold
3,PSM7J184,P6018,nonIBD,0,3,StratifiedGroupKFold
3,PSM7J186,P6018,nonIBD,0,3,StratifiedGroupKFold
3,PSM7J188,P6033,CD,1,3,StratifiedGroupKFold
3,PSM7J18E,P6010,CD,1,0,StratifiedGroupKFold
3,PSM7J18G,P6010,CD,1,0,StratifiedGroupKFold
3,PSM7J18I,P6010,CD,1,0,StratifiedGroupKFold
3,PSM7J18K,P6010,CD,1,0,StratifiedGroupKFold
3,PSM7J18M,P6010,CD,1,0,StratifiedGroupKFold
3,PSM7J18Q,P6012,UC,1,0,StratifiedGroupKFold
3,PSM7J193,P6013,UC,1,1,StratifiedGroupKFold
3,PSM7J195,P6024,CD,1,1,StratifiedGroupKFold
3,PSM7J199,P6016,CD,1,2,StratifiedGroupKFold
3,PSM7J19B,P6016,CD,1,2,StratifiedGroupKFold
3,PSM7J19F,P6016,CD,1,2,StratifiedGroupKFold
3,PSM7J19H,P6016,CD,1,2,StratifiedGroupKFold
3,PSM7J19J,P6016,CD,1,2,StratifiedGroupKFold
3,PSM7J19N,P6017,nonIBD,0,3,StratifiedGroupKFold
3,PSM7J19P,P6017,nonIBD,0,3,StratifiedGroupKFold
3,PSM7J19R,P6017,nonIBD,0,3,StratifiedGroupKFold
3,PSM7J19T,P6017,nonIBD,0,3,StratifiedGroupKFold
3,PSM7J19V,P6017,nonIBD,0,3,StratifiedGroupKFold
3,PSM7J19X_P,P6018,nonIBD,0,3,StratifiedGroupKFold
3,PSM7J19Z,P6018,nonIBD,0,3,StratifiedGroupKFold
3,PSM7J1A2,P6018,nonIBD,0,3,StratifiedGroupKFold
3,PSM7J1A4,P6018,nonIBD,0,3,StratifiedGroupKFold
3,PSM7J1A6,P6018,nonIBD,0,3,StratifiedGroupKFold
3,PSM7J1A8,P6018,nonIBD,0,3,StratifiedGroupKFold
3,PSM7J1AM,P6013,UC,1,1,StratifiedGroupKFold
3,PSM7J1AO,P6013,UC,1,1,StratifiedGroupKFold
3,PSM7J1AQ,P6013,UC,1,1,StratifiedGroupKFold
3,PSM7J1AS,P6013,UC,1,1,StratifiedGroupKFold
3,PSM7J1AU,P6013,UC,1,1,StratifiedGroupKFold
3,PSM7J1AW,P6013,UC,1,1,StratifiedGroupKFold
3,PSM7J1B3_P,P6028,CD,1,1,StratifiedGroupKFold
3,PSM7J1B7,P6012,UC,1,0,StratifiedGroupKFold
3,PSM7J1B9,P6012,UC,1,0,StratifiedGroupKFold
3,PSM7J1BB,P6012,UC,1,0,StratifiedGroupKFold
3,PSM7J1BD,P6012,UC,1,0,StratifiedGroupKFold
3,PSM7J1BF,P6012,UC,1,0,StratifiedGroupKFold
3,PSM7J1BH,P6012,UC,1,0,StratifiedGroupKFold
3,PSM7J1BJ,P6024,CD,1,1,StratifiedGroupKFold
3,PSM7J1BL,P6024,CD,1,1,StratifiedGroupKFold
3,PSM7J1BN,P6024,CD,1,1,StratifiedGroupKFold
3,PSM7J1BN_P,P6024,CD,1,1,StratifiedGroupKFold
3,PSM7J1BP,P6024,CD,1,1,StratifiedGroupKFold
3,PSM7J1BR,P6024,CD,1,1,StratifiedGroupKFold
3,PSM7J1BV,P6025,UC,1,2,StratifiedGroupKFold
3,PSM7J1BX,P6025,UC,1,2,StratifiedGroupKFold
3,PSM7J1C2_P,P6025,UC,1,2,StratifiedGroupKFold
3,PSM7J1C4,P6025,UC,1,2,StratifiedGroupKFold
3,PSM7J1C8,P6005,CD,1,0,StratifiedGroupKFold
3,PSM7J1CC,P6005,CD,1,0,StratifiedGroupKFold
3,PSM7J1CG,P6005,CD,1,0,StratifiedGroupKFold
3,PSM7J1CI,P6005,CD,1,0,StratifiedGroupKFold
3,PSM7J1CK,P6009,CD,1,3,StratifiedGroupKFold
3,PSM7J1CK_P,P6009,CD,1,3,StratifiedGroupKFold
3,PSM7J1CS_P,P6009,CD,1,3,StratifiedGroupKFold
3,PSM7J1CU,P6009,CD,1,3,StratifiedGroupKFold
3,PSM7J1DF,P6014,nonIBD,0,0,StratifiedGroupKFold
3,PSM7J1DH,P6014,nonIBD,0,0,StratifiedGroupKFold
3,PSM7J1DL,P6014,nonIBD,0,0,StratifiedGroupKFold
3,PSM7J4EU,P6024,CD,1,1,StratifiedGroupKFold
3,PSM7J4EV,P6024,CD,1,1,StratifiedGroupKFold
3,PSM7J4EW,P6025,UC,1,2,StratifiedGroupKFold
3,PSM7J4EX,P6025,UC,1,2,StratifiedGroupKFold
3,PSM7J4F3,P6028,CD,1,1,StratifiedGroupKFold
3,PSM7J4F4,P6028,CD,1,1,StratifiedGroupKFold
3,PSM7J4FL,P6016,CD,1,2,StratifiedGroupKFold
3,PSMA263M,P6024,CD,1,1,StratifiedGroupKFold
3,PSMA263S,P6024,CD,1,1,StratifiedGroupKFold
3,PSMA263U,P6024,CD,1,1,StratifiedGroupKFold
3,PSMA263W,P6024,CD,1,1,StratifiedGroupKFold
3,PSMA2644,P6017,nonIBD,0,3,StratifiedGroupKFold
3,PSMA2646,P6017,nonIBD,0,3,StratifiedGroupKFold
3,PSMA264K,P6025,UC,1,2,StratifiedGroupKFold
3,PSMA264O,P6035,UC,1,2,StratifiedGroupKFold
3,PSMA264Q,P6035,UC,1,2,StratifiedGroupKFold
3,PSMA264S,P6035,UC,1,2,StratifiedGroupKFold
3,PSMA264U,P6035,UC,1,2,StratifiedGroupKFold
3,PSMA264W,P6035,UC,1,2,StratifiedGroupKFold
3,PSMA2651,P6033,CD,1,3,StratifiedGroupKFold
3,PSMA2651_P,P6033,CD,1,3,StratifiedGroupKFold
3,PSMA2653,P6033,CD,1,3,StratifiedGroupKFold
3,PSMA2659,P6033,CD,1,3,StratifiedGroupKFold
3,PSMA265B,P6033,CD,1,3,StratifiedGroupKFold
3,PSMA265D,P6018,nonIBD,0,3,StratifiedGroupKFold
3,PSMA265F,P6018,nonIBD,0,3,StratifiedGroupKFold
3,PSMA265H,P6018,nonIBD,0,3,StratifiedGroupKFold
3,PSMA265J,P6018,nonIBD,0,3,StratifiedGroupKFold
3,PSMA265J_TR,P6018,nonIBD,0,3,StratifiedGroupKFold
3,PSMA265L,P6018,nonIBD,0,3,StratifiedGroupKFold
3,PSMA265N,P6016,CD,1,2,StratifiedGroupKFold
3,PSMA265T,P6016,CD,1,2,StratifiedGroupKFold
3,PSMA265V,P6016,CD,1,2,StratifiedGroupKFold
3,PSMA265X,P6038,UC,1,1,StratifiedGroupKFold
3,PSMA2668,P6028,CD,1,1,StratifiedGroupKFold
3,PSMA266C,P6028,CD,1,1,StratifiedGroupKFold
3,PSMA266U,P6038,UC,1,1,StratifiedGroupKFold
3,PSMA266Y,P6038,UC,1,1,StratifiedGroupKFold
3,PSMA2671,P6038,UC,1,1,StratifiedGroupKFold
3,PSMA2675,P6038,UC,1,1,StratifiedGroupKFold
3,PSMA267B,P6033,CD,1,3,StratifiedGroupKFold
3,PSMA267D,P6033,CD,1,3,StratifiedGroupKFold
3,PSMA267F,P6033,CD,1,3,StratifiedGroupKFold
3,PSMA267H,P6033,CD,1,3,StratifiedGroupKFold
3,PSMA267J,P6035,UC,1,2,StratifiedGroupKFold
3,PSMA267P,P6035,UC,1,2,StratifiedGroupKFold
3,PSMA267R,P6035,UC,1,2,StratifiedGroupKFold
3,PSMA269E,P6028,CD,1,1,StratifiedGroupKFold
3,PSMA269S,P6038,UC,1,1,StratifiedGroupKFold
3,PSMA269W,P6038,UC,1,1,StratifiedGroupKFold
3,PSMA26A1,P6038,UC,1,1,StratifiedGroupKFold
3,PSMA26A3,P6038,UC,1,1,StratifiedGroupKFold
3,PSMA26AJ,P6033,CD,1,3,StratifiedGroupKFold
3,PSMB4MBI,P6035,UC,1,2,StratifiedGroupKFold
3,PSMB4MBK,P6035,UC,1,2,StratifiedGroupKFold
3,PSMB4MC1,P6038,UC,1,1,StratifiedGroupKFold
3,PSMB4MC3,P6038,UC,1,1,StratifiedGroupKFold
3,PSMB4MC5,P6038,UC,1,1,StratifiedGroupKFold
3,PSMB4MC7,P6035,UC,1,2,StratifiedGroupKFold
4,206454,M2008,CD,1,1,StratifiedGroupKFold
4,206458,M2021,CD,1,1,StratifiedGroupKFold
4,206459,M2008,CD,1,1,StratifiedGroupKFold
4,206460,M2014,CD,1,1,StratifiedGroupKFold
4,206461,M2025,CD,1,1,StratifiedGroupKFold
4,206462,M2026,UC,1,1,StratifiedGroupKFold
4,206463,M2028,CD,1,0,StratifiedGroupKFold
4,206466,M2014,CD,1,1,StratifiedGroupKFold
4,206467,M2008,CD,1,1,StratifiedGroupKFold
4,206468,M2021,CD,1,1,StratifiedGroupKFold
4,206469,M2034,CD,1,2,StratifiedGroupKFold
4,206472,M2026,UC,1,1,StratifiedGroupKFold
4,206473,M2028,CD,1,0,StratifiedGroupKFold
4,206498,H4006,CD,1,0,StratifiedGroupKFold
4,206499,H4008,nonIBD,0,3,StratifiedGroupKFold
4,206501,H4007,CD,1,2,StratifiedGroupKFold
4,206503,H4009,nonIBD,0,3,StratifiedGroupKFold
4,206504,H4010,UC,1,3,StratifiedGroupKFold
4,206507,H4013,nonIBD,0,0,StratifiedGroupKFold
4,206508,H4014,CD,1,3,StratifiedGroupKFold
4,206509,H4007,CD,1,2,StratifiedGroupKFold
4,206512,H4016,nonIBD,0,3,StratifiedGroupKFold
4,206516,E5004,UC,1,2,StratifiedGroupKFold
4,206527,E5004,UC,1,2,StratifiedGroupKFold
4,206528,E5013,CD,1,0,StratifiedGroupKFold
4,206529,E5009,CD,1,3,StratifiedGroupKFold
4,206534,M2008,CD,1,1,StratifiedGroupKFold
4,206536,M2008,CD,1,1,StratifiedGroupKFold
4,206538,M2008,CD,1,1,StratifiedGroupKFold
4,206547,M2014,CD,1,1,StratifiedGroupKFold
4,206548,M2014,CD,1,1,StratifiedGroupKFold
4,206561,M2021,CD,1,1,StratifiedGroupKFold
4,206562,M2021,CD,1,1,StratifiedGroupKFold
4,206563,M2021,CD,1,1,StratifiedGroupKFold
4,206564,M2021,CD,1,1,StratifiedGroupKFold
4,206569,M2025,CD,1,1,StratifiedGroupKFold
4,206570,M2025,CD,1,1,StratifiedGroupKFold
4,206571,M2026,UC,1,1,StratifiedGroupKFold
4,206572,M2026,UC,1,1,StratifiedGroupKFold
4,206603,M2026,UC,1,1,StratifiedGroupKFold
4,206608,M2028,CD,1,0,StratifiedGroupKFold
4,206609,M2028,CD,1,0,StratifiedGroupKFold
4,206614,C3001,CD,1,3,StratifiedGroupKFold
4,206615,C3001,CD,1,3,StratifiedGroupKFold
4,206616,C3002,CD,1,2,StratifiedGroupKFold
4,206617,C3002,CD,1,2,StratifiedGroupKFold
4,206618,C3002,CD,1,2,StratifiedGroupKFold
4,206619,C3002,CD,1,2,StratifiedGroupKFold
4,206623,C3004,UC,1,3,StratifiedGroupKFold
4,206624,C3004,UC,1,3,StratifiedGroupKFold
4,206625,C3004,UC,1,3,StratifiedGroupKFold
4,206626,C3004,UC,1,3,StratifiedGroupKFold
4,206627,C3005,UC,1,0,StratifiedGroupKFold
4,206628,C3005,UC,1,0,StratifiedGroupKFold
4,206629,C3006,UC,1,0,StratifiedGroupKFold
4,206630,C3006,UC,1,0,StratifiedGroupKFold
4,206635,C3011,UC,1,2,StratifiedGroupKFold
4,206636,C3011,UC,1,2,StratifiedGroupKFold
4,206643,C3015,UC,1,0,StratifiedGroupKFold
4,206644,C3015,UC,1,0,StratifiedGroupKFold
4,206645,C3016,CD,1,3,StratifiedGroupKFold
4,206646,C3016,CD,1,3,StratifiedGroupKFold
4,206647,C3017,CD,1,1,StratifiedGroupKFold
4,206648,C3017,CD,1,1,StratifiedGroupKFold
4,206655,C3021,CD,1,0,StratifiedGroupKFold
4,206656,C3021,CD,1,0,StratifiedGroupKFold
4,206657,C3022,nonIBD,0,3,StratifiedGroupKFold
4,206658,C3022,nonIBD,0,3,StratifiedGroupKFold
4,206659,C3023,CD,1,0,StratifiedGroupKFold
4,206660,C3023,CD,1,0,StratifiedGroupKFold
4,206667,C3027,CD,1,3,StratifiedGroupKFold
4,206668,C3027,CD,1,3,StratifiedGroupKFold
4,206669,C3029,UC,1,1,StratifiedGroupKFold
4,206670,C3029,UC,1,1,StratifiedGroupKFold
4,206671,C3030,CD,1,3,StratifiedGroupKFold
4,206672,C3030,CD,1,3,StratifiedGroupKFold
4,206673,C3031,CD,1,2,StratifiedGroupKFold
4,206675,C3032,UC,1,1,StratifiedGroupKFold
4,206676,C3032,UC,1,1,StratifiedGroupKFold
4,206677,C3034,UC,1,2,StratifiedGroupKFold
4,206678,C3034,UC,1,2,StratifiedGroupKFold
4,206681,C3035,CD,1,0,StratifiedGroupKFold
4,206682,C3035,CD,1,0,StratifiedGroupKFold
4,206683,C3037,UC,1,1,StratifiedGroupKFold
4,206684,C3037,UC,1,1,StratifiedGroupKFold
4,206701,H4006,CD,1,0,StratifiedGroupKFold
4,206702,H4006,CD,1,0,StratifiedGroupKFold
4,206703,H4008,nonIBD,0,3,StratifiedGroupKFold
4,206704,H4008,nonIBD,0,3,StratifiedGroupKFold
4,206708,H4007,CD,1,2,StratifiedGroupKFold
4,206709,H4007,CD,1,2,StratifiedGroupKFold
4,206710,H4009,nonIBD,0,3,StratifiedGroupKFold
4,206711,H4009,nonIBD,0,3,StratifiedGroupKFold
4,206712,H4010,UC,1,3,StratifiedGroupKFold
4,206713,H4010,UC,1,3,StratifiedGroupKFold
4,206718,H4013,nonIBD,0,0,StratifiedGroupKFold
4,206719,H4013,nonIBD,0,0,StratifiedGroupKFold
4,206720,H4014,CD,1,3,StratifiedGroupKFold
4,206721,H4014,CD,1,3,StratifiedGroupKFold
4,206725,H4016,nonIBD,0,3,StratifiedGroupKFold
4,206726,H4016,nonIBD,0,3,StratifiedGroupKFold
4,206727,H4017,CD,1,0,StratifiedGroupKFold
4,206728,H4017,CD,1,0,StratifiedGroupKFold
4,206729,H4018,nonIBD,0,1,StratifiedGroupKFold
4,206730,H4018,nonIBD,0,1,StratifiedGroupKFold
4,206731,H4019,UC,1,1,StratifiedGroupKFold
4,206732,H4019,UC,1,1,StratifiedGroupKFold
4,206733,H4020,CD,1,3,StratifiedGroupKFold
4,206734,H4020,CD,1,3,StratifiedGroupKFold
4,206738,H4022,nonIBD,0,1,StratifiedGroupKFold
4,206739,H4022,nonIBD,0,1,StratifiedGroupKFold
4,206742,H4024,nonIBD,0,1,StratifiedGroupKFold
4,206743,H4024,nonIBD,0,1,StratifiedGroupKFold
4,206746,H4007,CD,1,2,StratifiedGroupKFold
4,206747,H4007,CD,1,2,StratifiedGroupKFold
4,206752,H4008,nonIBD,0,3,StratifiedGroupKFold
4,206753,H4008,nonIBD,0,3,StratifiedGroupKFold
4,206754,H4019,UC,1,1,StratifiedGroupKFold
4,206755,H4031,CD,1,0,StratifiedGroupKFold
4,206756,H4031,CD,1,0,StratifiedGroupKFold
4,206766,H4038,CD,1,2,StratifiedGroupKFold
4,206767,H4038,CD,1,2,StratifiedGroupKFold
4,206768,H4039,CD,1,3,StratifiedGroupKFold
4,206769,H4039,CD,1,3,StratifiedGroupKFold
4,206770,H4040,UC,1,1,StratifiedGroupKFold
4,214994,M2034,CD,1,2,StratifiedGroupKFold
4,214995,M2034,CD,1,2,StratifiedGroupKFold
4,215007,M2041,nonIBD,0,2,StratifiedGroupKFold
4,215008,M2041,nonIBD,0,2,StratifiedGroupKFold
4,215023,M2008,CD,1,1,StratifiedGroupKFold
4,215048,M2047,nonIBD,0,1,StratifiedGroupKFold
4,215049,M2047,nonIBD,0,1,StratifiedGroupKFold
4,215050,M2008,CD,1,1,StratifiedGroupKFold
4,215057,M2061,nonIBD,0,1,StratifiedGroupKFold
4,215058,M2061,nonIBD,0,1,StratifiedGroupKFold
4,215067,M2025,CD,1,1,StratifiedGroupKFold
4,215074,M2072,nonIBD,0,1,StratifiedGroupKFold
4,215075,M2068,CD,1,1,StratifiedGroupKFold
4,215076,M2068,CD,1,1,StratifiedGroupKFold
4,215077,M2072,nonIBD,0,1,StratifiedGroupKFold
4,215080,M2069,UC,1,3,StratifiedGroupKFold
4,215084,M2028,CD,1,0,StratifiedGroupKFold
4,215085,M2028,CD,1,0,StratifiedGroupKFold
4,219183,M2025,CD,1,1,StratifiedGroupKFold
4,219185,M2014,CD,1,1,StratifiedGroupKFold
4,219188,M2008,CD,1,1,StratifiedGroupKFold
4,219190,M2034,CD,1,2,StratifiedGroupKFold
4,219192,M2026,UC,1,1,StratifiedGroupKFold
4,219194,M2025,CD,1,1,StratifiedGroupKFold
4,219195,M2028,CD,1,0,StratifiedGroupKFold
4,219198,M2034,CD,1,2,StratifiedGroupKFold
4,219199,M2008,CD,1,1,StratifiedGroupKFold
4,219200,M2014,CD,1,1,StratifiedGroupKFold
4,219202,M2047,nonIBD,0,1,StratifiedGroupKFold
4,219203,H4024,nonIBD,0,1,StratifiedGroupKFold
4,219205,H4007,CD,1,2,StratifiedGroupKFold
4,219207,H4008,nonIBD,0,3,StratifiedGroupKFold
4,219208,H4020,CD,1,3,StratifiedGroupKFold
4,219210,H4006,CD,1,0,StratifiedGroupKFold
4,219212,H4022,nonIBD,0,1,StratifiedGroupKFold
4,219213,H4017,CD,1,0,StratifiedGroupKFold
4,219214,H4010,UC,1,3,StratifiedGroupKFold
4,219217,H4020,CD,1,3,StratifiedGroupKFold
4,219218,H4019,UC,1,1,StratifiedGroupKFold
4,219219,H4014,CD,1,3,StratifiedGroupKFold
4,219220,H4018,nonIBD,0,1,StratifiedGroupKFold
4,219221,H4006,CD,1,0,StratifiedGroupKFold
4,219222,H4017,CD,1,0,StratifiedGroupKFold
4,219633,P6005,CD,1,1,StratifiedGroupKFold
4,219634,P6005,CD,1,1,StratifiedGroupKFold
4,219637,P6009,CD,1,2,StratifiedGroupKFold
4,219638,P6009,CD,1,2,StratifiedGroupKFold
4,219643,P6012,UC,1,0,StratifiedGroupKFold
4,219644,P6012,UC,1,0,StratifiedGroupKFold
4,219645,P6013,UC,1,2,StratifiedGroupKFold
4,219646,P6013,UC,1,2,StratifiedGroupKFold
4,219651,P6014,nonIBD,0,0,StratifiedGroupKFold
4,219652,P6014,nonIBD,0,0,StratifiedGroupKFold
4,219657,P6018,nonIBD,0,3,StratifiedGroupKFold
4,219658,P6018,nonIBD,0,3,StratifiedGroupKFold
4,219668,P6024,CD,1,0,StratifiedGroupKFold
4,219669,P6025,UC,1,2,StratifiedGroupKFold
4,219670,P6025,UC,1,2,StratifiedGroupKFold
4,219675,P6028,CD,1,2,StratifiedGroupKFold
4,219676,P6028,CD,1,2,StratifiedGroupKFold
4,219691,P6033,CD,1,0,StratifiedGroupKFold
4,219692,P6033,CD,1,0,StratifiedGroupKFold
4,219708,P6005,CD,1,1,StratifiedGroupKFold
4,219710,P6009,CD,1,2,StratifiedGroupKFold
4,219712,P6013,UC,1,2,StratifiedGroupKFold
4,219714,P6012,UC,1,0,StratifiedGroupKFold
4,219716,P6005,CD,1,1,StratifiedGroupKFold
4,219718,P6014,nonIBD,0,0,StratifiedGroupKFold
4,219721,P6018,nonIBD,0,3,StratifiedGroupKFold
4,219972,E5004,UC,1,2,StratifiedGroupKFold
4,220201,M2061,nonIBD,0,1,StratifiedGroupKFold
4,220203,M2025,CD,1,1,StratifiedGroupKFold
4,220206,M2028,CD,1,0,StratifiedGroupKFold
4,220207,M2026,UC,1,1,StratifiedGroupKFold
4,220210,M2014,CD,1,1,StratifiedGroupKFold
4,220214,M2068,CD,1,1,StratifiedGroupKFold
4,220216,M2072,nonIBD,0,1,StratifiedGroupKFold
4,220217,M2069,UC,1,3,StratifiedGroupKFold
4,220218,M2028,CD,1,0,StratifiedGroupKFold
4,220931,H4009,nonIBD,0,3,StratifiedGroupKFold
4,220932,H4017,CD,1,0,StratifiedGroupKFold
4,220933,H4014,CD,1,3,StratifiedGroupKFold
4,220936,H4027,UC,1,3,StratifiedGroupKFold
4,220941,H4010,UC,1,3,StratifiedGroupKFold
4,220942,H4016,nonIBD,0,3,StratifiedGroupKFold
4,220943,H4006,CD,1,0,StratifiedGroupKFold
4,220944,H4018,nonIBD,0,1,StratifiedGroupKFold
4,220945,H4019,UC,1,1,StratifiedGroupKFold
4,220946,H4030,CD,1,2,StratifiedGroupKFold
4,220949,H4019,UC,1,1,StratifiedGroupKFold
4,221781,H4043,CD,1,0,StratifiedGroupKFold
4,222170,M2075,nonIBD,0,1,StratifiedGroupKFold
4,222171,M2075,nonIBD,0,1,StratifiedGroupKFold
4,222210,P6024,CD,1,0,StratifiedGroupKFold
4,222211,P6025,UC,1,2,StratifiedGroupKFold
4,222214,P6028,CD,1,2,StratifiedGroupKFold
4,222220,P6033,CD,1,0,StratifiedGroupKFold
4,222223,P6025,UC,1,2,StratifiedGroupKFold
4,222376,H4014,CD,1,3,StratifiedGroupKFold
4,222377,H4020,CD,1,3,StratifiedGroupKFold
4,222379,H4013,nonIBD,0,0,StratifiedGroupKFold
4,222380,H4014,CD,1,3,StratifiedGroupKFold
4,222381,H4022,nonIBD,0,1,StratifiedGroupKFold
4,222385,H4031,CD,1,0,StratifiedGroupKFold
4,222386,H4010,UC,1,3,StratifiedGroupKFold
4,222388,H4030,CD,1,2,StratifiedGroupKFold
4,222389,H4039,CD,1,3,StratifiedGroupKFold
4,222390,H4038,CD,1,2,StratifiedGroupKFold
4,222392,H4019,UC,1,1,StratifiedGroupKFold
4,222395,H4020,CD,1,3,StratifiedGroupKFold
4,222396,H4009,nonIBD,0,3,StratifiedGroupKFold
4,222397,H4027,UC,1,3,StratifiedGroupKFold
4,222398,H4008,nonIBD,0,3,StratifiedGroupKFold
4,222401,H4017,CD,1,0,StratifiedGroupKFold
4,222402,H4007,CD,1,2,StratifiedGroupKFold
4,222403,H4006,CD,1,0,StratifiedGroupKFold
4,223287,M2026,UC,1,1,StratifiedGroupKFold
4,223288,M2034,CD,1,2,StratifiedGroupKFold
4,223289,M2025,CD,1,1,StratifiedGroupKFold
4,223292,M2034,CD,1,2,StratifiedGroupKFold
4,223294,M2075,nonIBD,0,1,StratifiedGroupKFold
4,223302,M2084,nonIBD,0,0,StratifiedGroupKFold
4,223305,M2041,nonIBD,0,2,StratifiedGroupKFold
4,223309,M2072,nonIBD,0,1,StratifiedGroupKFold
4,224258,H4038,CD,1,2,StratifiedGroupKFold
4,224259,H4039,CD,1,3,StratifiedGroupKFold
4,224260,H4044,UC,1,1,StratifiedGroupKFold
4,224263,H4043,CD,1,0,StratifiedGroupKFold
4,224264,H4040,UC,1,1,StratifiedGroupKFold
4,224265,H4030,CD,1,2,StratifiedGroupKFold
4,224266,H4031,CD,1,0,StratifiedGroupKFold
4,224268,H4042,UC,1,1,StratifiedGroupKFold
4,224270,H4027,UC,1,3,StratifiedGroupKFold
4,224271,H4043,CD,1,0,StratifiedGroupKFold
4,224273,H4045,nonIBD,0,3,StratifiedGroupKFold
4,224275,H4039,CD,1,3,StratifiedGroupKFold
4,224276,H4024,nonIBD,0,1,StratifiedGroupKFold
4,224278,H4020,CD,1,3,StratifiedGroupKFold
4,224279,H4044,UC,1,1,StratifiedGroupKFold
4,224280,H4022,nonIBD,0,1,StratifiedGroupKFold
4,224281,H4038,CD,1,2,StratifiedGroupKFold
4,224282,H4043,CD,1,0,StratifiedGroupKFold
4,224283,H4017,CD,1,0,StratifiedGroupKFold
4,224285,H4016,nonIBD,0,3,StratifiedGroupKFold
4,224286,H4019,UC,1,1,StratifiedGroupKFold
4,224287,H4042,UC,1,1,StratifiedGroupKFold
4,224288,H4031,CD,1,0,StratifiedGroupKFold
4,224289,H4018,nonIBD,0,1,StratifiedGroupKFold
4,224291,H4027,UC,1,3,StratifiedGroupKFold
4,224292,H4013,nonIBD,0,0,StratifiedGroupKFold
4,224294,H4040,UC,1,1,StratifiedGroupKFold
4,224323,H4045,nonIBD,0,3,StratifiedGroupKFold
4,224324,H4045,nonIBD,0,3,StratifiedGroupKFold
4,224325,H4044,UC,1,1,StratifiedGroupKFold
4,224326,H4044,UC,1,1,StratifiedGroupKFold
4,224327,H4043,CD,1,0,StratifiedGroupKFold
4,224328,H4043,CD,1,0,StratifiedGroupKFold
4,224330,H4042,UC,1,1,StratifiedGroupKFold
4,224639,P6005,CD,1,1,StratifiedGroupKFold
4,224642,P6009,CD,1,2,StratifiedGroupKFold
4,224644,P6013,UC,1,2,StratifiedGroupKFold
4,224645,P6033,CD,1,0,StratifiedGroupKFold
4,224648,P6025,UC,1,2,StratifiedGroupKFold
4,224651,P6018,nonIBD,0,3,StratifiedGroupKFold
4,224652,P6028,CD,1,2,StratifiedGroupKFold
4,224654,P6033,CD,1,0,StratifiedGroupKFold
4,224844,M2084,nonIBD,0,0,StratifiedGroupKFold
4,224845,M2084,nonIBD,0,0,StratifiedGroupKFold
4,225306,H4043,CD,1,0,StratifiedGroupKFold
4,225340,H4040,UC,1,1,StratifiedGroupKFold
4,225341,H4042,UC,1,1,StratifiedGroupKFold
4,225343,H4039,CD,1,3,StratifiedGroupKFold
4,225344,H4038,CD,1,2,StratifiedGroupKFold
4,225345,H4042,UC,1,1,StratifiedGroupKFold
4,226386,M2075,nonIBD,0,1,StratifiedGroupKFold
4,226387,M2084,nonIBD,0,0,StratifiedGroupKFold
4,226388,M2047,nonIBD,0,1,StratifiedGroupKFold
4,226395,M2069,UC,1,3,StratifiedGroupKFold
4,226396,M2061,nonIBD,0,1,StratifiedGroupKFold
4,226397,M2072,nonIBD,0,1,StratifiedGroupKFold
4,226400,M2068,CD,1,1,StratifiedGroupKFold
4,226408,M2084,nonIBD,0,0,StratifiedGroupKFold
4,226409,M2075,nonIBD,0,1,StratifiedGroupKFold
4,CSM5FZ1F,C3002,CD,1,2,StratifiedGroupKFold
4,CSM5FZ1G,C3002,CD,1,2,StratifiedGroupKFold
4,CSM5FZ1H,C3002,CD,1,2,StratifiedGroupKFold
4,CSM5FZ1I,C3002,CD,1,2,StratifiedGroupKFold
4,CSM5FZ1M,C3004,UC,1,3,StratifiedGroupKFold
4,CSM5FZ1N,C3004,UC,1,3,StratifiedGroupKFold
4,CSM5FZ1O,C3004,UC,1,3,StratifiedGroupKFold
4,CSM5FZ1Q,C3005,UC,1,0,StratifiedGroupKFold
4,CSM5FZ1R,C3005,UC,1,0,StratifiedGroupKFold
4,CSM5FZ1S,C3005,UC,1,0,StratifiedGroupKFold
4,CSM5FZ1T,C3006,UC,1,0,StratifiedGroupKFold
4,CSM5FZ1U,C3006,UC,1,0,StratifiedGroupKFold
4,CSM5FZ1V,C3006,UC,1,0,StratifiedGroupKFold
4,CSM5FZ1W,C3006,UC,1,0,StratifiedGroupKFold
4,CSM5FZ27,C3010,CD,1,0,StratifiedGroupKFold
4,CSM5FZ28,C3010,CD,1,0,StratifiedGroupKFold
4,CSM5FZ29,C3010,CD,1,0,StratifiedGroupKFold
4,CSM5FZ2A,C3011,UC,1,2,StratifiedGroupKFold
4,CSM5FZ2B,C3011,UC,1,2,StratifiedGroupKFold
4,CSM5FZ2C,C3011,UC,1,2,StratifiedGroupKFold
4,CSM5FZ2D,C3012,CD,1,3,StratifiedGroupKFold
4,CSM5FZ2E,C3012,CD,1,3,StratifiedGroupKFold
4,CSM5FZ2F,C3012,CD,1,3,StratifiedGroupKFold
4,CSM5FZ2L,C3015,UC,1,0,StratifiedGroupKFold
4,CSM5FZ2M,C3015,UC,1,0,StratifiedGroupKFold
4,CSM5FZ2N,C3015,UC,1,0,StratifiedGroupKFold
4,CSM5FZ2O,C3016,CD,1,3,StratifiedGroupKFold
4,CSM5FZ2P,C3016,CD,1,3,StratifiedGroupKFold
4,CSM5FZ2Q,C3016,CD,1,3,StratifiedGroupKFold
4,CSM5FZ2R,C3017,CD,1,1,StratifiedGroupKFold
4,CSM5FZ2S,C3017,CD,1,1,StratifiedGroupKFold
4,CSM5FZ2T,C3017,CD,1,1,StratifiedGroupKFold
4,CSM5FZ34,C3021,CD,1,0,StratifiedGroupKFold
4,CSM5FZ35,C3021,CD,1,0,StratifiedGroupKFold
4,CSM5FZ36,C3021,CD,1,0,StratifiedGroupKFold
4,CSM5FZ37,C3021,CD,1,0,StratifiedGroupKFold
4,CSM5FZ38,C3022,nonIBD,0,3,StratifiedGroupKFold
4,CSM5FZ39,C3022,nonIBD,0,3,StratifiedGroupKFold
4,CSM5FZ3A,C3023,CD,1,0,StratifiedGroupKFold
4,CSM5FZ3B,C3023,CD,1,0,StratifiedGroupKFold
4,CSM5FZ3C,C3023,CD,1,0,StratifiedGroupKFold
4,CSM5FZ3N,C3001,CD,1,3,StratifiedGroupKFold
4,CSM5FZ3N_P,C3001,CD,1,3,StratifiedGroupKFold
4,CSM5FZ3R_P,C3001,CD,1,3,StratifiedGroupKFold
4,CSM5FZ3T,C3002,CD,1,2,StratifiedGroupKFold
4,CSM5FZ3T_P,C3002,CD,1,2,StratifiedGroupKFold
4,CSM5FZ3V_P,C3001,CD,1,3,StratifiedGroupKFold
4,CSM5FZ3X_P,C3002,CD,1,2,StratifiedGroupKFold
4,CSM5FZ3Z_P,C3002,CD,1,2,StratifiedGroupKFold
4,CSM5FZ42_P,C3002,CD,1,2,StratifiedGroupKFold
4,CSM5FZ44,C3002,CD,1,2,StratifiedGroupKFold
4,CSM5FZ44_P,C3002,CD,1,2,StratifiedGroupKFold
4,CSM5FZ46_P,C3002,CD,1,2,StratifiedGroupKFold
4,CSM5FZ4A,C3004,UC,1,3,StratifiedGroupKFold
4,CSM5FZ4A_P,C3004,UC,1,3,StratifiedGroupKFold
4,CSM5FZ4C,C3001,CD,1,3,StratifiedGroupKFold
4,CSM5FZ4C_P,C3001,CD,1,3,StratifiedGroupKFold
4,CSM5FZ4O,C3005,UC,1,0,StratifiedGroupKFold
4,CSM5LLGB_P,M2014,CD,1,1,StratifiedGroupKFold
4,CSM5MCTZ,C3006,UC,1,0,StratifiedGroupKFold
4,CSM5MCTZ_P,C3006,UC,1,0,StratifiedGroupKFold
4,CSM5MCU8_P,C3004,UC,1,3,StratifiedGroupKFold
4,CSM5MCUA_P,C3004,UC,1,3,StratifiedGroupKFold
4,CSM5MCUC,C3004,UC,1,3,StratifiedGroupKFold
4,CSM5MCUC_P,C3004,UC,1,3,StratifiedGroupKFold
4,CSM5MCUE_P,C3004,UC,1,3,StratifiedGroupKFold
4,CSM5MCUG_P,C3006,UC,1,0,StratifiedGroupKFold
4,CSM5MCUK_P,C3006,UC,1,0,StratifiedGroupKFold
4,CSM5MCUM,C3006,UC,1,0,StratifiedGroupKFold
4,CSM5MCUO,C3006,UC,1,0,StratifiedGroupKFold
4,CSM5MCUQ_P,C3005,UC,1,0,StratifiedGroupKFold
4,CSM5MCUS_P,C3005,UC,1,0,StratifiedGroupKFold
4,CSM5MCUU,C3005,UC,1,0,StratifiedGroupKFold
4,CSM5MCUW_P,C3005,UC,1,0,StratifiedGroupKFold
4,CSM5MCUY_P,C3005,UC,1,0,StratifiedGroupKFold
4,CSM5MCV1_P,C3007,CD,1,2,StratifiedGroupKFold
4,CSM5MCV5_P,C3007,CD,1,2,StratifiedGroupKFold
4,CSM5MCVB_P,C3007,CD,1,2,StratifiedGroupKFold
4,CSM5MCVD_P,C3001,CD,1,3,StratifiedGroupKFold
4,CSM5MCVF_P,C3001,CD,1,3,StratifiedGroupKFold
4,CSM5MCVJ_P,C3002,CD,1,2,StratifiedGroupKFold
4,CSM5MCVL,C3002,CD,1,2,StratifiedGroupKFold
4,CSM5MCVN,C3002,CD,1,2,StratifiedGroupKFold
4,CSM5MCVV,C3001,CD,1,3,StratifiedGroupKFold
4,CSM5MCVV_P,C3001,CD,1,3,StratifiedGroupKFold
4,CSM5MCWI_P,C3001,CD,1,3,StratifiedGroupKFold
4,CSM5MCWK,C3010,CD,1,0,StratifiedGroupKFold
4,CSM5MCWK_P,C3010,CD,1,0,StratifiedGroupKFold
4,CSM5MCX3,C3006,UC,1,0,StratifiedGroupKFold
4,CSM5MCXB,C3011,UC,1,2,StratifiedGroupKFold
4,CSM5MCXB_P,C3011,UC,1,2,StratifiedGroupKFold
4,CSM5MCXD,C3001,CD,1,3,StratifiedGroupKFold
4,CSM5MCXF,C3012,CD,1,3,StratifiedGroupKFold
4,CSM5MCXF_P,C3012,CD,1,3,StratifiedGroupKFold
4,CSM5MCXH,C3004,UC,1,3,StratifiedGroupKFold
4,CSM5MCXJ,C3004,UC,1,3,StratifiedGroupKFold
4,CSM5MCXL,C3004,UC,1,3,StratifiedGroupKFold
4,CSM5MCXN,C3004,UC,1,3,StratifiedGroupKFold
4,CSM5MCXP,C3004,UC,1,3,StratifiedGroupKFold
4,CSM5MCXR,C3004,UC,1,3,StratifiedGroupKFold
4,CSM5MCXT,C3010,CD,1,0,StratifiedGroupKFold
4,CSM5MCXV,C3010,CD,1,0,StratifiedGroupKFold
4,CSM5MCXX_P,C3010,CD,1,0,StratifiedGroupKFold
4,CSM5MCXZ,C3010,CD,1,0,StratifiedGroupKFold
4,CSM5MCXZ_P,C3010,CD,1,0,StratifiedGroupKFold
4,CSM5MCY2,C3010,CD,1,0,StratifiedGroupKFold
4,CSM5MCY4,C3005,UC,1,0,StratifiedGroupKFold
4,CSM5MCY8,C3005,UC,1,0,StratifiedGroupKFold
4,CSM5MCYI_P,C3011,UC,1,2,StratifiedGroupKFold
4,CSM5MCYM_P,C3011,UC,1,2,StratifiedGroupKFold
4,CSM5MCYO,C3011,UC,1,2,StratifiedGroupKFold
4,CSM5MCYO_P,C3011,UC,1,2,StratifiedGroupKFold
4,CSM5MCYQ_P,C3011,UC,1,2,StratifiedGroupKFold
4,CSM5MCYS,C3001,CD,1,3,StratifiedGroupKFold
4,CSM5MCZB,C3012,CD,1,3,StratifiedGroupKFold
4,CSM5MCZD,C3012,CD,1,3,StratifiedGroupKFold
4,CSM5MCZF,C3012,CD,1,3,StratifiedGroupKFold
4,CSM5YRY7_P,C3001,CD,1,3,StratifiedGroupKFold
4,CSM67U9B,C3012,CD,1,3,StratifiedGroupKFold
4,CSM67U9D,C3012,CD,1,3,StratifiedGroupKFold
4,CSM67U9J,C3001,CD,1,3,StratifiedGroupKFold
4,CSM67U9T,C3015,UC,1,0,StratifiedGroupKFold
4,CSM67U9T_P,C3015,UC,1,0,StratifiedGroupKFold
4,CSM67U9V,C3016,CD,1,3,StratifiedGroupKFold
4,CSM67U9V_P,C3016,CD,1,3,StratifiedGroupKFold
4,CSM67U9X,C3017,CD,1,1,StratifiedGroupKFold
4,CSM67U9X_P,C3017,CD,1,1,StratifiedGroupKFold
4,CSM67UA2,C3001,CD,1,3,StratifiedGroupKFold
4,CSM67UAI_P,C3020,CD,1,2,StratifiedGroupKFold
4,CSM67UAK,C3015,UC,1,0,StratifiedGroupKFold
4,CSM67UAM,C3015,UC,1,0,StratifiedGroupKFold
4,CSM67UAO,C3015,UC,1,0,StratifiedGroupKFold
4,CSM67UAQ,C3015,UC,1,0,StratifiedGroupKFold
4,CSM67UAS,C3015,UC,1,0,StratifiedGroupKFold
4,CSM67UAU,C3016,CD,1,3,StratifiedGroupKFold
4,CSM67UAW,C3016,CD,1,3,StratifiedGroupKFold
4,CSM67UAY,C3016,CD,1,3,StratifiedGroupKFold
4,CSM67UB1,C3016,CD,1,3,StratifiedGroupKFold
4,CSM67UB3,C3016,CD,1,3,StratifiedGroupKFold
4,CSM67UB5_P,C3017,CD,1,1,StratifiedGroupKFold
4,CSM67UB7_P,C3017,CD,1,1,StratifiedGroupKFold
4,CSM67UB9,C3017,CD,1,1,StratifiedGroupKFold
4,CSM67UB9_P,C3017,CD,1,1,StratifiedGroupKFold
4,CSM67UBB,C3017,CD,1,1,StratifiedGroupKFold
4,CSM67UBD,C3017,CD,1,1,StratifiedGroupKFold
4,CSM67UBF,C3002,CD,1,2,StratifiedGroupKFold
4,CSM67UBH,C3002,CD,1,2,StratifiedGroupKFold
4,CSM67UBN,C3002,CD,1,2,StratifiedGroupKFold
4,CSM67UBR,C3002,CD,1,2,StratifiedGroupKFold
4,CSM67UCK,C3010,CD,1,0,StratifiedGroupKFold
4,CSM67UCU_P,C3019,CD,1,0,StratifiedGroupKFold
4,CSM67UDF,C3004,UC,1,3,StratifiedGroupKFold
4,CSM67UDJ,C3004,UC,1,3,StratifiedGroupKFold
4,CSM67UDN,C3004,UC,1,3,StratifiedGroupKFold
4,CSM67UDR,C3004,UC,1,3,StratifiedGroupKFold
4,CSM67UDR_TR,C3004,UC,1,3,StratifiedGroupKFold
4,CSM67UDY,C3004,UC,1,3,StratifiedGroupKFold
4,CSM67UE3,C3005,UC,1,0,StratifiedGroupKFold
4,CSM67UE7,C3005,UC,1,0,StratifiedGroupKFold
4,CSM67UEA,C3005,UC,1,0,StratifiedGroupKFold
4,CSM67UEI,C3005,UC,1,0,StratifiedGroupKFold
4,CSM67UEM,C3005,UC,1,0,StratifiedGroupKFold
4,CSM67UEP_P,C3011,UC,1,2,StratifiedGroupKFold
4,CSM67UET_P,C3011,UC,1,2,StratifiedGroupKFold
4,CSM67UEW,C3011,UC,1,2,StratifiedGroupKFold
4,CSM67UEW_P,C3011,UC,1,2,StratifiedGroupKFold
4,CSM67UEW_TR,C3011,UC,1,2,StratifiedGroupKFold
4,CSM67UF1,C3011,UC,1,2,StratifiedGroupKFold
4,CSM67UF1_P,C3011,UC,1,2,StratifiedGroupKFold
4,CSM67UF5,C3011,UC,1,2,StratifiedGroupKFold
4,CSM67UFV,C3006,UC,1,0,StratifiedGroupKFold
4,CSM67UFZ,C3006,UC,1,0,StratifiedGroupKFold
4,CSM67UG8,C3006,UC,1,0,StratifiedGroupKFold
4,CSM67UGC,C3001,CD,1,3,StratifiedGroupKFold
4,CSM67UGO,C3012,CD,1,3,StratifiedGroupKFold
4,CSM67UH7,C3022,nonIBD,0,3,StratifiedGroupKFold
4,CSM79HG4,C3023,CD,1,0,StratifiedGroupKFold
4,CSM79HG5,C3001,CD,1,3,StratifiedGroupKFold
4,CSM79HG7_P,C3024,CD,1,2,StratifiedGroupKFold
4,CSM79HGP,C3001,CD,1,3,StratifiedGroupKFold
4,CSM79HGR_P,C3022,nonIBD,0,3,StratifiedGroupKFold
4,CSM79HGV_P,C3022,nonIBD,0,3,StratifiedGroupKFold
4,CSM79HGX,C3022,nonIBD,0,3,StratifiedGroupKFold
4,CSM79HGZ,C3022,nonIBD,0,3,StratifiedGroupKFold
4,CSM79HH2_P,C3023,CD,1,0,StratifiedGroupKFold
4,CSM79HH4,C3023,CD,1,0,StratifiedGroupKFold
4,CSM79HH8,C3023,CD,1,0,StratifiedGroupKFold
4,CSM79HHA,C3023,CD,1,0,StratifiedGroupKFold
4,CSM79HHM,C3021,CD,1,0,StratifiedGroupKFold
4,CSM79HHO,C3021,CD,1,0,StratifiedGroupKFold
4,CSM79HHU,C3021,CD,1,0,StratifiedGroupKFold
4,CSM79HHW,C3027,CD,1,3,StratifiedGroupKFold
4,CSM79HHW_P,C3027,CD,1,3,StratifiedGroupKFold
4,CSM79HID,C3015,UC,1,0,StratifiedGroupKFold
4,CSM79HIF,C3015,UC,1,0,StratifiedGroupKFold
4,CSM79HIH,C3015,UC,1,0,StratifiedGroupKFold
4,CSM79HIJ,C3015,UC,1,0,StratifiedGroupKFold
4,CSM79HIL,C3015,UC,1,0,StratifiedGroupKFold
4,CSM79HIN,C3015,UC,1,0,StratifiedGroupKFold
4,CSM79HIR,C3016,CD,1,3,StratifiedGroupKFold
4,CSM79HIT,C3016,CD,1,3,StratifiedGroupKFold
4,CSM79HIV,C3016,CD,1,3,StratifiedGroupKFold
4,CSM79HIX,C3016,CD,1,3,StratifiedGroupKFold
4,CSM79HIZ,C3016,CD,1,3,StratifiedGroupKFold
4,CSM79HJ2_P,C3017,CD,1,1,StratifiedGroupKFold
4,CSM79HJ4_P,C3017,CD,1,1,StratifiedGroupKFold
4,CSM79HJ6,C3017,CD,1,1,StratifiedGroupKFold
4,CSM79HJ6_P,C3017,CD,1,1,StratifiedGroupKFold
4,CSM79HJ8_P,C3017,CD,1,1,StratifiedGroupKFold
4,CSM79HJA,C3017,CD,1,1,StratifiedGroupKFold
4,CSM79HJC_P,C3017,CD,1,1,StratifiedGroupKFold
4,CSM79HJG,C3029,UC,1,1,StratifiedGroupKFold
4,CSM79HJI,C3030,CD,1,3,StratifiedGroupKFold
4,CSM79HJI_P,C3030,CD,1,3,StratifiedGroupKFold
4,CSM79HJM,C3027,CD,1,3,StratifiedGroupKFold
4,CSM79HJO,C3027,CD,1,3,StratifiedGroupKFold
4,CSM79HJQ,C3027,CD,1,3,StratifiedGroupKFold
4,CSM79HJS,C3027,CD,1,3,StratifiedGroupKFold
4,CSM79HJU,C3027,CD,1,3,StratifiedGroupKFold
4,CSM79HJW,C3002,CD,1,2,StratifiedGroupKFold
4,CSM79HJY,C3002,CD,1,2,StratifiedGroupKFold
4,CSM79HK1,C3002,CD,1,2,StratifiedGroupKFold
4,CSM79HK5,C3002,CD,1,2,StratifiedGroupKFold
4,CSM79HK9,C3010,CD,1,0,StratifiedGroupKFold
4,CSM79HKB,C3010,CD,1,0,StratifiedGroupKFold
4,CSM79HLA,C3004,UC,1,3,StratifiedGroupKFold
4,CSM79HLA_TR,C3004,UC,1,3,StratifiedGroupKFold
4,CSM79HLC,C3004,UC,1,3,StratifiedGroupKFold
4,CSM79HLE,C3004,UC,1,3,StratifiedGroupKFold
4,CSM79HLG,C3004,UC,1,3,StratifiedGroupKFold
4,CSM79HLI,C3004,UC,1,3,StratifiedGroupKFold
4,CSM79HLK,C3004,UC,1,3,StratifiedGroupKFold
4,CSM79HM1,C3011,UC,1,2,StratifiedGroupKFold
4,CSM79HM5_P,C3011,UC,1,2,StratifiedGroupKFold
4,CSM79HM7,C3011,UC,1,2,StratifiedGroupKFold
4,CSM79HM9,C3011,UC,1,2,StratifiedGroupKFold
4,CSM79HM9_P,C3011,UC,1,2,StratifiedGroupKFold
4,CSM79HMN,C3006,UC,1,0,StratifiedGroupKFold
4,CSM79HMP,C3006,UC,1,0,StratifiedGroupKFold
4,CSM79HMT,C3006,UC,1,0,StratifiedGroupKFold
4,CSM79HMX,C3006,UC,1,0,StratifiedGroupKFold
4,CSM79HMZ,C3001,CD,1,3,StratifiedGroupKFold
4,CSM79HN2,C3021,CD,1,0,StratifiedGroupKFold
4,CSM79HN6,C3021,CD,1,0,StratifiedGroupKFold
4,CSM79HNE,C3029,UC,1,1,StratifiedGroupKFold
4,CSM79HNG_P,C3029,UC,1,1,StratifiedGroupKFold
4,CSM79HNI,C3029,UC,1,1,StratifiedGroupKFold
4,CSM79HNK,C3029,UC,1,1,StratifiedGroupKFold
4,CSM79HNM,C3029,UC,1,1,StratifiedGroupKFold
4,CSM79HNO,C3030,CD,1,3,StratifiedGroupKFold
4,CSM79HNQ,C3030,CD,1,3,StratifiedGroupKFold
4,CSM79HNU,C3030,CD,1,3,StratifiedGroupKFold
4,CSM79HNW,C3030,CD,1,3,StratifiedGroupKFold
4,CSM79HNY_P,C3031,CD,1,2,StratifiedGroupKFold
4,CSM79HO1,C3005,UC,1,0,StratifiedGroupKFold
4,CSM79HO9,C3005,UC,1,0,StratifiedGroupKFold
4,CSM79HOD,C3010,CD,1,0,StratifiedGroupKFold
4,CSM79HOF,C3010,CD,1,0,StratifiedGroupKFold
4,CSM79HOH,C3010,CD,1,0,StratifiedGroupKFold
4,CSM79HOJ,C3012,CD,1,3,StratifiedGroupKFold
4,CSM79HOL,C3012,CD,1,3,StratifiedGroupKFold
4,CSM79HOT,C3012,CD,1,3,StratifiedGroupKFold
4,CSM79HOV,C3022,nonIBD,0,3,StratifiedGroupKFold
4,CSM79HOX,C3022,nonIBD,0,3,StratifiedGroupKFold
4,CSM79HOZ,C3022,nonIBD,0,3,StratifiedGroupKFold
4,CSM79HP2,C3022,nonIBD,0,3,StratifiedGroupKFold
4,CSM79HP4,C3022,nonIBD,0,3,StratifiedGroupKFold
4,CSM79HP6,C3022,nonIBD,0,3,StratifiedGroupKFold
4,CSM79HPA,C3023,CD,1,0,StratifiedGroupKFold
4,CSM79HPA_TR,C3023,CD,1,0,StratifiedGroupKFold
4,CSM79HPC,C3023,CD,1,0,StratifiedGroupKFold
4,CSM79HQL,C3032,UC,1,1,StratifiedGroupKFold
4,CSM79HQN,C3035,CD,1,0,StratifiedGroupKFold
4,CSM79HQR,C3034,UC,1,2,StratifiedGroupKFold
4,CSM79HQR_P,C3034,UC,1,2,StratifiedGroupKFold
4,CSM79HQT_P,C3011,UC,1,2,StratifiedGroupKFold
4,CSM79HQV,C3027,CD,1,3,StratifiedGroupKFold
4,CSM79HQX,C3027,CD,1,3,StratifiedGroupKFold
4,CSM79HQZ,C3027,CD,1,3,StratifiedGroupKFold
4,CSM79HR2,C3027,CD,1,3,StratifiedGroupKFold
4,CSM79HR4,C3027,CD,1,3,StratifiedGroupKFold
4,CSM79HR6,C3027,CD,1,3,StratifiedGroupKFold
4,CSM79HR8,C3031,CD,1,2,StratifiedGroupKFold
4,CSM79HRC,C3031,CD,1,2,StratifiedGroupKFold
4,CSM79HRE,C3031,CD,1,2,StratifiedGroupKFold
4,CSM79HRG,C3031,CD,1,2,StratifiedGroupKFold
4,CSM7CZ2F_P,H4008,nonIBD,0,3,StratifiedGroupKFold
4,CSM7KOJQ,C3015,UC,1,0,StratifiedGroupKFold
4,CSM7KOJS,C3015,UC,1,0,StratifiedGroupKFold
4,CSM7KOJU,C3015,UC,1,0,StratifiedGroupKFold
4,CSM7KOJW,C3015,UC,1,0,StratifiedGroupKFold
4,CSM7KOJY,C3015,UC,1,0,StratifiedGroupKFold
4,CSM7KOK1,C3015,UC,1,0,StratifiedGroupKFold
4,CSM7KOK3,C3016,CD,1,3,StratifiedGroupKFold
4,CSM7KOK5,C3016,CD,1,3,StratifiedGroupKFold
4,CSM7KOK7,C3016,CD,1,3,StratifiedGroupKFold
4,CSM7KOKB,C3016,CD,1,3,StratifiedGroupKFold
4,CSM7KOKD,C3016,CD,1,3,StratifiedGroupKFold
4,CSM7KOKF,C3017,CD,1,1,StratifiedGroupKFold
4,CSM7KOKH,C3017,CD,1,1,StratifiedGroupKFold
4,CSM7KOKH_P,C3017,CD,1,1,StratifiedGroupKFold
4,CSM7KOKJ,C3017,CD,1,1,StratifiedGroupKFold
4,CSM7KOKL_P,C3017,CD,1,1,StratifiedGroupKFold
4,CSM7KOKN,C3017,CD,1,1,StratifiedGroupKFold
4,CSM7KOKP_P,C3017,CD,1,1,StratifiedGroupKFold
4,CSM7KOL4,C3010,CD,1,0,StratifiedGroupKFold
4,CSM7KOLA,C3010,CD,1,0,StratifiedGroupKFold
4,CSM7KOLE,C3010,CD,1,0,StratifiedGroupKFold
4,CSM7KOLK,C3021,CD,1,0,StratifiedGroupKFold
4,CSM7KOLM,C3021,CD,1,0,StratifiedGroupKFold
4,CSM7KOLY,C3029,UC,1,1,StratifiedGroupKFold
4,CSM7KOM1,C3029,UC,1,1,StratifiedGroupKFold
4,CSM7KOMB,C3030,CD,1,3,StratifiedGroupKFold
4,CSM7KOMD,C3030,CD,1,3,StratifiedGroupKFold
4,CSM7KOMH,C3030,CD,1,3,StratifiedGroupKFold
4,CSM7KOMP,C3011,UC,1,2,StratifiedGroupKFold
4,CSM7KOMR_P,C3011,UC,1,2,StratifiedGroupKFold
4,CSM7KOMT,C3011,UC,1,2,StratifiedGroupKFold
4,CSM7KOMV_P,C3011,UC,1,2,StratifiedGroupKFold
4,CSM7KOMX,C3012,CD,1,3,StratifiedGroupKFold
4,CSM7KOMZ,C3012,CD,1,3,StratifiedGroupKFold
4,CSM7KON2,C3012,CD,1,3,StratifiedGroupKFold
4,CSM7KON8,C3012,CD,1,3,StratifiedGroupKFold
4,CSM7KONA,C3023,CD,1,0,StratifiedGroupKFold
4,CSM7KONC,C3023,CD,1,0,StratifiedGroupKFold
4,CSM7KONK,C3023,CD,1,0,StratifiedGroupKFold
4,CSM7KOO5,C3031,CD,1,2,StratifiedGroupKFold
4,CSM7KOO9,C3031,CD,1,2,StratifiedGroupKFold
4,CSM7KOOD,C3031,CD,1,2,StratifiedGroupKFold
4,CSM7KOOF,C3031,CD,1,2,StratifiedGroupKFold
4,CSM7KOOH,C3022,nonIBD,0,3,StratifiedGroupKFold
4,CSM7KOOJ,C3022,nonIBD,0,3,StratifiedGroupKFold
4,CSM7KOOL,C3022,nonIBD,0,3,StratifiedGroupKFold
4,CSM7KOON,C3022,nonIBD,0,3,StratifiedGroupKFold
4,CSM7KOOP,C3022,nonIBD,0,3,StratifiedGroupKFold
4,CSM7KOOR,C3022,nonIBD,0,3,StratifiedGroupKFold
4,CSM7KOOT,C3027,CD,1,3,StratifiedGroupKFold
4,CSM7KOOV,C3027,CD,1,3,StratifiedGroupKFold
4,CSM7KOOX,C3027,CD,1,3,StratifiedGroupKFold
4,CSM7KOOZ,C3027,CD,1,3,StratifiedGroupKFold
4,CSM7KOP2,C3027,CD,1,3,StratifiedGroupKFold
4,CSM7KOP6,C3032,UC,1,1,StratifiedGroupKFold
4,CSM7KOP8,C3032,UC,1,1,StratifiedGroupKFold
4,CSM7KOPC,C3032,UC,1,1,StratifiedGroupKFold
4,CSM7KOPE,C3032,UC,1,1,StratifiedGroupKFold
4,CSM7KOPG,C3015,UC,1,0,StratifiedGroupKFold
4,CSM7KOPI,C3015,UC,1,0,StratifiedGroupKFold
4,CSM7KOPK,C3015,UC,1,0,StratifiedGroupKFold
4,CSM7KOPM,C3015,UC,1,0,StratifiedGroupKFold
4,CSM7KOPO,C3015,UC,1,0,StratifiedGroupKFold
4,CSM7KOPQ,C3015,UC,1,0,StratifiedGroupKFold
4,CSM7KOPS,C3016,CD,1,3,StratifiedGroupKFold
4,CSM7KOPU,C3016,CD,1,3,StratifiedGroupKFold
4,CSM7KOPW,C3016,CD,1,3,StratifiedGroupKFold
4,CSM7KOQ1,C3016,CD,1,3,StratifiedGroupKFold
4,CSM7KOQ3,C3016,CD,1,3,StratifiedGroupKFold
4,CSM7KOQ5_P,C3036,UC,1,0,StratifiedGroupKFold
4,CSM7KOQ7,C3037,UC,1,1,StratifiedGroupKFold
4,CSM7KOQP_P,C3033,CD,1,3,StratifiedGroupKFold
4,CSM7KOQX,C3017,CD,1,1,StratifiedGroupKFold
4,CSM7KOQZ,C3017,CD,1,1,StratifiedGroupKFold
4,CSM7KOQZ_P,C3017,CD,1,1,StratifiedGroupKFold
4,CSM7KOR2,C3017,CD,1,1,StratifiedGroupKFold
4,CSM7KOR4_P,C3017,CD,1,1,StratifiedGroupKFold
4,CSM7KOR8,C3017,CD,1,1,StratifiedGroupKFold
4,CSM7KOR8_P,C3017,CD,1,1,StratifiedGroupKFold
4,CSM7KORM,C3034,UC,1,2,StratifiedGroupKFold
4,CSM7KORO,C3034,UC,1,2,StratifiedGroupKFold
4,CSM7KORS,C3034,UC,1,2,StratifiedGroupKFold
4,CSM7KORU,C3034,UC,1,2,StratifiedGroupKFold
4,CSM7KOS7,C3029,UC,1,1,StratifiedGroupKFold
4,CSM7KOS9,C3029,UC,1,1,StratifiedGroupKFold
4,CSM7KOSH,C3029,UC,1,1,StratifiedGroupKFold
4,CSM7KOSJ,C3030,CD,1,3,StratifiedGroupKFold
4,CSM7KOSL,C3030,CD,1,3,StratifiedGroupKFold
4,CSM7KOSP,C3030,CD,1,3,StratifiedGroupKFold
4,CSM7KOST,C3030,CD,1,3,StratifiedGroupKFold
4,CSM7KOSV,C3021,CD,1,0,StratifiedGroupKFold
4,CSM7KOSX,C3021,CD,1,0,StratifiedGroupKFold
4,CSM7KOTA,C3023,CD,1,0,StratifiedGroupKFold
4,CSM7KOTC,C3023,CD,1,0,StratifiedGroupKFold
4,CSM7KOTK,C3023,CD,1,0,StratifiedGroupKFold
4,CSM7KOTO,C3035,CD,1,0,StratifiedGroupKFold
4,CSM7KOTQ,C3035,CD,1,0,StratifiedGroupKFold
4,CSM7KOTS,C3035,CD,1,0,StratifiedGroupKFold
4,CSM7KOTU,C3035,CD,1,0,StratifiedGroupKFold
4,CSM7KOU7_P,C3032,UC,1,1,StratifiedGroupKFold
4,CSM7KOU9,C3032,UC,1,1,StratifiedGroupKFold
4,CSM7KOUB,C3032,UC,1,1,StratifiedGroupKFold
4,CSM7KOUF,C3032,UC,1,1,StratifiedGroupKFold
4,CSM7KOUJ_P,C3037,UC,1,1,StratifiedGroupKFold
4,CSM7KOUL,C3037,UC,1,1,StratifiedGroupKFold
4,CSM7KOUN,C3037,UC,1,1,StratifiedGroupKFold
4,CSM7KOUP,C3037,UC,1,1,StratifiedGroupKFold
4,CSM7KOUR,C3037,UC,1,1,StratifiedGroupKFold
4,CSM9X1XU,C3034,UC,1,2,StratifiedGroupKFold
4,CSM9X1XW,C3034,UC,1,2,StratifiedGroupKFold
4,CSM9X1Y3,C3034,UC,1,2,StratifiedGroupKFold
4,CSM9X1Y5,C3029,UC,1,1,StratifiedGroupKFold
4,CSM9X1Y7,C3029,UC,1,1,StratifiedGroupKFold
4,CSM9X1YF,C3029,UC,1,1,StratifiedGroupKFold
4,CSM9X1YV,C3035,CD,1,0,StratifiedGroupKFold
4,CSM9X1Z4,C3031,CD,1,2,StratifiedGroupKFold
4,CSM9X1ZC,C3031,CD,1,2,StratifiedGroupKFold
4,CSM9X1ZO,C3032,UC,1,1,StratifiedGroupKFold
4,CSM9X1ZQ,C3032,UC,1,1,StratifiedGroupKFold
4,CSM9X1ZU,C3032,UC,1,1,StratifiedGroupKFold
4,CSM9X1ZY,C3032,UC,1,1,StratifiedGroupKFold
4,CSM9X211,C3037,UC,1,1,StratifiedGroupKFold
4,CSM9X213,C3037,UC,1,1,StratifiedGroupKFold
4,CSM9X215,C3037,UC,1,1,StratifiedGroupKFold
4,CSM9X219,C3037,UC,1,1,StratifiedGroupKFold
4,CSM9X21J,C3034,UC,1,2,StratifiedGroupKFold
4,CSM9X21L,C3034,UC,1,2,StratifiedGroupKFold
4,CSM9X21N,C3034,UC,1,2,StratifiedGroupKFold
4,CSM9X21P,C3034,UC,1,2,StratifiedGroupKFold
4,CSM9X21R,C3035,CD,1,0,StratifiedGroupKFold
4,CSM9X21T,C3035,CD,1,0,StratifiedGroupKFold
4,CSM9X222,C3035,CD,1,0,StratifiedGroupKFold
4,CSM9X22G,C3032,UC,1,1,StratifiedGroupKFold
4,CSM9X22I,C3032,UC,1,1,StratifiedGroupKFold
4,CSM9X22K,C3032,UC,1,1,StratifiedGroupKFold
4,CSM9X22Q,C3032,UC,1,1,StratifiedGroupKFold
4,CSM9X22S,C3037,UC,1,1,StratifiedGroupKFold
4,CSM9X22U,C3037,UC,1,1,StratifiedGroupKFold
4,CSM9X233,C3035,CD,1,0,StratifiedGroupKFold
4,CSM9X235,C3035,CD,1,0,StratifiedGroupKFold
4,CSM9X237,C3035,CD,1,0,StratifiedGroupKFold
4,CSM9X23B,C3035,CD,1,0,StratifiedGroupKFold
4,CSM9X23H,C3037,UC,1,1,StratifiedGroupKFold
4,CSM9X23J,C3037,UC,1,1,StratifiedGroupKFold
4,CSM9X23L,C3037,UC,1,1,StratifiedGroupKFold
4,CSM9X23N,C3037,UC,1,1,StratifiedGroupKFold
4,CSM9X23P,C3037,UC,1,1,StratifiedGroupKFold
4,CSMA88CB,C3027,CD,1,3,StratifiedGroupKFold
4,CSMA8M9R,C3022,nonIBD,0,3,StratifiedGroupKFold
4,CSMA9J65,C3027,CD,1,3,StratifiedGroupKFold
4,CSMAAEUA,C3022,nonIBD,0,3,StratifiedGroupKFold
4,CSMACTZP,C3027,CD,1,3,StratifiedGroupKFold
4,CSMAE44D,C3022,nonIBD,0,3,StratifiedGroupKFold
4,CSMAF72L,C3027,CD,1,3,StratifiedGroupKFold
4,CSMAG78W,C3022,nonIBD,0,3,StratifiedGroupKFold
4,CSMAH393,C3027,CD,1,3,StratifiedGroupKFold
4,CSMAHYLR,C3022,nonIBD,0,3,StratifiedGroupKFold
4,CSMAIG7X,C3027,CD,1,3,StratifiedGroupKFold
4,CSMDRVXF,C3027,CD,1,3,StratifiedGroupKFold
4,CSMDRVXG,C3027,CD,1,3,StratifiedGroupKFold
4,CSMDRVXH,C3027,CD,1,3,StratifiedGroupKFold
4,CSMDRVXK,C3029,UC,1,1,StratifiedGroupKFold
4,CSMDRVXL,C3029,UC,1,1,StratifiedGroupKFold
4,CSMDRVXM,C3029,UC,1,1,StratifiedGroupKFold
4,CSMDRVXN,C3029,UC,1,1,StratifiedGroupKFold
4,CSMDRVXO,C3030,CD,1,3,StratifiedGroupKFold
4,CSMDRVXP,C3030,CD,1,3,StratifiedGroupKFold
4,CSMDRVXQ,C3030,CD,1,3,StratifiedGroupKFold
4,CSMDRVXR,C3030,CD,1,3,StratifiedGroupKFold
4,CSMDRVXS,C3031,CD,1,2,StratifiedGroupKFold
4,CSMDRVXT,C3031,CD,1,2,StratifiedGroupKFold
4,CSMDRVXU,C3031,CD,1,2,StratifiedGroupKFold
4,CSMDRVXX,C3032,UC,1,1,StratifiedGroupKFold
4,CSMDRVXY,C3034,UC,1,2,StratifiedGroupKFold
4,CSMDRVXZ,C3034,UC,1,2,StratifiedGroupKFold
4,CSMDRVY1,C3034,UC,1,2,StratifiedGroupKFold
4,CSMDRVY2,C3035,CD,1,0,StratifiedGroupKFold
4,CSMDRVY3,C3035,CD,1,0,StratifiedGroupKFold
4,CSMDRVY4,C3035,CD,1,0,StratifiedGroupKFold
4,CSMDRVY5,C3037,UC,1,1,StratifiedGroupKFold
4,CSMDRVY6,C3037,UC,1,1,StratifiedGroupKFold
4,CSMDRVY7,C3037,UC,1,1,StratifiedGroupKFold
4,CSMDTZ4X,C3032,UC,1,1,StratifiedGroupKFold
4,CSMDTZ4Y,C3032,UC,1,1,StratifiedGroupKFold
4,ESM5GEXY,E5001,CD,1,2,StratifiedGroupKFold
4,ESM5GEY7,E5013,CD,1,0,StratifiedGroupKFold
4,ESM5GEY8,E5013,CD,1,0,StratifiedGroupKFold
4,ESM5GEY9,E5013,CD,1,0,StratifiedGroupKFold
4,ESM5GEYA,E5009,CD,1,3,StratifiedGroupKFold
4,ESM5GEYB,E5009,CD,1,3,StratifiedGroupKFold
4,ESM5GEYI,E5004,UC,1,2,StratifiedGroupKFold
4,ESM5GEYK,E5004,UC,1,2,StratifiedGroupKFold
4,ESM5GEYL,E5004,UC,1,2,StratifiedGroupKFold
4,ESM5GEYW_P,E5006,CD,1,1,StratifiedGroupKFold
4,ESM5GEYX_P,E5003,CD,1,3,StratifiedGroupKFold
4,ESM5GEYY_P,E5006,CD,1,1,StratifiedGroupKFold
4,ESM5GEZ4_P,E5004,UC,1,2,StratifiedGroupKFold
4,ESM5GEZ6,E5004,UC,1,2,StratifiedGroupKFold
4,ESM5GEZ6_P,E5004,UC,1,2,StratifiedGroupKFold
4,ESM5GEZA_P,E5004,UC,1,2,StratifiedGroupKFold
4,ESM5ME9D_P,E5001,CD,1,2,StratifiedGroupKFold
4,ESM5ME9G_P,E5001,CD,1,2,StratifiedGroupKFold
4,ESM5ME9U,E5004,UC,1,2,StratifiedGroupKFold
4,ESM5MEA7_P,E5008,UC,1,1,StratifiedGroupKFold
4,ESM5MEA9_P,E5008,UC,1,1,StratifiedGroupKFold
4,ESM5MEAB_P,E5008,UC,1,1,StratifiedGroupKFold
4,ESM5MEAD,E5008,UC,1,1,StratifiedGroupKFold
4,ESM5MEAG,E5008,UC,1,1,StratifiedGroupKFold
4,ESM5MEB7,E5013,CD,1,0,StratifiedGroupKFold
4,ESM5MEB9,E5013,CD,1,0,StratifiedGroupKFold
4,ESM5MEB9_P,E5013,CD,1,0,StratifiedGroupKFold
4,ESM5MEBA_P,E5001,CD,1,2,StratifiedGroupKFold
4,ESM5MEBE,E5001,CD,1,2,StratifiedGroupKFold
4,ESM5MEBG,E5001,CD,1,2,StratifiedGroupKFold
4,ESM5MEBI,E5001,CD,1,2,StratifiedGroupKFold
4,ESM5MEBL,E5008,UC,1,1,StratifiedGroupKFold
4,ESM5MEBS,E5004,UC,1,2,StratifiedGroupKFold
4,ESM5MEBU,E5004,UC,1,2,StratifiedGroupKFold
4,ESM5MEC3,E5004,UC,1,2,StratifiedGroupKFold
4,ESM5MEC5,E5004,UC,1,2,StratifiedGroupKFold
4,ESM5MEC9,E5004,UC,1,2,StratifiedGroupKFold
4,ESM5MECL,E5001,CD,1,2,StratifiedGroupKFold
4,ESM5MECQ,E5001,CD,1,2,StratifiedGroupKFold
4,ESM5MED2,E5013,CD,1,0,StratifiedGroupKFold
4,ESM5MEDD,E5009,CD,1,3,StratifiedGroupKFold
4,ESM5MEDF,E5009,CD,1,3,StratifiedGroupKFold
4,ESM5MEDK,E5009,CD,1,3,StratifiedGroupKFold
4,ESM5MEDN,E5009,CD,1,3,StratifiedGroupKFold
4,ESM5MEDP_P,E5009,CD,1,3,StratifiedGroupKFold
4,ESM5MEDU,E5004,UC,1,2,StratifiedGroupKFold
4,ESM5MEDZ,E5001,CD,1,2,StratifiedGroupKFold
4,ESM5MEDZ_P,E5001,CD,1,2,StratifiedGroupKFold
4,ESM5MEE2_P,E5001,CD,1,2,StratifiedGroupKFold
4,ESM5MEE6_P,E5001,CD,1,2,StratifiedGroupKFold
4,ESM5MEEB,E5001,CD,1,2,StratifiedGroupKFold
4,ESM5MEEG,E5004,UC,1,2,StratifiedGroupKFold
4,ESM5MEEJ_P,E5004,UC,1,2,StratifiedGroupKFold
4,ESM6ZK8Z,E5009,CD,1,3,StratifiedGroupKFold
4,ESM718SY,E5004,UC,1,2,StratifiedGroupKFold
4,ESM718T7,E5013,CD,1,0,StratifiedGroupKFold
4,ESM718T9,E5013,CD,1,0,StratifiedGroupKFold
4,ESM718TF,E5013,CD,1,0,StratifiedGroupKFold
4,ESM718TK,E5013,CD,1,0,StratifiedGroupKFold
4,ESM718TM,E5013,CD,1,0,StratifiedGroupKFold
4,ESM718U9_P,E5023,CD,1,2,StratifiedGroupKFold
4,ESM718UH,E5009,CD,1,3,StratifiedGroupKFold
4,ESM718V4,E5013,CD,1,0,StratifiedGroupKFold
4,ESM718V8,E5013,CD,1,0,StratifiedGroupKFold
4,ESM7F5AK,E5009,CD,1,3,StratifiedGroupKFold
4,ESM7F5AM,E5009,CD,1,3,StratifiedGroupKFold
4,ESM7F5AO,E5009,CD,1,3,StratifiedGroupKFold
4,ESM7F5BL,E5004,UC,1,2,StratifiedGroupKFold
4,ESM7F5C5,E5013,CD,1,0,StratifiedGroupKFold
4,ESM7F5C7,E5013,CD,1,0,StratifiedGroupKFold
4,ESM7F5CB,E5009,CD,1,3,StratifiedGroupKFold
4,ESM7F5CD,E5009,CD,1,3,StratifiedGroupKFold
4,ESM7F5CF,E5009,CD,1,3,StratifiedGroupKFold
4,ESM9IEP1,E5013,CD,1,0,StratifiedGroupKFold
4,ESM9IEP5,E5009,CD,1,3,StratifiedGroupKFold
4,HSM5FZAQ,H4006,CD,1,0,StratifiedGroupKFold
4,HSM5FZAR,H4006,CD,1,0,StratifiedGroupKFold
4,HSM5FZAS,H4017,CD,1,0,StratifiedGroupKFold
4,HSM5FZAT,H4017,CD,1,0,StratifiedGroupKFold
4,HSM5FZAU,H4017,CD,1,0,StratifiedGroupKFold
4,HSM5FZAV,H4016,nonIBD,0,3,StratifiedGroupKFold
4,HSM5FZAW,H4016,nonIBD,0,3,StratifiedGroupKFold
4,HSM5FZAX,H4016,nonIBD,0,3,StratifiedGroupKFold
4,HSM5FZB2,H4014,CD,1,3,StratifiedGroupKFold
4,HSM5FZB3,H4014,CD,1,3,StratifiedGroupKFold
4,HSM5FZB4,H4013,nonIBD,0,0,StratifiedGroupKFold
4,HSM5FZB5,H4013,nonIBD,0,0,StratifiedGroupKFold
4,HSM5FZBB,H4010,UC,1,3,StratifiedGroupKFold
4,HSM5FZBC,H4010,UC,1,3,StratifiedGroupKFold
4,HSM5FZBD,H4009,nonIBD,0,3,StratifiedGroupKFold
4,HSM5FZBE,H4009,nonIBD,0,3,StratifiedGroupKFold
4,HSM5FZBF,H4007,CD,1,2,StratifiedGroupKFold
4,HSM5FZBG,H4007,CD,1,2,StratifiedGroupKFold
4,HSM5FZBH,H4008,nonIBD,0,3,StratifiedGroupKFold
4,HSM5FZBI,H4008,nonIBD,0,3,StratifiedGroupKFold
4,HSM5MD3L,H4014,CD,1,3,StratifiedGroupKFold
4,HSM5MD3L_P,H4014,CD,1,3,StratifiedGroupKFold
4,HSM5MD3Y,H4010,UC,1,3,StratifiedGroupKFold
4,HSM5MD41,H4010,UC,1,3,StratifiedGroupKFold
4,HSM5MD43,H4010,UC,1,3,StratifiedGroupKFold
4,HSM5MD43_P,H4010,UC,1,3,StratifiedGroupKFold
4,HSM5MD44_P,H4010,UC,1,3,StratifiedGroupKFold
4,HSM5MD47_P,H4010,UC,1,3,StratifiedGroupKFold
4,HSM5MD48,H4006,CD,1,0,StratifiedGroupKFold
4,HSM5MD49_P,H4006,CD,1,0,StratifiedGroupKFold
4,HSM5MD4A,H4006,CD,1,0,StratifiedGroupKFold
4,HSM5MD4A_P,H4006,CD,1,0,StratifiedGroupKFold
4,HSM5MD4B_P,H4006,CD,1,0,StratifiedGroupKFold
4,HSM5MD4N,H4007,CD,1,2,StratifiedGroupKFold
4,HSM5MD4O,H4007,CD,1,2,StratifiedGroupKFold
4,HSM5MD4P_P,H4007,CD,1,2,StratifiedGroupKFold
4,HSM5MD4Q,H4007,CD,1,2,StratifiedGroupKFold
4,HSM5MD57_P,H4008,nonIBD,0,3,StratifiedGroupKFold
4,HSM5MD59_P,H4008,nonIBD,0,3,StratifiedGroupKFold
4,HSM5MD5B,H4008,nonIBD,0,3,StratifiedGroupKFold
4,HSM5MD5B_P,H4008,nonIBD,0,3,StratifiedGroupKFold
4,HSM5MD5D,H4008,nonIBD,0,3,StratifiedGroupKFold
4,HSM5MD5D_P,H4008,nonIBD,0,3,StratifiedGroupKFold
4,HSM5MD5F_P,H4008,nonIBD,0,3,StratifiedGroupKFold
4,HSM5MD5Z,H4016,nonIBD,0,3,StratifiedGroupKFold
4,HSM5MD5Z_P,H4016,nonIBD,0,3,StratifiedGroupKFold
4,HSM5MD66,H4014,CD,1,3,StratifiedGroupKFold
4,HSM5MD6A,H4014,CD,1,3,StratifiedGroupKFold
4,HSM5MD6A_TR,H4014,CD,1,3,StratifiedGroupKFold
4,HSM5MD6C,H4014,CD,1,3,StratifiedGroupKFold
4,HSM5MD6E_P,H4013,nonIBD,0,0,StratifiedGroupKFold
4,HSM5MD6I,H4013,nonIBD,0,0,StratifiedGroupKFold
4,HSM5MD6I_P,H4013,nonIBD,0,0,StratifiedGroupKFold
4,HSM5MD6K,H4013,nonIBD,0,0,StratifiedGroupKFold
4,HSM5MD6K_P,H4013,nonIBD,0,0,StratifiedGroupKFold
4,HSM5MD6M,H4013,nonIBD,0,0,StratifiedGroupKFold
4,HSM5MD6O_P,H4016,nonIBD,0,3,StratifiedGroupKFold
4,HSM5MD6Q,H4016,nonIBD,0,3,StratifiedGroupKFold
4,HSM5MD6S_P,H4016,nonIBD,0,3,StratifiedGroupKFold
4,HSM5MD6U,H4016,nonIBD,0,3,StratifiedGroupKFold
4,HSM5MD6U_P,H4016,nonIBD,0,3,StratifiedGroupKFold
4,HSM5MD6W,H4016,nonIBD,0,3,StratifiedGroupKFold
4,HSM5MD7K,H4006,CD,1,0,StratifiedGroupKFold
4,HSM5MD7M,H4006,CD,1,0,StratifiedGroupKFold
4,HSM5MD7O,H4006,CD,1,0,StratifiedGroupKFold
4,HSM5MD7Q,H4006,CD,1,0,StratifiedGroupKFold
4,HSM5MD7S,H4006,CD,1,0,StratifiedGroupKFold
4,HSM5MD7U,H4006,CD,1,0,StratifiedGroupKFold
4,HSM5MD7Z,H4007,CD,1,2,StratifiedGroupKFold
4,HSM5MD7Z_P,H4007,CD,1,2,StratifiedGroupKFold
4,HSM5MD82,H4009,nonIBD,0,3,StratifiedGroupKFold
4,HSM5MD82_P,H4009,nonIBD,0,3,StratifiedGroupKFold
4,HSM5MD86,H4006,CD,1,0,StratifiedGroupKFold
4,HSM5MD87,H4010,UC,1,3,StratifiedGroupKFold
4,HSM5MD87_P,H4010,UC,1,3,StratifiedGroupKFold
4,HSM5MD8A,H4008,nonIBD,0,3,StratifiedGroupKFold
4,HSM5MD8A_P,H4008,nonIBD,0,3,StratifiedGroupKFold
4,HSM5MD8B,H4009,nonIBD,0,3,StratifiedGroupKFold
4,HSM5MD8B_P,H4009,nonIBD,0,3,StratifiedGroupKFold
4,HSM5MD8D_P,H4009,nonIBD,0,3,StratifiedGroupKFold
4,HSM5MD8F_P,H4012,CD,1,2,StratifiedGroupKFold
4,HSM5MD8H,H4013,nonIBD,0,0,StratifiedGroupKFold
4,HSM5MD8H_P,H4013,nonIBD,0,0,StratifiedGroupKFold
4,HSM5MD8L_P,H4009,nonIBD,0,3,StratifiedGroupKFold
4,HSM5MD8N_P,H4009,nonIBD,0,3,StratifiedGroupKFold
4,HSM5MD8P_P,H4009,nonIBD,0,3,StratifiedGroupKFold
4,HSM5MEE5_P,E5001,CD,1,2,StratifiedGroupKFold
4,HSM67VCX_P,H4020,CD,1,3,StratifiedGroupKFold
4,HSM67VCZ,H4020,CD,1,3,StratifiedGroupKFold
4,HSM67VD2,H4020,CD,1,3,StratifiedGroupKFold
4,HSM67VD4,H4020,CD,1,3,StratifiedGroupKFold
4,HSM67VD6,H4020,CD,1,3,StratifiedGroupKFold
4,HSM67VDT,H4024,nonIBD,0,1,StratifiedGroupKFold
4,HSM67VDT_P,H4024,nonIBD,0,1,StratifiedGroupKFold
4,HSM67VDX,H4022,nonIBD,0,1,StratifiedGroupKFold
4,HSM67VDX_P,H4022,nonIBD,0,1,StratifiedGroupKFold
4,HSM67VEC,H4006,CD,1,0,StratifiedGroupKFold
4,HSM67VEE,H4006,CD,1,0,StratifiedGroupKFold
4,HSM67VEG,H4006,CD,1,0,StratifiedGroupKFold
4,HSM67VEI,H4006,CD,1,0,StratifiedGroupKFold
4,HSM67VEK,H4006,CD,1,0,StratifiedGroupKFold
4,HSM67VEM,H4006,CD,1,0,StratifiedGroupKFold
4,HSM67VEM_TR,H4006,CD,1,0,StratifiedGroupKFold
4,HSM67VEO,H4022,nonIBD,0,1,StratifiedGroupKFold
4,HSM67VEQ,H4022,nonIBD,0,1,StratifiedGroupKFold
4,HSM67VES,H4022,nonIBD,0,1,StratifiedGroupKFold
4,HSM67VEU,H4022,nonIBD,0,1,StratifiedGroupKFold
4,HSM67VEW,H4022,nonIBD,0,1,StratifiedGroupKFold
4,HSM67VF3,H4016,nonIBD,0,3,StratifiedGroupKFold
4,HSM67VF9,H4017,CD,1,0,StratifiedGroupKFold
4,HSM67VFD,H4017,CD,1,0,StratifiedGroupKFold
4,HSM67VFF,H4017,CD,1,0,StratifiedGroupKFold
4,HSM67VFH,H4017,CD,1,0,StratifiedGroupKFold
4,HSM67VFJ,H4017,CD,1,0,StratifiedGroupKFold
4,HSM67VFR,H4018,nonIBD,0,1,StratifiedGroupKFold
4,HSM67VFX,H4008,nonIBD,0,3,StratifiedGroupKFold
4,HSM67VFX_P,H4008,nonIBD,0,3,StratifiedGroupKFold
4,HSM67VFZ,H4008,nonIBD,0,3,StratifiedGroupKFold
4,HSM67VG2_P,H4008,nonIBD,0,3,StratifiedGroupKFold
4,HSM67VG6,H4008,nonIBD,0,3,StratifiedGroupKFold
4,HSM67VG6_P,H4008,nonIBD,0,3,StratifiedGroupKFold
4,HSM67VG8,H4008,nonIBD,0,3,StratifiedGroupKFold
4,HSM67VGA,H4009,nonIBD,0,3,StratifiedGroupKFold
4,HSM67VGA_P,H4009,nonIBD,0,3,StratifiedGroupKFold
4,HSM67VGC,H4009,nonIBD,0,3,StratifiedGroupKFold
4,HSM67VGE_P,H4009,nonIBD,0,3,StratifiedGroupKFold
4,HSM67VGG,H4009,nonIBD,0,3,StratifiedGroupKFold
4,HSM67VGI_P,H4009,nonIBD,0,3,StratifiedGroupKFold
4,HSM67VGK,H4009,nonIBD,0,3,StratifiedGroupKFold
4,HSM67VGK_TR,H4009,nonIBD,0,3,StratifiedGroupKFold
4,HSM67VGY,H4010,UC,1,3,StratifiedGroupKFold
4,HSM67VH1,H4010,UC,1,3,StratifiedGroupKFold
4,HSM67VHB,H4020,CD,1,3,StratifiedGroupKFold
4,HSM67VHD,H4020,CD,1,3,StratifiedGroupKFold
4,HSM67VHF,H4020,CD,1,3,StratifiedGroupKFold
4,HSM67VHH,H4020,CD,1,3,StratifiedGroupKFold
4,HSM67VHJ,H4020,CD,1,3,StratifiedGroupKFold
4,HSM67VHK,H4017,CD,1,0,StratifiedGroupKFold
4,HSM67VHM,H4016,nonIBD,0,3,StratifiedGroupKFold
4,HSM67VHQ,H4007,CD,1,2,StratifiedGroupKFold
4,HSM67VHS,H4007,CD,1,2,StratifiedGroupKFold
4,HSM67VHU,H4007,CD,1,2,StratifiedGroupKFold
4,HSM67VHW,H4007,CD,1,2,StratifiedGroupKFold
4,HSM67VI1,H4007,CD,1,2,StratifiedGroupKFold
4,HSM67VI3,H4024,nonIBD,0,1,StratifiedGroupKFold
4,HSM67VI5,H4024,nonIBD,0,1,StratifiedGroupKFold
4,HSM67VI7,H4024,nonIBD,0,1,StratifiedGroupKFold
4,HSM67VI9,H4024,nonIBD,0,1,StratifiedGroupKFold
4,HSM67VIB,H4024,nonIBD,0,1,StratifiedGroupKFold
4,HSM6S4FN,H4018,nonIBD,0,1,StratifiedGroupKFold
4,HSM6S4FO,H4018,nonIBD,0,1,StratifiedGroupKFold
4,HSM6S4FP,H4018,nonIBD,0,1,StratifiedGroupKFold
4,HSM6S4FQ,H4019,UC,1,1,StratifiedGroupKFold
4,HSM6S4FR,H4019,UC,1,1,StratifiedGroupKFold
4,HSM6S4FS,H4019,UC,1,1,StratifiedGroupKFold
4,HSM6S4FT,H4020,CD,1,3,StratifiedGroupKFold
4,HSM6S4FU,H4020,CD,1,3,StratifiedGroupKFold
4,HSM6S4FY,H4022,nonIBD,0,1,StratifiedGroupKFold
4,HSM6S4FZ,H4022,nonIBD,0,1,StratifiedGroupKFold
4,HSM6S4G1,H4022,nonIBD,0,1,StratifiedGroupKFold
4,HSM6S4G5,H4024,nonIBD,0,1,StratifiedGroupKFold
4,HSM6S4G6,H4024,nonIBD,0,1,StratifiedGroupKFold
4,HSM6S4G7,H4024,nonIBD,0,1,StratifiedGroupKFold
4,HSM6S4GB,H4007,CD,1,2,StratifiedGroupKFold
4,HSM6S4GC,H4007,CD,1,2,StratifiedGroupKFold
4,HSM6S4GG,H4027,UC,1,3,StratifiedGroupKFold
4,HSM6S4GH,H4027,UC,1,3,StratifiedGroupKFold
4,HSM6S4GI,H4027,UC,1,3,StratifiedGroupKFold
4,HSM6S4GM,H4008,nonIBD,0,3,StratifiedGroupKFold
4,HSM6S4GN,H4008,nonIBD,0,3,StratifiedGroupKFold
4,HSM6S4GO,H4019,UC,1,1,StratifiedGroupKFold
4,HSM6S4GP,H4019,UC,1,1,StratifiedGroupKFold
4,HSM6S4GQ,H4019,UC,1,1,StratifiedGroupKFold
4,HSM6XRQB,H4017,CD,1,0,StratifiedGroupKFold
4,HSM6XRQB_P,H4017,CD,1,0,StratifiedGroupKFold
4,HSM6XRQC,H4018,nonIBD,0,1,StratifiedGroupKFold
4,HSM6XRQC_P,H4018,nonIBD,0,1,StratifiedGroupKFold
4,HSM6XRQE,H4019,UC,1,1,StratifiedGroupKFold
4,HSM6XRQE_P,H4019,UC,1,1,StratifiedGroupKFold
4,HSM6XRQI,H4017,CD,1,0,StratifiedGroupKFold
4,HSM6XRQK,H4017,CD,1,0,StratifiedGroupKFold
4,HSM6XRQM,H4017,CD,1,0,StratifiedGroupKFold
4,HSM6XRQO,H4017,CD,1,0,StratifiedGroupKFold
4,HSM6XRQS,H4018,nonIBD,0,1,StratifiedGroupKFold
4,HSM6XRQU,H4018,nonIBD,0,1,StratifiedGroupKFold
4,HSM6XRQW,H4018,nonIBD,0,1,StratifiedGroupKFold
4,HSM6XRQY,H4018,nonIBD,0,1,StratifiedGroupKFold
4,HSM6XRR3,H4020,CD,1,3,StratifiedGroupKFold
4,HSM6XRR5,H4019,UC,1,1,StratifiedGroupKFold
4,HSM6XRR7,H4019,UC,1,1,StratifiedGroupKFold
4,HSM6XRR9,H4019,UC,1,1,StratifiedGroupKFold
4,HSM6XRRB,H4019,UC,1,1,StratifiedGroupKFold
4,HSM6XRRD,H4019,UC,1,1,StratifiedGroupKFold
4,HSM6XRRJ,H4013,nonIBD,0,0,StratifiedGroupKFold
4,HSM6XRRV,H4014,CD,1,3,StratifiedGroupKFold
4,HSM6XRS2,H4014,CD,1,3,StratifiedGroupKFold
4,HSM6XRSN,H4007,CD,1,2,StratifiedGroupKFold
4,HSM6XRST,H4007,CD,1,2,StratifiedGroupKFold
4,HSM6XRSX,H4008,nonIBD,0,3,StratifiedGroupKFold
4,HSM6XRSX_P,H4008,nonIBD,0,3,StratifiedGroupKFold
4,HSM6XRSZ,H4008,nonIBD,0,3,StratifiedGroupKFold
4,HSM6XRSZ_P,H4008,nonIBD,0,3,StratifiedGroupKFold
4,HSM6XRT2_P,H4008,nonIBD,0,3,StratifiedGroupKFold
4,HSM6XRT4_P,H4008,nonIBD,0,3,StratifiedGroupKFold
4,HSM6XRT6_P,H4008,nonIBD,0,3,StratifiedGroupKFold
4,HSM6XRT8,H4009,nonIBD,0,3,StratifiedGroupKFold
4,HSM6XRTA_P,H4009,nonIBD,0,3,StratifiedGroupKFold
4,HSM6XRTC,H4009,nonIBD,0,3,StratifiedGroupKFold
4,HSM6XRTC_P,H4009,nonIBD,0,3,StratifiedGroupKFold
4,HSM6XRTE_P,H4009,nonIBD,0,3,StratifiedGroupKFold
4,HSM6XRTG,H4009,nonIBD,0,3,StratifiedGroupKFold
4,HSM6XRTG_P,H4009,nonIBD,0,3,StratifiedGroupKFold
4,HSM6XRTM,H4010,UC,1,3,StratifiedGroupKFold
4,HSM6XRTO,H4010,UC,1,3,StratifiedGroupKFold
4,HSM6XRTQ,H4010,UC,1,3,StratifiedGroupKFold
4,HSM6XRTS,H4010,UC,1,3,StratifiedGroupKFold
4,HSM6XRUV,H4020,CD,1,3,StratifiedGroupKFold
4,HSM6XRUX,H4019,UC,1,1,StratifiedGroupKFold
4,HSM6XRUZ,H4019,UC,1,1,StratifiedGroupKFold
4,HSM6XRV2,H4019,UC,1,1,StratifiedGroupKFold
4,HSM6XRV4,H4019,UC,1,1,StratifiedGroupKFold
4,HSM6XRV6,H4019,UC,1,1,StratifiedGroupKFold
4,HSM6XRV8,H4019,UC,1,1,StratifiedGroupKFold
4,HSM6XRVA,H4013,nonIBD,0,0,StratifiedGroupKFold
4,HSM6XRVC,H4013,nonIBD,0,0,StratifiedGroupKFold
4,HSM6XRVC_TR,H4013,nonIBD,0,0,StratifiedGroupKFold
4,HSM6XRVK,H4013,nonIBD,0,0,StratifiedGroupKFold
4,HSM6XRVM,H4014,CD,1,3,StratifiedGroupKFold
4,HSM6XRVO,H4014,CD,1,3,StratifiedGroupKFold
4,HSM6XRVU,H4014,CD,1,3,StratifiedGroupKFold
4,HSM6XRVW,H4014,CD,1,3,StratifiedGroupKFold
4,HSM7CYWS_P,H4030,CD,1,2,StratifiedGroupKFold
4,HSM7CYWW,H4027,UC,1,3,StratifiedGroupKFold
4,HSM7CYX2,H4006,CD,1,0,StratifiedGroupKFold
4,HSM7CYX4,H4006,CD,1,0,StratifiedGroupKFold
4,HSM7CYX6,H4006,CD,1,0,StratifiedGroupKFold
4,HSM7CYX8,H4006,CD,1,0,StratifiedGroupKFold
4,HSM7CYXA,H4006,CD,1,0,StratifiedGroupKFold
4,HSM7CYXC,H4006,CD,1,0,StratifiedGroupKFold
4,HSM7CYXE,H4016,nonIBD,0,3,StratifiedGroupKFold
4,HSM7CYXG,H4016,nonIBD,0,3,StratifiedGroupKFold
4,HSM7CYXI,H4016,nonIBD,0,3,StratifiedGroupKFold
4,HSM7CYXO,H4016,nonIBD,0,3,StratifiedGroupKFold
4,HSM7CYXQ,H4007,CD,1,2,StratifiedGroupKFold
4,HSM7CYXS,H4007,CD,1,2,StratifiedGroupKFold
4,HSM7CYY1,H4007,CD,1,2,StratifiedGroupKFold
4,HSM7CYY3,H4017,CD,1,0,StratifiedGroupKFold
4,HSM7CYY5,H4017,CD,1,0,StratifiedGroupKFold
4,HSM7CYY7,H4017,CD,1,0,StratifiedGroupKFold
4,HSM7CYY9,H4017,CD,1,0,StratifiedGroupKFold
4,HSM7CYYB,H4017,CD,1,0,StratifiedGroupKFold
4,HSM7CYYD,H4017,CD,1,0,StratifiedGroupKFold
4,HSM7CYYF,H4018,nonIBD,0,1,StratifiedGroupKFold
4,HSM7CYYH,H4018,nonIBD,0,1,StratifiedGroupKFold
4,HSM7CYYP,H4018,nonIBD,0,1,StratifiedGroupKFold
4,HSM7CYYR_P,H4009,nonIBD,0,3,StratifiedGroupKFold
4,HSM7CYYV_P,H4009,nonIBD,0,3,StratifiedGroupKFold
4,HSM7CYYZ,H4009,nonIBD,0,3,StratifiedGroupKFold
4,HSM7CYZJ,H4022,nonIBD,0,1,StratifiedGroupKFold
4,HSM7CYZL,H4022,nonIBD,0,1,StratifiedGroupKFold
4,HSM7CYZR,H4022,nonIBD,0,1,StratifiedGroupKFold
4,HSM7CZ1T,H4027,UC,1,3,StratifiedGroupKFold
4,HSM7CZ1T_P,H4027,UC,1,3,StratifiedGroupKFold
4,HSM7CZ1V,H4027,UC,1,3,StratifiedGroupKFold
4,HSM7CZ1Z,H4027,UC,1,3,StratifiedGroupKFold
4,HSM7CZ22,H4027,UC,1,3,StratifiedGroupKFold
4,HSM7CZ24,H4024,nonIBD,0,1,StratifiedGroupKFold
4,HSM7CZ26,H4024,nonIBD,0,1,StratifiedGroupKFold
4,HSM7CZ28,H4024,nonIBD,0,1,StratifiedGroupKFold
4,HSM7CZ2A,H4024,nonIBD,0,1,StratifiedGroupKFold
4,HSM7CZ2E,H4024,nonIBD,0,1,StratifiedGroupKFold
4,HSM7CZ2F,H4008,nonIBD,0,3,StratifiedGroupKFold
4,HSM7CZ2H,H4008,nonIBD,0,3,StratifiedGroupKFold
4,HSM7CZ2J_P,H4008,nonIBD,0,3,StratifiedGroupKFold
4,HSM7CZ2L_P,H4008,nonIBD,0,3,StratifiedGroupKFold
4,HSM7CZ2P,H4008,nonIBD,0,3,StratifiedGroupKFold
4,HSM7CZ2V,H4031,CD,1,0,StratifiedGroupKFold
4,HSM7CZ2V_P,H4031,CD,1,0,StratifiedGroupKFold
4,HSM7CZ2Z,H4030,CD,1,2,StratifiedGroupKFold
4,HSM7CZ32,H4030,CD,1,2,StratifiedGroupKFold
4,HSM7CZ36,H4030,CD,1,2,StratifiedGroupKFold
4,HSM7CZ38,H4030,CD,1,2,StratifiedGroupKFold
4,HSM7CZ3A,H4031,CD,1,0,StratifiedGroupKFold
4,HSM7CZ3C,H4031,CD,1,0,StratifiedGroupKFold
4,HSM7CZ3E,H4031,CD,1,0,StratifiedGroupKFold
4,HSM7CZ3G,H4031,CD,1,0,StratifiedGroupKFold
4,HSM7H3WH,H4030,CD,1,2,StratifiedGroupKFold
4,HSM7H3WJ,H4030,CD,1,2,StratifiedGroupKFold
4,HSM7H3WK,H4031,CD,1,0,StratifiedGroupKFold
4,HSM7H3WL,H4031,CD,1,0,StratifiedGroupKFold
4,HSM7H3WM,H4031,CD,1,0,StratifiedGroupKFold
4,HSM7J4G1,H4022,nonIBD,0,1,StratifiedGroupKFold
4,HSM7J4G8,H4022,nonIBD,0,1,StratifiedGroupKFold
4,HSM7J4GP,H4027,UC,1,3,StratifiedGroupKFold
4,HSM7J4GR,H4027,UC,1,3,StratifiedGroupKFold
4,HSM7J4HW,H4024,nonIBD,0,1,StratifiedGroupKFold
4,HSM7J4HY,H4024,nonIBD,0,1,StratifiedGroupKFold
4,HSM7J4I3,H4016,nonIBD,0,3,StratifiedGroupKFold
4,HSM7J4I5,H4024,nonIBD,0,1,StratifiedGroupKFold
4,HSM7J4I7,H4024,nonIBD,0,1,StratifiedGroupKFold
4,HSM7J4I9,H4024,nonIBD,0,1,StratifiedGroupKFold
4,HSM7J4IO,H4020,CD,1,3,StratifiedGroupKFold
4,HSM7J4IP,H4020,CD,1,3,StratifiedGroupKFold
4,HSM7J4IQ,H4020,CD,1,3,StratifiedGroupKFold
4,HSM7J4IR,H4020,CD,1,3,StratifiedGroupKFold
4,HSM7J4IS,H4020,CD,1,3,StratifiedGroupKFold
4,HSM7J4IU,H4022,nonIBD,0,1,StratifiedGroupKFold
4,HSM7J4IW,H4022,nonIBD,0,1,StratifiedGroupKFold
4,HSM7J4J5,H4022,nonIBD,0,1,StratifiedGroupKFold
4,HSM7J4J7,H4038,CD,1,2,StratifiedGroupKFold
4,HSM7J4J9,H4038,CD,1,2,StratifiedGroupKFold
4,HSM7J4JD,H4038,CD,1,2,StratifiedGroupKFold
4,HSM7J4JF,H4038,CD,1,2,StratifiedGroupKFold
4,HSM7J4JH,H4039,CD,1,3,StratifiedGroupKFold
4,HSM7J4JJ,H4039,CD,1,3,StratifiedGroupKFold
4,HSM7J4JN,H4039,CD,1,3,StratifiedGroupKFold
4,HSM7J4JP,H4039,CD,1,3,StratifiedGroupKFold
4,HSM7J4JT,H4040,UC,1,1,StratifiedGroupKFold
4,HSM7J4JT_P,H4040,UC,1,1,StratifiedGroupKFold
4,HSM7J4JV,H4042,UC,1,1,StratifiedGroupKFold
4,HSM7J4JV_P,H4042,UC,1,1,StratifiedGroupKFold
4,HSM7J4JW,H4043,CD,1,0,StratifiedGroupKFold
4,HSM7J4KO,H4016,nonIBD,0,3,StratifiedGroupKFold
4,HSM7J4KQ,H4016,nonIBD,0,3,StratifiedGroupKFold
4,HSM7J4L5,H4030,CD,1,2,StratifiedGroupKFold
4,HSM7J4L9,H4030,CD,1,2,StratifiedGroupKFold
4,HSM7J4LD,H4018,nonIBD,0,1,StratifiedGroupKFold
4,HSM7J4LF,H4018,nonIBD,0,1,StratifiedGroupKFold
4,HSM7J4LH,H4018,nonIBD,0,1,StratifiedGroupKFold
4,HSM7J4LN,H4018,nonIBD,0,1,StratifiedGroupKFold
4,HSM7J4LP,H4039,CD,1,3,StratifiedGroupKFold
4,HSM7J4M4,H4019,UC,1,1,StratifiedGroupKFold
4,HSM7J4M6,H4019,UC,1,1,StratifiedGroupKFold
4,HSM7J4M8,H4019,UC,1,1,StratifiedGroupKFold
4,HSM7J4MA,H4019,UC,1,1,StratifiedGroupKFold
4,HSM7J4MC,H4019,UC,1,1,StratifiedGroupKFold
4,HSM7J4ME,H4019,UC,1,1,StratifiedGroupKFold
4,HSM7J4MK,H4031,CD,1,0,StratifiedGroupKFold
4,HSM7J4NC,H4027,UC,1,3,StratifiedGroupKFold
4,HSM7J4NE,H4027,UC,1,3,StratifiedGroupKFold
4,HSM7J4NM,H4027,UC,1,3,StratifiedGroupKFold
4,HSM7J4NO,H4040,UC,1,1,StratifiedGroupKFold
4,HSM7J4NS,H4040,UC,1,1,StratifiedGroupKFold
4,HSM7J4NU,H4040,UC,1,1,StratifiedGroupKFold
4,HSM7J4NY,H4024,nonIBD,0,1,StratifiedGroupKFold
4,HSM7J4O1,H4024,nonIBD,0,1,StratifiedGroupKFold
4,HSM7J4O3,H4024,nonIBD,0,1,StratifiedGroupKFold
4,HSM7J4O5,H4024,nonIBD,0,1,StratifiedGroupKFold
4,HSM7J4O7,H4024,nonIBD,0,1,StratifiedGroupKFold
4,HSM7J4O9,H4024,nonIBD,0,1,StratifiedGroupKFold
4,HSM7J4OB,H4031,CD,1,0,StratifiedGroupKFold
4,HSM7J4OE,H4031,CD,1,0,StratifiedGroupKFold
4,HSM7J4OL,H4031,CD,1,0,StratifiedGroupKFold
4,HSM7J4ON,H4030,CD,1,2,StratifiedGroupKFold
4,HSM7J4OP,H4030,CD,1,2,StratifiedGroupKFold
4,HSM7J4OT,H4030,CD,1,2,StratifiedGroupKFold
4,HSM7J4OV,H4030,CD,1,2,StratifiedGroupKFold
4,HSM7J4OX,H4030,CD,1,2,StratifiedGroupKFold
4,HSM7J4PA,H4031,CD,1,0,StratifiedGroupKFold
4,HSM7J4PC,H4019,UC,1,1,StratifiedGroupKFold
4,HSM7J4PE,H4019,UC,1,1,StratifiedGroupKFold
4,HSM7J4PG,H4019,UC,1,1,StratifiedGroupKFold
4,HSM7J4PI,H4019,UC,1,1,StratifiedGroupKFold
4,HSM7J4PK,H4019,UC,1,1,StratifiedGroupKFold
4,HSM7J4PM,H4019,UC,1,1,StratifiedGroupKFold
4,HSM7J4PO,H4020,CD,1,3,StratifiedGroupKFold
4,HSM7J4PQ,H4020,CD,1,3,StratifiedGroupKFold
4,HSM7J4PS,H4020,CD,1,3,StratifiedGroupKFold
4,HSM7J4PU,H4020,CD,1,3,StratifiedGroupKFold
4,HSM7J4PW,H4020,CD,1,3,StratifiedGroupKFold
4,HSM7J4PY,H4020,CD,1,3,StratifiedGroupKFold
4,HSM7J4QT,H4014,CD,1,3,StratifiedGroupKFold
4,HSM7J4QZ,H4013,nonIBD,0,0,StratifiedGroupKFold
4,HSM7J4R2,H4013,nonIBD,0,0,StratifiedGroupKFold
4,HSM7J4RE,H4022,nonIBD,0,1,StratifiedGroupKFold
4,HSM9JBU,H4038,CD,1,2,StratifiedGroupKFold
4,HSM9JBV,H4038,CD,1,2,StratifiedGroupKFold
4,HSM9JBW,H4038,CD,1,2,StratifiedGroupKFold
4,HSM9JTBX,H4039,CD,1,3,StratifiedGroupKFold
4,HSM9JTBY,H4039,CD,1,3,StratifiedGroupKFold
4,HSM9JTBZ,H4039,CD,1,3,StratifiedGroupKFold
4,HSM9JTC1,H4040,UC,1,1,StratifiedGroupKFold
4,HSM9JTC2,H4040,UC,1,1,StratifiedGroupKFold
4,HSM9JTC3,H4040,UC,1,1,StratifiedGroupKFold
4,HSM9JTC7,H4042,UC,1,1,StratifiedGroupKFold
4,HSM9JTC8,H4042,UC,1,1,StratifiedGroupKFold
4,HSM9UBMN,H4043,CD,1,0,StratifiedGroupKFold
4,HSM9UBMO,H4043,CD,1,0,StratifiedGroupKFold
4,HSM9UBMP,H4043,CD,1,0,StratifiedGroupKFold
4,HSM9UBMQ,H4044,UC,1,1,StratifiedGroupKFold
4,HSM9UBMR,H4044,UC,1,1,StratifiedGroupKFold
4,HSM9UBMS,H4045,nonIBD,0,3,StratifiedGroupKFold
4,HSM9UBMT,H4045,nonIBD,0,3,StratifiedGroupKFold
4,HSM9UBMU,H4045,nonIBD,0,3,StratifiedGroupKFold
4,HSMA33IA,H4044,UC,1,1,StratifiedGroupKFold
4,HSMA33IC,H4044,UC,1,1,StratifiedGroupKFold
4,HSMA33IE,H4043,CD,1,0,StratifiedGroupKFold
4,HSMA33IG,H4043,CD,1,0,StratifiedGroupKFold
4,HSMA33IK,H4043,CD,1,0,StratifiedGroupKFold
4,HSMA33IO,H4042,UC,1,1,StratifiedGroupKFold
4,HSMA33IS,H4042,UC,1,1,StratifiedGroupKFold
4,HSMA33IY,H4042,UC,1,1,StratifiedGroupKFold
4,HSMA33J1_P,H4045,nonIBD,0,3,StratifiedGroupKFold
4,HSMA33J3,H4045,nonIBD,0,3,StratifiedGroupKFold
4,HSMA33J5,H4045,nonIBD,0,3,StratifiedGroupKFold
4,HSMA33J7,H4045,nonIBD,0,3,StratifiedGroupKFold
4,HSMA33J9,H4045,nonIBD,0,3,StratifiedGroupKFold
4,HSMA33JB,H4031,CD,1,0,StratifiedGroupKFold
4,HSMA33JD,H4031,CD,1,0,StratifiedGroupKFold
4,HSMA33JH,H4031,CD,1,0,StratifiedGroupKFold
4,HSMA33JJ,H4031,CD,1,0,StratifiedGroupKFold
4,HSMA33JZ,H4030,CD,1,2,StratifiedGroupKFold
4,HSMA33K2,H4030,CD,1,2,StratifiedGroupKFold
4,HSMA33KE,H4038,CD,1,2,StratifiedGroupKFold
4,HSMA33KM,H4038,CD,1,2,StratifiedGroupKFold
4,HSMA33KO,H4038,CD,1,2,StratifiedGroupKFold
4,HSMA33KQ,H4039,CD,1,3,StratifiedGroupKFold
4,HSMA33KS,H4039,CD,1,3,StratifiedGroupKFold
4,HSMA33KU,H4039,CD,1,3,StratifiedGroupKFold
4,HSMA33L1,H4039,CD,1,3,StratifiedGroupKFold
4,HSMA33LB,H4044,UC,1,1,StratifiedGroupKFold
4,HSMA33LH,H4044,UC,1,1,StratifiedGroupKFold
4,HSMA33LH_TR,H4044,UC,1,1,StratifiedGroupKFold
4,HSMA33LJ,H4044,UC,1,1,StratifiedGroupKFold
4,HSMA33LL,H4043,CD,1,0,StratifiedGroupKFold
4,HSMA33LP,H4043,CD,1,0,StratifiedGroupKFold
4,HSMA33LV,H4043,CD,1,0,StratifiedGroupKFold
4,HSMA33LX,H4040,UC,1,1,StratifiedGroupKFold
4,HSMA33LZ,H4040,UC,1,1,StratifiedGroupKFold
4,HSMA33M2,H4040,UC,1,1,StratifiedGroupKFold
4,HSMA33M8,H4040,UC,1,1,StratifiedGroupKFold
4,HSMA33MQ,H4045,nonIBD,0,3,StratifiedGroupKFold
4,HSMA33MS,H4045,nonIBD,0,3,StratifiedGroupKFold
4,HSMA33MX,H4042,UC,1,1,StratifiedGroupKFold
4,HSMA33MZ,H4042,UC,1,1,StratifiedGroupKFold
4,HSMA33N4,H4042,UC,1,1,StratifiedGroupKFold
4,HSMA33NA,H4038,CD,1,2,StratifiedGroupKFold
4,HSMA33NC,H4038,CD,1,2,StratifiedGroupKFold
4,HSMA33NG,H4038,CD,1,2,StratifiedGroupKFold
4,HSMA33NG_P,H4038,CD,1,2,StratifiedGroupKFold
4,HSMA33NO,H4039,CD,1,3,StratifiedGroupKFold
4,HSMA33NQ,H4039,CD,1,3,StratifiedGroupKFold
4,HSMA33NW,H4044,UC,1,1,StratifiedGroupKFold
4,HSMA33NY,H4045,nonIBD,0,3,StratifiedGroupKFold
4,HSMA33O1,H4027,UC,1,3,StratifiedGroupKFold
4,HSMA33O3,H4027,UC,1,3,StratifiedGroupKFold
4,HSMA33O5,H4027,UC,1,3,StratifiedGroupKFold
4,HSMA33OD,H4040,UC,1,1,StratifiedGroupKFold
4,HSMA33OJ,H4040,UC,1,1,StratifiedGroupKFold
4,HSMA33OL,H4040,UC,1,1,StratifiedGroupKFold
4,HSMA33P2_P,H4044,UC,1,1,StratifiedGroupKFold
4,HSMA33P6,H4044,UC,1,1,StratifiedGroupKFold
4,HSMA33PL,H4039,CD,1,3,StratifiedGroupKFold
4,HSMA33PN,H4039,CD,1,3,StratifiedGroupKFold
4,HSMA33PP,H4039,CD,1,3,StratifiedGroupKFold
4,HSMA33PX,H4038,CD,1,2,StratifiedGroupKFold
4,HSMA33PZ,H4038,CD,1,2,StratifiedGroupKFold
4,HSMA33Q6,H4038,CD,1,2,StratifiedGroupKFold
4,HSMA33QM,H4045,nonIBD,0,3,StratifiedGroupKFold
4,HSMA33QO,H4045,nonIBD,0,3,StratifiedGroupKFold
4,HSMA33QY,H4043,CD,1,0,StratifiedGroupKFold
4,HSMA33R1,H4043,CD,1,0,StratifiedGroupKFold
4,HSMA33R5,H4043,CD,1,0,StratifiedGroupKFold
4,HSMA33R7,H4043,CD,1,0,StratifiedGroupKFold
4,HSMA33R9,H4043,CD,1,0,StratifiedGroupKFold
4,HSMA33RD,H4042,UC,1,1,StratifiedGroupKFold
4,HSMA33RF,H4042,UC,1,1,StratifiedGroupKFold
4,HSMA33RL,H4042,UC,1,1,StratifiedGroupKFold
4,HSMA33RR,H4044,UC,1,1,StratifiedGroupKFold
4,HSMA33RT,H4044,UC,1,1,StratifiedGroupKFold
4,HSMA33RX,H4044,UC,1,1,StratifiedGroupKFold
4,HSMA33RX_TR,H4044,UC,1,1,StratifiedGroupKFold
4,HSMA33S4,H4043,CD,1,0,StratifiedGroupKFold
4,HSMA33SE,H4045,nonIBD,0,3,StratifiedGroupKFold
4,HSMA33SG,H4045,nonIBD,0,3,StratifiedGroupKFold
4,HSMA33SI,H4045,nonIBD,0,3,StratifiedGroupKFold
4,HSMA33SK,H4045,nonIBD,0,3,StratifiedGroupKFold
4,MSM5CFCU,M2008,CD,1,1,StratifiedGroupKFold
4,MSM5CFCV,M2008,CD,1,1,StratifiedGroupKFold
4,MSM5CFCW,M2008,CD,1,1,StratifiedGroupKFold
4,MSM5CFD6,M2014,CD,1,1,StratifiedGroupKFold
4,MSM5CFD7,M2014,CD,1,1,StratifiedGroupKFold
4,MSM5FZ9N_P,M2010,CD,1,3,StratifiedGroupKFold
4,MSM5FZ9X,M2014,CD,1,1,StratifiedGroupKFold
4,MSM5FZ9X_P,M2014,CD,1,1,StratifiedGroupKFold
4,MSM5FZA2,M2014,CD,1,1,StratifiedGroupKFold
4,MSM5FZA2_P,M2014,CD,1,1,StratifiedGroupKFold
4,MSM5LLD6_P,M2008,CD,1,1,StratifiedGroupKFold
4,MSM5LLDA,M2008,CD,1,1,StratifiedGroupKFold
4,MSM5LLDC,M2008,CD,1,1,StratifiedGroupKFold
4,MSM5LLDE,M2008,CD,1,1,StratifiedGroupKFold
4,MSM5LLDI,M2008,CD,1,1,StratifiedGroupKFold
4,MSM5LLDK,M2008,CD,1,1,StratifiedGroupKFold
4,MSM5LLDM,M2008,CD,1,1,StratifiedGroupKFold
4,MSM5LLDQ,M2008,CD,1,1,StratifiedGroupKFold
4,MSM5LLDS,M2008,CD,1,1,StratifiedGroupKFold
4,MSM5LLDU,M2008,CD,1,1,StratifiedGroupKFold
4,MSM5LLE3_P,M2010,CD,1,3,StratifiedGroupKFold
4,MSM5LLE9_P,M2010,CD,1,3,StratifiedGroupKFold
4,MSM5LLEH,M2034,CD,1,2,StratifiedGroupKFold
4,MSM5LLEN,M2021,CD,1,1,StratifiedGroupKFold
4,MSM5LLEP,M2021,CD,1,1,StratifiedGroupKFold
4,MSM5LLER,M2021,CD,1,1,StratifiedGroupKFold
4,MSM5LLF2_P,M2034,CD,1,2,StratifiedGroupKFold
4,MSM5LLF4,M2034,CD,1,2,StratifiedGroupKFold
4,MSM5LLF6,M2034,CD,1,2,StratifiedGroupKFold
4,MSM5LLF8,M2034,CD,1,2,StratifiedGroupKFold
4,MSM5LLFG,M2028,CD,1,0,StratifiedGroupKFold
4,MSM5LLFG_P,M2028,CD,1,0,StratifiedGroupKFold
4,MSM5LLFK,M2026,UC,1,1,StratifiedGroupKFold
4,MSM5LLFK_P,M2026,UC,1,1,StratifiedGroupKFold
4,MSM5LLFM_P,M2026,UC,1,1,StratifiedGroupKFold
4,MSM5LLFO,M2026,UC,1,1,StratifiedGroupKFold
4,MSM5LLFO_P,M2026,UC,1,1,StratifiedGroupKFold
4,MSM5LLFU_P,M2026,UC,1,1,StratifiedGroupKFold
4,MSM5LLGD_P,M2014,CD,1,1,StratifiedGroupKFold
4,MSM5LLGF_P,M2014,CD,1,1,StratifiedGroupKFold
4,MSM5LLGH,M2014,CD,1,1,StratifiedGroupKFold
4,MSM5LLGH_P,M2014,CD,1,1,StratifiedGroupKFold
4,MSM5LLGJ_P,M2014,CD,1,1,StratifiedGroupKFold
4,MSM5LLGL,M2014,CD,1,1,StratifiedGroupKFold
4,MSM5LLGN_P,M2028,CD,1,0,StratifiedGroupKFold
4,MSM5LLGR,M2028,CD,1,0,StratifiedGroupKFold
4,MSM5LLGR_P,M2028,CD,1,0,StratifiedGroupKFold
4,MSM5LLHE_P,M2025,CD,1,1,StratifiedGroupKFold
4,MSM5LLHG_P,M2025,CD,1,1,StratifiedGroupKFold
4,MSM5LLHI_P,M2025,CD,1,1,StratifiedGroupKFold
4,MSM5LLHM,M2025,CD,1,1,StratifiedGroupKFold
4,MSM5LLHO_P,M2025,CD,1,1,StratifiedGroupKFold
4,MSM5LLHQ,M2008,CD,1,1,StratifiedGroupKFold
4,MSM5LLHQ_P,M2008,CD,1,1,StratifiedGroupKFold
4,MSM5LLHR_P,M2021,CD,1,1,StratifiedGroupKFold
4,MSM5LLHV_P,M2024,UC,1,0,StratifiedGroupKFold
4,MSM5LLHX_P,M2008,CD,1,1,StratifiedGroupKFold
4,MSM5LLHZ,M2008,CD,1,1,StratifiedGroupKFold
4,MSM5LLI2_P,M2008,CD,1,1,StratifiedGroupKFold
4,MSM5LLI4_P,M2008,CD,1,1,StratifiedGroupKFold
4,MSM5LLI6_P,M2008,CD,1,1,StratifiedGroupKFold
4,MSM5LLI8_P,M2008,CD,1,1,StratifiedGroupKFold
4,MSM5LLIC,M2025,CD,1,1,StratifiedGroupKFold
4,MSM5LLIC_P,M2025,CD,1,1,StratifiedGroupKFold
4,MSM5LLIE_P,M2021,CD,1,1,StratifiedGroupKFold
4,MSM5LLIG,M2021,CD,1,1,StratifiedGroupKFold
4,MSM5LLIG_P,M2021,CD,1,1,StratifiedGroupKFold
4,MSM5LLIK,M2021,CD,1,1,StratifiedGroupKFold
4,MSM5LLIK_P,M2021,CD,1,1,StratifiedGroupKFold
4,MSM5LLIM_P,M2021,CD,1,1,StratifiedGroupKFold
4,MSM5LLIQ_P,M2026,UC,1,1,StratifiedGroupKFold
4,MSM5LWJ3,M2028,CD,1,0,StratifiedGroupKFold
4,MSM5LWJ4,M2028,CD,1,0,StratifiedGroupKFold
4,MSM5LWJG,M2034,CD,1,2,StratifiedGroupKFold
4,MSM5LWJH,M2034,CD,1,2,StratifiedGroupKFold
4,MSM5LWJS,M2041,nonIBD,0,2,StratifiedGroupKFold
4,MSM5LWJT,M2041,nonIBD,0,2,StratifiedGroupKFold
4,MSM5LWJZ,M2008,CD,1,1,StratifiedGroupKFold
4,MSM5LWKD,M2008,CD,1,1,StratifiedGroupKFold
4,MSM5LWKE,M2008,CD,1,1,StratifiedGroupKFold
4,MSM5LWKQ,M2021,CD,1,1,StratifiedGroupKFold
4,MSM5LWKR,M2021,CD,1,1,StratifiedGroupKFold
4,MSM5LWKW,M2021,CD,1,1,StratifiedGroupKFold
4,MSM5LWKX,M2021,CD,1,1,StratifiedGroupKFold
4,MSM5LWL1,M2026,UC,1,1,StratifiedGroupKFold
4,MSM5LWL2,M2026,UC,1,1,StratifiedGroupKFold
4,MSM5LWL3,M2025,CD,1,1,StratifiedGroupKFold
4,MSM5LWL4,M2025,CD,1,1,StratifiedGroupKFold
4,MSM5LWL5,M2026,UC,1,1,StratifiedGroupKFold
4,MSM5ZOJY_P,M2014,CD,1,1,StratifiedGroupKFold
4,MSM633FF_P,M2014,CD,1,1,StratifiedGroupKFold
4,MSM6J2HB,M2026,UC,1,1,StratifiedGroupKFold
4,MSM6J2HD,M2026,UC,1,1,StratifiedGroupKFold
4,MSM6J2HF,M2026,UC,1,1,StratifiedGroupKFold
4,MSM6J2HH,M2026,UC,1,1,StratifiedGroupKFold
4,MSM6J2HJ,M2026,UC,1,1,StratifiedGroupKFold
4,MSM6J2HL,M2026,UC,1,1,StratifiedGroupKFold
4,MSM6J2IE,M2028,CD,1,0,StratifiedGroupKFold
4,MSM6J2IG,M2028,CD,1,0,StratifiedGroupKFold
4,MSM6J2II,M2028,CD,1,0,StratifiedGroupKFold
4,MSM6J2IK,M2028,CD,1,0,StratifiedGroupKFold
4,MSM6J2IM,M2028,CD,1,0,StratifiedGroupKFold
4,MSM6J2IO,M2028,CD,1,0,StratifiedGroupKFold
4,MSM6J2IQ,M2014,CD,1,1,StratifiedGroupKFold
4,MSM6J2IY,M2014,CD,1,1,StratifiedGroupKFold
4,MSM6J2J1,M2014,CD,1,1,StratifiedGroupKFold
4,MSM6J2J3,M2025,CD,1,1,StratifiedGroupKFold
4,MSM6J2J5,M2025,CD,1,1,StratifiedGroupKFold
4,MSM6J2JB,M2025,CD,1,1,StratifiedGroupKFold
4,MSM6J2JD,M2025,CD,1,1,StratifiedGroupKFold
4,MSM6J2JF,M2041,nonIBD,0,2,StratifiedGroupKFold
4,MSM6J2JF_P,M2041,nonIBD,0,2,StratifiedGroupKFold
4,MSM6J2JN,M2041,nonIBD,0,2,StratifiedGroupKFold
4,MSM6J2JP,M2041,nonIBD,0,2,StratifiedGroupKFold
4,MSM6J2JR,M2041,nonIBD,0,2,StratifiedGroupKFold
4,MSM6J2JT,M2041,nonIBD,0,2,StratifiedGroupKFold
4,MSM6J2LB,M2008,CD,1,1,StratifiedGroupKFold
4,MSM6J2LH,M2034,CD,1,2,StratifiedGroupKFold
4,MSM6J2LJ,M2034,CD,1,2,StratifiedGroupKFold
4,MSM6J2LL,M2034,CD,1,2,StratifiedGroupKFold
4,MSM6J2LN,M2034,CD,1,2,StratifiedGroupKFold
4,MSM6J2LR,M2034,CD,1,2,StratifiedGroupKFold
4,MSM6J2LT,M2021,CD,1,1,StratifiedGroupKFold
4,MSM6J2LV,M2041,nonIBD,0,2,StratifiedGroupKFold
4,MSM6J2LW,M2048,nonIBD,0,1,StratifiedGroupKFold
4,MSM6J2LY,M2048,nonIBD,0,1,StratifiedGroupKFold
4,MSM6J2M3,M2048,nonIBD,0,1,StratifiedGroupKFold
4,MSM6J2M3_P,M2048,nonIBD,0,1,StratifiedGroupKFold
4,MSM6J2MB,M2034,CD,1,2,StratifiedGroupKFold
4,MSM6J2MD,M2034,CD,1,2,StratifiedGroupKFold
4,MSM6J2MF,M2034,CD,1,2,StratifiedGroupKFold
4,MSM6J2MH,M2034,CD,1,2,StratifiedGroupKFold
4,MSM6J2MJ,M2034,CD,1,2,StratifiedGroupKFold
4,MSM6J2ML,M2034,CD,1,2,StratifiedGroupKFold
4,MSM6J2N6,M2059,UC,1,2,StratifiedGroupKFold
4,MSM6J2N6_P,M2059,UC,1,2,StratifiedGroupKFold
4,MSM6J2NA,M2061,nonIBD,0,1,StratifiedGroupKFold
4,MSM6J2OH,M2026,UC,1,1,StratifiedGroupKFold
4,MSM6J2OJ,M2026,UC,1,1,StratifiedGroupKFold
4,MSM6J2OL,M2026,UC,1,1,StratifiedGroupKFold
4,MSM6J2ON,M2026,UC,1,1,StratifiedGroupKFold
4,MSM6J2OP,M2026,UC,1,1,StratifiedGroupKFold
4,MSM6J2PE,M2025,CD,1,1,StratifiedGroupKFold
4,MSM6J2PK,M2025,CD,1,1,StratifiedGroupKFold
4,MSM6J2PM,M2025,CD,1,1,StratifiedGroupKFold
4,MSM6J2PO,M2047,nonIBD,0,1,StratifiedGroupKFold
4,MSM6J2PQ_P,M2047,nonIBD,0,1,StratifiedGroupKFold
4,MSM6J2PS,M2047,nonIBD,0,1,StratifiedGroupKFold
4,MSM6J2PU,M2047,nonIBD,0,1,StratifiedGroupKFold
4,MSM6J2PW,M2047,nonIBD,0,1,StratifiedGroupKFold
4,MSM6J2Q1,M2048,nonIBD,0,1,StratifiedGroupKFold
4,MSM6J2Q3,M2028,CD,1,0,StratifiedGroupKFold
4,MSM6J2Q5,M2028,CD,1,0,StratifiedGroupKFold
4,MSM6J2Q7,M2028,CD,1,0,StratifiedGroupKFold
4,MSM6J2Q9,M2028,CD,1,0,StratifiedGroupKFold
4,MSM6J2QB,M2028,CD,1,0,StratifiedGroupKFold
4,MSM6J2QD,M2028,CD,1,0,StratifiedGroupKFold
4,MSM6J2QR,M2014,CD,1,1,StratifiedGroupKFold
4,MSM6J2QZ,M2014,CD,1,1,StratifiedGroupKFold
4,MSM6J2SE,M2041,nonIBD,0,2,StratifiedGroupKFold
4,MSM6J2SI,M2041,nonIBD,0,2,StratifiedGroupKFold
4,MSM6J2SK,M2041,nonIBD,0,2,StratifiedGroupKFold
4,MSM6J2SM,M2041,nonIBD,0,2,StratifiedGroupKFold
4,MSM719M5,M2047,nonIBD,0,1,StratifiedGroupKFold
4,MSM719M6,M2047,nonIBD,0,1,StratifiedGroupKFold
4,MSM719M9,M2061,nonIBD,0,1,StratifiedGroupKFold
4,MSM719MA,M2061,nonIBD,0,1,StratifiedGroupKFold
4,MSM719MJ,M2025,CD,1,1,StratifiedGroupKFold
4,MSM719MR,M2072,nonIBD,0,1,StratifiedGroupKFold
4,MSM719MS,M2068,CD,1,1,StratifiedGroupKFold
4,MSM719MT,M2068,CD,1,1,StratifiedGroupKFold
4,MSM719MU,M2072,nonIBD,0,1,StratifiedGroupKFold
4,MSM719MZ,M2069,UC,1,3,StratifiedGroupKFold
4,MSM719N1,M2069,UC,1,3,StratifiedGroupKFold
4,MSM719N4,M2028,CD,1,0,StratifiedGroupKFold
4,MSM719N5,M2028,CD,1,0,StratifiedGroupKFold
4,MSM719NA,M2075,nonIBD,0,1,StratifiedGroupKFold
4,MSM719NO,M2084,nonIBD,0,0,StratifiedGroupKFold
4,MSM719NP,M2084,nonIBD,0,0,StratifiedGroupKFold
4,MSM79H4T,M2059,UC,1,2,StratifiedGroupKFold
4,MSM79H4X,M2059,UC,1,2,StratifiedGroupKFold
4,MSM79H5E,M2061,nonIBD,0,1,StratifiedGroupKFold
4,MSM79H5G,M2061,nonIBD,0,1,StratifiedGroupKFold
4,MSM79H5K,M2061,nonIBD,0,1,StratifiedGroupKFold
4,MSM79H5M,M2061,nonIBD,0,1,StratifiedGroupKFold
4,MSM79H63,M2028,CD,1,0,StratifiedGroupKFold
4,MSM79H65,M2028,CD,1,0,StratifiedGroupKFold
4,MSM79H67,M2028,CD,1,0,StratifiedGroupKFold
4,MSM79H69,M2028,CD,1,0,StratifiedGroupKFold
4,MSM79H6B,M2028,CD,1,0,StratifiedGroupKFold
4,MSM79H6Y,M2048,nonIBD,0,1,StratifiedGroupKFold
4,MSM79H76,M2059,UC,1,2,StratifiedGroupKFold
4,MSM79H7C,M2071,UC,1,1,StratifiedGroupKFold
4,MSM79H7E,M2071,UC,1,1,StratifiedGroupKFold
4,MSM79H7G,M2071,UC,1,1,StratifiedGroupKFold
4,MSM79H7M,M2071,UC,1,1,StratifiedGroupKFold
4,MSM79H7O,M2047,nonIBD,0,1,StratifiedGroupKFold
4,MSM79H7Q,M2047,nonIBD,0,1,StratifiedGroupKFold
4,MSM79H7W,M2047,nonIBD,0,1,StratifiedGroupKFold
4,MSM79H7Y,M2047,nonIBD,0,1,StratifiedGroupKFold
4,MSM79H81,M2072,nonIBD,0,1,StratifiedGroupKFold
4,MSM79H83,M2072,nonIBD,0,1,StratifiedGroupKFold
4,MSM79H85,M2072,nonIBD,0,1,StratifiedGroupKFold
4,MSM79H87,M2072,nonIBD,0,1,StratifiedGroupKFold
4,MSM79H89,M2072,nonIBD,0,1,StratifiedGroupKFold
4,MSM79H8B,M2072,nonIBD,0,1,StratifiedGroupKFold
4,MSM79H8D,M2075,nonIBD,0,1,StratifiedGroupKFold
4,MSM79H8F,M2075,nonIBD,0,1,StratifiedGroupKFold
4,MSM79H8H,M2075,nonIBD,0,1,StratifiedGroupKFold
4,MSM79H8J,M2075,nonIBD,0,1,StratifiedGroupKFold
4,MSM79H8J_P,M2075,nonIBD,0,1,StratifiedGroupKFold
4,MSM79H8L,M2075,nonIBD,0,1,StratifiedGroupKFold
4,MSM79H8N,M2075,nonIBD,0,1,StratifiedGroupKFold
4,MSM79H94,M2077,nonIBD,0,0,StratifiedGroupKFold
4,MSM79H94_P,M2077,nonIBD,0,0,StratifiedGroupKFold
4,MSM79H98,M2068,CD,1,1,StratifiedGroupKFold
4,MSM79H9M,M2061,nonIBD,0,1,StratifiedGroupKFold
4,MSM79H9O,M2061,nonIBD,0,1,StratifiedGroupKFold
4,MSM79H9Q,M2061,nonIBD,0,1,StratifiedGroupKFold
4,MSM79H9U_P,M2067,UC,1,2,StratifiedGroupKFold
4,MSM79H9W,M2061,nonIBD,0,1,StratifiedGroupKFold
4,MSM79HB4,M2041,nonIBD,0,2,StratifiedGroupKFold
4,MSM79HB6,M2041,nonIBD,0,2,StratifiedGroupKFold
4,MSM79HBB,M2048,nonIBD,0,1,StratifiedGroupKFold
4,MSM79HBL,M2048,nonIBD,0,1,StratifiedGroupKFold
4,MSM79HBN,M2034,CD,1,2,StratifiedGroupKFold
4,MSM79HBP,M2034,CD,1,2,StratifiedGroupKFold
4,MSM79HBR,M2034,CD,1,2,StratifiedGroupKFold
4,MSM79HBT,M2034,CD,1,2,StratifiedGroupKFold
4,MSM79HBV,M2034,CD,1,2,StratifiedGroupKFold
4,MSM79HBX,M2068,CD,1,1,StratifiedGroupKFold
4,MSM79HBX_P,M2068,CD,1,1,StratifiedGroupKFold
4,MSM79HBZ,M2069,UC,1,3,StratifiedGroupKFold
4,MSM79HC4,M2047,nonIBD,0,1,StratifiedGroupKFold
4,MSM79HC8,M2047,nonIBD,0,1,StratifiedGroupKFold
4,MSM79HCG,M2072,nonIBD,0,1,StratifiedGroupKFold
4,MSM79HCI,M2072,nonIBD,0,1,StratifiedGroupKFold
4,MSM79HCK,M2072,nonIBD,0,1,StratifiedGroupKFold
4,MSM79HCN_P,M2072,nonIBD,0,1,StratifiedGroupKFold
4,MSM79HCP,M2072,nonIBD,0,1,StratifiedGroupKFold
4,MSM79HCR,M2072,nonIBD,0,1,StratifiedGroupKFold
4,MSM79HD6,M2071,UC,1,1,StratifiedGroupKFold
4,MSM79HD6_P,M2071,UC,1,1,StratifiedGroupKFold
4,MSM79HD8,M2069,UC,1,3,StratifiedGroupKFold
4,MSM79HD8_P,M2069,UC,1,3,StratifiedGroupKFold
4,MSM79HDA,M2069,UC,1,3,StratifiedGroupKFold
4,MSM79HDC,M2069,UC,1,3,StratifiedGroupKFold
4,MSM79HDE,M2069,UC,1,3,StratifiedGroupKFold
4,MSM79HDG,M2069,UC,1,3,StratifiedGroupKFold
4,MSM79HDG_TR,M2069,UC,1,3,StratifiedGroupKFold
4,MSM79HDI,M2069,UC,1,3,StratifiedGroupKFold
4,MSM79HDK,M2068,CD,1,1,StratifiedGroupKFold
4,MSM79HDM,M2068,CD,1,1,StratifiedGroupKFold
4,MSM79HDO,M2068,CD,1,1,StratifiedGroupKFold
4,MSM79HDQ,M2068,CD,1,1,StratifiedGroupKFold
4,MSM79HDQ_TR,M2068,CD,1,1,StratifiedGroupKFold
4,MSM79HDS,M2068,CD,1,1,StratifiedGroupKFold
4,MSM79HDU,M2068,CD,1,1,StratifiedGroupKFold
4,MSM79HDW,M2025,CD,1,1,StratifiedGroupKFold
4,MSM79HEA,M2026,UC,1,1,StratifiedGroupKFold
4,MSM79HES,M2041,nonIBD,0,2,StratifiedGroupKFold
4,MSM79HEU,M2041,nonIBD,0,2,StratifiedGroupKFold
4,MSM79HEW,M2041,nonIBD,0,2,StratifiedGroupKFold
4,MSM79HEY,M2041,nonIBD,0,2,StratifiedGroupKFold
4,MSM79HFW,M2048,nonIBD,0,1,StratifiedGroupKFold
4,MSM79HFY,M2048,nonIBD,0,1,StratifiedGroupKFold
4,MSM7J16J,M2068,CD,1,1,StratifiedGroupKFold
4,MSM7J16L,M2068,CD,1,1,StratifiedGroupKFold
4,MSM7J16N,M2068,CD,1,1,StratifiedGroupKFold
4,MSM7J16P,M2068,CD,1,1,StratifiedGroupKFold
4,MSM7J16R,M2068,CD,1,1,StratifiedGroupKFold
4,MSM9VZEK,M2068,CD,1,1,StratifiedGroupKFold
4,MSM9VZEK_TR,M2068,CD,1,1,StratifiedGroupKFold
4,MSM9VZEM,M2068,CD,1,1,StratifiedGroupKFold
4,MSM9VZEO,M2068,CD,1,1,StratifiedGroupKFold
4,MSM9VZEQ,M2068,CD,1,1,StratifiedGroupKFold
4,MSM9VZES,M2068,CD,1,1,StratifiedGroupKFold
4,MSM9VZEU,M2069,UC,1,3,StratifiedGroupKFold
4,MSM9VZEW,M2069,UC,1,3,StratifiedGroupKFold
4,MSM9VZEY,M2069,UC,1,3,StratifiedGroupKFold
4,MSM9VZF1,M2069,UC,1,3,StratifiedGroupKFold
4,MSM9VZF3,M2069,UC,1,3,StratifiedGroupKFold
4,MSM9VZF5,M2069,UC,1,3,StratifiedGroupKFold
4,MSM9VZFJ,M2079,nonIBD,0,3,StratifiedGroupKFold
4,MSM9VZFJ_P,M2079,nonIBD,0,3,StratifiedGroupKFold
4,MSM9VZFL,M2079,nonIBD,0,3,StratifiedGroupKFold
4,MSM9VZFN,M2079,nonIBD,0,3,StratifiedGroupKFold
4,MSM9VZFR,M2079,nonIBD,0,3,StratifiedGroupKFold
4,MSM9VZFT,M2079,nonIBD,0,3,StratifiedGroupKFold
4,MSM9VZGO,M2061,nonIBD,0,1,StratifiedGroupKFold
4,MSM9VZGS,M2061,nonIBD,0,1,StratifiedGroupKFold
4,MSM9VZGU,M2061,nonIBD,0,1,StratifiedGroupKFold
4,MSM9VZGW,M2075,nonIBD,0,1,StratifiedGroupKFold
4,MSM9VZGY,M2075,nonIBD,0,1,StratifiedGroupKFold
4,MSM9VZH1,M2075,nonIBD,0,1,StratifiedGroupKFold
4,MSM9VZH7,M2075,nonIBD,0,1,StratifiedGroupKFold
4,MSM9VZHB,M2061,nonIBD,0,1,StratifiedGroupKFold
4,MSM9VZHD,M2061,nonIBD,0,1,StratifiedGroupKFold
4,MSM9VZHF,M2061,nonIBD,0,1,StratifiedGroupKFold
4,MSM9VZHJ,M2072,nonIBD,0,1,StratifiedGroupKFold
4,MSM9VZHL,M2072,nonIBD,0,1,StratifiedGroupKFold
4,MSM9VZHN,M2072,nonIBD,0,1,StratifiedGroupKFold
4,MSM9VZHP,M2072,nonIBD,0,1,StratifiedGroupKFold
4,MSM9VZHR,M2072,nonIBD,0,1,StratifiedGroupKFold
4,MSM9VZHT,M2072,nonIBD,0,1,StratifiedGroupKFold
4,MSM9VZHX,M2077,nonIBD,0,0,StratifiedGroupKFold
4,MSM9VZHZ,M2077,nonIBD,0,0,StratifiedGroupKFold
4,MSM9VZI2,M2077,nonIBD,0,0,StratifiedGroupKFold
4,MSM9VZI6,M2077,nonIBD,0,0,StratifiedGroupKFold
4,MSM9VZIM,M2083,UC,1,0,StratifiedGroupKFold
4,MSM9VZIO,M2083,UC,1,0,StratifiedGroupKFold
4,MSM9VZIQ,M2083,UC,1,0,StratifiedGroupKFold
4,MSM9VZIS,M2083,UC,1,0,StratifiedGroupKFold
4,MSM9VZIU,M2083,UC,1,0,StratifiedGroupKFold
4,MSM9VZIW,M2083,UC,1,0,StratifiedGroupKFold
4,MSM9VZIY,M2085,CD,1,2,StratifiedGroupKFold
4,MSM9VZJ3,M2085,CD,1,2,StratifiedGroupKFold
4,MSM9VZJB,M2068,CD,1,1,StratifiedGroupKFold
4,MSM9VZJF_P,M2091,UC,1,0,StratifiedGroupKFold
4,MSM9VZJJ_P,M2086,CD,1,2,StratifiedGroupKFold
4,MSM9VZJL,M2086,CD,1,2,StratifiedGroupKFold
4,MSM9VZJN,M2086,CD,1,2,StratifiedGroupKFold
4,MSM9VZJZ,M2075,nonIBD,0,1,StratifiedGroupKFold
4,MSM9VZKC,M2079,nonIBD,0,3,StratifiedGroupKFold
4,MSM9VZKE,M2079,nonIBD,0,3,StratifiedGroupKFold
4,MSM9VZKI,M2079,nonIBD,0,3,StratifiedGroupKFold
4,MSM9VZL5,M2097,nonIBD,0,3,StratifiedGroupKFold
4,MSM9VZL7,M2084,nonIBD,0,0,StratifiedGroupKFold
4,MSM9VZL9,M2084,nonIBD,0,0,StratifiedGroupKFold
4,MSM9VZLB,M2084,nonIBD,0,0,StratifiedGroupKFold
4,MSM9VZLD,M2084,nonIBD,0,0,StratifiedGroupKFold
4,MSM9VZLF,M2084,nonIBD,0,0,StratifiedGroupKFold
4,MSM9VZLH,M2084,nonIBD,0,0,StratifiedGroupKFold
4,MSM9VZLJ,M2061,nonIBD,0,1,StratifiedGroupKFold
4,MSM9VZLX_P,M2082,CD,1,2,StratifiedGroupKFold
4,MSM9VZLZ,M2083,UC,1,0,StratifiedGroupKFold
4,MSM9VZM4,M2085,CD,1,2,StratifiedGroupKFold
4,MSM9VZM4_P,M2085,CD,1,2,StratifiedGroupKFold
4,MSM9VZM6,M2086,CD,1,2,StratifiedGroupKFold
4,MSM9VZMA,M2077,nonIBD,0,0,StratifiedGroupKFold
4,MSM9VZMA_TR,M2077,nonIBD,0,0,StratifiedGroupKFold
4,MSM9VZMC,M2077,nonIBD,0,0,StratifiedGroupKFold
4,MSM9VZME,M2077,nonIBD,0,0,StratifiedGroupKFold
4,MSM9VZMI,M2077,nonIBD,0,0,StratifiedGroupKFold
4,MSM9VZMM,M2084,nonIBD,0,0,StratifiedGroupKFold
4,MSM9VZMO,M2084,nonIBD,0,0,StratifiedGroupKFold
4,MSM9VZMS,M2084,nonIBD,0,0,StratifiedGroupKFold
4,MSM9VZMU,M2084,nonIBD,0,0,StratifiedGroupKFold
4,MSM9VZMW,M2084,nonIBD,0,0,StratifiedGroupKFold
4,MSM9VZN4_P,M2081,UC,1,3,StratifiedGroupKFold
4,MSM9VZNH,M2047,nonIBD,0,1,StratifiedGroupKFold
4,MSM9VZNH_TR,M2047,nonIBD,0,1,StratifiedGroupKFold
4,MSM9VZNL,M2047,nonIBD,0,1,StratifiedGroupKFold
4,MSM9VZNR,M2083,UC,1,0,StratifiedGroupKFold
4,MSM9VZNX,M2083,UC,1,0,StratifiedGroupKFold
4,MSM9VZNZ,M2083,UC,1,0,StratifiedGroupKFold
4,MSM9VZO2,M2083,UC,1,0,StratifiedGroupKFold
4,MSM9VZOG,M2072,nonIBD,0,1,StratifiedGroupKFold
4,MSM9VZOI,M2072,nonIBD,0,1,StratifiedGroupKFold
4,MSM9VZOK,M2072,nonIBD,0,1,StratifiedGroupKFold
4,MSM9VZOM,M2072,nonIBD,0,1,StratifiedGroupKFold
4,MSM9VZOO,M2072,nonIBD,0,1,StratifiedGroupKFold
4,MSM9VZOQ,M2072,nonIBD,0,1,StratifiedGroupKFold
4,MSM9VZOS,M2069,UC,1,3,StratifiedGroupKFold
4,MSM9VZOU,M2069,UC,1,3,StratifiedGroupKFold
4,MSM9VZOW,M2069,UC,1,3,StratifiedGroupKFold
4,MSM9VZOY,M2069,UC,1,3,StratifiedGroupKFold
4,MSM9VZP1,M2069,UC,1,3,StratifiedGroupKFold
4,MSM9VZP3,M2069,UC,1,3,StratifiedGroupKFold
4,MSM9VZPH,M2085,CD,1,2,StratifiedGroupKFold
4,MSM9VZPL,M2085,CD,1,2,StratifiedGroupKFold
4,MSM9VZPN,M2085,CD,1,2,StratifiedGroupKFold
4,MSMA267V,M2103,UC,1,1,StratifiedGroupKFold
4,MSMA267X,M2103,UC,1,1,StratifiedGroupKFold
4,MSMA2684,M2103,UC,1,1,StratifiedGroupKFold
4,MSMA26AL,M2068,CD,1,1,StratifiedGroupKFold
4,MSMA26AN,M2068,CD,1,1,StratifiedGroupKFold
4,MSMA26AP,M2068,CD,1,1,StratifiedGroupKFold
4,MSMA26AR,M2068,CD,1,1,StratifiedGroupKFold
4,MSMA26AT,M2068,CD,1,1,StratifiedGroupKFold
4,MSMA26AV,M2071,UC,1,1,StratifiedGroupKFold
4,MSMA26AX,M2071,UC,1,1,StratifiedGroupKFold
4,MSMA26AZ,M2071,UC,1,1,StratifiedGroupKFold
4,MSMA26AZ_TR,M2071,UC,1,1,StratifiedGroupKFold
4,MSMA26BB,M2084,nonIBD,0,0,StratifiedGroupKFold
4,MSMA26BD,M2084,nonIBD,0,0,StratifiedGroupKFold
4,MSMA26BF,M2084,nonIBD,0,0,StratifiedGroupKFold
4,MSMA26BH,M2084,nonIBD,0,0,StratifiedGroupKFold
4,MSMA26BJ,M2084,nonIBD,0,0,StratifiedGroupKFold
4,MSMA26BL,M2084,nonIBD,0,0,StratifiedGroupKFold
4,MSMA26BN,M2079,nonIBD,0,3,StratifiedGroupKFold
4,MSMA26BR,M2079,nonIBD,0,3,StratifiedGroupKFold
4,MSMA26BT,M2079,nonIBD,0,3,StratifiedGroupKFold
4,MSMA26BV,M2079,nonIBD,0,3,StratifiedGroupKFold
4,MSMA26BX,M2079,nonIBD,0,3,StratifiedGroupKFold
4,MSMA26C8,M2086,CD,1,2,StratifiedGroupKFold
4,MSMA26CV,M2085,CD,1,2,StratifiedGroupKFold
4,MSMA26CX,M2085,CD,1,2,StratifiedGroupKFold
4,MSMA26DG,M2097,nonIBD,0,3,StratifiedGroupKFold
4,MSMA26DI,M2097,nonIBD,0,3,StratifiedGroupKFold
4,MSMA26DK,M2097,nonIBD,0,3,StratifiedGroupKFold
4,MSMA26DM,M2097,nonIBD,0,3,StratifiedGroupKFold
4,MSMA26DO,M2097,nonIBD,0,3,StratifiedGroupKFold
4,MSMA26EH,M2069,UC,1,3,StratifiedGroupKFold
4,MSMA26EJ,M2069,UC,1,3,StratifiedGroupKFold
4,MSMA26EL,M2069,UC,1,3,StratifiedGroupKFold
4,MSMA26EN,M2069,UC,1,3,StratifiedGroupKFold
4,MSMA26EP,M2069,UC,1,3,StratifiedGroupKFold
4,MSMAPC55,M2083,UC,1,0,StratifiedGroupKFold
4,MSMAPC57,M2083,UC,1,0,StratifiedGroupKFold
4,MSMAPC59,M2083,UC,1,0,StratifiedGroupKFold
4,MSMAPC5B,M2083,UC,1,0,StratifiedGroupKFold
4,MSMAPC5D,M2083,UC,1,0,StratifiedGroupKFold
4,MSMAPC5F,M2097,nonIBD,0,3,StratifiedGroupKFold
4,MSMAPC5H,M2097,nonIBD,0,3,StratifiedGroupKFold
4,MSMAPC5L,M2097,nonIBD,0,3,StratifiedGroupKFold
4,MSMAPC5Z,M2103,UC,1,1,StratifiedGroupKFold
4,MSMAPC62,M2103,UC,1,1,StratifiedGroupKFold
4,MSMAPC64,M2103,UC,1,1,StratifiedGroupKFold
4,MSMAPC66,M2103,UC,1,1,StratifiedGroupKFold
4,MSMAPC6A,M2085,CD,1,2,StratifiedGroupKFold
4,MSMAPC6C,M2085,CD,1,2,StratifiedGroupKFold
4,MSMAPC6E,M2085,CD,1,2,StratifiedGroupKFold
4,MSMAPC6G,M2085,CD,1,2,StratifiedGroupKFold
4,MSMAPC6K,M2084,nonIBD,0,0,StratifiedGroupKFold
4,MSMAPC6M,M2084,nonIBD,0,0,StratifiedGroupKFold
4,MSMAPC6O,M2084,nonIBD,0,0,StratifiedGroupKFold
4,MSMAPC7D,M2075,nonIBD,0,1,StratifiedGroupKFold
4,MSMAPC7J,M2075,nonIBD,0,1,StratifiedGroupKFold
4,MSMAPC7P,M2077,nonIBD,0,0,StratifiedGroupKFold
4,MSMAPC7R,M2077,nonIBD,0,0,StratifiedGroupKFold
4,MSMAPC7T,M2077,nonIBD,0,0,StratifiedGroupKFold
4,MSMB4LXS,M2097,nonIBD,0,3,StratifiedGroupKFold
4,MSMB4LXW,M2097,nonIBD,0,3,StratifiedGroupKFold
4,MSMB4LXY,M2085,CD,1,2,StratifiedGroupKFold
4,MSMB4LYB,M2085,CD,1,2,StratifiedGroupKFold
4,MSMB4LYH,M2103,UC,1,1,StratifiedGroupKFold
4,MSMB4LZ4,M2071,UC,1,1,StratifiedGroupKFold
4,MSMB4LZ8,M2079,nonIBD,0,3,StratifiedGroupKFold
4,MSMB4LZC,M2077,nonIBD,0,0,StratifiedGroupKFold
4,MSMB4LZK,M2097,nonIBD,0,3,StratifiedGroupKFold
4,MSMB4LZP,M2083,UC,1,0,StratifiedGroupKFold
4,MSMB4LZR,M2083,UC,1,0,StratifiedGroupKFold
4,MSMB4LZV,M2084,nonIBD,0,0,StratifiedGroupKFold
4,MSMB4LZX,M2084,nonIBD,0,0,StratifiedGroupKFold
4,MSMB4LZZ,M2084,nonIBD,0,0,StratifiedGroupKFold
4,PSM6XBQM,P6005,CD,1,1,StratifiedGroupKFold
4,PSM6XBQM_P,P6005,CD,1,1,StratifiedGroupKFold
4,PSM6XBQS,P6005,CD,1,1,StratifiedGroupKFold
4,PSM6XBQU,P6005,CD,1,1,StratifiedGroupKFold
4,PSM6XBQY,P6005,CD,1,1,StratifiedGroupKFold
4,PSM6XBQY_TR,P6005,CD,1,1,StratifiedGroupKFold
4,PSM6XBR1,P6005,CD,1,1,StratifiedGroupKFold
4,PSM6XBRK,P6009,CD,1,2,StratifiedGroupKFold
4,PSM6XBRK_P,P6009,CD,1,2,StratifiedGroupKFold
4,PSM6XBRK_TR,P6009,CD,1,2,StratifiedGroupKFold
4,PSM6XBS2_P,P6009,CD,1,2,StratifiedGroupKFold
4,PSM6XBS4,P6009,CD,1,2,StratifiedGroupKFold
4,PSM6XBS4_P,P6009,CD,1,2,StratifiedGroupKFold
4,PSM6XBS6,P6009,CD,1,2,StratifiedGroupKFold
4,PSM6XBS8,P6009,CD,1,2,StratifiedGroupKFold
4,PSM6XBSA,P6009,CD,1,2,StratifiedGroupKFold
4,PSM6XBSC_P,P6009,CD,1,2,StratifiedGroupKFold
4,PSM6XBSE,P6012,UC,1,0,StratifiedGroupKFold
4,PSM6XBSE_P,P6012,UC,1,0,StratifiedGroupKFold
4,PSM6XBSG_P,P6013,UC,1,2,StratifiedGroupKFold
4,PSM6XBSS,P6005,CD,1,1,StratifiedGroupKFold
4,PSM6XBSU,P6005,CD,1,1,StratifiedGroupKFold
4,PSM6XBSU_TR,P6005,CD,1,1,StratifiedGroupKFold
4,PSM6XBT1,P6005,CD,1,1,StratifiedGroupKFold
4,PSM6XBT3,P6013,UC,1,2,StratifiedGroupKFold
4,PSM6XBT5,P6013,UC,1,2,StratifiedGroupKFold
4,PSM6XBT7,P6013,UC,1,2,StratifiedGroupKFold
4,PSM6XBT9,P6013,UC,1,2,StratifiedGroupKFold
4,PSM6XBTB,P6013,UC,1,2,StratifiedGroupKFold
4,PSM6XBTD,P6013,UC,1,2,StratifiedGroupKFold
4,PSM6XBTF,P6009,CD,1,2,StratifiedGroupKFold
4,PSM6XBTF_P,P6009,CD,1,2,StratifiedGroupKFold
4,PSM6XBTH,P6009,CD,1,2,StratifiedGroupKFold
4,PSM6XBTH_P,P6009,CD,1,2,StratifiedGroupKFold
4,PSM6XBTL,P6009,CD,1,2,StratifiedGroupKFold
4,PSM6XBTN_P,P6009,CD,1,2,StratifiedGroupKFold
4,PSM6XBTP,P6009,CD,1,2,StratifiedGroupKFold
4,PSM6XBTR,P6014,nonIBD,0,0,StratifiedGroupKFold
4,PSM6XBTT,P6014,nonIBD,0,0,StratifiedGroupKFold
4,PSM6XBTV,P6014,nonIBD,0,0,StratifiedGroupKFold
4,PSM6XBTX,P6014,nonIBD,0,0,StratifiedGroupKFold
4,PSM6XBTZ,P6014,nonIBD,0,0,StratifiedGroupKFold
4,PSM6XBTZ_P,P6014,nonIBD,0,0,StratifiedGroupKFold
4,PSM6XBU2,P6014,nonIBD,0,0,StratifiedGroupKFold
4,PSM6XBVI,P6012,UC,1,0,StratifiedGroupKFold
4,PSM6XBVK,P6012,UC,1,0,StratifiedGroupKFold
4,PSM6XBVM,P6012,UC,1,0,StratifiedGroupKFold
4,PSM6XBVO,P6012,UC,1,0,StratifiedGroupKFold
4,PSM6XBVQ,P6012,UC,1,0,StratifiedGroupKFold
4,PSM6XBVS,P6012,UC,1,0,StratifiedGroupKFold
4,PSM6XBW3,P6018,nonIBD,0,3,StratifiedGroupKFold
4,PSM6XBZC,P6005,CD,1,1,StratifiedGroupKFold
4,PSM6XBZD,P6005,CD,1,1,StratifiedGroupKFold
4,PSM6XBZI,P6009,CD,1,2,StratifiedGroupKFold
4,PSM6XBZJ,P6009,CD,1,2,StratifiedGroupKFold
4,PSM6XBZO,P6012,UC,1,0,StratifiedGroupKFold
4,PSM6XBZP,P6012,UC,1,0,StratifiedGroupKFold
4,PSM6XBZQ,P6013,UC,1,2,StratifiedGroupKFold
4,PSM6XBZR,P6013,UC,1,2,StratifiedGroupKFold
4,PSM6XBZW,P6014,nonIBD,0,0,StratifiedGroupKFold
4,PSM6XBZX,P6014,nonIBD,0,0,StratifiedGroupKFold
4,PSM6XC13,P6018,nonIBD,0,3,StratifiedGroupKFold
4,PSM6XC14,P6018,nonIBD,0,3,StratifiedGroupKFold
4,PSM7J127,P6013,UC,1,2,StratifiedGroupKFold
4,PSM7J129,P6013,UC,1,2,StratifiedGroupKFold
4,PSM7J12B,P6013,UC,1,2,StratifiedGroupKFold
4,PSM7J12D,P6013,UC,1,2,StratifiedGroupKFold
4,PSM7J12F,P6013,UC,1,2,StratifiedGroupKFold
4,PSM7J12J,P6024,CD,1,0,StratifiedGroupKFold
4,PSM7J12R,P6024,CD,1,0,StratifiedGroupKFold
4,PSM7J12V,P6025,UC,1,2,StratifiedGroupKFold
4,PSM7J12Z,P6025,UC,1,2,StratifiedGroupKFold
4,PSM7J134,P6025,UC,1,2,StratifiedGroupKFold
4,PSM7J136,P6005,CD,1,1,StratifiedGroupKFold
4,PSM7J13A,P6005,CD,1,1,StratifiedGroupKFold
4,PSM7J13E,P6005,CD,1,1,StratifiedGroupKFold
4,PSM7J13I,P6033,CD,1,0,StratifiedGroupKFold
4,PSM7J13K,P6033,CD,1,0,StratifiedGroupKFold
4,PSM7J13M,P6033,CD,1,0,StratifiedGroupKFold
4,PSM7J13Q,P6033,CD,1,0,StratifiedGroupKFold
4,PSM7J13U_P,P6009,CD,1,2,StratifiedGroupKFold
4,PSM7J13Y,P6009,CD,1,2,StratifiedGroupKFold
4,PSM7J13Y_P,P6009,CD,1,2,StratifiedGroupKFold
4,PSM7J141,P6009,CD,1,2,StratifiedGroupKFold
4,PSM7J143,P6009,CD,1,2,StratifiedGroupKFold
4,PSM7J143_P,P6009,CD,1,2,StratifiedGroupKFold
4,PSM7J14X,P6014,nonIBD,0,0,StratifiedGroupKFold
4,PSM7J154,P6014,nonIBD,0,0,StratifiedGroupKFold
4,PSM7J156,P6014,nonIBD,0,0,StratifiedGroupKFold
4,PSM7J15K,P6018,nonIBD,0,3,StratifiedGroupKFold
4,PSM7J15M,P6018,nonIBD,0,3,StratifiedGroupKFold
4,PSM7J15O,P6018,nonIBD,0,3,StratifiedGroupKFold
4,PSM7J15Q,P6018,nonIBD,0,3,StratifiedGroupKFold
4,PSM7J15S,P6018,nonIBD,0,3,StratifiedGroupKFold
4,PSM7J15U,P6018,nonIBD,0,3,StratifiedGroupKFold
4,PSM7J15W,P6028,CD,1,2,StratifiedGroupKFold
4,PSM7J161,P6028,CD,1,2,StratifiedGroupKFold
4,PSM7J163,P6028,CD,1,2,StratifiedGroupKFold
4,PSM7J167,P6028,CD,1,2,StratifiedGroupKFold
4,PSM7J169,P6013,UC,1,2,StratifiedGroupKFold
4,PSM7J16B,P6013,UC,1,2,StratifiedGroupKFold
4,PSM7J16F,P6013,UC,1,2,StratifiedGroupKFold
4,PSM7J16H,P6013,UC,1,2,StratifiedGroupKFold
4,PSM7J177,P6028,CD,1,2,StratifiedGroupKFold
4,PSM7J179,P6028,CD,1,2,StratifiedGroupKFold
4,PSM7J17B,P6028,CD,1,2,StratifiedGroupKFold
4,PSM7J17D,P6028,CD,1,2,StratifiedGroupKFold
4,PSM7J17F,P6028,CD,1,2,StratifiedGroupKFold
4,PSM7J17V,P6018,nonIBD,0,3,StratifiedGroupKFold
4,PSM7J17X,P6018,nonIBD,0,3,StratifiedGroupKFold
4,PSM7J17Z,P6018,nonIBD,0,3,StratifiedGroupKFold
4,PSM7J182,P6018,nonIBD,0,3,StratifiedGroupKFold
4,PSM7J184,P6018,nonIBD,0,3,StratifiedGroupKFold
4,PSM7J186,P6018,nonIBD,0,3,StratifiedGroupKFold
4,PSM7J188,P6033,CD,1,0,StratifiedGroupKFold
4,PSM7J18Q,P6012,UC,1,0,StratifiedGroupKFold
4,PSM7J193,P6013,UC,1,2,StratifiedGroupKFold
4,PSM7J195,P6024,CD,1,0,StratifiedGroupKFold
4,PSM7J19X_P,P6018,nonIBD,0,3,StratifiedGroupKFold
4,PSM7J19Z,P6018,nonIBD,0,3,StratifiedGroupKFold
4,PSM7J1A2,P6018,nonIBD,0,3,StratifiedGroupKFold
4,PSM7J1A4,P6018,nonIBD,0,3,StratifiedGroupKFold
4,PSM7J1A6,P6018,nonIBD,0,3,StratifiedGroupKFold
4,PSM7J1A8,P6018,nonIBD,0,3,StratifiedGroupKFold
4,PSM7J1AM,P6013,UC,1,2,StratifiedGroupKFold
4,PSM7J1AO,P6013,UC,1,2,StratifiedGroupKFold
4,PSM7J1AQ,P6013,UC,1,2,StratifiedGroupKFold
4,PSM7J1AS,P6013,UC,1,2,StratifiedGroupKFold
4,PSM7J1AU,P6013,UC,1,2,StratifiedGroupKFold
4,PSM7J1AW,P6013,UC,1,2,StratifiedGroupKFold
4,PSM7J1B3_P,P6028,CD,1,2,StratifiedGroupKFold
4,PSM7J1B7,P6012,UC,1,0,StratifiedGroupKFold
4,PSM7J1B9,P6012,UC,1,0,StratifiedGroupKFold
4,PSM7J1BB,P6012,UC,1,0,StratifiedGroupKFold
4,PSM7J1BD,P6012,UC,1,0,StratifiedGroupKFold
4,PSM7J1BF,P6012,UC,1,0,StratifiedGroupKFold
4,PSM7J1BH,P6012,UC,1,0,StratifiedGroupKFold
4,PSM7J1BJ,P6024,CD,1,0,StratifiedGroupKFold
4,PSM7J1BL,P6024,CD,1,0,StratifiedGroupKFold
4,PSM7J1BN,P6024,CD,1,0,StratifiedGroupKFold
4,PSM7J1BN_P,P6024,CD,1,0,StratifiedGroupKFold
4,PSM7J1BP,P6024,CD,1,0,StratifiedGroupKFold
4,PSM7J1BR,P6024,CD,1,0,StratifiedGroupKFold
4,PSM7J1BV,P6025,UC,1,2,StratifiedGroupKFold
4,PSM7J1BX,P6025,UC,1,2,StratifiedGroupKFold
4,PSM7J1C2_P,P6025,UC,1,2,StratifiedGroupKFold
4,PSM7J1C4,P6025,UC,1,2,StratifiedGroupKFold
4,PSM7J1C8,P6005,CD,1,1,StratifiedGroupKFold
4,PSM7J1CC,P6005,CD,1,1,StratifiedGroupKFold
4,PSM7J1CG,P6005,CD,1,1,StratifiedGroupKFold
4,PSM7J1CI,P6005,CD,1,1,StratifiedGroupKFold
4,PSM7J1CK,P6009,CD,1,2,StratifiedGroupKFold
4,PSM7J1CK_P,P6009,CD,1,2,StratifiedGroupKFold
4,PSM7J1CS_P,P6009,CD,1,2,StratifiedGroupKFold
4,PSM7J1CU,P6009,CD,1,2,StratifiedGroupKFold
4,PSM7J1DF,P6014,nonIBD,0,0,StratifiedGroupKFold
4,PSM7J1DH,P6014,nonIBD,0,0,StratifiedGroupKFold
4,PSM7J1DL,P6014,nonIBD,0,0,StratifiedGroupKFold
4,PSM7J4EF,P6037,CD,1,0,StratifiedGroupKFold
4,PSM7J4EU,P6024,CD,1,0,StratifiedGroupKFold
4,PSM7J4EV,P6024,CD,1,0,StratifiedGroupKFold
4,PSM7J4EW,P6025,UC,1,2,StratifiedGroupKFold
4,PSM7J4EX,P6025,UC,1,2,StratifiedGroupKFold
4,PSM7J4F3,P6028,CD,1,2,StratifiedGroupKFold
4,PSM7J4F4,P6028,CD,1,2,StratifiedGroupKFold
4,PSMA263M,P6024,CD,1,0,StratifiedGroupKFold
4,PSMA263S,P6024,CD,1,0,StratifiedGroupKFold
4,PSMA263U,P6024,CD,1,0,StratifiedGroupKFold
4,PSMA263W,P6024,CD,1,0,StratifiedGroupKFold
4,PSMA264K,P6025,UC,1,2,StratifiedGroupKFold
4,PSMA264O,P6035,UC,1,2,StratifiedGroupKFold
4,PSMA264Q,P6035,UC,1,2,StratifiedGroupKFold
4,PSMA264S,P6035,UC,1,2,StratifiedGroupKFold
4,PSMA264U,P6035,UC,1,2,StratifiedGroupKFold
4,PSMA264W,P6035,UC,1,2,StratifiedGroupKFold
4,PSMA2651,P6033,CD,1,0,StratifiedGroupKFold
4,PSMA2651_P,P6033,CD,1,0,StratifiedGroupKFold
4,PSMA2653,P6033,CD,1,0,StratifiedGroupKFold
4,PSMA2659,P6033,CD,1,0,StratifiedGroupKFold
4,PSMA265B,P6033,CD,1,0,StratifiedGroupKFold
4,PSMA265D,P6018,nonIBD,0,3,StratifiedGroupKFold
4,PSMA265F,P6018,nonIBD,0,3,StratifiedGroupKFold
4,PSMA265H,P6018,nonIBD,0,3,StratifiedGroupKFold
4,PSMA265J,P6018,nonIBD,0,3,StratifiedGroupKFold
4,PSMA265J_TR,P6018,nonIBD,0,3,StratifiedGroupKFold
4,PSMA265L,P6018,nonIBD,0,3,StratifiedGroupKFold
4,PSMA265X,P6038,UC,1,3,StratifiedGroupKFold
4,PSMA2668,P6028,CD,1,2,StratifiedGroupKFold
4,PSMA266C,P6028,CD,1,2,StratifiedGroupKFold
4,PSMA266I,P6037,CD,1,0,StratifiedGroupKFold
4,PSMA266M,P6037,CD,1,0,StratifiedGroupKFold
4,PSMA266O,P6037,CD,1,0,StratifiedGroupKFold
4,PSMA266Q,P6037,CD,1,0,StratifiedGroupKFold
4,PSMA266U,P6038,UC,1,3,StratifiedGroupKFold
4,PSMA266Y,P6038,UC,1,3,StratifiedGroupKFold
4,PSMA2671,P6038,UC,1,3,StratifiedGroupKFold
4,PSMA2675,P6038,UC,1,3,StratifiedGroupKFold
4,PSMA267B,P6033,CD,1,0,StratifiedGroupKFold
4,PSMA267D,P6033,CD,1,0,StratifiedGroupKFold
4,PSMA267F,P6033,CD,1,0,StratifiedGroupKFold
4,PSMA267H,P6033,CD,1,0,StratifiedGroupKFold
4,PSMA267J,P6035,UC,1,2,StratifiedGroupKFold
4,PSMA267P,P6035,UC,1,2,StratifiedGroupKFold
4,PSMA267R,P6035,UC,1,2,StratifiedGroupKFold
4,PSMA269E,P6028,CD,1,2,StratifiedGroupKFold
4,PSMA269G,P6037,CD,1,0,StratifiedGroupKFold
4,PSMA269I,P6037,CD,1,0,StratifiedGroupKFold
4,PSMA269O,P6037,CD,1,0,StratifiedGroupKFold
4,PSMA269S,P6038,UC,1,3,StratifiedGroupKFold
4,PSMA269W,P6038,UC,1,3,StratifiedGroupKFold
4,PSMA26A1,P6038,UC,1,3,StratifiedGroupKFold
4,PSMA26A3,P6038,UC,1,3,StratifiedGroupKFold
4,PSMA26AJ,P6033,CD,1,0,StratifiedGroupKFold
4,PSMB4MBI,P6035,UC,1,2,StratifiedGroupKFold
4,PSMB4MBK,P6035,UC,1,2,StratifiedGroupKFold
4,PSMB4MBQ,P6037,CD,1,0,StratifiedGroupKFold
4,PSMB4MBS,P6037,CD,1,0,StratifiedGroupKFold
4,PSMB4MC1,P6038,UC,1,3,StratifiedGroupKFold
4,PSMB4MC3,P6038,UC,1,3,StratifiedGroupKFold
4,PSMB4MC5,P6038,UC,1,3,StratifiedGroupKFold
4,PSMB4MC7,P6035,UC,1,2,StratifiedGroupKFold
