sample_id,participant_id,diagnosis_label,disease_group_binary,outer_fold,cv_method
206454,M2008,CD,1,3,StratifiedGroupKFold
206458,M2021,CD,1,1,StratifiedGroupKFold
206459,M2008,CD,1,3,StratifiedGroupKFold
206460,M2014,CD,1,2,StratifiedGroupKFold
206461,M2025,CD,1,0,StratifiedGroupKFold
206462,M2026,UC,1,3,StratifiedGroupKFold
206463,M2028,CD,1,0,StratifiedGroupKFold
206465,M2027,CD,1,4,StratifiedGroupKFold
206466,M2014,CD,1,2,StratifiedGroupKFold
206467,M2008,CD,1,3,StratifiedGroupKFold
206468,M2021,CD,1,1,StratifiedGroupKFold
206469,M2034,CD,1,3,StratifiedGroupKFold
206471,M2039,nonIBD,0,4,StratifiedGroupKFold
206472,M2026,UC,1,3,StratifiedGroupKFold
206473,M2028,CD,1,0,StratifiedGroupKFold
206494,H4001,CD,1,4,StratifiedGroupKFold
206497,H4004,CD,1,4,StratifiedGroupKFold
206498,H4006,CD,1,3,StratifiedGroupKFold
206499,H4008,nonIBD,0,1,StratifiedGroupKFold
206501,H4007,CD,1,3,StratifiedGroupKFold
206502,H4001,CD,1,4,StratifiedGroupKFold
206503,H4009,nonIBD,0,3,StratifiedGroupKFold
206504,H4010,UC,1,1,StratifiedGroupKFold
206507,H4013,nonIBD,0,0,StratifiedGroupKFold
206508,H4014,CD,1,0,StratifiedGroupKFold
206509,H4007,CD,1,3,StratifiedGroupKFold
206510,H4001,CD,1,4,StratifiedGroupKFold
206511,H4004,CD,1,4,StratifiedGroupKFold
206512,H4016,nonIBD,0,0,StratifiedGroupKFold
206513,H4015,CD,1,4,StratifiedGroupKFold
206516,E5004,UC,1,3,StratifiedGroupKFold
206527,E5004,UC,1,3,StratifiedGroupKFold
206528,E5013,CD,1,2,StratifiedGroupKFold
206529,E5009,CD,1,1,StratifiedGroupKFold
206534,M2008,CD,1,3,StratifiedGroupKFold
206536,M2008,CD,1,3,StratifiedGroupKFold
206538,M2008,CD,1,3,StratifiedGroupKFold
206547,M2014,CD,1,2,StratifiedGroupKFold
206548,M2014,CD,1,2,StratifiedGroupKFold
206561,M2021,CD,1,1,StratifiedGroupKFold
206562,M2021,CD,1,1,StratifiedGroupKFold
206563,M2021,CD,1,1,StratifiedGroupKFold
206564,M2021,CD,1,1,StratifiedGroupKFold
206569,M2025,CD,1,0,StratifiedGroupKFold
206570,M2025,CD,1,0,StratifiedGroupKFold
206571,M2026,UC,1,3,StratifiedGroupKFold
206572,M2026,UC,1,3,StratifiedGroupKFold
206603,M2026,UC,1,3,StratifiedGroupKFold
206604,M2027,CD,1,4,StratifiedGroupKFold
206605,M2027,CD,1,4,StratifiedGroupKFold
206608,M2028,CD,1,0,StratifiedGroupKFold
206609,M2028,CD,1,0,StratifiedGroupKFold
206614,C3001,CD,1,1,StratifiedGroupKFold
206615,C3001,CD,1,1,StratifiedGroupKFold
206616,C3002,CD,1,0,StratifiedGroupKFold
206617,C3002,CD,1,0,StratifiedGroupKFold
206618,C3002,CD,1,0,StratifiedGroupKFold
206619,C3002,CD,1,0,StratifiedGroupKFold
206620,C3003,UC,1,4,StratifiedGroupKFold
206621,C3003,UC,1,4,StratifiedGroupKFold
206622,C3003,UC,1,4,StratifiedGroupKFold
206623,C3004,UC,1,3,StratifiedGroupKFold
206624,C3004,UC,1,3,StratifiedGroupKFold
206625,C3004,UC,1,3,StratifiedGroupKFold
206626,C3004,UC,1,3,StratifiedGroupKFold
206627,C3005,UC,1,0,StratifiedGroupKFold
206628,C3005,UC,1,0,StratifiedGroupKFold
206629,C3006,UC,1,1,StratifiedGroupKFold
206630,C3006,UC,1,1,StratifiedGroupKFold
206635,C3011,UC,1,1,StratifiedGroupKFold
206636,C3011,UC,1,1,StratifiedGroupKFold
206643,C3015,UC,1,0,StratifiedGroupKFold
206644,C3015,UC,1,0,StratifiedGroupKFold
206645,C3016,CD,1,2,StratifiedGroupKFold
206646,C3016,CD,1,2,StratifiedGroupKFold
206647,C3017,CD,1,2,StratifiedGroupKFold
206648,C3017,CD,1,2,StratifiedGroupKFold
206655,C3021,CD,1,2,StratifiedGroupKFold
206656,C3021,CD,1,2,StratifiedGroupKFold
206657,C3022,nonIBD,0,3,StratifiedGroupKFold
206658,C3022,nonIBD,0,3,StratifiedGroupKFold
206659,C3023,CD,1,1,StratifiedGroupKFold
206660,C3023,CD,1,1,StratifiedGroupKFold
206667,C3027,CD,1,3,StratifiedGroupKFold
206668,C3027,CD,1,3,StratifiedGroupKFold
206669,C3029,UC,1,3,StratifiedGroupKFold
206670,C3029,UC,1,3,StratifiedGroupKFold
206671,C3030,CD,1,0,StratifiedGroupKFold
206672,C3030,CD,1,0,StratifiedGroupKFold
206673,C3031,CD,1,1,StratifiedGroupKFold
206675,C3032,UC,1,3,StratifiedGroupKFold
206676,C3032,UC,1,3,StratifiedGroupKFold
206677,C3034,UC,1,2,StratifiedGroupKFold
206678,C3034,UC,1,2,StratifiedGroupKFold
206681,C3035,CD,1,3,StratifiedGroupKFold
206682,C3035,CD,1,3,StratifiedGroupKFold
206683,C3037,UC,1,3,StratifiedGroupKFold
206684,C3037,UC,1,3,StratifiedGroupKFold
206695,H4001,CD,1,4,StratifiedGroupKFold
206700,H4004,CD,1,4,StratifiedGroupKFold
206701,H4006,CD,1,3,StratifiedGroupKFold
206702,H4006,CD,1,3,StratifiedGroupKFold
206703,H4008,nonIBD,0,1,StratifiedGroupKFold
206704,H4008,nonIBD,0,1,StratifiedGroupKFold
206708,H4007,CD,1,3,StratifiedGroupKFold
206709,H4007,CD,1,3,StratifiedGroupKFold
206710,H4009,nonIBD,0,3,StratifiedGroupKFold
206711,H4009,nonIBD,0,3,StratifiedGroupKFold
206712,H4010,UC,1,1,StratifiedGroupKFold
206713,H4010,UC,1,1,StratifiedGroupKFold
206718,H4013,nonIBD,0,0,StratifiedGroupKFold
206719,H4013,nonIBD,0,0,StratifiedGroupKFold
206720,H4014,CD,1,0,StratifiedGroupKFold
206721,H4014,CD,1,0,StratifiedGroupKFold
206723,H4015,CD,1,4,StratifiedGroupKFold
206724,H4015,CD,1,4,StratifiedGroupKFold
206725,H4016,nonIBD,0,0,StratifiedGroupKFold
206726,H4016,nonIBD,0,0,StratifiedGroupKFold
206727,H4017,CD,1,2,StratifiedGroupKFold
206728,H4017,CD,1,2,StratifiedGroupKFold
206729,H4018,nonIBD,0,2,StratifiedGroupKFold
206730,H4018,nonIBD,0,2,StratifiedGroupKFold
206731,H4019,UC,1,2,StratifiedGroupKFold
206732,H4019,UC,1,2,StratifiedGroupKFold
206733,H4020,CD,1,1,StratifiedGroupKFold
206734,H4020,CD,1,1,StratifiedGroupKFold
206738,H4022,nonIBD,0,3,StratifiedGroupKFold
206739,H4022,nonIBD,0,3,StratifiedGroupKFold
206740,H4023,nonIBD,0,4,StratifiedGroupKFold
206741,H4023,nonIBD,0,4,StratifiedGroupKFold
206742,H4024,nonIBD,0,1,StratifiedGroupKFold
206743,H4024,nonIBD,0,1,StratifiedGroupKFold
206746,H4007,CD,1,3,StratifiedGroupKFold
206747,H4007,CD,1,3,StratifiedGroupKFold
206750,H4028,CD,1,4,StratifiedGroupKFold
206751,H4028,CD,1,4,StratifiedGroupKFold
206752,H4008,nonIBD,0,1,StratifiedGroupKFold
206753,H4008,nonIBD,0,1,StratifiedGroupKFold
206754,H4019,UC,1,2,StratifiedGroupKFold
206755,H4031,CD,1,0,StratifiedGroupKFold
206756,H4031,CD,1,0,StratifiedGroupKFold
206757,H4004,CD,1,4,StratifiedGroupKFold
206758,H4004,CD,1,4,StratifiedGroupKFold
206761,H4035,UC,1,4,StratifiedGroupKFold
206762,H4035,UC,1,4,StratifiedGroupKFold
206766,H4038,CD,1,0,StratifiedGroupKFold
206767,H4038,CD,1,0,StratifiedGroupKFold
206768,H4039,CD,1,1,StratifiedGroupKFold
206769,H4039,CD,1,1,StratifiedGroupKFold
206770,H4040,UC,1,0,StratifiedGroupKFold
214994,M2034,CD,1,3,StratifiedGroupKFold
214995,M2034,CD,1,3,StratifiedGroupKFold
215003,M2039,nonIBD,0,4,StratifiedGroupKFold
215004,M2039,nonIBD,0,4,StratifiedGroupKFold
215007,M2041,nonIBD,0,0,StratifiedGroupKFold
215008,M2041,nonIBD,0,0,StratifiedGroupKFold
215009,M2042,nonIBD,0,4,StratifiedGroupKFold
215010,M2042,nonIBD,0,4,StratifiedGroupKFold
215023,M2008,CD,1,3,StratifiedGroupKFold
215048,M2047,nonIBD,0,1,StratifiedGroupKFold
215049,M2047,nonIBD,0,1,StratifiedGroupKFold
215050,M2008,CD,1,3,StratifiedGroupKFold
215055,M2060,nonIBD,0,4,StratifiedGroupKFold
215056,M2060,nonIBD,0,4,StratifiedGroupKFold
215057,M2061,nonIBD,0,3,StratifiedGroupKFold
215058,M2061,nonIBD,0,3,StratifiedGroupKFold
215061,M2064,UC,1,4,StratifiedGroupKFold
215062,M2064,UC,1,4,StratifiedGroupKFold
215067,M2025,CD,1,0,StratifiedGroupKFold
215074,M2072,nonIBD,0,1,StratifiedGroupKFold
215075,M2068,CD,1,0,StratifiedGroupKFold
215076,M2068,CD,1,0,StratifiedGroupKFold
215077,M2072,nonIBD,0,1,StratifiedGroupKFold
215080,M2069,UC,1,3,StratifiedGroupKFold
215084,M2028,CD,1,0,StratifiedGroupKFold
215085,M2028,CD,1,0,StratifiedGroupKFold
219183,M2025,CD,1,0,StratifiedGroupKFold
219184,M2042,nonIBD,0,4,StratifiedGroupKFold
219185,M2014,CD,1,2,StratifiedGroupKFold
219188,M2008,CD,1,3,StratifiedGroupKFold
219189,M2027,CD,1,4,StratifiedGroupKFold
219190,M2034,CD,1,3,StratifiedGroupKFold
219192,M2026,UC,1,3,StratifiedGroupKFold
219194,M2025,CD,1,0,StratifiedGroupKFold
219195,M2028,CD,1,0,StratifiedGroupKFold
219197,M2027,CD,1,4,StratifiedGroupKFold
219198,M2034,CD,1,3,StratifiedGroupKFold
219199,M2008,CD,1,3,StratifiedGroupKFold
219200,M2014,CD,1,2,StratifiedGroupKFold
219202,M2047,nonIBD,0,1,StratifiedGroupKFold
219203,H4024,nonIBD,0,1,StratifiedGroupKFold
219205,H4007,CD,1,3,StratifiedGroupKFold
219206,H4001,CD,1,4,StratifiedGroupKFold
219207,H4008,nonIBD,0,1,StratifiedGroupKFold
219208,H4020,CD,1,1,StratifiedGroupKFold
219209,H4023,nonIBD,0,4,StratifiedGroupKFold
219210,H4006,CD,1,3,StratifiedGroupKFold
219211,H4004,CD,1,4,StratifiedGroupKFold
219212,H4022,nonIBD,0,3,StratifiedGroupKFold
219213,H4017,CD,1,2,StratifiedGroupKFold
219214,H4010,UC,1,1,StratifiedGroupKFold
219215,H4015,CD,1,4,StratifiedGroupKFold
219217,H4020,CD,1,1,StratifiedGroupKFold
219218,H4019,UC,1,2,StratifiedGroupKFold
219219,H4014,CD,1,0,StratifiedGroupKFold
219220,H4018,nonIBD,0,2,StratifiedGroupKFold
219221,H4006,CD,1,3,StratifiedGroupKFold
219222,H4017,CD,1,2,StratifiedGroupKFold
219633,P6005,CD,1,0,StratifiedGroupKFold
219634,P6005,CD,1,0,StratifiedGroupKFold
219637,P6009,CD,1,1,StratifiedGroupKFold
219638,P6009,CD,1,1,StratifiedGroupKFold
219643,P6012,UC,1,0,StratifiedGroupKFold
219644,P6012,UC,1,0,StratifiedGroupKFold
219645,P6013,UC,1,0,StratifiedGroupKFold
219646,P6013,UC,1,0,StratifiedGroupKFold
219651,P6014,nonIBD,0,1,StratifiedGroupKFold
219652,P6014,nonIBD,0,1,StratifiedGroupKFold
219653,P6016,CD,1,4,StratifiedGroupKFold
219654,P6016,CD,1,4,StratifiedGroupKFold
219655,P6017,nonIBD,0,4,StratifiedGroupKFold
219656,P6017,nonIBD,0,4,StratifiedGroupKFold
219657,P6018,nonIBD,0,1,StratifiedGroupKFold
219658,P6018,nonIBD,0,1,StratifiedGroupKFold
219659,P6016,CD,1,4,StratifiedGroupKFold
219668,P6024,CD,1,1,StratifiedGroupKFold
219669,P6025,UC,1,1,StratifiedGroupKFold
219670,P6025,UC,1,1,StratifiedGroupKFold
219675,P6028,CD,1,2,StratifiedGroupKFold
219676,P6028,CD,1,2,StratifiedGroupKFold
219691,P6033,CD,1,2,StratifiedGroupKFold
219692,P6033,CD,1,2,StratifiedGroupKFold
219693,P6016,CD,1,4,StratifiedGroupKFold
219708,P6005,CD,1,0,StratifiedGroupKFold
219710,P6009,CD,1,1,StratifiedGroupKFold
219711,P6010,CD,1,4,StratifiedGroupKFold
219712,P6013,UC,1,0,StratifiedGroupKFold
219714,P6012,UC,1,0,StratifiedGroupKFold
219716,P6005,CD,1,0,StratifiedGroupKFold
219718,P6014,nonIBD,0,1,StratifiedGroupKFold
219719,P6016,CD,1,4,StratifiedGroupKFold
219720,P6017,nonIBD,0,4,StratifiedGroupKFold
219721,P6018,nonIBD,0,1,StratifiedGroupKFold
219972,E5004,UC,1,3,StratifiedGroupKFold
220201,M2061,nonIBD,0,3,StratifiedGroupKFold
220203,M2025,CD,1,0,StratifiedGroupKFold
220205,M2039,nonIBD,0,4,StratifiedGroupKFold
220206,M2028,CD,1,0,StratifiedGroupKFold
220207,M2026,UC,1,3,StratifiedGroupKFold
220208,M2064,UC,1,4,StratifiedGroupKFold
220210,M2014,CD,1,2,StratifiedGroupKFold
220212,M2042,nonIBD,0,4,StratifiedGroupKFold
220214,M2068,CD,1,0,StratifiedGroupKFold
220215,M2027,CD,1,4,StratifiedGroupKFold
220216,M2072,nonIBD,0,1,StratifiedGroupKFold
220217,M2069,UC,1,3,StratifiedGroupKFold
220218,M2028,CD,1,0,StratifiedGroupKFold
220931,H4009,nonIBD,0,3,StratifiedGroupKFold
220932,H4017,CD,1,2,StratifiedGroupKFold
220933,H4014,CD,1,0,StratifiedGroupKFold
220935,H4015,CD,1,4,StratifiedGroupKFold
220936,H4027,UC,1,1,StratifiedGroupKFold
220937,H4028,CD,1,4,StratifiedGroupKFold
220938,H4001,CD,1,4,StratifiedGroupKFold
220940,H4004,CD,1,4,StratifiedGroupKFold
220941,H4010,UC,1,1,StratifiedGroupKFold
220942,H4016,nonIBD,0,0,StratifiedGroupKFold
220943,H4006,CD,1,3,StratifiedGroupKFold
220944,H4018,nonIBD,0,2,StratifiedGroupKFold
220945,H4019,UC,1,2,StratifiedGroupKFold
220946,H4030,CD,1,1,StratifiedGroupKFold
220947,H4032,CD,1,4,StratifiedGroupKFold
220949,H4019,UC,1,2,StratifiedGroupKFold
221781,H4043,CD,1,2,StratifiedGroupKFold
222170,M2075,nonIBD,0,3,StratifiedGroupKFold
222171,M2075,nonIBD,0,3,StratifiedGroupKFold
222206,P6010,CD,1,4,StratifiedGroupKFold
222210,P6024,CD,1,1,StratifiedGroupKFold
222211,P6025,UC,1,1,StratifiedGroupKFold
222214,P6028,CD,1,2,StratifiedGroupKFold
222220,P6033,CD,1,2,StratifiedGroupKFold
222223,P6025,UC,1,1,StratifiedGroupKFold
222224,P6016,CD,1,4,StratifiedGroupKFold
222376,H4014,CD,1,0,StratifiedGroupKFold
222377,H4020,CD,1,1,StratifiedGroupKFold
222379,H4013,nonIBD,0,0,StratifiedGroupKFold
222380,H4014,CD,1,0,StratifiedGroupKFold
222381,H4022,nonIBD,0,3,StratifiedGroupKFold
222384,H4028,CD,1,4,StratifiedGroupKFold
222385,H4031,CD,1,0,StratifiedGroupKFold
222386,H4010,UC,1,1,StratifiedGroupKFold
222388,H4030,CD,1,1,StratifiedGroupKFold
222389,H4039,CD,1,1,StratifiedGroupKFold
222390,H4038,CD,1,0,StratifiedGroupKFold
222392,H4019,UC,1,2,StratifiedGroupKFold
222393,H4035,UC,1,4,StratifiedGroupKFold
222395,H4020,CD,1,1,StratifiedGroupKFold
222396,H4009,nonIBD,0,3,StratifiedGroupKFold
222397,H4027,UC,1,1,StratifiedGroupKFold
222398,H4008,nonIBD,0,1,StratifiedGroupKFold
222399,H4023,nonIBD,0,4,StratifiedGroupKFold
222401,H4017,CD,1,2,StratifiedGroupKFold
222402,H4007,CD,1,3,StratifiedGroupKFold
222403,H4006,CD,1,3,StratifiedGroupKFold
222404,H4035,UC,1,4,StratifiedGroupKFold
222406,H4004,CD,1,4,StratifiedGroupKFold
222408,H4015,CD,1,4,StratifiedGroupKFold
223287,M2026,UC,1,3,StratifiedGroupKFold
223288,M2034,CD,1,3,StratifiedGroupKFold
223289,M2025,CD,1,0,StratifiedGroupKFold
223290,M2064,UC,1,4,StratifiedGroupKFold
223292,M2034,CD,1,3,StratifiedGroupKFold
223293,M2039,nonIBD,0,4,StratifiedGroupKFold
223294,M2075,nonIBD,0,3,StratifiedGroupKFold
223296,M2042,nonIBD,0,4,StratifiedGroupKFold
223298,M2064,UC,1,4,StratifiedGroupKFold
223302,M2084,nonIBD,0,2,StratifiedGroupKFold
223305,M2041,nonIBD,0,0,StratifiedGroupKFold
223309,M2072,nonIBD,0,1,StratifiedGroupKFold
224255,H4035,UC,1,4,StratifiedGroupKFold
224258,H4038,CD,1,0,StratifiedGroupKFold
224259,H4039,CD,1,1,StratifiedGroupKFold
224260,H4044,UC,1,0,StratifiedGroupKFold
224262,H4032,CD,1,4,StratifiedGroupKFold
224263,H4043,CD,1,2,StratifiedGroupKFold
224264,H4040,UC,1,0,StratifiedGroupKFold
224265,H4030,CD,1,1,StratifiedGroupKFold
224266,H4031,CD,1,0,StratifiedGroupKFold
224268,H4042,UC,1,3,StratifiedGroupKFold
224270,H4027,UC,1,1,StratifiedGroupKFold
224271,H4043,CD,1,2,StratifiedGroupKFold
224273,H4045,nonIBD,0,2,StratifiedGroupKFold
224274,H4023,nonIBD,0,4,StratifiedGroupKFold
224275,H4039,CD,1,1,StratifiedGroupKFold
224276,H4024,nonIBD,0,1,StratifiedGroupKFold
224277,H4035,UC,1,4,StratifiedGroupKFold
224278,H4020,CD,1,1,StratifiedGroupKFold
224279,H4044,UC,1,0,StratifiedGroupKFold
224280,H4022,nonIBD,0,3,StratifiedGroupKFold
224281,H4038,CD,1,0,StratifiedGroupKFold
224282,H4043,CD,1,2,StratifiedGroupKFold
224283,H4017,CD,1,2,StratifiedGroupKFold
224284,H4032,CD,1,4,StratifiedGroupKFold
224285,H4016,nonIBD,0,0,StratifiedGroupKFold
224286,H4019,UC,1,2,StratifiedGroupKFold
224287,H4042,UC,1,3,StratifiedGroupKFold
224288,H4031,CD,1,0,StratifiedGroupKFold
224289,H4018,nonIBD,0,2,StratifiedGroupKFold
224291,H4027,UC,1,1,StratifiedGroupKFold
224292,H4013,nonIBD,0,0,StratifiedGroupKFold
224293,H4032,CD,1,4,StratifiedGroupKFold
224294,H4040,UC,1,0,StratifiedGroupKFold
224323,H4045,nonIBD,0,2,StratifiedGroupKFold
224324,H4045,nonIBD,0,2,StratifiedGroupKFold
224325,H4044,UC,1,0,StratifiedGroupKFold
224326,H4044,UC,1,0,StratifiedGroupKFold
224327,H4043,CD,1,2,StratifiedGroupKFold
224328,H4043,CD,1,2,StratifiedGroupKFold
224330,H4042,UC,1,3,StratifiedGroupKFold
224639,P6005,CD,1,0,StratifiedGroupKFold
224642,P6009,CD,1,1,StratifiedGroupKFold
224643,P6010,CD,1,4,StratifiedGroupKFold
224644,P6013,UC,1,0,StratifiedGroupKFold
224645,P6033,CD,1,2,StratifiedGroupKFold
224648,P6025,UC,1,1,StratifiedGroupKFold
224651,P6018,nonIBD,0,1,StratifiedGroupKFold
224652,P6028,CD,1,2,StratifiedGroupKFold
224654,P6033,CD,1,2,StratifiedGroupKFold
224844,M2084,nonIBD,0,2,StratifiedGroupKFold
224845,M2084,nonIBD,0,2,StratifiedGroupKFold
225306,H4043,CD,1,2,StratifiedGroupKFold
225340,H4040,UC,1,0,StratifiedGroupKFold
225341,H4042,UC,1,3,StratifiedGroupKFold
225343,H4039,CD,1,1,StratifiedGroupKFold
225344,H4038,CD,1,0,StratifiedGroupKFold
225345,H4042,UC,1,3,StratifiedGroupKFold
226382,M2064,UC,1,4,StratifiedGroupKFold
226385,M2060,nonIBD,0,4,StratifiedGroupKFold
226386,M2075,nonIBD,0,3,StratifiedGroupKFold
226387,M2084,nonIBD,0,2,StratifiedGroupKFold
226388,M2047,nonIBD,0,1,StratifiedGroupKFold
226395,M2069,UC,1,3,StratifiedGroupKFold
226396,M2061,nonIBD,0,3,StratifiedGroupKFold
226397,M2072,nonIBD,0,1,StratifiedGroupKFold
226398,M2064,UC,1,4,StratifiedGroupKFold
226400,M2068,CD,1,0,StratifiedGroupKFold
226408,M2084,nonIBD,0,2,StratifiedGroupKFold
226409,M2075,nonIBD,0,3,StratifiedGroupKFold
CSM5FZ1F,C3002,CD,1,0,StratifiedGroupKFold
CSM5FZ1G,C3002,CD,1,0,StratifiedGroupKFold
CSM5FZ1H,C3002,CD,1,0,StratifiedGroupKFold
CSM5FZ1I,C3002,CD,1,0,StratifiedGroupKFold
CSM5FZ1J,C3003,UC,1,4,StratifiedGroupKFold
CSM5FZ1K,C3003,UC,1,4,StratifiedGroupKFold
CSM5FZ1L,C3003,UC,1,4,StratifiedGroupKFold
CSM5FZ1M,C3004,UC,1,3,StratifiedGroupKFold
CSM5FZ1N,C3004,UC,1,3,StratifiedGroupKFold
CSM5FZ1O,C3004,UC,1,3,StratifiedGroupKFold
CSM5FZ1Q,C3005,UC,1,0,StratifiedGroupKFold
CSM5FZ1R,C3005,UC,1,0,StratifiedGroupKFold
CSM5FZ1S,C3005,UC,1,0,StratifiedGroupKFold
CSM5FZ1T,C3006,UC,1,1,StratifiedGroupKFold
CSM5FZ1U,C3006,UC,1,1,StratifiedGroupKFold
CSM5FZ1V,C3006,UC,1,1,StratifiedGroupKFold
CSM5FZ1W,C3006,UC,1,1,StratifiedGroupKFold
CSM5FZ22,C3008,CD,1,4,StratifiedGroupKFold
CSM5FZ23,C3008,CD,1,4,StratifiedGroupKFold
CSM5FZ24,C3008,CD,1,4,StratifiedGroupKFold
CSM5FZ27,C3010,CD,1,1,StratifiedGroupKFold
CSM5FZ28,C3010,CD,1,1,StratifiedGroupKFold
CSM5FZ29,C3010,CD,1,1,StratifiedGroupKFold
CSM5FZ2A,C3011,UC,1,1,StratifiedGroupKFold
CSM5FZ2B,C3011,UC,1,1,StratifiedGroupKFold
CSM5FZ2C,C3011,UC,1,1,StratifiedGroupKFold
CSM5FZ2D,C3012,CD,1,1,StratifiedGroupKFold
CSM5FZ2E,C3012,CD,1,1,StratifiedGroupKFold
CSM5FZ2F,C3012,CD,1,1,StratifiedGroupKFold
CSM5FZ2G,C3013,UC,1,4,StratifiedGroupKFold
CSM5FZ2H,C3013,UC,1,4,StratifiedGroupKFold
CSM5FZ2I,C3013,UC,1,4,StratifiedGroupKFold
CSM5FZ2L,C3015,UC,1,0,StratifiedGroupKFold
CSM5FZ2M,C3015,UC,1,0,StratifiedGroupKFold
CSM5FZ2N,C3015,UC,1,0,StratifiedGroupKFold
CSM5FZ2O,C3016,CD,1,2,StratifiedGroupKFold
CSM5FZ2P,C3016,CD,1,2,StratifiedGroupKFold
CSM5FZ2Q,C3016,CD,1,2,StratifiedGroupKFold
CSM5FZ2R,C3017,CD,1,2,StratifiedGroupKFold
CSM5FZ2S,C3017,CD,1,2,StratifiedGroupKFold
CSM5FZ2T,C3017,CD,1,2,StratifiedGroupKFold
CSM5FZ34,C3021,CD,1,2,StratifiedGroupKFold
CSM5FZ35,C3021,CD,1,2,StratifiedGroupKFold
CSM5FZ36,C3021,CD,1,2,StratifiedGroupKFold
CSM5FZ37,C3021,CD,1,2,StratifiedGroupKFold
CSM5FZ38,C3022,nonIBD,0,3,StratifiedGroupKFold
CSM5FZ39,C3022,nonIBD,0,3,StratifiedGroupKFold
CSM5FZ3A,C3023,CD,1,1,StratifiedGroupKFold
CSM5FZ3B,C3023,CD,1,1,StratifiedGroupKFold
CSM5FZ3C,C3023,CD,1,1,StratifiedGroupKFold
CSM5FZ3N,C3001,CD,1,1,StratifiedGroupKFold
CSM5FZ3N_P,C3001,CD,1,1,StratifiedGroupKFold
CSM5FZ3R_P,C3001,CD,1,1,StratifiedGroupKFold
CSM5FZ3T,C3002,CD,1,0,StratifiedGroupKFold
CSM5FZ3T_P,C3002,CD,1,0,StratifiedGroupKFold
CSM5FZ3V_P,C3001,CD,1,1,StratifiedGroupKFold
CSM5FZ3X_P,C3002,CD,1,0,StratifiedGroupKFold
CSM5FZ3Z_P,C3002,CD,1,0,StratifiedGroupKFold
CSM5FZ42_P,C3002,CD,1,0,StratifiedGroupKFold
CSM5FZ44,C3002,CD,1,0,StratifiedGroupKFold
CSM5FZ44_P,C3002,CD,1,0,StratifiedGroupKFold
CSM5FZ46_P,C3002,CD,1,0,StratifiedGroupKFold
CSM5FZ48,C3003,UC,1,4,StratifiedGroupKFold
CSM5FZ4A,C3004,UC,1,3,StratifiedGroupKFold
CSM5FZ4A_P,C3004,UC,1,3,StratifiedGroupKFold
CSM5FZ4C,C3001,CD,1,1,StratifiedGroupKFold
CSM5FZ4C_P,C3001,CD,1,1,StratifiedGroupKFold
CSM5FZ4E_P,C3003,UC,1,4,StratifiedGroupKFold
CSM5FZ4G_P,C3003,UC,1,4,StratifiedGroupKFold
CSM5FZ4K,C3003,UC,1,4,StratifiedGroupKFold
CSM5FZ4K_P,C3003,UC,1,4,StratifiedGroupKFold
CSM5FZ4M,C3003,UC,1,4,StratifiedGroupKFold
CSM5FZ4O,C3005,UC,1,0,StratifiedGroupKFold
CSM5LLGB_P,M2014,CD,1,2,StratifiedGroupKFold
CSM5MCTZ,C3006,UC,1,1,StratifiedGroupKFold
CSM5MCTZ_P,C3006,UC,1,1,StratifiedGroupKFold
CSM5MCU4,C3008,CD,1,4,StratifiedGroupKFold
CSM5MCU4_P,C3008,CD,1,4,StratifiedGroupKFold
CSM5MCU8_P,C3004,UC,1,3,StratifiedGroupKFold
CSM5MCUA_P,C3004,UC,1,3,StratifiedGroupKFold
CSM5MCUC,C3004,UC,1,3,StratifiedGroupKFold
CSM5MCUC_P,C3004,UC,1,3,StratifiedGroupKFold
CSM5MCUE_P,C3004,UC,1,3,StratifiedGroupKFold
CSM5MCUG_P,C3006,UC,1,1,StratifiedGroupKFold
CSM5MCUK_P,C3006,UC,1,1,StratifiedGroupKFold
CSM5MCUM,C3006,UC,1,1,StratifiedGroupKFold
CSM5MCUO,C3006,UC,1,1,StratifiedGroupKFold
CSM5MCUQ_P,C3005,UC,1,0,StratifiedGroupKFold
CSM5MCUS_P,C3005,UC,1,0,StratifiedGroupKFold
CSM5MCUU,C3005,UC,1,0,StratifiedGroupKFold
CSM5MCUW_P,C3005,UC,1,0,StratifiedGroupKFold
CSM5MCUY_P,C3005,UC,1,0,StratifiedGroupKFold
CSM5MCV1_P,C3007,CD,1,3,StratifiedGroupKFold
CSM5MCV5_P,C3007,CD,1,3,StratifiedGroupKFold
CSM5MCVB_P,C3007,CD,1,3,StratifiedGroupKFold
CSM5MCVD_P,C3001,CD,1,1,StratifiedGroupKFold
CSM5MCVF_P,C3001,CD,1,1,StratifiedGroupKFold
CSM5MCVH,C3009,CD,1,4,StratifiedGroupKFold
CSM5MCVJ_P,C3002,CD,1,0,StratifiedGroupKFold
CSM5MCVL,C3002,CD,1,0,StratifiedGroupKFold
CSM5MCVN,C3002,CD,1,0,StratifiedGroupKFold
CSM5MCVV,C3001,CD,1,1,StratifiedGroupKFold
CSM5MCVV_P,C3001,CD,1,1,StratifiedGroupKFold
CSM5MCVZ_P,C3008,CD,1,4,StratifiedGroupKFold
CSM5MCW4,C3008,CD,1,4,StratifiedGroupKFold
CSM5MCW4_P,C3008,CD,1,4,StratifiedGroupKFold
CSM5MCW6,C3008,CD,1,4,StratifiedGroupKFold
CSM5MCWA_P,C3009,CD,1,4,StratifiedGroupKFold
CSM5MCWC,C3009,CD,1,4,StratifiedGroupKFold
CSM5MCWE,C3009,CD,1,4,StratifiedGroupKFold
CSM5MCWG,C3009,CD,1,4,StratifiedGroupKFold
CSM5MCWI_P,C3001,CD,1,1,StratifiedGroupKFold
CSM5MCWK,C3010,CD,1,1,StratifiedGroupKFold
CSM5MCWK_P,C3010,CD,1,1,StratifiedGroupKFold
CSM5MCWM_P,C3003,UC,1,4,StratifiedGroupKFold
CSM5MCWQ,C3003,UC,1,4,StratifiedGroupKFold
CSM5MCX3,C3006,UC,1,1,StratifiedGroupKFold
CSM5MCXB,C3011,UC,1,1,StratifiedGroupKFold
CSM5MCXB_P,C3011,UC,1,1,StratifiedGroupKFold
CSM5MCXD,C3001,CD,1,1,StratifiedGroupKFold
CSM5MCXF,C3012,CD,1,1,StratifiedGroupKFold
CSM5MCXF_P,C3012,CD,1,1,StratifiedGroupKFold
CSM5MCXH,C3004,UC,1,3,StratifiedGroupKFold
CSM5MCXJ,C3004,UC,1,3,StratifiedGroupKFold
CSM5MCXL,C3004,UC,1,3,StratifiedGroupKFold
CSM5MCXN,C3004,UC,1,3,StratifiedGroupKFold
CSM5MCXP,C3004,UC,1,3,StratifiedGroupKFold
CSM5MCXR,C3004,UC,1,3,StratifiedGroupKFold
CSM5MCXT,C3010,CD,1,1,StratifiedGroupKFold
CSM5MCXV,C3010,CD,1,1,StratifiedGroupKFold
CSM5MCXX_P,C3010,CD,1,1,StratifiedGroupKFold
CSM5MCXZ,C3010,CD,1,1,StratifiedGroupKFold
CSM5MCXZ_P,C3010,CD,1,1,StratifiedGroupKFold
CSM5MCY2,C3010,CD,1,1,StratifiedGroupKFold
CSM5MCY4,C3005,UC,1,0,StratifiedGroupKFold
CSM5MCY8,C3005,UC,1,0,StratifiedGroupKFold
CSM5MCYI_P,C3011,UC,1,1,StratifiedGroupKFold
CSM5MCYK,C3003,UC,1,4,StratifiedGroupKFold
CSM5MCYM_P,C3011,UC,1,1,StratifiedGroupKFold
CSM5MCYO,C3011,UC,1,1,StratifiedGroupKFold
CSM5MCYO_P,C3011,UC,1,1,StratifiedGroupKFold
CSM5MCYQ_P,C3011,UC,1,1,StratifiedGroupKFold
CSM5MCYS,C3001,CD,1,1,StratifiedGroupKFold
CSM5MCYU,C3013,UC,1,4,StratifiedGroupKFold
CSM5MCYU_P,C3013,UC,1,4,StratifiedGroupKFold
CSM5MCYW,C3008,CD,1,4,StratifiedGroupKFold
CSM5MCZ3,C3008,CD,1,4,StratifiedGroupKFold
CSM5MCZ5,C3008,CD,1,4,StratifiedGroupKFold
CSM5MCZ7,C3008,CD,1,4,StratifiedGroupKFold
CSM5MCZB,C3012,CD,1,1,StratifiedGroupKFold
CSM5MCZD,C3012,CD,1,1,StratifiedGroupKFold
CSM5MCZF,C3012,CD,1,1,StratifiedGroupKFold
CSM5YRY7_P,C3001,CD,1,1,StratifiedGroupKFold
CSM67U9B,C3012,CD,1,1,StratifiedGroupKFold
CSM67U9D,C3012,CD,1,1,StratifiedGroupKFold
CSM67U9H,C3013,UC,1,4,StratifiedGroupKFold
CSM67U9H_P,C3013,UC,1,4,StratifiedGroupKFold
CSM67U9J,C3001,CD,1,1,StratifiedGroupKFold
CSM67U9N,C3013,UC,1,4,StratifiedGroupKFold
CSM67U9P,C3013,UC,1,4,StratifiedGroupKFold
CSM67U9P_P,C3013,UC,1,4,StratifiedGroupKFold
CSM67U9R_P,C3013,UC,1,4,StratifiedGroupKFold
CSM67U9T,C3015,UC,1,0,StratifiedGroupKFold
CSM67U9T_P,C3015,UC,1,0,StratifiedGroupKFold
CSM67U9V,C3016,CD,1,2,StratifiedGroupKFold
CSM67U9V_P,C3016,CD,1,2,StratifiedGroupKFold
CSM67U9X,C3017,CD,1,2,StratifiedGroupKFold
CSM67U9X_P,C3017,CD,1,2,StratifiedGroupKFold
CSM67UA2,C3001,CD,1,1,StratifiedGroupKFold
CSM67UAA,C3009,CD,1,4,StratifiedGroupKFold
CSM67UAG,C3009,CD,1,4,StratifiedGroupKFold
CSM67UAI_P,C3020,CD,1,2,StratifiedGroupKFold
CSM67UAK,C3015,UC,1,0,StratifiedGroupKFold
CSM67UAM,C3015,UC,1,0,StratifiedGroupKFold
CSM67UAO,C3015,UC,1,0,StratifiedGroupKFold
CSM67UAQ,C3015,UC,1,0,StratifiedGroupKFold
CSM67UAS,C3015,UC,1,0,StratifiedGroupKFold
CSM67UAU,C3016,CD,1,2,StratifiedGroupKFold
CSM67UAW,C3016,CD,1,2,StratifiedGroupKFold
CSM67UAY,C3016,CD,1,2,StratifiedGroupKFold
CSM67UB1,C3016,CD,1,2,StratifiedGroupKFold
CSM67UB3,C3016,CD,1,2,StratifiedGroupKFold
CSM67UB5_P,C3017,CD,1,2,StratifiedGroupKFold
CSM67UB7_P,C3017,CD,1,2,StratifiedGroupKFold
CSM67UB9,C3017,CD,1,2,StratifiedGroupKFold
CSM67UB9_P,C3017,CD,1,2,StratifiedGroupKFold
CSM67UBB,C3017,CD,1,2,StratifiedGroupKFold
CSM67UBD,C3017,CD,1,2,StratifiedGroupKFold
CSM67UBF,C3002,CD,1,0,StratifiedGroupKFold
CSM67UBH,C3002,CD,1,0,StratifiedGroupKFold
CSM67UBN,C3002,CD,1,0,StratifiedGroupKFold
CSM67UBR,C3002,CD,1,0,StratifiedGroupKFold
CSM67UBX,C3003,UC,1,4,StratifiedGroupKFold
CSM67UBZ,C3003,UC,1,4,StratifiedGroupKFold
CSM67UC6,C3003,UC,1,4,StratifiedGroupKFold
CSM67UCK,C3010,CD,1,1,StratifiedGroupKFold
CSM67UCU_P,C3019,CD,1,2,StratifiedGroupKFold
CSM67UDF,C3004,UC,1,3,StratifiedGroupKFold
CSM67UDJ,C3004,UC,1,3,StratifiedGroupKFold
CSM67UDN,C3004,UC,1,3,StratifiedGroupKFold
CSM67UDR,C3004,UC,1,3,StratifiedGroupKFold
CSM67UDR_TR,C3004,UC,1,3,StratifiedGroupKFold
CSM67UDY,C3004,UC,1,3,StratifiedGroupKFold
CSM67UE3,C3005,UC,1,0,StratifiedGroupKFold
CSM67UE7,C3005,UC,1,0,StratifiedGroupKFold
CSM67UEA,C3005,UC,1,0,StratifiedGroupKFold
CSM67UEI,C3005,UC,1,0,StratifiedGroupKFold
CSM67UEM,C3005,UC,1,0,StratifiedGroupKFold
CSM67UEP_P,C3011,UC,1,1,StratifiedGroupKFold
CSM67UET_P,C3011,UC,1,1,StratifiedGroupKFold
CSM67UEW,C3011,UC,1,1,StratifiedGroupKFold
CSM67UEW_P,C3011,UC,1,1,StratifiedGroupKFold
CSM67UEW_TR,C3011,UC,1,1,StratifiedGroupKFold
CSM67UF1,C3011,UC,1,1,StratifiedGroupKFold
CSM67UF1_P,C3011,UC,1,1,StratifiedGroupKFold
CSM67UF5,C3011,UC,1,1,StratifiedGroupKFold
CSM67UFV,C3006,UC,1,1,StratifiedGroupKFold
CSM67UFZ,C3006,UC,1,1,StratifiedGroupKFold
CSM67UG8,C3006,UC,1,1,StratifiedGroupKFold
CSM67UGC,C3001,CD,1,1,StratifiedGroupKFold
CSM67UGO,C3012,CD,1,1,StratifiedGroupKFold
CSM67UH7,C3022,nonIBD,0,3,StratifiedGroupKFold
CSM6J2H9_P,M2039,nonIBD,0,4,StratifiedGroupKFold
CSM79HG4,C3023,CD,1,1,StratifiedGroupKFold
CSM79HG5,C3001,CD,1,1,StratifiedGroupKFold
CSM79HG7_P,C3024,CD,1,0,StratifiedGroupKFold
CSM79HGD_P,C3013,UC,1,4,StratifiedGroupKFold
CSM79HGF,C3013,UC,1,4,StratifiedGroupKFold
CSM79HGF_P,C3013,UC,1,4,StratifiedGroupKFold
CSM79HGH,C3013,UC,1,4,StratifiedGroupKFold
CSM79HGH_P,C3013,UC,1,4,StratifiedGroupKFold
CSM79HGJ_P,C3013,UC,1,4,StratifiedGroupKFold
CSM79HGL_P,C3013,UC,1,4,StratifiedGroupKFold
CSM79HGN_P,C3013,UC,1,4,StratifiedGroupKFold
CSM79HGP,C3001,CD,1,1,StratifiedGroupKFold
CSM79HGR_P,C3022,nonIBD,0,3,StratifiedGroupKFold
CSM79HGV_P,C3022,nonIBD,0,3,StratifiedGroupKFold
CSM79HGX,C3022,nonIBD,0,3,StratifiedGroupKFold
CSM79HGZ,C3022,nonIBD,0,3,StratifiedGroupKFold
CSM79HH2_P,C3023,CD,1,1,StratifiedGroupKFold
CSM79HH4,C3023,CD,1,1,StratifiedGroupKFold
CSM79HH8,C3023,CD,1,1,StratifiedGroupKFold
CSM79HHA,C3023,CD,1,1,StratifiedGroupKFold
CSM79HHM,C3021,CD,1,2,StratifiedGroupKFold
CSM79HHO,C3021,CD,1,2,StratifiedGroupKFold
CSM79HHU,C3021,CD,1,2,StratifiedGroupKFold
CSM79HHW,C3027,CD,1,3,StratifiedGroupKFold
CSM79HHW_P,C3027,CD,1,3,StratifiedGroupKFold
CSM79HI3,C3009,CD,1,4,StratifiedGroupKFold
CSM79HI7,C3009,CD,1,4,StratifiedGroupKFold
CSM79HIB,C3009,CD,1,4,StratifiedGroupKFold
CSM79HID,C3015,UC,1,0,StratifiedGroupKFold
CSM79HIF,C3015,UC,1,0,StratifiedGroupKFold
CSM79HIH,C3015,UC,1,0,StratifiedGroupKFold
CSM79HIJ,C3015,UC,1,0,StratifiedGroupKFold
CSM79HIL,C3015,UC,1,0,StratifiedGroupKFold
CSM79HIN,C3015,UC,1,0,StratifiedGroupKFold
CSM79HIR,C3016,CD,1,2,StratifiedGroupKFold
CSM79HIT,C3016,CD,1,2,StratifiedGroupKFold
CSM79HIV,C3016,CD,1,2,StratifiedGroupKFold
CSM79HIX,C3016,CD,1,2,StratifiedGroupKFold
CSM79HIZ,C3016,CD,1,2,StratifiedGroupKFold
CSM79HJ2_P,C3017,CD,1,2,StratifiedGroupKFold
CSM79HJ4_P,C3017,CD,1,2,StratifiedGroupKFold
CSM79HJ6,C3017,CD,1,2,StratifiedGroupKFold
CSM79HJ6_P,C3017,CD,1,2,StratifiedGroupKFold
CSM79HJ8_P,C3017,CD,1,2,StratifiedGroupKFold
CSM79HJA,C3017,CD,1,2,StratifiedGroupKFold
CSM79HJC_P,C3017,CD,1,2,StratifiedGroupKFold
CSM79HJE,C3028,CD,1,4,StratifiedGroupKFold
CSM79HJG,C3029,UC,1,3,StratifiedGroupKFold
CSM79HJI,C3030,CD,1,0,StratifiedGroupKFold
CSM79HJI_P,C3030,CD,1,0,StratifiedGroupKFold
CSM79HJM,C3027,CD,1,3,StratifiedGroupKFold
CSM79HJO,C3027,CD,1,3,StratifiedGroupKFold
CSM79HJQ,C3027,CD,1,3,StratifiedGroupKFold
CSM79HJS,C3027,CD,1,3,StratifiedGroupKFold
CSM79HJU,C3027,CD,1,3,StratifiedGroupKFold
CSM79HJW,C3002,CD,1,0,StratifiedGroupKFold
CSM79HJY,C3002,CD,1,0,StratifiedGroupKFold
CSM79HK1,C3002,CD,1,0,StratifiedGroupKFold
CSM79HK5,C3002,CD,1,0,StratifiedGroupKFold
CSM79HK9,C3010,CD,1,1,StratifiedGroupKFold
CSM79HKB,C3010,CD,1,1,StratifiedGroupKFold
CSM79HKR,C3008,CD,1,4,StratifiedGroupKFold
CSM79HKT,C3008,CD,1,4,StratifiedGroupKFold
CSM79HKV,C3008,CD,1,4,StratifiedGroupKFold
CSM79HKX,C3028,CD,1,4,StratifiedGroupKFold
CSM79HKZ,C3028,CD,1,4,StratifiedGroupKFold
CSM79HL2,C3028,CD,1,4,StratifiedGroupKFold
CSM79HL4,C3028,CD,1,4,StratifiedGroupKFold
CSM79HL6,C3028,CD,1,4,StratifiedGroupKFold
CSM79HLA,C3004,UC,1,3,StratifiedGroupKFold
CSM79HLA_TR,C3004,UC,1,3,StratifiedGroupKFold
CSM79HLC,C3004,UC,1,3,StratifiedGroupKFold
CSM79HLE,C3004,UC,1,3,StratifiedGroupKFold
CSM79HLG,C3004,UC,1,3,StratifiedGroupKFold
CSM79HLI,C3004,UC,1,3,StratifiedGroupKFold
CSM79HLK,C3004,UC,1,3,StratifiedGroupKFold
CSM79HLM,C3003,UC,1,4,StratifiedGroupKFold
CSM79HLW,C3003,UC,1,4,StratifiedGroupKFold
CSM79HM1,C3011,UC,1,1,StratifiedGroupKFold
CSM79HM5_P,C3011,UC,1,1,StratifiedGroupKFold
CSM79HM7,C3011,UC,1,1,StratifiedGroupKFold
CSM79HM9,C3011,UC,1,1,StratifiedGroupKFold
CSM79HM9_P,C3011,UC,1,1,StratifiedGroupKFold
CSM79HMN,C3006,UC,1,1,StratifiedGroupKFold
CSM79HMP,C3006,UC,1,1,StratifiedGroupKFold
CSM79HMT,C3006,UC,1,1,StratifiedGroupKFold
CSM79HMX,C3006,UC,1,1,StratifiedGroupKFold
CSM79HMZ,C3001,CD,1,1,StratifiedGroupKFold
CSM79HN2,C3021,CD,1,2,StratifiedGroupKFold
CSM79HN6,C3021,CD,1,2,StratifiedGroupKFold
CSM79HNE,C3029,UC,1,3,StratifiedGroupKFold
CSM79HNG_P,C3029,UC,1,3,StratifiedGroupKFold
CSM79HNI,C3029,UC,1,3,StratifiedGroupKFold
CSM79HNK,C3029,UC,1,3,StratifiedGroupKFold
CSM79HNM,C3029,UC,1,3,StratifiedGroupKFold
CSM79HNO,C3030,CD,1,0,StratifiedGroupKFold
CSM79HNQ,C3030,CD,1,0,StratifiedGroupKFold
CSM79HNU,C3030,CD,1,0,StratifiedGroupKFold
CSM79HNW,C3030,CD,1,0,StratifiedGroupKFold
CSM79HNY_P,C3031,CD,1,1,StratifiedGroupKFold
CSM79HO1,C3005,UC,1,0,StratifiedGroupKFold
CSM79HO9,C3005,UC,1,0,StratifiedGroupKFold
CSM79HOD,C3010,CD,1,1,StratifiedGroupKFold
CSM79HOF,C3010,CD,1,1,StratifiedGroupKFold
CSM79HOH,C3010,CD,1,1,StratifiedGroupKFold
CSM79HOJ,C3012,CD,1,1,StratifiedGroupKFold
CSM79HOL,C3012,CD,1,1,StratifiedGroupKFold
CSM79HOT,C3012,CD,1,1,StratifiedGroupKFold
CSM79HOV,C3022,nonIBD,0,3,StratifiedGroupKFold
CSM79HOX,C3022,nonIBD,0,3,StratifiedGroupKFold
CSM79HOZ,C3022,nonIBD,0,3,StratifiedGroupKFold
CSM79HP2,C3022,nonIBD,0,3,StratifiedGroupKFold
CSM79HP4,C3022,nonIBD,0,3,StratifiedGroupKFold
CSM79HP6,C3022,nonIBD,0,3,StratifiedGroupKFold
CSM79HPA,C3023,CD,1,1,StratifiedGroupKFold
CSM79HPA_TR,C3023,CD,1,1,StratifiedGroupKFold
CSM79HPC,C3023,CD,1,1,StratifiedGroupKFold
CSM79HPK,C3013,UC,1,4,StratifiedGroupKFold
CSM79HPM,C3013,UC,1,4,StratifiedGroupKFold
CSM79HPM_P,C3013,UC,1,4,StratifiedGroupKFold
CSM79HPO,C3013,UC,1,4,StratifiedGroupKFold
CSM79HPQ_P,C3013,UC,1,4,StratifiedGroupKFold
CSM79HPS,C3013,UC,1,4,StratifiedGroupKFold
CSM79HPU,C3013,UC,1,4,StratifiedGroupKFold
CSM79HQ9,C3008,CD,1,4,StratifiedGroupKFold
CSM79HQB,C3008,CD,1,4,StratifiedGroupKFold
CSM79HQF,C3008,CD,1,4,StratifiedGroupKFold
CSM79HQH,C3008,CD,1,4,StratifiedGroupKFold
CSM79HQL,C3032,UC,1,3,StratifiedGroupKFold
CSM79HQN,C3035,CD,1,3,StratifiedGroupKFold
CSM79HQR,C3034,UC,1,2,StratifiedGroupKFold
CSM79HQR_P,C3034,UC,1,2,StratifiedGroupKFold
CSM79HQT_P,C3011,UC,1,1,StratifiedGroupKFold
CSM79HQV,C3027,CD,1,3,StratifiedGroupKFold
CSM79HQX,C3027,CD,1,3,StratifiedGroupKFold
CSM79HQZ,C3027,CD,1,3,StratifiedGroupKFold
CSM79HR2,C3027,CD,1,3,StratifiedGroupKFold
CSM79HR4,C3027,CD,1,3,StratifiedGroupKFold
CSM79HR6,C3027,CD,1,3,StratifiedGroupKFold
CSM79HR8,C3031,CD,1,1,StratifiedGroupKFold
CSM79HRC,C3031,CD,1,1,StratifiedGroupKFold
CSM79HRE,C3031,CD,1,1,StratifiedGroupKFold
CSM79HRG,C3031,CD,1,1,StratifiedGroupKFold
CSM7CZ2F_P,H4008,nonIBD,0,1,StratifiedGroupKFold
CSM7KOJE,C3009,CD,1,4,StratifiedGroupKFold
CSM7KOJG,C3009,CD,1,4,StratifiedGroupKFold
CSM7KOJO,C3009,CD,1,4,StratifiedGroupKFold
CSM7KOJQ,C3015,UC,1,0,StratifiedGroupKFold
CSM7KOJS,C3015,UC,1,0,StratifiedGroupKFold
CSM7KOJU,C3015,UC,1,0,StratifiedGroupKFold
CSM7KOJW,C3015,UC,1,0,StratifiedGroupKFold
CSM7KOJY,C3015,UC,1,0,StratifiedGroupKFold
CSM7KOK1,C3015,UC,1,0,StratifiedGroupKFold
CSM7KOK3,C3016,CD,1,2,StratifiedGroupKFold
CSM7KOK5,C3016,CD,1,2,StratifiedGroupKFold
CSM7KOK7,C3016,CD,1,2,StratifiedGroupKFold
CSM7KOKB,C3016,CD,1,2,StratifiedGroupKFold
CSM7KOKD,C3016,CD,1,2,StratifiedGroupKFold
CSM7KOKF,C3017,CD,1,2,StratifiedGroupKFold
CSM7KOKH,C3017,CD,1,2,StratifiedGroupKFold
CSM7KOKH_P,C3017,CD,1,2,StratifiedGroupKFold
CSM7KOKJ,C3017,CD,1,2,StratifiedGroupKFold
CSM7KOKL_P,C3017,CD,1,2,StratifiedGroupKFold
CSM7KOKN,C3017,CD,1,2,StratifiedGroupKFold
CSM7KOKP_P,C3017,CD,1,2,StratifiedGroupKFold
CSM7KOKR,C3028,CD,1,4,StratifiedGroupKFold
CSM7KOKT,C3028,CD,1,4,StratifiedGroupKFold
CSM7KOKZ,C3028,CD,1,4,StratifiedGroupKFold
CSM7KOL2,C3028,CD,1,4,StratifiedGroupKFold
CSM7KOL4,C3010,CD,1,1,StratifiedGroupKFold
CSM7KOLA,C3010,CD,1,1,StratifiedGroupKFold
CSM7KOLE,C3010,CD,1,1,StratifiedGroupKFold
CSM7KOLK,C3021,CD,1,2,StratifiedGroupKFold
CSM7KOLM,C3021,CD,1,2,StratifiedGroupKFold
CSM7KOLY,C3029,UC,1,3,StratifiedGroupKFold
CSM7KOM1,C3029,UC,1,3,StratifiedGroupKFold
CSM7KOMB,C3030,CD,1,0,StratifiedGroupKFold
CSM7KOMD,C3030,CD,1,0,StratifiedGroupKFold
CSM7KOMH,C3030,CD,1,0,StratifiedGroupKFold
CSM7KOMP,C3011,UC,1,1,StratifiedGroupKFold
CSM7KOMR_P,C3011,UC,1,1,StratifiedGroupKFold
CSM7KOMT,C3011,UC,1,1,StratifiedGroupKFold
CSM7KOMV_P,C3011,UC,1,1,StratifiedGroupKFold
CSM7KOMX,C3012,CD,1,1,StratifiedGroupKFold
CSM7KOMZ,C3012,CD,1,1,StratifiedGroupKFold
CSM7KON2,C3012,CD,1,1,StratifiedGroupKFold
CSM7KON8,C3012,CD,1,1,StratifiedGroupKFold
CSM7KONA,C3023,CD,1,1,StratifiedGroupKFold
CSM7KONC,C3023,CD,1,1,StratifiedGroupKFold
CSM7KONK,C3023,CD,1,1,StratifiedGroupKFold
CSM7KONS,C3013,UC,1,4,StratifiedGroupKFold
CSM7KONS_P,C3013,UC,1,4,StratifiedGroupKFold
CSM7KONU,C3013,UC,1,4,StratifiedGroupKFold
CSM7KONW_P,C3013,UC,1,4,StratifiedGroupKFold
CSM7KOO5,C3031,CD,1,1,StratifiedGroupKFold
CSM7KOO9,C3031,CD,1,1,StratifiedGroupKFold
CSM7KOOD,C3031,CD,1,1,StratifiedGroupKFold
CSM7KOOF,C3031,CD,1,1,StratifiedGroupKFold
CSM7KOOH,C3022,nonIBD,0,3,StratifiedGroupKFold
CSM7KOOJ,C3022,nonIBD,0,3,StratifiedGroupKFold
CSM7KOOL,C3022,nonIBD,0,3,StratifiedGroupKFold
CSM7KOON,C3022,nonIBD,0,3,StratifiedGroupKFold
CSM7KOOP,C3022,nonIBD,0,3,StratifiedGroupKFold
CSM7KOOR,C3022,nonIBD,0,3,StratifiedGroupKFold
CSM7KOOT,C3027,CD,1,3,StratifiedGroupKFold
CSM7KOOV,C3027,CD,1,3,StratifiedGroupKFold
CSM7KOOX,C3027,CD,1,3,StratifiedGroupKFold
CSM7KOOZ,C3027,CD,1,3,StratifiedGroupKFold
CSM7KOP2,C3027,CD,1,3,StratifiedGroupKFold
CSM7KOP6,C3032,UC,1,3,StratifiedGroupKFold
CSM7KOP8,C3032,UC,1,3,StratifiedGroupKFold
CSM7KOPC,C3032,UC,1,3,StratifiedGroupKFold
CSM7KOPE,C3032,UC,1,3,StratifiedGroupKFold
CSM7KOPG,C3015,UC,1,0,StratifiedGroupKFold
CSM7KOPI,C3015,UC,1,0,StratifiedGroupKFold
CSM7KOPK,C3015,UC,1,0,StratifiedGroupKFold
CSM7KOPM,C3015,UC,1,0,StratifiedGroupKFold
CSM7KOPO,C3015,UC,1,0,StratifiedGroupKFold
CSM7KOPQ,C3015,UC,1,0,StratifiedGroupKFold
CSM7KOPS,C3016,CD,1,2,StratifiedGroupKFold
CSM7KOPU,C3016,CD,1,2,StratifiedGroupKFold
CSM7KOPW,C3016,CD,1,2,StratifiedGroupKFold
CSM7KOQ1,C3016,CD,1,2,StratifiedGroupKFold
CSM7KOQ3,C3016,CD,1,2,StratifiedGroupKFold
CSM7KOQ5_P,C3036,UC,1,2,StratifiedGroupKFold
CSM7KOQ7,C3037,UC,1,3,StratifiedGroupKFold
CSM7KOQP_P,C3033,CD,1,3,StratifiedGroupKFold
CSM7KOQX,C3017,CD,1,2,StratifiedGroupKFold
CSM7KOQZ,C3017,CD,1,2,StratifiedGroupKFold
CSM7KOQZ_P,C3017,CD,1,2,StratifiedGroupKFold
CSM7KOR2,C3017,CD,1,2,StratifiedGroupKFold
CSM7KOR4_P,C3017,CD,1,2,StratifiedGroupKFold
CSM7KOR8,C3017,CD,1,2,StratifiedGroupKFold
CSM7KOR8_P,C3017,CD,1,2,StratifiedGroupKFold
CSM7KORC,C3028,CD,1,4,StratifiedGroupKFold
CSM7KORG,C3028,CD,1,4,StratifiedGroupKFold
CSM7KORI,C3028,CD,1,4,StratifiedGroupKFold
CSM7KORK,C3028,CD,1,4,StratifiedGroupKFold
CSM7KORM,C3034,UC,1,2,StratifiedGroupKFold
CSM7KORO,C3034,UC,1,2,StratifiedGroupKFold
CSM7KORS,C3034,UC,1,2,StratifiedGroupKFold
CSM7KORU,C3034,UC,1,2,StratifiedGroupKFold
CSM7KOS7,C3029,UC,1,3,StratifiedGroupKFold
CSM7KOS9,C3029,UC,1,3,StratifiedGroupKFold
CSM7KOSH,C3029,UC,1,3,StratifiedGroupKFold
CSM7KOSJ,C3030,CD,1,0,StratifiedGroupKFold
CSM7KOSL,C3030,CD,1,0,StratifiedGroupKFold
CSM7KOSP,C3030,CD,1,0,StratifiedGroupKFold
CSM7KOST,C3030,CD,1,0,StratifiedGroupKFold
CSM7KOSV,C3021,CD,1,2,StratifiedGroupKFold
CSM7KOSX,C3021,CD,1,2,StratifiedGroupKFold
CSM7KOTA,C3023,CD,1,1,StratifiedGroupKFold
CSM7KOTC,C3023,CD,1,1,StratifiedGroupKFold
CSM7KOTK,C3023,CD,1,1,StratifiedGroupKFold
CSM7KOTO,C3035,CD,1,3,StratifiedGroupKFold
CSM7KOTQ,C3035,CD,1,3,StratifiedGroupKFold
CSM7KOTS,C3035,CD,1,3,StratifiedGroupKFold
CSM7KOTU,C3035,CD,1,3,StratifiedGroupKFold
CSM7KOU7_P,C3032,UC,1,3,StratifiedGroupKFold
CSM7KOU9,C3032,UC,1,3,StratifiedGroupKFold
CSM7KOUB,C3032,UC,1,3,StratifiedGroupKFold
CSM7KOUF,C3032,UC,1,3,StratifiedGroupKFold
CSM7KOUJ_P,C3037,UC,1,3,StratifiedGroupKFold
CSM7KOUL,C3037,UC,1,3,StratifiedGroupKFold
CSM7KOUN,C3037,UC,1,3,StratifiedGroupKFold
CSM7KOUP,C3037,UC,1,3,StratifiedGroupKFold
CSM7KOUR,C3037,UC,1,3,StratifiedGroupKFold
CSM9X1XU,C3034,UC,1,2,StratifiedGroupKFold
CSM9X1XW,C3034,UC,1,2,StratifiedGroupKFold
CSM9X1Y3,C3034,UC,1,2,StratifiedGroupKFold
CSM9X1Y5,C3029,UC,1,3,StratifiedGroupKFold
CSM9X1Y7,C3029,UC,1,3,StratifiedGroupKFold
CSM9X1YF,C3029,UC,1,3,StratifiedGroupKFold
CSM9X1YV,C3035,CD,1,3,StratifiedGroupKFold
CSM9X1Z4,C3031,CD,1,1,StratifiedGroupKFold
CSM9X1ZC,C3031,CD,1,1,StratifiedGroupKFold
CSM9X1ZO,C3032,UC,1,3,StratifiedGroupKFold
CSM9X1ZQ,C3032,UC,1,3,StratifiedGroupKFold
CSM9X1ZU,C3032,UC,1,3,StratifiedGroupKFold
CSM9X1ZY,C3032,UC,1,3,StratifiedGroupKFold
CSM9X211,C3037,UC,1,3,StratifiedGroupKFold
CSM9X213,C3037,UC,1,3,StratifiedGroupKFold
CSM9X215,C3037,UC,1,3,StratifiedGroupKFold
CSM9X219,C3037,UC,1,3,StratifiedGroupKFold
CSM9X21B,C3028,CD,1,4,StratifiedGroupKFold
CSM9X21J,C3034,UC,1,2,StratifiedGroupKFold
CSM9X21L,C3034,UC,1,2,StratifiedGroupKFold
CSM9X21N,C3034,UC,1,2,StratifiedGroupKFold
CSM9X21P,C3034,UC,1,2,StratifiedGroupKFold
CSM9X21R,C3035,CD,1,3,StratifiedGroupKFold
CSM9X21T,C3035,CD,1,3,StratifiedGroupKFold
CSM9X222,C3035,CD,1,3,StratifiedGroupKFold
CSM9X22G,C3032,UC,1,3,StratifiedGroupKFold
CSM9X22I,C3032,UC,1,3,StratifiedGroupKFold
CSM9X22K,C3032,UC,1,3,StratifiedGroupKFold
CSM9X22Q,C3032,UC,1,3,StratifiedGroupKFold
CSM9X22S,C3037,UC,1,3,StratifiedGroupKFold
CSM9X22U,C3037,UC,1,3,StratifiedGroupKFold
CSM9X233,C3035,CD,1,3,StratifiedGroupKFold
CSM9X235,C3035,CD,1,3,StratifiedGroupKFold
CSM9X237,C3035,CD,1,3,StratifiedGroupKFold
CSM9X23B,C3035,CD,1,3,StratifiedGroupKFold
CSM9X23H,C3037,UC,1,3,StratifiedGroupKFold
CSM9X23J,C3037,UC,1,3,StratifiedGroupKFold
CSM9X23L,C3037,UC,1,3,StratifiedGroupKFold
CSM9X23N,C3037,UC,1,3,StratifiedGroupKFold
CSM9X23P,C3037,UC,1,3,StratifiedGroupKFold
CSMA88CB,C3027,CD,1,3,StratifiedGroupKFold
CSMA8M9R,C3022,nonIBD,0,3,StratifiedGroupKFold
CSMA9J65,C3027,CD,1,3,StratifiedGroupKFold
CSMAAEUA,C3022,nonIBD,0,3,StratifiedGroupKFold
CSMACTZP,C3027,CD,1,3,StratifiedGroupKFold
CSMAE44D,C3022,nonIBD,0,3,StratifiedGroupKFold
CSMAF72L,C3027,CD,1,3,StratifiedGroupKFold
CSMAG78W,C3022,nonIBD,0,3,StratifiedGroupKFold
CSMAH393,C3027,CD,1,3,StratifiedGroupKFold
CSMAHYLR,C3022,nonIBD,0,3,StratifiedGroupKFold
CSMAIG7X,C3027,CD,1,3,StratifiedGroupKFold
CSMDRVXF,C3027,CD,1,3,StratifiedGroupKFold
CSMDRVXG,C3027,CD,1,3,StratifiedGroupKFold
CSMDRVXH,C3027,CD,1,3,StratifiedGroupKFold
CSMDRVXJ,C3028,CD,1,4,StratifiedGroupKFold
CSMDRVXK,C3029,UC,1,3,StratifiedGroupKFold
CSMDRVXL,C3029,UC,1,3,StratifiedGroupKFold
CSMDRVXM,C3029,UC,1,3,StratifiedGroupKFold
CSMDRVXN,C3029,UC,1,3,StratifiedGroupKFold
CSMDRVXO,C3030,CD,1,0,StratifiedGroupKFold
CSMDRVXP,C3030,CD,1,0,StratifiedGroupKFold
CSMDRVXQ,C3030,CD,1,0,StratifiedGroupKFold
CSMDRVXR,C3030,CD,1,0,StratifiedGroupKFold
CSMDRVXS,C3031,CD,1,1,StratifiedGroupKFold
CSMDRVXT,C3031,CD,1,1,StratifiedGroupKFold
CSMDRVXU,C3031,CD,1,1,StratifiedGroupKFold
CSMDRVXX,C3032,UC,1,3,StratifiedGroupKFold
CSMDRVXY,C3034,UC,1,2,StratifiedGroupKFold
CSMDRVXZ,C3034,UC,1,2,StratifiedGroupKFold
CSMDRVY1,C3034,UC,1,2,StratifiedGroupKFold
CSMDRVY2,C3035,CD,1,3,StratifiedGroupKFold
CSMDRVY3,C3035,CD,1,3,StratifiedGroupKFold
CSMDRVY4,C3035,CD,1,3,StratifiedGroupKFold
CSMDRVY5,C3037,UC,1,3,StratifiedGroupKFold
CSMDRVY6,C3037,UC,1,3,StratifiedGroupKFold
CSMDRVY7,C3037,UC,1,3,StratifiedGroupKFold
CSMDTZ4X,C3032,UC,1,3,StratifiedGroupKFold
CSMDTZ4Y,C3032,UC,1,3,StratifiedGroupKFold
ESM5GEXY,E5001,CD,1,2,StratifiedGroupKFold
ESM5GEY7,E5013,CD,1,2,StratifiedGroupKFold
ESM5GEY8,E5013,CD,1,2,StratifiedGroupKFold
ESM5GEY9,E5013,CD,1,2,StratifiedGroupKFold
ESM5GEYA,E5009,CD,1,1,StratifiedGroupKFold
ESM5GEYB,E5009,CD,1,1,StratifiedGroupKFold
ESM5GEYI,E5004,UC,1,3,StratifiedGroupKFold
ESM5GEYK,E5004,UC,1,3,StratifiedGroupKFold
ESM5GEYL,E5004,UC,1,3,StratifiedGroupKFold
ESM5GEYU_P,E5002,nonIBD,0,4,StratifiedGroupKFold
ESM5GEYW_P,E5006,CD,1,0,StratifiedGroupKFold
ESM5GEYX_P,E5003,CD,1,3,StratifiedGroupKFold
ESM5GEYY_P,E5006,CD,1,0,StratifiedGroupKFold
ESM5GEZ1_P,E5002,nonIBD,0,4,StratifiedGroupKFold
ESM5GEZ3_P,E5002,nonIBD,0,4,StratifiedGroupKFold
ESM5GEZ4_P,E5004,UC,1,3,StratifiedGroupKFold
ESM5GEZ6,E5004,UC,1,3,StratifiedGroupKFold
ESM5GEZ6_P,E5004,UC,1,3,StratifiedGroupKFold
ESM5GEZA_P,E5004,UC,1,3,StratifiedGroupKFold
ESM5ME9D_P,E5001,CD,1,2,StratifiedGroupKFold
ESM5ME9G_P,E5001,CD,1,2,StratifiedGroupKFold
ESM5ME9H_P,E5002,nonIBD,0,4,StratifiedGroupKFold
ESM5ME9U,E5004,UC,1,3,StratifiedGroupKFold
ESM5MEA7_P,E5008,UC,1,0,StratifiedGroupKFold
ESM5MEA9_P,E5008,UC,1,0,StratifiedGroupKFold
ESM5MEAB_P,E5008,UC,1,0,StratifiedGroupKFold
ESM5MEAD,E5008,UC,1,0,StratifiedGroupKFold
ESM5MEAG,E5008,UC,1,0,StratifiedGroupKFold
ESM5MEB1,E5002,nonIBD,0,4,StratifiedGroupKFold
ESM5MEB7,E5013,CD,1,2,StratifiedGroupKFold
ESM5MEB9,E5013,CD,1,2,StratifiedGroupKFold
ESM5MEB9_P,E5013,CD,1,2,StratifiedGroupKFold
ESM5MEBA_P,E5001,CD,1,2,StratifiedGroupKFold
ESM5MEBE,E5001,CD,1,2,StratifiedGroupKFold
ESM5MEBG,E5001,CD,1,2,StratifiedGroupKFold
ESM5MEBI,E5001,CD,1,2,StratifiedGroupKFold
ESM5MEBL,E5008,UC,1,0,StratifiedGroupKFold
ESM5MEBP,E5002,nonIBD,0,4,StratifiedGroupKFold
ESM5MEBP_P,E5002,nonIBD,0,4,StratifiedGroupKFold
ESM5MEBS,E5004,UC,1,3,StratifiedGroupKFold
ESM5MEBU,E5004,UC,1,3,StratifiedGroupKFold
ESM5MEC3,E5004,UC,1,3,StratifiedGroupKFold
ESM5MEC5,E5004,UC,1,3,StratifiedGroupKFold
ESM5MEC7_P,E5022,UC,1,4,StratifiedGroupKFold
ESM5MEC9,E5004,UC,1,3,StratifiedGroupKFold
ESM5MECL,E5001,CD,1,2,StratifiedGroupKFold
ESM5MECQ,E5001,CD,1,2,StratifiedGroupKFold
ESM5MED2,E5013,CD,1,2,StratifiedGroupKFold
ESM5MEDD,E5009,CD,1,1,StratifiedGroupKFold
ESM5MEDF,E5009,CD,1,1,StratifiedGroupKFold
ESM5MEDK,E5009,CD,1,1,StratifiedGroupKFold
ESM5MEDN,E5009,CD,1,1,StratifiedGroupKFold
ESM5MEDP_P,E5009,CD,1,1,StratifiedGroupKFold
ESM5MEDU,E5004,UC,1,3,StratifiedGroupKFold
ESM5MEDZ,E5001,CD,1,2,StratifiedGroupKFold
ESM5MEDZ_P,E5001,CD,1,2,StratifiedGroupKFold
ESM5MEE2_P,E5001,CD,1,2,StratifiedGroupKFold
ESM5MEE6_P,E5001,CD,1,2,StratifiedGroupKFold
ESM5MEEB,E5001,CD,1,2,StratifiedGroupKFold
ESM5MEEG,E5004,UC,1,3,StratifiedGroupKFold
ESM5MEEJ_P,E5004,UC,1,3,StratifiedGroupKFold
ESM5MEET,E5002,nonIBD,0,4,StratifiedGroupKFold
ESM6ZK8Z,E5009,CD,1,1,StratifiedGroupKFold
ESM718SY,E5004,UC,1,3,StratifiedGroupKFold
ESM718T7,E5013,CD,1,2,StratifiedGroupKFold
ESM718T9,E5013,CD,1,2,StratifiedGroupKFold
ESM718TF,E5013,CD,1,2,StratifiedGroupKFold
ESM718TK,E5013,CD,1,2,StratifiedGroupKFold
ESM718TM,E5013,CD,1,2,StratifiedGroupKFold
ESM718U9_P,E5023,CD,1,1,StratifiedGroupKFold
ESM718UH,E5009,CD,1,1,StratifiedGroupKFold
ESM718V4,E5013,CD,1,2,StratifiedGroupKFold
ESM718V8,E5013,CD,1,2,StratifiedGroupKFold
ESM7F5AE_P,E5019,CD,1,4,StratifiedGroupKFold
ESM7F5AK,E5009,CD,1,1,StratifiedGroupKFold
ESM7F5AM,E5009,CD,1,1,StratifiedGroupKFold
ESM7F5AO,E5009,CD,1,1,StratifiedGroupKFold
ESM7F5BL,E5004,UC,1,3,StratifiedGroupKFold
ESM7F5C5,E5013,CD,1,2,StratifiedGroupKFold
ESM7F5C7,E5013,CD,1,2,StratifiedGroupKFold
ESM7F5CB,E5009,CD,1,1,StratifiedGroupKFold
ESM7F5CD,E5009,CD,1,1,StratifiedGroupKFold
ESM7F5CF,E5009,CD,1,1,StratifiedGroupKFold
ESM9IEP1,E5013,CD,1,2,StratifiedGroupKFold
ESM9IEP5,E5009,CD,1,1,StratifiedGroupKFold
HSM5FZAE,H4001,CD,1,4,StratifiedGroupKFold
HSM5FZAH,H4001,CD,1,4,StratifiedGroupKFold
HSM5FZAM,H4004,CD,1,4,StratifiedGroupKFold
HSM5FZAN,H4004,CD,1,4,StratifiedGroupKFold
HSM5FZAQ,H4006,CD,1,3,StratifiedGroupKFold
HSM5FZAR,H4006,CD,1,3,StratifiedGroupKFold
HSM5FZAS,H4017,CD,1,2,StratifiedGroupKFold
HSM5FZAT,H4017,CD,1,2,StratifiedGroupKFold
HSM5FZAU,H4017,CD,1,2,StratifiedGroupKFold
HSM5FZAV,H4016,nonIBD,0,0,StratifiedGroupKFold
HSM5FZAW,H4016,nonIBD,0,0,StratifiedGroupKFold
HSM5FZAX,H4016,nonIBD,0,0,StratifiedGroupKFold
HSM5FZAY,H4015,CD,1,4,StratifiedGroupKFold
HSM5FZAZ,H4015,CD,1,4,StratifiedGroupKFold
HSM5FZB1,H4015,CD,1,4,StratifiedGroupKFold
HSM5FZB2,H4014,CD,1,0,StratifiedGroupKFold
HSM5FZB3,H4014,CD,1,0,StratifiedGroupKFold
HSM5FZB4,H4013,nonIBD,0,0,StratifiedGroupKFold
HSM5FZB5,H4013,nonIBD,0,0,StratifiedGroupKFold
HSM5FZBB,H4010,UC,1,1,StratifiedGroupKFold
HSM5FZBC,H4010,UC,1,1,StratifiedGroupKFold
HSM5FZBD,H4009,nonIBD,0,3,StratifiedGroupKFold
HSM5FZBE,H4009,nonIBD,0,3,StratifiedGroupKFold
HSM5FZBF,H4007,CD,1,3,StratifiedGroupKFold
HSM5FZBG,H4007,CD,1,3,StratifiedGroupKFold
HSM5FZBH,H4008,nonIBD,0,1,StratifiedGroupKFold
HSM5FZBI,H4008,nonIBD,0,1,StratifiedGroupKFold
HSM5FZBJ,H4001,CD,1,4,StratifiedGroupKFold
HSM5FZBP_P,H4001,CD,1,4,StratifiedGroupKFold
HSM5FZBQ,H4001,CD,1,4,StratifiedGroupKFold
HSM5FZBQ_P,H4001,CD,1,4,StratifiedGroupKFold
HSM5FZBR_P,H4001,CD,1,4,StratifiedGroupKFold
HSM5FZBZ,H4001,CD,1,4,StratifiedGroupKFold
HSM5FZC2_P,H4001,CD,1,4,StratifiedGroupKFold
HSM5MD3L,H4014,CD,1,0,StratifiedGroupKFold
HSM5MD3L_P,H4014,CD,1,0,StratifiedGroupKFold
HSM5MD3Y,H4010,UC,1,1,StratifiedGroupKFold
HSM5MD41,H4010,UC,1,1,StratifiedGroupKFold
HSM5MD43,H4010,UC,1,1,StratifiedGroupKFold
HSM5MD43_P,H4010,UC,1,1,StratifiedGroupKFold
HSM5MD44_P,H4010,UC,1,1,StratifiedGroupKFold
HSM5MD47_P,H4010,UC,1,1,StratifiedGroupKFold
HSM5MD48,H4006,CD,1,3,StratifiedGroupKFold
HSM5MD49_P,H4006,CD,1,3,StratifiedGroupKFold
HSM5MD4A,H4006,CD,1,3,StratifiedGroupKFold
HSM5MD4A_P,H4006,CD,1,3,StratifiedGroupKFold
HSM5MD4B_P,H4006,CD,1,3,StratifiedGroupKFold
HSM5MD4N,H4007,CD,1,3,StratifiedGroupKFold
HSM5MD4O,H4007,CD,1,3,StratifiedGroupKFold
HSM5MD4P_P,H4007,CD,1,3,StratifiedGroupKFold
HSM5MD4Q,H4007,CD,1,3,StratifiedGroupKFold
HSM5MD4S,H4004,CD,1,4,StratifiedGroupKFold
HSM5MD4U_P,H4004,CD,1,4,StratifiedGroupKFold
HSM5MD4W,H4004,CD,1,4,StratifiedGroupKFold
HSM5MD4W_P,H4004,CD,1,4,StratifiedGroupKFold
HSM5MD4Y,H4004,CD,1,4,StratifiedGroupKFold
HSM5MD51,H4004,CD,1,4,StratifiedGroupKFold
HSM5MD53,H4004,CD,1,4,StratifiedGroupKFold
HSM5MD57_P,H4008,nonIBD,0,1,StratifiedGroupKFold
HSM5MD59_P,H4008,nonIBD,0,1,StratifiedGroupKFold
HSM5MD5B,H4008,nonIBD,0,1,StratifiedGroupKFold
HSM5MD5B_P,H4008,nonIBD,0,1,StratifiedGroupKFold
HSM5MD5D,H4008,nonIBD,0,1,StratifiedGroupKFold
HSM5MD5D_P,H4008,nonIBD,0,1,StratifiedGroupKFold
HSM5MD5F_P,H4008,nonIBD,0,1,StratifiedGroupKFold
HSM5MD5H_P,H4001,CD,1,4,StratifiedGroupKFold
HSM5MD5K,H4001,CD,1,4,StratifiedGroupKFold
HSM5MD5K_P,H4001,CD,1,4,StratifiedGroupKFold
HSM5MD5P,H4004,CD,1,4,StratifiedGroupKFold
HSM5MD5X_P,H4015,CD,1,4,StratifiedGroupKFold
HSM5MD5Z,H4016,nonIBD,0,0,StratifiedGroupKFold
HSM5MD5Z_P,H4016,nonIBD,0,0,StratifiedGroupKFold
HSM5MD62,H4015,CD,1,4,StratifiedGroupKFold
HSM5MD66,H4014,CD,1,0,StratifiedGroupKFold
HSM5MD6A,H4014,CD,1,0,StratifiedGroupKFold
HSM5MD6A_TR,H4014,CD,1,0,StratifiedGroupKFold
HSM5MD6C,H4014,CD,1,0,StratifiedGroupKFold
HSM5MD6E_P,H4013,nonIBD,0,0,StratifiedGroupKFold
HSM5MD6I,H4013,nonIBD,0,0,StratifiedGroupKFold
HSM5MD6I_P,H4013,nonIBD,0,0,StratifiedGroupKFold
HSM5MD6K,H4013,nonIBD,0,0,StratifiedGroupKFold
HSM5MD6K_P,H4013,nonIBD,0,0,StratifiedGroupKFold
HSM5MD6M,H4013,nonIBD,0,0,StratifiedGroupKFold
HSM5MD6O_P,H4016,nonIBD,0,0,StratifiedGroupKFold
HSM5MD6Q,H4016,nonIBD,0,0,StratifiedGroupKFold
HSM5MD6S_P,H4016,nonIBD,0,0,StratifiedGroupKFold
HSM5MD6U,H4016,nonIBD,0,0,StratifiedGroupKFold
HSM5MD6U_P,H4016,nonIBD,0,0,StratifiedGroupKFold
HSM5MD6W,H4016,nonIBD,0,0,StratifiedGroupKFold
HSM5MD6Y,H4015,CD,1,4,StratifiedGroupKFold
HSM5MD71,H4015,CD,1,4,StratifiedGroupKFold
HSM5MD73,H4015,CD,1,4,StratifiedGroupKFold
HSM5MD75,H4015,CD,1,4,StratifiedGroupKFold
HSM5MD79,H4001,CD,1,4,StratifiedGroupKFold
HSM5MD7H,H4001,CD,1,4,StratifiedGroupKFold
HSM5MD7J,H4001,CD,1,4,StratifiedGroupKFold
HSM5MD7K,H4006,CD,1,3,StratifiedGroupKFold
HSM5MD7M,H4006,CD,1,3,StratifiedGroupKFold
HSM5MD7O,H4006,CD,1,3,StratifiedGroupKFold
HSM5MD7Q,H4006,CD,1,3,StratifiedGroupKFold
HSM5MD7S,H4006,CD,1,3,StratifiedGroupKFold
HSM5MD7U,H4006,CD,1,3,StratifiedGroupKFold
HSM5MD7W,H4001,CD,1,4,StratifiedGroupKFold
HSM5MD7W_P,H4001,CD,1,4,StratifiedGroupKFold
HSM5MD7Z,H4007,CD,1,3,StratifiedGroupKFold
HSM5MD7Z_P,H4007,CD,1,3,StratifiedGroupKFold
HSM5MD82,H4009,nonIBD,0,3,StratifiedGroupKFold
HSM5MD82_P,H4009,nonIBD,0,3,StratifiedGroupKFold
HSM5MD86,H4006,CD,1,3,StratifiedGroupKFold
HSM5MD87,H4010,UC,1,1,StratifiedGroupKFold
HSM5MD87_P,H4010,UC,1,1,StratifiedGroupKFold
HSM5MD8A,H4008,nonIBD,0,1,StratifiedGroupKFold
HSM5MD8A_P,H4008,nonIBD,0,1,StratifiedGroupKFold
HSM5MD8B,H4009,nonIBD,0,3,StratifiedGroupKFold
HSM5MD8B_P,H4009,nonIBD,0,3,StratifiedGroupKFold
HSM5MD8D_P,H4009,nonIBD,0,3,StratifiedGroupKFold
HSM5MD8F_P,H4012,CD,1,0,StratifiedGroupKFold
HSM5MD8H,H4013,nonIBD,0,0,StratifiedGroupKFold
HSM5MD8H_P,H4013,nonIBD,0,0,StratifiedGroupKFold
HSM5MD8J_P,H4011,CD,1,4,StratifiedGroupKFold
HSM5MD8L_P,H4009,nonIBD,0,3,StratifiedGroupKFold
HSM5MD8N_P,H4009,nonIBD,0,3,StratifiedGroupKFold
HSM5MD8P_P,H4009,nonIBD,0,3,StratifiedGroupKFold
HSM5MEE5_P,E5001,CD,1,2,StratifiedGroupKFold
HSM67VCX_P,H4020,CD,1,1,StratifiedGroupKFold
HSM67VCZ,H4020,CD,1,1,StratifiedGroupKFold
HSM67VD2,H4020,CD,1,1,StratifiedGroupKFold
HSM67VD4,H4020,CD,1,1,StratifiedGroupKFold
HSM67VD6,H4020,CD,1,1,StratifiedGroupKFold
HSM67VDP,H4004,CD,1,4,StratifiedGroupKFold
HSM67VDR,H4023,nonIBD,0,4,StratifiedGroupKFold
HSM67VDR_P,H4023,nonIBD,0,4,StratifiedGroupKFold
HSM67VDT,H4024,nonIBD,0,1,StratifiedGroupKFold
HSM67VDT_P,H4024,nonIBD,0,1,StratifiedGroupKFold
HSM67VDX,H4022,nonIBD,0,3,StratifiedGroupKFold
HSM67VDX_P,H4022,nonIBD,0,3,StratifiedGroupKFold
HSM67VDZ,H4001,CD,1,4,StratifiedGroupKFold
HSM67VE4,H4001,CD,1,4,StratifiedGroupKFold
HSM67VEA,H4001,CD,1,4,StratifiedGroupKFold
HSM67VEC,H4006,CD,1,3,StratifiedGroupKFold
HSM67VEE,H4006,CD,1,3,StratifiedGroupKFold
HSM67VEG,H4006,CD,1,3,StratifiedGroupKFold
HSM67VEI,H4006,CD,1,3,StratifiedGroupKFold
HSM67VEK,H4006,CD,1,3,StratifiedGroupKFold
HSM67VEM,H4006,CD,1,3,StratifiedGroupKFold
HSM67VEM_TR,H4006,CD,1,3,StratifiedGroupKFold
HSM67VEO,H4022,nonIBD,0,3,StratifiedGroupKFold
HSM67VEQ,H4022,nonIBD,0,3,StratifiedGroupKFold
HSM67VES,H4022,nonIBD,0,3,StratifiedGroupKFold
HSM67VEU,H4022,nonIBD,0,3,StratifiedGroupKFold
HSM67VEW,H4022,nonIBD,0,3,StratifiedGroupKFold
HSM67VF3,H4016,nonIBD,0,0,StratifiedGroupKFold
HSM67VF9,H4017,CD,1,2,StratifiedGroupKFold
HSM67VFD,H4017,CD,1,2,StratifiedGroupKFold
HSM67VFF,H4017,CD,1,2,StratifiedGroupKFold
HSM67VFH,H4017,CD,1,2,StratifiedGroupKFold
HSM67VFJ,H4017,CD,1,2,StratifiedGroupKFold
HSM67VFR,H4018,nonIBD,0,2,StratifiedGroupKFold
HSM67VFX,H4008,nonIBD,0,1,StratifiedGroupKFold
HSM67VFX_P,H4008,nonIBD,0,1,StratifiedGroupKFold
HSM67VFZ,H4008,nonIBD,0,1,StratifiedGroupKFold
HSM67VG2_P,H4008,nonIBD,0,1,StratifiedGroupKFold
HSM67VG6,H4008,nonIBD,0,1,StratifiedGroupKFold
HSM67VG6_P,H4008,nonIBD,0,1,StratifiedGroupKFold
HSM67VG8,H4008,nonIBD,0,1,StratifiedGroupKFold
HSM67VGA,H4009,nonIBD,0,3,StratifiedGroupKFold
HSM67VGA_P,H4009,nonIBD,0,3,StratifiedGroupKFold
HSM67VGC,H4009,nonIBD,0,3,StratifiedGroupKFold
HSM67VGE_P,H4009,nonIBD,0,3,StratifiedGroupKFold
HSM67VGG,H4009,nonIBD,0,3,StratifiedGroupKFold
HSM67VGI_P,H4009,nonIBD,0,3,StratifiedGroupKFold
HSM67VGK,H4009,nonIBD,0,3,StratifiedGroupKFold
HSM67VGK_TR,H4009,nonIBD,0,3,StratifiedGroupKFold
HSM67VGY,H4010,UC,1,1,StratifiedGroupKFold
HSM67VH1,H4010,UC,1,1,StratifiedGroupKFold
HSM67VHB,H4020,CD,1,1,StratifiedGroupKFold
HSM67VHD,H4020,CD,1,1,StratifiedGroupKFold
HSM67VHF,H4020,CD,1,1,StratifiedGroupKFold
HSM67VHH,H4020,CD,1,1,StratifiedGroupKFold
HSM67VHJ,H4020,CD,1,1,StratifiedGroupKFold
HSM67VHK,H4017,CD,1,2,StratifiedGroupKFold
HSM67VHM,H4016,nonIBD,0,0,StratifiedGroupKFold
HSM67VHQ,H4007,CD,1,3,StratifiedGroupKFold
HSM67VHS,H4007,CD,1,3,StratifiedGroupKFold
HSM67VHU,H4007,CD,1,3,StratifiedGroupKFold
HSM67VHW,H4007,CD,1,3,StratifiedGroupKFold
HSM67VI1,H4007,CD,1,3,StratifiedGroupKFold
HSM67VI3,H4024,nonIBD,0,1,StratifiedGroupKFold
HSM67VI5,H4024,nonIBD,0,1,StratifiedGroupKFold
HSM67VI7,H4024,nonIBD,0,1,StratifiedGroupKFold
HSM67VI9,H4024,nonIBD,0,1,StratifiedGroupKFold
HSM67VIB,H4024,nonIBD,0,1,StratifiedGroupKFold
HSM67VID,H4028,CD,1,4,StratifiedGroupKFold
HSM67VIF,H4028,CD,1,4,StratifiedGroupKFold
HSM67VIJ_P,H4028,CD,1,4,StratifiedGroupKFold
HSM67VIL,H4028,CD,1,4,StratifiedGroupKFold
HSM6S4FN,H4018,nonIBD,0,2,StratifiedGroupKFold
HSM6S4FO,H4018,nonIBD,0,2,StratifiedGroupKFold
HSM6S4FP,H4018,nonIBD,0,2,StratifiedGroupKFold
HSM6S4FQ,H4019,UC,1,2,StratifiedGroupKFold
HSM6S4FR,H4019,UC,1,2,StratifiedGroupKFold
HSM6S4FS,H4019,UC,1,2,StratifiedGroupKFold
HSM6S4FT,H4020,CD,1,1,StratifiedGroupKFold
HSM6S4FU,H4020,CD,1,1,StratifiedGroupKFold
HSM6S4FY,H4022,nonIBD,0,3,StratifiedGroupKFold
HSM6S4FZ,H4022,nonIBD,0,3,StratifiedGroupKFold
HSM6S4G1,H4022,nonIBD,0,3,StratifiedGroupKFold
HSM6S4G2,H4023,nonIBD,0,4,StratifiedGroupKFold
HSM6S4G3,H4023,nonIBD,0,4,StratifiedGroupKFold
HSM6S4G4,H4023,nonIBD,0,4,StratifiedGroupKFold
HSM6S4G5,H4024,nonIBD,0,1,StratifiedGroupKFold
HSM6S4G6,H4024,nonIBD,0,1,StratifiedGroupKFold
HSM6S4G7,H4024,nonIBD,0,1,StratifiedGroupKFold
HSM6S4GB,H4007,CD,1,3,StratifiedGroupKFold
HSM6S4GC,H4007,CD,1,3,StratifiedGroupKFold
HSM6S4GG,H4027,UC,1,1,StratifiedGroupKFold
HSM6S4GH,H4027,UC,1,1,StratifiedGroupKFold
HSM6S4GI,H4027,UC,1,1,StratifiedGroupKFold
HSM6S4GJ,H4028,CD,1,4,StratifiedGroupKFold
HSM6S4GK,H4028,CD,1,4,StratifiedGroupKFold
HSM6S4GL,H4028,CD,1,4,StratifiedGroupKFold
HSM6S4GM,H4008,nonIBD,0,1,StratifiedGroupKFold
HSM6S4GN,H4008,nonIBD,0,1,StratifiedGroupKFold
HSM6S4GO,H4019,UC,1,2,StratifiedGroupKFold
HSM6S4GP,H4019,UC,1,2,StratifiedGroupKFold
HSM6S4GQ,H4019,UC,1,2,StratifiedGroupKFold
HSM6XRQ8,H4023,nonIBD,0,4,StratifiedGroupKFold
HSM6XRQB,H4017,CD,1,2,StratifiedGroupKFold
HSM6XRQB_P,H4017,CD,1,2,StratifiedGroupKFold
HSM6XRQC,H4018,nonIBD,0,2,StratifiedGroupKFold
HSM6XRQC_P,H4018,nonIBD,0,2,StratifiedGroupKFold
HSM6XRQE,H4019,UC,1,2,StratifiedGroupKFold
HSM6XRQE_P,H4019,UC,1,2,StratifiedGroupKFold
HSM6XRQI,H4017,CD,1,2,StratifiedGroupKFold
HSM6XRQK,H4017,CD,1,2,StratifiedGroupKFold
HSM6XRQM,H4017,CD,1,2,StratifiedGroupKFold
HSM6XRQO,H4017,CD,1,2,StratifiedGroupKFold
HSM6XRQS,H4018,nonIBD,0,2,StratifiedGroupKFold
HSM6XRQU,H4018,nonIBD,0,2,StratifiedGroupKFold
HSM6XRQW,H4018,nonIBD,0,2,StratifiedGroupKFold
HSM6XRQY,H4018,nonIBD,0,2,StratifiedGroupKFold
HSM6XRR3,H4020,CD,1,1,StratifiedGroupKFold
HSM6XRR5,H4019,UC,1,2,StratifiedGroupKFold
HSM6XRR7,H4019,UC,1,2,StratifiedGroupKFold
HSM6XRR9,H4019,UC,1,2,StratifiedGroupKFold
HSM6XRRB,H4019,UC,1,2,StratifiedGroupKFold
HSM6XRRD,H4019,UC,1,2,StratifiedGroupKFold
HSM6XRRJ,H4013,nonIBD,0,0,StratifiedGroupKFold
HSM6XRRV,H4014,CD,1,0,StratifiedGroupKFold
HSM6XRS2,H4014,CD,1,0,StratifiedGroupKFold
HSM6XRS4,H4015,CD,1,4,StratifiedGroupKFold
HSM6XRS6,H4015,CD,1,4,StratifiedGroupKFold
HSM6XRS8,H4015,CD,1,4,StratifiedGroupKFold
HSM6XRSE,H4015,CD,1,4,StratifiedGroupKFold
HSM6XRSG,H4004,CD,1,4,StratifiedGroupKFold
HSM6XRSI,H4004,CD,1,4,StratifiedGroupKFold
HSM6XRSN,H4007,CD,1,3,StratifiedGroupKFold
HSM6XRST,H4007,CD,1,3,StratifiedGroupKFold
HSM6XRSX,H4008,nonIBD,0,1,StratifiedGroupKFold
HSM6XRSX_P,H4008,nonIBD,0,1,StratifiedGroupKFold
HSM6XRSZ,H4008,nonIBD,0,1,StratifiedGroupKFold
HSM6XRSZ_P,H4008,nonIBD,0,1,StratifiedGroupKFold
HSM6XRT2_P,H4008,nonIBD,0,1,StratifiedGroupKFold
HSM6XRT4_P,H4008,nonIBD,0,1,StratifiedGroupKFold
HSM6XRT6_P,H4008,nonIBD,0,1,StratifiedGroupKFold
HSM6XRT8,H4009,nonIBD,0,3,StratifiedGroupKFold
HSM6XRTA_P,H4009,nonIBD,0,3,StratifiedGroupKFold
HSM6XRTC,H4009,nonIBD,0,3,StratifiedGroupKFold
HSM6XRTC_P,H4009,nonIBD,0,3,StratifiedGroupKFold
HSM6XRTE_P,H4009,nonIBD,0,3,StratifiedGroupKFold
HSM6XRTG,H4009,nonIBD,0,3,StratifiedGroupKFold
HSM6XRTG_P,H4009,nonIBD,0,3,StratifiedGroupKFold
HSM6XRTM,H4010,UC,1,1,StratifiedGroupKFold
HSM6XRTO,H4010,UC,1,1,StratifiedGroupKFold
HSM6XRTQ,H4010,UC,1,1,StratifiedGroupKFold
HSM6XRTS,H4010,UC,1,1,StratifiedGroupKFold
HSM6XRUL,H4023,nonIBD,0,4,StratifiedGroupKFold
HSM6XRUN,H4023,nonIBD,0,4,StratifiedGroupKFold
HSM6XRUR,H4023,nonIBD,0,4,StratifiedGroupKFold
HSM6XRUV,H4020,CD,1,1,StratifiedGroupKFold
HSM6XRUX,H4019,UC,1,2,StratifiedGroupKFold
HSM6XRUZ,H4019,UC,1,2,StratifiedGroupKFold
HSM6XRV2,H4019,UC,1,2,StratifiedGroupKFold
HSM6XRV4,H4019,UC,1,2,StratifiedGroupKFold
HSM6XRV6,H4019,UC,1,2,StratifiedGroupKFold
HSM6XRV8,H4019,UC,1,2,StratifiedGroupKFold
HSM6XRVA,H4013,nonIBD,0,0,StratifiedGroupKFold
HSM6XRVC,H4013,nonIBD,0,0,StratifiedGroupKFold
HSM6XRVC_TR,H4013,nonIBD,0,0,StratifiedGroupKFold
HSM6XRVK,H4013,nonIBD,0,0,StratifiedGroupKFold
HSM6XRVM,H4014,CD,1,0,StratifiedGroupKFold
HSM6XRVO,H4014,CD,1,0,StratifiedGroupKFold
HSM6XRVU,H4014,CD,1,0,StratifiedGroupKFold
HSM6XRVW,H4014,CD,1,0,StratifiedGroupKFold
HSM7CYWS_P,H4030,CD,1,1,StratifiedGroupKFold
HSM7CYWW,H4027,UC,1,1,StratifiedGroupKFold
HSM7CYX2,H4006,CD,1,3,StratifiedGroupKFold
HSM7CYX4,H4006,CD,1,3,StratifiedGroupKFold
HSM7CYX6,H4006,CD,1,3,StratifiedGroupKFold
HSM7CYX8,H4006,CD,1,3,StratifiedGroupKFold
HSM7CYXA,H4006,CD,1,3,StratifiedGroupKFold
HSM7CYXC,H4006,CD,1,3,StratifiedGroupKFold
HSM7CYXE,H4016,nonIBD,0,0,StratifiedGroupKFold
HSM7CYXG,H4016,nonIBD,0,0,StratifiedGroupKFold
HSM7CYXI,H4016,nonIBD,0,0,StratifiedGroupKFold
HSM7CYXO,H4016,nonIBD,0,0,StratifiedGroupKFold
HSM7CYXQ,H4007,CD,1,3,StratifiedGroupKFold
HSM7CYXS,H4007,CD,1,3,StratifiedGroupKFold
HSM7CYY1,H4007,CD,1,3,StratifiedGroupKFold
HSM7CYY3,H4017,CD,1,2,StratifiedGroupKFold
HSM7CYY5,H4017,CD,1,2,StratifiedGroupKFold
HSM7CYY7,H4017,CD,1,2,StratifiedGroupKFold
HSM7CYY9,H4017,CD,1,2,StratifiedGroupKFold
HSM7CYYB,H4017,CD,1,2,StratifiedGroupKFold
HSM7CYYD,H4017,CD,1,2,StratifiedGroupKFold
HSM7CYYF,H4018,nonIBD,0,2,StratifiedGroupKFold
HSM7CYYH,H4018,nonIBD,0,2,StratifiedGroupKFold
HSM7CYYP,H4018,nonIBD,0,2,StratifiedGroupKFold
HSM7CYYR_P,H4009,nonIBD,0,3,StratifiedGroupKFold
HSM7CYYV_P,H4009,nonIBD,0,3,StratifiedGroupKFold
HSM7CYYZ,H4009,nonIBD,0,3,StratifiedGroupKFold
HSM7CYZ5,H4015,CD,1,4,StratifiedGroupKFold
HSM7CYZ7,H4015,CD,1,4,StratifiedGroupKFold
HSM7CYZ9,H4015,CD,1,4,StratifiedGroupKFold
HSM7CYZB,H4015,CD,1,4,StratifiedGroupKFold
HSM7CYZD,H4015,CD,1,4,StratifiedGroupKFold
HSM7CYZF,H4015,CD,1,4,StratifiedGroupKFold
HSM7CYZJ,H4022,nonIBD,0,3,StratifiedGroupKFold
HSM7CYZL,H4022,nonIBD,0,3,StratifiedGroupKFold
HSM7CYZR,H4022,nonIBD,0,3,StratifiedGroupKFold
HSM7CYZT,H4004,CD,1,4,StratifiedGroupKFold
HSM7CYZV,H4004,CD,1,4,StratifiedGroupKFold
HSM7CZ14,H4004,CD,1,4,StratifiedGroupKFold
HSM7CZ16,H4023,nonIBD,0,4,StratifiedGroupKFold
HSM7CZ18,H4023,nonIBD,0,4,StratifiedGroupKFold
HSM7CZ1A,H4023,nonIBD,0,4,StratifiedGroupKFold
HSM7CZ1C,H4023,nonIBD,0,4,StratifiedGroupKFold
HSM7CZ1E,H4023,nonIBD,0,4,StratifiedGroupKFold
HSM7CZ1G,H4023,nonIBD,0,4,StratifiedGroupKFold
HSM7CZ1T,H4027,UC,1,1,StratifiedGroupKFold
HSM7CZ1T_P,H4027,UC,1,1,StratifiedGroupKFold
HSM7CZ1V,H4027,UC,1,1,StratifiedGroupKFold
HSM7CZ1Z,H4027,UC,1,1,StratifiedGroupKFold
HSM7CZ22,H4027,UC,1,1,StratifiedGroupKFold
HSM7CZ24,H4024,nonIBD,0,1,StratifiedGroupKFold
HSM7CZ26,H4024,nonIBD,0,1,StratifiedGroupKFold
HSM7CZ28,H4024,nonIBD,0,1,StratifiedGroupKFold
HSM7CZ2A,H4024,nonIBD,0,1,StratifiedGroupKFold
HSM7CZ2E,H4024,nonIBD,0,1,StratifiedGroupKFold
HSM7CZ2F,H4008,nonIBD,0,1,StratifiedGroupKFold
HSM7CZ2H,H4008,nonIBD,0,1,StratifiedGroupKFold
HSM7CZ2J_P,H4008,nonIBD,0,1,StratifiedGroupKFold
HSM7CZ2L_P,H4008,nonIBD,0,1,StratifiedGroupKFold
HSM7CZ2P,H4008,nonIBD,0,1,StratifiedGroupKFold
HSM7CZ2V,H4031,CD,1,0,StratifiedGroupKFold
HSM7CZ2V_P,H4031,CD,1,0,StratifiedGroupKFold
HSM7CZ2X,H4035,UC,1,4,StratifiedGroupKFold
HSM7CZ2X_P,H4035,UC,1,4,StratifiedGroupKFold
HSM7CZ2Z,H4030,CD,1,1,StratifiedGroupKFold
HSM7CZ32,H4030,CD,1,1,StratifiedGroupKFold
HSM7CZ36,H4030,CD,1,1,StratifiedGroupKFold
HSM7CZ38,H4030,CD,1,1,StratifiedGroupKFold
HSM7CZ3A,H4031,CD,1,0,StratifiedGroupKFold
HSM7CZ3C,H4031,CD,1,0,StratifiedGroupKFold
HSM7CZ3E,H4031,CD,1,0,StratifiedGroupKFold
HSM7CZ3G,H4031,CD,1,0,StratifiedGroupKFold
HSM7H3WH,H4030,CD,1,1,StratifiedGroupKFold
HSM7H3WJ,H4030,CD,1,1,StratifiedGroupKFold
HSM7H3WK,H4031,CD,1,0,StratifiedGroupKFold
HSM7H3WL,H4031,CD,1,0,StratifiedGroupKFold
HSM7H3WM,H4031,CD,1,0,StratifiedGroupKFold
HSM7H3WN,H4032,CD,1,4,StratifiedGroupKFold
HSM7H3WO,H4032,CD,1,4,StratifiedGroupKFold
HSM7H3WP,H4032,CD,1,4,StratifiedGroupKFold
HSM7H3WQ,H4004,CD,1,4,StratifiedGroupKFold
HSM7H3WR,H4004,CD,1,4,StratifiedGroupKFold
HSM7H3WS,H4004,CD,1,4,StratifiedGroupKFold
HSM7H3WW,H4035,UC,1,4,StratifiedGroupKFold
HSM7H3WX,H4035,UC,1,4,StratifiedGroupKFold
HSM7H3WY,H4035,UC,1,4,StratifiedGroupKFold
HSM7J4G1,H4022,nonIBD,0,3,StratifiedGroupKFold
HSM7J4G8,H4022,nonIBD,0,3,StratifiedGroupKFold
HSM7J4G9,H4028,CD,1,4,StratifiedGroupKFold
HSM7J4GB,H4028,CD,1,4,StratifiedGroupKFold
HSM7J4GD,H4028,CD,1,4,StratifiedGroupKFold
HSM7J4GP,H4027,UC,1,1,StratifiedGroupKFold
HSM7J4GR,H4027,UC,1,1,StratifiedGroupKFold
HSM7J4HA,H4023,nonIBD,0,4,StratifiedGroupKFold
HSM7J4HC,H4023,nonIBD,0,4,StratifiedGroupKFold
HSM7J4HE,H4023,nonIBD,0,4,StratifiedGroupKFold
HSM7J4HG,H4023,nonIBD,0,4,StratifiedGroupKFold
HSM7J4HI,H4023,nonIBD,0,4,StratifiedGroupKFold
HSM7J4HK,H4023,nonIBD,0,4,StratifiedGroupKFold
HSM7J4HM,H4035,UC,1,4,StratifiedGroupKFold
HSM7J4HO,H4035,UC,1,4,StratifiedGroupKFold
HSM7J4HQ,H4035,UC,1,4,StratifiedGroupKFold
HSM7J4HS,H4035,UC,1,4,StratifiedGroupKFold
HSM7J4HU,H4035,UC,1,4,StratifiedGroupKFold
HSM7J4HW,H4024,nonIBD,0,1,StratifiedGroupKFold
HSM7J4HY,H4024,nonIBD,0,1,StratifiedGroupKFold
HSM7J4I3,H4016,nonIBD,0,0,StratifiedGroupKFold
HSM7J4I5,H4024,nonIBD,0,1,StratifiedGroupKFold
HSM7J4I7,H4024,nonIBD,0,1,StratifiedGroupKFold
HSM7J4I9,H4024,nonIBD,0,1,StratifiedGroupKFold
HSM7J4IC,H4032,CD,1,4,StratifiedGroupKFold
HSM7J4IO,H4020,CD,1,1,StratifiedGroupKFold
HSM7J4IP,H4020,CD,1,1,StratifiedGroupKFold
HSM7J4IQ,H4020,CD,1,1,StratifiedGroupKFold
HSM7J4IR,H4020,CD,1,1,StratifiedGroupKFold
HSM7J4IS,H4020,CD,1,1,StratifiedGroupKFold
HSM7J4IU,H4022,nonIBD,0,3,StratifiedGroupKFold
HSM7J4IW,H4022,nonIBD,0,3,StratifiedGroupKFold
HSM7J4J5,H4022,nonIBD,0,3,StratifiedGroupKFold
HSM7J4J7,H4038,CD,1,0,StratifiedGroupKFold
HSM7J4J9,H4038,CD,1,0,StratifiedGroupKFold
HSM7J4JD,H4038,CD,1,0,StratifiedGroupKFold
HSM7J4JF,H4038,CD,1,0,StratifiedGroupKFold
HSM7J4JH,H4039,CD,1,1,StratifiedGroupKFold
HSM7J4JJ,H4039,CD,1,1,StratifiedGroupKFold
HSM7J4JN,H4039,CD,1,1,StratifiedGroupKFold
HSM7J4JP,H4039,CD,1,1,StratifiedGroupKFold
HSM7J4JT,H4040,UC,1,0,StratifiedGroupKFold
HSM7J4JT_P,H4040,UC,1,0,StratifiedGroupKFold
HSM7J4JV,H4042,UC,1,3,StratifiedGroupKFold
HSM7J4JV_P,H4042,UC,1,3,StratifiedGroupKFold
HSM7J4JW,H4043,CD,1,2,StratifiedGroupKFold
HSM7J4JZ,H4035,UC,1,4,StratifiedGroupKFold
HSM7J4K2,H4035,UC,1,4,StratifiedGroupKFold
HSM7J4K4,H4035,UC,1,4,StratifiedGroupKFold
HSM7J4K6,H4035,UC,1,4,StratifiedGroupKFold
HSM7J4K8,H4035,UC,1,4,StratifiedGroupKFold
HSM7J4KA,H4035,UC,1,4,StratifiedGroupKFold
HSM7J4KC,H4023,nonIBD,0,4,StratifiedGroupKFold
HSM7J4KG,H4023,nonIBD,0,4,StratifiedGroupKFold
HSM7J4KI,H4023,nonIBD,0,4,StratifiedGroupKFold
HSM7J4KK,H4023,nonIBD,0,4,StratifiedGroupKFold
HSM7J4KM,H4023,nonIBD,0,4,StratifiedGroupKFold
HSM7J4KO,H4016,nonIBD,0,0,StratifiedGroupKFold
HSM7J4KQ,H4016,nonIBD,0,0,StratifiedGroupKFold
HSM7J4L5,H4030,CD,1,1,StratifiedGroupKFold
HSM7J4L9,H4030,CD,1,1,StratifiedGroupKFold
HSM7J4LD,H4018,nonIBD,0,2,StratifiedGroupKFold
HSM7J4LF,H4018,nonIBD,0,2,StratifiedGroupKFold
HSM7J4LH,H4018,nonIBD,0,2,StratifiedGroupKFold
HSM7J4LN,H4018,nonIBD,0,2,StratifiedGroupKFold
HSM7J4LP,H4039,CD,1,1,StratifiedGroupKFold
HSM7J4M4,H4019,UC,1,2,StratifiedGroupKFold
HSM7J4M6,H4019,UC,1,2,StratifiedGroupKFold
HSM7J4M8,H4019,UC,1,2,StratifiedGroupKFold
HSM7J4MA,H4019,UC,1,2,StratifiedGroupKFold
HSM7J4MC,H4019,UC,1,2,StratifiedGroupKFold
HSM7J4ME,H4019,UC,1,2,StratifiedGroupKFold
HSM7J4MK,H4031,CD,1,0,StratifiedGroupKFold
HSM7J4MS,H4032,CD,1,4,StratifiedGroupKFold
HSM7J4MW,H4032,CD,1,4,StratifiedGroupKFold
HSM7J4MY,H4028,CD,1,4,StratifiedGroupKFold
HSM7J4N4,H4028,CD,1,4,StratifiedGroupKFold
HSM7J4N6,H4028,CD,1,4,StratifiedGroupKFold
HSM7J4N8,H4028,CD,1,4,StratifiedGroupKFold
HSM7J4NA,H4028,CD,1,4,StratifiedGroupKFold
HSM7J4NC,H4027,UC,1,1,StratifiedGroupKFold
HSM7J4NE,H4027,UC,1,1,StratifiedGroupKFold
HSM7J4NM,H4027,UC,1,1,StratifiedGroupKFold
HSM7J4NO,H4040,UC,1,0,StratifiedGroupKFold
HSM7J4NS,H4040,UC,1,0,StratifiedGroupKFold
HSM7J4NU,H4040,UC,1,0,StratifiedGroupKFold
HSM7J4NY,H4024,nonIBD,0,1,StratifiedGroupKFold
HSM7J4O1,H4024,nonIBD,0,1,StratifiedGroupKFold
HSM7J4O3,H4024,nonIBD,0,1,StratifiedGroupKFold
HSM7J4O5,H4024,nonIBD,0,1,StratifiedGroupKFold
HSM7J4O7,H4024,nonIBD,0,1,StratifiedGroupKFold
HSM7J4O9,H4024,nonIBD,0,1,StratifiedGroupKFold
HSM7J4OB,H4031,CD,1,0,StratifiedGroupKFold
HSM7J4OE,H4031,CD,1,0,StratifiedGroupKFold
HSM7J4OL,H4031,CD,1,0,StratifiedGroupKFold
HSM7J4ON,H4030,CD,1,1,StratifiedGroupKFold
HSM7J4OP,H4030,CD,1,1,StratifiedGroupKFold
HSM7J4OT,H4030,CD,1,1,StratifiedGroupKFold
HSM7J4OV,H4030,CD,1,1,StratifiedGroupKFold
HSM7J4OX,H4030,CD,1,1,StratifiedGroupKFold
HSM7J4OZ,H4032,CD,1,4,StratifiedGroupKFold
HSM7J4P2,H4032,CD,1,4,StratifiedGroupKFold
HSM7J4PA,H4031,CD,1,0,StratifiedGroupKFold
HSM7J4PC,H4019,UC,1,2,StratifiedGroupKFold
HSM7J4PE,H4019,UC,1,2,StratifiedGroupKFold
HSM7J4PG,H4019,UC,1,2,StratifiedGroupKFold
HSM7J4PI,H4019,UC,1,2,StratifiedGroupKFold
HSM7J4PK,H4019,UC,1,2,StratifiedGroupKFold
HSM7J4PM,H4019,UC,1,2,StratifiedGroupKFold
HSM7J4PO,H4020,CD,1,1,StratifiedGroupKFold
HSM7J4PQ,H4020,CD,1,1,StratifiedGroupKFold
HSM7J4PS,H4020,CD,1,1,StratifiedGroupKFold
HSM7J4PU,H4020,CD,1,1,StratifiedGroupKFold
HSM7J4PW,H4020,CD,1,1,StratifiedGroupKFold
HSM7J4PY,H4020,CD,1,1,StratifiedGroupKFold
HSM7J4Q1,H4032,CD,1,4,StratifiedGroupKFold
HSM7J4Q3,H4032,CD,1,4,StratifiedGroupKFold
HSM7J4Q3_P,H4032,CD,1,4,StratifiedGroupKFold
HSM7J4Q7,H4032,CD,1,4,StratifiedGroupKFold
HSM7J4Q9,H4032,CD,1,4,StratifiedGroupKFold
HSM7J4QB,H4015,CD,1,4,StratifiedGroupKFold
HSM7J4QD,H4015,CD,1,4,StratifiedGroupKFold
HSM7J4QF,H4015,CD,1,4,StratifiedGroupKFold
HSM7J4QH,H4015,CD,1,4,StratifiedGroupKFold
HSM7J4QJ,H4015,CD,1,4,StratifiedGroupKFold
HSM7J4QL,H4015,CD,1,4,StratifiedGroupKFold
HSM7J4QT,H4014,CD,1,0,StratifiedGroupKFold
HSM7J4QZ,H4013,nonIBD,0,0,StratifiedGroupKFold
HSM7J4R2,H4013,nonIBD,0,0,StratifiedGroupKFold
HSM7J4RE,H4022,nonIBD,0,3,StratifiedGroupKFold
HSM9JBU,H4038,CD,1,0,StratifiedGroupKFold
HSM9JBV,H4038,CD,1,0,StratifiedGroupKFold
HSM9JBW,H4038,CD,1,0,StratifiedGroupKFold
HSM9JTBX,H4039,CD,1,1,StratifiedGroupKFold
HSM9JTBY,H4039,CD,1,1,StratifiedGroupKFold
HSM9JTBZ,H4039,CD,1,1,StratifiedGroupKFold
HSM9JTC1,H4040,UC,1,0,StratifiedGroupKFold
HSM9JTC2,H4040,UC,1,0,StratifiedGroupKFold
HSM9JTC3,H4040,UC,1,0,StratifiedGroupKFold
HSM9JTC7,H4042,UC,1,3,StratifiedGroupKFold
HSM9JTC8,H4042,UC,1,3,StratifiedGroupKFold
HSM9UBMN,H4043,CD,1,2,StratifiedGroupKFold
HSM9UBMO,H4043,CD,1,2,StratifiedGroupKFold
HSM9UBMP,H4043,CD,1,2,StratifiedGroupKFold
HSM9UBMQ,H4044,UC,1,0,StratifiedGroupKFold
HSM9UBMR,H4044,UC,1,0,StratifiedGroupKFold
HSM9UBMS,H4045,nonIBD,0,2,StratifiedGroupKFold
HSM9UBMT,H4045,nonIBD,0,2,StratifiedGroupKFold
HSM9UBMU,H4045,nonIBD,0,2,StratifiedGroupKFold
HSMA33IA,H4044,UC,1,0,StratifiedGroupKFold
HSMA33IC,H4044,UC,1,0,StratifiedGroupKFold
HSMA33IE,H4043,CD,1,2,StratifiedGroupKFold
HSMA33IG,H4043,CD,1,2,StratifiedGroupKFold
HSMA33IK,H4043,CD,1,2,StratifiedGroupKFold
HSMA33IO,H4042,UC,1,3,StratifiedGroupKFold
HSMA33IS,H4042,UC,1,3,StratifiedGroupKFold
HSMA33IY,H4042,UC,1,3,StratifiedGroupKFold
HSMA33J1_P,H4045,nonIBD,0,2,StratifiedGroupKFold
HSMA33J3,H4045,nonIBD,0,2,StratifiedGroupKFold
HSMA33J5,H4045,nonIBD,0,2,StratifiedGroupKFold
HSMA33J7,H4045,nonIBD,0,2,StratifiedGroupKFold
HSMA33J9,H4045,nonIBD,0,2,StratifiedGroupKFold
HSMA33JB,H4031,CD,1,0,StratifiedGroupKFold
HSMA33JD,H4031,CD,1,0,StratifiedGroupKFold
HSMA33JH,H4031,CD,1,0,StratifiedGroupKFold
HSMA33JJ,H4031,CD,1,0,StratifiedGroupKFold
HSMA33JN,H4032,CD,1,4,StratifiedGroupKFold
HSMA33JP,H4032,CD,1,4,StratifiedGroupKFold
HSMA33JR,H4032,CD,1,4,StratifiedGroupKFold
HSMA33JT,H4032,CD,1,4,StratifiedGroupKFold
HSMA33JZ,H4030,CD,1,1,StratifiedGroupKFold
HSMA33K2,H4030,CD,1,1,StratifiedGroupKFold
HSMA33KE,H4038,CD,1,0,StratifiedGroupKFold
HSMA33KM,H4038,CD,1,0,StratifiedGroupKFold
HSMA33KO,H4038,CD,1,0,StratifiedGroupKFold
HSMA33KQ,H4039,CD,1,1,StratifiedGroupKFold
HSMA33KS,H4039,CD,1,1,StratifiedGroupKFold
HSMA33KU,H4039,CD,1,1,StratifiedGroupKFold
HSMA33L1,H4039,CD,1,1,StratifiedGroupKFold
HSMA33L3,H4028,CD,1,4,StratifiedGroupKFold
HSMA33LB,H4044,UC,1,0,StratifiedGroupKFold
HSMA33LH,H4044,UC,1,0,StratifiedGroupKFold
HSMA33LH_TR,H4044,UC,1,0,StratifiedGroupKFold
HSMA33LJ,H4044,UC,1,0,StratifiedGroupKFold
HSMA33LL,H4043,CD,1,2,StratifiedGroupKFold
HSMA33LP,H4043,CD,1,2,StratifiedGroupKFold
HSMA33LV,H4043,CD,1,2,StratifiedGroupKFold
HSMA33LX,H4040,UC,1,0,StratifiedGroupKFold
HSMA33LZ,H4040,UC,1,0,StratifiedGroupKFold
HSMA33M2,H4040,UC,1,0,StratifiedGroupKFold
HSMA33M8,H4040,UC,1,0,StratifiedGroupKFold
HSMA33MA,H4035,UC,1,4,StratifiedGroupKFold
HSMA33MC,H4035,UC,1,4,StratifiedGroupKFold
HSMA33ME,H4035,UC,1,4,StratifiedGroupKFold
HSMA33MG,H4035,UC,1,4,StratifiedGroupKFold
HSMA33MI,H4035,UC,1,4,StratifiedGroupKFold
HSMA33MK,H4035,UC,1,4,StratifiedGroupKFold
HSMA33MQ,H4045,nonIBD,0,2,StratifiedGroupKFold
HSMA33MS,H4045,nonIBD,0,2,StratifiedGroupKFold
HSMA33MV,H4032,CD,1,4,StratifiedGroupKFold
HSMA33MX,H4042,UC,1,3,StratifiedGroupKFold
HSMA33MZ,H4042,UC,1,3,StratifiedGroupKFold
HSMA33N4,H4042,UC,1,3,StratifiedGroupKFold
HSMA33NA,H4038,CD,1,0,StratifiedGroupKFold
HSMA33NC,H4038,CD,1,0,StratifiedGroupKFold
HSMA33NG,H4038,CD,1,0,StratifiedGroupKFold
HSMA33NG_P,H4038,CD,1,0,StratifiedGroupKFold
HSMA33NO,H4039,CD,1,1,StratifiedGroupKFold
HSMA33NQ,H4039,CD,1,1,StratifiedGroupKFold
HSMA33NW,H4044,UC,1,0,StratifiedGroupKFold
HSMA33NY,H4045,nonIBD,0,2,StratifiedGroupKFold
HSMA33O1,H4027,UC,1,1,StratifiedGroupKFold
HSMA33O3,H4027,UC,1,1,StratifiedGroupKFold
HSMA33O5,H4027,UC,1,1,StratifiedGroupKFold
HSMA33OD,H4040,UC,1,0,StratifiedGroupKFold
HSMA33OJ,H4040,UC,1,0,StratifiedGroupKFold
HSMA33OL,H4040,UC,1,0,StratifiedGroupKFold
HSMA33OP,H4035,UC,1,4,StratifiedGroupKFold
HSMA33OR,H4035,UC,1,4,StratifiedGroupKFold
HSMA33OT,H4035,UC,1,4,StratifiedGroupKFold
HSMA33OV,H4035,UC,1,4,StratifiedGroupKFold
HSMA33OX,H4035,UC,1,4,StratifiedGroupKFold
HSMA33OZ,H4035,UC,1,4,StratifiedGroupKFold
HSMA33P2_P,H4044,UC,1,0,StratifiedGroupKFold
HSMA33P6,H4044,UC,1,0,StratifiedGroupKFold
HSMA33PL,H4039,CD,1,1,StratifiedGroupKFold
HSMA33PN,H4039,CD,1,1,StratifiedGroupKFold
HSMA33PP,H4039,CD,1,1,StratifiedGroupKFold
HSMA33PX,H4038,CD,1,0,StratifiedGroupKFold
HSMA33PZ,H4038,CD,1,0,StratifiedGroupKFold
HSMA33Q6,H4038,CD,1,0,StratifiedGroupKFold
HSMA33QM,H4045,nonIBD,0,2,StratifiedGroupKFold
HSMA33QO,H4045,nonIBD,0,2,StratifiedGroupKFold
HSMA33QY,H4043,CD,1,2,StratifiedGroupKFold
HSMA33R1,H4043,CD,1,2,StratifiedGroupKFold
HSMA33R5,H4043,CD,1,2,StratifiedGroupKFold
HSMA33R7,H4043,CD,1,2,StratifiedGroupKFold
HSMA33R9,H4043,CD,1,2,StratifiedGroupKFold
HSMA33RD,H4042,UC,1,3,StratifiedGroupKFold
HSMA33RF,H4042,UC,1,3,StratifiedGroupKFold
HSMA33RL,H4042,UC,1,3,StratifiedGroupKFold
HSMA33RR,H4044,UC,1,0,StratifiedGroupKFold
HSMA33RT,H4044,UC,1,0,StratifiedGroupKFold
HSMA33RX,H4044,UC,1,0,StratifiedGroupKFold
HSMA33RX_TR,H4044,UC,1,0,StratifiedGroupKFold
HSMA33S4,H4043,CD,1,2,StratifiedGroupKFold
HSMA33SE,H4045,nonIBD,0,2,StratifiedGroupKFold
HSMA33SG,H4045,nonIBD,0,2,StratifiedGroupKFold
HSMA33SI,H4045,nonIBD,0,2,StratifiedGroupKFold
HSMA33SK,H4045,nonIBD,0,2,StratifiedGroupKFold
MSM5CFCU,M2008,CD,1,3,StratifiedGroupKFold
MSM5CFCV,M2008,CD,1,3,StratifiedGroupKFold
MSM5CFCW,M2008,CD,1,3,StratifiedGroupKFold
MSM5CFD6,M2014,CD,1,2,StratifiedGroupKFold
MSM5CFD7,M2014,CD,1,2,StratifiedGroupKFold
MSM5FZ9N_P,M2010,CD,1,2,StratifiedGroupKFold
MSM5FZ9X,M2014,CD,1,2,StratifiedGroupKFold
MSM5FZ9X_P,M2014,CD,1,2,StratifiedGroupKFold
MSM5FZA2,M2014,CD,1,2,StratifiedGroupKFold
MSM5FZA2_P,M2014,CD,1,2,StratifiedGroupKFold
MSM5LLD6_P,M2008,CD,1,3,StratifiedGroupKFold
MSM5LLDA,M2008,CD,1,3,StratifiedGroupKFold
MSM5LLDC,M2008,CD,1,3,StratifiedGroupKFold
MSM5LLDE,M2008,CD,1,3,StratifiedGroupKFold
MSM5LLDI,M2008,CD,1,3,StratifiedGroupKFold
MSM5LLDK,M2008,CD,1,3,StratifiedGroupKFold
MSM5LLDM,M2008,CD,1,3,StratifiedGroupKFold
MSM5LLDQ,M2008,CD,1,3,StratifiedGroupKFold
MSM5LLDS,M2008,CD,1,3,StratifiedGroupKFold
MSM5LLDU,M2008,CD,1,3,StratifiedGroupKFold
MSM5LLE3_P,M2010,CD,1,2,StratifiedGroupKFold
MSM5LLE9_P,M2010,CD,1,2,StratifiedGroupKFold
MSM5LLEH,M2034,CD,1,3,StratifiedGroupKFold
MSM5LLEN,M2021,CD,1,1,StratifiedGroupKFold
MSM5LLEP,M2021,CD,1,1,StratifiedGroupKFold
MSM5LLER,M2021,CD,1,1,StratifiedGroupKFold
MSM5LLF2_P,M2034,CD,1,3,StratifiedGroupKFold
MSM5LLF4,M2034,CD,1,3,StratifiedGroupKFold
MSM5LLF6,M2034,CD,1,3,StratifiedGroupKFold
MSM5LLF8,M2034,CD,1,3,StratifiedGroupKFold
MSM5LLFG,M2028,CD,1,0,StratifiedGroupKFold
MSM5LLFG_P,M2028,CD,1,0,StratifiedGroupKFold
MSM5LLFK,M2026,UC,1,3,StratifiedGroupKFold
MSM5LLFK_P,M2026,UC,1,3,StratifiedGroupKFold
MSM5LLFM_P,M2026,UC,1,3,StratifiedGroupKFold
MSM5LLFO,M2026,UC,1,3,StratifiedGroupKFold
MSM5LLFO_P,M2026,UC,1,3,StratifiedGroupKFold
MSM5LLFU_P,M2026,UC,1,3,StratifiedGroupKFold
MSM5LLGD_P,M2014,CD,1,2,StratifiedGroupKFold
MSM5LLGF_P,M2014,CD,1,2,StratifiedGroupKFold
MSM5LLGH,M2014,CD,1,2,StratifiedGroupKFold
MSM5LLGH_P,M2014,CD,1,2,StratifiedGroupKFold
MSM5LLGJ_P,M2014,CD,1,2,StratifiedGroupKFold
MSM5LLGL,M2014,CD,1,2,StratifiedGroupKFold
MSM5LLGN_P,M2028,CD,1,0,StratifiedGroupKFold
MSM5LLGR,M2028,CD,1,0,StratifiedGroupKFold
MSM5LLGR_P,M2028,CD,1,0,StratifiedGroupKFold
MSM5LLH2_P,M2027,CD,1,4,StratifiedGroupKFold
MSM5LLH4_P,M2027,CD,1,4,StratifiedGroupKFold
MSM5LLH8,M2027,CD,1,4,StratifiedGroupKFold
MSM5LLH8_P,M2027,CD,1,4,StratifiedGroupKFold
MSM5LLHA_P,M2027,CD,1,4,StratifiedGroupKFold
MSM5LLHC,M2027,CD,1,4,StratifiedGroupKFold
MSM5LLHE_P,M2025,CD,1,0,StratifiedGroupKFold
MSM5LLHG_P,M2025,CD,1,0,StratifiedGroupKFold
MSM5LLHI_P,M2025,CD,1,0,StratifiedGroupKFold
MSM5LLHM,M2025,CD,1,0,StratifiedGroupKFold
MSM5LLHO_P,M2025,CD,1,0,StratifiedGroupKFold
MSM5LLHQ,M2008,CD,1,3,StratifiedGroupKFold
MSM5LLHQ_P,M2008,CD,1,3,StratifiedGroupKFold
MSM5LLHR_P,M2021,CD,1,1,StratifiedGroupKFold
MSM5LLHV_P,M2024,UC,1,0,StratifiedGroupKFold
MSM5LLHX_P,M2008,CD,1,3,StratifiedGroupKFold
MSM5LLHZ,M2008,CD,1,3,StratifiedGroupKFold
MSM5LLI2_P,M2008,CD,1,3,StratifiedGroupKFold
MSM5LLI4_P,M2008,CD,1,3,StratifiedGroupKFold
MSM5LLI6_P,M2008,CD,1,3,StratifiedGroupKFold
MSM5LLI8_P,M2008,CD,1,3,StratifiedGroupKFold
MSM5LLIC,M2025,CD,1,0,StratifiedGroupKFold
MSM5LLIC_P,M2025,CD,1,0,StratifiedGroupKFold
MSM5LLIE_P,M2021,CD,1,1,StratifiedGroupKFold
MSM5LLIG,M2021,CD,1,1,StratifiedGroupKFold
MSM5LLIG_P,M2021,CD,1,1,StratifiedGroupKFold
MSM5LLIK,M2021,CD,1,1,StratifiedGroupKFold
MSM5LLIK_P,M2021,CD,1,1,StratifiedGroupKFold
MSM5LLIM_P,M2021,CD,1,1,StratifiedGroupKFold
MSM5LLIQ_P,M2026,UC,1,3,StratifiedGroupKFold
MSM5LLIS,M2027,CD,1,4,StratifiedGroupKFold
MSM5LLIS_P,M2027,CD,1,4,StratifiedGroupKFold
MSM5LWJ3,M2028,CD,1,0,StratifiedGroupKFold
MSM5LWJ4,M2028,CD,1,0,StratifiedGroupKFold
MSM5LWJG,M2034,CD,1,3,StratifiedGroupKFold
MSM5LWJH,M2034,CD,1,3,StratifiedGroupKFold
MSM5LWJN,M2039,nonIBD,0,4,StratifiedGroupKFold
MSM5LWJO,M2039,nonIBD,0,4,StratifiedGroupKFold
MSM5LWJS,M2041,nonIBD,0,0,StratifiedGroupKFold
MSM5LWJT,M2041,nonIBD,0,0,StratifiedGroupKFold
MSM5LWJU,M2042,nonIBD,0,4,StratifiedGroupKFold
MSM5LWJV,M2042,nonIBD,0,4,StratifiedGroupKFold
MSM5LWJZ,M2008,CD,1,3,StratifiedGroupKFold
MSM5LWKD,M2008,CD,1,3,StratifiedGroupKFold
MSM5LWKE,M2008,CD,1,3,StratifiedGroupKFold
MSM5LWKF,M2060,nonIBD,0,4,StratifiedGroupKFold
MSM5LWKG,M2060,nonIBD,0,4,StratifiedGroupKFold
MSM5LWKQ,M2021,CD,1,1,StratifiedGroupKFold
MSM5LWKR,M2021,CD,1,1,StratifiedGroupKFold
MSM5LWKW,M2021,CD,1,1,StratifiedGroupKFold
MSM5LWKX,M2021,CD,1,1,StratifiedGroupKFold
MSM5LWL1,M2026,UC,1,3,StratifiedGroupKFold
MSM5LWL2,M2026,UC,1,3,StratifiedGroupKFold
MSM5LWL3,M2025,CD,1,0,StratifiedGroupKFold
MSM5LWL4,M2025,CD,1,0,StratifiedGroupKFold
MSM5LWL5,M2026,UC,1,3,StratifiedGroupKFold
MSM5LWL6,M2027,CD,1,4,StratifiedGroupKFold
MSM5LWL7,M2027,CD,1,4,StratifiedGroupKFold
MSM5ZOJY_P,M2014,CD,1,2,StratifiedGroupKFold
MSM633FF_P,M2014,CD,1,2,StratifiedGroupKFold
MSM6J2H9,M2039,nonIBD,0,4,StratifiedGroupKFold
MSM6J2HB,M2026,UC,1,3,StratifiedGroupKFold
MSM6J2HD,M2026,UC,1,3,StratifiedGroupKFold
MSM6J2HF,M2026,UC,1,3,StratifiedGroupKFold
MSM6J2HH,M2026,UC,1,3,StratifiedGroupKFold
MSM6J2HJ,M2026,UC,1,3,StratifiedGroupKFold
MSM6J2HL,M2026,UC,1,3,StratifiedGroupKFold
MSM6J2HN,M2039,nonIBD,0,4,StratifiedGroupKFold
MSM6J2HP,M2039,nonIBD,0,4,StratifiedGroupKFold
MSM6J2HR,M2039,nonIBD,0,4,StratifiedGroupKFold
MSM6J2HT,M2039,nonIBD,0,4,StratifiedGroupKFold
MSM6J2IE,M2028,CD,1,0,StratifiedGroupKFold
MSM6J2IG,M2028,CD,1,0,StratifiedGroupKFold
MSM6J2II,M2028,CD,1,0,StratifiedGroupKFold
MSM6J2IK,M2028,CD,1,0,StratifiedGroupKFold
MSM6J2IM,M2028,CD,1,0,StratifiedGroupKFold
MSM6J2IO,M2028,CD,1,0,StratifiedGroupKFold
MSM6J2IQ,M2014,CD,1,2,StratifiedGroupKFold
MSM6J2IY,M2014,CD,1,2,StratifiedGroupKFold
MSM6J2J1,M2014,CD,1,2,StratifiedGroupKFold
MSM6J2J3,M2025,CD,1,0,StratifiedGroupKFold
MSM6J2J5,M2025,CD,1,0,StratifiedGroupKFold
MSM6J2JB,M2025,CD,1,0,StratifiedGroupKFold
MSM6J2JD,M2025,CD,1,0,StratifiedGroupKFold
MSM6J2JF,M2041,nonIBD,0,0,StratifiedGroupKFold
MSM6J2JF_P,M2041,nonIBD,0,0,StratifiedGroupKFold
MSM6J2JH,M2042,nonIBD,0,4,StratifiedGroupKFold
MSM6J2JH_P,M2042,nonIBD,0,4,StratifiedGroupKFold
MSM6J2JN,M2041,nonIBD,0,0,StratifiedGroupKFold
MSM6J2JP,M2041,nonIBD,0,0,StratifiedGroupKFold
MSM6J2JR,M2041,nonIBD,0,0,StratifiedGroupKFold
MSM6J2JT,M2041,nonIBD,0,0,StratifiedGroupKFold
MSM6J2JZ,M2042,nonIBD,0,4,StratifiedGroupKFold
MSM6J2K2,M2042,nonIBD,0,4,StratifiedGroupKFold
MSM6J2K4,M2042,nonIBD,0,4,StratifiedGroupKFold
MSM6J2K6,M2042,nonIBD,0,4,StratifiedGroupKFold
MSM6J2K8,M2042,nonIBD,0,4,StratifiedGroupKFold
MSM6J2KA,M2042,nonIBD,0,4,StratifiedGroupKFold
MSM6J2KC,M2027,CD,1,4,StratifiedGroupKFold
MSM6J2KE,M2027,CD,1,4,StratifiedGroupKFold
MSM6J2KM,M2027,CD,1,4,StratifiedGroupKFold
MSM6J2L5,M2044,CD,1,4,StratifiedGroupKFold
MSM6J2LB,M2008,CD,1,3,StratifiedGroupKFold
MSM6J2LH,M2034,CD,1,3,StratifiedGroupKFold
MSM6J2LJ,M2034,CD,1,3,StratifiedGroupKFold
MSM6J2LL,M2034,CD,1,3,StratifiedGroupKFold
MSM6J2LN,M2034,CD,1,3,StratifiedGroupKFold
MSM6J2LR,M2034,CD,1,3,StratifiedGroupKFold
MSM6J2LT,M2021,CD,1,1,StratifiedGroupKFold
MSM6J2LV,M2041,nonIBD,0,0,StratifiedGroupKFold
MSM6J2LW,M2048,nonIBD,0,3,StratifiedGroupKFold
MSM6J2LY,M2048,nonIBD,0,3,StratifiedGroupKFold
MSM6J2M3,M2048,nonIBD,0,3,StratifiedGroupKFold
MSM6J2M3_P,M2048,nonIBD,0,3,StratifiedGroupKFold
MSM6J2MB,M2034,CD,1,3,StratifiedGroupKFold
MSM6J2MD,M2034,CD,1,3,StratifiedGroupKFold
MSM6J2MF,M2034,CD,1,3,StratifiedGroupKFold
MSM6J2MH,M2034,CD,1,3,StratifiedGroupKFold
MSM6J2MJ,M2034,CD,1,3,StratifiedGroupKFold
MSM6J2ML,M2034,CD,1,3,StratifiedGroupKFold
MSM6J2N6,M2059,UC,1,2,StratifiedGroupKFold
MSM6J2N6_P,M2059,UC,1,2,StratifiedGroupKFold
MSM6J2NA,M2061,nonIBD,0,3,StratifiedGroupKFold
MSM6J2NW,M2058,CD,1,4,StratifiedGroupKFold
MSM6J2O1,M2058,CD,1,4,StratifiedGroupKFold
MSM6J2O3,M2058,CD,1,4,StratifiedGroupKFold
MSM6J2OH,M2026,UC,1,3,StratifiedGroupKFold
MSM6J2OJ,M2026,UC,1,3,StratifiedGroupKFold
MSM6J2OL,M2026,UC,1,3,StratifiedGroupKFold
MSM6J2ON,M2026,UC,1,3,StratifiedGroupKFold
MSM6J2OP,M2026,UC,1,3,StratifiedGroupKFold
MSM6J2P4,M2044,CD,1,4,StratifiedGroupKFold
MSM6J2PE,M2025,CD,1,0,StratifiedGroupKFold
MSM6J2PK,M2025,CD,1,0,StratifiedGroupKFold
MSM6J2PM,M2025,CD,1,0,StratifiedGroupKFold
MSM6J2PO,M2047,nonIBD,0,1,StratifiedGroupKFold
MSM6J2PQ_P,M2047,nonIBD,0,1,StratifiedGroupKFold
MSM6J2PS,M2047,nonIBD,0,1,StratifiedGroupKFold
MSM6J2PU,M2047,nonIBD,0,1,StratifiedGroupKFold
MSM6J2PW,M2047,nonIBD,0,1,StratifiedGroupKFold
MSM6J2Q1,M2048,nonIBD,0,3,StratifiedGroupKFold
MSM6J2Q3,M2028,CD,1,0,StratifiedGroupKFold
MSM6J2Q5,M2028,CD,1,0,StratifiedGroupKFold
MSM6J2Q7,M2028,CD,1,0,StratifiedGroupKFold
MSM6J2Q9,M2028,CD,1,0,StratifiedGroupKFold
MSM6J2QB,M2028,CD,1,0,StratifiedGroupKFold
MSM6J2QD,M2028,CD,1,0,StratifiedGroupKFold
MSM6J2QF,M2039,nonIBD,0,4,StratifiedGroupKFold
MSM6J2QH,M2039,nonIBD,0,4,StratifiedGroupKFold
MSM6J2QJ,M2039,nonIBD,0,4,StratifiedGroupKFold
MSM6J2QL,M2039,nonIBD,0,4,StratifiedGroupKFold
MSM6J2QP,M2039,nonIBD,0,4,StratifiedGroupKFold
MSM6J2QR,M2014,CD,1,2,StratifiedGroupKFold
MSM6J2QZ,M2014,CD,1,2,StratifiedGroupKFold
MSM6J2R2,M2027,CD,1,4,StratifiedGroupKFold
MSM6J2R8,M2027,CD,1,4,StratifiedGroupKFold
MSM6J2RA,M2027,CD,1,4,StratifiedGroupKFold
MSM6J2RC,M2027,CD,1,4,StratifiedGroupKFold
MSM6J2RG_P,M2058,CD,1,4,StratifiedGroupKFold
MSM6J2RK,M2042,nonIBD,0,4,StratifiedGroupKFold
MSM6J2RM,M2042,nonIBD,0,4,StratifiedGroupKFold
MSM6J2RO,M2042,nonIBD,0,4,StratifiedGroupKFold
MSM6J2RQ,M2042,nonIBD,0,4,StratifiedGroupKFold
MSM6J2RS,M2042,nonIBD,0,4,StratifiedGroupKFold
MSM6J2RU,M2042,nonIBD,0,4,StratifiedGroupKFold
MSM6J2SE,M2041,nonIBD,0,0,StratifiedGroupKFold
MSM6J2SI,M2041,nonIBD,0,0,StratifiedGroupKFold
MSM6J2SK,M2041,nonIBD,0,0,StratifiedGroupKFold
MSM6J2SM,M2041,nonIBD,0,0,StratifiedGroupKFold
MSM719M5,M2047,nonIBD,0,1,StratifiedGroupKFold
MSM719M6,M2047,nonIBD,0,1,StratifiedGroupKFold
MSM719M9,M2061,nonIBD,0,3,StratifiedGroupKFold
MSM719MA,M2061,nonIBD,0,3,StratifiedGroupKFold
MSM719MD,M2064,UC,1,4,StratifiedGroupKFold
MSM719MJ,M2025,CD,1,0,StratifiedGroupKFold
MSM719MR,M2072,nonIBD,0,1,StratifiedGroupKFold
MSM719MS,M2068,CD,1,0,StratifiedGroupKFold
MSM719MT,M2068,CD,1,0,StratifiedGroupKFold
MSM719MU,M2072,nonIBD,0,1,StratifiedGroupKFold
MSM719MZ,M2069,UC,1,3,StratifiedGroupKFold
MSM719N1,M2069,UC,1,3,StratifiedGroupKFold
MSM719N4,M2028,CD,1,0,StratifiedGroupKFold
MSM719N5,M2028,CD,1,0,StratifiedGroupKFold
MSM719NA,M2075,nonIBD,0,3,StratifiedGroupKFold
MSM719NO,M2084,nonIBD,0,2,StratifiedGroupKFold
MSM719NP,M2084,nonIBD,0,2,StratifiedGroupKFold
MSM79H4T,M2059,UC,1,2,StratifiedGroupKFold
MSM79H4X,M2059,UC,1,2,StratifiedGroupKFold
MSM79H52,M2060,nonIBD,0,4,StratifiedGroupKFold
MSM79H52_P,M2060,nonIBD,0,4,StratifiedGroupKFold
MSM79H54,M2060,nonIBD,0,4,StratifiedGroupKFold
MSM79H58,M2060,nonIBD,0,4,StratifiedGroupKFold
MSM79H5A,M2060,nonIBD,0,4,StratifiedGroupKFold
MSM79H5E,M2061,nonIBD,0,3,StratifiedGroupKFold
MSM79H5G,M2061,nonIBD,0,3,StratifiedGroupKFold
MSM79H5K,M2061,nonIBD,0,3,StratifiedGroupKFold
MSM79H5M,M2061,nonIBD,0,3,StratifiedGroupKFold
MSM79H5Q,M2039,nonIBD,0,4,StratifiedGroupKFold
MSM79H5S,M2039,nonIBD,0,4,StratifiedGroupKFold
MSM79H5U,M2039,nonIBD,0,4,StratifiedGroupKFold
MSM79H5W,M2039,nonIBD,0,4,StratifiedGroupKFold
MSM79H5Y,M2039,nonIBD,0,4,StratifiedGroupKFold
MSM79H63,M2028,CD,1,0,StratifiedGroupKFold
MSM79H65,M2028,CD,1,0,StratifiedGroupKFold
MSM79H67,M2028,CD,1,0,StratifiedGroupKFold
MSM79H69,M2028,CD,1,0,StratifiedGroupKFold
MSM79H6B,M2028,CD,1,0,StratifiedGroupKFold
MSM79H6D,M2042,nonIBD,0,4,StratifiedGroupKFold
MSM79H6F,M2042,nonIBD,0,4,StratifiedGroupKFold
MSM79H6H,M2042,nonIBD,0,4,StratifiedGroupKFold
MSM79H6J,M2042,nonIBD,0,4,StratifiedGroupKFold
MSM79H6L,M2042,nonIBD,0,4,StratifiedGroupKFold
MSM79H6N,M2042,nonIBD,0,4,StratifiedGroupKFold
MSM79H6Y,M2048,nonIBD,0,3,StratifiedGroupKFold
MSM79H76,M2059,UC,1,2,StratifiedGroupKFold
MSM79H7C,M2071,UC,1,0,StratifiedGroupKFold
MSM79H7E,M2071,UC,1,0,StratifiedGroupKFold
MSM79H7G,M2071,UC,1,0,StratifiedGroupKFold
MSM79H7M,M2071,UC,1,0,StratifiedGroupKFold
MSM79H7O,M2047,nonIBD,0,1,StratifiedGroupKFold
MSM79H7Q,M2047,nonIBD,0,1,StratifiedGroupKFold
MSM79H7W,M2047,nonIBD,0,1,StratifiedGroupKFold
MSM79H7Y,M2047,nonIBD,0,1,StratifiedGroupKFold
MSM79H81,M2072,nonIBD,0,1,StratifiedGroupKFold
MSM79H83,M2072,nonIBD,0,1,StratifiedGroupKFold
MSM79H85,M2072,nonIBD,0,1,StratifiedGroupKFold
MSM79H87,M2072,nonIBD,0,1,StratifiedGroupKFold
MSM79H89,M2072,nonIBD,0,1,StratifiedGroupKFold
MSM79H8B,M2072,nonIBD,0,1,StratifiedGroupKFold
MSM79H8D,M2075,nonIBD,0,3,StratifiedGroupKFold
MSM79H8F,M2075,nonIBD,0,3,StratifiedGroupKFold
MSM79H8H,M2075,nonIBD,0,3,StratifiedGroupKFold
MSM79H8J,M2075,nonIBD,0,3,StratifiedGroupKFold
MSM79H8J_P,M2075,nonIBD,0,3,StratifiedGroupKFold
MSM79H8L,M2075,nonIBD,0,3,StratifiedGroupKFold
MSM79H8N,M2075,nonIBD,0,3,StratifiedGroupKFold
MSM79H94,M2077,nonIBD,0,3,StratifiedGroupKFold
MSM79H94_P,M2077,nonIBD,0,3,StratifiedGroupKFold
MSM79H98,M2068,CD,1,0,StratifiedGroupKFold
MSM79H9A,M2060,nonIBD,0,4,StratifiedGroupKFold
MSM79H9C,M2060,nonIBD,0,4,StratifiedGroupKFold
MSM79H9G,M2060,nonIBD,0,4,StratifiedGroupKFold
MSM79H9K,M2060,nonIBD,0,4,StratifiedGroupKFold
MSM79H9M,M2061,nonIBD,0,3,StratifiedGroupKFold
MSM79H9O,M2061,nonIBD,0,3,StratifiedGroupKFold
MSM79H9Q,M2061,nonIBD,0,3,StratifiedGroupKFold
MSM79H9U_P,M2067,UC,1,2,StratifiedGroupKFold
MSM79H9W,M2061,nonIBD,0,3,StratifiedGroupKFold
MSM79H9Y,M2042,nonIBD,0,4,StratifiedGroupKFold
MSM79HA1,M2042,nonIBD,0,4,StratifiedGroupKFold
MSM79HA3,M2042,nonIBD,0,4,StratifiedGroupKFold
MSM79HA7,M2042,nonIBD,0,4,StratifiedGroupKFold
MSM79HAH,M2039,nonIBD,0,4,StratifiedGroupKFold
MSM79HAJ,M2064,UC,1,4,StratifiedGroupKFold
MSM79HAL,M2064,UC,1,4,StratifiedGroupKFold
MSM79HAN,M2064,UC,1,4,StratifiedGroupKFold
MSM79HAR,M2064,UC,1,4,StratifiedGroupKFold
MSM79HAT,M2064,UC,1,4,StratifiedGroupKFold
MSM79HB4,M2041,nonIBD,0,0,StratifiedGroupKFold
MSM79HB6,M2041,nonIBD,0,0,StratifiedGroupKFold
MSM79HBB,M2048,nonIBD,0,3,StratifiedGroupKFold
MSM79HBL,M2048,nonIBD,0,3,StratifiedGroupKFold
MSM79HBN,M2034,CD,1,3,StratifiedGroupKFold
MSM79HBP,M2034,CD,1,3,StratifiedGroupKFold
MSM79HBR,M2034,CD,1,3,StratifiedGroupKFold
MSM79HBT,M2034,CD,1,3,StratifiedGroupKFold
MSM79HBV,M2034,CD,1,3,StratifiedGroupKFold
MSM79HBX,M2068,CD,1,0,StratifiedGroupKFold
MSM79HBX_P,M2068,CD,1,0,StratifiedGroupKFold
MSM79HBZ,M2069,UC,1,3,StratifiedGroupKFold
MSM79HC4,M2047,nonIBD,0,1,StratifiedGroupKFold
MSM79HC8,M2047,nonIBD,0,1,StratifiedGroupKFold
MSM79HCG,M2072,nonIBD,0,1,StratifiedGroupKFold
MSM79HCI,M2072,nonIBD,0,1,StratifiedGroupKFold
MSM79HCK,M2072,nonIBD,0,1,StratifiedGroupKFold
MSM79HCN_P,M2072,nonIBD,0,1,StratifiedGroupKFold
MSM79HCP,M2072,nonIBD,0,1,StratifiedGroupKFold
MSM79HCR,M2072,nonIBD,0,1,StratifiedGroupKFold
MSM79HD6,M2071,UC,1,0,StratifiedGroupKFold
MSM79HD6_P,M2071,UC,1,0,StratifiedGroupKFold
MSM79HD8,M2069,UC,1,3,StratifiedGroupKFold
MSM79HD8_P,M2069,UC,1,3,StratifiedGroupKFold
MSM79HDA,M2069,UC,1,3,StratifiedGroupKFold
MSM79HDC,M2069,UC,1,3,StratifiedGroupKFold
MSM79HDE,M2069,UC,1,3,StratifiedGroupKFold
MSM79HDG,M2069,UC,1,3,StratifiedGroupKFold
MSM79HDG_TR,M2069,UC,1,3,StratifiedGroupKFold
MSM79HDI,M2069,UC,1,3,StratifiedGroupKFold
MSM79HDK,M2068,CD,1,0,StratifiedGroupKFold
MSM79HDM,M2068,CD,1,0,StratifiedGroupKFold
MSM79HDO,M2068,CD,1,0,StratifiedGroupKFold
MSM79HDQ,M2068,CD,1,0,StratifiedGroupKFold
MSM79HDQ_TR,M2068,CD,1,0,StratifiedGroupKFold
MSM79HDS,M2068,CD,1,0,StratifiedGroupKFold
MSM79HDU,M2068,CD,1,0,StratifiedGroupKFold
MSM79HDW,M2025,CD,1,0,StratifiedGroupKFold
MSM79HEA,M2026,UC,1,3,StratifiedGroupKFold
MSM79HES,M2041,nonIBD,0,0,StratifiedGroupKFold
MSM79HEU,M2041,nonIBD,0,0,StratifiedGroupKFold
MSM79HEW,M2041,nonIBD,0,0,StratifiedGroupKFold
MSM79HEY,M2041,nonIBD,0,0,StratifiedGroupKFold
MSM79HF1,M2064,UC,1,4,StratifiedGroupKFold
MSM79HF1_P,M2064,UC,1,4,StratifiedGroupKFold
MSM79HF3,M2064,UC,1,4,StratifiedGroupKFold
MSM79HF5,M2064,UC,1,4,StratifiedGroupKFold
MSM79HF7,M2064,UC,1,4,StratifiedGroupKFold
MSM79HF9,M2064,UC,1,4,StratifiedGroupKFold
MSM79HF9_TR,M2064,UC,1,4,StratifiedGroupKFold
MSM79HFB,M2064,UC,1,4,StratifiedGroupKFold
MSM79HFW,M2048,nonIBD,0,3,StratifiedGroupKFold
MSM79HFY,M2048,nonIBD,0,3,StratifiedGroupKFold
MSM7J16J,M2068,CD,1,0,StratifiedGroupKFold
MSM7J16L,M2068,CD,1,0,StratifiedGroupKFold
MSM7J16N,M2068,CD,1,0,StratifiedGroupKFold
MSM7J16P,M2068,CD,1,0,StratifiedGroupKFold
MSM7J16R,M2068,CD,1,0,StratifiedGroupKFold
MSM9VZEK,M2068,CD,1,0,StratifiedGroupKFold
MSM9VZEK_TR,M2068,CD,1,0,StratifiedGroupKFold
MSM9VZEM,M2068,CD,1,0,StratifiedGroupKFold
MSM9VZEO,M2068,CD,1,0,StratifiedGroupKFold
MSM9VZEQ,M2068,CD,1,0,StratifiedGroupKFold
MSM9VZES,M2068,CD,1,0,StratifiedGroupKFold
MSM9VZEU,M2069,UC,1,3,StratifiedGroupKFold
MSM9VZEW,M2069,UC,1,3,StratifiedGroupKFold
MSM9VZEY,M2069,UC,1,3,StratifiedGroupKFold
MSM9VZF1,M2069,UC,1,3,StratifiedGroupKFold
MSM9VZF3,M2069,UC,1,3,StratifiedGroupKFold
MSM9VZF5,M2069,UC,1,3,StratifiedGroupKFold
MSM9VZF7,M2060,nonIBD,0,4,StratifiedGroupKFold
MSM9VZFF,M2060,nonIBD,0,4,StratifiedGroupKFold
MSM9VZFH,M2060,nonIBD,0,4,StratifiedGroupKFold
MSM9VZFJ,M2079,nonIBD,0,0,StratifiedGroupKFold
MSM9VZFJ_P,M2079,nonIBD,0,0,StratifiedGroupKFold
MSM9VZFL,M2079,nonIBD,0,0,StratifiedGroupKFold
MSM9VZFN,M2079,nonIBD,0,0,StratifiedGroupKFold
MSM9VZFR,M2079,nonIBD,0,0,StratifiedGroupKFold
MSM9VZFT,M2079,nonIBD,0,0,StratifiedGroupKFold
MSM9VZFV,M2058,CD,1,4,StratifiedGroupKFold
MSM9VZGO,M2061,nonIBD,0,3,StratifiedGroupKFold
MSM9VZGS,M2061,nonIBD,0,3,StratifiedGroupKFold
MSM9VZGU,M2061,nonIBD,0,3,StratifiedGroupKFold
MSM9VZGW,M2075,nonIBD,0,3,StratifiedGroupKFold
MSM9VZGY,M2075,nonIBD,0,3,StratifiedGroupKFold
MSM9VZH1,M2075,nonIBD,0,3,StratifiedGroupKFold
MSM9VZH7,M2075,nonIBD,0,3,StratifiedGroupKFold
MSM9VZHB,M2061,nonIBD,0,3,StratifiedGroupKFold
MSM9VZHD,M2061,nonIBD,0,3,StratifiedGroupKFold
MSM9VZHF,M2061,nonIBD,0,3,StratifiedGroupKFold
MSM9VZHJ,M2072,nonIBD,0,1,StratifiedGroupKFold
MSM9VZHL,M2072,nonIBD,0,1,StratifiedGroupKFold
MSM9VZHN,M2072,nonIBD,0,1,StratifiedGroupKFold
MSM9VZHP,M2072,nonIBD,0,1,StratifiedGroupKFold
MSM9VZHR,M2072,nonIBD,0,1,StratifiedGroupKFold
MSM9VZHT,M2072,nonIBD,0,1,StratifiedGroupKFold
MSM9VZHX,M2077,nonIBD,0,3,StratifiedGroupKFold
MSM9VZHZ,M2077,nonIBD,0,3,StratifiedGroupKFold
MSM9VZI2,M2077,nonIBD,0,3,StratifiedGroupKFold
MSM9VZI6,M2077,nonIBD,0,3,StratifiedGroupKFold
MSM9VZIM,M2083,UC,1,1,StratifiedGroupKFold
MSM9VZIO,M2083,UC,1,1,StratifiedGroupKFold
MSM9VZIQ,M2083,UC,1,1,StratifiedGroupKFold
MSM9VZIS,M2083,UC,1,1,StratifiedGroupKFold
MSM9VZIU,M2083,UC,1,1,StratifiedGroupKFold
MSM9VZIW,M2083,UC,1,1,StratifiedGroupKFold
MSM9VZIY,M2085,CD,1,1,StratifiedGroupKFold
MSM9VZJ3,M2085,CD,1,1,StratifiedGroupKFold
MSM9VZJB,M2068,CD,1,0,StratifiedGroupKFold
MSM9VZJF_P,M2091,UC,1,2,StratifiedGroupKFold
MSM9VZJJ_P,M2086,CD,1,2,StratifiedGroupKFold
MSM9VZJL,M2086,CD,1,2,StratifiedGroupKFold
MSM9VZJN,M2086,CD,1,2,StratifiedGroupKFold
MSM9VZJZ,M2075,nonIBD,0,3,StratifiedGroupKFold
MSM9VZKC,M2079,nonIBD,0,0,StratifiedGroupKFold
MSM9VZKE,M2079,nonIBD,0,0,StratifiedGroupKFold
MSM9VZKI,M2079,nonIBD,0,0,StratifiedGroupKFold
MSM9VZL5,M2097,nonIBD,0,3,StratifiedGroupKFold
MSM9VZL7,M2084,nonIBD,0,2,StratifiedGroupKFold
MSM9VZL9,M2084,nonIBD,0,2,StratifiedGroupKFold
MSM9VZLB,M2084,nonIBD,0,2,StratifiedGroupKFold
MSM9VZLD,M2084,nonIBD,0,2,StratifiedGroupKFold
MSM9VZLF,M2084,nonIBD,0,2,StratifiedGroupKFold
MSM9VZLH,M2084,nonIBD,0,2,StratifiedGroupKFold
MSM9VZLJ,M2061,nonIBD,0,3,StratifiedGroupKFold
MSM9VZLL,M2064,UC,1,4,StratifiedGroupKFold
MSM9VZLN,M2064,UC,1,4,StratifiedGroupKFold
MSM9VZLP,M2064,UC,1,4,StratifiedGroupKFold
MSM9VZLR,M2064,UC,1,4,StratifiedGroupKFold
MSM9VZLT,M2064,UC,1,4,StratifiedGroupKFold
MSM9VZLV,M2064,UC,1,4,StratifiedGroupKFold
MSM9VZLX_P,M2082,CD,1,0,StratifiedGroupKFold
MSM9VZLZ,M2083,UC,1,1,StratifiedGroupKFold
MSM9VZM4,M2085,CD,1,1,StratifiedGroupKFold
MSM9VZM4_P,M2085,CD,1,1,StratifiedGroupKFold
MSM9VZM6,M2086,CD,1,2,StratifiedGroupKFold
MSM9VZMA,M2077,nonIBD,0,3,StratifiedGroupKFold
MSM9VZMA_TR,M2077,nonIBD,0,3,StratifiedGroupKFold
MSM9VZMC,M2077,nonIBD,0,3,StratifiedGroupKFold
MSM9VZME,M2077,nonIBD,0,3,StratifiedGroupKFold
MSM9VZMI,M2077,nonIBD,0,3,StratifiedGroupKFold
MSM9VZMM,M2084,nonIBD,0,2,StratifiedGroupKFold
MSM9VZMO,M2084,nonIBD,0,2,StratifiedGroupKFold
MSM9VZMS,M2084,nonIBD,0,2,StratifiedGroupKFold
MSM9VZMU,M2084,nonIBD,0,2,StratifiedGroupKFold
MSM9VZMW,M2084,nonIBD,0,2,StratifiedGroupKFold
MSM9VZN4_P,M2081,UC,1,2,StratifiedGroupKFold
MSM9VZNH,M2047,nonIBD,0,1,StratifiedGroupKFold
MSM9VZNH_TR,M2047,nonIBD,0,1,StratifiedGroupKFold
MSM9VZNL,M2047,nonIBD,0,1,StratifiedGroupKFold
MSM9VZNR,M2083,UC,1,1,StratifiedGroupKFold
MSM9VZNX,M2083,UC,1,1,StratifiedGroupKFold
MSM9VZNZ,M2083,UC,1,1,StratifiedGroupKFold
MSM9VZO2,M2083,UC,1,1,StratifiedGroupKFold
MSM9VZOG,M2072,nonIBD,0,1,StratifiedGroupKFold
MSM9VZOI,M2072,nonIBD,0,1,StratifiedGroupKFold
MSM9VZOK,M2072,nonIBD,0,1,StratifiedGroupKFold
MSM9VZOM,M2072,nonIBD,0,1,StratifiedGroupKFold
MSM9VZOO,M2072,nonIBD,0,1,StratifiedGroupKFold
MSM9VZOQ,M2072,nonIBD,0,1,StratifiedGroupKFold
MSM9VZOS,M2069,UC,1,3,StratifiedGroupKFold
MSM9VZOU,M2069,UC,1,3,StratifiedGroupKFold
MSM9VZOW,M2069,UC,1,3,StratifiedGroupKFold
MSM9VZOY,M2069,UC,1,3,StratifiedGroupKFold
MSM9VZP1,M2069,UC,1,3,StratifiedGroupKFold
MSM9VZP3,M2069,UC,1,3,StratifiedGroupKFold
MSM9VZPH,M2085,CD,1,1,StratifiedGroupKFold
MSM9VZPL,M2085,CD,1,1,StratifiedGroupKFold
MSM9VZPN,M2085,CD,1,1,StratifiedGroupKFold
MSM9VZPT,M2060,nonIBD,0,4,StratifiedGroupKFold
MSM9VZPV,M2060,nonIBD,0,4,StratifiedGroupKFold
MSMA267V,M2103,UC,1,2,StratifiedGroupKFold
MSMA267X,M2103,UC,1,2,StratifiedGroupKFold
MSMA2684,M2103,UC,1,2,StratifiedGroupKFold
MSMA2688,M2064,UC,1,4,StratifiedGroupKFold
MSMA26AL,M2068,CD,1,0,StratifiedGroupKFold
MSMA26AN,M2068,CD,1,0,StratifiedGroupKFold
MSMA26AP,M2068,CD,1,0,StratifiedGroupKFold
MSMA26AR,M2068,CD,1,0,StratifiedGroupKFold
MSMA26AT,M2068,CD,1,0,StratifiedGroupKFold
MSMA26AV,M2071,UC,1,0,StratifiedGroupKFold
MSMA26AX,M2071,UC,1,0,StratifiedGroupKFold
MSMA26AZ,M2071,UC,1,0,StratifiedGroupKFold
MSMA26AZ_TR,M2071,UC,1,0,StratifiedGroupKFold
MSMA26BB,M2084,nonIBD,0,2,StratifiedGroupKFold
MSMA26BD,M2084,nonIBD,0,2,StratifiedGroupKFold
MSMA26BF,M2084,nonIBD,0,2,StratifiedGroupKFold
MSMA26BH,M2084,nonIBD,0,2,StratifiedGroupKFold
MSMA26BJ,M2084,nonIBD,0,2,StratifiedGroupKFold
MSMA26BL,M2084,nonIBD,0,2,StratifiedGroupKFold
MSMA26BN,M2079,nonIBD,0,0,StratifiedGroupKFold
MSMA26BR,M2079,nonIBD,0,0,StratifiedGroupKFold
MSMA26BT,M2079,nonIBD,0,0,StratifiedGroupKFold
MSMA26BV,M2079,nonIBD,0,0,StratifiedGroupKFold
MSMA26BX,M2079,nonIBD,0,0,StratifiedGroupKFold
MSMA26C8,M2086,CD,1,2,StratifiedGroupKFold
MSMA26CV,M2085,CD,1,1,StratifiedGroupKFold
MSMA26CX,M2085,CD,1,1,StratifiedGroupKFold
MSMA26DG,M2097,nonIBD,0,3,StratifiedGroupKFold
MSMA26DI,M2097,nonIBD,0,3,StratifiedGroupKFold
MSMA26DK,M2097,nonIBD,0,3,StratifiedGroupKFold
MSMA26DM,M2097,nonIBD,0,3,StratifiedGroupKFold
MSMA26DO,M2097,nonIBD,0,3,StratifiedGroupKFold
MSMA26EH,M2069,UC,1,3,StratifiedGroupKFold
MSMA26EJ,M2069,UC,1,3,StratifiedGroupKFold
MSMA26EL,M2069,UC,1,3,StratifiedGroupKFold
MSMA26EN,M2069,UC,1,3,StratifiedGroupKFold
MSMA26EP,M2069,UC,1,3,StratifiedGroupKFold
MSMA26ER,M2064,UC,1,4,StratifiedGroupKFold
MSMA26ET,M2064,UC,1,4,StratifiedGroupKFold
MSMA26EV,M2064,UC,1,4,StratifiedGroupKFold
MSMA26EZ,M2064,UC,1,4,StratifiedGroupKFold
MSMAKNES,M2064,UC,1,4,StratifiedGroupKFold
MSMAKNET,M2064,UC,1,4,StratifiedGroupKFold
MSMAPC55,M2083,UC,1,1,StratifiedGroupKFold
MSMAPC57,M2083,UC,1,1,StratifiedGroupKFold
MSMAPC59,M2083,UC,1,1,StratifiedGroupKFold
MSMAPC5B,M2083,UC,1,1,StratifiedGroupKFold
MSMAPC5D,M2083,UC,1,1,StratifiedGroupKFold
MSMAPC5F,M2097,nonIBD,0,3,StratifiedGroupKFold
MSMAPC5H,M2097,nonIBD,0,3,StratifiedGroupKFold
MSMAPC5L,M2097,nonIBD,0,3,StratifiedGroupKFold
MSMAPC5Z,M2103,UC,1,2,StratifiedGroupKFold
MSMAPC62,M2103,UC,1,2,StratifiedGroupKFold
MSMAPC64,M2103,UC,1,2,StratifiedGroupKFold
MSMAPC66,M2103,UC,1,2,StratifiedGroupKFold
MSMAPC6A,M2085,CD,1,1,StratifiedGroupKFold
MSMAPC6C,M2085,CD,1,1,StratifiedGroupKFold
MSMAPC6E,M2085,CD,1,1,StratifiedGroupKFold
MSMAPC6G,M2085,CD,1,1,StratifiedGroupKFold
MSMAPC6K,M2084,nonIBD,0,2,StratifiedGroupKFold
MSMAPC6M,M2084,nonIBD,0,2,StratifiedGroupKFold
MSMAPC6O,M2084,nonIBD,0,2,StratifiedGroupKFold
MSMAPC7D,M2075,nonIBD,0,3,StratifiedGroupKFold
MSMAPC7J,M2075,nonIBD,0,3,StratifiedGroupKFold
MSMAPC7P,M2077,nonIBD,0,3,StratifiedGroupKFold
MSMAPC7R,M2077,nonIBD,0,3,StratifiedGroupKFold
MSMAPC7T,M2077,nonIBD,0,3,StratifiedGroupKFold
MSMB4LXS,M2097,nonIBD,0,3,StratifiedGroupKFold
MSMB4LXW,M2097,nonIBD,0,3,StratifiedGroupKFold
MSMB4LXY,M2085,CD,1,1,StratifiedGroupKFold
MSMB4LYB,M2085,CD,1,1,StratifiedGroupKFold
MSMB4LYH,M2103,UC,1,2,StratifiedGroupKFold
MSMB4LZ4,M2071,UC,1,0,StratifiedGroupKFold
MSMB4LZ8,M2079,nonIBD,0,0,StratifiedGroupKFold
MSMB4LZC,M2077,nonIBD,0,3,StratifiedGroupKFold
MSMB4LZK,M2097,nonIBD,0,3,StratifiedGroupKFold
MSMB4LZP,M2083,UC,1,1,StratifiedGroupKFold
MSMB4LZR,M2083,UC,1,1,StratifiedGroupKFold
MSMB4LZV,M2084,nonIBD,0,2,StratifiedGroupKFold
MSMB4LZX,M2084,nonIBD,0,2,StratifiedGroupKFold
MSMB4LZZ,M2084,nonIBD,0,2,StratifiedGroupKFold
PSM6XBQM,P6005,CD,1,0,StratifiedGroupKFold
PSM6XBQM_P,P6005,CD,1,0,StratifiedGroupKFold
PSM6XBQS,P6005,CD,1,0,StratifiedGroupKFold
PSM6XBQU,P6005,CD,1,0,StratifiedGroupKFold
PSM6XBQY,P6005,CD,1,0,StratifiedGroupKFold
PSM6XBQY_TR,P6005,CD,1,0,StratifiedGroupKFold
PSM6XBR1,P6005,CD,1,0,StratifiedGroupKFold
PSM6XBRK,P6009,CD,1,1,StratifiedGroupKFold
PSM6XBRK_P,P6009,CD,1,1,StratifiedGroupKFold
PSM6XBRK_TR,P6009,CD,1,1,StratifiedGroupKFold
PSM6XBRM_P,P6010,CD,1,4,StratifiedGroupKFold
PSM6XBS2_P,P6009,CD,1,1,StratifiedGroupKFold
PSM6XBS4,P6009,CD,1,1,StratifiedGroupKFold
PSM6XBS4_P,P6009,CD,1,1,StratifiedGroupKFold
PSM6XBS6,P6009,CD,1,1,StratifiedGroupKFold
PSM6XBS8,P6009,CD,1,1,StratifiedGroupKFold
PSM6XBSA,P6009,CD,1,1,StratifiedGroupKFold
PSM6XBSC_P,P6009,CD,1,1,StratifiedGroupKFold
PSM6XBSE,P6012,UC,1,0,StratifiedGroupKFold
PSM6XBSE_P,P6012,UC,1,0,StratifiedGroupKFold
PSM6XBSG_P,P6013,UC,1,0,StratifiedGroupKFold
PSM6XBSI,P6010,CD,1,4,StratifiedGroupKFold
PSM6XBSK,P6010,CD,1,4,StratifiedGroupKFold
PSM6XBSM,P6010,CD,1,4,StratifiedGroupKFold
PSM6XBSO,P6010,CD,1,4,StratifiedGroupKFold
PSM6XBSS,P6005,CD,1,0,StratifiedGroupKFold
PSM6XBSU,P6005,CD,1,0,StratifiedGroupKFold
PSM6XBSU_TR,P6005,CD,1,0,StratifiedGroupKFold
PSM6XBT1,P6005,CD,1,0,StratifiedGroupKFold
PSM6XBT3,P6013,UC,1,0,StratifiedGroupKFold
PSM6XBT5,P6013,UC,1,0,StratifiedGroupKFold
PSM6XBT7,P6013,UC,1,0,StratifiedGroupKFold
PSM6XBT9,P6013,UC,1,0,StratifiedGroupKFold
PSM6XBTB,P6013,UC,1,0,StratifiedGroupKFold
PSM6XBTD,P6013,UC,1,0,StratifiedGroupKFold
PSM6XBTF,P6009,CD,1,1,StratifiedGroupKFold
PSM6XBTF_P,P6009,CD,1,1,StratifiedGroupKFold
PSM6XBTH,P6009,CD,1,1,StratifiedGroupKFold
PSM6XBTH_P,P6009,CD,1,1,StratifiedGroupKFold
PSM6XBTL,P6009,CD,1,1,StratifiedGroupKFold
PSM6XBTN_P,P6009,CD,1,1,StratifiedGroupKFold
PSM6XBTP,P6009,CD,1,1,StratifiedGroupKFold
PSM6XBTR,P6014,nonIBD,0,1,StratifiedGroupKFold
PSM6XBTT,P6014,nonIBD,0,1,StratifiedGroupKFold
PSM6XBTV,P6014,nonIBD,0,1,StratifiedGroupKFold
PSM6XBTX,P6014,nonIBD,0,1,StratifiedGroupKFold
PSM6XBTZ,P6014,nonIBD,0,1,StratifiedGroupKFold
PSM6XBTZ_P,P6014,nonIBD,0,1,StratifiedGroupKFold
PSM6XBU2,P6014,nonIBD,0,1,StratifiedGroupKFold
PSM6XBUG,P6010,CD,1,4,StratifiedGroupKFold
PSM6XBUI,P6010,CD,1,4,StratifiedGroupKFold
PSM6XBUK,P6010,CD,1,4,StratifiedGroupKFold
PSM6XBUM,P6010,CD,1,4,StratifiedGroupKFold
PSM6XBUO,P6010,CD,1,4,StratifiedGroupKFold
PSM6XBUQ,P6010,CD,1,4,StratifiedGroupKFold
PSM6XBV2,P6010,CD,1,4,StratifiedGroupKFold
PSM6XBV4,P6010,CD,1,4,StratifiedGroupKFold
PSM6XBVI,P6012,UC,1,0,StratifiedGroupKFold
PSM6XBVK,P6012,UC,1,0,StratifiedGroupKFold
PSM6XBVM,P6012,UC,1,0,StratifiedGroupKFold
PSM6XBVO,P6012,UC,1,0,StratifiedGroupKFold
PSM6XBVQ,P6012,UC,1,0,StratifiedGroupKFold
PSM6XBVS,P6012,UC,1,0,StratifiedGroupKFold
PSM6XBVY,P6016,CD,1,4,StratifiedGroupKFold
PSM6XBVY_P,P6016,CD,1,4,StratifiedGroupKFold
PSM6XBW1_P,P6017,nonIBD,0,4,StratifiedGroupKFold
PSM6XBW3,P6018,nonIBD,0,1,StratifiedGroupKFold
PSM6XBZC,P6005,CD,1,0,StratifiedGroupKFold
PSM6XBZD,P6005,CD,1,0,StratifiedGroupKFold
PSM6XBZI,P6009,CD,1,1,StratifiedGroupKFold
PSM6XBZJ,P6009,CD,1,1,StratifiedGroupKFold
PSM6XBZO,P6012,UC,1,0,StratifiedGroupKFold
PSM6XBZP,P6012,UC,1,0,StratifiedGroupKFold
PSM6XBZQ,P6013,UC,1,0,StratifiedGroupKFold
PSM6XBZR,P6013,UC,1,0,StratifiedGroupKFold
PSM6XBZW,P6014,nonIBD,0,1,StratifiedGroupKFold
PSM6XBZX,P6014,nonIBD,0,1,StratifiedGroupKFold
PSM6XBZY,P6016,CD,1,4,StratifiedGroupKFold
PSM6XBZZ,P6016,CD,1,4,StratifiedGroupKFold
PSM6XC12,P6017,nonIBD,0,4,StratifiedGroupKFold
PSM6XC13,P6018,nonIBD,0,1,StratifiedGroupKFold
PSM6XC14,P6018,nonIBD,0,1,StratifiedGroupKFold
PSM6XC15,P6016,CD,1,4,StratifiedGroupKFold
PSM7J127,P6013,UC,1,0,StratifiedGroupKFold
PSM7J129,P6013,UC,1,0,StratifiedGroupKFold
PSM7J12B,P6013,UC,1,0,StratifiedGroupKFold
PSM7J12D,P6013,UC,1,0,StratifiedGroupKFold
PSM7J12F,P6013,UC,1,0,StratifiedGroupKFold
PSM7J12J,P6024,CD,1,1,StratifiedGroupKFold
PSM7J12R,P6024,CD,1,1,StratifiedGroupKFold
PSM7J12V,P6025,UC,1,1,StratifiedGroupKFold
PSM7J12Z,P6025,UC,1,1,StratifiedGroupKFold
PSM7J134,P6025,UC,1,1,StratifiedGroupKFold
PSM7J136,P6005,CD,1,0,StratifiedGroupKFold
PSM7J13A,P6005,CD,1,0,StratifiedGroupKFold
PSM7J13E,P6005,CD,1,0,StratifiedGroupKFold
PSM7J13I,P6033,CD,1,2,StratifiedGroupKFold
PSM7J13K,P6033,CD,1,2,StratifiedGroupKFold
PSM7J13M,P6033,CD,1,2,StratifiedGroupKFold
PSM7J13Q,P6033,CD,1,2,StratifiedGroupKFold
PSM7J13U_P,P6009,CD,1,1,StratifiedGroupKFold
PSM7J13Y,P6009,CD,1,1,StratifiedGroupKFold
PSM7J13Y_P,P6009,CD,1,1,StratifiedGroupKFold
PSM7J141,P6009,CD,1,1,StratifiedGroupKFold
PSM7J143,P6009,CD,1,1,StratifiedGroupKFold
PSM7J143_P,P6009,CD,1,1,StratifiedGroupKFold
PSM7J14L,P6010,CD,1,4,StratifiedGroupKFold
PSM7J14N,P6010,CD,1,4,StratifiedGroupKFold
PSM7J14P,P6010,CD,1,4,StratifiedGroupKFold
PSM7J14R,P6010,CD,1,4,StratifiedGroupKFold
PSM7J14T,P6010,CD,1,4,StratifiedGroupKFold
PSM7J14X,P6014,nonIBD,0,1,StratifiedGroupKFold
PSM7J154,P6014,nonIBD,0,1,StratifiedGroupKFold
PSM7J156,P6014,nonIBD,0,1,StratifiedGroupKFold
PSM7J158,P6016,CD,1,4,StratifiedGroupKFold
PSM7J15A,P6016,CD,1,4,StratifiedGroupKFold
PSM7J15G,P6016,CD,1,4,StratifiedGroupKFold
PSM7J15I,P6016,CD,1,4,StratifiedGroupKFold
PSM7J15K,P6018,nonIBD,0,1,StratifiedGroupKFold
PSM7J15M,P6018,nonIBD,0,1,StratifiedGroupKFold
PSM7J15O,P6018,nonIBD,0,1,StratifiedGroupKFold
PSM7J15Q,P6018,nonIBD,0,1,StratifiedGroupKFold
PSM7J15S,P6018,nonIBD,0,1,StratifiedGroupKFold
PSM7J15U,P6018,nonIBD,0,1,StratifiedGroupKFold
PSM7J15W,P6028,CD,1,2,StratifiedGroupKFold
PSM7J161,P6028,CD,1,2,StratifiedGroupKFold
PSM7J163,P6028,CD,1,2,StratifiedGroupKFold
PSM7J167,P6028,CD,1,2,StratifiedGroupKFold
PSM7J169,P6013,UC,1,0,StratifiedGroupKFold
PSM7J16B,P6013,UC,1,0,StratifiedGroupKFold
PSM7J16F,P6013,UC,1,0,StratifiedGroupKFold
PSM7J16H,P6013,UC,1,0,StratifiedGroupKFold
PSM7J16U,P6017,nonIBD,0,4,StratifiedGroupKFold
PSM7J16W,P6017,nonIBD,0,4,StratifiedGroupKFold
PSM7J16Y,P6017,nonIBD,0,4,StratifiedGroupKFold
PSM7J171,P6017,nonIBD,0,4,StratifiedGroupKFold
PSM7J173,P6017,nonIBD,0,4,StratifiedGroupKFold
PSM7J177,P6028,CD,1,2,StratifiedGroupKFold
PSM7J179,P6028,CD,1,2,StratifiedGroupKFold
PSM7J17B,P6028,CD,1,2,StratifiedGroupKFold
PSM7J17D,P6028,CD,1,2,StratifiedGroupKFold
PSM7J17F,P6028,CD,1,2,StratifiedGroupKFold
PSM7J17L,P6016,CD,1,4,StratifiedGroupKFold
PSM7J17T,P6016,CD,1,4,StratifiedGroupKFold
PSM7J17V,P6018,nonIBD,0,1,StratifiedGroupKFold
PSM7J17X,P6018,nonIBD,0,1,StratifiedGroupKFold
PSM7J17Z,P6018,nonIBD,0,1,StratifiedGroupKFold
PSM7J182,P6018,nonIBD,0,1,StratifiedGroupKFold
PSM7J184,P6018,nonIBD,0,1,StratifiedGroupKFold
PSM7J186,P6018,nonIBD,0,1,StratifiedGroupKFold
PSM7J188,P6033,CD,1,2,StratifiedGroupKFold
PSM7J18E,P6010,CD,1,4,StratifiedGroupKFold
PSM7J18G,P6010,CD,1,4,StratifiedGroupKFold
PSM7J18I,P6010,CD,1,4,StratifiedGroupKFold
PSM7J18K,P6010,CD,1,4,StratifiedGroupKFold
PSM7J18M,P6010,CD,1,4,StratifiedGroupKFold
PSM7J18Q,P6012,UC,1,0,StratifiedGroupKFold
PSM7J193,P6013,UC,1,0,StratifiedGroupKFold
PSM7J195,P6024,CD,1,1,StratifiedGroupKFold
PSM7J199,P6016,CD,1,4,StratifiedGroupKFold
PSM7J19B,P6016,CD,1,4,StratifiedGroupKFold
PSM7J19F,P6016,CD,1,4,StratifiedGroupKFold
PSM7J19H,P6016,CD,1,4,StratifiedGroupKFold
PSM7J19J,P6016,CD,1,4,StratifiedGroupKFold
PSM7J19N,P6017,nonIBD,0,4,StratifiedGroupKFold
PSM7J19P,P6017,nonIBD,0,4,StratifiedGroupKFold
PSM7J19R,P6017,nonIBD,0,4,StratifiedGroupKFold
PSM7J19T,P6017,nonIBD,0,4,StratifiedGroupKFold
PSM7J19V,P6017,nonIBD,0,4,StratifiedGroupKFold
PSM7J19X_P,P6018,nonIBD,0,1,StratifiedGroupKFold
PSM7J19Z,P6018,nonIBD,0,1,StratifiedGroupKFold
PSM7J1A2,P6018,nonIBD,0,1,StratifiedGroupKFold
PSM7J1A4,P6018,nonIBD,0,1,StratifiedGroupKFold
PSM7J1A6,P6018,nonIBD,0,1,StratifiedGroupKFold
PSM7J1A8,P6018,nonIBD,0,1,StratifiedGroupKFold
PSM7J1AM,P6013,UC,1,0,StratifiedGroupKFold
PSM7J1AO,P6013,UC,1,0,StratifiedGroupKFold
PSM7J1AQ,P6013,UC,1,0,StratifiedGroupKFold
PSM7J1AS,P6013,UC,1,0,StratifiedGroupKFold
PSM7J1AU,P6013,UC,1,0,StratifiedGroupKFold
PSM7J1AW,P6013,UC,1,0,StratifiedGroupKFold
PSM7J1B3_P,P6028,CD,1,2,StratifiedGroupKFold
PSM7J1B7,P6012,UC,1,0,StratifiedGroupKFold
PSM7J1B9,P6012,UC,1,0,StratifiedGroupKFold
PSM7J1BB,P6012,UC,1,0,StratifiedGroupKFold
PSM7J1BD,P6012,UC,1,0,StratifiedGroupKFold
PSM7J1BF,P6012,UC,1,0,StratifiedGroupKFold
PSM7J1BH,P6012,UC,1,0,StratifiedGroupKFold
PSM7J1BJ,P6024,CD,1,1,StratifiedGroupKFold
PSM7J1BL,P6024,CD,1,1,StratifiedGroupKFold
PSM7J1BN,P6024,CD,1,1,StratifiedGroupKFold
PSM7J1BN_P,P6024,CD,1,1,StratifiedGroupKFold
PSM7J1BP,P6024,CD,1,1,StratifiedGroupKFold
PSM7J1BR,P6024,CD,1,1,StratifiedGroupKFold
PSM7J1BV,P6025,UC,1,1,StratifiedGroupKFold
PSM7J1BX,P6025,UC,1,1,StratifiedGroupKFold
PSM7J1C2_P,P6025,UC,1,1,StratifiedGroupKFold
PSM7J1C4,P6025,UC,1,1,StratifiedGroupKFold
PSM7J1C8,P6005,CD,1,0,StratifiedGroupKFold
PSM7J1CC,P6005,CD,1,0,StratifiedGroupKFold
PSM7J1CG,P6005,CD,1,0,StratifiedGroupKFold
PSM7J1CI,P6005,CD,1,0,StratifiedGroupKFold
PSM7J1CK,P6009,CD,1,1,StratifiedGroupKFold
PSM7J1CK_P,P6009,CD,1,1,StratifiedGroupKFold
PSM7J1CS_P,P6009,CD,1,1,StratifiedGroupKFold
PSM7J1CU,P6009,CD,1,1,StratifiedGroupKFold
PSM7J1DF,P6014,nonIBD,0,1,StratifiedGroupKFold
PSM7J1DH,P6014,nonIBD,0,1,StratifiedGroupKFold
PSM7J1DL,P6014,nonIBD,0,1,StratifiedGroupKFold
PSM7J4EF,P6037,CD,1,3,StratifiedGroupKFold
PSM7J4EU,P6024,CD,1,1,StratifiedGroupKFold
PSM7J4EV,P6024,CD,1,1,StratifiedGroupKFold
PSM7J4EW,P6025,UC,1,1,StratifiedGroupKFold
PSM7J4EX,P6025,UC,1,1,StratifiedGroupKFold
PSM7J4F3,P6028,CD,1,2,StratifiedGroupKFold
PSM7J4F4,P6028,CD,1,2,StratifiedGroupKFold
PSM7J4FL,P6016,CD,1,4,StratifiedGroupKFold
PSMA263M,P6024,CD,1,1,StratifiedGroupKFold
PSMA263S,P6024,CD,1,1,StratifiedGroupKFold
PSMA263U,P6024,CD,1,1,StratifiedGroupKFold
PSMA263W,P6024,CD,1,1,StratifiedGroupKFold
PSMA2644,P6017,nonIBD,0,4,StratifiedGroupKFold
PSMA2646,P6017,nonIBD,0,4,StratifiedGroupKFold
PSMA264K,P6025,UC,1,1,StratifiedGroupKFold
PSMA264O,P6035,UC,1,2,StratifiedGroupKFold
PSMA264Q,P6035,UC,1,2,StratifiedGroupKFold
PSMA264S,P6035,UC,1,2,StratifiedGroupKFold
PSMA264U,P6035,UC,1,2,StratifiedGroupKFold
PSMA264W,P6035,UC,1,2,StratifiedGroupKFold
PSMA2651,P6033,CD,1,2,StratifiedGroupKFold
PSMA2651_P,P6033,CD,1,2,StratifiedGroupKFold
PSMA2653,P6033,CD,1,2,StratifiedGroupKFold
PSMA2659,P6033,CD,1,2,StratifiedGroupKFold
PSMA265B,P6033,CD,1,2,StratifiedGroupKFold
PSMA265D,P6018,nonIBD,0,1,StratifiedGroupKFold
PSMA265F,P6018,nonIBD,0,1,StratifiedGroupKFold
PSMA265H,P6018,nonIBD,0,1,StratifiedGroupKFold
PSMA265J,P6018,nonIBD,0,1,StratifiedGroupKFold
PSMA265J_TR,P6018,nonIBD,0,1,StratifiedGroupKFold
PSMA265L,P6018,nonIBD,0,1,StratifiedGroupKFold
PSMA265N,P6016,CD,1,4,StratifiedGroupKFold
PSMA265T,P6016,CD,1,4,StratifiedGroupKFold
PSMA265V,P6016,CD,1,4,StratifiedGroupKFold
PSMA265X,P6038,UC,1,1,StratifiedGroupKFold
PSMA2668,P6028,CD,1,2,StratifiedGroupKFold
PSMA266C,P6028,CD,1,2,StratifiedGroupKFold
PSMA266I,P6037,CD,1,3,StratifiedGroupKFold
PSMA266M,P6037,CD,1,3,StratifiedGroupKFold
PSMA266O,P6037,CD,1,3,StratifiedGroupKFold
PSMA266Q,P6037,CD,1,3,StratifiedGroupKFold
PSMA266U,P6038,UC,1,1,StratifiedGroupKFold
PSMA266Y,P6038,UC,1,1,StratifiedGroupKFold
PSMA2671,P6038,UC,1,1,StratifiedGroupKFold
PSMA2675,P6038,UC,1,1,StratifiedGroupKFold
PSMA267B,P6033,CD,1,2,StratifiedGroupKFold
PSMA267D,P6033,CD,1,2,StratifiedGroupKFold
PSMA267F,P6033,CD,1,2,StratifiedGroupKFold
PSMA267H,P6033,CD,1,2,StratifiedGroupKFold
PSMA267J,P6035,UC,1,2,StratifiedGroupKFold
PSMA267P,P6035,UC,1,2,StratifiedGroupKFold
PSMA267R,P6035,UC,1,2,StratifiedGroupKFold
PSMA269E,P6028,CD,1,2,StratifiedGroupKFold
PSMA269G,P6037,CD,1,3,StratifiedGroupKFold
PSMA269I,P6037,CD,1,3,StratifiedGroupKFold
PSMA269O,P6037,CD,1,3,StratifiedGroupKFold
PSMA269S,P6038,UC,1,1,StratifiedGroupKFold
PSMA269W,P6038,UC,1,1,StratifiedGroupKFold
PSMA26A1,P6038,UC,1,1,StratifiedGroupKFold
PSMA26A3,P6038,UC,1,1,StratifiedGroupKFold
PSMA26AJ,P6033,CD,1,2,StratifiedGroupKFold
PSMB4MBI,P6035,UC,1,2,StratifiedGroupKFold
PSMB4MBK,P6035,UC,1,2,StratifiedGroupKFold
PSMB4MBQ,P6037,CD,1,3,StratifiedGroupKFold
PSMB4MBS,P6037,CD,1,3,StratifiedGroupKFold
PSMB4MC1,P6038,UC,1,1,StratifiedGroupKFold
PSMB4MC3,P6038,UC,1,1,StratifiedGroupKFold
PSMB4MC5,P6038,UC,1,1,StratifiedGroupKFold
PSMB4MC7,P6035,UC,1,2,StratifiedGroupKFold
