sample_id,participant_id,diagnosis_label,disease_group_binary,global_outer_fold,HI_score,HI_probability,role,axis_outer_fold
206561,M2021,CD,1,1,-1.0609416136267484,0.47386847469831156,train_inner_branch_input,0
206562,M2021,CD,1,1,-1.0742468719454188,0.4693256837488952,train_inner_branch_input,0
206563,M2021,CD,1,1,-0.15734729261239136,0.7564718467472125,train_inner_branch_input,0
206564,M2021,CD,1,1,-0.05085281489659714,0.7823383479278332,train_inner_branch_input,0
206604,M2027,CD,1,4,0.19324432737140745,0.8339374270498721,train_inner_branch_input,0
206605,M2027,CD,1,4,-0.3645063823935483,0.7004821802449666,train_inner_branch_input,0
206655,C3021,CD,1,2,-0.5214401864424286,0.6535256807922512,train_inner_branch_input,0
206656,C3021,CD,1,2,-0.7482038303767864,0.5802681623015442,train_inner_branch_input,0
206657,C3022,nonIBD,0,3,-1.4384036385267798,0.3493724775494137,train_inner_branch_input,0
206658,C3022,nonIBD,0,3,-0.28412863282370693,0.7230665600955701,train_inner_branch_input,0
206675,C3032,UC,1,3,-0.3683700291520218,0.6993703372117277,train_inner_branch_input,0
206676,C3032,UC,1,3,-0.3967223421625094,0.6911400439006317,train_inner_branch_input,0
206683,C3037,UC,1,3,-0.25468381347099894,0.7310718946457954,train_inner_branch_input,0
206684,C3037,UC,1,3,-0.11952839574149603,0.7658904706552474,train_inner_branch_input,0
206727,H4017,CD,1,2,0.3813201397942083,0.8666299674078244,train_inner_branch_input,0
206728,H4017,CD,1,2,0.3433237952237991,0.8604970172829122,train_inner_branch_input,0
206733,H4020,CD,1,1,0.0938249281499825,0.8142059939657664,train_inner_branch_input,0
206734,H4020,CD,1,1,0.1418684035136121,0.8239586308358028,train_inner_branch_input,0
206761,H4035,UC,1,4,0.0672527161338176,0.808635315372603,train_inner_branch_input,0
206762,H4035,UC,1,4,0.4400506455422341,0.8756595346067697,train_inner_branch_input,0
215003,M2039,nonIBD,0,4,-0.4725677238851195,0.6685281092172202,train_inner_branch_input,0
215004,M2039,nonIBD,0,4,-0.25018153651500435,0.7322829797374637,train_inner_branch_input,0
215009,M2042,nonIBD,0,4,-1.1419673201842842,0.44629835764984627,train_inner_branch_input,0
215010,M2042,nonIBD,0,4,-1.196875821665279,0.42779068364924183,train_inner_branch_input,0
215048,M2047,nonIBD,0,1,-0.7998693660103552,0.5629357040578887,train_inner_branch_input,0
215049,M2047,nonIBD,0,1,-0.1723716710597256,0.7526595369475535,train_inner_branch_input,0
215055,M2060,nonIBD,0,4,-0.27737312356931837,0.7249161654341382,train_inner_branch_input,0
215056,M2060,nonIBD,0,4,-0.5241489767834913,0.6526848235013614,train_inner_branch_input,0
219655,P6017,nonIBD,0,4,-0.48080580947536183,0.6660221088095108,train_inner_branch_input,0
219656,P6017,nonIBD,0,4,-0.10987128448788033,0.768254580227645,train_inner_branch_input,0
219669,P6025,UC,1,1,-1.175043830039756,0.4351282560673366,train_inner_branch_input,0
219670,P6025,UC,1,1,-1.2567767681301103,0.4078298984091288,train_inner_branch_input,0
224323,H4045,nonIBD,0,2,-0.09684051179607354,0.7714180676359653,train_inner_branch_input,0
224324,H4045,nonIBD,0,2,-0.08215909853756545,0.7749457256503166,train_inner_branch_input,0
224844,M2084,nonIBD,0,2,-0.0960357828534196,0.7716124323820056,train_inner_branch_input,0
224845,M2084,nonIBD,0,2,-0.5206281773858202,0.653777556638681,train_inner_branch_input,0
206547,M2014,CD,1,2,0.6725015695545953,0.9063995536433203,train_inner_branch_input,0
206548,M2014,CD,1,2,0.40209811424126846,0.8698862556167426,train_inner_branch_input,0
206623,C3004,UC,1,3,-0.5075084793181275,0.6578351143550258,train_inner_branch_input,0
206624,C3004,UC,1,3,0.05406971200592225,0.805824637757784,train_inner_branch_input,0
206625,C3004,UC,1,3,-0.26933899615501616,0.7271058392917413,train_inner_branch_input,0
206626,C3004,UC,1,3,-0.2243740142522802,0.7391579368581298,train_inner_branch_input,0
206635,C3011,UC,1,1,-0.7039207455709471,0.5949696794408027,train_inner_branch_input,0
206636,C3011,UC,1,1,-0.4470320403753162,0.6762350627034167,train_inner_branch_input,0
206681,C3035,CD,1,3,-0.1509634698133858,0.758079576343795,train_inner_branch_input,0
206682,C3035,CD,1,3,-0.36936401470720154,0.6990839173425172,train_inner_branch_input,0
206695,H4001,CD,1,4,-0.04752977823678264,0.7831126655765442,train_inner_branch_input,0
206701,H4006,CD,1,3,-0.03608576807487614,0.7857640355126089,train_inner_branch_input,0
206702,H4006,CD,1,3,-0.12228961321264134,0.7652114404327075,train_inner_branch_input,0
206729,H4018,nonIBD,0,2,0.5848789626064134,0.8957051676679711,train_inner_branch_input,0
206730,H4018,nonIBD,0,2,0.31231360798006885,0.8553180805577655,train_inner_branch_input,0
206742,H4024,nonIBD,0,1,-0.7182016612398364,0.5902458034562972,train_inner_branch_input,0
206743,H4024,nonIBD,0,1,-0.3511559225079761,0.7043058496393299,train_inner_branch_input,0
206750,H4028,CD,1,4,0.15409201059815003,0.8263747904018426,train_inner_branch_input,0
206751,H4028,CD,1,4,-0.17065236027489541,0.7530978210064113,train_inner_branch_input,0
215057,M2061,nonIBD,0,3,-0.8945653219427335,0.5307954769132796,train_inner_branch_input,0
215058,M2061,nonIBD,0,3,-0.6311831134429924,0.618741400927174,train_inner_branch_input,0
215080,M2069,UC,1,3,-0.2171434491328499,0.7410634939541069,train_inner_branch_input,0
219637,P6009,CD,1,1,-0.39647248677445535,0.6912131164266805,train_inner_branch_input,0
219638,P6009,CD,1,1,0.026365976965705806,0.7998162575508537,train_inner_branch_input,0
219657,P6018,nonIBD,0,1,0.2970941259718991,0.8527183883250999,train_inner_branch_input,0
219658,P6018,nonIBD,0,1,-0.00014447512160064153,0.7939371747198503,train_inner_branch_input,0
206534,M2008,CD,1,3,-0.6520537793474205,0.6119731140762448,train_inner_branch_input,0
206536,M2008,CD,1,3,-0.7805352771021552,0.5694421704623802,train_inner_branch_input,0
206538,M2008,CD,1,3,-0.8251812034936921,0.5543850508579021,train_inner_branch_input,0
206571,M2026,UC,1,3,0.159561598663135,0.8274474147595272,train_inner_branch_input,0
206572,M2026,UC,1,3,0.11500413874744872,0.818555799636949,train_inner_branch_input,0
206603,M2026,UC,1,3,0.013315340785416824,0.7969379327716335,train_inner_branch_input,0
206629,C3006,UC,1,1,0.34821933130033783,0.861300263649325,train_inner_branch_input,0
206630,C3006,UC,1,1,-0.03868965021947655,0.7851628416384202,train_inner_branch_input,0
206645,C3016,CD,1,2,-0.11666786992841437,0.7665924832217083,train_inner_branch_input,0
206646,C3016,CD,1,2,-0.9002827543251144,0.528844019118279,train_inner_branch_input,0
206647,C3017,CD,1,2,-0.2789498485784749,0.7244851568941956,train_inner_branch_input,0
206648,C3017,CD,1,2,-0.35686766076067455,0.7026734322739162,train_inner_branch_input,0
206659,C3023,CD,1,1,-0.2738819828109276,0.7258690023178522,train_inner_branch_input,0
206660,C3023,CD,1,1,-0.03120824643849079,0.786886880184332,train_inner_branch_input,0
206669,C3029,UC,1,3,-0.21308168866591515,0.7421299569946155,train_inner_branch_input,0
206670,C3029,UC,1,3,0.003857846412421958,0.7948328763622852,train_inner_branch_input,0
206673,C3031,CD,1,1,-0.5405109391815822,0.6475856512437721,train_inner_branch_input,0
206700,H4004,CD,1,4,0.07828983255736147,0.8109645099486991,train_inner_branch_input,0
206708,H4007,CD,1,3,-0.24822891571304986,0.7328071458386578,train_inner_branch_input,0
206709,H4007,CD,1,3,-0.0890914257357245,0.7732848537320561,train_inner_branch_input,0
206710,H4009,nonIBD,0,3,-0.2389635016387146,0.7352854697078839,train_inner_branch_input,0
206711,H4009,nonIBD,0,3,-0.06694090487698666,0.7785614016602395,train_inner_branch_input,0
206723,H4015,CD,1,4,-0.28420415228377877,0.7230458401438861,train_inner_branch_input,0
206724,H4015,CD,1,4,0.1359595833004508,0.8227812275469331,train_inner_branch_input,0
206731,H4019,UC,1,2,-0.7484992877982184,0.580169562548775,train_inner_branch_input,0
206732,H4019,UC,1,2,-0.9208634304156545,0.5218126048666792,train_inner_branch_input,0
206746,H4007,CD,1,3,-0.19904588029226764,0.7457930973615876,train_inner_branch_input,0
206747,H4007,CD,1,3,-0.26339927671883084,0.7287176707655662,train_inner_branch_input,0
206754,H4019,UC,1,2,-0.01415876648517692,0.7907780425180019,train_inner_branch_input,0
206757,H4004,CD,1,4,-0.1733971077796795,0.7523978856524777,train_inner_branch_input,0
206758,H4004,CD,1,4,0.039032208540151575,0.8025804477308158,train_inner_branch_input,0
215023,M2008,CD,1,3,-0.3095955341203906,0.7160253856224194,train_inner_branch_input,0
215050,M2008,CD,1,3,-0.7340906990722584,0.5849703842128431,train_inner_branch_input,0
215074,M2072,nonIBD,0,1,-0.5926102691012001,0.6311282058860407,train_inner_branch_input,0
215077,M2072,nonIBD,0,1,-0.5800077834363588,0.6351389265760036,train_inner_branch_input,0
219651,P6014,nonIBD,0,1,-0.553636556379296,0.6434705626804196,train_inner_branch_input,0
219652,P6014,nonIBD,0,1,-0.7690821689386504,0.5732853328784946,train_inner_branch_input,0
219653,P6016,CD,1,4,-0.1261776299589788,0.7642529988260613,train_inner_branch_input,0
219654,P6016,CD,1,4,-0.0756225523012435,0.7765038497909771,train_inner_branch_input,0
219659,P6016,CD,1,4,-0.1285933790548921,0.763656127187144,train_inner_branch_input,0
219668,P6024,CD,1,1,-0.49542625252703976,0.6615515145151122,train_inner_branch_input,0
219693,P6016,CD,1,4,0.028938643162990475,0.8003800372728214,train_inner_branch_input,0
224330,H4042,UC,1,3,-0.2345559013076661,0.7364592428375851,train_inner_branch_input,0
206614,C3001,CD,1,1,-0.08892201332425623,0.7733255452484045,train_inner_branch_input,0
206615,C3001,CD,1,1,-0.22686602658927693,0.7384990883286459,train_inner_branch_input,0
206620,C3003,UC,1,4,-0.42727327849441243,0.6821338108832016,train_inner_branch_input,0
206621,C3003,UC,1,4,-0.3983159904139721,0.690673741753398,train_inner_branch_input,0
206622,C3003,UC,1,4,0.2269347575692876,0.8402318876711058,train_inner_branch_input,0
206667,C3027,CD,1,3,-0.02619993998784881,0.7880353609186449,train_inner_branch_input,0
206668,C3027,CD,1,3,-0.06326376080879782,0.7794287888376542,train_inner_branch_input,0
206677,C3034,UC,1,2,0.16970929078069716,0.8294235451634693,train_inner_branch_input,0
206678,C3034,UC,1,2,0.2676553718780268,0.8475802817934848,train_inner_branch_input,0
206703,H4008,nonIBD,0,1,-0.4619666880890768,0.6717388957281292,train_inner_branch_input,0
206704,H4008,nonIBD,0,1,-0.5070997469935978,0.6579611575023161,train_inner_branch_input,0
206712,H4010,UC,1,1,-0.4041111302038825,0.688974811546138,train_inner_branch_input,0
206713,H4010,UC,1,1,-0.5955933563986444,0.6301761610948059,train_inner_branch_input,0
206738,H4022,nonIBD,0,3,0.5596718802917734,0.8924344044465126,train_inner_branch_input,0
206739,H4022,nonIBD,0,3,-0.4166403746058768,0.6852842671368337,train_inner_branch_input,0
206740,H4023,nonIBD,0,4,-0.5671513006859321,0.6392112361058705,train_inner_branch_input,0
206741,H4023,nonIBD,0,4,-0.8743862810256371,0.5376750078310274,train_inner_branch_input,0
206752,H4008,nonIBD,0,1,-0.927674784398578,0.5194834542907678,train_inner_branch_input,0
206753,H4008,nonIBD,0,1,-1.0643972174637948,0.4726881874635441,train_inner_branch_input,0
206768,H4039,CD,1,1,-0.19019476231406796,0.7480854005549864,train_inner_branch_input,0
206769,H4039,CD,1,1,-0.46919033135271093,0.6695527573286837,train_inner_branch_input,0
214994,M2034,CD,1,3,0.1077303244724556,0.8170708999104336,train_inner_branch_input,0
214995,M2034,CD,1,3,0.47991299463868226,0.8814852680664502,train_inner_branch_input,0
215061,M2064,UC,1,4,-0.7501070786728862,0.5796329002178842,train_inner_branch_input,0
215062,M2064,UC,1,4,-0.4561789832988821,0.6734851163945409,train_inner_branch_input,0
219675,P6028,CD,1,2,-0.0927430812498104,0.7724065002622265,train_inner_branch_input,0
219676,P6028,CD,1,2,0.0797245386931836,0.8112656779167169,train_inner_branch_input,0
219691,P6033,CD,1,2,-0.184522501940405,0.7495472010628109,train_inner_branch_input,0
219692,P6033,CD,1,2,-0.31394972259155884,0.7148107665303836,train_inner_branch_input,0
222170,M2075,nonIBD,0,3,-0.5544012217942685,0.6432301668491566,train_inner_branch_input,0
222171,M2075,nonIBD,0,3,-0.6046264689990908,0.6272871102767293,train_inner_branch_input,0
224327,H4043,CD,1,2,-0.49604303846150566,0.6613622731224462,train_inner_branch_input,0
224328,H4043,CD,1,2,-0.40957556824251035,0.6873681535278521,train_inner_branch_input,0
CSM5MCV1_P,C3007,CD,1,3,-0.10362500255280988,0.7697747969459353,train_inner_branch_input,0
CSM5MCV5_P,C3007,CD,1,3,-0.24013310613399377,0.7349734351870972,train_inner_branch_input,0
CSM5MCVB_P,C3007,CD,1,3,-0.4034869227593922,0.6891580530297321,train_inner_branch_input,0
CSM5MCXF_P,C3012,CD,1,1,-0.41052461276191765,0.6870886539654346,train_inner_branch_input,0
CSM5MCZB,C3012,CD,1,1,0.17252391062317335,0.8299684610060692,train_inner_branch_input,0
CSM5MCZD,C3012,CD,1,1,-0.16333065294812713,0.7549584077380921,train_inner_branch_input,0
CSM5MCZF,C3012,CD,1,1,1.1538174158871224,0.9493056811143419,train_inner_branch_input,0
CSM67U9B,C3012,CD,1,1,-0.27558310915280554,0.7254049706426535,train_inner_branch_input,0
CSM67U9D,C3012,CD,1,1,0.00047313823814682757,0.7940755825287336,train_inner_branch_input,0
CSM67UGO,C3012,CD,1,1,0.7413433480211475,0.9141009467816533,train_inner_branch_input,0
CSM67UH7,C3022,nonIBD,0,3,-1.8070744302665804,0.2447279731457058,train_inner_branch_input,0
CSM6J2H9_P,M2039,nonIBD,0,4,0.06899839948970593,0.8090051652194958,train_inner_branch_input,0
CSM79HGR_P,C3022,nonIBD,0,3,-0.3899337916963152,0.6931220104641402,train_inner_branch_input,0
CSM79HGV_P,C3022,nonIBD,0,3,-0.4428851040856294,0.6774778167709377,train_inner_branch_input,0
CSM79HGX,C3022,nonIBD,0,3,-0.22586126327817738,0.7387648610853645,train_inner_branch_input,0
CSM79HGZ,C3022,nonIBD,0,3,-0.6149126417373282,0.623986202883149,train_inner_branch_input,0
CSM79HHM,C3021,CD,1,2,-0.9134684440125502,0.5243402525714679,train_inner_branch_input,0
CSM79HHO,C3021,CD,1,2,-1.0293245069458947,0.48467943688692616,train_inner_branch_input,0
CSM79HHU,C3021,CD,1,2,-0.7275728777816424,0.587136837197293,train_inner_branch_input,0
CSM79HKX,C3028,CD,1,4,-0.3279973831909056,0.7108709115058055,train_inner_branch_input,0
CSM79HKZ,C3028,CD,1,4,0.7964301948481867,0.9198451614333353,train_inner_branch_input,0
CSM79HL4,C3028,CD,1,4,-0.3153430394423448,0.714421436177752,train_inner_branch_input,0
CSM79HL6,C3028,CD,1,4,-0.4020793813395195,0.6895710313611981,train_inner_branch_input,0
CSM79HN2,C3021,CD,1,2,-0.3242787928450659,0.7119169790800226,train_inner_branch_input,0
CSM79HN6,C3021,CD,1,2,-1.2585988458765167,0.4072271189344108,train_inner_branch_input,0
CSM79HOJ,C3012,CD,1,1,1.7339274898919343,0.9764489311718034,train_inner_branch_input,0
CSM79HOL,C3012,CD,1,1,-0.4569477878564901,0.6732534343231785,train_inner_branch_input,0
CSM79HOT,C3012,CD,1,1,-0.25004838971920673,0.7323187426926833,train_inner_branch_input,0
CSM79HOV,C3022,nonIBD,0,3,-0.247193650933954,0.7330847900795688,train_inner_branch_input,0
CSM79HOX,C3022,nonIBD,0,3,-0.5013422580953723,0.6597342519567808,train_inner_branch_input,0
CSM79HOZ,C3022,nonIBD,0,3,-1.2288580237714188,0.41709965566879453,train_inner_branch_input,0
CSM79HP2,C3022,nonIBD,0,3,-0.45381645750883404,0.6741965420231908,train_inner_branch_input,0
CSM79HP4,C3022,nonIBD,0,3,-0.4683550139942639,0.669805932018665,train_inner_branch_input,0
CSM79HP6,C3022,nonIBD,0,3,-0.4840973963668302,0.6650181811662815,train_inner_branch_input,0
CSM7KOKR,C3028,CD,1,4,-0.06303649116561277,0.7794823185699047,train_inner_branch_input,0
CSM7KOKT,C3028,CD,1,4,-0.33649687849870497,0.7084715000944979,train_inner_branch_input,0
CSM7KOKZ,C3028,CD,1,4,-0.3910355889347113,0.6928008146908237,train_inner_branch_input,0
CSM7KOL2,C3028,CD,1,4,-0.3636246413340454,0.7007355890814152,train_inner_branch_input,0
CSM7KOLK,C3021,CD,1,2,-1.0414051724055378,0.4805464021572183,train_inner_branch_input,0
CSM7KOLM,C3021,CD,1,2,-0.4355762719294715,0.679662024879171,train_inner_branch_input,0
CSM7KOMX,C3012,CD,1,1,-0.049073645283774024,0.7827531692133444,train_inner_branch_input,0
CSM7KOMZ,C3012,CD,1,1,-0.2993157111425531,0.7188805634584765,train_inner_branch_input,0
CSM7KON2,C3012,CD,1,1,1.1155377598953524,0.9467213123273858,train_inner_branch_input,0
CSM7KON8,C3012,CD,1,1,1.567800092229716,0.9706060790177726,train_inner_branch_input,0
CSM7KOOH,C3022,nonIBD,0,3,-1.700708537772305,0.2726549058470708,train_inner_branch_input,0
CSM7KOOJ,C3022,nonIBD,0,3,-0.4001447450597839,0.6901381687852716,train_inner_branch_input,0
CSM7KOOL,C3022,nonIBD,0,3,-0.4140580123272999,0.6860468507591532,train_inner_branch_input,0
CSM7KOON,C3022,nonIBD,0,3,-0.499418137411696,0.6603258171821813,train_inner_branch_input,0
CSM7KOOP,C3022,nonIBD,0,3,-0.3408729029062005,0.7072315871838388,train_inner_branch_input,0
CSM7KOOR,C3022,nonIBD,0,3,-0.38191981219157667,0.6954525984410675,train_inner_branch_input,0
CSM7KOP6,C3032,UC,1,3,-0.30407712854482943,0.7175602742369529,train_inner_branch_input,0
CSM7KOP8,C3032,UC,1,3,-0.7390756808997917,0.5833112056078564,train_inner_branch_input,0
CSM7KOPE,C3032,UC,1,3,-0.9826709377792245,0.500655164137728,train_inner_branch_input,0
CSM7KORC,C3028,CD,1,4,-0.33850904112851143,0.7079017530935688,train_inner_branch_input,0
CSM7KORG,C3028,CD,1,4,0.37717789871936713,0.8659726169902341,train_inner_branch_input,0
CSM7KORI,C3028,CD,1,4,-0.28448450563056604,0.7229689124283202,train_inner_branch_input,0
CSM7KORK,C3028,CD,1,4,-0.12191791201638777,0.7653029275283982,train_inner_branch_input,0
CSM7KOSV,C3021,CD,1,2,-0.5857569009739961,0.6333115674022414,train_inner_branch_input,0
CSM7KOSX,C3021,CD,1,2,-0.5527171876816213,0.6437594985187253,train_inner_branch_input,0
CSM7KOU7_P,C3032,UC,1,3,-0.27937439029211464,0.7243690340340699,train_inner_branch_input,0
CSM7KOU9,C3032,UC,1,3,-1.9104695429474967,0.21949753752713905,train_inner_branch_input,0
CSM7KOUB,C3032,UC,1,3,-0.24635858315871753,0.7333086104264581,train_inner_branch_input,0
CSM7KOUJ_P,C3037,UC,1,3,-0.37285683679505327,0.6980762191539267,train_inner_branch_input,0
CSM7KOUL,C3037,UC,1,3,1.7724102630816483,0.9776314801031475,train_inner_branch_input,0
CSM7KOUN,C3037,UC,1,3,-0.18934652126865606,0.7483043605180429,train_inner_branch_input,0
CSM9X1ZO,C3032,UC,1,3,-0.18881077594342816,0.7484425895761554,train_inner_branch_input,0
CSM9X1ZQ,C3032,UC,1,3,-0.2331593575161739,0.7368304536677706,train_inner_branch_input,0
CSM9X1ZY,C3032,UC,1,3,-0.28245029251452924,0.7235267922473196,train_inner_branch_input,0
CSM9X211,C3037,UC,1,3,2.223831713517018,0.9878234317347795,train_inner_branch_input,0
CSM9X213,C3037,UC,1,3,2.2017641097127094,0.9874543305600872,train_inner_branch_input,0
CSM9X215,C3037,UC,1,3,-0.31884477633608843,0.7134415493045655,train_inner_branch_input,0
CSM9X219,C3037,UC,1,3,-0.1176939504628452,0.7663408373932902,train_inner_branch_input,0
CSM9X22G,C3032,UC,1,3,-0.8839158367971216,0.5344277740612614,train_inner_branch_input,0
CSM9X22I,C3032,UC,1,3,-0.24807853517397535,0.7328474872882466,train_inner_branch_input,0
CSM9X22K,C3032,UC,1,3,-0.3654276146034052,0.7002172906567637,train_inner_branch_input,0
CSM9X22S,C3037,UC,1,3,-0.17644287170756653,0.7516196316488344,train_inner_branch_input,0
CSM9X22U,C3037,UC,1,3,2.303083507335843,0.9890626793765146,train_inner_branch_input,0
CSM9X23H,C3037,UC,1,3,-0.3396049118576511,0.7075911806370404,train_inner_branch_input,0
CSM9X23N,C3037,UC,1,3,-0.1992707744069553,0.7457346744979643,train_inner_branch_input,0
CSMA8M9R,C3022,nonIBD,0,3,-0.40359328983518794,0.6891268322454444,train_inner_branch_input,0
CSMAAEUA,C3022,nonIBD,0,3,-0.3897952033220134,0.6931623984750425,train_inner_branch_input,0
CSMAE44D,C3022,nonIBD,0,3,-0.2957120841992151,0.719877307442305,train_inner_branch_input,0
CSMAG78W,C3022,nonIBD,0,3,0.39872423681205515,0.8693621442786998,train_inner_branch_input,0
CSMAHYLR,C3022,nonIBD,0,3,-0.603658978623058,0.6275969807916942,train_inner_branch_input,0
ESM718U9_P,E5023,CD,1,1,-0.35279974726497254,0.7038365768086724,train_inner_branch_input,0
HSM5MD8J_P,H4011,CD,1,4,-0.2406115233232719,0.7348457322553352,train_inner_branch_input,0
HSM67VCX_P,H4020,CD,1,1,-0.17546032200828487,0.7518708717251616,train_inner_branch_input,0
HSM67VCZ,H4020,CD,1,1,0.15519128264896437,0.8265907873788867,train_inner_branch_input,0
HSM67VD2,H4020,CD,1,1,-0.15346136287908937,0.7574513579057315,train_inner_branch_input,0
HSM67VD4,H4020,CD,1,1,0.23194604839665264,0.8411514686066807,train_inner_branch_input,0
HSM67VD6,H4020,CD,1,1,0.6426497899738527,0.9028713629754631,train_inner_branch_input,0
HSM67VF9,H4017,CD,1,2,-0.3946784695421458,0.6917375123314601,train_inner_branch_input,0
HSM67VFD,H4017,CD,1,2,-0.7565342074102225,0.5774857286090833,train_inner_branch_input,0
HSM67VFF,H4017,CD,1,2,-0.5273551272033823,0.6516883447963101,train_inner_branch_input,0
HSM67VFH,H4017,CD,1,2,-0.4319027903765406,0.6807568682556262,train_inner_branch_input,0
HSM67VFJ,H4017,CD,1,2,0.3629068551602903,0.8636868885149643,train_inner_branch_input,0
HSM67VHB,H4020,CD,1,1,0.3882605980296527,0.8677252633938193,train_inner_branch_input,0
HSM67VHD,H4020,CD,1,1,-0.169753266496888,0.7533268086380388,train_inner_branch_input,0
HSM67VHF,H4020,CD,1,1,0.9262856292079474,0.9320215839757711,train_inner_branch_input,0
HSM67VHH,H4020,CD,1,1,-0.3108633524598882,0.7156720446319654,train_inner_branch_input,0
HSM67VHJ,H4020,CD,1,1,0.18473881126616107,0.8323172572300395,train_inner_branch_input,0
HSM67VHK,H4017,CD,1,2,-0.42874131258178666,0.6816975209445453,train_inner_branch_input,0
HSM6XRQB,H4017,CD,1,2,1.0462349842695855,0.9417235448215339,train_inner_branch_input,0
HSM6XRQB_P,H4017,CD,1,2,-0.10341310241785477,0.7698262463002866,train_inner_branch_input,0
HSM6XRQI,H4017,CD,1,2,0.25433983904223006,0.8452083764282063,train_inner_branch_input,0
HSM6XRQK,H4017,CD,1,2,0.11350343451796159,0.8182502111029291,train_inner_branch_input,0
HSM6XRQM,H4017,CD,1,2,-0.23696608851841097,0.7358178083513286,train_inner_branch_input,0
HSM6XRQO,H4017,CD,1,2,-0.3268302206965909,0.7111994857321985,train_inner_branch_input,0
HSM6XRR3,H4020,CD,1,1,-0.19983485877123267,0.7455880980587365,train_inner_branch_input,0
HSM6XRUV,H4020,CD,1,1,-0.21749348292909035,0.7409714542853294,train_inner_branch_input,0
HSM7CYY3,H4017,CD,1,2,1.0135000873832993,0.9392127568897792,train_inner_branch_input,0
HSM7CYY5,H4017,CD,1,2,-0.516753952013475,0.6549781083812489,train_inner_branch_input,0
HSM7CYY7,H4017,CD,1,2,-0.19303865272086226,0.7473503740361764,train_inner_branch_input,0
HSM7CYY9,H4017,CD,1,2,-0.2849836728650069,0.7228319105323628,train_inner_branch_input,0
HSM7CYYB,H4017,CD,1,2,0.5410774290040461,0.8899641627143402,train_inner_branch_input,0
HSM7CYYD,H4017,CD,1,2,-0.37683191081588135,0.6969270624790678,train_inner_branch_input,0
HSM7CZ2X_P,H4035,UC,1,4,-0.3730812970348656,0.6980113956948983,train_inner_branch_input,0
HSM7J4HM,H4035,UC,1,4,-0.10638695763990294,0.7691034571295349,train_inner_branch_input,0
HSM7J4HO,H4035,UC,1,4,2.765065719416143,0.9941622729851256,train_inner_branch_input,0
HSM7J4HQ,H4035,UC,1,4,-0.1816348280394146,0.7502892115337731,train_inner_branch_input,0
HSM7J4HS,H4035,UC,1,4,3.5576448293274123,0.9980216391609389,train_inner_branch_input,0
HSM7J4HU,H4035,UC,1,4,-0.2636560987508254,0.7286481020163649,train_inner_branch_input,0
HSM7J4IO,H4020,CD,1,1,-0.311376150407891,0.7155290525953494,train_inner_branch_input,0
HSM7J4IP,H4020,CD,1,1,0.1848411323307612,0.8323368226081783,train_inner_branch_input,0
HSM7J4IQ,H4020,CD,1,1,1.0419006500059513,0.9413967730021484,train_inner_branch_input,0
HSM7J4IR,H4020,CD,1,1,0.05694525146856686,0.806440376702084,train_inner_branch_input,0
HSM7J4IS,H4020,CD,1,1,1.8261123312531233,0.9791852247261813,train_inner_branch_input,0
HSM7J4JZ,H4035,UC,1,4,2.622559533906309,0.9929124654378061,train_inner_branch_input,0
HSM7J4K2,H4035,UC,1,4,-0.21041718141897367,0.742827996033381,train_inner_branch_input,0
HSM7J4K4,H4035,UC,1,4,0.02697589231574381,0.7999500236101524,train_inner_branch_input,0
HSM7J4K6,H4035,UC,1,4,0.15951011614733207,0.8274373431744104,train_inner_branch_input,0
HSM7J4K8,H4035,UC,1,4,1.2206890373002264,0.9535378334734947,train_inner_branch_input,0
HSM7J4KA,H4035,UC,1,4,0.09215874484174395,0.8138603998185931,train_inner_branch_input,0
HSM7J4PO,H4020,CD,1,1,-0.29145294633962615,0.7210525743488413,train_inner_branch_input,0
HSM7J4PQ,H4020,CD,1,1,0.24682804564194413,0.8438570415757977,train_inner_branch_input,0
HSM7J4PS,H4020,CD,1,1,0.13347064703290218,0.8222834309464465,train_inner_branch_input,0
HSM7J4PU,H4020,CD,1,1,-0.1830679502915333,0.7499211429408963,train_inner_branch_input,0
HSM7J4PW,H4020,CD,1,1,-0.22919961149510515,0.7378811517950093,train_inner_branch_input,0
HSM7J4PY,H4020,CD,1,1,-0.08997943752606864,0.7730714758951215,train_inner_branch_input,0
HSMA33J1_P,H4045,nonIBD,0,2,-0.18598325463285656,0.7491712904802914,train_inner_branch_input,0
HSMA33J3,H4045,nonIBD,0,2,-0.5359335818294493,0.6490156266197784,train_inner_branch_input,0
HSMA33J5,H4045,nonIBD,0,2,-1.7498104985195038,0.2595188415795462,train_inner_branch_input,0
HSMA33J7,H4045,nonIBD,0,2,-1.188011695606117,0.43076621155779843,train_inner_branch_input,0
HSMA33J9,H4045,nonIBD,0,2,-1.5188734059235234,0.32474418651359377,train_inner_branch_input,0
HSMA33MA,H4035,UC,1,4,-0.25539921731232307,0.7308791368052311,train_inner_branch_input,0
HSMA33MC,H4035,UC,1,4,-0.312715781635346,0.7151552964569039,train_inner_branch_input,0
HSMA33ME,H4035,UC,1,4,-0.1921226244687173,0.7475872838675738,train_inner_branch_input,0
HSMA33MG,H4035,UC,1,4,-0.14474777793593305,0.7596380047610832,train_inner_branch_input,0
HSMA33MI,H4035,UC,1,4,2.2491980458500254,0.9882344712149989,train_inner_branch_input,0
HSMA33MK,H4035,UC,1,4,-0.526083741241807,0.6520836537778322,train_inner_branch_input,0
HSMA33MS,H4045,nonIBD,0,2,-0.2509555284802971,0.7320750270732047,train_inner_branch_input,0
HSMA33NY,H4045,nonIBD,0,2,-1.8067157753060592,0.24481881468612368,train_inner_branch_input,0
HSMA33OP,H4035,UC,1,4,-0.3689826408280302,0.6991938297268908,train_inner_branch_input,0
HSMA33OR,H4035,UC,1,4,2.296937479941289,0.9889712080216826,train_inner_branch_input,0
HSMA33OT,H4035,UC,1,4,-0.34070973859742487,0.7072778739748197,train_inner_branch_input,0
HSMA33OV,H4035,UC,1,4,-0.40803076878048117,0.6878228153953007,train_inner_branch_input,0
HSMA33OX,H4035,UC,1,4,-0.2539949572803489,0.7312574170093304,train_inner_branch_input,0
HSMA33OZ,H4035,UC,1,4,0.5514469282404123,0.8913478048702661,train_inner_branch_input,0
HSMA33QM,H4045,nonIBD,0,2,-0.25592019867919047,0.7307387090848989,train_inner_branch_input,0
HSMA33QO,H4045,nonIBD,0,2,-3.390354182641594,0.035700002200729004,train_inner_branch_input,0
HSMA33SE,H4045,nonIBD,0,2,-0.3468293246617105,0.7055389254460261,train_inner_branch_input,0
HSMA33SG,H4045,nonIBD,0,2,-1.6176168323301603,0.29580673059474594,train_inner_branch_input,0
HSMA33SI,H4045,nonIBD,0,2,-0.1506780766293335,0.7581512819740767,train_inner_branch_input,0
HSMA33SK,H4045,nonIBD,0,2,-1.7038371728543389,0.27180562525507324,train_inner_branch_input,0
MSM5LLEP,M2021,CD,1,1,-0.315480349823712,0.7143830506836585,train_inner_branch_input,0
MSM5LLER,M2021,CD,1,1,-0.37300333133940783,0.6980339128541486,train_inner_branch_input,0
MSM5LLH2_P,M2027,CD,1,4,0.17239557316200071,0.8299436447719347,train_inner_branch_input,0
MSM5LLH4_P,M2027,CD,1,4,-0.3260829353326701,0.711409741584012,train_inner_branch_input,0
MSM5LLH8_P,M2027,CD,1,4,0.04759317440175135,0.8044323754653109,train_inner_branch_input,0
MSM5LLHA_P,M2027,CD,1,4,-0.21971714293288278,0.740386257031337,train_inner_branch_input,0
MSM5LLHC,M2027,CD,1,4,-0.4867250881345869,0.6642156665226705,train_inner_branch_input,0
MSM5LLHR_P,M2021,CD,1,1,-0.14504296240957304,0.7595641501258329,train_inner_branch_input,0
MSM5LLIE_P,M2021,CD,1,1,0.0004152173915679489,0.7940626053320992,train_inner_branch_input,0
MSM5LLIG_P,M2021,CD,1,1,0.02155207822750478,0.798758124604628,train_inner_branch_input,0
MSM5LLIK_P,M2021,CD,1,1,-0.24470171309898833,0.7337523419083094,train_inner_branch_input,0
MSM5LLIM_P,M2021,CD,1,1,-0.4555769181454598,0.6736664918288701,train_inner_branch_input,0
MSM5LLIS_P,M2027,CD,1,4,0.1459194349682057,0.8247622875753325,train_inner_branch_input,0
MSM6J2HN,M2039,nonIBD,0,4,-0.25931504673217387,0.7298225136604514,train_inner_branch_input,0
MSM6J2HP,M2039,nonIBD,0,4,0.18225109154648442,0.8318410053887826,train_inner_branch_input,0
MSM6J2HR,M2039,nonIBD,0,4,0.05984074466175719,0.8070588878208684,train_inner_branch_input,0
MSM6J2HT,M2039,nonIBD,0,4,0.9831682256776932,0.9367963029467667,train_inner_branch_input,0
MSM6J2JH_P,M2042,nonIBD,0,4,-0.34730919595537596,0.7054023104157486,train_inner_branch_input,0
MSM6J2JZ,M2042,nonIBD,0,4,-0.569199469210483,0.6385637973910849,train_inner_branch_input,0
MSM6J2K2,M2042,nonIBD,0,4,-0.7028128790239094,0.5953354201422422,train_inner_branch_input,0
MSM6J2K4,M2042,nonIBD,0,4,-0.4537819636711689,0.6742069231933753,train_inner_branch_input,0
MSM6J2K6,M2042,nonIBD,0,4,-2.897259306132981,0.06782177024190002,train_inner_branch_input,0
MSM6J2K8,M2042,nonIBD,0,4,-0.31321937973296976,0.7150147165628862,train_inner_branch_input,0
MSM6J2KA,M2042,nonIBD,0,4,-0.5215579028696191,0.653489159368918,train_inner_branch_input,0
MSM6J2KC,M2027,CD,1,4,-0.3689002196131804,0.699217580608253,train_inner_branch_input,0
MSM6J2KE,M2027,CD,1,4,-0.6652333156588691,0.6076764870287685,train_inner_branch_input,0
MSM6J2KM,M2027,CD,1,4,-0.4328802425868798,0.6804657426738263,train_inner_branch_input,0
MSM6J2LT,M2021,CD,1,1,0.2546611943736192,0.8452659730358886,train_inner_branch_input,0
MSM6J2LW,M2048,nonIBD,0,3,-0.853379075082167,0.5448216334901189,train_inner_branch_input,0
MSM6J2LY,M2048,nonIBD,0,3,-0.3906748912438945,0.6929059858314944,train_inner_branch_input,0
MSM6J2M3,M2048,nonIBD,0,3,-1.8861333240509077,0.22526339226613576,train_inner_branch_input,0
MSM6J2M3_P,M2048,nonIBD,0,3,-1.0417344529532135,0.48043378345819837,train_inner_branch_input,0
MSM6J2PO,M2047,nonIBD,0,1,-3.4186029450729247,0.034391249847509,train_inner_branch_input,0
MSM6J2PQ_P,M2047,nonIBD,0,1,-0.5916903149541595,0.6314216014526948,train_inner_branch_input,0
MSM6J2PS,M2047,nonIBD,0,1,-0.420844922096476,0.6840405052443822,train_inner_branch_input,0
MSM6J2PU,M2047,nonIBD,0,1,-2.5897246265473894,0.0998156989444675,train_inner_branch_input,0
MSM6J2PW,M2047,nonIBD,0,1,-0.9790797571151244,0.5018852640903468,train_inner_branch_input,0
MSM6J2Q1,M2048,nonIBD,0,3,-0.8830806206220019,0.5347124980010736,train_inner_branch_input,0
MSM6J2QF,M2039,nonIBD,0,4,0.03946978773147613,0.8026754256757999,train_inner_branch_input,0
MSM6J2QH,M2039,nonIBD,0,4,0.5531695123413917,0.8915761707127169,train_inner_branch_input,0
MSM6J2QJ,M2039,nonIBD,0,4,-0.3184540177858167,0.713550994482689,train_inner_branch_input,0
MSM6J2QL,M2039,nonIBD,0,4,-0.18254822047600613,0.7500546668578125,train_inner_branch_input,0
MSM6J2QP,M2039,nonIBD,0,4,-0.5528964897763877,0.6437031563183162,train_inner_branch_input,0
MSM6J2R2,M2027,CD,1,4,0.11863564938158133,0.8192936293495682,train_inner_branch_input,0
MSM6J2R8,M2027,CD,1,4,-1.2539369819465285,0.4087699086162865,train_inner_branch_input,0
MSM6J2RA,M2027,CD,1,4,-0.430276428400119,0.6812409535543391,train_inner_branch_input,0
MSM6J2RC,M2027,CD,1,4,-0.2797283383377657,0.724272197148627,train_inner_branch_input,0
MSM6J2RK,M2042,nonIBD,0,4,-0.28508768304554305,0.7228033585447161,train_inner_branch_input,0
MSM6J2RM,M2042,nonIBD,0,4,-0.3713002387821604,0.6985255427273108,train_inner_branch_input,0
MSM6J2RO,M2042,nonIBD,0,4,-1.712278997581773,0.2695223479994121,train_inner_branch_input,0
MSM6J2RQ,M2042,nonIBD,0,4,-0.39567881739283406,0.6914451689337303,train_inner_branch_input,0
MSM6J2RS,M2042,nonIBD,0,4,-0.6056655082747243,0.6269542074111489,train_inner_branch_input,0
MSM6J2RU,M2042,nonIBD,0,4,-0.4894384456250918,0.6633859925988099,train_inner_branch_input,0
MSM79H52_P,M2060,nonIBD,0,4,-0.5162926962947436,0.6551209118682338,train_inner_branch_input,0
MSM79H54,M2060,nonIBD,0,4,0.5676090234009938,0.893473908747291,train_inner_branch_input,0
MSM79H58,M2060,nonIBD,0,4,-1.2995284311542075,0.393763503721465,train_inner_branch_input,0
MSM79H5A,M2060,nonIBD,0,4,-0.28899561872536556,0.721729272505855,train_inner_branch_input,0
MSM79H5Q,M2039,nonIBD,0,4,0.4414123852485757,0.8758625381490315,train_inner_branch_input,0
MSM79H5S,M2039,nonIBD,0,4,-0.49301894364097726,0.6622896268704681,train_inner_branch_input,0
MSM79H5U,M2039,nonIBD,0,4,-0.20896453397247164,0.7432080351913135,train_inner_branch_input,0
MSM79H5Y,M2039,nonIBD,0,4,-0.25390267400587707,0.731282264539627,train_inner_branch_input,0
MSM79H6D,M2042,nonIBD,0,4,-0.32682146447034804,0.7112019499065394,train_inner_branch_input,0
MSM79H6F,M2042,nonIBD,0,4,-2.9319138170858965,0.06488078855960884,train_inner_branch_input,0
MSM79H6H,M2042,nonIBD,0,4,-0.3580560347971641,0.7023331417838724,train_inner_branch_input,0
MSM79H6J,M2042,nonIBD,0,4,-0.34271031455324896,0.7067100504549915,train_inner_branch_input,0
MSM79H6L,M2042,nonIBD,0,4,-0.36284276531961274,0.7009601943168383,train_inner_branch_input,0
MSM79H6N,M2042,nonIBD,0,4,-2.250019044673645,0.1500985226577056,train_inner_branch_input,0
MSM79H6Y,M2048,nonIBD,0,3,-0.5057255804787553,0.658384753583765,train_inner_branch_input,0
MSM79H7O,M2047,nonIBD,0,1,-0.40906273861936576,0.687519128409078,train_inner_branch_input,0
MSM79H7Q,M2047,nonIBD,0,1,-2.7629343470239367,0.08042427941632112,train_inner_branch_input,0
MSM79H7W,M2047,nonIBD,0,1,-0.4184724554238511,0.6847426382549382,train_inner_branch_input,0
MSM79H7Y,M2047,nonIBD,0,1,-3.5061821788128498,0.030621501667861192,train_inner_branch_input,0
MSM79H9A,M2060,nonIBD,0,4,-0.1588323052438478,0.7560968177966562,train_inner_branch_input,0
MSM79H9C,M2060,nonIBD,0,4,-0.5584554752215035,0.6419543858171802,train_inner_branch_input,0
MSM79H9G,M2060,nonIBD,0,4,-1.0553382040783632,0.4757829760357155,train_inner_branch_input,0
MSM79H9K,M2060,nonIBD,0,4,-0.26441223234832967,0.7284432132025577,train_inner_branch_input,0
MSM79H9Y,M2042,nonIBD,0,4,-0.39278196531065446,0.6922913282262673,train_inner_branch_input,0
MSM79HA1,M2042,nonIBD,0,4,-0.40765301421004,0.6879339402993199,train_inner_branch_input,0
MSM79HA3,M2042,nonIBD,0,4,-1.9798998647914776,0.20363533071995027,train_inner_branch_input,0
MSM79HA7,M2042,nonIBD,0,4,-1.7438363772265009,0.26109491482527464,train_inner_branch_input,0
MSM79HAH,M2039,nonIBD,0,4,-0.13503279829845277,0.7620600140656213,train_inner_branch_input,0
MSM79HBB,M2048,nonIBD,0,3,-0.5875906226547455,0.6327279080216235,train_inner_branch_input,0
MSM79HBL,M2048,nonIBD,0,3,-0.5054903086473179,0.6584572524020789,train_inner_branch_input,0
MSM79HC4,M2047,nonIBD,0,1,-0.9595198152216647,0.5085844128538145,train_inner_branch_input,0
MSM79HC8,M2047,nonIBD,0,1,-2.2518363199924023,0.14978116172676154,train_inner_branch_input,0
MSM79HFW,M2048,nonIBD,0,3,-0.361774973957383,0.7012667766864711,train_inner_branch_input,0
MSM79HFY,M2048,nonIBD,0,3,-0.5429265248712174,0.6468299481475019,train_inner_branch_input,0
MSM9VZF7,M2060,nonIBD,0,4,-1.781934757333764,0.2511504869797124,train_inner_branch_input,0
MSM9VZFF,M2060,nonIBD,0,4,-0.20470031407402772,0.7443215081302378,train_inner_branch_input,0
MSM9VZFH,M2060,nonIBD,0,4,-0.5189585782562471,0.6542951761717333,train_inner_branch_input,0
MSM9VZL7,M2084,nonIBD,0,2,-0.4355801094689289,0.6796608801022741,train_inner_branch_input,0
MSM9VZL9,M2084,nonIBD,0,2,-1.0783065273368384,0.4679405793501899,train_inner_branch_input,0
MSM9VZLB,M2084,nonIBD,0,2,-0.5639240834259991,0.6402303525530819,train_inner_branch_input,0
MSM9VZLD,M2084,nonIBD,0,2,-0.5157403417223471,0.6552918824684232,train_inner_branch_input,0
MSM9VZLF,M2084,nonIBD,0,2,-0.4735324380687256,0.6682351360178208,train_inner_branch_input,0
MSM9VZLH,M2084,nonIBD,0,2,-0.33504011511889986,0.7088835765115188,train_inner_branch_input,0
MSM9VZMM,M2084,nonIBD,0,2,-0.7119043541142686,0.5923309502058715,train_inner_branch_input,0
MSM9VZMO,M2084,nonIBD,0,2,-0.6765530239377963,0.6039727910242951,train_inner_branch_input,0
MSM9VZMS,M2084,nonIBD,0,2,-0.37036547709016526,0.6987951858885023,train_inner_branch_input,0
MSM9VZMU,M2084,nonIBD,0,2,-1.2030969225701063,0.4257054736429742,train_inner_branch_input,0
MSM9VZMW,M2084,nonIBD,0,2,-0.4163158744893252,0.6853801485554196,train_inner_branch_input,0
MSM9VZN4_P,M2081,UC,1,2,-0.3072244039862561,0.7166855079425354,train_inner_branch_input,0
MSM9VZNH,M2047,nonIBD,0,1,-0.4538256635480009,0.6741937713701525,train_inner_branch_input,0
MSM9VZNH_TR,M2047,nonIBD,0,1,-0.24863286404421397,0.7326987625147519,train_inner_branch_input,0
MSM9VZNL,M2047,nonIBD,0,1,-3.6227469918477184,0.026219991202570642,train_inner_branch_input,0
MSM9VZPT,M2060,nonIBD,0,4,-0.41491141062472386,0.6857949491223992,train_inner_branch_input,0
MSMA26BB,M2084,nonIBD,0,2,-1.9762034111425992,0.20445789145021195,train_inner_branch_input,0
MSMA26BD,M2084,nonIBD,0,2,-0.35083767609848865,0.7043966515542108,train_inner_branch_input,0
MSMA26BF,M2084,nonIBD,0,2,-0.3671955027849298,0.6997085800104436,train_inner_branch_input,0
MSMA26BH,M2084,nonIBD,0,2,-0.4004538619598008,0.6900475896835631,train_inner_branch_input,0
MSMA26BJ,M2084,nonIBD,0,2,-0.4435569185277696,0.6772766570193144,train_inner_branch_input,0
MSMA26BL,M2084,nonIBD,0,2,-0.21496303499014743,0.741636343901237,train_inner_branch_input,0
MSMAPC6K,M2084,nonIBD,0,2,-1.2582459110652124,0.40734385502674925,train_inner_branch_input,0
MSMAPC6M,M2084,nonIBD,0,2,-1.0049942930185802,0.4930090682343324,train_inner_branch_input,0
MSMAPC6O,M2084,nonIBD,0,2,-0.34132713848537394,0.7071027061000422,train_inner_branch_input,0
MSMB4LZV,M2084,nonIBD,0,2,-0.3727176557534748,0.6981164102640925,train_inner_branch_input,0
MSMB4LZX,M2084,nonIBD,0,2,-1.3198543770057307,0.387135489086222,train_inner_branch_input,0
MSMB4LZZ,M2084,nonIBD,0,2,-0.35270749875765756,0.7038629229836972,train_inner_branch_input,0
PSM6XBW1_P,P6017,nonIBD,0,4,-0.3421441545677483,0.7068708090218866,train_inner_branch_input,0
PSM7J12V,P6025,UC,1,1,2.593709579281366,0.9926288008288515,train_inner_branch_input,0
PSM7J12Z,P6025,UC,1,1,-0.11079503754573344,0.7680291636833537,train_inner_branch_input,0
PSM7J16U,P6017,nonIBD,0,4,-0.17691660982794888,0.7514984349483835,train_inner_branch_input,0
PSM7J16W,P6017,nonIBD,0,4,-1.0861956229110383,0.46525034865164394,train_inner_branch_input,0
PSM7J16Y,P6017,nonIBD,0,4,-1.383345360231387,0.36670911202665557,train_inner_branch_input,0
PSM7J171,P6017,nonIBD,0,4,-0.4377405139597012,0.6790160665014617,train_inner_branch_input,0
PSM7J173,P6017,nonIBD,0,4,-0.3847142324399862,0.6946410678340363,train_inner_branch_input,0
PSM7J19N,P6017,nonIBD,0,4,-0.822594298573038,0.5552605056567086,train_inner_branch_input,0
PSM7J19P,P6017,nonIBD,0,4,-0.08869285754336194,0.773380578432729,train_inner_branch_input,0
PSM7J19R,P6017,nonIBD,0,4,-1.7008751683631722,0.27260963150140877,train_inner_branch_input,0
PSM7J19T,P6017,nonIBD,0,4,-0.3997966164269976,0.6902401618499677,train_inner_branch_input,0
PSM7J1BV,P6025,UC,1,1,-0.02425355570261433,0.7884804737807023,train_inner_branch_input,0
PSM7J1BX,P6025,UC,1,1,-0.2442528336134014,0.7338724766919063,train_inner_branch_input,0
PSM7J1C2_P,P6025,UC,1,1,-0.5174001165678221,0.6547780105908924,train_inner_branch_input,0
PSM7J1C4,P6025,UC,1,1,0.0006220820881333498,0.794108950696495,train_inner_branch_input,0
PSM7J4EF,P6037,CD,1,3,-0.3148466370719516,0.7145601809861362,train_inner_branch_input,0
PSMA264K,P6025,UC,1,1,-0.0800664327370908,0.7754453942486155,train_inner_branch_input,0
PSMA266I,P6037,CD,1,3,-1.191624967547784,0.42955268469863045,train_inner_branch_input,0
PSMA266M,P6037,CD,1,3,-0.18013415032541558,0.7506742428065714,train_inner_branch_input,0
PSMA266O,P6037,CD,1,3,-0.35822508782165446,0.7022847152813738,train_inner_branch_input,0
PSMA266Q,P6037,CD,1,3,-0.11433181719367828,0.7671646958082923,train_inner_branch_input,0
PSMA269G,P6037,CD,1,3,-0.05973929807345629,0.7802578715968836,train_inner_branch_input,0
PSMA269O,P6037,CD,1,3,-0.40824853021690083,0.6877587462093769,train_inner_branch_input,0
PSMB4MBS,P6037,CD,1,3,0.06412519052786246,0.8079713344141202,train_inner_branch_input,0
CSM5FZ4A_P,C3004,UC,1,3,-0.3850801866591702,0.6945347009636245,train_inner_branch_input,0
CSM5LLGB_P,M2014,CD,1,2,-0.16596780343104103,0.7542893498364878,train_inner_branch_input,0
CSM5MCU8_P,C3004,UC,1,3,-0.04223752683766136,0.7843417239847371,train_inner_branch_input,0
CSM5MCUA_P,C3004,UC,1,3,-0.4266313550151235,0.6823244858769281,train_inner_branch_input,0
CSM5MCUC_P,C3004,UC,1,3,-0.3348818960229811,0.7089283114674826,train_inner_branch_input,0
CSM5MCUE_P,C3004,UC,1,3,-0.33705026831064844,0.7083148721114528,train_inner_branch_input,0
CSM5MCXB_P,C3011,UC,1,1,-0.08483739362710314,0.7743050753182175,train_inner_branch_input,0
CSM5MCXH,C3004,UC,1,3,0.05905085119334216,0.8068903066786215,train_inner_branch_input,0
CSM5MCXJ,C3004,UC,1,3,0.4387618153102072,0.8754671378592325,train_inner_branch_input,0
CSM5MCXL,C3004,UC,1,3,1.034687178547804,0.9408491269804723,train_inner_branch_input,0
CSM5MCXN,C3004,UC,1,3,-0.2924181349532747,0.7207865051799419,train_inner_branch_input,0
CSM5MCXP,C3004,UC,1,3,0.5086544182022592,0.8855378399485503,train_inner_branch_input,0
CSM5MCXR,C3004,UC,1,3,-0.25459892082016544,0.7310947622603506,train_inner_branch_input,0
CSM5MCYI_P,C3011,UC,1,1,-0.19015718042976829,0.7480951043961839,train_inner_branch_input,0
CSM5MCYM_P,C3011,UC,1,1,-0.15992400235710413,0.7558208683588544,train_inner_branch_input,0
CSM5MCYO_P,C3011,UC,1,1,-0.13047506353786092,0.7631904872463006,train_inner_branch_input,0
CSM5MCYQ_P,C3011,UC,1,1,-0.10199641098479123,0.7701700118907245,train_inner_branch_input,0
CSM67UCU_P,C3019,CD,1,2,0.04237396088621375,0.8033049122810472,train_inner_branch_input,0
CSM67UDF,C3004,UC,1,3,0.2953380683327816,0.852415956424696,train_inner_branch_input,0
CSM67UDJ,C3004,UC,1,3,0.35226523100530294,0.8619611722756103,train_inner_branch_input,0
CSM67UDN,C3004,UC,1,3,2.5082377994314053,0.9917205739789485,train_inner_branch_input,0
CSM67UDR,C3004,UC,1,3,1.16355336483466,0.9499438097151093,train_inner_branch_input,0
CSM67UDR_TR,C3004,UC,1,3,0.8931879752789814,0.9290915177791932,train_inner_branch_input,0
CSM67UDY,C3004,UC,1,3,0.23639076843768728,0.8419634859379324,train_inner_branch_input,0
CSM67UEP_P,C3011,UC,1,1,-0.2431250881474281,0.7341741456633275,train_inner_branch_input,0
CSM67UET_P,C3011,UC,1,1,-0.15602722326774007,0.7568048920563472,train_inner_branch_input,0
CSM67UEW,C3011,UC,1,1,1.079795666427634,0.9441964394652094,train_inner_branch_input,0
CSM67UEW_P,C3011,UC,1,1,-0.2483224713258686,0.732782046429195,train_inner_branch_input,0
CSM67UEW_TR,C3011,UC,1,1,0.4739117903336124,0.880623572343166,train_inner_branch_input,0
CSM67UF1,C3011,UC,1,1,-0.2216741167521135,0.7398705334840951,train_inner_branch_input,0
CSM67UF1_P,C3011,UC,1,1,-0.09581876905516118,0.7716648274138793,train_inner_branch_input,0
CSM67UF5,C3011,UC,1,1,0.987534461249883,0.9371495888581102,train_inner_branch_input,0
CSM79HLA,C3004,UC,1,3,1.3858823643690876,0.9625968357467936,train_inner_branch_input,0
CSM79HLA_TR,C3004,UC,1,3,-0.06446677276258007,0.7791452834278373,train_inner_branch_input,0
CSM79HLC,C3004,UC,1,3,0.30760882301735376,0.8545185368263281,train_inner_branch_input,0
CSM79HLE,C3004,UC,1,3,0.2225385999816014,0.8394216390663868,train_inner_branch_input,0
CSM79HLG,C3004,UC,1,3,-0.1038401266662882,0.7697225565645528,train_inner_branch_input,0
CSM79HLI,C3004,UC,1,3,-0.42779812602914963,0.6819778663692257,train_inner_branch_input,0
CSM79HLK,C3004,UC,1,3,-0.7663347980790818,0.5742059340986209,train_inner_branch_input,0
CSM79HM1,C3011,UC,1,1,-0.14526735070333066,0.7595079981950187,train_inner_branch_input,0
CSM79HM5_P,C3011,UC,1,1,-0.23866991383829544,0.7353637580006737,train_inner_branch_input,0
CSM79HM7,C3011,UC,1,1,-0.2875187796856894,0.7221354783913024,train_inner_branch_input,0
CSM79HM9_P,C3011,UC,1,1,-0.26253770070584115,0.7289509753506149,train_inner_branch_input,0
CSM79HQT_P,C3011,UC,1,1,-0.15433831946887705,0.7572305410776643,train_inner_branch_input,0
CSM7KOMP,C3011,UC,1,1,-0.22473582099621084,0.7390623475820283,train_inner_branch_input,0
CSM7KOMR_P,C3011,UC,1,1,-0.200806844229437,0.7453353985944962,train_inner_branch_input,0
CSM7KOMT,C3011,UC,1,1,1.1491966888860679,0.9490001344579975,train_inner_branch_input,0
CSM7KOMV_P,C3011,UC,1,1,-0.15055204366721742,0.7581829434099757,train_inner_branch_input,0
CSM7KOQ5_P,C3036,UC,1,2,-0.6387724930732971,0.6162853695258129,train_inner_branch_input,0
CSM7KOTO,C3035,CD,1,3,-0.17801067177797153,0.751218389213251,train_inner_branch_input,0
CSM7KOTQ,C3035,CD,1,3,0.38497467803311575,0.8672076551817317,train_inner_branch_input,0
CSM7KOTS,C3035,CD,1,3,0.580674949608912,0.8951658459666467,train_inner_branch_input,0
CSM7KOTU,C3035,CD,1,3,1.803428237073934,0.9785422329445619,train_inner_branch_input,0
CSM9X1YV,C3035,CD,1,3,2.270572276110046,0.9885701560998089,train_inner_branch_input,0
CSM9X21R,C3035,CD,1,3,-0.24238006188498343,0.7343733185452259,train_inner_branch_input,0
CSM9X21T,C3035,CD,1,3,0.30995593336117544,0.8549178683459482,train_inner_branch_input,0
CSM9X222,C3035,CD,1,3,-0.2601326745380424,0.7296015606056505,train_inner_branch_input,0
CSM9X233,C3035,CD,1,3,-0.36775274975903055,0.699548129830806,train_inner_branch_input,0
CSM9X235,C3035,CD,1,3,0.07564364251623525,0.8104080654746336,train_inner_branch_input,0
CSM9X237,C3035,CD,1,3,1.0714607936369775,0.9435916651773634,train_inner_branch_input,0
CSM9X23B,C3035,CD,1,3,1.139485927064848,0.9483523200793752,train_inner_branch_input,0
ESM5GEXY,E5001,CD,1,2,0.39612320479695834,0.8689568661027662,train_inner_branch_input,0
ESM5GEYU_P,E5002,nonIBD,0,4,-0.12797086192547696,0.7638100354636956,train_inner_branch_input,0
ESM5GEYX_P,E5003,CD,1,3,0.22602171562594706,0.8400638792755808,train_inner_branch_input,0
ESM5GEZ1_P,E5002,nonIBD,0,4,-0.37206379907596654,0.6983051828706044,train_inner_branch_input,0
ESM5GEZ3_P,E5002,nonIBD,0,4,-0.4658433092712774,0.6705666065169702,train_inner_branch_input,0
ESM5ME9D_P,E5001,CD,1,2,0.8343708611568206,0.9235952647819023,train_inner_branch_input,0
ESM5ME9G_P,E5001,CD,1,2,-0.24867425490252104,0.7326876553618145,train_inner_branch_input,0
ESM5ME9H_P,E5002,nonIBD,0,4,-0.10286444360394215,0.769959423209556,train_inner_branch_input,0
ESM5MEBA_P,E5001,CD,1,2,-0.25761684657401845,0.7302810661758696,train_inner_branch_input,0
ESM5MEBE,E5001,CD,1,2,1.0610651806898102,0.9428287276924534,train_inner_branch_input,0
ESM5MEBG,E5001,CD,1,2,1.2262640512050884,0.9538750784089544,train_inner_branch_input,0
ESM5MEBI,E5001,CD,1,2,-0.40396896823199246,0.689016549631157,train_inner_branch_input,0
ESM5MEBP_P,E5002,nonIBD,0,4,0.5709676285241825,0.8939111051224901,train_inner_branch_input,0
ESM5MEC7_P,E5022,UC,1,4,-0.4003747510030645,0.6900707725915831,train_inner_branch_input,0
ESM5MECL,E5001,CD,1,2,1.563745166919427,0.9704471565038962,train_inner_branch_input,0
ESM5MECQ,E5001,CD,1,2,-0.3750554925765147,0.6974409138809757,train_inner_branch_input,0
ESM5MEDD,E5009,CD,1,1,-2.443505559090141,0.11931500700414188,train_inner_branch_input,0
ESM5MEDF,E5009,CD,1,1,-0.30845229066495894,0.7163437803012854,train_inner_branch_input,0
ESM5MEDK,E5009,CD,1,1,-0.3576161083506246,0.7024591407268598,train_inner_branch_input,0
ESM5MEDN,E5009,CD,1,1,-1.187930181046774,0.4307935980876048,train_inner_branch_input,0
ESM5MEDP_P,E5009,CD,1,1,-0.38155569212815327,0.6955582536341202,train_inner_branch_input,0
ESM5MEDZ_P,E5001,CD,1,2,1.141264397461011,0.9484715427636098,train_inner_branch_input,0
ESM5MEE2_P,E5001,CD,1,2,0.019578067177562535,0.7983230134759552,train_inner_branch_input,0
ESM5MEE6_P,E5001,CD,1,2,0.543756687118293,0.8903231388942725,train_inner_branch_input,0
ESM718UH,E5009,CD,1,1,-1.7962925408700159,0.24746879600762828,train_inner_branch_input,0
ESM7F5AE_P,E5019,CD,1,4,-0.2491335521985625,0.7325643841901741,train_inner_branch_input,0
ESM7F5AK,E5009,CD,1,1,-1.346424649097819,0.3785342491194404,train_inner_branch_input,0
ESM7F5AM,E5009,CD,1,1,-0.3733048568298303,0.6979468244335599,train_inner_branch_input,0
ESM7F5CB,E5009,CD,1,1,-0.3599721623586461,0.701783987047679,train_inner_branch_input,0
ESM7F5CD,E5009,CD,1,1,-0.8757849424949598,0.5371986018370976,train_inner_branch_input,0
ESM7F5CF,E5009,CD,1,1,-0.3495365857078256,0.7047677096662911,train_inner_branch_input,0
HSM5FZBP_P,H4001,CD,1,4,0.02510094106643847,0.7995385973197757,train_inner_branch_input,0
HSM5FZBQ_P,H4001,CD,1,4,0.10679123831582656,0.8168785060114725,train_inner_branch_input,0
HSM5FZBR_P,H4001,CD,1,4,-0.2565412324833825,0.7305712523231003,train_inner_branch_input,0
HSM5FZBZ,H4001,CD,1,4,0.000482007089459555,0.794077569546137,train_inner_branch_input,0
HSM5FZC2_P,H4001,CD,1,4,-0.11994458766652583,0.7657882093314561,train_inner_branch_input,0
HSM5MD48,H4006,CD,1,3,0.007540066934464541,0.7956543868307818,train_inner_branch_input,0
HSM5MD49_P,H4006,CD,1,3,-0.43570729803077324,0.6796229372420791,train_inner_branch_input,0
HSM5MD4A_P,H4006,CD,1,3,-0.39855825214758556,0.6906028218396375,train_inner_branch_input,0
HSM5MD4B_P,H4006,CD,1,3,-0.5189696461248828,0.6542917460436988,train_inner_branch_input,0
HSM5MD5H_P,H4001,CD,1,4,-0.24516682237964912,0.7336278270591213,train_inner_branch_input,0
HSM5MD5K_P,H4001,CD,1,4,-0.23093542537896922,0.737420895691813,train_inner_branch_input,0
HSM5MD79,H4001,CD,1,4,0.5200573554778747,0.8871119498281455,train_inner_branch_input,0
HSM5MD7J,H4001,CD,1,4,1.1377147206076463,0.9482333251486618,train_inner_branch_input,0
HSM5MD7K,H4006,CD,1,3,0.42655705383283155,0.8736325248117113,train_inner_branch_input,0
HSM5MD7M,H4006,CD,1,3,-0.4116375004164284,0.6867607283059078,train_inner_branch_input,0
HSM5MD7O,H4006,CD,1,3,1.2064757782507858,0.9526673987123085,train_inner_branch_input,0
HSM5MD7Q,H4006,CD,1,3,-0.08374925182268443,0.7745655154462746,train_inner_branch_input,0
HSM5MD7S,H4006,CD,1,3,-0.13904406581044146,0.761062017016483,train_inner_branch_input,0
HSM5MD7U,H4006,CD,1,3,-0.17049668633038215,0.7531374793853628,train_inner_branch_input,0
HSM5MD7W_P,H4001,CD,1,4,-0.32967717444056466,0.7103976353311101,train_inner_branch_input,0
HSM5MEE5_P,E5001,CD,1,2,-0.2590651557257144,0.7298900206939051,train_inner_branch_input,0
HSM67VDT,H4024,nonIBD,0,1,-0.2674763958147154,0.7276119270621824,train_inner_branch_input,0
HSM67VDT_P,H4024,nonIBD,0,1,-0.26004228847054595,0.7296259918303666,train_inner_branch_input,0
HSM67VDZ,H4001,CD,1,4,-0.3244568882607306,0.7118669308905523,train_inner_branch_input,0
HSM67VE4,H4001,CD,1,4,-0.29528291041276983,0.7199958706563503,train_inner_branch_input,0
HSM67VEC,H4006,CD,1,3,6.317497701417222e-05,0.7939837170121697,train_inner_branch_input,0
HSM67VEE,H4006,CD,1,3,0.8666353002283842,0.9266569850591866,train_inner_branch_input,0
HSM67VEG,H4006,CD,1,3,-0.35621544613024464,0.7028600982947169,train_inner_branch_input,0
HSM67VEI,H4006,CD,1,3,-0.08536729497891661,0.7741781694894848,train_inner_branch_input,0
HSM67VEK,H4006,CD,1,3,0.25929184831531266,0.8460939836905055,train_inner_branch_input,0
HSM67VEM,H4006,CD,1,3,-0.16871308685244849,0.7535915507592098,train_inner_branch_input,0
HSM67VEM_TR,H4006,CD,1,3,-0.15169933885241285,0.7578946209473788,train_inner_branch_input,0
HSM67VFR,H4018,nonIBD,0,2,1.7621327402348061,0.9773214594106008,train_inner_branch_input,0
HSM67VI3,H4024,nonIBD,0,1,-0.7123376261229969,0.5921875919354099,train_inner_branch_input,0
HSM67VI5,H4024,nonIBD,0,1,-1.9598443336914504,0.20812784200439471,train_inner_branch_input,0
HSM67VI7,H4024,nonIBD,0,1,-0.3045585781035793,0.7174265643755374,train_inner_branch_input,0
HSM67VI9,H4024,nonIBD,0,1,-0.08529110037263468,0.7741964204112415,train_inner_branch_input,0
HSM67VIB,H4024,nonIBD,0,1,0.1308300020679576,0.8217540944221036,train_inner_branch_input,0
HSM67VID,H4028,CD,1,4,-0.2839573039431923,0.7231135633222812,train_inner_branch_input,0
HSM67VIF,H4028,CD,1,4,-0.1940421733369759,0.7470906674069743,train_inner_branch_input,0
HSM67VIJ_P,H4028,CD,1,4,-0.23174215157433692,0.7372068128483299,train_inner_branch_input,0
HSM67VIL,H4028,CD,1,4,-0.21243398386664833,0.7422997542995367,train_inner_branch_input,0
HSM6XRQC_P,H4018,nonIBD,0,2,-0.36497730615648916,0.7003467883421557,train_inner_branch_input,0
HSM6XRQS,H4018,nonIBD,0,2,-0.3192291809948975,0.7133338593392695,train_inner_branch_input,0
HSM6XRQU,H4018,nonIBD,0,2,0.49194646564853234,0.8831969049613102,train_inner_branch_input,0
HSM6XRQW,H4018,nonIBD,0,2,1.00515547239359,0.9385567165969135,train_inner_branch_input,0
HSM6XRQY,H4018,nonIBD,0,2,-0.11055113930880556,0.7680886952100171,train_inner_branch_input,0
HSM7CYX2,H4006,CD,1,3,-0.28151308151009863,0.7237835872159623,train_inner_branch_input,0
HSM7CYX4,H4006,CD,1,3,-0.07412133334398795,0.7768606103031876,train_inner_branch_input,0
HSM7CYX6,H4006,CD,1,3,-0.13289427034447687,0.7625909034469227,train_inner_branch_input,0
HSM7CYX8,H4006,CD,1,3,0.06702023414052757,0.8085860192598759,train_inner_branch_input,0
HSM7CYXA,H4006,CD,1,3,0.4065407430512061,0.8705736623397264,train_inner_branch_input,0
HSM7CYXC,H4006,CD,1,3,-0.7125646358316037,0.592112474149176,train_inner_branch_input,0
HSM7CYYF,H4018,nonIBD,0,2,1.102923679218997,0.9458427903591821,train_inner_branch_input,0
HSM7CYYH,H4018,nonIBD,0,2,-0.029311245756914645,0.7873224243262623,train_inner_branch_input,0
HSM7CYYP,H4018,nonIBD,0,2,0.15163183364546057,0.8258906180487584,train_inner_branch_input,0
HSM7CZ1T_P,H4027,UC,1,1,-0.40807775273905184,0.6878089925084244,train_inner_branch_input,0
HSM7CZ1V,H4027,UC,1,1,0.06085510701841644,0.807275211429223,train_inner_branch_input,0
HSM7CZ1Z,H4027,UC,1,1,0.503250923049836,0.8847852656163383,train_inner_branch_input,0
HSM7CZ22,H4027,UC,1,1,-0.4119701356087145,0.6866626770921211,train_inner_branch_input,0
HSM7CZ24,H4024,nonIBD,0,1,-0.3095434180475342,0.7160399047018916,train_inner_branch_input,0
HSM7CZ26,H4024,nonIBD,0,1,-0.33511164671731136,0.7088633502972715,train_inner_branch_input,0
HSM7CZ28,H4024,nonIBD,0,1,-0.3211266804303059,0.7128019253372188,train_inner_branch_input,0
HSM7CZ2A,H4024,nonIBD,0,1,-0.42477577228465646,0.6828753185324223,train_inner_branch_input,0
HSM7CZ2E,H4024,nonIBD,0,1,-0.42201645469718985,0.6836934792619921,train_inner_branch_input,0
HSM7J4GD,H4028,CD,1,4,-0.3524699685651877,0.7039307553611048,train_inner_branch_input,0
HSM7J4GP,H4027,UC,1,1,-0.5166325372419787,0.6550157007703074,train_inner_branch_input,0
HSM7J4GR,H4027,UC,1,1,1.6368080871777306,0.973186850924522,train_inner_branch_input,0
HSM7J4HW,H4024,nonIBD,0,1,-0.5003453109973919,0.6600408227127056,train_inner_branch_input,0
HSM7J4HY,H4024,nonIBD,0,1,-0.3110860832988261,0.7156099421852621,train_inner_branch_input,0
HSM7J4I5,H4024,nonIBD,0,1,0.01547135596725956,0.7974155612121944,train_inner_branch_input,0
HSM7J4I7,H4024,nonIBD,0,1,-1.4717306340764182,0.3390654930009035,train_inner_branch_input,0
HSM7J4I9,H4024,nonIBD,0,1,-0.5204593019999167,0.6538299290156894,train_inner_branch_input,0
HSM7J4LD,H4018,nonIBD,0,2,1.0382516658116476,0.9411203393301978,train_inner_branch_input,0
HSM7J4LF,H4018,nonIBD,0,2,-0.22619709709810323,0.7386760481706376,train_inner_branch_input,0
HSM7J4LH,H4018,nonIBD,0,2,-0.0663332945620978,0.7787048966583335,train_inner_branch_input,0
HSM7J4LN,H4018,nonIBD,0,2,0.6427547763043308,0.9028839768039681,train_inner_branch_input,0
HSM7J4MY,H4028,CD,1,4,0.6145636769160058,0.8994439828341365,train_inner_branch_input,0
HSM7J4N4,H4028,CD,1,4,0.022136451770841867,0.7988867973163146,train_inner_branch_input,0
HSM7J4N6,H4028,CD,1,4,-0.32433536365022564,0.7119010821717675,train_inner_branch_input,0
HSM7J4N8,H4028,CD,1,4,-0.33286665839951596,0.7094977462187524,train_inner_branch_input,0
HSM7J4NA,H4028,CD,1,4,-0.026954808224772413,0.7878625481632064,train_inner_branch_input,0
HSM7J4NC,H4027,UC,1,1,-0.46484132264268857,0.6708698111800871,train_inner_branch_input,0
HSM7J4NE,H4027,UC,1,1,1.100072472079199,0.945642330836774,train_inner_branch_input,0
HSM7J4NM,H4027,UC,1,1,-0.3995472569195931,0.6903132066315957,train_inner_branch_input,0
HSM7J4NY,H4024,nonIBD,0,1,-0.4469490998777926,0.6762599427734425,train_inner_branch_input,0
HSM7J4O1,H4024,nonIBD,0,1,-1.462640930863358,0.3418620494775208,train_inner_branch_input,0
HSM7J4O3,H4024,nonIBD,0,1,-2.0204568798172255,0.19477207384135614,train_inner_branch_input,0
HSM7J4O5,H4024,nonIBD,0,1,-0.4516125147158751,0.6748594907933048,train_inner_branch_input,0
HSM7J4O7,H4024,nonIBD,0,1,-0.44891499995683753,0.6756699540935087,train_inner_branch_input,0
HSM7J4O9,H4024,nonIBD,0,1,-0.18559876690586152,0.7492702710612845,train_inner_branch_input,0
HSMA33O1,H4027,UC,1,1,0.6958292044623492,0.90907621274804,train_inner_branch_input,0
HSMA33O3,H4027,UC,1,1,0.047752929133418394,0.8044668086706291,train_inner_branch_input,0
MSM5FZ9X_P,M2014,CD,1,2,-0.16978718731040776,0.7533181720359877,train_inner_branch_input,0
MSM5FZA2_P,M2014,CD,1,2,-0.5523818796806745,0.6438648518641291,train_inner_branch_input,0
MSM5LLGD_P,M2014,CD,1,2,-0.032261116900011724,0.7866448646226762,train_inner_branch_input,0
MSM5LLGF_P,M2014,CD,1,2,-0.11345880836152158,0.7673782870412376,train_inner_branch_input,0
MSM5LLGH_P,M2014,CD,1,2,0.17068498536317883,0.8296125984440765,train_inner_branch_input,0
MSM5LLGJ_P,M2014,CD,1,2,-0.4305318097783782,0.6811649653480495,train_inner_branch_input,0
MSM5LLGL,M2014,CD,1,2,-0.24325178636888817,0.7341402650987857,train_inner_branch_input,0
MSM5ZOJY_P,M2014,CD,1,2,-0.19518823084323966,0.7467938569576871,train_inner_branch_input,0
MSM633FF_P,M2014,CD,1,2,-0.19312413459462563,0.7473282585907218,train_inner_branch_input,0
MSM6J2IQ,M2014,CD,1,2,1.6777224072233887,0.9746114897120847,train_inner_branch_input,0
MSM6J2IY,M2014,CD,1,2,-0.18334951343294895,0.7498487866316852,train_inner_branch_input,0
MSM6J2J1,M2014,CD,1,2,2.005186519039263,0.9836399112895583,train_inner_branch_input,0
MSM6J2QR,M2014,CD,1,2,0.0937038847643187,0.814180904243808,train_inner_branch_input,0
MSM6J2RG_P,M2058,CD,1,4,-0.30909044175582606,0.7161660810433303,train_inner_branch_input,0
MSM79H5E,M2061,nonIBD,0,3,-0.10562111467773236,0.76928974536304,train_inner_branch_input,0
MSM79H5G,M2061,nonIBD,0,3,-2.1160286231276615,0.1750512626347124,train_inner_branch_input,0
MSM79H5K,M2061,nonIBD,0,3,-0.7825682598385881,0.5687591012649488,train_inner_branch_input,0
MSM79H5M,M2061,nonIBD,0,3,-0.0737584148132958,0.7769467959318263,train_inner_branch_input,0
MSM79H9M,M2061,nonIBD,0,3,-0.3331634555060258,0.7094139231908719,train_inner_branch_input,0
MSM79H9Q,M2061,nonIBD,0,3,-2.7098780010877515,0.08596713534415548,train_inner_branch_input,0
MSM79H9W,M2061,nonIBD,0,3,-0.20485695710299853,0.7442806616376835,train_inner_branch_input,0
MSM79HBZ,M2069,UC,1,3,-0.2496912863089173,0.7324146449654745,train_inner_branch_input,0
MSM79HD8_P,M2069,UC,1,3,-0.31615775149193964,0.7141936358735341,train_inner_branch_input,0
MSM79HDA,M2069,UC,1,3,1.9593434505097334,0.9825978049454013,train_inner_branch_input,0
MSM79HDC,M2069,UC,1,3,-0.34681040834398646,0.70554430999485,train_inner_branch_input,0
MSM79HDE,M2069,UC,1,3,1.9065015652832027,0.981315552006184,train_inner_branch_input,0
MSM79HDG,M2069,UC,1,3,-0.33547630644830934,0.7087602265500461,train_inner_branch_input,0
MSM79HDG_TR,M2069,UC,1,3,-0.3481967774722096,0.7051495267143756,train_inner_branch_input,0
MSM79HDI,M2069,UC,1,3,0.37190473384995015,0.8651318354371751,train_inner_branch_input,0
MSM9VZEU,M2069,UC,1,3,-0.2253531827833282,0.7388991883930031,train_inner_branch_input,0
MSM9VZEW,M2069,UC,1,3,2.0655922920829606,0.9849198317671618,train_inner_branch_input,0
MSM9VZEY,M2069,UC,1,3,-0.17433134689212093,0.7521593428062546,train_inner_branch_input,0
MSM9VZF1,M2069,UC,1,3,-0.291428986217327,0.7210591773493277,train_inner_branch_input,0
MSM9VZF3,M2069,UC,1,3,-0.28982893262611814,0.7214999078242958,train_inner_branch_input,0
MSM9VZF5,M2069,UC,1,3,-0.29534781797294013,0.719977941313003,train_inner_branch_input,0
MSM9VZGO,M2061,nonIBD,0,3,-2.509452296431815,0.11014220082269453,train_inner_branch_input,0
MSM9VZGS,M2061,nonIBD,0,3,-0.17945330682521524,0.7508487971025978,train_inner_branch_input,0
MSM9VZGU,M2061,nonIBD,0,3,-0.3677806377193024,0.6995400986623591,train_inner_branch_input,0
MSM9VZHB,M2061,nonIBD,0,3,-0.8332265900767587,0.5516602147863311,train_inner_branch_input,0
MSM9VZHF,M2061,nonIBD,0,3,-1.4417248999661048,0.3483387835103013,train_inner_branch_input,0
MSM9VZJF_P,M2091,UC,1,2,-0.37997821401948334,0.6960157456505452,train_inner_branch_input,0
MSM9VZL5,M2097,nonIBD,0,3,-0.18177379512071012,0.7502535364664881,train_inner_branch_input,0
MSM9VZLJ,M2061,nonIBD,0,3,-2.856542455158554,0.07143497274609999,train_inner_branch_input,0
MSM9VZOS,M2069,UC,1,3,0.14078947782977724,0.8237441019422105,train_inner_branch_input,0
MSM9VZOU,M2069,UC,1,3,2.455894818642712,0.99111045686533,train_inner_branch_input,0
MSM9VZOW,M2069,UC,1,3,-0.3916366284593085,0.6926255208818316,train_inner_branch_input,0
MSM9VZOY,M2069,UC,1,3,-0.26790579524331753,0.7274953068925464,train_inner_branch_input,0
MSM9VZP1,M2069,UC,1,3,0.23281373696730412,0.8413102542717733,train_inner_branch_input,0
MSM9VZP3,M2069,UC,1,3,2.3034508469093384,0.989068122669858,train_inner_branch_input,0
MSMA26DG,M2097,nonIBD,0,3,-0.9462720806514674,0.5131200694404938,train_inner_branch_input,0
MSMA26DI,M2097,nonIBD,0,3,-0.06312166304625431,0.7794622587861099,train_inner_branch_input,0
MSMA26DK,M2097,nonIBD,0,3,-0.2956682307209521,0.7198894237765203,train_inner_branch_input,0
MSMA26DM,M2097,nonIBD,0,3,-0.17482800693394526,0.7520324659819522,train_inner_branch_input,0
MSMA26DO,M2097,nonIBD,0,3,0.16313991664003202,0.8281463057368342,train_inner_branch_input,0
MSMA26EH,M2069,UC,1,3,-0.25833031471604156,0.7300884734131039,train_inner_branch_input,0
MSMA26EJ,M2069,UC,1,3,2.3477933002985982,0.989705887664324,train_inner_branch_input,0
MSMA26EL,M2069,UC,1,3,-0.6694300981626234,0.6063047616384056,train_inner_branch_input,0
MSMA26EN,M2069,UC,1,3,-0.5427116104120803,0.6468972128157882,train_inner_branch_input,0
MSMA26EP,M2069,UC,1,3,-0.30389261858665606,0.7176115068198775,train_inner_branch_input,0
MSMAPC5H,M2097,nonIBD,0,3,-0.31559957516734977,0.7143497183998812,train_inner_branch_input,0
MSMAPC5L,M2097,nonIBD,0,3,-0.41142629244830775,0.6868229776304555,train_inner_branch_input,0
MSMB4LXS,M2097,nonIBD,0,3,-0.4595604301875917,0.6724654733720274,train_inner_branch_input,0
MSMB4LXW,M2097,nonIBD,0,3,-1.3786739336418774,0.36819679302112096,train_inner_branch_input,0
MSMB4LZK,M2097,nonIBD,0,3,0.5306912080895447,0.8885628346581056,train_inner_branch_input,0
PSM6XBRK,P6009,CD,1,1,0.028634863518097336,0.8003135284372982,train_inner_branch_input,0
PSM6XBRK_P,P6009,CD,1,1,-0.29676799929312614,0.7195854706563054,train_inner_branch_input,0
PSM6XBRK_TR,P6009,CD,1,1,-0.07364549184068547,0.7769736079558247,train_inner_branch_input,0
PSM6XBS2_P,P6009,CD,1,1,-0.24102204980678393,0.7347361199027578,train_inner_branch_input,0
PSM6XBS4,P6009,CD,1,1,0.2970504799767986,0.8527108777381659,train_inner_branch_input,0
PSM6XBS4_P,P6009,CD,1,1,-0.3189344450248052,0.7134164310194031,train_inner_branch_input,0
PSM6XBS8,P6009,CD,1,1,-0.3439452542288857,0.7063592160502422,train_inner_branch_input,0
PSM6XBSA,P6009,CD,1,1,-0.22464750193530708,0.7390856835525521,train_inner_branch_input,0
PSM6XBSC_P,P6009,CD,1,1,-0.31812107943147805,0.7136442254115811,train_inner_branch_input,0
PSM6XBTF_P,P6009,CD,1,1,-0.24153708262200757,0.7345985629655836,train_inner_branch_input,0
PSM6XBTH_P,P6009,CD,1,1,-0.2273545608947121,0.7383698016678655,train_inner_branch_input,0
PSM6XBTL,P6009,CD,1,1,-0.30786923696354496,0.7165060784055948,train_inner_branch_input,0
PSM6XBTN_P,P6009,CD,1,1,-0.19685350072382163,0.7463621687411748,train_inner_branch_input,0
PSM6XBTP,P6009,CD,1,1,0.030249147982691352,0.8006667656711676,train_inner_branch_input,0
PSM6XBW3,P6018,nonIBD,0,1,-0.2967479431811992,0.7195910155494731,train_inner_branch_input,0
PSM7J13U_P,P6009,CD,1,1,-0.41940137763766266,0.6844678234103285,train_inner_branch_input,0
PSM7J13Y,P6009,CD,1,1,-0.4652126867882737,0.6707574516662901,train_inner_branch_input,0
PSM7J13Y_P,P6009,CD,1,1,-0.45474175188201105,0.6739180042135796,train_inner_branch_input,0
PSM7J141,P6009,CD,1,1,1.6842547947513855,0.9748320173469227,train_inner_branch_input,0
PSM7J143_P,P6009,CD,1,1,-0.3821381395302403,0.6953892374292279,train_inner_branch_input,0
PSM7J15K,P6018,nonIBD,0,1,-0.3931935798501554,0.6921711757892174,train_inner_branch_input,0
PSM7J15M,P6018,nonIBD,0,1,-0.08637940103635265,0.7739356402444884,train_inner_branch_input,0
PSM7J15O,P6018,nonIBD,0,1,-0.34048451525521256,0.7073417587544685,train_inner_branch_input,0
PSM7J15Q,P6018,nonIBD,0,1,-1.2390821289752438,0.41369781113258514,train_inner_branch_input,0
PSM7J15S,P6018,nonIBD,0,1,-0.799183035608222,0.5631670584713079,train_inner_branch_input,0
PSM7J15U,P6018,nonIBD,0,1,-1.3509761685634767,0.377068314201932,train_inner_branch_input,0
PSM7J17V,P6018,nonIBD,0,1,-0.10283766535620432,0.7699659217571022,train_inner_branch_input,0
PSM7J17X,P6018,nonIBD,0,1,0.5326148460459718,0.8888235477896999,train_inner_branch_input,0
PSM7J17Z,P6018,nonIBD,0,1,-0.20660092987623924,0.7438256111998447,train_inner_branch_input,0
PSM7J182,P6018,nonIBD,0,1,0.0832428538268263,0.8120026700992375,train_inner_branch_input,0
PSM7J184,P6018,nonIBD,0,1,-0.12672087219894818,0.764118868052285,train_inner_branch_input,0
PSM7J186,P6018,nonIBD,0,1,-0.19051271604163797,0.748003293300369,train_inner_branch_input,0
PSM7J19X_P,P6018,nonIBD,0,1,-0.548947952563771,0.6449429843277777,train_inner_branch_input,0
PSM7J19Z,P6018,nonIBD,0,1,-0.5795283782249906,0.6352911307663394,train_inner_branch_input,0
PSM7J1A2,P6018,nonIBD,0,1,1.447021239495436,0.9654987221530777,train_inner_branch_input,0
PSM7J1A4,P6018,nonIBD,0,1,-0.7121254044090938,0.5922578124605343,train_inner_branch_input,0
PSM7J1A6,P6018,nonIBD,0,1,-0.48742678249679283,0.6640012035945388,train_inner_branch_input,0
PSM7J1A8,P6018,nonIBD,0,1,-0.1291036657895523,0.7635299145982071,train_inner_branch_input,0
PSM7J1CK_P,P6009,CD,1,1,-0.37631767448145165,0.69707586254902,train_inner_branch_input,0
PSM7J1CS_P,P6009,CD,1,1,-0.4317004585993957,0.6808171134051401,train_inner_branch_input,0
PSM7J1CU,P6009,CD,1,1,0.9332458510578875,0.9326233080249303,train_inner_branch_input,0
PSMA265D,P6018,nonIBD,0,1,-0.5220580439704846,0.6533339708511419,train_inner_branch_input,0
PSMA265F,P6018,nonIBD,0,1,-0.11495599839027312,0.7670118992762643,train_inner_branch_input,0
PSMA265H,P6018,nonIBD,0,1,-0.028483258954427833,0.7875123231668708,train_inner_branch_input,0
PSMA265J,P6018,nonIBD,0,1,-0.5634026320721208,0.6403949022976982,train_inner_branch_input,0
PSMA265J_TR,P6018,nonIBD,0,1,-0.35380154893259463,0.703550374835038,train_inner_branch_input,0
PSMA265L,P6018,nonIBD,0,1,-0.48629473839799137,0.6643471633226932,train_inner_branch_input,0
PSMA265X,P6038,UC,1,1,1.6152888983206708,0.9724066508546076,train_inner_branch_input,0
PSMA266U,P6038,UC,1,1,0.307571363547122,0.8545121561775031,train_inner_branch_input,0
PSMA266Y,P6038,UC,1,1,-0.0024135054691327663,0.7934280913015359,train_inner_branch_input,0
PSMA2671,P6038,UC,1,1,-0.21501104694001605,0.7416237388436512,train_inner_branch_input,0
PSMA2675,P6038,UC,1,1,1.593933365952345,0.9716105969516684,train_inner_branch_input,0
PSMA269S,P6038,UC,1,1,-0.1293037729409435,0.7634804080765641,train_inner_branch_input,0
PSMA269W,P6038,UC,1,1,1.6207917768797402,0.9726082377263378,train_inner_branch_input,0
PSMA26A1,P6038,UC,1,1,-0.29251812596250276,0.7207589322256718,train_inner_branch_input,0
PSMA26A3,P6038,UC,1,1,1.6696090560204169,0.9743349687308308,train_inner_branch_input,0
PSMB4MC1,P6038,UC,1,1,-0.35610297364415905,0.7028922814590456,train_inner_branch_input,0
PSMB4MC3,P6038,UC,1,1,-0.32829065138566066,0.7107883171345054,train_inner_branch_input,0
PSMB4MC5,P6038,UC,1,1,1.354577450076932,0.9610215209253926,train_inner_branch_input,0
CSM5MCTZ_P,C3006,UC,1,1,-0.01764631734843842,0.7899863589990168,train_inner_branch_input,0
CSM5MCUG_P,C3006,UC,1,1,-0.04061230129568842,0.7847181470032586,train_inner_branch_input,0
CSM5MCUK_P,C3006,UC,1,1,-0.06206030759488052,0.7797121370576544,train_inner_branch_input,0
CSM5MCUO,C3006,UC,1,1,-0.1581170762730646,0.7562774924045782,train_inner_branch_input,0
CSM5MCWA_P,C3009,CD,1,4,-0.4249487179782677,0.6828240009496224,train_inner_branch_input,0
CSM5MCWC,C3009,CD,1,4,-0.09281091947650957,0.772390160060344,train_inner_branch_input,0
CSM5MCWE,C3009,CD,1,4,1.3004641900247218,0.9581472585012352,train_inner_branch_input,0
CSM5MCWG,C3009,CD,1,4,-0.28732717712935907,0.7221881521018657,train_inner_branch_input,0
CSM5MCX3,C3006,UC,1,1,2.165100343350415,0.9868165262236134,train_inner_branch_input,0
CSM67U9V_P,C3016,CD,1,2,-0.20715447183611121,0.7436810659436774,train_inner_branch_input,0
CSM67U9X_P,C3017,CD,1,2,-0.4186520811145485,0.6846895073803076,train_inner_branch_input,0
CSM67UAA,C3009,CD,1,4,1.8775494702981916,0.9805741576789325,train_inner_branch_input,0
CSM67UAG,C3009,CD,1,4,-0.5111073806406605,0.6567243399938236,train_inner_branch_input,0
CSM67UAI_P,C3020,CD,1,2,-0.6966234525156348,0.5973767815854846,train_inner_branch_input,0
CSM67UAU,C3016,CD,1,2,-0.3295699222417844,0.7104278670296335,train_inner_branch_input,0
CSM67UAW,C3016,CD,1,2,-0.10674456413726727,0.7690164347380565,train_inner_branch_input,0
CSM67UAY,C3016,CD,1,2,-0.4274355860806754,0.682085589853385,train_inner_branch_input,0
CSM67UB1,C3016,CD,1,2,0.3492983765957166,0.861476787767593,train_inner_branch_input,0
CSM67UB3,C3016,CD,1,2,-0.2015188728437838,0.7451501786022018,train_inner_branch_input,0
CSM67UB5_P,C3017,CD,1,2,-0.31336458936809897,0.7149741734036512,train_inner_branch_input,0
CSM67UB7_P,C3017,CD,1,2,-0.4889383775922084,0.6635389762786813,train_inner_branch_input,0
CSM67UB9,C3017,CD,1,2,-0.30856752414772953,0.7163116974108578,train_inner_branch_input,0
CSM67UB9_P,C3017,CD,1,2,-0.647632428619551,0.6134106525303936,train_inner_branch_input,0
CSM67UBB,C3017,CD,1,2,-0.21321655411812998,0.7420945925241272,train_inner_branch_input,0
CSM67UFV,C3006,UC,1,1,-0.3396323367733471,0.7075834058638508,train_inner_branch_input,0
CSM67UFZ,C3006,UC,1,1,2.744626784005481,0.9939974761981356,train_inner_branch_input,0
CSM67UG8,C3006,UC,1,1,-0.330039562305284,0.7102954734735599,train_inner_branch_input,0
CSM79HH2_P,C3023,CD,1,1,-0.5748782626545696,0.636766067402353,train_inner_branch_input,0
CSM79HH4,C3023,CD,1,1,-0.038611047018960905,0.7851810077589013,train_inner_branch_input,0
CSM79HH8,C3023,CD,1,1,0.6325166324090324,0.9016469917223003,train_inner_branch_input,0
CSM79HHA,C3023,CD,1,1,-0.07459291023750458,0.7767485851097596,train_inner_branch_input,0
CSM79HI3,C3009,CD,1,4,-0.5410019819023849,0.6474320908038158,train_inner_branch_input,0
CSM79HI7,C3009,CD,1,4,-0.01685567614185803,0.7901660292822299,train_inner_branch_input,0
CSM79HIB,C3009,CD,1,4,1.0529246054677495,0.9422245317860817,train_inner_branch_input,0
CSM79HIR,C3016,CD,1,2,-0.23156921939908354,0.7372527137267552,train_inner_branch_input,0
CSM79HIT,C3016,CD,1,2,-0.840049176890916,0.5493470808010854,train_inner_branch_input,0
CSM79HIV,C3016,CD,1,2,-0.03477760874572499,0.7860656059929522,train_inner_branch_input,0
CSM79HIX,C3016,CD,1,2,0.11565558472436753,0.8186883291041542,train_inner_branch_input,0
CSM79HIZ,C3016,CD,1,2,0.031802992716762395,0.8010063340355189,train_inner_branch_input,0
CSM79HJ2_P,C3017,CD,1,2,-0.37449212802007686,0.697603771131148,train_inner_branch_input,0
CSM79HJ4_P,C3017,CD,1,2,-0.2998554394638279,0.7187310916579474,train_inner_branch_input,0
CSM79HJ6_P,C3017,CD,1,2,-0.18893246251514698,0.7484111973283599,train_inner_branch_input,0
CSM79HJ8_P,C3017,CD,1,2,-0.2694128392885068,0.7270857632480341,train_inner_branch_input,0
CSM79HJA,C3017,CD,1,2,-0.2561070250768508,0.7306883397648997,train_inner_branch_input,0
CSM79HJC_P,C3017,CD,1,2,-0.25074322020142104,0.7321320792944198,train_inner_branch_input,0
CSM79HMN,C3006,UC,1,1,2.723762262069093,0.9938244783735324,train_inner_branch_input,0
CSM79HMP,C3006,UC,1,1,-0.3748274403517947,0.6975068451293488,train_inner_branch_input,0
CSM79HMT,C3006,UC,1,1,-0.38037624079196464,0.6959003485182951,train_inner_branch_input,0
CSM79HNE,C3029,UC,1,3,-0.3693329190860637,0.6990928799922496,train_inner_branch_input,0
CSM79HNG_P,C3029,UC,1,3,-0.3134800923772491,0.7149419219865151,train_inner_branch_input,0
CSM79HNI,C3029,UC,1,3,-0.35635717923865223,0.702819539555636,train_inner_branch_input,0
CSM79HNK,C3029,UC,1,3,-0.909926274264536,0.5255505524170224,train_inner_branch_input,0
CSM79HNM,C3029,UC,1,3,-0.4569649479710051,0.6732482620944668,train_inner_branch_input,0
CSM79HNY_P,C3031,CD,1,1,-0.2721743750831225,0.7263343108603847,train_inner_branch_input,0
CSM79HPA,C3023,CD,1,1,1.2650003696962109,0.9561547609055061,train_inner_branch_input,0
CSM79HPA_TR,C3023,CD,1,1,0.27344948845914746,0.8486030480464675,train_inner_branch_input,0
CSM79HPC,C3023,CD,1,1,-0.007360201933098088,0.7923150195491659,train_inner_branch_input,0
CSM79HR8,C3031,CD,1,1,-0.02421405286529089,0.7884895004821356,train_inner_branch_input,0
CSM79HRC,C3031,CD,1,1,-0.10142328710362764,0.770308980213267,train_inner_branch_input,0
CSM79HRE,C3031,CD,1,1,-0.3041738352346569,0.7175334195949999,train_inner_branch_input,0
CSM79HRG,C3031,CD,1,1,-0.7752527663839102,0.5712158189168253,train_inner_branch_input,0
CSM7KOJE,C3009,CD,1,4,-0.7251353338864888,0.5879461889239513,train_inner_branch_input,0
CSM7KOJG,C3009,CD,1,4,-0.5891616293755937,0.6322275590056258,train_inner_branch_input,0
CSM7KOJO,C3009,CD,1,4,0.8831610527139568,0.9281810776810074,train_inner_branch_input,0
CSM7KOK3,C3016,CD,1,2,-0.3283384479310118,0.7107748546636199,train_inner_branch_input,0
CSM7KOK5,C3016,CD,1,2,0.25750141461864406,0.845774265555014,train_inner_branch_input,0
CSM7KOK7,C3016,CD,1,2,-0.38598203526837843,0.6942724844830475,train_inner_branch_input,0
CSM7KOKB,C3016,CD,1,2,3.216398126253238,0.9968460768499243,train_inner_branch_input,0
CSM7KOKD,C3016,CD,1,2,0.2535435943555232,0.8450655898111024,train_inner_branch_input,0
CSM7KOKF,C3017,CD,1,2,-0.2619899859521125,0.7290992244754307,train_inner_branch_input,0
CSM7KOKH_P,C3017,CD,1,2,-0.3783781957553708,0.6964793788181453,train_inner_branch_input,0
CSM7KOKJ,C3017,CD,1,2,-0.21423716660995404,0.7418268645594155,train_inner_branch_input,0
CSM7KOKL_P,C3017,CD,1,2,-0.4559789076532693,0.673545396043804,train_inner_branch_input,0
CSM7KOKN,C3017,CD,1,2,0.33668707113904267,0.8594018618014703,train_inner_branch_input,0
CSM7KOKP_P,C3017,CD,1,2,-0.2721870147848061,0.7263308684582812,train_inner_branch_input,0
CSM7KOLY,C3029,UC,1,3,-0.8914507211604098,0.5318581513251522,train_inner_branch_input,0
CSM7KONA,C3023,CD,1,1,1.1808965201844985,0.9510617304354146,train_inner_branch_input,0
CSM7KONK,C3023,CD,1,1,0.9759796704284897,0.9362106176297699,train_inner_branch_input,0
CSM7KOO5,C3031,CD,1,1,0.0915705871591716,0.8137382877847182,train_inner_branch_input,0
CSM7KOO9,C3031,CD,1,1,0.38963844125969055,0.8679417961480842,train_inner_branch_input,0
CSM7KOOD,C3031,CD,1,1,-0.10572799701731642,0.7692637529810525,train_inner_branch_input,0
CSM7KOOF,C3031,CD,1,1,0.5437448297995926,0.8903215524746205,train_inner_branch_input,0
CSM7KOPS,C3016,CD,1,2,3.533922000316488,0.9979564122332262,train_inner_branch_input,0
CSM7KOPU,C3016,CD,1,2,0.38010536353658825,0.8664374724251771,train_inner_branch_input,0
CSM7KOPW,C3016,CD,1,2,0.596866572665804,0.8972295834487632,train_inner_branch_input,0
CSM7KOQ1,C3016,CD,1,2,1.7177641665606815,0.975934241049452,train_inner_branch_input,0
CSM7KOQP_P,C3033,CD,1,3,-0.06664065766518464,0.7786323172249622,train_inner_branch_input,0
CSM7KOQX,C3017,CD,1,2,-0.7240552250186963,0.5883046719588904,train_inner_branch_input,0
CSM7KOQZ_P,C3017,CD,1,2,-0.2793042118049835,0.7243882317108951,train_inner_branch_input,0
CSM7KOR2,C3017,CD,1,2,0.04437138482352969,0.8037369779213671,train_inner_branch_input,0
CSM7KOR4_P,C3017,CD,1,2,-0.3135059662792438,0.7149346970253824,train_inner_branch_input,0
CSM7KOR8_P,C3017,CD,1,2,-0.44657926213100224,0.6763708726937263,train_inner_branch_input,0
CSM7KOS7,C3029,UC,1,3,-0.6327482573913887,0.6182353902198903,train_inner_branch_input,0
CSM7KOSH,C3029,UC,1,3,-0.3943877768845491,0.6918224360611944,train_inner_branch_input,0
CSM7KOTA,C3023,CD,1,1,-0.5241670353274616,0.65267921459993,train_inner_branch_input,0
CSM7KOTC,C3023,CD,1,1,-0.2802121144912936,0.7241398064291635,train_inner_branch_input,0
CSM7KOTK,C3023,CD,1,1,1.689276794493407,0.9750002857962574,train_inner_branch_input,0
CSM9X1Y5,C3029,UC,1,3,-0.8137452738928402,0.558252548803652,train_inner_branch_input,0
CSM9X1Z4,C3031,CD,1,1,-0.09173276531209411,0.7726497572552936,train_inner_branch_input,0
CSM9X1ZC,C3031,CD,1,1,0.039055579602710465,0.8025855213649778,train_inner_branch_input,0
ESM5GEZ4_P,E5004,UC,1,3,-0.3909532353935572,0.6928248288530529,train_inner_branch_input,0
ESM5GEZ6_P,E5004,UC,1,3,-0.40424823453410186,0.6889345554501252,train_inner_branch_input,0
ESM5GEZA_P,E5004,UC,1,3,-0.3224884445736746,0.7124198132392938,train_inner_branch_input,0
ESM5ME9U,E5004,UC,1,3,-0.1440739697011039,0.7598065322852883,train_inner_branch_input,0
ESM5MEB7,E5013,CD,1,2,-0.3210905888201842,0.7128120485469881,train_inner_branch_input,0
ESM5MEB9_P,E5013,CD,1,2,-0.3625209472259226,0.7010526131515822,train_inner_branch_input,0
ESM5MEBS,E5004,UC,1,3,-0.17327464047308005,0.7524291442759468,train_inner_branch_input,0
ESM5MEBU,E5004,UC,1,3,2.7639333626767657,0.9941532617670457,train_inner_branch_input,0
ESM5MEC3,E5004,UC,1,3,-0.31694785878875187,0.7139726111902002,train_inner_branch_input,0
ESM5MEC5,E5004,UC,1,3,1.8692763759549882,0.9803570565724539,train_inner_branch_input,0
ESM5MEC9,E5004,UC,1,3,-0.3448443103634207,0.7061036487309852,train_inner_branch_input,0
ESM5MED2,E5013,CD,1,2,-0.6948243820747907,0.597969511753294,train_inner_branch_input,0
ESM5MEDU,E5004,UC,1,3,-0.3699302514871433,0.698920685076615,train_inner_branch_input,0
ESM5MEEJ_P,E5004,UC,1,3,0.30436120129903316,0.8539644910210437,train_inner_branch_input,0
ESM718SY,E5004,UC,1,3,1.4217218513686583,0.9643252203093632,train_inner_branch_input,0
ESM718T7,E5013,CD,1,2,-0.404343005300342,0.6889067275174002,train_inner_branch_input,0
ESM718T9,E5013,CD,1,2,-0.25393865054622033,0.7312725779281397,train_inner_branch_input,0
ESM718TF,E5013,CD,1,2,0.5379640435259797,0.8895457276026617,train_inner_branch_input,0
ESM718TK,E5013,CD,1,2,-0.36096439107751643,0.7014993893024019,train_inner_branch_input,0
ESM718TM,E5013,CD,1,2,-0.38455157212144164,0.6946883394036045,train_inner_branch_input,0
ESM718V4,E5013,CD,1,2,-0.44527933445493617,0.6767606183924283,train_inner_branch_input,0
ESM718V8,E5013,CD,1,2,0.19303779976129853,0.8338982356707664,train_inner_branch_input,0
ESM7F5C5,E5013,CD,1,2,-0.7422009835236048,0.5822700283435842,train_inner_branch_input,0
ESM7F5C7,E5013,CD,1,2,-0.2881317610375863,0.7219669216172402,train_inner_branch_input,0
ESM9IEP1,E5013,CD,1,2,-1.0378773005494706,0.48175310697179374,train_inner_branch_input,0
HSM5MD4N,H4007,CD,1,3,-0.2903041161198698,0.7213690644456158,train_inner_branch_input,0
HSM5MD4O,H4007,CD,1,3,2.1180715102475554,0.9859513929476306,train_inner_branch_input,0
HSM5MD4P_P,H4007,CD,1,3,-0.32544098006534283,0.7115902891446219,train_inner_branch_input,0
HSM5MD4U_P,H4004,CD,1,4,0.4457715368054397,0.876510473684142,train_inner_branch_input,0
HSM5MD4W_P,H4004,CD,1,4,-0.16354027355782091,0.754905271014439,train_inner_branch_input,0
HSM5MD4Y,H4004,CD,1,4,-0.3323294695446173,0.7096494256530324,train_inner_branch_input,0
HSM5MD53,H4004,CD,1,4,-0.4024691222096867,0.6894567100180994,train_inner_branch_input,0
HSM5MD5P,H4004,CD,1,4,0.05234500762881275,0.8054546142937206,train_inner_branch_input,0
HSM5MD5X_P,H4015,CD,1,4,-0.34166553984862125,0.7070066692690742,train_inner_branch_input,0
HSM5MD62,H4015,CD,1,4,2.813840564252706,0.9945375882417078,train_inner_branch_input,0
HSM5MD6Y,H4015,CD,1,4,0.23168672449260339,0.8411039877260534,train_inner_branch_input,0
HSM5MD71,H4015,CD,1,4,-0.35055687469757585,0.704476756237293,train_inner_branch_input,0
HSM5MD73,H4015,CD,1,4,1.5134759489149787,0.9684065120080837,train_inner_branch_input,0
HSM5MD75,H4015,CD,1,4,-0.5038538332194443,0.6589613258786364,train_inner_branch_input,0
HSM5MD7Z_P,H4007,CD,1,3,-0.2553281556042299,0.7308982875193152,train_inner_branch_input,0
HSM5MD82_P,H4009,nonIBD,0,3,-0.016536941199051202,0.7902384286802675,train_inner_branch_input,0
HSM5MD8B_P,H4009,nonIBD,0,3,-0.23660249432709174,0.7359146374533351,train_inner_branch_input,0
HSM5MD8D_P,H4009,nonIBD,0,3,-0.30627747225963164,0.7169488741818396,train_inner_branch_input,0
HSM5MD8L_P,H4009,nonIBD,0,3,-0.30427078127090784,0.7175064969346465,train_inner_branch_input,0
HSM5MD8N_P,H4009,nonIBD,0,3,0.32947570022123,0.8582037391407998,train_inner_branch_input,0
HSM5MD8P_P,H4009,nonIBD,0,3,0.10888400625010858,0.8173070439739398,train_inner_branch_input,0
HSM67VDP,H4004,CD,1,4,-0.33084498422170816,0.710068338146587,train_inner_branch_input,0
HSM67VGA,H4009,nonIBD,0,3,-1.2458687670421944,0.41144422541305736,train_inner_branch_input,0
HSM67VGA_P,H4009,nonIBD,0,3,-0.26334060004510484,0.7287335637137743,train_inner_branch_input,0
HSM67VGC,H4009,nonIBD,0,3,-0.3095662539890298,0.7160335428645985,train_inner_branch_input,0
HSM67VGE_P,H4009,nonIBD,0,3,-0.3828145249828796,0.6951928958659996,train_inner_branch_input,0
HSM67VGG,H4009,nonIBD,0,3,-0.749804775400305,0.5797338200282114,train_inner_branch_input,0
HSM67VGI_P,H4009,nonIBD,0,3,-0.29844085969393563,0.7191227411362161,train_inner_branch_input,0
HSM67VGK,H4009,nonIBD,0,3,-0.8313447749501215,0.552297837788359,train_inner_branch_input,0
HSM67VGK_TR,H4009,nonIBD,0,3,-0.38557320599176753,0.694391369017144,train_inner_branch_input,0
HSM67VHQ,H4007,CD,1,3,-0.3084848964316293,0.716334702543723,train_inner_branch_input,0
HSM67VHS,H4007,CD,1,3,-0.27746731255128915,0.7248904299866954,train_inner_branch_input,0
HSM67VHW,H4007,CD,1,3,0.08556008178662042,0.8124868577414535,train_inner_branch_input,0
HSM67VI1,H4007,CD,1,3,-0.3439540001157985,0.7063567305541588,train_inner_branch_input,0
HSM6XRQE_P,H4019,UC,1,2,-1.13139205328103,0.4498817062336093,train_inner_branch_input,0
HSM6XRR5,H4019,UC,1,2,-0.34080275281366046,0.7072514880338399,train_inner_branch_input,0
HSM6XRR7,H4019,UC,1,2,-0.41427555647111525,0.6859826476207993,train_inner_branch_input,0
HSM6XRR9,H4019,UC,1,2,-0.46484856304300937,0.6708676207194952,train_inner_branch_input,0
HSM6XRRB,H4019,UC,1,2,-0.15974887557861225,0.7558651495692414,train_inner_branch_input,0
HSM6XRRD,H4019,UC,1,2,-0.21914911951510682,0.7405358245071124,train_inner_branch_input,0
HSM6XRS4,H4015,CD,1,4,-0.5397593399227735,0.6478206346880355,train_inner_branch_input,0
HSM6XRS6,H4015,CD,1,4,-0.4826690764933494,0.6654540000334883,train_inner_branch_input,0
HSM6XRS8,H4015,CD,1,4,2.4373549837691195,0.9908838349473621,train_inner_branch_input,0
HSM6XRSE,H4015,CD,1,4,-0.1572298352057697,0.7565014930532661,train_inner_branch_input,0
HSM6XRSG,H4004,CD,1,4,1.5907609827709408,0.9714904560747784,train_inner_branch_input,0
HSM6XRSI,H4004,CD,1,4,-0.2106056811263362,0.7427786541151703,train_inner_branch_input,0
HSM6XRSN,H4007,CD,1,3,1.9804275290431406,0.9830849496316338,train_inner_branch_input,0
HSM6XRST,H4007,CD,1,3,0.4562189932701627,0.8780515431517169,train_inner_branch_input,0
HSM6XRT8,H4009,nonIBD,0,3,-0.44270012317771873,0.6775331936148867,train_inner_branch_input,0
HSM6XRTA_P,H4009,nonIBD,0,3,-0.2543419017933529,0.7311639882261641,train_inner_branch_input,0
HSM6XRTC_P,H4009,nonIBD,0,3,-0.3028701246712116,0.7178953188700405,train_inner_branch_input,0
HSM6XRTE_P,H4009,nonIBD,0,3,-0.2804471426044712,0.7240754741738117,train_inner_branch_input,0
HSM6XRTG,H4009,nonIBD,0,3,-0.3509082914262778,0.7043765050192976,train_inner_branch_input,0
HSM6XRTG_P,H4009,nonIBD,0,3,-0.3217392673226052,0.7126300704843043,train_inner_branch_input,0
HSM6XRUX,H4019,UC,1,2,-0.2467295693704965,0.733209191010877,train_inner_branch_input,0
HSM6XRUZ,H4019,UC,1,2,-0.3777576005886191,0.6966590996574996,train_inner_branch_input,0
HSM6XRV2,H4019,UC,1,2,2.5402213110213006,0.992072746102119,train_inner_branch_input,0
HSM6XRV4,H4019,UC,1,2,-0.10986508123437196,0.768256093443971,train_inner_branch_input,0
HSM6XRV6,H4019,UC,1,2,-0.06113624164650028,0.7799295273559189,train_inner_branch_input,0
HSM6XRV8,H4019,UC,1,2,-0.4228791207903103,0.6834378134092011,train_inner_branch_input,0
HSM7CYXQ,H4007,CD,1,3,-0.7445536974594507,0.5814857500897354,train_inner_branch_input,0
HSM7CYXS,H4007,CD,1,3,-0.33263220818134964,0.7095639508085438,train_inner_branch_input,0
HSM7CYYR_P,H4009,nonIBD,0,3,-0.22607119736457812,0.7387093452640644,train_inner_branch_input,0
HSM7CYYV_P,H4009,nonIBD,0,3,-0.25646330719542354,0.7305922678554883,train_inner_branch_input,0
HSM7CYZ5,H4015,CD,1,4,-0.3850720069890353,0.6945370786624033,train_inner_branch_input,0
HSM7CYZ7,H4015,CD,1,4,0.45234469401206,0.8774819994514792,train_inner_branch_input,0
HSM7CYZ9,H4015,CD,1,4,-0.5328064635866012,0.6499910104198411,train_inner_branch_input,0
HSM7CYZB,H4015,CD,1,4,-0.42360704799328547,0.6832219934635929,train_inner_branch_input,0
HSM7CYZD,H4015,CD,1,4,-0.3024164143187761,0.718021199070808,train_inner_branch_input,0
HSM7CYZF,H4015,CD,1,4,-0.5557213096432957,0.6428149873226643,train_inner_branch_input,0
HSM7CYZT,H4004,CD,1,4,-0.5418810984521455,0.6471570946008821,train_inner_branch_input,0
HSM7CYZV,H4004,CD,1,4,-0.10376868733737564,0.7697399056934653,train_inner_branch_input,0
HSM7CZ14,H4004,CD,1,4,-0.3611087848772109,0.701457960293956,train_inner_branch_input,0
HSM7J4JV_P,H4042,UC,1,3,-0.3283954617675145,0.7107587955459362,train_inner_branch_input,0
HSM7J4M4,H4019,UC,1,2,2.021282256596337,0.9839910460249632,train_inner_branch_input,0
HSM7J4M6,H4019,UC,1,2,-0.3188600417962998,0.7134372731871674,train_inner_branch_input,0
HSM7J4M8,H4019,UC,1,2,-0.2912013166739816,0.7211219144050665,train_inner_branch_input,0
HSM7J4MA,H4019,UC,1,2,-0.3485633387172361,0.7050450930549054,train_inner_branch_input,0
HSM7J4MC,H4019,UC,1,2,-0.17076125612172263,0.7530700769351677,train_inner_branch_input,0
HSM7J4ME,H4019,UC,1,2,1.41099716736503,0.9638162400340555,train_inner_branch_input,0
HSM7J4PC,H4019,UC,1,2,-0.4116768168620946,0.6867491398269231,train_inner_branch_input,0
HSM7J4PE,H4019,UC,1,2,0.8960352596467038,0.9293481001139148,train_inner_branch_input,0
HSM7J4PG,H4019,UC,1,2,0.22918802465475524,0.8406458986042138,train_inner_branch_input,0
HSM7J4PI,H4019,UC,1,2,-0.12243491198756713,0.7651756712161035,train_inner_branch_input,0
HSM7J4PK,H4019,UC,1,2,-0.1492655365598609,0.758505972457601,train_inner_branch_input,0
HSM7J4PM,H4019,UC,1,2,-0.40432554399259524,0.6889118548561382,train_inner_branch_input,0
HSM7J4QB,H4015,CD,1,4,0.5882753696818179,0.8961390919901996,train_inner_branch_input,0
HSM7J4QD,H4015,CD,1,4,-0.6483376227468376,0.6131815005563171,train_inner_branch_input,0
HSM7J4QF,H4015,CD,1,4,1.0181364433850673,0.9395744230521169,train_inner_branch_input,0
HSM7J4QH,H4015,CD,1,4,-0.44865307006899807,0.6757485944773691,train_inner_branch_input,0
HSM7J4QJ,H4015,CD,1,4,1.0457452263398979,0.9416867070859337,train_inner_branch_input,0
HSM7J4QL,H4015,CD,1,4,-0.4262854720186978,0.6824272005622244,train_inner_branch_input,0
HSMA33IO,H4042,UC,1,3,0.2482069428989032,0.844105816828647,train_inner_branch_input,0
HSMA33IS,H4042,UC,1,3,-0.7123004531328136,0.5921998921123133,train_inner_branch_input,0
HSMA33MX,H4042,UC,1,3,-0.3766548938785095,0.696978288984046,train_inner_branch_input,0
HSMA33MZ,H4042,UC,1,3,1.0226315107627466,0.9399231446267649,train_inner_branch_input,0
HSMA33N4,H4042,UC,1,3,0.2741531575021711,0.8487268736207018,train_inner_branch_input,0
HSMA33RD,H4042,UC,1,3,-0.3502460551847573,0.7045654095414385,train_inner_branch_input,0
HSMA33RF,H4042,UC,1,3,-0.39214205358478604,0.6924780700581388,train_inner_branch_input,0
MSM5FZ9N_P,M2010,CD,1,2,-0.5668334049037697,0.6393116796414396,train_inner_branch_input,0
MSM5LLD6_P,M2008,CD,1,3,-0.32339207109398915,0.7121660876572025,train_inner_branch_input,0
MSM5LLDA,M2008,CD,1,3,1.117147641793222,0.9468324619384755,train_inner_branch_input,0
MSM5LLDC,M2008,CD,1,3,-0.47621324449475977,0.6674203205266123,train_inner_branch_input,0
MSM5LLDE,M2008,CD,1,3,-0.37835922324124127,0.6964848740407843,train_inner_branch_input,0
MSM5LLDI,M2008,CD,1,3,1.3674399080685822,0.961676342071157,train_inner_branch_input,0
MSM5LLDK,M2008,CD,1,3,-0.211227135102645,0.7426159377201107,train_inner_branch_input,0
MSM5LLDM,M2008,CD,1,3,-0.35361340386214346,0.7036041376895049,train_inner_branch_input,0
MSM5LLDQ,M2008,CD,1,3,-0.6415327999193049,0.6153906142584089,train_inner_branch_input,0
MSM5LLDS,M2008,CD,1,3,0.5795545006618322,0.8950216915371815,train_inner_branch_input,0
MSM5LLDU,M2008,CD,1,3,-1.0210341566359231,0.4875169771005524,train_inner_branch_input,0
MSM5LLE3_P,M2010,CD,1,2,-0.795862429886264,0.5642860081447095,train_inner_branch_input,0
MSM5LLE9_P,M2010,CD,1,2,-0.5409385861538716,0.6474519178370778,train_inner_branch_input,0
MSM5LLFK_P,M2026,UC,1,3,0.09747986277526287,0.8149623530845005,train_inner_branch_input,0
MSM5LLFM_P,M2026,UC,1,3,0.6556290804938325,0.9044197464611857,train_inner_branch_input,0
MSM5LLFO_P,M2026,UC,1,3,0.18792640715401626,0.8329259191434168,train_inner_branch_input,0
MSM5LLFU_P,M2026,UC,1,3,-0.28587753177531733,0.7225864768501468,train_inner_branch_input,0
MSM5LLHQ_P,M2008,CD,1,3,-0.010662561641801,0.7915694853501265,train_inner_branch_input,0
MSM5LLHX_P,M2008,CD,1,3,-0.4293895056663287,0.6815047807252921,train_inner_branch_input,0
MSM5LLI2_P,M2008,CD,1,3,-0.29764873770686534,0.7193419078100105,train_inner_branch_input,0
MSM5LLI4_P,M2008,CD,1,3,-0.31321870440986554,0.7150149051079197,train_inner_branch_input,0
MSM5LLI6_P,M2008,CD,1,3,-0.6893405447134575,0.5997744699420702,train_inner_branch_input,0
MSM5LLI8_P,M2008,CD,1,3,-0.42333862720410126,0.6833015855521241,train_inner_branch_input,0
MSM5LLIQ_P,M2026,UC,1,3,0.3743875083289866,0.8655282555290517,train_inner_branch_input,0
MSM6J2HB,M2026,UC,1,3,-0.003761205744049673,0.793125278963848,train_inner_branch_input,0
MSM6J2HD,M2026,UC,1,3,-0.4425621018279934,0.6775745091557842,train_inner_branch_input,0
MSM6J2HF,M2026,UC,1,3,1.626483800155832,0.972815247458836,train_inner_branch_input,0
MSM6J2HH,M2026,UC,1,3,-0.4981100798096371,0.6607276903018822,train_inner_branch_input,0
MSM6J2HJ,M2026,UC,1,3,-0.4968510749958034,0.6611142743881299,train_inner_branch_input,0
MSM6J2HL,M2026,UC,1,3,-0.46589950435262806,0.6705495974805626,train_inner_branch_input,0
MSM6J2LB,M2008,CD,1,3,1.836301212060731,0.97946786019353,train_inner_branch_input,0
MSM6J2OH,M2026,UC,1,3,0.6224370628245144,0.9004154727683381,train_inner_branch_input,0
MSM6J2OJ,M2026,UC,1,3,-0.33277152321286585,0.7095246117851929,train_inner_branch_input,0
MSM6J2OL,M2026,UC,1,3,-0.42823083046992355,0.6818492690292438,train_inner_branch_input,0
MSM6J2ON,M2026,UC,1,3,-0.45055685635404435,0.6751767864242487,train_inner_branch_input,0
MSM6J2OP,M2026,UC,1,3,0.21418524513957593,0.837872893993208,train_inner_branch_input,0
MSM79H81,M2072,nonIBD,0,1,-0.7906367819423636,0.5660455734535864,train_inner_branch_input,0
MSM79H83,M2072,nonIBD,0,1,-0.13749764213341198,0.7614471046472115,train_inner_branch_input,0
MSM79H85,M2072,nonIBD,0,1,-0.7717625025958034,0.5723867051107407,train_inner_branch_input,0
MSM79H87,M2072,nonIBD,0,1,-0.7618429409146622,0.5757099752279901,train_inner_branch_input,0
MSM79H89,M2072,nonIBD,0,1,-0.38277528944082206,0.6952042871235465,train_inner_branch_input,0
MSM79H8B,M2072,nonIBD,0,1,-0.3186425029479195,0.7134982059473239,train_inner_branch_input,0
MSM79H9U_P,M2067,UC,1,2,-0.3282221899167352,0.7108075994817867,train_inner_branch_input,0
MSM79HCG,M2072,nonIBD,0,1,-0.42892044863176804,0.6816442610556086,train_inner_branch_input,0
MSM79HCI,M2072,nonIBD,0,1,-0.2244078297667389,0.7391490037653746,train_inner_branch_input,0
MSM79HCK,M2072,nonIBD,0,1,-0.18930467995770192,0.7483151579190128,train_inner_branch_input,0
MSM79HCN_P,M2072,nonIBD,0,1,-0.31619971332921165,0.714181900041764,train_inner_branch_input,0
MSM79HCP,M2072,nonIBD,0,1,-0.3026068024387183,0.7179683807694495,train_inner_branch_input,0
MSM79HCR,M2072,nonIBD,0,1,-0.09384634973027986,0.7721406531582706,train_inner_branch_input,0
MSM79HEA,M2026,UC,1,3,-0.6116132520341335,0.6250462726578457,train_inner_branch_input,0
MSM9VZHJ,M2072,nonIBD,0,1,0.12069833982903065,0.8197116726309601,train_inner_branch_input,0
MSM9VZHL,M2072,nonIBD,0,1,-0.33277214562535207,0.7095244360246681,train_inner_branch_input,0
MSM9VZHN,M2072,nonIBD,0,1,-0.6909664759389593,0.5992395885864875,train_inner_branch_input,0
MSM9VZHP,M2072,nonIBD,0,1,-0.2828149119482238,0.7234268470031023,train_inner_branch_input,0
MSM9VZHR,M2072,nonIBD,0,1,-1.5261491225892851,0.322562009493461,train_inner_branch_input,0
MSM9VZHT,M2072,nonIBD,0,1,-0.20751543266096753,0.7435867802114099,train_inner_branch_input,0
MSM9VZIY,M2085,CD,1,1,-0.16223648879042088,0.7552356410605197,train_inner_branch_input,0
MSM9VZJ3,M2085,CD,1,1,-0.22967103840298086,0.7377562030446984,train_inner_branch_input,0
MSM9VZM4_P,M2085,CD,1,1,-0.32356868651702514,0.7121164809577044,train_inner_branch_input,0
MSM9VZOG,M2072,nonIBD,0,1,0.030897769933070206,0.8008085647011685,train_inner_branch_input,0
MSM9VZOI,M2072,nonIBD,0,1,-1.5252320567118862,0.3228366383952896,train_inner_branch_input,0
MSM9VZOK,M2072,nonIBD,0,1,0.03115922382725622,0.8008657012290067,train_inner_branch_input,0
MSM9VZOM,M2072,nonIBD,0,1,-0.33159247039251705,0.709857446914505,train_inner_branch_input,0
MSM9VZOO,M2072,nonIBD,0,1,-0.3179122714840901,0.7137026875018347,train_inner_branch_input,0
MSM9VZOQ,M2072,nonIBD,0,1,-0.048611110539602286,0.7828609176498187,train_inner_branch_input,0
MSM9VZPH,M2085,CD,1,1,0.031467450992422784,0.8009330434835539,train_inner_branch_input,0
MSM9VZPL,M2085,CD,1,1,1.220549390211054,0.9535293558695672,train_inner_branch_input,0
MSM9VZPN,M2085,CD,1,1,-0.35823934155038933,0.7022806319867736,train_inner_branch_input,0
MSMA267V,M2103,UC,1,2,-0.9105018222034718,0.5253539174116931,train_inner_branch_input,0
MSMA267X,M2103,UC,1,2,-0.11526528663387325,0.7669361611505865,train_inner_branch_input,0
MSMA2684,M2103,UC,1,2,-0.18860726133009714,0.7484950857051134,train_inner_branch_input,0
MSMA26CV,M2085,CD,1,1,-0.21410463675315164,0.7418616401427851,train_inner_branch_input,0
MSMA26CX,M2085,CD,1,1,-0.30766895520671844,0.7165618156353182,train_inner_branch_input,0
MSMAPC5Z,M2103,UC,1,2,-0.19104945058775255,0.7478646485978355,train_inner_branch_input,0
MSMAPC64,M2103,UC,1,2,-0.3418048478366066,0.7069671289121857,train_inner_branch_input,0
MSMAPC66,M2103,UC,1,2,-0.2121020066721101,0.7423867545878275,train_inner_branch_input,0
MSMAPC6A,M2085,CD,1,1,-0.5250586678996597,0.652402224911154,train_inner_branch_input,0
MSMAPC6C,M2085,CD,1,1,-0.22300603419490647,0.7395191520752088,train_inner_branch_input,0
MSMAPC6E,M2085,CD,1,1,-0.20349812082825164,0.7446348513980927,train_inner_branch_input,0
MSMAPC6G,M2085,CD,1,1,-2.0561903473169805,0.1872079381131576,train_inner_branch_input,0
MSMB4LXY,M2085,CD,1,1,0.1826409416559524,0.8319157099750812,train_inner_branch_input,0
MSMB4LYB,M2085,CD,1,1,-1.818055858027448,0.24195759563193295,train_inner_branch_input,0
MSMB4LYH,M2103,UC,1,2,-0.36456733229257604,0.700464658950855,train_inner_branch_input,0
PSM6XBTR,P6014,nonIBD,0,1,-0.26667728756692405,0.72782887294373,train_inner_branch_input,0
PSM6XBTT,P6014,nonIBD,0,1,-0.296028206499023,0.7197899561317466,train_inner_branch_input,0
PSM6XBTX,P6014,nonIBD,0,1,-0.21880732728175517,0.740625795580293,train_inner_branch_input,0
PSM6XBTZ_P,P6014,nonIBD,0,1,-0.2661930113076739,0.7279602940165611,train_inner_branch_input,0
PSM6XBU2,P6014,nonIBD,0,1,-0.268493915228796,0.7273355292979695,train_inner_branch_input,0
PSM6XBVY_P,P6016,CD,1,4,-0.23905553810913596,0.7352609241580058,train_inner_branch_input,0
PSM7J12J,P6024,CD,1,1,1.7778556120608415,0.9777940564689084,train_inner_branch_input,0
PSM7J12R,P6024,CD,1,1,1.1568352698337827,0.9495043011410408,train_inner_branch_input,0
PSM7J14X,P6014,nonIBD,0,1,-2.7069758890281554,0.08628009590438894,train_inner_branch_input,0
PSM7J154,P6014,nonIBD,0,1,-0.19594010582842109,0.7465990084145103,train_inner_branch_input,0
PSM7J156,P6014,nonIBD,0,1,-1.2347171056730795,0.41514918864254163,train_inner_branch_input,0
PSM7J158,P6016,CD,1,4,-1.3634460401668569,0.37306364316126084,train_inner_branch_input,0
PSM7J15A,P6016,CD,1,4,0.1137136281522513,0.8182930369493373,train_inner_branch_input,0
PSM7J15G,P6016,CD,1,4,-0.18940561428346697,0.7482891106878807,train_inner_branch_input,0
PSM7J15I,P6016,CD,1,4,-0.17960469025662804,0.7508099925590486,train_inner_branch_input,0
PSM7J17L,P6016,CD,1,4,0.368577107636164,0.8645989727855866,train_inner_branch_input,0
PSM7J17T,P6016,CD,1,4,-0.26038276564944646,0.7295339540955432,train_inner_branch_input,0
PSM7J199,P6016,CD,1,4,0.16034857958518664,0.8276013148530909,train_inner_branch_input,0
PSM7J19B,P6016,CD,1,4,-1.5274422209114644,0.32217498018766333,train_inner_branch_input,0
PSM7J19F,P6016,CD,1,4,-0.4865014645742516,0.6642839996675599,train_inner_branch_input,0
PSM7J19H,P6016,CD,1,4,-0.23342060838506923,0.7367610369752293,train_inner_branch_input,0
PSM7J19J,P6016,CD,1,4,0.7537487661076028,0.9154262145009154,train_inner_branch_input,0
PSM7J1BJ,P6024,CD,1,1,-0.30766475068995025,0.7165629856565076,train_inner_branch_input,0
PSM7J1BL,P6024,CD,1,1,0.05836483578136076,0.806743804572565,train_inner_branch_input,0
PSM7J1BN_P,P6024,CD,1,1,-0.3009158350186695,0.7184372859824534,train_inner_branch_input,0
PSM7J1BP,P6024,CD,1,1,-0.25013953511090975,0.7322942615554058,train_inner_branch_input,0
PSM7J1BR,P6024,CD,1,1,0.32684987899376694,0.857765363840334,train_inner_branch_input,0
PSM7J1DF,P6014,nonIBD,0,1,-0.2572228953034693,0.7303873717781132,train_inner_branch_input,0
PSM7J1DL,P6014,nonIBD,0,1,-0.2549549281955374,0.7309988559817281,train_inner_branch_input,0
PSMA263M,P6024,CD,1,1,-0.20321770062184905,0.744707904662346,train_inner_branch_input,0
PSMA263S,P6024,CD,1,1,-0.27086611294829493,0.7266904679284492,train_inner_branch_input,0
PSMA263U,P6024,CD,1,1,-0.41366842783910535,0.6861618098442298,train_inner_branch_input,0
PSMA263W,P6024,CD,1,1,1.7577772401059906,0.9771888133710712,train_inner_branch_input,0
PSMA265N,P6016,CD,1,4,-0.23085059248128165,0.7374434014723575,train_inner_branch_input,0
PSMA265T,P6016,CD,1,4,-0.4950683554375203,0.6616613003119713,train_inner_branch_input,0
CSM5FZ3N_P,C3001,CD,1,1,-0.4259784255080158,0.682518367342632,train_inner_branch_input,0
CSM5FZ3R_P,C3001,CD,1,1,-0.4057867633850001,0.6884826221056116,train_inner_branch_input,0
CSM5FZ3V_P,C3001,CD,1,1,-0.35106491823294655,0.7043318165880231,train_inner_branch_input,0
CSM5FZ4C_P,C3001,CD,1,1,-0.34514066459849535,0.7060193780914762,train_inner_branch_input,0
CSM5FZ4E_P,C3003,UC,1,4,-0.22656703617266263,0.7385781933703812,train_inner_branch_input,0
CSM5FZ4G_P,C3003,UC,1,4,0.23995690738385392,0.8426125524628292,train_inner_branch_input,0
CSM5FZ4K_P,C3003,UC,1,4,0.16381544151197427,0.8282779923204138,train_inner_branch_input,0
CSM5FZ4M,C3003,UC,1,4,0.16372375715708704,0.8282601240966104,train_inner_branch_input,0
CSM5MCU4_P,C3008,CD,1,4,-0.3448115207599293,0.7061129718441241,train_inner_branch_input,0
CSM5MCVD_P,C3001,CD,1,1,-0.3349391059010378,0.708912136382128,train_inner_branch_input,0
CSM5MCVF_P,C3001,CD,1,1,-0.358625216667311,0.7021700773012725,train_inner_branch_input,0
CSM5MCVV_P,C3001,CD,1,1,-0.44895573863137833,0.6756577220475334,train_inner_branch_input,0
CSM5MCVZ_P,C3008,CD,1,4,-0.27567276794103135,0.7253805000634065,train_inner_branch_input,0
CSM5MCW4_P,C3008,CD,1,4,-0.06856000099693565,0.7781787062383514,train_inner_branch_input,0
CSM5MCW6,C3008,CD,1,4,-0.1521141534026521,0.7577903178859083,train_inner_branch_input,0
CSM5MCWI_P,C3001,CD,1,1,-0.33863629341396356,0.7078656994274971,train_inner_branch_input,0
CSM5MCWK_P,C3010,CD,1,1,-0.4593877693447494,0.6725175771692561,train_inner_branch_input,0
CSM5MCWM_P,C3003,UC,1,4,0.03359886852036769,0.8013982526574903,train_inner_branch_input,0
CSM5MCWQ,C3003,UC,1,4,0.4147554767469623,0.8718365816991781,train_inner_branch_input,0
CSM5MCXD,C3001,CD,1,1,-0.39407654858826946,0.691913344744306,train_inner_branch_input,0
CSM5MCXT,C3010,CD,1,1,-0.5297617627559416,0.6509394835829275,train_inner_branch_input,0
CSM5MCXV,C3010,CD,1,1,-0.36780664672213054,0.6995326084852793,train_inner_branch_input,0
CSM5MCXX_P,C3010,CD,1,1,-0.39477930970161307,0.6917080495872104,train_inner_branch_input,0
CSM5MCXZ_P,C3010,CD,1,1,-0.3265041969289055,0.7112912268107003,train_inner_branch_input,0
CSM5MCY2,C3010,CD,1,1,-0.4295377823608375,0.6814606819128199,train_inner_branch_input,0
CSM5MCYS,C3001,CD,1,1,-0.3340680821688487,0.7091583456190649,train_inner_branch_input,0
CSM5MCYU_P,C3013,UC,1,4,0.0018598132427805924,0.7943860869734598,train_inner_branch_input,0
CSM5MCYW,C3008,CD,1,4,-0.40664010620842334,0.6882318029905524,train_inner_branch_input,0
CSM5MCZ3,C3008,CD,1,4,-0.1312245758615449,0.7630048374868532,train_inner_branch_input,0
CSM5MCZ5,C3008,CD,1,4,0.671852299610744,0.9063240537960725,train_inner_branch_input,0
CSM5MCZ7,C3008,CD,1,4,-0.1719252701949952,0.7527733829549905,train_inner_branch_input,0
CSM5YRY7_P,C3001,CD,1,1,-0.37352646229804193,0.6978828099162816,train_inner_branch_input,0
CSM67U9H,C3013,UC,1,4,-0.1529616968622245,0.7575771122548242,train_inner_branch_input,0
CSM67U9H_P,C3013,UC,1,4,-0.040856663468526046,0.7846615800672009,train_inner_branch_input,0
CSM67U9J,C3001,CD,1,1,-0.3919465031283912,0.692535123876048,train_inner_branch_input,0
CSM67U9N,C3013,UC,1,4,-0.05968327179782326,0.7802710329353095,train_inner_branch_input,0
CSM67U9P_P,C3013,UC,1,4,-0.014940624313269308,0.7906007497281649,train_inner_branch_input,0
CSM67U9R_P,C3013,UC,1,4,-0.14269730292265267,0.7601506018860106,train_inner_branch_input,0
CSM67UA2,C3001,CD,1,1,0.35294670540175493,0.8620722323308441,train_inner_branch_input,0
CSM67UBX,C3003,UC,1,4,-0.17838003134297967,0.7511237970395545,train_inner_branch_input,0
CSM67UBZ,C3003,UC,1,4,3.4674771379297242,0.9977620702226782,train_inner_branch_input,0
CSM67UC6,C3003,UC,1,4,0.13924550585679024,0.8234367479030645,train_inner_branch_input,0
CSM67UCK,C3010,CD,1,1,-1.6298684097886231,0.29232205900600483,train_inner_branch_input,0
CSM67UGC,C3001,CD,1,1,-0.16672186169015638,0.7540978153001497,train_inner_branch_input,0
CSM79HG5,C3001,CD,1,1,-0.3999876558314348,0.6901841943285018,train_inner_branch_input,0
CSM79HGD_P,C3013,UC,1,4,-0.44507505923443275,0.6768218421113743,train_inner_branch_input,0
CSM79HGF,C3013,UC,1,4,-0.01954742015120544,0.7895538782474832,train_inner_branch_input,0
CSM79HGF_P,C3013,UC,1,4,-0.5023631406684355,0.6594201821467717,train_inner_branch_input,0
CSM79HGH_P,C3013,UC,1,4,-0.2569379544539672,0.7304642450374149,train_inner_branch_input,0
CSM79HGJ_P,C3013,UC,1,4,0.2165525660412198,0.8383130240173123,train_inner_branch_input,0
CSM79HGL_P,C3013,UC,1,4,-0.39803195803216224,0.6907568782117639,train_inner_branch_input,0
CSM79HGN_P,C3013,UC,1,4,-0.09117675136341473,0.772783552205939,train_inner_branch_input,0
CSM79HGP,C3001,CD,1,1,0.9113325279402081,0.9307119791505876,train_inner_branch_input,0
CSM79HHW,C3027,CD,1,3,-0.41469892896477334,0.6858576785842948,train_inner_branch_input,0
CSM79HHW_P,C3027,CD,1,3,-0.37984519436140324,0.6960543056150424,train_inner_branch_input,0
CSM79HJM,C3027,CD,1,3,-0.21652773836999462,0.7412253404394977,train_inner_branch_input,0
CSM79HJO,C3027,CD,1,3,0.03150808897015215,0.8009419208952278,train_inner_branch_input,0
CSM79HJQ,C3027,CD,1,3,-0.39714112937992674,0.6910175442465775,train_inner_branch_input,0
CSM79HJS,C3027,CD,1,3,0.6855685738624084,0.907907478760567,train_inner_branch_input,0
CSM79HJU,C3027,CD,1,3,-0.42702544497002876,0.6822074338412206,train_inner_branch_input,0
CSM79HK9,C3010,CD,1,1,-0.5338091427134871,0.6496783995205335,train_inner_branch_input,0
CSM79HKB,C3010,CD,1,1,-1.104973807404467,0.4588552841428469,train_inner_branch_input,0
CSM79HKT,C3008,CD,1,4,-0.3334035238870375,0.7093461113481154,train_inner_branch_input,0
CSM79HKV,C3008,CD,1,4,-0.19863514634082202,0.7458997747517598,train_inner_branch_input,0
CSM79HLM,C3003,UC,1,4,3.25110238597153,0.9969920951764942,train_inner_branch_input,0
CSM79HOF,C3010,CD,1,1,-0.2915130887958551,0.7210359996929016,train_inner_branch_input,0
CSM79HOH,C3010,CD,1,1,-0.3947748848128761,0.6917093424517566,train_inner_branch_input,0
CSM79HPK,C3013,UC,1,4,-0.15590215416773553,0.756836430179038,train_inner_branch_input,0
CSM79HPM_P,C3013,UC,1,4,0.11265194405373827,0.8180766440772917,train_inner_branch_input,0
CSM79HPO,C3013,UC,1,4,-0.26588903318582496,0.7280427661518137,train_inner_branch_input,0
CSM79HPQ_P,C3013,UC,1,4,-0.012357705126261262,0.791186028078807,train_inner_branch_input,0
CSM79HPS,C3013,UC,1,4,0.2718227346574518,0.8483164672357385,train_inner_branch_input,0
CSM79HPU,C3013,UC,1,4,-0.36175382181783733,0.7012728480287828,train_inner_branch_input,0
CSM79HQ9,C3008,CD,1,4,-0.7587840298814935,0.5767334123425084,train_inner_branch_input,0
CSM79HQB,C3008,CD,1,4,-0.21481501578198361,0.7416752023428494,train_inner_branch_input,0
CSM79HQF,C3008,CD,1,4,-0.20395771871287502,0.7445150902196639,train_inner_branch_input,0
CSM79HQR_P,C3034,UC,1,2,-0.995679839066981,0.496199221247632,train_inner_branch_input,0
CSM79HQV,C3027,CD,1,3,-0.322050523024417,0.7125427274411757,train_inner_branch_input,0
CSM79HQX,C3027,CD,1,3,-0.3726644700502077,0.6981317678215752,train_inner_branch_input,0
CSM79HQZ,C3027,CD,1,3,-0.07893553008665792,0.7757150931426796,train_inner_branch_input,0
CSM79HR2,C3027,CD,1,3,-0.19908785649045427,0.7457821934806562,train_inner_branch_input,0
CSM79HR4,C3027,CD,1,3,-0.3536323539727148,0.7035987229106222,train_inner_branch_input,0
CSM79HR6,C3027,CD,1,3,0.2300094534939235,0.8407966099451061,train_inner_branch_input,0
CSM7CZ2F_P,H4008,nonIBD,0,1,-0.27771645896169395,0.724822348003573,train_inner_branch_input,0
CSM7KOL4,C3010,CD,1,1,-1.0405409363864848,0.4808419927209731,train_inner_branch_input,0
CSM7KOLA,C3010,CD,1,1,-1.2446512483157113,0.4118482469050698,train_inner_branch_input,0
CSM7KOLE,C3010,CD,1,1,-0.904651057276037,0.5273524447841931,train_inner_branch_input,0
CSM7KONS_P,C3013,UC,1,4,0.18968847201338096,0.8332616214783479,train_inner_branch_input,0
CSM7KONU,C3013,UC,1,4,-0.14126868863216888,0.7605072978486696,train_inner_branch_input,0
CSM7KONW_P,C3013,UC,1,4,-0.24824057639138003,0.732804017554998,train_inner_branch_input,0
CSM7KOOT,C3027,CD,1,3,-0.34579089764845655,0.7058344298450948,train_inner_branch_input,0
CSM7KOOV,C3027,CD,1,3,0.048773092515127674,0.8046865843617191,train_inner_branch_input,0
CSM7KOOX,C3027,CD,1,3,-0.4427791995608502,0.6775095215084602,train_inner_branch_input,0
CSM7KOOZ,C3027,CD,1,3,-0.3963516094840117,0.6912484646783355,train_inner_branch_input,0
CSM7KOP2,C3027,CD,1,3,-0.37503014467087675,0.6974482425124781,train_inner_branch_input,0
CSM7KORM,C3034,UC,1,2,-0.47863066534434223,0.6666846996264083,train_inner_branch_input,0
CSM7KORO,C3034,UC,1,2,-0.5299628789015774,0.6508768694312212,train_inner_branch_input,0
CSM7KORS,C3034,UC,1,2,-0.951519422234459,0.5113237421464982,train_inner_branch_input,0
CSM7KORU,C3034,UC,1,2,2.8222134294644508,0.9945995586302713,train_inner_branch_input,0
CSM9X1XU,C3034,UC,1,2,-0.30139769563656693,0.7183037143537437,train_inner_branch_input,0
CSM9X1Y3,C3034,UC,1,2,-0.5673338981782452,0.6391535364134716,train_inner_branch_input,0
CSM9X21J,C3034,UC,1,2,2.3667751586475485,0.9899675127819525,train_inner_branch_input,0
CSM9X21L,C3034,UC,1,2,-1.7648923456556485,0.2555675834969702,train_inner_branch_input,0
CSM9X21N,C3034,UC,1,2,-0.6592598984945968,0.6096259760383433,train_inner_branch_input,0
CSMA88CB,C3027,CD,1,3,-0.5440648425438974,0.6464735766132421,train_inner_branch_input,0
CSMA9J65,C3027,CD,1,3,0.6133988834727359,0.8992995472788743,train_inner_branch_input,0
CSMACTZP,C3027,CD,1,3,-0.39350224145883483,0.6920810587612639,train_inner_branch_input,0
CSMAF72L,C3027,CD,1,3,-0.32007430496618106,0.7130970149682802,train_inner_branch_input,0
CSMAH393,C3027,CD,1,3,-0.2580047618990081,0.7301763635143292,train_inner_branch_input,0
CSMAIG7X,C3027,CD,1,3,-0.13664543598936815,0.7616591372498389,train_inner_branch_input,0
HSM5MD3Y,H4010,UC,1,1,-0.2624198905033034,0.7289828671617227,train_inner_branch_input,0
HSM5MD41,H4010,UC,1,1,2.3425297324561924,0.9896321522611498,train_inner_branch_input,0
HSM5MD43,H4010,UC,1,1,2.0486771984664767,0.9845717057731779,train_inner_branch_input,0
HSM5MD43_P,H4010,UC,1,1,-0.4086794182676918,0.6876319503280337,train_inner_branch_input,0
HSM5MD44_P,H4010,UC,1,1,-0.3377151153103139,0.7081266325461567,train_inner_branch_input,0
HSM5MD47_P,H4010,UC,1,1,-0.3348431009424789,0.7089392797917382,train_inner_branch_input,0
HSM5MD57_P,H4008,nonIBD,0,1,-0.367260083013799,0.6996899876924825,train_inner_branch_input,0
HSM5MD59_P,H4008,nonIBD,0,1,0.26031321027308846,0.8462761255146768,train_inner_branch_input,0
HSM5MD5B,H4008,nonIBD,0,1,-0.4310109843666376,0.6810223619342772,train_inner_branch_input,0
HSM5MD5B_P,H4008,nonIBD,0,1,-0.3887154126708716,0.6934769741419233,train_inner_branch_input,0
HSM5MD5D,H4008,nonIBD,0,1,-2.2581938986730075,0.14867525065496442,train_inner_branch_input,0
HSM5MD5D_P,H4008,nonIBD,0,1,-0.6783172974860474,0.6033944507478873,train_inner_branch_input,0
HSM5MD5F_P,H4008,nonIBD,0,1,-0.5071508449905117,0.6579454013371946,train_inner_branch_input,0
HSM5MD87_P,H4010,UC,1,1,-0.5334282286796942,0.6497971743849801,train_inner_branch_input,0
HSM5MD8A_P,H4008,nonIBD,0,1,-0.005493424672724217,0.7927355881228226,train_inner_branch_input,0
HSM67VDR_P,H4023,nonIBD,0,4,-0.45304109772449136,0.6744298508874237,train_inner_branch_input,0
HSM67VDX_P,H4022,nonIBD,0,3,-0.5960007154473678,0.6300460746797024,train_inner_branch_input,0
HSM67VEO,H4022,nonIBD,0,3,-0.29098037290543677,0.7211827898189344,train_inner_branch_input,0
HSM67VEQ,H4022,nonIBD,0,3,-0.42779390438003323,0.6819791208830879,train_inner_branch_input,0
HSM67VES,H4022,nonIBD,0,3,-2.2396335124613005,0.15192283964200934,train_inner_branch_input,0
HSM67VEU,H4022,nonIBD,0,3,-0.08892138283430985,0.7733256966774414,train_inner_branch_input,0
HSM67VEW,H4022,nonIBD,0,3,-0.39387007909880545,0.6919736455421651,train_inner_branch_input,0
HSM67VFX,H4008,nonIBD,0,1,-0.41058465992305077,0.6870709651230036,train_inner_branch_input,0
HSM67VFX_P,H4008,nonIBD,0,1,-0.41630342194283876,0.6853838276470295,train_inner_branch_input,0
HSM67VFZ,H4008,nonIBD,0,1,-2.405723252495119,0.12486273897879804,train_inner_branch_input,0
HSM67VG2_P,H4008,nonIBD,0,1,-0.24881173865412912,0.7326507597717622,train_inner_branch_input,0
HSM67VG6_P,H4008,nonIBD,0,1,-0.26078191481908547,0.729426031057475,train_inner_branch_input,0
HSM67VG8,H4008,nonIBD,0,1,-0.12124849212736846,0.7654676300022197,train_inner_branch_input,0
HSM67VGY,H4010,UC,1,1,-0.023538787427134063,0.7886437602217221,train_inner_branch_input,0
HSM67VH1,H4010,UC,1,1,0.3441697785412794,0.8606361019765055,train_inner_branch_input,0
HSM6XRQ8,H4023,nonIBD,0,4,-0.5196237163347941,0.6540890096362791,train_inner_branch_input,0
HSM6XRSX,H4008,nonIBD,0,1,-0.4655105661890566,0.6706673114999474,train_inner_branch_input,0
HSM6XRSX_P,H4008,nonIBD,0,1,-0.43267400650989185,0.6805271800051232,train_inner_branch_input,0
HSM6XRSZ_P,H4008,nonIBD,0,1,-0.4952689492281968,0.6615997698252676,train_inner_branch_input,0
HSM6XRT2_P,H4008,nonIBD,0,1,-0.3429376246283624,0.7066454922789299,train_inner_branch_input,0
HSM6XRT4_P,H4008,nonIBD,0,1,-0.31869320946993457,0.7134840037135496,train_inner_branch_input,0
HSM6XRT6_P,H4008,nonIBD,0,1,-0.6284819799318467,0.6196140702904639,train_inner_branch_input,0
HSM6XRTM,H4010,UC,1,1,2.1348670085636985,0.9862666023643628,train_inner_branch_input,0
HSM6XRTO,H4010,UC,1,1,-0.469127181567034,0.6695719007080394,train_inner_branch_input,0
HSM6XRTQ,H4010,UC,1,1,0.8009388650431017,0.9202994510322322,train_inner_branch_input,0
HSM6XRTS,H4010,UC,1,1,-0.5295552937791534,0.6510037588310293,train_inner_branch_input,0
HSM6XRUL,H4023,nonIBD,0,4,-0.1945503126390687,0.7469590959102115,train_inner_branch_input,0
HSM6XRUN,H4023,nonIBD,0,4,-0.16447401895045988,0.7546684813965466,train_inner_branch_input,0
HSM6XRUR,H4023,nonIBD,0,4,-0.37281138158617644,0.6980893455234459,train_inner_branch_input,0
HSM7CYWS_P,H4030,CD,1,1,-0.35585491006664705,0.7029632558902122,train_inner_branch_input,0
HSM7CYZJ,H4022,nonIBD,0,3,-2.453355212459359,0.11790418983574222,train_inner_branch_input,0
HSM7CYZL,H4022,nonIBD,0,3,-0.33494756143390453,0.7089097456842052,train_inner_branch_input,0
HSM7CYZR,H4022,nonIBD,0,3,-0.38320972730983527,0.695078143418175,train_inner_branch_input,0
HSM7CZ16,H4023,nonIBD,0,4,-0.38839006261981823,0.6935717231620816,train_inner_branch_input,0
HSM7CZ18,H4023,nonIBD,0,4,-0.4029652164194714,0.6893111589536871,train_inner_branch_input,0
HSM7CZ1A,H4023,nonIBD,0,4,-0.6240114130812265,0.6210567005356726,train_inner_branch_input,0
HSM7CZ1C,H4023,nonIBD,0,4,-0.2226886492922534,0.7396029112535625,train_inner_branch_input,0
HSM7CZ1E,H4023,nonIBD,0,4,-0.2909516658528534,0.7211906987159249,train_inner_branch_input,0
HSM7CZ1G,H4023,nonIBD,0,4,-0.26273607147592876,0.7288972700645833,train_inner_branch_input,0
HSM7CZ2H,H4008,nonIBD,0,1,-0.3179610628938474,0.7136890275132848,train_inner_branch_input,0
HSM7CZ2J_P,H4008,nonIBD,0,1,-0.35643059837545377,0.7027985284757536,train_inner_branch_input,0
HSM7CZ2L_P,H4008,nonIBD,0,1,-0.23824014508198976,0.7354783336546674,train_inner_branch_input,0
HSM7CZ2Z,H4030,CD,1,1,-0.36312284336629724,0.7008797489427132,train_inner_branch_input,0
HSM7CZ32,H4030,CD,1,1,-0.9681607389714454,0.5056251920263628,train_inner_branch_input,0
HSM7CZ36,H4030,CD,1,1,-0.289043330340813,0.7217161433011161,train_inner_branch_input,0
HSM7CZ38,H4030,CD,1,1,0.49026044487004655,0.8829583846344565,train_inner_branch_input,0
HSM7J4G1,H4022,nonIBD,0,3,-1.9117231349167187,0.2192034226474999,train_inner_branch_input,0
HSM7J4G8,H4022,nonIBD,0,3,-0.2741854513892214,0.7257862582113127,train_inner_branch_input,0
HSM7J4HA,H4023,nonIBD,0,4,-0.3434910720288371,0.7064882733221495,train_inner_branch_input,0
HSM7J4HC,H4023,nonIBD,0,4,-1.5282054376092071,0.32194666087986257,train_inner_branch_input,0
HSM7J4HE,H4023,nonIBD,0,4,-0.4210355441242028,0.683984054022155,train_inner_branch_input,0
HSM7J4HG,H4023,nonIBD,0,4,-0.4200838197344256,0.6842658456537182,train_inner_branch_input,0
HSM7J4HI,H4023,nonIBD,0,4,-0.30302476483509416,0.7178524067544954,train_inner_branch_input,0
HSM7J4HK,H4023,nonIBD,0,4,-0.3488043964444433,0.7049764037459428,train_inner_branch_input,0
HSM7J4IC,H4032,CD,1,4,-0.13101608771022552,0.7630564888374503,train_inner_branch_input,0
HSM7J4IU,H4022,nonIBD,0,3,-2.9082822652698295,0.06687313617562692,train_inner_branch_input,0
HSM7J4IW,H4022,nonIBD,0,3,-0.2696708174337266,0.7270156184020445,train_inner_branch_input,0
HSM7J4JH,H4039,CD,1,1,-0.20240095989331588,0.7449205984224601,train_inner_branch_input,0
HSM7J4JJ,H4039,CD,1,1,0.13343267997921582,0.822275828912616,train_inner_branch_input,0
HSM7J4JN,H4039,CD,1,1,0.21807770641004978,0.838596065539555,train_inner_branch_input,0
HSM7J4JP,H4039,CD,1,1,-0.23915095639871078,0.7352354751604605,train_inner_branch_input,0
HSM7J4KC,H4023,nonIBD,0,4,-1.286750159909936,0.39795060268988064,train_inner_branch_input,0
HSM7J4KG,H4023,nonIBD,0,4,-0.3974580077294129,0.690924836156288,train_inner_branch_input,0
HSM7J4KI,H4023,nonIBD,0,4,-0.2273125842940099,0.7383809120569924,train_inner_branch_input,0
HSM7J4KK,H4023,nonIBD,0,4,-1.3946072462975803,0.3631330806415254,train_inner_branch_input,0
HSM7J4KM,H4023,nonIBD,0,4,-0.3799155350392421,0.6960339154831152,train_inner_branch_input,0
HSM7J4L5,H4030,CD,1,1,0.03358988342908912,0.8013962932637233,train_inner_branch_input,0
HSM7J4L9,H4030,CD,1,1,-0.33583477142601387,0.708658833675029,train_inner_branch_input,0
HSM7J4LP,H4039,CD,1,1,0.5831460375706654,0.895483152915244,train_inner_branch_input,0
HSM7J4MS,H4032,CD,1,4,-0.709923565158242,0.592986140498235,train_inner_branch_input,0
HSM7J4MW,H4032,CD,1,4,-0.4317945815350058,0.6807890886508547,train_inner_branch_input,0
HSM7J4ON,H4030,CD,1,1,-0.32820839473129476,0.7108114848386299,train_inner_branch_input,0
HSM7J4OP,H4030,CD,1,1,-0.28614042655063654,0.7225142663437744,train_inner_branch_input,0
HSM7J4OT,H4030,CD,1,1,-0.6941972132072748,0.5981760745461584,train_inner_branch_input,0
HSM7J4OV,H4030,CD,1,1,-0.48717061406778667,0.6640795056840335,train_inner_branch_input,0
HSM7J4OX,H4030,CD,1,1,-0.3135095941245204,0.7149336839864967,train_inner_branch_input,0
HSM7J4OZ,H4032,CD,1,4,-0.7566750929286156,0.5774386285286596,train_inner_branch_input,0
HSM7J4P2,H4032,CD,1,4,-0.45339955556951994,0.6743220002262557,train_inner_branch_input,0
HSM7J4Q1,H4032,CD,1,4,-0.3034204728194539,0.7177425811066067,train_inner_branch_input,0
HSM7J4Q3_P,H4032,CD,1,4,-0.4702779188930188,0.6692229753026671,train_inner_branch_input,0
HSM7J4Q7,H4032,CD,1,4,-1.0764301290571405,0.468580723219636,train_inner_branch_input,0
HSM7J4Q9,H4032,CD,1,4,-0.3183469910255145,0.7135809665896884,train_inner_branch_input,0
HSM7J4RE,H4022,nonIBD,0,3,-0.3366482580316151,0.7084286594987392,train_inner_branch_input,0
HSMA33IE,H4043,CD,1,2,0.11484968475502705,0.8185243666278977,train_inner_branch_input,0
HSMA33IG,H4043,CD,1,2,-0.20493871941487862,0.7442593394620914,train_inner_branch_input,0
HSMA33IK,H4043,CD,1,2,0.07050312220956148,0.8093235254525082,train_inner_branch_input,0
HSMA33JN,H4032,CD,1,4,-0.7629439926931957,0.5753414306693222,train_inner_branch_input,0
HSMA33JP,H4032,CD,1,4,-0.31424490823413576,0.7147283103279368,train_inner_branch_input,0
HSMA33JR,H4032,CD,1,4,0.018933443123402414,0.7981807733663012,train_inner_branch_input,0
HSMA33JZ,H4030,CD,1,1,-0.3579055541401283,0.7023762442746073,train_inner_branch_input,0
HSMA33KQ,H4039,CD,1,1,-0.1887880932730241,0.7484484408792912,train_inner_branch_input,0
HSMA33KS,H4039,CD,1,1,-0.2795783755816403,0.7243132281328746,train_inner_branch_input,0
HSMA33KU,H4039,CD,1,1,-0.07195861039621827,0.7773738614438024,train_inner_branch_input,0
HSMA33L1,H4039,CD,1,1,-0.40505900973866316,0.6886964400560941,train_inner_branch_input,0
HSMA33LP,H4043,CD,1,2,-0.2088758289337808,0.7432312301412519,train_inner_branch_input,0
HSMA33MV,H4032,CD,1,4,-0.3208681370157901,0.7128744385733723,train_inner_branch_input,0
HSMA33NO,H4039,CD,1,1,0.2200264948807559,0.8389571469061241,train_inner_branch_input,0
HSMA33NQ,H4039,CD,1,1,0.3153039426538391,0.8558243660432935,train_inner_branch_input,0
HSMA33PL,H4039,CD,1,1,-0.18551309654034462,0.7492923220672003,train_inner_branch_input,0
HSMA33PN,H4039,CD,1,1,-0.46823796690730657,0.6698413997327864,train_inner_branch_input,0
HSMA33QY,H4043,CD,1,2,0.059128179355332766,0.8069068152046784,train_inner_branch_input,0
HSMA33R1,H4043,CD,1,2,-0.24630467730155017,0.7333230545239823,train_inner_branch_input,0
HSMA33R5,H4043,CD,1,2,-0.4527671739316134,0.6745122549919733,train_inner_branch_input,0
HSMA33R7,H4043,CD,1,2,-0.0840336898482831,0.7744974575073328,train_inner_branch_input,0
HSMA33R9,H4043,CD,1,2,-0.1375308985183871,0.7614388276881854,train_inner_branch_input,0
HSMA33S4,H4043,CD,1,2,-0.20508847443664607,0.7442202829553828,train_inner_branch_input,0
MSM5LLF2_P,M2034,CD,1,3,0.8245831029885099,0.9226435234259984,train_inner_branch_input,0
MSM5LLF4,M2034,CD,1,3,1.1087462840521578,0.9462499966151715,train_inner_branch_input,0
MSM5LLF6,M2034,CD,1,3,-0.24840170914138499,0.7327607870741724,train_inner_branch_input,0
MSM5LLF8,M2034,CD,1,3,-0.15874679692207605,0.7561184229020773,train_inner_branch_input,0
MSM6J2LH,M2034,CD,1,3,0.057024668829271534,0.8064573612566387,train_inner_branch_input,0
MSM6J2LJ,M2034,CD,1,3,0.4971934654784467,0.8839364973965038,train_inner_branch_input,0
MSM6J2LL,M2034,CD,1,3,0.31017780665964656,0.8549555701962053,train_inner_branch_input,0
MSM6J2LN,M2034,CD,1,3,-0.3447757207686015,0.7061231507078176,train_inner_branch_input,0
MSM6J2LR,M2034,CD,1,3,-0.2583802367263788,0.7300749942792799,train_inner_branch_input,0
MSM6J2MB,M2034,CD,1,3,0.6808966053627669,0.9073708597959866,train_inner_branch_input,0
MSM6J2MD,M2034,CD,1,3,-0.3747653247713816,0.6975248017014499,train_inner_branch_input,0
MSM6J2MF,M2034,CD,1,3,-0.33163681439785514,0.7098449331151517,train_inner_branch_input,0
MSM6J2MH,M2034,CD,1,3,0.7251747449490631,0.9123454269160467,train_inner_branch_input,0
MSM6J2MJ,M2034,CD,1,3,-0.14343266304348404,0.7599668557036088,train_inner_branch_input,0
MSM6J2ML,M2034,CD,1,3,-0.7290825593539959,0.5866353323801085,train_inner_branch_input,0
MSM6J2N6_P,M2059,UC,1,2,-0.771237316520332,0.5725628205625743,train_inner_branch_input,0
MSM79H8D,M2075,nonIBD,0,3,-1.3663745029673318,0.3721256697361833,train_inner_branch_input,0
MSM79H8F,M2075,nonIBD,0,3,-0.17011771500454373,0.7532340055036639,train_inner_branch_input,0
MSM79H8H,M2075,nonIBD,0,3,-0.3570004638164296,0.7026354153043528,train_inner_branch_input,0
MSM79H8J_P,M2075,nonIBD,0,3,-0.28553983369722535,0.7226792169318385,train_inner_branch_input,0
MSM79H8L,M2075,nonIBD,0,3,-0.9450714734824653,0.5135310284411568,train_inner_branch_input,0
MSM79H8N,M2075,nonIBD,0,3,-0.27793334175348905,0.7247630738987163,train_inner_branch_input,0
MSM79H94_P,M2077,nonIBD,0,3,-0.3831690654145406,0.6950899512795635,train_inner_branch_input,0
MSM79HAJ,M2064,UC,1,4,-2.256346929223836,0.14899583762590785,train_inner_branch_input,0
MSM79HAL,M2064,UC,1,4,0.30889078402996434,0.8547367593950936,train_inner_branch_input,0
MSM79HAN,M2064,UC,1,4,-2.5873188679003754,0.10011226494907143,train_inner_branch_input,0
MSM79HAR,M2064,UC,1,4,0.3578789780295516,0.8628738099665115,train_inner_branch_input,0
MSM79HAT,M2064,UC,1,4,0.12004511290331084,0.8195793655071425,train_inner_branch_input,0
MSM79HBN,M2034,CD,1,3,-0.8486634442218248,0.5464234569746977,train_inner_branch_input,0
MSM79HBP,M2034,CD,1,3,-0.9006979181150818,0.5287022815268441,train_inner_branch_input,0
MSM79HBR,M2034,CD,1,3,-0.5277742784373255,0.6515579732868563,train_inner_branch_input,0
MSM79HBT,M2034,CD,1,3,-0.7923453395757721,0.5654704537209599,train_inner_branch_input,0
MSM79HBV,M2034,CD,1,3,-0.524523292776493,0.6525685539974247,train_inner_branch_input,0
MSM79HF1_P,M2064,UC,1,4,-0.16957963665366146,0.7533710134691044,train_inner_branch_input,0
MSM79HF3,M2064,UC,1,4,-0.029668024263198017,0.7872405589692418,train_inner_branch_input,0
MSM79HF5,M2064,UC,1,4,0.5814536126923152,0.8952659240423336,train_inner_branch_input,0
MSM79HF7,M2064,UC,1,4,-0.1807811612066885,0.7505082868293632,train_inner_branch_input,0
MSM79HF9,M2064,UC,1,4,-0.8121884132046393,0.5587785255616062,train_inner_branch_input,0
MSM79HF9_TR,M2064,UC,1,4,-0.24669586262006823,0.7332182249494489,train_inner_branch_input,0
MSM79HFB,M2064,UC,1,4,0.46937289820190153,0.8799682533882458,train_inner_branch_input,0
MSM9VZGW,M2075,nonIBD,0,3,-0.37843496101476126,0.6964629369224411,train_inner_branch_input,0
MSM9VZGY,M2075,nonIBD,0,3,-0.19715811772681485,0.7462831502736358,train_inner_branch_input,0
MSM9VZH7,M2075,nonIBD,0,3,-0.32449659799625,0.711855770996142,train_inner_branch_input,0
MSM9VZHX,M2077,nonIBD,0,3,0.26857106265987496,0.8477422939480708,train_inner_branch_input,0
MSM9VZHZ,M2077,nonIBD,0,3,-0.9620859022289519,0.5077056692582623,train_inner_branch_input,0
MSM9VZI2,M2077,nonIBD,0,3,-0.7549207068554383,0.5780250446699379,train_inner_branch_input,0
MSM9VZI6,M2077,nonIBD,0,3,-0.08614761000574112,0.7739912002075202,train_inner_branch_input,0
MSM9VZIM,M2083,UC,1,1,0.5188771639386993,0.8869499118162794,train_inner_branch_input,0
MSM9VZIO,M2083,UC,1,1,-0.7848336506320331,0.5679976362703488,train_inner_branch_input,0
MSM9VZIQ,M2083,UC,1,1,0.6300197587650226,0.90134319460598,train_inner_branch_input,0
MSM9VZIS,M2083,UC,1,1,-0.5380085384858501,0.6483677357497021,train_inner_branch_input,0
MSM9VZIU,M2083,UC,1,1,-0.38361545943620406,0.6949603082747475,train_inner_branch_input,0
MSM9VZIW,M2083,UC,1,1,-0.4845982270083293,0.6648652975412283,train_inner_branch_input,0
MSM9VZJJ_P,M2086,CD,1,2,-0.396761186970014,0.6911286825172706,train_inner_branch_input,0
MSM9VZJZ,M2075,nonIBD,0,3,-2.1990517789725432,0.15922630346843988,train_inner_branch_input,0
MSM9VZLL,M2064,UC,1,4,0.16269339975379293,0.8280592179662669,train_inner_branch_input,0
MSM9VZLN,M2064,UC,1,4,0.3634627052116088,0.8637765276119432,train_inner_branch_input,0
MSM9VZLP,M2064,UC,1,4,-1.2376657649535412,0.4141685915518199,train_inner_branch_input,0
MSM9VZLR,M2064,UC,1,4,0.16458298385905448,0.8284275196716151,train_inner_branch_input,0
MSM9VZLT,M2064,UC,1,4,-0.14276309270245333,0.760134166759379,train_inner_branch_input,0
MSM9VZLV,M2064,UC,1,4,-2.201455165594376,0.15878595523166208,train_inner_branch_input,0
MSM9VZLZ,M2083,UC,1,1,-0.7744785350228873,0.5714756212528939,train_inner_branch_input,0
MSM9VZMA,M2077,nonIBD,0,3,-0.37412906620431535,0.6977086986080606,train_inner_branch_input,0
MSM9VZMA_TR,M2077,nonIBD,0,3,-0.29516872589527177,0.7200274100162936,train_inner_branch_input,0
MSM9VZMC,M2077,nonIBD,0,3,-0.49618415977211267,0.6613189672224468,train_inner_branch_input,0
MSM9VZME,M2077,nonIBD,0,3,0.26260116313843446,0.8466835012079031,train_inner_branch_input,0
MSM9VZMI,M2077,nonIBD,0,3,-0.7236872135390222,0.5884267918524235,train_inner_branch_input,0
MSM9VZNR,M2083,UC,1,1,0.4313398067206012,0.8743542047175674,train_inner_branch_input,0
MSM9VZNX,M2083,UC,1,1,0.908635972322108,0.9304733408386157,train_inner_branch_input,0
MSM9VZNZ,M2083,UC,1,1,-0.04787199705700059,0.7830330155109542,train_inner_branch_input,0
MSM9VZO2,M2083,UC,1,1,-0.29126029923099733,0.7211056618891533,train_inner_branch_input,0
MSMA2688,M2064,UC,1,4,-0.28947355354186793,0.7215977379929299,train_inner_branch_input,0
MSMA26ER,M2064,UC,1,4,-0.3114720635024511,0.7155023027327283,train_inner_branch_input,0
MSMA26ET,M2064,UC,1,4,-0.6365385299973622,0.6170089344023549,train_inner_branch_input,0
MSMA26EZ,M2064,UC,1,4,-0.3686806452007659,0.6992808489783234,train_inner_branch_input,0
MSMAPC55,M2083,UC,1,1,-0.26082343243141903,0.7294148038572379,train_inner_branch_input,0
MSMAPC57,M2083,UC,1,1,-0.6240354896788206,0.6210489368401759,train_inner_branch_input,0
MSMAPC59,M2083,UC,1,1,-0.7671473244589774,0.5739337224246183,train_inner_branch_input,0
MSMAPC5B,M2083,UC,1,1,-0.5119288981485308,0.6564705434626198,train_inner_branch_input,0
MSMAPC5D,M2083,UC,1,1,0.1553155562033135,0.8266151926398777,train_inner_branch_input,0
MSMAPC7J,M2075,nonIBD,0,3,-1.0395587116167089,0.4811779546915081,train_inner_branch_input,0
MSMAPC7P,M2077,nonIBD,0,3,-0.6363540370106067,0.617068667257063,train_inner_branch_input,0
MSMAPC7R,M2077,nonIBD,0,3,-0.586444995809838,0.6330925978927988,train_inner_branch_input,0
MSMAPC7T,M2077,nonIBD,0,3,-0.9447980450363398,0.5136246184489006,train_inner_branch_input,0
MSMB4LZC,M2077,nonIBD,0,3,-0.8035803020173158,0.5616843165639781,train_inner_branch_input,0
MSMB4LZP,M2083,UC,1,1,-0.6530374942690971,0.6116530071550308,train_inner_branch_input,0
MSMB4LZR,M2083,UC,1,1,1.0810812650865493,0.9442891771084079,train_inner_branch_input,0
PSM6XBRM_P,P6010,CD,1,4,-0.30985665232449056,0.7159526336434167,train_inner_branch_input,0
PSM6XBSI,P6010,CD,1,4,0.3619920066710994,0.8635392474174399,train_inner_branch_input,0
PSM6XBSK,P6010,CD,1,4,0.15442186921782566,0.8264396269338962,train_inner_branch_input,0
PSM6XBSM,P6010,CD,1,4,-0.42969357626345955,0.6814143439125382,train_inner_branch_input,0
PSM6XBSO,P6010,CD,1,4,-0.24351580685050822,0.7340696541295495,train_inner_branch_input,0
PSM6XBUG,P6010,CD,1,4,3.135546946861614,0.9964779068270161,train_inner_branch_input,0
PSM6XBUI,P6010,CD,1,4,0.18710496506937327,0.8327692363575493,train_inner_branch_input,0
PSM6XBUK,P6010,CD,1,4,-0.10024749529824308,0.7705938959205855,train_inner_branch_input,0
PSM6XBUM,P6010,CD,1,4,-0.33519095813548927,0.7088409232996831,train_inner_branch_input,0
PSM6XBUO,P6010,CD,1,4,1.1107156978342698,0.9463870736228573,train_inner_branch_input,0
PSM6XBUQ,P6010,CD,1,4,0.131345374468508,0.8218575014553325,train_inner_branch_input,0
PSM6XBV2,P6010,CD,1,4,0.01518820696778859,0.7973528822078004,train_inner_branch_input,0
PSM6XBV4,P6010,CD,1,4,0.39129733172216624,0.8682020976197861,train_inner_branch_input,0
PSM7J13I,P6033,CD,1,2,-0.2758009144379108,0.7253455226787495,train_inner_branch_input,0
PSM7J13K,P6033,CD,1,2,-0.35833416931953577,0.7022534656620215,train_inner_branch_input,0
PSM7J13M,P6033,CD,1,2,0.01987064175161763,0.7983875470614863,train_inner_branch_input,0
PSM7J13Q,P6033,CD,1,2,-0.2478749542186728,0.7329020942440366,train_inner_branch_input,0
PSM7J14L,P6010,CD,1,4,1.5037403749843992,0.9679958367283398,train_inner_branch_input,0
PSM7J14N,P6010,CD,1,4,0.38591839726017285,0.8673564880623684,train_inner_branch_input,0
PSM7J14P,P6010,CD,1,4,0.11918399598250176,0.819404835848281,train_inner_branch_input,0
PSM7J14R,P6010,CD,1,4,-0.28677273208292287,0.7223405406994,train_inner_branch_input,0
PSM7J14T,P6010,CD,1,4,-1.0164087099934012,0.4891004913245253,train_inner_branch_input,0
PSM7J15W,P6028,CD,1,2,-0.40037560863129623,0.690070521274799,train_inner_branch_input,0
PSM7J161,P6028,CD,1,2,0.7559906777322289,0.915663728702088,train_inner_branch_input,0
PSM7J163,P6028,CD,1,2,-0.2541535610541609,0.7312147091038517,train_inner_branch_input,0
PSM7J177,P6028,CD,1,2,7.4959733939031965,0.9999910117456708,train_inner_branch_input,0
PSM7J179,P6028,CD,1,2,-0.2665500994977216,0.7278633926128104,train_inner_branch_input,0
PSM7J17B,P6028,CD,1,2,-0.5937746970901183,0.6307567026431016,train_inner_branch_input,0
PSM7J17D,P6028,CD,1,2,1.4789236140442705,0.9669255128057653,train_inner_branch_input,0
PSM7J17F,P6028,CD,1,2,2.8375996529831062,0.9947116197434462,train_inner_branch_input,0
PSM7J18E,P6010,CD,1,4,0.6202737975840512,0.9001493842301,train_inner_branch_input,0
PSM7J18G,P6010,CD,1,4,0.06537672745977402,0.8082372491770238,train_inner_branch_input,0
PSM7J18I,P6010,CD,1,4,-0.10631425315755043,0.7691211467249158,train_inner_branch_input,0
PSM7J18K,P6010,CD,1,4,0.2704761059799819,0.8480788984232932,train_inner_branch_input,0
PSM7J18M,P6010,CD,1,4,-0.22969391147110277,0.7377501397048027,train_inner_branch_input,0
PSM7J1B3_P,P6028,CD,1,2,-0.5010526801951063,0.659823313724973,train_inner_branch_input,0
PSMA264O,P6035,UC,1,2,-0.22546443948072742,0.7388697779509974,train_inner_branch_input,0
PSMA264Q,P6035,UC,1,2,0.6544417929656925,0.9042790296458451,train_inner_branch_input,0
PSMA264S,P6035,UC,1,2,0.11630250937693612,0.8188198641654749,train_inner_branch_input,0
PSMA264U,P6035,UC,1,2,-0.18610976754141767,0.7491387159525282,train_inner_branch_input,0
PSMA264W,P6035,UC,1,2,-0.258669548973471,0.7299968705121375,train_inner_branch_input,0
PSMA2651_P,P6033,CD,1,2,-0.28896809597273615,0.721736845999057,train_inner_branch_input,0
PSMA2653,P6033,CD,1,2,-0.2956061911241048,0.719906564230103,train_inner_branch_input,0
PSMA2659,P6033,CD,1,2,-0.2534130766678837,0.7314140656865185,train_inner_branch_input,0
PSMA265B,P6033,CD,1,2,0.1438717760919974,0.8243564280517911,train_inner_branch_input,0
PSMA2668,P6028,CD,1,2,-0.3162438711507302,0.7141695497278705,train_inner_branch_input,0
PSMA266C,P6028,CD,1,2,1.164780566267462,0.9500237027978397,train_inner_branch_input,0
PSMA267D,P6033,CD,1,2,-0.22254540321345473,0.7396407087657481,train_inner_branch_input,0
PSMA267F,P6033,CD,1,2,-0.35516767315341835,0.703159832760686,train_inner_branch_input,0
PSMA267H,P6033,CD,1,2,-0.0436670435115109,0.7840102353588864,train_inner_branch_input,0
PSMA267J,P6035,UC,1,2,0.4284137117660945,0.873913100046654,train_inner_branch_input,0
PSMA267P,P6035,UC,1,2,-0.5500159583957087,0.6446078250454567,train_inner_branch_input,0
PSMA267R,P6035,UC,1,2,-0.04419486036706768,0.7838877473681692,train_inner_branch_input,0
PSMB4MBI,P6035,UC,1,2,-0.21804168317514697,0.7408272649684778,train_inner_branch_input,0
PSMB4MBK,P6035,UC,1,2,0.21863614220676478,0.8386996021225019,train_inner_branch_input,0
PSMB4MC7,P6035,UC,1,2,0.035438104726092164,0.801799031845569,train_inner_branch_input,0
CSM5MCXF,C3012,CD,1,1,1.9448564731232003,0.9822551242683369,train_inner_branch_input,0
CSM79HJE,C3028,CD,1,4,1.008266462369436,0.9388020676709391,train_inner_branch_input,0
CSM79HQL,C3032,UC,1,3,0.7939530183178019,0.9195945583099836,train_inner_branch_input,0
CSM7KOPC,C3032,UC,1,3,-0.3458668886309419,0.705812811014067,train_inner_branch_input,0
CSM7KOQ7,C3037,UC,1,3,1.8863358563501684,0.9808021531304675,train_inner_branch_input,0
CSM7KOUF,C3032,UC,1,3,-0.9934001238265281,0.4969800692061571,train_inner_branch_input,0
CSM7KOUR,C3037,UC,1,3,2.147897001997051,0.9865063295429519,train_inner_branch_input,0
CSM9X21B,C3028,CD,1,4,0.949314903344924,0.9339936782245346,train_inner_branch_input,0
CSM9X22Q,C3032,UC,1,3,0.2339411640884983,0.8415163792792417,train_inner_branch_input,0
CSM9X23L,C3037,UC,1,3,2.2032844666896203,0.9874801104861295,train_inner_branch_input,0
CSM9X23P,C3037,UC,1,3,2.351835243168945,0.9897621572949286,train_inner_branch_input,0
MSM5LLEN,M2021,CD,1,1,-0.10410869808467818,0.769657325469552,train_inner_branch_input,0
MSM5LLH8,M2027,CD,1,4,0.08587920836911975,0.8125534644320989,train_inner_branch_input,0
MSM5LLIG,M2021,CD,1,1,1.671167593868604,0.9743883137358574,train_inner_branch_input,0
MSM5LLIK,M2021,CD,1,1,2.173836229905248,0.986971340502374,train_inner_branch_input,0
MSM5LLIS,M2027,CD,1,4,0.42064889137112266,0.8727361371766884,train_inner_branch_input,0
MSM6J2H9,M2039,nonIBD,0,4,2.2252630442501404,0.9878469982281558,train_inner_branch_input,0
MSM6J2JH,M2042,nonIBD,0,4,-1.5470722479937808,0.31632979561082847,train_inner_branch_input,0
MSM79H52,M2060,nonIBD,0,4,-1.185129509533491,0.4317347986291747,train_inner_branch_input,0
MSM9VZPV,M2060,nonIBD,0,4,-1.4553601740180295,0.3441100300968746,train_inner_branch_input,0
PSM7J134,P6025,UC,1,1,1.3719579141407008,0.9619038350856093,train_inner_branch_input,0
PSM7J19V,P6017,nonIBD,0,4,-0.8216431653301437,0.5555823001945236,train_inner_branch_input,0
PSMA2646,P6017,nonIBD,0,4,-1.2100967007735697,0.4233624229533766,train_inner_branch_input,0
PSMA269I,P6037,CD,1,3,-0.22438625066193787,0.7391547043711695,train_inner_branch_input,0
PSMB4MBQ,P6037,CD,1,3,-0.8012554298233457,0.5624683938250328,train_inner_branch_input,0
CSM5FZ4A,C3004,UC,1,3,2.579507765813393,0.9924850520040774,train_inner_branch_input,0
CSM5MCUC,C3004,UC,1,3,0.8543546034098247,0.9255051622156383,train_inner_branch_input,0
CSM5MCXB,C3011,UC,1,1,1.2005237980072685,0.9522983080298351,train_inner_branch_input,0
CSM5MCYO,C3011,UC,1,1,2.1874749772953814,0.9872094617604669,train_inner_branch_input,0
CSM79HQN,C3035,CD,1,3,1.9877931808169529,0.983251953237946,train_inner_branch_input,0
ESM5MEDZ,E5001,CD,1,2,1.7787050400250906,0.9778193126601447,train_inner_branch_input,0
ESM5MEEB,E5001,CD,1,2,1.116334135671038,0.9467763231565718,train_inner_branch_input,0
ESM9IEP5,E5009,CD,1,1,-1.2288136429806695,0.41711443985858965,train_inner_branch_input,0
HSM5FZBJ,H4001,CD,1,4,1.1812669914558234,0.9510853503639187,train_inner_branch_input,0
HSM5FZBQ,H4001,CD,1,4,1.9554688600658952,0.9825067958392955,train_inner_branch_input,0
HSM5MD4A,H4006,CD,1,3,0.7258210930527815,0.9124162227868572,train_inner_branch_input,0
HSM5MD5K,H4001,CD,1,4,1.4205157133076023,0.964268324368052,train_inner_branch_input,0
HSM5MD7H,H4001,CD,1,4,0.8515246165633092,0.9252373858839775,train_inner_branch_input,0
HSM5MD7W,H4001,CD,1,4,0.8556560382120489,0.9256280090853141,train_inner_branch_input,0
HSM5MD86,H4006,CD,1,3,1.0760476242180104,0.9439252419227379,train_inner_branch_input,0
HSM67VEA,H4001,CD,1,4,0.6700549913723531,0.9061147703516137,train_inner_branch_input,0
HSM6XRQC,H4018,nonIBD,0,2,0.8786107925321365,0.9277643681111887,train_inner_branch_input,0
HSM7CZ1T,H4027,UC,1,1,2.768034116748564,0.9941858298059115,train_inner_branch_input,0
HSMA33O5,H4027,UC,1,1,2.193189753639524,0.9873079552872047,train_inner_branch_input,0
MSM5FZ9X,M2014,CD,1,2,1.6592572307430444,0.973977895298349,train_inner_branch_input,0
MSM5FZA2,M2014,CD,1,2,1.4944392506093696,0.9675986693324248,train_inner_branch_input,0
MSM5LLGH,M2014,CD,1,2,2.2181094539355364,0.9877287644455994,train_inner_branch_input,0
MSM6J2NA,M2061,nonIBD,0,3,-3.5516439674698206,0.028825607795368243,train_inner_branch_input,0
MSM6J2QZ,M2014,CD,1,2,1.6722595915097023,0.9744256258517112,train_inner_branch_input,0
MSMAPC5F,M2097,nonIBD,0,3,-0.31256242873987333,0.7151980967767706,train_inner_branch_input,0
PSM6XBS6,P6009,CD,1,1,0.12000539422398752,0.8195713182897295,train_inner_branch_input,0
PSM6XBTF,P6009,CD,1,1,0.5309100373250747,0.8885925197985751,train_inner_branch_input,0
PSM7J1CK,P6009,CD,1,1,0.6790569517667864,0.907158789123113,train_inner_branch_input,0
CSM5MCTZ,C3006,UC,1,1,2.349377945070698,0.9897279845695821,train_inner_branch_input,0
CSM5MCUM,C3006,UC,1,1,2.4777704366663533,0.9913706823123648,train_inner_branch_input,0
CSM5MCVH,C3009,CD,1,4,0.1402067531557775,0.8236281500622599,train_inner_branch_input,0
CSM67U9V,C3016,CD,1,2,0.7055654287246919,0.9101728540425438,train_inner_branch_input,0
CSM67U9X,C3017,CD,1,2,2.2034428837643953,0.9874827936738151,train_inner_branch_input,0
CSM79HG4,C3023,CD,1,1,2.04580570198694,0.9845118276863223,train_inner_branch_input,0
CSM79HJ6,C3017,CD,1,2,1.7604118787874783,0.9772691411313861,train_inner_branch_input,0
CSM79HJG,C3029,UC,1,3,0.8131254619840799,0.9215156142728038,train_inner_branch_input,0
CSM7KONC,C3023,CD,1,1,2.0009238721116316,0.983545658425661,train_inner_branch_input,0
CSM7KOQ3,C3016,CD,1,2,1.988390232814886,0.9832654191453175,train_inner_branch_input,0
CSM7KOQZ,C3017,CD,1,2,1.43752148237702,0.9650625090074779,train_inner_branch_input,0
CSM7KOR8,C3017,CD,1,2,-0.6844736676814321,0.601374097354299,train_inner_branch_input,0
ESM5GEZ6,E5004,UC,1,3,2.0770546437469366,0.9851513275977124,train_inner_branch_input,0
ESM5MEB9,E5013,CD,1,2,-0.3496237609294281,0.704742856616147,train_inner_branch_input,0
ESM5MEEG,E5004,UC,1,3,2.1721822988141937,0.9869421684364177,train_inner_branch_input,0
HSM5MD4Q,H4007,CD,1,3,2.8578920696404095,0.9948558841882779,train_inner_branch_input,0
HSM5MD4S,H4004,CD,1,4,0.9046231375581963,0.9301168070047653,train_inner_branch_input,0
HSM5MD4W,H4004,CD,1,4,0.43481155260570703,0.8748758508168434,train_inner_branch_input,0
HSM5MD51,H4004,CD,1,4,1.2946319067193255,0.9578256322176267,train_inner_branch_input,0
HSM5MD7Z,H4007,CD,1,3,1.5261778010261464,0.9689346551758115,train_inner_branch_input,0
HSM5MD82,H4009,nonIBD,0,3,-1.5347579843985533,0.3199899463229242,train_inner_branch_input,0
HSM5MD8B,H4009,nonIBD,0,3,-2.17297741379494,0.16406743385675215,train_inner_branch_input,0
HSM67VHU,H4007,CD,1,3,0.38495215190728915,0.8672041008845986,train_inner_branch_input,0
HSM6XRQE,H4019,UC,1,2,0.9447961972477074,0.9336109620269724,train_inner_branch_input,0
HSM6XRTC,H4009,nonIBD,0,3,-1.7139174187413992,0.26908060609494583,train_inner_branch_input,0
HSM7CYYZ,H4009,nonIBD,0,3,-1.245609523345455,0.41153024287414525,train_inner_branch_input,0
HSM7J4JV,H4042,UC,1,3,0.7073477087027802,0.9103723061213138,train_inner_branch_input,0
HSMA33IY,H4042,UC,1,3,1.188957984742993,0.9515732646499876,train_inner_branch_input,0
HSMA33RL,H4042,UC,1,3,1.527471146142641,0.9689879506586085,train_inner_branch_input,0
MSM5LLFK,M2026,UC,1,3,2.2812676094027324,0.988734556274514,train_inner_branch_input,0
MSM5LLFO,M2026,UC,1,3,1.186969695558233,0.9514475727005519,train_inner_branch_input,0
MSM5LLHQ,M2008,CD,1,3,2.2933328027918285,0.9889172080751996,train_inner_branch_input,0
MSM5LLHZ,M2008,CD,1,3,1.8319963172884772,0.9793489054429513,train_inner_branch_input,0
MSM9VZM4,M2085,CD,1,1,-0.2899189898716147,0.7214751131554099,train_inner_branch_input,0
MSMAPC62,M2103,UC,1,2,0.8495218594342291,0.9250473485667686,train_inner_branch_input,0
PSM7J1BN,P6024,CD,1,1,2.3051142038518084,0.9890927370319922,train_inner_branch_input,0
PSM7J1DH,P6014,nonIBD,0,1,-0.6402778243974059,0.6157975125758879,train_inner_branch_input,0
CSM5FZ3N,C3001,CD,1,1,0.9381531061243511,0.9330445752448757,train_inner_branch_input,0
CSM5FZ48,C3003,UC,1,4,1.43022465244354,0.96472384589523,train_inner_branch_input,0
CSM5FZ4C,C3001,CD,1,1,0.9886531509724473,0.9372398086592569,train_inner_branch_input,0
CSM5FZ4K,C3003,UC,1,4,2.395699812616337,0.990353573748426,train_inner_branch_input,0
CSM5MCU4,C3008,CD,1,4,0.49374520943297223,0.8834509069876748,train_inner_branch_input,0
CSM5MCVV,C3001,CD,1,1,0.6349790346243377,0.9019457781163921,train_inner_branch_input,0
CSM5MCW4,C3008,CD,1,4,1.0005701775075333,0.9381934167847924,train_inner_branch_input,0
CSM5MCWK,C3010,CD,1,1,-0.9439348184067843,0.5139200802612944,train_inner_branch_input,0
CSM5MCXZ,C3010,CD,1,1,-1.833849025465796,0.2380109052238734,train_inner_branch_input,0
CSM5MCYK,C3003,UC,1,4,2.557030842979929,0.9922518375466214,train_inner_branch_input,0
CSM5MCYU,C3013,UC,1,4,-0.5048426198562115,0.6586567988958207,train_inner_branch_input,0
CSM67U9P,C3013,UC,1,4,0.5547826032272319,0.8917896384854392,train_inner_branch_input,0
CSM79HGH,C3013,UC,1,4,-0.25927752253830677,0.72983265134594,train_inner_branch_input,0
CSM79HKR,C3008,CD,1,4,1.353049262457955,0.9609430118052992,train_inner_branch_input,0
CSM79HMZ,C3001,CD,1,1,0.5135712478568,0.886218910692561,train_inner_branch_input,0
CSM79HQR,C3034,UC,1,2,2.12457513603897,0.9860742870562849,train_inner_branch_input,0
CSM7KONS,C3013,UC,1,4,-0.2793776458342118,0.7243681434441102,train_inner_branch_input,0
CSM9X1XW,C3034,UC,1,2,2.3268764387291037,0.9894097689265552,train_inner_branch_input,0
CSM9X21P,C3034,UC,1,2,2.1309987423635763,0.9861946285452925,train_inner_branch_input,0
HSM5MD87,H4010,UC,1,1,1.47030231695953,0.9665456543289385,train_inner_branch_input,0
HSM5MD8A,H4008,nonIBD,0,1,-0.03970687869761382,0.7849276475611907,train_inner_branch_input,0
HSM67VDR,H4023,nonIBD,0,4,0.14858219242016538,0.8252889585554283,train_inner_branch_input,0
HSM67VDX,H4022,nonIBD,0,3,-0.3777759758955803,0.6966537791360349,train_inner_branch_input,0
HSM67VG6,H4008,nonIBD,0,1,-0.7718431593826497,0.5723596561060801,train_inner_branch_input,0
HSM6XRSZ,H4008,nonIBD,0,1,-1.3439526382476064,0.3793313571888298,train_inner_branch_input,0
HSM7CZ2P,H4008,nonIBD,0,1,-2.1233878135652273,0.1735999395535528,train_inner_branch_input,0
HSM7J4JW,H4043,CD,1,2,0.08087319448503867,0.8115065338046435,train_inner_branch_input,0
HSM7J4Q3,H4032,CD,1,4,-0.08151272434207066,0.775100145440605,train_inner_branch_input,0
HSMA33K2,H4030,CD,1,1,0.3132998500154967,0.8554852215771871,train_inner_branch_input,0
HSMA33LL,H4043,CD,1,2,0.2876944269054394,0.8510935671347916,train_inner_branch_input,0
HSMA33LV,H4043,CD,1,2,0.3568708071552588,0.8627102843929765,train_inner_branch_input,0
HSMA33PP,H4039,CD,1,1,0.5581722027779479,0.8922369968235606,train_inner_branch_input,0
MSM5LLEH,M2034,CD,1,3,1.71789921416778,0.9759385865011508,train_inner_branch_input,0
MSM79H8J,M2075,nonIBD,0,3,-1.3039626283491912,0.3923141407971984,train_inner_branch_input,0
MSM79H94,M2077,nonIBD,0,3,0.3725585672927033,0.8652363274194006,train_inner_branch_input,0
MSM9VZH1,M2075,nonIBD,0,3,-0.47909461705834966,0.6665434261320758,train_inner_branch_input,0
MSMAPC7D,M2075,nonIBD,0,3,-1.1271670776652236,0.4513147834580965,train_inner_branch_input,0
PSM7J167,P6028,CD,1,2,1.8048155493078233,0.9785821087513344,train_inner_branch_input,0
PSM7J188,P6033,CD,1,2,3.0852093068338915,0.9962273645634605,train_inner_branch_input,0
PSMA2651,P6033,CD,1,2,-0.26932511156704125,0.7271096140501092,train_inner_branch_input,0
PSMA267B,P6033,CD,1,2,1.0206042550030257,0.9397661065497283,train_inner_branch_input,0
PSMA269E,P6028,CD,1,2,1.4772306836201259,0.9668512516272718,train_inner_branch_input,0
PSMA26AJ,P6033,CD,1,2,-0.2047068497077231,0.7443198039733315,train_inner_branch_input,0
CSM9X1ZU,C3032,UC,1,3,-0.372779401973685,0.6980985802712091,train_inner_branch_input,0
HSM7CZ2X,H4035,UC,1,4,-0.31632968492905467,0.7141455479206391,train_inner_branch_input,0
HSMA33MQ,H4045,nonIBD,0,2,-0.9553876455870125,0.509999339773136,train_inner_branch_input,0
MSM79H5W,M2039,nonIBD,0,4,-0.02388671796663523,0.7885642881724417,train_inner_branch_input,0
PSMA2644,P6017,nonIBD,0,4,-0.4662237018924054,0.670451461171575,train_inner_branch_input,0
CSM79HM9,C3011,UC,1,1,0.6669951122283563,0.9057575054509903,train_inner_branch_input,0
ESM5MEB1,E5002,nonIBD,0,4,0.23842305754457396,0.842333645291047,train_inner_branch_input,0
ESM5MEBP,E5002,nonIBD,0,4,-0.004800807124891431,0.7928914687273867,train_inner_branch_input,0
ESM5MEET,E5002,nonIBD,0,4,0.06841374931159103,0.8088813589450161,train_inner_branch_input,0
ESM7F5AO,E5009,CD,1,1,-0.27751017970770836,0.7248787168115478,train_inner_branch_input,0
HSM7CYWW,H4027,UC,1,1,0.012680997882123232,0.7967972452371427,train_inner_branch_input,0
HSM7J4G9,H4028,CD,1,4,-0.05717392833585175,0.7808599313003625,train_inner_branch_input,0
HSM7J4GB,H4028,CD,1,4,0.36756058664840463,0.864435840579892,train_inner_branch_input,0
HSMA33L3,H4028,CD,1,4,0.39311264368699067,0.868486444841249,train_inner_branch_input,0
MSM6J2L5,M2044,CD,1,4,0.7000204672089032,0.9095497657908923,train_inner_branch_input,0
MSM6J2NW,M2058,CD,1,4,-0.019622970885399316,0.7895366777675495,train_inner_branch_input,0
MSM6J2O1,M2058,CD,1,4,1.0561455986752877,0.9424643081603409,train_inner_branch_input,0
MSM6J2O3,M2058,CD,1,4,0.6571118920654623,0.9045952288358402,train_inner_branch_input,0
MSM6J2P4,M2044,CD,1,4,1.018242660240134,0.939582685025822,train_inner_branch_input,0
MSM79H9O,M2061,nonIBD,0,3,-0.4518930207160173,0.6747751530570063,train_inner_branch_input,0
MSM79HD8,M2069,UC,1,3,-0.08389581724440545,0.7745304483233165,train_inner_branch_input,0
MSM9VZFV,M2058,CD,1,4,0.037604278075396236,0.8022702711576303,train_inner_branch_input,0
MSM9VZHD,M2061,nonIBD,0,3,-0.5805043223380263,0.6349812541985606,train_inner_branch_input,0
PSM6XBTH,P6009,CD,1,1,-0.056358574181727766,0.7810510358785666,train_inner_branch_input,0
PSM7J143,P6009,CD,1,1,0.5913350814295715,0.8965286327777596,train_inner_branch_input,0
CSM79HMX,C3006,UC,1,1,-0.2929723988340398,0.72063364351196,train_inner_branch_input,0
CSM7KOKH,C3017,CD,1,2,-0.25523061043983425,0.7309245739675461,train_inner_branch_input,0
CSM9X1YF,C3029,UC,1,3,-1.1451945384665974,0.4452059322691015,train_inner_branch_input,0
ESM7F5BL,E5004,UC,1,3,-0.10374498538173893,0.7697456615401587,train_inner_branch_input,0
HSM7CYY1,H4007,CD,1,3,-0.14020512891230436,0.7607726110133473,train_inner_branch_input,0
PSM6XBTV,P6014,nonIBD,0,1,-0.036075847559131916,0.7857663236560744,train_inner_branch_input,0
PSM6XBTZ,P6014,nonIBD,0,1,-0.5301113320969635,0.6508306476690208,train_inner_branch_input,0
PSM6XBVY,P6016,CD,1,4,-0.6014635877254698,0.6282997376237182,train_inner_branch_input,0
PSM7J195,P6024,CD,1,1,0.23999799594669263,0.8426200182697151,train_inner_branch_input,0
PSMA265V,P6016,CD,1,4,-0.047255242224446964,0.7831765474536675,train_inner_branch_input,0
CSM79HLW,C3003,UC,1,4,0.5401748991373685,0.8898430070177883,train_inner_branch_input,0
CSM79HOD,C3010,CD,1,1,-0.5407048996116048,0.6475249989638387,train_inner_branch_input,0
CSM79HPM,C3013,UC,1,4,-0.6368485417918358,0.6169085546656112,train_inner_branch_input,0
CSM79HQH,C3008,CD,1,4,-0.16383542757011704,0.7548304392394051,train_inner_branch_input,0
HSM7CZ2F,H4008,nonIBD,0,1,-0.26007358157763755,0.7296175335055461,train_inner_branch_input,0
HSM7J4J5,H4022,nonIBD,0,3,-0.9007534015290279,0.5286833390482112,train_inner_branch_input,0
HSMA33JT,H4032,CD,1,4,-0.41646392173049224,0.6853364063724766,train_inner_branch_input,0
MSM6J2N6,M2059,UC,1,2,-0.04620564148803459,0.7834206539387883,train_inner_branch_input,0
MSM79H4T,M2059,UC,1,2,-0.14144204325964563,0.7604640341005799,train_inner_branch_input,0
MSM79H4X,M2059,UC,1,2,-0.17979331171267293,0.7507616370376932,train_inner_branch_input,0
MSM79H76,M2059,UC,1,2,0.1484222397460914,0.8252573565230757,train_inner_branch_input,0
MSM79HF1,M2064,UC,1,4,0.07655061223499506,0.810598925516035,train_inner_branch_input,0
MSM9VZJL,M2086,CD,1,2,-0.19342241463230572,0.7472510790263793,train_inner_branch_input,0
MSM9VZJN,M2086,CD,1,2,0.48672811458650395,0.882457297969842,train_inner_branch_input,0
MSM9VZM6,M2086,CD,1,2,2.096622644153032,0.9855384647871639,train_inner_branch_input,0
MSMA26C8,M2086,CD,1,2,0.7005576452927679,0.9096102984424622,train_inner_branch_input,0
MSMA26EV,M2064,UC,1,4,-0.03724438608474647,0.7854966807467302,train_inner_branch_input,0
CSM79HL2,C3028,CD,1,4,0.20535590329220282,0.836222826450039,train_inner_branch_input,0
CSM7KOUP,C3037,UC,1,3,0.10761297944798644,0.8170468676002177,train_inner_branch_input,0
CSM9X23J,C3037,UC,1,3,0.12638435053634958,0.8208601435230761,train_inner_branch_input,0
CSM67UBD,C3017,CD,1,2,0.12530718434617072,0.8206430154916102,train_inner_branch_input,0
CSM7KOM1,C3029,UC,1,3,0.18860699772647646,0.8330556468401704,train_inner_branch_input,0
CSM7KOS9,C3029,UC,1,3,0.13597928370282572,0.8227851633337981,train_inner_branch_input,0
CSM9X1Y7,C3029,UC,1,3,0.11562103999572819,0.818681303254424,train_inner_branch_input,0
CSM5FZ2D,C3012,CD,1,1,0.31863431214322874,0.8563864869928197,train_inner_branch_input,0
CSM5FZ2E,C3012,CD,1,1,-0.3152011258364353,0.7144611052616026,train_inner_branch_input,0
CSM5FZ2F,C3012,CD,1,1,0.06419685082656398,0.8079865677023547,train_inner_branch_input,0
CSM5FZ34,C3021,CD,1,2,-0.7064282796641803,0.5941414766739819,train_inner_branch_input,0
CSM5FZ35,C3021,CD,1,2,2.289695447406766,0.9888624536014059,train_inner_branch_input,0
CSM5FZ36,C3021,CD,1,2,2.4254728151637726,0.9907355927543994,train_inner_branch_input,0
CSM5FZ37,C3021,CD,1,2,1.9894970810836354,0.9832903548472677,train_inner_branch_input,0
CSM5FZ38,C3022,nonIBD,0,3,0.4922469780331776,0.8832393739482612,train_inner_branch_input,0
CSM5FZ39,C3022,nonIBD,0,3,0.159396287136597,0.8274150730195763,train_inner_branch_input,0
CSMDRVXJ,C3028,CD,1,4,0.6032370274444648,0.8980316351659745,train_inner_branch_input,0
CSMDRVXX,C3032,UC,1,3,1.3521734105681715,0.960897947419054,train_inner_branch_input,0
CSMDRVY5,C3037,UC,1,3,-0.3726696849632156,0.6981302620168486,train_inner_branch_input,0
CSMDRVY6,C3037,UC,1,3,0.45956952661937994,0.8785422505299871,train_inner_branch_input,0
CSMDRVY7,C3037,UC,1,3,0.24236122068886243,0.8430489325791373,train_inner_branch_input,0
CSMDTZ4X,C3032,UC,1,3,0.9248430752495943,0.9318962507848728,train_inner_branch_input,0
CSMDTZ4Y,C3032,UC,1,3,1.7573800817417136,0.9771766803482245,train_inner_branch_input,0
HSM5FZAS,H4017,CD,1,2,1.2683712616466878,0.9563479785788447,train_inner_branch_input,0
HSM5FZAT,H4017,CD,1,2,0.4977752824820819,0.8840182565497005,train_inner_branch_input,0
HSM5FZAU,H4017,CD,1,2,0.6485132728903009,0.9035736090247256,train_inner_branch_input,0
HSM6S4FT,H4020,CD,1,1,1.3051816640358087,0.9584056904313366,train_inner_branch_input,0
HSM6S4FU,H4020,CD,1,1,-0.8056164338687204,0.5609973654570741,train_inner_branch_input,0
HSM7H3WW,H4035,UC,1,4,-0.7377535025518898,0.5837514589720884,train_inner_branch_input,0
HSM7H3WX,H4035,UC,1,4,1.130264965764953,0.947729985210191,train_inner_branch_input,0
HSM7H3WY,H4035,UC,1,4,0.9587734467234497,0.9347881492380963,train_inner_branch_input,0
HSM9UBMS,H4045,nonIBD,0,2,-1.1508790431556877,0.44328299975376895,train_inner_branch_input,0
HSM9UBMT,H4045,nonIBD,0,2,-0.960399115151892,0.5082833067133659,train_inner_branch_input,0
HSM9UBMU,H4045,nonIBD,0,2,-1.1435533516822813,0.4457614146067195,train_inner_branch_input,0
MSM5LWJN,M2039,nonIBD,0,4,-0.24183902270731253,0.7345178984695865,train_inner_branch_input,0
MSM5LWJO,M2039,nonIBD,0,4,-0.7224556794467406,0.5888353813838985,train_inner_branch_input,0
MSM5LWJU,M2042,nonIBD,0,4,-0.5562508621511856,0.6426483779622598,train_inner_branch_input,0
MSM5LWJV,M2042,nonIBD,0,4,-0.8143365672380275,0.5580527493060622,train_inner_branch_input,0
MSM5LWKF,M2060,nonIBD,0,4,-1.0377391878741615,0.4818003526870779,train_inner_branch_input,0
MSM5LWKG,M2060,nonIBD,0,4,0.4815521756877522,0.8817196954623079,train_inner_branch_input,0
MSM5LWKQ,M2021,CD,1,1,-0.22831729479345858,0.7381149011397247,train_inner_branch_input,0
MSM5LWKR,M2021,CD,1,1,-0.31196606790722947,0.7153645024496516,train_inner_branch_input,0
MSM5LWKW,M2021,CD,1,1,1.281899995993282,0.9571152924573302,train_inner_branch_input,0
MSM5LWKX,M2021,CD,1,1,-0.8943007435179691,0.5308857597378384,train_inner_branch_input,0
MSM5LWL6,M2027,CD,1,4,-0.04041560260714437,0.7847636725759858,train_inner_branch_input,0
MSM5LWL7,M2027,CD,1,4,-1.2170999294944729,0.42102166159348076,train_inner_branch_input,0
MSM719M5,M2047,nonIBD,0,1,-0.38305976950655596,0.6951216885901724,train_inner_branch_input,0
MSM719M6,M2047,nonIBD,0,1,-0.7969708888151618,0.5639125612299501,train_inner_branch_input,0
MSM719NO,M2084,nonIBD,0,2,-1.2454698832404691,0.4115765779184203,train_inner_branch_input,0
MSM719NP,M2084,nonIBD,0,2,-1.5517356809375376,0.31494957726049466,train_inner_branch_input,0
PSM6XC12,P6017,nonIBD,0,4,-0.2668776038615529,0.7277745002404472,train_inner_branch_input,0
PSM7J4EW,P6025,UC,1,1,0.7666125618623835,0.9167808265542309,train_inner_branch_input,0
PSM7J4EX,P6025,UC,1,1,-1.2274599999791145,0.4175654387432521,train_inner_branch_input,0
CSM5FZ1M,C3004,UC,1,3,-0.18065646157869586,0.7505402775738491,train_inner_branch_input,0
CSM5FZ1N,C3004,UC,1,3,0.8836503012548943,0.928225750426268,train_inner_branch_input,0
CSM5FZ1O,C3004,UC,1,3,1.142357556557733,0.9485446952806901,train_inner_branch_input,0
CSM5FZ2A,C3011,UC,1,1,0.6921527779198923,0.9086589930728893,train_inner_branch_input,0
CSM5FZ2B,C3011,UC,1,1,1.2995487971347992,0.9580969340050066,train_inner_branch_input,0
CSM5FZ2C,C3011,UC,1,1,2.342361576979605,0.9896297880373875,train_inner_branch_input,0
CSMDRVY2,C3035,CD,1,3,0.6297795338555793,0.9013139221742623,train_inner_branch_input,0
CSMDRVY3,C3035,CD,1,3,1.5442776345861702,0.969672505063043,train_inner_branch_input,0
CSMDRVY4,C3035,CD,1,3,1.3240692013912994,0.9594251715062677,train_inner_branch_input,0
ESM5GEYA,E5009,CD,1,1,-0.2839249472716171,0.7231224396616005,train_inner_branch_input,0
ESM5GEYB,E5009,CD,1,1,-0.25735275970433574,0.7303523314983126,train_inner_branch_input,0
ESM6ZK8Z,E5009,CD,1,1,2.8468770578317266,0.9947780680977955,train_inner_branch_input,0
HSM5FZAE,H4001,CD,1,4,1.5338188288351693,0.9692482419546317,train_inner_branch_input,0
HSM5FZAH,H4001,CD,1,4,2.317363800482618,0.9892723262065689,train_inner_branch_input,0
HSM5FZAQ,H4006,CD,1,3,-1.43855949444143,0.3493239379040997,train_inner_branch_input,0
HSM5FZAR,H4006,CD,1,3,2.7128055259921338,0.9937316556959903,train_inner_branch_input,0
HSM6S4FN,H4018,nonIBD,0,2,-0.9078705649230582,0.5262528170092906,train_inner_branch_input,0
HSM6S4FO,H4018,nonIBD,0,2,-0.13355276646491865,0.762427518804272,train_inner_branch_input,0
HSM6S4FP,H4018,nonIBD,0,2,-0.7547169666258864,0.5780931320811351,train_inner_branch_input,0
HSM6S4G5,H4024,nonIBD,0,1,0.009005347612226869,0.7959806130861417,train_inner_branch_input,0
HSM6S4G6,H4024,nonIBD,0,1,-1.2530132510469099,0.4090758210794165,train_inner_branch_input,0
HSM6S4G7,H4024,nonIBD,0,1,0.18584778877582708,0.8325292137821294,train_inner_branch_input,0
HSM6S4GG,H4027,UC,1,1,-0.4987975241720179,0.6605165163441671,train_inner_branch_input,0
HSM6S4GH,H4027,UC,1,1,0.8781114412025628,0.9277185023460479,train_inner_branch_input,0
HSM6S4GI,H4027,UC,1,1,-0.22358964446747878,0.7393650893856916,train_inner_branch_input,0
HSM6S4GJ,H4028,CD,1,4,2.1407373967640866,0.9863751218390219,train_inner_branch_input,0
HSM6S4GK,H4028,CD,1,4,0.5390794217633936,0.8896957930044193,train_inner_branch_input,0
HSM6S4GL,H4028,CD,1,4,0.5219912922792358,0.8873770373794145,train_inner_branch_input,0
MSM5CFD6,M2014,CD,1,2,-0.27932191227244463,0.7243833897374414,train_inner_branch_input,0
MSM5CFD7,M2014,CD,1,2,-0.18929452372215758,0.7483177787500777,train_inner_branch_input,0
MSM719M9,M2061,nonIBD,0,3,-1.279267846381742,0.4004093513867699,train_inner_branch_input,0
MSM719MA,M2061,nonIBD,0,3,-1.502099727416312,0.32980403811765735,train_inner_branch_input,0
MSM719MZ,M2069,UC,1,3,1.6577149911263596,0.9739242854518423,train_inner_branch_input,0
MSM719N1,M2069,UC,1,3,0.14013881041734427,0.8236146267603539,train_inner_branch_input,0
PSM6XBZI,P6009,CD,1,1,1.7099775137722972,0.9756823899986716,train_inner_branch_input,0
PSM6XBZJ,P6009,CD,1,1,-0.38666500493654576,0.6940738242294954,train_inner_branch_input,0
PSM6XC13,P6018,nonIBD,0,1,-0.7777381241437695,0.570381563627286,train_inner_branch_input,0
PSM6XC14,P6018,nonIBD,0,1,-0.37660986822009873,0.6969913180700742,train_inner_branch_input,0
CSM5FZ1T,C3006,UC,1,1,-0.21480049566456832,0.7416790140019991,train_inner_branch_input,0
CSM5FZ1U,C3006,UC,1,1,2.8708228048250493,0.9949457631429128,train_inner_branch_input,0
CSM5FZ1V,C3006,UC,1,1,2.898990379625322,0.9951361777124229,train_inner_branch_input,0
CSM5FZ1W,C3006,UC,1,1,-0.21033029787591895,0.7428507366942521,train_inner_branch_input,0
CSM5FZ2O,C3016,CD,1,2,0.5807593051232441,0.8951766918792854,train_inner_branch_input,0
CSM5FZ2P,C3016,CD,1,2,2.716701335769567,0.9937648177778826,train_inner_branch_input,0
CSM5FZ2Q,C3016,CD,1,2,1.2267423762409846,0.9539039045983817,train_inner_branch_input,0
CSM5FZ2R,C3017,CD,1,2,1.2079111117819823,0.9527559987857163,train_inner_branch_input,0
CSM5FZ2S,C3017,CD,1,2,0.902271087558183,0.9299070458980286,train_inner_branch_input,0
CSM5FZ2T,C3017,CD,1,2,0.09353827642521706,0.8141465729178498,train_inner_branch_input,0
CSM5FZ3A,C3023,CD,1,1,2.8207949880249243,0.9945891096811642,train_inner_branch_input,0
CSM5FZ3B,C3023,CD,1,1,1.2624504815680755,0.9560080608912972,train_inner_branch_input,0
CSM5FZ3C,C3023,CD,1,1,0.33926742634306467,0.8598285096666525,train_inner_branch_input,0
CSMDRVXK,C3029,UC,1,3,0.4867033288185536,0.8824537753680628,train_inner_branch_input,0
CSMDRVXL,C3029,UC,1,3,2.8863844009529305,0.9950518593604886,train_inner_branch_input,0
CSMDRVXM,C3029,UC,1,3,1.8958088798435844,0.9810450270299707,train_inner_branch_input,0
CSMDRVXN,C3029,UC,1,3,1.041140399459231,0.9413392797565564,train_inner_branch_input,0
CSMDRVXS,C3031,CD,1,1,0.24378892887267978,0.8433075937194975,train_inner_branch_input,0
CSMDRVXT,C3031,CD,1,1,0.7175721198761059,0.9115088052627333,train_inner_branch_input,0
CSMDRVXU,C3031,CD,1,1,0.8884125697725966,0.9286592503006289,train_inner_branch_input,0
ESM5GEY7,E5013,CD,1,2,0.14882231815374322,0.8253363920118432,train_inner_branch_input,0
ESM5GEY8,E5013,CD,1,2,2.2705311463374698,0.9885695193303562,train_inner_branch_input,0
ESM5GEY9,E5013,CD,1,2,-0.45612347830956124,0.6735018397507159,train_inner_branch_input,0
ESM5GEYI,E5004,UC,1,3,1.0836086934631675,0.9444710724184076,train_inner_branch_input,0
ESM5GEYK,E5004,UC,1,3,2.033953473491474,0.9842622485610143,train_inner_branch_input,0
ESM5GEYL,E5004,UC,1,3,1.7339325938312908,0.9764490919882183,train_inner_branch_input,0
HSM5FZAM,H4004,CD,1,4,0.7537019466400084,0.9154212478536149,train_inner_branch_input,0
HSM5FZAN,H4004,CD,1,4,0.030021974110452036,0.8006170839423978,train_inner_branch_input,0
HSM5FZAY,H4015,CD,1,4,0.07795894165065377,0.810894998328093,train_inner_branch_input,0
HSM5FZAZ,H4015,CD,1,4,-2.5731194703752025,0.1018786682735067,train_inner_branch_input,0
HSM5FZB1,H4015,CD,1,4,1.2260445516626703,0.9538618445590153,train_inner_branch_input,0
HSM5FZBD,H4009,nonIBD,0,3,-1.1658979698458052,0.4382107721969249,train_inner_branch_input,0
HSM5FZBE,H4009,nonIBD,0,3,0.1779357274745222,0.8310123084903355,train_inner_branch_input,0
HSM5FZBF,H4007,CD,1,3,2.3092800719110835,0.9891541432822749,train_inner_branch_input,0
HSM5FZBG,H4007,CD,1,3,0.30463465208241863,0.8540112092119658,train_inner_branch_input,0
HSM6S4FQ,H4019,UC,1,2,-1.7736503872761726,0.25329129641914644,train_inner_branch_input,0
HSM6S4FR,H4019,UC,1,2,-0.31082140997296126,0.7156837382410485,train_inner_branch_input,0
HSM6S4FS,H4019,UC,1,2,1.4515867342166764,0.9657064892181193,train_inner_branch_input,0
HSM6S4GB,H4007,CD,1,3,0.39101990441158596,0.8681585959943731,train_inner_branch_input,0
HSM6S4GC,H4007,CD,1,3,-0.7459726476126942,0.5810125429411834,train_inner_branch_input,0
HSM6S4GO,H4019,UC,1,2,-0.32894172394185767,0.7106049027866491,train_inner_branch_input,0
HSM6S4GP,H4019,UC,1,2,-0.7477674746285559,0.5804137707799776,train_inner_branch_input,0
HSM6S4GQ,H4019,UC,1,2,0.4931442046035893,0.8833660920063494,train_inner_branch_input,0
HSM7H3WQ,H4004,CD,1,4,-0.7551503352493135,0.5779483022059988,train_inner_branch_input,0
HSM7H3WR,H4004,CD,1,4,0.9793784386527381,0.936488158904578,train_inner_branch_input,0
HSM7H3WS,H4004,CD,1,4,-0.5281817290120788,0.6514312193589328,train_inner_branch_input,0
HSM9JTC7,H4042,UC,1,3,-0.8597691187871456,0.5426495644119124,train_inner_branch_input,0
HSM9JTC8,H4042,UC,1,3,2.0388737972647784,0.9843663354888593,train_inner_branch_input,0
MSM5CFCU,M2008,CD,1,3,2.543568929618131,0.9921087366586583,train_inner_branch_input,0
MSM5CFCV,M2008,CD,1,3,0.2862430116591711,0.8508413632351822,train_inner_branch_input,0
MSM5CFCW,M2008,CD,1,3,-0.25033376185977224,0.7322420886096144,train_inner_branch_input,0
MSM5LWJZ,M2008,CD,1,3,2.3768736677734665,0.9901040062228647,train_inner_branch_input,0
MSM5LWKD,M2008,CD,1,3,2.6904045578037135,0.9935375439012526,train_inner_branch_input,0
MSM5LWKE,M2008,CD,1,3,0.44442997875144175,0.8763113772818601,train_inner_branch_input,0
MSM5LWL1,M2026,UC,1,3,2.6087862224673835,0.9927784186637199,train_inner_branch_input,0
MSM5LWL2,M2026,UC,1,3,1.4441253051477354,0.9653663050502662,train_inner_branch_input,0
MSM5LWL5,M2026,UC,1,3,1.6467115840778146,0.9735386644827043,train_inner_branch_input,0
MSM719MR,M2072,nonIBD,0,1,-0.7587337914761814,0.5767502154192832,train_inner_branch_input,0
MSM719MU,M2072,nonIBD,0,1,0.5289544509086734,0.8883269905637511,train_inner_branch_input,0
PSM6XBZW,P6014,nonIBD,0,1,-0.7312187885377976,0.5859253862363937,train_inner_branch_input,0
PSM6XBZX,P6014,nonIBD,0,1,-0.2284332230508091,0.7380841963127328,train_inner_branch_input,0
PSM6XBZY,P6016,CD,1,4,1.0432289494548241,0.9414970976237832,train_inner_branch_input,0
PSM6XBZZ,P6016,CD,1,4,-0.23679382885449998,0.7358636858167441,train_inner_branch_input,0
PSM6XC15,P6016,CD,1,4,0.41205314488675704,0.8714222941846369,train_inner_branch_input,0
PSM7J4EU,P6024,CD,1,1,1.2118752861241546,0.9529998806613783,train_inner_branch_input,0
PSM7J4EV,P6024,CD,1,1,0.9190374289713084,0.9313896712632163,train_inner_branch_input,0
PSM7J4FL,P6016,CD,1,4,1.6581410318260619,0.9739391058039443,train_inner_branch_input,0
CSM5FZ1J,C3003,UC,1,4,-0.06024895456329103,0.7801381203099387,train_inner_branch_input,0
CSM5FZ1K,C3003,UC,1,4,-0.6619955176445835,0.6087336077043839,train_inner_branch_input,0
CSM5FZ1L,C3003,UC,1,4,-0.6295837319894069,0.6192582144570917,train_inner_branch_input,0
CSM5FZ22,C3008,CD,1,4,-0.7303565568313335,0.5862119801324943,train_inner_branch_input,0
CSM5FZ23,C3008,CD,1,4,-0.14985737650390699,0.758357403916927,train_inner_branch_input,0
CSM5FZ24,C3008,CD,1,4,-0.6285052628221792,0.619606551457685,train_inner_branch_input,0
CSM5FZ27,C3010,CD,1,1,-0.15798361628875673,0.7563111958027221,train_inner_branch_input,0
CSM5FZ28,C3010,CD,1,1,0.4513257652957238,0.8773318316092202,train_inner_branch_input,0
CSM5FZ29,C3010,CD,1,1,0.6442405104373952,0.9030623271319336,train_inner_branch_input,0
CSM5FZ2G,C3013,UC,1,4,-0.1680944603052168,0.7537489102581968,train_inner_branch_input,0
CSM5FZ2H,C3013,UC,1,4,2.199412384633267,0.9874143502768425,train_inner_branch_input,0
CSM5FZ2I,C3013,UC,1,4,2.6148955970654684,0.9928381850893887,train_inner_branch_input,0
CSMDRVXF,C3027,CD,1,3,0.9320429151638692,0.9325196663843286,train_inner_branch_input,0
CSMDRVXG,C3027,CD,1,3,-0.15956088479691247,0.7559126774219003,train_inner_branch_input,0
CSMDRVXH,C3027,CD,1,3,0.565839529540958,0.8932429324724305,train_inner_branch_input,0
CSMDRVXY,C3034,UC,1,2,-0.22410217458976966,0.7392297419373591,train_inner_branch_input,0
CSMDRVXZ,C3034,UC,1,2,2.035409721383726,0.9842931255831667,train_inner_branch_input,0
CSMDRVY1,C3034,UC,1,2,-0.28559600197747065,0.7226637930846648,train_inner_branch_input,0
HSM5FZBB,H4010,UC,1,1,1.3472849160062197,0.960645506786536,train_inner_branch_input,0
HSM5FZBC,H4010,UC,1,1,-0.6767700004767275,0.6039016803562677,train_inner_branch_input,0
HSM5FZBH,H4008,nonIBD,0,1,-0.2957376782908961,0.7198702358696683,train_inner_branch_input,0
HSM5FZBI,H4008,nonIBD,0,1,-0.11607832378560114,0.766736983878762,train_inner_branch_input,0
HSM6S4FY,H4022,nonIBD,0,3,-0.15817060291153748,0.7562639741348707,train_inner_branch_input,0
HSM6S4FZ,H4022,nonIBD,0,3,-1.1479185590166232,0.44428425265850513,train_inner_branch_input,0
HSM6S4G1,H4022,nonIBD,0,3,-0.5538625205523706,0.6433995314867594,train_inner_branch_input,0
HSM6S4G2,H4023,nonIBD,0,4,-0.2169055136674986,0.741126045768543,train_inner_branch_input,0
HSM6S4G3,H4023,nonIBD,0,4,-0.6981947969366169,0.5968588461859384,train_inner_branch_input,0
HSM6S4G4,H4023,nonIBD,0,4,-0.2660973826133834,0.7279862406731176,train_inner_branch_input,0
HSM6S4GM,H4008,nonIBD,0,1,-0.47848091710327156,0.6667302916401457,train_inner_branch_input,0
HSM6S4GN,H4008,nonIBD,0,1,-1.117786324598036,0.45449951292409696,train_inner_branch_input,0
HSM7H3WH,H4030,CD,1,1,-0.6404440502731937,0.6157436267745868,train_inner_branch_input,0
HSM7H3WJ,H4030,CD,1,1,0.25760754159484817,0.8457932318031929,train_inner_branch_input,0
HSM7H3WN,H4032,CD,1,4,1.5755338335822722,0.9709068888140328,train_inner_branch_input,0
HSM7H3WO,H4032,CD,1,4,0.8823530233517408,0.9281072412360961,train_inner_branch_input,0
HSM7H3WP,H4032,CD,1,4,-0.42749642306299607,0.6820675143873136,train_inner_branch_input,0
HSM9JTBX,H4039,CD,1,1,-0.9916690230196751,0.4975730158186862,train_inner_branch_input,0
HSM9JTBY,H4039,CD,1,1,1.2252177785772698,0.9538119651278085,train_inner_branch_input,0
HSM9JTBZ,H4039,CD,1,1,0.5184057936681851,0.8868851368967539,train_inner_branch_input,0
HSM9UBMN,H4043,CD,1,2,1.2995941883678042,0.9580994307892746,train_inner_branch_input,0
HSM9UBMO,H4043,CD,1,2,1.015678945484802,0.9393829735798044,train_inner_branch_input,0
HSM9UBMP,H4043,CD,1,2,-1.5520956814666473,0.3148431646198161,train_inner_branch_input,0
MSM5LWJG,M2034,CD,1,3,0.0023232413403229033,0.7944897804565123,train_inner_branch_input,0
MSM5LWJH,M2034,CD,1,3,-1.7775609204743252,0.2522792536136197,train_inner_branch_input,0
MSM719MD,M2064,UC,1,4,1.5944782392652666,0.971631182256414,train_inner_branch_input,0
MSM719NA,M2075,nonIBD,0,3,-1.7713119482458335,0.25389776282124293,train_inner_branch_input,0
MSMAKNES,M2064,UC,1,4,2.461515012903544,0.9911780461017474,train_inner_branch_input,0
MSMAKNET,M2064,UC,1,4,0.7675285307846621,0.9168765258315975,train_inner_branch_input,0
PSM7J4F3,P6028,CD,1,2,-0.8070112731594942,0.5605266388142628,train_inner_branch_input,0
PSM7J4F4,P6028,CD,1,2,1.6363359314116466,0.973169964859276,train_inner_branch_input,0
206458,M2021,CD,1,1,-0.8601951989902293,0.5425046749251963,train_inner_branch_input,0
206465,M2027,CD,1,4,-0.6954856693105386,0.5977516741478592,train_inner_branch_input,0
206468,M2021,CD,1,1,-1.310499628538322,0.39018091820433587,train_inner_branch_input,0
206471,M2039,nonIBD,0,4,-0.7741527710506286,0.5715849233748327,train_inner_branch_input,0
219184,M2042,nonIBD,0,4,-0.3612516444415268,0.7014169682333179,train_inner_branch_input,0
219189,M2027,CD,1,4,-1.129885968124445,0.4503924638762805,train_inner_branch_input,0
219197,M2027,CD,1,4,-1.0287683148529483,0.4848697760205885,train_inner_branch_input,0
219202,M2047,nonIBD,0,1,-1.237640207429075,0.41417708797361963,train_inner_branch_input,0
219208,H4020,CD,1,1,2.5644748905903407,0.9923298595662496,train_inner_branch_input,0
219213,H4017,CD,1,2,2.104107766363539,0.9856839075211622,train_inner_branch_input,0
219217,H4020,CD,1,1,-0.25629362786528637,0.7306380247926216,train_inner_branch_input,0
219222,H4017,CD,1,2,2.710025046949815,0.9937078804574502,train_inner_branch_input,0
219720,P6017,nonIBD,0,4,-0.9406104220643565,0.5150578488459621,train_inner_branch_input,0
220205,M2039,nonIBD,0,4,-1.404949462502375,0.3598623442024608,train_inner_branch_input,0
220212,M2042,nonIBD,0,4,-1.0422227455874438,0.48026678399464984,train_inner_branch_input,0
220215,M2027,CD,1,4,-1.7454558721642632,0.2606670540429217,train_inner_branch_input,0
220932,H4017,CD,1,2,3.2878306754188347,0.9971392942578379,train_inner_branch_input,0
222211,P6025,UC,1,1,0.7752159264330978,0.917675758396826,train_inner_branch_input,0
222223,P6025,UC,1,1,0.10045472161318805,0.8155762173960429,train_inner_branch_input,0
222377,H4020,CD,1,1,3.4931135678618555,0.9978391473642417,train_inner_branch_input,0
222393,H4035,UC,1,4,-0.8182145417271791,0.5567419090899305,train_inner_branch_input,0
222395,H4020,CD,1,1,5.196758853991357,0.9997902382249176,train_inner_branch_input,0
222401,H4017,CD,1,2,2.2945208866361684,0.9889350350134256,train_inner_branch_input,0
222404,H4035,UC,1,4,-1.001073950850439,0.4943517110687439,train_inner_branch_input,0
223293,M2039,nonIBD,0,4,-0.455125958279811,0.673802311932013,train_inner_branch_input,0
223296,M2042,nonIBD,0,4,-0.30716926612304246,0.7167008472727194,train_inner_branch_input,0
223302,M2084,nonIBD,0,2,-0.43427455144034355,0.6800502164283855,train_inner_branch_input,0
224255,H4035,UC,1,4,0.9619110021219016,0.9350497178531131,train_inner_branch_input,0
224273,H4045,nonIBD,0,2,-1.3276066047413144,0.38461841650096235,train_inner_branch_input,0
224277,H4035,UC,1,4,-0.0788487639841388,0.775735775703293,train_inner_branch_input,0
224278,H4020,CD,1,1,4.028153252826842,0.9989607025983746,train_inner_branch_input,0
224283,H4017,CD,1,2,2.698420409115376,0.9936076806520358,train_inner_branch_input,0
224648,P6025,UC,1,1,1.3843561223762473,0.9625214719965526,train_inner_branch_input,0
226385,M2060,nonIBD,0,4,-1.227216980795262,0.4176464210827934,train_inner_branch_input,0
226387,M2084,nonIBD,0,2,-0.7096190865366928,0.5930868243574189,train_inner_branch_input,0
226388,M2047,nonIBD,0,1,-1.219571771290001,0.42019631374554783,train_inner_branch_input,0
226408,M2084,nonIBD,0,2,-0.5274529192247389,0.6516579298978254,train_inner_branch_input,0
206460,M2014,CD,1,2,2.8843264029144895,0.995037956465403,train_inner_branch_input,0
206466,M2014,CD,1,2,2.672192640540144,0.993375339534994,train_inner_branch_input,0
206494,H4001,CD,1,4,2.519513506654338,0.9918464677289446,train_inner_branch_input,0
206498,H4006,CD,1,3,0.2944187729242236,0.8522574287852389,train_inner_branch_input,0
206502,H4001,CD,1,4,2.3825141056567274,0.9901794416270202,train_inner_branch_input,0
206510,H4001,CD,1,4,2.460319922629832,0.991163716547941,train_inner_branch_input,0
206529,E5009,CD,1,1,-0.8010842691482376,0.5625261065183065,train_inner_branch_input,0
219185,M2014,CD,1,2,2.334022786608463,0.9895118751688756,train_inner_branch_input,0
219200,M2014,CD,1,2,2.027687449080629,0.9841287063860509,train_inner_branch_input,0
219203,H4024,nonIBD,0,1,-0.8077967530969227,0.5602615091516406,train_inner_branch_input,0
219206,H4001,CD,1,4,1.7555337532683737,0.9771201929762081,train_inner_branch_input,0
219210,H4006,CD,1,3,-0.9787620435677443,0.5019940907666857,train_inner_branch_input,0
219220,H4018,nonIBD,0,2,-0.4501866328656314,0.6752880251720369,train_inner_branch_input,0
219221,H4006,CD,1,3,-0.25133937277281243,0.7319718595423947,train_inner_branch_input,0
219710,P6009,CD,1,1,-0.44870826102517924,0.6757320250740548,train_inner_branch_input,0
219721,P6018,nonIBD,0,1,-1.5105691704971687,0.3272441732830925,train_inner_branch_input,0
220201,M2061,nonIBD,0,3,-0.9581342199826914,0.5090588812705208,train_inner_branch_input,0
220210,M2014,CD,1,2,1.1816432591796282,0.9511093287844313,train_inner_branch_input,0
220217,M2069,UC,1,3,2.9562289964438078,0.9955013992274095,train_inner_branch_input,0
220936,H4027,UC,1,1,1.428892977210633,0.964661699346597,train_inner_branch_input,0
220937,H4028,CD,1,4,2.0587861264769485,0.9847806953069647,train_inner_branch_input,0
220938,H4001,CD,1,4,1.9607556277851477,0.9826308593792715,train_inner_branch_input,0
220943,H4006,CD,1,3,1.2552513748473897,0.9555913510581983,train_inner_branch_input,0
220944,H4018,nonIBD,0,2,0.2910397765396578,0.8516735288772033,train_inner_branch_input,0
222384,H4028,CD,1,4,1.5424654769666803,0.9695994028913996,train_inner_branch_input,0
222397,H4027,UC,1,1,-0.18693449117311656,0.7489262972662425,train_inner_branch_input,0
222403,H4006,CD,1,3,-1.2324538745159113,0.4159022984481692,train_inner_branch_input,0
224270,H4027,UC,1,1,2.731754372094025,0.993891322691217,train_inner_branch_input,0
224276,H4024,nonIBD,0,1,-1.4810716476668908,0.33620327530980304,train_inner_branch_input,0
224289,H4018,nonIBD,0,2,-1.0753123320256701,0.46896211528107395,train_inner_branch_input,0
224291,H4027,UC,1,1,2.2185778058338026,0.987736539949091,train_inner_branch_input,0
224642,P6009,CD,1,1,0.741434076613991,0.9141107072468156,train_inner_branch_input,0
224651,P6018,nonIBD,0,1,-0.9269260198158343,0.5197395385013285,train_inner_branch_input,0
226395,M2069,UC,1,3,2.097752870227589,0.9855605190707923,train_inner_branch_input,0
226396,M2061,nonIBD,0,3,-0.6064219124148741,0.6267117836795619,train_inner_branch_input,0
206454,M2008,CD,1,3,0.80023158951983,0.920228342427813,train_inner_branch_input,0
206459,M2008,CD,1,3,0.3482825049750363,0.861310603611133,train_inner_branch_input,0
206462,M2026,UC,1,3,2.3401857999114957,0.9895991490077332,train_inner_branch_input,0
206467,M2008,CD,1,3,-0.5588212460976272,0.641839186819462,train_inner_branch_input,0
206472,M2026,UC,1,3,1.6356569167693298,0.9731456626122302,train_inner_branch_input,0
206497,H4004,CD,1,4,3.461753912628571,0.9977444919295957,train_inner_branch_input,0
206501,H4007,CD,1,3,2.898937785938789,0.99513582891322,train_inner_branch_input,0
206503,H4009,nonIBD,0,3,-0.2793177882568968,0.7243845178690682,train_inner_branch_input,0
206509,H4007,CD,1,3,2.4115479834122717,0.990558824786072,train_inner_branch_input,0
206511,H4004,CD,1,4,4.5040870770032235,0.999458306474229,train_inner_branch_input,0
206513,H4015,CD,1,4,1.820034670379808,0.9790148233426457,train_inner_branch_input,0
206516,E5004,UC,1,3,1.922693485753602,0.9817180122560463,train_inner_branch_input,0
206527,E5004,UC,1,3,1.302535968749455,0.9582609429270025,train_inner_branch_input,0
206528,E5013,CD,1,2,-0.5330331069191525,0.6499203598152415,train_inner_branch_input,0
219188,M2008,CD,1,3,-0.8736009237222048,0.5379424827230647,train_inner_branch_input,0
219192,M2026,UC,1,3,1.251588748295268,0.9553779032376666,train_inner_branch_input,0
219199,M2008,CD,1,3,-0.9589058456761284,0.508794655978309,train_inner_branch_input,0
219205,H4007,CD,1,3,1.7696367646438131,0.9775482280470186,train_inner_branch_input,0
219211,H4004,CD,1,4,3.31481442829582,0.9972428416285801,train_inner_branch_input,0
219215,H4015,CD,1,4,1.2365272874780804,0.9544898410521934,train_inner_branch_input,0
219218,H4019,UC,1,2,0.670938177951403,0.9062176633151107,train_inner_branch_input,0
219718,P6014,nonIBD,0,1,-1.324785912450789,0.3855335608590704,train_inner_branch_input,0
219719,P6016,CD,1,4,-0.5550809305965412,0.6430164191307914,train_inner_branch_input,0
219972,E5004,UC,1,3,1.005906598519064,0.9386160388936811,train_inner_branch_input,0
220207,M2026,UC,1,3,-0.9214243090245413,0.5216208462066515,train_inner_branch_input,0
220216,M2072,nonIBD,0,1,1.4338104394015285,0.9648906641458966,train_inner_branch_input,0
220931,H4009,nonIBD,0,3,-1.3509558305410516,0.3770748596115745,train_inner_branch_input,0
220935,H4015,CD,1,4,2.9200314867771735,0.9952737433045196,train_inner_branch_input,0
220940,H4004,CD,1,4,3.9836849502473335,0.9988954836010714,train_inner_branch_input,0
220945,H4019,UC,1,2,-0.1292886320535662,0.7634841541831863,train_inner_branch_input,0
220949,H4019,UC,1,2,-0.44976050921118504,0.6754160354087462,train_inner_branch_input,0
222210,P6024,CD,1,1,3.744123981034274,0.9984670230714096,train_inner_branch_input,0
222224,P6016,CD,1,4,-0.04954832891268225,0.7826425505115862,train_inner_branch_input,0
222392,H4019,UC,1,2,-0.4434730313724272,0.6773017787332594,train_inner_branch_input,0
222396,H4009,nonIBD,0,3,-1.3975476693141249,0.36220186452383135,train_inner_branch_input,0
222402,H4007,CD,1,3,2.0340832959113,0.9842650036267259,train_inner_branch_input,0
222406,H4004,CD,1,4,4.376652554042699,0.9993550320141986,train_inner_branch_input,0
222408,H4015,CD,1,4,1.3951624898335349,0.9630519494825782,train_inner_branch_input,0
223287,M2026,UC,1,3,2.130676966430828,0.9861886247822454,train_inner_branch_input,0
223309,M2072,nonIBD,0,1,0.2226688105492305,0.8394456856440087,train_inner_branch_input,0
224268,H4042,UC,1,3,-0.9396338724095948,0.5153920420556107,train_inner_branch_input,0
224286,H4019,UC,1,2,0.8911369408511123,0.928906156287966,train_inner_branch_input,0
224287,H4042,UC,1,3,-1.1393726915103126,0.44717702590483965,train_inner_branch_input,0
225341,H4042,UC,1,3,-0.6302270453158403,0.6190503708581332,train_inner_branch_input,0
225345,H4042,UC,1,3,-1.4439913513025402,0.3476342016989104,train_inner_branch_input,0
226397,M2072,nonIBD,0,1,-0.2417634627797876,0.7345380860736731,train_inner_branch_input,0
206469,M2034,CD,1,3,-1.1192742472493602,0.4539941136111064,train_inner_branch_input,0
206499,H4008,nonIBD,0,1,-0.07156231086528818,0.777467818714228,train_inner_branch_input,0
206504,H4010,UC,1,1,-0.24974008898108915,0.7324015400002502,train_inner_branch_input,0
219190,M2034,CD,1,3,-1.248909450781834,0.410435727084599,train_inner_branch_input,0
219198,M2034,CD,1,3,-1.2593151573281105,0.40699022524196377,train_inner_branch_input,0
219207,H4008,nonIBD,0,1,-0.699182746378151,0.5965330946074465,train_inner_branch_input,0
219209,H4023,nonIBD,0,4,-1.2211653314424116,0.41966446027965093,train_inner_branch_input,0
219212,H4022,nonIBD,0,3,-1.3052475455200996,0.3918945055618187,train_inner_branch_input,0
219214,H4010,UC,1,1,-0.7513957497791115,0.5792026204217148,train_inner_branch_input,0
219711,P6010,CD,1,4,1.6924337035365769,0.9751055003859441,train_inner_branch_input,0
220208,M2064,UC,1,4,-0.8752491465589549,0.5373811103947845,train_inner_branch_input,0
220941,H4010,UC,1,1,-0.39039797240310914,0.6929867153829226,train_inner_branch_input,0
220946,H4030,CD,1,1,2.2566070611203597,0.9883519196473374,train_inner_branch_input,0
220947,H4032,CD,1,4,-0.034921780138962466,0.7860323852605925,train_inner_branch_input,0
221781,H4043,CD,1,2,0.5323548316074495,0.8887883389148047,train_inner_branch_input,0
222206,P6010,CD,1,4,1.6194851091771043,0.972560500548519,train_inner_branch_input,0
222214,P6028,CD,1,2,0.47153347460076295,0.8802805809949503,train_inner_branch_input,0
222220,P6033,CD,1,2,0.5401941209168494,0.88984558856907,train_inner_branch_input,0
222381,H4022,nonIBD,0,3,-0.79530763432257,0.5644728949696567,train_inner_branch_input,0
222386,H4010,UC,1,1,-0.548115813754713,0.645204025822798,train_inner_branch_input,0
222388,H4030,CD,1,1,-0.15354154434005518,0.757431173962996,train_inner_branch_input,0
222389,H4039,CD,1,1,-1.696734904884952,0.27373595277645335,train_inner_branch_input,0
222398,H4008,nonIBD,0,1,-0.7106198170410252,0.5927558771700606,train_inner_branch_input,0
222399,H4023,nonIBD,0,4,-0.7767914270227312,0.570699387049678,train_inner_branch_input,0
223288,M2034,CD,1,3,-0.1181770580802805,0.7662222901695657,train_inner_branch_input,0
223290,M2064,UC,1,4,0.7329330873550304,0.9131918070261208,train_inner_branch_input,0
223292,M2034,CD,1,3,1.0642105420314278,0.9430605838719462,train_inner_branch_input,0
223294,M2075,nonIBD,0,3,-0.607718522338958,0.6262960786263048,train_inner_branch_input,0
223298,M2064,UC,1,4,1.764783889519983,0.9774018305373308,train_inner_branch_input,0
224259,H4039,CD,1,1,-0.19049322233810495,0.7480083277965546,train_inner_branch_input,0
224262,H4032,CD,1,4,-0.11977074685676442,0.7658309270285514,train_inner_branch_input,0
224263,H4043,CD,1,2,0.8022797169513632,0.9204340997167397,train_inner_branch_input,0
224265,H4030,CD,1,1,2.1870181605935195,0.987201556090009,train_inner_branch_input,0
224271,H4043,CD,1,2,-0.36477042601625714,0.7004062712752726,train_inner_branch_input,0
224274,H4023,nonIBD,0,4,-1.6841566067639868,0.2771754935494191,train_inner_branch_input,0
224275,H4039,CD,1,1,-0.2750498039290326,0.7255504976684533,train_inner_branch_input,0
224280,H4022,nonIBD,0,3,-1.4715080319926637,0.3391338461803969,train_inner_branch_input,0
224282,H4043,CD,1,2,0.3344655415417229,0.8590336742110732,train_inner_branch_input,0
224284,H4032,CD,1,4,-0.2934420798394012,0.7205040690399366,train_inner_branch_input,0
224293,H4032,CD,1,4,-0.4320670860349796,0.6807079440804669,train_inner_branch_input,0
224643,P6010,CD,1,4,0.3428089319556217,0.8604123137795486,train_inner_branch_input,0
224645,P6033,CD,1,2,-0.329978358312639,0.7103127291736614,train_inner_branch_input,0
224652,P6028,CD,1,2,1.969397026869893,0.98283178682851,train_inner_branch_input,0
224654,P6033,CD,1,2,-0.33102976680745644,0.7100162131439374,train_inner_branch_input,0
225306,H4043,CD,1,2,-0.09824044165167187,0.7710796677829017,train_inner_branch_input,0
225343,H4039,CD,1,1,1.4966220926936216,0.9676923045726695,train_inner_branch_input,0
226382,M2064,UC,1,4,1.0022070117346318,0.9383233353473092,train_inner_branch_input,0
226386,M2075,nonIBD,0,3,-1.2147126118327798,0.4218192061393159,train_inner_branch_input,0
226398,M2064,UC,1,4,1.1012867582119932,0.945727788880103,train_inner_branch_input,0
226409,M2075,nonIBD,0,3,-1.0667877693574817,0.47187185447103314,train_inner_branch_input,0
206569,M2025,CD,1,0,-1.3698550175062236,0.37101212827400226,outer_test_branch_input,0
206570,M2025,CD,1,0,-1.4152149379547563,0.3566286966282619,outer_test_branch_input,0
206608,M2028,CD,1,0,-0.49575785214962825,0.6614497800040608,outer_test_branch_input,0
206609,M2028,CD,1,0,-0.5978686738096459,0.6294493175202971,outer_test_branch_input,0
206616,C3002,CD,1,0,-0.2601402738749878,0.7295995064524275,outer_test_branch_input,0
206617,C3002,CD,1,0,-0.2257630454276955,0.7387908315940033,outer_test_branch_input,0
206618,C3002,CD,1,0,-0.1506522997239915,0.7581577577623551,outer_test_branch_input,0
206619,C3002,CD,1,0,-0.2269060678082892,0.7384884932958613,outer_test_branch_input,0
206627,C3005,UC,1,0,-0.3140963598581868,0.7147698071412283,outer_test_branch_input,0
206628,C3005,UC,1,0,-0.2615450216071384,0.7292196247809933,outer_test_branch_input,0
206643,C3015,UC,1,0,0.0457920298504886,0.8040438429113531,outer_test_branch_input,0
206644,C3015,UC,1,0,-0.18624929919475272,0.7491027860971593,outer_test_branch_input,0
206671,C3030,CD,1,0,0.21332433132526402,0.8377125943042483,outer_test_branch_input,0
206672,C3030,CD,1,0,0.0453400608756102,0.8039462551863984,outer_test_branch_input,0
206718,H4013,nonIBD,0,0,-0.4780524245326215,0.666860732292959,outer_test_branch_input,0
206719,H4013,nonIBD,0,0,-0.4133546771595086,0.6862543751858767,outer_test_branch_input,0
206720,H4014,CD,1,0,-0.19429598376279625,0.7470249544363273,outer_test_branch_input,0
206721,H4014,CD,1,0,-0.16222169102858155,0.7552393889830262,outer_test_branch_input,0
206725,H4016,nonIBD,0,0,-0.03822787075124807,0.785269548305032,outer_test_branch_input,0
206726,H4016,nonIBD,0,0,-0.1243509560630239,0.7647036319892278,outer_test_branch_input,0
206755,H4031,CD,1,0,-0.7241724450784089,0.588265771699824,outer_test_branch_input,0
206756,H4031,CD,1,0,-0.8161210562225355,0.5574496523278143,outer_test_branch_input,0
206766,H4038,CD,1,0,-0.2131823993007279,0.7421035489126253,outer_test_branch_input,0
206767,H4038,CD,1,0,0.11292552992481023,0.8181324256166644,outer_test_branch_input,0
206770,H4040,UC,1,0,-0.08237229940645152,0.7748947751370634,outer_test_branch_input,0
215007,M2041,nonIBD,0,0,-0.2062119134433729,0.7439271622681921,outer_test_branch_input,0
215008,M2041,nonIBD,0,0,0.03082612489356105,0.8007929056846697,outer_test_branch_input,0
215067,M2025,CD,1,0,-1.8011674668667563,0.24622701329946853,outer_test_branch_input,0
215075,M2068,CD,1,0,-0.23185528319456958,0.7371767818632707,outer_test_branch_input,0
215076,M2068,CD,1,0,-0.36654877607606035,0.6998947330813808,outer_test_branch_input,0
215084,M2028,CD,1,0,-0.37109979529745957,0.6985833745976288,outer_test_branch_input,0
215085,M2028,CD,1,0,0.09514804780552176,0.8144800780694733,outer_test_branch_input,0
219633,P6005,CD,1,0,-0.6168301055830379,0.6233695889249299,outer_test_branch_input,0
219634,P6005,CD,1,0,-0.7627914436500003,0.575392496964317,outer_test_branch_input,0
219643,P6012,UC,1,0,-0.883668816252881,0.5345119853386309,outer_test_branch_input,0
219644,P6012,UC,1,0,-0.21639043261899846,0.74126142381711,outer_test_branch_input,0
219645,P6013,UC,1,0,-0.44188145051955474,0.6777782158621632,outer_test_branch_input,0
219646,P6013,UC,1,0,-0.31965083014474693,0.7132157075928741,outer_test_branch_input,0
224325,H4044,UC,1,0,-0.03276443370838362,0.78652910016332,outer_test_branch_input,0
224326,H4044,UC,1,0,-0.026129871528351483,0.7880513965418331,outer_test_branch_input,0
CSM5FZ3T_P,C3002,CD,1,0,-0.09118445949363821,0.772781697760367,outer_test_branch_input,0
CSM5FZ3X_P,C3002,CD,1,0,-0.6056284788051525,0.6269660735334984,outer_test_branch_input,0
CSM5FZ3Z_P,C3002,CD,1,0,-0.7142318197051489,0.59156066931984,outer_test_branch_input,0
CSM5FZ42_P,C3002,CD,1,0,-0.748318500406537,0.5802298954952704,outer_test_branch_input,0
CSM5FZ44_P,C3002,CD,1,0,-0.6834978493818337,0.6016945666520176,outer_test_branch_input,0
CSM5FZ46_P,C3002,CD,1,0,-0.5882885305460193,0.6325056669718899,outer_test_branch_input,0
CSM5MCUQ_P,C3005,UC,1,0,0.012853665001139797,0.796835547349295,outer_test_branch_input,0
CSM5MCUS_P,C3005,UC,1,0,-0.44819952643606886,0.6758847404539536,outer_test_branch_input,0
CSM5MCUW_P,C3005,UC,1,0,0.23634724353724496,0.8419555506351408,outer_test_branch_input,0
CSM5MCUY_P,C3005,UC,1,0,-0.31021373431437066,0.7158531263200096,outer_test_branch_input,0
CSM5MCVJ_P,C3002,CD,1,0,-0.701446388573785,0.5957863946954403,outer_test_branch_input,0
CSM5MCVL,C3002,CD,1,0,-0.635240732743884,0.6174290440376503,outer_test_branch_input,0
CSM5MCVN,C3002,CD,1,0,4.529666147594691,0.9994769526260601,outer_test_branch_input,0
CSM5MCY4,C3005,UC,1,0,0.08747290878505562,0.8128858221266698,outer_test_branch_input,0
CSM5MCY8,C3005,UC,1,0,0.38505497324152627,0.8672203239498797,outer_test_branch_input,0
CSM67U9T_P,C3015,UC,1,0,-0.178390460955308,0.7511211256896401,outer_test_branch_input,0
CSM67UAK,C3015,UC,1,0,-0.14556245112778796,0.7594341373027517,outer_test_branch_input,0
CSM67UAM,C3015,UC,1,0,0.4751573985074221,0.880802869897452,outer_test_branch_input,0
CSM67UAO,C3015,UC,1,0,0.1776024477120009,0.8309481722827269,outer_test_branch_input,0
CSM67UAQ,C3015,UC,1,0,-0.6486632172533224,0.6130756820977382,outer_test_branch_input,0
CSM67UAS,C3015,UC,1,0,-0.42401231951873936,0.6831018020929657,outer_test_branch_input,0
CSM67UBF,C3002,CD,1,0,-0.5676623171080982,0.6390497479267707,outer_test_branch_input,0
CSM67UBH,C3002,CD,1,0,3.3102111319051155,0.9972254451851222,outer_test_branch_input,0
CSM67UBN,C3002,CD,1,0,4.256865275531844,0.9992400813023291,outer_test_branch_input,0
CSM67UBR,C3002,CD,1,0,-0.6802385427169024,0.6027643252835575,outer_test_branch_input,0
CSM67UE3,C3005,UC,1,0,-0.18931516568767662,0.7483124520424372,outer_test_branch_input,0
CSM67UE7,C3005,UC,1,0,-0.12900760721571386,0.7635536769541608,outer_test_branch_input,0
CSM67UEA,C3005,UC,1,0,0.34954924117941655,0.8615178004039603,outer_test_branch_input,0
CSM67UEI,C3005,UC,1,0,1.4861775716577994,0.9672418956763067,outer_test_branch_input,0
CSM67UEM,C3005,UC,1,0,-0.36451196014779536,0.7004805768299031,outer_test_branch_input,0
CSM79HG7_P,C3024,CD,1,0,-0.16371098945488533,0.7548619904966655,outer_test_branch_input,0
CSM79HID,C3015,UC,1,0,0.1010460144972367,0.8156980431892951,outer_test_branch_input,0
CSM79HIF,C3015,UC,1,0,0.06665460509631538,0.8085084706771278,outer_test_branch_input,0
CSM79HIH,C3015,UC,1,0,0.8637603309401598,0.926388816978753,outer_test_branch_input,0
CSM79HIJ,C3015,UC,1,0,0.17375145651862994,0.8302056824335395,outer_test_branch_input,0
CSM79HIL,C3015,UC,1,0,-0.039737781008647007,0.7849204996924033,outer_test_branch_input,0
CSM79HIN,C3015,UC,1,0,1.0478577440505683,0.9418454467137356,outer_test_branch_input,0
CSM79HJI_P,C3030,CD,1,0,-0.08995383290253492,0.7730776303434974,outer_test_branch_input,0
CSM79HJW,C3002,CD,1,0,-0.3167682114641649,0.7140228747465349,outer_test_branch_input,0
CSM79HJY,C3002,CD,1,0,-0.7162577600884661,0.5908898125854063,outer_test_branch_input,0
CSM79HNO,C3030,CD,1,0,1.287384445547191,0.9574226717730169,outer_test_branch_input,0
CSM79HNU,C3030,CD,1,0,1.9889812039135402,0.9832787374232853,outer_test_branch_input,0
CSM79HNW,C3030,CD,1,0,-0.025435732021351125,0.7882102069755098,outer_test_branch_input,0
CSM79HO1,C3005,UC,1,0,-0.371945708666879,0.6983392691788787,outer_test_branch_input,0
CSM7KOJQ,C3015,UC,1,0,-0.4054882051344503,0.6885703498594296,outer_test_branch_input,0
CSM7KOJS,C3015,UC,1,0,-0.320215573647558,0.7130574132846542,outer_test_branch_input,0
CSM7KOJU,C3015,UC,1,0,0.029277081353590823,0.8004541145904158,outer_test_branch_input,0
CSM7KOJW,C3015,UC,1,0,0.04618259035669304,0.804128141919653,outer_test_branch_input,0
CSM7KOJY,C3015,UC,1,0,-0.10038084162032328,0.7705615961671728,outer_test_branch_input,0
CSM7KOK1,C3015,UC,1,0,-0.27880712334510754,0.7245241890330322,outer_test_branch_input,0
CSM7KOMB,C3030,CD,1,0,2.231166454243964,0.9879437212057511,outer_test_branch_input,0
CSM7KOMH,C3030,CD,1,0,-0.16632545044623703,0.7541985182636793,outer_test_branch_input,0
CSM7KOPG,C3015,UC,1,0,-0.30249137006863686,0.7180004052372098,outer_test_branch_input,0
CSM7KOPI,C3015,UC,1,0,-0.3674901240690642,0.6996237547095039,outer_test_branch_input,0
CSM7KOPK,C3015,UC,1,0,0.1348196549401455,0.8225533735084464,outer_test_branch_input,0
CSM7KOPM,C3015,UC,1,0,0.3280033235560516,0.8579580680423,outer_test_branch_input,0
CSM7KOPO,C3015,UC,1,0,-0.06699871776419229,0.7785477449342594,outer_test_branch_input,0
CSM7KOSJ,C3030,CD,1,0,-0.23928237723049872,0.735200421367621,outer_test_branch_input,0
CSM7KOSL,C3030,CD,1,0,0.6762515459433305,0.9068345498259662,outer_test_branch_input,0
CSM7KOSP,C3030,CD,1,0,3.2488338165501767,0.9969827595149261,outer_test_branch_input,0
CSM7KOST,C3030,CD,1,0,-0.015445332401276374,0.790486244310392,outer_test_branch_input,0
ESM5GEYW_P,E5006,CD,1,0,-0.322952403477235,0.7122895567830653,outer_test_branch_input,0
ESM5GEYY_P,E5006,CD,1,0,-0.05419611000604226,0.7815572981650841,outer_test_branch_input,0
ESM5MEA7_P,E5008,UC,1,0,0.027772892670063363,0.800124719933028,outer_test_branch_input,0
ESM5MEA9_P,E5008,UC,1,0,-0.24640857708466493,0.7332952140876511,outer_test_branch_input,0
ESM5MEAB_P,E5008,UC,1,0,-0.4060306951809729,0.6884109356363376,outer_test_branch_input,0
HSM5MD3L_P,H4014,CD,1,0,-0.4551105806947356,0.6738069428392801,outer_test_branch_input,0
HSM5MD5Z_P,H4016,nonIBD,0,0,-0.33709867812898064,0.708301168145803,outer_test_branch_input,0
HSM5MD66,H4014,CD,1,0,0.016448608812682945,0.7976317787477993,outer_test_branch_input,0
HSM5MD6A,H4014,CD,1,0,0.38989508832127284,0.8679820958889998,outer_test_branch_input,0
HSM5MD6A_TR,H4014,CD,1,0,-0.1625470852660908,0.7551569653798915,outer_test_branch_input,0
HSM5MD6C,H4014,CD,1,0,-0.2503085884087787,0.7322488510342542,outer_test_branch_input,0
HSM5MD6E_P,H4013,nonIBD,0,0,-0.2378085965813988,0.7355933518182064,outer_test_branch_input,0
HSM5MD6I,H4013,nonIBD,0,0,0.03711431379781021,0.8021637560112511,outer_test_branch_input,0
HSM5MD6I_P,H4013,nonIBD,0,0,-0.3013632170680374,0.7183132730825765,outer_test_branch_input,0
HSM5MD6K,H4013,nonIBD,0,0,-0.5102736883819314,0.6569818062182996,outer_test_branch_input,0
HSM5MD6K_P,H4013,nonIBD,0,0,-0.33098563556280214,0.71002866255494,outer_test_branch_input,0
HSM5MD6M,H4013,nonIBD,0,0,-0.3139884903069644,0.7147999380993196,outer_test_branch_input,0
HSM5MD6O_P,H4016,nonIBD,0,0,-0.2411717386455513,0.7346961451307066,outer_test_branch_input,0
HSM5MD6Q,H4016,nonIBD,0,0,-0.2089556846332152,0.7432103492136772,outer_test_branch_input,0
HSM5MD6S_P,H4016,nonIBD,0,0,-0.2065592630278653,0.743836489413998,outer_test_branch_input,0
HSM5MD6U_P,H4016,nonIBD,0,0,-0.2606591311223727,0.7294592325320824,outer_test_branch_input,0
HSM5MD6W,H4016,nonIBD,0,0,-0.32509561729664443,0.7116873933594665,outer_test_branch_input,0
HSM5MD8F_P,H4012,CD,1,0,-0.15290422589704697,0.7575915735206278,outer_test_branch_input,0
HSM5MD8H_P,H4013,nonIBD,0,0,-0.3711816243856747,0.6985597660651919,outer_test_branch_input,0
HSM67VF3,H4016,nonIBD,0,0,0.7366567013818084,0.9135953948419949,outer_test_branch_input,0
HSM6XRRJ,H4013,nonIBD,0,0,0.45306730331396583,0.8775884004022166,outer_test_branch_input,0
HSM6XRRV,H4014,CD,1,0,1.09570805981852,0.9453341275607209,outer_test_branch_input,0
HSM6XRS2,H4014,CD,1,0,-0.22177388185866448,0.7398442244833898,outer_test_branch_input,0
HSM6XRVA,H4013,nonIBD,0,0,-0.29367471687252344,0.7204398760712509,outer_test_branch_input,0
HSM6XRVC,H4013,nonIBD,0,0,-1.057072863747938,0.4751902209882026,outer_test_branch_input,0
HSM6XRVC_TR,H4013,nonIBD,0,0,-0.08226133955950334,0.7749212932226096,outer_test_branch_input,0
HSM6XRVK,H4013,nonIBD,0,0,-0.9843750478904362,0.5000714455213979,outer_test_branch_input,0
HSM6XRVM,H4014,CD,1,0,-0.5047483404759084,0.6586858407549879,outer_test_branch_input,0
HSM6XRVO,H4014,CD,1,0,2.04778040498918,0.9845530298331233,outer_test_branch_input,0
HSM6XRVU,H4014,CD,1,0,0.5069210477218161,0.885296891433921,outer_test_branch_input,0
HSM6XRVW,H4014,CD,1,0,0.2585981440609068,0.8459701731622828,outer_test_branch_input,0
HSM7CYXE,H4016,nonIBD,0,0,-0.3330647416517439,0.7094418040709447,outer_test_branch_input,0
HSM7CYXG,H4016,nonIBD,0,0,-0.8014849719888845,0.5623909931552408,outer_test_branch_input,0
HSM7CYXI,H4016,nonIBD,0,0,0.11181017986121619,0.8179049329801791,outer_test_branch_input,0
HSM7CYXO,H4016,nonIBD,0,0,-0.309957053469393,0.7159246571817989,outer_test_branch_input,0
HSM7CZ2V_P,H4031,CD,1,0,-0.29860161159197235,0.7190782510927278,outer_test_branch_input,0
HSM7CZ3A,H4031,CD,1,0,-0.0603874407266744,0.7801055728526932,outer_test_branch_input,0
HSM7CZ3C,H4031,CD,1,0,0.09311142302110387,0.8140580617908895,outer_test_branch_input,0
HSM7CZ3E,H4031,CD,1,0,0.19472306808834722,0.8342178215774423,outer_test_branch_input,0
HSM7CZ3G,H4031,CD,1,0,-1.2559827859620987,0.40809265036214704,outer_test_branch_input,0
HSM7J4I3,H4016,nonIBD,0,0,0.5782610156242861,0.8948550571088005,outer_test_branch_input,0
HSM7J4J7,H4038,CD,1,0,1.6115476972169744,0.9722687771201939,outer_test_branch_input,0
HSM7J4J9,H4038,CD,1,0,-0.40636718594754817,0.6883120331979058,outer_test_branch_input,0
HSM7J4JD,H4038,CD,1,0,0.6461479282280156,0.9032908684998754,outer_test_branch_input,0
HSM7J4JF,H4038,CD,1,0,0.7152788400301776,0.9112550320980569,outer_test_branch_input,0
HSM7J4JT_P,H4040,UC,1,0,-0.2509101957856161,0.7320872096799012,outer_test_branch_input,0
HSM7J4KO,H4016,nonIBD,0,0,-0.2754472963422494,0.7254420354612905,outer_test_branch_input,0
HSM7J4KQ,H4016,nonIBD,0,0,0.0590795837666667,0.8068964408232309,outer_test_branch_input,0
HSM7J4MK,H4031,CD,1,0,-1.9069714101634,0.2203197609069419,outer_test_branch_input,0
HSM7J4NO,H4040,UC,1,0,-0.21304298350207201,0.742140105693102,outer_test_branch_input,0
HSM7J4NS,H4040,UC,1,0,-0.12092222167280137,0.7655478757424555,outer_test_branch_input,0
HSM7J4NU,H4040,UC,1,0,-0.29671884036502044,0.7195990614568958,outer_test_branch_input,0
HSM7J4OB,H4031,CD,1,0,-0.3226099600298616,0.7123857011757522,outer_test_branch_input,0
HSM7J4OE,H4031,CD,1,0,-1.1116787551759661,0.4565750284944348,outer_test_branch_input,0
HSM7J4OL,H4031,CD,1,0,-0.3222676239932107,0.712481796261028,outer_test_branch_input,0
HSM7J4PA,H4031,CD,1,0,-0.31105604978737045,0.7156183166912014,outer_test_branch_input,0
HSM7J4QT,H4014,CD,1,0,1.5120134493730695,0.9683451464263956,outer_test_branch_input,0
HSM7J4QZ,H4013,nonIBD,0,0,-0.2286932418664661,0.7380153191289912,outer_test_branch_input,0
HSM7J4R2,H4013,nonIBD,0,0,-0.4426241681964385,0.6775559304488968,outer_test_branch_input,0
HSMA33IA,H4044,UC,1,0,-0.9667858217592881,0.506096085872815,outer_test_branch_input,0
HSMA33IC,H4044,UC,1,0,-0.10270354744077893,0.7699984675677181,outer_test_branch_input,0
HSMA33JB,H4031,CD,1,0,-1.0106500179945976,0.4910722723981927,outer_test_branch_input,0
HSMA33JD,H4031,CD,1,0,-0.13621893704345556,0.7617652034166333,outer_test_branch_input,0
HSMA33KE,H4038,CD,1,0,0.014636964185823281,0.7972308153956436,outer_test_branch_input,0
HSMA33KM,H4038,CD,1,0,0.15419933885732928,0.8263958887883996,outer_test_branch_input,0
HSMA33KO,H4038,CD,1,0,-0.3724109773515774,0.6982049586290181,outer_test_branch_input,0
HSMA33LB,H4044,UC,1,0,0.0036766441672562962,0.7947923866103033,outer_test_branch_input,0
HSMA33LH,H4044,UC,1,0,-0.24999765993218992,0.7323323678115534,outer_test_branch_input,0
HSMA33LH_TR,H4044,UC,1,0,-0.1037951967948136,0.7697334679460129,outer_test_branch_input,0
HSMA33LJ,H4044,UC,1,0,-0.18536678480453647,0.7493299787912396,outer_test_branch_input,0
HSMA33LX,H4040,UC,1,0,-0.27862190408783727,0.724574837220929,outer_test_branch_input,0
HSMA33LZ,H4040,UC,1,0,-0.1591803652471161,0.7560088612452227,outer_test_branch_input,0
HSMA33M2,H4040,UC,1,0,-0.18246011914456187,0.7500772962804348,outer_test_branch_input,0
HSMA33M8,H4040,UC,1,0,1.7943633130442598,0.9782798849224896,outer_test_branch_input,0
HSMA33NA,H4038,CD,1,0,-0.12377984654353168,0.764844399998162,outer_test_branch_input,0
HSMA33NC,H4038,CD,1,0,-0.3628479721112013,0.7009586989100897,outer_test_branch_input,0
HSMA33NG_P,H4038,CD,1,0,-0.3770838329802731,0.6968541508932277,outer_test_branch_input,0
HSMA33NW,H4044,UC,1,0,-0.42173843260979144,0.683775852217755,outer_test_branch_input,0
HSMA33OD,H4040,UC,1,0,-0.25053452321538083,0.7321881535674464,outer_test_branch_input,0
HSMA33OJ,H4040,UC,1,0,0.07989615008153893,0.8113016772508451,outer_test_branch_input,0
HSMA33OL,H4040,UC,1,0,-0.21941191665812698,0.7404666337811495,outer_test_branch_input,0
HSMA33P2_P,H4044,UC,1,0,-0.323428898207774,0.7121557442947366,outer_test_branch_input,0
HSMA33P6,H4044,UC,1,0,-0.13116112883099687,0.7630205568267662,outer_test_branch_input,0
HSMA33PX,H4038,CD,1,0,-0.44844293983311734,0.675811675648818,outer_test_branch_input,0
HSMA33PZ,H4038,CD,1,0,1.0419444888246532,0.9414000866604754,outer_test_branch_input,0
HSMA33Q6,H4038,CD,1,0,0.9283690684187759,0.9322022216967419,outer_test_branch_input,0
HSMA33RR,H4044,UC,1,0,-0.36152560393404803,0.7013383493743912,outer_test_branch_input,0
HSMA33RT,H4044,UC,1,0,0.2441994692782799,0.8433819079797231,outer_test_branch_input,0
HSMA33RX,H4044,UC,1,0,-0.06302014038857584,0.7794861693748781,outer_test_branch_input,0
HSMA33RX_TR,H4044,UC,1,0,-0.10747182719217271,0.7688393868353897,outer_test_branch_input,0
MSM5LLFG_P,M2028,CD,1,0,-0.061760286863424496,0.779782735050132,outer_test_branch_input,0
MSM5LLGN_P,M2028,CD,1,0,-0.3066286364163375,0.7168512236207271,outer_test_branch_input,0
MSM5LLGR_P,M2028,CD,1,0,-0.2962840969144227,0.7197192359897281,outer_test_branch_input,0
MSM5LLHE_P,M2025,CD,1,0,-0.5907784290903424,0.6317123279370127,outer_test_branch_input,0
MSM5LLHG_P,M2025,CD,1,0,-0.5789504950118557,0.6354745643347379,outer_test_branch_input,0
MSM5LLHI_P,M2025,CD,1,0,0.6660104465903426,0.9056422792086566,outer_test_branch_input,0
MSM5LLHO_P,M2025,CD,1,0,-0.023726574702677628,0.7886008697799084,outer_test_branch_input,0
MSM5LLHV_P,M2024,UC,1,0,0.2937170722484038,0.8521363295003282,outer_test_branch_input,0
MSM5LLIC_P,M2025,CD,1,0,-0.7248700201893287,0.5880342539480866,outer_test_branch_input,0
MSM6J2IE,M2028,CD,1,0,0.09958205508831648,0.8153963055305312,outer_test_branch_input,0
MSM6J2IG,M2028,CD,1,0,0.4974797383942047,0.8839767318177622,outer_test_branch_input,0
MSM6J2II,M2028,CD,1,0,-0.10655306062059362,0.7690630393567964,outer_test_branch_input,0
MSM6J2IK,M2028,CD,1,0,-0.2783492662653811,0.7246493795042066,outer_test_branch_input,0
MSM6J2IM,M2028,CD,1,0,-0.33493686048685917,0.7089127712434258,outer_test_branch_input,0
MSM6J2IO,M2028,CD,1,0,0.021728576052849533,0.7987969940001203,outer_test_branch_input,0
MSM6J2J3,M2025,CD,1,0,-0.1973658936103584,0.7462292433320407,outer_test_branch_input,0
MSM6J2J5,M2025,CD,1,0,-2.4421538266714786,0.11950975757647003,outer_test_branch_input,0
MSM6J2JB,M2025,CD,1,0,-0.30630756865258685,0.7169405058755295,outer_test_branch_input,0
MSM6J2JD,M2025,CD,1,0,-0.30203140799826367,0.7181279908424102,outer_test_branch_input,0
MSM6J2JF_P,M2041,nonIBD,0,0,-0.3283775152243991,0.7107638506153208,outer_test_branch_input,0
MSM6J2JN,M2041,nonIBD,0,0,-0.05054673357541083,0.782409752842053,outer_test_branch_input,0
MSM6J2JP,M2041,nonIBD,0,0,0.3914721958521747,0.86822951070455,outer_test_branch_input,0
MSM6J2JR,M2041,nonIBD,0,0,1.9504351458880813,0.9823878619634993,outer_test_branch_input,0
MSM6J2JT,M2041,nonIBD,0,0,-0.23749122802607128,0.7356779178059865,outer_test_branch_input,0
MSM6J2LV,M2041,nonIBD,0,0,-0.6428989760744807,0.6149474779890852,outer_test_branch_input,0
MSM6J2PK,M2025,CD,1,0,-0.4717516729461865,0.6687758331323604,outer_test_branch_input,0
MSM6J2PM,M2025,CD,1,0,-1.6792657674600346,0.278520067180339,outer_test_branch_input,0
MSM6J2Q3,M2028,CD,1,0,0.6100481127862867,0.8988830206408244,outer_test_branch_input,0
MSM6J2Q5,M2028,CD,1,0,-0.43681745281669393,0.6792916553256105,outer_test_branch_input,0
MSM6J2Q7,M2028,CD,1,0,-0.27999806396356003,0.7241983885878949,outer_test_branch_input,0
MSM6J2Q9,M2028,CD,1,0,-0.20487357341784748,0.7442763284889516,outer_test_branch_input,0
MSM6J2QB,M2028,CD,1,0,-0.46698625680684036,0.6702205731896138,outer_test_branch_input,0
MSM6J2QD,M2028,CD,1,0,-0.12310511895165756,0.7650106327891809,outer_test_branch_input,0
MSM6J2SE,M2041,nonIBD,0,0,0.4743270197459579,0.8806833679266851,outer_test_branch_input,0
MSM6J2SI,M2041,nonIBD,0,0,-0.45185837902977666,0.6747855691388193,outer_test_branch_input,0
MSM6J2SK,M2041,nonIBD,0,0,0.2458688865030007,0.8436838031021907,outer_test_branch_input,0
MSM79H63,M2028,CD,1,0,0.24605481023574857,0.8437173959373976,outer_test_branch_input,0
MSM79H65,M2028,CD,1,0,-0.32523990458891544,0.7116468270664021,outer_test_branch_input,0
MSM79H67,M2028,CD,1,0,-0.46529313188041993,0.6707331097172692,outer_test_branch_input,0
MSM79H69,M2028,CD,1,0,-0.3418079350157861,0.7069662526300878,outer_test_branch_input,0
MSM79H6B,M2028,CD,1,0,0.10249174305564611,0.8159956484772479,outer_test_branch_input,0
MSM79H7C,M2071,UC,1,0,-0.3195090435616998,0.7132554413440316,outer_test_branch_input,0
MSM79H7E,M2071,UC,1,0,0.3058688991167954,0.8542219222032135,outer_test_branch_input,0
MSM79H7G,M2071,UC,1,0,1.2361346058898721,0.9544664638484058,outer_test_branch_input,0
MSM79H7M,M2071,UC,1,0,1.8010388822853645,0.9784733849288448,outer_test_branch_input,0
MSM79H98,M2068,CD,1,0,-0.2633387661305078,0.7287340604317227,outer_test_branch_input,0
MSM79HB6,M2041,nonIBD,0,0,0.9133218006556987,0.930887538571626,outer_test_branch_input,0
MSM79HBX_P,M2068,CD,1,0,-0.4683422342556635,0.6698098046405613,outer_test_branch_input,0
MSM79HD6_P,M2071,UC,1,0,-0.24093701988016136,0.7347588256394063,outer_test_branch_input,0
MSM79HDK,M2068,CD,1,0,0.1033365527274558,0.816169381391268,outer_test_branch_input,0
MSM79HDM,M2068,CD,1,0,-0.29313641010483427,0.7205884006548177,outer_test_branch_input,0
MSM79HDO,M2068,CD,1,0,-0.4577297165967303,0.6730177104740603,outer_test_branch_input,0
MSM79HDQ,M2068,CD,1,0,0.5886613644395055,0.8961883054749136,outer_test_branch_input,0
MSM79HDQ_TR,M2068,CD,1,0,-0.4305770437307788,0.6811515050736484,outer_test_branch_input,0
MSM79HDS,M2068,CD,1,0,-0.3309883664912363,0.7100278921700184,outer_test_branch_input,0
MSM79HDU,M2068,CD,1,0,-0.3388630743485034,0.7078014403968217,outer_test_branch_input,0
MSM79HES,M2041,nonIBD,0,0,-0.4439139084798424,0.6771697376738053,outer_test_branch_input,0
MSM79HEU,M2041,nonIBD,0,0,0.19782737326636154,0.8348052166403809,outer_test_branch_input,0
MSM79HEW,M2041,nonIBD,0,0,-0.2075406265811243,0.7435801985182181,outer_test_branch_input,0
MSM79HEY,M2041,nonIBD,0,0,0.29836338751113606,0.8529366638356475,outer_test_branch_input,0
MSM7J16J,M2068,CD,1,0,0.014795961137809194,0.7972660291937358,outer_test_branch_input,0
MSM7J16L,M2068,CD,1,0,-0.33801287089015286,0.7080423052184436,outer_test_branch_input,0
MSM7J16N,M2068,CD,1,0,-0.5125929661816301,0.6562653234237625,outer_test_branch_input,0
MSM7J16P,M2068,CD,1,0,-0.3649705362662723,0.7003487349526399,outer_test_branch_input,0
MSM7J16R,M2068,CD,1,0,-0.30828908845136993,0.7163892147225122,outer_test_branch_input,0
MSM9VZEK,M2068,CD,1,0,-0.24033463829950164,0.7349196454082717,outer_test_branch_input,0
MSM9VZEK_TR,M2068,CD,1,0,-0.5410791464187644,0.6474079569003662,outer_test_branch_input,0
MSM9VZEM,M2068,CD,1,0,-0.5746611482056544,0.636834869794852,outer_test_branch_input,0
MSM9VZEO,M2068,CD,1,0,-0.33087588206865715,0.7100596226119424,outer_test_branch_input,0
MSM9VZEQ,M2068,CD,1,0,-0.38798600799921473,0.6936893699046813,outer_test_branch_input,0
MSM9VZES,M2068,CD,1,0,1.534877255533744,0.9692914372456428,outer_test_branch_input,0
MSM9VZFJ_P,M2079,nonIBD,0,0,-0.3119610267262496,0.7153659088671166,outer_test_branch_input,0
MSM9VZFL,M2079,nonIBD,0,0,-0.2595395352943944,0.7297618599337309,outer_test_branch_input,0
MSM9VZFN,M2079,nonIBD,0,0,-0.3167559203332174,0.7140263134906696,outer_test_branch_input,0
MSM9VZFR,M2079,nonIBD,0,0,-1.4953111761709021,0.33186317848506547,outer_test_branch_input,0
MSM9VZFT,M2079,nonIBD,0,0,-0.3075291404237505,0.7166007213372089,outer_test_branch_input,0
MSM9VZJB,M2068,CD,1,0,-0.22740290399040886,0.738357005813986,outer_test_branch_input,0
MSM9VZKC,M2079,nonIBD,0,0,-0.15046605325260104,0.7582045439164093,outer_test_branch_input,0
MSM9VZKE,M2079,nonIBD,0,0,-2.4683129173578786,0.11578936972428962,outer_test_branch_input,0
MSM9VZKI,M2079,nonIBD,0,0,-0.14284431291241342,0.7601138758512033,outer_test_branch_input,0
MSM9VZLX_P,M2082,CD,1,0,-0.33881542435456385,0.7078149428484912,outer_test_branch_input,0
MSMA26AL,M2068,CD,1,0,-1.590141584251361,0.3037081894485459,outer_test_branch_input,0
MSMA26AN,M2068,CD,1,0,-0.4612213901062518,0.6719640290782463,outer_test_branch_input,0
MSMA26AP,M2068,CD,1,0,-0.25853948823943385,0.7300319929260916,outer_test_branch_input,0
MSMA26AR,M2068,CD,1,0,-0.2594786246962392,0.7297783179884723,outer_test_branch_input,0
MSMA26AT,M2068,CD,1,0,-0.29764487909398496,0.7193429751672453,outer_test_branch_input,0
MSMA26AV,M2071,UC,1,0,-0.3075500519649985,0.7165949025713689,outer_test_branch_input,0
MSMA26AX,M2071,UC,1,0,-0.2736108428820104,0.7259429185108496,outer_test_branch_input,0
MSMA26AZ,M2071,UC,1,0,-0.3614878927970133,0.7013491721416183,outer_test_branch_input,0
MSMA26AZ_TR,M2071,UC,1,0,-0.2472971471068507,0.7330570420379671,outer_test_branch_input,0
MSMA26BN,M2079,nonIBD,0,0,-0.33099112407424786,0.7100271142647092,outer_test_branch_input,0
MSMA26BR,M2079,nonIBD,0,0,-2.2836140435573604,0.1443206051099089,outer_test_branch_input,0
MSMA26BT,M2079,nonIBD,0,0,-0.30675555595810383,0.7168159252424505,outer_test_branch_input,0
MSMA26BV,M2079,nonIBD,0,0,-0.3011006272276892,0.71838606618673,outer_test_branch_input,0
MSMA26BX,M2079,nonIBD,0,0,-0.40795607326555255,0.6878447904555779,outer_test_branch_input,0
MSMB4LZ4,M2071,UC,1,0,1.1299364379450731,0.9477076822204326,outer_test_branch_input,0
MSMB4LZ8,M2079,nonIBD,0,0,-1.0620103192777628,0.47350341851078054,outer_test_branch_input,0
PSM6XBQM_P,P6005,CD,1,0,-0.051947636685687325,0.7820828013760832,outer_test_branch_input,0
PSM6XBQS,P6005,CD,1,0,-0.2890303116189158,0.7217197258095908,outer_test_branch_input,0
PSM6XBQU,P6005,CD,1,0,-0.0712015434812209,0.7775533271782202,outer_test_branch_input,0
PSM6XBQY,P6005,CD,1,0,1.36438146074033,0.9615216017680158,outer_test_branch_input,0
PSM6XBQY_TR,P6005,CD,1,0,-0.023773327656617486,0.788590190457617,outer_test_branch_input,0
PSM6XBR1,P6005,CD,1,0,-0.2589463708141367,0.7299221062259624,outer_test_branch_input,0
PSM6XBSE,P6012,UC,1,0,1.421734863787206,0.96432583365519,outer_test_branch_input,0
PSM6XBSE_P,P6012,UC,1,0,-0.2991535458455071,0.7189254638963067,outer_test_branch_input,0
PSM6XBSG_P,P6013,UC,1,0,-0.495136925091358,0.6616402677525873,outer_test_branch_input,0
PSM6XBSS,P6005,CD,1,0,1.3649536489678697,0.9615505968257584,outer_test_branch_input,0
PSM6XBSU,P6005,CD,1,0,0.2157697272209632,0.8381675861999485,outer_test_branch_input,0
PSM6XBSU_TR,P6005,CD,1,0,-0.2622652706078621,0.729024719963376,outer_test_branch_input,0
PSM6XBT1,P6005,CD,1,0,-0.22618705076556408,0.7386787052560666,outer_test_branch_input,0
PSM6XBT3,P6013,UC,1,0,4.145396453097289,0.9991147993118709,outer_test_branch_input,0
PSM6XBT5,P6013,UC,1,0,-0.3963274303902708,0.6912555351231009,outer_test_branch_input,0
PSM6XBT7,P6013,UC,1,0,-0.49114719543680113,0.6628629836935155,outer_test_branch_input,0
PSM6XBT9,P6013,UC,1,0,-0.43496858300231417,0.6798432773470714,outer_test_branch_input,0
PSM6XBTB,P6013,UC,1,0,-0.3556724984278871,0.7030154401436494,outer_test_branch_input,0
PSM6XBTD,P6013,UC,1,0,-1.007457754170726,0.4921654298757648,outer_test_branch_input,0
PSM6XBVI,P6012,UC,1,0,0.045127699892597926,0.8039003901805334,outer_test_branch_input,0
PSM6XBVK,P6012,UC,1,0,0.26021823738286515,0.8462591962226825,outer_test_branch_input,0
PSM6XBVM,P6012,UC,1,0,2.0361108426560093,0.9843079702855538,outer_test_branch_input,0
PSM6XBVO,P6012,UC,1,0,-0.3187926831372176,0.713456141216167,outer_test_branch_input,0
PSM6XBVQ,P6012,UC,1,0,-0.3829641023369644,0.6951494668699444,outer_test_branch_input,0
PSM6XBVS,P6012,UC,1,0,-0.32080895836639994,0.7128910347716126,outer_test_branch_input,0
PSM7J127,P6013,UC,1,0,-0.3729481072135529,0.698049861477344,outer_test_branch_input,0
PSM7J129,P6013,UC,1,0,-0.484905052930993,0.664771618730011,outer_test_branch_input,0
PSM7J12B,P6013,UC,1,0,-0.418846227453013,0.6846320760607006,outer_test_branch_input,0
PSM7J12D,P6013,UC,1,0,-0.48547472363790467,0.6645976548302746,outer_test_branch_input,0
PSM7J12F,P6013,UC,1,0,2.0836449532076493,0.9852828383373573,outer_test_branch_input,0
PSM7J136,P6005,CD,1,0,2.21298760407086,0.9876434139143306,outer_test_branch_input,0
PSM7J13E,P6005,CD,1,0,2.416815474602114,0.9906260821029347,outer_test_branch_input,0
PSM7J169,P6013,UC,1,0,-0.37924476936948126,0.6962283235363439,outer_test_branch_input,0
PSM7J16B,P6013,UC,1,0,-0.46929346776351916,0.6695214910989281,outer_test_branch_input,0
PSM7J16F,P6013,UC,1,0,-0.7013490697724183,0.5958185060683036,outer_test_branch_input,0
PSM7J16H,P6013,UC,1,0,-0.4529710138366995,0.6744509351509058,outer_test_branch_input,0
PSM7J18Q,P6012,UC,1,0,-0.15831953177663943,0.7562263591502776,outer_test_branch_input,0
PSM7J193,P6013,UC,1,0,2.185349568220459,0.9871726384242855,outer_test_branch_input,0
PSM7J1AM,P6013,UC,1,0,0.04416478347271485,0.8036923209682472,outer_test_branch_input,0
PSM7J1AO,P6013,UC,1,0,-0.3600113825105035,0.7017727406210319,outer_test_branch_input,0
PSM7J1AQ,P6013,UC,1,0,-0.3616810670529464,0.7012937304384423,outer_test_branch_input,0
PSM7J1AS,P6013,UC,1,0,-0.41947917029271375,0.6844448031630697,outer_test_branch_input,0
PSM7J1AU,P6013,UC,1,0,2.9145988411718124,0.9952386002591826,outer_test_branch_input,0
PSM7J1AW,P6013,UC,1,0,-0.6653752735817724,0.6076301154735894,outer_test_branch_input,0
PSM7J1B7,P6012,UC,1,0,-0.29818367960082126,0.7191939099250121,outer_test_branch_input,0
PSM7J1B9,P6012,UC,1,0,-0.6955254109346306,0.5977385814504744,outer_test_branch_input,0
PSM7J1BB,P6012,UC,1,0,0.10814893011317234,0.8171566105615999,outer_test_branch_input,0
PSM7J1BD,P6012,UC,1,0,-0.23499548583284993,0.7363423287336454,outer_test_branch_input,0
PSM7J1BF,P6012,UC,1,0,-0.06119421664073769,0.7799158930300176,outer_test_branch_input,0
PSM7J1BH,P6012,UC,1,0,-0.055068556582671103,0.7813531481067397,outer_test_branch_input,0
PSM7J1C8,P6005,CD,1,0,-0.14279240092711776,0.7601268449426428,outer_test_branch_input,0
PSM7J1CC,P6005,CD,1,0,1.2640850278050777,0.9561021532918439,outer_test_branch_input,0
PSM7J1CG,P6005,CD,1,0,-0.23628957791287364,0.7359979522896998,outer_test_branch_input,0
PSM7J1CI,P6005,CD,1,0,-0.14975141961306065,0.7583840066649828,outer_test_branch_input,0
CSM5FZ3T,C3002,CD,1,0,4.357333634246674,0.9993377434092932,outer_test_branch_input,0
CSM5FZ44,C3002,CD,1,0,4.707381383611459,0.9995899456746125,outer_test_branch_input,0
CSM5FZ4O,C3005,UC,1,0,-0.04625050141645807,0.783410224898196,outer_test_branch_input,0
CSM5MCUU,C3005,UC,1,0,1.5249751872772612,0.9688850189674038,outer_test_branch_input,0
CSM67U9T,C3015,UC,1,0,0.9775787116626893,0.936341334834494,outer_test_branch_input,0
CSM79HJI,C3030,CD,1,0,1.8193714697607857,0.9789961465615695,outer_test_branch_input,0
CSM79HK1,C3002,CD,1,0,4.809282578521292,0.9996433610969735,outer_test_branch_input,0
CSM7KOPQ,C3015,UC,1,0,0.8342600778827403,0.9235845527895568,outer_test_branch_input,0
HSM5MD3L,H4014,CD,1,0,-0.07791701400847251,0.7759577928213749,outer_test_branch_input,0
HSM5MD5Z,H4016,nonIBD,0,0,0.6041803061369899,0.8981499229403548,outer_test_branch_input,0
HSM5MD6U,H4016,nonIBD,0,0,0.6045794429606239,0.8981999383227627,outer_test_branch_input,0
HSM5MD8H,H4013,nonIBD,0,0,-0.034475481059922854,0.7861352116694403,outer_test_branch_input,0
HSM67VHM,H4016,nonIBD,0,0,0.7711082647600637,0.9172495727883531,outer_test_branch_input,0
HSM7J4JT,H4040,UC,1,0,2.55494719368287,0.9922298578408143,outer_test_branch_input,0
HSMA33JH,H4031,CD,1,0,-1.1577256070906627,0.4409692296743118,outer_test_branch_input,0
HSMA33NG,H4038,CD,1,0,0.464214005336952,0.8792196496796276,outer_test_branch_input,0
MSM5LLFG,M2028,CD,1,0,-0.23154456061898432,0.7372592584138334,outer_test_branch_input,0
MSM5LLGR,M2028,CD,1,0,-0.21552083392154117,0.7414898746525038,outer_test_branch_input,0
MSM5LLHM,M2025,CD,1,0,-1.5750131348098648,0.30810931141043846,outer_test_branch_input,0
MSM5LLIC,M2025,CD,1,0,-1.670043579835047,0.2810662651660651,outer_test_branch_input,0
MSM6J2JF,M2041,nonIBD,0,0,0.9971760876246079,0.9379232065913821,outer_test_branch_input,0
MSM6J2PE,M2025,CD,1,0,-1.6293677357653396,0.2924639910075583,outer_test_branch_input,0
MSM79HD6,M2071,UC,1,0,2.2042496157037914,0.9874964488832911,outer_test_branch_input,0
MSM9VZFJ,M2079,nonIBD,0,0,-2.0023706579952556,0.19868800029991648,outer_test_branch_input,0
PSM6XBQM,P6005,CD,1,0,1.8775586673049414,0.9805743977115932,outer_test_branch_input,0
CSM79HK5,C3002,CD,1,0,0.4539094314113538,0.8777122996151899,outer_test_branch_input,0
CSM79HO9,C3005,UC,1,0,0.8683248609686515,0.926814161990076,outer_test_branch_input,0
CSM7KOMD,C3030,CD,1,0,1.078262925589931,0.9440856842163762,outer_test_branch_input,0
ESM5MEAD,E5008,UC,1,0,0.6966622340052678,0.9091705105567284,outer_test_branch_input,0
ESM5MEAG,E5008,UC,1,0,0.2794428352911415,0.8496550423898257,outer_test_branch_input,0
ESM5MEBL,E5008,UC,1,0,0.268336727807319,0.8477008467985285,outer_test_branch_input,0
HSM7CZ2V,H4031,CD,1,0,-0.2622984130531373,0.729015749246422,outer_test_branch_input,0
HSMA33JJ,H4031,CD,1,0,-0.5274271656134136,0.6516659398069103,outer_test_branch_input,0
MSM6J2SM,M2041,nonIBD,0,0,0.5379149310436389,0.8895391157947464,outer_test_branch_input,0
MSM79HB4,M2041,nonIBD,0,0,0.06369935697503494,0.80788079324719,outer_test_branch_input,0
MSM79HBX,M2068,CD,1,0,-0.2191408746576544,0.7405379950661763,outer_test_branch_input,0
MSM79HDW,M2025,CD,1,0,-0.3009694754721961,0.7184224187688728,outer_test_branch_input,0
PSM7J13A,P6005,CD,1,0,0.35759047040312947,0.8628270306953503,outer_test_branch_input,0
CSM79HNQ,C3030,CD,1,0,0.13300846576128467,0.8221908723858219,outer_test_branch_input,0
CSM5FZ1F,C3002,CD,1,0,1.4795753413277857,0.9669540582715433,outer_test_branch_input,0
CSM5FZ1G,C3002,CD,1,0,1.7638911924260081,0.9773747990274279,outer_test_branch_input,0
CSM5FZ1H,C3002,CD,1,0,1.572893431263461,0.9708045255696077,outer_test_branch_input,0
CSM5FZ1I,C3002,CD,1,0,1.5276376454769247,0.968994805241632,outer_test_branch_input,0
CSM5FZ1Q,C3005,UC,1,0,0.2100016984895506,0.8370927311289034,outer_test_branch_input,0
CSM5FZ1R,C3005,UC,1,0,0.4393063576984727,0.8755484583528614,outer_test_branch_input,0
CSM5FZ1S,C3005,UC,1,0,0.9623351825096399,0.9350850054987362,outer_test_branch_input,0
CSM5FZ2L,C3015,UC,1,0,0.2327693036474337,0.8413021261725833,outer_test_branch_input,0
CSM5FZ2M,C3015,UC,1,0,1.6568641262412105,0.9738946625129913,outer_test_branch_input,0
CSM5FZ2N,C3015,UC,1,0,0.7445530988989271,0.9144456371371644,outer_test_branch_input,0
CSMDRVXO,C3030,CD,1,0,1.5779011201620456,0.9709983678400367,outer_test_branch_input,0
CSMDRVXP,C3030,CD,1,0,1.4525039831560569,0.9657480856720804,outer_test_branch_input,0
CSMDRVXQ,C3030,CD,1,0,-1.2655384188874081,0.4049339410982618,outer_test_branch_input,0
CSMDRVXR,C3030,CD,1,0,2.1346728708425067,0.986262999029818,outer_test_branch_input,0
HSM5FZAV,H4016,nonIBD,0,0,-0.5601886799462291,0.641408370561553,outer_test_branch_input,0
HSM5FZAW,H4016,nonIBD,0,0,-0.8376683617648999,0.5501545213483038,outer_test_branch_input,0
HSM5FZAX,H4016,nonIBD,0,0,-0.8479598680872831,0.5466623688366776,outer_test_branch_input,0
HSM5FZB2,H4014,CD,1,0,-0.46891422316451997,0.6696364532936814,outer_test_branch_input,0
HSM5FZB3,H4014,CD,1,0,2.311312300154673,0.989183974781794,outer_test_branch_input,0
HSM5FZB4,H4013,nonIBD,0,0,-1.0681655733919386,0.4714014257697534,outer_test_branch_input,0
HSM5FZB5,H4013,nonIBD,0,0,-0.6773002820922301,0.6037278703652331,outer_test_branch_input,0
HSM7H3WK,H4031,CD,1,0,-0.6200179895744843,0.6223435518306434,outer_test_branch_input,0
HSM7H3WL,H4031,CD,1,0,-2.103768876698081,0.17749023355100016,outer_test_branch_input,0
HSM7H3WM,H4031,CD,1,0,1.635015873350566,0.9731226997304365,outer_test_branch_input,0
HSM9JBU,H4038,CD,1,0,-1.4345406116739283,0.3505765715038642,outer_test_branch_input,0
HSM9JBV,H4038,CD,1,0,1.9318963934430733,0.9819429517419552,outer_test_branch_input,0
HSM9JBW,H4038,CD,1,0,1.7663031004873253,0.9774477608226553,outer_test_branch_input,0
HSM9JTC1,H4040,UC,1,0,-1.221123578347645,0.4196783930727408,outer_test_branch_input,0
HSM9JTC2,H4040,UC,1,0,-0.05288275132981674,0.7818643613639418,outer_test_branch_input,0
HSM9JTC3,H4040,UC,1,0,-1.2944499868119304,0.3954257439889693,outer_test_branch_input,0
HSM9UBMQ,H4044,UC,1,0,0.7495909263254107,0.9149841141342014,outer_test_branch_input,0
HSM9UBMR,H4044,UC,1,0,1.1686965372872167,0.9502778326793194,outer_test_branch_input,0
MSM5LWJ3,M2028,CD,1,0,0.81608849057841,0.9218087338428401,outer_test_branch_input,0
MSM5LWJ4,M2028,CD,1,0,-1.6971128218274458,0.27363302371277043,outer_test_branch_input,0
MSM5LWJS,M2041,nonIBD,0,0,-0.7359036273644537,0.584367198278969,outer_test_branch_input,0
MSM5LWJT,M2041,nonIBD,0,0,-1.151805089153916,0.44296989982463775,outer_test_branch_input,0
MSM5LWL3,M2025,CD,1,0,-0.3552827359036741,0.703126925514342,outer_test_branch_input,0
MSM5LWL4,M2025,CD,1,0,-0.48050131051541656,0.6661149045948744,outer_test_branch_input,0
MSM719MJ,M2025,CD,1,0,0.7343950999207673,0.9133504718046884,outer_test_branch_input,0
MSM719MS,M2068,CD,1,0,-0.7819157317722917,0.5689783751607311,outer_test_branch_input,0
MSM719MT,M2068,CD,1,0,2.2153009781581567,0.9876820363431708,outer_test_branch_input,0
MSM719N4,M2028,CD,1,0,1.1224979936883126,0.9472002909677874,outer_test_branch_input,0
MSM719N5,M2028,CD,1,0,-1.4270573117325709,0.3529145053787623,outer_test_branch_input,0
PSM6XBZC,P6005,CD,1,0,-1.327264141970741,0.38472948159856274,outer_test_branch_input,0
PSM6XBZD,P6005,CD,1,0,2.3833667926791016,0.9901907958445768,outer_test_branch_input,0
PSM6XBZO,P6012,UC,1,0,1.643802041570319,0.973435773841732,outer_test_branch_input,0
PSM6XBZP,P6012,UC,1,0,-0.9586685810083213,0.5088759022816306,outer_test_branch_input,0
PSM6XBZQ,P6013,UC,1,0,1.6487822020909808,0.973611651860354,outer_test_branch_input,0
PSM6XBZR,P6013,UC,1,0,-0.18994494161442174,0.7481499009264917,outer_test_branch_input,0
206461,M2025,CD,1,0,-0.1114132867671617,0.7678782114898038,outer_test_branch_input,0
206463,M2028,CD,1,0,-0.1756512568147122,0.7518220626149124,outer_test_branch_input,0
206473,M2028,CD,1,0,-0.4719382043816725,0.668719217089404,outer_test_branch_input,0
206507,H4013,nonIBD,0,0,-1.5491448716868776,0.315715967718531,outer_test_branch_input,0
206508,H4014,CD,1,0,-0.08794829397589246,0.7735593247855663,outer_test_branch_input,0
206512,H4016,nonIBD,0,0,0.4244291448132019,0.8733103019401021,outer_test_branch_input,0
219183,M2025,CD,1,0,-0.7978097105751518,0.5636299085878128,outer_test_branch_input,0
219194,M2025,CD,1,0,-1.110178255504632,0.45708517208340654,outer_test_branch_input,0
219195,M2028,CD,1,0,-0.8421099545069102,0.5486479691709361,outer_test_branch_input,0
219219,H4014,CD,1,0,-0.9334569529235934,0.5175055660814123,outer_test_branch_input,0
219708,P6005,CD,1,0,-0.2671991303483733,0.7276872127257235,outer_test_branch_input,0
219712,P6013,UC,1,0,-0.7171619059599766,0.5905903101847295,outer_test_branch_input,0
219714,P6012,UC,1,0,1.5293706880908764,0.9690660655560682,outer_test_branch_input,0
219716,P6005,CD,1,0,-0.36051074018556883,0.7016295278775315,outer_test_branch_input,0
220203,M2025,CD,1,0,-1.0808659904004785,0.4670675746048346,outer_test_branch_input,0
220206,M2028,CD,1,0,-1.2765168867745655,0.40131460856658396,outer_test_branch_input,0
220214,M2068,CD,1,0,-1.1576857302021113,0.4409826985959179,outer_test_branch_input,0
220218,M2028,CD,1,0,0.2169265705340846,0.8383824702894371,outer_test_branch_input,0
220933,H4014,CD,1,0,-0.9435199102412453,0.5140620899456446,outer_test_branch_input,0
220942,H4016,nonIBD,0,0,-0.027434334736202416,0.787752716206968,outer_test_branch_input,0
222376,H4014,CD,1,0,-1.2354526300836095,0.41490452165771996,outer_test_branch_input,0
222379,H4013,nonIBD,0,0,-0.931740760942669,0.5180926785255915,outer_test_branch_input,0
222380,H4014,CD,1,0,-0.6379831552600176,0.6165410894860736,outer_test_branch_input,0
222385,H4031,CD,1,0,2.2245810370649406,0.9878357747788021,outer_test_branch_input,0
222390,H4038,CD,1,0,-0.11183581498953868,0.7677750072639802,outer_test_branch_input,0
223289,M2025,CD,1,0,-0.19235116804150995,0.747528190059514,outer_test_branch_input,0
223305,M2041,nonIBD,0,0,0.03387881007163887,0.8014592926924176,outer_test_branch_input,0
224258,H4038,CD,1,0,-0.15807232904409688,0.7562887930252357,outer_test_branch_input,0
224260,H4044,UC,1,0,0.06698198743322577,0.8085779083958783,outer_test_branch_input,0
224264,H4040,UC,1,0,0.09394373403367647,0.8142306173584428,outer_test_branch_input,0
224266,H4031,CD,1,0,1.8678517021511514,0.9803194312943404,outer_test_branch_input,0
224279,H4044,UC,1,0,1.0176739812091247,0.9395384385632601,outer_test_branch_input,0
224281,H4038,CD,1,0,0.7834290927951033,0.918521918861275,outer_test_branch_input,0
224285,H4016,nonIBD,0,0,-0.2896704554840496,0.7215435366502073,outer_test_branch_input,0
224288,H4031,CD,1,0,2.0963276162643223,0.985532702399765,outer_test_branch_input,0
224292,H4013,nonIBD,0,0,-1.5819917520194609,0.3060747142691257,outer_test_branch_input,0
224294,H4040,UC,1,0,-0.3341725603950178,0.7091288196079611,outer_test_branch_input,0
224639,P6005,CD,1,0,0.19158958115387564,0.8336232087056626,outer_test_branch_input,0
224644,P6013,UC,1,0,0.1658893644128482,0.8286817823801176,outer_test_branch_input,0
225340,H4040,UC,1,0,0.2887113189986896,0.8512700568227904,outer_test_branch_input,0
225344,H4038,CD,1,0,0.9032435107473308,0.9299938392811748,outer_test_branch_input,0
226400,M2068,CD,1,0,-0.4023858788934175,0.6894811294357028,outer_test_branch_input,0
