sample_id,participant_id,diagnosis_label,disease_group_binary,global_outer_fold,HI_score,HI_probability,role,axis_outer_fold
206561,M2021,CD,1,1,-1.3319296924224795,0.47702269749858717,train_inner_branch_input,3
206562,M2021,CD,1,1,-0.16343274770037897,0.7709335140723567,train_inner_branch_input,3
206563,M2021,CD,1,1,0.5154441147866174,0.8778365206754807,train_inner_branch_input,3
206564,M2021,CD,1,1,0.35700654138049687,0.8575486824881241,train_inner_branch_input,3
206604,M2027,CD,1,4,1.37154123240953,0.9492431866256238,train_inner_branch_input,3
206605,M2027,CD,1,4,0.7022451068769557,0.898513262217536,train_inner_branch_input,3
206655,C3021,CD,1,2,-0.6152884208548982,0.6701206191984885,train_inner_branch_input,3
206656,C3021,CD,1,2,-0.8183409993595459,0.6181869011654045,train_inner_branch_input,3
206727,H4017,CD,1,2,0.06249701286844625,0.8124519340345508,train_inner_branch_input,3
206728,H4017,CD,1,2,0.35764318138143136,0.857635554373649,train_inner_branch_input,3
206733,H4020,CD,1,1,0.12414242762123204,0.8227218387917477,train_inner_branch_input,3
206734,H4020,CD,1,1,0.2218361938496599,0.8380854797564996,train_inner_branch_input,3
206761,H4035,UC,1,4,-0.2304289961037663,0.757447272713995,train_inner_branch_input,3
206762,H4035,UC,1,4,-0.06081373815285627,0.7905503969852054,train_inner_branch_input,3
215003,M2039,nonIBD,0,4,-0.6880291455832465,0.6519126896687404,train_inner_branch_input,3
215004,M2039,nonIBD,0,4,-0.26360678907196183,0.7505719836218473,train_inner_branch_input,3
215009,M2042,nonIBD,0,4,-1.0216712719282415,0.5633276594086972,train_inner_branch_input,3
215010,M2042,nonIBD,0,4,-0.3057348815602847,0.7416563655783841,train_inner_branch_input,3
215048,M2047,nonIBD,0,1,-0.19188993137784718,0.7652703203466694,train_inner_branch_input,3
215049,M2047,nonIBD,0,1,-0.35091102949699393,0.731867849549736,train_inner_branch_input,3
215055,M2060,nonIBD,0,4,-0.2287965772247501,0.7577822047640193,train_inner_branch_input,3
215056,M2060,nonIBD,0,4,-1.2418435370947036,0.50216984636624,train_inner_branch_input,3
219655,P6017,nonIBD,0,4,-0.3267664536075491,0.7371284755427525,train_inner_branch_input,3
219656,P6017,nonIBD,0,4,-0.4862818552008246,0.7011688286976238,train_inner_branch_input,3
219669,P6025,UC,1,1,-1.0856650573731415,0.5456668658538911,train_inner_branch_input,3
219670,P6025,UC,1,1,-1.6051877986395517,0.40196463306262703,train_inner_branch_input,3
224323,H4045,nonIBD,0,2,-0.1347651657122011,0.7765407738254247,train_inner_branch_input,3
224324,H4045,nonIBD,0,2,-0.11751983096310535,0.7798664761438872,train_inner_branch_input,3
224844,M2084,nonIBD,0,2,-0.5259277358746465,0.6918054449408217,train_inner_branch_input,3
224845,M2084,nonIBD,0,2,-0.6192106026306964,0.6691511598641586,train_inner_branch_input,3
206547,M2014,CD,1,2,0.2171438645145274,0.8373727865784868,train_inner_branch_input,3
206548,M2014,CD,1,2,-0.35363544495658916,0.7312700828384563,train_inner_branch_input,3
206635,C3011,UC,1,1,-1.231414110228388,0.5050828894473053,train_inner_branch_input,3
206636,C3011,UC,1,1,-0.5605370764746566,0.6835002196594472,train_inner_branch_input,3
206695,H4001,CD,1,4,0.5680593011758501,0.8840020933328862,train_inner_branch_input,3
206729,H4018,nonIBD,0,2,0.17290837838192163,0.8305294771323263,train_inner_branch_input,3
206730,H4018,nonIBD,0,2,0.48341165702050937,0.8739462325971384,train_inner_branch_input,3
206742,H4024,nonIBD,0,1,-1.6592703140894491,0.38752867399157437,train_inner_branch_input,3
206743,H4024,nonIBD,0,1,-2.5683126526416244,0.186428352732482,train_inner_branch_input,3
206750,H4028,CD,1,4,1.438895584144404,0.9527488483024219,train_inner_branch_input,3
206751,H4028,CD,1,4,0.59485313137626,0.887036771433872,train_inner_branch_input,3
219637,P6009,CD,1,1,0.10054660625228506,0.8188439141454457,train_inner_branch_input,3
219638,P6009,CD,1,1,-0.28554361394801253,0.7459552431275619,train_inner_branch_input,3
219657,P6018,nonIBD,0,1,0.37637851407834927,0.860172325745791,train_inner_branch_input,3
219658,P6018,nonIBD,0,1,-0.18357031166681376,0.7669359720182176,train_inner_branch_input,3
206629,C3006,UC,1,1,0.6137641206661649,0.8891367281256334,train_inner_branch_input,3
206630,C3006,UC,1,1,-0.28222998836754637,0.746656215957285,train_inner_branch_input,3
206645,C3016,CD,1,2,-0.40765957735058805,0.7192440104332913,train_inner_branch_input,3
206646,C3016,CD,1,2,-1.5764929204243148,0.4096953449956415,train_inner_branch_input,3
206647,C3017,CD,1,2,-0.08719856111862417,0.7856273043149852,train_inner_branch_input,3
206648,C3017,CD,1,2,0.3162792195600412,0.8518989274702061,train_inner_branch_input,3
206659,C3023,CD,1,1,0.8607457307278766,0.9135606207285201,train_inner_branch_input,3
206660,C3023,CD,1,1,1.5188495145282022,0.9566116683344167,train_inner_branch_input,3
206673,C3031,CD,1,1,-0.3636069129202302,0.7290750581891455,train_inner_branch_input,3
206700,H4004,CD,1,4,0.1814235550255994,0.8318643705100581,train_inner_branch_input,3
206723,H4015,CD,1,4,-0.3968562280586821,0.7216749892296177,train_inner_branch_input,3
206724,H4015,CD,1,4,0.6594535348946536,0.8940696838296762,train_inner_branch_input,3
206731,H4019,UC,1,2,-1.1231308578284311,0.5352706564918017,train_inner_branch_input,3
206732,H4019,UC,1,2,-0.9815445239529667,0.5743232209735201,train_inner_branch_input,3
206754,H4019,UC,1,2,0.12916159974492605,0.8235382791614164,train_inner_branch_input,3
206757,H4004,CD,1,4,-0.15027416687695713,0.7735194858670024,train_inner_branch_input,3
206758,H4004,CD,1,4,0.20759253338618894,0.8359142786605374,train_inner_branch_input,3
215074,M2072,nonIBD,0,1,-0.7536930165803929,0.6350841972826116,train_inner_branch_input,3
215077,M2072,nonIBD,0,1,-1.552896444017977,0.416086287658625,train_inner_branch_input,3
219651,P6014,nonIBD,0,1,0.18424159880816998,0.832304293464887,train_inner_branch_input,3
219652,P6014,nonIBD,0,1,0.08962810827988044,0.8170272500777799,train_inner_branch_input,3
219653,P6016,CD,1,4,0.30207162829718,0.8498849208046972,train_inner_branch_input,3
219654,P6016,CD,1,4,0.6775658899763083,0.8959710804737965,train_inner_branch_input,3
219659,P6016,CD,1,4,0.43995220216992037,0.8684991147650035,train_inner_branch_input,3
219668,P6024,CD,1,1,-0.8233746861686477,0.6168585436750216,train_inner_branch_input,3
219693,P6016,CD,1,4,0.16912691814558473,0.8299339719344998,train_inner_branch_input,3
206614,C3001,CD,1,1,-0.2575303398878431,0.7518408565381568,train_inner_branch_input,3
206615,C3001,CD,1,1,0.2531721640342354,0.8427804560944305,train_inner_branch_input,3
206620,C3003,UC,1,4,-0.2480819541948819,0.7538052443817848,train_inner_branch_input,3
206621,C3003,UC,1,4,-0.35095059462903716,0.7318591745561677,train_inner_branch_input,3
206622,C3003,UC,1,4,0.23928007344335867,0.8407128528703388,train_inner_branch_input,3
206677,C3034,UC,1,2,0.889808171354967,0.9160906215867283,train_inner_branch_input,3
206678,C3034,UC,1,2,-0.19554575494533485,0.7645357914935293,train_inner_branch_input,3
206703,H4008,nonIBD,0,1,-0.844040665331661,0.6113868052011593,train_inner_branch_input,3
206704,H4008,nonIBD,0,1,-0.9841898849938964,0.5736004729433658,train_inner_branch_input,3
206712,H4010,UC,1,1,0.09861258238518913,0.8185231501826534,train_inner_branch_input,3
206713,H4010,UC,1,1,0.16950054038634627,0.8299928840398841,train_inner_branch_input,3
206740,H4023,nonIBD,0,4,-0.6910807966154994,0.6511385708753897,train_inner_branch_input,3
206741,H4023,nonIBD,0,4,-1.1639804246549479,0.5239007811440981,train_inner_branch_input,3
206752,H4008,nonIBD,0,1,-1.136598015154449,0.5315257382250527,train_inner_branch_input,3
206753,H4008,nonIBD,0,1,-1.6173983218669963,0.3986894746102211,train_inner_branch_input,3
206768,H4039,CD,1,1,0.4152034100001528,0.8653087329164909,train_inner_branch_input,3
206769,H4039,CD,1,1,-0.12508655205224992,0.7784116506827206,train_inner_branch_input,3
215061,M2064,UC,1,4,-1.2407672165078198,0.5024704836376083,train_inner_branch_input,3
215062,M2064,UC,1,4,-1.4757067393718195,0.4371796298729218,train_inner_branch_input,3
219675,P6028,CD,1,2,0.04851336805080776,0.8100596232093807,train_inner_branch_input,3
219676,P6028,CD,1,2,0.18858330948565863,0.8329802754389335,train_inner_branch_input,3
219691,P6033,CD,1,2,-0.2609566483987453,0.7511259132813689,train_inner_branch_input,3
219692,P6033,CD,1,2,-0.30103641037546636,0.7426609258473965,train_inner_branch_input,3
224327,H4043,CD,1,2,-0.9493967532697123,0.5830801799639463,train_inner_branch_input,3
224328,H4043,CD,1,2,-0.7353177182473033,0.6398289206513089,train_inner_branch_input,3
206569,M2025,CD,1,0,-0.5026003064218894,0.6973345670932316,train_inner_branch_input,3
206570,M2025,CD,1,0,-0.716074416387572,0.6447686418910713,train_inner_branch_input,3
206608,M2028,CD,1,0,-0.9351964583212344,0.5869320136636887,train_inner_branch_input,3
206609,M2028,CD,1,0,-0.9550787964166463,0.5815360510937536,train_inner_branch_input,3
206616,C3002,CD,1,0,-0.19870713214398714,0.7638993256362684,train_inner_branch_input,3
206617,C3002,CD,1,0,-0.15999365041324107,0.7716113756895957,train_inner_branch_input,3
206618,C3002,CD,1,0,0.03696543822429856,0.8080664556962662,train_inner_branch_input,3
206619,C3002,CD,1,0,0.04543244506243899,0.8095294118780363,train_inner_branch_input,3
206627,C3005,UC,1,0,-0.3447658903168326,0.7332130631955311,train_inner_branch_input,3
206628,C3005,UC,1,0,-0.07093954458689467,0.788670930630381,train_inner_branch_input,3
206643,C3015,UC,1,0,0.689420737649771,0.8971991881073047,train_inner_branch_input,3
206644,C3015,UC,1,0,-0.01465911822588676,0.7989612706627987,train_inner_branch_input,3
206671,C3030,CD,1,0,-0.1600054906549104,0.7716090443488853,train_inner_branch_input,3
206672,C3030,CD,1,0,0.3066188405346993,0.8505319560483291,train_inner_branch_input,3
206718,H4013,nonIBD,0,0,-0.6086955908405468,0.6717469343494653,train_inner_branch_input,3
206719,H4013,nonIBD,0,0,-0.6931338642719544,0.6506173154687841,train_inner_branch_input,3
206720,H4014,CD,1,0,0.10650091627076586,0.8198286827220411,train_inner_branch_input,3
206721,H4014,CD,1,0,0.2625719111149139,0.8441670301026715,train_inner_branch_input,3
206725,H4016,nonIBD,0,0,-0.18877273349681195,0.7658953725377725,train_inner_branch_input,3
206726,H4016,nonIBD,0,0,-0.26222966485099874,0.7508599314023566,train_inner_branch_input,3
206755,H4031,CD,1,0,-0.9914621143068797,0.5716119907082599,train_inner_branch_input,3
206756,H4031,CD,1,0,-0.998318463551193,0.5697351030065702,train_inner_branch_input,3
206766,H4038,CD,1,0,-0.5437712927264869,0.687538565590463,train_inner_branch_input,3
206767,H4038,CD,1,0,0.03586189241927289,0.8078751518082712,train_inner_branch_input,3
206770,H4040,UC,1,0,0.7918366064938575,0.9072839685426877,train_inner_branch_input,3
215007,M2041,nonIBD,0,0,-0.6676265616850012,0.6570675064393096,train_inner_branch_input,3
215008,M2041,nonIBD,0,0,-0.027148131344001233,0.7967105967788781,train_inner_branch_input,3
215067,M2025,CD,1,0,-1.0867978268275345,0.5453530758550561,train_inner_branch_input,3
215075,M2068,CD,1,0,0.008944325626142852,0.8031638481181731,train_inner_branch_input,3
215076,M2068,CD,1,0,-0.30111487193315284,0.7426441712883207,train_inner_branch_input,3
215084,M2028,CD,1,0,-0.7111750081470777,0.6460214491027452,train_inner_branch_input,3
215085,M2028,CD,1,0,0.23605038003823542,0.8402290214600407,train_inner_branch_input,3
219633,P6005,CD,1,0,0.335179151595,0.854543440475221,train_inner_branch_input,3
219634,P6005,CD,1,0,0.20031988522405006,0.834796694349332,train_inner_branch_input,3
219643,P6012,UC,1,0,0.6757057024045314,0.8957772005877509,train_inner_branch_input,3
219644,P6012,UC,1,0,-0.4363211504929962,0.7127322503032592,train_inner_branch_input,3
219645,P6013,UC,1,0,-0.4800957103100087,0.7026150473194956,train_inner_branch_input,3
219646,P6013,UC,1,0,-0.6668330516222016,0.6572672538208812,train_inner_branch_input,3
224325,H4044,UC,1,0,0.9281845300060482,0.9193283310616629,train_inner_branch_input,3
224326,H4044,UC,1,0,0.5125897122634813,0.8774940967830333,train_inner_branch_input,3
CSM5MCXF_P,C3012,CD,1,1,-0.1724093891158758,0.7691575221901809,train_inner_branch_input,3
CSM5MCZB,C3012,CD,1,1,-0.15825953179966923,0.7719526422963229,train_inner_branch_input,3
CSM5MCZD,C3012,CD,1,1,-0.3559708875932264,0.730756990561911,train_inner_branch_input,3
CSM5MCZF,C3012,CD,1,1,0.11549738665507739,0.8213086559246207,train_inner_branch_input,3
CSM67U9B,C3012,CD,1,1,-0.21056730600471663,0.7615009899669173,train_inner_branch_input,3
CSM67U9D,C3012,CD,1,1,0.05835880742646088,0.8117463968118973,train_inner_branch_input,3
CSM67UGO,C3012,CD,1,1,-0.08313317176681638,0.7863913069931662,train_inner_branch_input,3
CSM6J2H9_P,M2039,nonIBD,0,4,-0.24929026026816892,0.7535546137147339,train_inner_branch_input,3
CSM79HHM,C3021,CD,1,2,-0.15274936455252966,0.77303463198194,train_inner_branch_input,3
CSM79HHO,C3021,CD,1,2,-0.36592370041122435,0.7285634525557586,train_inner_branch_input,3
CSM79HHU,C3021,CD,1,2,-0.09148502761463294,0.7848196050841437,train_inner_branch_input,3
CSM79HKX,C3028,CD,1,4,-0.26913067601105195,0.7494147430111938,train_inner_branch_input,3
CSM79HKZ,C3028,CD,1,4,0.6913435008426824,0.8973971634719355,train_inner_branch_input,3
CSM79HL4,C3028,CD,1,4,-0.26031462236196556,0.751259985053238,train_inner_branch_input,3
CSM79HL6,C3028,CD,1,4,-0.2708302713297112,0.7490579639016144,train_inner_branch_input,3
CSM79HN2,C3021,CD,1,2,-0.5010813022553046,0.6976926536206,train_inner_branch_input,3
CSM79HN6,C3021,CD,1,2,-0.8996351812161985,0.5965305009894026,train_inner_branch_input,3
CSM79HOJ,C3012,CD,1,1,1.0538354252999873,0.9291460921732639,train_inner_branch_input,3
CSM79HOL,C3012,CD,1,1,-0.8837090697383876,0.6008058036160064,train_inner_branch_input,3
CSM79HOT,C3012,CD,1,1,-0.0945043766848063,0.7842493443391927,train_inner_branch_input,3
CSM7KOKR,C3028,CD,1,4,-0.10072687920724141,0.7830706552669554,train_inner_branch_input,3
CSM7KOKT,C3028,CD,1,4,-0.3009734595755056,0.742674367747999,train_inner_branch_input,3
CSM7KOKZ,C3028,CD,1,4,-0.3126392733729958,0.7401755374161676,train_inner_branch_input,3
CSM7KOL2,C3028,CD,1,4,-0.03471824947350732,0.795337259512147,train_inner_branch_input,3
CSM7KOLK,C3021,CD,1,2,-1.9182666530285053,0.3214558408568754,train_inner_branch_input,3
CSM7KOLM,C3021,CD,1,2,-0.18924965903514324,0.7657998156315102,train_inner_branch_input,3
CSM7KOMX,C3012,CD,1,1,-0.6791453740074941,0.6541616801399772,train_inner_branch_input,3
CSM7KOMZ,C3012,CD,1,1,-0.012025696636977546,0.7994334578638466,train_inner_branch_input,3
CSM7KON2,C3012,CD,1,1,0.679422749708393,0.8961642955103009,train_inner_branch_input,3
CSM7KON8,C3012,CD,1,1,0.9433469392723899,0.9205758463224799,train_inner_branch_input,3
CSM7KORC,C3028,CD,1,4,-0.43648673659216364,0.71269436901151,train_inner_branch_input,3
CSM7KORG,C3028,CD,1,4,0.2774929262029792,0.8463475592708181,train_inner_branch_input,3
CSM7KORI,C3028,CD,1,4,-0.1218585995147361,0.7790331169857505,train_inner_branch_input,3
CSM7KORK,C3028,CD,1,4,-0.041297702688963635,0.7941380573420547,train_inner_branch_input,3
CSM7KOSV,C3021,CD,1,2,-1.0660155718214424,0.5511040129380369,train_inner_branch_input,3
CSM7KOSX,C3021,CD,1,2,0.0007906265140236878,0.8017196314947281,train_inner_branch_input,3
ESM718U9_P,E5023,CD,1,1,-0.13515639084499315,0.7764649139150541,train_inner_branch_input,3
HSM5MD8J_P,H4011,CD,1,4,-0.14138721631432127,0.775254264006667,train_inner_branch_input,3
HSM67VCX_P,H4020,CD,1,1,-0.2515859432824298,0.7530779630778761,train_inner_branch_input,3
HSM67VCZ,H4020,CD,1,1,1.3399023035250193,0.9475126910037844,train_inner_branch_input,3
HSM67VD2,H4020,CD,1,1,-0.045903170928392995,0.7932955508419098,train_inner_branch_input,3
HSM67VD4,H4020,CD,1,1,-0.5054488945202382,0.6966624008687188,train_inner_branch_input,3
HSM67VD6,H4020,CD,1,1,0.7514321128162881,0.9034160030683994,train_inner_branch_input,3
HSM67VF9,H4017,CD,1,2,-0.5083726459821817,0.6959716231667039,train_inner_branch_input,3
HSM67VFD,H4017,CD,1,2,-0.4142546423291291,0.7177536369620927,train_inner_branch_input,3
HSM67VFF,H4017,CD,1,2,-0.19908214017746023,0.7638237481447828,train_inner_branch_input,3
HSM67VFH,H4017,CD,1,2,-0.11928193881910523,0.7795282955534254,train_inner_branch_input,3
HSM67VFJ,H4017,CD,1,2,-1.1116142936598856,0.5384700226450438,train_inner_branch_input,3
HSM67VHB,H4020,CD,1,1,-0.2787893761021589,0.7473826983038838,train_inner_branch_input,3
HSM67VHD,H4020,CD,1,1,-0.28153388481768726,0.7468033089513343,train_inner_branch_input,3
HSM67VHF,H4020,CD,1,1,0.744644137582559,0.9027522104079436,train_inner_branch_input,3
HSM67VHH,H4020,CD,1,1,-0.3077217072050841,0.7412308027942583,train_inner_branch_input,3
HSM67VHJ,H4020,CD,1,1,-0.09058036345986561,0.7849902547365032,train_inner_branch_input,3
HSM67VHK,H4017,CD,1,2,-0.1688188281365923,0.7698690544252415,train_inner_branch_input,3
HSM6XRQB,H4017,CD,1,2,0.6081680705418577,0.8885189039402019,train_inner_branch_input,3
HSM6XRQB_P,H4017,CD,1,2,-0.9375117205666514,0.5863047104846302,train_inner_branch_input,3
HSM6XRQI,H4017,CD,1,2,-0.022947684903173178,0.7974696569083504,train_inner_branch_input,3
HSM6XRQK,H4017,CD,1,2,-0.14861776224302073,0.7738435411886504,train_inner_branch_input,3
HSM6XRQM,H4017,CD,1,2,0.8122254948911644,0.9091825650177585,train_inner_branch_input,3
HSM6XRQO,H4017,CD,1,2,-0.17894380197021653,0.7678586678314835,train_inner_branch_input,3
HSM6XRR3,H4020,CD,1,1,-0.16698490885000256,0.7702318837614411,train_inner_branch_input,3
HSM6XRUV,H4020,CD,1,1,-0.3260578125289746,0.7372818673033305,train_inner_branch_input,3
HSM7CYY3,H4017,CD,1,2,2.6431338945571854,0.9872497482947615,train_inner_branch_input,3
HSM7CYY5,H4017,CD,1,2,-0.13290395960082096,0.7769014170007169,train_inner_branch_input,3
HSM7CYY7,H4017,CD,1,2,-0.41189884075091104,0.7182865592647536,train_inner_branch_input,3
HSM7CYY9,H4017,CD,1,2,-0.37669106587780576,0.726177805104893,train_inner_branch_input,3
HSM7CYYB,H4017,CD,1,2,0.7193564635259645,0.9002433943934969,train_inner_branch_input,3
HSM7CYYD,H4017,CD,1,2,-0.21666312688766595,0.7602618159794621,train_inner_branch_input,3
HSM7CZ2X_P,H4035,UC,1,4,-0.26297346542447203,0.7507044350976099,train_inner_branch_input,3
HSM7J4HM,H4035,UC,1,4,-0.35874810757209213,0.7301460359334137,train_inner_branch_input,3
HSM7J4HO,H4035,UC,1,4,1.1897261259120797,0.9385133382097595,train_inner_branch_input,3
HSM7J4HQ,H4035,UC,1,4,-0.060877564343490814,0.7905385886803692,train_inner_branch_input,3
HSM7J4HS,H4035,UC,1,4,1.2024760994799308,0.9393302766586945,train_inner_branch_input,3
HSM7J4HU,H4035,UC,1,4,-0.1417768474763494,0.7751784041749529,train_inner_branch_input,3
HSM7J4IO,H4020,CD,1,1,-0.2226137644602935,0.759047910231051,train_inner_branch_input,3
HSM7J4IP,H4020,CD,1,1,-0.5029692230134862,0.6972475633264764,train_inner_branch_input,3
HSM7J4IQ,H4020,CD,1,1,-0.43401025962175915,0.7132606037326923,train_inner_branch_input,3
HSM7J4IR,H4020,CD,1,1,-0.5470451738017895,0.6867522000771616,train_inner_branch_input,3
HSM7J4IS,H4020,CD,1,1,1.4923531807874657,0.955366169003419,train_inner_branch_input,3
HSM7J4JZ,H4035,UC,1,4,1.5487450828965674,0.9579771075846429,train_inner_branch_input,3
HSM7J4K2,H4035,UC,1,4,0.03699177944096973,0.8080710202716617,train_inner_branch_input,3
HSM7J4K4,H4035,UC,1,4,-0.3323724223327384,0.735912983740682,train_inner_branch_input,3
HSM7J4K6,H4035,UC,1,4,-0.19089538152008934,0.7654698704341008,train_inner_branch_input,3
HSM7J4K8,H4035,UC,1,4,0.5025354905462711,0.8762813748989523,train_inner_branch_input,3
HSM7J4KA,H4035,UC,1,4,0.17829718689307883,0.8313752383459351,train_inner_branch_input,3
HSM7J4PO,H4020,CD,1,1,-0.581327963252338,0.6784537088661119,train_inner_branch_input,3
HSM7J4PQ,H4020,CD,1,1,-0.6436954551830623,0.66306688241245,train_inner_branch_input,3
HSM7J4PS,H4020,CD,1,1,-0.3111990754462236,0.7404848799022294,train_inner_branch_input,3
HSM7J4PU,H4020,CD,1,1,-0.16415043509276173,0.7707918764376704,train_inner_branch_input,3
HSM7J4PW,H4020,CD,1,1,0.6057079572567894,0.8882463469635097,train_inner_branch_input,3
HSM7J4PY,H4020,CD,1,1,-0.4341204580821322,0.7132354215678031,train_inner_branch_input,3
HSMA33J1_P,H4045,nonIBD,0,2,-0.5539868853973122,0.6850812921722134,train_inner_branch_input,3
HSMA33J3,H4045,nonIBD,0,2,-0.05416418109115046,0.7917779319508902,train_inner_branch_input,3
HSMA33J5,H4045,nonIBD,0,2,-0.9594509862131751,0.5803467922712515,train_inner_branch_input,3
HSMA33J7,H4045,nonIBD,0,2,-0.9664588083386645,0.5784386848646835,train_inner_branch_input,3
HSMA33J9,H4045,nonIBD,0,2,-1.4642859310165954,0.44032187079293683,train_inner_branch_input,3
HSMA33MA,H4035,UC,1,4,-0.825466267625652,0.6163060739770296,train_inner_branch_input,3
HSMA33MC,H4035,UC,1,4,-0.2857736950970979,0.7459065237161899,train_inner_branch_input,3
HSMA33ME,H4035,UC,1,4,-0.4460284043998776,0.7105064862112337,train_inner_branch_input,3
HSMA33MG,H4035,UC,1,4,-0.03678071907859769,0.7949619032384023,train_inner_branch_input,3
HSMA33MI,H4035,UC,1,4,0.8850743455781849,0.9156831591731983,train_inner_branch_input,3
HSMA33MK,H4035,UC,1,4,-0.811784470497064,0.619914477883776,train_inner_branch_input,3
HSMA33MS,H4045,nonIBD,0,2,-0.3631771585118662,0.7291698922449792,train_inner_branch_input,3
HSMA33NY,H4045,nonIBD,0,2,-1.1889270911833074,0.5169442801881862,train_inner_branch_input,3
HSMA33OP,H4035,UC,1,4,-0.2249806627282614,0.7585639079866578,train_inner_branch_input,3
HSMA33OR,H4035,UC,1,4,0.5303003171970018,0.8796054408154731,train_inner_branch_input,3
HSMA33OT,H4035,UC,1,4,-0.7803307478142006,0.6281593671711743,train_inner_branch_input,3
HSMA33OV,H4035,UC,1,4,-0.19458991231891584,0.7647279930627695,train_inner_branch_input,3
HSMA33OX,H4035,UC,1,4,-0.39984738946748766,0.7210032113065694,train_inner_branch_input,3
HSMA33OZ,H4035,UC,1,4,0.17154119820832145,0.8303143650774926,train_inner_branch_input,3
HSMA33QM,H4045,nonIBD,0,2,-0.502965318539807,0.6972484842155248,train_inner_branch_input,3
HSMA33QO,H4045,nonIBD,0,2,-1.8791741244468825,0.3310563499230663,train_inner_branch_input,3
HSMA33SE,H4045,nonIBD,0,2,-0.5280929571254808,0.6912894052538038,train_inner_branch_input,3
HSMA33SG,H4045,nonIBD,0,2,-0.10624786717987997,0.7820209576466033,train_inner_branch_input,3
HSMA33SI,H4045,nonIBD,0,2,-0.25597670167741726,0.7521645893364618,train_inner_branch_input,3
HSMA33SK,H4045,nonIBD,0,2,0.1861409904856016,0.8326002874008187,train_inner_branch_input,3
MSM5LLEP,M2021,CD,1,1,-0.5647014128834471,0.6824928274697899,train_inner_branch_input,3
MSM5LLER,M2021,CD,1,1,0.1700335297001315,0.8300768967802818,train_inner_branch_input,3
MSM5LLH2_P,M2027,CD,1,4,-0.5495446709965419,0.6861511127777085,train_inner_branch_input,3
MSM5LLH4_P,M2027,CD,1,4,-0.3424331284279038,0.7337225952917462,train_inner_branch_input,3
MSM5LLH8_P,M2027,CD,1,4,0.6525021194825057,0.8933318399293161,train_inner_branch_input,3
MSM5LLHA_P,M2027,CD,1,4,0.24612473829509243,0.8417343070563151,train_inner_branch_input,3
MSM5LLHC,M2027,CD,1,4,-0.15988124809131263,0.7716335068450303,train_inner_branch_input,3
MSM5LLHR_P,M2021,CD,1,1,-0.49057416179636665,0.7001629904983991,train_inner_branch_input,3
MSM5LLIE_P,M2021,CD,1,1,-0.9687410175357154,0.5778167703406382,train_inner_branch_input,3
MSM5LLIG_P,M2021,CD,1,1,0.1777971277106953,0.8312968970459029,train_inner_branch_input,3
MSM5LLIK_P,M2021,CD,1,1,-0.36666430618701445,0.728399780155753,train_inner_branch_input,3
MSM5LLIM_P,M2021,CD,1,1,-0.1456065420042671,0.7744318086866927,train_inner_branch_input,3
MSM5LLIS_P,M2027,CD,1,4,-0.27510421416280634,0.7481592859651787,train_inner_branch_input,3
MSM6J2HN,M2039,nonIBD,0,4,-0.2214199515578734,0.7592917792234275,train_inner_branch_input,3
MSM6J2HP,M2039,nonIBD,0,4,-0.12619879634680142,0.778197224805167,train_inner_branch_input,3
MSM6J2HR,M2039,nonIBD,0,4,-0.08714686655085373,0.7856370316598127,train_inner_branch_input,3
MSM6J2HT,M2039,nonIBD,0,4,0.22509869338922422,0.8385795170485463,train_inner_branch_input,3
MSM6J2JH_P,M2042,nonIBD,0,4,-0.30750930111618546,0.7412763203219327,train_inner_branch_input,3
MSM6J2JZ,M2042,nonIBD,0,4,-0.006475595236814468,0.8004259000197317,train_inner_branch_input,3
MSM6J2K2,M2042,nonIBD,0,4,-0.42698080111254955,0.7148642144918147,train_inner_branch_input,3
MSM6J2K4,M2042,nonIBD,0,4,-0.31842544713614457,0.7389303058821536,train_inner_branch_input,3
MSM6J2K6,M2042,nonIBD,0,4,-1.1433841476826607,0.5296372919076101,train_inner_branch_input,3
MSM6J2K8,M2042,nonIBD,0,4,-0.5136432957877094,0.6947241230954005,train_inner_branch_input,3
MSM6J2KA,M2042,nonIBD,0,4,-0.4154639319402265,0.7174798376597767,train_inner_branch_input,3
MSM6J2KC,M2027,CD,1,4,-0.12653978362655047,0.7781314572967031,train_inner_branch_input,3
MSM6J2KE,M2027,CD,1,4,-0.4343553561863261,0.713181739065197,train_inner_branch_input,3
MSM6J2KM,M2027,CD,1,4,-0.14229990625401068,0.7750765378703538,train_inner_branch_input,3
MSM6J2LT,M2021,CD,1,1,-0.5403696341942892,0.6883544803054054,train_inner_branch_input,3
MSM6J2PO,M2047,nonIBD,0,1,-1.7188210881552006,0.37185933596356463,train_inner_branch_input,3
MSM6J2PQ_P,M2047,nonIBD,0,1,-0.45272810290734394,0.7089643755898548,train_inner_branch_input,3
MSM6J2PS,M2047,nonIBD,0,1,0.09059237368323624,0.8171882559510337,train_inner_branch_input,3
MSM6J2PU,M2047,nonIBD,0,1,-0.7882008023625617,0.6261031837449016,train_inner_branch_input,3
MSM6J2PW,M2047,nonIBD,0,1,-1.0577913327708544,0.5533761713346482,train_inner_branch_input,3
MSM6J2QF,M2039,nonIBD,0,4,-0.030225792239892732,0.7961530907914991,train_inner_branch_input,3
MSM6J2QH,M2039,nonIBD,0,4,0.03061605805726401,0.8069637790493063,train_inner_branch_input,3
MSM6J2QJ,M2039,nonIBD,0,4,-0.29497738714175475,0.7439526058804794,train_inner_branch_input,3
MSM6J2QL,M2039,nonIBD,0,4,-0.21906776462484248,0.7597717843619005,train_inner_branch_input,3
MSM6J2QP,M2039,nonIBD,0,4,-0.4240301413720897,0.7155357315102321,train_inner_branch_input,3
MSM6J2R2,M2027,CD,1,4,0.3298403807922844,0.8538004257583942,train_inner_branch_input,3
MSM6J2R8,M2027,CD,1,4,-0.20813351461571383,0.7619945067780817,train_inner_branch_input,3
MSM6J2RA,M2027,CD,1,4,-0.3737991758011335,0.7268198217420702,train_inner_branch_input,3
MSM6J2RC,M2027,CD,1,4,-0.5362221331463398,0.6893477115804548,train_inner_branch_input,3
MSM6J2RK,M2042,nonIBD,0,4,-0.26209671864664474,0.7508877178352906,train_inner_branch_input,3
MSM6J2RM,M2042,nonIBD,0,4,-0.024770036875986043,0.7971406007436543,train_inner_branch_input,3
MSM6J2RO,M2042,nonIBD,0,4,-0.451934326456658,0.7091473367046484,train_inner_branch_input,3
MSM6J2RQ,M2042,nonIBD,0,4,-0.5154441744586709,0.6942972194154702,train_inner_branch_input,3
MSM6J2RS,M2042,nonIBD,0,4,-0.3182923382834278,0.7389589953158853,train_inner_branch_input,3
MSM6J2RU,M2042,nonIBD,0,4,-0.49977666041203,0.6980000151255414,train_inner_branch_input,3
MSM79H52_P,M2060,nonIBD,0,4,-0.8205506007193517,0.6176040178872999,train_inner_branch_input,3
MSM79H54,M2060,nonIBD,0,4,-0.5313767987114737,0.6905058518667601,train_inner_branch_input,3
MSM79H58,M2060,nonIBD,0,4,-1.394828696300928,0.45952596092599146,train_inner_branch_input,3
MSM79H5A,M2060,nonIBD,0,4,-0.8605892317086655,0.6069848312334826,train_inner_branch_input,3
MSM79H5Q,M2039,nonIBD,0,4,-0.26562336133973274,0.7501499306357146,train_inner_branch_input,3
MSM79H5S,M2039,nonIBD,0,4,-0.6981976579594674,0.649330125594394,train_inner_branch_input,3
MSM79H5U,M2039,nonIBD,0,4,-0.24871665674512178,0.7536736137755303,train_inner_branch_input,3
MSM79H5Y,M2039,nonIBD,0,4,-0.037952732389069314,0.7947483767936063,train_inner_branch_input,3
MSM79H6D,M2042,nonIBD,0,4,-0.3984796525246956,0.7213105114593801,train_inner_branch_input,3
MSM79H6F,M2042,nonIBD,0,4,-1.0655731478391322,0.5512262991542289,train_inner_branch_input,3
MSM79H6H,M2042,nonIBD,0,4,-0.38827503154724996,0.723596694974795,train_inner_branch_input,3
MSM79H6J,M2042,nonIBD,0,4,-0.42985921995551307,0.714208220840592,train_inner_branch_input,3
MSM79H6L,M2042,nonIBD,0,4,-0.3512532987949551,0.731792798194291,train_inner_branch_input,3
MSM79H6N,M2042,nonIBD,0,4,-1.3720122104183556,0.46586362140727267,train_inner_branch_input,3
MSM79H7O,M2047,nonIBD,0,1,-0.17624113712608694,0.7683964978255804,train_inner_branch_input,3
MSM79H7Q,M2047,nonIBD,0,1,-1.5763957113085503,0.40972161251247985,train_inner_branch_input,3
MSM79H7W,M2047,nonIBD,0,1,-0.2312844069393851,0.757271637867151,train_inner_branch_input,3
MSM79H7Y,M2047,nonIBD,0,1,-1.8883347909574961,0.32879360836798815,train_inner_branch_input,3
MSM79H9A,M2060,nonIBD,0,4,-0.5685719436334322,0.6815549742210835,train_inner_branch_input,3
MSM79H9C,M2060,nonIBD,0,4,-1.292096392583935,0.48813518525613686,train_inner_branch_input,3
MSM79H9G,M2060,nonIBD,0,4,-0.49278190462707533,0.6996448856396568,train_inner_branch_input,3
MSM79H9K,M2060,nonIBD,0,4,-1.4760836521329308,0.4370760132099793,train_inner_branch_input,3
MSM79H9Y,M2042,nonIBD,0,4,-0.15095713647226278,0.773385775637484,train_inner_branch_input,3
MSM79HA1,M2042,nonIBD,0,4,-0.3424262646825082,0.7337240935860413,train_inner_branch_input,3
MSM79HA3,M2042,nonIBD,0,4,-0.8257721102800651,0.6162252635851029,train_inner_branch_input,3
MSM79HA7,M2042,nonIBD,0,4,-0.782551149416425,0.6275797161185027,train_inner_branch_input,3
MSM79HAH,M2039,nonIBD,0,4,-1.3347636250966417,0.47623283774657293,train_inner_branch_input,3
MSM79HC4,M2047,nonIBD,0,1,-1.0440657046279787,0.5571632231586543,train_inner_branch_input,3
MSM79HC8,M2047,nonIBD,0,1,-0.7091220222888857,0.6465458153653804,train_inner_branch_input,3
MSM9VZF7,M2060,nonIBD,0,4,-1.740526260394472,0.36621255893001914,train_inner_branch_input,3
MSM9VZFF,M2060,nonIBD,0,4,-0.21384009609826504,0.7608362363114435,train_inner_branch_input,3
MSM9VZFH,M2060,nonIBD,0,4,-0.9471938691252638,0.5836783904083827,train_inner_branch_input,3
MSM9VZL7,M2084,nonIBD,0,2,-0.4405930119934459,0.7117540194829807,train_inner_branch_input,3
MSM9VZL9,M2084,nonIBD,0,2,-0.34214808210595216,0.7337848138367143,train_inner_branch_input,3
MSM9VZLB,M2084,nonIBD,0,2,-0.6414988642400322,0.6636149659592523,train_inner_branch_input,3
MSM9VZLD,M2084,nonIBD,0,2,-0.3919768842393779,0.7227686943253692,train_inner_branch_input,3
MSM9VZLF,M2084,nonIBD,0,2,-0.33926732186262987,0.7344130922545141,train_inner_branch_input,3
MSM9VZLH,M2084,nonIBD,0,2,-0.44751140325595656,0.7101655527405271,train_inner_branch_input,3
MSM9VZMM,M2084,nonIBD,0,2,-0.6565778878128116,0.6598437179294699,train_inner_branch_input,3
MSM9VZMO,M2084,nonIBD,0,2,-0.3667537037722338,0.7283800192817724,train_inner_branch_input,3
MSM9VZMS,M2084,nonIBD,0,2,-0.43094039683773616,0.713961586129189,train_inner_branch_input,3
MSM9VZMU,M2084,nonIBD,0,2,-1.071553953898572,0.5495726832100827,train_inner_branch_input,3
MSM9VZMW,M2084,nonIBD,0,2,-0.4286839254356676,0.7144761806192066,train_inner_branch_input,3
MSM9VZN4_P,M2081,UC,1,2,0.2567510976665988,0.8433095706489959,train_inner_branch_input,3
MSM9VZNH,M2047,nonIBD,0,1,-0.02811946620092216,0.7965347660944981,train_inner_branch_input,3
MSM9VZNH_TR,M2047,nonIBD,0,1,0.1318204046345611,0.8239695735093588,train_inner_branch_input,3
MSM9VZNL,M2047,nonIBD,0,1,-1.5450131652432226,0.4182278355630137,train_inner_branch_input,3
MSM9VZPT,M2060,nonIBD,0,4,-0.5038468118023818,0.6970405395541044,train_inner_branch_input,3
MSMA26BB,M2084,nonIBD,0,2,-1.0330992586109962,0.5601842393324159,train_inner_branch_input,3
MSMA26BD,M2084,nonIBD,0,2,-0.5285910499725379,0.6911706265737021,train_inner_branch_input,3
MSMA26BF,M2084,nonIBD,0,2,-0.4658262388592234,0.705935559057677,train_inner_branch_input,3
MSMA26BH,M2084,nonIBD,0,2,-0.46980247657521895,0.7050124622607866,train_inner_branch_input,3
MSMA26BJ,M2084,nonIBD,0,2,-0.3677891791485733,0.7281510671137577,train_inner_branch_input,3
MSMA26BL,M2084,nonIBD,0,2,-0.5614901948309553,0.6832698027913413,train_inner_branch_input,3
MSMAPC6K,M2084,nonIBD,0,2,-0.5489467997654278,0.6862949477633062,train_inner_branch_input,3
MSMAPC6M,M2084,nonIBD,0,2,-1.0641534700505275,0.5516186569329737,train_inner_branch_input,3
MSMAPC6O,M2084,nonIBD,0,2,-0.5178388597958349,0.6937290349296318,train_inner_branch_input,3
MSMB4LZV,M2084,nonIBD,0,2,-0.42052996616586247,0.7163310716362822,train_inner_branch_input,3
MSMB4LZX,M2084,nonIBD,0,2,-0.11013598111983523,0.7812795204572679,train_inner_branch_input,3
MSMB4LZZ,M2084,nonIBD,0,2,-0.37190043944642087,0.7272408410879289,train_inner_branch_input,3
PSM6XBW1_P,P6017,nonIBD,0,4,-0.21854058528246603,0.7598792747501388,train_inner_branch_input,3
PSM7J12V,P6025,UC,1,1,0.694545529532923,0.8977261077454047,train_inner_branch_input,3
PSM7J12Z,P6025,UC,1,1,-0.15798947905243257,0.7720057550959188,train_inner_branch_input,3
PSM7J16U,P6017,nonIBD,0,4,-0.017061557402812844,0.7985297746529951,train_inner_branch_input,3
PSM7J16W,P6017,nonIBD,0,4,-1.3687988813365306,0.46675711090819566,train_inner_branch_input,3
PSM7J16Y,P6017,nonIBD,0,4,-1.2916828265074562,0.488250640377349,train_inner_branch_input,3
PSM7J171,P6017,nonIBD,0,4,0.22728423456826108,0.8389097902093015,train_inner_branch_input,3
PSM7J173,P6017,nonIBD,0,4,-0.26060389923898786,0.7511995824814566,train_inner_branch_input,3
PSM7J19N,P6017,nonIBD,0,4,-1.052084098513409,0.5549516383283524,train_inner_branch_input,3
PSM7J19P,P6017,nonIBD,0,4,0.11819367384461622,0.8217503545905842,train_inner_branch_input,3
PSM7J19R,P6017,nonIBD,0,4,-1.2370028070869603,0.5035219409234972,train_inner_branch_input,3
PSM7J19T,P6017,nonIBD,0,4,-0.3314450827539434,0.7361142989832679,train_inner_branch_input,3
PSM7J1BV,P6025,UC,1,1,-0.21746700015777695,0.7600980740095619,train_inner_branch_input,3
PSM7J1BX,P6025,UC,1,1,-0.19141613521774728,0.7653653992032838,train_inner_branch_input,3
PSM7J1C2_P,P6025,UC,1,1,0.48099092041844443,0.8736479706707891,train_inner_branch_input,3
PSM7J1C4,P6025,UC,1,1,-0.16638171321370554,0.770351134443755,train_inner_branch_input,3
PSMA264K,P6025,UC,1,1,-0.08709464230143578,0.7856468583487036,train_inner_branch_input,3
CSM5LLGB_P,M2014,CD,1,2,0.13476868341708492,0.8244468547572577,train_inner_branch_input,3
CSM5MCXB_P,C3011,UC,1,1,-0.5121919306128543,0.6950679302303602,train_inner_branch_input,3
CSM5MCYI_P,C3011,UC,1,1,-0.4466522776675829,0.7103630900568234,train_inner_branch_input,3
CSM5MCYM_P,C3011,UC,1,1,-0.533442314278487,0.6900124399951306,train_inner_branch_input,3
CSM5MCYO_P,C3011,UC,1,1,-0.5732159757568572,0.6804277522351617,train_inner_branch_input,3
CSM5MCYQ_P,C3011,UC,1,1,-0.753474451475785,0.635140790059443,train_inner_branch_input,3
CSM67UCU_P,C3019,CD,1,2,-0.31398896652829716,0.7398854174733,train_inner_branch_input,3
CSM67UEP_P,C3011,UC,1,1,-0.44399069252918955,0.7109745573988466,train_inner_branch_input,3
CSM67UET_P,C3011,UC,1,1,-0.9318821333591109,0.58782951410893,train_inner_branch_input,3
CSM67UEW,C3011,UC,1,1,0.010189188874237472,0.8033836432323798,train_inner_branch_input,3
CSM67UEW_P,C3011,UC,1,1,-0.5313932926320563,0.6905019135036113,train_inner_branch_input,3
CSM67UEW_TR,C3011,UC,1,1,0.2205906295750933,0.837896543588792,train_inner_branch_input,3
CSM67UF1,C3011,UC,1,1,-0.633517478532537,0.6656027334992983,train_inner_branch_input,3
CSM67UF1_P,C3011,UC,1,1,-0.6666785567671746,0.6573061377691514,train_inner_branch_input,3
CSM67UF5,C3011,UC,1,1,0.42003536306947764,0.8659367146816753,train_inner_branch_input,3
CSM79HM1,C3011,UC,1,1,-1.1611204048226034,0.5246977705563813,train_inner_branch_input,3
CSM79HM5_P,C3011,UC,1,1,-0.3779734893942988,0.7258927988993565,train_inner_branch_input,3
CSM79HM7,C3011,UC,1,1,-0.358344461668591,0.7302348873856626,train_inner_branch_input,3
CSM79HM9_P,C3011,UC,1,1,-0.4749953810558597,0.7038043786185324,train_inner_branch_input,3
CSM79HQT_P,C3011,UC,1,1,-0.42921752963995735,0.7143545409036791,train_inner_branch_input,3
CSM7KOMP,C3011,UC,1,1,0.38310955155248866,0.8610744249683848,train_inner_branch_input,3
CSM7KOMR_P,C3011,UC,1,1,-0.38287878609008985,0.7248009421406624,train_inner_branch_input,3
CSM7KOMT,C3011,UC,1,1,-0.7868440617216248,0.6264579823873262,train_inner_branch_input,3
CSM7KOMV_P,C3011,UC,1,1,-0.348091781152017,0.732485535872375,train_inner_branch_input,3
CSM7KOQ5_P,C3036,UC,1,2,-0.02540796885044974,0.7970253173013276,train_inner_branch_input,3
ESM5GEXY,E5001,CD,1,2,-0.32796277373207455,0.7368693905361297,train_inner_branch_input,3
ESM5GEYU_P,E5002,nonIBD,0,4,0.03163423872090789,0.8071409271680454,train_inner_branch_input,3
ESM5GEZ1_P,E5002,nonIBD,0,4,0.5605784552380179,0.8831422520048078,train_inner_branch_input,3
ESM5GEZ3_P,E5002,nonIBD,0,4,-0.6182675290721541,0.6693843942132227,train_inner_branch_input,3
ESM5ME9D_P,E5001,CD,1,2,-0.1713534066232973,0.7693669432346794,train_inner_branch_input,3
ESM5ME9G_P,E5001,CD,1,2,0.34910311191778814,0.8564665463035137,train_inner_branch_input,3
ESM5ME9H_P,E5002,nonIBD,0,4,-0.1573467929421466,0.7721321207441351,train_inner_branch_input,3
ESM5MEBA_P,E5001,CD,1,2,0.046480313055656246,0.8097098715875738,train_inner_branch_input,3
ESM5MEBE,E5001,CD,1,2,0.49470696624877086,0.8753299860465893,train_inner_branch_input,3
ESM5MEBG,E5001,CD,1,2,0.3510680601759777,0.8567362241472702,train_inner_branch_input,3
ESM5MEBI,E5001,CD,1,2,-0.18950496252588947,0.7657486518425014,train_inner_branch_input,3
ESM5MEBP_P,E5002,nonIBD,0,4,-1.0777676582869202,0.5478535135997246,train_inner_branch_input,3
ESM5MEC7_P,E5022,UC,1,4,-0.3332129734363636,0.7357304242700897,train_inner_branch_input,3
ESM5MECL,E5001,CD,1,2,-0.01768785702170332,0.7984171728407906,train_inner_branch_input,3
ESM5MECQ,E5001,CD,1,2,-0.314663809135714,0.7397402796077113,train_inner_branch_input,3
ESM5MEDD,E5009,CD,1,1,-2.7557754407982324,0.15671983512621568,train_inner_branch_input,3
ESM5MEDF,E5009,CD,1,1,-0.23421101123405835,0.7566700876744742,train_inner_branch_input,3
ESM5MEDK,E5009,CD,1,1,-0.45765341968418843,0.7078276022809777,train_inner_branch_input,3
ESM5MEDN,E5009,CD,1,1,-1.1434034774422397,0.529631911580274,train_inner_branch_input,3
ESM5MEDP_P,E5009,CD,1,1,-0.43293811483981554,0.7135055374557335,train_inner_branch_input,3
ESM5MEDZ_P,E5001,CD,1,2,-0.5076033562805549,0.6961534646341204,train_inner_branch_input,3
ESM5MEE2_P,E5001,CD,1,2,-0.1486545840183119,0.7738363410260604,train_inner_branch_input,3
ESM5MEE6_P,E5001,CD,1,2,0.03845891387910202,0.8083251240761983,train_inner_branch_input,3
ESM718UH,E5009,CD,1,1,-1.593762653013247,0.40503708374957537,train_inner_branch_input,3
ESM7F5AE_P,E5019,CD,1,4,-0.011338585252942306,0.7995565240201749,train_inner_branch_input,3
ESM7F5AK,E5009,CD,1,1,-0.23485795404525453,0.7565369751102199,train_inner_branch_input,3
ESM7F5AM,E5009,CD,1,1,-0.37424501640042723,0.7267209037813588,train_inner_branch_input,3
ESM7F5CB,E5009,CD,1,1,-0.6756525947154051,0.6550440245452602,train_inner_branch_input,3
ESM7F5CD,E5009,CD,1,1,-0.8295530080706706,0.6152257378381901,train_inner_branch_input,3
ESM7F5CF,E5009,CD,1,1,-0.33148456886934663,0.7361057289881136,train_inner_branch_input,3
HSM5FZBP_P,H4001,CD,1,4,-0.3535803634275204,0.7312821766768473,train_inner_branch_input,3
HSM5FZBQ_P,H4001,CD,1,4,-0.33858510845901646,0.7345617406539522,train_inner_branch_input,3
HSM5FZBR_P,H4001,CD,1,4,-0.22754139875451182,0.7580395223169295,train_inner_branch_input,3
HSM5FZBZ,H4001,CD,1,4,-0.2711123574793566,0.7489987156928996,train_inner_branch_input,3
HSM5FZC2_P,H4001,CD,1,4,-0.03313869993180083,0.7956243821784323,train_inner_branch_input,3
HSM5MD5H_P,H4001,CD,1,4,-0.2593427659428189,0.7514628420701532,train_inner_branch_input,3
HSM5MD5K_P,H4001,CD,1,4,0.11002512099138281,0.8204095718825041,train_inner_branch_input,3
HSM5MD79,H4001,CD,1,4,-0.40409356526282464,0.7200478675194045,train_inner_branch_input,3
HSM5MD7J,H4001,CD,1,4,-0.051439688491242655,0.7922793505150949,train_inner_branch_input,3
HSM5MD7W_P,H4001,CD,1,4,-0.2849492863865105,0.7460810627757276,train_inner_branch_input,3
HSM5MEE5_P,E5001,CD,1,2,0.5589823650182957,0.8829580845586672,train_inner_branch_input,3
HSM67VDT,H4024,nonIBD,0,1,-0.5025049060023491,0.6973570636315958,train_inner_branch_input,3
HSM67VDT_P,H4024,nonIBD,0,1,-0.42060294063105375,0.7163145034614592,train_inner_branch_input,3
HSM67VDZ,H4001,CD,1,4,-0.41452867677899763,0.7176916060164584,train_inner_branch_input,3
HSM67VE4,H4001,CD,1,4,-0.19648553051725015,0.7643467147932076,train_inner_branch_input,3
HSM67VFR,H4018,nonIBD,0,2,0.5998094494152116,0.8875904752081587,train_inner_branch_input,3
HSM67VI3,H4024,nonIBD,0,1,-0.5702715242293238,0.6811426894633529,train_inner_branch_input,3
HSM67VI5,H4024,nonIBD,0,1,-1.6976819927440674,0.37739269273544035,train_inner_branch_input,3
HSM67VI7,H4024,nonIBD,0,1,-0.4460720968898015,0.7104964449406042,train_inner_branch_input,3
HSM67VI9,H4024,nonIBD,0,1,-0.6439820492883757,0.662995340343571,train_inner_branch_input,3
HSM67VIB,H4024,nonIBD,0,1,-0.26887723755617066,0.7494679158829588,train_inner_branch_input,3
HSM67VID,H4028,CD,1,4,0.019269655315791265,0.8049812978224131,train_inner_branch_input,3
HSM67VIF,H4028,CD,1,4,-0.21746911310866246,0.7600976435190683,train_inner_branch_input,3
HSM67VIJ_P,H4028,CD,1,4,-0.08225033010458167,0.7865569557847051,train_inner_branch_input,3
HSM67VIL,H4028,CD,1,4,0.22034579271313162,0.8378593840640249,train_inner_branch_input,3
HSM6XRQC_P,H4018,nonIBD,0,2,-0.10569295546973363,0.7821266276220443,train_inner_branch_input,3
HSM6XRQS,H4018,nonIBD,0,2,-0.1695332793442703,0.7697275960926646,train_inner_branch_input,3
HSM6XRQU,H4018,nonIBD,0,2,-0.6203834793939448,0.6688609761866248,train_inner_branch_input,3
HSM6XRQW,H4018,nonIBD,0,2,0.1590542017207757,0.8283396014151317,train_inner_branch_input,3
HSM6XRQY,H4018,nonIBD,0,2,-0.21798295820737681,0.7599929375372986,train_inner_branch_input,3
HSM7CYYF,H4018,nonIBD,0,2,0.4769740738771526,0.8731517182565255,train_inner_branch_input,3
HSM7CYYH,H4018,nonIBD,0,2,-0.634669244083645,0.6653162464909474,train_inner_branch_input,3
HSM7CYYP,H4018,nonIBD,0,2,-0.25252913504142366,0.7528819495163904,train_inner_branch_input,3
HSM7CZ1T_P,H4027,UC,1,1,-0.22974982251787196,0.7575866605990197,train_inner_branch_input,3
HSM7CZ1V,H4027,UC,1,1,-0.09111022050161256,0.7848903180567227,train_inner_branch_input,3
HSM7CZ1Z,H4027,UC,1,1,-0.5257000899902565,0.6918596722533308,train_inner_branch_input,3
HSM7CZ22,H4027,UC,1,1,-0.09481942576220623,0.7841897783329693,train_inner_branch_input,3
HSM7CZ24,H4024,nonIBD,0,1,-0.45483158945247004,0.7084792055501976,train_inner_branch_input,3
HSM7CZ26,H4024,nonIBD,0,1,-0.4395619279430612,0.7119903130003388,train_inner_branch_input,3
HSM7CZ28,H4024,nonIBD,0,1,-0.4078108026737922,0.7192098898518833,train_inner_branch_input,3
HSM7CZ2A,H4024,nonIBD,0,1,-0.7962699405322773,0.6239902472312119,train_inner_branch_input,3
HSM7CZ2E,H4024,nonIBD,0,1,-0.5102453543136166,0.6955287041927707,train_inner_branch_input,3
HSM7J4GD,H4028,CD,1,4,0.13714982733816575,0.824831581600366,train_inner_branch_input,3
HSM7J4GP,H4027,UC,1,1,-0.07691105345465839,0.7875567763531974,train_inner_branch_input,3
HSM7J4GR,H4027,UC,1,1,1.122734149314639,0.9340495962726785,train_inner_branch_input,3
HSM7J4HW,H4024,nonIBD,0,1,-0.9588224984872687,0.5805178020502275,train_inner_branch_input,3
HSM7J4HY,H4024,nonIBD,0,1,-0.35339549926150954,0.7313227633991092,train_inner_branch_input,3
HSM7J4I5,H4024,nonIBD,0,1,-0.48021608415214945,0.7025869444333863,train_inner_branch_input,3
HSM7J4I7,H4024,nonIBD,0,1,-1.347295677513227,0.4727414447251633,train_inner_branch_input,3
HSM7J4I9,H4024,nonIBD,0,1,-0.8330579017291191,0.6142983074119988,train_inner_branch_input,3
HSM7J4LD,H4018,nonIBD,0,2,-0.0480942677426399,0.7928938260186825,train_inner_branch_input,3
HSM7J4LF,H4018,nonIBD,0,2,-0.28994465301820366,0.7450222607242077,train_inner_branch_input,3
HSM7J4LH,H4018,nonIBD,0,2,-0.665702108407754,0.6575518457448273,train_inner_branch_input,3
HSM7J4LN,H4018,nonIBD,0,2,0.35813294285008085,0.8577023540668473,train_inner_branch_input,3
HSM7J4MY,H4028,CD,1,4,1.3462454083214825,0.9478640367668131,train_inner_branch_input,3
HSM7J4N4,H4028,CD,1,4,0.5909800812587916,0.8866024315852906,train_inner_branch_input,3
HSM7J4N6,H4028,CD,1,4,0.10319604880412894,0.819282615584103,train_inner_branch_input,3
HSM7J4N8,H4028,CD,1,4,-0.13198259117750138,0.7770797956048088,train_inner_branch_input,3
HSM7J4NA,H4028,CD,1,4,-0.0816978745335958,0.7866605661594959,train_inner_branch_input,3
HSM7J4NC,H4027,UC,1,1,0.07129273889595483,0.8139447885887182,train_inner_branch_input,3
HSM7J4NE,H4027,UC,1,1,0.5363720248568317,0.8803220090050223,train_inner_branch_input,3
HSM7J4NM,H4027,UC,1,1,-0.20680649412358448,0.7622632999486886,train_inner_branch_input,3
HSM7J4NY,H4024,nonIBD,0,1,-0.16043873668710393,0.7715237267881778,train_inner_branch_input,3
HSM7J4O1,H4024,nonIBD,0,1,-2.0269113592967565,0.2955710317094485,train_inner_branch_input,3
HSM7J4O3,H4024,nonIBD,0,1,-1.7636423348741392,0.3602389148894835,train_inner_branch_input,3
HSM7J4O5,H4024,nonIBD,0,1,-0.5390927942370334,0.6886604393309795,train_inner_branch_input,3
HSM7J4O7,H4024,nonIBD,0,1,-0.3124973391961919,0.7402060343190421,train_inner_branch_input,3
HSM7J4O9,H4024,nonIBD,0,1,-0.5132555795893771,0.6948159886503126,train_inner_branch_input,3
HSMA33O1,H4027,UC,1,1,0.5039464847417021,0.8764521862712104,train_inner_branch_input,3
HSMA33O3,H4027,UC,1,1,-0.06158327150208896,0.7904079951591348,train_inner_branch_input,3
MSM5FZ9X_P,M2014,CD,1,2,0.4065947443811646,0.8641837596344231,train_inner_branch_input,3
MSM5FZA2_P,M2014,CD,1,2,0.19837681322274842,0.8344970718064484,train_inner_branch_input,3
MSM5LLGD_P,M2014,CD,1,2,0.05608562378101627,0.811357967058152,train_inner_branch_input,3
MSM5LLGF_P,M2014,CD,1,2,-0.3197290263125318,0.7386492329868649,train_inner_branch_input,3
MSM5LLGH_P,M2014,CD,1,2,0.17168076774382662,0.8303363348936026,train_inner_branch_input,3
MSM5LLGJ_P,M2014,CD,1,2,-0.2451428662240434,0.7544141624513588,train_inner_branch_input,3
MSM5LLGL,M2014,CD,1,2,-0.22988789527350514,0.7575583281175653,train_inner_branch_input,3
MSM5ZOJY_P,M2014,CD,1,2,0.41109298109531606,0.8647725701332336,train_inner_branch_input,3
MSM633FF_P,M2014,CD,1,2,0.6048721064744482,0.8881536102061685,train_inner_branch_input,3
MSM6J2IQ,M2014,CD,1,2,0.6353465191505985,0.8914915028114048,train_inner_branch_input,3
MSM6J2IY,M2014,CD,1,2,-0.21321333663885217,0.7609636390188037,train_inner_branch_input,3
MSM6J2J1,M2014,CD,1,2,1.1564463354533316,0.936332309577085,train_inner_branch_input,3
MSM6J2QR,M2014,CD,1,2,-0.334452599831144,0.7354610420196729,train_inner_branch_input,3
MSM6J2RG_P,M2058,CD,1,4,-0.3735094898085999,0.7268840819441226,train_inner_branch_input,3
MSM9VZJF_P,M2091,UC,1,2,-0.16056918878249848,0.771498032939082,train_inner_branch_input,3
PSM6XBRK,P6009,CD,1,1,-0.007246688135720298,0.8002882377448177,train_inner_branch_input,3
PSM6XBRK_P,P6009,CD,1,1,-0.03886237118180843,0.7945825381127755,train_inner_branch_input,3
PSM6XBRK_TR,P6009,CD,1,1,0.46109705184374916,0.8711738981715186,train_inner_branch_input,3
PSM6XBS2_P,P6009,CD,1,1,-0.341284471725959,0.7339732620123351,train_inner_branch_input,3
PSM6XBS4,P6009,CD,1,1,0.1119784183916378,0.8207309002381392,train_inner_branch_input,3
PSM6XBS4_P,P6009,CD,1,1,-0.05719944403336261,0.791218269033293,train_inner_branch_input,3
PSM6XBS8,P6009,CD,1,1,-0.24610784373309438,0.7542143511840628,train_inner_branch_input,3
PSM6XBSA,P6009,CD,1,1,-0.3130336017758006,0.7400907972509636,train_inner_branch_input,3
PSM6XBSC_P,P6009,CD,1,1,-0.22063709771721662,0.7594516070240747,train_inner_branch_input,3
PSM6XBTF_P,P6009,CD,1,1,-0.2786014489728514,0.7474223392107925,train_inner_branch_input,3
PSM6XBTH_P,P6009,CD,1,1,-0.28436549660024113,0.7462046115417004,train_inner_branch_input,3
PSM6XBTL,P6009,CD,1,1,-0.24908016130739902,0.7535982054350884,train_inner_branch_input,3
PSM6XBTN_P,P6009,CD,1,1,-0.2215816528907319,0.7592587571685737,train_inner_branch_input,3
PSM6XBTP,P6009,CD,1,1,0.08722802897310128,0.8166260248900619,train_inner_branch_input,3
PSM6XBW3,P6018,nonIBD,0,1,-0.41769086148769774,0.7169752100574157,train_inner_branch_input,3
PSM7J13U_P,P6009,CD,1,1,-0.265145214889403,0.7502500460545961,train_inner_branch_input,3
PSM7J13Y,P6009,CD,1,1,-0.257046483959393,0.7519417083408273,train_inner_branch_input,3
PSM7J13Y_P,P6009,CD,1,1,-0.2223275352123892,0.7591063957630019,train_inner_branch_input,3
PSM7J141,P6009,CD,1,1,-0.17321301618481877,0.7689980587800096,train_inner_branch_input,3
PSM7J143_P,P6009,CD,1,1,-0.38392795545101654,0.7245670604459887,train_inner_branch_input,3
PSM7J15K,P6018,nonIBD,0,1,-0.0783983828135866,0.7872786065917912,train_inner_branch_input,3
PSM7J15M,P6018,nonIBD,0,1,-0.3554968844933088,0.7308611781644564,train_inner_branch_input,3
PSM7J15O,P6018,nonIBD,0,1,-0.18885056068608932,0.7658797809134726,train_inner_branch_input,3
PSM7J15Q,P6018,nonIBD,0,1,0.11450170591444438,0.8211453297565674,train_inner_branch_input,3
PSM7J15S,P6018,nonIBD,0,1,-0.08083904344733021,0.7868215629895862,train_inner_branch_input,3
PSM7J15U,P6018,nonIBD,0,1,-0.019793751990339642,0.7980382109963725,train_inner_branch_input,3
PSM7J17V,P6018,nonIBD,0,1,0.22307603892506325,0.8382733719100742,train_inner_branch_input,3
PSM7J17X,P6018,nonIBD,0,1,-1.2477646263599427,0.5005159487612932,train_inner_branch_input,3
PSM7J17Z,P6018,nonIBD,0,1,-0.08636552200281326,0.785784017843595,train_inner_branch_input,3
PSM7J182,P6018,nonIBD,0,1,-0.2425841646229035,0.7549434446233132,train_inner_branch_input,3
PSM7J184,P6018,nonIBD,0,1,-0.19617120117540843,0.7644099674880414,train_inner_branch_input,3
PSM7J186,P6018,nonIBD,0,1,-0.14925350265632054,0.7737192051650681,train_inner_branch_input,3
PSM7J19X_P,P6018,nonIBD,0,1,0.5836336405205612,0.885774569363735,train_inner_branch_input,3
PSM7J19Z,P6018,nonIBD,0,1,0.46579385732932416,0.8717617064823662,train_inner_branch_input,3
PSM7J1A2,P6018,nonIBD,0,1,-0.648890874036351,0.6617688001917814,train_inner_branch_input,3
PSM7J1A4,P6018,nonIBD,0,1,-0.585441455229463,0.6774502478875957,train_inner_branch_input,3
PSM7J1A6,P6018,nonIBD,0,1,-0.3550833208605407,0.7309520601440626,train_inner_branch_input,3
PSM7J1A8,P6018,nonIBD,0,1,0.3303816048036878,0.8538758927680187,train_inner_branch_input,3
PSM7J1CK_P,P6009,CD,1,1,-0.20415614937819393,0.7627995121229193,train_inner_branch_input,3
PSM7J1CS_P,P6009,CD,1,1,-0.31525747218655137,0.739612557573592,train_inner_branch_input,3
PSM7J1CU,P6009,CD,1,1,0.3777450224482278,0.8603558623041578,train_inner_branch_input,3
PSMA265D,P6018,nonIBD,0,1,-0.27192382364423967,0.7488282268401613,train_inner_branch_input,3
PSMA265F,P6018,nonIBD,0,1,-0.21529550096890065,0.7605402135727519,train_inner_branch_input,3
PSMA265H,P6018,nonIBD,0,1,-0.0806849055845558,0.7868504483597211,train_inner_branch_input,3
PSMA265J,P6018,nonIBD,0,1,-0.8308667042802634,0.6148782181882398,train_inner_branch_input,3
PSMA265J_TR,P6018,nonIBD,0,1,0.06818440216246341,0.813418276052983,train_inner_branch_input,3
PSMA265L,P6018,nonIBD,0,1,0.16395025305077443,0.8291160533905467,train_inner_branch_input,3
PSMA265X,P6038,UC,1,1,1.2210585814344581,0.9405027572819976,train_inner_branch_input,3
PSMA266U,P6038,UC,1,1,-0.4325993276179096,0.7135829080672235,train_inner_branch_input,3
PSMA266Y,P6038,UC,1,1,0.10195336890068367,0.8190769526744726,train_inner_branch_input,3
PSMA2671,P6038,UC,1,1,-0.33312440552953576,0.7357496641635463,train_inner_branch_input,3
PSMA2675,P6038,UC,1,1,0.28908567790307277,0.8480244134447946,train_inner_branch_input,3
PSMA269S,P6038,UC,1,1,-0.10604402259610604,0.782059779381737,train_inner_branch_input,3
PSMA269W,P6038,UC,1,1,0.7742310947072558,0.905615966711131,train_inner_branch_input,3
PSMA26A1,P6038,UC,1,1,-0.25377616298420164,0.7526226324821491,train_inner_branch_input,3
PSMA26A3,P6038,UC,1,1,0.864673263171562,0.9139065212217999,train_inner_branch_input,3
PSMB4MC1,P6038,UC,1,1,-0.16663940736819924,0.7703001940929097,train_inner_branch_input,3
PSMB4MC3,P6038,UC,1,1,-0.24795574593596725,0.7538314129953393,train_inner_branch_input,3
PSMB4MC5,P6038,UC,1,1,-0.28490663488971707,0.7460900905527132,train_inner_branch_input,3
CSM5MCTZ_P,C3006,UC,1,1,-1.416079715579375,0.4536348440078268,train_inner_branch_input,3
CSM5MCUG_P,C3006,UC,1,1,0.10088739632417999,0.818900389477196,train_inner_branch_input,3
CSM5MCUK_P,C3006,UC,1,1,0.11973405062902641,0.8220023110730388,train_inner_branch_input,3
CSM5MCUO,C3006,UC,1,1,-0.06376689679318756,0.7900035289118497,train_inner_branch_input,3
CSM5MCWA_P,C3009,CD,1,4,-0.6155819553777496,0.6700481151769742,train_inner_branch_input,3
CSM5MCWC,C3009,CD,1,4,-0.6203111654259271,0.6688788712408962,train_inner_branch_input,3
CSM5MCWE,C3009,CD,1,4,0.33711274652911755,0.8548117714400252,train_inner_branch_input,3
CSM5MCWG,C3009,CD,1,4,-0.4276037437553751,0.7147223221979051,train_inner_branch_input,3
CSM5MCX3,C3006,UC,1,1,0.2929440479523755,0.8485791730452947,train_inner_branch_input,3
CSM67U9V_P,C3016,CD,1,2,-0.1865781590893082,0.7663347289906632,train_inner_branch_input,3
CSM67U9X_P,C3017,CD,1,2,-0.577293254177234,0.679436353553544,train_inner_branch_input,3
CSM67UAA,C3009,CD,1,4,1.4427917202333977,0.9529444351698176,train_inner_branch_input,3
CSM67UAG,C3009,CD,1,4,-0.1255172225361747,0.7783286407493212,train_inner_branch_input,3
CSM67UAI_P,C3020,CD,1,2,0.09231945759145799,0.8174763566448932,train_inner_branch_input,3
CSM67UAU,C3016,CD,1,2,-0.2839343809223897,0.7462958240695658,train_inner_branch_input,3
CSM67UAW,C3016,CD,1,2,-0.2512326416761312,0.7531513591032423,train_inner_branch_input,3
CSM67UAY,C3016,CD,1,2,-0.2402963921873723,0.7554160307142994,train_inner_branch_input,3
CSM67UB1,C3016,CD,1,2,-0.6966275687566164,0.649729467605784,train_inner_branch_input,3
CSM67UB3,C3016,CD,1,2,-0.18941043605189778,0.7657675962112459,train_inner_branch_input,3
CSM67UB5_P,C3017,CD,1,2,-0.5683541509775821,0.6816077858950341,train_inner_branch_input,3
CSM67UB7_P,C3017,CD,1,2,-0.3722155508867109,0.7271709974187436,train_inner_branch_input,3
CSM67UB9,C3017,CD,1,2,0.05297474424552744,0.8108253997372712,train_inner_branch_input,3
CSM67UB9_P,C3017,CD,1,2,0.16417248694975856,0.8291512306444927,train_inner_branch_input,3
CSM67UBB,C3017,CD,1,2,-1.5245662988016688,0.42379656744661853,train_inner_branch_input,3
CSM67UFV,C3006,UC,1,1,-0.40662380962502204,0.7194776400858718,train_inner_branch_input,3
CSM67UFZ,C3006,UC,1,1,2.547654386358051,0.9858346890605297,train_inner_branch_input,3
CSM67UG8,C3006,UC,1,1,-0.3821402112505904,0.724965511943294,train_inner_branch_input,3
CSM79HH2_P,C3023,CD,1,1,0.10250798197382856,0.8191687633868209,train_inner_branch_input,3
CSM79HH4,C3023,CD,1,1,-0.2573440823556256,0.7518796821060038,train_inner_branch_input,3
CSM79HH8,C3023,CD,1,1,0.8466727011730326,0.9123108467841686,train_inner_branch_input,3
CSM79HHA,C3023,CD,1,1,0.03235488046569805,0.8072662332000877,train_inner_branch_input,3
CSM79HI3,C3009,CD,1,4,-0.4209015423524178,0.7162467026246522,train_inner_branch_input,3
CSM79HI7,C3009,CD,1,4,0.27212238642647435,0.8455656094426035,train_inner_branch_input,3
CSM79HIB,C3009,CD,1,4,1.3056792428752568,0.9455781820249479,train_inner_branch_input,3
CSM79HIR,C3016,CD,1,2,-0.6452059830623611,0.6626897275175446,train_inner_branch_input,3
CSM79HIT,C3016,CD,1,2,-0.5296443704015065,0.690919361236189,train_inner_branch_input,3
CSM79HIV,C3016,CD,1,2,-0.439515210231829,0.7120010165656203,train_inner_branch_input,3
CSM79HIX,C3016,CD,1,2,-0.17278813771048376,0.7690823768522371,train_inner_branch_input,3
CSM79HIZ,C3016,CD,1,2,-0.41490328888086003,0.7176067947481503,train_inner_branch_input,3
CSM79HJ2_P,C3017,CD,1,2,-0.5598174738386795,0.6836741243331577,train_inner_branch_input,3
CSM79HJ4_P,C3017,CD,1,2,-0.5711313407135169,0.680934006822435,train_inner_branch_input,3
CSM79HJ6_P,C3017,CD,1,2,-0.39688988687771265,0.7216674354047197,train_inner_branch_input,3
CSM79HJ8_P,C3017,CD,1,2,-0.2548144247095188,0.7524065886588777,train_inner_branch_input,3
CSM79HJA,C3017,CD,1,2,-0.4295681419364851,0.7142745988553656,train_inner_branch_input,3
CSM79HJC_P,C3017,CD,1,2,-0.43032660112806126,0.7141016189531963,train_inner_branch_input,3
CSM79HMN,C3006,UC,1,1,1.2959136657548025,0.9450139585103475,train_inner_branch_input,3
CSM79HMP,C3006,UC,1,1,-0.5830092318526034,0.6780437721295037,train_inner_branch_input,3
CSM79HMT,C3006,UC,1,1,-0.6941204493839903,0.6503667021492212,train_inner_branch_input,3
CSM79HNY_P,C3031,CD,1,1,0.14401942879664434,0.8259377967240753,train_inner_branch_input,3
CSM79HPA,C3023,CD,1,1,1.616959584086842,0.960940469109456,train_inner_branch_input,3
CSM79HPA_TR,C3023,CD,1,1,0.2658892450697263,0.8446539901263053,train_inner_branch_input,3
CSM79HPC,C3023,CD,1,1,-0.2254421356552919,0.7584694651509241,train_inner_branch_input,3
CSM79HR8,C3031,CD,1,1,-0.371419164408681,0.7273474929381817,train_inner_branch_input,3
CSM79HRC,C3031,CD,1,1,-0.49261265263328047,0.6996846231470026,train_inner_branch_input,3
CSM79HRE,C3031,CD,1,1,-0.1552023673702997,0.7725534027921283,train_inner_branch_input,3
CSM79HRG,C3031,CD,1,1,-0.27693378727809465,0.747773931382908,train_inner_branch_input,3
CSM7KOJE,C3009,CD,1,4,-1.1810448693416875,0.5191431146630064,train_inner_branch_input,3
CSM7KOJG,C3009,CD,1,4,-0.4174292772774175,0.7170345139402574,train_inner_branch_input,3
CSM7KOJO,C3009,CD,1,4,0.7764193314324002,0.9058247408702734,train_inner_branch_input,3
CSM7KOK3,C3016,CD,1,2,-0.5929402117095695,0.6756167622182165,train_inner_branch_input,3
CSM7KOK5,C3016,CD,1,2,0.12845704795603619,0.8234238522030408,train_inner_branch_input,3
CSM7KOK7,C3016,CD,1,2,-0.24726825662795585,0.7539739273635553,train_inner_branch_input,3
CSM7KOKB,C3016,CD,1,2,1.525898724083157,0.9569373987253609,train_inner_branch_input,3
CSM7KOKD,C3016,CD,1,2,-0.09959512118161545,0.7832853828729934,train_inner_branch_input,3
CSM7KOKF,C3017,CD,1,2,-0.33492207087391873,0.7353589757402975,train_inner_branch_input,3
CSM7KOKH_P,C3017,CD,1,2,-0.4984158942053796,0.6983204100267978,train_inner_branch_input,3
CSM7KOKJ,C3017,CD,1,2,0.014936548249573182,0.8042201432213918,train_inner_branch_input,3
CSM7KOKL_P,C3017,CD,1,2,-0.40973349498000305,0.7187758574299479,train_inner_branch_input,3
CSM7KOKN,C3017,CD,1,2,-0.3686088392655676,0.7279697477534407,train_inner_branch_input,3
CSM7KOKP_P,C3017,CD,1,2,-0.29339335763815844,0.7442895918686769,train_inner_branch_input,3
CSM7KONA,C3023,CD,1,1,1.7997326941354115,0.9679237764487671,train_inner_branch_input,3
CSM7KONK,C3023,CD,1,1,0.8046292717925033,0.9084793359432325,train_inner_branch_input,3
CSM7KOO5,C3031,CD,1,1,-0.14488120285955175,0.7745733476737171,train_inner_branch_input,3
CSM7KOO9,C3031,CD,1,1,0.07854846743281957,0.8151693541757369,train_inner_branch_input,3
CSM7KOOD,C3031,CD,1,1,-0.5035946264506583,0.697100038439293,train_inner_branch_input,3
CSM7KOOF,C3031,CD,1,1,0.5709016179900601,0.8843273429558605,train_inner_branch_input,3
CSM7KOPS,C3016,CD,1,2,1.4439349731072486,0.9530016805104085,train_inner_branch_input,3
CSM7KOPU,C3016,CD,1,2,-0.27650769428463484,0.7478637122882157,train_inner_branch_input,3
CSM7KOPW,C3016,CD,1,2,-0.3409645724895109,0.7340430455431789,train_inner_branch_input,3
CSM7KOQ1,C3016,CD,1,2,1.3583545466839586,0.9485286010691857,train_inner_branch_input,3
CSM7KOQX,C3017,CD,1,2,-0.8588155988932225,0.6074574698353596,train_inner_branch_input,3
CSM7KOQZ_P,C3017,CD,1,2,-0.4332584589713787,0.7134323672852002,train_inner_branch_input,3
CSM7KOR2,C3017,CD,1,2,0.05551465973539448,0.8112603071029675,train_inner_branch_input,3
CSM7KOR4_P,C3017,CD,1,2,-0.41213423213431244,0.7182333372476566,train_inner_branch_input,3
CSM7KOR8_P,C3017,CD,1,2,-0.4379377359576995,0.7123622949894001,train_inner_branch_input,3
CSM7KOTA,C3023,CD,1,1,0.12649125364074287,0.8231042774016329,train_inner_branch_input,3
CSM7KOTC,C3023,CD,1,1,0.14359397149418685,0.8258694456071545,train_inner_branch_input,3
CSM7KOTK,C3023,CD,1,1,2.118245864726489,0.9773107550157961,train_inner_branch_input,3
CSM9X1Z4,C3031,CD,1,1,0.04387639185961319,0.809261193092167,train_inner_branch_input,3
CSM9X1ZC,C3031,CD,1,1,0.6555816199819718,0.893659264030042,train_inner_branch_input,3
ESM5MEB7,E5013,CD,1,2,-0.3257144839532737,0.737356163152296,train_inner_branch_input,3
ESM5MEB9_P,E5013,CD,1,2,0.12667181716370055,0.8231336501395361,train_inner_branch_input,3
ESM5MED2,E5013,CD,1,2,0.14533637682165335,0.8261492345424714,train_inner_branch_input,3
ESM718T7,E5013,CD,1,2,0.18491507460721188,0.8324092931508322,train_inner_branch_input,3
ESM718T9,E5013,CD,1,2,-0.4379461171490327,0.712360376215121,train_inner_branch_input,3
ESM718TF,E5013,CD,1,2,1.3300153524687026,0.9469605880174047,train_inner_branch_input,3
ESM718TK,E5013,CD,1,2,0.7011780670412945,0.8984044966869873,train_inner_branch_input,3
ESM718TM,E5013,CD,1,2,-1.4213298922328441,0.4521813458067414,train_inner_branch_input,3
ESM718V4,E5013,CD,1,2,-0.3185571401425044,0.7389019196043436,train_inner_branch_input,3
ESM718V8,E5013,CD,1,2,-0.49783592821264505,0.6984569053904869,train_inner_branch_input,3
ESM7F5C5,E5013,CD,1,2,-0.012250531680650946,0.7993931761437713,train_inner_branch_input,3
ESM7F5C7,E5013,CD,1,2,-0.48352166056708923,0.7018146153118486,train_inner_branch_input,3
ESM9IEP1,E5013,CD,1,2,-1.8588931179364916,0.3360936592771314,train_inner_branch_input,3
HSM5MD4U_P,H4004,CD,1,4,-0.5303097154490246,0.6907605876532702,train_inner_branch_input,3
HSM5MD4W_P,H4004,CD,1,4,-0.6189230043593936,0.6692222954715332,train_inner_branch_input,3
HSM5MD4Y,H4004,CD,1,4,-1.271941502027674,0.49376305529439757,train_inner_branch_input,3
HSM5MD53,H4004,CD,1,4,0.2042759267497813,0.8354053727787898,train_inner_branch_input,3
HSM5MD5P,H4004,CD,1,4,-1.0133993649457007,0.565599802766624,train_inner_branch_input,3
HSM5MD5X_P,H4015,CD,1,4,-0.166164249967918,0.7703941158774339,train_inner_branch_input,3
HSM5MD62,H4015,CD,1,4,0.490139693324975,0.8747720390120169,train_inner_branch_input,3
HSM5MD6Y,H4015,CD,1,4,-0.46503559581267084,0.7061189084722674,train_inner_branch_input,3
HSM5MD71,H4015,CD,1,4,-0.31023823968358405,0.7406911263137136,train_inner_branch_input,3
HSM5MD73,H4015,CD,1,4,0.09765316413824211,0.818363863681125,train_inner_branch_input,3
HSM5MD75,H4015,CD,1,4,-0.3320921159465018,0.7359738455623658,train_inner_branch_input,3
HSM67VDP,H4004,CD,1,4,-0.25304675093884726,0.7527743344697019,train_inner_branch_input,3
HSM6XRQE_P,H4019,UC,1,2,0.32571282481037467,0.8532238260836308,train_inner_branch_input,3
HSM6XRR5,H4019,UC,1,2,-0.2163599235361548,0.7603235559792616,train_inner_branch_input,3
HSM6XRR7,H4019,UC,1,2,0.4512751129070309,0.8699372540904041,train_inner_branch_input,3
HSM6XRR9,H4019,UC,1,2,-0.7807113389200258,0.6280600373821743,train_inner_branch_input,3
HSM6XRRB,H4019,UC,1,2,-0.1490536047449003,0.7737583057548134,train_inner_branch_input,3
HSM6XRRD,H4019,UC,1,2,-0.8748980984497764,0.6031645344085891,train_inner_branch_input,3
HSM6XRS4,H4015,CD,1,4,-0.44584588024323535,0.7105484311070289,train_inner_branch_input,3
HSM6XRS6,H4015,CD,1,4,-0.26948668961349037,0.7493400365863442,train_inner_branch_input,3
HSM6XRS8,H4015,CD,1,4,1.1279015199862201,0.934404360124403,train_inner_branch_input,3
HSM6XRSE,H4015,CD,1,4,0.1975726778185716,0.8343729463888158,train_inner_branch_input,3
HSM6XRSG,H4004,CD,1,4,0.46709830685735815,0.8719245528221294,train_inner_branch_input,3
HSM6XRSI,H4004,CD,1,4,0.2463565270691555,0.841768804451504,train_inner_branch_input,3
HSM6XRUX,H4019,UC,1,2,-0.03929349841713344,0.7945039034575377,train_inner_branch_input,3
HSM6XRUZ,H4019,UC,1,2,0.062435648767406184,0.8124414867246691,train_inner_branch_input,3
HSM6XRV2,H4019,UC,1,2,0.8920843744658336,0.9162859075015105,train_inner_branch_input,3
HSM6XRV4,H4019,UC,1,2,-0.3389867029013358,0.7344742431320619,train_inner_branch_input,3
HSM6XRV6,H4019,UC,1,2,-0.22993751448620803,0.7575481457223997,train_inner_branch_input,3
HSM6XRV8,H4019,UC,1,2,-0.23259911325584093,0.7570015310318886,train_inner_branch_input,3
HSM7CYZ5,H4015,CD,1,4,-0.025775725508491935,0.796958836221754,train_inner_branch_input,3
HSM7CYZ7,H4015,CD,1,4,-0.44345361245262427,0.7110978521858183,train_inner_branch_input,3
HSM7CYZ9,H4015,CD,1,4,-0.036502272348198424,0.795012608575721,train_inner_branch_input,3
HSM7CYZB,H4015,CD,1,4,-0.09440376592591661,0.7842683642013829,train_inner_branch_input,3
HSM7CYZD,H4015,CD,1,4,-0.28313555056257994,0.7464647779733752,train_inner_branch_input,3
HSM7CYZF,H4015,CD,1,4,-0.3628984440953669,0.7292313850972568,train_inner_branch_input,3
HSM7CYZT,H4004,CD,1,4,-1.015957781836722,0.5648973417031008,train_inner_branch_input,3
HSM7CYZV,H4004,CD,1,4,0.28797506506109904,0.8478644197221696,train_inner_branch_input,3
HSM7CZ14,H4004,CD,1,4,-0.58129461303688,0.6784618377329925,train_inner_branch_input,3
HSM7J4M4,H4019,UC,1,2,0.8648845847221078,0.9139250968670748,train_inner_branch_input,3
HSM7J4M6,H4019,UC,1,2,-0.16459308409231063,0.7707044877313864,train_inner_branch_input,3
HSM7J4M8,H4019,UC,1,2,0.31306367652390443,0.8514450693809811,train_inner_branch_input,3
HSM7J4MA,H4019,UC,1,2,-0.11227004468825091,0.7808717977151067,train_inner_branch_input,3
HSM7J4MC,H4019,UC,1,2,-0.4056902969606689,0.719688103244138,train_inner_branch_input,3
HSM7J4ME,H4019,UC,1,2,0.8276549863658241,0.9105960103221683,train_inner_branch_input,3
HSM7J4PC,H4019,UC,1,2,-0.1448879694943878,0.774572027558058,train_inner_branch_input,3
HSM7J4PE,H4019,UC,1,2,0.19755677038016373,0.8343704901824559,train_inner_branch_input,3
HSM7J4PG,H4019,UC,1,2,-0.13036283761139816,0.7773931362153905,train_inner_branch_input,3
HSM7J4PI,H4019,UC,1,2,-0.15084177566384774,0.7734083646301141,train_inner_branch_input,3
HSM7J4PK,H4019,UC,1,2,1.3298816173959234,0.9469530825894895,train_inner_branch_input,3
HSM7J4PM,H4019,UC,1,2,-0.0911612328970565,0.7848806947965048,train_inner_branch_input,3
HSM7J4QB,H4015,CD,1,4,0.9257080276774656,0.9191228816625008,train_inner_branch_input,3
HSM7J4QD,H4015,CD,1,4,-0.24565590827590358,0.7543079439980299,train_inner_branch_input,3
HSM7J4QF,H4015,CD,1,4,-0.34132564938503235,0.7339642785782223,train_inner_branch_input,3
HSM7J4QH,H4015,CD,1,4,-0.24059871961166038,0.7553536141690631,train_inner_branch_input,3
HSM7J4QJ,H4015,CD,1,4,-0.013555171575500975,0.7991593156717843,train_inner_branch_input,3
HSM7J4QL,H4015,CD,1,4,-0.26823247148069934,0.7496031577146884,train_inner_branch_input,3
MSM5FZ9N_P,M2010,CD,1,2,-0.3356295543453945,0.7352051162895543,train_inner_branch_input,3
MSM5LLE3_P,M2010,CD,1,2,-0.1323088095494628,0.7770166507668465,train_inner_branch_input,3
MSM5LLE9_P,M2010,CD,1,2,-0.42646231050416444,0.7149822826098465,train_inner_branch_input,3
MSM79H81,M2072,nonIBD,0,1,-0.5628351767319685,0.6829444996837764,train_inner_branch_input,3
MSM79H83,M2072,nonIBD,0,1,-0.550919515033031,0.6858202191162185,train_inner_branch_input,3
MSM79H85,M2072,nonIBD,0,1,-0.3476597766866243,0.7325801065165533,train_inner_branch_input,3
MSM79H87,M2072,nonIBD,0,1,-0.21669290701896668,0.7602557513916471,train_inner_branch_input,3
MSM79H89,M2072,nonIBD,0,1,-0.20921923864298586,0.7617744337614075,train_inner_branch_input,3
MSM79H8B,M2072,nonIBD,0,1,-0.09954589136188129,0.7832947197198437,train_inner_branch_input,3
MSM79H9U_P,M2067,UC,1,2,-0.066368464365079,0.7895209008039948,train_inner_branch_input,3
MSM79HCG,M2072,nonIBD,0,1,-0.16298059050618097,0.7710227169788744,train_inner_branch_input,3
MSM79HCI,M2072,nonIBD,0,1,-0.13353071491811963,0.7767800178955049,train_inner_branch_input,3
MSM79HCK,M2072,nonIBD,0,1,0.05354156780196664,0.8109225229619791,train_inner_branch_input,3
MSM79HCN_P,M2072,nonIBD,0,1,-0.0777517353998647,0.7873995793388989,train_inner_branch_input,3
MSM79HCP,M2072,nonIBD,0,1,-0.12697826295957607,0.778046865639242,train_inner_branch_input,3
MSM79HCR,M2072,nonIBD,0,1,-0.7472855518000395,0.6367417184694539,train_inner_branch_input,3
MSM9VZHJ,M2072,nonIBD,0,1,-1.517372621467785,0.42576046351702723,train_inner_branch_input,3
MSM9VZHL,M2072,nonIBD,0,1,-0.5845896192795803,0.6776581827161098,train_inner_branch_input,3
MSM9VZHN,M2072,nonIBD,0,1,-0.20649583545174754,0.7623261948898026,train_inner_branch_input,3
MSM9VZHP,M2072,nonIBD,0,1,-0.5081423665955128,0.696026062067505,train_inner_branch_input,3
MSM9VZHR,M2072,nonIBD,0,1,-1.3293805279206259,0.47773328637673607,train_inner_branch_input,3
MSM9VZHT,M2072,nonIBD,0,1,-0.6101520237974533,0.6713880150518655,train_inner_branch_input,3
MSM9VZIY,M2085,CD,1,1,-0.09279236017610785,0.7845728251793453,train_inner_branch_input,3
MSM9VZJ3,M2085,CD,1,1,-0.4934157999771083,0.6994960310649927,train_inner_branch_input,3
MSM9VZM4_P,M2085,CD,1,1,-0.0447343493446289,0.7935096116800326,train_inner_branch_input,3
MSM9VZOG,M2072,nonIBD,0,1,-0.1689469710334374,0.769843687155174,train_inner_branch_input,3
MSM9VZOI,M2072,nonIBD,0,1,0.3014930305092309,0.8498024253593817,train_inner_branch_input,3
MSM9VZOK,M2072,nonIBD,0,1,-0.4766693761668843,0.7034143281839497,train_inner_branch_input,3
MSM9VZOM,M2072,nonIBD,0,1,-0.02897306898155417,0.7963801537703888,train_inner_branch_input,3
MSM9VZOO,M2072,nonIBD,0,1,0.53822793030264,0.8805403019521981,train_inner_branch_input,3
MSM9VZOQ,M2072,nonIBD,0,1,0.032431127570546066,0.8072794875098391,train_inner_branch_input,3
MSM9VZPH,M2085,CD,1,1,0.09612327952015962,0.8181096410519393,train_inner_branch_input,3
MSM9VZPL,M2085,CD,1,1,0.41011549574685313,0.8646448026048202,train_inner_branch_input,3
MSM9VZPN,M2085,CD,1,1,-0.18287941395679583,0.7670739243789254,train_inner_branch_input,3
MSMA267V,M2103,UC,1,2,-1.3831354955198418,0.4627724381170007,train_inner_branch_input,3
MSMA267X,M2103,UC,1,2,-0.4346849039604648,0.7131064156485061,train_inner_branch_input,3
MSMA2684,M2103,UC,1,2,-0.2795844968553456,0.7472149318292646,train_inner_branch_input,3
MSMA26CV,M2085,CD,1,1,-0.17307538570371395,0.7690253742115332,train_inner_branch_input,3
MSMA26CX,M2085,CD,1,1,-0.9555319082083591,0.5814128460451016,train_inner_branch_input,3
MSMAPC5Z,M2103,UC,1,2,0.005264372651125847,0.8025130251257407,train_inner_branch_input,3
MSMAPC64,M2103,UC,1,2,-0.545864132004308,0.6870360029657908,train_inner_branch_input,3
MSMAPC66,M2103,UC,1,2,-0.442229980995066,0.7113786384841081,train_inner_branch_input,3
MSMAPC6A,M2085,CD,1,1,-0.0872179062507703,0.7856236640671705,train_inner_branch_input,3
MSMAPC6C,M2085,CD,1,1,-0.16196676207290012,0.7712226392670545,train_inner_branch_input,3
MSMAPC6E,M2085,CD,1,1,-0.0325586435374197,0.7957297467729053,train_inner_branch_input,3
MSMAPC6G,M2085,CD,1,1,-1.3431838200109494,0.4738867190521946,train_inner_branch_input,3
MSMB4LXY,M2085,CD,1,1,0.4809253162523313,0.8736398791055875,train_inner_branch_input,3
MSMB4LYB,M2085,CD,1,1,-1.099125567894387,0.5419358745032158,train_inner_branch_input,3
MSMB4LYH,M2103,UC,1,2,-0.9711921500538276,0.5771485483955746,train_inner_branch_input,3
PSM6XBTR,P6014,nonIBD,0,1,-0.23503737660895435,0.7565000490397704,train_inner_branch_input,3
PSM6XBTT,P6014,nonIBD,0,1,-0.2580291677986597,0.7517368553189604,train_inner_branch_input,3
PSM6XBTX,P6014,nonIBD,0,1,-0.4461755345558397,0.7104726723989103,train_inner_branch_input,3
PSM6XBTZ_P,P6014,nonIBD,0,1,-0.2713648402465618,0.7489456773688872,train_inner_branch_input,3
PSM6XBU2,P6014,nonIBD,0,1,-0.34775434211620593,0.7325594068936226,train_inner_branch_input,3
PSM6XBVY_P,P6016,CD,1,4,-0.17775226291885982,0.7680958913082926,train_inner_branch_input,3
PSM7J12J,P6024,CD,1,1,0.6271092707057273,0.8905979953104232,train_inner_branch_input,3
PSM7J12R,P6024,CD,1,1,0.36371963687680614,0.858462487301165,train_inner_branch_input,3
PSM7J14X,P6014,nonIBD,0,1,-2.088657797746865,0.281412133732614,train_inner_branch_input,3
PSM7J154,P6014,nonIBD,0,1,-0.18391783346752763,0.7668665604349794,train_inner_branch_input,3
PSM7J156,P6014,nonIBD,0,1,-0.6627713862826745,0.6582888086352592,train_inner_branch_input,3
PSM7J158,P6016,CD,1,4,-0.12488458823141779,0.7784505707043115,train_inner_branch_input,3
PSM7J15A,P6016,CD,1,4,-0.4301544060605788,0.7141408965638043,train_inner_branch_input,3
PSM7J15G,P6016,CD,1,4,-0.41947685115637073,0.7165701065319847,train_inner_branch_input,3
PSM7J15I,P6016,CD,1,4,-0.4445281126897161,0.7108511532882213,train_inner_branch_input,3
PSM7J17L,P6016,CD,1,4,1.2887770116052066,0.9445981461798734,train_inner_branch_input,3
PSM7J17T,P6016,CD,1,4,-0.11340765196680784,0.7806542292644321,train_inner_branch_input,3
PSM7J199,P6016,CD,1,4,-0.020227264622739792,0.7979601331414922,train_inner_branch_input,3
PSM7J19B,P6016,CD,1,4,-0.1526173206603714,0.7730605158929443,train_inner_branch_input,3
PSM7J19F,P6016,CD,1,4,-0.9472700336726255,0.5836577114310882,train_inner_branch_input,3
PSM7J19H,P6016,CD,1,4,-0.030601761934164914,0.7960849074766874,train_inner_branch_input,3
PSM7J19J,P6016,CD,1,4,2.168268722026161,0.978517589564144,train_inner_branch_input,3
PSM7J1BJ,P6024,CD,1,1,0.08559502660855992,0.8163526434013765,train_inner_branch_input,3
PSM7J1BL,P6024,CD,1,1,0.3654173659806397,0.858692809858036,train_inner_branch_input,3
PSM7J1BN_P,P6024,CD,1,1,-0.24026992976151784,0.7554214934613337,train_inner_branch_input,3
PSM7J1BP,P6024,CD,1,1,-0.5779413865380284,0.6792786092434625,train_inner_branch_input,3
PSM7J1BR,P6024,CD,1,1,-0.5436934266306878,0.6875572554195313,train_inner_branch_input,3
PSM7J1DF,P6014,nonIBD,0,1,-0.4081790128549977,0.7191268009646956,train_inner_branch_input,3
PSM7J1DL,P6014,nonIBD,0,1,-0.2996141358054658,0.7429645125563755,train_inner_branch_input,3
PSMA263M,P6024,CD,1,1,-0.6257528434595725,0.667530893999561,train_inner_branch_input,3
PSMA263S,P6024,CD,1,1,-0.34534186148342955,0.7330871616108652,train_inner_branch_input,3
PSMA263U,P6024,CD,1,1,-0.5242127808067886,0.6922138324936202,train_inner_branch_input,3
PSMA263W,P6024,CD,1,1,0.008101713956079802,0.8030149699704143,train_inner_branch_input,3
PSMA265N,P6016,CD,1,4,0.7595687436791889,0.9042063454330715,train_inner_branch_input,3
PSMA265T,P6016,CD,1,4,0.3185100526739471,0.8522131250999291,train_inner_branch_input,3
CSM5FZ3N_P,C3001,CD,1,1,-0.29800150304191814,0.7433084480282244,train_inner_branch_input,3
CSM5FZ3R_P,C3001,CD,1,1,-0.19757959287806548,0.7641264643382704,train_inner_branch_input,3
CSM5FZ3V_P,C3001,CD,1,1,-0.34031416144442844,0.7341848916561853,train_inner_branch_input,3
CSM5FZ4C_P,C3001,CD,1,1,-0.18411063260857927,0.7668280458731189,train_inner_branch_input,3
CSM5FZ4E_P,C3003,UC,1,4,-0.16827562688372905,0.7699765652114574,train_inner_branch_input,3
CSM5FZ4G_P,C3003,UC,1,4,0.1055642998441726,0.8196740553397872,train_inner_branch_input,3
CSM5FZ4K_P,C3003,UC,1,4,-0.07954023436673976,0.787064869971015,train_inner_branch_input,3
CSM5FZ4M,C3003,UC,1,4,-0.2691502921354438,0.7494106271202465,train_inner_branch_input,3
CSM5MCU4_P,C3008,CD,1,4,1.413747183456458,0.9514676890676006,train_inner_branch_input,3
CSM5MCVD_P,C3001,CD,1,1,-0.3042973422092051,0.7419639909403182,train_inner_branch_input,3
CSM5MCVF_P,C3001,CD,1,1,-0.2727022585614647,0.7486646055366915,train_inner_branch_input,3
CSM5MCVV_P,C3001,CD,1,1,0.1257908103132994,0.8229902982207457,train_inner_branch_input,3
CSM5MCVZ_P,C3008,CD,1,4,0.6759940056913029,0.895807270176908,train_inner_branch_input,3
CSM5MCW4_P,C3008,CD,1,4,0.6806751269159588,0.896294432058247,train_inner_branch_input,3
CSM5MCW6,C3008,CD,1,4,-0.13591616043185925,0.7763175395725075,train_inner_branch_input,3
CSM5MCWI_P,C3001,CD,1,1,0.23088212173287775,0.8394523037945916,train_inner_branch_input,3
CSM5MCWK_P,C3010,CD,1,1,-0.38110255704478524,0.7251966196228876,train_inner_branch_input,3
CSM5MCWM_P,C3003,UC,1,4,0.2446376572348291,0.8415128377497723,train_inner_branch_input,3
CSM5MCWQ,C3003,UC,1,4,0.19811492329460878,0.8344566549685908,train_inner_branch_input,3
CSM5MCXD,C3001,CD,1,1,-0.20560469546142046,0.7625065486372776,train_inner_branch_input,3
CSM5MCXT,C3010,CD,1,1,0.09853281908950541,0.8185099117019444,train_inner_branch_input,3
CSM5MCXV,C3010,CD,1,1,-0.3220839591722608,0.7381409756811003,train_inner_branch_input,3
CSM5MCXX_P,C3010,CD,1,1,-0.38857663231945777,0.7235292925523406,train_inner_branch_input,3
CSM5MCXZ_P,C3010,CD,1,1,-0.25142320504622795,0.7531117726706075,train_inner_branch_input,3
CSM5MCY2,C3010,CD,1,1,-0.49243024502102023,0.6997274460112534,train_inner_branch_input,3
CSM5MCYS,C3001,CD,1,1,-0.28833328299791366,0.7453641186610874,train_inner_branch_input,3
CSM5MCYU_P,C3013,UC,1,4,0.399623225791639,0.8632669329381716,train_inner_branch_input,3
CSM5MCYW,C3008,CD,1,4,0.3949048286323996,0.8626434634694573,train_inner_branch_input,3
CSM5MCZ3,C3008,CD,1,4,1.8946877850961474,0.9710591077075872,train_inner_branch_input,3
CSM5MCZ5,C3008,CD,1,4,3.451162025734309,0.9947912001045529,train_inner_branch_input,3
CSM5MCZ7,C3008,CD,1,4,0.99283234645516,0.924525585557636,train_inner_branch_input,3
CSM5YRY7_P,C3001,CD,1,1,-0.18130974237834638,0.7673871311697931,train_inner_branch_input,3
CSM67U9H,C3013,UC,1,4,0.5796617692462596,0.8853247945482773,train_inner_branch_input,3
CSM67U9H_P,C3013,UC,1,4,0.5754031064122668,0.8848408316020472,train_inner_branch_input,3
CSM67U9J,C3001,CD,1,1,-0.04371726425772567,0.7936957496491577,train_inner_branch_input,3
CSM67U9N,C3013,UC,1,4,1.7118350064143881,0.9647304936281299,train_inner_branch_input,3
CSM67U9P_P,C3013,UC,1,4,1.1819896462977655,0.9380126332569666,train_inner_branch_input,3
CSM67U9R_P,C3013,UC,1,4,0.3432871865543812,0.855665867160265,train_inner_branch_input,3
CSM67UA2,C3001,CD,1,1,-1.0062038900503172,0.5675740336203516,train_inner_branch_input,3
CSM67UBX,C3003,UC,1,4,-0.3328175854792988,0.735816308735925,train_inner_branch_input,3
CSM67UBZ,C3003,UC,1,4,1.5348233915222382,0.9573464412544082,train_inner_branch_input,3
CSM67UC6,C3003,UC,1,4,-0.7947200511084054,0.6243964611580325,train_inner_branch_input,3
CSM67UCK,C3010,CD,1,1,-0.6915773242753899,0.6510125400562672,train_inner_branch_input,3
CSM67UGC,C3001,CD,1,1,-0.2012762489468868,0.763381222113062,train_inner_branch_input,3
CSM79HG5,C3001,CD,1,1,-0.2871956965278204,0.7456052799259536,train_inner_branch_input,3
CSM79HGD_P,C3013,UC,1,4,0.2540789488095001,0.8429146537414355,train_inner_branch_input,3
CSM79HGF,C3013,UC,1,4,-0.19737085223687625,0.764168497808564,train_inner_branch_input,3
CSM79HGF_P,C3013,UC,1,4,0.20626163318251428,0.8357102150979152,train_inner_branch_input,3
CSM79HGH_P,C3013,UC,1,4,0.30064392092385644,0.8496812932509681,train_inner_branch_input,3
CSM79HGJ_P,C3013,UC,1,4,0.5837721034220793,0.8857902211551022,train_inner_branch_input,3
CSM79HGL_P,C3013,UC,1,4,0.1307078904843456,0.8237892095091636,train_inner_branch_input,3
CSM79HGN_P,C3013,UC,1,4,0.5662493231426404,0.8837945615964681,train_inner_branch_input,3
CSM79HGP,C3001,CD,1,1,0.12072161998390817,0.8221636990638388,train_inner_branch_input,3
CSM79HK9,C3010,CD,1,1,-0.48502940665567795,0.7014619562281522,train_inner_branch_input,3
CSM79HKB,C3010,CD,1,1,-1.0292906194908003,0.5612324055556327,train_inner_branch_input,3
CSM79HKT,C3008,CD,1,4,-0.5001730344303921,0.6979066518371672,train_inner_branch_input,3
CSM79HKV,C3008,CD,1,4,0.45248924426818554,0.8700906660076194,train_inner_branch_input,3
CSM79HLM,C3003,UC,1,4,1.615090131898143,0.960861994967608,train_inner_branch_input,3
CSM79HOF,C3010,CD,1,1,-0.4322113779206506,0.7136714908064627,train_inner_branch_input,3
CSM79HOH,C3010,CD,1,1,-0.42928659350114967,0.7143387949234223,train_inner_branch_input,3
CSM79HPK,C3013,UC,1,4,0.0965567172997513,0.8181816939702065,train_inner_branch_input,3
CSM79HPM_P,C3013,UC,1,4,1.452030743176867,0.9534051640452922,train_inner_branch_input,3
CSM79HPO,C3013,UC,1,4,-0.2861565040338068,0.7458254507258626,train_inner_branch_input,3
CSM79HPQ_P,C3013,UC,1,4,0.8372410956721954,0.91146414218764,train_inner_branch_input,3
CSM79HPS,C3013,UC,1,4,1.437206852800647,0.9526638338124581,train_inner_branch_input,3
CSM79HPU,C3013,UC,1,4,-0.19268345212020757,0.7651110210659613,train_inner_branch_input,3
CSM79HQ9,C3008,CD,1,4,-0.29045953800515173,0.744912962404995,train_inner_branch_input,3
CSM79HQB,C3008,CD,1,4,-0.42821774954762915,0.7145824240075682,train_inner_branch_input,3
CSM79HQF,C3008,CD,1,4,0.4055508165107087,0.8640468029304756,train_inner_branch_input,3
CSM79HQR_P,C3034,UC,1,2,-0.18124795378236772,0.7673994542447259,train_inner_branch_input,3
CSM7CZ2F_P,H4008,nonIBD,0,1,0.06159180915372874,0.812297776644084,train_inner_branch_input,3
CSM7KOL4,C3010,CD,1,1,-0.6684890074495724,0.6568503430282613,train_inner_branch_input,3
CSM7KOLA,C3010,CD,1,1,-1.0838531860133405,0.5461686992827354,train_inner_branch_input,3
CSM7KOLE,C3010,CD,1,1,-0.56720219984313,0.6818870402836342,train_inner_branch_input,3
CSM7KONS_P,C3013,UC,1,4,1.380952944372333,0.9497474532028257,train_inner_branch_input,3
CSM7KONU,C3013,UC,1,4,-0.045520343557809116,0.7933656808464628,train_inner_branch_input,3
CSM7KONW_P,C3013,UC,1,4,-0.19024774033492658,0.7655997522332413,train_inner_branch_input,3
CSM7KORM,C3034,UC,1,2,-0.004265744096082341,0.8008200274060857,train_inner_branch_input,3
CSM7KORO,C3034,UC,1,2,0.10710757552287344,0.8199287817734647,train_inner_branch_input,3
CSM7KORS,C3034,UC,1,2,-0.09475594993315811,0.784201780601698,train_inner_branch_input,3
CSM7KORU,C3034,UC,1,2,0.8809554050374365,0.9153271620852821,train_inner_branch_input,3
CSM9X1XU,C3034,UC,1,2,-0.014884910314628045,0.7989207461816347,train_inner_branch_input,3
CSM9X1Y3,C3034,UC,1,2,-0.2546789219909489,0.7524347915489991,train_inner_branch_input,3
CSM9X21J,C3034,UC,1,2,1.868405485175765,0.9702223316019131,train_inner_branch_input,3
CSM9X21L,C3034,UC,1,2,0.06630704347861362,0.81309971970696,train_inner_branch_input,3
CSM9X21N,C3034,UC,1,2,-0.2683062154292505,0.7495876921385171,train_inner_branch_input,3
HSM5MD3Y,H4010,UC,1,1,-1.5334773865544205,0.4213671532622681,train_inner_branch_input,3
HSM5MD41,H4010,UC,1,1,0.9019649793277631,0.9171288306175236,train_inner_branch_input,3
HSM5MD43,H4010,UC,1,1,0.3811078330230867,0.8608066640996734,train_inner_branch_input,3
HSM5MD43_P,H4010,UC,1,1,-0.45832927630919457,0.7076714098709195,train_inner_branch_input,3
HSM5MD44_P,H4010,UC,1,1,0.1332648869076527,0.8242035404798382,train_inner_branch_input,3
HSM5MD47_P,H4010,UC,1,1,0.6319044753222838,0.8911189209461404,train_inner_branch_input,3
HSM5MD57_P,H4008,nonIBD,0,1,0.4098687192346282,0.8646125302476331,train_inner_branch_input,3
HSM5MD59_P,H4008,nonIBD,0,1,-0.22806954158215084,0.7579312732104518,train_inner_branch_input,3
HSM5MD5B,H4008,nonIBD,0,1,0.26328277856408244,0.8442714848465447,train_inner_branch_input,3
HSM5MD5B_P,H4008,nonIBD,0,1,-0.13303106707933338,0.7768768007766115,train_inner_branch_input,3
HSM5MD5D,H4008,nonIBD,0,1,-1.6705745048170368,0.3845351871581702,train_inner_branch_input,3
HSM5MD5D_P,H4008,nonIBD,0,1,-0.09009841414774838,0.7850811262269579,train_inner_branch_input,3
HSM5MD5F_P,H4008,nonIBD,0,1,0.0584650532943977,0.8117645365149506,train_inner_branch_input,3
HSM5MD87_P,H4010,UC,1,1,0.06254092074177647,0.8124594091265543,train_inner_branch_input,3
HSM5MD8A_P,H4008,nonIBD,0,1,-0.23753302684029354,0.755986037896756,train_inner_branch_input,3
HSM67VDR_P,H4023,nonIBD,0,4,-0.2753132015504381,0.7481152876765726,train_inner_branch_input,3
HSM67VFX,H4008,nonIBD,0,1,-0.20530748084294143,0.7625666795854545,train_inner_branch_input,3
HSM67VFX_P,H4008,nonIBD,0,1,-0.08465733289929182,0.7861051062247612,train_inner_branch_input,3
HSM67VFZ,H4008,nonIBD,0,1,-1.3248331864360625,0.4790010963069162,train_inner_branch_input,3
HSM67VG2_P,H4008,nonIBD,0,1,-0.11248897040681022,0.780829940034123,train_inner_branch_input,3
HSM67VG6_P,H4008,nonIBD,0,1,-0.18051749831791244,0.7675451012956983,train_inner_branch_input,3
HSM67VG8,H4008,nonIBD,0,1,-0.05689230183094511,0.7912749523716472,train_inner_branch_input,3
HSM67VGY,H4010,UC,1,1,-0.0968317353077234,0.7838090318436041,train_inner_branch_input,3
HSM67VH1,H4010,UC,1,1,-0.6762125464038078,0.6549026414891944,train_inner_branch_input,3
HSM6XRQ8,H4023,nonIBD,0,4,-0.8008478114842387,0.622789406102864,train_inner_branch_input,3
HSM6XRSX,H4008,nonIBD,0,1,-0.03490006080919101,0.7953041915329724,train_inner_branch_input,3
HSM6XRSX_P,H4008,nonIBD,0,1,0.13557008988439537,0.8245764140217328,train_inner_branch_input,3
HSM6XRSZ_P,H4008,nonIBD,0,1,-0.058182051941787404,0.7910368518513311,train_inner_branch_input,3
HSM6XRT2_P,H4008,nonIBD,0,1,-0.17144390374981422,0.7693490011779522,train_inner_branch_input,3
HSM6XRT4_P,H4008,nonIBD,0,1,-0.0414921440976859,0.7941025384740774,train_inner_branch_input,3
HSM6XRT6_P,H4008,nonIBD,0,1,0.22237863312052528,0.8381677053041631,train_inner_branch_input,3
HSM6XRTM,H4010,UC,1,1,-0.31855055659354514,0.7389033387282298,train_inner_branch_input,3
HSM6XRTO,H4010,UC,1,1,-0.3285523575230053,0.7367416450073482,train_inner_branch_input,3
HSM6XRTQ,H4010,UC,1,1,0.4836368073303177,0.8739739429954816,train_inner_branch_input,3
HSM6XRTS,H4010,UC,1,1,-0.5710501594526147,0.6809537131064298,train_inner_branch_input,3
HSM6XRUL,H4023,nonIBD,0,4,-0.2310855389022593,0.7573124776013263,train_inner_branch_input,3
HSM6XRUN,H4023,nonIBD,0,4,-0.5398668812762483,0.6884749706377065,train_inner_branch_input,3
HSM6XRUR,H4023,nonIBD,0,4,0.14578632649464732,0.8262214280878263,train_inner_branch_input,3
HSM7CYWS_P,H4030,CD,1,1,-0.4522027828421116,0.7090854665741938,train_inner_branch_input,3
HSM7CZ16,H4023,nonIBD,0,4,-0.4735123929233456,0.7041496750351824,train_inner_branch_input,3
HSM7CZ18,H4023,nonIBD,0,4,-0.17033575159312675,0.769568637314049,train_inner_branch_input,3
HSM7CZ1A,H4023,nonIBD,0,4,-0.8416517274743109,0.6120207911434278,train_inner_branch_input,3
HSM7CZ1C,H4023,nonIBD,0,4,-0.1577513947476882,0.7720525732507028,train_inner_branch_input,3
HSM7CZ1E,H4023,nonIBD,0,4,-0.3810365198386738,0.7252113234316734,train_inner_branch_input,3
HSM7CZ1G,H4023,nonIBD,0,4,-0.4038871325858031,0.720094358861097,train_inner_branch_input,3
HSM7CZ2H,H4008,nonIBD,0,1,-0.01977464060375376,0.7980416525366689,train_inner_branch_input,3
HSM7CZ2J_P,H4008,nonIBD,0,1,0.09324281502361922,0.8176302402843229,train_inner_branch_input,3
HSM7CZ2L_P,H4008,nonIBD,0,1,-0.200638760121573,0.7635098550846734,train_inner_branch_input,3
HSM7CZ2Z,H4030,CD,1,1,-0.5406765074208234,0.6882809221881806,train_inner_branch_input,3
HSM7CZ32,H4030,CD,1,1,-0.09560330555443539,0.7840415192637812,train_inner_branch_input,3
HSM7CZ36,H4030,CD,1,1,0.2994083368642005,0.8495048839219307,train_inner_branch_input,3
HSM7CZ38,H4030,CD,1,1,0.0950217936892614,0.8179264346531276,train_inner_branch_input,3
HSM7J4HA,H4023,nonIBD,0,4,-0.49037494572792106,0.7002097166413147,train_inner_branch_input,3
HSM7J4HC,H4023,nonIBD,0,4,-2.0086598169857846,0.2998345520438583,train_inner_branch_input,3
HSM7J4HE,H4023,nonIBD,0,4,-0.4208037067473932,0.7162689183629771,train_inner_branch_input,3
HSM7J4HG,H4023,nonIBD,0,4,-0.4585916826054318,0.7076107538154733,train_inner_branch_input,3
HSM7J4HI,H4023,nonIBD,0,4,-0.3603930170224793,0.7297837640138407,train_inner_branch_input,3
HSM7J4HK,H4023,nonIBD,0,4,-0.14013766790551505,0.7754974241032395,train_inner_branch_input,3
HSM7J4IC,H4032,CD,1,4,-1.6366625324486856,0.3935408337224574,train_inner_branch_input,3
HSM7J4JH,H4039,CD,1,1,-1.447127515453702,0.4450516421671673,train_inner_branch_input,3
HSM7J4JJ,H4039,CD,1,1,-0.0020059674324327866,0.8012224540065809,train_inner_branch_input,3
HSM7J4JN,H4039,CD,1,1,0.045380408167808355,0.8095204468784856,train_inner_branch_input,3
HSM7J4JP,H4039,CD,1,1,-0.5603380977045967,0.6835483115250371,train_inner_branch_input,3
HSM7J4KC,H4023,nonIBD,0,4,-0.306135872366046,0.7415705131756405,train_inner_branch_input,3
HSM7J4KG,H4023,nonIBD,0,4,-0.2779525632178531,0.7475591819832599,train_inner_branch_input,3
HSM7J4KI,H4023,nonIBD,0,4,-0.2260977668100908,0.7583352435316015,train_inner_branch_input,3
HSM7J4KK,H4023,nonIBD,0,4,-2.0700642907511715,0.2856321633752695,train_inner_branch_input,3
HSM7J4KM,H4023,nonIBD,0,4,-0.5318623763209153,0.6903898956955692,train_inner_branch_input,3
HSM7J4L5,H4030,CD,1,1,-0.037992396025193303,0.7947411476811972,train_inner_branch_input,3
HSM7J4L9,H4030,CD,1,1,0.14494683099267203,0.8260867135522948,train_inner_branch_input,3
HSM7J4LP,H4039,CD,1,1,2.750753368205837,0.9886779385565573,train_inner_branch_input,3
HSM7J4MS,H4032,CD,1,4,-0.7603846827958481,0.6333497320492479,train_inner_branch_input,3
HSM7J4MW,H4032,CD,1,4,-0.3320213141647777,0.7359892170514427,train_inner_branch_input,3
HSM7J4ON,H4030,CD,1,1,-0.3993024303000778,0.7211256764359877,train_inner_branch_input,3
HSM7J4OP,H4030,CD,1,1,0.19762149810028168,0.8343804843583902,train_inner_branch_input,3
HSM7J4OT,H4030,CD,1,1,-1.9794016908999494,0.3067419039262723,train_inner_branch_input,3
HSM7J4OV,H4030,CD,1,1,-0.900466072103372,0.5963070425410134,train_inner_branch_input,3
HSM7J4OX,H4030,CD,1,1,-0.1663912780465149,0.7703492438326757,train_inner_branch_input,3
HSM7J4OZ,H4032,CD,1,4,-1.173150713699886,0.5213445352052506,train_inner_branch_input,3
HSM7J4P2,H4032,CD,1,4,-0.4209646655132543,0.7162323685572052,train_inner_branch_input,3
HSM7J4Q1,H4032,CD,1,4,-0.4227626022014781,0.7158239078680406,train_inner_branch_input,3
HSM7J4Q3_P,H4032,CD,1,4,-0.2817969350816813,0.7467477306803829,train_inner_branch_input,3
HSM7J4Q7,H4032,CD,1,4,-0.9637646322299981,0.5791725423549372,train_inner_branch_input,3
HSM7J4Q9,H4032,CD,1,4,-0.2551964036597054,0.752327073777775,train_inner_branch_input,3
HSMA33IE,H4043,CD,1,2,-0.2462733988344426,0.7541800598144193,train_inner_branch_input,3
HSMA33IG,H4043,CD,1,2,-0.398316603539616,0.7213471310908183,train_inner_branch_input,3
HSMA33IK,H4043,CD,1,2,-0.26640632795246083,0.7499859334701737,train_inner_branch_input,3
HSMA33JN,H4032,CD,1,4,-1.129943094937558,0.5333767945161865,train_inner_branch_input,3
HSMA33JP,H4032,CD,1,4,-1.0469517212650423,0.5563674758724927,train_inner_branch_input,3
HSMA33JR,H4032,CD,1,4,0.13178529132254754,0.8239638830573957,train_inner_branch_input,3
HSMA33JZ,H4030,CD,1,1,-0.12817784781499586,0.7778153233323833,train_inner_branch_input,3
HSMA33KQ,H4039,CD,1,1,-0.10014234446589396,0.7831815778091209,train_inner_branch_input,3
HSMA33KS,H4039,CD,1,1,-0.11569890902335819,0.7802155529005861,train_inner_branch_input,3
HSMA33KU,H4039,CD,1,1,0.2230959023205269,0.8382763806729463,train_inner_branch_input,3
HSMA33L1,H4039,CD,1,1,-0.3763143522481497,0.7262614909744124,train_inner_branch_input,3
HSMA33LP,H4043,CD,1,2,-0.5218184302837063,0.6927835034912599,train_inner_branch_input,3
HSMA33MV,H4032,CD,1,4,-0.3190741919122562,0.7387904503840023,train_inner_branch_input,3
HSMA33NO,H4039,CD,1,1,0.09670428006116517,0.8182062191322818,train_inner_branch_input,3
HSMA33NQ,H4039,CD,1,1,0.004290652523916786,0.8023405453661556,train_inner_branch_input,3
HSMA33PL,H4039,CD,1,1,0.386309172581068,0.8615015266379638,train_inner_branch_input,3
HSMA33PN,H4039,CD,1,1,-0.07473631320229436,0.7879630317297821,train_inner_branch_input,3
HSMA33QY,H4043,CD,1,2,0.11272456509395848,0.8208535268822318,train_inner_branch_input,3
HSMA33R1,H4043,CD,1,2,-0.5276781293939962,0.6913883086571023,train_inner_branch_input,3
HSMA33R5,H4043,CD,1,2,0.09311083523452653,0.8176082511530147,train_inner_branch_input,3
HSMA33R7,H4043,CD,1,2,0.005245638893978347,0.8025097077954593,train_inner_branch_input,3
HSMA33R9,H4043,CD,1,2,-0.34152094950590617,0.733921668719797,train_inner_branch_input,3
HSMA33S4,H4043,CD,1,2,-0.4453555675464137,0.7106610893985906,train_inner_branch_input,3
MSM6J2N6_P,M2059,UC,1,2,-0.6478046869314339,0.6620403877184767,train_inner_branch_input,3
MSM79HAJ,M2064,UC,1,4,-1.6260755194149872,0.396367519424876,train_inner_branch_input,3
MSM79HAL,M2064,UC,1,4,0.15813400540295608,0.828193358054959,train_inner_branch_input,3
MSM79HAN,M2064,UC,1,4,-2.2257026581840567,0.25150753141177445,train_inner_branch_input,3
MSM79HAR,M2064,UC,1,4,0.23080521208568375,0.8394407223130192,train_inner_branch_input,3
MSM79HAT,M2064,UC,1,4,-0.16273960711431087,0.7710702489168064,train_inner_branch_input,3
MSM79HF1_P,M2064,UC,1,4,-0.5055981385805026,0.6966271613113969,train_inner_branch_input,3
MSM79HF3,M2064,UC,1,4,-0.3452296974742042,0.7331116825130822,train_inner_branch_input,3
MSM79HF5,M2064,UC,1,4,0.009149015720281222,0.8032000012780275,train_inner_branch_input,3
MSM79HF7,M2064,UC,1,4,-0.7191620158334131,0.6439781030610798,train_inner_branch_input,3
MSM79HF9,M2064,UC,1,4,-0.6781650901044989,0.6544094264795559,train_inner_branch_input,3
MSM79HF9_TR,M2064,UC,1,4,0.5768517245690997,0.8850056545224467,train_inner_branch_input,3
MSM79HFB,M2064,UC,1,4,0.057446715430531974,0.8115906171348903,train_inner_branch_input,3
MSM9VZIM,M2083,UC,1,1,1.470404059201338,0.9543086775427979,train_inner_branch_input,3
MSM9VZIO,M2083,UC,1,1,-0.2656239373804148,0.7501498100068323,train_inner_branch_input,3
MSM9VZIQ,M2083,UC,1,1,2.0381001309163485,0.9752378876162896,train_inner_branch_input,3
MSM9VZIS,M2083,UC,1,1,-0.29433596033647447,0.7440890979201736,train_inner_branch_input,3
MSM9VZIU,M2083,UC,1,1,0.22700928512682353,0.8388682706250252,train_inner_branch_input,3
MSM9VZIW,M2083,UC,1,1,-0.028504418702738028,0.7964650508086975,train_inner_branch_input,3
MSM9VZJJ_P,M2086,CD,1,2,-0.13940828998715982,0.775639273440586,train_inner_branch_input,3
MSM9VZLL,M2064,UC,1,4,-0.05955239646353086,0.7907836538938142,train_inner_branch_input,3
MSM9VZLN,M2064,UC,1,4,0.6450260377974133,0.892533259095961,train_inner_branch_input,3
MSM9VZLP,M2064,UC,1,4,-1.2227164544523688,0.5075119760663096,train_inner_branch_input,3
MSM9VZLR,M2064,UC,1,4,-0.12142353037515946,0.7791167837564206,train_inner_branch_input,3
MSM9VZLT,M2064,UC,1,4,-0.09427941815908611,0.784291869723414,train_inner_branch_input,3
MSM9VZLV,M2064,UC,1,4,-2.0774448289369363,0.2839525161948029,train_inner_branch_input,3
MSM9VZLZ,M2083,UC,1,1,-0.08230159441064998,0.7865473395529055,train_inner_branch_input,3
MSM9VZNR,M2083,UC,1,1,-0.6926895552259955,0.6507301521229655,train_inner_branch_input,3
MSM9VZNX,M2083,UC,1,1,1.6479527355993149,0.9622196727751143,train_inner_branch_input,3
MSM9VZNZ,M2083,UC,1,1,-0.5008076002607417,0.69775714996281,train_inner_branch_input,3
MSM9VZO2,M2083,UC,1,1,-0.3388219748975727,0.7345101355278723,train_inner_branch_input,3
MSMA2688,M2064,UC,1,4,-0.53973800093815,0.6885058541375954,train_inner_branch_input,3
MSMA26ER,M2064,UC,1,4,-0.8353864382711749,0.6136816934272002,train_inner_branch_input,3
MSMA26ET,M2064,UC,1,4,-1.0672134712570533,0.5507728819477903,train_inner_branch_input,3
MSMA26EZ,M2064,UC,1,4,-0.2541732253993228,0.7525400257930559,train_inner_branch_input,3
MSMAPC55,M2083,UC,1,1,-0.48113237556121446,0.7023729737397982,train_inner_branch_input,3
MSMAPC57,M2083,UC,1,1,-0.31879514381656343,0.7388506131203539,train_inner_branch_input,3
MSMAPC59,M2083,UC,1,1,-0.10062789872104592,0.7830894408972374,train_inner_branch_input,3
MSMAPC5B,M2083,UC,1,1,-0.22879660163996507,0.7577821997569739,train_inner_branch_input,3
MSMAPC5D,M2083,UC,1,1,1.631827678303772,0.9615592353518518,train_inner_branch_input,3
MSMB4LZP,M2083,UC,1,1,-0.21149262156844395,0.7613131729922927,train_inner_branch_input,3
MSMB4LZR,M2083,UC,1,1,2.665231906524166,0.9875568301974256,train_inner_branch_input,3
PSM6XBRM_P,P6010,CD,1,4,0.06016056408817881,0.8120538349337427,train_inner_branch_input,3
PSM6XBSI,P6010,CD,1,4,1.0375248007828413,0.9279369241272092,train_inner_branch_input,3
PSM6XBSK,P6010,CD,1,4,-0.24535263793104092,0.7543707357853506,train_inner_branch_input,3
PSM6XBSM,P6010,CD,1,4,-0.7312095975458464,0.6408859986144193,train_inner_branch_input,3
PSM6XBSO,P6010,CD,1,4,-0.2059890035056688,0.7624287818477188,train_inner_branch_input,3
PSM6XBUG,P6010,CD,1,4,2.4628042599930535,0.9844479626742747,train_inner_branch_input,3
PSM6XBUI,P6010,CD,1,4,-0.20544245463946184,0.7625393736738025,train_inner_branch_input,3
PSM6XBUK,P6010,CD,1,4,-0.3899628653987869,0.7232193634722721,train_inner_branch_input,3
PSM6XBUM,P6010,CD,1,4,-0.20596946798511492,0.7624327353877232,train_inner_branch_input,3
PSM6XBUO,P6010,CD,1,4,1.156112991384649,0.9363101029323134,train_inner_branch_input,3
PSM6XBUQ,P6010,CD,1,4,-0.30675132841513314,0.7414387074657287,train_inner_branch_input,3
PSM6XBV2,P6010,CD,1,4,-0.06143892733744728,0.7904347114065587,train_inner_branch_input,3
PSM6XBV4,P6010,CD,1,4,-0.38144225201079435,0.7251209756032132,train_inner_branch_input,3
PSM7J13I,P6033,CD,1,2,-0.006998305940416118,0.8003325888938241,train_inner_branch_input,3
PSM7J13K,P6033,CD,1,2,-0.09946930732356406,0.7833092439444994,train_inner_branch_input,3
PSM7J13M,P6033,CD,1,2,0.1134951276398483,0.8209800973477508,train_inner_branch_input,3
PSM7J13Q,P6033,CD,1,2,-0.06434924661543089,0.7898955652897981,train_inner_branch_input,3
PSM7J14L,P6010,CD,1,4,2.0259406612684776,0.9749076779345962,train_inner_branch_input,3
PSM7J14N,P6010,CD,1,4,0.1407460551031821,0.8254113729824865,train_inner_branch_input,3
PSM7J14P,P6010,CD,1,4,-0.1915426501693649,0.7653400134792153,train_inner_branch_input,3
PSM7J14R,P6010,CD,1,4,-0.16355161511337016,0.7709100595038934,train_inner_branch_input,3
PSM7J14T,P6010,CD,1,4,-0.6464274720282334,0.6623845895453996,train_inner_branch_input,3
PSM7J15W,P6028,CD,1,2,-0.15343981498360293,0.7728992524388615,train_inner_branch_input,3
PSM7J161,P6028,CD,1,2,0.7896296229848574,0.9070763319691056,train_inner_branch_input,3
PSM7J163,P6028,CD,1,2,-0.39081019696667296,0.7230298145055506,train_inner_branch_input,3
PSM7J177,P6028,CD,1,2,24.18289512888625,0.9999999999995437,train_inner_branch_input,3
PSM7J179,P6028,CD,1,2,-0.6673060668827379,0.6571481901230143,train_inner_branch_input,3
PSM7J17B,P6028,CD,1,2,0.009535304801198732,0.8032682154981806,train_inner_branch_input,3
PSM7J17D,P6028,CD,1,2,1.0290749326803994,0.9273030447063731,train_inner_branch_input,3
PSM7J17F,P6028,CD,1,2,2.2469587408988145,0.980290047583231,train_inner_branch_input,3
PSM7J18E,P6010,CD,1,4,0.13924915017258702,0.8251702228669565,train_inner_branch_input,3
PSM7J18G,P6010,CD,1,4,0.29980227650174324,0.8495611467665299,train_inner_branch_input,3
PSM7J18I,P6010,CD,1,4,-0.6467845532232748,0.6622953621691449,train_inner_branch_input,3
PSM7J18K,P6010,CD,1,4,-0.01085822693138023,0.7996425257362898,train_inner_branch_input,3
PSM7J18M,P6010,CD,1,4,-0.2544712564955645,0.7524780098722663,train_inner_branch_input,3
PSM7J1B3_P,P6028,CD,1,2,0.019886387872478734,0.8050894507252467,train_inner_branch_input,3
PSMA264O,P6035,UC,1,2,-0.3455875747669645,0.733033439628242,train_inner_branch_input,3
PSMA264Q,P6035,UC,1,2,0.3902682184725886,0.8620284742951314,train_inner_branch_input,3
PSMA264S,P6035,UC,1,2,0.33097147972799845,0.8539581067709298,train_inner_branch_input,3
PSMA264U,P6035,UC,1,2,0.3360565324160683,0.854665248295382,train_inner_branch_input,3
PSMA264W,P6035,UC,1,2,-0.2825711423335099,0.7465841064180209,train_inner_branch_input,3
PSMA2651_P,P6033,CD,1,2,-0.3115923786150068,0.740400425415372,train_inner_branch_input,3
PSMA2653,P6033,CD,1,2,-0.13904040170302026,0.7757107961416562,train_inner_branch_input,3
PSMA2659,P6033,CD,1,2,-0.17464860615284641,0.7687130034605684,train_inner_branch_input,3
PSMA265B,P6033,CD,1,2,-0.09053448259823765,0.7849989067693632,train_inner_branch_input,3
PSMA2668,P6028,CD,1,2,-0.1322094450832576,0.7770358857157424,train_inner_branch_input,3
PSMA266C,P6028,CD,1,2,6.537746157866781,0.9998335800381651,train_inner_branch_input,3
PSMA267D,P6033,CD,1,2,-0.06494768979382748,0.7897845756301591,train_inner_branch_input,3
PSMA267F,P6033,CD,1,2,-0.03289038321410563,0.7956694927192397,train_inner_branch_input,3
PSMA267H,P6033,CD,1,2,0.33060375321321045,0.8539068592746494,train_inner_branch_input,3
PSMA267J,P6035,UC,1,2,0.8157067036660961,0.9095032139038294,train_inner_branch_input,3
PSMA267P,P6035,UC,1,2,0.11692242723773101,0.8215422089316243,train_inner_branch_input,3
PSMA267R,P6035,UC,1,2,0.36814289916391874,0.8590619146059405,train_inner_branch_input,3
PSMB4MBI,P6035,UC,1,2,-0.38609670951955355,0.7240832096296074,train_inner_branch_input,3
PSMB4MBK,P6035,UC,1,2,-0.10135576146388264,0.7829512714397362,train_inner_branch_input,3
PSMB4MC7,P6035,UC,1,2,0.20705561079332221,0.8358319782017302,train_inner_branch_input,3
CSM5FZ3T_P,C3002,CD,1,0,0.009048752874052685,0.8031822930909407,train_inner_branch_input,3
CSM5FZ3X_P,C3002,CD,1,0,-0.10140164985417553,0.7829425583610996,train_inner_branch_input,3
CSM5FZ3Z_P,C3002,CD,1,0,-0.10899797135769283,0.7814967190726924,train_inner_branch_input,3
CSM5FZ42_P,C3002,CD,1,0,0.054953252635250624,0.8111642439827529,train_inner_branch_input,3
CSM5FZ44_P,C3002,CD,1,0,-0.06141380785100368,0.7904393604445968,train_inner_branch_input,3
CSM5FZ46_P,C3002,CD,1,0,0.17788744220141392,0.831311048226661,train_inner_branch_input,3
CSM5MCUQ_P,C3005,UC,1,0,0.18862140219434287,0.8329861966250385,train_inner_branch_input,3
CSM5MCUS_P,C3005,UC,1,0,-0.3367366808207469,0.7349642299366086,train_inner_branch_input,3
CSM5MCUW_P,C3005,UC,1,0,0.37237196062133543,0.8596330385203589,train_inner_branch_input,3
CSM5MCUY_P,C3005,UC,1,0,0.13223136426573803,0.8240361627407952,train_inner_branch_input,3
CSM5MCVJ_P,C3002,CD,1,0,-0.2302855390194323,0.7574767191797159,train_inner_branch_input,3
CSM5MCVL,C3002,CD,1,0,0.050295860677516596,0.8103658648983262,train_inner_branch_input,3
CSM5MCVN,C3002,CD,1,0,2.8272251318625536,0.9895954963863931,train_inner_branch_input,3
CSM5MCY4,C3005,UC,1,0,0.2299741246025755,0.8393155294448843,train_inner_branch_input,3
CSM5MCY8,C3005,UC,1,0,0.8889946681980082,0.9160207270929988,train_inner_branch_input,3
CSM67U9T_P,C3015,UC,1,0,0.08011020100246113,0.8154321148798865,train_inner_branch_input,3
CSM67UAK,C3015,UC,1,0,-0.364945978703988,0.7287794323012864,train_inner_branch_input,3
CSM67UAM,C3015,UC,1,0,-0.3048541720964328,0.7418448608199458,train_inner_branch_input,3
CSM67UAO,C3015,UC,1,0,0.17103281032385162,0.8302343199625666,train_inner_branch_input,3
CSM67UAQ,C3015,UC,1,0,-0.6245605856636085,0.6678264681103135,train_inner_branch_input,3
CSM67UAS,C3015,UC,1,0,0.30763567920828194,0.8506763299203415,train_inner_branch_input,3
CSM67UBF,C3002,CD,1,0,-0.16220554712719001,0.7711755630116638,train_inner_branch_input,3
CSM67UBH,C3002,CD,1,0,2.739391804013265,0.9885349551491824,train_inner_branch_input,3
CSM67UBN,C3002,CD,1,0,2.1249102882048327,0.97747528423336,train_inner_branch_input,3
CSM67UBR,C3002,CD,1,0,-0.3825530982826751,0.72487351967206,train_inner_branch_input,3
CSM67UE3,C3005,UC,1,0,-0.3191538122637519,0.7387732826028146,train_inner_branch_input,3
CSM67UE7,C3005,UC,1,0,-0.47140385809921137,0.7046402205592396,train_inner_branch_input,3
CSM67UEA,C3005,UC,1,0,1.029727473153055,0.9273521785334009,train_inner_branch_input,3
CSM67UEI,C3005,UC,1,0,1.9436544452313056,0.9725576610591699,train_inner_branch_input,3
CSM67UEM,C3005,UC,1,0,-0.3134167096835459,0.7400084511698898,train_inner_branch_input,3
CSM79HG7_P,C3024,CD,1,0,-0.27659668920944275,0.7478449621579594,train_inner_branch_input,3
CSM79HID,C3015,UC,1,0,0.11923790287565966,0.8219211876105149,train_inner_branch_input,3
CSM79HIF,C3015,UC,1,0,0.36734692090144394,0.8589542028148062,train_inner_branch_input,3
CSM79HIH,C3015,UC,1,0,0.20658578580711395,0.8357599353747648,train_inner_branch_input,3
CSM79HIJ,C3015,UC,1,0,-0.1263679081715504,0.7781646093091937,train_inner_branch_input,3
CSM79HIL,C3015,UC,1,0,-0.08230243408822467,0.7865471820423583,train_inner_branch_input,3
CSM79HIN,C3015,UC,1,0,0.104685279738256,0.8195288424788174,train_inner_branch_input,3
CSM79HJI_P,C3030,CD,1,0,-0.10251261992858152,0.782731535273941,train_inner_branch_input,3
CSM79HJW,C3002,CD,1,0,-0.2832638260547953,0.7464376525089793,train_inner_branch_input,3
CSM79HJY,C3002,CD,1,0,-0.28201753351065406,0.7467011155811114,train_inner_branch_input,3
CSM79HNO,C3030,CD,1,0,0.5049846481187391,0.876577734294749,train_inner_branch_input,3
CSM79HNU,C3030,CD,1,0,0.12142915951764736,0.8222792542228095,train_inner_branch_input,3
CSM79HNW,C3030,CD,1,0,0.13952498849800152,0.8252146799091249,train_inner_branch_input,3
CSM79HO1,C3005,UC,1,0,-0.29061715687214906,0.7448794973622543,train_inner_branch_input,3
CSM7KOJQ,C3015,UC,1,0,-0.2358354888230575,0.7563357474959485,train_inner_branch_input,3
CSM7KOJS,C3015,UC,1,0,-0.16549281553810366,0.7705267887097069,train_inner_branch_input,3
CSM7KOJU,C3015,UC,1,0,0.02201134807345411,0.8054617448139365,train_inner_branch_input,3
CSM7KOJW,C3015,UC,1,0,-0.23090613756099962,0.7573493156294746,train_inner_branch_input,3
CSM7KOJY,C3015,UC,1,0,-0.252502475894106,0.7528874912400705,train_inner_branch_input,3
CSM7KOK1,C3015,UC,1,0,-0.2645255094871868,0.7503797615914497,train_inner_branch_input,3
CSM7KOMB,C3030,CD,1,0,1.2515942834663643,0.9423834396181212,train_inner_branch_input,3
CSM7KOMH,C3030,CD,1,0,0.2189087498274716,0.8376411418403151,train_inner_branch_input,3
CSM7KOPG,C3015,UC,1,0,-0.27729535587789667,0.7476977296239318,train_inner_branch_input,3
CSM7KOPI,C3015,UC,1,0,-1.0960022542332297,0.542802030905516,train_inner_branch_input,3
CSM7KOPK,C3015,UC,1,0,0.09362513473806487,0.8176939268846694,train_inner_branch_input,3
CSM7KOPM,C3015,UC,1,0,-0.008931417508465734,0.7999872171700803,train_inner_branch_input,3
CSM7KOPO,C3015,UC,1,0,-0.07810776219990927,0.7873329811887306,train_inner_branch_input,3
CSM7KOSJ,C3030,CD,1,0,0.28686051960471326,0.8477037205504719,train_inner_branch_input,3
CSM7KOSL,C3030,CD,1,0,0.5196195475253182,0.8783359354902875,train_inner_branch_input,3
CSM7KOSP,C3030,CD,1,0,2.18300909559701,0.978861077670102,train_inner_branch_input,3
CSM7KOST,C3030,CD,1,0,0.260532985848301,0.8438671138344276,train_inner_branch_input,3
ESM5GEYW_P,E5006,CD,1,0,0.23725064948241162,0.8404089693167793,train_inner_branch_input,3
ESM5GEYY_P,E5006,CD,1,0,-0.14329825081846642,0.7748820181797397,train_inner_branch_input,3
ESM5MEA7_P,E5008,UC,1,0,-0.3255994903888553,0.73738104458305,train_inner_branch_input,3
ESM5MEA9_P,E5008,UC,1,0,0.6088826717727087,0.888597965880839,train_inner_branch_input,3
ESM5MEAB_P,E5008,UC,1,0,-0.19376962275414295,0.7648928508904878,train_inner_branch_input,3
HSM5MD3L_P,H4014,CD,1,0,0.08904994427244009,0.8169306597869174,train_inner_branch_input,3
HSM5MD5Z_P,H4016,nonIBD,0,0,-0.28757480223760046,0.7455249285903426,train_inner_branch_input,3
HSM5MD66,H4014,CD,1,0,-0.16233398987028214,0.7711502378244622,train_inner_branch_input,3
HSM5MD6A,H4014,CD,1,0,-0.3951549909680643,0.7220566224530806,train_inner_branch_input,3
HSM5MD6A_TR,H4014,CD,1,0,0.31183450292716114,0.8512712744692306,train_inner_branch_input,3
HSM5MD6C,H4014,CD,1,0,-0.06205665192207072,0.7903203609726555,train_inner_branch_input,3
HSM5MD6E_P,H4013,nonIBD,0,0,-0.4620622213756177,0.7068078334551718,train_inner_branch_input,3
HSM5MD6I,H4013,nonIBD,0,0,-0.41011633120596996,0.7186893864709565,train_inner_branch_input,3
HSM5MD6I_P,H4013,nonIBD,0,0,-0.28465946217933413,0.7461424038934474,train_inner_branch_input,3
HSM5MD6K,H4013,nonIBD,0,0,-1.1067611308053074,0.5398173253788143,train_inner_branch_input,3
HSM5MD6K_P,H4013,nonIBD,0,0,-0.2892287071704619,0.7451741884663144,train_inner_branch_input,3
HSM5MD6M,H4013,nonIBD,0,0,-0.3743110969578238,0.7267062406892534,train_inner_branch_input,3
HSM5MD6O_P,H4016,nonIBD,0,0,-0.14412083358719832,0.7747216546491407,train_inner_branch_input,3
HSM5MD6Q,H4016,nonIBD,0,0,-0.32748466937397014,0.7369729524722697,train_inner_branch_input,3
HSM5MD6S_P,H4016,nonIBD,0,0,-0.3279480511257383,0.7368725799833923,train_inner_branch_input,3
HSM5MD6U_P,H4016,nonIBD,0,0,-0.1957696225950158,0.7644907603134413,train_inner_branch_input,3
HSM5MD6W,H4016,nonIBD,0,0,-0.45163999336551786,0.7092151616213237,train_inner_branch_input,3
HSM5MD8F_P,H4012,CD,1,0,-0.06681016099566167,0.7894388790084587,train_inner_branch_input,3
HSM5MD8H_P,H4013,nonIBD,0,0,-0.3582345740971767,0.7302590728923303,train_inner_branch_input,3
HSM67VF3,H4016,nonIBD,0,0,-0.11428373920159479,0.7804865709270192,train_inner_branch_input,3
HSM6XRRJ,H4013,nonIBD,0,0,0.2669383062801979,0.8448077258658132,train_inner_branch_input,3
HSM6XRRV,H4014,CD,1,0,0.4992709539997342,0.8758854008568573,train_inner_branch_input,3
HSM6XRS2,H4014,CD,1,0,-0.14462501507525985,0.7746233238038752,train_inner_branch_input,3
HSM6XRVA,H4013,nonIBD,0,0,-0.42852227542879734,0.7145130240048941,train_inner_branch_input,3
HSM6XRVC,H4013,nonIBD,0,0,-1.2781147938006552,0.4920390469731142,train_inner_branch_input,3
HSM6XRVC_TR,H4013,nonIBD,0,0,-0.10801828856350755,0.7816835751776992,train_inner_branch_input,3
HSM6XRVK,H4013,nonIBD,0,0,-0.5531183847419493,0.6852906085562358,train_inner_branch_input,3
HSM6XRVM,H4014,CD,1,0,0.606437581997314,0.8883272431003513,train_inner_branch_input,3
HSM6XRVO,H4014,CD,1,0,0.9281753283933333,0.9193275685823971,train_inner_branch_input,3
HSM6XRVU,H4014,CD,1,0,-0.001683257722862152,0.8012798730334733,train_inner_branch_input,3
HSM6XRVW,H4014,CD,1,0,0.4274467544607541,0.8668951212725855,train_inner_branch_input,3
HSM7CYXE,H4016,nonIBD,0,0,-0.23427904030009258,0.7566560925883056,train_inner_branch_input,3
HSM7CYXG,H4016,nonIBD,0,0,-0.7433053233352582,0.6377697173179282,train_inner_branch_input,3
HSM7CYXI,H4016,nonIBD,0,0,0.19808734962845176,0.834452399131188,train_inner_branch_input,3
HSM7CYXO,H4016,nonIBD,0,0,-0.16988506591595237,0.7696579214453857,train_inner_branch_input,3
HSM7CZ2V_P,H4031,CD,1,0,-0.27184959796207153,0.7488438248361209,train_inner_branch_input,3
HSM7CZ3A,H4031,CD,1,0,-0.10143402450095584,0.7829364110584667,train_inner_branch_input,3
HSM7CZ3C,H4031,CD,1,0,0.07302519003481363,0.8142377458974825,train_inner_branch_input,3
HSM7CZ3E,H4031,CD,1,0,-0.07547307461816663,0.7878254636206183,train_inner_branch_input,3
HSM7CZ3G,H4031,CD,1,0,-0.7911879254936127,0.6253215491884067,train_inner_branch_input,3
HSM7J4I3,H4016,nonIBD,0,0,-0.1948562179129535,0.7646744550470223,train_inner_branch_input,3
HSM7J4J7,H4038,CD,1,0,0.18375033984103983,0.8322276695549002,train_inner_branch_input,3
HSM7J4J9,H4038,CD,1,0,-0.5285598850513464,0.6911780591186701,train_inner_branch_input,3
HSM7J4JD,H4038,CD,1,0,-0.7076495174971619,0.646921700270034,train_inner_branch_input,3
HSM7J4JF,H4038,CD,1,0,-0.17451256914827637,0.7687400259463026,train_inner_branch_input,3
HSM7J4JT_P,H4040,UC,1,0,-0.14241116064699344,0.7750548667233293,train_inner_branch_input,3
HSM7J4KO,H4016,nonIBD,0,0,-0.23189230484017784,0.7571467704095708,train_inner_branch_input,3
HSM7J4KQ,H4016,nonIBD,0,0,0.08840963933731108,0.816823641830356,train_inner_branch_input,3
HSM7J4MK,H4031,CD,1,0,-1.5201514737428243,0.42500154706398147,train_inner_branch_input,3
HSM7J4NO,H4040,UC,1,0,-0.006364401516964754,0.8004457454213247,train_inner_branch_input,3
HSM7J4NS,H4040,UC,1,0,-0.15416770827851137,0.7727564695794533,train_inner_branch_input,3
HSM7J4NU,H4040,UC,1,0,-0.2462050101879664,0.7541942255215147,train_inner_branch_input,3
HSM7J4OB,H4031,CD,1,0,-0.3888627607110773,0.7234653385456273,train_inner_branch_input,3
HSM7J4OE,H4031,CD,1,0,-1.2461392083107459,0.5009699683886111,train_inner_branch_input,3
HSM7J4OL,H4031,CD,1,0,-0.39596865713965035,0.7218741354124372,train_inner_branch_input,3
HSM7J4PA,H4031,CD,1,0,-0.23928951382593247,0.7556238265812387,train_inner_branch_input,3
HSM7J4QT,H4014,CD,1,0,1.3876148610351076,0.9501015178040843,train_inner_branch_input,3
HSM7J4QZ,H4013,nonIBD,0,0,-0.326124926296888,0.7372673423923113,train_inner_branch_input,3
HSM7J4R2,H4013,nonIBD,0,0,-0.9514148454016005,0.5825319364275806,train_inner_branch_input,3
HSMA33IA,H4044,UC,1,0,-0.4452774542781587,0.7106790349469373,train_inner_branch_input,3
HSMA33IC,H4044,UC,1,0,0.06171290430628392,0.8123184049526515,train_inner_branch_input,3
HSMA33JB,H4031,CD,1,0,-0.7612323340684493,0.6331297748578508,train_inner_branch_input,3
HSMA33JD,H4031,CD,1,0,-0.5253007555684565,0.6919547845461903,train_inner_branch_input,3
HSMA33KE,H4038,CD,1,0,0.01335601377571393,0.8039419473228208,train_inner_branch_input,3
HSMA33KM,H4038,CD,1,0,-0.198755947924429,0.7638894884618421,train_inner_branch_input,3
HSMA33KO,H4038,CD,1,0,-0.744233637165186,0.6375300680957457,train_inner_branch_input,3
HSMA33LB,H4044,UC,1,0,0.13623838072303937,0.8246843955995702,train_inner_branch_input,3
HSMA33LH,H4044,UC,1,0,-0.4931498757595006,0.6995584818845912,train_inner_branch_input,3
HSMA33LH_TR,H4044,UC,1,0,0.1607212665378527,0.828604290426187,train_inner_branch_input,3
HSMA33LJ,H4044,UC,1,0,-0.22328277233468272,0.7589111733316289,train_inner_branch_input,3
HSMA33LX,H4040,UC,1,0,-0.06070651951992526,0.7905702321028888,train_inner_branch_input,3
HSMA33LZ,H4040,UC,1,0,0.21861643884580054,0.8375967198984126,train_inner_branch_input,3
HSMA33M2,H4040,UC,1,0,-0.09529179760991383,0.784100445139503,train_inner_branch_input,3
HSMA33M8,H4040,UC,1,0,1.1992837900923123,0.939126691343508,train_inner_branch_input,3
HSMA33NA,H4038,CD,1,0,-0.6230369592306233,0.6682039998900314,train_inner_branch_input,3
HSMA33NC,H4038,CD,1,0,-0.4301906209015221,0.7141326362450445,train_inner_branch_input,3
HSMA33NG_P,H4038,CD,1,0,-0.5849767329754384,0.6775636962144432,train_inner_branch_input,3
HSMA33NW,H4044,UC,1,0,-0.27002793438338957,0.7492264325849921,train_inner_branch_input,3
HSMA33OD,H4040,UC,1,0,0.01687830510057133,0.8045615102822444,train_inner_branch_input,3
HSMA33OJ,H4040,UC,1,0,0.3600147066388885,0.8579587689905998,train_inner_branch_input,3
HSMA33OL,H4040,UC,1,0,0.03304582650315241,0.8073863174996541,train_inner_branch_input,3
HSMA33P2_P,H4044,UC,1,0,-0.3437448188357624,0.733436166421829,train_inner_branch_input,3
HSMA33P6,H4044,UC,1,0,-0.12177787730513441,0.7790486421338264,train_inner_branch_input,3
HSMA33PX,H4038,CD,1,0,-0.8916712307435454,0.5986702690824953,train_inner_branch_input,3
HSMA33PZ,H4038,CD,1,0,-0.11333948234990934,0.780667271140877,train_inner_branch_input,3
HSMA33Q6,H4038,CD,1,0,-0.40263754069032287,0.7203756825383453,train_inner_branch_input,3
HSMA33RR,H4044,UC,1,0,-0.3321397825480189,0.7359634965356457,train_inner_branch_input,3
HSMA33RT,H4044,UC,1,0,-0.6096898523883842,0.6715019329975638,train_inner_branch_input,3
HSMA33RX,H4044,UC,1,0,-0.20658406822042683,0.7623083327357522,train_inner_branch_input,3
HSMA33RX_TR,H4044,UC,1,0,-0.13745955620798606,0.7760179504460176,train_inner_branch_input,3
MSM5LLFG_P,M2028,CD,1,0,0.580414091405263,0.8854101057128012,train_inner_branch_input,3
MSM5LLGN_P,M2028,CD,1,0,-0.28110071671904374,0.7468948128025737,train_inner_branch_input,3
MSM5LLGR_P,M2028,CD,1,0,-0.22826805296922886,0.7578905774366187,train_inner_branch_input,3
MSM5LLHE_P,M2025,CD,1,0,1.0802889168558054,0.9310673964381749,train_inner_branch_input,3
MSM5LLHG_P,M2025,CD,1,0,0.6797223671633031,0.8961954423791676,train_inner_branch_input,3
MSM5LLHI_P,M2025,CD,1,0,-0.7732817710655137,0.6299971022783556,train_inner_branch_input,3
MSM5LLHO_P,M2025,CD,1,0,0.368259314175517,0.859077662122203,train_inner_branch_input,3
MSM5LLHV_P,M2024,UC,1,0,0.28759172973289104,0.8478091647600292,train_inner_branch_input,3
MSM5LLIC_P,M2025,CD,1,0,0.651181280711811,0.8931911315228761,train_inner_branch_input,3
MSM6J2IE,M2028,CD,1,0,-0.09112363329195175,0.7848877878241041,train_inner_branch_input,3
MSM6J2IG,M2028,CD,1,0,0.19902244741257838,0.8345966771757691,train_inner_branch_input,3
MSM6J2II,M2028,CD,1,0,-0.3329908266929328,0.7357786802292395,train_inner_branch_input,3
MSM6J2IK,M2028,CD,1,0,-0.18564922951508808,0.766520529081969,train_inner_branch_input,3
MSM6J2IM,M2028,CD,1,0,-0.18810625116660115,0.7660288637297191,train_inner_branch_input,3
MSM6J2IO,M2028,CD,1,0,0.22262789040771017,0.8382054776195833,train_inner_branch_input,3
MSM6J2J3,M2025,CD,1,0,-0.23973287838560922,0.7555323413484494,train_inner_branch_input,3
MSM6J2J5,M2025,CD,1,0,-2.4742630055861277,0.20289381289131736,train_inner_branch_input,3
MSM6J2JB,M2025,CD,1,0,-0.2695735817116595,0.7493218007688935,train_inner_branch_input,3
MSM6J2JD,M2025,CD,1,0,-0.12996541295692798,0.777469969799111,train_inner_branch_input,3
MSM6J2JF_P,M2041,nonIBD,0,0,-0.19912481175283472,0.7638151472417337,train_inner_branch_input,3
MSM6J2JN,M2041,nonIBD,0,0,-0.08525181751969158,0.7859934006849768,train_inner_branch_input,3
MSM6J2JP,M2041,nonIBD,0,0,-0.5011487672391433,0.6976767546768285,train_inner_branch_input,3
MSM6J2JR,M2041,nonIBD,0,0,0.6612783853727136,0.894262631926597,train_inner_branch_input,3
MSM6J2JT,M2041,nonIBD,0,0,-0.27745809457426407,0.7476634269367896,train_inner_branch_input,3
MSM6J2LV,M2041,nonIBD,0,0,-0.8231751258475345,0.616911239733981,train_inner_branch_input,3
MSM6J2PK,M2025,CD,1,0,0.3043834293553265,0.8502141610191268,train_inner_branch_input,3
MSM6J2PM,M2025,CD,1,0,-0.5855055035038348,0.6774346107378036,train_inner_branch_input,3
MSM6J2Q3,M2028,CD,1,0,0.9628528477226299,0.9221547994170706,train_inner_branch_input,3
MSM6J2Q5,M2028,CD,1,0,-0.44557925182176966,0.7106096970780902,train_inner_branch_input,3
MSM6J2Q7,M2028,CD,1,0,-0.20781099688289237,0.7620598532199501,train_inner_branch_input,3
MSM6J2Q9,M2028,CD,1,0,-1.0079858144333935,0.5670853223299726,train_inner_branch_input,3
MSM6J2QB,M2028,CD,1,0,-0.16452163295017821,0.7707185953516851,train_inner_branch_input,3
MSM6J2QD,M2028,CD,1,0,-0.40029671805648165,0.72090221182035,train_inner_branch_input,3
MSM6J2SE,M2041,nonIBD,0,0,0.2412449449416248,0.8410066233856417,train_inner_branch_input,3
MSM6J2SI,M2041,nonIBD,0,0,-0.2877588011700312,0.7454859240496461,train_inner_branch_input,3
MSM6J2SK,M2041,nonIBD,0,0,-0.4283571684647381,0.7145506523557368,train_inner_branch_input,3
MSM79H63,M2028,CD,1,0,0.5959159475612015,0.8871557059203791,train_inner_branch_input,3
MSM79H65,M2028,CD,1,0,-0.09998524671804561,0.783211382014302,train_inner_branch_input,3
MSM79H67,M2028,CD,1,0,-0.37998448680828795,0.7254455026285624,train_inner_branch_input,3
MSM79H69,M2028,CD,1,0,-0.09321708212153368,0.784492607956404,train_inner_branch_input,3
MSM79H6B,M2028,CD,1,0,-0.22871761779009975,0.7577983973097503,train_inner_branch_input,3
MSM79H7C,M2071,UC,1,0,0.0773271115499211,0.8149636603095648,train_inner_branch_input,3
MSM79H7E,M2071,UC,1,0,0.3556114757768811,0.8573581660587756,train_inner_branch_input,3
MSM79H7G,M2071,UC,1,0,0.7031017092054647,0.8986005026719308,train_inner_branch_input,3
MSM79H7M,M2071,UC,1,0,1.3741898874896026,0.9493855802223164,train_inner_branch_input,3
MSM79H98,M2068,CD,1,0,-0.30141123836140205,0.7425808792309098,train_inner_branch_input,3
MSM79HB6,M2041,nonIBD,0,0,0.16725345193685442,0.8296383222735141,train_inner_branch_input,3
MSM79HBX_P,M2068,CD,1,0,-0.3842301966785336,0.7244996617288865,train_inner_branch_input,3
MSM79HD6_P,M2071,UC,1,0,-0.3132317572535187,0.7400482073767487,train_inner_branch_input,3
MSM79HDK,M2068,CD,1,0,-0.6165726777197855,0.6698033437036276,train_inner_branch_input,3
MSM79HDM,M2068,CD,1,0,0.14315898149698175,0.8257995411349134,train_inner_branch_input,3
MSM79HDO,M2068,CD,1,0,0.09978467694304698,0.8187175985028331,train_inner_branch_input,3
MSM79HDQ,M2068,CD,1,0,0.0026564430500895493,0.8020508148223554,train_inner_branch_input,3
MSM79HDQ_TR,M2068,CD,1,0,-0.006166094824517056,0.8004811347139256,train_inner_branch_input,3
MSM79HDS,M2068,CD,1,0,-0.17922272957783741,0.7678031116936227,train_inner_branch_input,3
MSM79HDU,M2068,CD,1,0,-0.2738693233321621,0.7484191644727727,train_inner_branch_input,3
MSM79HES,M2041,nonIBD,0,0,0.06350053196128093,0.8126227208224535,train_inner_branch_input,3
MSM79HEU,M2041,nonIBD,0,0,-0.8913882290975778,0.598746237829444,train_inner_branch_input,3
MSM79HEW,M2041,nonIBD,0,0,-0.2715614785144303,0.748904364976623,train_inner_branch_input,3
MSM79HEY,M2041,nonIBD,0,0,-0.05310253557332059,0.7919734243492194,train_inner_branch_input,3
MSM7J16J,M2068,CD,1,0,-0.3981355328076925,0.721387794816367,train_inner_branch_input,3
MSM7J16L,M2068,CD,1,0,-0.37916505744229023,0.7256278190325112,train_inner_branch_input,3
MSM7J16N,M2068,CD,1,0,-0.07452426841184336,0.7880026126544173,train_inner_branch_input,3
MSM7J16P,M2068,CD,1,0,-0.2899484547142035,0.7450214538238958,train_inner_branch_input,3
MSM7J16R,M2068,CD,1,0,-0.32187280134187374,0.7381865751914509,train_inner_branch_input,3
MSM9VZEK,M2068,CD,1,0,0.3646203879805094,0.8585847267912968,train_inner_branch_input,3
MSM9VZEK_TR,M2068,CD,1,0,0.24556079926953436,0.8416503498457609,train_inner_branch_input,3
MSM9VZEM,M2068,CD,1,0,-0.19470700160458543,0.7647044544983701,train_inner_branch_input,3
MSM9VZEO,M2068,CD,1,0,-0.2231679486751589,0.7589346456246542,train_inner_branch_input,3
MSM9VZEQ,M2068,CD,1,0,-0.32575375593715167,0.7373476654321857,train_inner_branch_input,3
MSM9VZES,M2068,CD,1,0,0.7316043694509031,0.9014656302544772,train_inner_branch_input,3
MSM9VZFJ_P,M2079,nonIBD,0,0,-0.29568998158377546,0.7438009137926386,train_inner_branch_input,3
MSM9VZFL,M2079,nonIBD,0,0,-0.2809692562960323,0.7469225786091918,train_inner_branch_input,3
MSM9VZFN,M2079,nonIBD,0,0,-0.5946646043630412,0.6751943734606143,train_inner_branch_input,3
MSM9VZFR,M2079,nonIBD,0,0,-0.334634945667249,0.7354214017569092,train_inner_branch_input,3
MSM9VZFT,M2079,nonIBD,0,0,-0.3122374209462463,0.7402618760262787,train_inner_branch_input,3
MSM9VZJB,M2068,CD,1,0,-0.5436749887716665,0.6875616808819319,train_inner_branch_input,3
MSM9VZKC,M2079,nonIBD,0,0,-0.5540761274325086,0.6850597797863426,train_inner_branch_input,3
MSM9VZKE,M2079,nonIBD,0,0,-0.7162797383130705,0.6447160963965425,train_inner_branch_input,3
MSM9VZKI,M2079,nonIBD,0,0,-0.3802986527026863,0.7253755832940119,train_inner_branch_input,3
MSM9VZLX_P,M2082,CD,1,0,-0.34505990937629893,0.7331487982656364,train_inner_branch_input,3
MSMA26AL,M2068,CD,1,0,-1.0290510501176804,0.561298318693901,train_inner_branch_input,3
MSMA26AN,M2068,CD,1,0,-0.4034715400160432,0.7201879414324697,train_inner_branch_input,3
MSMA26AP,M2068,CD,1,0,-0.11310725729532793,0.7807116951131834,train_inner_branch_input,3
MSMA26AR,M2068,CD,1,0,-0.14209495474456066,0.7751164563180054,train_inner_branch_input,3
MSMA26AT,M2068,CD,1,0,-0.27815883011844567,0.7475156879173427,train_inner_branch_input,3
MSMA26AV,M2071,UC,1,0,-0.11667364141289022,0.7800287429522681,train_inner_branch_input,3
MSMA26AX,M2071,UC,1,0,0.3350929017508567,0.8545314617351016,train_inner_branch_input,3
MSMA26AZ,M2071,UC,1,0,0.42029708559415063,0.8659706585370769,train_inner_branch_input,3
MSMA26AZ_TR,M2071,UC,1,0,0.24771030886226153,0.8419701674179464,train_inner_branch_input,3
MSMA26BN,M2079,nonIBD,0,0,-0.3270212037575104,0.7370733184939507,train_inner_branch_input,3
MSMA26BR,M2079,nonIBD,0,0,-0.4680799749509376,0.705412553625908,train_inner_branch_input,3
MSMA26BT,M2079,nonIBD,0,0,-0.35716836337489133,0.7304936676049875,train_inner_branch_input,3
MSMA26BV,M2079,nonIBD,0,0,-0.16613326866130282,0.7704002388479122,train_inner_branch_input,3
MSMA26BX,M2079,nonIBD,0,0,-0.11497610260168098,0.7803540069935547,train_inner_branch_input,3
MSMB4LZ4,M2071,UC,1,0,1.0155887291886054,0.9262807050766144,train_inner_branch_input,3
MSMB4LZ8,M2079,nonIBD,0,0,0.35080478228697115,0.8567001152676562,train_inner_branch_input,3
PSM6XBQM_P,P6005,CD,1,0,-0.379020141086823,0.725660053913153,train_inner_branch_input,3
PSM6XBQS,P6005,CD,1,0,-0.5973170424453763,0.6745441039825272,train_inner_branch_input,3
PSM6XBQU,P6005,CD,1,0,-0.17883188110230483,0.7678809573565795,train_inner_branch_input,3
PSM6XBQY,P6005,CD,1,0,0.9808950763047757,0.9235896331151477,train_inner_branch_input,3
PSM6XBQY_TR,P6005,CD,1,0,0.11419140782854036,0.82109440625117,train_inner_branch_input,3
PSM6XBR1,P6005,CD,1,0,-0.22318507955973063,0.7589311438221521,train_inner_branch_input,3
PSM6XBSE,P6012,UC,1,0,0.34208990299016917,0.8555005768401167,train_inner_branch_input,3
PSM6XBSE_P,P6012,UC,1,0,-0.280018309170222,0.7471233685371524,train_inner_branch_input,3
PSM6XBSG_P,P6013,UC,1,0,-0.1984338660915769,0.7639543879646786,train_inner_branch_input,3
PSM6XBSS,P6005,CD,1,0,0.8050417996987544,0.9085176516032917,train_inner_branch_input,3
PSM6XBSU,P6005,CD,1,0,-0.8447097539894868,0.6112091720799935,train_inner_branch_input,3
PSM6XBSU_TR,P6005,CD,1,0,-0.05306161899057606,0.7919809560579593,train_inner_branch_input,3
PSM6XBT1,P6005,CD,1,0,-0.3394625097216784,0.7343705527326806,train_inner_branch_input,3
PSM6XBT3,P6013,UC,1,0,1.6978873281815339,0.9641963897901107,train_inner_branch_input,3
PSM6XBT5,P6013,UC,1,0,-0.20221512196567254,0.7631916877171568,train_inner_branch_input,3
PSM6XBT7,P6013,UC,1,0,-0.029892517549462146,0.7962135170472472,train_inner_branch_input,3
PSM6XBT9,P6013,UC,1,0,-0.6631479238197991,0.6581941667467895,train_inner_branch_input,3
PSM6XBTB,P6013,UC,1,0,-0.11931702745983934,0.7795215576221405,train_inner_branch_input,3
PSM6XBTD,P6013,UC,1,0,1.4790469435473252,0.9547279026981359,train_inner_branch_input,3
PSM6XBVI,P6012,UC,1,0,-0.07776210685763664,0.7873976394758181,train_inner_branch_input,3
PSM6XBVK,P6012,UC,1,0,0.32547862248679554,0.8531910527659596,train_inner_branch_input,3
PSM6XBVM,P6012,UC,1,0,0.8672025142366463,0.9141286099564802,train_inner_branch_input,3
PSM6XBVO,P6012,UC,1,0,-0.3290106818364289,0.7366423120299163,train_inner_branch_input,3
PSM6XBVQ,P6012,UC,1,0,-0.2235736467578197,0.7588517057008264,train_inner_branch_input,3
PSM6XBVS,P6012,UC,1,0,-0.37019752770036324,0.7276180938346992,train_inner_branch_input,3
PSM7J127,P6013,UC,1,0,-0.19333378363194414,0.7649804111726085,train_inner_branch_input,3
PSM7J129,P6013,UC,1,0,2.249565550738292,0.9803462445194011,train_inner_branch_input,3
PSM7J12B,P6013,UC,1,0,0.0046410384335640945,0.8024026239910981,train_inner_branch_input,3
PSM7J12D,P6013,UC,1,0,-0.6418454711679485,0.6635285113564962,train_inner_branch_input,3
PSM7J12F,P6013,UC,1,0,1.020176255224841,0.9266299451171851,train_inner_branch_input,3
PSM7J136,P6005,CD,1,0,1.0866328588757976,0.9315209293227608,train_inner_branch_input,3
PSM7J13E,P6005,CD,1,0,1.8092264218975664,0.9682514771575855,train_inner_branch_input,3
PSM7J169,P6013,UC,1,0,-0.3030920723715734,0.7422217277269376,train_inner_branch_input,3
PSM7J16B,P6013,UC,1,0,1.169715532567566,0.9372104338948417,train_inner_branch_input,3
PSM7J16F,P6013,UC,1,0,-0.5200431394630605,0.6932055068675433,train_inner_branch_input,3
PSM7J16H,P6013,UC,1,0,-0.33372475317532363,0.7356192311200723,train_inner_branch_input,3
PSM7J18Q,P6012,UC,1,0,0.2696406241467583,0.8452031677866982,train_inner_branch_input,3
PSM7J193,P6013,UC,1,0,0.4113252054535051,0.8648029093172614,train_inner_branch_input,3
PSM7J1AM,P6013,UC,1,0,0.2146974486438561,0.837000211942222,train_inner_branch_input,3
PSM7J1AO,P6013,UC,1,0,-0.24766308281369825,0.7538920879340119,train_inner_branch_input,3
PSM7J1AQ,P6013,UC,1,0,-0.15884514770537483,0.7718374359597364,train_inner_branch_input,3
PSM7J1AS,P6013,UC,1,0,-0.6495833662866765,0.66159559546429,train_inner_branch_input,3
PSM7J1AU,P6013,UC,1,0,1.3526459424607933,0.9482163099675135,train_inner_branch_input,3
PSM7J1AW,P6013,UC,1,0,2.0895627168029653,0.9765891377119136,train_inner_branch_input,3
PSM7J1B7,P6012,UC,1,0,-0.3475604147405474,0.7326018549628948,train_inner_branch_input,3
PSM7J1B9,P6012,UC,1,0,-0.9923185503214116,0.5713776575118713,train_inner_branch_input,3
PSM7J1BB,P6012,UC,1,0,-0.5833779251332994,0.6779538384914242,train_inner_branch_input,3
PSM7J1BD,P6012,UC,1,0,-0.2773056657353078,0.7476955565642781,train_inner_branch_input,3
PSM7J1BF,P6012,UC,1,0,-0.17453420464378674,0.7687357284039634,train_inner_branch_input,3
PSM7J1BH,P6012,UC,1,0,1.7387616326352735,0.965739968529648,train_inner_branch_input,3
PSM7J1C8,P6005,CD,1,0,-0.5898645301785047,0.6763694385676953,train_inner_branch_input,3
PSM7J1CC,P6005,CD,1,0,1.1393361354837603,0.9351831000058916,train_inner_branch_input,3
PSM7J1CG,P6005,CD,1,0,-0.940140911265472,0.5855920110994722,train_inner_branch_input,3
PSM7J1CI,P6005,CD,1,0,-0.394946901485067,0.7221032804214438,train_inner_branch_input,3
CSM5MCXF,C3012,CD,1,1,1.3488268925512248,0.948006388416764,train_inner_branch_input,3
CSM79HJE,C3028,CD,1,4,1.4863983314867506,0.9550815974348321,train_inner_branch_input,3
CSM9X21B,C3028,CD,1,4,0.9029132514929799,0.9172093212631649,train_inner_branch_input,3
MSM5LLEN,M2021,CD,1,1,0.2320067286744264,0.8396215761882851,train_inner_branch_input,3
MSM5LLH8,M2027,CD,1,4,0.8711556950031122,0.9144746916471279,train_inner_branch_input,3
MSM5LLIG,M2021,CD,1,1,1.1780580269810281,0.937756721877133,train_inner_branch_input,3
MSM5LLIK,M2021,CD,1,1,1.6156229128825097,0.9608843749533515,train_inner_branch_input,3
MSM5LLIS,M2027,CD,1,4,0.8817905890832939,0.9153994565206142,train_inner_branch_input,3
MSM6J2H9,M2039,nonIBD,0,4,1.3426564132918994,0.9476655155559804,train_inner_branch_input,3
MSM6J2JH,M2042,nonIBD,0,4,-0.2590663872613,0.751520510773073,train_inner_branch_input,3
MSM79H52,M2060,nonIBD,0,4,-0.8190290553386762,0.6180054313636386,train_inner_branch_input,3
MSM9VZPV,M2060,nonIBD,0,4,-0.8733772726259507,0.6035711837327635,train_inner_branch_input,3
PSM7J134,P6025,UC,1,1,1.1342567168240065,0.9348382404918544,train_inner_branch_input,3
PSM7J19V,P6017,nonIBD,0,4,-1.502681123174127,0.42977850894968367,train_inner_branch_input,3
PSMA2646,P6017,nonIBD,0,4,-0.3882106035181118,0.7236110921799154,train_inner_branch_input,3
CSM5MCXB,C3011,UC,1,1,0.050242050347825994,0.8103566255372263,train_inner_branch_input,3
CSM5MCYO,C3011,UC,1,1,0.7788148693374128,0.9060528185799829,train_inner_branch_input,3
ESM5MEDZ,E5001,CD,1,2,0.8484259337806028,0.9124674310135709,train_inner_branch_input,3
ESM5MEEB,E5001,CD,1,2,0.8032909219854913,0.9083549304204481,train_inner_branch_input,3
ESM9IEP5,E5009,CD,1,1,-1.0836537362286185,0.5462239351128134,train_inner_branch_input,3
HSM5FZBJ,H4001,CD,1,4,0.5494761066512582,0.8818559676563441,train_inner_branch_input,3
HSM5FZBQ,H4001,CD,1,4,0.7541104759987663,0.9036768037037013,train_inner_branch_input,3
HSM5MD5K,H4001,CD,1,4,-0.06493101660285232,0.7897876684892676,train_inner_branch_input,3
HSM5MD7H,H4001,CD,1,4,-1.043434155953466,0.5573373180172809,train_inner_branch_input,3
HSM5MD7W,H4001,CD,1,4,-0.694128516100721,0.6503646526912826,train_inner_branch_input,3
HSM67VEA,H4001,CD,1,4,-0.8007357974089061,0.6228188070655777,train_inner_branch_input,3
HSM6XRQC,H4018,nonIBD,0,2,1.0947608594916578,0.9320979656575787,train_inner_branch_input,3
HSM7CZ1T,H4027,UC,1,1,2.1393153584806255,0.977826939375398,train_inner_branch_input,3
HSMA33O5,H4027,UC,1,1,1.686216559046695,0.963743499595821,train_inner_branch_input,3
MSM5FZ9X,M2014,CD,1,2,0.6805267470904787,0.8962790212047592,train_inner_branch_input,3
MSM5FZA2,M2014,CD,1,2,0.6199900724236425,0.8898205716772102,train_inner_branch_input,3
MSM5LLGH,M2014,CD,1,2,1.8547858004814524,0.9697795292997571,train_inner_branch_input,3
MSM6J2QZ,M2014,CD,1,2,1.4361298481227558,0.9526095391103538,train_inner_branch_input,3
PSM6XBS6,P6009,CD,1,1,0.31238302293218406,0.8513488513543095,train_inner_branch_input,3
PSM6XBTF,P6009,CD,1,1,1.10617327439425,0.9329005677704731,train_inner_branch_input,3
PSM7J1CK,P6009,CD,1,1,0.46247213467666054,0.8713462279908455,train_inner_branch_input,3
CSM5MCTZ,C3006,UC,1,1,1.7666490823217718,0.9667560663873124,train_inner_branch_input,3
CSM5MCUM,C3006,UC,1,1,1.823939931930612,0.9687529627960177,train_inner_branch_input,3
CSM5MCVH,C3009,CD,1,4,0.4681218046185752,0.8720522018449322,train_inner_branch_input,3
CSM67U9V,C3016,CD,1,2,0.7400080249354762,0.9022965106257702,train_inner_branch_input,3
CSM67U9X,C3017,CD,1,2,0.9493187119670018,0.9210623289707645,train_inner_branch_input,3
CSM79HG4,C3023,CD,1,1,2.010407069402926,0.9744795927305162,train_inner_branch_input,3
CSM79HJ6,C3017,CD,1,2,1.2869614768206874,0.9444918939155972,train_inner_branch_input,3
CSM7KONC,C3023,CD,1,1,1.7343358943686031,0.9655759833197901,train_inner_branch_input,3
CSM7KOQ3,C3016,CD,1,2,0.9791391953362031,0.923451066740783,train_inner_branch_input,3
CSM7KOQZ,C3017,CD,1,2,0.8786804065828715,0.9151299513300407,train_inner_branch_input,3
CSM7KOR8,C3017,CD,1,2,-0.6238570771682115,0.6680008138014958,train_inner_branch_input,3
ESM5MEB9,E5013,CD,1,2,-0.46956995873890767,0.7050664884248423,train_inner_branch_input,3
HSM5MD4S,H4004,CD,1,4,0.754962466624791,0.9037596327151798,train_inner_branch_input,3
HSM5MD4W,H4004,CD,1,4,-0.09331587535437788,0.7844739457756263,train_inner_branch_input,3
HSM5MD51,H4004,CD,1,4,0.7988844265614552,0.9079442521914037,train_inner_branch_input,3
HSM6XRQE,H4019,UC,1,2,0.5837073976129268,0.8857829070686835,train_inner_branch_input,3
MSM9VZM4,M2085,CD,1,1,-0.04621283125975751,0.7932388114057842,train_inner_branch_input,3
MSMAPC62,M2103,UC,1,2,0.13460534502180757,0.8244204394413235,train_inner_branch_input,3
PSM7J1BN,P6024,CD,1,1,1.584245431993707,0.9595451938059517,train_inner_branch_input,3
PSM7J1DH,P6014,nonIBD,0,1,-0.3464645300987035,0.732841648817326,train_inner_branch_input,3
CSM5FZ3N,C3001,CD,1,1,0.6354581129206592,0.8915035634481603,train_inner_branch_input,3
CSM5FZ48,C3003,UC,1,4,0.8054716533504916,0.908557561133505,train_inner_branch_input,3
CSM5FZ4C,C3001,CD,1,1,0.1020292017620976,0.8190895081981754,train_inner_branch_input,3
CSM5FZ4K,C3003,UC,1,4,0.7949046396178663,0.9075719220078815,train_inner_branch_input,3
CSM5MCU4,C3008,CD,1,4,1.2819315178975557,0.9441965182536877,train_inner_branch_input,3
CSM5MCVV,C3001,CD,1,1,0.44834096100675097,0.8695658723011166,train_inner_branch_input,3
CSM5MCW4,C3008,CD,1,4,1.224478663450261,0.9407162253957081,train_inner_branch_input,3
CSM5MCWK,C3010,CD,1,1,-1.2289511003065718,0.505770789697587,train_inner_branch_input,3
CSM5MCXZ,C3010,CD,1,1,-1.3458291637475344,0.4731498800420492,train_inner_branch_input,3
CSM5MCYK,C3003,UC,1,4,0.8645177847184998,0.9138928519933859,train_inner_branch_input,3
CSM5MCYU,C3013,UC,1,4,0.010792951393607598,0.8034901777686349,train_inner_branch_input,3
CSM67U9P,C3013,UC,1,4,0.8707447034714827,0.9144387703177076,train_inner_branch_input,3
CSM79HGH,C3013,UC,1,4,-0.20299070335653635,0.7630350387562541,train_inner_branch_input,3
CSM79HKR,C3008,CD,1,4,1.587461224786245,0.9596844380289075,train_inner_branch_input,3
CSM79HMZ,C3001,CD,1,1,-0.41105843505174305,0.7184765252250312,train_inner_branch_input,3
CSM79HQR,C3034,UC,1,2,1.33893361960594,0.9474588389437357,train_inner_branch_input,3
CSM7KONS,C3013,UC,1,4,0.3875914249308199,0.8616723786626547,train_inner_branch_input,3
CSM9X1XW,C3034,UC,1,2,1.5070875784894677,0.9560629296618081,train_inner_branch_input,3
CSM9X21P,C3034,UC,1,2,0.9324888605659628,0.9196842835711815,train_inner_branch_input,3
HSM5MD87,H4010,UC,1,1,0.44594376126053603,0.8692617849787245,train_inner_branch_input,3
HSM5MD8A,H4008,nonIBD,0,1,0.1630888930331062,0.8289796549592146,train_inner_branch_input,3
HSM67VDR,H4023,nonIBD,0,4,-0.349057493043394,0.7322740539033455,train_inner_branch_input,3
HSM67VG6,H4008,nonIBD,0,1,0.07004348487918963,0.8137333187907273,train_inner_branch_input,3
HSM6XRSZ,H4008,nonIBD,0,1,-0.576657883736104,0.6795909520444933,train_inner_branch_input,3
HSM7CZ2P,H4008,nonIBD,0,1,-0.3390074286686187,0.7344697269989804,train_inner_branch_input,3
HSM7J4JW,H4043,CD,1,2,1.0480384773753728,0.9287185046297667,train_inner_branch_input,3
HSM7J4Q3,H4032,CD,1,4,-0.6228397601642509,0.6682528470709825,train_inner_branch_input,3
HSMA33K2,H4030,CD,1,1,0.19961568655099338,0.8346881569077875,train_inner_branch_input,3
HSMA33LL,H4043,CD,1,2,0.5711797153779964,0.8843591233545943,train_inner_branch_input,3
HSMA33LV,H4043,CD,1,2,0.6314493635321965,0.8910695736830587,train_inner_branch_input,3
HSMA33PP,H4039,CD,1,1,0.3997102675162843,0.8632784118662772,train_inner_branch_input,3
PSM7J167,P6028,CD,1,2,2.2818570650148886,0.9810294881174827,train_inner_branch_input,3
PSM7J188,P6033,CD,1,2,2.833515242046116,0.9896676095084668,train_inner_branch_input,3
PSMA2651,P6033,CD,1,2,-0.41007503076344354,0.71869871575254,train_inner_branch_input,3
PSMA267B,P6033,CD,1,2,0.5229104533487731,0.8787283135665358,train_inner_branch_input,3
PSMA269E,P6028,CD,1,2,1.8786153678143667,0.9705501438609215,train_inner_branch_input,3
PSMA26AJ,P6033,CD,1,2,-0.07078300922165609,0.7887000791261708,train_inner_branch_input,3
CSM5FZ3T,C3002,CD,1,0,3.232598888816176,0.9933600079579514,train_inner_branch_input,3
CSM5FZ44,C3002,CD,1,0,3.201998936262698,0.9931306517442635,train_inner_branch_input,3
CSM5FZ4O,C3005,UC,1,0,0.513732884225867,0.8776313346331065,train_inner_branch_input,3
CSM5MCUU,C3005,UC,1,0,1.339930253521705,0.9475142440542361,train_inner_branch_input,3
CSM67U9T,C3015,UC,1,0,0.4012232088753049,0.8634778066913038,train_inner_branch_input,3
CSM79HJI,C3030,CD,1,0,1.012587393859153,0.9260513915378511,train_inner_branch_input,3
CSM79HK1,C3002,CD,1,0,2.985274859721706,0.9912650243700755,train_inner_branch_input,3
CSM7KOPQ,C3015,UC,1,0,-0.09309701232940071,0.7845152877313242,train_inner_branch_input,3
HSM5MD3L,H4014,CD,1,0,-0.35495405704775773,0.7309804623171944,train_inner_branch_input,3
HSM5MD5Z,H4016,nonIBD,0,0,0.9280774892548169,0.919319460867137,train_inner_branch_input,3
HSM5MD6U,H4016,nonIBD,0,0,-0.014715923476534555,0.798951076003671,train_inner_branch_input,3
HSM5MD8H,H4013,nonIBD,0,0,0.40001060173370734,0.863318013251452,train_inner_branch_input,3
HSM67VHM,H4016,nonIBD,0,0,0.5669183566178873,0.8838713103903058,train_inner_branch_input,3
HSM7J4JT,H4040,UC,1,0,2.1644163087754515,0.9784269224472333,train_inner_branch_input,3
HSMA33JH,H4031,CD,1,0,-0.056198012169870915,0.7914030423273004,train_inner_branch_input,3
HSMA33NG,H4038,CD,1,0,0.29816077211887687,0.8493265912598773,train_inner_branch_input,3
MSM5LLFG,M2028,CD,1,0,0.24945289745276164,0.8422290554530587,train_inner_branch_input,3
MSM5LLGR,M2028,CD,1,0,0.33519512425838505,0.8545456587358805,train_inner_branch_input,3
MSM5LLHM,M2025,CD,1,0,-1.4773400112247543,0.436730668653722,train_inner_branch_input,3
MSM5LLIC,M2025,CD,1,0,-1.6645127581818082,0.38613933992062655,train_inner_branch_input,3
MSM6J2JF,M2041,nonIBD,0,0,0.8724699773478284,0.9145894703252153,train_inner_branch_input,3
MSM6J2PE,M2025,CD,1,0,-0.8587539380540018,0.6074738976328382,train_inner_branch_input,3
MSM79HD6,M2071,UC,1,0,1.3715071539075767,0.9492413520725049,train_inner_branch_input,3
MSM9VZFJ,M2079,nonIBD,0,0,-0.6874656555916,0.6520555438029249,train_inner_branch_input,3
PSM6XBQM,P6005,CD,1,0,1.620976350937393,0.9611085709419998,train_inner_branch_input,3
HSM7CZ2X,H4035,UC,1,4,0.0476436160504631,0.809910057825803,train_inner_branch_input,3
HSMA33MQ,H4045,nonIBD,0,2,-0.1839375741885287,0.7668626171290794,train_inner_branch_input,3
MSM79H5W,M2039,nonIBD,0,4,-0.28372819899924906,0.7463394389916365,train_inner_branch_input,3
PSMA2644,P6017,nonIBD,0,4,-0.4120317467187277,0.7182565099621585,train_inner_branch_input,3
CSM79HM9,C3011,UC,1,1,0.3692859917142636,0.8592164776215282,train_inner_branch_input,3
ESM5MEB1,E5002,nonIBD,0,4,0.15636926666649736,0.8279126184855952,train_inner_branch_input,3
ESM5MEBP,E5002,nonIBD,0,4,-0.011195510239439276,0.7995821425748781,train_inner_branch_input,3
ESM5MEET,E5002,nonIBD,0,4,-0.09233826200775302,0.7846585667270329,train_inner_branch_input,3
ESM7F5AO,E5009,CD,1,1,-0.2937737070628844,0.7442087030064338,train_inner_branch_input,3
HSM7CYWW,H4027,UC,1,1,-0.019678389830632317,0.7980589845176624,train_inner_branch_input,3
HSM7J4G9,H4028,CD,1,4,0.2164898309077343,0.8372732483926524,train_inner_branch_input,3
HSM7J4GB,H4028,CD,1,4,0.5549776767543946,0.8824948885163494,train_inner_branch_input,3
HSMA33L3,H4028,CD,1,4,0.544238239414108,0.881244878133743,train_inner_branch_input,3
MSM6J2L5,M2044,CD,1,4,0.23005493526439094,0.8393277060172145,train_inner_branch_input,3
MSM6J2NW,M2058,CD,1,4,-0.07914996335118724,0.787137940173012,train_inner_branch_input,3
MSM6J2O1,M2058,CD,1,4,0.5150631496115909,0.877790866480306,train_inner_branch_input,3
MSM6J2O3,M2058,CD,1,4,0.33414921124464597,0.8544003445602727,train_inner_branch_input,3
MSM6J2P4,M2044,CD,1,4,0.6127665065270302,0.8890268078681745,train_inner_branch_input,3
MSM9VZFV,M2058,CD,1,4,-0.1262239639845151,0.7781923711039963,train_inner_branch_input,3
PSM6XBTH,P6009,CD,1,1,0.11745290922084649,0.8216290897273276,train_inner_branch_input,3
PSM7J143,P6009,CD,1,1,-0.023558794754600335,0.7973593551888979,train_inner_branch_input,3
CSM79HMX,C3006,UC,1,1,-0.21468417776870294,0.7606645845036746,train_inner_branch_input,3
CSM7KOKH,C3017,CD,1,2,-0.09973498509912482,0.7832588549241888,train_inner_branch_input,3
PSM6XBTV,P6014,nonIBD,0,1,0.19439854683580407,0.833882262590326,train_inner_branch_input,3
PSM6XBTZ,P6014,nonIBD,0,1,-0.0004098412223239463,0.8015063275024675,train_inner_branch_input,3
PSM6XBVY,P6016,CD,1,4,-0.002064628173912643,0.8012120152904239,train_inner_branch_input,3
PSM7J195,P6024,CD,1,1,-0.2133389767023487,0.7609381036308415,train_inner_branch_input,3
PSMA265V,P6016,CD,1,4,-0.1071304858755727,0.781852807383858,train_inner_branch_input,3
CSM79HLW,C3003,UC,1,4,0.5876121836488845,0.8862235584476079,train_inner_branch_input,3
CSM79HOD,C3010,CD,1,1,-0.17655217861184525,0.768334644955977,train_inner_branch_input,3
CSM79HPM,C3013,UC,1,4,-0.22559100445275337,0.7584389930060056,train_inner_branch_input,3
CSM79HQH,C3008,CD,1,4,0.2723574978927634,0.8455999096104402,train_inner_branch_input,3
HSM7CZ2F,H4008,nonIBD,0,1,0.04069675788683766,0.8087122183126803,train_inner_branch_input,3
HSMA33JT,H4032,CD,1,4,-0.3062326614340625,0.7415497877861384,train_inner_branch_input,3
MSM6J2N6,M2059,UC,1,2,0.02864805497114735,0.8066210253013062,train_inner_branch_input,3
MSM79H4T,M2059,UC,1,2,-0.03534996899944173,0.7952223448441144,train_inner_branch_input,3
MSM79H4X,M2059,UC,1,2,0.0020055008433435004,0.8019353196151734,train_inner_branch_input,3
MSM79H76,M2059,UC,1,2,0.09338583307182084,0.8176540661728228,train_inner_branch_input,3
MSM79HF1,M2064,UC,1,4,-0.28363767730118616,0.7463585860359253,train_inner_branch_input,3
MSM9VZJL,M2086,CD,1,2,-0.13023421275140043,0.7774180051616809,train_inner_branch_input,3
MSM9VZJN,M2086,CD,1,2,0.1049403613476359,0.8195709909837322,train_inner_branch_input,3
MSM9VZM6,M2086,CD,1,2,0.828611304374878,0.9106829593987206,train_inner_branch_input,3
MSMA26C8,M2086,CD,1,2,0.19892942976560546,0.834582329820169,train_inner_branch_input,3
MSMA26EV,M2064,UC,1,4,-0.09080757796899137,0.7849474037899052,train_inner_branch_input,3
CSM79HK5,C3002,CD,1,0,0.06327127330309741,0.812583714326143,train_inner_branch_input,3
CSM79HO9,C3005,UC,1,0,0.5455749761999168,0.8814010914621001,train_inner_branch_input,3
CSM7KOMD,C3030,CD,1,0,0.2643704353975766,0.8444311944289876,train_inner_branch_input,3
ESM5MEAD,E5008,UC,1,0,0.10175894777753106,0.8190447595833589,train_inner_branch_input,3
ESM5MEAG,E5008,UC,1,0,-0.01111674610404934,0.799596244782074,train_inner_branch_input,3
ESM5MEBL,E5008,UC,1,0,0.15144428772399032,0.8271272170558487,train_inner_branch_input,3
HSM7CZ2V,H4031,CD,1,0,-0.0490637497048058,0.7927158931788267,train_inner_branch_input,3
HSMA33JJ,H4031,CD,1,0,-0.2884492187551831,0.7453395325511472,train_inner_branch_input,3
MSM6J2SM,M2041,nonIBD,0,0,0.3800090480728285,0.8606595007528095,train_inner_branch_input,3
MSM79HB4,M2041,nonIBD,0,0,0.16258033563858282,0.8288990831097894,train_inner_branch_input,3
MSM79HBX,M2068,CD,1,0,-0.06363856617985139,0.7900273150407803,train_inner_branch_input,3
MSM79HDW,M2025,CD,1,0,-0.1270390058963366,0.7780351452630874,train_inner_branch_input,3
PSM7J13A,P6005,CD,1,0,-0.07657798716105348,0.7876190321065994,train_inner_branch_input,3
CSM79HL2,C3028,CD,1,4,0.15136468155403582,0.8271144987627077,train_inner_branch_input,3
CSM67UBD,C3017,CD,1,2,0.09992964777942048,0.8187416376206099,train_inner_branch_input,3
CSM79HNQ,C3030,CD,1,0,0.09895261171482014,0.8185795771293983,train_inner_branch_input,3
CSM5FZ2D,C3012,CD,1,1,0.4736146073446439,0.8727354020129214,train_inner_branch_input,3
CSM5FZ2E,C3012,CD,1,1,-0.6861493846220393,0.652389133907782,train_inner_branch_input,3
CSM5FZ2F,C3012,CD,1,1,-0.46159912999224717,0.7069150457194194,train_inner_branch_input,3
CSM5FZ34,C3021,CD,1,2,-0.2005345659003343,0.7635308748824933,train_inner_branch_input,3
CSM5FZ35,C3021,CD,1,2,2.285817420721432,0.9811116634953055,train_inner_branch_input,3
CSM5FZ36,C3021,CD,1,2,3.099089123311252,0.992300049778452,train_inner_branch_input,3
CSM5FZ37,C3021,CD,1,2,1.4740739177489675,0.954487134543153,train_inner_branch_input,3
CSMDRVXJ,C3028,CD,1,4,0.19670878168269929,0.8342395132482093,train_inner_branch_input,3
HSM5FZAS,H4017,CD,1,2,1.5651838108321539,0.9587103200468675,train_inner_branch_input,3
HSM5FZAT,H4017,CD,1,2,0.4335852820338364,0.8676845303158387,train_inner_branch_input,3
HSM5FZAU,H4017,CD,1,2,0.7487266123492753,0.9031519199147138,train_inner_branch_input,3
HSM6S4FT,H4020,CD,1,1,1.3212517676096425,0.9464666365457503,train_inner_branch_input,3
HSM6S4FU,H4020,CD,1,1,-0.20511682008076193,0.7626052475796413,train_inner_branch_input,3
HSM7H3WW,H4035,UC,1,4,-0.9463116442159698,0.5839178964972802,train_inner_branch_input,3
HSM7H3WX,H4035,UC,1,4,1.5010141406577577,0.9557769947705202,train_inner_branch_input,3
HSM7H3WY,H4035,UC,1,4,0.9152451801894247,0.9182496131390903,train_inner_branch_input,3
HSM9UBMS,H4045,nonIBD,0,2,-0.47974839427029925,0.7026961243167066,train_inner_branch_input,3
HSM9UBMT,H4045,nonIBD,0,2,-0.8394582462004743,0.6126025723106477,train_inner_branch_input,3
HSM9UBMU,H4045,nonIBD,0,2,-0.82997929490726,0.6151129825838566,train_inner_branch_input,3
MSM5LWJN,M2039,nonIBD,0,4,0.0218449836460121,0.8054326171541877,train_inner_branch_input,3
MSM5LWJO,M2039,nonIBD,0,4,-0.17012079445330358,0.7696112249207373,train_inner_branch_input,3
MSM5LWJU,M2042,nonIBD,0,4,-0.4252843600221381,0.7152504103671279,train_inner_branch_input,3
MSM5LWJV,M2042,nonIBD,0,4,-0.37360918941826826,0.7268619669343759,train_inner_branch_input,3
MSM5LWKF,M2060,nonIBD,0,4,-0.9047408949293823,0.5951567488137407,train_inner_branch_input,3
MSM5LWKG,M2060,nonIBD,0,4,-0.008438764861715083,0.8000752775251079,train_inner_branch_input,3
MSM5LWKQ,M2021,CD,1,1,-0.5242969545598293,0.6921937949517247,train_inner_branch_input,3
MSM5LWKR,M2021,CD,1,1,-0.8526708268739517,0.6090933704243692,train_inner_branch_input,3
MSM5LWKW,M2021,CD,1,1,0.7453788213674963,0.9028242507395888,train_inner_branch_input,3
MSM5LWKX,M2021,CD,1,1,-0.9048396628442137,0.5951301593706222,train_inner_branch_input,3
MSM5LWL6,M2027,CD,1,4,-0.32138849071265624,0.7382911426620411,train_inner_branch_input,3
MSM5LWL7,M2027,CD,1,4,-0.6134696711735735,0.6705696760763911,train_inner_branch_input,3
MSM719M5,M2047,nonIBD,0,1,-0.8340878736803982,0.6140256082073521,train_inner_branch_input,3
MSM719M6,M2047,nonIBD,0,1,-1.075930214168916,0.5483620071688848,train_inner_branch_input,3
MSM719NO,M2084,nonIBD,0,2,-0.38334284258712004,0.7246975094808933,train_inner_branch_input,3
MSM719NP,M2084,nonIBD,0,2,-0.881984842261362,0.6012677578619273,train_inner_branch_input,3
PSM6XC12,P6017,nonIBD,0,4,0.5239492641682918,0.8788519453455801,train_inner_branch_input,3
PSM7J4EW,P6025,UC,1,1,1.1101909100225704,0.9331810151760037,train_inner_branch_input,3
PSM7J4EX,P6025,UC,1,1,-1.1985614359850334,0.5142557884581492,train_inner_branch_input,3
CSM5FZ2A,C3011,UC,1,1,0.20738742671018964,0.8358828434558849,train_inner_branch_input,3
CSM5FZ2B,C3011,UC,1,1,1.0495543968725745,0.9288305495631298,train_inner_branch_input,3
CSM5FZ2C,C3011,UC,1,1,1.7315466567032305,0.9654722461759793,train_inner_branch_input,3
ESM5GEYA,E5009,CD,1,1,-0.5623157860475,0.6830701429658365,train_inner_branch_input,3
ESM5GEYB,E5009,CD,1,1,-1.3529914767662938,0.47115547197530583,train_inner_branch_input,3
ESM6ZK8Z,E5009,CD,1,1,1.6118395858199028,0.9607251863039528,train_inner_branch_input,3
HSM5FZAE,H4001,CD,1,4,1.0902811969433086,0.9317804979639054,train_inner_branch_input,3
HSM5FZAH,H4001,CD,1,4,2.2983605650170946,0.981369630180029,train_inner_branch_input,3
HSM6S4FN,H4018,nonIBD,0,2,-0.7115469965445916,0.6459263995318273,train_inner_branch_input,3
HSM6S4FO,H4018,nonIBD,0,2,-0.08524958621046956,0.7859938200343962,train_inner_branch_input,3
HSM6S4FP,H4018,nonIBD,0,2,-0.21473479300708634,0.7606542887443263,train_inner_branch_input,3
HSM6S4G5,H4024,nonIBD,0,1,-0.2014964966374625,0.7633367691494598,train_inner_branch_input,3
HSM6S4G6,H4024,nonIBD,0,1,-1.2271397174114123,0.5062766815968126,train_inner_branch_input,3
HSM6S4G7,H4024,nonIBD,0,1,0.23812454899640184,0.8405398835376492,train_inner_branch_input,3
HSM6S4GG,H4027,UC,1,1,-0.4474781107102245,0.7101732091251624,train_inner_branch_input,3
HSM6S4GH,H4027,UC,1,1,0.5048900860731406,0.8765663031791316,train_inner_branch_input,3
HSM6S4GI,H4027,UC,1,1,-0.30901782662114513,0.7409529381753989,train_inner_branch_input,3
HSM6S4GJ,H4028,CD,1,4,1.9781649562870955,0.9735682241507225,train_inner_branch_input,3
HSM6S4GK,H4028,CD,1,4,-0.63232396070428,0.665899477054262,train_inner_branch_input,3
HSM6S4GL,H4028,CD,1,4,0.2069054656894152,0.8358089577564567,train_inner_branch_input,3
MSM5CFD6,M2014,CD,1,2,-0.34482265836129594,0.7332006559424098,train_inner_branch_input,3
MSM5CFD7,M2014,CD,1,2,-0.46849125261266183,0.7053170534746216,train_inner_branch_input,3
PSM6XBZI,P6009,CD,1,1,1.473233406325424,0.9544463210489644,train_inner_branch_input,3
PSM6XBZJ,P6009,CD,1,1,-0.07539425455254957,0.7878401840198663,train_inner_branch_input,3
PSM6XC13,P6018,nonIBD,0,1,-0.4590877164873903,0.7074960738232563,train_inner_branch_input,3
PSM6XC14,P6018,nonIBD,0,1,0.7058861712057075,0.8988836260350902,train_inner_branch_input,3
CSM5FZ1T,C3006,UC,1,1,-0.8983307555435855,0.5968812302977003,train_inner_branch_input,3
CSM5FZ1U,C3006,UC,1,1,2.169976156236047,0.9785576549884918,train_inner_branch_input,3
CSM5FZ1V,C3006,UC,1,1,1.7400533407407088,0.9657876874909069,train_inner_branch_input,3
CSM5FZ1W,C3006,UC,1,1,-0.7361621807041722,0.6396114599176487,train_inner_branch_input,3
CSM5FZ2O,C3016,CD,1,2,0.12954747356935714,0.8236009246164292,train_inner_branch_input,3
CSM5FZ2P,C3016,CD,1,2,1.9836013111380948,0.9737240797050637,train_inner_branch_input,3
CSM5FZ2Q,C3016,CD,1,2,0.5526607877824762,0.8822261841663946,train_inner_branch_input,3
CSM5FZ2R,C3017,CD,1,2,0.3142764421410242,0.8516163799966694,train_inner_branch_input,3
CSM5FZ2S,C3017,CD,1,2,1.1568468593434265,0.9363589820486726,train_inner_branch_input,3
CSM5FZ2T,C3017,CD,1,2,0.3922559795587269,0.8622924090395234,train_inner_branch_input,3
CSM5FZ3A,C3023,CD,1,1,2.790706327056985,0.9891668804641977,train_inner_branch_input,3
CSM5FZ3B,C3023,CD,1,1,1.471801717283028,0.9543767209388849,train_inner_branch_input,3
CSM5FZ3C,C3023,CD,1,1,0.4296779734639983,0.8671825141447095,train_inner_branch_input,3
CSMDRVXS,C3031,CD,1,1,0.058658610511211844,0.8117975797179694,train_inner_branch_input,3
CSMDRVXT,C3031,CD,1,1,0.9136037338917825,0.9181118348086579,train_inner_branch_input,3
CSMDRVXU,C3031,CD,1,1,1.6299869256973538,0.9614831420684642,train_inner_branch_input,3
ESM5GEY7,E5013,CD,1,2,-0.18187785193447376,0.7672738064703756,train_inner_branch_input,3
ESM5GEY8,E5013,CD,1,2,1.1801805546722082,0.9378950007112601,train_inner_branch_input,3
ESM5GEY9,E5013,CD,1,2,-0.07726102414977658,0.7874913465226743,train_inner_branch_input,3
HSM5FZAM,H4004,CD,1,4,0.471436760840327,0.8724648929240151,train_inner_branch_input,3
HSM5FZAN,H4004,CD,1,4,0.30005514239255765,0.8495972521985385,train_inner_branch_input,3
HSM5FZAY,H4015,CD,1,4,-0.7344819133816841,0.6400440954431076,train_inner_branch_input,3
HSM5FZAZ,H4015,CD,1,4,-1.0504062286946958,0.5554146013158566,train_inner_branch_input,3
HSM5FZB1,H4015,CD,1,4,1.076538320807338,0.9307979569724151,train_inner_branch_input,3
HSM6S4FQ,H4019,UC,1,2,-1.4689735544919533,0.4390315576288882,train_inner_branch_input,3
HSM6S4FR,H4019,UC,1,2,-0.09408980254784101,0.7843277092850929,train_inner_branch_input,3
HSM6S4FS,H4019,UC,1,2,0.7103976110983206,0.8993408588760257,train_inner_branch_input,3
HSM6S4GO,H4019,UC,1,2,-1.2894273613028564,0.48888031968262496,train_inner_branch_input,3
HSM6S4GP,H4019,UC,1,2,-0.29688578338952043,0.7435462275758075,train_inner_branch_input,3
HSM6S4GQ,H4019,UC,1,2,0.6037514223248728,0.8880291659410946,train_inner_branch_input,3
HSM7H3WQ,H4004,CD,1,4,-1.0281899230639002,0.5615352242014715,train_inner_branch_input,3
HSM7H3WR,H4004,CD,1,4,0.29032169498244226,0.8482023103669939,train_inner_branch_input,3
HSM7H3WS,H4004,CD,1,4,-0.9094138038264103,0.59389813949609,train_inner_branch_input,3
MSM719MR,M2072,nonIBD,0,1,-0.6575311607581563,0.6596046169897091,train_inner_branch_input,3
MSM719MU,M2072,nonIBD,0,1,-0.05241093866204416,0.7921007028379541,train_inner_branch_input,3
PSM6XBZW,P6014,nonIBD,0,1,-0.7651253752140617,0.6321188576137783,train_inner_branch_input,3
PSM6XBZX,P6014,nonIBD,0,1,0.14076455428327148,0.8254143515434083,train_inner_branch_input,3
PSM6XBZY,P6016,CD,1,4,1.1541957878501878,0.936182242864534,train_inner_branch_input,3
PSM6XBZZ,P6016,CD,1,4,-0.4249810481214587,0.715319426324971,train_inner_branch_input,3
PSM6XC15,P6016,CD,1,4,0.1967932140260926,0.834252558048922,train_inner_branch_input,3
PSM7J4EU,P6024,CD,1,1,1.2582467808297901,0.942785695618374,train_inner_branch_input,3
PSM7J4EV,P6024,CD,1,1,0.7786666657938929,0.9060387225897796,train_inner_branch_input,3
PSM7J4FL,P6016,CD,1,4,0.7302162119087376,0.9013277771273315,train_inner_branch_input,3
CSM5FZ1J,C3003,UC,1,4,-0.03709736172068851,0.794904231090412,train_inner_branch_input,3
CSM5FZ1K,C3003,UC,1,4,-0.3057496341248129,0.7416532073736779,train_inner_branch_input,3
CSM5FZ1L,C3003,UC,1,4,-0.4201433483678436,0.7164188398665702,train_inner_branch_input,3
CSM5FZ22,C3008,CD,1,4,-0.626565485570106,0.6673293552517928,train_inner_branch_input,3
CSM5FZ23,C3008,CD,1,4,-0.3874694995607359,0.7237766672917061,train_inner_branch_input,3
CSM5FZ24,C3008,CD,1,4,-0.4022634800903206,0.7204598620637006,train_inner_branch_input,3
CSM5FZ27,C3010,CD,1,1,-0.39564906424307533,0.721945821701059,train_inner_branch_input,3
CSM5FZ28,C3010,CD,1,1,0.6869304672141416,0.8969422772790724,train_inner_branch_input,3
CSM5FZ29,C3010,CD,1,1,0.6889125177261022,0.8971468032717628,train_inner_branch_input,3
CSM5FZ2G,C3013,UC,1,4,-0.8631965457809438,0.6062896691167823,train_inner_branch_input,3
CSM5FZ2H,C3013,UC,1,4,1.3965948825324794,0.9505750448052533,train_inner_branch_input,3
CSM5FZ2I,C3013,UC,1,4,2.355781827767712,0.9825071093084635,train_inner_branch_input,3
CSMDRVXY,C3034,UC,1,2,0.03329186713781184,0.8074290648488369,train_inner_branch_input,3
CSMDRVXZ,C3034,UC,1,2,1.4383281672043697,0.9527202994721973,train_inner_branch_input,3
CSMDRVY1,C3034,UC,1,2,0.15220007621262008,0.8272479288650355,train_inner_branch_input,3
HSM5FZBB,H4010,UC,1,1,1.5246869342241813,0.9568815709488716,train_inner_branch_input,3
HSM5FZBC,H4010,UC,1,1,-1.1927440528072595,0.5158792546723701,train_inner_branch_input,3
HSM5FZBH,H4008,nonIBD,0,1,0.10411153929976032,0.8194340122084421,train_inner_branch_input,3
HSM5FZBI,H4008,nonIBD,0,1,-0.2701211369447474,0.7492068664746843,train_inner_branch_input,3
HSM6S4G2,H4023,nonIBD,0,4,-0.44178858040740576,0.7114798867159203,train_inner_branch_input,3
HSM6S4G3,H4023,nonIBD,0,4,-0.3528264329521372,0.7314476769296566,train_inner_branch_input,3
HSM6S4G4,H4023,nonIBD,0,4,-0.16090000267848859,0.7714328667057451,train_inner_branch_input,3
HSM6S4GM,H4008,nonIBD,0,1,-0.8462678530978056,0.6107954054514868,train_inner_branch_input,3
HSM6S4GN,H4008,nonIBD,0,1,-0.2888827301170395,0.7452475853939963,train_inner_branch_input,3
HSM7H3WH,H4030,CD,1,1,-0.33923971844610457,0.7344191078316741,train_inner_branch_input,3
HSM7H3WJ,H4030,CD,1,1,0.056670089808800596,0.8114578962710369,train_inner_branch_input,3
HSM7H3WN,H4032,CD,1,4,1.0729002202352003,0.9305356679329861,train_inner_branch_input,3
HSM7H3WO,H4032,CD,1,4,0.7756647455289233,0.9057527945123347,train_inner_branch_input,3
HSM7H3WP,H4032,CD,1,4,-0.29085674490988983,0.7448286234062166,train_inner_branch_input,3
HSM9JTBX,H4039,CD,1,1,-0.4870525834506729,0.7009883626447595,train_inner_branch_input,3
HSM9JTBY,H4039,CD,1,1,0.6694427664642029,0.8951220910800386,train_inner_branch_input,3
HSM9JTBZ,H4039,CD,1,1,0.5185402304934676,0.8782070094424747,train_inner_branch_input,3
HSM9UBMN,H4043,CD,1,2,1.1038714820199473,0.9327394014007879,train_inner_branch_input,3
HSM9UBMO,H4043,CD,1,2,0.9613817439639871,0.9220367263447885,train_inner_branch_input,3
HSM9UBMP,H4043,CD,1,2,-0.6466817985040935,0.6623210396818607,train_inner_branch_input,3
MSM719MD,M2064,UC,1,4,1.4943188066169844,0.9554597248901058,train_inner_branch_input,3
MSMAKNES,M2064,UC,1,4,1.8557229724010609,0.9698102018872686,train_inner_branch_input,3
MSMAKNET,M2064,UC,1,4,0.694894859159681,0.8977619377753866,train_inner_branch_input,3
PSM7J4F3,P6028,CD,1,2,0.08070070589079316,0.8155313916377621,train_inner_branch_input,3
PSM7J4F4,P6028,CD,1,2,1.2073953897312357,0.939642751310956,train_inner_branch_input,3
CSM5FZ1F,C3002,CD,1,0,1.1249196820816465,0.9341998602792991,train_inner_branch_input,3
CSM5FZ1G,C3002,CD,1,0,1.6110099139621952,0.9606901937460363,train_inner_branch_input,3
CSM5FZ1H,C3002,CD,1,0,1.5861145953597937,0.959626184773955,train_inner_branch_input,3
CSM5FZ1I,C3002,CD,1,0,1.5211472720962302,0.9567181008474872,train_inner_branch_input,3
CSM5FZ1Q,C3005,UC,1,0,0.2045157876616913,0.83544221992779,train_inner_branch_input,3
CSM5FZ1R,C3005,UC,1,0,0.23882680251929894,0.8406450213193793,train_inner_branch_input,3
CSM5FZ1S,C3005,UC,1,0,0.3661364898089324,0.8587902754055009,train_inner_branch_input,3
CSM5FZ2L,C3015,UC,1,0,-0.04377643811228096,0.7936849235736216,train_inner_branch_input,3
CSM5FZ2M,C3015,UC,1,0,1.3640805847840545,0.9488400560214724,train_inner_branch_input,3
CSM5FZ2N,C3015,UC,1,0,0.8586831005506897,0.913378459967593,train_inner_branch_input,3
CSMDRVXO,C3030,CD,1,0,2.1121444623873864,0.9771590965441423,train_inner_branch_input,3
CSMDRVXP,C3030,CD,1,0,1.1553367400512673,0.9362583628050052,train_inner_branch_input,3
CSMDRVXQ,C3030,CD,1,0,-0.8417625489740649,0.61199138925633,train_inner_branch_input,3
CSMDRVXR,C3030,CD,1,0,2.0868204426957093,0.9765189849147647,train_inner_branch_input,3
HSM5FZAV,H4016,nonIBD,0,0,0.03209528570246906,0.8072211017012331,train_inner_branch_input,3
HSM5FZAW,H4016,nonIBD,0,0,-0.3719316604356809,0.7272339215318179,train_inner_branch_input,3
HSM5FZAX,H4016,nonIBD,0,0,-0.9052798224182956,0.5950116566342594,train_inner_branch_input,3
HSM5FZB2,H4014,CD,1,0,0.1395261115671444,0.825214860896694,train_inner_branch_input,3
HSM5FZB3,H4014,CD,1,0,1.6475028758179848,0.9622013964638949,train_inner_branch_input,3
HSM5FZB4,H4013,nonIBD,0,0,-0.6207721368138943,0.6687647893690732,train_inner_branch_input,3
HSM5FZB5,H4013,nonIBD,0,0,-1.103398784064143,0.5407504177560114,train_inner_branch_input,3
HSM7H3WK,H4031,CD,1,0,-0.7695247383047016,0.6309750634778964,train_inner_branch_input,3
HSM7H3WL,H4031,CD,1,0,-1.7065295266101108,0.37507278412066297,train_inner_branch_input,3
HSM7H3WM,H4031,CD,1,0,1.2683746701211713,0.9433930355857859,train_inner_branch_input,3
HSM9JBU,H4038,CD,1,0,-1.049642944666144,0.5556251772049152,train_inner_branch_input,3
HSM9JBV,H4038,CD,1,0,1.210144331032338,0.9398167082743736,train_inner_branch_input,3
HSM9JBW,H4038,CD,1,0,0.8659201555450138,0.9140160734218672,train_inner_branch_input,3
HSM9JTC1,H4040,UC,1,0,-0.9725446435860119,0.5767797137473402,train_inner_branch_input,3
HSM9JTC2,H4040,UC,1,0,-0.4517679281284438,0.7091856820030379,train_inner_branch_input,3
HSM9JTC3,H4040,UC,1,0,-1.2208570874689206,0.5080312191019098,train_inner_branch_input,3
HSM9UBMQ,H4044,UC,1,0,0.5464015347683704,0.8814975954950501,train_inner_branch_input,3
HSM9UBMR,H4044,UC,1,0,0.8605885391131738,0.9135467506008057,train_inner_branch_input,3
MSM5LWJ3,M2028,CD,1,0,0.15667470836859135,0.8279612349965028,train_inner_branch_input,3
MSM5LWJ4,M2028,CD,1,0,-0.8533550313735989,0.6089113376601921,train_inner_branch_input,3
MSM5LWJS,M2041,nonIBD,0,0,0.3283141191391292,0.853587433412868,train_inner_branch_input,3
MSM5LWJT,M2041,nonIBD,0,0,-0.5409130725638932,0.688224210573982,train_inner_branch_input,3
MSM5LWL3,M2025,CD,1,0,-0.47555873641272745,0.703673146766396,train_inner_branch_input,3
MSM5LWL4,M2025,CD,1,0,0.06290949632432333,0.8125221482083278,train_inner_branch_input,3
MSM719MJ,M2025,CD,1,0,0.7148210650267128,0.8997873906725649,train_inner_branch_input,3
MSM719MS,M2068,CD,1,0,-0.5086187918440066,0.6959134273018351,train_inner_branch_input,3
MSM719MT,M2068,CD,1,0,1.6034362160491815,0.9603693773657256,train_inner_branch_input,3
MSM719N4,M2028,CD,1,0,0.5235449581152717,0.8788038406732878,train_inner_branch_input,3
MSM719N5,M2028,CD,1,0,-0.8317429908623918,0.6146463438445667,train_inner_branch_input,3
PSM6XBZC,P6005,CD,1,0,-0.5130087415707579,0.6948744664234389,train_inner_branch_input,3
PSM6XBZD,P6005,CD,1,0,1.9039064240134635,0.9713471717388279,train_inner_branch_input,3
PSM6XBZO,P6012,UC,1,0,0.8536283633241545,0.912930581975726,train_inner_branch_input,3
PSM6XBZP,P6012,UC,1,0,0.141886162506431,0.8255948673117396,train_inner_branch_input,3
PSM6XBZQ,P6013,UC,1,0,1.6943770664744267,0.9640607481032173,train_inner_branch_input,3
PSM6XBZR,P6013,UC,1,0,-0.35156311325918277,0.7317248519229219,train_inner_branch_input,3
206458,M2021,CD,1,1,-0.6787986193075672,0.6542493247383667,train_inner_branch_input,3
206465,M2027,CD,1,4,0.3592962317654525,0.8578609129252014,train_inner_branch_input,3
206468,M2021,CD,1,1,-1.1222499006847169,0.5355154972584344,train_inner_branch_input,3
206471,M2039,nonIBD,0,4,-0.5728538504472407,0.6805157251083984,train_inner_branch_input,3
219184,M2042,nonIBD,0,4,-0.11091165173448757,0.7811313882091822,train_inner_branch_input,3
219189,M2027,CD,1,4,-0.022616590584145554,0.7975293987671811,train_inner_branch_input,3
219197,M2027,CD,1,4,0.1623191161943878,0.8288576858385304,train_inner_branch_input,3
219202,M2047,nonIBD,0,1,-1.393707460203955,0.45983711425737467,train_inner_branch_input,3
219208,H4020,CD,1,1,2.6306043056336743,0.9870723217691953,train_inner_branch_input,3
219213,H4017,CD,1,2,1.5016302241805337,0.9558060804155716,train_inner_branch_input,3
219217,H4020,CD,1,1,0.7674174285476425,0.90496323453345,train_inner_branch_input,3
219222,H4017,CD,1,2,1.935982330934629,0.9723279498338053,train_inner_branch_input,3
219720,P6017,nonIBD,0,4,-0.9385784560107866,0.5860155920134555,train_inner_branch_input,3
220205,M2039,nonIBD,0,4,-1.3621372144684636,0.4686101087862219,train_inner_branch_input,3
220212,M2042,nonIBD,0,4,-1.0508343833544884,0.5552964726776071,train_inner_branch_input,3
220215,M2027,CD,1,4,-1.027246844167371,0.561794643375173,train_inner_branch_input,3
220932,H4017,CD,1,2,3.209659598817357,0.9931887986907098,train_inner_branch_input,3
222211,P6025,UC,1,1,0.9707771799906094,0.9227880065747119,train_inner_branch_input,3
222223,P6025,UC,1,1,0.07544798317064955,0.8146468426503255,train_inner_branch_input,3
222377,H4020,CD,1,1,3.1545045077771423,0.9927589911076895,train_inner_branch_input,3
222393,H4035,UC,1,4,-0.8993814809639533,0.5965987227473537,train_inner_branch_input,3
222395,H4020,CD,1,1,4.506206524656956,0.9983917299023072,train_inner_branch_input,3
222401,H4017,CD,1,2,1.3328316537456608,0.947118410733198,train_inner_branch_input,3
222404,H4035,UC,1,4,-1.0028749595301896,0.5684866744683581,train_inner_branch_input,3
223293,M2039,nonIBD,0,4,-0.44880188729971365,0.7098686841018227,train_inner_branch_input,3
223296,M2042,nonIBD,0,4,0.02981211495795327,0.8068238176018497,train_inner_branch_input,3
223302,M2084,nonIBD,0,2,0.12244628611049392,0.8224452679199078,train_inner_branch_input,3
224255,H4035,UC,1,4,0.4883422189413896,0.8745518699479649,train_inner_branch_input,3
224273,H4045,nonIBD,0,2,-0.9771365153885394,0.5755268411919963,train_inner_branch_input,3
224277,H4035,UC,1,4,-0.5645778684456216,0.6825227387098821,train_inner_branch_input,3
224278,H4020,CD,1,1,3.5213416864919997,0.9951821367419994,train_inner_branch_input,3
224283,H4017,CD,1,2,1.6608767668087892,0.9627411218759798,train_inner_branch_input,3
224648,P6025,UC,1,1,0.7601739062420289,0.9042648956058829,train_inner_branch_input,3
226385,M2060,nonIBD,0,4,-1.2477586014069828,0.5005176316823142,train_inner_branch_input,3
226387,M2084,nonIBD,0,2,-0.08604436420362638,0.7858444126405466,train_inner_branch_input,3
226388,M2047,nonIBD,0,1,-1.3264779764379466,0.47854249274582217,train_inner_branch_input,3
226408,M2084,nonIBD,0,2,-0.03109747284774881,0.7959949827791127,train_inner_branch_input,3
206460,M2014,CD,1,2,3.2993391562091903,0.9938341932991397,train_inner_branch_input,3
206466,M2014,CD,1,2,3.0144640832718568,0.9915429340538766,train_inner_branch_input,3
206494,H4001,CD,1,4,1.7858310416925545,0.9674380178367654,train_inner_branch_input,3
206502,H4001,CD,1,4,2.361922223005195,0.9826246334698303,train_inner_branch_input,3
206510,H4001,CD,1,4,2.360582503377878,0.9825990582220379,train_inner_branch_input,3
206529,E5009,CD,1,1,-0.8642955010888635,0.6059965364841645,train_inner_branch_input,3
219185,M2014,CD,1,2,2.5387695545198503,0.9856953907040011,train_inner_branch_input,3
219200,M2014,CD,1,2,2.1789059688803905,0.9787660077656628,train_inner_branch_input,3
219203,H4024,nonIBD,0,1,-0.6929455147260193,0.6506651507504322,train_inner_branch_input,3
219206,H4001,CD,1,4,1.7557786291642161,0.9663635017708636,train_inner_branch_input,3
219220,H4018,nonIBD,0,2,-0.560467937036918,0.6835169306536414,train_inner_branch_input,3
219710,P6009,CD,1,1,-0.5801088864485783,0.6787507794883845,train_inner_branch_input,3
219721,P6018,nonIBD,0,1,-1.2606938768096536,0.496904519531147,train_inner_branch_input,3
220210,M2014,CD,1,2,0.4681516229488756,0.8720559191120273,train_inner_branch_input,3
220936,H4027,UC,1,1,0.9938324436585241,0.9246035192794912,train_inner_branch_input,3
220937,H4028,CD,1,4,1.4618702954043687,0.9538911205312217,train_inner_branch_input,3
220938,H4001,CD,1,4,1.7768275369463846,0.9671196278418565,train_inner_branch_input,3
220944,H4018,nonIBD,0,2,0.4548395765831289,0.8703872055041153,train_inner_branch_input,3
222384,H4028,CD,1,4,1.4926729842082231,0.9553814031101745,train_inner_branch_input,3
222397,H4027,UC,1,1,-0.3344973151547414,0.7354513216825366,train_inner_branch_input,3
224270,H4027,UC,1,1,1.9334201338963624,0.9722508196271308,train_inner_branch_input,3
224276,H4024,nonIBD,0,1,-1.4653850055695465,0.44001926698026345,train_inner_branch_input,3
224289,H4018,nonIBD,0,2,-1.0721458275534956,0.549408977578469,train_inner_branch_input,3
224291,H4027,UC,1,1,1.594459420249065,0.9599858755922251,train_inner_branch_input,3
224642,P6009,CD,1,1,0.19064897864771646,0.833301123894025,train_inner_branch_input,3
224651,P6018,nonIBD,0,1,-0.9860744262151211,0.5730853990535576,train_inner_branch_input,3
206497,H4004,CD,1,4,3.237379442219666,0.993395146113382,train_inner_branch_input,3
206511,H4004,CD,1,4,4.027704101232918,0.9972580902279824,train_inner_branch_input,3
206513,H4015,CD,1,4,1.4232007444211203,0.9519531126756121,train_inner_branch_input,3
206528,E5013,CD,1,2,-0.7304157726541535,0.6410901038151411,train_inner_branch_input,3
219211,H4004,CD,1,4,3.311874928611623,0.9939194296498085,train_inner_branch_input,3
219215,H4015,CD,1,4,0.8084568905884276,0.9088342921334661,train_inner_branch_input,3
219218,H4019,UC,1,2,0.18089728843490863,0.8317821134184269,train_inner_branch_input,3
219718,P6014,nonIBD,0,1,-1.0492895866695293,0.5557226553536083,train_inner_branch_input,3
219719,P6016,CD,1,4,-0.8199626460755465,0.617759150898144,train_inner_branch_input,3
220216,M2072,nonIBD,0,1,1.3508655456199805,0.9481185468569331,train_inner_branch_input,3
220935,H4015,CD,1,4,2.606227564589711,0.9867201225594178,train_inner_branch_input,3
220940,H4004,CD,1,4,3.7372998075918002,0.9962111083856013,train_inner_branch_input,3
220945,H4019,UC,1,2,-0.4785826502214571,0.7029681608062538,train_inner_branch_input,3
220949,H4019,UC,1,2,-0.7333731845312258,0.6403294466301436,train_inner_branch_input,3
222210,P6024,CD,1,1,3.5771343702068386,0.9954719813611471,train_inner_branch_input,3
222224,P6016,CD,1,4,-0.012649812384327573,0.7993216255909278,train_inner_branch_input,3
222392,H4019,UC,1,2,-0.8056089668681023,0.6215388858482255,train_inner_branch_input,3
222406,H4004,CD,1,4,4.057709800947001,0.99734825038577,train_inner_branch_input,3
222408,H4015,CD,1,4,0.9153387580642255,0.9182574614335104,train_inner_branch_input,3
223309,M2072,nonIBD,0,1,0.07341476703834293,0.8143035742734387,train_inner_branch_input,3
224286,H4019,UC,1,2,0.31066385806476443,0.8511055990611104,train_inner_branch_input,3
226397,M2072,nonIBD,0,1,-0.41231823272917106,0.718191730438755,train_inner_branch_input,3
206499,H4008,nonIBD,0,1,-0.7398987905941377,0.6386485446423167,train_inner_branch_input,3
206504,H4010,UC,1,1,-0.9013463763188412,0.5960702513574742,train_inner_branch_input,3
219207,H4008,nonIBD,0,1,-1.1197996786396696,0.5361963869354363,train_inner_branch_input,3
219209,H4023,nonIBD,0,4,-1.1700394263877356,0.5222119480216747,train_inner_branch_input,3
219214,H4010,UC,1,1,-1.2227768483249877,0.507495110318676,train_inner_branch_input,3
219711,P6010,CD,1,4,1.767574074498285,0.9667892656481286,train_inner_branch_input,3
220208,M2064,UC,1,4,-1.1749815693497954,0.5208340404398939,train_inner_branch_input,3
220941,H4010,UC,1,1,-0.7457209207406551,0.6371459753229253,train_inner_branch_input,3
220946,H4030,CD,1,1,1.8274024968160518,0.9688698596780265,train_inner_branch_input,3
220947,H4032,CD,1,4,-0.26486908727993386,0.7503078501059274,train_inner_branch_input,3
221781,H4043,CD,1,2,0.48388990383849756,0.8740050866510511,train_inner_branch_input,3
222206,P6010,CD,1,4,1.912256897314333,0.9716057040125746,train_inner_branch_input,3
222214,P6028,CD,1,2,0.7555574449616056,0.9038174377046007,train_inner_branch_input,3
222220,P6033,CD,1,2,0.41309557111807554,0.8650340117856002,train_inner_branch_input,3
222386,H4010,UC,1,1,-0.9423686554532841,0.584987851860925,train_inner_branch_input,3
222388,H4030,CD,1,1,-0.29841017213133425,0.7432213173271999,train_inner_branch_input,3
222389,H4039,CD,1,1,-2.0571115246724196,0.2885942918061599,train_inner_branch_input,3
222398,H4008,nonIBD,0,1,-0.8687539507136974,0.6048065197969961,train_inner_branch_input,3
222399,H4023,nonIBD,0,4,-0.8935628141213305,0.5981623723044002,train_inner_branch_input,3
223290,M2064,UC,1,4,1.9528895131015935,0.9728317116785246,train_inner_branch_input,3
223298,M2064,UC,1,4,2.3190130628291743,0.9817868652014197,train_inner_branch_input,3
224259,H4039,CD,1,1,-0.5100616987645117,0.6955721570733785,train_inner_branch_input,3
224262,H4032,CD,1,4,-0.6496419643231306,0.6615809370564631,train_inner_branch_input,3
224263,H4043,CD,1,2,0.8561321298505026,0.9131526909384762,train_inner_branch_input,3
224265,H4030,CD,1,1,2.28001359672895,0.9809911175994537,train_inner_branch_input,3
224271,H4043,CD,1,2,-0.5996120954219647,0.6739809075113764,train_inner_branch_input,3
224274,H4023,nonIBD,0,4,-0.49888681968882453,0.6982095516034761,train_inner_branch_input,3
224275,H4039,CD,1,1,-0.43139460241121413,0.7138579361198053,train_inner_branch_input,3
224282,H4043,CD,1,2,0.30306081436862137,0.8500258707827841,train_inner_branch_input,3
224284,H4032,CD,1,4,-0.27477219639332173,0.7482291754576578,train_inner_branch_input,3
224293,H4032,CD,1,4,-0.7240781179234234,0.6427177804343547,train_inner_branch_input,3
224643,P6010,CD,1,4,0.30673544934382074,0.8505485183634056,train_inner_branch_input,3
224645,P6033,CD,1,2,-0.46965110494223206,0.7050476345333164,train_inner_branch_input,3
224652,P6028,CD,1,2,1.9299646810544933,0.972146468777022,train_inner_branch_input,3
224654,P6033,CD,1,2,-0.448851073965798,0.7098573654278383,train_inner_branch_input,3
225306,H4043,CD,1,2,-0.30002197677728687,0.74287748222861,train_inner_branch_input,3
225343,H4039,CD,1,1,1.2947728237394927,0.9449476860524718,train_inner_branch_input,3
226382,M2064,UC,1,4,1.6230907781483237,0.9611967806894989,train_inner_branch_input,3
226398,M2064,UC,1,4,1.7421646297745854,0.9658655458395846,train_inner_branch_input,3
206461,M2025,CD,1,0,-0.4504194094578139,0.7094963283820225,train_inner_branch_input,3
206463,M2028,CD,1,0,-0.09942082242195836,0.7833184387811819,train_inner_branch_input,3
206473,M2028,CD,1,0,-0.5245191398073376,0.6921409003269029,train_inner_branch_input,3
206507,H4013,nonIBD,0,0,-1.865382752155341,0.3344776637790395,train_inner_branch_input,3
206508,H4014,CD,1,0,0.16816033577646655,0.8297814875954114,train_inner_branch_input,3
206512,H4016,nonIBD,0,0,0.6506080239504424,0.8931300118806191,train_inner_branch_input,3
219183,M2025,CD,1,0,-1.0580860696058265,0.5532947806091273,train_inner_branch_input,3
219194,M2025,CD,1,0,-1.323660126876299,0.47932819273432786,train_inner_branch_input,3
219195,M2028,CD,1,0,-1.061272823588276,0.5524145861549251,train_inner_branch_input,3
219219,H4014,CD,1,0,-0.48492352628215835,0.701486729276399,train_inner_branch_input,3
219708,P6005,CD,1,0,-0.06416311047110544,0.7899300780706728,train_inner_branch_input,3
219712,P6013,UC,1,0,-0.98139648861552,0.5743636568558349,train_inner_branch_input,3
219714,P6012,UC,1,0,1.066054998629003,0.9300396661729156,train_inner_branch_input,3
219716,P6005,CD,1,0,-0.2500518801098241,0.7533965479218107,train_inner_branch_input,3
220203,M2025,CD,1,0,-1.309556488165259,0.4832621645483868,train_inner_branch_input,3
220206,M2028,CD,1,0,-1.8861714064421542,0.32932726664211903,train_inner_branch_input,3
220214,M2068,CD,1,0,-1.1631540504199787,0.5241310759793429,train_inner_branch_input,3
220218,M2028,CD,1,0,0.4792670166551538,0.8734351985229207,train_inner_branch_input,3
220933,H4014,CD,1,0,-0.5889416413814373,0.676595108861071,train_inner_branch_input,3
220942,H4016,nonIBD,0,0,-0.08763056197644797,0.7855460023491082,train_inner_branch_input,3
222376,H4014,CD,1,0,-0.24400178364663574,0.7546502971729703,train_inner_branch_input,3
222379,H4013,nonIBD,0,0,-1.2314907499791619,0.5050614842158857,train_inner_branch_input,3
222380,H4014,CD,1,0,-0.3517027190139552,0.7316942310338288,train_inner_branch_input,3
222385,H4031,CD,1,0,2.5428762998564802,0.985759944156758,train_inner_branch_input,3
222390,H4038,CD,1,0,-0.12812328296481906,0.7778258591135061,train_inner_branch_input,3
223289,M2025,CD,1,0,-0.5894056249827241,0.6764816630798133,train_inner_branch_input,3
223305,M2041,nonIBD,0,0,-0.10320182515800995,0.7826005497917412,train_inner_branch_input,3
224258,H4038,CD,1,0,-0.04329503760618534,0.7937729853740239,train_inner_branch_input,3
224260,H4044,UC,1,0,-0.5977934513895493,0.6744272366122099,train_inner_branch_input,3
224264,H4040,UC,1,0,-0.3011884694649538,0.7426284547378819,train_inner_branch_input,3
224266,H4031,CD,1,0,2.507866208701712,0.985200287342548,train_inner_branch_input,3
224279,H4044,UC,1,0,0.14660812063074316,0.8263532222425853,train_inner_branch_input,3
224281,H4038,CD,1,0,0.43398038936023575,0.8677352045969017,train_inner_branch_input,3
224285,H4016,nonIBD,0,0,-0.29761933948577884,0.743389910075523,train_inner_branch_input,3
224288,H4031,CD,1,0,2.397111870116812,0.9832833345718588,train_inner_branch_input,3
224292,H4013,nonIBD,0,0,-1.7702303539941016,0.358544244213059,train_inner_branch_input,3
224294,H4040,UC,1,0,-0.5449418003134497,0.6872575407453103,train_inner_branch_input,3
224639,P6005,CD,1,0,0.10755720621438612,0.8200029430347808,train_inner_branch_input,3
224644,P6013,UC,1,0,-0.2683613808579029,0.7495761224324446,train_inner_branch_input,3
225340,H4040,UC,1,0,-0.030304546107428994,0.7961388099284523,train_inner_branch_input,3
225344,H4038,CD,1,0,0.6463867195790399,0.8926789949494389,train_inner_branch_input,3
226400,M2068,CD,1,0,-0.0813864410844217,0.7867189578410243,train_inner_branch_input,3
206657,C3022,nonIBD,0,3,-0.5651353696526925,0.682387750618473,outer_test_branch_input,3
206658,C3022,nonIBD,0,3,1.526660885395112,0.9569724765163363,outer_test_branch_input,3
206675,C3032,UC,1,3,-0.19235236238126163,0.7651774964345845,outer_test_branch_input,3
206676,C3032,UC,1,3,-0.35453756475674086,0.7310719621714998,outer_test_branch_input,3
206683,C3037,UC,1,3,-0.4594610361654825,0.7074097472047374,outer_test_branch_input,3
206684,C3037,UC,1,3,-0.3863485872391684,0.7240269814174701,outer_test_branch_input,3
206623,C3004,UC,1,3,0.04184315754465398,0.8089102871071512,outer_test_branch_input,3
206624,C3004,UC,1,3,0.7584447094255845,0.9040975088668758,outer_test_branch_input,3
206625,C3004,UC,1,3,-0.12162476059319699,0.7790780886310265,outer_test_branch_input,3
206626,C3004,UC,1,3,-0.15306519648462855,0.7729727125514252,outer_test_branch_input,3
206681,C3035,CD,1,3,-0.0634176896392216,0.7900682499606895,outer_test_branch_input,3
206682,C3035,CD,1,3,-0.20956717168269096,0.761703879190591,outer_test_branch_input,3
206701,H4006,CD,1,3,0.17006362276636275,0.8300816392318922,outer_test_branch_input,3
206702,H4006,CD,1,3,0.027000409154624327,0.8063337103202273,outer_test_branch_input,3
215057,M2061,nonIBD,0,3,0.45767489689742397,0.8707441686557365,outer_test_branch_input,3
215058,M2061,nonIBD,0,3,0.5929765063131982,0.886826500528168,outer_test_branch_input,3
215080,M2069,UC,1,3,-1.1559223678416057,0.5261459602560764,outer_test_branch_input,3
206534,M2008,CD,1,3,-1.382633255246579,0.46291195182986633,outer_test_branch_input,3
206536,M2008,CD,1,3,-1.7903977846227508,0.353378532551706,outer_test_branch_input,3
206538,M2008,CD,1,3,-2.3045617106921163,0.23528645662122213,outer_test_branch_input,3
206571,M2026,UC,1,3,0.40473237904912135,0.8639393477662113,outer_test_branch_input,3
206572,M2026,UC,1,3,0.1369690814589321,0.8248024013836331,outer_test_branch_input,3
206603,M2026,UC,1,3,-0.15655731246732296,0.7722872816790886,outer_test_branch_input,3
206669,C3029,UC,1,3,-0.044866446389183516,0.7934854273268317,outer_test_branch_input,3
206670,C3029,UC,1,3,-0.6484157308143972,0.6618876169548887,outer_test_branch_input,3
206708,H4007,CD,1,3,-0.555645673089842,0.6846813006581389,outer_test_branch_input,3
206709,H4007,CD,1,3,-0.0992253501795653,0.7833555059193549,outer_test_branch_input,3
206710,H4009,nonIBD,0,3,-0.5163672365680861,0.6940782753057506,outer_test_branch_input,3
206711,H4009,nonIBD,0,3,-0.20970418402349336,0.7616760916087671,outer_test_branch_input,3
206746,H4007,CD,1,3,-0.021848494822133954,0.7976679414738175,outer_test_branch_input,3
206747,H4007,CD,1,3,-0.3773231198815602,0.7260373602963319,outer_test_branch_input,3
215023,M2008,CD,1,3,-0.9506903217699878,0.5827287871642457,outer_test_branch_input,3
215050,M2008,CD,1,3,0.1371210712887733,0.8248269393840548,outer_test_branch_input,3
224330,H4042,UC,1,3,-0.9402086588860512,0.5855736418821427,outer_test_branch_input,3
206667,C3027,CD,1,3,-0.07647562229369935,0.7876381631637421,outer_test_branch_input,3
206668,C3027,CD,1,3,0.5735863085447812,0.8846338269679999,outer_test_branch_input,3
206738,H4022,nonIBD,0,3,0.6800932695858657,0.896233988266425,outer_test_branch_input,3
206739,H4022,nonIBD,0,3,-1.2273367837452374,0.506221644549078,outer_test_branch_input,3
214994,M2034,CD,1,3,0.26714319432159883,0.8448377368911666,outer_test_branch_input,3
214995,M2034,CD,1,3,0.8907512029945744,0.916171578759962,outer_test_branch_input,3
222170,M2075,nonIBD,0,3,0.05436237917918438,0.811063098323557,outer_test_branch_input,3
222171,M2075,nonIBD,0,3,0.21790972466335415,0.8374892814162026,outer_test_branch_input,3
CSM5MCV1_P,C3007,CD,1,3,-0.495491976014006,0.6990081982585743,outer_test_branch_input,3
CSM5MCV5_P,C3007,CD,1,3,-0.32375472278902623,0.7377799938188042,outer_test_branch_input,3
CSM5MCVB_P,C3007,CD,1,3,-0.3773428858707005,0.7260329674950086,outer_test_branch_input,3
CSM67UH7,C3022,nonIBD,0,3,-1.9811180882929573,0.3063342464845438,outer_test_branch_input,3
CSM79HGR_P,C3022,nonIBD,0,3,-0.2665855031097312,0.7499483940448576,outer_test_branch_input,3
CSM79HGV_P,C3022,nonIBD,0,3,-0.36744094223843243,0.7282280786695826,outer_test_branch_input,3
CSM79HGX,C3022,nonIBD,0,3,-0.047838968928121325,0.7929406632402811,outer_test_branch_input,3
CSM79HGZ,C3022,nonIBD,0,3,-1.430054170043131,0.4497678660968976,outer_test_branch_input,3
CSM79HOV,C3022,nonIBD,0,3,-0.17298088220750776,0.7690441289499305,outer_test_branch_input,3
CSM79HOX,C3022,nonIBD,0,3,-0.6085461023910377,0.6717837625239712,outer_test_branch_input,3
CSM79HOZ,C3022,nonIBD,0,3,-0.8944012824999262,0.597937173117621,outer_test_branch_input,3
CSM79HP2,C3022,nonIBD,0,3,-0.553621297793797,0.6851694112051508,outer_test_branch_input,3
CSM79HP4,C3022,nonIBD,0,3,-0.8694886848335904,0.6046102902883309,outer_test_branch_input,3
CSM79HP6,C3022,nonIBD,0,3,-0.4229637306529205,0.715778192855958,outer_test_branch_input,3
CSM7KOOH,C3022,nonIBD,0,3,-2.1883848113806583,0.2594377498559468,outer_test_branch_input,3
CSM7KOOJ,C3022,nonIBD,0,3,-0.46638279202542193,0.7058064548601624,outer_test_branch_input,3
CSM7KOOL,C3022,nonIBD,0,3,-0.24369964731066895,0.7547127953623242,outer_test_branch_input,3
CSM7KOON,C3022,nonIBD,0,3,-0.48016669653120575,0.7025984748204241,outer_test_branch_input,3
CSM7KOOP,C3022,nonIBD,0,3,-0.3011370070846056,0.7426394444535717,outer_test_branch_input,3
CSM7KOOR,C3022,nonIBD,0,3,1.655225027926462,0.9625139464429642,outer_test_branch_input,3
CSM7KOP6,C3032,UC,1,3,-0.6532790309962456,0.6606705118895121,outer_test_branch_input,3
CSM7KOP8,C3032,UC,1,3,-1.562796363647873,0.41340139496212086,outer_test_branch_input,3
CSM7KOPE,C3032,UC,1,3,-0.41794117290143923,0.7169184547929719,outer_test_branch_input,3
CSM7KOU7_P,C3032,UC,1,3,-0.4141358700089516,0.7177805199153113,outer_test_branch_input,3
CSM7KOU9,C3032,UC,1,3,-2.097715830496114,0.27937009621027953,outer_test_branch_input,3
CSM7KOUB,C3032,UC,1,3,-0.5989320720666912,0.674147834885133,outer_test_branch_input,3
CSM7KOUJ_P,C3037,UC,1,3,-0.4194102382125787,0.7165852221704624,outer_test_branch_input,3
CSM7KOUL,C3037,UC,1,3,1.0731202993798103,0.9305515606566084,outer_test_branch_input,3
CSM7KOUN,C3037,UC,1,3,0.06752788574150646,0.8133069238054388,outer_test_branch_input,3
CSM9X1ZO,C3032,UC,1,3,-0.546660577656413,0.6868446334262451,outer_test_branch_input,3
CSM9X1ZQ,C3032,UC,1,3,-0.49316073134408234,0.699555932656057,outer_test_branch_input,3
CSM9X1ZY,C3032,UC,1,3,-0.5404948363791554,0.688324470242116,outer_test_branch_input,3
CSM9X211,C3037,UC,1,3,1.1594084139869414,0.9365293199597811,outer_test_branch_input,3
CSM9X213,C3037,UC,1,3,1.2284837672693514,0.9409652959630128,outer_test_branch_input,3
CSM9X215,C3037,UC,1,3,-0.42742649390967224,0.714762700036123,outer_test_branch_input,3
CSM9X219,C3037,UC,1,3,-0.05740934217839136,0.7911795256457633,outer_test_branch_input,3
CSM9X22G,C3032,UC,1,3,-1.8298776913775316,0.34336546456780986,outer_test_branch_input,3
CSM9X22I,C3032,UC,1,3,-0.6509771016299414,0.6612468659800235,outer_test_branch_input,3
CSM9X22K,C3032,UC,1,3,-0.10631228791254985,0.7820086878281248,outer_test_branch_input,3
CSM9X22S,C3037,UC,1,3,-0.5613788607976136,0.6832967224947044,outer_test_branch_input,3
CSM9X22U,C3037,UC,1,3,0.8893044618697739,0.9160473501514277,outer_test_branch_input,3
CSM9X23H,C3037,UC,1,3,-0.5335169642588397,0.689994599442765,outer_test_branch_input,3
CSM9X23N,C3037,UC,1,3,-0.33580242681065864,0.7351675122765184,outer_test_branch_input,3
CSMA8M9R,C3022,nonIBD,0,3,-0.4833507831563884,0.7018545681109064,outer_test_branch_input,3
CSMAAEUA,C3022,nonIBD,0,3,-0.29713402916538234,0.7434933345028674,outer_test_branch_input,3
CSMAE44D,C3022,nonIBD,0,3,-0.19666370370257502,0.7643108556730326,outer_test_branch_input,3
CSMAG78W,C3022,nonIBD,0,3,-0.985591579440643,0.5732173835995534,outer_test_branch_input,3
CSMAHYLR,C3022,nonIBD,0,3,-1.2459741115982108,0.5010160839235475,outer_test_branch_input,3
MSM6J2LW,M2048,nonIBD,0,3,-0.08377913213091673,0.7862700452559912,outer_test_branch_input,3
MSM6J2LY,M2048,nonIBD,0,3,-0.24730971497951348,0.7539653347529507,outer_test_branch_input,3
MSM6J2M3,M2048,nonIBD,0,3,-1.1043076519760793,0.5404982236869683,outer_test_branch_input,3
MSM6J2M3_P,M2048,nonIBD,0,3,-0.21082945004355005,0.7614477912900486,outer_test_branch_input,3
MSM6J2Q1,M2048,nonIBD,0,3,-1.4981200616267558,0.4310278449099472,outer_test_branch_input,3
MSM79H6Y,M2048,nonIBD,0,3,-0.6667119116956565,0.6572977430319801,outer_test_branch_input,3
MSM79HBB,M2048,nonIBD,0,3,-1.0240228212673048,0.5626812414673747,outer_test_branch_input,3
MSM79HBL,M2048,nonIBD,0,3,-0.3349450262139603,0.7353539844428862,outer_test_branch_input,3
MSM79HFW,M2048,nonIBD,0,3,-0.2120780458840628,0.7611942934006432,outer_test_branch_input,3
MSM79HFY,M2048,nonIBD,0,3,-0.14577553254164072,0.774398823688873,outer_test_branch_input,3
PSM7J4EF,P6037,CD,1,3,0.2342807904118326,0.8399634198100454,outer_test_branch_input,3
PSMA266I,P6037,CD,1,3,-0.7340538021757036,0.6401542892593014,outer_test_branch_input,3
PSMA266M,P6037,CD,1,3,-0.08884720843329826,0.7853169107116106,outer_test_branch_input,3
PSMA266O,P6037,CD,1,3,0.005526659893736195,0.8025594659310286,outer_test_branch_input,3
PSMA266Q,P6037,CD,1,3,0.4252997203058104,0.8666180750611826,outer_test_branch_input,3
PSMA269G,P6037,CD,1,3,-0.5082324640881674,0.696004763340054,outer_test_branch_input,3
PSMA269O,P6037,CD,1,3,-0.0007202077092425111,0.8014511522437812,outer_test_branch_input,3
PSMB4MBS,P6037,CD,1,3,-0.3780476705124509,0.7258763072166966,outer_test_branch_input,3
CSM5FZ4A_P,C3004,UC,1,3,-0.303048539853167,0.7422310336440047,outer_test_branch_input,3
CSM5MCU8_P,C3004,UC,1,3,0.2771276849309164,0.8462944830530691,outer_test_branch_input,3
CSM5MCUA_P,C3004,UC,1,3,-0.29060802531403457,0.7448814362189676,outer_test_branch_input,3
CSM5MCUC_P,C3004,UC,1,3,-0.17867236021788271,0.767912724049947,outer_test_branch_input,3
CSM5MCUE_P,C3004,UC,1,3,-0.43162322326124936,0.7138057561786302,outer_test_branch_input,3
CSM5MCXH,C3004,UC,1,3,-0.46052162901803134,0.7071644137224424,outer_test_branch_input,3
CSM5MCXJ,C3004,UC,1,3,-0.24998573998295867,0.7534102772788328,outer_test_branch_input,3
CSM5MCXL,C3004,UC,1,3,-0.37551888396424754,0.7264381496450597,outer_test_branch_input,3
CSM5MCXN,C3004,UC,1,3,-0.3763311909579614,0.7262577506428188,outer_test_branch_input,3
CSM5MCXP,C3004,UC,1,3,-0.1970913532657554,0.7642247715591776,outer_test_branch_input,3
CSM5MCXR,C3004,UC,1,3,-0.5131982181029338,0.6948295785760947,outer_test_branch_input,3
CSM67UDF,C3004,UC,1,3,-0.43549255034825074,0.7129217651602986,outer_test_branch_input,3
CSM67UDJ,C3004,UC,1,3,-0.3208344914511427,0.7384107235374088,outer_test_branch_input,3
CSM67UDN,C3004,UC,1,3,1.2025833497279415,0.9393371053315447,outer_test_branch_input,3
CSM67UDR,C3004,UC,1,3,-0.781522121578934,0.6278483966087051,outer_test_branch_input,3
CSM67UDR_TR,C3004,UC,1,3,-0.3646547646738784,0.7288437409259422,outer_test_branch_input,3
CSM67UDY,C3004,UC,1,3,-0.4501301368800809,0.7095629400279158,outer_test_branch_input,3
CSM79HLA,C3004,UC,1,3,0.4493393870966902,0.8696923462627689,outer_test_branch_input,3
CSM79HLA_TR,C3004,UC,1,3,0.49799330518940255,0.8757301316961262,outer_test_branch_input,3
CSM79HLC,C3004,UC,1,3,-0.19874120969604742,0.7638924584846248,outer_test_branch_input,3
CSM79HLE,C3004,UC,1,3,-0.09915928650445537,0.7833680324479044,outer_test_branch_input,3
CSM79HLG,C3004,UC,1,3,-0.13017583562003807,0.7774292914215724,outer_test_branch_input,3
CSM79HLI,C3004,UC,1,3,-0.18533599552607272,0.7665831574926181,outer_test_branch_input,3
CSM79HLK,C3004,UC,1,3,-0.6909156367762536,0.6511804877839659,outer_test_branch_input,3
CSM7KOTO,C3035,CD,1,3,-0.1653660590078689,0.770551829265744,outer_test_branch_input,3
CSM7KOTQ,C3035,CD,1,3,-0.7050559373074313,0.6475833189982452,outer_test_branch_input,3
CSM7KOTS,C3035,CD,1,3,-0.823390709643481,0.6168543123842479,outer_test_branch_input,3
CSM7KOTU,C3035,CD,1,3,0.7687443269755128,0.9050906640544178,outer_test_branch_input,3
CSM9X1YV,C3035,CD,1,3,1.011496753971444,0.9259678999960037,outer_test_branch_input,3
CSM9X21R,C3035,CD,1,3,-0.20145217268549853,0.7633457155906853,outer_test_branch_input,3
CSM9X21T,C3035,CD,1,3,-0.26992591311601233,0.7492478488511246,outer_test_branch_input,3
CSM9X222,C3035,CD,1,3,-0.24407465904058628,0.7546352209783944,outer_test_branch_input,3
CSM9X233,C3035,CD,1,3,-0.27885611652060877,0.7473686192458738,outer_test_branch_input,3
CSM9X235,C3035,CD,1,3,-0.6027133886100615,0.673219064574714,outer_test_branch_input,3
CSM9X237,C3035,CD,1,3,0.2655650927988381,0.8446064617750839,outer_test_branch_input,3
CSM9X23B,C3035,CD,1,3,-0.16214688877014424,0.7711871280843782,outer_test_branch_input,3
ESM5GEYX_P,E5003,CD,1,3,-0.23249305371915635,0.7570233285638943,outer_test_branch_input,3
HSM5MD48,H4006,CD,1,3,-0.1128227044695583,0.7807661204125889,outer_test_branch_input,3
HSM5MD49_P,H4006,CD,1,3,-0.2638299672907508,0.7505252975801332,outer_test_branch_input,3
HSM5MD4A_P,H4006,CD,1,3,-0.11170923704566588,0.7809789955533439,outer_test_branch_input,3
HSM5MD4B_P,H4006,CD,1,3,0.294989664980339,0.8488726180949993,outer_test_branch_input,3
HSM5MD7K,H4006,CD,1,3,-0.4130369030502714,0.7180291866247758,outer_test_branch_input,3
HSM5MD7M,H4006,CD,1,3,-0.3031242058335603,0.7422148584377977,outer_test_branch_input,3
HSM5MD7O,H4006,CD,1,3,0.2536345130385254,0.8428488920820554,outer_test_branch_input,3
HSM5MD7Q,H4006,CD,1,3,0.07741053031607921,0.8149777148553684,outer_test_branch_input,3
HSM5MD7S,H4006,CD,1,3,-0.19900394752648357,0.7638395081312437,outer_test_branch_input,3
HSM5MD7U,H4006,CD,1,3,-0.2009587575344319,0.7634452918017481,outer_test_branch_input,3
HSM67VEC,H4006,CD,1,3,-0.179561821803175,0.7677355596196594,outer_test_branch_input,3
HSM67VEE,H4006,CD,1,3,-0.4115429061461949,0.7183670245112171,outer_test_branch_input,3
HSM67VEG,H4006,CD,1,3,-0.14046174020013427,0.7754343781171115,outer_test_branch_input,3
HSM67VEI,H4006,CD,1,3,-0.2338068565761405,0.7567532199835616,outer_test_branch_input,3
HSM67VEK,H4006,CD,1,3,-0.3583603498392851,0.7302313903942685,outer_test_branch_input,3
HSM67VEM,H4006,CD,1,3,-0.011053949351587586,0.7996074876002347,outer_test_branch_input,3
HSM67VEM_TR,H4006,CD,1,3,-0.03694305239206008,0.7949323379380441,outer_test_branch_input,3
HSM7CYX2,H4006,CD,1,3,-1.3898698417140116,0.4609023242215421,outer_test_branch_input,3
HSM7CYX4,H4006,CD,1,3,0.009447451801033329,0.8032527032348268,outer_test_branch_input,3
HSM7CYX6,H4006,CD,1,3,-0.321119504816505,0.7383492077400714,outer_test_branch_input,3
HSM7CYX8,H4006,CD,1,3,-0.5179124122263357,0.6937115738870698,outer_test_branch_input,3
HSM7CYXA,H4006,CD,1,3,-0.1701271182522555,0.7696099721196531,outer_test_branch_input,3
HSM7CYXC,H4006,CD,1,3,-1.0866636322180094,0.5453902511712501,outer_test_branch_input,3
MSM79H5E,M2061,nonIBD,0,3,0.5078333632605401,0.8769216744665645,outer_test_branch_input,3
MSM79H5G,M2061,nonIBD,0,3,-1.018230864947111,0.5642730055760555,outer_test_branch_input,3
MSM79H5K,M2061,nonIBD,0,3,-0.7153004148385573,0.6449666911257013,outer_test_branch_input,3
MSM79H5M,M2061,nonIBD,0,3,-0.054529705058529804,0.7917105926991826,outer_test_branch_input,3
MSM79H9M,M2061,nonIBD,0,3,-0.08900821042048046,0.7852865811005166,outer_test_branch_input,3
MSM79H9Q,M2061,nonIBD,0,3,-0.8760819023172288,0.6028479017105506,outer_test_branch_input,3
MSM79H9W,M2061,nonIBD,0,3,-0.15819785665941902,0.7719647730627184,outer_test_branch_input,3
MSM79HBZ,M2069,UC,1,3,-0.30085343271208465,0.7426999958436713,outer_test_branch_input,3
MSM79HD8_P,M2069,UC,1,3,0.2901989020383654,0.8481846447300089,outer_test_branch_input,3
MSM79HDA,M2069,UC,1,3,0.017672518407819558,0.8047010056076711,outer_test_branch_input,3
MSM79HDC,M2069,UC,1,3,0.20418056308791502,0.8353907212855772,outer_test_branch_input,3
MSM79HDE,M2069,UC,1,3,1.7746986360003534,0.967043905242144,outer_test_branch_input,3
MSM79HDG,M2069,UC,1,3,0.2549806948169909,0.8430480132476083,outer_test_branch_input,3
MSM79HDG_TR,M2069,UC,1,3,1.4819450931746958,0.9548676560311763,outer_test_branch_input,3
MSM79HDI,M2069,UC,1,3,0.01537968082728728,0.8042980870515833,outer_test_branch_input,3
MSM9VZEU,M2069,UC,1,3,0.08323071424645646,0.8159562734679514,outer_test_branch_input,3
MSM9VZEW,M2069,UC,1,3,0.7070859360659303,0.8990054013897057,outer_test_branch_input,3
MSM9VZEY,M2069,UC,1,3,0.10925112158690377,0.8202821202542862,outer_test_branch_input,3
MSM9VZF1,M2069,UC,1,3,-0.2724267338660316,0.748722526898985,outer_test_branch_input,3
MSM9VZF3,M2069,UC,1,3,-0.25636563770523546,0.7520835730127257,outer_test_branch_input,3
MSM9VZF5,M2069,UC,1,3,-0.005317966268261825,0.8006324363440596,outer_test_branch_input,3
MSM9VZGO,M2061,nonIBD,0,3,-1.4118457570927017,0.45480758196635596,outer_test_branch_input,3
MSM9VZGS,M2061,nonIBD,0,3,0.9930878744404232,0.924545504902467,outer_test_branch_input,3
MSM9VZGU,M2061,nonIBD,0,3,0.6882411422849763,0.8970775649282404,outer_test_branch_input,3
MSM9VZHB,M2061,nonIBD,0,3,-0.22748618544493007,0.7580508370334957,outer_test_branch_input,3
MSM9VZHF,M2061,nonIBD,0,3,2.0197642461108734,0.9747383084072857,outer_test_branch_input,3
MSM9VZL5,M2097,nonIBD,0,3,-0.8976468604170057,0.5970650740226127,outer_test_branch_input,3
MSM9VZLJ,M2061,nonIBD,0,3,-2.0355517604548083,0.2935649718401608,outer_test_branch_input,3
MSM9VZOS,M2069,UC,1,3,-0.2656869231888134,0.750136619892181,outer_test_branch_input,3
MSM9VZOU,M2069,UC,1,3,0.2932973700470834,0.8486298907446401,outer_test_branch_input,3
MSM9VZOW,M2069,UC,1,3,-0.6304045160676913,0.666376431930937,outer_test_branch_input,3
MSM9VZOY,M2069,UC,1,3,-0.45657438394461825,0.7080768689344458,outer_test_branch_input,3
MSM9VZP1,M2069,UC,1,3,-0.24018397240130082,0.7554392374222382,outer_test_branch_input,3
MSM9VZP3,M2069,UC,1,3,1.4476598400694767,0.9531877343599722,outer_test_branch_input,3
MSMA26DG,M2097,nonIBD,0,3,-0.18584739070727876,0.7664809024415623,outer_test_branch_input,3
MSMA26DI,M2097,nonIBD,0,3,-1.6434716221905745,0.391726583190571,outer_test_branch_input,3
MSMA26DK,M2097,nonIBD,0,3,-0.21125305822117407,0.7613618083730482,outer_test_branch_input,3
MSMA26DM,M2097,nonIBD,0,3,-1.0099522754793206,0.5665458484302995,outer_test_branch_input,3
MSMA26DO,M2097,nonIBD,0,3,-1.571469973389015,0.4110533000105103,outer_test_branch_input,3
MSMA26EH,M2069,UC,1,3,-1.3368719433144223,0.4756452945775373,outer_test_branch_input,3
MSMA26EJ,M2069,UC,1,3,1.3098045748613538,0.9458148874030909,outer_test_branch_input,3
MSMA26EL,M2069,UC,1,3,-0.4235165814307951,0.7156525111144436,outer_test_branch_input,3
MSMA26EN,M2069,UC,1,3,0.012594585243422659,0.8038078187394155,outer_test_branch_input,3
MSMA26EP,M2069,UC,1,3,-0.10299774565090374,0.782639341645211,outer_test_branch_input,3
MSMAPC5H,M2097,nonIBD,0,3,-0.16418463582982537,0.7707851252897423,outer_test_branch_input,3
MSMAPC5L,M2097,nonIBD,0,3,-0.3800981452159919,0.7254202086069421,outer_test_branch_input,3
MSMB4LXS,M2097,nonIBD,0,3,-0.06738682020128547,0.7893317597797614,outer_test_branch_input,3
MSMB4LXW,M2097,nonIBD,0,3,-0.7105597078088175,0.6461786438234061,outer_test_branch_input,3
MSMB4LZK,M2097,nonIBD,0,3,0.9450676440867659,0.920716301555067,outer_test_branch_input,3
CSM79HNE,C3029,UC,1,3,-0.1952184395476337,0.7646016205562496,outer_test_branch_input,3
CSM79HNG_P,C3029,UC,1,3,-0.008786825353438174,0.8000130656502316,outer_test_branch_input,3
CSM79HNI,C3029,UC,1,3,-0.060138339274186006,0.7906753206556052,outer_test_branch_input,3
CSM79HNK,C3029,UC,1,3,-1.002720475132383,0.5685290158007372,outer_test_branch_input,3
CSM79HNM,C3029,UC,1,3,-0.04099370715028618,0.7941935795112958,outer_test_branch_input,3
CSM7KOLY,C3029,UC,1,3,-0.6576480165655691,0.6595753014949833,outer_test_branch_input,3
CSM7KOQP_P,C3033,CD,1,3,-0.2695753056320861,0.7493214389652897,outer_test_branch_input,3
CSM7KOS7,C3029,UC,1,3,0.11005482785481499,0.82041446219504,outer_test_branch_input,3
CSM7KOSH,C3029,UC,1,3,-0.23854476075255066,0.7557774491223782,outer_test_branch_input,3
CSM9X1Y5,C3029,UC,1,3,-1.000172141158432,0.5692273222925388,outer_test_branch_input,3
ESM5GEZ4_P,E5004,UC,1,3,-0.19336756778242037,0.7649736247288693,outer_test_branch_input,3
ESM5GEZ6_P,E5004,UC,1,3,-0.2465401996920577,0.754124790661276,outer_test_branch_input,3
ESM5GEZA_P,E5004,UC,1,3,-0.37434170462314376,0.7266994487670102,outer_test_branch_input,3
ESM5ME9U,E5004,UC,1,3,-0.3493606258555331,0.7322076487552677,outer_test_branch_input,3
ESM5MEBS,E5004,UC,1,3,-0.3037780230838315,0.742075063558856,outer_test_branch_input,3
ESM5MEBU,E5004,UC,1,3,1.805354479522118,0.9681182198365677,outer_test_branch_input,3
ESM5MEC3,E5004,UC,1,3,-0.41041310913372575,0.7186223423088706,outer_test_branch_input,3
ESM5MEC5,E5004,UC,1,3,1.1147493147452194,0.9334978924843825,outer_test_branch_input,3
ESM5MEC9,E5004,UC,1,3,-0.286087617563541,0.7458400410690141,outer_test_branch_input,3
ESM5MEDU,E5004,UC,1,3,-0.4337661509997984,0.7133163818677423,outer_test_branch_input,3
ESM5MEEJ_P,E5004,UC,1,3,0.11153796852033716,0.8206584830289583,outer_test_branch_input,3
ESM718SY,E5004,UC,1,3,1.4280671658542021,0.952201194001278,outer_test_branch_input,3
HSM5MD4N,H4007,CD,1,3,-0.38895382961788894,0.7234449813555737,outer_test_branch_input,3
HSM5MD4O,H4007,CD,1,3,1.603498212860545,0.9603720136681744,outer_test_branch_input,3
HSM5MD4P_P,H4007,CD,1,3,-0.09021612451954122,0.7850589345236689,outer_test_branch_input,3
HSM5MD7Z_P,H4007,CD,1,3,0.028067369667368496,0.8065198029208807,outer_test_branch_input,3
HSM5MD82_P,H4009,nonIBD,0,3,0.5565666328257594,0.8826788625169186,outer_test_branch_input,3
HSM5MD8B_P,H4009,nonIBD,0,3,-0.4456688009415167,0.710589121307627,outer_test_branch_input,3
HSM5MD8D_P,H4009,nonIBD,0,3,-0.36199258364386794,0.7294311847452185,outer_test_branch_input,3
HSM5MD8L_P,H4009,nonIBD,0,3,-0.3281585392679616,0.7368269783015056,outer_test_branch_input,3
HSM5MD8N_P,H4009,nonIBD,0,3,-0.2523893244488565,0.7529110114699242,outer_test_branch_input,3
HSM5MD8P_P,H4009,nonIBD,0,3,-0.08356502264461985,0.7863102441237539,outer_test_branch_input,3
HSM67VGA,H4009,nonIBD,0,3,-1.5027187887777043,0.42976819553562695,outer_test_branch_input,3
HSM67VGA_P,H4009,nonIBD,0,3,-0.14543199450562047,0.774465874750463,outer_test_branch_input,3
HSM67VGC,H4009,nonIBD,0,3,-0.5258174781782182,0.691831709984049,outer_test_branch_input,3
HSM67VGE_P,H4009,nonIBD,0,3,0.09754288641976862,0.8183455479593649,outer_test_branch_input,3
HSM67VGG,H4009,nonIBD,0,3,-0.2476027053042437,0.7539046041499544,outer_test_branch_input,3
HSM67VGI_P,H4009,nonIBD,0,3,-0.2875808956539781,0.7455236369561713,outer_test_branch_input,3
HSM67VGK,H4009,nonIBD,0,3,-0.3008380910272352,0.7427032714748412,outer_test_branch_input,3
HSM67VGK_TR,H4009,nonIBD,0,3,-0.1621043416649128,0.7711955164079144,outer_test_branch_input,3
HSM67VHQ,H4007,CD,1,3,0.09272705861350826,0.8175442984888468,outer_test_branch_input,3
HSM67VHS,H4007,CD,1,3,-0.13657448760396448,0.7761897863399331,outer_test_branch_input,3
HSM67VHW,H4007,CD,1,3,0.5609224263585182,0.8831819087198572,outer_test_branch_input,3
HSM67VI1,H4007,CD,1,3,-0.1411762117002688,0.7752953382832111,outer_test_branch_input,3
HSM6XRSN,H4007,CD,1,3,1.3891544104076057,0.9501830042308435,outer_test_branch_input,3
HSM6XRST,H4007,CD,1,3,-0.14517102276090216,0.7745168012482303,outer_test_branch_input,3
HSM6XRT8,H4009,nonIBD,0,3,-0.1267629170885829,0.7780884131552236,outer_test_branch_input,3
HSM6XRTA_P,H4009,nonIBD,0,3,-0.24427148655922476,0.7545944988978028,outer_test_branch_input,3
HSM6XRTC_P,H4009,nonIBD,0,3,-0.1890542240092159,0.7658389763105063,outer_test_branch_input,3
HSM6XRTE_P,H4009,nonIBD,0,3,-0.32309650750170554,0.7379222447881901,outer_test_branch_input,3
HSM6XRTG,H4009,nonIBD,0,3,-0.35365410970723693,0.7312659846809921,outer_test_branch_input,3
HSM6XRTG_P,H4009,nonIBD,0,3,-0.3221460395681829,0.7381275684516647,outer_test_branch_input,3
HSM7CYXQ,H4007,CD,1,3,-0.23886392823146266,0.7557116214550792,outer_test_branch_input,3
HSM7CYXS,H4007,CD,1,3,-0.00518555116315978,0.800656050717405,outer_test_branch_input,3
HSM7CYYR_P,H4009,nonIBD,0,3,-0.002228556060729827,0.8011828420336945,outer_test_branch_input,3
HSM7CYYV_P,H4009,nonIBD,0,3,-0.3336812217532549,0.7356286902533201,outer_test_branch_input,3
HSM7J4JV_P,H4042,UC,1,3,-0.3690424448590679,0.7278737979915662,outer_test_branch_input,3
HSMA33IO,H4042,UC,1,3,1.1630872005745032,0.9367732079973817,outer_test_branch_input,3
HSMA33IS,H4042,UC,1,3,-0.6556494966220071,0.6600764997616537,outer_test_branch_input,3
HSMA33MX,H4042,UC,1,3,0.21373018235680152,0.8368527135291223,outer_test_branch_input,3
HSMA33MZ,H4042,UC,1,3,0.5314568343530505,0.8797422150648421,outer_test_branch_input,3
HSMA33N4,H4042,UC,1,3,0.3034100671854427,0.8500756100771318,outer_test_branch_input,3
HSMA33RD,H4042,UC,1,3,-0.38995531693027474,0.7232210517127516,outer_test_branch_input,3
HSMA33RF,H4042,UC,1,3,-0.2878399959494006,0.7454687109310336,outer_test_branch_input,3
MSM5LLD6_P,M2008,CD,1,3,-0.3817487529633285,0.7250527122047309,outer_test_branch_input,3
MSM5LLDA,M2008,CD,1,3,0.7710128494837004,0.9053081687945336,outer_test_branch_input,3
MSM5LLDC,M2008,CD,1,3,-0.3957734232317824,0.7219179287068304,outer_test_branch_input,3
MSM5LLDE,M2008,CD,1,3,-0.2525873877313432,0.7528698400497117,outer_test_branch_input,3
MSM5LLDI,M2008,CD,1,3,0.641713516656223,0.8921777435628192,outer_test_branch_input,3
MSM5LLDK,M2008,CD,1,3,-0.4651777682109564,0.7060859437422026,outer_test_branch_input,3
MSM5LLDM,M2008,CD,1,3,-0.5244374471521054,0.6921603491100365,outer_test_branch_input,3
MSM5LLDQ,M2008,CD,1,3,-0.43515055777070527,0.7129999628664283,outer_test_branch_input,3
MSM5LLDS,M2008,CD,1,3,0.45708844954133215,0.8706704044311822,outer_test_branch_input,3
MSM5LLDU,M2008,CD,1,3,-0.38359403017611293,0.724641512707665,outer_test_branch_input,3
MSM5LLFK_P,M2026,UC,1,3,0.008977443382459932,0.8031696978449532,outer_test_branch_input,3
MSM5LLFM_P,M2026,UC,1,3,-0.17587232290093097,0.7684698242749426,outer_test_branch_input,3
MSM5LLFO_P,M2026,UC,1,3,-0.46155287271777273,0.7069257536778103,outer_test_branch_input,3
MSM5LLFU_P,M2026,UC,1,3,0.00548009739641749,0.8025512221362945,outer_test_branch_input,3
MSM5LLHQ_P,M2008,CD,1,3,-0.555688826784669,0.6846708911411924,outer_test_branch_input,3
MSM5LLHX_P,M2008,CD,1,3,-0.09688228212046288,0.7837994616862852,outer_test_branch_input,3
MSM5LLI2_P,M2008,CD,1,3,-0.566196028606432,0.6821308479664868,outer_test_branch_input,3
MSM5LLI4_P,M2008,CD,1,3,-0.44230163898916913,0.711362199619539,outer_test_branch_input,3
MSM5LLI6_P,M2008,CD,1,3,-0.1150351692638056,0.780342695083474,outer_test_branch_input,3
MSM5LLI8_P,M2008,CD,1,3,-0.6080605033769573,0.671903380763087,outer_test_branch_input,3
MSM5LLIQ_P,M2026,UC,1,3,0.3084305454319316,0.8507891073815876,outer_test_branch_input,3
MSM6J2HB,M2026,UC,1,3,2.232114134557668,0.9799670176171599,outer_test_branch_input,3
MSM6J2HD,M2026,UC,1,3,-0.34196229895945307,0.7338253607046878,outer_test_branch_input,3
MSM6J2HF,M2026,UC,1,3,0.3630543653132593,0.8583721477175861,outer_test_branch_input,3
MSM6J2HH,M2026,UC,1,3,-0.09482162590025672,0.7841893623132149,outer_test_branch_input,3
MSM6J2HJ,M2026,UC,1,3,-0.2840060252886286,0.746280667540222,outer_test_branch_input,3
MSM6J2HL,M2026,UC,1,3,-0.2635075504559615,0.7505927412030214,outer_test_branch_input,3
MSM6J2LB,M2008,CD,1,3,1.6084756175697572,0.9605831210339212,outer_test_branch_input,3
MSM6J2OH,M2026,UC,1,3,-0.05968110936951508,0.79075986007868,outer_test_branch_input,3
MSM6J2OJ,M2026,UC,1,3,-0.2909854038880586,0.7448013012967777,outer_test_branch_input,3
MSM6J2OL,M2026,UC,1,3,-0.3915925175207791,0.7228547374863445,outer_test_branch_input,3
MSM6J2ON,M2026,UC,1,3,-0.3877622360866255,0.7237112723483778,outer_test_branch_input,3
MSM6J2OP,M2026,UC,1,3,-0.06501143643701608,0.7897727503880693,outer_test_branch_input,3
MSM79HEA,M2026,UC,1,3,-0.8505710039297694,0.6096518390419104,outer_test_branch_input,3
CSM79HHW,C3027,CD,1,3,-1.306330874205942,0.48416220432850215,outer_test_branch_input,3
CSM79HHW_P,C3027,CD,1,3,-1.0377765077911916,0.558896291308347,outer_test_branch_input,3
CSM79HJM,C3027,CD,1,3,-0.991903808043288,0.5714911409608292,outer_test_branch_input,3
CSM79HJO,C3027,CD,1,3,-0.08595170211629635,0.7858618357528383,outer_test_branch_input,3
CSM79HJQ,C3027,CD,1,3,-0.598852121389798,0.6741674577165908,outer_test_branch_input,3
CSM79HJS,C3027,CD,1,3,-0.41207766688202024,0.7182461272150082,outer_test_branch_input,3
CSM79HJU,C3027,CD,1,3,-0.15565947939456598,0.7724636471871931,outer_test_branch_input,3
CSM79HQV,C3027,CD,1,3,-0.30491493607594494,0.7418318585931591,outer_test_branch_input,3
CSM79HQX,C3027,CD,1,3,-0.5844093353515264,0.6777021813645456,outer_test_branch_input,3
CSM79HQZ,C3027,CD,1,3,-0.4808753446590578,0.7024330040773479,outer_test_branch_input,3
CSM79HR2,C3027,CD,1,3,-0.22851750792299694,0.7578394313891991,outer_test_branch_input,3
CSM79HR4,C3027,CD,1,3,-0.462474630163369,0.7067123356176347,outer_test_branch_input,3
CSM79HR6,C3027,CD,1,3,0.31327990729356553,0.85147562526511,outer_test_branch_input,3
CSM7KOOT,C3027,CD,1,3,-0.44775533427172526,0.7101094515559166,outer_test_branch_input,3
CSM7KOOV,C3027,CD,1,3,-1.296090476730532,0.4870202249257308,outer_test_branch_input,3
CSM7KOOX,C3027,CD,1,3,0.11509511578569535,0.8212426836063869,outer_test_branch_input,3
CSM7KOOZ,C3027,CD,1,3,-0.27584618766254265,0.7480030545858788,outer_test_branch_input,3
CSM7KOP2,C3027,CD,1,3,-0.5704319076780274,0.6811037689416968,outer_test_branch_input,3
CSMA88CB,C3027,CD,1,3,0.006088821353133281,0.8026589749849553,outer_test_branch_input,3
CSMA9J65,C3027,CD,1,3,-0.37449909897461947,0.7266645208791586,outer_test_branch_input,3
CSMACTZP,C3027,CD,1,3,-0.315203665890002,0.7396241352574605,outer_test_branch_input,3
CSMAF72L,C3027,CD,1,3,-0.48690953202037734,0.701021862866491,outer_test_branch_input,3
CSMAH393,C3027,CD,1,3,-0.3488642368308598,0.7323163837133825,outer_test_branch_input,3
CSMAIG7X,C3027,CD,1,3,-0.7263069900307992,0.6421457204701138,outer_test_branch_input,3
HSM67VDX_P,H4022,nonIBD,0,3,-0.16807513008857383,0.7700162387821741,outer_test_branch_input,3
HSM67VEO,H4022,nonIBD,0,3,-0.5135013325749788,0.6947577616867787,outer_test_branch_input,3
HSM67VEQ,H4022,nonIBD,0,3,-0.36071621282481026,0.729712547958942,outer_test_branch_input,3
HSM67VES,H4022,nonIBD,0,3,-2.031348240139913,0.29453991795415474,outer_test_branch_input,3
HSM67VEU,H4022,nonIBD,0,3,0.025990020402532614,0.8061573592698922,outer_test_branch_input,3
HSM67VEW,H4022,nonIBD,0,3,-0.2896069237806108,0.7450939361939316,outer_test_branch_input,3
HSM7CYZJ,H4022,nonIBD,0,3,-2.6702154540290084,0.169772114418926,outer_test_branch_input,3
HSM7CYZL,H4022,nonIBD,0,3,-0.4378142197044952,0.7123905716845673,outer_test_branch_input,3
HSM7CYZR,H4022,nonIBD,0,3,-0.2309115455879518,0.7573482052081065,outer_test_branch_input,3
HSM7J4G1,H4022,nonIBD,0,3,-1.770484637957716,0.3584789038554293,outer_test_branch_input,3
HSM7J4G8,H4022,nonIBD,0,3,-0.5486671803905377,0.6863622058990868,outer_test_branch_input,3
HSM7J4IU,H4022,nonIBD,0,3,-2.326260220375957,0.23095237821489994,outer_test_branch_input,3
HSM7J4IW,H4022,nonIBD,0,3,-0.4538266924742015,0.7087110448336154,outer_test_branch_input,3
HSM7J4RE,H4022,nonIBD,0,3,-0.35885679255297803,0.7301221087965285,outer_test_branch_input,3
MSM5LLF2_P,M2034,CD,1,3,-1.0622536816034793,0.5521436027835779,outer_test_branch_input,3
MSM5LLF4,M2034,CD,1,3,-0.41421024044890575,0.7177636870753381,outer_test_branch_input,3
MSM5LLF6,M2034,CD,1,3,-0.3121060406913082,0.7402900992355321,outer_test_branch_input,3
MSM5LLF8,M2034,CD,1,3,-0.43277722738650726,0.7135422817252931,outer_test_branch_input,3
MSM6J2LH,M2034,CD,1,3,-0.4091443802942011,0.7189088887532781,outer_test_branch_input,3
MSM6J2LJ,M2034,CD,1,3,-0.04225495807287338,0.7939631504069429,outer_test_branch_input,3
MSM6J2LL,M2034,CD,1,3,-1.172920870662129,0.5214086188710899,outer_test_branch_input,3
MSM6J2LN,M2034,CD,1,3,-0.5006745241315265,0.6977885057891677,outer_test_branch_input,3
MSM6J2LR,M2034,CD,1,3,-0.3409369769043907,0.7340490647585446,outer_test_branch_input,3
MSM6J2MB,M2034,CD,1,3,-0.03073984350192477,0.7960598616807134,outer_test_branch_input,3
MSM6J2MD,M2034,CD,1,3,-0.40750298677839036,0.7192793388980736,outer_test_branch_input,3
MSM6J2MF,M2034,CD,1,3,-0.5867201549084125,0.677137982931835,outer_test_branch_input,3
MSM6J2MH,M2034,CD,1,3,0.6620900262895093,0.8943483500716441,outer_test_branch_input,3
MSM6J2MJ,M2034,CD,1,3,-0.035276677331221244,0.7952356796217492,outer_test_branch_input,3
MSM6J2ML,M2034,CD,1,3,-0.6946895194191332,0.6502221086255818,outer_test_branch_input,3
MSM79H8D,M2075,nonIBD,0,3,-0.792730185623777,0.6249177327805671,outer_test_branch_input,3
MSM79H8F,M2075,nonIBD,0,3,0.0577045550379787,0.8116346645797209,outer_test_branch_input,3
MSM79H8H,M2075,nonIBD,0,3,-0.1283678456304022,0.7777786343768827,outer_test_branch_input,3
MSM79H8J_P,M2075,nonIBD,0,3,-0.10341961928341924,0.7825591455204043,outer_test_branch_input,3
MSM79H8L,M2075,nonIBD,0,3,0.054773978327209004,0.8111335602152944,outer_test_branch_input,3
MSM79H8N,M2075,nonIBD,0,3,-0.1256423459229359,0.7783045195712182,outer_test_branch_input,3
MSM79H94_P,M2077,nonIBD,0,3,-0.5192934133222803,0.6933836267667159,outer_test_branch_input,3
MSM79HBN,M2034,CD,1,3,-1.0630318060975523,0.5519286069199832,outer_test_branch_input,3
MSM79HBP,M2034,CD,1,3,-0.24239246052636662,0.7549830686812462,outer_test_branch_input,3
MSM79HBR,M2034,CD,1,3,0.3178696187293779,0.8521229807716848,outer_test_branch_input,3
MSM79HBT,M2034,CD,1,3,-0.5420037295008547,0.687962675101662,outer_test_branch_input,3
MSM79HBV,M2034,CD,1,3,0.46537915474379726,0.8717098983902493,outer_test_branch_input,3
MSM9VZGW,M2075,nonIBD,0,3,-0.13384441233663502,0.7767192387321847,outer_test_branch_input,3
MSM9VZGY,M2075,nonIBD,0,3,0.46736328651192655,0.8719576110847753,outer_test_branch_input,3
MSM9VZH7,M2075,nonIBD,0,3,-0.13377660210577247,0.7767323780256957,outer_test_branch_input,3
MSM9VZHX,M2077,nonIBD,0,3,0.7887369759683754,0.9069922318151327,outer_test_branch_input,3
MSM9VZHZ,M2077,nonIBD,0,3,-0.04584994221080861,0.793305302844336,outer_test_branch_input,3
MSM9VZI2,M2077,nonIBD,0,3,-0.46614763919752145,0.705861007530732,outer_test_branch_input,3
MSM9VZI6,M2077,nonIBD,0,3,0.2593397801694521,0.8436913808161153,outer_test_branch_input,3
MSM9VZJZ,M2075,nonIBD,0,3,-0.9669927810266147,0.5782931965992804,outer_test_branch_input,3
MSM9VZMA,M2077,nonIBD,0,3,-0.255163307874644,0.7523339638597873,outer_test_branch_input,3
MSM9VZMA_TR,M2077,nonIBD,0,3,-0.021139116105907983,0.7977958304317972,outer_test_branch_input,3
MSM9VZMC,M2077,nonIBD,0,3,-0.4392552772549662,0.7120605658761064,outer_test_branch_input,3
MSM9VZME,M2077,nonIBD,0,3,0.2264238369048975,0.8387798344157059,outer_test_branch_input,3
MSM9VZMI,M2077,nonIBD,0,3,-0.4863676638970335,0.7011487396796646,outer_test_branch_input,3
MSMAPC7J,M2075,nonIBD,0,3,-0.1401730694836839,0.7754905375870419,outer_test_branch_input,3
MSMAPC7P,M2077,nonIBD,0,3,-0.23635807850217158,0.756228125064559,outer_test_branch_input,3
MSMAPC7R,M2077,nonIBD,0,3,-0.21828032688509902,0.7599323285757799,outer_test_branch_input,3
MSMAPC7T,M2077,nonIBD,0,3,0.12600079106208345,0.8230244732492555,outer_test_branch_input,3
MSMB4LZC,M2077,nonIBD,0,3,0.6539442505220366,0.8934852831199268,outer_test_branch_input,3
CSM79HQL,C3032,UC,1,3,-0.044225009984638956,0.7936028420170291,outer_test_branch_input,3
CSM7KOPC,C3032,UC,1,3,-0.800750121531804,0.6228150473830838,outer_test_branch_input,3
CSM7KOQ7,C3037,UC,1,3,1.1172885210937689,0.9336737995126204,outer_test_branch_input,3
CSM7KOUF,C3032,UC,1,3,-1.0855255289351708,0.545705514311213,outer_test_branch_input,3
CSM7KOUR,C3037,UC,1,3,1.7796942502323045,0.967221328097503,outer_test_branch_input,3
CSM9X22Q,C3032,UC,1,3,-0.4058560962088877,0.7196507303600251,outer_test_branch_input,3
CSM9X23L,C3037,UC,1,3,1.6740435825458944,0.9632652486566361,outer_test_branch_input,3
CSM9X23P,C3037,UC,1,3,1.8701148401133665,0.9702774599217634,outer_test_branch_input,3
PSMA269I,P6037,CD,1,3,0.2848697735877349,0.8474163411753952,outer_test_branch_input,3
PSMB4MBQ,P6037,CD,1,3,-0.1689735359413341,0.7698384280995164,outer_test_branch_input,3
CSM5FZ4A,C3004,UC,1,3,1.494649172468624,0.9554754306136453,outer_test_branch_input,3
CSM5MCUC,C3004,UC,1,3,0.10557437507110105,0.819675719224412,outer_test_branch_input,3
CSM79HQN,C3035,CD,1,3,2.2035214330311534,0.9793301399037269,outer_test_branch_input,3
HSM5MD4A,H4006,CD,1,3,0.11174919429245597,0.8206932148753573,outer_test_branch_input,3
HSM5MD86,H4006,CD,1,3,1.2702928485059028,0.9435073785341127,outer_test_branch_input,3
MSM6J2NA,M2061,nonIBD,0,3,-1.716251938569237,0.37253007718517156,outer_test_branch_input,3
MSMAPC5F,M2097,nonIBD,0,3,0.15175708441269556,0.8271771839043763,outer_test_branch_input,3
CSM79HJG,C3029,UC,1,3,1.000952675477425,0.9251562383654465,outer_test_branch_input,3
ESM5GEZ6,E5004,UC,1,3,1.673011108334374,0.9632244068591255,outer_test_branch_input,3
ESM5MEEG,E5004,UC,1,3,2.059369272269807,0.9758053293638373,outer_test_branch_input,3
HSM5MD4Q,H4007,CD,1,3,2.274523501804024,0.9808763936914858,outer_test_branch_input,3
HSM5MD7Z,H4007,CD,1,3,1.5077065088786565,0.9560919694167381,outer_test_branch_input,3
HSM5MD82,H4009,nonIBD,0,3,-1.3702387546329382,0.4663567169606759,outer_test_branch_input,3
HSM5MD8B,H4009,nonIBD,0,3,-1.108860962891696,0.5392344542368606,outer_test_branch_input,3
HSM67VHU,H4007,CD,1,3,0.636406534574733,0.891606017790934,outer_test_branch_input,3
HSM6XRTC,H4009,nonIBD,0,3,-1.52503011435265,0.4236700262456822,outer_test_branch_input,3
HSM7CYYZ,H4009,nonIBD,0,3,-1.091222221402286,0.5441271254558275,outer_test_branch_input,3
HSM7J4JV,H4042,UC,1,3,0.887831459802239,0.9159206947854729,outer_test_branch_input,3
HSMA33IY,H4042,UC,1,3,1.7871156992683268,0.9674832034868863,outer_test_branch_input,3
HSMA33RL,H4042,UC,1,3,2.271719508993494,0.9808175383447321,outer_test_branch_input,3
MSM5LLFK,M2026,UC,1,3,1.7047226697914153,0.9644591043020108,outer_test_branch_input,3
MSM5LLFO,M2026,UC,1,3,0.3002481748971179,0.8496248095261504,outer_test_branch_input,3
MSM5LLHQ,M2008,CD,1,3,1.6913449455331329,0.9639431843676166,outer_test_branch_input,3
MSM5LLHZ,M2008,CD,1,3,1.3129640200399901,0.9459955149964698,outer_test_branch_input,3
HSM67VDX,H4022,nonIBD,0,3,-0.4059114874802615,0.7196382439104819,outer_test_branch_input,3
MSM5LLEH,M2034,CD,1,3,1.4225118343650516,0.9519178946539636,outer_test_branch_input,3
MSM79H8J,M2075,nonIBD,0,3,-0.763176523551328,0.6326250673502988,outer_test_branch_input,3
MSM79H94,M2077,nonIBD,0,3,0.7479665500156497,0.9030776145359758,outer_test_branch_input,3
MSM9VZH1,M2075,nonIBD,0,3,0.14785520199725008,0.8265530704522228,outer_test_branch_input,3
MSMAPC7D,M2075,nonIBD,0,3,-0.28117702216164137,0.7468786953768982,outer_test_branch_input,3
CSM9X1ZU,C3032,UC,1,3,-0.23258914301612874,0.7570035801886424,outer_test_branch_input,3
MSM79H9O,M2061,nonIBD,0,3,-0.0765655405542938,0.7876213583307439,outer_test_branch_input,3
MSM79HD8,M2069,UC,1,3,-0.05931344034383129,0.790827821947907,outer_test_branch_input,3
MSM9VZHD,M2061,nonIBD,0,3,0.06787107833868572,0.813365139347459,outer_test_branch_input,3
CSM9X1YF,C3029,UC,1,3,-0.7172889289674839,0.6444577760455824,outer_test_branch_input,3
ESM7F5BL,E5004,UC,1,3,-0.1259584708865681,0.7782435689126431,outer_test_branch_input,3
HSM7CYY1,H4007,CD,1,3,0.16620230798942823,0.8294722636043244,outer_test_branch_input,3
HSM7J4J5,H4022,nonIBD,0,3,-0.14787896585361615,0.7739879718059319,outer_test_branch_input,3
CSM7KOUP,C3037,UC,1,3,0.12721920432906925,0.8232226716329873,outer_test_branch_input,3
CSM9X23J,C3037,UC,1,3,0.082358298542061,0.8158098483277413,outer_test_branch_input,3
CSM7KOM1,C3029,UC,1,3,-0.0018553956131444364,0.801249246470559,outer_test_branch_input,3
CSM7KOS9,C3029,UC,1,3,0.08913773446863343,0.8169453289001304,outer_test_branch_input,3
CSM9X1Y7,C3029,UC,1,3,0.10322170560652402,0.8192868598516829,outer_test_branch_input,3
CSM5FZ38,C3022,nonIBD,0,3,0.3083151524539916,0.8507727395177969,outer_test_branch_input,3
CSM5FZ39,C3022,nonIBD,0,3,0.4256724735630967,0.8666662088876455,outer_test_branch_input,3
CSMDRVXX,C3032,UC,1,3,0.9569989895143012,0.9216839872858503,outer_test_branch_input,3
CSMDRVY5,C3037,UC,1,3,-0.6286038604453648,0.6668235601191882,outer_test_branch_input,3
CSMDRVY6,C3037,UC,1,3,0.3845979113246053,0.8612732360342599,outer_test_branch_input,3
CSMDRVY7,C3037,UC,1,3,0.1274536843353282,0.8232607943160681,outer_test_branch_input,3
CSMDTZ4X,C3032,UC,1,3,1.120168856909377,0.9338728154564738,outer_test_branch_input,3
CSMDTZ4Y,C3032,UC,1,3,1.8707122696296672,0.9702967042494417,outer_test_branch_input,3
CSM5FZ1M,C3004,UC,1,3,-0.39325241253256554,0.722483040491147,outer_test_branch_input,3
CSM5FZ1N,C3004,UC,1,3,0.6564585218704065,0.8937523374456366,outer_test_branch_input,3
CSM5FZ1O,C3004,UC,1,3,1.2662514500795918,0.9432662164128123,outer_test_branch_input,3
CSMDRVY2,C3035,CD,1,3,0.6569095345009371,0.8938001794797694,outer_test_branch_input,3
CSMDRVY3,C3035,CD,1,3,1.455610354787958,0.9535825153190821,outer_test_branch_input,3
CSMDRVY4,C3035,CD,1,3,1.5625525054134985,0.9585937850210647,outer_test_branch_input,3
HSM5FZAQ,H4006,CD,1,3,-1.4334793532751848,0.44882096481675376,outer_test_branch_input,3
HSM5FZAR,H4006,CD,1,3,2.582973290003948,0.9863753253535034,outer_test_branch_input,3
MSM719M9,M2061,nonIBD,0,3,-1.0819650069695037,0.5466915678044874,outer_test_branch_input,3
MSM719MA,M2061,nonIBD,0,3,-0.8849380024413318,0.6004764389412303,outer_test_branch_input,3
MSM719MZ,M2069,UC,1,3,1.5674654404690782,0.9588111145402896,outer_test_branch_input,3
MSM719N1,M2069,UC,1,3,0.07063289252799901,0.8138331149523519,outer_test_branch_input,3
CSMDRVXK,C3029,UC,1,3,0.3622931545200441,0.8582687211482318,outer_test_branch_input,3
CSMDRVXL,C3029,UC,1,3,2.720180004074864,0.9882891064936609,outer_test_branch_input,3
CSMDRVXM,C3029,UC,1,3,1.9581357997656328,0.9729862084050355,outer_test_branch_input,3
CSMDRVXN,C3029,UC,1,3,1.9161471675534258,0.9717253729506259,outer_test_branch_input,3
ESM5GEYI,E5004,UC,1,3,1.4634262636878541,0.9539675238063582,outer_test_branch_input,3
ESM5GEYK,E5004,UC,1,3,1.719112057128558,0.965006101119014,outer_test_branch_input,3
ESM5GEYL,E5004,UC,1,3,1.1984232821620653,0.9390717043642941,outer_test_branch_input,3
HSM5FZBD,H4009,nonIBD,0,3,-0.9802010918924953,0.5746901432210413,outer_test_branch_input,3
HSM5FZBE,H4009,nonIBD,0,3,-0.4130194788793267,0.7180331281749991,outer_test_branch_input,3
HSM5FZBF,H4007,CD,1,3,2.1376194851449597,0.977785820158309,outer_test_branch_input,3
HSM5FZBG,H4007,CD,1,3,0.48019210168981763,0.8735494148475172,outer_test_branch_input,3
HSM6S4GB,H4007,CD,1,3,-0.28000604040146687,0.7471259583659623,outer_test_branch_input,3
HSM6S4GC,H4007,CD,1,3,-0.8326054885484518,0.614418067344444,outer_test_branch_input,3
HSM9JTC7,H4042,UC,1,3,-0.999436601315293,0.5694288273210621,outer_test_branch_input,3
HSM9JTC8,H4042,UC,1,3,1.558724513464017,0.9584236891809612,outer_test_branch_input,3
MSM5CFCU,M2008,CD,1,3,2.0063834802986813,0.9743675532381265,outer_test_branch_input,3
MSM5CFCV,M2008,CD,1,3,-0.33929161464937735,0.7344077980866969,outer_test_branch_input,3
MSM5CFCW,M2008,CD,1,3,-0.5141894694713501,0.6945946862966217,outer_test_branch_input,3
MSM5LWJZ,M2008,CD,1,3,1.779095127944547,0.9672000986321077,outer_test_branch_input,3
MSM5LWKD,M2008,CD,1,3,1.8858686936022608,0.9707809001301547,outer_test_branch_input,3
MSM5LWKE,M2008,CD,1,3,0.20601855167787467,0.8356729220126182,outer_test_branch_input,3
MSM5LWL1,M2026,UC,1,3,1.991565712145709,0.973950798602123,outer_test_branch_input,3
MSM5LWL2,M2026,UC,1,3,1.104900979567256,0.9328115288755666,outer_test_branch_input,3
MSM5LWL5,M2026,UC,1,3,1.0548441357724252,0.9292202530448527,outer_test_branch_input,3
CSMDRVXF,C3027,CD,1,3,1.243883820017782,0.9419138898936666,outer_test_branch_input,3
CSMDRVXG,C3027,CD,1,3,0.029997404168223434,0.8068560821332974,outer_test_branch_input,3
CSMDRVXH,C3027,CD,1,3,0.6153375276979625,0.8893098973658667,outer_test_branch_input,3
HSM6S4FY,H4022,nonIBD,0,3,-0.4589532493555779,0.7075271644062617,outer_test_branch_input,3
HSM6S4FZ,H4022,nonIBD,0,3,-1.1510587219611896,0.5275005897743934,outer_test_branch_input,3
HSM6S4G1,H4022,nonIBD,0,3,-0.7478858402088686,0.6365865694151364,outer_test_branch_input,3
MSM5LWJG,M2034,CD,1,3,-0.46015815443805497,0.7072485052576278,outer_test_branch_input,3
MSM5LWJH,M2034,CD,1,3,-1.04778739546484,0.5561370053096306,outer_test_branch_input,3
MSM719NA,M2075,nonIBD,0,3,-0.8865087386851676,0.6000553356469338,outer_test_branch_input,3
206498,H4006,CD,1,3,-0.5908790200865481,0.6761212747011692,outer_test_branch_input,3
219210,H4006,CD,1,3,-1.639438910552105,0.39280072289172513,outer_test_branch_input,3
219221,H4006,CD,1,3,-1.0337558112960106,0.5600034965596955,outer_test_branch_input,3
220201,M2061,nonIBD,0,3,-0.869568989746403,0.6045888407663664,outer_test_branch_input,3
220217,M2069,UC,1,3,2.3703431679109173,0.9827845458803132,outer_test_branch_input,3
220943,H4006,CD,1,3,0.469933098278447,0.8722778374705286,outer_test_branch_input,3
222403,H4006,CD,1,3,-1.6618978783311327,0.38683209593712947,outer_test_branch_input,3
226395,M2069,UC,1,3,1.7876228813397392,0.9675010260665389,outer_test_branch_input,3
226396,M2061,nonIBD,0,3,-0.591684046289856,0.6759242791838143,outer_test_branch_input,3
206454,M2008,CD,1,3,0.3698077185890678,0.8592869756902461,outer_test_branch_input,3
206459,M2008,CD,1,3,0.04700894501727183,0.8098008608596922,outer_test_branch_input,3
206462,M2026,UC,1,3,2.0342883429239507,0.9751348307891131,outer_test_branch_input,3
206467,M2008,CD,1,3,-0.7040405388956184,0.6478421917639193,outer_test_branch_input,3
206472,M2026,UC,1,3,1.6245073885678747,0.9612557714546306,outer_test_branch_input,3
206501,H4007,CD,1,3,2.412137445029411,0.9835570570398228,outer_test_branch_input,3
206503,H4009,nonIBD,0,3,-0.9076303386822494,0.5943786475858762,outer_test_branch_input,3
206509,H4007,CD,1,3,1.9794794695990794,0.9736059923442228,outer_test_branch_input,3
206516,E5004,UC,1,3,1.7528320745675918,0.9662563243665145,outer_test_branch_input,3
206527,E5004,UC,1,3,1.368464662406336,0.9490773120138721,outer_test_branch_input,3
219188,M2008,CD,1,3,-0.9652050042880352,0.5787802476050576,outer_test_branch_input,3
219192,M2026,UC,1,3,1.3339877646034455,0.9471830695824196,outer_test_branch_input,3
219199,M2008,CD,1,3,-1.0451051355155714,0.5568766595385499,outer_test_branch_input,3
219205,H4007,CD,1,3,1.5643247122990094,0.9586723069146293,outer_test_branch_input,3
219972,E5004,UC,1,3,1.216301729606984,0.940204655889551,outer_test_branch_input,3
220207,M2026,UC,1,3,-0.9410709008078878,0.5853398312130925,outer_test_branch_input,3
220931,H4009,nonIBD,0,3,-1.7645049469306193,0.3600168213275232,outer_test_branch_input,3
222396,H4009,nonIBD,0,3,-1.641872427912855,0.39215241446099386,outer_test_branch_input,3
222402,H4007,CD,1,3,2.0490555378048465,0.9755317695378686,outer_test_branch_input,3
223287,M2026,UC,1,3,1.7167851863449608,0.9649182008320528,outer_test_branch_input,3
224268,H4042,UC,1,3,-1.4873992552793067,0.4339678499541985,outer_test_branch_input,3
224287,H4042,UC,1,3,-1.6546346673182508,0.38875872342095547,outer_test_branch_input,3
225341,H4042,UC,1,3,-1.1568371425530017,0.5258911322970176,outer_test_branch_input,3
225345,H4042,UC,1,3,-1.5791433064279101,0.4089793657109586,outer_test_branch_input,3
206469,M2034,CD,1,3,-0.9272806509812348,0.5890746006885075,outer_test_branch_input,3
219190,M2034,CD,1,3,-1.0271179562021533,0.5618300948500693,outer_test_branch_input,3
219198,M2034,CD,1,3,-1.0386917553193817,0.5586441713938742,outer_test_branch_input,3
219212,H4022,nonIBD,0,3,-1.8570369821599761,0.33655656750680146,outer_test_branch_input,3
222381,H4022,nonIBD,0,3,-1.1011023231459662,0.5413875499892162,outer_test_branch_input,3
223288,M2034,CD,1,3,0.1087939183285418,0.8202068011008417,outer_test_branch_input,3
223292,M2034,CD,1,3,1.1806183458022443,0.9379234863031699,outer_test_branch_input,3
223294,M2075,nonIBD,0,3,-0.2900380523644798,0.745002436464143,outer_test_branch_input,3
224280,H4022,nonIBD,0,3,-1.9093266669373468,0.32363846227852106,outer_test_branch_input,3
226386,M2075,nonIBD,0,3,-0.8577358817562338,0.6077450949273537,outer_test_branch_input,3
226409,M2075,nonIBD,0,3,-0.8499077023827339,0.6098281909873933,outer_test_branch_input,3
