sample_id,participant_id,diagnosis_label,disease_group_binary,global_outer_fold,HI_score,HI_probability,role,axis_outer_fold
206561,M2021,CD,1,1,-0.3523261360559106,0.7197996019638603,train_inner_branch_input,4
206562,M2021,CD,1,1,-0.21421460375638474,0.7531522390347516,train_inner_branch_input,4
206563,M2021,CD,1,1,0.057284994746748696,0.8105622668309229,train_inner_branch_input,4
206564,M2021,CD,1,1,-0.019355782121831883,0.7954680040411014,train_inner_branch_input,4
206655,C3021,CD,1,2,-0.23876473266422335,0.7474232849425049,train_inner_branch_input,4
206656,C3021,CD,1,2,-0.43325943124508715,0.6990250573276425,train_inner_branch_input,4
206657,C3022,nonIBD,0,3,-0.26230027714542037,0.741849078043465,train_inner_branch_input,4
206658,C3022,nonIBD,0,3,0.0177548260527603,0.802885941098107,train_inner_branch_input,4
206675,C3032,UC,1,3,-0.227843426557966,0.7499826795831619,train_inner_branch_input,4
206676,C3032,UC,1,3,-0.30508075021782105,0.7315135504068766,train_inner_branch_input,4
206683,C3037,UC,1,3,-0.30378269097039406,0.7318309784782234,train_inner_branch_input,4
206684,C3037,UC,1,3,-0.2900546815177387,0.7351734439244384,train_inner_branch_input,4
206727,H4017,CD,1,2,0.1017791778672149,0.8189260786239991,train_inner_branch_input,4
206728,H4017,CD,1,2,0.09872839407448071,0.8183619126933708,train_inner_branch_input,4
206733,H4020,CD,1,1,-0.10726485825848282,0.7770763297248282,train_inner_branch_input,4
206734,H4020,CD,1,1,-0.0745578094504994,0.7840537641031543,train_inner_branch_input,4
215048,M2047,nonIBD,0,1,-0.19449827185420487,0.757689496925734,train_inner_branch_input,4
215049,M2047,nonIBD,0,1,-0.15492763181346636,0.7666233175023631,train_inner_branch_input,4
219669,P6025,UC,1,1,-0.3901385033294088,0.7102029198978212,train_inner_branch_input,4
219670,P6025,UC,1,1,-0.5172578797553893,0.6765656857449013,train_inner_branch_input,4
224323,H4045,nonIBD,0,2,-0.1402939949388793,0.769868529067312,train_inner_branch_input,4
224324,H4045,nonIBD,0,2,-0.11674163895822855,0.7750248507574883,train_inner_branch_input,4
224844,M2084,nonIBD,0,2,-0.24171049769646905,0.7467299857537786,train_inner_branch_input,4
224845,M2084,nonIBD,0,2,-0.18978074711814957,0.7587666763138915,train_inner_branch_input,4
206547,M2014,CD,1,2,-0.29464833658399187,0.7340579633447922,train_inner_branch_input,4
206548,M2014,CD,1,2,-0.3744627556861901,0.7142049547293615,train_inner_branch_input,4
206623,C3004,UC,1,3,-0.24192063434192765,0.7466804811143536,train_inner_branch_input,4
206624,C3004,UC,1,3,-0.05630206124261123,0.7878788845264454,train_inner_branch_input,4
206625,C3004,UC,1,3,-0.2026716710813698,0.7558154865617237,train_inner_branch_input,4
206626,C3004,UC,1,3,-0.2079800696851466,0.7545931248177609,train_inner_branch_input,4
206635,C3011,UC,1,1,-0.44583623816351786,0.695719007318995,train_inner_branch_input,4
206636,C3011,UC,1,1,-0.2414822646850878,0.7467837463477993,train_inner_branch_input,4
206681,C3035,CD,1,3,-0.2912349965292791,0.7348871131205119,train_inner_branch_input,4
206682,C3035,CD,1,3,-0.2838972905140586,0.7366639441122498,train_inner_branch_input,4
206701,H4006,CD,1,3,-0.2192761494542913,0.7519782715462651,train_inner_branch_input,4
206702,H4006,CD,1,3,-0.17628257820716406,0.7618307101913324,train_inner_branch_input,4
206729,H4018,nonIBD,0,2,-0.30373120200983533,0.7318435647110025,train_inner_branch_input,4
206730,H4018,nonIBD,0,2,-0.07090602896985947,0.7848229004449374,train_inner_branch_input,4
206742,H4024,nonIBD,0,1,-0.45352564653286964,0.6936876709000864,train_inner_branch_input,4
206743,H4024,nonIBD,0,1,-0.7367222278982519,0.6141226130146978,train_inner_branch_input,4
215057,M2061,nonIBD,0,3,-0.279720266393094,0.7376719893409017,train_inner_branch_input,4
215058,M2061,nonIBD,0,3,-0.16312095935673354,0.7647924874116855,train_inner_branch_input,4
215080,M2069,UC,1,3,-0.13467276621685584,0.7711066724089352,train_inner_branch_input,4
219637,P6009,CD,1,1,-0.2069532009685392,0.7548299030267206,train_inner_branch_input,4
219638,P6009,CD,1,1,-0.10777222417036779,0.7769668368437104,train_inner_branch_input,4
219657,P6018,nonIBD,0,1,0.07930674518788057,0.8147382860054435,train_inner_branch_input,4
219658,P6018,nonIBD,0,1,-0.10150376893495687,0.7783169208714344,train_inner_branch_input,4
206534,M2008,CD,1,3,-0.2638344053473962,0.741482960777387,train_inner_branch_input,4
206536,M2008,CD,1,3,-0.402509237644949,0.7070213537978769,train_inner_branch_input,4
206538,M2008,CD,1,3,-0.621872742089364,0.6474223979993808,train_inner_branch_input,4
206571,M2026,UC,1,3,-0.04595281560933163,0.7900252619549676,train_inner_branch_input,4
206572,M2026,UC,1,3,0.028302710400375127,0.8049569144117197,train_inner_branch_input,4
206603,M2026,UC,1,3,-0.16140249640011722,0.7651773072275482,train_inner_branch_input,4
206629,C3006,UC,1,1,-0.1618546011754312,0.7650761085629377,train_inner_branch_input,4
206630,C3006,UC,1,1,-0.2690778792544058,0.7402290630947852,train_inner_branch_input,4
206645,C3016,CD,1,2,-0.23178961128994074,0.7490598945958279,train_inner_branch_input,4
206646,C3016,CD,1,2,-0.39665823467756456,0.7085286924998713,train_inner_branch_input,4
206647,C3017,CD,1,2,-0.1570216365457584,0.7661563488633532,train_inner_branch_input,4
206648,C3017,CD,1,2,-0.16910385999330238,0.7634493170486868,train_inner_branch_input,4
206659,C3023,CD,1,1,-0.22498129787351023,0.7506505494635602,train_inner_branch_input,4
206660,C3023,CD,1,1,-0.1574112054986674,0.766069402363125,train_inner_branch_input,4
206669,C3029,UC,1,3,-0.1783217492861492,0.7613695463178162,train_inner_branch_input,4
206670,C3029,UC,1,3,-0.2939268046584738,0.7342333716764701,train_inner_branch_input,4
206673,C3031,CD,1,1,-0.3367319431912601,0.7237003523175428,train_inner_branch_input,4
206708,H4007,CD,1,3,-0.12510786569850144,0.77320267183102,train_inner_branch_input,4
206709,H4007,CD,1,3,-0.10223216970544542,0.77816034034195,train_inner_branch_input,4
206710,H4009,nonIBD,0,3,-0.16796593834766432,0.7637051893423308,train_inner_branch_input,4
206711,H4009,nonIBD,0,3,-0.193167625373867,0.7579936620003971,train_inner_branch_input,4
206731,H4019,UC,1,2,-0.4872320387815511,0.6846949500185001,train_inner_branch_input,4
206732,H4019,UC,1,2,-0.5052593409722578,0.6798273597748673,train_inner_branch_input,4
206746,H4007,CD,1,3,-0.17936872458605946,0.7611325320491158,train_inner_branch_input,4
206747,H4007,CD,1,3,-0.17395572506714424,0.7623561853155401,train_inner_branch_input,4
206754,H4019,UC,1,2,-0.12334182111808854,0.7735881861752806,train_inner_branch_input,4
215023,M2008,CD,1,3,-0.1809617090906747,0.7607716024693801,train_inner_branch_input,4
215050,M2008,CD,1,3,-0.0510792475921278,0.7889640662996309,train_inner_branch_input,4
215074,M2072,nonIBD,0,1,-0.2954461333168657,0.7338639286995364,train_inner_branch_input,4
215077,M2072,nonIBD,0,1,-0.48219247808557014,0.6860485327120498,train_inner_branch_input,4
219651,P6014,nonIBD,0,1,-0.0802949301987556,0.7828413952680133,train_inner_branch_input,4
219652,P6014,nonIBD,0,1,-0.20635530009949285,0.7549676975775975,train_inner_branch_input,4
219668,P6024,CD,1,1,-0.2922832505795852,0.7346326529192616,train_inner_branch_input,4
224330,H4042,UC,1,3,-0.0692992171410333,0.7851606958911229,train_inner_branch_input,4
206614,C3001,CD,1,1,-0.16748472487203944,0.7638133371572912,train_inner_branch_input,4
206615,C3001,CD,1,1,-0.08910281960716457,0.7809705549508843,train_inner_branch_input,4
206667,C3027,CD,1,3,-0.13769520627466675,0.7704415264585716,train_inner_branch_input,4
206668,C3027,CD,1,3,-0.020911786679791815,0.7951524947395774,train_inner_branch_input,4
206677,C3034,UC,1,2,0.16813169111608978,0.8308601039346338,train_inner_branch_input,4
206678,C3034,UC,1,2,-0.06833170191277955,0.7853639079711219,train_inner_branch_input,4
206703,H4008,nonIBD,0,1,-0.21527737730534038,0.7529060510263329,train_inner_branch_input,4
206704,H4008,nonIBD,0,1,-0.2764373407436841,0.7384625136413456,train_inner_branch_input,4
206712,H4010,UC,1,1,-0.15673338319597133,0.7662206686421971,train_inner_branch_input,4
206713,H4010,UC,1,1,-0.1417141293340532,0.7695549854424187,train_inner_branch_input,4
206738,H4022,nonIBD,0,3,-0.07631328117382997,0.7836833191619014,train_inner_branch_input,4
206739,H4022,nonIBD,0,3,-0.4712492654961924,0.6889768911154582,train_inner_branch_input,4
206752,H4008,nonIBD,0,1,-0.4374772936302433,0.6979185927236947,train_inner_branch_input,4
206753,H4008,nonIBD,0,1,-0.4592028903893655,0.6921830464214133,train_inner_branch_input,4
206768,H4039,CD,1,1,-0.08444603566978326,0.7819611211955465,train_inner_branch_input,4
206769,H4039,CD,1,1,-0.18015760367620992,0.7609538389230678,train_inner_branch_input,4
214994,M2034,CD,1,3,-0.08634708897795419,0.7815571299589423,train_inner_branch_input,4
214995,M2034,CD,1,3,0.1099819165924542,0.8204361990061934,train_inner_branch_input,4
219675,P6028,CD,1,2,-0.03229193687923212,0.7928339724632131,train_inner_branch_input,4
219676,P6028,CD,1,2,-0.010859126312825138,0.7971844918967668,train_inner_branch_input,4
219691,P6033,CD,1,2,-0.10109285350880817,0.7784052183472251,train_inner_branch_input,4
219692,P6033,CD,1,2,-0.22375468907957954,0.7509364102774163,train_inner_branch_input,4
222170,M2075,nonIBD,0,3,-0.17671417828411548,0.7617331538352349,train_inner_branch_input,4
222171,M2075,nonIBD,0,3,-0.10592652866149588,0.7773649660563035,train_inner_branch_input,4
224327,H4043,CD,1,2,-0.15624023300029977,0.7663306798299631,train_inner_branch_input,4
224328,H4043,CD,1,2,-0.16299100801717134,0.7648216030049709,train_inner_branch_input,4
206569,M2025,CD,1,0,-0.4577901489791086,0.6925578449768456,train_inner_branch_input,4
206570,M2025,CD,1,0,-0.5421112508126066,0.6697549268958214,train_inner_branch_input,4
206608,M2028,CD,1,0,-0.21858344403249186,0.7521391574029224,train_inner_branch_input,4
206609,M2028,CD,1,0,-0.2832040217243756,0.7368314234803683,train_inner_branch_input,4
206616,C3002,CD,1,0,-0.17533556331396571,0.7620446716651981,train_inner_branch_input,4
206617,C3002,CD,1,0,-0.17361789614058035,0.7624324111212873,train_inner_branch_input,4
206618,C3002,CD,1,0,-0.16059273036722968,0.7653584888805713,train_inner_branch_input,4
206619,C3002,CD,1,0,-0.1819214185347151,0.7605539764404322,train_inner_branch_input,4
206627,C3005,UC,1,0,-0.16980055967456498,0.7632925632779783,train_inner_branch_input,4
206628,C3005,UC,1,0,-0.18971937776743822,0.7587806675853671,train_inner_branch_input,4
206643,C3015,UC,1,0,-0.06525754962332997,0.78600866034402,train_inner_branch_input,4
206644,C3015,UC,1,0,-0.1911974602007798,0.7584435335823528,train_inner_branch_input,4
206671,C3030,CD,1,0,-0.1331560238666934,0.7714399496018804,train_inner_branch_input,4
206672,C3030,CD,1,0,-0.05396273017900637,0.7883654477686434,train_inner_branch_input,4
206718,H4013,nonIBD,0,0,-0.1862215630786862,0.7595772006450325,train_inner_branch_input,4
206719,H4013,nonIBD,0,0,-0.23843481009217568,0.7475008554258862,train_inner_branch_input,4
206720,H4014,CD,1,0,-0.2035515072576454,0.7556131724665913,train_inner_branch_input,4
206721,H4014,CD,1,0,-0.1841746746012331,0.7600424897561701,train_inner_branch_input,4
206725,H4016,nonIBD,0,0,-0.13188095040088108,0.7717198600292406,train_inner_branch_input,4
206726,H4016,nonIBD,0,0,-0.17643143434579903,0.7617970667227338,train_inner_branch_input,4
206755,H4031,CD,1,0,-0.33439528084807296,0.7242819474963359,train_inner_branch_input,4
206756,H4031,CD,1,0,-0.3783171393906684,0.7132240039640044,train_inner_branch_input,4
206766,H4038,CD,1,0,-0.19509155617357052,0.7575537975775687,train_inner_branch_input,4
206767,H4038,CD,1,0,-0.05488517304214655,0.7881736841598364,train_inner_branch_input,4
206770,H4040,UC,1,0,-0.2165295980117213,0.7526157666017154,train_inner_branch_input,4
215007,M2041,nonIBD,0,0,-0.11162930278074064,0.7761332006874182,train_inner_branch_input,4
215008,M2041,nonIBD,0,0,-0.05246006788192249,0.7886775592734259,train_inner_branch_input,4
215067,M2025,CD,1,0,-0.23550696073996102,0.7481885517938837,train_inner_branch_input,4
215075,M2068,CD,1,0,0.0037710612482950985,0.8001148522389985,train_inner_branch_input,4
215076,M2068,CD,1,0,-0.00035105310479179415,0.7992924385005958,train_inner_branch_input,4
215084,M2028,CD,1,0,-0.1999777909015524,0.7564342260615182,train_inner_branch_input,4
215085,M2028,CD,1,0,-0.015700485496704938,0.7962077638013287,train_inner_branch_input,4
219633,P6005,CD,1,0,-0.2960377944431022,0.7337199706840886,train_inner_branch_input,4
219634,P6005,CD,1,0,-0.17681850207907052,0.7617095689744356,train_inner_branch_input,4
219643,P6012,UC,1,0,-0.12133180144949472,0.7740263941891434,train_inner_branch_input,4
219644,P6012,UC,1,0,-0.11464666986538845,0.7754795085957888,train_inner_branch_input,4
219645,P6013,UC,1,0,-0.2718050524579452,0.7395753423984558,train_inner_branch_input,4
219646,P6013,UC,1,0,-0.26972938362582244,0.740072990241246,train_inner_branch_input,4
224325,H4044,UC,1,0,-0.09294885642913625,0.7801500080380104,train_inner_branch_input,4
224326,H4044,UC,1,0,-0.29574012331229066,0.7337924037238368,train_inner_branch_input,4
CSM5MCV1_P,C3007,CD,1,3,0.04316191787093161,0.8078463355998867,train_inner_branch_input,4
CSM5MCV5_P,C3007,CD,1,3,-0.3618241175338961,0.7174073547282729,train_inner_branch_input,4
CSM5MCVB_P,C3007,CD,1,3,-0.2543027977144359,0.7437521817649332,train_inner_branch_input,4
CSM5MCXF_P,C3012,CD,1,1,-0.33512270964076907,0.7241009717902828,train_inner_branch_input,4
CSM5MCZB,C3012,CD,1,1,-0.06637863189923429,0.7857736953722267,train_inner_branch_input,4
CSM5MCZD,C3012,CD,1,1,-0.4615922619334327,0.6915485721334946,train_inner_branch_input,4
CSM5MCZF,C3012,CD,1,1,1.0683165670550379,0.9377882323425893,train_inner_branch_input,4
CSM67U9B,C3012,CD,1,1,-0.3515438270399061,0.7199960891986112,train_inner_branch_input,4
CSM67U9D,C3012,CD,1,1,-0.04565001350165757,0.7900878207114921,train_inner_branch_input,4
CSM67UGO,C3012,CD,1,1,1.9312440223524279,0.9778564779419461,train_inner_branch_input,4
CSM67UH7,C3022,nonIBD,0,3,-2.319250999900279,0.1814613471856144,train_inner_branch_input,4
CSM79HGR_P,C3022,nonIBD,0,3,-0.45030310130808415,0.6945399033731615,train_inner_branch_input,4
CSM79HGV_P,C3022,nonIBD,0,3,-0.46503434780550024,0.6906332878385436,train_inner_branch_input,4
CSM79HGX,C3022,nonIBD,0,3,-0.408745434412273,0.7054097668072002,train_inner_branch_input,4
CSM79HGZ,C3022,nonIBD,0,3,-1.0383959648772145,0.5222150392332429,train_inner_branch_input,4
CSM79HHM,C3021,CD,1,2,-0.14709732785100546,0.7683637431810425,train_inner_branch_input,4
CSM79HHO,C3021,CD,1,2,-1.1310576858318853,0.49337586000083733,train_inner_branch_input,4
CSM79HHU,C3021,CD,1,2,0.026190911615651066,0.8045436074817102,train_inner_branch_input,4
CSM79HN2,C3021,CD,1,2,-0.0317201063964013,0.7929509348432746,train_inner_branch_input,4
CSM79HN6,C3021,CD,1,2,-1.4229327795642839,0.4037053999491134,train_inner_branch_input,4
CSM79HOJ,C3012,CD,1,1,1.5742486231670096,0.9658799572823703,train_inner_branch_input,4
CSM79HOL,C3012,CD,1,1,-0.5949627712595132,0.6550351764273147,train_inner_branch_input,4
CSM79HOT,C3012,CD,1,1,-0.38764057536110996,0.7108428621318132,train_inner_branch_input,4
CSM79HOV,C3022,nonIBD,0,3,-0.3103203428080807,0.7302298428416519,train_inner_branch_input,4
CSM79HOX,C3022,nonIBD,0,3,-0.6634174585735325,0.6355221755678687,train_inner_branch_input,4
CSM79HOZ,C3022,nonIBD,0,3,-0.673989783133472,0.6324664773229894,train_inner_branch_input,4
CSM79HP2,C3022,nonIBD,0,3,-0.6161757501780399,0.649040481148101,train_inner_branch_input,4
CSM79HP4,C3022,nonIBD,0,3,-1.114841699080693,0.49842502074038114,train_inner_branch_input,4
CSM79HP6,C3022,nonIBD,0,3,-0.5413539992172641,0.6699635159876771,train_inner_branch_input,4
CSM7KOLK,C3021,CD,1,2,-1.9803948512313727,0.25267268267651205,train_inner_branch_input,4
CSM7KOLM,C3021,CD,1,2,-0.36029650239452876,0.7177929481172581,train_inner_branch_input,4
CSM7KOMX,C3012,CD,1,1,-0.6868067643831827,0.6287477094548549,train_inner_branch_input,4
CSM7KOMZ,C3012,CD,1,1,-0.33818616463568985,0.7233380140136532,train_inner_branch_input,4
CSM7KON2,C3012,CD,1,1,1.2460362068336488,0.9495182334749256,train_inner_branch_input,4
CSM7KON8,C3012,CD,1,1,1.4438237073694404,0.9601015281485098,train_inner_branch_input,4
CSM7KOOH,C3022,nonIBD,0,3,-1.3148771146334397,0.4364804674814451,train_inner_branch_input,4
CSM7KOOJ,C3022,nonIBD,0,3,-0.4474542363168439,0.6952922051678055,train_inner_branch_input,4
CSM7KOOL,C3022,nonIBD,0,3,-0.4410529504365624,0.6969787924676215,train_inner_branch_input,4
CSM7KOON,C3022,nonIBD,0,3,-0.5860444116743182,0.6575409472733156,train_inner_branch_input,4
CSM7KOOP,C3022,nonIBD,0,3,-0.5030853109112562,0.6804164819910494,train_inner_branch_input,4
CSM7KOOR,C3022,nonIBD,0,3,-0.36401046081931043,0.7168549331153757,train_inner_branch_input,4
CSM7KOP6,C3032,UC,1,3,-0.30113485333201095,0.7324777443834937,train_inner_branch_input,4
CSM7KOP8,C3032,UC,1,3,0.18973653127923984,0.8346082636068257,train_inner_branch_input,4
CSM7KOPE,C3032,UC,1,3,-0.4044148701887348,0.7065294393139906,train_inner_branch_input,4
CSM7KOSV,C3021,CD,1,2,-1.5759904223187495,0.358772991543334,train_inner_branch_input,4
CSM7KOSX,C3021,CD,1,2,0.3444063137436727,0.8595186685398643,train_inner_branch_input,4
CSM7KOU7_P,C3032,UC,1,3,-0.3311675147818487,0.7250840901235495,train_inner_branch_input,4
CSM7KOU9,C3032,UC,1,3,-0.6266296446334335,0.6460687254126966,train_inner_branch_input,4
CSM7KOUB,C3032,UC,1,3,-0.19470153254148656,0.7576430118091945,train_inner_branch_input,4
CSM7KOUJ_P,C3037,UC,1,3,-0.3850555291344887,0.7115042396420219,train_inner_branch_input,4
CSM7KOUL,C3037,UC,1,3,0.35573924669701557,0.8612144868351407,train_inner_branch_input,4
CSM7KOUN,C3037,UC,1,3,0.11293882396183896,0.8209781465916629,train_inner_branch_input,4
CSM9X1ZO,C3032,UC,1,3,-0.35473555735061474,0.7191939152637624,train_inner_branch_input,4
CSM9X1ZQ,C3032,UC,1,3,-0.3496060748934876,0.7204824184632,train_inner_branch_input,4
CSM9X1ZY,C3032,UC,1,3,-0.33377815583749243,0.7244354232657183,train_inner_branch_input,4
CSM9X211,C3037,UC,1,3,2.4922687977502207,0.9888666506183493,train_inner_branch_input,4
CSM9X213,C3037,UC,1,3,1.8188954405716586,0.9746148920768568,train_inner_branch_input,4
CSM9X215,C3037,UC,1,3,-0.3785803572204562,0.7131569409442595,train_inner_branch_input,4
CSM9X219,C3037,UC,1,3,0.26715153615299253,0.8474929350518241,train_inner_branch_input,4
CSM9X22G,C3032,UC,1,3,-0.37527550826577016,0.713998274585308,train_inner_branch_input,4
CSM9X22I,C3032,UC,1,3,-0.4062961253586045,0.7060433442240416,train_inner_branch_input,4
CSM9X22K,C3032,UC,1,3,-0.3006634912721889,0.7325927763075654,train_inner_branch_input,4
CSM9X22S,C3037,UC,1,3,-0.06917213319152916,0.7851873959416554,train_inner_branch_input,4
CSM9X22U,C3037,UC,1,3,2.868797608679649,0.9930054718839778,train_inner_branch_input,4
CSM9X23H,C3037,UC,1,3,-0.5288776104838104,0.673390534128349,train_inner_branch_input,4
CSM9X23N,C3037,UC,1,3,0.1408335479550984,0.8260278818629373,train_inner_branch_input,4
CSMA8M9R,C3022,nonIBD,0,3,-0.5102959687475592,0.6784603229768997,train_inner_branch_input,4
CSMAAEUA,C3022,nonIBD,0,3,-0.5084516982238799,0.6789612496433887,train_inner_branch_input,4
CSMAE44D,C3022,nonIBD,0,3,-0.4380298211286341,0.6977734783275732,train_inner_branch_input,4
CSMAG78W,C3022,nonIBD,0,3,-0.6831123346134292,0.6298212134839634,train_inner_branch_input,4
CSMAHYLR,C3022,nonIBD,0,3,-0.4053593176592561,0.7062854634946382,train_inner_branch_input,4
ESM718U9_P,E5023,CD,1,1,-0.14857879511595812,0.7680351571083405,train_inner_branch_input,4
HSM67VCX_P,H4020,CD,1,1,-0.41398981517661965,0.7040505012876099,train_inner_branch_input,4
HSM67VCZ,H4020,CD,1,1,0.9061484228891631,0.9249085352947667,train_inner_branch_input,4
HSM67VD2,H4020,CD,1,1,-0.1190898677285108,0.7745144533479053,train_inner_branch_input,4
HSM67VD4,H4020,CD,1,1,0.13699122210747752,0.8253390478403424,train_inner_branch_input,4
HSM67VD6,H4020,CD,1,1,0.4461882912860129,0.8741404741123088,train_inner_branch_input,4
HSM67VF9,H4017,CD,1,2,-0.6919963805576465,0.6272375960526738,train_inner_branch_input,4
HSM67VFD,H4017,CD,1,2,0.0566281724318638,0.8104366118236241,train_inner_branch_input,4
HSM67VFF,H4017,CD,1,2,-0.12377012550913905,0.7734947331172859,train_inner_branch_input,4
HSM67VFH,H4017,CD,1,2,-0.24492418310301486,0.7459721973138197,train_inner_branch_input,4
HSM67VFJ,H4017,CD,1,2,0.05056264278074111,0.8092732129334619,train_inner_branch_input,4
HSM67VHB,H4020,CD,1,1,-0.10382065779115422,0.7778185971405711,train_inner_branch_input,4
HSM67VHD,H4020,CD,1,1,-0.38086239794674387,0.712575126544401,train_inner_branch_input,4
HSM67VHF,H4020,CD,1,1,0.823278959997537,0.9174177453881621,train_inner_branch_input,4
HSM67VHH,H4020,CD,1,1,-0.4111959637031622,0.7047750785755442,train_inner_branch_input,4
HSM67VHJ,H4020,CD,1,1,-0.15172248581208975,0.7673368165467339,train_inner_branch_input,4
HSM67VHK,H4017,CD,1,2,-0.41058351606879084,0.7049337772698863,train_inner_branch_input,4
HSM6XRQB,H4017,CD,1,2,1.6025820652093852,0.9670240836957984,train_inner_branch_input,4
HSM6XRQB_P,H4017,CD,1,2,-0.08968844600684944,0.7808457546870093,train_inner_branch_input,4
HSM6XRQI,H4017,CD,1,2,-0.37811938326264016,0.7132743823886329,train_inner_branch_input,4
HSM6XRQK,H4017,CD,1,2,-0.02861215254511471,0.7935857832961626,train_inner_branch_input,4
HSM6XRQM,H4017,CD,1,2,-0.44497572838178634,0.6959458590321134,train_inner_branch_input,4
HSM6XRQO,H4017,CD,1,2,-0.42413461226826477,0.7014108356589583,train_inner_branch_input,4
HSM6XRR3,H4020,CD,1,1,-0.32718603085885634,0.7260715433095476,train_inner_branch_input,4
HSM6XRUV,H4020,CD,1,1,-0.41676926626578775,0.7033286368901659,train_inner_branch_input,4
HSM7CYY3,H4017,CD,1,2,1.4660916698636246,0.9611505581584112,train_inner_branch_input,4
HSM7CYY5,H4017,CD,1,2,-0.25057017404830334,0.7446372538770549,train_inner_branch_input,4
HSM7CYY7,H4017,CD,1,2,-0.31525913021337826,0.7290162956783239,train_inner_branch_input,4
HSM7CYY9,H4017,CD,1,2,-0.2611342684207492,0.7421271179555294,train_inner_branch_input,4
HSM7CYYB,H4017,CD,1,2,0.4707592550352299,0.8774692154408527,train_inner_branch_input,4
HSM7CYYD,H4017,CD,1,2,0.07512040609362916,0.8139499356798802,train_inner_branch_input,4
HSM7J4IO,H4020,CD,1,1,0.21255015862359872,0.838493529227937,train_inner_branch_input,4
HSM7J4IP,H4020,CD,1,1,-0.3052645266473587,0.7314685904105835,train_inner_branch_input,4
HSM7J4IQ,H4020,CD,1,1,-0.10861978666636676,0.7767838418046642,train_inner_branch_input,4
HSM7J4IR,H4020,CD,1,1,-0.18285413196141756,0.7603423421543666,train_inner_branch_input,4
HSM7J4IS,H4020,CD,1,1,1.1996342558430955,0.9466747469922399,train_inner_branch_input,4
HSM7J4PO,H4020,CD,1,1,-0.32961772950235296,0.7254687170498648,train_inner_branch_input,4
HSM7J4PQ,H4020,CD,1,1,-0.25077816606941283,0.744587988116252,train_inner_branch_input,4
HSM7J4PS,H4020,CD,1,1,-0.17608768362767624,0.7618747540223798,train_inner_branch_input,4
HSM7J4PU,H4020,CD,1,1,-0.4307882029448216,0.699672257063171,train_inner_branch_input,4
HSM7J4PW,H4020,CD,1,1,0.0867090289685596,0.8161259256619317,train_inner_branch_input,4
HSM7J4PY,H4020,CD,1,1,-0.20761922008051867,0.754676348091968,train_inner_branch_input,4
HSMA33J1_P,H4045,nonIBD,0,2,-0.2731376440997127,0.7392555243710255,train_inner_branch_input,4
HSMA33J3,H4045,nonIBD,0,2,0.0052980420740220725,0.8004188617552588,train_inner_branch_input,4
HSMA33J5,H4045,nonIBD,0,2,-2.1947284359529653,0.20564547375811448,train_inner_branch_input,4
HSMA33J7,H4045,nonIBD,0,2,-0.5308217221200325,0.6728577296783883,train_inner_branch_input,4
HSMA33J9,H4045,nonIBD,0,2,-1.1915567252211101,0.47455849204531336,train_inner_branch_input,4
HSMA33MS,H4045,nonIBD,0,2,-0.052094659881530045,0.7887534056405527,train_inner_branch_input,4
HSMA33NY,H4045,nonIBD,0,2,-1.4866661446197813,0.3847502393131799,train_inner_branch_input,4
HSMA33QM,H4045,nonIBD,0,2,-0.3513959076135654,0.7200332316479855,train_inner_branch_input,4
HSMA33QO,H4045,nonIBD,0,2,-2.569379001940375,0.13967039088703007,train_inner_branch_input,4
HSMA33SE,H4045,nonIBD,0,2,0.0053941906708587515,0.8004379925419938,train_inner_branch_input,4
HSMA33SG,H4045,nonIBD,0,2,-1.780179478142551,0.3025834460268694,train_inner_branch_input,4
HSMA33SI,H4045,nonIBD,0,2,0.22844654133126752,0.8411569607584222,train_inner_branch_input,4
HSMA33SK,H4045,nonIBD,0,2,-1.4973785473555012,0.38159659893508113,train_inner_branch_input,4
MSM5LLEP,M2021,CD,1,1,-0.48193605719095356,0.6861173208659203,train_inner_branch_input,4
MSM5LLER,M2021,CD,1,1,-0.5346385392399651,0.6718103933167906,train_inner_branch_input,4
MSM5LLHR_P,M2021,CD,1,1,0.5524162142651012,0.8879916741611225,train_inner_branch_input,4
MSM5LLIE_P,M2021,CD,1,1,-0.4027273696094185,0.7069650703193082,train_inner_branch_input,4
MSM5LLIG_P,M2021,CD,1,1,0.20754792300756925,0.8376479817808727,train_inner_branch_input,4
MSM5LLIK_P,M2021,CD,1,1,-0.07705631765340963,0.7835263828460067,train_inner_branch_input,4
MSM5LLIM_P,M2021,CD,1,1,-0.31767039360242155,0.7284225612191788,train_inner_branch_input,4
MSM6J2LT,M2021,CD,1,1,-1.2919724696023438,0.44350996481614174,train_inner_branch_input,4
MSM6J2LW,M2048,nonIBD,0,3,-0.3960051185441733,0.7086966651862803,train_inner_branch_input,4
MSM6J2LY,M2048,nonIBD,0,3,-0.476347935183791,0.6876143708969958,train_inner_branch_input,4
MSM6J2M3,M2048,nonIBD,0,3,-1.2737466072188914,0.4491198785728911,train_inner_branch_input,4
MSM6J2M3_P,M2048,nonIBD,0,3,-0.08583004749801158,0.7816670593768199,train_inner_branch_input,4
MSM6J2PO,M2047,nonIBD,0,1,-3.3308445131220235,0.05916207937242626,train_inner_branch_input,4
MSM6J2PQ_P,M2047,nonIBD,0,1,-0.24285830652641982,0.7464595035033491,train_inner_branch_input,4
MSM6J2PS,M2047,nonIBD,0,1,0.042532820123188354,0.8077246696617854,train_inner_branch_input,4
MSM6J2PU,M2047,nonIBD,0,1,-3.4044319502572655,0.054261635128208606,train_inner_branch_input,4
MSM6J2PW,M2047,nonIBD,0,1,-0.3821776140467131,0.7122394878775244,train_inner_branch_input,4
MSM6J2Q1,M2048,nonIBD,0,3,-1.297068157833911,0.44194402460973564,train_inner_branch_input,4
MSM79H6Y,M2048,nonIBD,0,3,-0.7446882458607761,0.6117686324045423,train_inner_branch_input,4
MSM79H7O,M2047,nonIBD,0,1,-0.2110535307194523,0.753883516117161,train_inner_branch_input,4
MSM79H7Q,M2047,nonIBD,0,1,-3.866108943778661,0.0312738320537401,train_inner_branch_input,4
MSM79H7W,M2047,nonIBD,0,1,-0.2973211736914586,0.7334075391657012,train_inner_branch_input,4
MSM79H7Y,M2047,nonIBD,0,1,-3.338147305689442,0.058657795691953195,train_inner_branch_input,4
MSM79HBB,M2048,nonIBD,0,3,-0.18693193766568583,0.7594155775518687,train_inner_branch_input,4
MSM79HBL,M2048,nonIBD,0,3,-0.22511919676881037,0.7506183984697405,train_inner_branch_input,4
MSM79HC4,M2047,nonIBD,0,1,-0.8135284459323188,0.5912190832907005,train_inner_branch_input,4
MSM79HC8,M2047,nonIBD,0,1,-3.7962026985578285,0.03402221856666514,train_inner_branch_input,4
MSM79HFW,M2048,nonIBD,0,3,-0.3703449563791141,0.715250718506477,train_inner_branch_input,4
MSM79HFY,M2048,nonIBD,0,3,-0.3283101565629874,0.725792971244629,train_inner_branch_input,4
MSM9VZL7,M2084,nonIBD,0,2,-0.3401375818327598,0.7228513320956352,train_inner_branch_input,4
MSM9VZL9,M2084,nonIBD,0,2,-2.0469676731813014,0.2373380154272402,train_inner_branch_input,4
MSM9VZLB,M2084,nonIBD,0,2,-0.44376985002946756,0.6962635981541399,train_inner_branch_input,4
MSM9VZLD,M2084,nonIBD,0,2,-0.3457224168072465,0.7214555653612804,train_inner_branch_input,4
MSM9VZLF,M2084,nonIBD,0,2,-0.38141387392992265,0.712434420190521,train_inner_branch_input,4
MSM9VZLH,M2084,nonIBD,0,2,-0.4091425155334705,0.7053069765712383,train_inner_branch_input,4
MSM9VZMM,M2084,nonIBD,0,2,-1.9929484870918894,0.24973149837052752,train_inner_branch_input,4
MSM9VZMO,M2084,nonIBD,0,2,-0.42652957750502746,0.7007856987852477,train_inner_branch_input,4
MSM9VZMS,M2084,nonIBD,0,2,-0.37980311783744425,0.7128452813308118,train_inner_branch_input,4
MSM9VZMU,M2084,nonIBD,0,2,-2.067498196806627,0.23274035089550166,train_inner_branch_input,4
MSM9VZMW,M2084,nonIBD,0,2,-0.4360680803901969,0.6982885258431447,train_inner_branch_input,4
MSM9VZN4_P,M2081,UC,1,2,-0.42563828068823845,0.7010184338323077,train_inner_branch_input,4
MSM9VZNH,M2047,nonIBD,0,1,0.08601209450728595,0.8159956217427092,train_inner_branch_input,4
MSM9VZNH_TR,M2047,nonIBD,0,1,0.3494406126644198,0.8602741124701033,train_inner_branch_input,4
MSM9VZNL,M2047,nonIBD,0,1,-3.809376190256506,0.03348706095585149,train_inner_branch_input,4
MSMA26BB,M2084,nonIBD,0,2,-2.2141145230349824,0.20172899737060057,train_inner_branch_input,4
MSMA26BD,M2084,nonIBD,0,2,-0.37653696182974017,0.7136773139714827,train_inner_branch_input,4
MSMA26BF,M2084,nonIBD,0,2,-0.31554528453113717,0.7289458774883814,train_inner_branch_input,4
MSMA26BH,M2084,nonIBD,0,2,-0.26603112513419136,0.7409581285617909,train_inner_branch_input,4
MSMA26BJ,M2084,nonIBD,0,2,-0.3302090802346347,0.7253219946319474,train_inner_branch_input,4
MSMA26BL,M2084,nonIBD,0,2,-0.3325339757002648,0.724744683381216,train_inner_branch_input,4
MSMAPC6K,M2084,nonIBD,0,2,-2.502149194858824,0.15003956846010788,train_inner_branch_input,4
MSMAPC6M,M2084,nonIBD,0,2,-0.5371366803270231,0.6711239746453076,train_inner_branch_input,4
MSMAPC6O,M2084,nonIBD,0,2,-0.35570350350368507,0.7189503658177024,train_inner_branch_input,4
MSMB4LZV,M2084,nonIBD,0,2,-0.386534852957155,0.7111258684728332,train_inner_branch_input,4
MSMB4LZX,M2084,nonIBD,0,2,-2.22967513591511,0.1986258877789455,train_inner_branch_input,4
MSMB4LZZ,M2084,nonIBD,0,2,-0.29778337685586037,0.7332949612526015,train_inner_branch_input,4
PSM7J12V,P6025,UC,1,1,2.682551095387708,0.9911952890337178,train_inner_branch_input,4
PSM7J12Z,P6025,UC,1,1,-0.49534469956866267,0.6825093652597871,train_inner_branch_input,4
PSM7J1BV,P6025,UC,1,1,-0.3937786753862494,0.7092688477206082,train_inner_branch_input,4
PSM7J1BX,P6025,UC,1,1,-0.4266386882780831,0.7007572006950601,train_inner_branch_input,4
PSM7J1C2_P,P6025,UC,1,1,-0.29434468023397486,0.7341317928499885,train_inner_branch_input,4
PSM7J1C4,P6025,UC,1,1,-0.5098360999594544,0.6785852675081485,train_inner_branch_input,4
PSM7J4EF,P6037,CD,1,3,0.24742676229172053,0.8442902928805123,train_inner_branch_input,4
PSMA264K,P6025,UC,1,1,-0.2909856138512748,0.7349476269673152,train_inner_branch_input,4
PSMA266I,P6037,CD,1,3,-0.9280769277863797,0.5563419354539121,train_inner_branch_input,4
PSMA266M,P6037,CD,1,3,0.22724334700733415,0.8409566188885471,train_inner_branch_input,4
PSMA266O,P6037,CD,1,3,-0.11837585853614221,0.7746697330505388,train_inner_branch_input,4
PSMA266Q,P6037,CD,1,3,0.017709458296588942,0.8028769978581557,train_inner_branch_input,4
PSMA269G,P6037,CD,1,3,0.008453718574623332,0.8010460312058763,train_inner_branch_input,4
PSMA269O,P6037,CD,1,3,-0.12036376880151839,0.7742372223706565,train_inner_branch_input,4
PSMB4MBS,P6037,CD,1,3,-0.003510475305014627,0.7986603803251409,train_inner_branch_input,4
CSM5FZ4A_P,C3004,UC,1,3,-0.33986777109845523,0.7229186541208534,train_inner_branch_input,4
CSM5LLGB_P,M2014,CD,1,2,0.24344947897596123,0.8436379090503952,train_inner_branch_input,4
CSM5MCU8_P,C3004,UC,1,3,0.2844621392795759,0.8502589111457606,train_inner_branch_input,4
CSM5MCUA_P,C3004,UC,1,3,-0.35351535806569795,0.7195007519188348,train_inner_branch_input,4
CSM5MCUC_P,C3004,UC,1,3,-0.16220130151269982,0.7649984830476237,train_inner_branch_input,4
CSM5MCUE_P,C3004,UC,1,3,0.06065876526421574,0.8112066883777937,train_inner_branch_input,4
CSM5MCXB_P,C3011,UC,1,1,0.4906922221493489,0.8801137210246263,train_inner_branch_input,4
CSM5MCXH,C3004,UC,1,3,-0.0327898383226023,0.7927320918067075,train_inner_branch_input,4
CSM5MCXJ,C3004,UC,1,3,-0.09055264340324166,0.7806614959630556,train_inner_branch_input,4
CSM5MCXL,C3004,UC,1,3,-0.5827137888036743,0.6584745051359018,train_inner_branch_input,4
CSM5MCXN,C3004,UC,1,3,-0.35845745733558937,0.7182567273673731,train_inner_branch_input,4
CSM5MCXP,C3004,UC,1,3,0.05360170136980397,0.8098568004217792,train_inner_branch_input,4
CSM5MCXR,C3004,UC,1,3,-0.15267163845101625,0.7671256837552963,train_inner_branch_input,4
CSM5MCYI_P,C3011,UC,1,1,-0.021524051121882964,0.7950282475472072,train_inner_branch_input,4
CSM5MCYM_P,C3011,UC,1,1,0.4748925069432473,0.8780216661896333,train_inner_branch_input,4
CSM5MCYO_P,C3011,UC,1,1,-0.0633351220820825,0.7864111406832218,train_inner_branch_input,4
CSM5MCYQ_P,C3011,UC,1,1,0.8529601229675547,0.9201758069232153,train_inner_branch_input,4
CSM67UCU_P,C3019,CD,1,2,-0.2521012129618558,0.7442744601653781,train_inner_branch_input,4
CSM67UDF,C3004,UC,1,3,0.14302771637187453,0.8264202791037423,train_inner_branch_input,4
CSM67UDJ,C3004,UC,1,3,-0.25126747822083106,0.7444720632049868,train_inner_branch_input,4
CSM67UDN,C3004,UC,1,3,1.4486612448904963,0.9603317056164117,train_inner_branch_input,4
CSM67UDR,C3004,UC,1,3,0.05938168368537378,0.8109629519643796,train_inner_branch_input,4
CSM67UDR_TR,C3004,UC,1,3,0.35818958608172574,0.8615788811026214,train_inner_branch_input,4
CSM67UDY,C3004,UC,1,3,-0.1161082254869393,0.7751623853422995,train_inner_branch_input,4
CSM67UEP_P,C3011,UC,1,1,-0.10317548324522413,0.7779574436529723,train_inner_branch_input,4
CSM67UET_P,C3011,UC,1,1,1.392964931116046,0.9576028816337631,train_inner_branch_input,4
CSM67UEW,C3011,UC,1,1,1.9993158340821757,0.9796199104462907,train_inner_branch_input,4
CSM67UEW_P,C3011,UC,1,1,-0.13180851661600793,0.771735753803294,train_inner_branch_input,4
CSM67UEW_TR,C3011,UC,1,1,0.5931023907112919,0.8929339524931762,train_inner_branch_input,4
CSM67UF1,C3011,UC,1,1,0.5033604703560336,0.8817686810314171,train_inner_branch_input,4
CSM67UF1_P,C3011,UC,1,1,0.9156553572609347,0.9257268376391498,train_inner_branch_input,4
CSM67UF5,C3011,UC,1,1,1.9315797571002302,0.9778655310983002,train_inner_branch_input,4
CSM79HLA,C3004,UC,1,3,-0.530307767310517,0.6729986278862108,train_inner_branch_input,4
CSM79HLA_TR,C3004,UC,1,3,0.3328973867183655,0.8577788096511489,train_inner_branch_input,4
CSM79HLC,C3004,UC,1,3,-0.18561162304816423,0.7597159138303098,train_inner_branch_input,4
CSM79HLE,C3004,UC,1,3,-0.22551779221657864,0.7505254507633673,train_inner_branch_input,4
CSM79HLG,C3004,UC,1,3,-0.2364846407176707,0.7479590515390221,train_inner_branch_input,4
CSM79HLI,C3004,UC,1,3,-0.25240044823619817,0.7442035141120275,train_inner_branch_input,4
CSM79HLK,C3004,UC,1,3,-0.5541616693740109,0.6664266235898136,train_inner_branch_input,4
CSM79HM1,C3011,UC,1,1,0.35553100778938285,0.8611834821929607,train_inner_branch_input,4
CSM79HM5_P,C3011,UC,1,1,-0.04019002085039493,0.79121350380004,train_inner_branch_input,4
CSM79HM7,C3011,UC,1,1,-0.11625596176823098,0.7751303123479377,train_inner_branch_input,4
CSM79HM9_P,C3011,UC,1,1,0.2612060070428899,0.8465333083726638,train_inner_branch_input,4
CSM79HQT_P,C3011,UC,1,1,0.16885118950548322,0.8309860091450317,train_inner_branch_input,4
CSM7KOMP,C3011,UC,1,1,0.23650052923327045,0.8424927485428798,train_inner_branch_input,4
CSM7KOMR_P,C3011,UC,1,1,0.4064999162343799,0.8686003824045945,train_inner_branch_input,4
CSM7KOMT,C3011,UC,1,1,0.6634551002658723,0.901027704924677,train_inner_branch_input,4
CSM7KOMV_P,C3011,UC,1,1,-0.16282981456854043,0.764857714923537,train_inner_branch_input,4
CSM7KOQ5_P,C3036,UC,1,2,-0.19224593634781845,0.7582041933462628,train_inner_branch_input,4
CSM7KOTO,C3035,CD,1,3,-0.8263816604443869,0.5873443223089081,train_inner_branch_input,4
CSM7KOTQ,C3035,CD,1,3,-0.567042278296718,0.6628505978929932,train_inner_branch_input,4
CSM7KOTS,C3035,CD,1,3,-0.4396451850048348,0.6973489967952561,train_inner_branch_input,4
CSM7KOTU,C3035,CD,1,3,1.3249973001825128,0.9540294784721417,train_inner_branch_input,4
CSM9X1YV,C3035,CD,1,3,1.2621435207536262,0.950471284301305,train_inner_branch_input,4
CSM9X21R,C3035,CD,1,3,-0.7489383873005977,0.6105105591389953,train_inner_branch_input,4
CSM9X21T,C3035,CD,1,3,-0.22875270510230913,0.7497702524935715,train_inner_branch_input,4
CSM9X222,C3035,CD,1,3,-0.7025518631677867,0.6241584390329392,train_inner_branch_input,4
CSM9X233,C3035,CD,1,3,-0.5285519721011818,0.6734797350848432,train_inner_branch_input,4
CSM9X235,C3035,CD,1,3,-0.3972411816606325,0.7083787182322647,train_inner_branch_input,4
CSM9X237,C3035,CD,1,3,0.9723060310900107,0.9304350866083678,train_inner_branch_input,4
CSM9X23B,C3035,CD,1,3,0.14457298518486594,0.8266962096507543,train_inner_branch_input,4
ESM5GEXY,E5001,CD,1,2,-0.13122711224283287,0.771863300151625,train_inner_branch_input,4
ESM5GEYX_P,E5003,CD,1,3,-0.28393114529847796,0.736655763744592,train_inner_branch_input,4
ESM5ME9D_P,E5001,CD,1,2,0.1960647933940681,0.8356934478085392,train_inner_branch_input,4
ESM5ME9G_P,E5001,CD,1,2,0.09029354891328654,0.8167949841816603,train_inner_branch_input,4
ESM5MEBA_P,E5001,CD,1,2,0.027264789965268106,0.8047538624703438,train_inner_branch_input,4
ESM5MEBE,E5001,CD,1,2,0.2101418380046714,0.838086886023603,train_inner_branch_input,4
ESM5MEBG,E5001,CD,1,2,-0.08702948285809319,0.7814119835344625,train_inner_branch_input,4
ESM5MEBI,E5001,CD,1,2,-0.2533226248362796,0.7439847929153367,train_inner_branch_input,4
ESM5MECL,E5001,CD,1,2,0.3070811287059544,0.8538106497668931,train_inner_branch_input,4
ESM5MECQ,E5001,CD,1,2,-0.2702492992391503,0.7399483968433397,train_inner_branch_input,4
ESM5MEDD,E5009,CD,1,1,-1.7764384239431938,0.3035676815195179,train_inner_branch_input,4
ESM5MEDF,E5009,CD,1,1,-0.016829629488376994,0.7959794600972605,train_inner_branch_input,4
ESM5MEDK,E5009,CD,1,1,-0.3715734788159068,0.7149389618649324,train_inner_branch_input,4
ESM5MEDN,E5009,CD,1,1,-1.54296351551035,0.3682908015184175,train_inner_branch_input,4
ESM5MEDP_P,E5009,CD,1,1,-0.4086827779285491,0.7054259844438033,train_inner_branch_input,4
ESM5MEDZ_P,E5001,CD,1,2,-0.006975905651214728,0.7979653931169063,train_inner_branch_input,4
ESM5MEE2_P,E5001,CD,1,2,0.089863552360455,0.8167148241693377,train_inner_branch_input,4
ESM5MEE6_P,E5001,CD,1,2,0.38346580019895404,0.8652910412255336,train_inner_branch_input,4
ESM718UH,E5009,CD,1,1,-1.5351463570375452,0.37055899218487226,train_inner_branch_input,4
ESM7F5AK,E5009,CD,1,1,-0.9010276634261565,0.5646413929895212,train_inner_branch_input,4
ESM7F5AM,E5009,CD,1,1,-0.3034080735208333,0.7319225433960239,train_inner_branch_input,4
ESM7F5CB,E5009,CD,1,1,-0.4663304607200344,0.6902882504114435,train_inner_branch_input,4
ESM7F5CD,E5009,CD,1,1,-0.44368193625180086,0.6962867553963367,train_inner_branch_input,4
ESM7F5CF,E5009,CD,1,1,-0.2565310816322405,0.7432228581316915,train_inner_branch_input,4
HSM5MD48,H4006,CD,1,3,-0.30558395829592244,0.7313904316966068,train_inner_branch_input,4
HSM5MD49_P,H4006,CD,1,3,-0.489123720224578,0.6841860486858959,train_inner_branch_input,4
HSM5MD4A_P,H4006,CD,1,3,-0.2948769638859282,0.7340023674048896,train_inner_branch_input,4
HSM5MD4B_P,H4006,CD,1,3,-0.9925460165131456,0.5364422870747763,train_inner_branch_input,4
HSM5MD7K,H4006,CD,1,3,-0.026150205337264004,0.7940876515923502,train_inner_branch_input,4
HSM5MD7M,H4006,CD,1,3,-0.18038737337127278,0.7609017753509028,train_inner_branch_input,4
HSM5MD7O,H4006,CD,1,3,2.7130984368118045,0.9915212181913202,train_inner_branch_input,4
HSM5MD7Q,H4006,CD,1,3,1.0299096240891796,0.9349381115131098,train_inner_branch_input,4
HSM5MD7S,H4006,CD,1,3,-0.3060369404034158,0.731279571105804,train_inner_branch_input,4
HSM5MD7U,H4006,CD,1,3,-0.30285292381081697,0.7320581980106322,train_inner_branch_input,4
HSM5MEE5_P,E5001,CD,1,2,0.3021783157856259,0.8530467623731771,train_inner_branch_input,4
HSM67VDT,H4024,nonIBD,0,1,-0.3520919754150751,0.7198584233290627,train_inner_branch_input,4
HSM67VDT_P,H4024,nonIBD,0,1,-0.37711700428764994,0.713529657269706,train_inner_branch_input,4
HSM67VEC,H4006,CD,1,3,-0.11972272796329353,0.7743767581782962,train_inner_branch_input,4
HSM67VEE,H4006,CD,1,3,0.4370935045906717,0.8728888657099662,train_inner_branch_input,4
HSM67VEG,H4006,CD,1,3,-0.42299443760146266,0.70170818180739,train_inner_branch_input,4
HSM67VEI,H4006,CD,1,3,-0.34713228916153926,0.7211025274205979,train_inner_branch_input,4
HSM67VEK,H4006,CD,1,3,-0.29869307762777153,0.7330732988924317,train_inner_branch_input,4
HSM67VEM,H4006,CD,1,3,0.2008086025532065,0.8365031698113499,train_inner_branch_input,4
HSM67VEM_TR,H4006,CD,1,3,0.14932981564708772,0.827543435644427,train_inner_branch_input,4
HSM67VFR,H4018,nonIBD,0,2,-0.8547842785395698,0.5787441669897835,train_inner_branch_input,4
HSM67VI3,H4024,nonIBD,0,1,-0.37937524330523203,0.7129543618251614,train_inner_branch_input,4
HSM67VI5,H4024,nonIBD,0,1,-0.7578924953881783,0.6078552750271224,train_inner_branch_input,4
HSM67VI7,H4024,nonIBD,0,1,-0.3135980677196567,0.7294248306056687,train_inner_branch_input,4
HSM67VI9,H4024,nonIBD,0,1,-0.20286840329906503,0.755770258777724,train_inner_branch_input,4
HSM67VIB,H4024,nonIBD,0,1,-0.2509413111602934,0.744549340595928,train_inner_branch_input,4
HSM6XRQC_P,H4018,nonIBD,0,2,-0.22549696872959482,0.7505303071247842,train_inner_branch_input,4
HSM6XRQS,H4018,nonIBD,0,2,-0.3417417495410131,0.7224508588310463,train_inner_branch_input,4
HSM6XRQU,H4018,nonIBD,0,2,-0.43018819623946947,0.699829275295031,train_inner_branch_input,4
HSM6XRQW,H4018,nonIBD,0,2,-0.1865156064416062,0.759510309453422,train_inner_branch_input,4
HSM6XRQY,H4018,nonIBD,0,2,-0.9798511108092832,0.5403720446728592,train_inner_branch_input,4
HSM7CYX2,H4006,CD,1,3,-0.6769871751608347,0.6315981948292237,train_inner_branch_input,4
HSM7CYX4,H4006,CD,1,3,-0.2726828872187491,0.7393646932385705,train_inner_branch_input,4
HSM7CYX6,H4006,CD,1,3,-0.27706271993462994,0.738312041819926,train_inner_branch_input,4
HSM7CYX8,H4006,CD,1,3,-0.3225085463997276,0.7272287867959779,train_inner_branch_input,4
HSM7CYXA,H4006,CD,1,3,0.6564976765203308,0.9002522114653183,train_inner_branch_input,4
HSM7CYXC,H4006,CD,1,3,-0.45517763179458715,0.6932502734123237,train_inner_branch_input,4
HSM7CYYF,H4018,nonIBD,0,2,-0.9698322129652746,0.5434699174014365,train_inner_branch_input,4
HSM7CYYH,H4018,nonIBD,0,2,-0.5730214190278996,0.6611842313054123,train_inner_branch_input,4
HSM7CYYP,H4018,nonIBD,0,2,-1.6148814780355096,0.34770663562048965,train_inner_branch_input,4
HSM7CZ1T_P,H4027,UC,1,1,-0.2441482471697077,0.7461553001989902,train_inner_branch_input,4
HSM7CZ1V,H4027,UC,1,1,-0.21045728213541848,0.7540212875282448,train_inner_branch_input,4
HSM7CZ1Z,H4027,UC,1,1,-0.4998302067133489,0.6812974793931236,train_inner_branch_input,4
HSM7CZ22,H4027,UC,1,1,-0.2673020147881475,0.7406541760261628,train_inner_branch_input,4
HSM7CZ24,H4024,nonIBD,0,1,-0.37329379921002115,0.7145020591302892,train_inner_branch_input,4
HSM7CZ26,H4024,nonIBD,0,1,-0.3723690437700319,0.7147369654592248,train_inner_branch_input,4
HSM7CZ28,H4024,nonIBD,0,1,-0.3056663490195757,0.7313702699534025,train_inner_branch_input,4
HSM7CZ2A,H4024,nonIBD,0,1,-0.1762067422839852,0.761847848863421,train_inner_branch_input,4
HSM7CZ2E,H4024,nonIBD,0,1,-0.30017320434056793,0.7327123933563677,train_inner_branch_input,4
HSM7J4GP,H4027,UC,1,1,-0.27206948856219976,0.7395118987370374,train_inner_branch_input,4
HSM7J4GR,H4027,UC,1,1,2.2235503435085144,0.984509343661903,train_inner_branch_input,4
HSM7J4HW,H4024,nonIBD,0,1,0.16197501626100605,0.829779690317481,train_inner_branch_input,4
HSM7J4HY,H4024,nonIBD,0,1,-0.34884826790799944,0.7206724691362031,train_inner_branch_input,4
HSM7J4I5,H4024,nonIBD,0,1,-0.11934140727264518,0.7744597315255184,train_inner_branch_input,4
HSM7J4I7,H4024,nonIBD,0,1,-0.1959736716902164,0.7573519396106149,train_inner_branch_input,4
HSM7J4I9,H4024,nonIBD,0,1,-0.024202658780675918,0.7944840185563721,train_inner_branch_input,4
HSM7J4LD,H4018,nonIBD,0,2,-0.9435974480005013,0.5515652692103648,train_inner_branch_input,4
HSM7J4LF,H4018,nonIBD,0,2,-0.5111793443309892,0.6782202416647856,train_inner_branch_input,4
HSM7J4LH,H4018,nonIBD,0,2,-0.8958076535414713,0.5662390216653069,train_inner_branch_input,4
HSM7J4LN,H4018,nonIBD,0,2,-0.28480617644107914,0.7364442723965917,train_inner_branch_input,4
HSM7J4NC,H4027,UC,1,1,-0.24664014962620157,0.7455669598241417,train_inner_branch_input,4
HSM7J4NE,H4027,UC,1,1,1.947032734659759,0.9782783309275377,train_inner_branch_input,4
HSM7J4NM,H4027,UC,1,1,-0.4621999254468707,0.691387097510878,train_inner_branch_input,4
HSM7J4NY,H4024,nonIBD,0,1,-0.26994033334592954,0.7400224425868026,train_inner_branch_input,4
HSM7J4O1,H4024,nonIBD,0,1,-1.310523817984936,0.4378146317001296,train_inner_branch_input,4
HSM7J4O3,H4024,nonIBD,0,1,-0.6339783350127272,0.6439729038033387,train_inner_branch_input,4
HSM7J4O5,H4024,nonIBD,0,1,-0.33094076034057907,0.7251403871085063,train_inner_branch_input,4
HSM7J4O7,H4024,nonIBD,0,1,-0.2285706082022423,0.7498128038870483,train_inner_branch_input,4
HSM7J4O9,H4024,nonIBD,0,1,-0.21040800676381333,0.7540326709535914,train_inner_branch_input,4
HSMA33O1,H4027,UC,1,1,0.7592286050835032,0.9111686841573915,train_inner_branch_input,4
HSMA33O3,H4027,UC,1,1,0.21284521865042855,0.838543293159813,train_inner_branch_input,4
MSM5FZ9X_P,M2014,CD,1,2,-0.057917955654326225,0.7875423135967836,train_inner_branch_input,4
MSM5FZA2_P,M2014,CD,1,2,-0.3264348440344073,0.7262575983062683,train_inner_branch_input,4
MSM5LLGD_P,M2014,CD,1,2,0.37175754590957927,0.8635820825824378,train_inner_branch_input,4
MSM5LLGF_P,M2014,CD,1,2,-0.3505597078526659,0.7202431441004465,train_inner_branch_input,4
MSM5LLGH_P,M2014,CD,1,2,0.25817844237801457,0.8460427533863327,train_inner_branch_input,4
MSM5LLGJ_P,M2014,CD,1,2,-0.48970208943770743,0.6840303671888955,train_inner_branch_input,4
MSM5LLGL,M2014,CD,1,2,-0.2837385649535084,0.7367022949614025,train_inner_branch_input,4
MSM5ZOJY_P,M2014,CD,1,2,0.11815256320937362,0.8219306132867771,train_inner_branch_input,4
MSM633FF_P,M2014,CD,1,2,-0.11862605565345531,0.7746153298701365,train_inner_branch_input,4
MSM6J2IQ,M2014,CD,1,2,0.704125443011676,0.9054543321411372,train_inner_branch_input,4
MSM6J2IY,M2014,CD,1,2,-0.2936298000617093,0.7343055536575157,train_inner_branch_input,4
MSM6J2J1,M2014,CD,1,2,1.9410636473438536,0.978119776879497,train_inner_branch_input,4
MSM6J2QR,M2014,CD,1,2,-0.10339923211499501,0.7779092982033948,train_inner_branch_input,4
MSM79H5E,M2061,nonIBD,0,3,0.13029840181315963,0.8241340589946422,train_inner_branch_input,4
MSM79H5G,M2061,nonIBD,0,3,-1.2827056443684732,0.44636058191265116,train_inner_branch_input,4
MSM79H5K,M2061,nonIBD,0,3,-0.3098650975824719,0.7303415319626816,train_inner_branch_input,4
MSM79H5M,M2061,nonIBD,0,3,-0.28450891038214704,0.7365161325837715,train_inner_branch_input,4
MSM79H9M,M2061,nonIBD,0,3,-0.1564582488725142,0.7662820496222835,train_inner_branch_input,4
MSM79H9Q,M2061,nonIBD,0,3,-2.1128139264642756,0.22281340504668756,train_inner_branch_input,4
MSM79H9W,M2061,nonIBD,0,3,-0.09887187010303616,0.778882027567329,train_inner_branch_input,4
MSM79HBZ,M2069,UC,1,3,-0.32435176154638357,0.7267731269527561,train_inner_branch_input,4
MSM79HD8_P,M2069,UC,1,3,-0.06571590287773581,0.7859126178450083,train_inner_branch_input,4
MSM79HDA,M2069,UC,1,3,1.5525032071005391,0.9649759804551468,train_inner_branch_input,4
MSM79HDC,M2069,UC,1,3,-0.0044258962200340556,0.7984769678872937,train_inner_branch_input,4
MSM79HDE,M2069,UC,1,3,1.4925893942832833,0.9623643784835016,train_inner_branch_input,4
MSM79HDG,M2069,UC,1,3,-0.2013573532959394,0.7561174963694196,train_inner_branch_input,4
MSM79HDG_TR,M2069,UC,1,3,0.18395181919001388,0.8336112677079387,train_inner_branch_input,4
MSM79HDI,M2069,UC,1,3,-0.29137776217173406,0.73485246640983,train_inner_branch_input,4
MSM9VZEU,M2069,UC,1,3,-0.15411533800459853,0.7668042864863688,train_inner_branch_input,4
MSM9VZEW,M2069,UC,1,3,1.2500461055880077,0.949757105385142,train_inner_branch_input,4
MSM9VZEY,M2069,UC,1,3,-0.10623763669015655,0.7772978934688527,train_inner_branch_input,4
MSM9VZF1,M2069,UC,1,3,-0.3202700539057286,0.7277815238628862,train_inner_branch_input,4
MSM9VZF3,M2069,UC,1,3,-0.3894411084194377,0.710381669304233,train_inner_branch_input,4
MSM9VZF5,M2069,UC,1,3,0.3103761985268492,0.8543221900259397,train_inner_branch_input,4
MSM9VZGO,M2061,nonIBD,0,3,-0.8403517389929362,0.5831205768710049,train_inner_branch_input,4
MSM9VZGS,M2061,nonIBD,0,3,-0.01888395604431431,0.7955636043266711,train_inner_branch_input,4
MSM9VZGU,M2061,nonIBD,0,3,-0.03403086123752769,0.7924779925018536,train_inner_branch_input,4
MSM9VZHB,M2061,nonIBD,0,3,-0.991092910541438,0.5368923404645252,train_inner_branch_input,4
MSM9VZHF,M2061,nonIBD,0,3,-2.1502847960527744,0.21483586826656154,train_inner_branch_input,4
MSM9VZJF_P,M2091,UC,1,2,0.02481508856157406,0.8042739842230772,train_inner_branch_input,4
MSM9VZL5,M2097,nonIBD,0,3,0.1699290372469394,0.8311744822886973,train_inner_branch_input,4
MSM9VZLJ,M2061,nonIBD,0,3,-2.50659562528181,0.14933464385865122,train_inner_branch_input,4
MSM9VZOS,M2069,UC,1,3,-0.09121554161857717,0.7805200815055338,train_inner_branch_input,4
MSM9VZOU,M2069,UC,1,3,1.0017106259194393,0.9327686479718502,train_inner_branch_input,4
MSM9VZOW,M2069,UC,1,3,-0.6502764664038374,0.6393050915644708,train_inner_branch_input,4
MSM9VZOY,M2069,UC,1,3,-0.08844066797927531,0.7811116015621464,train_inner_branch_input,4
MSM9VZP1,M2069,UC,1,3,0.00275352589477131,0.7999120763909227,train_inner_branch_input,4
MSM9VZP3,M2069,UC,1,3,1.8692964318608964,0.9761226458069452,train_inner_branch_input,4
MSMA26DG,M2097,nonIBD,0,3,-1.133675115227058,0.4925609724491265,train_inner_branch_input,4
MSMA26DI,M2097,nonIBD,0,3,0.05355186468875696,0.8098472413616807,train_inner_branch_input,4
MSMA26DK,M2097,nonIBD,0,3,-0.23761465631418,0.7476936193510294,train_inner_branch_input,4
MSMA26DM,M2097,nonIBD,0,3,0.04247499994510284,0.807713484438478,train_inner_branch_input,4
MSMA26DO,M2097,nonIBD,0,3,-1.2551968186797355,0.45484281007272537,train_inner_branch_input,4
MSMA26EH,M2069,UC,1,3,0.19763834594456328,0.8359623943956866,train_inner_branch_input,4
MSMA26EJ,M2069,UC,1,3,1.5518221866297122,0.9649473002235155,train_inner_branch_input,4
MSMA26EL,M2069,UC,1,3,-0.23646631345938943,0.7479633549484321,train_inner_branch_input,4
MSMA26EN,M2069,UC,1,3,-0.2692133837311224,0.7401966069717861,train_inner_branch_input,4
MSMA26EP,M2069,UC,1,3,-0.11286040616014843,0.7758666541666096,train_inner_branch_input,4
MSMAPC5H,M2097,nonIBD,0,3,-0.27693545930929203,0.7383426663922785,train_inner_branch_input,4
MSMAPC5L,M2097,nonIBD,0,3,-0.27913538488153933,0.7378129407228575,train_inner_branch_input,4
MSMB4LXS,M2097,nonIBD,0,3,-0.08823837166183474,0.781154680178039,train_inner_branch_input,4
MSMB4LXW,M2097,nonIBD,0,3,-1.017758201561663,0.5286247928734561,train_inner_branch_input,4
MSMB4LZK,M2097,nonIBD,0,3,0.4220966579490906,0.870801809668355,train_inner_branch_input,4
PSM6XBRK,P6009,CD,1,1,-0.7279828801520295,0.6166989856099736,train_inner_branch_input,4
PSM6XBRK_P,P6009,CD,1,1,-0.18927589846532675,0.7588817576169145,train_inner_branch_input,4
PSM6XBRK_TR,P6009,CD,1,1,0.30940868616195466,0.8541721435708782,train_inner_branch_input,4
PSM6XBS2_P,P6009,CD,1,1,-0.2859115669810208,0.7361769482898392,train_inner_branch_input,4
PSM6XBS4,P6009,CD,1,1,-0.26326517179938247,0.741618846917244,train_inner_branch_input,4
PSM6XBS4_P,P6009,CD,1,1,-0.2916453567165278,0.7347875181241571,train_inner_branch_input,4
PSM6XBS8,P6009,CD,1,1,-0.22520944551007274,0.7505973555645374,train_inner_branch_input,4
PSM6XBSA,P6009,CD,1,1,-0.2624701481073304,0.7418085552565313,train_inner_branch_input,4
PSM6XBSC_P,P6009,CD,1,1,-0.15685442780394204,0.7661936606966009,train_inner_branch_input,4
PSM6XBTF_P,P6009,CD,1,1,-0.2943397453641354,0.7341329925819046,train_inner_branch_input,4
PSM6XBTH_P,P6009,CD,1,1,-0.347223935774361,0.7210795692292359,train_inner_branch_input,4
PSM6XBTL,P6009,CD,1,1,-0.2105184587264255,0.7540071542305842,train_inner_branch_input,4
PSM6XBTN_P,P6009,CD,1,1,-0.30216427399968837,0.7322264137953881,train_inner_branch_input,4
PSM6XBTP,P6009,CD,1,1,-0.02115037456826929,0.7951040846054223,train_inner_branch_input,4
PSM6XBW3,P6018,nonIBD,0,1,-0.549322070858925,0.6677653288107518,train_inner_branch_input,4
PSM7J13U_P,P6009,CD,1,1,-0.18676873007571315,0.7594527168035572,train_inner_branch_input,4
PSM7J13Y,P6009,CD,1,1,-0.16421613621757955,0.7645470139260896,train_inner_branch_input,4
PSM7J13Y_P,P6009,CD,1,1,-0.15701544998160674,0.7661577294393356,train_inner_branch_input,4
PSM7J141,P6009,CD,1,1,0.0467788576784834,0.8085447043049419,train_inner_branch_input,4
PSM7J143_P,P6009,CD,1,1,-0.18563993068367088,0.7597094772899017,train_inner_branch_input,4
PSM7J15K,P6018,nonIBD,0,1,-0.45910008276823067,0.6922103297159272,train_inner_branch_input,4
PSM7J15M,P6018,nonIBD,0,1,-1.584796814039454,0.35625344930600195,train_inner_branch_input,4
PSM7J15O,P6018,nonIBD,0,1,-0.10588934879537286,0.7773729807957652,train_inner_branch_input,4
PSM7J15Q,P6018,nonIBD,0,1,-0.06098471698203306,0.7869024730318014,train_inner_branch_input,4
PSM7J15S,P6018,nonIBD,0,1,-0.25391666030667126,0.7438438350596479,train_inner_branch_input,4
PSM7J15U,P6018,nonIBD,0,1,-1.603024314226176,0.3510638220882242,train_inner_branch_input,4
PSM7J17V,P6018,nonIBD,0,1,0.3311185197028232,0.8575082917316018,train_inner_branch_input,4
PSM7J17X,P6018,nonIBD,0,1,-0.9698547437763777,0.543462954488548,train_inner_branch_input,4
PSM7J17Z,P6018,nonIBD,0,1,-0.16151833620257697,0.7651513806455422,train_inner_branch_input,4
PSM7J182,P6018,nonIBD,0,1,-0.06767632997492352,0.7855014796537279,train_inner_branch_input,4
PSM7J184,P6018,nonIBD,0,1,-0.12072960549464891,0.7741575630475829,train_inner_branch_input,4
PSM7J186,P6018,nonIBD,0,1,-0.2231585176737637,0.7510752687247905,train_inner_branch_input,4
PSM7J19X_P,P6018,nonIBD,0,1,-0.10397221888672327,0.7777859710351259,train_inner_branch_input,4
PSM7J19Z,P6018,nonIBD,0,1,-0.5243368577547173,0.674633231776576,train_inner_branch_input,4
PSM7J1A2,P6018,nonIBD,0,1,-1.0818065135391235,0.5087110562020792,train_inner_branch_input,4
PSM7J1A4,P6018,nonIBD,0,1,-0.48951350830963475,0.6840811327134466,train_inner_branch_input,4
PSM7J1A6,P6018,nonIBD,0,1,-0.48018254698101825,0.686587502921024,train_inner_branch_input,4
PSM7J1A8,P6018,nonIBD,0,1,0.3566538671545704,0.8613505956788907,train_inner_branch_input,4
PSM7J1CK_P,P6009,CD,1,1,-0.15017495391326027,0.7676807687813021,train_inner_branch_input,4
PSM7J1CS_P,P6009,CD,1,1,-0.22716646239048383,0.7501407549314836,train_inner_branch_input,4
PSM7J1CU,P6009,CD,1,1,0.03275171037465181,0.8058254745105708,train_inner_branch_input,4
PSMA265D,P6018,nonIBD,0,1,-0.30039937995658605,0.7326572167091465,train_inner_branch_input,4
PSMA265F,P6018,nonIBD,0,1,-0.2872543357350097,0.7358519834610653,train_inner_branch_input,4
PSMA265H,P6018,nonIBD,0,1,-0.9485995458644936,0.550023727862268,train_inner_branch_input,4
PSMA265J,P6018,nonIBD,0,1,-0.3349096278701648,0.7241539916361439,train_inner_branch_input,4
PSMA265J_TR,P6018,nonIBD,0,1,0.1520478217875218,0.8280260585449228,train_inner_branch_input,4
PSMA265L,P6018,nonIBD,0,1,-0.03636339997311515,0.7919997834160247,train_inner_branch_input,4
PSMA265X,P6038,UC,1,1,1.560835459990652,0.965325055665205,train_inner_branch_input,4
PSMA266U,P6038,UC,1,1,0.060887394589118335,0.8112502977934024,train_inner_branch_input,4
PSMA266Y,P6038,UC,1,1,0.25836473102532265,0.8460729746526813,train_inner_branch_input,4
PSMA2671,P6038,UC,1,1,-0.3000743563105495,0.7327365055448627,train_inner_branch_input,4
PSMA2675,P6038,UC,1,1,1.8660649138711642,0.9760286521878018,train_inner_branch_input,4
PSMA269S,P6038,UC,1,1,-0.03193595859088889,0.7929067901037781,train_inner_branch_input,4
PSMA269W,P6038,UC,1,1,1.757038103375244,0.972637339722255,train_inner_branch_input,4
PSMA26A1,P6038,UC,1,1,-0.28305579264228403,0.7368672236672983,train_inner_branch_input,4
PSMA26A3,P6038,UC,1,1,1.7673660736017718,0.9729776338163896,train_inner_branch_input,4
PSMB4MC1,P6038,UC,1,1,-0.26704068176828955,0.7407166967064434,train_inner_branch_input,4
PSMB4MC3,P6038,UC,1,1,-0.25476334508180876,0.7436428384723492,train_inner_branch_input,4
PSMB4MC5,P6038,UC,1,1,1.247878902972198,0.9496281371553799,train_inner_branch_input,4
CSM5MCTZ_P,C3006,UC,1,1,1.044192190130344,0.9360119171171821,train_inner_branch_input,4
CSM5MCUG_P,C3006,UC,1,1,0.6574939038094707,0.9003635842049175,train_inner_branch_input,4
CSM5MCUK_P,C3006,UC,1,1,0.16339848265556078,0.8300299760630604,train_inner_branch_input,4
CSM5MCUO,C3006,UC,1,1,0.35633616808029456,0.8613033301294031,train_inner_branch_input,4
CSM5MCX3,C3006,UC,1,1,2.5350654121129055,0.9894384831501087,train_inner_branch_input,4
CSM67U9V_P,C3016,CD,1,2,-0.39352208409477457,0.7093347475080257,train_inner_branch_input,4
CSM67U9X_P,C3017,CD,1,2,-0.22176578620618057,0.7513994577937744,train_inner_branch_input,4
CSM67UAI_P,C3020,CD,1,2,-0.0008711193100400284,0.7991884989199606,train_inner_branch_input,4
CSM67UAU,C3016,CD,1,2,-0.3510204169331464,0.7201275035315702,train_inner_branch_input,4
CSM67UAW,C3016,CD,1,2,-0.36558259570838375,0.7164572994914529,train_inner_branch_input,4
CSM67UAY,C3016,CD,1,2,-0.29392528265116363,0.7342337416066875,train_inner_branch_input,4
CSM67UB1,C3016,CD,1,2,0.6590823100415898,0.9005409305660579,train_inner_branch_input,4
CSM67UB3,C3016,CD,1,2,-0.3505947876496844,0.7202343399020972,train_inner_branch_input,4
CSM67UB5_P,C3017,CD,1,2,-0.2127875453659907,0.7534825529799698,train_inner_branch_input,4
CSM67UB7_P,C3017,CD,1,2,-0.2027341625892921,0.7558011206811823,train_inner_branch_input,4
CSM67UB9,C3017,CD,1,2,0.31439464983523513,0.8549440205866778,train_inner_branch_input,4
CSM67UB9_P,C3017,CD,1,2,0.002471137084812823,0.7998557742225392,train_inner_branch_input,4
CSM67UBB,C3017,CD,1,2,-0.5298467851511037,0.6731249773542235,train_inner_branch_input,4
CSM67UFV,C3006,UC,1,1,-0.25575818041124937,0.7434065400453304,train_inner_branch_input,4
CSM67UFZ,C3006,UC,1,1,2.8735114352132305,0.9930461345455115,train_inner_branch_input,4
CSM67UG8,C3006,UC,1,1,-0.2790702825880365,0.7378286267921769,train_inner_branch_input,4
CSM79HH2_P,C3023,CD,1,1,-0.2573041672725657,0.7430390463205837,train_inner_branch_input,4
CSM79HH4,C3023,CD,1,1,-0.13697455349533996,0.7706002430504678,train_inner_branch_input,4
CSM79HH8,C3023,CD,1,1,0.49538657231440203,0.8807293046110141,train_inner_branch_input,4
CSM79HHA,C3023,CD,1,1,-0.35944328728485164,0.718008173620913,train_inner_branch_input,4
CSM79HIR,C3016,CD,1,2,-0.7729190612243976,0.6033849418747662,train_inner_branch_input,4
CSM79HIT,C3016,CD,1,2,-0.5725077648726159,0.6613275427271358,train_inner_branch_input,4
CSM79HIV,C3016,CD,1,2,-0.3557348684060593,0.7189424717965825,train_inner_branch_input,4
CSM79HIX,C3016,CD,1,2,-0.3642671707061693,0.7167900275884789,train_inner_branch_input,4
CSM79HIZ,C3016,CD,1,2,-0.2583814482890223,0.7427827643449858,train_inner_branch_input,4
CSM79HJ2_P,C3017,CD,1,2,-0.20683195388584422,0.7548578503278753,train_inner_branch_input,4
CSM79HJ4_P,C3017,CD,1,2,-0.30245295052168975,0.7321559072319809,train_inner_branch_input,4
CSM79HJ6_P,C3017,CD,1,2,-0.48833059307215626,0.6843994700976412,train_inner_branch_input,4
CSM79HJ8_P,C3017,CD,1,2,-0.32564663061023963,0.726452739424491,train_inner_branch_input,4
CSM79HJA,C3017,CD,1,2,0.21769904468651954,0.8393601485398536,train_inner_branch_input,4
CSM79HJC_P,C3017,CD,1,2,-0.23109061458549107,0.749223514545102,train_inner_branch_input,4
CSM79HMN,C3006,UC,1,1,2.5982345285705337,0.9902298216795475,train_inner_branch_input,4
CSM79HMP,C3006,UC,1,1,-0.3779485603573434,0.7133178953071975,train_inner_branch_input,4
CSM79HMT,C3006,UC,1,1,-0.6311555221051453,0.6447786183421006,train_inner_branch_input,4
CSM79HNE,C3029,UC,1,3,-0.24819899741907334,0.7451984580725232,train_inner_branch_input,4
CSM79HNG_P,C3029,UC,1,3,-0.30008194728810933,0.7327346539122115,train_inner_branch_input,4
CSM79HNI,C3029,UC,1,3,-0.24166751859231186,0.7467401101162264,train_inner_branch_input,4
CSM79HNK,C3029,UC,1,3,-0.48123209319184246,0.6863061260796535,train_inner_branch_input,4
CSM79HNM,C3029,UC,1,3,-0.21747488786042427,0.7523964819864696,train_inner_branch_input,4
CSM79HNY_P,C3031,CD,1,1,-0.3723546144711388,0.714740629868645,train_inner_branch_input,4
CSM79HPA,C3023,CD,1,1,-0.24653509508235283,0.7455917814224158,train_inner_branch_input,4
CSM79HPA_TR,C3023,CD,1,1,-0.3474873071976799,0.7210135861834621,train_inner_branch_input,4
CSM79HPC,C3023,CD,1,1,-0.20632266485742262,0.7549752173161951,train_inner_branch_input,4
CSM79HR8,C3031,CD,1,1,-0.23263658834539205,0.7488615405567857,train_inner_branch_input,4
CSM79HRC,C3031,CD,1,1,-0.25921986086706755,0.7425831928778728,train_inner_branch_input,4
CSM79HRE,C3031,CD,1,1,-0.3827422128571053,0.7120953325461674,train_inner_branch_input,4
CSM79HRG,C3031,CD,1,1,-0.5314174590371061,0.6726943722803239,train_inner_branch_input,4
CSM7KOK3,C3016,CD,1,2,-0.7967994711841377,0.5962452477567296,train_inner_branch_input,4
CSM7KOK5,C3016,CD,1,2,0.07304618134179837,0.8135583703857299,train_inner_branch_input,4
CSM7KOK7,C3016,CD,1,2,-0.4865880127325941,0.6848681053298485,train_inner_branch_input,4
CSM7KOKB,C3016,CD,1,2,2.2107423159225474,0.9842641545040006,train_inner_branch_input,4
CSM7KOKD,C3016,CD,1,2,-0.24687029023295703,0.74551257813662,train_inner_branch_input,4
CSM7KOKF,C3017,CD,1,2,-0.18252849861164858,0.7604162434745388,train_inner_branch_input,4
CSM7KOKH_P,C3017,CD,1,2,-0.19271549066236185,0.7580969537784111,train_inner_branch_input,4
CSM7KOKJ,C3017,CD,1,2,-0.08821022954435642,0.7811606725048315,train_inner_branch_input,4
CSM7KOKL_P,C3017,CD,1,2,-0.06714890887675783,0.7856121461191736,train_inner_branch_input,4
CSM7KOKN,C3017,CD,1,2,0.9480457487573988,0.9284535903517953,train_inner_branch_input,4
CSM7KOKP_P,C3017,CD,1,2,-0.2719546014828767,0.7395394637407497,train_inner_branch_input,4
CSM7KOLY,C3029,UC,1,3,-0.8318139754836578,0.5857033950471641,train_inner_branch_input,4
CSM7KONA,C3023,CD,1,1,0.7588442339516724,0.9111299254013067,train_inner_branch_input,4
CSM7KONK,C3023,CD,1,1,0.3662013836619602,0.8627647269366838,train_inner_branch_input,4
CSM7KOO5,C3031,CD,1,1,0.0994612903892066,0.8184975681707073,train_inner_branch_input,4
CSM7KOO9,C3031,CD,1,1,0.48456680852834577,0.8793063528683644,train_inner_branch_input,4
CSM7KOOD,C3031,CD,1,1,-0.32894391670523876,0.7256358400718436,train_inner_branch_input,4
CSM7KOOF,C3031,CD,1,1,0.974651077245086,0.9306239076672406,train_inner_branch_input,4
CSM7KOPS,C3016,CD,1,2,0.7746773176753712,0.912713903016562,train_inner_branch_input,4
CSM7KOPU,C3016,CD,1,2,-0.17645766356639453,0.761791138231294,train_inner_branch_input,4
CSM7KOPW,C3016,CD,1,2,-0.21318648995963058,0.7533902412606988,train_inner_branch_input,4
CSM7KOQ1,C3016,CD,1,2,0.9586634333703308,0.9293271375089206,train_inner_branch_input,4
CSM7KOQP_P,C3033,CD,1,3,-1.2196437382667433,0.46584368547664373,train_inner_branch_input,4
CSM7KOQX,C3017,CD,1,2,-0.5220331975839558,0.675262752701166,train_inner_branch_input,4
CSM7KOQZ_P,C3017,CD,1,2,-0.2204429594861704,0.7517071132678314,train_inner_branch_input,4
CSM7KOR2,C3017,CD,1,2,0.059764406950288916,0.8110360216294925,train_inner_branch_input,4
CSM7KOR4_P,C3017,CD,1,2,-0.2644310248979072,0.7413404871610804,train_inner_branch_input,4
CSM7KOR8_P,C3017,CD,1,2,-0.20999515198549407,0.754128033285062,train_inner_branch_input,4
CSM7KOS7,C3029,UC,1,3,-0.1862857453512185,0.75956260106483,train_inner_branch_input,4
CSM7KOSH,C3029,UC,1,3,-0.22498215824371237,0.750650348877663,train_inner_branch_input,4
CSM7KOTA,C3023,CD,1,1,-0.24734267436135557,0.7454009308895361,train_inner_branch_input,4
CSM7KOTC,C3023,CD,1,1,0.06364950555888271,0.8117765400628534,train_inner_branch_input,4
CSM7KOTK,C3023,CD,1,1,-0.02991028877530783,0.7933207938559509,train_inner_branch_input,4
CSM9X1Y5,C3029,UC,1,3,-0.0808237792132875,0.782729391630695,train_inner_branch_input,4
CSM9X1Z4,C3031,CD,1,1,0.18862646762385293,0.8344173161095826,train_inner_branch_input,4
CSM9X1ZC,C3031,CD,1,1,1.2899074773260122,0.9520741241695769,train_inner_branch_input,4
ESM5GEZ4_P,E5004,UC,1,3,-0.3906353504759111,0.7100755330943728,train_inner_branch_input,4
ESM5GEZ6_P,E5004,UC,1,3,-0.31930881024230334,0.7280186625071202,train_inner_branch_input,4
ESM5GEZA_P,E5004,UC,1,3,-0.37259939499023165,0.7146784625167241,train_inner_branch_input,4
ESM5ME9U,E5004,UC,1,3,-0.3022796678884391,0.7321982313206333,train_inner_branch_input,4
ESM5MEB7,E5013,CD,1,2,-0.12282473626431066,0.7737009741739217,train_inner_branch_input,4
ESM5MEB9_P,E5013,CD,1,2,-0.4358347575059996,0.6983497506939291,train_inner_branch_input,4
ESM5MEBS,E5004,UC,1,3,0.07542098029886113,0.8140066244287762,train_inner_branch_input,4
ESM5MEBU,E5004,UC,1,3,1.7629973679315887,0.9728341952834061,train_inner_branch_input,4
ESM5MEC3,E5004,UC,1,3,-0.32588196766376526,0.7263944851806453,train_inner_branch_input,4
ESM5MEC5,E5004,UC,1,3,2.2324452275844124,0.984677405527527,train_inner_branch_input,4
ESM5MEC9,E5004,UC,1,3,-0.2451284463711449,0.7459239814399709,train_inner_branch_input,4
ESM5MED2,E5013,CD,1,2,0.011220237724743317,0.8015946386989277,train_inner_branch_input,4
ESM5MEDU,E5004,UC,1,3,-0.3493147933974359,0.7205554784123293,train_inner_branch_input,4
ESM5MEEJ_P,E5004,UC,1,3,-0.2613326627085384,0.7420798237626123,train_inner_branch_input,4
ESM718SY,E5004,UC,1,3,2.431792004242882,0.9880060475806371,train_inner_branch_input,4
ESM718T7,E5013,CD,1,2,0.00444255296367371,0.8002485835761077,train_inner_branch_input,4
ESM718T9,E5013,CD,1,2,-0.3393617393213316,0.7230448898156507,train_inner_branch_input,4
ESM718TF,E5013,CD,1,2,-0.3031717229879627,0.7319803025795728,train_inner_branch_input,4
ESM718TK,E5013,CD,1,2,-0.17367029483597765,0.7624205892793509,train_inner_branch_input,4
ESM718TM,E5013,CD,1,2,-1.1689797796285566,0.48157514820329755,train_inner_branch_input,4
ESM718V4,E5013,CD,1,2,-0.2438661162958395,0.7462218549506908,train_inner_branch_input,4
ESM718V8,E5013,CD,1,2,-0.7520380322589595,0.6095921116900681,train_inner_branch_input,4
ESM7F5C5,E5013,CD,1,2,-0.2797287460034788,0.7376699454691439,train_inner_branch_input,4
ESM7F5C7,E5013,CD,1,2,-0.36046166827164194,0.7177512731247281,train_inner_branch_input,4
ESM9IEP1,E5013,CD,1,2,-1.5983022184747995,0.35240495216836215,train_inner_branch_input,4
HSM5MD4N,H4007,CD,1,3,-0.5747463189360978,0.6607027616147707,train_inner_branch_input,4
HSM5MD4O,H4007,CD,1,3,2.430890592342875,0.9879927353177435,train_inner_branch_input,4
HSM5MD4P_P,H4007,CD,1,3,-0.28094625591246436,0.7373763780768834,train_inner_branch_input,4
HSM5MD7Z_P,H4007,CD,1,3,-0.259515852289362,0.7425127124269434,train_inner_branch_input,4
HSM5MD82_P,H4009,nonIBD,0,3,0.39193206442591605,0.8665155036211841,train_inner_branch_input,4
HSM5MD8B_P,H4009,nonIBD,0,3,-0.35638451671801474,0.7187789358241573,train_inner_branch_input,4
HSM5MD8D_P,H4009,nonIBD,0,3,-0.28454006908978074,0.7365086009635675,train_inner_branch_input,4
HSM5MD8L_P,H4009,nonIBD,0,3,-0.2898269990442444,0.7352286542964648,train_inner_branch_input,4
HSM5MD8N_P,H4009,nonIBD,0,3,0.11144760882315642,0.8207049938777713,train_inner_branch_input,4
HSM5MD8P_P,H4009,nonIBD,0,3,0.12335198903970993,0.822876507279344,train_inner_branch_input,4
HSM67VGA,H4009,nonIBD,0,3,-1.8226947668615812,0.2915265272920681,train_inner_branch_input,4
HSM67VGA_P,H4009,nonIBD,0,3,-0.223655277924493,0.7509595684201593,train_inner_branch_input,4
HSM67VGC,H4009,nonIBD,0,3,-0.5628180118270301,0.6640254550774396,train_inner_branch_input,4
HSM67VGE_P,H4009,nonIBD,0,3,-0.040481234953545386,0.7911535767266483,train_inner_branch_input,4
HSM67VGG,H4009,nonIBD,0,3,-1.2399814948697592,0.45954599219000264,train_inner_branch_input,4
HSM67VGI_P,H4009,nonIBD,0,3,-0.3563712677483118,0.7187822715659291,train_inner_branch_input,4
HSM67VGK,H4009,nonIBD,0,3,-0.28297846076418876,0.7368858995669489,train_inner_branch_input,4
HSM67VGK_TR,H4009,nonIBD,0,3,-0.28383304175770513,0.7366794681588017,train_inner_branch_input,4
HSM67VHQ,H4007,CD,1,3,-0.17339348534481294,0.7624830365975657,train_inner_branch_input,4
HSM67VHS,H4007,CD,1,3,-0.2261809263070825,0.7503707645622492,train_inner_branch_input,4
HSM67VHW,H4007,CD,1,3,0.3217486331915153,0.8560762955759954,train_inner_branch_input,4
HSM67VI1,H4007,CD,1,3,-0.2793789357005808,0.7377542530160723,train_inner_branch_input,4
HSM6XRQE_P,H4019,UC,1,2,0.021818545512574353,0.8036857709958491,train_inner_branch_input,4
HSM6XRR5,H4019,UC,1,2,0.06092209689020065,0.8112569163345112,train_inner_branch_input,4
HSM6XRR7,H4019,UC,1,2,-0.06754529226474601,0.7855289786005516,train_inner_branch_input,4
HSM6XRR9,H4019,UC,1,2,-0.20904608878619194,0.7543471560158526,train_inner_branch_input,4
HSM6XRRB,H4019,UC,1,2,0.0022992497653784205,0.7998214978255409,train_inner_branch_input,4
HSM6XRRD,H4019,UC,1,2,0.3396458805619623,0.8588011805774936,train_inner_branch_input,4
HSM6XRSN,H4007,CD,1,3,1.9185019379607597,0.9775101973833882,train_inner_branch_input,4
HSM6XRST,H4007,CD,1,3,0.2695299736760407,0.8478754419925852,train_inner_branch_input,4
HSM6XRT8,H4009,nonIBD,0,3,-0.16726832164122046,0.7638619604269257,train_inner_branch_input,4
HSM6XRTA_P,H4009,nonIBD,0,3,-0.2888881692879056,0.7354562318655374,train_inner_branch_input,4
HSM6XRTC_P,H4009,nonIBD,0,3,-0.21504932457690296,0.7529588925904948,train_inner_branch_input,4
HSM6XRTE_P,H4009,nonIBD,0,3,-0.24892895250539745,0.7450257806190144,train_inner_branch_input,4
HSM6XRTG,H4009,nonIBD,0,3,-0.2832721920367347,0.7368149579818879,train_inner_branch_input,4
HSM6XRTG_P,H4009,nonIBD,0,3,-0.2631314126073725,0.7416507708538123,train_inner_branch_input,4
HSM6XRUX,H4019,UC,1,2,-0.37438189731337806,0.714225511830736,train_inner_branch_input,4
HSM6XRUZ,H4019,UC,1,2,-0.3233318468796911,0.7270253179912908,train_inner_branch_input,4
HSM6XRV2,H4019,UC,1,2,3.095526451826869,0.9947172673681577,train_inner_branch_input,4
HSM6XRV4,H4019,UC,1,2,0.00996491380747288,0.8013458460939906,train_inner_branch_input,4
HSM6XRV6,H4019,UC,1,2,-0.23007849279959022,0.7494603044555721,train_inner_branch_input,4
HSM6XRV8,H4019,UC,1,2,-0.38404806281920717,0.7117617536448162,train_inner_branch_input,4
HSM7CYXQ,H4007,CD,1,3,-0.458122919352256,0.6924695842548488,train_inner_branch_input,4
HSM7CYXS,H4007,CD,1,3,-0.1784438272828197,0.7613419186186894,train_inner_branch_input,4
HSM7CYYR_P,H4009,nonIBD,0,3,-0.25252226654947785,0.7441746283612681,train_inner_branch_input,4
HSM7CYYV_P,H4009,nonIBD,0,3,-0.3839195254049826,0.711794598684001,train_inner_branch_input,4
HSM7J4JV_P,H4042,UC,1,3,-0.3585604594413399,0.7182307640479219,train_inner_branch_input,4
HSM7J4M4,H4019,UC,1,2,2.952117228424927,0.9936906205314079,train_inner_branch_input,4
HSM7J4M6,H4019,UC,1,2,-0.3578000933908983,0.7184223921535043,train_inner_branch_input,4
HSM7J4M8,H4019,UC,1,2,-0.4479288800796126,0.695166937921265,train_inner_branch_input,4
HSM7J4MA,H4019,UC,1,2,-0.3812014551267835,0.7124886226553946,train_inner_branch_input,4
HSM7J4MC,H4019,UC,1,2,-0.5036824710664677,0.6802547198150871,train_inner_branch_input,4
HSM7J4ME,H4019,UC,1,2,2.2396301880486975,0.9848118480853693,train_inner_branch_input,4
HSM7J4PC,H4019,UC,1,2,-0.3759859474810391,0.7138175390050132,train_inner_branch_input,4
HSM7J4PE,H4019,UC,1,2,2.181393458779228,0.983687826784301,train_inner_branch_input,4
HSM7J4PG,H4019,UC,1,2,-0.6470307132997786,0.6402368154763123,train_inner_branch_input,4
HSM7J4PI,H4019,UC,1,2,0.05061515064517513,0.8092833075801814,train_inner_branch_input,4
HSM7J4PK,H4019,UC,1,2,1.276841258341881,0.9513260288958436,train_inner_branch_input,4
HSM7J4PM,H4019,UC,1,2,-0.36454669835661446,0.7167193426729266,train_inner_branch_input,4
HSMA33IO,H4042,UC,1,3,-1.3146875225078845,0.43653855319001744,train_inner_branch_input,4
HSMA33IS,H4042,UC,1,3,0.6934838749819651,0.9043135140320427,train_inner_branch_input,4
HSMA33MX,H4042,UC,1,3,-0.132836623253638,0.7715100886693627,train_inner_branch_input,4
HSMA33MZ,H4042,UC,1,3,2.2568325957430853,0.9851290322616878,train_inner_branch_input,4
HSMA33N4,H4042,UC,1,3,-0.3181606254297705,0.7283017498401192,train_inner_branch_input,4
HSMA33RD,H4042,UC,1,3,-0.1428189750642863,0.7693108457606428,train_inner_branch_input,4
HSMA33RF,H4042,UC,1,3,-0.30126447258103606,0.7324461063961653,train_inner_branch_input,4
MSM5FZ9N_P,M2010,CD,1,2,0.0705852653765875,0.8130929832621702,train_inner_branch_input,4
MSM5LLD6_P,M2008,CD,1,3,-0.395909968817853,0.7087211316578768,train_inner_branch_input,4
MSM5LLDA,M2008,CD,1,3,0.5540652810691405,0.8881958103585063,train_inner_branch_input,4
MSM5LLDC,M2008,CD,1,3,-0.3767958035376107,0.7136114283692545,train_inner_branch_input,4
MSM5LLDE,M2008,CD,1,3,-0.32538385288904625,0.7265177770655737,train_inner_branch_input,4
MSM5LLDI,M2008,CD,1,3,0.7266999908830334,0.9078341538506826,train_inner_branch_input,4
MSM5LLDK,M2008,CD,1,3,-0.04712424945711295,0.7897831154325796,train_inner_branch_input,4
MSM5LLDM,M2008,CD,1,3,-0.32698164579187816,0.7261221734844514,train_inner_branch_input,4
MSM5LLDQ,M2008,CD,1,3,-0.2042002779677288,0.7554639181372976,train_inner_branch_input,4
MSM5LLDS,M2008,CD,1,3,0.5265070611679213,0.8847414363067625,train_inner_branch_input,4
MSM5LLDU,M2008,CD,1,3,-0.24161285441590377,0.7467529866835203,train_inner_branch_input,4
MSM5LLE3_P,M2010,CD,1,2,-0.04501153562794683,0.7902196850466794,train_inner_branch_input,4
MSM5LLE9_P,M2010,CD,1,2,0.10520627491888256,0.8195582054238041,train_inner_branch_input,4
MSM5LLFK_P,M2026,UC,1,3,0.10295694688442272,0.8191435119998272,train_inner_branch_input,4
MSM5LLFM_P,M2026,UC,1,3,0.5447442757061781,0.887037686210106,train_inner_branch_input,4
MSM5LLFO_P,M2026,UC,1,3,0.19928569301571497,0.8362435744647011,train_inner_branch_input,4
MSM5LLFU_P,M2026,UC,1,3,0.11388084319917076,0.8211505328050915,train_inner_branch_input,4
MSM5LLHQ_P,M2008,CD,1,3,0.038136831107210334,0.806872858152766,train_inner_branch_input,4
MSM5LLHX_P,M2008,CD,1,3,0.028828055829318074,0.8050596285382269,train_inner_branch_input,4
MSM5LLI2_P,M2008,CD,1,3,-0.39107461749938605,0.7099628816867454,train_inner_branch_input,4
MSM5LLI4_P,M2008,CD,1,3,-0.4009767367116402,0.7074165986514127,train_inner_branch_input,4
MSM5LLI6_P,M2008,CD,1,3,0.19325816403057267,0.8352128684019378,train_inner_branch_input,4
MSM5LLI8_P,M2008,CD,1,3,-0.3370291688819125,0.7236263185042352,train_inner_branch_input,4
MSM5LLIQ_P,M2026,UC,1,3,0.37227724611681023,0.8636583246047433,train_inner_branch_input,4
MSM6J2HB,M2026,UC,1,3,0.708776185326901,0.905949074507657,train_inner_branch_input,4
MSM6J2HD,M2026,UC,1,3,-0.24586071143954802,0.7457510823715955,train_inner_branch_input,4
MSM6J2HF,M2026,UC,1,3,0.6830762345780969,0.9031858837197314,train_inner_branch_input,4
MSM6J2HH,M2026,UC,1,3,-0.2945482275202404,0.7340823048127044,train_inner_branch_input,4
MSM6J2HJ,M2026,UC,1,3,-0.2196307211197411,0.7518958926307117,train_inner_branch_input,4
MSM6J2HL,M2026,UC,1,3,-0.25075748338222353,0.7445928873737577,train_inner_branch_input,4
MSM6J2LB,M2008,CD,1,3,1.7744816354909634,0.9732096854079408,train_inner_branch_input,4
MSM6J2OH,M2026,UC,1,3,0.15160727529063672,0.827947905614703,train_inner_branch_input,4
MSM6J2OJ,M2026,UC,1,3,-0.3406557553392971,0.7227220113688583,train_inner_branch_input,4
MSM6J2OL,M2026,UC,1,3,-0.2577781475401251,0.7429263083959813,train_inner_branch_input,4
MSM6J2ON,M2026,UC,1,3,-0.25299123037720034,0.7440634069376544,train_inner_branch_input,4
MSM6J2OP,M2026,UC,1,3,0.5461102921989577,0.8872080645103876,train_inner_branch_input,4
MSM79H81,M2072,nonIBD,0,1,-0.315550898815918,0.7289444957840142,train_inner_branch_input,4
MSM79H83,M2072,nonIBD,0,1,-0.29464077474755956,0.7340598020510839,train_inner_branch_input,4
MSM79H85,M2072,nonIBD,0,1,0.020775246321805073,0.8034806609237295,train_inner_branch_input,4
MSM79H87,M2072,nonIBD,0,1,-0.2971088616082674,0.7334592414620346,train_inner_branch_input,4
MSM79H89,M2072,nonIBD,0,1,-0.4257187147921982,0.7009974351752579,train_inner_branch_input,4
MSM79H8B,M2072,nonIBD,0,1,-0.2873751715471089,0.7358227272826575,train_inner_branch_input,4
MSM79H9U_P,M2067,UC,1,2,-0.30086085012936115,0.7325446163700701,train_inner_branch_input,4
MSM79HCG,M2072,nonIBD,0,1,-0.6525077058268982,0.6386639839477266,train_inner_branch_input,4
MSM79HCI,M2072,nonIBD,0,1,-0.2876720955334652,0.7357508286712685,train_inner_branch_input,4
MSM79HCK,M2072,nonIBD,0,1,0.11376015918412297,0.8211284553077461,train_inner_branch_input,4
MSM79HCN_P,M2072,nonIBD,0,1,-0.43238027016018166,0.6992553953062328,train_inner_branch_input,4
MSM79HCP,M2072,nonIBD,0,1,-0.13024471060667472,0.7720787016968865,train_inner_branch_input,4
MSM79HCR,M2072,nonIBD,0,1,-0.32635516191133984,0.7262773294655421,train_inner_branch_input,4
MSM79HEA,M2026,UC,1,3,-0.4739307458660597,0.6882607239081653,train_inner_branch_input,4
MSM9VZHJ,M2072,nonIBD,0,1,-0.6751133823577626,0.6321410941832879,train_inner_branch_input,4
MSM9VZHL,M2072,nonIBD,0,1,-0.3665882009261533,0.716202779028883,train_inner_branch_input,4
MSM9VZHN,M2072,nonIBD,0,1,-0.2876099323832443,0.7357658821951858,train_inner_branch_input,4
MSM9VZHP,M2072,nonIBD,0,1,-0.36651953648210245,0.7162201625085234,train_inner_branch_input,4
MSM9VZHR,M2072,nonIBD,0,1,-0.5783210378901434,0.659703895698994,train_inner_branch_input,4
MSM9VZHT,M2072,nonIBD,0,1,-0.4401253764237938,0.6972227481746276,train_inner_branch_input,4
MSM9VZIY,M2085,CD,1,1,-0.5418305892563159,0.6698322444509592,train_inner_branch_input,4
MSM9VZJ3,M2085,CD,1,1,-0.9469320737665606,0.5505377159267841,train_inner_branch_input,4
MSM9VZM4_P,M2085,CD,1,1,-0.2833311049500021,0.7368007279334489,train_inner_branch_input,4
MSM9VZOG,M2072,nonIBD,0,1,-0.1701734859263766,0.7632086273887728,train_inner_branch_input,4
MSM9VZOI,M2072,nonIBD,0,1,-0.4072630919362326,0.7057933082154919,train_inner_branch_input,4
MSM9VZOK,M2072,nonIBD,0,1,-0.536734386430139,0.6712345631182118,train_inner_branch_input,4
MSM9VZOM,M2072,nonIBD,0,1,-0.38950978313513357,0.7103640701752755,train_inner_branch_input,4
MSM9VZOO,M2072,nonIBD,0,1,0.0021358449912241423,0.7997889088696415,train_inner_branch_input,4
MSM9VZOQ,M2072,nonIBD,0,1,0.01811379754073597,0.8029566935160455,train_inner_branch_input,4
MSM9VZPH,M2085,CD,1,1,-0.3311880074431001,0.7250790019982012,train_inner_branch_input,4
MSM9VZPL,M2085,CD,1,1,0.3119405907963043,0.8545645325175004,train_inner_branch_input,4
MSM9VZPN,M2085,CD,1,1,-0.3503435390261274,0.7202973936174664,train_inner_branch_input,4
MSMA267V,M2103,UC,1,2,-1.006476685017366,0.5321247977425361,train_inner_branch_input,4
MSMA267X,M2103,UC,1,2,-0.34737145935832303,0.7210426109867997,train_inner_branch_input,4
MSMA2684,M2103,UC,1,2,-0.36288797950135293,0.7171386311778548,train_inner_branch_input,4
MSMA26CV,M2085,CD,1,1,-0.4121401914571526,0.7045303111791598,train_inner_branch_input,4
MSMA26CX,M2085,CD,1,1,-1.9888092866820872,0.25069873994766095,train_inner_branch_input,4
MSMAPC5Z,M2103,UC,1,2,0.11911296564445512,0.8221056298280681,train_inner_branch_input,4
MSMAPC64,M2103,UC,1,2,0.22737044247447136,0.8409777910164404,train_inner_branch_input,4
MSMAPC66,M2103,UC,1,2,-0.3736167407534615,0.7144199981793842,train_inner_branch_input,4
MSMAPC6A,M2085,CD,1,1,-0.2702693695355668,0.7399435863894466,train_inner_branch_input,4
MSMAPC6C,M2085,CD,1,1,-0.42862018866792934,0.7002393922173645,train_inner_branch_input,4
MSMAPC6E,M2085,CD,1,1,-0.38671492422431025,0.7110797909831524,train_inner_branch_input,4
MSMAPC6G,M2085,CD,1,1,-2.3914061915329135,0.16849203361051787,train_inner_branch_input,4
MSMB4LXY,M2085,CD,1,1,-1.2974258578769917,0.44183414389478665,train_inner_branch_input,4
MSMB4LYB,M2085,CD,1,1,-2.1700450369927657,0.210713290331937,train_inner_branch_input,4
MSMB4LYH,M2103,UC,1,2,-0.7861408014949766,0.5994371775783015,train_inner_branch_input,4
PSM6XBTR,P6014,nonIBD,0,1,-0.348681287556925,0.7207143355542542,train_inner_branch_input,4
PSM6XBTT,P6014,nonIBD,0,1,-0.2913220891820656,0.7348659776095702,train_inner_branch_input,4
PSM6XBTX,P6014,nonIBD,0,1,-0.4081232210104147,0.7055707938123389,train_inner_branch_input,4
PSM6XBTZ_P,P6014,nonIBD,0,1,-0.3713956799355293,0.7149840937913422,train_inner_branch_input,4
PSM6XBU2,P6014,nonIBD,0,1,-0.3341941900848336,0.7243319635338822,train_inner_branch_input,4
PSM7J12J,P6024,CD,1,1,0.37245490229022576,0.8636843792185533,train_inner_branch_input,4
PSM7J12R,P6024,CD,1,1,0.7268704379290113,0.9078519160648905,train_inner_branch_input,4
PSM7J14X,P6014,nonIBD,0,1,-2.6912724665628915,0.12240421251768373,train_inner_branch_input,4
PSM7J154,P6014,nonIBD,0,1,-0.44236017726074645,0.6966347980044694,train_inner_branch_input,4
PSM7J156,P6014,nonIBD,0,1,-1.5032894543549602,0.37986072253123704,train_inner_branch_input,4
PSM7J1BJ,P6024,CD,1,1,-0.5698250195849885,0.6620755574801757,train_inner_branch_input,4
PSM7J1BL,P6024,CD,1,1,-0.41575523461592806,0.7035921137976933,train_inner_branch_input,4
PSM7J1BN_P,P6024,CD,1,1,-0.322713814573386,0.7271780661074261,train_inner_branch_input,4
PSM7J1BP,P6024,CD,1,1,-0.5033151817735423,0.6803542183876767,train_inner_branch_input,4
PSM7J1BR,P6024,CD,1,1,-0.3497831116703544,0.720438007947008,train_inner_branch_input,4
PSM7J1DF,P6014,nonIBD,0,1,-0.3400899253038856,0.7228632238830965,train_inner_branch_input,4
PSM7J1DL,P6014,nonIBD,0,1,-0.4391262841152307,0.6974853891421806,train_inner_branch_input,4
PSMA263M,P6024,CD,1,1,-1.2037907538909578,0.47076031173295313,train_inner_branch_input,4
PSMA263S,P6024,CD,1,1,-0.7107836444270245,0.6217501335195675,train_inner_branch_input,4
PSMA263U,P6024,CD,1,1,-0.7519545188400216,0.6096168675450819,train_inner_branch_input,4
PSMA263W,P6024,CD,1,1,0.18893409210560072,0.8344702497990348,train_inner_branch_input,4
CSM5FZ3N_P,C3001,CD,1,1,-0.31535755535342475,0.7289920760573922,train_inner_branch_input,4
CSM5FZ3R_P,C3001,CD,1,1,-0.32371639617744125,0.7269302487906846,train_inner_branch_input,4
CSM5FZ3V_P,C3001,CD,1,1,-0.3469140922646469,0.7211571827810511,train_inner_branch_input,4
CSM5FZ4C_P,C3001,CD,1,1,0.16498054250344404,0.8303078035598762,train_inner_branch_input,4
CSM5MCVD_P,C3001,CD,1,1,-0.2992359658349124,0.732940960163219,train_inner_branch_input,4
CSM5MCVF_P,C3001,CD,1,1,-0.38070166873150346,0.7126161280725931,train_inner_branch_input,4
CSM5MCVV_P,C3001,CD,1,1,0.1601177982335217,0.8294526984059821,train_inner_branch_input,4
CSM5MCWI_P,C3001,CD,1,1,0.12315749984900914,0.8228411963649189,train_inner_branch_input,4
CSM5MCWK_P,C3010,CD,1,1,0.016430069391282724,0.8026246688562525,train_inner_branch_input,4
CSM5MCXD,C3001,CD,1,1,-0.295382257899159,0.7338794673626506,train_inner_branch_input,4
CSM5MCXT,C3010,CD,1,1,0.8150551083433952,0.9166383551742354,train_inner_branch_input,4
CSM5MCXV,C3010,CD,1,1,-0.0706686682120229,0.7848728243741915,train_inner_branch_input,4
CSM5MCXX_P,C3010,CD,1,1,-0.14763719042034384,0.7682440405552013,train_inner_branch_input,4
CSM5MCXZ_P,C3010,CD,1,1,-0.23231563319176526,0.748936717487643,train_inner_branch_input,4
CSM5MCY2,C3010,CD,1,1,-0.10124185684320293,0.7783732034295009,train_inner_branch_input,4
CSM5MCYS,C3001,CD,1,1,-0.5825371832303347,0.658523972646259,train_inner_branch_input,4
CSM5YRY7_P,C3001,CD,1,1,-0.38018412702962606,0.7127481276524628,train_inner_branch_input,4
CSM67U9J,C3001,CD,1,1,-0.35953933841747826,0.7179839494779118,train_inner_branch_input,4
CSM67UA2,C3001,CD,1,1,0.1285236252116195,0.8238134297629445,train_inner_branch_input,4
CSM67UCK,C3010,CD,1,1,-0.5904491599263416,0.656304442803834,train_inner_branch_input,4
CSM67UGC,C3001,CD,1,1,-0.2979674350818971,0.7332501221330846,train_inner_branch_input,4
CSM79HG5,C3001,CD,1,1,-0.32867421699309013,0.7257027148510473,train_inner_branch_input,4
CSM79HGP,C3001,CD,1,1,0.3205608365145794,0.8558939125681734,train_inner_branch_input,4
CSM79HHW,C3027,CD,1,3,-0.49376803044824236,0.6829347608852291,train_inner_branch_input,4
CSM79HHW_P,C3027,CD,1,3,-0.26575197430297276,0.7410248606734807,train_inner_branch_input,4
CSM79HJM,C3027,CD,1,3,-1.3475349209961254,0.4265023393791072,train_inner_branch_input,4
CSM79HJO,C3027,CD,1,3,0.18218320385684805,0.8333054879827881,train_inner_branch_input,4
CSM79HJQ,C3027,CD,1,3,0.4389600032815445,0.8731465941857046,train_inner_branch_input,4
CSM79HJS,C3027,CD,1,3,-1.0233892845294208,0.526876716881408,train_inner_branch_input,4
CSM79HJU,C3027,CD,1,3,-0.21212801133631376,0.7536351114469458,train_inner_branch_input,4
CSM79HK9,C3010,CD,1,1,0.35689459876317553,0.861386401424627,train_inner_branch_input,4
CSM79HKB,C3010,CD,1,1,-0.32750238223476225,0.725993165400472,train_inner_branch_input,4
CSM79HOF,C3010,CD,1,1,-0.23030779510675414,0.7494066713133498,train_inner_branch_input,4
CSM79HOH,C3010,CD,1,1,-0.04788306135010799,0.7896261524661218,train_inner_branch_input,4
CSM79HQR_P,C3034,UC,1,2,-0.377882316562354,0.7133347682160156,train_inner_branch_input,4
CSM79HQV,C3027,CD,1,3,-0.24195977402116797,0.7466712597616432,train_inner_branch_input,4
CSM79HQX,C3027,CD,1,3,-0.25548549586816793,0.7434713236739948,train_inner_branch_input,4
CSM79HQZ,C3027,CD,1,3,-0.48316015500822485,0.6857888674917109,train_inner_branch_input,4
CSM79HR2,C3027,CD,1,3,-0.26410282347471314,0.741418868464069,train_inner_branch_input,4
CSM79HR4,C3027,CD,1,3,-0.2521642601363895,0.7442595133085205,train_inner_branch_input,4
CSM79HR6,C3027,CD,1,3,-0.8865277666746483,0.5690757936806008,train_inner_branch_input,4
CSM7CZ2F_P,H4008,nonIBD,0,1,-0.3370623181440788,0.7236180608325923,train_inner_branch_input,4
CSM7KOL4,C3010,CD,1,1,-0.3325929016125792,0.7247300412960381,train_inner_branch_input,4
CSM7KOLA,C3010,CD,1,1,-0.5292824140577543,0.6732796302409301,train_inner_branch_input,4
CSM7KOLE,C3010,CD,1,1,-0.2949454483656431,0.7339857124002802,train_inner_branch_input,4
CSM7KOOT,C3027,CD,1,3,-0.32487022151236433,0.7266448732875717,train_inner_branch_input,4
CSM7KOOV,C3027,CD,1,3,-1.1460871940615645,0.4886973161001342,train_inner_branch_input,4
CSM7KOOX,C3027,CD,1,3,-0.12446330590071034,0.7733434281560126,train_inner_branch_input,4
CSM7KOOZ,C3027,CD,1,3,-0.18280210221304624,0.7603541511668229,train_inner_branch_input,4
CSM7KOP2,C3027,CD,1,3,-0.28834150877593256,0.7355886877107749,train_inner_branch_input,4
CSM7KORM,C3034,UC,1,2,-0.3840658106718957,0.7117572183784576,train_inner_branch_input,4
CSM7KORO,C3034,UC,1,2,-0.2924698502973534,0.7345873401012901,train_inner_branch_input,4
CSM7KORS,C3034,UC,1,2,-0.08789941920496652,0.7812268457785647,train_inner_branch_input,4
CSM7KORU,C3034,UC,1,2,3.560588125460507,0.9970331482577561,train_inner_branch_input,4
CSM9X1XU,C3034,UC,1,2,0.43583192604122273,0.8727144120838556,train_inner_branch_input,4
CSM9X1Y3,C3034,UC,1,2,-0.11879429283262646,0.7745787429269688,train_inner_branch_input,4
CSM9X21J,C3034,UC,1,2,4.149564615834764,0.9985732024893411,train_inner_branch_input,4
CSM9X21L,C3034,UC,1,2,-0.1308310368043536,0.7719501609668901,train_inner_branch_input,4
CSM9X21N,C3034,UC,1,2,-0.2723750685086534,0.7394385713531653,train_inner_branch_input,4
CSMA88CB,C3027,CD,1,3,0.11768999072007652,0.8218462694280326,train_inner_branch_input,4
CSMA9J65,C3027,CD,1,3,0.021516470766965192,0.8036264004838893,train_inner_branch_input,4
CSMACTZP,C3027,CD,1,3,-0.25098483857871645,0.7445390287153348,train_inner_branch_input,4
CSMAF72L,C3027,CD,1,3,-0.31705090536734576,0.728575177994929,train_inner_branch_input,4
CSMAH393,C3027,CD,1,3,-0.388918293808075,0.7105156291671634,train_inner_branch_input,4
CSMAIG7X,C3027,CD,1,3,-1.5259906399514251,0.3732228454438157,train_inner_branch_input,4
HSM5MD3Y,H4010,UC,1,1,-0.39593843744342133,0.7087138114608381,train_inner_branch_input,4
HSM5MD41,H4010,UC,1,1,1.860385520196048,0.9758625830947296,train_inner_branch_input,4
HSM5MD43,H4010,UC,1,1,1.3356439506909905,0.9546075872491949,train_inner_branch_input,4
HSM5MD43_P,H4010,UC,1,1,-0.3379767591400437,0.7233902082141684,train_inner_branch_input,4
HSM5MD44_P,H4010,UC,1,1,-2.775873151221285,0.11152739750757451,train_inner_branch_input,4
HSM5MD47_P,H4010,UC,1,1,0.048068077958222065,0.80879316175659,train_inner_branch_input,4
HSM5MD57_P,H4008,nonIBD,0,1,0.1729829458239926,0.8317075811335701,train_inner_branch_input,4
HSM5MD59_P,H4008,nonIBD,0,1,0.43839650893948257,0.8730688332834614,train_inner_branch_input,4
HSM5MD5B,H4008,nonIBD,0,1,0.21968606651680458,0.8396935812002848,train_inner_branch_input,4
HSM5MD5B_P,H4008,nonIBD,0,1,-0.35331275281175645,0.7195516801149833,train_inner_branch_input,4
HSM5MD5D,H4008,nonIBD,0,1,-2.2107580671327685,0.202403074492886,train_inner_branch_input,4
HSM5MD5D_P,H4008,nonIBD,0,1,-0.34643187149234994,0.7212779492327207,train_inner_branch_input,4
HSM5MD5F_P,H4008,nonIBD,0,1,-0.18081000887346235,0.7608059899629854,train_inner_branch_input,4
HSM5MD87_P,H4010,UC,1,1,0.15208013221852065,0.8280317893067992,train_inner_branch_input,4
HSM5MD8A_P,H4008,nonIBD,0,1,0.29731933916474607,0.8522864481254642,train_inner_branch_input,4
HSM67VDX_P,H4022,nonIBD,0,3,-1.2796235538590714,0.4473094718213921,train_inner_branch_input,4
HSM67VEO,H4022,nonIBD,0,3,-0.1817190350810017,0.7605998806847944,train_inner_branch_input,4
HSM67VEQ,H4022,nonIBD,0,3,-0.30918722459465486,0.7305077861541087,train_inner_branch_input,4
HSM67VES,H4022,nonIBD,0,3,-1.4352104605039275,0.40002950621721867,train_inner_branch_input,4
HSM67VEU,H4022,nonIBD,0,3,-0.16966971011117127,0.7633220092076266,train_inner_branch_input,4
HSM67VEW,H4022,nonIBD,0,3,-0.40800728437327743,0.7056007922049838,train_inner_branch_input,4
HSM67VFX,H4008,nonIBD,0,1,-0.3263566575408467,0.7262769591208199,train_inner_branch_input,4
HSM67VFX_P,H4008,nonIBD,0,1,-0.28476428707580437,0.7364543993652349,train_inner_branch_input,4
HSM67VFZ,H4008,nonIBD,0,1,-2.0326588411536384,0.24057916139636062,train_inner_branch_input,4
HSM67VG2_P,H4008,nonIBD,0,1,-0.42270124072296655,0.7017846170985845,train_inner_branch_input,4
HSM67VG6_P,H4008,nonIBD,0,1,-0.3888268580436419,0.7105390538187376,train_inner_branch_input,4
HSM67VG8,H4008,nonIBD,0,1,-0.20024581242004383,0.7563727136196647,train_inner_branch_input,4
HSM67VGY,H4010,UC,1,1,-0.19750855067038836,0.7570004350241888,train_inner_branch_input,4
HSM67VH1,H4010,UC,1,1,0.3877915120426969,0.8659178426701447,train_inner_branch_input,4
HSM6XRSX,H4008,nonIBD,0,1,-0.03694795065925908,0.7918798135858406,train_inner_branch_input,4
HSM6XRSX_P,H4008,nonIBD,0,1,-0.2990775153622249,0.7329795896149123,train_inner_branch_input,4
HSM6XRSZ_P,H4008,nonIBD,0,1,-0.29723127674115907,0.7334294316747209,train_inner_branch_input,4
HSM6XRT2_P,H4008,nonIBD,0,1,-0.3876936918498394,0.7108292629858189,train_inner_branch_input,4
HSM6XRT4_P,H4008,nonIBD,0,1,-0.36797839782259445,0.715850690674025,train_inner_branch_input,4
HSM6XRT6_P,H4008,nonIBD,0,1,-0.21539991092111963,0.7528776559130544,train_inner_branch_input,4
HSM6XRTM,H4010,UC,1,1,1.9191902455871925,0.9775290373631991,train_inner_branch_input,4
HSM6XRTO,H4010,UC,1,1,-0.2656563134010284,0.7410477262179986,train_inner_branch_input,4
HSM6XRTQ,H4010,UC,1,1,0.8109305307484088,0.9162449481549334,train_inner_branch_input,4
HSM6XRTS,H4010,UC,1,1,-0.7260715729715562,0.6172615750097314,train_inner_branch_input,4
HSM7CYWS_P,H4030,CD,1,1,-0.34375485456233795,0.7219477923153238,train_inner_branch_input,4
HSM7CYZJ,H4022,nonIBD,0,3,-2.319127076868366,0.18148427514492388,train_inner_branch_input,4
HSM7CYZL,H4022,nonIBD,0,3,-0.3515836969419182,0.7199860773829824,train_inner_branch_input,4
HSM7CYZR,H4022,nonIBD,0,3,-0.2658587719677005,0.7409993315896268,train_inner_branch_input,4
HSM7CZ2H,H4008,nonIBD,0,1,-0.41093106605501556,0.7048437254876327,train_inner_branch_input,4
HSM7CZ2J_P,H4008,nonIBD,0,1,-0.41049686790813605,0.7049562257145022,train_inner_branch_input,4
HSM7CZ2L_P,H4008,nonIBD,0,1,-0.3932925365972952,0.7093936942239382,train_inner_branch_input,4
HSM7CZ2Z,H4030,CD,1,1,-0.5828441279656535,0.6584379947110551,train_inner_branch_input,4
HSM7CZ32,H4030,CD,1,1,-0.6145331531099887,0.6495063846642668,train_inner_branch_input,4
HSM7CZ36,H4030,CD,1,1,-0.1049960933301619,0.777565474991904,train_inner_branch_input,4
HSM7CZ38,H4030,CD,1,1,-0.1549360846984267,0.7666214337909902,train_inner_branch_input,4
HSM7J4G1,H4022,nonIBD,0,3,-1.1340472617759654,0.4924451147097116,train_inner_branch_input,4
HSM7J4G8,H4022,nonIBD,0,3,-0.29841586334815934,0.7331408587553296,train_inner_branch_input,4
HSM7J4IU,H4022,nonIBD,0,3,-0.8335819626835493,0.585168930717601,train_inner_branch_input,4
HSM7J4IW,H4022,nonIBD,0,3,-0.35707368127769773,0.7186053891233568,train_inner_branch_input,4
HSM7J4JH,H4039,CD,1,1,0.05633356182536771,0.8103802298777644,train_inner_branch_input,4
HSM7J4JJ,H4039,CD,1,1,-0.2135637137222517,0.7533029341354893,train_inner_branch_input,4
HSM7J4JN,H4039,CD,1,1,0.3187574789768408,0.8556166444490622,train_inner_branch_input,4
HSM7J4JP,H4039,CD,1,1,-0.19432242649994133,0.7577297073437484,train_inner_branch_input,4
HSM7J4L5,H4030,CD,1,1,-0.005615056533772731,0.7982385229261454,train_inner_branch_input,4
HSM7J4L9,H4030,CD,1,1,-1.2344290030150251,0.4612641543228257,train_inner_branch_input,4
HSM7J4LP,H4039,CD,1,1,0.40980330209050453,0.8690692857541572,train_inner_branch_input,4
HSM7J4ON,H4030,CD,1,1,-0.2669117140419199,0.7407475470234104,train_inner_branch_input,4
HSM7J4OP,H4030,CD,1,1,0.17769899613185622,0.8325281890224934,train_inner_branch_input,4
HSM7J4OT,H4030,CD,1,1,0.5837486288203794,0.8918149941022672,train_inner_branch_input,4
HSM7J4OV,H4030,CD,1,1,-0.511106431297317,0.6782400613294729,train_inner_branch_input,4
HSM7J4OX,H4030,CD,1,1,-0.28524050023666975,0.7363392576686207,train_inner_branch_input,4
HSM7J4RE,H4022,nonIBD,0,3,-0.3589268640594784,0.7181383941505206,train_inner_branch_input,4
HSMA33IE,H4043,CD,1,2,0.08890284805876499,0.8165356312758142,train_inner_branch_input,4
HSMA33IG,H4043,CD,1,2,-0.2722386151322083,0.73947131654472,train_inner_branch_input,4
HSMA33IK,H4043,CD,1,2,-0.016578213332377818,0.7960303108487846,train_inner_branch_input,4
HSMA33JZ,H4030,CD,1,1,-0.46985980179997044,0.6893476325182327,train_inner_branch_input,4
HSMA33KQ,H4039,CD,1,1,-0.29146021772877456,0.7348324545778185,train_inner_branch_input,4
HSMA33KS,H4039,CD,1,1,-0.10044409481869136,0.7785445723458054,train_inner_branch_input,4
HSMA33KU,H4039,CD,1,1,0.16863805948992963,0.8309487212523559,train_inner_branch_input,4
HSMA33L1,H4039,CD,1,1,0.1010688029872475,0.8187948346284369,train_inner_branch_input,4
HSMA33LP,H4043,CD,1,2,-0.3716866024388784,0.7149102446722911,train_inner_branch_input,4
HSMA33NO,H4039,CD,1,1,0.424840131210984,0.8711857774744294,train_inner_branch_input,4
HSMA33NQ,H4039,CD,1,1,0.8473924491134687,0.9196649333714,train_inner_branch_input,4
HSMA33PL,H4039,CD,1,1,0.43666783176297536,0.8728300256598596,train_inner_branch_input,4
HSMA33PN,H4039,CD,1,1,0.05407997526211761,0.8099485183486456,train_inner_branch_input,4
HSMA33QY,H4043,CD,1,2,-0.07921358015423466,0.783070281853626,train_inner_branch_input,4
HSMA33R1,H4043,CD,1,2,-0.3137737058356579,0.7293816510922093,train_inner_branch_input,4
HSMA33R5,H4043,CD,1,2,-0.015692813965238993,0.7962093142720876,train_inner_branch_input,4
HSMA33R7,H4043,CD,1,2,-0.4827303058169077,0.6859042270541021,train_inner_branch_input,4
HSMA33R9,H4043,CD,1,2,-1.0322314497638825,0.5241304999994434,train_inner_branch_input,4
HSMA33S4,H4043,CD,1,2,-0.3194063688675352,0.7279946007123609,train_inner_branch_input,4
MSM5LLF2_P,M2034,CD,1,3,-0.30923190456604965,0.730496829997674,train_inner_branch_input,4
MSM5LLF4,M2034,CD,1,3,0.8135598315839958,0.9164959284164778,train_inner_branch_input,4
MSM5LLF6,M2034,CD,1,3,-0.07442037147099481,0.784082747268951,train_inner_branch_input,4
MSM5LLF8,M2034,CD,1,3,-0.3211690046035079,0.72755963580496,train_inner_branch_input,4
MSM6J2LH,M2034,CD,1,3,0.003951093708358679,0.8001507133005281,train_inner_branch_input,4
MSM6J2LJ,M2034,CD,1,3,0.19844772716118889,0.8361005933870342,train_inner_branch_input,4
MSM6J2LL,M2034,CD,1,3,0.42476367234825974,0.8711750897197882,train_inner_branch_input,4
MSM6J2LN,M2034,CD,1,3,-0.23653864784298112,0.7479463698841895,train_inner_branch_input,4
MSM6J2LR,M2034,CD,1,3,-0.3227835937642502,0.7271608226934885,train_inner_branch_input,4
MSM6J2MB,M2034,CD,1,3,0.8049901221489202,0.9156753805623647,train_inner_branch_input,4
MSM6J2MD,M2034,CD,1,3,-0.2668085687179826,0.7407722186567992,train_inner_branch_input,4
MSM6J2MF,M2034,CD,1,3,-0.35965907444339124,0.7179537502238581,train_inner_branch_input,4
MSM6J2MH,M2034,CD,1,3,1.5159205084201153,0.963402901377579,train_inner_branch_input,4
MSM6J2MJ,M2034,CD,1,3,-0.19078901430415013,0.7585367276024179,train_inner_branch_input,4
MSM6J2ML,M2034,CD,1,3,-0.14401353622346852,0.7690466778273445,train_inner_branch_input,4
MSM6J2N6_P,M2059,UC,1,2,-0.47184205458588413,0.6888186472823556,train_inner_branch_input,4
MSM79H8D,M2075,nonIBD,0,3,-1.5252302495374042,0.3734444296616185,train_inner_branch_input,4
MSM79H8F,M2075,nonIBD,0,3,-0.33822244188045747,0.723328971313022,train_inner_branch_input,4
MSM79H8H,M2075,nonIBD,0,3,-0.4212324258170011,0.7021673618414765,train_inner_branch_input,4
MSM79H8J_P,M2075,nonIBD,0,3,-0.3273626623316539,0.7260277835474795,train_inner_branch_input,4
MSM79H8L,M2075,nonIBD,0,3,-0.32015254647512287,0.7278105198682144,train_inner_branch_input,4
MSM79H8N,M2075,nonIBD,0,3,-0.2657321682432803,0.7410295949655904,train_inner_branch_input,4
MSM79H94_P,M2077,nonIBD,0,3,-0.09934473375133442,0.7787805729820539,train_inner_branch_input,4
MSM79HBN,M2034,CD,1,3,-0.507039889448182,0.6793444361896614,train_inner_branch_input,4
MSM79HBP,M2034,CD,1,3,-0.28885711595899194,0.7354637572253766,train_inner_branch_input,4
MSM79HBR,M2034,CD,1,3,-0.1617586018512992,0.7650975994791904,train_inner_branch_input,4
MSM79HBT,M2034,CD,1,3,-0.6446383998857904,0.6409228759021375,train_inner_branch_input,4
MSM79HBV,M2034,CD,1,3,-0.48600043796239234,0.6850260381396855,train_inner_branch_input,4
MSM9VZGW,M2075,nonIBD,0,3,-0.7754231058579812,0.6026382969137383,train_inner_branch_input,4
MSM9VZGY,M2075,nonIBD,0,3,0.17614298001641032,0.832257791131552,train_inner_branch_input,4
MSM9VZH7,M2075,nonIBD,0,3,-0.2698385538157357,0.740046831737214,train_inner_branch_input,4
MSM9VZHX,M2077,nonIBD,0,3,0.47942589952667697,0.8786251321293782,train_inner_branch_input,4
MSM9VZHZ,M2077,nonIBD,0,3,0.05184331294256958,0.8095193055308096,train_inner_branch_input,4
MSM9VZI2,M2077,nonIBD,0,3,-0.27169494722170817,0.7396017559575465,train_inner_branch_input,4
MSM9VZI6,M2077,nonIBD,0,3,0.23911007122768824,0.8429235886531321,train_inner_branch_input,4
MSM9VZIM,M2083,UC,1,1,2.0655180580129913,0.9812027002953645,train_inner_branch_input,4
MSM9VZIO,M2083,UC,1,1,-0.3161351230430274,0.7288006910142764,train_inner_branch_input,4
MSM9VZIQ,M2083,UC,1,1,1.9979234135984554,0.9795852555907615,train_inner_branch_input,4
MSM9VZIS,M2083,UC,1,1,-0.44886394888349385,0.6949200714421828,train_inner_branch_input,4
MSM9VZIU,M2083,UC,1,1,0.16937382925453873,0.8310774191893542,train_inner_branch_input,4
MSM9VZIW,M2083,UC,1,1,-0.4202493399253484,0.7024233769135665,train_inner_branch_input,4
MSM9VZJJ_P,M2086,CD,1,2,-0.27345132791010474,0.7391802042360552,train_inner_branch_input,4
MSM9VZJZ,M2075,nonIBD,0,3,-2.917218200434413,0.09523834400871896,train_inner_branch_input,4
MSM9VZLZ,M2083,UC,1,1,-0.7604103720491912,0.6071074563866831,train_inner_branch_input,4
MSM9VZMA,M2077,nonIBD,0,3,-0.1282497591530655,0.7725156738581043,train_inner_branch_input,4
MSM9VZMA_TR,M2077,nonIBD,0,3,0.20449600264278375,0.837130353024064,train_inner_branch_input,4
MSM9VZMC,M2077,nonIBD,0,3,-0.27341018705660364,0.7391900835673214,train_inner_branch_input,4
MSM9VZME,M2077,nonIBD,0,3,0.6510930277729132,0.8996460703252125,train_inner_branch_input,4
MSM9VZMI,M2077,nonIBD,0,3,-0.15512760028834074,0.7665787520256592,train_inner_branch_input,4
MSM9VZNR,M2083,UC,1,1,-0.2357963235242436,0.7481206413224221,train_inner_branch_input,4
MSM9VZNX,M2083,UC,1,1,2.0722651989927146,0.9813570789913871,train_inner_branch_input,4
MSM9VZNZ,M2083,UC,1,1,-0.1671826831476973,0.7638812004827303,train_inner_branch_input,4
MSM9VZO2,M2083,UC,1,1,-0.18558193861154734,0.7597226632987123,train_inner_branch_input,4
MSMAPC55,M2083,UC,1,1,-0.454080294836099,0.6935408550523113,train_inner_branch_input,4
MSMAPC57,M2083,UC,1,1,-0.5948957384302985,0.6550540428716394,train_inner_branch_input,4
MSMAPC59,M2083,UC,1,1,-0.5482727162304868,0.6680552396909623,train_inner_branch_input,4
MSMAPC5B,M2083,UC,1,1,-0.13459731812600853,0.7711232588602965,train_inner_branch_input,4
MSMAPC5D,M2083,UC,1,1,1.557926759398106,0.9652035799757769,train_inner_branch_input,4
MSMAPC7J,M2075,nonIBD,0,3,-2.2552263256765843,0.19360860016088294,train_inner_branch_input,4
MSMAPC7P,M2077,nonIBD,0,3,-0.24801767251585943,0.7452413401776837,train_inner_branch_input,4
MSMAPC7R,M2077,nonIBD,0,3,-0.0732281278953864,0.7843340514263537,train_inner_branch_input,4
MSMAPC7T,M2077,nonIBD,0,3,0.17391737286582945,0.8318704288303723,train_inner_branch_input,4
MSMB4LZC,M2077,nonIBD,0,3,-0.12090195189993805,0.7741200284817774,train_inner_branch_input,4
MSMB4LZP,M2083,UC,1,1,-0.19371708490125755,0.7578680956155228,train_inner_branch_input,4
MSMB4LZR,M2083,UC,1,1,3.4774999131839692,0.9967107149105092,train_inner_branch_input,4
PSM7J13I,P6033,CD,1,2,-0.14572101295654954,0.7686687152368789,train_inner_branch_input,4
PSM7J13K,P6033,CD,1,2,-0.33123512729728155,0.7250673023821241,train_inner_branch_input,4
PSM7J13M,P6033,CD,1,2,-0.2135078573473638,0.7533158632097965,train_inner_branch_input,4
PSM7J13Q,P6033,CD,1,2,-0.28802702546634934,0.7356648677669864,train_inner_branch_input,4
PSM7J15W,P6028,CD,1,2,-0.17070378379817924,0.7630892359402712,train_inner_branch_input,4
PSM7J161,P6028,CD,1,2,1.6222129062236859,0.967794967729571,train_inner_branch_input,4
PSM7J163,P6028,CD,1,2,-0.29354034766430764,0.7343272911093002,train_inner_branch_input,4
PSM7J177,P6028,CD,1,2,17.300502942540046,0.9999999998900868,train_inner_branch_input,4
PSM7J179,P6028,CD,1,2,-0.3855925894847839,0.7113669081468481,train_inner_branch_input,4
PSM7J17B,P6028,CD,1,2,0.6709024169244451,0.9018518518104747,train_inner_branch_input,4
PSM7J17D,P6028,CD,1,2,0.790059160789786,0.9142282418468213,train_inner_branch_input,4
PSM7J17F,P6028,CD,1,2,3.1941067396075535,0.9953248310304654,train_inner_branch_input,4
PSM7J1B3_P,P6028,CD,1,2,-0.21793243466215376,0.7522902952558234,train_inner_branch_input,4
PSMA264O,P6035,UC,1,2,-0.30442100358730967,0.7316749149018643,train_inner_branch_input,4
PSMA264Q,P6035,UC,1,2,0.11915382671595635,0.8221130730531709,train_inner_branch_input,4
PSMA264S,P6035,UC,1,2,0.3516712381910733,0.8606077495488,train_inner_branch_input,4
PSMA264U,P6035,UC,1,2,-0.1832334280589393,0.7602562425870759,train_inner_branch_input,4
PSMA264W,P6035,UC,1,2,-0.3279609365567003,0.7258795310942845,train_inner_branch_input,4
PSMA2651_P,P6033,CD,1,2,-0.2572075145567035,0.743062031548896,train_inner_branch_input,4
PSMA2653,P6033,CD,1,2,-0.3550312333465943,0.7191195324953583,train_inner_branch_input,4
PSMA2659,P6033,CD,1,2,-0.3256914281288711,0.7264416510501872,train_inner_branch_input,4
PSMA265B,P6033,CD,1,2,-0.09825146405111539,0.7790150873597542,train_inner_branch_input,4
PSMA2668,P6028,CD,1,2,0.24367595189164032,0.8436751165446508,train_inner_branch_input,4
PSMA266C,P6028,CD,1,2,1.7874865279057934,0.9736288011453673,train_inner_branch_input,4
PSMA267D,P6033,CD,1,2,-0.34345007929726973,0.7220239903830206,train_inner_branch_input,4
PSMA267F,P6033,CD,1,2,-0.3180400244568748,0.7283314735358654,train_inner_branch_input,4
PSMA267H,P6033,CD,1,2,0.14528812159209925,0.8268237904149546,train_inner_branch_input,4
PSMA267J,P6035,UC,1,2,0.4488999292696916,0.8745115979517553,train_inner_branch_input,4
PSMA267P,P6035,UC,1,2,-0.6537539001628988,0.6383056965392565,train_inner_branch_input,4
PSMA267R,P6035,UC,1,2,-0.13093007299926349,0.7719284441463442,train_inner_branch_input,4
PSMB4MBI,P6035,UC,1,2,-0.37671732127917495,0.713631406212384,train_inner_branch_input,4
PSMB4MBK,P6035,UC,1,2,-0.7193474080367686,0.6192383148111176,train_inner_branch_input,4
PSMB4MC7,P6035,UC,1,2,-0.2311316407608723,0.7492139131692709,train_inner_branch_input,4
CSM5FZ3T_P,C3002,CD,1,0,0.1966319313711623,0.8357904220322613,train_inner_branch_input,4
CSM5FZ3X_P,C3002,CD,1,0,-0.13689460728545624,0.770617845656436,train_inner_branch_input,4
CSM5FZ3Z_P,C3002,CD,1,0,-0.11480453297939244,0.7754452713204467,train_inner_branch_input,4
CSM5FZ42_P,C3002,CD,1,0,-0.034640834136533266,0.792353016363184,train_inner_branch_input,4
CSM5FZ44_P,C3002,CD,1,0,-0.10683675062400326,0.7771686883292327,train_inner_branch_input,4
CSM5FZ46_P,C3002,CD,1,0,0.20742473426995614,0.8376271137515302,train_inner_branch_input,4
CSM5MCUQ_P,C3005,UC,1,0,0.46090121996938155,0.8761428955970105,train_inner_branch_input,4
CSM5MCUS_P,C3005,UC,1,0,-0.24826693536509917,0.7451823899875849,train_inner_branch_input,4
CSM5MCUW_P,C3005,UC,1,0,0.5646445047529128,0.8894976789412883,train_inner_branch_input,4
CSM5MCUY_P,C3005,UC,1,0,0.42393897833386707,0.8710597623425731,train_inner_branch_input,4
CSM5MCVJ_P,C3002,CD,1,0,0.20753919185778943,0.8376465028054159,train_inner_branch_input,4
CSM5MCVL,C3002,CD,1,0,-0.08750532537252828,0.7813107298620392,train_inner_branch_input,4
CSM5MCVN,C3002,CD,1,0,4.279314952450223,0.9987858648172918,train_inner_branch_input,4
CSM5MCY4,C3005,UC,1,0,0.5461074345751049,0.8872077083235337,train_inner_branch_input,4
CSM5MCY8,C3005,UC,1,0,1.3992563235178184,0.9579198971111718,train_inner_branch_input,4
CSM67U9T_P,C3015,UC,1,0,-0.49425044762963366,0.6828046339980113,train_inner_branch_input,4
CSM67UAK,C3015,UC,1,0,-0.6190590125017194,0.6482219905122001,train_inner_branch_input,4
CSM67UAM,C3015,UC,1,0,-0.04646053032040332,0.7899203376462213,train_inner_branch_input,4
CSM67UAO,C3015,UC,1,0,0.016726420597625035,0.8026831387432711,train_inner_branch_input,4
CSM67UAQ,C3015,UC,1,0,-1.7884991792949319,0.30040110611994014,train_inner_branch_input,4
CSM67UAS,C3015,UC,1,0,-0.3789969815175445,0.7130507736422979,train_inner_branch_input,4
CSM67UBF,C3002,CD,1,0,-0.09492274145977324,0.7797280258316587,train_inner_branch_input,4
CSM67UBH,C3002,CD,1,0,4.550821454864187,0.9991339393262305,train_inner_branch_input,4
CSM67UBN,C3002,CD,1,0,4.092291446124873,0.9984678610500157,train_inner_branch_input,4
CSM67UBR,C3002,CD,1,0,-0.09920721140437021,0.7788100823293718,train_inner_branch_input,4
CSM67UE3,C3005,UC,1,0,-0.1537572544560949,0.7668840320394341,train_inner_branch_input,4
CSM67UE7,C3005,UC,1,0,-0.41550376690641744,0.703657431957611,train_inner_branch_input,4
CSM67UEA,C3005,UC,1,0,1.2621399040375605,0.9504710722309031,train_inner_branch_input,4
CSM67UEI,C3005,UC,1,0,1.5483873550248808,0.9648023017905972,train_inner_branch_input,4
CSM67UEM,C3005,UC,1,0,-0.13018640073684679,0.7720914822211123,train_inner_branch_input,4
CSM79HG7_P,C3024,CD,1,0,-0.2746638265521626,0.7388889329605807,train_inner_branch_input,4
CSM79HID,C3015,UC,1,0,-0.3458648257608575,0.7214199180216648,train_inner_branch_input,4
CSM79HIF,C3015,UC,1,0,0.05919889342229611,0.8109280459356475,train_inner_branch_input,4
CSM79HIH,C3015,UC,1,0,-0.6643892263371689,0.6352417586598669,train_inner_branch_input,4
CSM79HIJ,C3015,UC,1,0,-0.37311385332726366,0.7145477780746236,train_inner_branch_input,4
CSM79HIL,C3015,UC,1,0,0.21793061154739887,0.8393990355213007,train_inner_branch_input,4
CSM79HIN,C3015,UC,1,0,-0.5262914261597277,0.6740986120731548,train_inner_branch_input,4
CSM79HJI_P,C3030,CD,1,0,-0.41514818842191725,0.7037497784301517,train_inner_branch_input,4
CSM79HJW,C3002,CD,1,0,-0.11914471477422668,0.7745025223075159,train_inner_branch_input,4
CSM79HJY,C3002,CD,1,0,-0.11981151006600889,0.7743574365624073,train_inner_branch_input,4
CSM79HNO,C3030,CD,1,0,0.23525342503536895,0.8422865103065625,train_inner_branch_input,4
CSM79HNU,C3030,CD,1,0,-0.2558520673695783,0.7433842321659723,train_inner_branch_input,4
CSM79HNW,C3030,CD,1,0,-0.39100949852158023,0.7099795832875491,train_inner_branch_input,4
CSM79HO1,C3005,UC,1,0,-0.040615535719279894,0.7911259355724385,train_inner_branch_input,4
CSM7KOJQ,C3015,UC,1,0,-0.26093950309751046,0.7421735415534242,train_inner_branch_input,4
CSM7KOJS,C3015,UC,1,0,-0.3578960952214288,0.7183982020610797,train_inner_branch_input,4
CSM7KOJU,C3015,UC,1,0,0.15788188813318427,0.8290583701603702,train_inner_branch_input,4
CSM7KOJW,C3015,UC,1,0,0.24859760831201988,0.8444819204012202,train_inner_branch_input,4
CSM7KOJY,C3015,UC,1,0,-0.0006575606345789706,0.7992311852833994,train_inner_branch_input,4
CSM7KOK1,C3015,UC,1,0,-0.2916483416479647,0.7347867935894989,train_inner_branch_input,4
CSM7KOMB,C3030,CD,1,0,1.1225064620854577,0.9416116959149834,train_inner_branch_input,4
CSM7KOMH,C3030,CD,1,0,-0.23478783589247756,0.7483572703906299,train_inner_branch_input,4
CSM7KOPG,C3015,UC,1,0,-0.3310507465261573,0.7251130814122158,train_inner_branch_input,4
CSM7KOPI,C3015,UC,1,0,-1.7569839570450843,0.30871490799716317,train_inner_branch_input,4
CSM7KOPK,C3015,UC,1,0,0.21935543360782414,0.839638138129894,train_inner_branch_input,4
CSM7KOPM,C3015,UC,1,0,0.1854575449365769,0.8338712419303137,train_inner_branch_input,4
CSM7KOPO,C3015,UC,1,0,0.16346740695340778,0.8300420874771725,train_inner_branch_input,4
CSM7KOSJ,C3030,CD,1,0,-0.4860430841269173,0.6850145768187198,train_inner_branch_input,4
CSM7KOSL,C3030,CD,1,0,0.2896172763146948,0.8510745989128593,train_inner_branch_input,4
CSM7KOSP,C3030,CD,1,0,0.6078107153375221,0.894672857314448,train_inner_branch_input,4
CSM7KOST,C3030,CD,1,0,-0.43087250928704557,0.6996501908324543,train_inner_branch_input,4
ESM5GEYW_P,E5006,CD,1,0,0.0935284501482403,0.8173971631029554,train_inner_branch_input,4
ESM5GEYY_P,E5006,CD,1,0,0.1350951095297834,0.824998330172183,train_inner_branch_input,4
ESM5MEA7_P,E5008,UC,1,0,0.37030115663314556,0.863368233386635,train_inner_branch_input,4
ESM5MEA9_P,E5008,UC,1,0,0.24785302333279927,0.8443600795432084,train_inner_branch_input,4
ESM5MEAB_P,E5008,UC,1,0,-0.3028252714443223,0.7320649539168296,train_inner_branch_input,4
HSM5MD3L_P,H4014,CD,1,0,-0.31884738379056216,0.7281324503534116,train_inner_branch_input,4
HSM5MD5Z_P,H4016,nonIBD,0,0,-0.39103051132870176,0.7099741940219333,train_inner_branch_input,4
HSM5MD66,H4014,CD,1,0,-0.18461336511563678,0.7599428205814298,train_inner_branch_input,4
HSM5MD6A,H4014,CD,1,0,-1.3038396610546348,0.43986488509127153,train_inner_branch_input,4
HSM5MD6A_TR,H4014,CD,1,0,0.1652169840228057,0.8303492942997894,train_inner_branch_input,4
HSM5MD6C,H4014,CD,1,0,-0.2785116895751972,0.7379631920937597,train_inner_branch_input,4
HSM5MD6E_P,H4013,nonIBD,0,0,-0.27712862456737003,0.7382961813216818,train_inner_branch_input,4
HSM5MD6I,H4013,nonIBD,0,0,-0.1983795677422437,0.7568008085879026,train_inner_branch_input,4
HSM5MD6I_P,H4013,nonIBD,0,0,-0.27640856779500855,0.7384694353251303,train_inner_branch_input,4
HSM5MD6K,H4013,nonIBD,0,0,-1.1741324742242938,0.4799730094202939,train_inner_branch_input,4
HSM5MD6K_P,H4013,nonIBD,0,0,-0.21862261782480225,0.7521300608725034,train_inner_branch_input,4
HSM5MD6M,H4013,nonIBD,0,0,-0.21949688544683235,0.751926989309793,train_inner_branch_input,4
HSM5MD6O_P,H4016,nonIBD,0,0,-0.2972499450960469,0.7334248854841918,train_inner_branch_input,4
HSM5MD6Q,H4016,nonIBD,0,0,-0.3668118257024265,0.71614616045752,train_inner_branch_input,4
HSM5MD6S_P,H4016,nonIBD,0,0,-0.286062823194938,0.7361403554429458,train_inner_branch_input,4
HSM5MD6U_P,H4016,nonIBD,0,0,-0.3340882945019235,0.7243583000153524,train_inner_branch_input,4
HSM5MD6W,H4016,nonIBD,0,0,-0.6848284963695099,0.6293227009319639,train_inner_branch_input,4
HSM5MD8F_P,H4012,CD,1,0,-0.3519118275312983,0.7199036715067665,train_inner_branch_input,4
HSM5MD8H_P,H4013,nonIBD,0,0,-0.251086418651033,0.7445149627837532,train_inner_branch_input,4
HSM67VF3,H4016,nonIBD,0,0,0.03788001394859565,0.8068230060154253,train_inner_branch_input,4
HSM6XRRJ,H4013,nonIBD,0,0,-0.3324910038210675,0.7247553608564274,train_inner_branch_input,4
HSM6XRRV,H4014,CD,1,0,-0.16077103382190364,0.7653186025763569,train_inner_branch_input,4
HSM6XRS2,H4014,CD,1,0,8.326515769504567e-05,0.7993792097607346,train_inner_branch_input,4
HSM6XRVA,H4013,nonIBD,0,0,-0.27111094399908864,0.7397418256639123,train_inner_branch_input,4
HSM6XRVC,H4013,nonIBD,0,0,-1.5575111295058381,0.3640852647135743,train_inner_branch_input,4
HSM6XRVC_TR,H4013,nonIBD,0,0,0.11578907348587616,0.821499334290126,train_inner_branch_input,4
HSM6XRVK,H4013,nonIBD,0,0,-0.8619303602149953,0.5765726118598206,train_inner_branch_input,4
HSM6XRVM,H4014,CD,1,0,0.048877857682934976,0.8089490958945789,train_inner_branch_input,4
HSM6XRVO,H4014,CD,1,0,1.6143414621573295,0.9674879784754687,train_inner_branch_input,4
HSM6XRVU,H4014,CD,1,0,-0.4380965460867184,0.6977559511827609,train_inner_branch_input,4
HSM6XRVW,H4014,CD,1,0,-0.3259130809086137,0.7263867829734397,train_inner_branch_input,4
HSM7CYXE,H4016,nonIBD,0,0,-0.4064784354457516,0.705996212386266,train_inner_branch_input,4
HSM7CYXG,H4016,nonIBD,0,0,-0.5971903190923761,0.6544079537601878,train_inner_branch_input,4
HSM7CYXI,H4016,nonIBD,0,0,0.3349003288958853,0.8580828904737079,train_inner_branch_input,4
HSM7CYXO,H4016,nonIBD,0,0,-0.3625392468570757,0.7172267354744261,train_inner_branch_input,4
HSM7CZ2V_P,H4031,CD,1,0,-0.29926791820391974,0.7329331699012722,train_inner_branch_input,4
HSM7CZ3A,H4031,CD,1,0,-0.017916827070046132,0.7957594579269405,train_inner_branch_input,4
HSM7CZ3C,H4031,CD,1,0,-0.06495349750027345,0.7860723535662965,train_inner_branch_input,4
HSM7CZ3E,H4031,CD,1,0,0.06801845281148665,0.8126066172150436,train_inner_branch_input,4
HSM7CZ3G,H4031,CD,1,0,-1.4321198774285313,0.40095377368307966,train_inner_branch_input,4
HSM7J4I3,H4016,nonIBD,0,0,-0.025620585284357535,0.7941954965112227,train_inner_branch_input,4
HSM7J4J7,H4038,CD,1,0,0.8685668548439484,0.9215920557781351,train_inner_branch_input,4
HSM7J4J9,H4038,CD,1,0,-0.24634785969978187,0.7456360162146186,train_inner_branch_input,4
HSM7J4JD,H4038,CD,1,0,-0.20213326555623512,0.7559392343915107,train_inner_branch_input,4
HSM7J4JF,H4038,CD,1,0,0.9578068987940364,0.9292570349575898,train_inner_branch_input,4
HSM7J4JT_P,H4040,UC,1,0,-0.1700907800944073,0.7632272440673459,train_inner_branch_input,4
HSM7J4KO,H4016,nonIBD,0,0,-0.3880282660247024,0.7107435949313781,train_inner_branch_input,4
HSM7J4KQ,H4016,nonIBD,0,0,-0.08799793153735919,0.7812058735070924,train_inner_branch_input,4
HSM7J4MK,H4031,CD,1,0,-1.7760050130487237,0.30368182444929276,train_inner_branch_input,4
HSM7J4NO,H4040,UC,1,0,-0.31323735674817943,0.7295134955117913,train_inner_branch_input,4
HSM7J4NS,H4040,UC,1,0,-0.16375770733139372,0.7646497879733775,train_inner_branch_input,4
HSM7J4NU,H4040,UC,1,0,0.036864237744859335,0.8066257324132081,train_inner_branch_input,4
HSM7J4OB,H4031,CD,1,0,-0.29073610434001,0.7350081627520489,train_inner_branch_input,4
HSM7J4OE,H4031,CD,1,0,-1.6682155571482613,0.3327958800202108,train_inner_branch_input,4
HSM7J4OL,H4031,CD,1,0,-0.28060735705112244,0.7374581150011418,train_inner_branch_input,4
HSM7J4PA,H4031,CD,1,0,-0.2543240541968991,0.7437471357175259,train_inner_branch_input,4
HSM7J4QT,H4014,CD,1,0,1.154551973835327,0.9437678925734669,train_inner_branch_input,4
HSM7J4QZ,H4013,nonIBD,0,0,-0.4175118710960403,0.7031355992282955,train_inner_branch_input,4
HSM7J4R2,H4013,nonIBD,0,0,-0.17082586444424636,0.763061744783835,train_inner_branch_input,4
HSMA33IA,H4044,UC,1,0,-0.29635906655960165,0.7336417806719384,train_inner_branch_input,4
HSMA33IC,H4044,UC,1,0,-0.14024646177724875,0.7698790184767719,train_inner_branch_input,4
HSMA33JB,H4031,CD,1,0,-1.5945591325119663,0.3534696887734443,train_inner_branch_input,4
HSMA33JD,H4031,CD,1,0,-0.31891468611067275,0.7281158554474244,train_inner_branch_input,4
HSMA33KE,H4038,CD,1,0,0.22066164727190912,0.8398570836940884,train_inner_branch_input,4
HSMA33KM,H4038,CD,1,0,0.7237964077892937,0.9075310998219326,train_inner_branch_input,4
HSMA33KO,H4038,CD,1,0,-0.32960825150641176,0.7254710682770132,train_inner_branch_input,4
HSMA33LB,H4044,UC,1,0,-0.42871820673263084,0.7002137647000845,train_inner_branch_input,4
HSMA33LH,H4044,UC,1,0,-0.43342594373900756,0.6989814201623031,train_inner_branch_input,4
HSMA33LH_TR,H4044,UC,1,0,0.16387399147632006,0.8301135187597375,train_inner_branch_input,4
HSMA33LJ,H4044,UC,1,0,-0.17861654440008584,0.7613028269346476,train_inner_branch_input,4
HSMA33LX,H4040,UC,1,0,-0.2850667260330084,0.7363812775876278,train_inner_branch_input,4
HSMA33LZ,H4040,UC,1,0,-0.34640835078316246,0.7212838388934275,train_inner_branch_input,4
HSMA33M2,H4040,UC,1,0,-0.0005245864930561265,0.7992577608812089,train_inner_branch_input,4
HSMA33M8,H4040,UC,1,0,1.64445968371101,0.9686475220735539,train_inner_branch_input,4
HSMA33NA,H4038,CD,1,0,-0.14830287616129248,0.7680963799510403,train_inner_branch_input,4
HSMA33NC,H4038,CD,1,0,-0.11846079761056788,0.7746512648339434,train_inner_branch_input,4
HSMA33NG_P,H4038,CD,1,0,-0.2551177063383533,0.7435586851081968,train_inner_branch_input,4
HSMA33NW,H4044,UC,1,0,-0.28662283339376887,0.7360048459391261,train_inner_branch_input,4
HSMA33OD,H4040,UC,1,0,-0.1440879366063752,0.7690302177599683,train_inner_branch_input,4
HSMA33OJ,H4040,UC,1,0,-0.11356430165862941,0.7757141521906464,train_inner_branch_input,4
HSMA33OL,H4040,UC,1,0,-0.2479910537384735,0.7452476349374795,train_inner_branch_input,4
HSMA33P2_P,H4044,UC,1,0,-0.27173345507812413,0.7395925183604695,train_inner_branch_input,4
HSMA33P6,H4044,UC,1,0,-0.018593034687701,0.7956225335756311,train_inner_branch_input,4
HSMA33PX,H4038,CD,1,0,-0.26289593585098914,0.7417069651944364,train_inner_branch_input,4
HSMA33PZ,H4038,CD,1,0,1.106415402920992,0.9404999707615677,train_inner_branch_input,4
HSMA33Q6,H4038,CD,1,0,0.1969672034356762,0.8358477281565042,train_inner_branch_input,4
HSMA33RR,H4044,UC,1,0,-0.2569614128007114,0.7431205515605998,train_inner_branch_input,4
HSMA33RT,H4044,UC,1,0,-2.231253874423194,0.1983130691431022,train_inner_branch_input,4
HSMA33RX,H4044,UC,1,0,-1.5382388277710652,0.36966100597955415,train_inner_branch_input,4
HSMA33RX_TR,H4044,UC,1,0,-0.18572441757842786,0.7596902661073192,train_inner_branch_input,4
MSM5LLFG_P,M2028,CD,1,0,-0.09757877484863729,0.7791592956080785,train_inner_branch_input,4
MSM5LLGN_P,M2028,CD,1,0,-0.430259081375747,0.6998107275133104,train_inner_branch_input,4
MSM5LLGR_P,M2028,CD,1,0,-0.40885517217018447,0.7053813616770114,train_inner_branch_input,4
MSM5LLHE_P,M2025,CD,1,0,0.4111573832809253,0.8692610815060736,train_inner_branch_input,4
MSM5LLHG_P,M2025,CD,1,0,0.39570909405414917,0.8670587254905425,train_inner_branch_input,4
MSM5LLHI_P,M2025,CD,1,0,0.47581792590402217,0.8781450635227877,train_inner_branch_input,4
MSM5LLHO_P,M2025,CD,1,0,0.30273531950494936,0.8531337129381578,train_inner_branch_input,4
MSM5LLHV_P,M2024,UC,1,0,0.17810260795595995,0.832598270078283,train_inner_branch_input,4
MSM5LLIC_P,M2025,CD,1,0,0.9445455114056293,0.9281634383614026,train_inner_branch_input,4
MSM6J2IE,M2028,CD,1,0,-0.23750583970560987,0.7477191876131286,train_inner_branch_input,4
MSM6J2IG,M2028,CD,1,0,-0.47652201331280997,0.6875677944278199,train_inner_branch_input,4
MSM6J2II,M2028,CD,1,0,-0.49564168885774185,0.6824292014528044,train_inner_branch_input,4
MSM6J2IK,M2028,CD,1,0,-0.45069229681961415,0.69443704748554,train_inner_branch_input,4
MSM6J2IM,M2028,CD,1,0,-0.5998534788659671,0.6536573679877623,train_inner_branch_input,4
MSM6J2IO,M2028,CD,1,0,-0.06586158313147093,0.7858820857047515,train_inner_branch_input,4
MSM6J2J3,M2025,CD,1,0,-0.14978916021405034,0.7677664594992135,train_inner_branch_input,4
MSM6J2J5,M2025,CD,1,0,-1.3969888602508445,0.4115081075892121,train_inner_branch_input,4
MSM6J2JB,M2025,CD,1,0,-0.1190581665482222,0.774521349195525,train_inner_branch_input,4
MSM6J2JD,M2025,CD,1,0,-0.14361199696227864,0.7691354987296146,train_inner_branch_input,4
MSM6J2JF_P,M2041,nonIBD,0,0,-0.3766966555324669,0.713636666587942,train_inner_branch_input,4
MSM6J2JN,M2041,nonIBD,0,0,-0.44028247914461,0.6971814373415569,train_inner_branch_input,4
MSM6J2JP,M2041,nonIBD,0,0,-0.35221802447719036,0.7198267606277344,train_inner_branch_input,4
MSM6J2JR,M2041,nonIBD,0,0,0.19766221351902086,0.8359664710398668,train_inner_branch_input,4
MSM6J2JT,M2041,nonIBD,0,0,-0.528996465835185,0.6733579733814872,train_inner_branch_input,4
MSM6J2LV,M2041,nonIBD,0,0,-0.9013478271217922,0.5645433600969804,train_inner_branch_input,4
MSM6J2PK,M2025,CD,1,0,-0.02854823111935132,0.7935988251245808,train_inner_branch_input,4
MSM6J2PM,M2025,CD,1,0,0.2919095472040214,0.8514361216659292,train_inner_branch_input,4
MSM6J2Q3,M2028,CD,1,0,1.223892657894054,0.9481796542402725,train_inner_branch_input,4
MSM6J2Q5,M2028,CD,1,0,-0.490171111351409,0.6839040887398076,train_inner_branch_input,4
MSM6J2Q7,M2028,CD,1,0,-0.44935587799496757,0.6947901527708473,train_inner_branch_input,4
MSM6J2Q9,M2028,CD,1,0,-0.4140075213824446,0.7040459059483539,train_inner_branch_input,4
MSM6J2QB,M2028,CD,1,0,-0.37773148771953724,0.7133731835048399,train_inner_branch_input,4
MSM6J2QD,M2028,CD,1,0,-0.5803651548652561,0.6591320789645169,train_inner_branch_input,4
MSM6J2SE,M2041,nonIBD,0,0,0.09943765768831883,0.8184931951053582,train_inner_branch_input,4
MSM6J2SI,M2041,nonIBD,0,0,-0.457956505902692,0.6925137238727316,train_inner_branch_input,4
MSM6J2SK,M2041,nonIBD,0,0,-0.32600617809283683,0.7263637355889135,train_inner_branch_input,4
MSM79H63,M2028,CD,1,0,0.17886147722314916,0.8327299727429875,train_inner_branch_input,4
MSM79H65,M2028,CD,1,0,-0.4490078099060418,0.694882080899427,train_inner_branch_input,4
MSM79H67,M2028,CD,1,0,-0.45929753664137296,0.6921579278203184,train_inner_branch_input,4
MSM79H69,M2028,CD,1,0,-0.3305804635779387,0.7252298243086588,train_inner_branch_input,4
MSM79H6B,M2028,CD,1,0,-0.6248367897080069,0.6465791947767285,train_inner_branch_input,4
MSM79H7C,M2071,UC,1,0,-0.01415058681755306,0.7965208310520784,train_inner_branch_input,4
MSM79H7E,M2071,UC,1,0,0.08146397751092846,0.815143516416097,train_inner_branch_input,4
MSM79H7G,M2071,UC,1,0,0.19913798486460443,0.8362183784897674,train_inner_branch_input,4
MSM79H7M,M2071,UC,1,0,0.9567881054311944,0.9291735687861311,train_inner_branch_input,4
MSM79H98,M2068,CD,1,0,-0.43415858204286273,0.6987893782210294,train_inner_branch_input,4
MSM79HB6,M2041,nonIBD,0,0,0.30751607167551603,0.8538782572965066,train_inner_branch_input,4
MSM79HBX_P,M2068,CD,1,0,-0.5423443149510503,0.6696907146568888,train_inner_branch_input,4
MSM79HD6_P,M2071,UC,1,0,-0.35339940389247576,0.7195298996170394,train_inner_branch_input,4
MSM79HDK,M2068,CD,1,0,-0.5301067786305871,0.6730537194672808,train_inner_branch_input,4
MSM79HDM,M2068,CD,1,0,-0.14554576364831842,0.7687075278705022,train_inner_branch_input,4
MSM79HDO,M2068,CD,1,0,-0.42133448143004637,0.7021407772690824,train_inner_branch_input,4
MSM79HDQ,M2068,CD,1,0,1.2093122338564908,0.9472800176642635,train_inner_branch_input,4
MSM79HDQ_TR,M2068,CD,1,0,-0.008108987582302907,0.7977377668199963,train_inner_branch_input,4
MSM79HDS,M2068,CD,1,0,-0.472832621411849,0.6885541190263745,train_inner_branch_input,4
MSM79HDU,M2068,CD,1,0,-0.383799254395812,0.711825329399691,train_inner_branch_input,4
MSM79HES,M2041,nonIBD,0,0,-0.11315914287164844,0.7758019405859942,train_inner_branch_input,4
MSM79HEU,M2041,nonIBD,0,0,-1.0675090177901623,0.5131610355529774,train_inner_branch_input,4
MSM79HEW,M2041,nonIBD,0,0,-0.6051729390173222,0.6521558409437125,train_inner_branch_input,4
MSM79HEY,M2041,nonIBD,0,0,-0.8997512957393733,0.5650321615574855,train_inner_branch_input,4
MSM7J16J,M2068,CD,1,0,-0.19923514583752408,0.7566046122509302,train_inner_branch_input,4
MSM7J16L,M2068,CD,1,0,-0.29579799438278825,0.7337783227988127,train_inner_branch_input,4
MSM7J16N,M2068,CD,1,0,-0.45090327430746685,0.6943812826300855,train_inner_branch_input,4
MSM7J16P,M2068,CD,1,0,-0.3951363366953484,0.7089200158097042,train_inner_branch_input,4
MSM7J16R,M2068,CD,1,0,-0.5194915197641857,0.6759565823092513,train_inner_branch_input,4
MSM9VZEK,M2068,CD,1,0,0.5241167796603093,0.8844374844806696,train_inner_branch_input,4
MSM9VZEK_TR,M2068,CD,1,0,0.5212214683969209,0.8840683793033672,train_inner_branch_input,4
MSM9VZEM,M2068,CD,1,0,-0.28310231304021466,0.7368559884296096,train_inner_branch_input,4
MSM9VZEO,M2068,CD,1,0,-0.34575822686958363,0.7214466017681295,train_inner_branch_input,4
MSM9VZEQ,M2068,CD,1,0,-0.39113540753957793,0.7099472898508375,train_inner_branch_input,4
MSM9VZES,M2068,CD,1,0,1.242357667167724,0.949298155468406,train_inner_branch_input,4
MSM9VZFJ_P,M2079,nonIBD,0,0,-0.37266567327507943,0.7146616283004029,train_inner_branch_input,4
MSM9VZFL,M2079,nonIBD,0,0,-0.16120909574771783,0.7652205886008452,train_inner_branch_input,4
MSM9VZFN,M2079,nonIBD,0,0,-0.2689438237992889,0.7402611695574012,train_inner_branch_input,4
MSM9VZFR,M2079,nonIBD,0,0,-0.48298528263054763,0.6858358011420355,train_inner_branch_input,4
MSM9VZFT,M2079,nonIBD,0,0,-0.32111233093014624,0.7275736279123931,train_inner_branch_input,4
MSM9VZJB,M2068,CD,1,0,-0.42654550711752015,0.7007815383073933,train_inner_branch_input,4
MSM9VZKC,M2079,nonIBD,0,0,-0.29320933346411265,0.7344077196096047,train_inner_branch_input,4
MSM9VZKE,M2079,nonIBD,0,0,-0.9754175202741383,0.5417433231753106,train_inner_branch_input,4
MSM9VZKI,M2079,nonIBD,0,0,-0.25185689948508433,0.7443323751645912,train_inner_branch_input,4
MSM9VZLX_P,M2082,CD,1,0,-0.26094134069919644,0.742173103574444,train_inner_branch_input,4
MSMA26AL,M2068,CD,1,0,-1.6623709494797185,0.3344142870483477,train_inner_branch_input,4
MSMA26AN,M2068,CD,1,0,-0.24998190125086825,0.7447765605437014,train_inner_branch_input,4
MSMA26AP,M2068,CD,1,0,-0.5491330396032705,0.667817562893999,train_inner_branch_input,4
MSMA26AR,M2068,CD,1,0,-0.3880535575808982,0.7107371183911063,train_inner_branch_input,4
MSMA26AT,M2068,CD,1,0,-0.4138178298651201,0.7040951349463694,train_inner_branch_input,4
MSMA26AV,M2071,UC,1,0,-0.34451180788645946,0.7217584878776439,train_inner_branch_input,4
MSMA26AX,M2071,UC,1,0,0.1788346291053845,0.8327253146334551,train_inner_branch_input,4
MSMA26AZ,M2071,UC,1,0,-1.8799527606080366,0.2770182596377076,train_inner_branch_input,4
MSMA26AZ_TR,M2071,UC,1,0,0.20246663768145534,0.8367854221119004,train_inner_branch_input,4
MSMA26BN,M2079,nonIBD,0,0,-0.4478589048450083,0.6951854074939919,train_inner_branch_input,4
MSMA26BR,M2079,nonIBD,0,0,-1.1685760270246583,0.4817007043347529,train_inner_branch_input,4
MSMA26BT,M2079,nonIBD,0,0,-0.39260173409054416,0.7095710464690924,train_inner_branch_input,4
MSMA26BV,M2079,nonIBD,0,0,-0.4862443353793809,0.6849604867296293,train_inner_branch_input,4
MSMA26BX,M2079,nonIBD,0,0,-0.3095767690587811,0.7304122549237277,train_inner_branch_input,4
MSMB4LZ4,M2071,UC,1,0,-0.25637939503229074,0.7432589136192608,train_inner_branch_input,4
MSMB4LZ8,M2079,nonIBD,0,0,-0.3716834152576931,0.714911053783486,train_inner_branch_input,4
PSM6XBQM_P,P6005,CD,1,0,-0.3226040457889145,0.7272051901310885,train_inner_branch_input,4
PSM6XBQS,P6005,CD,1,0,-0.3041192989889438,0.7317486870199115,train_inner_branch_input,4
PSM6XBQU,P6005,CD,1,0,-0.13783427087841163,0.7704108899935239,train_inner_branch_input,4
PSM6XBQY,P6005,CD,1,0,1.57136916405245,0.9657615609794744,train_inner_branch_input,4
PSM6XBQY_TR,P6005,CD,1,0,0.11157844699297931,0.8207289731350317,train_inner_branch_input,4
PSM6XBR1,P6005,CD,1,0,-0.30969174817410616,0.7303840535550362,train_inner_branch_input,4
PSM6XBSE,P6012,UC,1,0,0.5597479813179607,0.8888967760243845,train_inner_branch_input,4
PSM6XBSE_P,P6012,UC,1,0,-0.37797861256126614,0.7133102405363486,train_inner_branch_input,4
PSM6XBSG_P,P6013,UC,1,0,-0.20431389198933925,0.7554377740789097,train_inner_branch_input,4
PSM6XBSS,P6005,CD,1,0,0.9701995279108537,0.9302650675321991,train_inner_branch_input,4
PSM6XBSU,P6005,CD,1,0,-0.191991094388704,0.7582623820899304,train_inner_branch_input,4
PSM6XBSU_TR,P6005,CD,1,0,-0.0772863657333879,0.7834777778190135,train_inner_branch_input,4
PSM6XBT1,P6005,CD,1,0,-0.3555319639949871,0.7189935370526956,train_inner_branch_input,4
PSM6XBT3,P6013,UC,1,0,2.881944375382149,0.9931182944748329,train_inner_branch_input,4
PSM6XBT5,P6013,UC,1,0,-0.2709447130507054,0.7397816862401815,train_inner_branch_input,4
PSM6XBT7,P6013,UC,1,0,-0.12344689374183009,0.7735652625798325,train_inner_branch_input,4
PSM6XBT9,P6013,UC,1,0,-0.2932791218875112,0.7343907639920153,train_inner_branch_input,4
PSM6XBTB,P6013,UC,1,0,-0.24030485193130696,0.7470609676746665,train_inner_branch_input,4
PSM6XBTD,P6013,UC,1,0,0.18977092256938827,0.8346141766006585,train_inner_branch_input,4
PSM6XBVI,P6012,UC,1,0,0.3305456386072922,0.8574210806054303,train_inner_branch_input,4
PSM6XBVK,P6012,UC,1,0,0.4419930778662444,0.8735644522285065,train_inner_branch_input,4
PSM6XBVM,P6012,UC,1,0,1.0432511905724695,0.9359416809924357,train_inner_branch_input,4
PSM6XBVO,P6012,UC,1,0,-0.30847660141734046,0.7306820031444186,train_inner_branch_input,4
PSM6XBVQ,P6012,UC,1,0,-0.2632416192703294,0.7416244683206907,train_inner_branch_input,4
PSM6XBVS,P6012,UC,1,0,-0.2934289925397057,0.7343543494649794,train_inner_branch_input,4
PSM7J127,P6013,UC,1,0,-0.18598293835706659,0.7596314754400207,train_inner_branch_input,4
PSM7J129,P6013,UC,1,0,-0.0414542290191518,0.7909532587414544,train_inner_branch_input,4
PSM7J12B,P6013,UC,1,0,-0.1651689772996508,0.7643332994720927,train_inner_branch_input,4
PSM7J12D,P6013,UC,1,0,-0.2806589913983013,0.7374456626896279,train_inner_branch_input,4
PSM7J12F,P6013,UC,1,0,1.7809419087713012,0.9734186876400388,train_inner_branch_input,4
PSM7J136,P6005,CD,1,0,0.917856243236187,0.9259151046295,train_inner_branch_input,4
PSM7J13E,P6005,CD,1,0,3.1197695126095906,0.994873597287039,train_inner_branch_input,4
PSM7J169,P6013,UC,1,0,-0.19417935502537972,0.7577624200353895,train_inner_branch_input,4
PSM7J16B,P6013,UC,1,0,-0.4734904676928043,0.6883783748789815,train_inner_branch_input,4
PSM7J16F,P6013,UC,1,0,-0.40822598474135646,0.7055442023960037,train_inner_branch_input,4
PSM7J16H,P6013,UC,1,0,-0.8329077148233163,0.5853727802500827,train_inner_branch_input,4
PSM7J18Q,P6012,UC,1,0,0.2648631542528936,0.847124166968896,train_inner_branch_input,4
PSM7J193,P6013,UC,1,0,0.5839352952963173,0.891837424516968,train_inner_branch_input,4
PSM7J1AM,P6013,UC,1,0,0.2986086651993992,0.8524885133810606,train_inner_branch_input,4
PSM7J1AO,P6013,UC,1,0,-0.24812116944935664,0.7452168644393554,train_inner_branch_input,4
PSM7J1AQ,P6013,UC,1,0,-0.2041242308866076,0.7554814164999046,train_inner_branch_input,4
PSM7J1AS,P6013,UC,1,0,-0.47391079936511255,0.6882660545302691,train_inner_branch_input,4
PSM7J1AU,P6013,UC,1,0,2.645910356824179,0.9907879305865516,train_inner_branch_input,4
PSM7J1AW,P6013,UC,1,0,-0.050931178650349254,0.7889947722933094,train_inner_branch_input,4
PSM7J1B7,P6012,UC,1,0,-0.3092925167107993,0.7304819665992917,train_inner_branch_input,4
PSM7J1B9,P6012,UC,1,0,-0.5496023866024728,0.6676878629341386,train_inner_branch_input,4
PSM7J1BB,P6012,UC,1,0,-0.26363826149850694,0.7415297890474278,train_inner_branch_input,4
PSM7J1BD,P6012,UC,1,0,-0.3491390066519349,0.7205995640240874,train_inner_branch_input,4
PSM7J1BF,P6012,UC,1,0,-0.5720862917761688,0.661445113196706,train_inner_branch_input,4
PSM7J1BH,P6012,UC,1,0,0.31659791717044944,0.8552840262112272,train_inner_branch_input,4
PSM7J1C8,P6005,CD,1,0,-0.3670883476818651,0.7160761396488057,train_inner_branch_input,4
PSM7J1CC,P6005,CD,1,0,3.063159267587817,0.9945011342238271,train_inner_branch_input,4
PSM7J1CG,P6005,CD,1,0,-0.46909654059194755,0.6895511851108247,train_inner_branch_input,4
PSM7J1CI,P6005,CD,1,0,-0.3987969058441857,0.7079782562607371,train_inner_branch_input,4
CSM5MCXF,C3012,CD,1,1,1.7404411364103138,0.9720817486119561,train_inner_branch_input,4
CSM79HQL,C3032,UC,1,3,0.48963873722271445,0.8799751980196443,train_inner_branch_input,4
CSM7KOPC,C3032,UC,1,3,-0.36758895140400194,0.7159493504179572,train_inner_branch_input,4
CSM7KOQ7,C3037,UC,1,3,1.9653011954642516,0.9787566380205446,train_inner_branch_input,4
CSM7KOUF,C3032,UC,1,3,-0.13678102486281127,0.7706428526731873,train_inner_branch_input,4
CSM7KOUR,C3037,UC,1,3,1.8706470749798336,0.9761618246914534,train_inner_branch_input,4
CSM9X22Q,C3032,UC,1,3,-0.6402105553344184,0.6421911585836585,train_inner_branch_input,4
CSM9X23L,C3037,UC,1,3,1.751786278688197,0.9724627046624906,train_inner_branch_input,4
CSM9X23P,C3037,UC,1,3,2.084106824022813,0.9816250209225936,train_inner_branch_input,4
MSM5LLEN,M2021,CD,1,1,-0.4297101004627315,0.6999543565852828,train_inner_branch_input,4
MSM5LLIG,M2021,CD,1,1,0.4644787781668553,0.8766256466462277,train_inner_branch_input,4
MSM5LLIK,M2021,CD,1,1,0.909652690515771,0.9252111220537297,train_inner_branch_input,4
PSM7J134,P6025,UC,1,1,2.1895006672419774,0.9838490729551098,train_inner_branch_input,4
PSMA269I,P6037,CD,1,3,-0.1802322579553091,0.7609369238442479,train_inner_branch_input,4
PSMB4MBQ,P6037,CD,1,3,-0.7371710209538399,0.6139901340463675,train_inner_branch_input,4
CSM5FZ4A,C3004,UC,1,3,1.3423322337757848,0.954967210141213,train_inner_branch_input,4
CSM5MCUC,C3004,UC,1,3,0.019890382654394797,0.8033065720453898,train_inner_branch_input,4
CSM5MCXB,C3011,UC,1,1,1.6442316846912277,0.9686388963185322,train_inner_branch_input,4
CSM5MCYO,C3011,UC,1,1,1.7058990684799928,0.9708900910161191,train_inner_branch_input,4
CSM79HQN,C3035,CD,1,3,2.974771635919786,0.9938650912316591,train_inner_branch_input,4
ESM5MEDZ,E5001,CD,1,2,0.891553349505947,0.9236361459605279,train_inner_branch_input,4
ESM5MEEB,E5001,CD,1,2,0.7090650437332834,0.9059797263888522,train_inner_branch_input,4
ESM9IEP5,E5009,CD,1,1,-1.1491302895458337,0.4877502437093298,train_inner_branch_input,4
HSM5MD4A,H4006,CD,1,3,1.0238119082002697,0.9344745788467138,train_inner_branch_input,4
HSM5MD86,H4006,CD,1,3,1.4229656969152833,0.959094334693328,train_inner_branch_input,4
HSM6XRQC,H4018,nonIBD,0,2,1.7767420605491764,0.9732829956272685,train_inner_branch_input,4
HSM7CZ1T,H4027,UC,1,1,2.881382136534871,0.9931135066682517,train_inner_branch_input,4
HSMA33O5,H4027,UC,1,1,2.432778034354801,0.9880205928083585,train_inner_branch_input,4
MSM5FZ9X,M2014,CD,1,2,0.41699466759759934,0.8700851595135533,train_inner_branch_input,4
MSM5FZA2,M2014,CD,1,2,0.6408935597300035,0.898493262221277,train_inner_branch_input,4
MSM5LLGH,M2014,CD,1,2,3.0223788698781697,0.9942162615478655,train_inner_branch_input,4
MSM6J2NA,M2061,nonIBD,0,3,-0.8804312210067402,0.5709369964899831,train_inner_branch_input,4
MSM6J2QZ,M2014,CD,1,2,2.076482329428125,0.9814529371428657,train_inner_branch_input,4
MSMAPC5F,M2097,nonIBD,0,3,-1.3803136929971527,0.41654706972897176,train_inner_branch_input,4
PSM6XBS6,P6009,CD,1,1,1.0111047965394984,0.933498734494321,train_inner_branch_input,4
PSM6XBTF,P6009,CD,1,1,1.2515096185370136,0.9498440207245984,train_inner_branch_input,4
PSM7J1CK,P6009,CD,1,1,0.24229533621336014,0.8434481815412534,train_inner_branch_input,4
CSM5MCTZ,C3006,UC,1,1,2.457061080963366,0.9883733508177246,train_inner_branch_input,4
CSM5MCUM,C3006,UC,1,1,1.8953532329008482,0.9768675202591555,train_inner_branch_input,4
CSM67U9V,C3016,CD,1,2,1.5353651489436484,0.9642473147149105,train_inner_branch_input,4
CSM67U9X,C3017,CD,1,2,1.895580912068847,0.9768739277961324,train_inner_branch_input,4
CSM79HG4,C3023,CD,1,1,0.3390012250439875,0.8587037836592782,train_inner_branch_input,4
CSM79HJ6,C3017,CD,1,2,2.6404110948438375,0.9907252010953292,train_inner_branch_input,4
CSM79HJG,C3029,UC,1,3,0.957570060989012,0.9292376397767063,train_inner_branch_input,4
CSM7KONC,C3023,CD,1,1,-0.277234275423673,0.7382707542693154,train_inner_branch_input,4
CSM7KOQ3,C3016,CD,1,2,0.8780618514189074,0.9224424048281781,train_inner_branch_input,4
CSM7KOQZ,C3017,CD,1,2,3.811089120627737,0.997826627798568,train_inner_branch_input,4
CSM7KOR8,C3017,CD,1,2,-0.3797663062093901,0.7128546669022322,train_inner_branch_input,4
ESM5GEZ6,E5004,UC,1,3,2.5641181811905875,0.9898100184583268,train_inner_branch_input,4
ESM5MEB9,E5013,CD,1,2,-0.6340045421311455,0.6439654196848603,train_inner_branch_input,4
ESM5MEEG,E5004,UC,1,3,2.147405868264342,0.9829944375508555,train_inner_branch_input,4
HSM5MD4Q,H4007,CD,1,3,3.4583321487589336,0.9966315065627639,train_inner_branch_input,4
HSM5MD7Z,H4007,CD,1,3,2.008285559814311,0.9798417740657406,train_inner_branch_input,4
HSM5MD82,H4009,nonIBD,0,3,-1.8398079359209807,0.28714365499812183,train_inner_branch_input,4
HSM5MD8B,H4009,nonIBD,0,3,-2.2778559958731908,0.18924590981910916,train_inner_branch_input,4
HSM67VHU,H4007,CD,1,3,0.4626091983981484,0.8763735699929391,train_inner_branch_input,4
HSM6XRQE,H4019,UC,1,2,1.6864699562022578,0.9701982781448407,train_inner_branch_input,4
HSM6XRTC,H4009,nonIBD,0,3,-2.3504189543849296,0.17576614989096082,train_inner_branch_input,4
HSM7CYYZ,H4009,nonIBD,0,3,-1.7645336086137087,0.3067116969478478,train_inner_branch_input,4
HSM7J4JV,H4042,UC,1,3,0.5654039713541475,0.8895906255556466,train_inner_branch_input,4
HSMA33IY,H4042,UC,1,3,3.0162266528460937,0.9941720296476784,train_inner_branch_input,4
HSMA33RL,H4042,UC,1,3,4.037752390640204,0.9983603392325001,train_inner_branch_input,4
MSM5LLFK,M2026,UC,1,3,3.0185715679246927,0.9941889281412383,train_inner_branch_input,4
MSM5LLFO,M2026,UC,1,3,0.4365369537034136,0.8728119299260184,train_inner_branch_input,4
MSM5LLHQ,M2008,CD,1,3,1.2266584966154728,0.9483486656497562,train_inner_branch_input,4
MSM5LLHZ,M2008,CD,1,3,0.9314716629103776,0.9270700583000728,train_inner_branch_input,4
MSM9VZM4,M2085,CD,1,1,-0.22707493879283203,0.7501621211457354,train_inner_branch_input,4
MSMAPC62,M2103,UC,1,2,0.33484523431054797,0.8580745334374557,train_inner_branch_input,4
PSM7J1BN,P6024,CD,1,1,2.63789705543421,0.9906963829509888,train_inner_branch_input,4
PSM7J1DH,P6014,nonIBD,0,1,-1.0564485124816205,0.5166021337215648,train_inner_branch_input,4
CSM5FZ3N,C3001,CD,1,1,-0.13100574794363928,0.771911849037432,train_inner_branch_input,4
CSM5FZ4C,C3001,CD,1,1,-0.15082770989653663,0.7675357314213546,train_inner_branch_input,4
CSM5MCVV,C3001,CD,1,1,1.4341768909383232,0.9596386906557254,train_inner_branch_input,4
CSM5MCWK,C3010,CD,1,1,-0.32812620070554654,0.7258385698109064,train_inner_branch_input,4
CSM5MCXZ,C3010,CD,1,1,0.23248909139333243,0.8418285798250972,train_inner_branch_input,4
CSM79HMZ,C3001,CD,1,1,0.04489745747188777,0.8081816803911462,train_inner_branch_input,4
CSM79HQR,C3034,UC,1,2,2.6942937095000636,0.991322022455465,train_inner_branch_input,4
CSM9X1XW,C3034,UC,1,2,2.8408524914520004,0.9927595158858559,train_inner_branch_input,4
CSM9X21P,C3034,UC,1,2,2.4501887365430934,0.9882745715260333,train_inner_branch_input,4
HSM5MD87,H4010,UC,1,1,1.0034264522826173,0.9329025496919671,train_inner_branch_input,4
HSM5MD8A,H4008,nonIBD,0,1,-0.6440837663128675,0.6410818498888524,train_inner_branch_input,4
HSM67VDX,H4022,nonIBD,0,3,0.19357245749981034,0.8352667409516463,train_inner_branch_input,4
HSM67VG6,H4008,nonIBD,0,1,-0.9515102049431289,0.5491262797083775,train_inner_branch_input,4
HSM6XRSZ,H4008,nonIBD,0,1,-0.8200064649735022,0.5892675885411519,train_inner_branch_input,4
HSM7CZ2P,H4008,nonIBD,0,1,-0.7337074302207864,0.6150121104494296,train_inner_branch_input,4
HSM7J4JW,H4043,CD,1,2,0.26978586443967195,0.8479165481174387,train_inner_branch_input,4
HSMA33K2,H4030,CD,1,1,-0.07086820624529738,0.7848308562364638,train_inner_branch_input,4
HSMA33LL,H4043,CD,1,2,0.43542922094027803,0.8726586821665879,train_inner_branch_input,4
HSMA33LV,H4043,CD,1,2,-0.24604421879523106,0.7457077413072971,train_inner_branch_input,4
HSMA33PP,H4039,CD,1,1,0.2391341358813781,0.8429275573051994,train_inner_branch_input,4
MSM5LLEH,M2034,CD,1,3,1.084601380126215,0.9389611688374145,train_inner_branch_input,4
MSM79H8J,M2075,nonIBD,0,3,-1.6606767727924725,0.3348841463499544,train_inner_branch_input,4
MSM79H94,M2077,nonIBD,0,3,0.22239531018552994,0.840147303937504,train_inner_branch_input,4
MSM9VZH1,M2075,nonIBD,0,3,-0.8243809712824781,0.5879481794007162,train_inner_branch_input,4
MSMAPC7D,M2075,nonIBD,0,3,-1.4616529293841611,0.39215132679612513,train_inner_branch_input,4
PSM7J167,P6028,CD,1,2,1.959407922959081,0.9786034763250095,train_inner_branch_input,4
PSM7J188,P6033,CD,1,2,3.4017111777944464,0.996386253830675,train_inner_branch_input,4
PSMA2651,P6033,CD,1,2,-0.004694697282366061,0.7984230875684046,train_inner_branch_input,4
PSMA267B,P6033,CD,1,2,0.8154426391639862,0.9166752318617952,train_inner_branch_input,4
PSMA269E,P6028,CD,1,2,1.973133552080377,0.9789585360041108,train_inner_branch_input,4
PSMA26AJ,P6033,CD,1,2,0.021023590132405,0.8035294993867718,train_inner_branch_input,4
CSM5FZ3T,C3002,CD,1,0,4.774875107360006,0.999344701389665,train_inner_branch_input,4
CSM5FZ44,C3002,CD,1,0,4.572175903878406,0.999156652403645,train_inner_branch_input,4
CSM5FZ4O,C3005,UC,1,0,0.5424423936158481,0.8867500726709929,train_inner_branch_input,4
CSM5MCUU,C3005,UC,1,0,1.3357382777296538,0.9546126780938943,train_inner_branch_input,4
CSM67U9T,C3015,UC,1,0,0.1292001628398145,0.8239357064900492,train_inner_branch_input,4
CSM79HJI,C3030,CD,1,0,0.05738378412917033,0.810581160453717,train_inner_branch_input,4
CSM79HK1,C3002,CD,1,0,4.202545721211572,0.9986641980924409,train_inner_branch_input,4
CSM7KOPQ,C3015,UC,1,0,-0.7492338679776237,0.6104230397436503,train_inner_branch_input,4
HSM5MD3L,H4014,CD,1,0,-1.6461323731928839,0.33893126093363274,train_inner_branch_input,4
HSM5MD5Z,H4016,nonIBD,0,0,1.19861118685305,0.9466103812849666,train_inner_branch_input,4
HSM5MD6U,H4016,nonIBD,0,0,0.10705078515679024,0.8198977116820155,train_inner_branch_input,4
HSM5MD8H,H4013,nonIBD,0,0,-0.3252419807673479,0.7265528864909218,train_inner_branch_input,4
HSM67VHM,H4016,nonIBD,0,0,0.5105304155766058,0.8826965585917445,train_inner_branch_input,4
HSM7J4JT,H4040,UC,1,0,1.723025890780641,0.9714869877803665,train_inner_branch_input,4
HSMA33JH,H4031,CD,1,0,-1.0162613152760955,0.5290893599898251,train_inner_branch_input,4
HSMA33NG,H4038,CD,1,0,0.18513904886402235,0.8338162784642275,train_inner_branch_input,4
MSM5LLFG,M2028,CD,1,0,0.06373869672835515,0.8117935141239149,train_inner_branch_input,4
MSM5LLGR,M2028,CD,1,0,0.8965688072178943,0.9240756053784864,train_inner_branch_input,4
MSM5LLHM,M2025,CD,1,0,-0.8388600775573695,0.5835721629997851,train_inner_branch_input,4
MSM5LLIC,M2025,CD,1,0,-1.9010682969473585,0.27178174747922623,train_inner_branch_input,4
MSM6J2JF,M2041,nonIBD,0,0,-0.5574374996617841,0.6655189530877431,train_inner_branch_input,4
MSM6J2PE,M2025,CD,1,0,-0.9228057495447777,0.5579618958254727,train_inner_branch_input,4
MSM79HD6,M2071,UC,1,0,1.2796817039830093,0.9514895929869936,train_inner_branch_input,4
MSM9VZFJ,M2079,nonIBD,0,0,-0.18803568658099923,0.7591643074368805,train_inner_branch_input,4
PSM6XBQM,P6005,CD,1,0,0.511796356519743,0.8828597293176171,train_inner_branch_input,4
CSM9X1ZU,C3032,UC,1,3,0.20131039203783002,0.8365886323589606,train_inner_branch_input,4
HSMA33MQ,H4045,nonIBD,0,2,0.08551187470523675,0.8159020529424102,train_inner_branch_input,4
CSM79HM9,C3011,UC,1,1,0.04980837019237425,0.8091281588180588,train_inner_branch_input,4
ESM7F5AO,E5009,CD,1,1,0.14245251370117856,0.8263174795804464,train_inner_branch_input,4
HSM7CYWW,H4027,UC,1,1,0.04202008702602311,0.8076254649486216,train_inner_branch_input,4
MSM79H9O,M2061,nonIBD,0,3,0.12651939142626953,0.8234507947515939,train_inner_branch_input,4
MSM79HD8,M2069,UC,1,3,0.08687884674231229,0.8161576651904995,train_inner_branch_input,4
MSM9VZHD,M2061,nonIBD,0,3,0.09351186124759811,0.8173940789934036,train_inner_branch_input,4
PSM6XBTH,P6009,CD,1,1,0.020525842311215275,0.8034316047361485,train_inner_branch_input,4
PSM7J143,P6009,CD,1,1,0.0031830827462198045,0.7999976978812073,train_inner_branch_input,4
CSM79HMX,C3006,UC,1,1,-0.04135284570308069,0.7909741379221317,train_inner_branch_input,4
CSM7KOKH,C3017,CD,1,2,0.07074767707054898,0.8131237247089715,train_inner_branch_input,4
CSM9X1YF,C3029,UC,1,3,0.22871501828648977,0.8412016364611994,train_inner_branch_input,4
ESM7F5BL,E5004,UC,1,3,0.08494529324610015,0.8157960263414052,train_inner_branch_input,4
HSM7CYY1,H4007,CD,1,3,0.08407022566898235,0.8156321786458641,train_inner_branch_input,4
PSM6XBTV,P6014,nonIBD,0,1,-0.004247918517251048,0.7985126370272502,train_inner_branch_input,4
PSM6XBTZ,P6014,nonIBD,0,1,0.08033577826077783,0.8149316727080346,train_inner_branch_input,4
PSM7J195,P6024,CD,1,1,0.04620006836978258,0.8084330803999275,train_inner_branch_input,4
CSM79HOD,C3010,CD,1,1,0.07024700248486361,0.8130289440236059,train_inner_branch_input,4
HSM7CZ2F,H4008,nonIBD,0,1,0.1259719237908261,0.8233516370733257,train_inner_branch_input,4
HSM7J4J5,H4022,nonIBD,0,3,0.02093571686060902,0.8035122195714131,train_inner_branch_input,4
MSM6J2N6,M2059,UC,1,2,0.09873105698040228,0.8183624057268255,train_inner_branch_input,4
MSM79H4T,M2059,UC,1,2,0.0872359072775664,0.8162243871925768,train_inner_branch_input,4
MSM79H4X,M2059,UC,1,2,0.11700947755519965,0.8217221301531381,train_inner_branch_input,4
MSM79H76,M2059,UC,1,2,0.07385002411148857,0.8137101925061057,train_inner_branch_input,4
MSM9VZJL,M2086,CD,1,2,0.06425923993283363,0.8118925557671254,train_inner_branch_input,4
MSM9VZJN,M2086,CD,1,2,-0.0030408440991947115,0.7987544265026476,train_inner_branch_input,4
MSM9VZM6,M2086,CD,1,2,-0.17264769661762186,0.7626512278546994,train_inner_branch_input,4
MSMA26C8,M2086,CD,1,2,-0.048917978375743444,0.7894119375967453,train_inner_branch_input,4
CSM79HK5,C3002,CD,1,0,-0.004252485779880431,0.7985117217450322,train_inner_branch_input,4
CSM79HO9,C3005,UC,1,0,-0.011270225860936798,0.7971016897149366,train_inner_branch_input,4
CSM7KOMD,C3030,CD,1,0,-0.04103038822308467,0.7910405355708633,train_inner_branch_input,4
ESM5MEAD,E5008,UC,1,0,0.05188731467953598,0.8095277565546141,train_inner_branch_input,4
ESM5MEAG,E5008,UC,1,0,0.09777316386511414,0.8181849859192443,train_inner_branch_input,4
ESM5MEBL,E5008,UC,1,0,0.07249707954373415,0.8134546064824948,train_inner_branch_input,4
HSM7CZ2V,H4031,CD,1,0,0.07802903005820859,0.814497947123003,train_inner_branch_input,4
HSMA33JJ,H4031,CD,1,0,0.10221106347897017,0.8190058346536512,train_inner_branch_input,4
MSM6J2SM,M2041,nonIBD,0,0,0.011824420462992888,0.8017142980482145,train_inner_branch_input,4
MSM79HB4,M2041,nonIBD,0,0,0.05161234220005171,0.8094749403237133,train_inner_branch_input,4
MSM79HBX,M2068,CD,1,0,0.07268520012975818,0.8134901606874704,train_inner_branch_input,4
MSM79HDW,M2025,CD,1,0,0.07579422021883432,0.814076999491863,train_inner_branch_input,4
PSM7J13A,P6005,CD,1,0,0.04469772573206409,0.808143110522412,train_inner_branch_input,4
CSM7KOUP,C3037,UC,1,3,-0.05967140573723263,0.7871766505276369,train_inner_branch_input,4
CSM9X23J,C3037,UC,1,3,-0.0675007740804253,0.7855383203904156,train_inner_branch_input,4
CSM67UBD,C3017,CD,1,2,-0.05989026255521555,0.7871309780837348,train_inner_branch_input,4
CSM7KOM1,C3029,UC,1,3,-0.09392769559147392,0.779940821894165,train_inner_branch_input,4
CSM7KOS9,C3029,UC,1,3,-0.06413213597928255,0.7862443444230784,train_inner_branch_input,4
CSM9X1Y7,C3029,UC,1,3,-0.07716585436071814,0.7835032406921995,train_inner_branch_input,4
CSM79HNQ,C3030,CD,1,0,-0.060076558278289775,0.7870920950641118,train_inner_branch_input,4
CSM5FZ2D,C3012,CD,1,1,0.7388363641372915,0.909091215789407,train_inner_branch_input,4
CSM5FZ2E,C3012,CD,1,1,-0.34108007232800713,0.7226160867505694,train_inner_branch_input,4
CSM5FZ2F,C3012,CD,1,1,-0.2893540147282205,0.7353433239893508,train_inner_branch_input,4
CSM5FZ34,C3021,CD,1,2,-0.43411071567526405,0.6988019272637463,train_inner_branch_input,4
CSM5FZ35,C3021,CD,1,2,2.974201960657289,0.993860763266046,train_inner_branch_input,4
CSM5FZ36,C3021,CD,1,2,1.7646032724595337,0.9728870080740188,train_inner_branch_input,4
CSM5FZ37,C3021,CD,1,2,1.3432724423708413,0.9550175461574353,train_inner_branch_input,4
CSM5FZ38,C3022,nonIBD,0,3,0.3384675501368152,0.8586231116381228,train_inner_branch_input,4
CSM5FZ39,C3022,nonIBD,0,3,0.03460777256634411,0.8061869570487619,train_inner_branch_input,4
CSMDRVXX,C3032,UC,1,3,-0.026768709274550592,0.7939616545405724,train_inner_branch_input,4
CSMDRVY5,C3037,UC,1,3,-0.38562863340658887,0.7113576899784887,train_inner_branch_input,4
CSMDRVY6,C3037,UC,1,3,0.5412532925169083,0.886601247837561,train_inner_branch_input,4
CSMDRVY7,C3037,UC,1,3,0.2990363462698369,0.8525554897421969,train_inner_branch_input,4
CSMDTZ4X,C3032,UC,1,3,0.9356154351899222,0.9274182559128945,train_inner_branch_input,4
CSMDTZ4Y,C3032,UC,1,3,1.4509805113914078,0.9604416078953028,train_inner_branch_input,4
HSM5FZAS,H4017,CD,1,2,1.558918355113378,0.9652450378765456,train_inner_branch_input,4
HSM5FZAT,H4017,CD,1,2,1.4300048594156562,0.9594369344672844,train_inner_branch_input,4
HSM5FZAU,H4017,CD,1,2,1.3627441738414523,0.9560480276539544,train_inner_branch_input,4
HSM6S4FT,H4020,CD,1,1,1.5986455487058795,0.9668673690079318,train_inner_branch_input,4
HSM6S4FU,H4020,CD,1,1,-1.071697370339449,0.5118576294091696,train_inner_branch_input,4
HSM9UBMS,H4045,nonIBD,0,2,0.06762498852324102,0.8125319766094182,train_inner_branch_input,4
HSM9UBMT,H4045,nonIBD,0,2,-0.6865096799210441,0.6288340815583969,train_inner_branch_input,4
HSM9UBMU,H4045,nonIBD,0,2,-0.6913197462995777,0.6274346296418971,train_inner_branch_input,4
MSM5LWKQ,M2021,CD,1,1,-0.1662649520669936,0.764087315433572,train_inner_branch_input,4
MSM5LWKR,M2021,CD,1,1,-0.19378635874838987,0.7578522615182665,train_inner_branch_input,4
MSM5LWKW,M2021,CD,1,1,1.3102955720959462,0.9532196519795995,train_inner_branch_input,4
MSM5LWKX,M2021,CD,1,1,-0.8629484153734561,0.5762630017935978,train_inner_branch_input,4
MSM719M5,M2047,nonIBD,0,1,-0.24254226722144895,0.7465339974945909,train_inner_branch_input,4
MSM719M6,M2047,nonIBD,0,1,-0.413444391342023,0.7041920363407609,train_inner_branch_input,4
MSM719NO,M2084,nonIBD,0,2,-0.7491278204120574,0.6104544511402118,train_inner_branch_input,4
MSM719NP,M2084,nonIBD,0,2,-0.7844816993052457,0.599933274756691,train_inner_branch_input,4
PSM7J4EW,P6025,UC,1,1,1.7647688706906033,0.9728924483618436,train_inner_branch_input,4
PSM7J4EX,P6025,UC,1,1,-0.8104121321349492,0.5921568496396811,train_inner_branch_input,4
CSM5FZ1M,C3004,UC,1,3,-0.6284979509115242,0.6455364187760283,train_inner_branch_input,4
CSM5FZ1N,C3004,UC,1,3,0.08538558233476239,0.8158784234515952,train_inner_branch_input,4
CSM5FZ1O,C3004,UC,1,3,1.3561348329819298,0.9557007986181251,train_inner_branch_input,4
CSM5FZ2A,C3011,UC,1,1,0.5776115302056439,0.8910752624003581,train_inner_branch_input,4
CSM5FZ2B,C3011,UC,1,1,1.8101838585424024,0.9743450461326495,train_inner_branch_input,4
CSM5FZ2C,C3011,UC,1,1,2.295222634233532,0.9858135412921941,train_inner_branch_input,4
CSMDRVY2,C3035,CD,1,3,0.7199615883089068,0.9071294790014828,train_inner_branch_input,4
CSMDRVY3,C3035,CD,1,3,1.434801852181178,0.9596688303881958,train_inner_branch_input,4
CSMDRVY4,C3035,CD,1,3,1.4063791736318312,0.9582760732557946,train_inner_branch_input,4
ESM5GEYA,E5009,CD,1,1,0.13738511060914146,0.8254097611054886,train_inner_branch_input,4
ESM5GEYB,E5009,CD,1,1,0.4566212885766435,0.875563237293122,train_inner_branch_input,4
ESM6ZK8Z,E5009,CD,1,1,2.502809894990869,0.9890102766631734,train_inner_branch_input,4
HSM5FZAQ,H4006,CD,1,3,-0.9698231246931124,0.543472726032637,train_inner_branch_input,4
HSM5FZAR,H4006,CD,1,3,3.1315381550029837,0.9949478186424666,train_inner_branch_input,4
HSM6S4FN,H4018,nonIBD,0,2,-0.6190515996264147,0.6482240959734039,train_inner_branch_input,4
HSM6S4FO,H4018,nonIBD,0,2,-0.38196807772123925,0.712292976474522,train_inner_branch_input,4
HSM6S4FP,H4018,nonIBD,0,2,-0.5912499340467827,0.6560794204498333,train_inner_branch_input,4
HSM6S4G5,H4024,nonIBD,0,1,-0.726805134753413,0.617045689643817,train_inner_branch_input,4
HSM6S4G6,H4024,nonIBD,0,1,-1.4035185756268103,0.40953991779857035,train_inner_branch_input,4
HSM6S4G7,H4024,nonIBD,0,1,-0.42742874712388307,0.7005508028369025,train_inner_branch_input,4
HSM6S4GG,H4027,UC,1,1,-0.40946182126288855,0.7052243044846769,train_inner_branch_input,4
HSM6S4GH,H4027,UC,1,1,1.3810029575103642,0.9569938267742714,train_inner_branch_input,4
HSM6S4GI,H4027,UC,1,1,-0.28390699906240857,0.7366615982420573,train_inner_branch_input,4
MSM5CFD6,M2014,CD,1,2,-0.029904252651164125,0.7933220265960516,train_inner_branch_input,4
MSM5CFD7,M2014,CD,1,2,-0.13880024879703154,0.7701980021496193,train_inner_branch_input,4
MSM719M9,M2061,nonIBD,0,3,-1.3916796900850563,0.41311049254112375,train_inner_branch_input,4
MSM719MA,M2061,nonIBD,0,3,-0.6231531308569898,0.6470582692088848,train_inner_branch_input,4
MSM719MZ,M2069,UC,1,3,2.0389216885404813,0.9805818543988657,train_inner_branch_input,4
MSM719N1,M2069,UC,1,3,0.29743185592325494,0.8523040910424108,train_inner_branch_input,4
PSM6XBZI,P6009,CD,1,1,2.553302380154439,0.9896732388771041,train_inner_branch_input,4
PSM6XBZJ,P6009,CD,1,1,0.589108607745485,0.8924574413100704,train_inner_branch_input,4
PSM6XC13,P6018,nonIBD,0,1,0.03225237179054633,0.8057281371270315,train_inner_branch_input,4
PSM6XC14,P6018,nonIBD,0,1,0.45765474293063946,0.8757034173567401,train_inner_branch_input,4
CSM5FZ1T,C3006,UC,1,1,-0.5651293708900879,0.6633828679111298,train_inner_branch_input,4
CSM5FZ1U,C3006,UC,1,1,2.795779445410051,0.9923445964592443,train_inner_branch_input,4
CSM5FZ1V,C3006,UC,1,1,2.5491531046278104,0.9896202851615647,train_inner_branch_input,4
CSM5FZ1W,C3006,UC,1,1,-0.3562577057439395,0.7188108625008645,train_inner_branch_input,4
CSM5FZ2O,C3016,CD,1,2,0.20532062756926808,0.8372703465654866,train_inner_branch_input,4
CSM5FZ2P,C3016,CD,1,2,2.1441736698293465,0.9829270074989566,train_inner_branch_input,4
CSM5FZ2Q,C3016,CD,1,2,0.7610075509023256,0.9113478687350214,train_inner_branch_input,4
CSM5FZ2R,C3017,CD,1,2,0.7710976227227276,0.9123580311490977,train_inner_branch_input,4
CSM5FZ2S,C3017,CD,1,2,0.8001721753164102,0.9152108545649893,train_inner_branch_input,4
CSM5FZ2T,C3017,CD,1,2,0.008684939964615501,0.8010919266025447,train_inner_branch_input,4
CSM5FZ3A,C3023,CD,1,1,2.9253287656981812,0.9934779403355458,train_inner_branch_input,4
CSM5FZ3B,C3023,CD,1,1,1.265890785479487,0.9506905477171979,train_inner_branch_input,4
CSM5FZ3C,C3023,CD,1,1,0.46135758710618413,0.8762045673176263,train_inner_branch_input,4
CSMDRVXK,C3029,UC,1,3,-0.22238691227646726,0.7512549118669444,train_inner_branch_input,4
CSMDRVXL,C3029,UC,1,3,2.768812675386678,0.992085161287419,train_inner_branch_input,4
CSMDRVXM,C3029,UC,1,3,2.1264177223636733,0.982551871251997,train_inner_branch_input,4
CSMDRVXN,C3029,UC,1,3,0.70547039405329,0.905597646059042,train_inner_branch_input,4
CSMDRVXS,C3031,CD,1,1,0.2927535151531092,0.8515690444698596,train_inner_branch_input,4
CSMDRVXT,C3031,CD,1,1,0.991063830317008,0.9319322236881641,train_inner_branch_input,4
CSMDRVXU,C3031,CD,1,1,1.6551799906810998,0.9690505154271601,train_inner_branch_input,4
ESM5GEY7,E5013,CD,1,2,0.4424428669804513,0.8736263180649966,train_inner_branch_input,4
ESM5GEY8,E5013,CD,1,2,2.1953834733169804,0.983965094918508,train_inner_branch_input,4
ESM5GEY9,E5013,CD,1,2,-0.18262223917119952,0.7603949709909267,train_inner_branch_input,4
ESM5GEYI,E5004,UC,1,3,2.4149288294679927,0.9877545762867719,train_inner_branch_input,4
ESM5GEYK,E5004,UC,1,3,2.0283739504930685,0.9803301075048897,train_inner_branch_input,4
ESM5GEYL,E5004,UC,1,3,1.7658619499175991,0.9729283319502481,train_inner_branch_input,4
HSM5FZBD,H4009,nonIBD,0,3,-0.8942037404343878,0.5667296382165984,train_inner_branch_input,4
HSM5FZBE,H4009,nonIBD,0,3,-0.6711246638402373,0.6332956407832812,train_inner_branch_input,4
HSM5FZBF,H4007,CD,1,3,2.5665981774489173,0.989841127599038,train_inner_branch_input,4
HSM5FZBG,H4007,CD,1,3,0.3622834150036284,0.862185889717355,train_inner_branch_input,4
HSM6S4FQ,H4019,UC,1,2,-2.189695233596201,0.20667147377194894,train_inner_branch_input,4
HSM6S4FR,H4019,UC,1,2,-0.6812759981601152,0.6303543281547962,train_inner_branch_input,4
HSM6S4FS,H4019,UC,1,2,0.6252911278494586,0.8967070489685073,train_inner_branch_input,4
HSM6S4GB,H4007,CD,1,3,0.028501516601097024,0.8049957892878856,train_inner_branch_input,4
HSM6S4GC,H4007,CD,1,3,-1.432225215545221,0.4009222597039763,train_inner_branch_input,4
HSM6S4GO,H4019,UC,1,2,-1.384448508562638,0.41529592610213073,train_inner_branch_input,4
HSM6S4GP,H4019,UC,1,2,-0.8288746788521728,0.5865915004184915,train_inner_branch_input,4
HSM6S4GQ,H4019,UC,1,2,0.5137980450794416,0.8831173309107841,train_inner_branch_input,4
HSM9JTC7,H4042,UC,1,3,-0.8573284170881799,0.5779713973893514,train_inner_branch_input,4
HSM9JTC8,H4042,UC,1,3,1.819419784613676,0.9746310454221113,train_inner_branch_input,4
MSM5CFCU,M2008,CD,1,3,3.006874450633118,0.9941041462187014,train_inner_branch_input,4
MSM5CFCV,M2008,CD,1,3,-0.16200474161271075,0.7650424945992446,train_inner_branch_input,4
MSM5CFCW,M2008,CD,1,3,0.077686380988,0.8144334537251582,train_inner_branch_input,4
MSM5LWJZ,M2008,CD,1,3,2.0326465699241996,0.9804324668419285,train_inner_branch_input,4
MSM5LWKD,M2008,CD,1,3,2.980338736138259,0.993907226601982,train_inner_branch_input,4
MSM5LWKE,M2008,CD,1,3,0.3254355709626353,0.8566411921651231,train_inner_branch_input,4
MSM5LWL1,M2026,UC,1,3,2.901297205841116,0.9932810956554304,train_inner_branch_input,4
MSM5LWL2,M2026,UC,1,3,1.8253961553425737,0.9748144521720308,train_inner_branch_input,4
MSM5LWL5,M2026,UC,1,3,1.5128038122717282,0.9632657818833813,train_inner_branch_input,4
MSM719MR,M2072,nonIBD,0,1,-0.28100876879419623,0.7373612991911701,train_inner_branch_input,4
MSM719MU,M2072,nonIBD,0,1,0.35136906516383376,0.8605625923268193,train_inner_branch_input,4
PSM6XBZW,P6014,nonIBD,0,1,-0.8912943071588173,0.5676192622769836,train_inner_branch_input,4
PSM6XBZX,P6014,nonIBD,0,1,0.006946036803149566,0.800746574580283,train_inner_branch_input,4
PSM7J4EU,P6024,CD,1,1,1.3392998411794488,0.9548044987831931,train_inner_branch_input,4
PSM7J4EV,P6024,CD,1,1,0.7443934198586909,0.9096616387705277,train_inner_branch_input,4
CSM5FZ27,C3010,CD,1,1,-0.05114573673036149,0.7889502769613288,train_inner_branch_input,4
CSM5FZ28,C3010,CD,1,1,0.2846865701422876,0.8502944989284388,train_inner_branch_input,4
CSM5FZ29,C3010,CD,1,1,0.25858058242087956,0.8461079857600042,train_inner_branch_input,4
CSMDRVXF,C3027,CD,1,3,1.2732076491993307,0.9511160283867449,train_inner_branch_input,4
CSMDRVXG,C3027,CD,1,3,0.8839734192421538,0.9229675558401066,train_inner_branch_input,4
CSMDRVXH,C3027,CD,1,3,1.1946829735723037,0.9463625586153479,train_inner_branch_input,4
CSMDRVXY,C3034,UC,1,2,0.24136400480891648,0.843294944950641,train_inner_branch_input,4
CSMDRVXZ,C3034,UC,1,2,2.754444960085878,0.9919433936066983,train_inner_branch_input,4
CSMDRVY1,C3034,UC,1,2,0.11671583668564918,0.8216685432427075,train_inner_branch_input,4
HSM5FZBB,H4010,UC,1,1,1.233985344831359,0.9487938696957315,train_inner_branch_input,4
HSM5FZBC,H4010,UC,1,1,-1.3056704733562203,0.43930310690688873,train_inner_branch_input,4
HSM5FZBH,H4008,nonIBD,0,1,-0.028137573684051453,0.7936825966342298,train_inner_branch_input,4
HSM5FZBI,H4008,nonIBD,0,1,0.02058040769470881,0.803442338191522,train_inner_branch_input,4
HSM6S4FY,H4022,nonIBD,0,3,-1.0361220920776153,0.5229216643947157,train_inner_branch_input,4
HSM6S4FZ,H4022,nonIBD,0,3,-1.2838625477339414,0.44600450404853687,train_inner_branch_input,4
HSM6S4G1,H4022,nonIBD,0,3,-0.8382127398173893,0.5837680946770096,train_inner_branch_input,4
HSM6S4GM,H4008,nonIBD,0,1,-1.125133657706487,0.4952203183001569,train_inner_branch_input,4
HSM6S4GN,H4008,nonIBD,0,1,-0.8174475691236243,0.5900387919113541,train_inner_branch_input,4
HSM7H3WH,H4030,CD,1,1,-0.8637297571581021,0.5760253401648251,train_inner_branch_input,4
HSM7H3WJ,H4030,CD,1,1,0.6645828572884542,0.9011529011891446,train_inner_branch_input,4
HSM9JTBX,H4039,CD,1,1,-0.5125564230533473,0.6778457953106607,train_inner_branch_input,4
HSM9JTBY,H4039,CD,1,1,1.3592466701048067,0.9558646071194455,train_inner_branch_input,4
HSM9JTBZ,H4039,CD,1,1,0.4402374382321153,0.8733227264501364,train_inner_branch_input,4
HSM9UBMN,H4043,CD,1,2,1.1402579169621414,0.9428155193671607,train_inner_branch_input,4
HSM9UBMO,H4043,CD,1,2,1.1034961171914106,0.9402961647596569,train_inner_branch_input,4
HSM9UBMP,H4043,CD,1,2,-0.9649439843667602,0.5449801673901505,train_inner_branch_input,4
MSM5LWJG,M2034,CD,1,3,0.1724866806053179,0.831621043146387,train_inner_branch_input,4
MSM5LWJH,M2034,CD,1,3,-0.9759833155946588,0.5415683614010595,train_inner_branch_input,4
MSM719NA,M2075,nonIBD,0,3,-0.7243623388277876,0.6177644186859119,train_inner_branch_input,4
PSM7J4F3,P6028,CD,1,2,-0.33149069565414363,0.725003840696539,train_inner_branch_input,4
PSM7J4F4,P6028,CD,1,2,1.3281643164273134,0.9542021745643702,train_inner_branch_input,4
CSM5FZ1F,C3002,CD,1,0,1.7529572428381195,0.972501735447582,train_inner_branch_input,4
CSM5FZ1G,C3002,CD,1,0,1.5615266259390097,0.9653538605678462,train_inner_branch_input,4
CSM5FZ1H,C3002,CD,1,0,1.445755240209934,0.9601935865720616,train_inner_branch_input,4
CSM5FZ1I,C3002,CD,1,0,1.951914278313417,0.9784071615291753,train_inner_branch_input,4
CSM5FZ1Q,C3005,UC,1,0,0.14260270206347428,0.8263443256998961,train_inner_branch_input,4
CSM5FZ1R,C3005,UC,1,0,0.7649227987168825,0.9117410837752669,train_inner_branch_input,4
CSM5FZ1S,C3005,UC,1,0,0.967683186808076,0.9300614660094381,train_inner_branch_input,4
CSM5FZ2L,C3015,UC,1,0,0.10007665856253256,0.8186114088656862,train_inner_branch_input,4
CSM5FZ2M,C3015,UC,1,0,1.8694718720163643,0.9761277384484395,train_inner_branch_input,4
CSM5FZ2N,C3015,UC,1,0,0.5684189395471607,0.8899589343903913,train_inner_branch_input,4
CSMDRVXO,C3030,CD,1,0,1.412714902236845,0.9585904649234538,train_inner_branch_input,4
CSMDRVXP,C3030,CD,1,0,1.5686158184636152,0.9656479796021331,train_inner_branch_input,4
CSMDRVXQ,C3030,CD,1,0,-1.6318199429797984,0.3429369535216355,train_inner_branch_input,4
CSMDRVXR,C3030,CD,1,0,2.15564471356877,0.9831651346099591,train_inner_branch_input,4
HSM5FZAV,H4016,nonIBD,0,0,-0.5373723798240468,0.6710591732830348,train_inner_branch_input,4
HSM5FZAW,H4016,nonIBD,0,0,-0.5838597176013522,0.6581534448438899,train_inner_branch_input,4
HSM5FZAX,H4016,nonIBD,0,0,-0.5488818546942503,0.6678869652058413,train_inner_branch_input,4
HSM5FZB2,H4014,CD,1,0,-0.02026137386588158,0.7952844221483957,train_inner_branch_input,4
HSM5FZB3,H4014,CD,1,0,2.2671132338848436,0.985315466485172,train_inner_branch_input,4
HSM5FZB4,H4013,nonIBD,0,0,-0.8983806004361822,0.5654517191773112,train_inner_branch_input,4
HSM5FZB5,H4013,nonIBD,0,0,-0.980128052256486,0.5402863681158582,train_inner_branch_input,4
HSM7H3WK,H4031,CD,1,0,-0.8389285732866265,0.5835514296437063,train_inner_branch_input,4
HSM7H3WL,H4031,CD,1,0,-1.556816460164437,0.36428561956751443,train_inner_branch_input,4
HSM7H3WM,H4031,CD,1,0,1.6386824188211315,0.9684282446991733,train_inner_branch_input,4
HSM9JBU,H4038,CD,1,0,-1.771542713074644,0.30485841948786074,train_inner_branch_input,4
HSM9JBV,H4038,CD,1,0,1.9542512666585625,0.9784685730597995,train_inner_branch_input,4
HSM9JBW,H4038,CD,1,0,1.853689748264784,0.9756653529455445,train_inner_branch_input,4
HSM9JTC1,H4040,UC,1,0,-1.5946862364188354,0.3534335096043746,train_inner_branch_input,4
HSM9JTC2,H4040,UC,1,0,-0.040939326795071,0.7910592833401714,train_inner_branch_input,4
HSM9JTC3,H4040,UC,1,0,-0.7526842576741493,0.609400532231674,train_inner_branch_input,4
HSM9UBMQ,H4044,UC,1,0,0.8641301461991078,0.9211917975254916,train_inner_branch_input,4
HSM9UBMR,H4044,UC,1,0,0.6532793211096656,0.8998916602461561,train_inner_branch_input,4
MSM5LWJ3,M2028,CD,1,0,0.4720104396377155,0.8776366756764576,train_inner_branch_input,4
MSM5LWJ4,M2028,CD,1,0,-1.005555353634438,0.5324104989186876,train_inner_branch_input,4
MSM5LWJS,M2041,nonIBD,0,0,0.0973793228071728,0.818112000060974,train_inner_branch_input,4
MSM5LWJT,M2041,nonIBD,0,0,-0.6811276514295196,0.6303973814679379,train_inner_branch_input,4
MSM5LWL3,M2025,CD,1,0,-0.937013940289085,0.5535926539028235,train_inner_branch_input,4
MSM5LWL4,M2025,CD,1,0,0.2604224155328454,0.8464064662567201,train_inner_branch_input,4
MSM719MJ,M2025,CD,1,0,0.14177069763302577,0.8261955639679859,train_inner_branch_input,4
MSM719MS,M2068,CD,1,0,-0.2893936640372245,0.7353337126840261,train_inner_branch_input,4
MSM719MT,M2068,CD,1,0,2.560591048704,0.9897656115469359,train_inner_branch_input,4
MSM719N4,M2028,CD,1,0,0.9792514788412535,0.9309929506742247,train_inner_branch_input,4
MSM719N5,M2028,CD,1,0,-1.045373956479265,0.5200460264217043,train_inner_branch_input,4
PSM6XBZC,P6005,CD,1,0,-0.7477182209811413,0.6108718887699752,train_inner_branch_input,4
PSM6XBZD,P6005,CD,1,0,2.852390957765972,0.9928620943561374,train_inner_branch_input,4
PSM6XBZO,P6012,UC,1,0,2.0273416797452546,0.9803052987548493,train_inner_branch_input,4
PSM6XBZP,P6012,UC,1,0,-0.4824291185524126,0.6859850436546138,train_inner_branch_input,4
PSM6XBZQ,P6013,UC,1,0,1.7142199073355546,0.9711815842507289,train_inner_branch_input,4
PSM6XBZR,P6013,UC,1,0,-0.648256745254761,0.6398849952685649,train_inner_branch_input,4
206458,M2021,CD,1,1,-0.26865468297004375,0.7403304104065793,train_inner_branch_input,4
206468,M2021,CD,1,1,-0.5611041029211261,0.6645015519432399,train_inner_branch_input,4
219202,M2047,nonIBD,0,1,-0.5392781986627201,0.6705349635353947,train_inner_branch_input,4
219208,H4020,CD,1,1,1.7015757831129679,0.9707375118936825,train_inner_branch_input,4
219213,H4017,CD,1,2,1.1235127247035577,0.941680567070002,train_inner_branch_input,4
219217,H4020,CD,1,1,0.0807018496377462,0.8150004310504124,train_inner_branch_input,4
219222,H4017,CD,1,2,1.3412366170812509,0.9549084863195928,train_inner_branch_input,4
220932,H4017,CD,1,2,1.683541227843415,0.9700926220078475,train_inner_branch_input,4
222211,P6025,UC,1,1,0.3289287461325891,0.8571746969495098,train_inner_branch_input,4
222223,P6025,UC,1,1,-0.014978773220020208,0.7963535885297239,train_inner_branch_input,4
222377,H4020,CD,1,1,1.6445868784335833,0.9686523331602781,train_inner_branch_input,4
222395,H4020,CD,1,1,2.515386042258577,0.989179235534482,train_inner_branch_input,4
222401,H4017,CD,1,2,1.1918661301631088,0.9461841822796186,train_inner_branch_input,4
223302,M2084,nonIBD,0,2,0.249715053322888,0.8446646285200714,train_inner_branch_input,4
224273,H4045,nonIBD,0,2,-1.0602235965847246,0.5154278058829544,train_inner_branch_input,4
224278,H4020,CD,1,1,1.9917695671928404,0.9794314051199827,train_inner_branch_input,4
224283,H4017,CD,1,2,1.497933364283819,0.9626047235396363,train_inner_branch_input,4
224648,P6025,UC,1,1,0.7600502780723484,0.911251487874119,train_inner_branch_input,4
226387,M2084,nonIBD,0,2,0.10433455119396545,0.8193975796715027,train_inner_branch_input,4
226388,M2047,nonIBD,0,1,-0.7146131667312511,0.620627703090927,train_inner_branch_input,4
226408,M2084,nonIBD,0,2,0.16175049431030528,0.8297401862575252,train_inner_branch_input,4
206460,M2014,CD,1,2,2.192790004499303,0.9839140473651763,train_inner_branch_input,4
206466,M2014,CD,1,2,2.1287021288191004,0.982600584852196,train_inner_branch_input,4
206498,H4006,CD,1,3,-0.3001236593238346,0.7327244791395207,train_inner_branch_input,4
206529,E5009,CD,1,1,-0.6686301429914463,0.634016911373391,train_inner_branch_input,4
219185,M2014,CD,1,2,1.947942842183567,0.9783024067748037,train_inner_branch_input,4
219200,M2014,CD,1,2,1.766566494139247,0.9729514362381054,train_inner_branch_input,4
219203,H4024,nonIBD,0,1,-0.9730757231097031,0.5424673708380356,train_inner_branch_input,4
219210,H4006,CD,1,3,-0.8266871245120729,0.5872521025773029,train_inner_branch_input,4
219220,H4018,nonIBD,0,2,-0.6329552895949482,0.6442650058021391,train_inner_branch_input,4
219221,H4006,CD,1,3,-0.4122263311943602,0.7045079757456705,train_inner_branch_input,4
219710,P6009,CD,1,1,-0.08738541744212507,0.7813362480375049,train_inner_branch_input,4
219721,P6018,nonIBD,0,1,-1.3435269030157737,0.42772388559758434,train_inner_branch_input,4
220201,M2061,nonIBD,0,3,-0.287964229858096,0.7356800776147207,train_inner_branch_input,4
220210,M2014,CD,1,2,0.8362341324153623,0.9186320871597072,train_inner_branch_input,4
220217,M2069,UC,1,3,1.5970501493579077,0.9668036507499039,train_inner_branch_input,4
220936,H4027,UC,1,1,0.9194733016962707,0.9260531502730039,train_inner_branch_input,4
220943,H4006,CD,1,3,0.5770612460257193,0.8910087177658537,train_inner_branch_input,4
220944,H4018,nonIBD,0,2,-0.35345620575253217,0.7195156214185863,train_inner_branch_input,4
222397,H4027,UC,1,1,-0.11724086966858117,0.7749164095286586,train_inner_branch_input,4
222403,H4006,CD,1,3,-0.6931665680135579,0.6268967417407544,train_inner_branch_input,4
224270,H4027,UC,1,1,1.2534997457370838,0.9499619822302183,train_inner_branch_input,4
224276,H4024,nonIBD,0,1,-1.2147419162476116,0.46736326713624277,train_inner_branch_input,4
224289,H4018,nonIBD,0,2,-0.6946951888140062,0.6264512923931647,train_inner_branch_input,4
224291,H4027,UC,1,1,1.1113889660427545,0.9408456930610039,train_inner_branch_input,4
224642,P6009,CD,1,1,0.3395536220995738,0.8587872452713943,train_inner_branch_input,4
224651,P6018,nonIBD,0,1,-1.4148989211116036,0.4061166006706799,train_inner_branch_input,4
226395,M2069,UC,1,3,1.3891719427541862,0.9574106560869151,train_inner_branch_input,4
226396,M2061,nonIBD,0,3,-0.23754270354521953,0.7477105260365461,train_inner_branch_input,4
206454,M2008,CD,1,3,0.25374565064269866,0.8453221970668349,train_inner_branch_input,4
206459,M2008,CD,1,3,0.07352247367532072,0.8136483394289373,train_inner_branch_input,4
206462,M2026,UC,1,3,1.2633780497447717,0.9505436220926395,train_inner_branch_input,4
206467,M2008,CD,1,3,-0.37311133480093245,0.7145484179267242,train_inner_branch_input,4
206472,M2026,UC,1,3,0.9626674005797057,0.9296539891835742,train_inner_branch_input,4
206501,H4007,CD,1,3,1.3136392984177847,0.9534050206055553,train_inner_branch_input,4
206503,H4009,nonIBD,0,3,-0.5717356341286085,0.6615429144184312,train_inner_branch_input,4
206509,H4007,CD,1,3,1.0154107921642528,0.9338309166548271,train_inner_branch_input,4
206516,E5004,UC,1,3,1.31697955309303,0.9535894990919376,train_inner_branch_input,4
206527,E5004,UC,1,3,0.9573242132849061,0.9292175015585896,train_inner_branch_input,4
206528,E5013,CD,1,2,-0.2764511579621668,0.7384591896988446,train_inner_branch_input,4
219188,M2008,CD,1,3,-0.5008484630340098,0.6810220261396215,train_inner_branch_input,4
219192,M2026,UC,1,3,0.7751225175173657,0.9127580706413307,train_inner_branch_input,4
219199,M2008,CD,1,3,-0.49971210742980243,0.6813294187859809,train_inner_branch_input,4
219205,H4007,CD,1,3,0.8642358627678387,0.9212013564526441,train_inner_branch_input,4
219218,H4019,UC,1,2,-0.08251562817294099,0.7823707988217896,train_inner_branch_input,4
219718,P6014,nonIBD,0,1,-0.4665868019414252,0.6902199848460595,train_inner_branch_input,4
219972,E5004,UC,1,3,0.7945793819755855,0.9146687099817183,train_inner_branch_input,4
220207,M2026,UC,1,3,-0.5746393172548787,0.6607326385772502,train_inner_branch_input,4
220216,M2072,nonIBD,0,1,0.5207478000755799,0.8840078968765804,train_inner_branch_input,4
220931,H4009,nonIBD,0,3,-0.6746446268485382,0.6322768557562116,train_inner_branch_input,4
220945,H4019,UC,1,2,-0.5372638988886701,0.671088998985103,train_inner_branch_input,4
220949,H4019,UC,1,2,-0.7623149156666251,0.6065414659011659,train_inner_branch_input,4
222210,P6024,CD,1,1,2.5175734932868,0.9892083602200793,train_inner_branch_input,4
222392,H4019,UC,1,2,-0.5948813582807606,0.6550580901127925,train_inner_branch_input,4
222396,H4009,nonIBD,0,3,-0.7186803280717371,0.6194342058651068,train_inner_branch_input,4
222402,H4007,CD,1,3,1.1667628178435436,0.9445696337847915,train_inner_branch_input,4
223287,M2026,UC,1,3,1.0001304280333578,0.9326451112976153,train_inner_branch_input,4
223309,M2072,nonIBD,0,1,0.07567802543160142,0.8140550929570578,train_inner_branch_input,4
224268,H4042,UC,1,3,-1.157435858948471,0.48516585129777023,train_inner_branch_input,4
224286,H4019,UC,1,2,0.11608627687031757,0.8215536115372711,train_inner_branch_input,4
224287,H4042,UC,1,3,-1.0662138313448688,0.513564059335007,train_inner_branch_input,4
225341,H4042,UC,1,3,-0.9310858756549292,0.5554166734161377,train_inner_branch_input,4
225345,H4042,UC,1,3,-1.1217593332648892,0.4962709825111671,train_inner_branch_input,4
226397,M2072,nonIBD,0,1,-0.15958715268775261,0.7655833475793876,train_inner_branch_input,4
206469,M2034,CD,1,3,-0.20133428503142323,0.7561227948378948,train_inner_branch_input,4
206499,H4008,nonIBD,0,1,-0.2791082906954899,0.7378194690038548,train_inner_branch_input,4
206504,H4010,UC,1,1,-0.25793941904410334,0.74288794200967,train_inner_branch_input,4
219190,M2034,CD,1,3,-0.2628990595170094,0.7417062198126957,train_inner_branch_input,4
219198,M2034,CD,1,3,-0.22101265376468426,0.7515746482966656,train_inner_branch_input,4
219207,H4008,nonIBD,0,1,-0.3129839659004503,0.7295757695587984,train_inner_branch_input,4
219212,H4022,nonIBD,0,3,-1.2312394676196343,0.4622515426030626,train_inner_branch_input,4
219214,H4010,UC,1,1,-0.39701017001434563,0.7084381558299916,train_inner_branch_input,4
220941,H4010,UC,1,1,-0.03262629498967997,0.7927655601446867,train_inner_branch_input,4
220946,H4030,CD,1,1,1.4449049601250485,0.9601530866458269,train_inner_branch_input,4
221781,H4043,CD,1,2,0.04200465859304901,0.8076224792176822,train_inner_branch_input,4
222214,P6028,CD,1,2,0.3774979095722865,0.8644222266358144,train_inner_branch_input,4
222220,P6033,CD,1,2,0.26178154407089155,0.8466264174996347,train_inner_branch_input,4
222381,H4022,nonIBD,0,3,-0.7409669634136903,0.6128689383183715,train_inner_branch_input,4
222386,H4010,UC,1,1,-0.1697364158591968,0.7633069982943981,train_inner_branch_input,4
222388,H4030,CD,1,1,-0.02928769697758886,0.7934479153286886,train_inner_branch_input,4
222389,H4039,CD,1,1,-1.4238731539700071,0.4034234669572826,train_inner_branch_input,4
222398,H4008,nonIBD,0,1,-0.4578279288173666,0.6925478253350891,train_inner_branch_input,4
223288,M2034,CD,1,3,0.30382879071219626,0.853304284399071,train_inner_branch_input,4
223292,M2034,CD,1,3,1.0240301856684317,0.9344912246061956,train_inner_branch_input,4
223294,M2075,nonIBD,0,3,-0.01988850885274411,0.7953600242964095,train_inner_branch_input,4
224259,H4039,CD,1,1,-0.5529642379928793,0.666758101950047,train_inner_branch_input,4
224263,H4043,CD,1,2,0.13926217331314195,0.8257464327551245,train_inner_branch_input,4
224265,H4030,CD,1,1,1.2519446199696267,0.9498698271908227,train_inner_branch_input,4
224271,H4043,CD,1,2,-0.5537660273778572,0.6665361652134036,train_inner_branch_input,4
224275,H4039,CD,1,1,-0.8628072556912858,0.5763059347371967,train_inner_branch_input,4
224280,H4022,nonIBD,0,3,-1.1130664256046219,0.49897782450907735,train_inner_branch_input,4
224282,H4043,CD,1,2,0.06339297343093217,0.8117277126209861,train_inner_branch_input,4
224645,P6033,CD,1,2,-0.23398169784542766,0.7485463145040493,train_inner_branch_input,4
224652,P6028,CD,1,2,1.1589176392061917,0.9440557788068151,train_inner_branch_input,4
224654,P6033,CD,1,2,-0.24492572938996565,0.7459718323390145,train_inner_branch_input,4
225306,H4043,CD,1,2,-0.5072678658119767,0.6792825762580125,train_inner_branch_input,4
225343,H4039,CD,1,1,0.3910679388701667,0.8663909592721273,train_inner_branch_input,4
226386,M2075,nonIBD,0,3,-0.5106661843893104,0.6783597182888108,train_inner_branch_input,4
226409,M2075,nonIBD,0,3,-0.32298098048997737,0.727112041985865,train_inner_branch_input,4
206461,M2025,CD,1,0,-0.012557194714583497,0.7968423101935661,train_inner_branch_input,4
206463,M2028,CD,1,0,-0.012505175371566802,0.7968527991155961,train_inner_branch_input,4
206473,M2028,CD,1,0,-0.20341607848163237,0.7556443210454086,train_inner_branch_input,4
206507,H4013,nonIBD,0,0,-1.38275767649937,0.4158074197937079,train_inner_branch_input,4
206508,H4014,CD,1,0,-0.9274105048806545,0.5565468102117527,train_inner_branch_input,4
206512,H4016,nonIBD,0,0,0.26547118905087336,0.8472222217690957,train_inner_branch_input,4
219183,M2025,CD,1,0,-0.34556898691791016,0.7214939682912156,train_inner_branch_input,4
219194,M2025,CD,1,0,-0.5509238551179682,0.6673225500496489,train_inner_branch_input,4
219195,M2028,CD,1,0,-0.38278215097171964,0.712085133778896,train_inner_branch_input,4
219219,H4014,CD,1,0,-1.4670927864049474,0.3905373903247409,train_inner_branch_input,4
219708,P6005,CD,1,0,0.0630303701919576,0.8116586793759296,train_inner_branch_input,4
219712,P6013,UC,1,0,-0.26335638302934683,0.7415970763111889,train_inner_branch_input,4
219714,P6012,UC,1,0,1.2166642573020836,0.947735478429657,train_inner_branch_input,4
219716,P6005,CD,1,0,-0.08150330672102227,0.7825854149111318,train_inner_branch_input,4
220203,M2025,CD,1,0,-0.5165818649466141,0.6767499140590529,train_inner_branch_input,4
220206,M2028,CD,1,0,-0.5786858581411987,0.6596018757339338,train_inner_branch_input,4
220214,M2068,CD,1,0,-0.7229414242746673,0.6181822490898272,train_inner_branch_input,4
220218,M2028,CD,1,0,-0.07022714312490703,0.7849656676816568,train_inner_branch_input,4
220933,H4014,CD,1,0,-1.3811210727652325,0.41630268166884543,train_inner_branch_input,4
220942,H4016,nonIBD,0,0,0.2924654052121211,0.8515236789303826,train_inner_branch_input,4
222376,H4014,CD,1,0,-1.5651320829289668,0.36189035435700345,train_inner_branch_input,4
222379,H4013,nonIBD,0,0,-0.7251041044133893,0.617546227800965,train_inner_branch_input,4
222380,H4014,CD,1,0,-1.318314580547302,0.43542762809514235,train_inner_branch_input,4
222385,H4031,CD,1,0,1.0069143236004123,0.9331739777595864,train_inner_branch_input,4
222390,H4038,CD,1,0,-0.012048826651916884,0.7969447977097452,train_inner_branch_input,4
223289,M2025,CD,1,0,-0.21772892963583115,0.7523375281483148,train_inner_branch_input,4
223305,M2041,nonIBD,0,0,0.11820602750688802,0.8219403597639309,train_inner_branch_input,4
224258,H4038,CD,1,0,0.011802522897330024,0.8017099621494362,train_inner_branch_input,4
224260,H4044,UC,1,0,-0.45299945038914285,0.693826919124495,train_inner_branch_input,4
224264,H4040,UC,1,0,-0.24747128007078223,0.7453705295472602,train_inner_branch_input,4
224266,H4031,CD,1,0,0.945501678543202,0.9282428073868693,train_inner_branch_input,4
224279,H4044,UC,1,0,0.1389886502622118,0.8256974053161611,train_inner_branch_input,4
224281,H4038,CD,1,0,0.2575446005890184,0.8459398900391008,train_inner_branch_input,4
224285,H4016,nonIBD,0,0,0.08846449681991513,0.8164538238250663,train_inner_branch_input,4
224288,H4031,CD,1,0,0.9387269081986933,0.9276787023518152,train_inner_branch_input,4
224292,H4013,nonIBD,0,0,-1.0913332803982345,0.5057451173161338,train_inner_branch_input,4
224294,H4040,UC,1,0,-0.33607359190942543,0.7238642926504109,train_inner_branch_input,4
224639,P6005,CD,1,0,0.08117808578835106,0.8150898518306625,train_inner_branch_input,4
224644,P6013,UC,1,0,0.056603092934266845,0.810431812663347,train_inner_branch_input,4
225340,H4040,UC,1,0,-0.046795482730654384,0.7898510953220375,train_inner_branch_input,4
225344,H4038,CD,1,0,0.4169055870957326,0.8700726168518168,train_inner_branch_input,4
226400,M2068,CD,1,0,-0.1647906360688822,0.764418174370346,train_inner_branch_input,4
206604,M2027,CD,1,4,0.13553937836335717,0.8250782090023961,outer_test_branch_input,4
206605,M2027,CD,1,4,-0.23494112668560013,0.7483213121255206,outer_test_branch_input,4
206761,H4035,UC,1,4,-0.050186841444579085,0.7891490806287387,outer_test_branch_input,4
206762,H4035,UC,1,4,0.14988681764929704,0.8276424270025218,outer_test_branch_input,4
215003,M2039,nonIBD,0,4,-0.21176530717473713,0.7537189823661287,outer_test_branch_input,4
215004,M2039,nonIBD,0,4,-0.16842027715511448,0.7636030499523342,outer_test_branch_input,4
215009,M2042,nonIBD,0,4,-0.4420991623083264,0.6967035012483437,outer_test_branch_input,4
215010,M2042,nonIBD,0,4,-0.4278903737526088,0.7004301680925493,outer_test_branch_input,4
215055,M2060,nonIBD,0,4,-0.1910462176991481,0.7584780450416653,outer_test_branch_input,4
215056,M2060,nonIBD,0,4,-0.3024924419536933,0.7321462609005277,outer_test_branch_input,4
219655,P6017,nonIBD,0,4,-0.25339012599061284,0.743968778222043,outer_test_branch_input,4
219656,P6017,nonIBD,0,4,-0.07608474190583894,0.7837315722451154,outer_test_branch_input,4
206695,H4001,CD,1,4,-0.13047964112062824,0.7720272038368984,outer_test_branch_input,4
206750,H4028,CD,1,4,0.034998050003750995,0.8062629015374982,outer_test_branch_input,4
206751,H4028,CD,1,4,-0.17998819269405625,0.7609922208192708,outer_test_branch_input,4
206700,H4004,CD,1,4,-0.008224661280259905,0.7977145182151186,outer_test_branch_input,4
206723,H4015,CD,1,4,-0.22883812155941965,0.749750291188441,outer_test_branch_input,4
206724,H4015,CD,1,4,-0.10722354729829524,0.7770852432122968,outer_test_branch_input,4
206757,H4004,CD,1,4,-0.18982368205567945,0.7587568874770309,outer_test_branch_input,4
206758,H4004,CD,1,4,-0.13326308493019604,0.7714164360402512,outer_test_branch_input,4
219653,P6016,CD,1,4,-0.1251798916750788,0.7731869392572954,outer_test_branch_input,4
219654,P6016,CD,1,4,-0.11483389738576073,0.7754389023731747,outer_test_branch_input,4
219659,P6016,CD,1,4,-0.10215299079545719,0.7781773648504794,outer_test_branch_input,4
219693,P6016,CD,1,4,-0.06367524536942619,0.7863399724785501,outer_test_branch_input,4
206620,C3003,UC,1,4,-0.22156702143246135,0.7514457016488135,outer_test_branch_input,4
206621,C3003,UC,1,4,-0.22181314101710997,0.7513884395547024,outer_test_branch_input,4
206622,C3003,UC,1,4,-0.08285075104652657,0.782299717785099,outer_test_branch_input,4
206740,H4023,nonIBD,0,4,-0.3531908799755803,0.7195823121586872,outer_test_branch_input,4
206741,H4023,nonIBD,0,4,-0.5534209861494889,0.6666316822975829,outer_test_branch_input,4
215061,M2064,UC,1,4,-0.42072590916891633,0.7022992846665074,outer_test_branch_input,4
215062,M2064,UC,1,4,-0.41171607098835755,0.7046402683643559,outer_test_branch_input,4
CSM6J2H9_P,M2039,nonIBD,0,4,0.09291120784241215,0.8172823818408732,outer_test_branch_input,4
CSM79HKX,C3028,CD,1,4,-0.41922371050047375,0.7026903359245099,outer_test_branch_input,4
CSM79HKZ,C3028,CD,1,4,0.2273145933087757,0.8409684876956628,outer_test_branch_input,4
CSM79HL4,C3028,CD,1,4,-0.3738751946619925,0.7143543136382827,outer_test_branch_input,4
CSM79HL6,C3028,CD,1,4,-0.34683236322544003,0.7211776531045817,outer_test_branch_input,4
CSM7KOKR,C3028,CD,1,4,0.09825124914703864,0.818273553141887,outer_test_branch_input,4
CSM7KOKT,C3028,CD,1,4,-0.5121759777072291,0.6779492664127409,outer_test_branch_input,4
CSM7KOKZ,C3028,CD,1,4,-0.9227337680868573,0.5579840090118346,outer_test_branch_input,4
CSM7KOL2,C3028,CD,1,4,-0.3053398046393301,0.7314501726458668,outer_test_branch_input,4
CSM7KORC,C3028,CD,1,4,0.15961797154076457,0.8293646110265654,outer_test_branch_input,4
CSM7KORG,C3028,CD,1,4,-0.7026156452338636,0.6241398022386127,outer_test_branch_input,4
CSM7KORI,C3028,CD,1,4,-0.362785840019578,0.717164437558843,outer_test_branch_input,4
CSM7KORK,C3028,CD,1,4,-1.209030397758229,0.4691346196047127,outer_test_branch_input,4
HSM5MD8J_P,H4011,CD,1,4,-0.4917467670357224,0.683479663959196,outer_test_branch_input,4
HSM7CZ2X_P,H4035,UC,1,4,-0.2735967814084093,0.7391452739161365,outer_test_branch_input,4
HSM7J4HM,H4035,UC,1,4,-0.1192105808725787,0.7744881936685755,outer_test_branch_input,4
HSM7J4HO,H4035,UC,1,4,3.280375285270798,0.9957991449679915,outer_test_branch_input,4
HSM7J4HQ,H4035,UC,1,4,-0.04038184745924596,0.7911740304614818,outer_test_branch_input,4
HSM7J4HS,H4035,UC,1,4,2.988628259027109,0.9939694345861412,outer_test_branch_input,4
HSM7J4HU,H4035,UC,1,4,-0.29649420809340343,0.7336088860591902,outer_test_branch_input,4
HSM7J4JZ,H4035,UC,1,4,2.2698126086883703,0.9853640354497913,outer_test_branch_input,4
HSM7J4K2,H4035,UC,1,4,-0.35376257977150344,0.7194386009933532,outer_test_branch_input,4
HSM7J4K4,H4035,UC,1,4,-0.5187143174859234,0.6761685895834463,outer_test_branch_input,4
HSM7J4K6,H4035,UC,1,4,-0.3953558789212128,0.7088635843675339,outer_test_branch_input,4
HSM7J4K8,H4035,UC,1,4,0.5108473955535295,0.882737433528233,outer_test_branch_input,4
HSM7J4KA,H4035,UC,1,4,-0.48514027740516436,0.6852571614914001,outer_test_branch_input,4
HSMA33MA,H4035,UC,1,4,-0.582848205040844,0.6584368526161235,outer_test_branch_input,4
HSMA33MC,H4035,UC,1,4,-0.4503074602955194,0.6945387514952278,outer_test_branch_input,4
HSMA33ME,H4035,UC,1,4,-0.43235425141963585,0.6992622106196485,outer_test_branch_input,4
HSMA33MG,H4035,UC,1,4,-0.20371027235299075,0.7555766531206936,outer_test_branch_input,4
HSMA33MI,H4035,UC,1,4,2.157928383109929,0.9832121501378582,outer_test_branch_input,4
HSMA33MK,H4035,UC,1,4,-0.36526207628789165,0.7165383945316512,outer_test_branch_input,4
HSMA33OP,H4035,UC,1,4,-0.2128102530863277,0.7534772992686164,outer_test_branch_input,4
HSMA33OR,H4035,UC,1,4,1.9562951520443197,0.9785221423641537,outer_test_branch_input,4
HSMA33OT,H4035,UC,1,4,-0.8422675565571686,0.5825403770147463,outer_test_branch_input,4
HSMA33OV,H4035,UC,1,4,-0.27398060717759454,0.7390530845165519,outer_test_branch_input,4
HSMA33OX,H4035,UC,1,4,-0.3466242898104691,0.7212297642037085,outer_test_branch_input,4
HSMA33OZ,H4035,UC,1,4,0.39326941547036554,0.8667080592031089,outer_test_branch_input,4
MSM5LLH2_P,M2027,CD,1,4,0.645887477451159,0.8990591667971005,outer_test_branch_input,4
MSM5LLH4_P,M2027,CD,1,4,0.2428786633873379,0.8435440970968705,outer_test_branch_input,4
MSM5LLH8_P,M2027,CD,1,4,0.6808850739988559,0.9029469724608132,outer_test_branch_input,4
MSM5LLHA_P,M2027,CD,1,4,0.1960201789847729,0.8356858172940014,outer_test_branch_input,4
MSM5LLHC,M2027,CD,1,4,-0.20218253657822527,0.7559279116408573,outer_test_branch_input,4
MSM5LLIS_P,M2027,CD,1,4,0.5645472757993629,0.8894857747194209,outer_test_branch_input,4
MSM6J2HN,M2039,nonIBD,0,4,-0.2677947716385848,0.7405362634195711,outer_test_branch_input,4
MSM6J2HP,M2039,nonIBD,0,4,-0.015657202038368654,0.7962165115794011,outer_test_branch_input,4
MSM6J2HR,M2039,nonIBD,0,4,-0.26017805194888927,0.7423549860999021,outer_test_branch_input,4
MSM6J2HT,M2039,nonIBD,0,4,0.4302769637267801,0.8719438264942942,outer_test_branch_input,4
MSM6J2JH_P,M2042,nonIBD,0,4,-0.25799837041876017,0.7428739165813937,outer_test_branch_input,4
MSM6J2JZ,M2042,nonIBD,0,4,-0.19014347931889214,0.7586839676268764,outer_test_branch_input,4
MSM6J2K2,M2042,nonIBD,0,4,-0.34288862925381214,0.7221643271009882,outer_test_branch_input,4
MSM6J2K4,M2042,nonIBD,0,4,-0.31467152538799553,0.7291608601761229,outer_test_branch_input,4
MSM6J2K6,M2042,nonIBD,0,4,-1.4727964966309972,0.38884774167069336,outer_test_branch_input,4
MSM6J2K8,M2042,nonIBD,0,4,-0.4815271160983736,0.6862270075741832,outer_test_branch_input,4
MSM6J2KA,M2042,nonIBD,0,4,-0.3722424607882373,0.7147691110235629,outer_test_branch_input,4
MSM6J2KC,M2027,CD,1,4,-0.0682531875202984,0.7853803926139429,outer_test_branch_input,4
MSM6J2KE,M2027,CD,1,4,-1.1332317094708524,0.4926990158530778,outer_test_branch_input,4
MSM6J2KM,M2027,CD,1,4,-0.18478991006440956,0.7599027021050382,outer_test_branch_input,4
MSM6J2QF,M2039,nonIBD,0,4,0.17695708531273424,0.83239930635735,outer_test_branch_input,4
MSM6J2QH,M2039,nonIBD,0,4,0.14454498356935963,0.8266912126347549,outer_test_branch_input,4
MSM6J2QJ,M2039,nonIBD,0,4,-0.18582664136362528,0.7596670203907556,outer_test_branch_input,4
MSM6J2QL,M2039,nonIBD,0,4,-0.2630560408358741,0.7416687584938584,outer_test_branch_input,4
MSM6J2QP,M2039,nonIBD,0,4,-1.4707522356421014,0.389453022246461,outer_test_branch_input,4
MSM6J2R2,M2027,CD,1,4,-0.8005984083773758,0.5951056006120066,outer_test_branch_input,4
MSM6J2R8,M2027,CD,1,4,-1.5901598507986672,0.3547229433468049,outer_test_branch_input,4
MSM6J2RA,M2027,CD,1,4,-0.24070497690797177,0.746966780943224,outer_test_branch_input,4
MSM6J2RC,M2027,CD,1,4,-0.2063813988577413,0.7549616838486329,outer_test_branch_input,4
MSM6J2RK,M2042,nonIBD,0,4,-0.30508015238718783,0.7315136966554143,outer_test_branch_input,4
MSM6J2RM,M2042,nonIBD,0,4,-0.2620797395899753,0.7419016811799205,outer_test_branch_input,4
MSM6J2RO,M2042,nonIBD,0,4,-1.2698563919037569,0.45031901321303985,outer_test_branch_input,4
MSM6J2RQ,M2042,nonIBD,0,4,-0.264736273262154,0.7412675736414392,outer_test_branch_input,4
MSM6J2RS,M2042,nonIBD,0,4,-0.2767424551001678,0.7383891073821186,outer_test_branch_input,4
MSM6J2RU,M2042,nonIBD,0,4,-0.3558909032330112,0.7189031984345141,outer_test_branch_input,4
MSM79H52_P,M2060,nonIBD,0,4,-0.4180340233044873,0.7029998240480912,outer_test_branch_input,4
MSM79H54,M2060,nonIBD,0,4,0.059435981277501077,0.8109733197993103,outer_test_branch_input,4
MSM79H58,M2060,nonIBD,0,4,-0.7545816493741443,0.6088378382530029,outer_test_branch_input,4
MSM79H5A,M2060,nonIBD,0,4,-0.5340262180368918,0.6719785300515994,outer_test_branch_input,4
MSM79H5Q,M2039,nonIBD,0,4,-1.1666318557276767,0.4823053210592077,outer_test_branch_input,4
MSM79H5S,M2039,nonIBD,0,4,-0.5011745686007382,0.6809337830531358,outer_test_branch_input,4
MSM79H5U,M2039,nonIBD,0,4,-0.36336070034282403,0.7170191757964851,outer_test_branch_input,4
MSM79H5Y,M2039,nonIBD,0,4,-0.19588340455987774,0.7573726010384777,outer_test_branch_input,4
MSM79H6D,M2042,nonIBD,0,4,-0.38332478176547846,0.7119465439423579,outer_test_branch_input,4
MSM79H6F,M2042,nonIBD,0,4,-0.47842769910601857,0.6870576601455519,outer_test_branch_input,4
MSM79H6H,M2042,nonIBD,0,4,-0.2287994462548199,0.7497593295026952,outer_test_branch_input,4
MSM79H6J,M2042,nonIBD,0,4,-0.37035147539711183,0.7152490647461298,outer_test_branch_input,4
MSM79H6L,M2042,nonIBD,0,4,-0.03722154113100851,0.7918236459249821,outer_test_branch_input,4
MSM79H6N,M2042,nonIBD,0,4,-0.06739469020514956,0.7855605800626186,outer_test_branch_input,4
MSM79H9A,M2060,nonIBD,0,4,-0.3051412381412017,0.7314987528610709,outer_test_branch_input,4
MSM79H9C,M2060,nonIBD,0,4,-0.6203720976742328,0.6478489472165663,outer_test_branch_input,4
MSM79H9G,M2060,nonIBD,0,4,-0.9030187369788508,0.5640316521949662,outer_test_branch_input,4
MSM79H9K,M2060,nonIBD,0,4,-0.9729050885533502,0.5425201214441275,outer_test_branch_input,4
MSM79H9Y,M2042,nonIBD,0,4,-0.04904678604140018,0.789385264833576,outer_test_branch_input,4
MSM79HA1,M2042,nonIBD,0,4,-0.29546838262021896,0.7338585160836135,outer_test_branch_input,4
MSM79HA3,M2042,nonIBD,0,4,-1.7348384510739299,0.3146324177316563,outer_test_branch_input,4
MSM79HA7,M2042,nonIBD,0,4,-0.41944347064812665,0.7026331466306369,outer_test_branch_input,4
MSM79HAH,M2039,nonIBD,0,4,-1.597273437695631,0.3526974476395378,outer_test_branch_input,4
MSM9VZF7,M2060,nonIBD,0,4,-0.19204055813172963,0.7582510886477597,outer_test_branch_input,4
MSM9VZFF,M2060,nonIBD,0,4,-0.5075151449080443,0.6792154715318155,outer_test_branch_input,4
MSM9VZFH,M2060,nonIBD,0,4,-0.5873717757144985,0.6571685527951506,outer_test_branch_input,4
MSM9VZPT,M2060,nonIBD,0,4,-0.45210788918834033,0.6940627738009009,outer_test_branch_input,4
PSM6XBW1_P,P6017,nonIBD,0,4,-0.37982575179449485,0.7128395104377651,outer_test_branch_input,4
PSM7J16U,P6017,nonIBD,0,4,-0.19877858714275493,0.7567093210698255,outer_test_branch_input,4
PSM7J16W,P6017,nonIBD,0,4,-0.4830172023175974,0.685827234564031,outer_test_branch_input,4
PSM7J16Y,P6017,nonIBD,0,4,-2.1568900054157676,0.21345133827059187,outer_test_branch_input,4
PSM7J171,P6017,nonIBD,0,4,-0.34545153769534775,0.7215233631974541,outer_test_branch_input,4
PSM7J173,P6017,nonIBD,0,4,-0.4651049480797049,0.6906144988477926,outer_test_branch_input,4
PSM7J19N,P6017,nonIBD,0,4,-0.3529236435625761,0.7196494733617935,outer_test_branch_input,4
PSM7J19P,P6017,nonIBD,0,4,-0.0570790526656221,0.7877170954241486,outer_test_branch_input,4
PSM7J19R,P6017,nonIBD,0,4,-0.5640393780665469,0.6636859752213023,outer_test_branch_input,4
PSM7J19T,P6017,nonIBD,0,4,-0.36514733945697364,0.7165674208406753,outer_test_branch_input,4
ESM5GEYU_P,E5002,nonIBD,0,4,0.7389320341661746,0.9091010635331847,outer_test_branch_input,4
ESM5GEZ1_P,E5002,nonIBD,0,4,0.5038809014899647,0.8818362444615236,outer_test_branch_input,4
ESM5GEZ3_P,E5002,nonIBD,0,4,0.4557974396457045,0.8754513914449864,outer_test_branch_input,4
ESM5ME9H_P,E5002,nonIBD,0,4,0.12658518699321797,0.8234627087417482,outer_test_branch_input,4
ESM5MEBP_P,E5002,nonIBD,0,4,0.24699398025342081,0.84421941250548,outer_test_branch_input,4
ESM5MEC7_P,E5022,UC,1,4,-0.36936230569639195,0.7154999335978767,outer_test_branch_input,4
ESM7F5AE_P,E5019,CD,1,4,-0.3428281595240458,0.7221794391549043,outer_test_branch_input,4
HSM5FZBP_P,H4001,CD,1,4,-0.1786082923480816,0.7613046947511302,outer_test_branch_input,4
HSM5FZBQ_P,H4001,CD,1,4,0.09870200125081957,0.8183570260412165,outer_test_branch_input,4
HSM5FZBR_P,H4001,CD,1,4,-0.41244833076201753,0.7044504082868676,outer_test_branch_input,4
HSM5FZBZ,H4001,CD,1,4,0.0391917298539263,0.8070775274745241,outer_test_branch_input,4
HSM5FZC2_P,H4001,CD,1,4,-0.055804538367945695,0.787982433936257,outer_test_branch_input,4
HSM5MD5H_P,H4001,CD,1,4,-0.382185824337717,0.7122373919057273,outer_test_branch_input,4
HSM5MD5K_P,H4001,CD,1,4,-0.024455095127194317,0.7944326743366825,outer_test_branch_input,4
HSM5MD79,H4001,CD,1,4,-0.775712826379086,0.6025518784045137,outer_test_branch_input,4
HSM5MD7J,H4001,CD,1,4,-0.514433933591313,0.6773349066605749,outer_test_branch_input,4
HSM5MD7W_P,H4001,CD,1,4,-0.31313802680086966,0.7295379081941366,outer_test_branch_input,4
HSM67VDZ,H4001,CD,1,4,-0.3981148627105203,0.7081538620761129,outer_test_branch_input,4
HSM67VE4,H4001,CD,1,4,-0.3917643192719038,0.7097859532752341,outer_test_branch_input,4
HSM67VID,H4028,CD,1,4,-0.2881775811490818,0.7356283990952934,outer_test_branch_input,4
HSM67VIF,H4028,CD,1,4,-0.3000149876630798,0.732750986788078,outer_test_branch_input,4
HSM67VIJ_P,H4028,CD,1,4,-0.2589030465480237,0.7426586176375745,outer_test_branch_input,4
HSM67VIL,H4028,CD,1,4,0.005135826251691759,0.8003865823831353,outer_test_branch_input,4
HSM7J4GD,H4028,CD,1,4,-0.13614618153872315,0.7707825884875763,outer_test_branch_input,4
HSM7J4MY,H4028,CD,1,4,2.210547045483598,0.9842603869619877,outer_test_branch_input,4
HSM7J4N4,H4028,CD,1,4,0.7629088252060293,0.911539014101861,outer_test_branch_input,4
HSM7J4N6,H4028,CD,1,4,-0.1724737790319831,0.7626904381800137,outer_test_branch_input,4
HSM7J4N8,H4028,CD,1,4,-0.33166808293510736,0.724959787269656,outer_test_branch_input,4
HSM7J4NA,H4028,CD,1,4,-0.20040118002234109,0.7563370510620412,outer_test_branch_input,4
MSM6J2RG_P,M2058,CD,1,4,-0.1885851912895243,0.7590391450683223,outer_test_branch_input,4
CSM5MCWA_P,C3009,CD,1,4,-0.221381090320668,0.7514889544613786,outer_test_branch_input,4
CSM5MCWC,C3009,CD,1,4,-0.04681440490067644,0.789847183176899,outer_test_branch_input,4
CSM5MCWE,C3009,CD,1,4,0.4260485861893914,0.8713546002760477,outer_test_branch_input,4
CSM5MCWG,C3009,CD,1,4,-0.22662610421751686,0.7502668840839789,outer_test_branch_input,4
CSM67UAA,C3009,CD,1,4,5.332300320216774,0.999672625066805,outer_test_branch_input,4
CSM67UAG,C3009,CD,1,4,0.6638573096381586,0.9010723717838159,outer_test_branch_input,4
CSM79HI3,C3009,CD,1,4,-0.05459446439604467,0.788234132331234,outer_test_branch_input,4
CSM79HI7,C3009,CD,1,4,0.8919365217217259,0.9236698020502544,outer_test_branch_input,4
CSM79HIB,C3009,CD,1,4,1.0624893555173296,0.9373634298264136,outer_test_branch_input,4
CSM7KOJE,C3009,CD,1,4,-0.41286554018990096,0.7043422026880063,outer_test_branch_input,4
CSM7KOJG,C3009,CD,1,4,-0.36071390891916083,0.7176876200421101,outer_test_branch_input,4
CSM7KOJO,C3009,CD,1,4,0.7197181828417485,0.9071039343610982,outer_test_branch_input,4
HSM5MD4U_P,H4004,CD,1,4,0.3250693425472326,0.8565851629265641,outer_test_branch_input,4
HSM5MD4W_P,H4004,CD,1,4,-0.2720737982354244,0.7395108646748634,outer_test_branch_input,4
HSM5MD4Y,H4004,CD,1,4,-1.0043869572576563,0.5327727833729089,outer_test_branch_input,4
HSM5MD53,H4004,CD,1,4,0.16921141364465148,0.8310490168088925,outer_test_branch_input,4
HSM5MD5P,H4004,CD,1,4,-0.9158981107350661,0.5600829089612323,outer_test_branch_input,4
HSM5MD5X_P,H4015,CD,1,4,-0.41588412457819923,0.7035586316965665,outer_test_branch_input,4
HSM5MD62,H4015,CD,1,4,0.7090335658419364,0.9059763865829286,outer_test_branch_input,4
HSM5MD6Y,H4015,CD,1,4,-0.34756989112703474,0.7209928942718641,outer_test_branch_input,4
HSM5MD71,H4015,CD,1,4,-0.3511399080504584,0.7200975058171981,outer_test_branch_input,4
HSM5MD73,H4015,CD,1,4,0.8632932838160834,0.9211160907234961,outer_test_branch_input,4
HSM5MD75,H4015,CD,1,4,-0.35865230164672784,0.7182076125327586,outer_test_branch_input,4
HSM67VDP,H4004,CD,1,4,-0.28936480755797983,0.735340707744395,outer_test_branch_input,4
HSM6XRS4,H4015,CD,1,4,-0.11317907339212864,0.7757976226816177,outer_test_branch_input,4
HSM6XRS6,H4015,CD,1,4,-0.12428903724404845,0.7733814736235357,outer_test_branch_input,4
HSM6XRS8,H4015,CD,1,4,2.323488186789222,0.9862975860495907,outer_test_branch_input,4
HSM6XRSE,H4015,CD,1,4,-0.23257447087876934,0.7488760914221203,outer_test_branch_input,4
HSM6XRSG,H4004,CD,1,4,0.28684861634510717,0.8506369756358958,outer_test_branch_input,4
HSM6XRSI,H4004,CD,1,4,0.13147143113786958,0.8243457251696427,outer_test_branch_input,4
HSM7CYZ5,H4015,CD,1,4,-0.06661802765613267,0.7857234966765513,outer_test_branch_input,4
HSM7CYZ7,H4015,CD,1,4,0.04723929782326134,0.8086334682187075,outer_test_branch_input,4
HSM7CYZ9,H4015,CD,1,4,-0.08530990744565516,0.7817776073558766,outer_test_branch_input,4
HSM7CYZB,H4015,CD,1,4,-0.1483078495929008,0.7680952765108109,outer_test_branch_input,4
HSM7CYZD,H4015,CD,1,4,-0.396228515808573,0.708639216829622,outer_test_branch_input,4
HSM7CYZF,H4015,CD,1,4,-0.22847872713468434,0.7498342723149931,outer_test_branch_input,4
HSM7CYZT,H4004,CD,1,4,-0.803954161266054,0.5940980508141283,outer_test_branch_input,4
HSM7CYZV,H4004,CD,1,4,0.35709765643327557,0.8614165976214843,outer_test_branch_input,4
HSM7CZ14,H4004,CD,1,4,-0.4876839502391638,0.6845734167324443,outer_test_branch_input,4
HSM7J4QB,H4015,CD,1,4,0.9618193924214666,0.9295848814523611,outer_test_branch_input,4
HSM7J4QD,H4015,CD,1,4,-0.46646269761965736,0.690253035781579,outer_test_branch_input,4
HSM7J4QF,H4015,CD,1,4,0.24885524581498225,0.8445240610295898,outer_test_branch_input,4
HSM7J4QH,H4015,CD,1,4,-0.32628998204670234,0.7262934688671273,outer_test_branch_input,4
HSM7J4QJ,H4015,CD,1,4,0.7744391455538832,0.9126902660068046,outer_test_branch_input,4
HSM7J4QL,H4015,CD,1,4,-0.31552208295379436,0.7289515874690041,outer_test_branch_input,4
PSM6XBVY_P,P6016,CD,1,4,-0.3358217596370686,0.7239269871303564,outer_test_branch_input,4
PSM7J158,P6016,CD,1,4,1.3367804293748404,0.9546688869954283,outer_test_branch_input,4
PSM7J15A,P6016,CD,1,4,-0.22031657594392706,0.7517364934813698,outer_test_branch_input,4
PSM7J15G,P6016,CD,1,4,-0.19607496118465503,0.757328753827675,outer_test_branch_input,4
PSM7J15I,P6016,CD,1,4,-0.45033143000926346,0.6945324173696363,outer_test_branch_input,4
PSM7J17L,P6016,CD,1,4,2.5632919068734767,0.9897996327256757,outer_test_branch_input,4
PSM7J17T,P6016,CD,1,4,-0.21816646559831576,0.7522359699244536,outer_test_branch_input,4
PSM7J199,P6016,CD,1,4,-0.2632088174937238,0.7416322971569191,outer_test_branch_input,4
PSM7J19B,P6016,CD,1,4,-0.4797237117515641,0.6867104707014529,outer_test_branch_input,4
PSM7J19F,P6016,CD,1,4,-0.6175579611350169,0.6486482128759111,outer_test_branch_input,4
PSM7J19H,P6016,CD,1,4,-0.28956208877892425,0.7352928827076941,outer_test_branch_input,4
PSM7J19J,P6016,CD,1,4,2.9402235510303196,0.9935970578459591,outer_test_branch_input,4
PSMA265N,P6016,CD,1,4,1.4281899916460654,0.959348867714273,outer_test_branch_input,4
PSMA265T,P6016,CD,1,4,1.415593056402566,0.9587325349101421,outer_test_branch_input,4
CSM5FZ4E_P,C3003,UC,1,4,-0.3260194572375435,0.7263604480702145,outer_test_branch_input,4
CSM5FZ4G_P,C3003,UC,1,4,0.005281294430242409,0.8004155293183063,outer_test_branch_input,4
CSM5FZ4K_P,C3003,UC,1,4,0.270532065991981,0.848036365401162,outer_test_branch_input,4
CSM5FZ4M,C3003,UC,1,4,-0.21081853382755458,0.7539378215760251,outer_test_branch_input,4
CSM5MCU4_P,C3008,CD,1,4,0.4897269836304189,0.8799868068649027,outer_test_branch_input,4
CSM5MCVZ_P,C3008,CD,1,4,-0.08914349749053115,0.7809618879191301,outer_test_branch_input,4
CSM5MCW4_P,C3008,CD,1,4,-0.17829955170468015,0.7613745696579374,outer_test_branch_input,4
CSM5MCW6,C3008,CD,1,4,-0.1457307727346456,0.7686665535955604,outer_test_branch_input,4
CSM5MCWM_P,C3003,UC,1,4,0.34046049679494267,0.8589241755431112,outer_test_branch_input,4
CSM5MCWQ,C3003,UC,1,4,-0.1468415451540504,0.7684204422758754,outer_test_branch_input,4
CSM5MCYU_P,C3013,UC,1,4,-0.10603687652934783,0.7773411775228873,outer_test_branch_input,4
CSM5MCYW,C3008,CD,1,4,-0.08179117289010353,0.782524401718573,outer_test_branch_input,4
CSM5MCZ3,C3008,CD,1,4,1.522972475655238,0.9637113384980538,outer_test_branch_input,4
CSM5MCZ5,C3008,CD,1,4,-1.0602166534594788,0.5154299658641522,outer_test_branch_input,4
CSM5MCZ7,C3008,CD,1,4,-0.28297130946767934,0.7368876265852258,outer_test_branch_input,4
CSM67U9H,C3013,UC,1,4,0.12380779486113828,0.8229592404711893,outer_test_branch_input,4
CSM67U9H_P,C3013,UC,1,4,-0.08538910053347461,0.7817607786553001,outer_test_branch_input,4
CSM67U9N,C3013,UC,1,4,0.1150017752368223,0.8213554902257487,outer_test_branch_input,4
CSM67U9P_P,C3013,UC,1,4,0.1487905884917702,0.8274475603932513,outer_test_branch_input,4
CSM67U9R_P,C3013,UC,1,4,-0.12277808872757849,0.7737111471103971,outer_test_branch_input,4
CSM67UBX,C3003,UC,1,4,-0.32197575641405474,0.7273604089050161,outer_test_branch_input,4
CSM67UBZ,C3003,UC,1,4,2.851792988661239,0.9928568139587296,outer_test_branch_input,4
CSM67UC6,C3003,UC,1,4,-0.26998085582816017,0.7400127318821071,outer_test_branch_input,4
CSM79HGD_P,C3013,UC,1,4,-0.07802168957635615,0.7833223641384879,outer_test_branch_input,4
CSM79HGF,C3013,UC,1,4,0.5719982593801478,0.890394786197009,outer_test_branch_input,4
CSM79HGF_P,C3013,UC,1,4,0.04115789735469524,0.8074585587152355,outer_test_branch_input,4
CSM79HGH_P,C3013,UC,1,4,-0.052584980204722034,0.7886516271196945,outer_test_branch_input,4
CSM79HGJ_P,C3013,UC,1,4,0.051303283301035965,0.8094155634673684,outer_test_branch_input,4
CSM79HGL_P,C3013,UC,1,4,-0.15588923543832878,0.7664089579038942,outer_test_branch_input,4
CSM79HGN_P,C3013,UC,1,4,-0.07489236227617954,0.7839832012254676,outer_test_branch_input,4
CSM79HKT,C3008,CD,1,4,-0.5492474691788198,0.6677859436214977,outer_test_branch_input,4
CSM79HKV,C3008,CD,1,4,-0.12875560096732572,0.7724049307363182,outer_test_branch_input,4
CSM79HLM,C3003,UC,1,4,2.4478030089171234,0.9882400868478847,outer_test_branch_input,4
CSM79HPK,C3013,UC,1,4,0.10521813183684574,0.8195603894377218,outer_test_branch_input,4
CSM79HPM_P,C3013,UC,1,4,0.3157602509825776,0.8551548366288473,outer_test_branch_input,4
CSM79HPO,C3013,UC,1,4,-0.34951246713510586,0.7205058986687054,outer_test_branch_input,4
CSM79HPQ_P,C3013,UC,1,4,0.052778333101048035,0.809698824882811,outer_test_branch_input,4
CSM79HPS,C3013,UC,1,4,1.2584739693384355,0.9502556727119622,outer_test_branch_input,4
CSM79HPU,C3013,UC,1,4,-0.2021969322224633,0.7559246033758406,outer_test_branch_input,4
CSM79HQ9,C3008,CD,1,4,-0.3953641425734517,0.708861460140855,outer_test_branch_input,4
CSM79HQB,C3008,CD,1,4,-0.2826509068819047,0.7369649954426278,outer_test_branch_input,4
CSM79HQF,C3008,CD,1,4,-0.027649233392770495,0.7937821821982028,outer_test_branch_input,4
CSM7KONS_P,C3013,UC,1,4,0.029563018959771724,0.8052032577540593,outer_test_branch_input,4
CSM7KONU,C3013,UC,1,4,-0.029238539492305704,0.7934579498938218,outer_test_branch_input,4
CSM7KONW_P,C3013,UC,1,4,-0.242727302860872,0.7464903842836196,outer_test_branch_input,4
HSM67VDR_P,H4023,nonIBD,0,4,-0.3849304529444205,0.711536217248679,outer_test_branch_input,4
HSM6XRQ8,H4023,nonIBD,0,4,-0.28407233288483924,0.7366216466772987,outer_test_branch_input,4
HSM6XRUL,H4023,nonIBD,0,4,0.009125410087544864,0.8011793339962912,outer_test_branch_input,4
HSM6XRUN,H4023,nonIBD,0,4,-0.3006866857819175,0.7325871166184246,outer_test_branch_input,4
HSM6XRUR,H4023,nonIBD,0,4,0.17137615281905327,0.8314272624097976,outer_test_branch_input,4
HSM7CZ16,H4023,nonIBD,0,4,-0.35710484705180534,0.7185975393603465,outer_test_branch_input,4
HSM7CZ18,H4023,nonIBD,0,4,-0.1838749692928772,0.7601105656242221,outer_test_branch_input,4
HSM7CZ1A,H4023,nonIBD,0,4,-0.4826279987976789,0.685931680028772,outer_test_branch_input,4
HSM7CZ1C,H4023,nonIBD,0,4,-0.35247811367395077,0.7197614210122543,outer_test_branch_input,4
HSM7CZ1E,H4023,nonIBD,0,4,-0.30665291851708715,0.7311287732547465,outer_test_branch_input,4
HSM7CZ1G,H4023,nonIBD,0,4,-0.3793137482752806,0.7129700370692116,outer_test_branch_input,4
HSM7J4HA,H4023,nonIBD,0,4,-0.3451725749898574,0.721593173669378,outer_test_branch_input,4
HSM7J4HC,H4023,nonIBD,0,4,-1.5386560088009875,0.36953993455837747,outer_test_branch_input,4
HSM7J4HE,H4023,nonIBD,0,4,-0.27224101138980855,0.7394707415294378,outer_test_branch_input,4
HSM7J4HG,H4023,nonIBD,0,4,-0.2855134507744229,0.736273247480749,outer_test_branch_input,4
HSM7J4HI,H4023,nonIBD,0,4,-0.2540119429552832,0.7438212208369244,outer_test_branch_input,4
HSM7J4HK,H4023,nonIBD,0,4,-0.2417918868565764,0.7467108126028447,outer_test_branch_input,4
HSM7J4IC,H4032,CD,1,4,-0.9164833635015199,0.5599032891114091,outer_test_branch_input,4
HSM7J4KC,H4023,nonIBD,0,4,-0.9624595708394776,0.5457474278410807,outer_test_branch_input,4
HSM7J4KG,H4023,nonIBD,0,4,-0.24259269457569166,0.7465221121737635,outer_test_branch_input,4
HSM7J4KI,H4023,nonIBD,0,4,-0.3364943316940708,0.723759528440246,outer_test_branch_input,4
HSM7J4KK,H4023,nonIBD,0,4,-1.891815890647753,0.2740686316343509,outer_test_branch_input,4
HSM7J4KM,H4023,nonIBD,0,4,-0.2553726931044994,0.7434981199054804,outer_test_branch_input,4
HSM7J4MS,H4032,CD,1,4,-0.9650260638478487,0.5449548151512359,outer_test_branch_input,4
HSM7J4MW,H4032,CD,1,4,-0.30303876760716053,0.7320127906588243,outer_test_branch_input,4
HSM7J4OZ,H4032,CD,1,4,-1.0465414280008618,0.5196830579117185,outer_test_branch_input,4
HSM7J4P2,H4032,CD,1,4,-0.2632182309619434,0.7416300504498837,outer_test_branch_input,4
HSM7J4Q1,H4032,CD,1,4,-0.34715199400451685,0.7210975913015281,outer_test_branch_input,4
HSM7J4Q3_P,H4032,CD,1,4,-0.2797042544117058,0.7376758487398344,outer_test_branch_input,4
HSM7J4Q7,H4032,CD,1,4,-0.487103711160339,0.6847294567694158,outer_test_branch_input,4
HSM7J4Q9,H4032,CD,1,4,-0.27996392482963006,0.7376132553607785,outer_test_branch_input,4
HSMA33JN,H4032,CD,1,4,-0.4656977275178291,0.6904567164387131,outer_test_branch_input,4
HSMA33JP,H4032,CD,1,4,-0.5587272060993701,0.6651612630016471,outer_test_branch_input,4
HSMA33JR,H4032,CD,1,4,-0.21917202508355924,0.7520024596550896,outer_test_branch_input,4
HSMA33MV,H4032,CD,1,4,-0.26645173396377075,0.7408575592369526,outer_test_branch_input,4
MSM79HAJ,M2064,UC,1,4,-1.651943665872253,0.33731134767759696,outer_test_branch_input,4
MSM79HAL,M2064,UC,1,4,-0.1892268872839515,0.7588929278229911,outer_test_branch_input,4
MSM79HAN,M2064,UC,1,4,-1.9432893004394103,0.2614992430457616,outer_test_branch_input,4
MSM79HAR,M2064,UC,1,4,-0.298043496847546,0.7332315910386823,outer_test_branch_input,4
MSM79HAT,M2064,UC,1,4,0.06473844055872136,0.8119836959215317,outer_test_branch_input,4
MSM79HF1_P,M2064,UC,1,4,-0.17967053204995273,0.7610641788898741,outer_test_branch_input,4
MSM79HF3,M2064,UC,1,4,-0.1994566785323892,0.756553794129811,outer_test_branch_input,4
MSM79HF5,M2064,UC,1,4,-0.30661216707988087,0.7311387512831264,outer_test_branch_input,4
MSM79HF7,M2064,UC,1,4,-0.3188768447350799,0.7281251861707374,outer_test_branch_input,4
MSM79HF9,M2064,UC,1,4,-0.06504363731993457,0.7860534724022795,outer_test_branch_input,4
MSM79HF9_TR,M2064,UC,1,4,0.5586759610761627,0.8887648364160143,outer_test_branch_input,4
MSM79HFB,M2064,UC,1,4,-0.7127866334376999,0.6211632206337828,outer_test_branch_input,4
MSM9VZLL,M2064,UC,1,4,-0.20248787392262638,0.7558577355153168,outer_test_branch_input,4
MSM9VZLN,M2064,UC,1,4,0.10816008687492504,0.8201016530360892,outer_test_branch_input,4
MSM9VZLP,M2064,UC,1,4,-0.7300619488474556,0.6160866609336944,outer_test_branch_input,4
MSM9VZLR,M2064,UC,1,4,-0.3263938673150032,0.7262677452120688,outer_test_branch_input,4
MSM9VZLT,M2064,UC,1,4,0.3014049491957682,0.8529259660298315,outer_test_branch_input,4
MSM9VZLV,M2064,UC,1,4,-1.6096532300700164,0.3491850977504929,outer_test_branch_input,4
MSMA2688,M2064,UC,1,4,-0.3078872128815762,0.7308264441839164,outer_test_branch_input,4
MSMA26ER,M2064,UC,1,4,-0.8857952582305771,0.5692995240470613,outer_test_branch_input,4
MSMA26ET,M2064,UC,1,4,-0.593752954889517,0.6553756050400074,outer_test_branch_input,4
MSMA26EZ,M2064,UC,1,4,0.0072455354572163715,0.8008060881128378,outer_test_branch_input,4
PSM6XBRM_P,P6010,CD,1,4,-0.3232334849098404,0.7270496319534817,outer_test_branch_input,4
PSM6XBSI,P6010,CD,1,4,1.8099359980661855,0.9743373277981582,outer_test_branch_input,4
PSM6XBSK,P6010,CD,1,4,-0.4541930263917807,0.693511010117619,outer_test_branch_input,4
PSM6XBSM,P6010,CD,1,4,-0.3222313119271423,0.7272972806248008,outer_test_branch_input,4
PSM6XBSO,P6010,CD,1,4,-0.4457702942358162,0.6957363951422721,outer_test_branch_input,4
PSM6XBUG,P6010,CD,1,4,2.86628150072421,0.9929836707437097,outer_test_branch_input,4
PSM6XBUI,P6010,CD,1,4,-0.5036196833178234,0.6802717301627702,outer_test_branch_input,4
PSM6XBUK,P6010,CD,1,4,-0.28447665812279144,0.7365239283894677,outer_test_branch_input,4
PSM6XBUM,P6010,CD,1,4,-0.37070448375783105,0.7151595040947865,outer_test_branch_input,4
PSM6XBUO,P6010,CD,1,4,1.7892605577736271,0.973685477048746,outer_test_branch_input,4
PSM6XBUQ,P6010,CD,1,4,-0.21028773554041416,0.754060454103685,outer_test_branch_input,4
PSM6XBV2,P6010,CD,1,4,-0.017727658111516376,0.7957977502810203,outer_test_branch_input,4
PSM6XBV4,P6010,CD,1,4,-0.014054960655952868,0.7965401350460819,outer_test_branch_input,4
PSM7J14L,P6010,CD,1,4,2.903168975117479,0.9932966371317055,outer_test_branch_input,4
PSM7J14N,P6010,CD,1,4,0.10248028214962723,0.819055537239323,outer_test_branch_input,4
PSM7J14P,P6010,CD,1,4,-0.046426067249805504,0.7899274610008657,outer_test_branch_input,4
PSM7J14R,P6010,CD,1,4,-0.08923978481113005,0.7809413714812735,outer_test_branch_input,4
PSM7J14T,P6010,CD,1,4,-1.0120680006335459,0.5303905080255755,outer_test_branch_input,4
PSM7J18E,P6010,CD,1,4,0.3662535060007918,0.8627724136466478,outer_test_branch_input,4
PSM7J18G,P6010,CD,1,4,-0.06618115188636865,0.7858150983517688,outer_test_branch_input,4
PSM7J18I,P6010,CD,1,4,-0.3885057311722131,0.7106213134384127,outer_test_branch_input,4
PSM7J18K,P6010,CD,1,4,0.01633750204992719,0.8026064027064548,outer_test_branch_input,4
PSM7J18M,P6010,CD,1,4,-0.2517113424405105,0.7443668756600292,outer_test_branch_input,4
CSM79HJE,C3028,CD,1,4,0.8494191048397466,0.9198512378915689,outer_test_branch_input,4
CSM9X21B,C3028,CD,1,4,-0.44195519924953186,0.6967413908318838,outer_test_branch_input,4
MSM5LLH8,M2027,CD,1,4,-0.38435322869283645,0.7116837659885535,outer_test_branch_input,4
MSM5LLIS,M2027,CD,1,4,-0.16655553150673466,0.7640220671083238,outer_test_branch_input,4
MSM6J2H9,M2039,nonIBD,0,4,1.9860612944790246,0.9792876798379556,outer_test_branch_input,4
MSM6J2JH,M2042,nonIBD,0,4,-1.3230741640355812,0.4339708085619772,outer_test_branch_input,4
MSM79H52,M2060,nonIBD,0,4,-0.5922867303081296,0.6557879703671133,outer_test_branch_input,4
MSM9VZPV,M2060,nonIBD,0,4,-0.16970102508802962,0.7633149624244324,outer_test_branch_input,4
PSM7J19V,P6017,nonIBD,0,4,-1.805708936276328,0.29591547755789105,outer_test_branch_input,4
PSMA2646,P6017,nonIBD,0,4,-1.6482938388994224,0.338328303373862,outer_test_branch_input,4
HSM5FZBJ,H4001,CD,1,4,0.08977595604856553,0.8166984911188983,outer_test_branch_input,4
HSM5FZBQ,H4001,CD,1,4,0.6372790381969898,0.8980819152263301,outer_test_branch_input,4
HSM5MD5K,H4001,CD,1,4,-0.06051904280905473,0.7869997204072987,outer_test_branch_input,4
HSM5MD7H,H4001,CD,1,4,-1.4608583649982572,0.39238726228679904,outer_test_branch_input,4
HSM5MD7W,H4001,CD,1,4,-0.31333273821425445,0.7294900519571281,outer_test_branch_input,4
HSM67VEA,H4001,CD,1,4,-0.5674482260746436,0.6627375889887698,outer_test_branch_input,4
CSM5MCVH,C3009,CD,1,4,-0.03453446148919712,0.7923748148417565,outer_test_branch_input,4
HSM5MD4S,H4004,CD,1,4,0.3708290095472555,0.8634457733531239,outer_test_branch_input,4
HSM5MD4W,H4004,CD,1,4,0.541772541313383,0.8866662566475326,outer_test_branch_input,4
HSM5MD51,H4004,CD,1,4,1.3816824811196005,0.9570286480922349,outer_test_branch_input,4
CSM5FZ48,C3003,UC,1,4,1.3006224261568244,0.9526794382442093,outer_test_branch_input,4
CSM5FZ4K,C3003,UC,1,4,2.0592404571143623,0.9810579393054033,outer_test_branch_input,4
CSM5MCU4,C3008,CD,1,4,1.1697476369351196,0.944763968647617,outer_test_branch_input,4
CSM5MCW4,C3008,CD,1,4,2.156866219280517,0.9831902986917925,outer_test_branch_input,4
CSM5MCYK,C3003,UC,1,4,1.7300778675363315,0.9717292925669785,outer_test_branch_input,4
CSM5MCYU,C3013,UC,1,4,0.684925210755585,0.9033870765820595,outer_test_branch_input,4
CSM67U9P,C3013,UC,1,4,2.084392815986328,0.9816314451438448,outer_test_branch_input,4
CSM79HGH,C3013,UC,1,4,0.9848414917727941,0.9314389336553246,outer_test_branch_input,4
CSM79HKR,C3008,CD,1,4,2.232824189074787,0.9846845257030792,outer_test_branch_input,4
CSM7KONS,C3013,UC,1,4,0.8278556134302157,0.9178486064429043,outer_test_branch_input,4
HSM67VDR,H4023,nonIBD,0,4,-0.5868571078103619,0.6573129668415559,outer_test_branch_input,4
HSM7J4Q3,H4032,CD,1,4,-0.4249192665034473,0.7012061068326892,outer_test_branch_input,4
HSM7CZ2X,H4035,UC,1,4,0.04456402327666836,0.8081172881560266,outer_test_branch_input,4
MSM79H5W,M2039,nonIBD,0,4,0.13521407433120358,0.8250197226715017,outer_test_branch_input,4
PSMA2644,P6017,nonIBD,0,4,0.167006699256617,0.8306630916243147,outer_test_branch_input,4
ESM5MEB1,E5002,nonIBD,0,4,0.015821682729110446,0.8025045936500999,outer_test_branch_input,4
ESM5MEBP,E5002,nonIBD,0,4,0.03896543325224036,0.807033635775617,outer_test_branch_input,4
ESM5MEET,E5002,nonIBD,0,4,0.03587073132877869,0.8064326356951301,outer_test_branch_input,4
HSM7J4G9,H4028,CD,1,4,0.06928161985828003,0.8128460868468099,outer_test_branch_input,4
HSM7J4GB,H4028,CD,1,4,-0.05862971205566284,0.7873939398314985,outer_test_branch_input,4
HSMA33L3,H4028,CD,1,4,0.017534733336075498,0.8028425518743336,outer_test_branch_input,4
MSM6J2L5,M2044,CD,1,4,0.056140264199077985,0.8103432300141483,outer_test_branch_input,4
MSM6J2NW,M2058,CD,1,4,0.06681630359246354,0.812378496390159,outer_test_branch_input,4
MSM6J2O1,M2058,CD,1,4,-0.0840589217821604,0.7820433203782051,outer_test_branch_input,4
MSM6J2O3,M2058,CD,1,4,-0.041411824889105144,0.7909619917603739,outer_test_branch_input,4
MSM6J2P4,M2044,CD,1,4,-0.017432086269283307,0.7958575704570684,outer_test_branch_input,4
MSM9VZFV,M2058,CD,1,4,0.07191067455625337,0.8133437442481998,outer_test_branch_input,4
PSM6XBVY,P6016,CD,1,4,-0.028362574106146107,0.793636701093299,outer_test_branch_input,4
PSMA265V,P6016,CD,1,4,0.046573192366023565,0.8085050458772923,outer_test_branch_input,4
CSM79HLW,C3003,UC,1,4,-0.04625561582209592,0.7899626899024046,outer_test_branch_input,4
CSM79HPM,C3013,UC,1,4,0.11803999315944769,0.8219100905357225,outer_test_branch_input,4
CSM79HQH,C3008,CD,1,4,0.047360616143238075,0.808656850803968,outer_test_branch_input,4
HSMA33JT,H4032,CD,1,4,0.1247940160628933,0.8231381453994608,outer_test_branch_input,4
MSM79HF1,M2064,UC,1,4,0.0870647608082669,0.8161924083043064,outer_test_branch_input,4
MSMA26EV,M2064,UC,1,4,0.0810680428739647,0.815069192522765,outer_test_branch_input,4
CSM79HL2,C3028,CD,1,4,-0.06675535874725994,0.7856946959739117,outer_test_branch_input,4
CSMDRVXJ,C3028,CD,1,4,0.19296206542313368,0.8351621016682171,outer_test_branch_input,4
HSM7H3WW,H4035,UC,1,4,-0.9266661997452779,0.5567756051406959,outer_test_branch_input,4
HSM7H3WX,H4035,UC,1,4,1.6626383408667365,0.9693279240104736,outer_test_branch_input,4
HSM7H3WY,H4035,UC,1,4,1.4259165420105737,0.9592382898400256,outer_test_branch_input,4
MSM5LWJN,M2039,nonIBD,0,4,-0.2940616205237472,0.7342006028154011,outer_test_branch_input,4
MSM5LWJO,M2039,nonIBD,0,4,-1.010770590637788,0.5307929999046079,outer_test_branch_input,4
MSM5LWJU,M2042,nonIBD,0,4,-1.146855279232368,0.48845826465518377,outer_test_branch_input,4
MSM5LWJV,M2042,nonIBD,0,4,-0.8750129539803602,0.5725894484465546,outer_test_branch_input,4
MSM5LWKF,M2060,nonIBD,0,4,-1.120506721987512,0.4966610172622763,outer_test_branch_input,4
MSM5LWKG,M2060,nonIBD,0,4,0.19606006227680237,0.8356926386471578,outer_test_branch_input,4
MSM5LWL6,M2027,CD,1,4,-0.2885248057452495,0.7355442795883528,outer_test_branch_input,4
MSM5LWL7,M2027,CD,1,4,-1.0802920957319526,0.509182484128439,outer_test_branch_input,4
PSM6XC12,P6017,nonIBD,0,4,0.05930123029434509,0.8109475890176737,outer_test_branch_input,4
HSM5FZAE,H4001,CD,1,4,1.7097881520264797,0.9710266865552458,outer_test_branch_input,4
HSM5FZAH,H4001,CD,1,4,2.7789755137240104,0.9921839419893923,outer_test_branch_input,4
HSM6S4GJ,H4028,CD,1,4,2.137158958245484,0.9827797616580299,outer_test_branch_input,4
HSM6S4GK,H4028,CD,1,4,-0.19557973240534615,0.7574421004003679,outer_test_branch_input,4
HSM6S4GL,H4028,CD,1,4,0.07546901887694436,0.8140156833419161,outer_test_branch_input,4
HSM5FZAM,H4004,CD,1,4,0.6050335571507075,0.8943464448288742,outer_test_branch_input,4
HSM5FZAN,H4004,CD,1,4,-0.18340036213907268,0.7602183421247865,outer_test_branch_input,4
HSM5FZAY,H4015,CD,1,4,-0.4322168216283211,0.6992982073313885,outer_test_branch_input,4
HSM5FZAZ,H4015,CD,1,4,-2.309071470577505,0.18335225989133094,outer_test_branch_input,4
HSM5FZB1,H4015,CD,1,4,1.7665531634147413,0.9729509992584351,outer_test_branch_input,4
HSM7H3WQ,H4004,CD,1,4,-0.6070558933630913,0.6516236108832311,outer_test_branch_input,4
HSM7H3WR,H4004,CD,1,4,0.25736486991032537,0.8459107121243391,outer_test_branch_input,4
HSM7H3WS,H4004,CD,1,4,-0.467586779781015,0.689953604088155,outer_test_branch_input,4
PSM6XBZY,P6016,CD,1,4,0.9786847088130743,0.9309475828906228,outer_test_branch_input,4
PSM6XBZZ,P6016,CD,1,4,-0.8355073833876293,0.58458664602033,outer_test_branch_input,4
PSM6XC15,P6016,CD,1,4,0.3715185023734922,0.8635470019226812,outer_test_branch_input,4
PSM7J4FL,P6016,CD,1,4,1.0185931983675172,0.9340754290644603,outer_test_branch_input,4
CSM5FZ1J,C3003,UC,1,4,0.31209262095348217,0.8545880659066202,outer_test_branch_input,4
CSM5FZ1K,C3003,UC,1,4,-0.5244763062003477,0.6745951044398698,outer_test_branch_input,4
CSM5FZ1L,C3003,UC,1,4,-0.6420482793410868,0.6416650134465517,outer_test_branch_input,4
CSM5FZ22,C3008,CD,1,4,-0.2104632492545556,0.7540199090009945,outer_test_branch_input,4
CSM5FZ23,C3008,CD,1,4,-0.12476495977422299,0.7732775619090696,outer_test_branch_input,4
CSM5FZ24,C3008,CD,1,4,-0.6037183325592514,0.6525667355899691,outer_test_branch_input,4
CSM5FZ2G,C3013,UC,1,4,-0.599033183149548,0.6538886421080832,outer_test_branch_input,4
CSM5FZ2H,C3013,UC,1,4,2.494827758440597,0.9889016870058999,outer_test_branch_input,4
CSM5FZ2I,C3013,UC,1,4,3.005869420665125,0.9940968045471575,outer_test_branch_input,4
HSM6S4G2,H4023,nonIBD,0,4,-1.1190914546999051,0.4971017042719594,outer_test_branch_input,4
HSM6S4G3,H4023,nonIBD,0,4,-1.3529558554057024,0.42485159892557245,outer_test_branch_input,4
HSM6S4G4,H4023,nonIBD,0,4,-1.0181364553320762,0.5285073917981544,outer_test_branch_input,4
HSM7H3WN,H4032,CD,1,4,1.3848432912845665,0.9571902661071152,outer_test_branch_input,4
HSM7H3WO,H4032,CD,1,4,0.821378256420062,0.9172382033513524,outer_test_branch_input,4
HSM7H3WP,H4032,CD,1,4,-0.5665088127886931,0.6629990772501234,outer_test_branch_input,4
MSM719MD,M2064,UC,1,4,1.935651491702665,0.977975038684959,outer_test_branch_input,4
MSMAKNES,M2064,UC,1,4,3.08086860885413,0.9946204562240123,outer_test_branch_input,4
MSMAKNET,M2064,UC,1,4,0.6991791959764203,0.9049255978027698,outer_test_branch_input,4
206465,M2027,CD,1,4,-0.12877149454048495,0.7724014505662331,outer_test_branch_input,4
206471,M2039,nonIBD,0,4,-0.3475483995850854,0.720998279200484,outer_test_branch_input,4
219184,M2042,nonIBD,0,4,-0.1149368195699811,0.7754165782128839,outer_test_branch_input,4
219189,M2027,CD,1,4,-0.3927917210074605,0.7095222768095772,outer_test_branch_input,4
219197,M2027,CD,1,4,-0.32679351685432945,0.7261687715466687,outer_test_branch_input,4
219720,P6017,nonIBD,0,4,-0.5683451260640898,0.6624878414733377,outer_test_branch_input,4
220205,M2039,nonIBD,0,4,-0.7491842032449252,0.6104377506019825,outer_test_branch_input,4
220212,M2042,nonIBD,0,4,-0.5559018774796717,0.6659445979636409,outer_test_branch_input,4
220215,M2027,CD,1,4,-0.8410790401650032,0.5829003428121269,outer_test_branch_input,4
222393,H4035,UC,1,4,-0.48838424106844514,0.684385036488473,outer_test_branch_input,4
222404,H4035,UC,1,4,-0.5707289629461193,0.6618236063622404,outer_test_branch_input,4
223293,M2039,nonIBD,0,4,-0.24338473796132032,0.7463353856451476,outer_test_branch_input,4
223296,M2042,nonIBD,0,4,-0.08860651524506163,0.7810762801496601,outer_test_branch_input,4
224255,H4035,UC,1,4,0.48811128430905554,0.8797741073591427,outer_test_branch_input,4
224277,H4035,UC,1,4,-0.14923782399074945,0.7678888814885765,outer_test_branch_input,4
226385,M2060,nonIBD,0,4,-0.7000995530381412,0.624874712274692,outer_test_branch_input,4
206494,H4001,CD,1,4,1.3630381442981383,0.9560634112526122,outer_test_branch_input,4
206502,H4001,CD,1,4,1.1728181072137824,0.9449632105817479,outer_test_branch_input,4
206510,H4001,CD,1,4,1.154243873628851,0.9437475228935326,outer_test_branch_input,4
219206,H4001,CD,1,4,0.8745519481293941,0.9221290549252011,outer_test_branch_input,4
220937,H4028,CD,1,4,1.272289642192765,0.9510628373192753,outer_test_branch_input,4
220938,H4001,CD,1,4,0.9715326941793563,0.9303727140107159,outer_test_branch_input,4
222384,H4028,CD,1,4,0.8817891369117394,0.9227738969809552,outer_test_branch_input,4
206497,H4004,CD,1,4,1.7025752806720917,0.9707728553484933,outer_test_branch_input,4
206511,H4004,CD,1,4,2.1539222148731967,0.9831295867072073,outer_test_branch_input,4
206513,H4015,CD,1,4,1.0262521443303276,0.934660446743522,outer_test_branch_input,4
219211,H4004,CD,1,4,1.7606436978986515,0.9727566102775755,outer_test_branch_input,4
219215,H4015,CD,1,4,0.7668795256318525,0.911937010290036,outer_test_branch_input,4
219719,P6016,CD,1,4,-0.24192018256906053,0.7466805875512575,outer_test_branch_input,4
220935,H4015,CD,1,4,1.3269454037145432,0.9541357809875083,outer_test_branch_input,4
220940,H4004,CD,1,4,1.996511142780282,0.9795500477578518,outer_test_branch_input,4
222224,P6016,CD,1,4,-0.24133332080018682,0.7468188262137297,outer_test_branch_input,4
222406,H4004,CD,1,4,2.241587695377213,0.984848274548829,outer_test_branch_input,4
222408,H4015,CD,1,4,0.8912924756918261,0.9236132242129304,outer_test_branch_input,4
219209,H4023,nonIBD,0,4,-0.9570850100873664,0.5474065033802564,outer_test_branch_input,4
219711,P6010,CD,1,4,1.3232863759110078,0.9539359247743027,outer_test_branch_input,4
220208,M2064,UC,1,4,-0.034153809907284824,0.792452806260994,outer_test_branch_input,4
220947,H4032,CD,1,4,0.003921388597610952,0.8001447966067342,outer_test_branch_input,4
222206,P6010,CD,1,4,1.238715747369077,0.9490793738760389,outer_test_branch_input,4
222399,H4023,nonIBD,0,4,-0.5008814875916198,0.6810130903941103,outer_test_branch_input,4
223290,M2064,UC,1,4,0.997396570927515,0.9324308864102034,outer_test_branch_input,4
223298,M2064,UC,1,4,1.606273313752902,0.9671703835344635,outer_test_branch_input,4
224262,H4032,CD,1,4,-0.20761494272322195,0.7546773344709189,outer_test_branch_input,4
224274,H4023,nonIBD,0,4,-0.17893135467944432,0.761231563489532,outer_test_branch_input,4
224284,H4032,CD,1,4,-0.2039593100383454,0.7555193617237874,outer_test_branch_input,4
224293,H4032,CD,1,4,-0.26499429836491567,0.7412059297293697,outer_test_branch_input,4
224643,P6010,CD,1,4,0.18699747372219006,0.8341367850073551,outer_test_branch_input,4
226382,M2064,UC,1,4,1.0136732061572995,0.9336970580886382,outer_test_branch_input,4
226398,M2064,UC,1,4,1.9969770132508824,0.9795616684490444,outer_test_branch_input,4
