replicate,family,stratum,AUROC,MAE
0,Diagnosis,CD,0.7134615384615385,0.40315239724433594
1,Diagnosis,CD,0.7986206896551724,0.3814695754298834
2,Diagnosis,CD,0.7874396135265701,0.4590131982535587
3,Diagnosis,CD,0.7372549019607844,0.5147762556822184
4,Diagnosis,CD,0.8512763596004439,0.4483252349168334
5,Diagnosis,CD,0.7960526315789473,0.526430852225623
6,Diagnosis,CD,0.8048941798941799,0.4103001378759449
7,Diagnosis,CD,0.8106060606060606,0.481583839993419
8,Diagnosis,CD,0.7783094098883573,0.42065849009588013
9,Diagnosis,CD,0.800909090909091,0.4694256644571181
10,Diagnosis,CD,0.7713248638838475,0.6130303871200656
11,Diagnosis,CD,0.8770090845562544,0.42444257592784185
12,Diagnosis,CD,0.8367626886145405,0.5042305085772573
13,Diagnosis,CD,0.877104377104377,0.38441357494529005
14,Diagnosis,CD,0.7583333333333333,0.5146711586012059
15,Diagnosis,CD,0.7442857142857143,0.49272949330860427
16,Diagnosis,CD,0.8131313131313131,0.5293866708087953
17,Diagnosis,CD,0.8171355498721227,0.3696240066112989
18,Diagnosis,CD,0.7488636363636364,0.49290043728107563
19,Diagnosis,CD,0.8571428571428571,0.565476413698388
20,Diagnosis,CD,0.574370709382151,0.46845601821558386
21,Diagnosis,CD,0.7023139462163852,0.426086671761359
22,Diagnosis,CD,0.8038686459739092,0.45517935497547485
23,Diagnosis,CD,0.7803379416282642,0.48760357586261255
24,Diagnosis,CD,0.8386206896551724,0.4005458790923582
25,Diagnosis,CD,0.7993939393939393,0.44629465382977446
26,Diagnosis,CD,0.8648648648648649,0.3927554128398265
27,Diagnosis,CD,0.8957940991839296,0.3249444149712199
28,Diagnosis,CD,0.6922222222222222,0.5007815025950703
29,Diagnosis,CD,0.7625,0.39407523316407717
30,Diagnosis,CD,0.8556756756756757,0.41657156007633267
31,Diagnosis,CD,0.8404471544715447,0.4066519479187803
32,Diagnosis,CD,0.8846495119787046,0.4933982583337006
33,Diagnosis,CD,0.9481292517006802,0.41952923046746543
34,Diagnosis,CD,0.8329809725158562,0.43410890705802857
35,Diagnosis,CD,0.840958605664488,0.4461785576816323
36,Diagnosis,CD,0.8428571428571429,0.4099498244008988
37,Diagnosis,CD,0.7410714285714286,0.5779898292026624
38,Diagnosis,CD,0.8055555555555555,0.41774592975475516
39,Diagnosis,CD,0.7300073367571533,0.48688831970280894
40,Diagnosis,CD,0.8367346938775511,0.45073869035118125
41,Diagnosis,CD,0.740766073871409,0.5677612601730607
42,Diagnosis,CD,0.8120300751879699,0.48259459706188323
43,Diagnosis,CD,0.819047619047619,0.48101242127743565
44,Diagnosis,CD,0.8611111111111112,0.3360308788490414
45,Diagnosis,CD,0.7539118065433855,0.4098449185046884
46,Diagnosis,CD,0.7960662525879918,0.43912657038112723
47,Diagnosis,CD,0.8141176470588235,0.43333037786743184
48,Diagnosis,CD,0.7515873015873016,0.43917697333914535
49,Diagnosis,CD,0.8992248062015503,0.3844840139034755
50,Diagnosis,CD,0.9037298387096774,0.5017349299148469
51,Diagnosis,CD,0.73616680032077,0.4082307973178512
52,Diagnosis,CD,0.7552941176470587,0.585551326482314
53,Diagnosis,CD,0.7981481481481482,0.4511599249059726
54,Diagnosis,CD,0.7960526315789473,0.5411170940589698
55,Diagnosis,CD,0.8495762711864407,0.5467806790554861
56,Diagnosis,CD,0.7282608695652174,0.5559791864032936
57,Diagnosis,CD,0.6602316602316604,0.5345921059361483
58,Diagnosis,CD,0.7120743034055729,0.38308677928718693
59,Diagnosis,CD,0.7887596899224807,0.4415414776776723
60,Diagnosis,CD,0.7060255629945222,0.4118389217156683
61,Diagnosis,CD,0.7933723196881091,0.5378970447642895
62,Diagnosis,CD,0.7916666666666667,0.4911002926530998
63,Diagnosis,CD,0.8172268907563025,0.39603650614215463
64,Diagnosis,CD,0.7786220871327254,0.34680680937818714
65,Diagnosis,CD,0.8072855464159813,0.4971798640894988
66,Diagnosis,CD,0.8309178743961353,0.45265300090134525
67,Diagnosis,CD,0.721056721056721,0.544430313823566
68,Diagnosis,CD,0.7208436724565757,0.48241583588936354
69,Diagnosis,CD,0.8646572104018913,0.5386632034844473
70,Diagnosis,CD,0.6706621004566211,0.5167322597730011
71,Diagnosis,CD,0.7892561983471075,0.5080051187834772
72,Diagnosis,CD,0.7673611111111112,0.534184808567857
73,Diagnosis,CD,0.7019047619047618,0.44244061328065415
74,Diagnosis,CD,0.8601651186790505,0.5012156935792565
75,Diagnosis,CD,0.8429752066115702,0.40333823831065985
76,Diagnosis,CD,0.8348880597014926,0.5313084284581023
77,Diagnosis,CD,0.8039664378337147,0.403276771726757
78,Diagnosis,CD,0.6931818181818182,0.4490528703898411
79,Diagnosis,CD,0.8459595959595959,0.5144127179858603
80,Diagnosis,CD,0.7855263157894736,0.508102540794702
81,Diagnosis,CD,0.7797979797979798,0.5415166517174395
82,Diagnosis,CD,0.6142857142857143,0.5893516967599318
83,Diagnosis,CD,0.7976190476190476,0.44304558006383443
84,Diagnosis,CD,0.7636363636363637,0.5060274393365534
85,Diagnosis,CD,0.8571428571428572,0.49129919280951717
86,Diagnosis,CD,0.8303523035230352,0.4349981411934123
87,Diagnosis,CD,0.8629629629629629,0.5123353128067191
88,Diagnosis,CD,0.7491582491582491,0.4555497787726046
89,Diagnosis,CD,0.8104575163398694,0.4093459426164721
90,Diagnosis,CD,0.8810068649885585,0.47263145436688137
91,Diagnosis,CD,0.663894663894664,0.5502468197461864
92,Diagnosis,CD,0.7204081632653061,0.548257090202014
93,Diagnosis,CD,0.8432786885245902,0.3971759505835808
94,Diagnosis,CD,0.6635802469135802,0.4956184644078625
95,Diagnosis,CD,0.6760042283298098,0.4577202358820687
96,Diagnosis,CD,0.7881578947368421,0.42982116869410897
97,Diagnosis,CD,0.8569415081042989,0.3692738537196153
98,Diagnosis,CD,0.7695417789757412,0.3801423497312431
99,Diagnosis,CD,0.9019189765458423,0.38901506121559304
100,Diagnosis,CD,0.7651515151515151,0.5481455833980474
101,Diagnosis,CD,0.8614190687361419,0.31458751962437254
102,Diagnosis,CD,0.8814814814814814,0.3868313939894713
103,Diagnosis,CD,0.819047619047619,0.5056929313376297
104,Diagnosis,CD,0.8413793103448276,0.4755621510454362
105,Diagnosis,CD,0.7593052109181141,0.3633755823890921
106,Diagnosis,CD,0.7088888888888889,0.5531402488027957
107,Diagnosis,CD,0.705050505050505,0.5233710132242524
108,Diagnosis,CD,0.6571598336304219,0.6363080337836662
109,Diagnosis,CD,0.8769841269841269,0.4152659712234719
110,Diagnosis,CD,0.7557692307692309,0.47342744691316235
111,Diagnosis,CD,0.8527874564459931,0.4279968215591394
112,Diagnosis,CD,0.7435897435897436,0.5303251117124272
113,Diagnosis,CD,0.7162162162162162,0.4828034177293598
114,Diagnosis,CD,0.8212765957446809,0.3409240694708498
115,Diagnosis,CD,0.7561141304347826,0.5121259787166518
116,Diagnosis,CD,0.7447916666666666,0.5408370897183853
117,Diagnosis,CD,0.815668202764977,0.40925918556739643
118,Diagnosis,CD,0.9296551724137931,0.28789560385310725
119,Diagnosis,CD,0.7658730158730158,0.5058826421415312
120,Diagnosis,CD,0.8743801652892562,0.4270020848584112
121,Diagnosis,CD,0.844047619047619,0.4276633691595957
122,Diagnosis,CD,0.9048442906574394,0.45970873497563813
123,Diagnosis,CD,0.8150000000000001,0.519283385865605
124,Diagnosis,CD,0.7482605945604047,0.4951378699223911
125,Diagnosis,CD,0.8418181818181819,0.4458623918106289
126,Diagnosis,CD,0.7754629629629629,0.4487841146253138
127,Diagnosis,CD,0.7992452830188679,0.4106178276819855
128,Diagnosis,CD,0.8642857142857143,0.5137836592055894
129,Diagnosis,CD,0.8376470588235294,0.3415157814945662
130,Diagnosis,CD,0.8562717770034843,0.44835249584532966
131,Diagnosis,CD,0.7444444444444444,0.4139772771004488
132,Diagnosis,CD,0.7790476190476191,0.46102168499338103
133,Diagnosis,CD,0.8669767441860465,0.4411311692217584
134,Diagnosis,CD,0.8174962292609351,0.47857573760435174
135,Diagnosis,CD,0.8116835994194485,0.47258432356251345
136,Diagnosis,CD,0.7476744186046511,0.6072963446622107
137,Diagnosis,CD,0.8500000000000001,0.4312623066278156
138,Diagnosis,CD,0.935823754789272,0.39815141769905993
139,Diagnosis,CD,0.7936507936507936,0.4356016719697035
140,Diagnosis,CD,0.8005714285714286,0.43707145575065853
141,Diagnosis,CD,0.6690909090909091,0.4990800913161821
142,Diagnosis,CD,0.805952380952381,0.44565016329769114
143,Diagnosis,CD,0.7463157894736843,0.4588026192611486
144,Diagnosis,CD,0.701530612244898,0.5523294386248105
145,Diagnosis,CD,0.8742816091954023,0.4275355811046775
146,Diagnosis,CD,0.7896551724137931,0.41172574407341106
147,Diagnosis,CD,0.7593939393939394,0.42738295193090337
148,Diagnosis,CD,0.8729096989966555,0.4974219954530338
149,Diagnosis,CD,0.8444976076555025,0.45530939216922645
150,Diagnosis,CD,0.8792486583184258,0.38625767454669513
151,Diagnosis,CD,0.7643518518518518,0.5622347593058189
152,Diagnosis,CD,0.6985645933014354,0.5454571019998604
153,Diagnosis,CD,0.8407908428720083,0.49400561468392057
154,Diagnosis,CD,0.8342105263157895,0.52947799533036
155,Diagnosis,CD,0.8391608391608392,0.46624211544864597
156,Diagnosis,CD,0.7887205387205387,0.5064255789354185
157,Diagnosis,CD,0.8461021505376344,0.38112714931380676
158,Diagnosis,CD,0.8843537414965986,0.32891971607029624
159,Diagnosis,CD,0.7755102040816326,0.4641629868524916
160,Diagnosis,CD,0.684322033898305,0.4945790113135715
161,Diagnosis,CD,0.7824456114028507,0.4615647913462788
162,Diagnosis,CD,0.7303703703703704,0.5554853276195562
163,Diagnosis,CD,0.7753496503496503,0.5448370261507404
164,Diagnosis,CD,0.8345588235294118,0.4272899156230853
165,Diagnosis,CD,0.869445716903344,0.4162182651629826
166,Diagnosis,CD,0.8298305084745764,0.44515027180761213
167,Diagnosis,CD,0.6603427172582619,0.5076221221302057
168,Diagnosis,CD,0.83375104427736,0.3277743889722083
169,Diagnosis,CD,0.8087044534412955,0.41143467023095104
170,Diagnosis,CD,0.8067602040816326,0.40141575950074737
171,Diagnosis,CD,0.7826340326340326,0.44098708460712477
172,Diagnosis,CD,0.7666666666666666,0.4130752486663094
173,Diagnosis,CD,0.923728813559322,0.4175835646893138
174,Diagnosis,CD,0.7362637362637363,0.38861895818353226
175,Diagnosis,CD,0.6918714555765595,0.5028611483978869
176,Diagnosis,CD,0.6988416988416989,0.5327073227317146
177,Diagnosis,CD,0.7494736842105263,0.42296029287578735
178,Diagnosis,CD,0.7560851926977687,0.6130743747717782
179,Diagnosis,CD,0.8428853754940712,0.4682720918508163
180,Diagnosis,CD,0.7806372549019608,0.5912206920081055
181,Diagnosis,CD,0.8463492063492064,0.42416094706758506
182,Diagnosis,CD,0.7156862745098039,0.4408453310584853
183,Diagnosis,CD,0.7293632075471698,0.5039830166249223
184,Diagnosis,CD,0.7924528301886792,0.4089736721257822
185,Diagnosis,CD,0.7565217391304347,0.5218043193221118
186,Diagnosis,CD,0.8635658914728682,0.4012914709975743
187,Diagnosis,CD,0.7400756143667296,0.4501808137139529
188,Diagnosis,CD,0.8120629370629371,0.4700114070775055
189,Diagnosis,CD,0.8416666666666667,0.42954178978223756
190,Diagnosis,CD,0.8152515723270439,0.39657389704796664
191,Diagnosis,CD,0.6901315789473684,0.5940262216043068
192,Diagnosis,CD,0.8419936373276775,0.4094145618268713
193,Diagnosis,CD,0.8018518518518518,0.46187208779121863
194,Diagnosis,CD,0.8467207074428887,0.47869137115251553
195,Diagnosis,CD,0.8215408805031447,0.43188503512340465
196,Diagnosis,CD,0.8428428428428429,0.4166307530302132
197,Diagnosis,CD,0.8156565656565656,0.5960698031609
198,Diagnosis,CD,0.7354497354497355,0.40737332597276676
199,Diagnosis,CD,0.7687074829931972,0.6008992479394648
200,Diagnosis,CD,0.6855769230769232,0.5926467376887419
201,Diagnosis,CD,0.8511904761904763,0.43647820759425576
202,Diagnosis,CD,0.7569444444444444,0.361959216483595
203,Diagnosis,CD,0.8754578754578755,0.3837649661498081
204,Diagnosis,CD,0.8251488095238095,0.4440488182227984
205,Diagnosis,CD,0.712430426716141,0.45189447800551436
206,Diagnosis,CD,0.7598290598290598,0.5566530149439355
207,Diagnosis,CD,0.7554012345679012,0.5539262306183445
208,Diagnosis,CD,0.7728085867620752,0.4151161800429638
209,Diagnosis,CD,0.7837037037037037,0.49935253620453623
210,Diagnosis,CD,0.7641987829614605,0.49310132671093954
211,Diagnosis,CD,0.6467532467532467,0.5072933452827748
212,Diagnosis,CD,0.8459302325581395,0.33625222600283483
213,Diagnosis,CD,0.7108013937282229,0.49111186777897914
214,Diagnosis,CD,0.7805383022774326,0.4268156379581916
215,Diagnosis,CD,0.8510869565217392,0.4293151729172579
216,Diagnosis,CD,0.8134680134680135,0.5300272947527618
217,Diagnosis,CD,0.7739981360671015,0.5304098905908249
218,Diagnosis,CD,0.7630541871921183,0.5023330150598642
219,Diagnosis,CD,0.769916142557652,0.4830959019763057
220,Diagnosis,CD,0.762987012987013,0.36617053201783967
221,Diagnosis,CD,0.8007272727272727,0.5888251408329069
222,Diagnosis,CD,0.7287784679089027,0.5409472041815863
223,Diagnosis,CD,0.7175866495507061,0.4541476069048499
224,Diagnosis,CD,0.8297872340425533,0.4776211290668361
225,Diagnosis,CD,0.7830528846153846,0.4864294092535395
226,Diagnosis,CD,0.8026729559748428,0.48549800554199385
227,Diagnosis,CD,0.7611336032388664,0.4755213976196722
228,Diagnosis,CD,0.8445141065830721,0.525484983492794
229,Diagnosis,CD,0.7525691699604743,0.4938147163729077
230,Diagnosis,CD,0.7486938349007315,0.4438521413219134
231,Diagnosis,CD,0.7964285714285715,0.4485167859164754
232,Diagnosis,CD,0.7495934959349594,0.4466506176927035
233,Diagnosis,CD,0.7527151211361738,0.4969859527745425
234,Diagnosis,CD,0.7333333333333333,0.4295582136297402
235,Diagnosis,CD,0.8315476190476191,0.5574018446591188
236,Diagnosis,CD,0.82174688057041,0.430432443408299
237,Diagnosis,CD,0.9088235294117648,0.39590459882947016
238,Diagnosis,CD,0.8494949494949495,0.5287890911340818
239,Diagnosis,CD,0.8936000000000001,0.39680405708218264
240,Diagnosis,CD,0.8211382113821138,0.4417305898640671
241,Diagnosis,CD,0.7962962962962964,0.45871737116281197
242,Diagnosis,CD,0.7073002754820937,0.5446587363056333
243,Diagnosis,CD,0.8597383720930232,0.4931207304644202
244,Diagnosis,CD,0.7924297924297924,0.4688561495749434
245,Diagnosis,CD,0.8891625615763546,0.3704012629840198
246,Diagnosis,CD,0.7476383265856951,0.45103087923787827
247,Diagnosis,CD,0.8309990662931839,0.4188621670734847
248,Diagnosis,CD,0.7760416666666666,0.3659818045124244
249,Diagnosis,CD,0.7796352583586627,0.4797257420938943
250,Diagnosis,CD,0.7347670250896058,0.5393446698381306
251,Diagnosis,CD,0.7679924242424242,0.5171982149801182
252,Diagnosis,CD,0.6024955436720142,0.48321116939348424
253,Diagnosis,CD,0.8708133971291867,0.4012091602817035
254,Diagnosis,CD,0.8115942028985507,0.46127600070770725
255,Diagnosis,CD,0.8045112781954886,0.4186940565215413
256,Diagnosis,CD,0.7608486017357763,0.5440730569191482
257,Diagnosis,CD,0.7785642062689586,0.45297404897892946
258,Diagnosis,CD,0.7505900865460268,0.5219618176449287
259,Diagnosis,CD,0.8550943396226415,0.4272272464060193
260,Diagnosis,CD,0.706060606060606,0.4290491620229145
261,Diagnosis,CD,0.748792270531401,0.4829110034183226
262,Diagnosis,CD,0.7595238095238095,0.4150640099962634
263,Diagnosis,CD,0.835421888053467,0.4746135429052278
264,Diagnosis,CD,0.8604465709728868,0.47411405662079237
265,Diagnosis,CD,0.8260869565217391,0.3934962208865467
266,Diagnosis,CD,0.647812971342383,0.4409008054430785
267,Diagnosis,CD,0.7896296296296296,0.5375674320164893
268,Diagnosis,CD,0.8473954512105649,0.45613627323040784
269,Diagnosis,CD,0.9344155844155844,0.35597223648058535
270,Diagnosis,CD,0.697983697983698,0.5147037887528491
271,Diagnosis,CD,0.89296875,0.39474629823221186
272,Diagnosis,CD,0.8522727272727272,0.39755828801928494
273,Diagnosis,CD,0.745,0.5480244014858678
274,Diagnosis,CD,0.8017751479289941,0.4391097490370282
275,Diagnosis,CD,0.8449760765550239,0.41953911101639796
276,Diagnosis,CD,0.7840112201963534,0.33277541491218926
277,Diagnosis,CD,0.7462052216150576,0.4911756814108417
278,Diagnosis,CD,0.8566666666666667,0.38799190458872607
279,Diagnosis,CD,0.798611111111111,0.5994623644636953
280,Diagnosis,CD,0.7026086956521739,0.5009763963529269
281,Diagnosis,CD,0.7419580419580419,0.5531804957988612
282,Diagnosis,CD,0.8681818181818182,0.3492300929477824
283,Diagnosis,CD,0.8342245989304814,0.43948876473491716
284,Diagnosis,CD,0.7832919768403639,0.5892905595145471
285,Diagnosis,CD,0.7081447963800904,0.41182878965886277
286,Diagnosis,CD,0.7879065506184151,0.5051548085318295
287,Diagnosis,CD,0.7845849802371542,0.4910610519720991
288,Diagnosis,CD,0.7472222222222222,0.6202894890469712
289,Diagnosis,CD,0.8442171518489379,0.46628495701986317
290,Diagnosis,CD,0.8127946127946128,0.4450770002767298
291,Diagnosis,CD,0.7032085561497327,0.48072751446448425
292,Diagnosis,CD,0.8214285714285713,0.4005756872142826
293,Diagnosis,CD,0.8490740740740741,0.4322529743352755
294,Diagnosis,CD,0.8064516129032259,0.504554878423442
295,Diagnosis,CD,0.6319444444444444,0.5853113176058654
296,Diagnosis,CD,0.6804511278195489,0.5466696207032908
297,Diagnosis,CD,0.8261562998405104,0.34698669694609197
298,Diagnosis,CD,0.7381360777587193,0.4445834095300175
299,Diagnosis,CD,0.6949317738791423,0.3606209692482007
300,Diagnosis,CD,0.8402366863905325,0.478751404193924
301,Diagnosis,CD,0.7306122448979593,0.464566008125341
302,Diagnosis,CD,0.779788838612368,0.5021543538341969
303,Diagnosis,CD,0.8953125,0.47050344451212406
304,Diagnosis,CD,0.898176291793313,0.4496186005418847
305,Diagnosis,CD,0.7724867724867724,0.3947357216371763
306,Diagnosis,CD,0.7677224736048265,0.4644209921600518
307,Diagnosis,CD,0.828125,0.47469989723718703
308,Diagnosis,CD,0.8224806201550388,0.4597636469887268
309,Diagnosis,CD,0.7723905723905724,0.44238924690053116
310,Diagnosis,CD,0.8563368055555556,0.4097371416101827
311,Diagnosis,CD,0.7894736842105263,0.45263329919401074
312,Diagnosis,CD,0.7,0.5176991959945457
313,Diagnosis,CD,0.8602150537634409,0.42287010960844873
314,Diagnosis,CD,0.8775193798449612,0.32733110620380085
315,Diagnosis,CD,0.7279367011564212,0.5177833978557098
316,Diagnosis,CD,0.7027027027027026,0.44129096138570595
317,Diagnosis,CD,0.7369565217391305,0.4909495862928352
318,Diagnosis,CD,0.8104938271604939,0.5360933224904484
319,Diagnosis,CD,0.7307692307692307,0.39230971136186676
320,Diagnosis,CD,0.7059294871794872,0.4726774684964215
321,Diagnosis,CD,0.7050739957716702,0.425650145010023
322,Diagnosis,CD,0.8972549019607843,0.36152179791208877
323,Diagnosis,CD,0.8373161764705883,0.37182257176962585
324,Diagnosis,CD,0.8259637188208616,0.38021522419486
325,Diagnosis,CD,0.7875598086124402,0.4458248891041009
326,Diagnosis,CD,0.915204678362573,0.5075732809189075
327,Diagnosis,CD,0.7240398293029872,0.4524891066620779
328,Diagnosis,CD,0.8724999999999999,0.333567080655105
329,Diagnosis,CD,0.7172093023255813,0.4982972269248582
330,Diagnosis,CD,0.8041322314049587,0.49724637132442795
331,Diagnosis,CD,0.7351097178683385,0.524652226968768
332,Diagnosis,CD,0.7838509316770187,0.5447978095740714
333,Diagnosis,CD,0.8002915451895044,0.4276675449958496
334,Diagnosis,CD,0.8378378378378378,0.4674320796153306
335,Diagnosis,CD,0.842391304347826,0.4951484293653145
336,Diagnosis,CD,0.8695175438596492,0.4025718526346932
337,Diagnosis,CD,0.7440476190476191,0.4827686352903073
338,Diagnosis,CD,0.8193939393939393,0.5409976733250464
339,Diagnosis,CD,0.7401515151515151,0.4904914405905702
340,Diagnosis,CD,0.7960975609756098,0.4530031231326131
341,Diagnosis,CD,0.7312252964426877,0.5180890636987538
342,Diagnosis,CD,0.801920768307323,0.49270187655961
343,Diagnosis,CD,0.8375,0.4825140631817709
344,Diagnosis,CD,0.7655583972719523,0.4942675337122312
345,Diagnosis,CD,0.7923753665689149,0.4173849179221847
346,Diagnosis,CD,0.8283582089552239,0.4195843663984862
347,Diagnosis,CD,0.8275862068965518,0.3494995965985466
348,Diagnosis,CD,0.8349056603773585,0.5087206739348257
349,Diagnosis,CD,0.7318181818181819,0.49825836408590674
350,Diagnosis,CD,0.7073863636363636,0.41545132693620535
351,Diagnosis,CD,0.8571428571428571,0.4502158668481253
352,Diagnosis,CD,0.8250000000000001,0.4457973682273966
353,Diagnosis,CD,0.9145833333333333,0.49897036873086065
354,Diagnosis,CD,0.788888888888889,0.3392738564737766
355,Diagnosis,CD,0.9019426456984274,0.40372335802040754
356,Diagnosis,CD,0.7675,0.47002438906381033
357,Diagnosis,CD,0.861038961038961,0.424047756743505
358,Diagnosis,CD,0.8792912513842747,0.37290806859869274
359,Diagnosis,CD,0.8544921875,0.4217286019324034
360,Diagnosis,CD,0.7647907647907647,0.4806503521108669
361,Diagnosis,CD,0.7250293772032903,0.4356302817790797
362,Diagnosis,CD,0.7986111111111112,0.4042833855832777
363,Diagnosis,CD,0.7395348837209302,0.4163281104544898
364,Diagnosis,CD,0.8412228796844181,0.3882804747410875
365,Diagnosis,CD,0.9,0.42922487267803255
366,Diagnosis,CD,0.8764302059496568,0.40314661323087736
367,Diagnosis,CD,0.8794871794871795,0.453066414414738
368,Diagnosis,CD,0.7737656595431098,0.5005776469164864
369,Diagnosis,CD,0.8592017738359202,0.3420082821820258
370,Diagnosis,CD,0.8272620446533491,0.36527050159594426
371,Diagnosis,CD,0.7618288144603934,0.5047227139787358
372,Diagnosis,CD,0.8969754253308129,0.4253651526458446
373,Diagnosis,CD,0.7546153846153846,0.3927318069355981
374,Diagnosis,CD,0.8600000000000001,0.5591551126004837
375,Diagnosis,CD,0.641904761904762,0.4836424272922923
376,Diagnosis,CD,0.7904589371980676,0.41476218586786484
377,Diagnosis,CD,0.7740447957839262,0.41935118264730903
378,Diagnosis,CD,0.7588522588522588,0.5038735092696496
379,Diagnosis,CD,0.7098930481283423,0.44100903680711256
380,Diagnosis,CD,0.804093567251462,0.4293744985288358
381,Diagnosis,CD,0.8085373509102323,0.4869273992965718
382,Diagnosis,CD,0.8671201814058958,0.4315899126658333
383,Diagnosis,CD,0.796068796068796,0.4988394120476196
384,Diagnosis,CD,0.8205,0.43681633133785597
385,Diagnosis,CD,0.7965811965811965,0.4884235423244457
386,Diagnosis,CD,0.6536511156186613,0.574195201742544
387,Diagnosis,CD,0.74,0.5643281515825822
388,Diagnosis,CD,0.8843843843843844,0.47500215430513654
389,Diagnosis,CD,0.7537715517241379,0.47015636999655486
390,Diagnosis,CD,0.7665130568356374,0.46423789743874533
391,Diagnosis,CD,0.8347490347490347,0.4073108092278986
392,Diagnosis,CD,0.8003108003108003,0.5410764454986471
393,Diagnosis,CD,0.7633689839572192,0.4121091955433622
394,Diagnosis,CD,0.8346354166666666,0.4271313140875403
395,Diagnosis,CD,0.7937062937062938,0.49743921504968086
396,Diagnosis,CD,0.7653061224489796,0.633870550167067
397,Diagnosis,CD,0.7062146892655368,0.4965796592528042
398,Diagnosis,CD,0.8037166085946574,0.36894078287848575
399,Diagnosis,CD,0.7133620689655172,0.4988689752167453
400,Diagnosis,CD,0.8581336696090794,0.47166954495327673
401,Diagnosis,CD,0.8648221343873518,0.4588994243128622
402,Diagnosis,CD,0.7777149321266968,0.46032069766109435
403,Diagnosis,CD,0.7694013303769401,0.35852199075159435
404,Diagnosis,CD,0.7585034013605442,0.5061606377382919
405,Diagnosis,CD,0.835820895522388,0.5420055387897845
406,Diagnosis,CD,0.8833333333333333,0.42601489465953024
407,Diagnosis,CD,0.7867036011080333,0.5597962662876702
408,Diagnosis,CD,0.8140732265446224,0.39104365350779346
409,Diagnosis,CD,0.7398550724637681,0.5342428529726035
410,Diagnosis,CD,0.8453333333333333,0.3984692993753344
411,Diagnosis,CD,0.6561264822134387,0.4503458570189547
412,Diagnosis,CD,0.8200000000000001,0.4626532399157477
413,Diagnosis,CD,0.7710437710437711,0.5682705288006541
414,Diagnosis,CD,0.808994708994709,0.45862632081152066
415,Diagnosis,CD,0.7581360946745562,0.5033424639697935
416,Diagnosis,CD,0.792358803986711,0.5086676830583352
417,Diagnosis,CD,0.6950483091787439,0.5864748960750781
418,Diagnosis,CD,0.8333333333333333,0.43479699138130457
419,Diagnosis,CD,0.7355371900826446,0.4047402911797212
420,Diagnosis,CD,0.8423423423423424,0.4364706888820846
421,Diagnosis,CD,0.775735294117647,0.46192936699804565
422,Diagnosis,CD,0.8811320754716981,0.38177625241404184
423,Diagnosis,CD,0.8186638388123012,0.4530384824725494
424,Diagnosis,CD,0.7548309178743962,0.5585283526604234
425,Diagnosis,CD,0.8421750663129973,0.39362820103231705
426,Diagnosis,CD,0.8760683760683761,0.5194282089206619
427,Diagnosis,CD,0.8521739130434782,0.41056463657275755
428,Diagnosis,CD,0.7977272727272727,0.5212848728387691
429,Diagnosis,CD,0.7524509803921569,0.4367423534679479
430,Diagnosis,CD,0.7596899224806202,0.45653255521009917
431,Diagnosis,CD,0.7220683287165282,0.3734806357337665
432,Diagnosis,CD,0.8770903010033445,0.409438375660605
433,Diagnosis,CD,0.7703125,0.4940041884842325
434,Diagnosis,CD,0.7072649572649572,0.5210823244598028
435,Diagnosis,CD,0.7413793103448276,0.39048165656740064
436,Diagnosis,CD,0.781328320802005,0.4480097429728249
437,Diagnosis,CD,0.7892857142857143,0.40296680429138276
438,Diagnosis,CD,0.8605128205128205,0.6090217949386907
439,Diagnosis,CD,0.888030888030888,0.3673762445625704
440,Diagnosis,CD,0.8224699828473413,0.4535892068673725
441,Diagnosis,CD,0.7984723854289072,0.3837060129331566
442,Diagnosis,CD,0.843915343915344,0.48413757556159726
443,Diagnosis,CD,0.7175,0.48040010601522914
444,Diagnosis,CD,0.8034632034632034,0.4990727200630333
445,Diagnosis,CD,0.7338877338877339,0.5357821077441592
446,Diagnosis,CD,0.7152777777777778,0.42684020477562507
447,Diagnosis,CD,0.866923076923077,0.4282551820294809
448,Diagnosis,CD,0.7489975942261428,0.5235963081629352
449,Diagnosis,CD,0.7045045045045045,0.40266899845898485
450,Diagnosis,CD,0.6653605015673981,0.5941895782109475
451,Diagnosis,CD,0.8306742151312403,0.4920004792951744
452,Diagnosis,CD,0.6803385416666666,0.5416375566517087
453,Diagnosis,CD,0.8161702127659575,0.5081295999463858
454,Diagnosis,CD,0.6198979591836735,0.505148097427939
455,Diagnosis,CD,0.7837837837837838,0.5636925074951536
456,Diagnosis,CD,0.7616557734204793,0.4565534676298471
457,Diagnosis,CD,0.7333333333333334,0.567025613892271
458,Diagnosis,CD,0.7733795150915388,0.4487018203868531
459,Diagnosis,CD,0.818609022556391,0.4472810315125086
460,Diagnosis,CD,0.8545454545454545,0.4789570118618935
461,Diagnosis,CD,0.8542274052478134,0.4567805888387724
462,Diagnosis,CD,0.7987804878048781,0.4736317048301872
463,Diagnosis,CD,0.7824675324675324,0.5607200535835561
464,Diagnosis,CD,0.8293545534924845,0.45238525324928125
465,Diagnosis,CD,0.7887517146776406,0.4381420254100313
466,Diagnosis,CD,0.7689075630252101,0.5291130077543911
467,Diagnosis,CD,0.7450980392156863,0.5054036475241648
468,Diagnosis,CD,0.8077268643306379,0.4504828202622793
469,Diagnosis,CD,0.7993827160493827,0.47376541354579405
470,Diagnosis,CD,0.8121794871794871,0.4546306114851702
471,Diagnosis,CD,0.7759103641456583,0.5155865807853807
472,Diagnosis,CD,0.8440285204991088,0.4340011410214889
473,Diagnosis,CD,0.7376543209876543,0.48370905464874103
474,Diagnosis,CD,0.8007168458781362,0.4358354110502011
475,Diagnosis,CD,0.853448275862069,0.45251593897278586
476,Diagnosis,CD,0.7092957746478874,0.4717105882302263
477,Diagnosis,CD,0.6757105943152455,0.5207663930975291
478,Diagnosis,CD,0.7772606382978724,0.45148404450654744
479,Diagnosis,CD,0.782608695652174,0.4373875711761297
480,Diagnosis,CD,0.799480856586632,0.41729021886580997
481,Diagnosis,CD,0.680090754395916,0.6001431878054261
482,Diagnosis,CD,0.7608695652173912,0.4721036102128661
483,Diagnosis,CD,0.8285714285714285,0.43272963624681726
484,Diagnosis,CD,0.7711328349626222,0.46193010429075215
485,Diagnosis,CD,0.7924297924297925,0.41801079106035177
486,Diagnosis,CD,0.8219814241486068,0.4185495361426519
487,Diagnosis,CD,0.8542673107890499,0.4794734294704885
488,Diagnosis,CD,0.7774725274725275,0.4759266001714449
489,Diagnosis,CD,0.7472527472527473,0.33642087864591713
490,Diagnosis,CD,0.8343596059113301,0.4558639856589663
491,Diagnosis,CD,0.952991452991453,0.3615103971845428
492,Diagnosis,CD,0.8418290854572714,0.4661798428447838
493,Diagnosis,CD,0.700838769804287,0.5040320113758125
494,Diagnosis,CD,0.7468750000000001,0.449575605628906
495,Diagnosis,CD,0.8650793650793651,0.5308229637811865
496,Diagnosis,CD,0.8657407407407408,0.369898998831451
497,Diagnosis,CD,0.7931286549707601,0.4016971981086496
498,Diagnosis,CD,0.8710144927536232,0.3699191113777744
499,Diagnosis,CD,0.7526455026455027,0.47623494451867365
500,Diagnosis,CD,0.8205882352941176,0.41495154257422934
501,Diagnosis,CD,0.7818061964403429,0.40574674451915765
502,Diagnosis,CD,0.8834033613445378,0.4997340463325677
503,Diagnosis,CD,0.7158469945355191,0.5023181391193626
504,Diagnosis,CD,0.831439393939394,0.43409331383803945
505,Diagnosis,CD,0.827041866849691,0.5047615067725826
506,Diagnosis,CD,0.6476964769647696,0.5488852838990953
507,Diagnosis,CD,0.8065458796025716,0.44769609544514766
508,Diagnosis,CD,0.8011594202898551,0.4083269173157726
509,Diagnosis,CD,0.7613095238095239,0.5068603416621053
510,Diagnosis,CD,0.7246469833119383,0.6342748780349194
511,Diagnosis,CD,0.8282493368700266,0.5087515418372316
512,Diagnosis,CD,0.8162055335968379,0.46676074203660634
513,Diagnosis,CD,0.8809523809523809,0.4002228582466903
514,Diagnosis,CD,0.8441666666666666,0.3579713006442951
515,Diagnosis,CD,0.7848297213622291,0.3764990136963013
516,Diagnosis,CD,0.7421150278293136,0.47015012638449366
517,Diagnosis,CD,0.753968253968254,0.3045483525227617
518,Diagnosis,CD,0.8685410334346504,0.4018267452823213
519,Diagnosis,CD,0.78046875,0.4690952940709663
520,Diagnosis,CD,0.7910839160839161,0.3789966474184462
521,Diagnosis,CD,0.7303921568627451,0.5663525050067091
522,Diagnosis,CD,0.78743961352657,0.44343126021071105
523,Diagnosis,CD,0.7519181585677749,0.4031358811551741
524,Diagnosis,CD,0.7492378048780488,0.45233957460555957
525,Diagnosis,CD,0.8486024844720498,0.5464843179255805
526,Diagnosis,CD,0.8074576271186441,0.5549063891939318
527,Diagnosis,CD,0.7007575757575758,0.5736291290221828
528,Diagnosis,CD,0.8407407407407408,0.39310661890306947
529,Diagnosis,CD,0.8234250221827861,0.4196306769641401
530,Diagnosis,CD,0.7895299145299145,0.6444276650024202
531,Diagnosis,CD,0.809119830328738,0.5405570482867199
532,Diagnosis,CD,0.7906976744186046,0.3887528988802445
533,Diagnosis,CD,0.8994285714285715,0.4454171683603963
534,Diagnosis,CD,0.8200379867046533,0.511830475440437
535,Diagnosis,CD,0.6747448979591837,0.4890460377331566
536,Diagnosis,CD,0.8230994152046784,0.37917031309047733
537,Diagnosis,CD,0.804972804972805,0.4732546434154348
538,Diagnosis,CD,0.6972704714640198,0.5365497405482778
539,Diagnosis,CD,0.7746031746031746,0.42593528822837773
540,Diagnosis,CD,0.7788461538461539,0.4310145933818253
541,Diagnosis,CD,0.8518518518518519,0.369542312111002
542,Diagnosis,CD,0.7410124724871607,0.3941522544116552
543,Diagnosis,CD,0.862607338017174,0.3785091095940789
544,Diagnosis,CD,0.8559027777777778,0.43855352254276325
545,Diagnosis,CD,0.7940503432494279,0.3777185372084703
546,Diagnosis,CD,0.6469387755102041,0.49186240396060377
547,Diagnosis,CD,0.6470588235294117,0.541755785338542
548,Diagnosis,CD,0.680161943319838,0.6006742846522334
549,Diagnosis,CD,0.7830882352941176,0.48326231053268104
550,Diagnosis,CD,0.7698170731707317,0.40518034720573365
551,Diagnosis,CD,0.8295454545454545,0.42542740406813817
552,Diagnosis,CD,0.7515257192676548,0.4458044342467992
553,Diagnosis,CD,0.8680351906158358,0.36303681898414125
554,Diagnosis,CD,0.8636363636363636,0.43552374314502773
555,Diagnosis,CD,0.8178104575163399,0.4202932388876366
556,Diagnosis,CD,0.7328205128205129,0.4645252453011327
557,Diagnosis,CD,0.7343434343434343,0.5137178903828447
558,Diagnosis,CD,0.8125802310654686,0.40051012617727433
559,Diagnosis,CD,0.7807971014492754,0.41122730564794074
560,Diagnosis,CD,0.9140271493212669,0.3766539849997771
561,Diagnosis,CD,0.8333333333333334,0.45133301599673176
562,Diagnosis,CD,0.8193181818181818,0.40912381408136017
563,Diagnosis,CD,0.7529761904761905,0.4489320528079303
564,Diagnosis,CD,0.7514204545454546,0.3864928589508768
565,Diagnosis,CD,0.7922077922077922,0.5366757218060423
566,Diagnosis,CD,0.8105646630236795,0.5099894276817492
567,Diagnosis,CD,0.6973232669869595,0.4762453049874352
568,Diagnosis,CD,0.8173987941429802,0.4849527800535778
569,Diagnosis,CD,0.688479262672811,0.49191693027157396
570,Diagnosis,CD,0.8590643274853801,0.3982230853942083
571,Diagnosis,CD,0.7232142857142857,0.4554467372658462
572,Diagnosis,CD,0.81328125,0.4367384962703828
573,Diagnosis,CD,0.7986270022883295,0.46523962702705846
574,Diagnosis,CD,0.7860501567398118,0.464022492248214
575,Diagnosis,CD,0.5634278002699056,0.5508949638608722
576,Diagnosis,CD,0.7631746031746031,0.4477853917352834
577,Diagnosis,CD,0.8792372881355931,0.42954603772575045
578,Diagnosis,CD,0.8068561872909699,0.39263986391880534
579,Diagnosis,CD,0.8176328502415459,0.40561214593413103
580,Diagnosis,CD,0.7944700460829494,0.44120705942028704
581,Diagnosis,CD,0.8074229691876751,0.4290096087963388
582,Diagnosis,CD,0.805668016194332,0.4592073910353199
583,Diagnosis,CD,0.8394964594807238,0.4176744721479684
584,Diagnosis,CD,0.7809523809523808,0.42512120651661606
585,Diagnosis,CD,0.5810810810810811,0.5528641218719836
586,Diagnosis,CD,0.8777777777777778,0.3441541866340384
587,Diagnosis,CD,0.7872185911401598,0.4477108654029032
588,Diagnosis,CD,0.757085020242915,0.49913667295218334
589,Diagnosis,CD,0.7424,0.5356720946753034
590,Diagnosis,CD,0.7463942307692308,0.42593663887321964
591,Diagnosis,CD,0.7801120448179272,0.44973154335618126
592,Diagnosis,CD,0.8425253991291728,0.48687415994096317
593,Diagnosis,CD,0.810204081632653,0.5346989977557531
594,Diagnosis,CD,0.7846938775510204,0.41761940975547696
595,Diagnosis,CD,0.75,0.40877934382721404
596,Diagnosis,CD,0.8411712511091394,0.47794795476904384
597,Diagnosis,CD,0.8738977072310405,0.38522104369904514
598,Diagnosis,CD,0.7602108036890645,0.5259348456892643
599,Diagnosis,CD,0.8782608695652173,0.45920903053418066
600,Diagnosis,CD,0.7777777777777777,0.5725584233521159
601,Diagnosis,CD,0.6848546659867415,0.49805285450812065
602,Diagnosis,CD,0.7483660130718954,0.5309454450490844
603,Diagnosis,CD,0.789433962264151,0.5126121873885848
604,Diagnosis,CD,0.8020833333333333,0.3962803077229214
605,Diagnosis,CD,0.7763772175536882,0.5810136806681641
606,Diagnosis,CD,0.9258503401360545,0.4414425818484403
607,Diagnosis,CD,0.6745562130177514,0.4321821067654652
608,Diagnosis,CD,0.8318636096413874,0.41908387319405294
609,Diagnosis,CD,0.84,0.4018852986695416
610,Diagnosis,CD,0.7318768619662362,0.4032609999785921
611,Diagnosis,CD,0.7331433998100665,0.42886585453208176
612,Diagnosis,CD,0.7876602564102564,0.4663681940006599
613,Diagnosis,CD,0.8452088452088452,0.4646447937563388
614,Diagnosis,CD,0.7537619699042407,0.4007563205012307
615,Diagnosis,CD,0.7365319865319865,0.4789490977091974
616,Diagnosis,CD,0.8401253918495298,0.42303844595578327
617,Diagnosis,CD,0.8194444444444444,0.5066910476496344
618,Diagnosis,CD,0.8726708074534161,0.3823105371901549
619,Diagnosis,CD,0.789787798408488,0.3690520505366263
620,Diagnosis,CD,0.7425821972734563,0.5280763114018633
621,Diagnosis,CD,0.7532051282051282,0.4638277749606926
622,Diagnosis,CD,0.6884057971014493,0.4721469265740942
623,Diagnosis,CD,0.7712418300653595,0.4246360736263079
624,Diagnosis,CD,0.8156551332955191,0.48145856280490473
625,Diagnosis,CD,0.6831541218637993,0.5011303570442545
626,Diagnosis,CD,0.795138888888889,0.4688869109843815
627,Diagnosis,CD,0.7281045751633987,0.5292290065546096
628,Diagnosis,CD,0.7170731707317074,0.5275687391078803
629,Diagnosis,CD,0.7997737556561086,0.5159366305949509
630,Diagnosis,CD,0.8077777777777778,0.36888809774685893
631,Diagnosis,CD,0.8678839957035446,0.45620624460343845
632,Diagnosis,CD,0.9313399778516058,0.3364857319213307
633,Diagnosis,CD,0.7806873977086743,0.5487266940368883
634,Diagnosis,CD,0.8652618135376756,0.5539743100266947
635,Diagnosis,CD,0.7906855049712193,0.5268478469294565
636,Diagnosis,CD,0.7816849816849818,0.4892920185383307
637,Diagnosis,CD,0.7924137931034483,0.5885752679863007
638,Diagnosis,CD,0.7777777777777778,0.42943264220491256
639,Diagnosis,CD,0.7835294117647058,0.4154196903907829
640,Diagnosis,CD,0.8695976154992549,0.3593581350906215
641,Diagnosis,CD,0.7305555555555556,0.5133364346785334
642,Diagnosis,CD,0.8008658008658008,0.4942154726207939
643,Diagnosis,CD,0.6418803418803419,0.5381236201668986
644,Diagnosis,CD,0.8216676810712112,0.38154056332845815
645,Diagnosis,CD,0.8809523809523809,0.37606839622143795
646,Diagnosis,CD,0.8469298245614035,0.47540084302801205
647,Diagnosis,CD,0.7637061403508771,0.5736845933520386
648,Diagnosis,CD,0.8752860411899314,0.37907138635186577
649,Diagnosis,CD,0.8192848020434228,0.4791329355714241
650,Diagnosis,CD,0.6812260536398469,0.4164135133422872
651,Diagnosis,CD,0.8060377358490566,0.5356902073175155
652,Diagnosis,CD,0.8695652173913043,0.43566835363168765
653,Diagnosis,CD,0.8121951219512196,0.45363930053070317
654,Diagnosis,CD,0.6289910600255427,0.4341677742376802
655,Diagnosis,CD,0.6048611111111111,0.6195539869946175
656,Diagnosis,CD,0.8261316872427984,0.39928278660902067
657,Diagnosis,CD,0.7604166666666666,0.42320008984140245
658,Diagnosis,CD,0.8285714285714285,0.3942471942429616
659,Diagnosis,CD,0.7568134171907757,0.5083026440262278
660,Diagnosis,CD,0.84,0.4642604914006801
661,Diagnosis,CD,0.858095238095238,0.4300245790014831
662,Diagnosis,CD,0.7950549450549451,0.4890258801224771
663,Diagnosis,CD,0.8425806451612903,0.42934768241979493
664,Diagnosis,CD,0.8749111584932481,0.4621918124937791
665,Diagnosis,CD,0.751246261216351,0.46345152942048473
666,Diagnosis,CD,0.8698347107438017,0.33981032493528507
667,Diagnosis,CD,0.8268497330282227,0.40352928427175305
668,Diagnosis,CD,0.8158730158730159,0.42352882999806013
669,Diagnosis,CD,0.8653273809523809,0.41498578133317204
670,Diagnosis,CD,0.7749546279491832,0.4626211372974107
671,Diagnosis,CD,0.8503584229390682,0.42134669892662996
672,Diagnosis,CD,0.8825757575757576,0.3856064963980397
673,Diagnosis,CD,0.8286620835536753,0.48856223330091586
674,Diagnosis,CD,0.7713675213675214,0.4649716175439758
675,Diagnosis,CD,0.669172932330827,0.4353976634578593
676,Diagnosis,CD,0.8473748473748474,0.4607300016552377
677,Diagnosis,CD,0.6974025974025974,0.4396622716590708
678,Diagnosis,CD,0.7824675324675324,0.497600259367144
679,Diagnosis,CD,0.8682336182336181,0.3746296133348528
680,Diagnosis,CD,0.7803030303030303,0.34994405125228256
681,Diagnosis,CD,0.719047619047619,0.49403649269619393
682,Diagnosis,CD,0.7834302325581396,0.5050902829789867
683,Diagnosis,CD,0.8756708407871199,0.4333804974990222
684,Diagnosis,CD,0.7488888888888888,0.4366305877224843
685,Diagnosis,CD,0.803125,0.3908238421169864
686,Diagnosis,CD,0.8733333333333333,0.5364868283971045
687,Diagnosis,CD,0.7619047619047619,0.4962285622381611
688,Diagnosis,CD,0.7268602540834845,0.5409796712154094
689,Diagnosis,CD,0.7432692307692308,0.5880899729819643
690,Diagnosis,CD,0.8346666666666667,0.4909878136169442
691,Diagnosis,CD,0.7067736185383243,0.39884393603046703
692,Diagnosis,CD,0.8167680865449629,0.48617166018754965
693,Diagnosis,CD,0.8593939393939394,0.46220753503049794
694,Diagnosis,CD,0.7587878787878788,0.5223482083485118
695,Diagnosis,CD,0.7691197691197691,0.45755618050862923
696,Diagnosis,CD,0.6985365853658537,0.5346053371229414
697,Diagnosis,CD,0.8758741258741259,0.3006519338393206
698,Diagnosis,CD,0.5339366515837104,0.6575675150525525
699,Diagnosis,CD,0.7446808510638298,0.4248165425247921
700,Diagnosis,CD,0.8386243386243387,0.4750705025571943
701,Diagnosis,CD,0.6954270923209663,0.5157636550757543
702,Diagnosis,CD,0.8828671328671329,0.3679163750319538
703,Diagnosis,CD,0.7433333333333333,0.507369375417431
704,Diagnosis,CD,0.8569078947368421,0.5591233956007935
705,Diagnosis,CD,0.9275568181818181,0.3673764077337938
706,Diagnosis,CD,0.7276785714285714,0.590580915016679
707,Diagnosis,CD,0.8893939393939393,0.39278054827512104
708,Diagnosis,CD,0.815359477124183,0.5161762898912092
709,Diagnosis,CD,0.8201058201058201,0.43631508492221405
710,Diagnosis,CD,0.8389982110912343,0.4635416005538933
711,Diagnosis,CD,0.7533081285444235,0.556778980717248
712,Diagnosis,CD,0.7896825396825397,0.4746268702067362
713,Diagnosis,CD,0.7623188405797101,0.48705515185933274
714,Diagnosis,CD,0.6536796536796537,0.5410427018212319
715,Diagnosis,CD,0.7953216374269005,0.4421718619927604
716,Diagnosis,CD,0.7686335403726708,0.34071805032890706
717,Diagnosis,CD,0.74375,0.4302980239203812
718,Diagnosis,CD,0.8227124183006536,0.36483598361793923
719,Diagnosis,CD,0.725925925925926,0.5067907186196198
720,Diagnosis,CD,0.7647058823529411,0.46655302672441984
721,Diagnosis,CD,0.8674242424242424,0.36659907658026414
722,Diagnosis,CD,0.6475,0.4791648774600361
723,Diagnosis,CD,0.8156137647663071,0.5409308453880172
724,Diagnosis,CD,0.8529411764705882,0.4961923300746399
725,Diagnosis,CD,0.721580547112462,0.4409232866614895
726,Diagnosis,CD,0.7902777777777779,0.3693435878233373
727,Diagnosis,CD,0.8570075757575758,0.40503529538153904
728,Diagnosis,CD,0.7351046698872785,0.5328825697176872
729,Diagnosis,CD,0.7168784029038113,0.4645017758803629
730,Diagnosis,CD,0.7740384615384616,0.44622844654056626
731,Diagnosis,CD,0.8646153846153847,0.5001541751618682
732,Diagnosis,CD,0.6626016260162602,0.4368190316588809
733,Diagnosis,CD,0.7976249381494309,0.4749546211140742
734,Diagnosis,CD,0.7855297157622739,0.5592184352125835
735,Diagnosis,CD,0.7767272727272727,0.46202571999699493
736,Diagnosis,CD,0.8009433962264151,0.42501341456588365
737,Diagnosis,CD,0.609009009009009,0.48029765523555873
738,Diagnosis,CD,0.8525423728813559,0.4215869470541997
739,Diagnosis,CD,0.9163636363636364,0.35337190575026994
740,Diagnosis,CD,0.9050097592713078,0.5396715490896643
741,Diagnosis,CD,0.6948717948717948,0.42144983037636646
742,Diagnosis,CD,0.8793333333333334,0.293644378119584
743,Diagnosis,CD,0.7421052631578947,0.4184638593946113
744,Diagnosis,CD,0.8089330024813897,0.44144464819413276
745,Diagnosis,CD,0.7284321080270068,0.5549512793173066
746,Diagnosis,CD,0.8194444444444444,0.37019245946513335
747,Diagnosis,CD,0.7139959432048683,0.4405748611375254
748,Diagnosis,CD,0.7749287749287749,0.47229990379936476
749,Diagnosis,CD,0.8649155722326454,0.48144654037212037
750,Diagnosis,CD,0.8706293706293706,0.34413469935181196
751,Diagnosis,CD,0.6899766899766899,0.5464981259050806
752,Diagnosis,CD,0.712430426716141,0.44468475290777937
753,Diagnosis,CD,0.8522408963585435,0.39172175585822
754,Diagnosis,CD,0.7587657784011221,0.38597565432889586
755,Diagnosis,CD,0.7642045454545455,0.5201450614411285
756,Diagnosis,CD,0.7083333333333334,0.4576816942242571
757,Diagnosis,CD,0.8700980392156863,0.3590749393753722
758,Diagnosis,CD,0.9162191192266381,0.4323832073793182
759,Diagnosis,CD,0.7121212121212122,0.37535980963101423
760,Diagnosis,CD,0.8125,0.4351078659198486
761,Diagnosis,CD,0.665596919127086,0.5169273581739013
762,Diagnosis,CD,0.8162393162393162,0.4657353709554413
763,Diagnosis,CD,0.6602822580645161,0.46984669758179953
764,Diagnosis,CD,0.8228571428571428,0.5348471652599412
765,Diagnosis,CD,0.8519607843137255,0.40867920697922683
766,Diagnosis,CD,0.7,0.47532482792335257
767,Diagnosis,CD,0.7916666666666666,0.5077960739769404
768,Diagnosis,CD,0.7401215805471125,0.5193587113322315
769,Diagnosis,CD,0.72,0.4343865545183137
770,Diagnosis,CD,0.8045157456922163,0.456298367342218
771,Diagnosis,CD,0.7646739130434783,0.47232848250874904
772,Diagnosis,CD,0.8506972928630024,0.4070128935363259
773,Diagnosis,CD,0.6785714285714285,0.5324464895806116
774,Diagnosis,CD,0.7337220602526725,0.48718140172422714
775,Diagnosis,CD,0.7839506172839505,0.5201864465886713
776,Diagnosis,CD,0.7966666666666666,0.5108031192286296
777,Diagnosis,CD,0.7916666666666667,0.5949608641177969
778,Diagnosis,CD,0.7831831831831833,0.5230313402880139
779,Diagnosis,CD,0.6354166666666666,0.4495266756800134
780,Diagnosis,CD,0.7027777777777778,0.5067264495443632
781,Diagnosis,CD,0.8959899749373434,0.5510430836390681
782,Diagnosis,CD,0.8325925925925927,0.5109697265474016
783,Diagnosis,CD,0.8222222222222222,0.44430836963795345
784,Diagnosis,CD,0.7665056360708535,0.6188668884899855
785,Diagnosis,CD,0.8209331651954603,0.46514760643134584
786,Diagnosis,CD,0.7752525252525253,0.4240643936173069
787,Diagnosis,CD,0.826578073089701,0.4910468590208373
788,Diagnosis,CD,0.8092592592592592,0.35744284672865456
789,Diagnosis,CD,0.7072368421052632,0.43818760835899095
790,Diagnosis,CD,0.7813620071684588,0.48323332928743734
791,Diagnosis,CD,0.8677685950413223,0.4937949778363049
792,Diagnosis,CD,0.7923529411764706,0.47698217368788065
793,Diagnosis,CD,0.8046153846153846,0.45467231497181143
794,Diagnosis,CD,0.7145299145299145,0.5452507630890645
795,Diagnosis,CD,0.790273556231003,0.45301244697626325
796,Diagnosis,CD,0.6656976744186047,0.45576934863557733
797,Diagnosis,CD,0.7637178051511758,0.5685099283243127
798,Diagnosis,CD,0.7352941176470588,0.3990083022474141
799,Diagnosis,CD,0.7937915742793791,0.40825196882934517
800,Diagnosis,CD,0.7664437012263099,0.42654540905455507
801,Diagnosis,CD,0.8591304347826086,0.44298774033988547
802,Diagnosis,CD,0.8382877526753865,0.43857912183479275
803,Diagnosis,CD,0.800865800865801,0.3482817585223057
804,Diagnosis,CD,0.8021739130434783,0.41586024990951836
805,Diagnosis,CD,0.8131041890440387,0.46712901276330004
806,Diagnosis,CD,0.8258287976249381,0.45926191693046414
807,Diagnosis,CD,0.7489911218724777,0.4010714696096317
808,Diagnosis,CD,0.8081841432225064,0.433669883421965
809,Diagnosis,CD,0.8734567901234568,0.42879079642428425
810,Diagnosis,CD,0.7616883116883116,0.47348467255687565
811,Diagnosis,CD,0.8071687840290381,0.40775237490615895
812,Diagnosis,CD,0.7246022031823744,0.4302459823676614
813,Diagnosis,CD,0.8185483870967742,0.4219382236776381
814,Diagnosis,CD,0.8174740484429066,0.4583915852450248
815,Diagnosis,CD,0.7967644084934277,0.4835439519773852
816,Diagnosis,CD,0.7407407407407407,0.43100762498192224
817,Diagnosis,CD,0.7948717948717949,0.454644953514019
818,Diagnosis,CD,0.875,0.4352809522416865
819,Diagnosis,CD,0.7391304347826086,0.5572169976839138
820,Diagnosis,CD,0.833943833943834,0.4039024458942444
821,Diagnosis,CD,0.9007518796992481,0.5224354707858508
822,Diagnosis,CD,0.8057491289198606,0.39304708072124556
823,Diagnosis,CD,0.7631336405529954,0.48930529807658846
824,Diagnosis,CD,0.7041420118343196,0.4975659223846449
825,Diagnosis,CD,0.7252090800477897,0.48351225566973227
826,Diagnosis,CD,0.8236331569664903,0.4452449241755084
827,Diagnosis,CD,0.7830940988835725,0.5333262748044478
828,Diagnosis,CD,0.7762162162162161,0.4534858196578981
829,Diagnosis,CD,0.7692307692307693,0.5121574970849837
830,Diagnosis,CD,0.8535178777393311,0.3829432876890031
831,Diagnosis,CD,0.8053268765133171,0.380784157797784
832,Diagnosis,CD,0.7116959064327486,0.5093569589455822
833,Diagnosis,CD,0.8199233716475096,0.4098110646718038
834,Diagnosis,CD,0.785622593068036,0.556969738430834
835,Diagnosis,CD,0.8388888888888889,0.36258261537753866
836,Diagnosis,CD,0.7842565597667638,0.4614197716539541
837,Diagnosis,CD,0.7194594594594594,0.5977713942410747
838,Diagnosis,CD,0.7844444444444444,0.44749535121038125
839,Diagnosis,CD,0.7597926267281105,0.48592067773815967
840,Diagnosis,CD,0.8651340996168583,0.41966419673186534
841,Diagnosis,CD,0.6644144144144144,0.45043537092060404
842,Diagnosis,CD,0.7470588235294118,0.3568655847642495
843,Diagnosis,CD,0.8526984126984126,0.47772429202459177
844,Diagnosis,CD,0.6826923076923077,0.5113850375830097
845,Diagnosis,CD,0.8017718715393134,0.5193027451992336
846,Diagnosis,CD,0.8188811188811188,0.4547040769408718
847,Diagnosis,CD,0.8178137651821863,0.4755574707717995
848,Diagnosis,CD,0.8742138364779874,0.45172261927515067
849,Diagnosis,CD,0.725094577553594,0.498610636090461
850,Diagnosis,CD,0.7703030303030304,0.46193448571374074
851,Diagnosis,CD,0.7535714285714286,0.3677059582016207
852,Diagnosis,CD,0.8656462585034014,0.39831975093869904
853,Diagnosis,CD,0.776829268292683,0.4438749267600955
854,Diagnosis,CD,0.764516129032258,0.48771155843905445
855,Diagnosis,CD,0.8484848484848485,0.37830750504474364
856,Diagnosis,CD,0.8045977011494253,0.5119941002352515
857,Diagnosis,CD,0.7353535353535353,0.46189343707420577
858,Diagnosis,CD,0.8077166350411131,0.500442909762206
859,Diagnosis,CD,0.8233024691358024,0.4400398963607382
860,Diagnosis,CD,0.7642045454545455,0.5266183894969636
861,Diagnosis,CD,0.8318181818181819,0.40523429718441584
862,Diagnosis,CD,0.8151041666666667,0.46637821165034055
863,Diagnosis,CD,0.7972027972027972,0.3740624952585844
864,Diagnosis,CD,0.7859824780976221,0.46356605103269005
865,Diagnosis,CD,0.8548611111111111,0.40998280322150144
866,Diagnosis,CD,0.7148864592094197,0.5075920670273124
867,Diagnosis,CD,0.7218591140159768,0.4798070254139722
868,Diagnosis,CD,0.7652439024390244,0.41328511410130564
869,Diagnosis,CD,0.7642526964560863,0.42053358160709103
870,Diagnosis,CD,0.8367441860465116,0.5054256472401678
871,Diagnosis,CD,0.7922824302134647,0.496765438884012
872,Diagnosis,CD,0.7032224532224532,0.5129757421056922
873,Diagnosis,CD,0.759090909090909,0.46991525227711695
874,Diagnosis,CD,0.8296146044624746,0.44923836168345077
875,Diagnosis,CD,0.8803234501347709,0.3859424951512099
876,Diagnosis,CD,0.771957671957672,0.38304681221958375
877,Diagnosis,CD,0.8844444444444445,0.42940913924248586
878,Diagnosis,CD,0.7612456747404844,0.5799240180835481
879,Diagnosis,CD,0.7713414634146342,0.4868229289148498
880,Diagnosis,CD,0.7508333333333334,0.42722296521394165
881,Diagnosis,CD,0.8682274247491639,0.4000916232385974
882,Diagnosis,CD,0.7696078431372549,0.45581015206624226
883,Diagnosis,CD,0.7602040816326531,0.5753556387557627
884,Diagnosis,CD,0.7795454545454545,0.3918101203241371
885,Diagnosis,CD,0.8237082066869301,0.47016811046951695
886,Diagnosis,CD,0.6629310344827586,0.5127053562178309
887,Diagnosis,CD,0.9012345679012345,0.4127241238747357
888,Diagnosis,CD,0.8166458072590739,0.4735363401927919
889,Diagnosis,CD,0.6995884773662551,0.5142515387341239
890,Diagnosis,CD,0.8364583333333333,0.4114391220490616
891,Diagnosis,CD,0.8524590163934427,0.44805803953245193
892,Diagnosis,CD,0.7338603425559947,0.48679603345452144
893,Diagnosis,CD,0.8591749644381224,0.41668475899732416
894,Diagnosis,CD,0.7527272727272728,0.42532798441894304
895,Diagnosis,CD,0.6155555555555555,0.5496743036275706
896,Diagnosis,CD,0.8304761904761905,0.4695384412905237
897,Diagnosis,CD,0.8563492063492064,0.42413397035409656
898,Diagnosis,CD,0.7166666666666668,0.46084301087320534
899,Diagnosis,CD,0.7851782363977486,0.35047101507830325
900,Diagnosis,CD,0.8719704952581665,0.41719346577067723
901,Diagnosis,CD,0.82288496652465,0.41330495912005927
902,Diagnosis,CD,0.758703481392557,0.5471033496503644
903,Diagnosis,CD,0.8310439560439561,0.4151390483094543
904,Diagnosis,CD,0.8061728395061729,0.466007481617121
905,Diagnosis,CD,0.581547064305685,0.5755756493252748
906,Diagnosis,CD,0.806611570247934,0.5157497695662129
907,Diagnosis,CD,0.8721804511278195,0.3578132781516432
908,Diagnosis,CD,0.7382246376811594,0.598623985044201
909,Diagnosis,CD,0.8386479591836734,0.3830011760401978
910,Diagnosis,CD,0.8119293974437005,0.5546886997490759
911,Diagnosis,CD,0.7492246344705361,0.47734617519214234
912,Diagnosis,CD,0.6656948493683187,0.5201577602809291
913,Diagnosis,CD,0.7785336356764928,0.40123868467421947
914,Diagnosis,CD,0.7990909090909091,0.48684541636258977
915,Diagnosis,CD,0.7956389452332657,0.43374901521071113
916,Diagnosis,CD,0.6486486486486487,0.5111410892655451
917,Diagnosis,CD,0.8524590163934427,0.4810874942649387
918,Diagnosis,CD,0.6392156862745098,0.5081044568388562
919,Diagnosis,CD,0.7032312925170068,0.5119141475676037
920,Diagnosis,CD,0.7727272727272728,0.46859042999141653
921,Diagnosis,CD,0.8052884615384616,0.4186872543770178
922,Diagnosis,CD,0.8207282913165266,0.38520807727830003
923,Diagnosis,CD,0.7745995423340961,0.500359930282951
924,Diagnosis,CD,0.8223905723905724,0.4466093799906817
925,Diagnosis,CD,0.8537095088819227,0.43697480225506663
926,Diagnosis,CD,0.7127413127413128,0.5288981447307773
927,Diagnosis,CD,0.8036616161616161,0.44654902922909745
928,Diagnosis,CD,0.7971014492753623,0.477391627217915
929,Diagnosis,CD,0.8318452380952381,0.4079511595596033
930,Diagnosis,CD,0.7760210803689065,0.45760357331750506
931,Diagnosis,CD,0.848188614146061,0.49693985222595266
932,Diagnosis,CD,0.791025641025641,0.41519962075076217
933,Diagnosis,CD,0.775,0.44569761680732595
934,Diagnosis,CD,0.7769230769230768,0.4209668980962852
935,Diagnosis,CD,0.6983408748114631,0.40593290097656315
936,Diagnosis,CD,0.8050108932461874,0.3681022162240134
937,Diagnosis,CD,0.8106591865357643,0.4019113842682417
938,Diagnosis,CD,0.807977736549165,0.5023449361183067
939,Diagnosis,CD,0.7232620320855614,0.3838674821878679
940,Diagnosis,CD,0.7923076923076923,0.406874118743858
941,Diagnosis,CD,0.7136792452830188,0.45304069634901956
942,Diagnosis,CD,0.7089646464646465,0.5000225431069379
943,Diagnosis,CD,0.7409372236958444,0.492763896309102
944,Diagnosis,CD,0.7714285714285714,0.43752562610748513
945,Diagnosis,CD,0.7447089947089947,0.4804524230961086
946,Diagnosis,CD,0.848587570621469,0.4537875669766044
947,Diagnosis,CD,0.7824675324675325,0.5463326840409142
948,Diagnosis,CD,0.7738181818181817,0.539135263113027
949,Diagnosis,CD,0.9174679487179487,0.3974948335824871
950,Diagnosis,CD,0.742014742014742,0.46885416571648225
951,Diagnosis,CD,0.8149386845039018,0.46370916319570027
952,Diagnosis,CD,0.8281544256120528,0.38573714728642655
953,Diagnosis,CD,0.7282352941176471,0.5170398597652117
954,Diagnosis,CD,0.8526504941599281,0.4434055469535997
955,Diagnosis,CD,0.9350912778904665,0.3168805749561007
956,Diagnosis,CD,0.7442719881744272,0.47851351768481654
957,Diagnosis,CD,0.7408163265306122,0.5431626052991188
958,Diagnosis,CD,0.774886141834743,0.4535666925182826
959,Diagnosis,CD,0.8013333333333333,0.4129762951864643
960,Diagnosis,CD,0.7801418439716312,0.45582871030100114
961,Diagnosis,CD,0.838501291989664,0.4076573012354473
962,Diagnosis,CD,0.8011904761904762,0.5779167534359587
963,Diagnosis,CD,0.7612244897959184,0.46161837796610095
964,Diagnosis,CD,0.7324999999999999,0.4805252811507352
965,Diagnosis,CD,0.8798076923076924,0.4656196948585251
966,Diagnosis,CD,0.8067765567765567,0.3956620986914887
967,Diagnosis,CD,0.7532467532467533,0.5561633742832218
968,Diagnosis,CD,0.9035250463821892,0.4533405493626748
969,Diagnosis,CD,0.902127659574468,0.4520878008323501
970,Diagnosis,CD,0.7623376623376623,0.38341852010958677
971,Diagnosis,CD,0.7925170068027211,0.41756750263649905
972,Diagnosis,CD,0.8535936113575865,0.449943979691797
973,Diagnosis,CD,0.7115009746588694,0.47959809143673576
974,Diagnosis,CD,0.7644628099173553,0.3405024438032823
975,Diagnosis,CD,0.8554131054131053,0.48631319982972676
976,Diagnosis,CD,0.7313311688311688,0.5418237901997945
977,Diagnosis,CD,0.7472283813747228,0.48743244010442266
978,Diagnosis,CD,0.6736111111111112,0.4924578599108947
979,Diagnosis,CD,0.7303271441202476,0.5140588405356215
980,Diagnosis,CD,0.8633004926108374,0.4587519269627702
981,Diagnosis,CD,0.8484848484848485,0.46790089814259395
982,Diagnosis,CD,0.8149122807017545,0.4060218323583799
983,Diagnosis,CD,0.7959183673469388,0.4237148076077369
984,Diagnosis,CD,0.6400591278640058,0.48902043246099697
985,Diagnosis,CD,0.876842105263158,0.4980466079286887
986,Diagnosis,CD,0.8696296296296296,0.4350607856340602
987,Diagnosis,CD,0.7455621301775148,0.4929800672555854
988,Diagnosis,CD,0.7132467532467532,0.40692212110872406
989,Diagnosis,CD,0.8407407407407407,0.5339628307256377
990,Diagnosis,CD,0.8333333333333333,0.40092363401489306
991,Diagnosis,CD,0.8771929824561404,0.5410272197674351
992,Diagnosis,CD,0.8063186813186813,0.4290172209885775
993,Diagnosis,CD,0.7161422708618331,0.5185913304132117
994,Diagnosis,CD,0.8498817966903074,0.4050318265408197
995,Diagnosis,CD,0.8465974625144175,0.44470315485624057
996,Diagnosis,CD,0.794047619047619,0.5641720381987325
997,Diagnosis,CD,0.7056737588652482,0.5231977087255016
998,Diagnosis,CD,0.7973244147157191,0.4707439550206498
999,Diagnosis,CD,0.7244318181818182,0.45027835109793624
1000,Diagnosis,CD,0.7933723196881091,0.4401758276472434
1001,Diagnosis,CD,0.806829268292683,0.3438863457201318
1002,Diagnosis,CD,0.7696793002915452,0.5949625284666636
1003,Diagnosis,CD,0.833044982698962,0.4181005995956249
1004,Diagnosis,CD,0.7478571428571429,0.49800048043285744
1005,Diagnosis,CD,0.8676236044657097,0.5150799421626816
1006,Diagnosis,CD,0.732469512195122,0.4968621566337533
1007,Diagnosis,CD,0.6366366366366366,0.5800146692376861
1008,Diagnosis,CD,0.8923809523809524,0.44637753246343614
1009,Diagnosis,CD,0.8322440087145969,0.5008187492093853
1010,Diagnosis,CD,0.7722868217054263,0.5919801082015792
1011,Diagnosis,CD,0.642156862745098,0.5327453961493586
1012,Diagnosis,CD,0.8021739130434783,0.46078101027396107
1013,Diagnosis,CD,0.8377321603128055,0.4329414249532921
1014,Diagnosis,CD,0.8070175438596492,0.39168464792870694
1015,Diagnosis,CD,0.7808080808080808,0.4743159537514261
1016,Diagnosis,CD,0.8428571428571429,0.376805952417835
1017,Diagnosis,CD,0.7363636363636363,0.45982255556095875
1018,Diagnosis,CD,0.8333333333333333,0.3872800221653756
1019,Diagnosis,CD,0.8042735042735042,0.4403197174335052
1020,Diagnosis,CD,0.7212121212121212,0.5113576288881834
1021,Diagnosis,CD,0.7980769230769231,0.3939280660053779
1022,Diagnosis,CD,0.7065148640101201,0.5937732082574452
1023,Diagnosis,CD,0.69453125,0.5644942860194311
1024,Diagnosis,CD,0.8017429193899782,0.413124576279053
1025,Diagnosis,CD,0.6863247863247863,0.5829449011043945
1026,Diagnosis,CD,0.7850045167118338,0.5935179380936058
1027,Diagnosis,CD,0.8482676224611709,0.3899349111016025
1028,Diagnosis,CD,0.7761674718196457,0.4243549758777107
1029,Diagnosis,CD,0.757396449704142,0.45808158189739034
1030,Diagnosis,CD,0.7893939393939393,0.4069045691099077
1031,Diagnosis,CD,0.7685185185185185,0.43500019059592143
1032,Diagnosis,CD,0.7117400419287212,0.5326341584857194
1033,Diagnosis,CD,0.728405315614618,0.48963536788715595
1034,Diagnosis,CD,0.8062678062678063,0.4408612917466085
1035,Diagnosis,CD,0.8092948717948717,0.45395373265739114
1036,Diagnosis,CD,0.8725649350649352,0.47382386146625116
1037,Diagnosis,CD,0.7636572742955722,0.48587140005046014
1038,Diagnosis,CD,0.7300150829562594,0.41283040615859967
1039,Diagnosis,CD,0.8820861678004536,0.37130875367105254
1040,Diagnosis,CD,0.7180500658761528,0.511800661384063
1041,Diagnosis,CD,0.8250517598343685,0.36353184110223563
1042,Diagnosis,CD,0.8592436974789917,0.4040477489211277
1043,Diagnosis,CD,0.813953488372093,0.40687693017315407
1044,Diagnosis,CD,0.7567099567099567,0.49011005531542845
1045,Diagnosis,CD,0.7358803986710963,0.46948261873920116
1046,Diagnosis,CD,0.7536057692307693,0.3910307554253001
1047,Diagnosis,CD,0.8229166666666666,0.553325538384721
1048,Diagnosis,CD,0.7735978112175103,0.5590806310046652
1049,Diagnosis,CD,0.8257839721254355,0.505846672245346
1050,Diagnosis,CD,0.831764705882353,0.5959415451577176
1051,Diagnosis,CD,0.7839506172839507,0.4243440790904501
1052,Diagnosis,CD,0.7932692307692308,0.590346271366859
1053,Diagnosis,CD,0.7603254067584481,0.5445469904351222
1054,Diagnosis,CD,0.9232954545454546,0.3706815596692227
1055,Diagnosis,CD,0.9355932203389831,0.5259621264123147
1056,Diagnosis,CD,0.8100128369704749,0.49755732690184984
1057,Diagnosis,CD,0.8316970546984572,0.5593699631098593
1058,Diagnosis,CD,0.7811217510259917,0.5378376560964973
1059,Diagnosis,CD,0.8671052631578947,0.3587324104553177
1060,Diagnosis,CD,0.7713498622589532,0.44015900948822223
1061,Diagnosis,CD,0.8493265993265994,0.4011274354499276
1062,Diagnosis,CD,0.7374149659863946,0.6175472743654926
1063,Diagnosis,CD,0.8123015873015873,0.474785351785436
1064,Diagnosis,CD,0.8928012519561815,0.4765208889076485
1065,Diagnosis,CD,0.8328912466843501,0.45675909233858886
1066,Diagnosis,CD,0.8122119815668202,0.4655245914955055
1067,Diagnosis,CD,0.7205128205128205,0.43554567387094073
1068,Diagnosis,CD,0.7795004306632213,0.4262716188669146
1069,Diagnosis,CD,0.836734693877551,0.4053886887512109
1070,Diagnosis,CD,0.6756756756756757,0.5611483979636405
1071,Diagnosis,CD,0.7060869565217391,0.4930733734250577
1072,Diagnosis,CD,0.7244805781391147,0.4615260361962225
1073,Diagnosis,CD,0.7697368421052632,0.40681719368830527
1074,Diagnosis,CD,0.7390648567119155,0.47879061649782717
1075,Diagnosis,CD,0.8948948948948949,0.45816812762875764
1076,Diagnosis,CD,0.9057971014492753,0.4741176018054688
1077,Diagnosis,CD,0.8591140159767611,0.3832487107478581
1078,Diagnosis,CD,0.7908163265306123,0.558915976721335
1079,Diagnosis,CD,0.7799043062200957,0.5706985241225264
1080,Diagnosis,CD,0.9259259259259259,0.4363956562842126
1081,Diagnosis,CD,0.7920289855072464,0.42027218428257845
1082,Diagnosis,CD,0.6797488226059655,0.5093366467980321
1083,Diagnosis,CD,0.8227752639517345,0.5497472871643411
1084,Diagnosis,CD,0.7158544955387783,0.4790289611160944
1085,Diagnosis,CD,0.8540372670807453,0.461404018779846
1086,Diagnosis,CD,0.8375850340136054,0.46014596554019627
1087,Diagnosis,CD,0.8606060606060606,0.5123489780194154
1088,Diagnosis,CD,0.6570289132602194,0.5352183220804808
1089,Diagnosis,CD,0.7416440831074977,0.5593276087676947
1090,Diagnosis,CD,0.8391111111111111,0.4506707430246376
1091,Diagnosis,CD,0.8216303470540758,0.373145334439455
1092,Diagnosis,CD,0.7712418300653594,0.46626201895113883
1093,Diagnosis,CD,0.7681912681912682,0.47946967077709995
1094,Diagnosis,CD,0.7540509259259259,0.6000683710682084
1095,Diagnosis,CD,0.8366666666666667,0.49380283236405054
1096,Diagnosis,CD,0.754289636238847,0.4583597760311784
1097,Diagnosis,CD,0.7688775510204081,0.5213041432088072
1098,Diagnosis,CD,0.7425629290617849,0.47668720766604705
1099,Diagnosis,CD,0.6649350649350649,0.5141037109049115
1100,Diagnosis,CD,0.6656891495601173,0.4403599460067573
1101,Diagnosis,CD,0.6465116279069767,0.4991260026460887
1102,Diagnosis,CD,0.8001165501165501,0.534233450034788
1103,Diagnosis,CD,0.7647058823529411,0.42001997529648555
1104,Diagnosis,CD,0.7772108843537415,0.5205200485044765
1105,Diagnosis,CD,0.7522727272727272,0.45114752987636864
1106,Diagnosis,CD,0.88,0.4053447942086035
1107,Diagnosis,CD,0.7251700680272108,0.5470562550707257
1108,Diagnosis,CD,0.696712619300106,0.5286643926980296
1109,Diagnosis,CD,0.7348777348777348,0.43917632671802137
1110,Diagnosis,CD,0.8628571428571429,0.45704869616888655
1111,Diagnosis,CD,0.7736842105263159,0.4501300540885503
1112,Diagnosis,CD,0.8545751633986928,0.45371776477735576
1113,Diagnosis,CD,0.791025641025641,0.5317436401185214
1114,Diagnosis,CD,0.6949300699300699,0.5216043085742492
1115,Diagnosis,CD,0.7365384615384616,0.5809192031186892
1116,Diagnosis,CD,0.7412587412587414,0.3888307944628664
1117,Diagnosis,CD,0.750252780586451,0.47020527855509453
1118,Diagnosis,CD,0.7914653784219001,0.44227616762139305
1119,Diagnosis,CD,0.7688513037350246,0.3869168404662256
1120,Diagnosis,CD,0.758641975308642,0.5044730321898404
1121,Diagnosis,CD,0.7575757575757576,0.4787402789514682
1122,Diagnosis,CD,0.6930232558139535,0.48149271579792297
1123,Diagnosis,CD,0.7449776785714286,0.5527023276621941
1124,Diagnosis,CD,0.8235294117647058,0.41927696295580447
1125,Diagnosis,CD,0.8459821428571428,0.39617205711260733
1126,Diagnosis,CD,0.8025641025641027,0.4861543642330288
1127,Diagnosis,CD,0.823529411764706,0.37037886068891884
1128,Diagnosis,CD,0.8699397071490095,0.35925447610874894
1129,Diagnosis,CD,0.7714736012608353,0.4429834742682225
1130,Diagnosis,CD,0.6151115618661257,0.5989673042431903
1131,Diagnosis,CD,0.8312545854732208,0.40702031417985507
1132,Diagnosis,CD,0.8293269230769231,0.4439524466839709
1133,Diagnosis,CD,0.5910165484633569,0.47853835362936364
1134,Diagnosis,CD,0.7517517517517518,0.5746764361352298
1135,Diagnosis,CD,0.8428184281842819,0.3605908164953483
1136,Diagnosis,CD,0.7742063492063492,0.4506881450587783
1137,Diagnosis,CD,0.8532494758909853,0.49783334954402614
1138,Diagnosis,CD,0.8918650793650793,0.39364343049145006
1139,Diagnosis,CD,0.7510638297872341,0.5464874932744683
1140,Diagnosis,CD,0.948987246811703,0.3894681596764533
1141,Diagnosis,CD,0.7400568181818181,0.47202490064846975
1142,Diagnosis,CD,0.8942028985507247,0.4767986180293083
1143,Diagnosis,CD,0.8027777777777777,0.503833516557441
1144,Diagnosis,CD,0.8392857142857143,0.4598401798487425
1145,Diagnosis,CD,0.7916894477856752,0.41585272121320715
1146,Diagnosis,CD,0.7921390778533636,0.4189247813656231
1147,Diagnosis,CD,0.8678328474246841,0.4182206563457637
1148,Diagnosis,CD,0.7426415094339622,0.5057604969875047
1149,Diagnosis,CD,0.7666666666666667,0.3712153151631474
1150,Diagnosis,CD,0.8598484848484849,0.4383627853012472
1151,Diagnosis,CD,0.7755367599219258,0.4878331181155284
1152,Diagnosis,CD,0.7320075757575758,0.4173711869887893
1153,Diagnosis,CD,0.7977332170880558,0.4061731535292661
1154,Diagnosis,CD,0.8265602322206096,0.42403552406437667
1155,Diagnosis,CD,0.9509569377990431,0.42053917236379373
1156,Diagnosis,CD,0.8458725182863114,0.410551029200972
1157,Diagnosis,CD,0.6903589021815624,0.4346622594435706
1158,Diagnosis,CD,0.8098118279569892,0.36326450226875756
1159,Diagnosis,CD,0.8259935553168636,0.5270112243856053
1160,Diagnosis,CD,0.8741450068399452,0.436198041136192
1161,Diagnosis,CD,0.7188888888888889,0.5003108525938639
1162,Diagnosis,CD,0.8056052474657126,0.47592340086325147
1163,Diagnosis,CD,0.816,0.5065135591096729
1164,Diagnosis,CD,0.7825396825396825,0.43491122946723393
1165,Diagnosis,CD,0.7586206896551725,0.4321329947953528
1166,Diagnosis,CD,0.8115702479338843,0.4899309732988752
1167,Diagnosis,CD,0.7302302302302301,0.5019632834644094
1168,Diagnosis,CD,0.8205882352941176,0.4050781416224817
1169,Diagnosis,CD,0.8444055944055944,0.5076644932591237
1170,Diagnosis,CD,0.7047021943573668,0.5512602891774036
1171,Diagnosis,CD,0.864,0.4520366830403346
1172,Diagnosis,CD,0.7807017543859649,0.4362187593008757
1173,Diagnosis,CD,0.8267581475128645,0.40296901082606734
1174,Diagnosis,CD,0.7973086627417998,0.4100003338320868
1175,Diagnosis,CD,0.7468531468531469,0.5064755594866382
1176,Diagnosis,CD,0.7449735449735451,0.4618849069221147
1177,Diagnosis,CD,0.7926829268292683,0.5430130734809746
1178,Diagnosis,CD,0.7945075757575758,0.43925383951512154
1179,Diagnosis,CD,0.8858173076923077,0.4420072795504533
1180,Diagnosis,CD,0.7423004399748586,0.574974969130418
1181,Diagnosis,CD,0.7767295597484277,0.424559783809402
1182,Diagnosis,CD,0.6473333333333333,0.5176761438815021
1183,Diagnosis,CD,0.736780258519389,0.644354729523065
1184,Diagnosis,CD,0.8148148148148149,0.44368837514272247
1185,Diagnosis,CD,0.8285714285714286,0.4372756186389648
1186,Diagnosis,CD,0.6886446886446886,0.42183311094588105
1187,Diagnosis,CD,0.7771739130434783,0.42280341192310833
1188,Diagnosis,CD,0.7391774891774892,0.43757423429646025
1189,Diagnosis,CD,0.6900269541778975,0.45791309990254003
1190,Diagnosis,CD,0.7568421052631579,0.4626136682880983
1191,Diagnosis,CD,0.7317927170868347,0.5051740656000391
1192,Diagnosis,CD,0.6705426356589147,0.4578535084082688
1193,Diagnosis,CD,0.7425806451612904,0.4683261710477653
1194,Diagnosis,CD,0.7862208713272543,0.4989589233267594
1195,Diagnosis,CD,0.8675455116133082,0.404222867709401
1196,Diagnosis,CD,0.8339307048984468,0.560134207001386
1197,Diagnosis,CD,0.7572859744990893,0.5017726809658729
1198,Diagnosis,CD,0.7005376344086021,0.4821885091534125
1199,Diagnosis,CD,0.851063829787234,0.3447073828361307
1200,Diagnosis,CD,0.7961972667855021,0.46619177239661025
1201,Diagnosis,CD,0.7925619834710743,0.44764307450779706
1202,Diagnosis,CD,0.8598639455782313,0.4309005803739213
1203,Diagnosis,CD,0.8317307692307692,0.4466227066718686
1204,Diagnosis,CD,0.6927083333333334,0.550177625148606
1205,Diagnosis,CD,0.7767857142857143,0.40396317980008933
1206,Diagnosis,CD,0.7623809523809524,0.5645658375637543
1207,Diagnosis,CD,0.8277347114556416,0.5008561631332651
1208,Diagnosis,CD,0.944047619047619,0.3807580234760259
1209,Diagnosis,CD,0.7614942528735632,0.5350336239843386
1210,Diagnosis,CD,0.7580808080808081,0.49822610188236255
1211,Diagnosis,CD,0.7203647416413373,0.434402689640964
1212,Diagnosis,CD,0.8208020050125313,0.5666505319320533
1213,Diagnosis,CD,0.8848214285714286,0.406414111821674
1214,Diagnosis,CD,0.8461538461538461,0.5238281514038389
1215,Diagnosis,CD,0.7865691489361702,0.4266721747278313
1216,Diagnosis,CD,0.7579575596816976,0.4328975698363971
1217,Diagnosis,CD,0.6961538461538462,0.3835990946591884
1218,Diagnosis,CD,0.8454022988505747,0.30035704640674044
1219,Diagnosis,CD,0.8119565217391305,0.40149520955311396
1220,Diagnosis,CD,0.916225749559083,0.34406938776208557
1221,Diagnosis,CD,0.7222222222222222,0.5168807404120406
1222,Diagnosis,CD,0.7351063829787234,0.37009104944803206
1223,Diagnosis,CD,0.7919389978213507,0.3618036852576104
1224,Diagnosis,CD,0.8933333333333334,0.3883899599618137
1225,Diagnosis,CD,0.7974137931034483,0.39746925048074966
1226,Diagnosis,CD,0.7958333333333334,0.4951612145444501
1227,Diagnosis,CD,0.7264864864864864,0.42997648097642827
1228,Diagnosis,CD,0.7017142857142857,0.506388524200837
1229,Diagnosis,CD,0.783461210571185,0.561784713730392
1230,Diagnosis,CD,0.8163461538461538,0.4741008956752912
1231,Diagnosis,CD,0.7839673913043479,0.4162116025543604
1232,Diagnosis,CD,0.8,0.47200188943036153
1233,Diagnosis,CD,0.8127112914131169,0.45578208558047706
1234,Diagnosis,CD,0.8891352549889135,0.3585251779168151
1235,Diagnosis,CD,0.7365079365079366,0.4820531984435929
1236,Diagnosis,CD,0.7016072676450035,0.42676420983813906
1237,Diagnosis,CD,0.7736077481840193,0.4582724465233575
1238,Diagnosis,CD,0.7916666666666666,0.4713008597322348
1239,Diagnosis,CD,0.8546511627906977,0.528177131966653
1240,Diagnosis,CD,0.7892857142857143,0.5032517450652766
1241,Diagnosis,CD,0.8181818181818182,0.4349830735577798
1242,Diagnosis,CD,0.7704081632653061,0.52592927383567
1243,Diagnosis,CD,0.6997282608695652,0.44082613558556194
1244,Diagnosis,CD,0.8853754940711462,0.5248021018440889
1245,Diagnosis,CD,0.7545155993431856,0.5079438006988393
1246,Diagnosis,CD,0.8043631245601688,0.46304940630662583
1247,Diagnosis,CD,0.792,0.4531644536392627
1248,Diagnosis,CD,0.9309677419354838,0.31559855288962874
1249,Diagnosis,CD,0.749658002735978,0.5503854137906248
1250,Diagnosis,CD,0.7651851851851852,0.4072923213993047
1251,Diagnosis,CD,0.7652631578947369,0.48798572915750404
1252,Diagnosis,CD,0.8588007736943908,0.48624601750897173
1253,Diagnosis,CD,0.8464285714285714,0.40782745562234457
1254,Diagnosis,CD,0.8174182139699382,0.4489916720649109
1255,Diagnosis,CD,0.8425925925925926,0.3754552569269577
1256,Diagnosis,CD,0.8358358358358358,0.4984006424549756
1257,Diagnosis,CD,0.7820105820105819,0.5363477428717651
1258,Diagnosis,CD,0.8388888888888888,0.46024775797382433
1259,Diagnosis,CD,0.8302469135802469,0.5230090388564957
1260,Diagnosis,CD,0.8487886382623224,0.4204415652204695
1261,Diagnosis,CD,0.8074291300097751,0.6123197311948003
1262,Diagnosis,CD,0.8139730639730639,0.40580089247180867
1263,Diagnosis,CD,0.7803617571059431,0.2990198218860791
1264,Diagnosis,CD,0.8758169934640523,0.5684998905279469
1265,Diagnosis,CD,0.8753644314868805,0.38547221055481296
1266,Diagnosis,CD,0.8992346938775511,0.42365844864922714
1267,Diagnosis,CD,0.7236842105263158,0.4497588243871048
1268,Diagnosis,CD,0.790650406504065,0.3290988482308485
1269,Diagnosis,CD,0.8461538461538463,0.3754145133454198
1270,Diagnosis,CD,0.8700980392156863,0.4450990835405969
1271,Diagnosis,CD,0.7838827838827839,0.4212978819126101
1272,Diagnosis,CD,0.8536789297658862,0.42560709840166827
1273,Diagnosis,CD,0.8496732026143791,0.273127762407571
1274,Diagnosis,CD,0.7939024390243903,0.4936704984053741
1275,Diagnosis,CD,0.7234262125902994,0.47479298166120143
1276,Diagnosis,CD,0.7755813953488372,0.4366378179824937
1277,Diagnosis,CD,0.7893481717011129,0.5277867529091422
1278,Diagnosis,CD,0.8387096774193549,0.38116081249266426
1279,Diagnosis,CD,0.741869918699187,0.4144550537733912
1280,Diagnosis,CD,0.8971848225214198,0.30547479337109157
1281,Diagnosis,CD,0.8255131964809385,0.42243562072932644
1282,Diagnosis,CD,0.8259803921568628,0.4894393504965797
1283,Diagnosis,CD,0.7952249770431589,0.5394900846605122
1284,Diagnosis,CD,0.7521212121212121,0.5101487567692317
1285,Diagnosis,CD,0.8613636363636363,0.41834331906181876
1286,Diagnosis,CD,0.8001289490651193,0.4449722708331182
1287,Diagnosis,CD,0.8172302737520128,0.5349508024799698
1288,Diagnosis,CD,0.8248106060606061,0.38823272305892337
1289,Diagnosis,CD,0.7578710644677661,0.5140844538664353
1290,Diagnosis,CD,0.6974025974025974,0.5880679312194002
1291,Diagnosis,CD,0.8835016835016836,0.4026932434739576
1292,Diagnosis,CD,0.7928571428571428,0.44036573836523557
1293,Diagnosis,CD,0.726099706744868,0.4167228836819199
1294,Diagnosis,CD,0.8289384719405004,0.4740442952515588
1295,Diagnosis,CD,0.8691489361702127,0.4595992045851494
1296,Diagnosis,CD,0.7748064743138635,0.5036028126223536
1297,Diagnosis,CD,0.7264957264957265,0.4444374411315994
1298,Diagnosis,CD,0.7727272727272727,0.3887078473558079
1299,Diagnosis,CD,0.8575310559006211,0.43751614066399996
1300,Diagnosis,CD,0.7133333333333334,0.4428830707266016
1301,Diagnosis,CD,0.8153310104529616,0.47332555705333823
1302,Diagnosis,CD,0.7274999999999999,0.47134925963380725
1303,Diagnosis,CD,0.7103825136612021,0.40191525857168797
1304,Diagnosis,CD,0.7749842866121937,0.5881598808001175
1305,Diagnosis,CD,0.9004524886877827,0.4611736153788112
1306,Diagnosis,CD,0.8494271685761048,0.41290790580548226
1307,Diagnosis,CD,0.8635571054925893,0.4379907376907215
1308,Diagnosis,CD,0.6544780074191839,0.5807436521167098
1309,Diagnosis,CD,0.8696581196581197,0.38089618836895656
1310,Diagnosis,CD,0.821377331420373,0.39069926338590866
1311,Diagnosis,CD,0.7841614906832298,0.4758344622893284
1312,Diagnosis,CD,0.8809523809523809,0.3762494368226596
1313,Diagnosis,CD,0.7375397667020148,0.6047787954694269
1314,Diagnosis,CD,0.5925925925925926,0.5044783708369491
1315,Diagnosis,CD,0.7937500000000001,0.4742547491695543
1316,Diagnosis,CD,0.7569444444444445,0.3997322779152145
1317,Diagnosis,CD,0.8120204603580563,0.47516024988908373
1318,Diagnosis,CD,0.9023255813953488,0.35626461815299426
1319,Diagnosis,CD,0.8355387523629489,0.5113508796915103
1320,Diagnosis,CD,0.7828481510621559,0.4414643490889253
1321,Diagnosis,CD,0.7460317460317462,0.3843481261816195
1322,Diagnosis,CD,0.8637566137566137,0.3667896842569729
1323,Diagnosis,CD,0.8955555555555555,0.40817274202142795
1324,Diagnosis,CD,0.7878598247809762,0.44034915879039516
1325,Diagnosis,CD,0.9061224489795918,0.3182253512236743
1326,Diagnosis,CD,0.8316400580551524,0.36569021672163293
1327,Diagnosis,CD,0.8679577464788732,0.48353484629423465
1328,Diagnosis,CD,0.8289473684210527,0.40168606709646304
1329,Diagnosis,CD,0.8168693009118541,0.41891848175727114
1330,Diagnosis,CD,0.7428571428571429,0.4242540891669089
1331,Diagnosis,CD,0.7916666666666667,0.4807534421330142
1332,Diagnosis,CD,0.790983606557377,0.4615300567324425
1333,Diagnosis,CD,0.7598684210526315,0.47270324744201825
1334,Diagnosis,CD,0.749379652605459,0.46603086914723196
1335,Diagnosis,CD,0.7022556390977444,0.5002152437836359
1336,Diagnosis,CD,0.8014354066985645,0.5064995313224868
1337,Diagnosis,CD,0.8593481989708406,0.4655019806588713
1338,Diagnosis,CD,0.8288288288288288,0.4155260650108271
1339,Diagnosis,CD,0.7888257575757576,0.4102306804391994
1340,Diagnosis,CD,0.6674418604651162,0.5220697189702894
1341,Diagnosis,CD,0.813397129186603,0.42064836493177415
1342,Diagnosis,CD,0.7306878306878307,0.5201512563082504
1343,Diagnosis,CD,0.8261562998405104,0.368353008353198
1344,Diagnosis,CD,0.8230000000000001,0.366964432417422
1345,Diagnosis,CD,0.7988095238095239,0.443225901475342
1346,Diagnosis,CD,0.8911111111111111,0.4554698243159891
1347,Diagnosis,CD,0.7940051020408163,0.48623228016395936
1348,Diagnosis,CD,0.8665389527458492,0.3801402584306015
1349,Diagnosis,CD,0.7952380952380953,0.4478844036225981
1350,Diagnosis,CD,0.7714681440443213,0.5508517379145154
1351,Diagnosis,CD,0.7825,0.5489654132735678
1352,Diagnosis,CD,0.790625,0.523327751071145
1353,Diagnosis,CD,0.9,0.37322260339564317
1354,Diagnosis,CD,0.7664835164835164,0.5529795893256133
1355,Diagnosis,CD,0.7575757575757576,0.5230376041908674
1356,Diagnosis,CD,0.9035714285714286,0.37948758824231393
1357,Diagnosis,CD,0.7929475587703435,0.48132716571299106
1358,Diagnosis,CD,0.8122895622895623,0.512701513704875
1359,Diagnosis,CD,0.7881944444444444,0.5921274855273219
1360,Diagnosis,CD,0.7287356321839081,0.48784987953291736
1361,Diagnosis,CD,0.8044189852700491,0.42317845396990567
1362,Diagnosis,CD,0.7763532763532762,0.44177113897264175
1363,Diagnosis,CD,0.7152046783625732,0.6016645891988868
1364,Diagnosis,CD,0.6605042016806723,0.5928743058846173
1365,Diagnosis,CD,0.8234519104084322,0.4206437104545756
1366,Diagnosis,CD,0.892914653784219,0.5176079176517417
1367,Diagnosis,CD,0.785,0.4691571180441773
1368,Diagnosis,CD,0.958047292143402,0.32085746035560053
1369,Diagnosis,CD,0.7776442307692308,0.41312659322465844
1370,Diagnosis,CD,0.8814229249011858,0.3992232101031009
1371,Diagnosis,CD,0.7572727272727273,0.43546168120643874
1372,Diagnosis,CD,0.8083333333333335,0.49981440452802106
1373,Diagnosis,CD,0.7725752508361204,0.4556693624608934
1374,Diagnosis,CD,0.7980274442538594,0.4600476464963821
1375,Diagnosis,CD,0.7568710359408033,0.4022688233788849
1376,Diagnosis,CD,0.7759999999999999,0.4737917879402585
1377,Diagnosis,CD,0.8699186991869919,0.38918075638408156
1378,Diagnosis,CD,0.8112244897959183,0.355472047784137
1379,Diagnosis,CD,0.8106060606060607,0.4840394233197862
1380,Diagnosis,CD,0.7453703703703703,0.38515545407831697
1381,Diagnosis,CD,0.7407407407407408,0.43620343909023485
1382,Diagnosis,CD,0.7587108013937283,0.41864357520089157
1383,Diagnosis,CD,0.8207317073170731,0.5047470505192141
1384,Diagnosis,CD,0.7861570247933884,0.4129269239239881
1385,Diagnosis,CD,0.7241379310344828,0.5318639612976248
1386,Diagnosis,CD,0.810246679316888,0.3585374862056652
1387,Diagnosis,CD,0.6458333333333333,0.5393381580263698
1388,Diagnosis,CD,0.83399209486166,0.49582650676755535
1389,Diagnosis,CD,0.8757142857142857,0.40540816088950327
1390,Diagnosis,CD,0.7381507381507381,0.6009186918104624
1391,Diagnosis,CD,0.8207407407407408,0.43718497641934884
1392,Diagnosis,CD,0.7311276794035414,0.47763128122009035
1393,Diagnosis,CD,0.894524959742351,0.45039341227557206
1394,Diagnosis,CD,0.6463768115942029,0.4735624632129242
1395,Diagnosis,CD,0.8708677685950413,0.3767270219224928
1396,Diagnosis,CD,0.8955555555555555,0.3643692779189521
1397,Diagnosis,CD,0.7647058823529411,0.45427924403305947
1398,Diagnosis,CD,0.7266584766584767,0.569562770405637
1399,Diagnosis,CD,0.9199999999999999,0.32483453191709555
1400,Diagnosis,CD,0.8260536398467433,0.46287136683758534
1401,Diagnosis,CD,0.8865248226950354,0.4303786248751617
1402,Diagnosis,CD,0.8340767172167707,0.44467103217208315
1403,Diagnosis,CD,0.788888888888889,0.4560112916953084
1404,Diagnosis,CD,0.7510893246187363,0.4405160272697842
1405,Diagnosis,CD,0.8206896551724138,0.43658384691825597
1406,Diagnosis,CD,0.8291316526610645,0.5752112782807782
1407,Diagnosis,CD,0.8654340010272213,0.4409918507581271
1408,Diagnosis,CD,0.7959183673469388,0.3871384618100612
1409,Diagnosis,CD,0.8191721132897604,0.48541788863346125
1410,Diagnosis,CD,0.8501602564102564,0.35782381327244883
1411,Diagnosis,CD,0.7211538461538461,0.5151705923591358
1412,Diagnosis,CD,0.820125786163522,0.43809379131626036
1413,Diagnosis,CD,0.8350340136054422,0.4791402613293706
1414,Diagnosis,CD,0.6429118773946361,0.43555820633312037
1415,Diagnosis,CD,0.8021978021978021,0.461306797409131
1416,Diagnosis,CD,0.7904761904761904,0.44496968652999314
1417,Diagnosis,CD,0.8816287878787878,0.48263187859726764
1418,Diagnosis,CD,0.7968253968253969,0.4734261326990149
1419,Diagnosis,CD,0.8702898550724638,0.46117725067370813
1420,Diagnosis,CD,0.827741935483871,0.4335701842408835
1421,Diagnosis,CD,0.7774086378737541,0.42612970191118377
1422,Diagnosis,CD,0.7042842215256008,0.5098953255348502
1423,Diagnosis,CD,0.8442028985507247,0.4057285209188978
1424,Diagnosis,CD,0.8567741935483871,0.5214338754874643
1425,Diagnosis,CD,0.8097826086956521,0.5129504870220771
1426,Diagnosis,CD,0.8484848484848485,0.43182488554841775
1427,Diagnosis,CD,0.8518518518518519,0.4919369545654236
1428,Diagnosis,CD,0.8198830409356725,0.5518271297223294
1429,Diagnosis,CD,0.7744360902255639,0.3677774219937455
1430,Diagnosis,CD,0.746588693957115,0.515367378895681
1431,Diagnosis,CD,0.8571428571428571,0.4387215982515621
1432,Diagnosis,CD,0.8057498057498057,0.46968696778597685
1433,Diagnosis,CD,0.8491428571428572,0.47050969287255434
1434,Diagnosis,CD,0.6622670807453416,0.5027071076548739
1435,Diagnosis,CD,0.7959183673469388,0.48660022707681483
1436,Diagnosis,CD,0.78544474393531,0.5020541109384531
1437,Diagnosis,CD,0.7621483375959079,0.38356619711699463
1438,Diagnosis,CD,0.7535353535353535,0.6078148746045492
1439,Diagnosis,CD,0.7931034482758621,0.3957165837401911
1440,Diagnosis,CD,0.7676518883415435,0.39116046465964427
1441,Diagnosis,CD,0.7693798449612403,0.5466080363592806
1442,Diagnosis,CD,0.807936507936508,0.4389849297805151
1443,Diagnosis,CD,0.762,0.41230657703277573
1444,Diagnosis,CD,0.8534798534798536,0.5401611433954498
1445,Diagnosis,CD,0.7479338842975207,0.4704067937466523
1446,Diagnosis,CD,0.7428571428571428,0.39173214293300435
1447,Diagnosis,CD,0.8098739495798319,0.39364246500343214
1448,Diagnosis,CD,0.8018278018278018,0.4127026586585873
1449,Diagnosis,CD,0.8733031674208145,0.33419633421506406
1450,Diagnosis,CD,0.8240437158469945,0.41276147793559953
1451,Diagnosis,CD,0.8249336870026525,0.4306705864728023
1452,Diagnosis,CD,0.7872340425531915,0.41715850351061806
1453,Diagnosis,CD,0.8824969400244798,0.46628966710629033
1454,Diagnosis,CD,0.7442289935364728,0.5092449200586923
1455,Diagnosis,CD,0.7650501672240803,0.5611342132779019
1456,Diagnosis,CD,0.8848684210526316,0.3448036610108627
1457,Diagnosis,CD,0.802127659574468,0.49371524323346777
1458,Diagnosis,CD,0.7888471177944862,0.3832628474662454
1459,Diagnosis,CD,0.6365873666940115,0.5229507536227213
1460,Diagnosis,CD,0.7561156412157153,0.436116656361763
1461,Diagnosis,CD,0.823030303030303,0.41420005202506055
1462,Diagnosis,CD,0.7616,0.5196741785045087
1463,Diagnosis,CD,0.7725,0.523870856744645
1464,Diagnosis,CD,0.6803030303030303,0.5765449871738032
1465,Diagnosis,CD,0.7753846153846154,0.6041412726205602
1466,Diagnosis,CD,0.689935064935065,0.514179644741454
1467,Diagnosis,CD,0.8724696356275303,0.40735432080683476
1468,Diagnosis,CD,0.7116745283018868,0.5151047708538565
1469,Diagnosis,CD,0.7203325774754346,0.42176619211538696
1470,Diagnosis,CD,0.8588235294117648,0.43603215142664403
1471,Diagnosis,CD,0.6292011019283746,0.4472711255000677
1472,Diagnosis,CD,0.7450257921886514,0.3907128035934133
1473,Diagnosis,CD,0.8199074074074074,0.4837196284423177
1474,Diagnosis,CD,0.8540350877192983,0.5039744618194381
1475,Diagnosis,CD,0.8089473684210526,0.5377072390029164
1476,Diagnosis,CD,0.8394088669950738,0.40807662304920367
1477,Diagnosis,CD,0.8810086682427107,0.44091350977422095
1478,Diagnosis,CD,0.8153225806451613,0.4507701750912773
1479,Diagnosis,CD,0.7265446224256292,0.46137715549753355
1480,Diagnosis,CD,0.8590441621294616,0.42759002549627173
1481,Diagnosis,CD,0.762051282051282,0.44277050409452207
1482,Diagnosis,CD,0.8164627363737487,0.4518061540889192
1483,Diagnosis,CD,0.7724358974358975,0.45573473069969594
1484,Diagnosis,CD,0.7976190476190476,0.4931668420137252
1485,Diagnosis,CD,0.6609477124183006,0.4833684803421804
1486,Diagnosis,CD,0.9123931623931625,0.3026753048706081
1487,Diagnosis,CD,0.6915708812260536,0.43398110101644255
1488,Diagnosis,CD,0.7650478796169631,0.4951505522503702
1489,Diagnosis,CD,0.845054945054945,0.4807546041620338
1490,Diagnosis,CD,0.7184,0.5226830177505982
1491,Diagnosis,CD,0.7511111111111112,0.4854545222558993
1492,Diagnosis,CD,0.8465045592705168,0.4648055718221915
1493,Diagnosis,CD,0.7948350071736011,0.41336573443207353
1494,Diagnosis,CD,0.8607698607698608,0.37546710492615776
1495,Diagnosis,CD,0.8410628019323672,0.42683295397175147
1496,Diagnosis,CD,0.8044444444444445,0.43249308813198084
1497,Diagnosis,CD,0.8140589569160998,0.4768227666558062
1498,Diagnosis,CD,0.863960113960114,0.35727966047582804
1499,Diagnosis,CD,0.7955555555555557,0.4200428527541604
0,Diagnosis,UC,0.8069565217391304,0.3748532953186898
1,Diagnosis,UC,0.9592592592592593,0.4457578630936384
2,Diagnosis,UC,0.8333333333333334,0.44292652365245466
3,Diagnosis,UC,0.9051948051948051,0.5315870354312655
4,Diagnosis,UC,0.9081632653061225,0.4278458019779969
5,Diagnosis,UC,0.907563025210084,0.33837248669033354
6,Diagnosis,UC,0.8538011695906432,0.4924586512816732
7,Diagnosis,UC,0.84375,0.4503979739902126
8,Diagnosis,UC,0.8932461873638344,0.5065313129255752
9,Diagnosis,UC,0.8357142857142857,0.5328435646845958
10,Diagnosis,UC,0.7747933884297521,0.5153722925022626
11,Diagnosis,UC,0.8877551020408163,0.470887070220343
12,Diagnosis,UC,0.9136842105263158,0.45812239794828735
13,Diagnosis,UC,0.968,0.5072053120659767
14,Diagnosis,UC,0.8968253968253969,0.3896893758321383
15,Diagnosis,UC,0.9533333333333334,0.3952724160505056
16,Diagnosis,UC,0.8958333333333334,0.358339060192165
17,Diagnosis,UC,0.925,0.4384140040882517
18,Diagnosis,UC,0.9365079365079365,0.4382170733165684
19,Diagnosis,UC,0.8753086419753087,0.38708470490645314
20,Diagnosis,UC,0.7950310559006211,0.40238605107236347
21,Diagnosis,UC,0.8148148148148148,0.4519925595498196
22,Diagnosis,UC,0.88,0.46801758920808156
23,Diagnosis,UC,0.9069264069264069,0.42759102919428654
24,Diagnosis,UC,0.970679012345679,0.439047586537998
25,Diagnosis,UC,0.8932806324110671,0.5038038193902358
26,Diagnosis,UC,0.8999999999999999,0.2744465485503775
27,Diagnosis,UC,0.9365079365079365,0.3715495612515372
28,Diagnosis,UC,0.7527472527472527,0.5189020802009596
29,Diagnosis,UC,0.9578947368421052,0.4529750342818451
30,Diagnosis,UC,0.8019607843137255,0.4485519508269426
31,Diagnosis,UC,0.9649122807017544,0.448298945274255
32,Diagnosis,UC,0.8302469135802469,0.4546633370697537
33,Diagnosis,UC,0.9117647058823529,0.5786586938144008
34,Diagnosis,UC,0.8402777777777778,0.4460524447025161
35,Diagnosis,UC,0.8544891640866873,0.4084665678594328
36,Diagnosis,UC,0.7993079584775086,0.3919007230081418
37,Diagnosis,UC,0.9878787878787879,0.4901675683194766
38,Diagnosis,UC,0.8609374999999999,0.5203584303881624
39,Diagnosis,UC,0.9222222222222223,0.42183139225771255
40,Diagnosis,UC,0.9899665551839465,0.37784529823950824
41,Diagnosis,UC,0.9920424403183025,0.4779094274763356
42,Diagnosis,UC,0.9342105263157896,0.331396207633737
43,Diagnosis,UC,0.8742857142857143,0.5146734758049123
44,Diagnosis,UC,0.868,0.38112329879011764
45,Diagnosis,UC,0.8760683760683761,0.4941721847329584
46,Diagnosis,UC,0.9142857142857143,0.3782107114302224
47,Diagnosis,UC,0.8683431952662722,0.5126212597521109
48,Diagnosis,UC,0.8363636363636363,0.4868216672931442
49,Diagnosis,UC,0.9482323232323232,0.4610585720715668
50,Diagnosis,UC,0.8466666666666667,0.5014546607579107
51,Diagnosis,UC,0.9176954732510287,0.4851738286268012
52,Diagnosis,UC,0.8051948051948051,0.43299409931824967
53,Diagnosis,UC,0.930795847750865,0.37674413610565793
54,Diagnosis,UC,0.9261363636363636,0.46685159094866174
55,Diagnosis,UC,0.7682291666666666,0.5608249990972751
56,Diagnosis,UC,0.9705882352941178,0.49043847019755615
57,Diagnosis,UC,0.9636363636363636,0.4750082086484031
58,Diagnosis,UC,0.924908424908425,0.3990211480379001
59,Diagnosis,UC,0.887468030690537,0.5161470463794506
60,Diagnosis,UC,0.8518518518518519,0.4557363476704151
61,Diagnosis,UC,0.9185185185185186,0.3698601561291289
62,Diagnosis,UC,0.9723502304147466,0.40010670041123597
63,Diagnosis,UC,0.8200000000000001,0.5389970593454504
64,Diagnosis,UC,0.9134615384615384,0.4286954790956947
65,Diagnosis,UC,0.934640522875817,0.3841515507472434
66,Diagnosis,UC,0.9886877828054299,0.3660390115160931
67,Diagnosis,UC,0.9130434782608695,0.41254974067794825
68,Diagnosis,UC,0.8134920634920635,0.4305738961913535
69,Diagnosis,UC,0.9576719576719577,0.5451522176132713
70,Diagnosis,UC,0.8464912280701754,0.5203529974045774
71,Diagnosis,UC,0.8989898989898989,0.310410714337737
72,Diagnosis,UC,0.9047619047619048,0.49213741618703877
73,Diagnosis,UC,0.8701298701298701,0.4922744359996198
74,Diagnosis,UC,0.811965811965812,0.5205157550642517
75,Diagnosis,UC,0.8250000000000001,0.46523696461321135
76,Diagnosis,UC,0.939047619047619,0.4836015714861807
77,Diagnosis,UC,0.9484848484848485,0.48069493264859436
78,Diagnosis,UC,0.8961038961038961,0.38543694000974826
79,Diagnosis,UC,0.9342105263157895,0.4353949181593038
80,Diagnosis,UC,0.9722222222222222,0.3536335253483496
81,Diagnosis,UC,0.94375,0.33487505248829685
82,Diagnosis,UC,0.9943181818181819,0.4241259705800398
83,Diagnosis,UC,0.83,0.4146279028717345
84,Diagnosis,UC,0.853448275862069,0.49688968859078425
85,Diagnosis,UC,0.959866220735786,0.4059448597921883
86,Diagnosis,UC,0.9,0.4538321122636141
87,Diagnosis,UC,0.925,0.3977066217137455
88,Diagnosis,UC,0.9891304347826086,0.41794456266153546
89,Diagnosis,UC,0.7944664031620554,0.386966961400815
90,Diagnosis,UC,0.8106995884773662,0.46206425301636905
91,Diagnosis,UC,0.7676470588235295,0.5039678507167764
92,Diagnosis,UC,0.8535714285714285,0.4229198843764011
93,Diagnosis,UC,0.9253333333333333,0.3627214989091251
94,Diagnosis,UC,0.890625,0.4105497767689121
95,Diagnosis,UC,0.912,0.6349850140087457
96,Diagnosis,UC,0.9129593810444874,0.4857591430248985
97,Diagnosis,UC,0.9316239316239316,0.40966874344569226
98,Diagnosis,UC,0.9603658536585367,0.44467225762993723
99,Diagnosis,UC,0.8636363636363636,0.37293246227570576
100,Diagnosis,UC,0.8888888888888888,0.4391324553014522
101,Diagnosis,UC,0.953781512605042,0.5305534188793414
102,Diagnosis,UC,0.8707264957264957,0.4941943030151622
103,Diagnosis,UC,0.9068627450980392,0.46459977966035043
104,Diagnosis,UC,0.8487654320987654,0.4863593014477867
105,Diagnosis,UC,0.9696969696969696,0.41918922704944145
106,Diagnosis,UC,0.9756944444444444,0.498705352780684
107,Diagnosis,UC,0.9085714285714286,0.43299658932444146
108,Diagnosis,UC,0.9924242424242424,0.47382740105906873
109,Diagnosis,UC,0.9444444444444444,0.3802115549617984
110,Diagnosis,UC,0.9478021978021978,0.5446737032110115
111,Diagnosis,UC,0.9484126984126984,0.5067824314482907
112,Diagnosis,UC,0.9398496240601504,0.3778253581818272
113,Diagnosis,UC,0.9461538461538462,0.2869426239093626
114,Diagnosis,UC,0.9368770764119602,0.4126130615223409
115,Diagnosis,UC,0.8968421052631579,0.4558611457042861
116,Diagnosis,UC,0.9229323308270677,0.45655973943575723
117,Diagnosis,UC,0.8909090909090909,0.45125663713464936
118,Diagnosis,UC,0.9210526315789475,0.3882313953782977
119,Diagnosis,UC,0.9592760180995475,0.30852032721233424
120,Diagnosis,UC,0.7888888888888889,0.570342455334857
121,Diagnosis,UC,0.9470899470899471,0.544309799942588
122,Diagnosis,UC,0.9560000000000001,0.4726310271599642
123,Diagnosis,UC,0.9241071428571428,0.510505266060059
124,Diagnosis,UC,0.956,0.40443710959811563
125,Diagnosis,UC,0.9341692789968652,0.5495589814201969
126,Diagnosis,UC,0.8814102564102565,0.48105380781306706
127,Diagnosis,UC,0.9587912087912088,0.44407354966530244
128,Diagnosis,UC,0.9208333333333333,0.33328508857777905
129,Diagnosis,UC,0.9107142857142857,0.5394099582178138
130,Diagnosis,UC,0.8666666666666667,0.5472381982970398
131,Diagnosis,UC,0.9017857142857143,0.5475139249985524
132,Diagnosis,UC,0.9166666666666667,0.4887722718714449
133,Diagnosis,UC,0.8847058823529411,0.4467985369396688
134,Diagnosis,UC,0.7638888888888888,0.5319763434684105
135,Diagnosis,UC,0.6319444444444444,0.5520462637198645
136,Diagnosis,UC,1.0,0.39977760464290046
137,Diagnosis,UC,0.8008658008658008,0.5281128604737817
138,Diagnosis,UC,0.7952380952380953,0.5167187124466833
139,Diagnosis,UC,0.9086538461538463,0.49072758762329255
140,Diagnosis,UC,0.8256578947368423,0.4492056234376175
141,Diagnosis,UC,0.8502673796791443,0.4145779093293807
142,Diagnosis,UC,0.9138888888888889,0.5067279972612329
143,Diagnosis,UC,0.8791208791208792,0.4748973996425607
144,Diagnosis,UC,0.9076086956521738,0.45929878047920736
145,Diagnosis,UC,0.9476190476190477,0.42068094452711474
146,Diagnosis,UC,0.9134615384615385,0.5149785230402674
147,Diagnosis,UC,0.924390243902439,0.5540889376480509
148,Diagnosis,UC,0.8205128205128205,0.4392711705987642
149,Diagnosis,UC,0.9236363636363636,0.41213967592163425
150,Diagnosis,UC,0.8526315789473684,0.521123235443941
151,Diagnosis,UC,0.8640000000000001,0.49103687526408046
152,Diagnosis,UC,0.8972431077694236,0.47890157205666706
153,Diagnosis,UC,0.9405594405594406,0.3934028466473611
154,Diagnosis,UC,0.953125,0.41646306893392165
155,Diagnosis,UC,0.9539641943734016,0.3773443441102645
156,Diagnosis,UC,0.8835227272727273,0.5005874846322234
157,Diagnosis,UC,0.9199999999999999,0.3527207144106017
158,Diagnosis,UC,0.8903846153846153,0.45569546866878996
159,Diagnosis,UC,0.7802197802197802,0.4921252938085931
160,Diagnosis,UC,0.9425837320574163,0.4827670903276342
161,Diagnosis,UC,0.9636363636363636,0.2801752553408458
162,Diagnosis,UC,0.8333333333333333,0.36720649687040063
163,Diagnosis,UC,0.9139784946236559,0.516408869777762
164,Diagnosis,UC,0.8657407407407407,0.4730513715969008
165,Diagnosis,UC,0.8666666666666667,0.4879645269481633
166,Diagnosis,UC,0.9115384615384615,0.4710864392628017
167,Diagnosis,UC,0.9251207729468599,0.4490279126951766
168,Diagnosis,UC,0.9413919413919414,0.5339153849286373
169,Diagnosis,UC,0.9684210526315788,0.386685076924178
170,Diagnosis,UC,0.8461538461538461,0.4413947784604292
171,Diagnosis,UC,0.8701298701298702,0.4923007404250665
172,Diagnosis,UC,0.8962962962962964,0.4493983707779806
173,Diagnosis,UC,0.9464285714285714,0.5641902349521782
174,Diagnosis,UC,0.9320987654320988,0.49056368709569326
175,Diagnosis,UC,0.9780701754385965,0.20919549437403007
176,Diagnosis,UC,0.9580209895052474,0.4500569301142117
177,Diagnosis,UC,0.9289940828402367,0.34394703980308755
178,Diagnosis,UC,0.8602941176470589,0.366721453067751
179,Diagnosis,UC,0.9257142857142857,0.4638821098922741
180,Diagnosis,UC,0.9435483870967742,0.5044328177413808
181,Diagnosis,UC,0.9693877551020408,0.3787761463550683
182,Diagnosis,UC,0.9310344827586208,0.4594611294862163
183,Diagnosis,UC,0.84375,0.25141760843343697
184,Diagnosis,UC,0.9583333333333333,0.39233556854066237
185,Diagnosis,UC,0.8269896193771626,0.3745835283205623
186,Diagnosis,UC,0.9851851851851852,0.3886756581793047
187,Diagnosis,UC,0.978448275862069,0.44385327501034405
188,Diagnosis,UC,0.9189189189189189,0.5591038878992046
189,Diagnosis,UC,0.9090909090909091,0.5435056495444579
190,Diagnosis,UC,0.7857142857142857,0.5370510625970676
191,Diagnosis,UC,0.8461538461538461,0.4903529611898086
192,Diagnosis,UC,0.8804347826086957,0.5168163040495839
193,Diagnosis,UC,0.912962962962963,0.48167369629282214
194,Diagnosis,UC,0.9428571428571428,0.38358392483391784
195,Diagnosis,UC,0.8703703703703703,0.5043070863735123
196,Diagnosis,UC,0.8003472222222221,0.5157256987004786
197,Diagnosis,UC,0.8187134502923976,0.5182063190296912
198,Diagnosis,UC,0.9083333333333334,0.5017762187061998
199,Diagnosis,UC,0.8804347826086956,0.4364352873010619
200,Diagnosis,UC,0.8971291866028708,0.5145875452550525
201,Diagnosis,UC,0.9509803921568627,0.41557743700749367
202,Diagnosis,UC,0.9762845849802372,0.3613476475580826
203,Diagnosis,UC,0.8977272727272727,0.47035587974793075
204,Diagnosis,UC,0.905982905982906,0.422081201292983
205,Diagnosis,UC,0.9841269841269841,0.4523301512292681
206,Diagnosis,UC,0.9003496503496503,0.3953223832745925
207,Diagnosis,UC,0.9259259259259259,0.3812908186650277
208,Diagnosis,UC,0.9493927125506073,0.3937309649449754
209,Diagnosis,UC,0.8880918220946916,0.5019971133280964
210,Diagnosis,UC,0.8798076923076923,0.4447310432164806
211,Diagnosis,UC,0.9128205128205129,0.48567322617444125
212,Diagnosis,UC,0.9166666666666666,0.4524758738491479
213,Diagnosis,UC,0.8380681818181819,0.3246440735638508
214,Diagnosis,UC,0.9418282548476454,0.3561606940714758
215,Diagnosis,UC,0.8736559139784946,0.45049046321115616
216,Diagnosis,UC,0.8461538461538461,0.4559491423924651
217,Diagnosis,UC,0.8928571428571429,0.38140852368360745
218,Diagnosis,UC,0.9628647214854111,0.6218368987970346
219,Diagnosis,UC,0.9595959595959597,0.5380217179254138
220,Diagnosis,UC,0.76,0.5435600469982236
221,Diagnosis,UC,0.9537037037037037,0.3817804997094603
222,Diagnosis,UC,0.9657657657657658,0.35147484988213507
223,Diagnosis,UC,0.942857142857143,0.4312457683817895
224,Diagnosis,UC,0.905982905982906,0.563516284084286
225,Diagnosis,UC,0.7485714285714287,0.384788178043182
226,Diagnosis,UC,0.8789473684210526,0.48485952237017627
227,Diagnosis,UC,0.9553571428571428,0.49223145682059133
228,Diagnosis,UC,0.91,0.36546859494843253
229,Diagnosis,UC,0.9417249417249418,0.4191323535002242
230,Diagnosis,UC,0.9103448275862069,0.44399898788161807
231,Diagnosis,UC,0.925207756232687,0.4166083362934571
232,Diagnosis,UC,0.8494117647058824,0.46918880289023285
233,Diagnosis,UC,0.8121212121212121,0.45911266213865315
234,Diagnosis,UC,0.9789473684210527,0.39073071778849
235,Diagnosis,UC,0.7719298245614036,0.46051938364380385
236,Diagnosis,UC,0.8227513227513228,0.4051273581411718
237,Diagnosis,UC,0.9084967320261438,0.35394493153270123
238,Diagnosis,UC,0.8685714285714285,0.38565988872956586
239,Diagnosis,UC,0.8148148148148148,0.376423870312402
240,Diagnosis,UC,0.9423076923076923,0.33810723245438684
241,Diagnosis,UC,0.9318181818181818,0.4765918780540346
242,Diagnosis,UC,0.8761904761904762,0.4104282583823885
243,Diagnosis,UC,0.9090909090909091,0.5211674808644329
244,Diagnosis,UC,1.0,0.49196523954258387
245,Diagnosis,UC,0.9076923076923078,0.5244826141814898
246,Diagnosis,UC,0.8596837944664031,0.43034886853146626
247,Diagnosis,UC,0.8660714285714286,0.4834294676344173
248,Diagnosis,UC,0.8181818181818182,0.425618595228724
249,Diagnosis,UC,0.9824046920821115,0.5044883574688906
250,Diagnosis,UC,0.7352941176470589,0.4678625175124624
251,Diagnosis,UC,0.8072916666666666,0.6303110158979631
252,Diagnosis,UC,0.7986111111111112,0.44821221228226477
253,Diagnosis,UC,0.9396284829721362,0.5068071694271244
254,Diagnosis,UC,0.8783333333333333,0.4817217661425524
255,Diagnosis,UC,0.7666666666666666,0.49405921629908356
256,Diagnosis,UC,0.9119318181818182,0.48679053745964646
257,Diagnosis,UC,0.8482758620689654,0.4690942627406588
258,Diagnosis,UC,0.7999999999999999,0.5005537517975649
259,Diagnosis,UC,0.9494949494949495,0.5048681377461909
260,Diagnosis,UC,0.8500000000000001,0.48002191771606245
261,Diagnosis,UC,0.8750000000000001,0.3858139284906369
262,Diagnosis,UC,0.8888888888888891,0.5201874603003039
263,Diagnosis,UC,0.9074074074074073,0.4148756832900671
264,Diagnosis,UC,0.8991596638655461,0.49778734750685166
265,Diagnosis,UC,0.9696969696969697,0.460101271689244
266,Diagnosis,UC,0.9416666666666667,0.5250694240291515
267,Diagnosis,UC,0.9765625,0.4305143238882893
268,Diagnosis,UC,0.8214285714285715,0.5143061289261203
269,Diagnosis,UC,0.9747899159663866,0.45389205147874906
270,Diagnosis,UC,0.9008,0.4127310238760877
271,Diagnosis,UC,0.8131487889273357,0.4718140143457345
272,Diagnosis,UC,0.919921875,0.45722103245326906
273,Diagnosis,UC,0.8371428571428572,0.43363446188751364
274,Diagnosis,UC,0.9038461538461539,0.4382487959183446
275,Diagnosis,UC,0.9714285714285714,0.5276260426930351
276,Diagnosis,UC,0.910472972972973,0.4957114286299521
277,Diagnosis,UC,0.8117647058823529,0.4714819041088797
278,Diagnosis,UC,0.9714285714285714,0.4093468578417202
279,Diagnosis,UC,0.9235537190082644,0.4019326872481198
280,Diagnosis,UC,0.9455882352941176,0.39124827527963424
281,Diagnosis,UC,0.9404466501240695,0.35520291720100944
282,Diagnosis,UC,0.8737373737373737,0.6305624806530379
283,Diagnosis,UC,0.9585253456221198,0.3857884846931838
284,Diagnosis,UC,0.906721536351166,0.42246587918980394
285,Diagnosis,UC,0.9285714285714285,0.35423377544078644
286,Diagnosis,UC,0.8742393509127789,0.4643135547640392
287,Diagnosis,UC,0.8905608755129959,0.5282038385468024
288,Diagnosis,UC,0.9365079365079365,0.32337244013154337
289,Diagnosis,UC,0.905,0.5372440301592448
290,Diagnosis,UC,0.7320261437908497,0.3488227844513897
291,Diagnosis,UC,0.9122807017543859,0.4868344048939856
292,Diagnosis,UC,0.9432048681541582,0.4611442525251097
293,Diagnosis,UC,0.878698224852071,0.5138394245809507
294,Diagnosis,UC,0.9044117647058824,0.4996165844287375
295,Diagnosis,UC,0.8754578754578753,0.5022954167071783
296,Diagnosis,UC,0.9593837535014006,0.4177325427782439
297,Diagnosis,UC,0.7827956989247311,0.60396820999034
298,Diagnosis,UC,0.9813664596273292,0.41941717502234377
299,Diagnosis,UC,0.9937304075235109,0.38792232266833426
300,Diagnosis,UC,0.9507692307692307,0.43201213585477555
301,Diagnosis,UC,0.970414201183432,0.45737158965364966
302,Diagnosis,UC,0.925,0.3938161732592361
303,Diagnosis,UC,0.858288770053476,0.49508637371115416
304,Diagnosis,UC,0.8701149425287357,0.4733145710060484
305,Diagnosis,UC,0.8736263736263736,0.5459940021240148
306,Diagnosis,UC,0.982142857142857,0.374116080807139
307,Diagnosis,UC,0.8717948717948718,0.450480234822642
308,Diagnosis,UC,0.9093567251461988,0.4347616249475788
309,Diagnosis,UC,0.951388888888889,0.409970442033609
310,Diagnosis,UC,0.9370629370629371,0.458365083587561
311,Diagnosis,UC,0.9803921568627451,0.44705380249652965
312,Diagnosis,UC,0.850815850815851,0.4647652170397634
313,Diagnosis,UC,0.9498069498069498,0.5747858986320603
314,Diagnosis,UC,0.9244851258581236,0.4142054381459987
315,Diagnosis,UC,0.9560439560439561,0.3215835920859749
316,Diagnosis,UC,0.9211822660098522,0.40278780910121814
317,Diagnosis,UC,0.9110671936758894,0.4204753845420576
318,Diagnosis,UC,0.9416666666666667,0.398158898544983
319,Diagnosis,UC,1.0,0.6042573423229283
320,Diagnosis,UC,0.8923076923076924,0.4948654600526434
321,Diagnosis,UC,0.8509803921568627,0.43272557131593975
322,Diagnosis,UC,1.0,0.30964819646445224
323,Diagnosis,UC,0.9283819628647215,0.4463584163508662
324,Diagnosis,UC,0.9481481481481482,0.38100156893895853
325,Diagnosis,UC,0.9147727272727273,0.5275105691712507
326,Diagnosis,UC,0.9299999999999999,0.4368891658057269
327,Diagnosis,UC,0.92,0.33795772716417194
328,Diagnosis,UC,0.9298245614035088,0.4766167173257169
329,Diagnosis,UC,0.8164705882352942,0.44087009592243603
330,Diagnosis,UC,0.7952380952380952,0.4979733070374052
331,Diagnosis,UC,0.8531746031746031,0.47962756710135124
332,Diagnosis,UC,0.8653198653198653,0.3490219111174468
333,Diagnosis,UC,0.9416666666666667,0.5162022126221174
334,Diagnosis,UC,0.9526627218934911,0.32364349425345396
335,Diagnosis,UC,0.9415204678362573,0.45911154471401233
336,Diagnosis,UC,0.8099999999999999,0.365966264363208
337,Diagnosis,UC,0.8644444444444443,0.37342213044860817
338,Diagnosis,UC,0.9259259259259259,0.4534527886630249
339,Diagnosis,UC,0.904040404040404,0.40849262841248934
340,Diagnosis,UC,0.8928571428571428,0.4838627953555033
341,Diagnosis,UC,0.8843750000000001,0.4327697616385355
342,Diagnosis,UC,0.9588477366255144,0.3995321003646346
343,Diagnosis,UC,0.9373219373219372,0.42274949490808933
344,Diagnosis,UC,0.8834422657952069,0.4321875672752583
345,Diagnosis,UC,0.8095238095238095,0.41170693598607216
346,Diagnosis,UC,0.9174107142857143,0.5170947833192736
347,Diagnosis,UC,0.9595238095238096,0.5573659148163981
348,Diagnosis,UC,0.9299999999999999,0.2606928119204199
349,Diagnosis,UC,0.923076923076923,0.4017454698416181
350,Diagnosis,UC,0.9736842105263157,0.4411617003162433
351,Diagnosis,UC,0.8555555555555556,0.39670013102063884
352,Diagnosis,UC,0.9625,0.4649276951801965
353,Diagnosis,UC,0.7860576923076923,0.5208636100331839
354,Diagnosis,UC,0.9362041467304626,0.46280016114940015
355,Diagnosis,UC,0.7917620137299771,0.46423573906773263
356,Diagnosis,UC,0.93048128342246,0.44326413253915997
357,Diagnosis,UC,0.9591346153846154,0.5030586783514226
358,Diagnosis,UC,0.8945578231292517,0.4558626041278259
359,Diagnosis,UC,0.9739583333333333,0.43400811923144755
360,Diagnosis,UC,0.9138888888888889,0.40840363575888794
361,Diagnosis,UC,0.8779761904761905,0.43597511208700024
362,Diagnosis,UC,0.9076923076923077,0.4784167192292105
363,Diagnosis,UC,0.883673469387755,0.5680059951042418
364,Diagnosis,UC,0.9461206896551724,0.4421954098190895
365,Diagnosis,UC,0.8721804511278195,0.46006468646958054
366,Diagnosis,UC,0.9333333333333333,0.379388061501058
367,Diagnosis,UC,0.9545454545454546,0.3992172077654773
368,Diagnosis,UC,0.9895104895104895,0.41286023332371075
369,Diagnosis,UC,0.8825000000000001,0.44328010003029
370,Diagnosis,UC,0.9002079002079003,0.44222554034994316
371,Diagnosis,UC,0.8639455782312925,0.538715916436424
372,Diagnosis,UC,0.8680555555555556,0.5664241168286465
373,Diagnosis,UC,0.9060150375939848,0.5025798151995549
374,Diagnosis,UC,0.8777777777777778,0.43801437242395963
375,Diagnosis,UC,0.9090909090909091,0.46046145812576744
376,Diagnosis,UC,0.9460227272727273,0.42254556510582447
377,Diagnosis,UC,0.9535714285714285,0.5152764659335941
378,Diagnosis,UC,0.898148148148148,0.5762042726950529
379,Diagnosis,UC,0.9323308270676692,0.3973060269268049
380,Diagnosis,UC,0.9857142857142858,0.4939441710099133
381,Diagnosis,UC,0.9264705882352942,0.4470339699502973
382,Diagnosis,UC,0.8425925925925926,0.51419282417759
383,Diagnosis,UC,0.7700534759358288,0.47684767517780047
384,Diagnosis,UC,0.9111111111111111,0.3393235141686005
385,Diagnosis,UC,0.9625668449197861,0.2876535866983611
386,Diagnosis,UC,0.9346590909090909,0.43985441427035477
387,Diagnosis,UC,0.9424242424242424,0.4908759832576657
388,Diagnosis,UC,0.9500000000000001,0.21066281538196727
389,Diagnosis,UC,0.9237749546279491,0.3931304435484744
390,Diagnosis,UC,0.9157894736842105,0.35628464005649296
391,Diagnosis,UC,0.8458498023715414,0.47985513397291013
392,Diagnosis,UC,0.908284023668639,0.48533685950574396
393,Diagnosis,UC,0.7895652173913044,0.3734827581248447
394,Diagnosis,UC,0.8907563025210083,0.3826996830465652
395,Diagnosis,UC,0.7622377622377623,0.42031843806005587
396,Diagnosis,UC,0.8759398496240601,0.46481602001219285
397,Diagnosis,UC,0.9458689458689458,0.44691082555459455
398,Diagnosis,UC,0.8478260869565217,0.470453212802026
399,Diagnosis,UC,0.956989247311828,0.48212662709298504
400,Diagnosis,UC,0.9848484848484849,0.35708457714432923
401,Diagnosis,UC,0.7960526315789473,0.4436958613291168
402,Diagnosis,UC,0.9095022624434389,0.4325235977369906
403,Diagnosis,UC,0.849002849002849,0.3565506515010929
404,Diagnosis,UC,0.8947368421052632,0.46935504933969424
405,Diagnosis,UC,0.839572192513369,0.4521565770003204
406,Diagnosis,UC,0.9076923076923077,0.5257457855199628
407,Diagnosis,UC,0.9009287925696594,0.445711826909649
408,Diagnosis,UC,0.8888888888888888,0.46722939444402345
409,Diagnosis,UC,0.9083333333333334,0.5205781920788802
410,Diagnosis,UC,0.9632034632034632,0.48298310680476847
411,Diagnosis,UC,0.9782608695652174,0.43535690191187293
412,Diagnosis,UC,0.9047619047619048,0.6516895979362923
413,Diagnosis,UC,0.9609375,0.32825321515809874
414,Diagnosis,UC,0.9025974025974026,0.41291707857072596
415,Diagnosis,UC,0.7886904761904762,0.3956477955330733
416,Diagnosis,UC,0.9047619047619048,0.5181826536038094
417,Diagnosis,UC,0.8708333333333333,0.5935105456269184
418,Diagnosis,UC,0.850574712643678,0.47597008908585137
419,Diagnosis,UC,0.7735294117647059,0.3925909776791638
420,Diagnosis,UC,0.9382716049382716,0.4843285700777888
421,Diagnosis,UC,0.9603174603174602,0.3366134314856946
422,Diagnosis,UC,0.9583333333333333,0.3830027307795098
423,Diagnosis,UC,0.9176470588235294,0.46448034398187854
424,Diagnosis,UC,0.8877192982456141,0.3950700171676139
425,Diagnosis,UC,0.9615384615384616,0.4724944076684885
426,Diagnosis,UC,0.95,0.5367914282351144
427,Diagnosis,UC,0.753125,0.43623650907554284
428,Diagnosis,UC,0.9285714285714286,0.30312683797699286
429,Diagnosis,UC,0.942857142857143,0.4461424017038607
430,Diagnosis,UC,0.8480861244019139,0.45104262496102315
431,Diagnosis,UC,0.973015873015873,0.44177915112861343
432,Diagnosis,UC,0.8871527777777778,0.5301487482585042
433,Diagnosis,UC,0.8488888888888889,0.3926318863947996
434,Diagnosis,UC,0.8661616161616161,0.4916028798402173
435,Diagnosis,UC,0.9842105263157895,0.335994575974514
436,Diagnosis,UC,0.9563492063492064,0.24775695956150728
437,Diagnosis,UC,0.8999999999999999,0.4383073499766094
438,Diagnosis,UC,0.8654244306418218,0.3807167890545338
439,Diagnosis,UC,0.9625668449197861,0.31171889720631174
440,Diagnosis,UC,0.7976190476190474,0.4297180284844365
441,Diagnosis,UC,0.935672514619883,0.3483976381637307
442,Diagnosis,UC,0.75,0.40807482956013136
443,Diagnosis,UC,0.8611111111111113,0.61632535030168
444,Diagnosis,UC,0.9010989010989011,0.4126691148138665
445,Diagnosis,UC,0.9333333333333333,0.3699306707607441
446,Diagnosis,UC,0.8933333333333334,0.4512149859466299
447,Diagnosis,UC,0.8344481605351172,0.5093155923152477
448,Diagnosis,UC,0.9049707602339182,0.5111015081083515
449,Diagnosis,UC,0.825,0.3674164241947109
450,Diagnosis,UC,0.8571428571428571,0.6021154283981516
451,Diagnosis,UC,0.9310344827586208,0.49981862420611295
452,Diagnosis,UC,0.8567708333333333,0.3879557832455976
453,Diagnosis,UC,0.94,0.4122612781154504
454,Diagnosis,UC,0.8567774936061381,0.5606014215655911
455,Diagnosis,UC,0.8985507246376812,0.33106689415890145
456,Diagnosis,UC,0.7312500000000001,0.480729336840987
457,Diagnosis,UC,0.869431643625192,0.48194617629244446
458,Diagnosis,UC,0.8958333333333334,0.398746779715118
459,Diagnosis,UC,0.9523809523809523,0.3289232543710871
460,Diagnosis,UC,0.9227053140096618,0.3908776746362622
461,Diagnosis,UC,0.9048913043478262,0.4882263789065125
462,Diagnosis,UC,0.9665071770334929,0.39576098881636035
463,Diagnosis,UC,0.9575,0.4335022568745564
464,Diagnosis,UC,0.9347826086956521,0.39527069472459647
465,Diagnosis,UC,0.8796791443850267,0.4975905799559952
466,Diagnosis,UC,0.9434782608695651,0.6177726970147849
467,Diagnosis,UC,0.9196428571428571,0.5679132797134216
468,Diagnosis,UC,0.86,0.43466787836276777
469,Diagnosis,UC,0.9621212121212122,0.428083697432407
470,Diagnosis,UC,0.9211538461538463,0.471896615311082
471,Diagnosis,UC,0.7639751552795031,0.4055075572873123
472,Diagnosis,UC,0.9187500000000001,0.41146411057607024
473,Diagnosis,UC,0.9333333333333333,0.4221951485028986
474,Diagnosis,UC,0.9178240740740741,0.42717830637683274
475,Diagnosis,UC,0.8571428571428571,0.37391596512234887
476,Diagnosis,UC,0.9444444444444444,0.45639651649176377
477,Diagnosis,UC,0.9773755656108597,0.4187162335962924
478,Diagnosis,UC,0.9298245614035088,0.44945982129942286
479,Diagnosis,UC,0.8812500000000001,0.3675503739972275
480,Diagnosis,UC,0.9312169312169313,0.4021565364262455
481,Diagnosis,UC,0.9835390946502057,0.3710320611143899
482,Diagnosis,UC,0.9330357142857143,0.41179577890844915
483,Diagnosis,UC,0.8671875,0.3681069842849266
484,Diagnosis,UC,0.9197530864197531,0.5514526653531597
485,Diagnosis,UC,0.9229797979797979,0.4277127682583256
486,Diagnosis,UC,0.9590643274853801,0.4474465338165646
487,Diagnosis,UC,0.9391891891891891,0.44372148104174586
488,Diagnosis,UC,0.910873440285205,0.4149320208815549
489,Diagnosis,UC,0.8571428571428571,0.5025420910517897
490,Diagnosis,UC,0.9797979797979798,0.4637779728480148
491,Diagnosis,UC,0.9659863945578231,0.39794857871904604
492,Diagnosis,UC,0.916289592760181,0.5427131097919965
493,Diagnosis,UC,0.8544891640866873,0.3942588234887303
494,Diagnosis,UC,0.9123376623376623,0.4244291291188521
495,Diagnosis,UC,0.92,0.37120441442173424
496,Diagnosis,UC,0.9734848484848485,0.35959169470067265
497,Diagnosis,UC,0.8717948717948718,0.4930144014126779
498,Diagnosis,UC,0.9688888888888889,0.30498485148847315
499,Diagnosis,UC,0.8250000000000001,0.3800065184066294
500,Diagnosis,UC,0.8443935926773455,0.5178986773599349
501,Diagnosis,UC,0.8549783549783551,0.5373826442138969
502,Diagnosis,UC,0.9006211180124224,0.450907758185122
503,Diagnosis,UC,0.9649122807017545,0.3014077435001527
504,Diagnosis,UC,0.9066937119675457,0.4369831243464084
505,Diagnosis,UC,0.8968253968253969,0.4453315801832093
506,Diagnosis,UC,0.8980263157894737,0.4760246296853616
507,Diagnosis,UC,0.9838056680161944,0.42447060629758415
508,Diagnosis,UC,0.9117647058823529,0.46972711338880874
509,Diagnosis,UC,0.923444976076555,0.4322403433891279
510,Diagnosis,UC,0.8704453441295547,0.4585252439511105
511,Diagnosis,UC,0.9109311740890689,0.39837636278049016
512,Diagnosis,UC,0.8541176470588235,0.4359270252943889
513,Diagnosis,UC,0.9431009957325748,0.4995044035815699
514,Diagnosis,UC,0.952020202020202,0.37736136728318737
515,Diagnosis,UC,0.9204204204204205,0.5210987738325009
516,Diagnosis,UC,0.9523809523809523,0.4053399013827505
517,Diagnosis,UC,0.8725490196078431,0.4391246219947279
518,Diagnosis,UC,0.9777777777777777,0.2598498774103295
519,Diagnosis,UC,0.9191176470588235,0.4677588652679709
520,Diagnosis,UC,0.9894179894179894,0.38597509545109815
521,Diagnosis,UC,0.9273356401384083,0.509019780918265
522,Diagnosis,UC,0.8775000000000001,0.40582578478777853
523,Diagnosis,UC,0.8907407407407407,0.44174517463883406
524,Diagnosis,UC,0.8464912280701754,0.36500680279722003
525,Diagnosis,UC,0.893913043478261,0.36424267712257946
526,Diagnosis,UC,0.9789473684210526,0.31322119778047286
527,Diagnosis,UC,0.9259259259259259,0.5130551862191013
528,Diagnosis,UC,0.8996865203761755,0.48450134204254647
529,Diagnosis,UC,0.9833333333333334,0.3889710846484224
530,Diagnosis,UC,0.9632034632034632,0.3902327761911452
531,Diagnosis,UC,0.824561403508772,0.4988067373241414
532,Diagnosis,UC,0.8647058823529412,0.4805152649669806
533,Diagnosis,UC,0.958041958041958,0.442727222311391
534,Diagnosis,UC,0.8596491228070176,0.42879734895333904
535,Diagnosis,UC,0.976,0.45334388500805634
536,Diagnosis,UC,0.9732142857142857,0.3537115882033942
537,Diagnosis,UC,0.9734748010610079,0.469541620940858
538,Diagnosis,UC,0.9466666666666667,0.4717005812162425
539,Diagnosis,UC,0.9145299145299145,0.4349488437234036
540,Diagnosis,UC,0.84375,0.47312654966269313
541,Diagnosis,UC,0.9174107142857143,0.45524317004728215
542,Diagnosis,UC,0.863768115942029,0.4428970354789447
543,Diagnosis,UC,0.8645833333333334,0.5222733361531995
544,Diagnosis,UC,0.9797101449275362,0.50108338512977
545,Diagnosis,UC,0.8333333333333334,0.47280238457072343
546,Diagnosis,UC,0.9066022544283414,0.3853195421619431
547,Diagnosis,UC,0.8799999999999999,0.4588333074703768
548,Diagnosis,UC,0.8873456790123456,0.4851491619370329
549,Diagnosis,UC,0.9444444444444444,0.4512445146858337
550,Diagnosis,UC,0.9681818181818181,0.3583184338311267
551,Diagnosis,UC,0.888888888888889,0.4276417005789025
552,Diagnosis,UC,0.9216666666666666,0.471761422652633
553,Diagnosis,UC,0.9232736572890025,0.42535481809213876
554,Diagnosis,UC,0.9285714285714285,0.46516359543868135
555,Diagnosis,UC,0.9382716049382716,0.5258105687815999
556,Diagnosis,UC,0.9435897435897437,0.29273854567435853
557,Diagnosis,UC,0.9618055555555556,0.49389181177521635
558,Diagnosis,UC,0.8870370370370371,0.5119617386582084
559,Diagnosis,UC,0.7936507936507936,0.45418561294335846
560,Diagnosis,UC,0.948051948051948,0.3699537012446493
561,Diagnosis,UC,0.8888888888888888,0.5352995234466282
562,Diagnosis,UC,0.8695652173913043,0.42884587696673865
563,Diagnosis,UC,0.8931623931623932,0.42397495271388114
564,Diagnosis,UC,0.945054945054945,0.5793468331240645
565,Diagnosis,UC,0.8778280542986425,0.4200939273571354
566,Diagnosis,UC,0.8714285714285714,0.3858516820967956
567,Diagnosis,UC,0.8844444444444444,0.49977353805458596
568,Diagnosis,UC,0.9331103678929766,0.46901744127837897
569,Diagnosis,UC,0.8343749999999999,0.57347169761354
570,Diagnosis,UC,0.8701298701298702,0.4678335914105445
571,Diagnosis,UC,0.9753846153846153,0.49391366197744735
572,Diagnosis,UC,0.8316970546984572,0.47628189567552975
573,Diagnosis,UC,0.8214285714285714,0.4117013868563398
574,Diagnosis,UC,0.9238095238095239,0.4722228349195229
575,Diagnosis,UC,0.9087301587301587,0.4504134788815195
576,Diagnosis,UC,0.7797619047619048,0.5416832610812097
577,Diagnosis,UC,0.8100686498855836,0.3520609451339119
578,Diagnosis,UC,0.9301470588235294,0.5157920153284012
579,Diagnosis,UC,0.8931623931623933,0.4680716383895742
580,Diagnosis,UC,0.8963210702341136,0.4657684702851401
581,Diagnosis,UC,0.9948717948717949,0.3596808066222899
582,Diagnosis,UC,0.9393939393939393,0.3457419747094984
583,Diagnosis,UC,0.96,0.34071607017483774
584,Diagnosis,UC,0.92,0.41955870830260567
585,Diagnosis,UC,0.9037837837837838,0.3755815556520687
586,Diagnosis,UC,0.9555555555555555,0.28367024655835854
587,Diagnosis,UC,0.9434523809523809,0.538830586413762
588,Diagnosis,UC,0.9279279279279279,0.5196673224684993
589,Diagnosis,UC,0.8671428571428571,0.46800649995159405
590,Diagnosis,UC,0.8273809523809524,0.4775040574074148
591,Diagnosis,UC,0.7705882352941176,0.35633684588711567
592,Diagnosis,UC,0.8333333333333333,0.39782697288707064
593,Diagnosis,UC,0.8733333333333333,0.40574801219657475
594,Diagnosis,UC,0.9333333333333332,0.3750807887175851
595,Diagnosis,UC,0.8986111111111111,0.47170277980209174
596,Diagnosis,UC,0.9083820662768031,0.42132846684285996
597,Diagnosis,UC,0.8390092879256966,0.5506272107402371
598,Diagnosis,UC,0.7916666666666667,0.4633786812475409
599,Diagnosis,UC,0.9557109557109557,0.45739961672234825
600,Diagnosis,UC,0.9733333333333334,0.38280482085601186
601,Diagnosis,UC,0.97,0.4283093411105858
602,Diagnosis,UC,0.9545454545454546,0.6045926395190842
603,Diagnosis,UC,0.9298245614035088,0.42346945539981856
604,Diagnosis,UC,0.9793388429752067,0.40007429360329927
605,Diagnosis,UC,0.9882352941176471,0.37383778541659185
606,Diagnosis,UC,0.9294117647058823,0.4607681893441439
607,Diagnosis,UC,0.9580419580419579,0.41693297155237996
608,Diagnosis,UC,0.6611570247933884,0.6297920135913052
609,Diagnosis,UC,0.8727272727272727,0.45512129866956025
610,Diagnosis,UC,0.7438016528925621,0.49682673417232137
611,Diagnosis,UC,0.8769230769230769,0.3403965434637216
612,Diagnosis,UC,0.8987654320987654,0.4001676482220828
613,Diagnosis,UC,0.8,0.46674672362731473
614,Diagnosis,UC,0.942652329749104,0.5300856445768748
615,Diagnosis,UC,0.9511494252873564,0.5225830863973809
616,Diagnosis,UC,0.8391812865497076,0.4576799220978315
617,Diagnosis,UC,0.8878718535469107,0.465001132067286
618,Diagnosis,UC,0.7149321266968327,0.4648639363936948
619,Diagnosis,UC,0.8578947368421053,0.4673713837406442
620,Diagnosis,UC,0.877005347593583,0.4458063513880728
621,Diagnosis,UC,0.8932291666666666,0.37076071055887294
622,Diagnosis,UC,0.8448275862068966,0.606118881730117
623,Diagnosis,UC,0.78,0.4132559637059129
624,Diagnosis,UC,0.7847222222222222,0.6361372869619389
625,Diagnosis,UC,0.8870967741935484,0.54829163502476
626,Diagnosis,UC,0.9371345029239767,0.43727374745293157
627,Diagnosis,UC,0.9002976190476191,0.39815264254920896
628,Diagnosis,UC,0.9210526315789473,0.3711529847273232
629,Diagnosis,UC,0.8070175438596491,0.3267341838990757
630,Diagnosis,UC,0.8190045248868778,0.45322295196191814
631,Diagnosis,UC,0.9385964912280702,0.4855056784478809
632,Diagnosis,UC,0.952,0.5488149511662875
633,Diagnosis,UC,0.7578125,0.4380852786569232
634,Diagnosis,UC,0.8857142857142857,0.5724016845731091
635,Diagnosis,UC,0.8703703703703703,0.40959929271624157
636,Diagnosis,UC,0.90625,0.4887216520570216
637,Diagnosis,UC,0.9540441176470589,0.4593399572283661
638,Diagnosis,UC,0.9785714285714285,0.3767027211344291
639,Diagnosis,UC,0.8823529411764706,0.5032061824305312
640,Diagnosis,UC,0.9511111111111111,0.5297629433379879
641,Diagnosis,UC,0.9646464646464648,0.406946710902631
642,Diagnosis,UC,0.8432539682539683,0.5349081988136677
643,Diagnosis,UC,0.88,0.3572568967479333
644,Diagnosis,UC,0.8690476190476191,0.5087037799380856
645,Diagnosis,UC,0.8857142857142858,0.2699039157990424
646,Diagnosis,UC,1.0,0.515086371140398
647,Diagnosis,UC,0.8817733990147784,0.4619174479959454
648,Diagnosis,UC,0.918918918918919,0.38243880810548
649,Diagnosis,UC,0.7892857142857144,0.42144805513609457
650,Diagnosis,UC,1.0,0.5003708197708108
651,Diagnosis,UC,0.9627791563275434,0.46470375464291125
652,Diagnosis,UC,0.8645161290322582,0.3447342849140073
653,Diagnosis,UC,0.9074074074074074,0.47943347592881086
654,Diagnosis,UC,1.0,0.41711035870042257
655,Diagnosis,UC,0.8840579710144927,0.4083978559002839
656,Diagnosis,UC,0.9305555555555556,0.45754681841232636
657,Diagnosis,UC,0.9117647058823529,0.28441696591041027
658,Diagnosis,UC,0.9241379310344827,0.49407904930808494
659,Diagnosis,UC,0.8463541666666666,0.42981305145178084
660,Diagnosis,UC,0.8056265984654731,0.41439141276501745
661,Diagnosis,UC,0.8019323671497585,0.5118139097665965
662,Diagnosis,UC,0.6857142857142857,0.5201044894066688
663,Diagnosis,UC,0.8315018315018315,0.49835355213374716
664,Diagnosis,UC,0.9611111111111111,0.43642151625135206
665,Diagnosis,UC,0.7851239669421487,0.31391512380113523
666,Diagnosis,UC,0.8823529411764706,0.4423754528021611
667,Diagnosis,UC,0.9730639730639731,0.48456212923071706
668,Diagnosis,UC,0.9705882352941176,0.48615670046967374
669,Diagnosis,UC,0.8402777777777778,0.49810788893156216
670,Diagnosis,UC,0.8823529411764706,0.48282913132063837
671,Diagnosis,UC,0.8962962962962963,0.40232832383145617
672,Diagnosis,UC,0.8746081504702194,0.3533726089172397
673,Diagnosis,UC,0.8588235294117647,0.4325622701665875
674,Diagnosis,UC,0.84593837535014,0.39795047075153517
675,Diagnosis,UC,0.9894179894179894,0.29492121354118683
676,Diagnosis,UC,0.9580209895052474,0.4158870724369152
677,Diagnosis,UC,0.9148351648351648,0.4250073126331432
678,Diagnosis,UC,0.9623824451410659,0.4361989531454519
679,Diagnosis,UC,0.9051383399209487,0.4905159115249198
680,Diagnosis,UC,0.9911242603550295,0.3938266617561907
681,Diagnosis,UC,0.9033333333333334,0.36505820612455847
682,Diagnosis,UC,0.9437340153452685,0.326068051703955
683,Diagnosis,UC,0.923076923076923,0.5097763157276093
684,Diagnosis,UC,0.9408284023668639,0.41788913534330435
685,Diagnosis,UC,0.9543650793650793,0.3340732149720704
686,Diagnosis,UC,0.8725490196078431,0.49595927990260863
687,Diagnosis,UC,0.8750000000000001,0.5254495167194313
688,Diagnosis,UC,0.9222222222222223,0.5043128633869822
689,Diagnosis,UC,0.7827380952380952,0.4246887944865258
690,Diagnosis,UC,0.9861111111111112,0.42507553311008905
691,Diagnosis,UC,0.88125,0.3989197389623674
692,Diagnosis,UC,0.8705882352941178,0.4090899951019746
693,Diagnosis,UC,0.821969696969697,0.39962257036229004
694,Diagnosis,UC,0.8733333333333333,0.46883732706681686
695,Diagnosis,UC,0.9923469387755102,0.5002894918175663
696,Diagnosis,UC,0.903030303030303,0.40863657365191897
697,Diagnosis,UC,0.9035087719298246,0.5322915153422468
698,Diagnosis,UC,0.8772727272727273,0.43648329516279366
699,Diagnosis,UC,0.8768115942028986,0.4761259044523885
700,Diagnosis,UC,0.8532608695652173,0.45643988649317124
701,Diagnosis,UC,0.9144385026737968,0.4957604683321154
702,Diagnosis,UC,0.8538461538461538,0.40088010257929607
703,Diagnosis,UC,0.9136842105263159,0.3158427386571232
704,Diagnosis,UC,0.96,0.3397700159707518
705,Diagnosis,UC,0.9002849002849003,0.5535036420383472
706,Diagnosis,UC,0.8784893267651889,0.43458982687350556
707,Diagnosis,UC,0.8509803921568627,0.5398602243295824
708,Diagnosis,UC,0.8722222222222222,0.3644739091663497
709,Diagnosis,UC,0.8250000000000001,0.41715296912087607
710,Diagnosis,UC,0.891891891891892,0.5902571894219661
711,Diagnosis,UC,0.9512820512820513,0.49368939713809096
712,Diagnosis,UC,0.7354166666666667,0.5031857722743887
713,Diagnosis,UC,0.9548872180451128,0.5434201707284407
714,Diagnosis,UC,0.9484126984126984,0.2948990280937161
715,Diagnosis,UC,0.9281250000000001,0.40345789491006995
716,Diagnosis,UC,0.8875,0.35352940497072516
717,Diagnosis,UC,0.9615384615384616,0.3756277987974158
718,Diagnosis,UC,0.912037037037037,0.4068804591032085
719,Diagnosis,UC,0.8468292682926829,0.511882835361124
720,Diagnosis,UC,0.9273504273504274,0.4605830613271507
721,Diagnosis,UC,0.9714285714285715,0.46274076169487094
722,Diagnosis,UC,0.85,0.6294442516209585
723,Diagnosis,UC,0.9375,0.472266714801051
724,Diagnosis,UC,0.7777777777777778,0.4838482799128252
725,Diagnosis,UC,0.8737373737373737,0.5456187348350912
726,Diagnosis,UC,0.9651612903225807,0.3827079509940696
727,Diagnosis,UC,0.9375,0.4224259260138009
728,Diagnosis,UC,0.8821839080459769,0.6036935898566269
729,Diagnosis,UC,0.9272727272727272,0.4414258103175492
730,Diagnosis,UC,0.9369565217391304,0.4433010492533293
731,Diagnosis,UC,0.9548872180451128,0.362725931833225
732,Diagnosis,UC,0.8431372549019609,0.31435170776324944
733,Diagnosis,UC,0.9575757575757575,0.41373219239830156
734,Diagnosis,UC,0.8655172413793103,0.4645107563635176
735,Diagnosis,UC,0.9043062200956937,0.39730723655652644
736,Diagnosis,UC,0.7573696145124716,0.4974210793071947
737,Diagnosis,UC,0.9409722222222222,0.4277108344715457
738,Diagnosis,UC,0.8189655172413792,0.5159984433188749
739,Diagnosis,UC,0.9487179487179487,0.4244333078669694
740,Diagnosis,UC,0.8964497041420119,0.5304243067073919
741,Diagnosis,UC,0.9281250000000001,0.4400462879653054
742,Diagnosis,UC,0.71,0.3556645582789943
743,Diagnosis,UC,0.9779411764705882,0.2734529399695625
744,Diagnosis,UC,0.8444444444444444,0.41882260440093344
745,Diagnosis,UC,0.8725490196078431,0.39176413026894513
746,Diagnosis,UC,0.825,0.38146957287782995
747,Diagnosis,UC,0.859375,0.6007107418131293
748,Diagnosis,UC,0.9602272727272727,0.4264687646201902
749,Diagnosis,UC,0.8505747126436781,0.42659237967637514
750,Diagnosis,UC,0.8369565217391305,0.4776516043087382
751,Diagnosis,UC,0.8635477582846004,0.5054610854529384
752,Diagnosis,UC,0.8190789473684211,0.43681524820236023
753,Diagnosis,UC,0.8412698412698413,0.43481486048060847
754,Diagnosis,UC,0.8976982097186701,0.3784098090616146
755,Diagnosis,UC,0.840909090909091,0.4266924766657182
756,Diagnosis,UC,0.9185606060606061,0.4657308155371043
757,Diagnosis,UC,0.7538461538461538,0.5491208753749439
758,Diagnosis,UC,0.978021978021978,0.4027865044603278
759,Diagnosis,UC,0.73,0.43557995866099863
760,Diagnosis,UC,0.9941176470588236,0.415494572608459
761,Diagnosis,UC,0.9172932330827067,0.4536945848610612
762,Diagnosis,UC,0.8105263157894738,0.38841916417118577
763,Diagnosis,UC,0.8039215686274509,0.37662136754667075
764,Diagnosis,UC,0.7346938775510203,0.5175399153877556
765,Diagnosis,UC,0.8766233766233765,0.5098903078192468
766,Diagnosis,UC,0.9040816326530613,0.4779561863841711
767,Diagnosis,UC,0.9649122807017544,0.24734941375895347
768,Diagnosis,UC,0.9063545150501673,0.5324767354218116
769,Diagnosis,UC,0.9400000000000001,0.4631946755899058
770,Diagnosis,UC,0.886904761904762,0.38483723934306
771,Diagnosis,UC,0.9703703703703703,0.5449694886493393
772,Diagnosis,UC,0.9333333333333333,0.36510370055271035
773,Diagnosis,UC,0.8823529411764706,0.5362369383158269
774,Diagnosis,UC,0.9736842105263158,0.435577608745991
775,Diagnosis,UC,0.8484848484848485,0.380706598698568
776,Diagnosis,UC,0.9215686274509803,0.5589226545519298
777,Diagnosis,UC,0.90625,0.4363694769039356
778,Diagnosis,UC,0.9554655870445343,0.39652175162529746
779,Diagnosis,UC,0.881578947368421,0.44332411462427357
780,Diagnosis,UC,0.8571428571428572,0.47212027192763933
781,Diagnosis,UC,0.9270833333333334,0.45155096430813996
782,Diagnosis,UC,0.9409722222222222,0.464107308193723
783,Diagnosis,UC,0.7913043478260868,0.518809217607509
784,Diagnosis,UC,0.8446969696969697,0.45561139857474925
785,Diagnosis,UC,0.8545454545454546,0.25957942928787586
786,Diagnosis,UC,0.768421052631579,0.4376681778823033
787,Diagnosis,UC,0.7906602254428341,0.3802220347136295
788,Diagnosis,UC,0.9,0.49719886041933836
789,Diagnosis,UC,0.8839285714285714,0.4207103750865356
790,Diagnosis,UC,0.9000000000000001,0.443064262182765
791,Diagnosis,UC,0.8897058823529411,0.5559929222979094
792,Diagnosis,UC,0.9629629629629629,0.41784903728484446
793,Diagnosis,UC,1.0,0.4117982611332769
794,Diagnosis,UC,0.9505494505494505,0.5038833470144698
795,Diagnosis,UC,0.9186602870813397,0.4719262359890702
796,Diagnosis,UC,0.9640151515151516,0.39688858226477286
797,Diagnosis,UC,0.9043062200956938,0.4713432151056635
798,Diagnosis,UC,0.9307692307692308,0.49427832263944954
799,Diagnosis,UC,0.9809523809523809,0.40901232950701544
800,Diagnosis,UC,0.8516746411483254,0.42092333924304043
801,Diagnosis,UC,0.9047619047619048,0.42382155127387106
802,Diagnosis,UC,0.9294117647058824,0.3021298195909767
803,Diagnosis,UC,0.9682539682539683,0.463378617627624
804,Diagnosis,UC,0.96875,0.4172302177755551
805,Diagnosis,UC,0.9357142857142857,0.42149872718919745
806,Diagnosis,UC,0.9147727272727273,0.3457445005613722
807,Diagnosis,UC,0.9566563467492261,0.4548752681950594
808,Diagnosis,UC,0.9166666666666667,0.5313380894478013
809,Diagnosis,UC,0.9259259259259259,0.5200276000952148
810,Diagnosis,UC,0.9175824175824175,0.5393294593921735
811,Diagnosis,UC,0.9910714285714285,0.4542006592460195
812,Diagnosis,UC,0.8621794871794872,0.4832016863945595
813,Diagnosis,UC,0.8571428571428572,0.4073354535637439
814,Diagnosis,UC,0.9051383399209487,0.3045361149034949
815,Diagnosis,UC,0.9032258064516129,0.4974105740921504
816,Diagnosis,UC,0.8806584362139918,0.37984063961632136
817,Diagnosis,UC,0.861111111111111,0.4412991808883952
818,Diagnosis,UC,0.9858823529411764,0.45037497459702536
819,Diagnosis,UC,0.8215102974828377,0.42753604960976394
820,Diagnosis,UC,0.9532163742690059,0.35312222258610143
821,Diagnosis,UC,0.8082386363636365,0.4374112836080545
822,Diagnosis,UC,0.7777777777777778,0.49369549451158395
823,Diagnosis,UC,0.8687430478309233,0.52160697263579
824,Diagnosis,UC,0.8535980148883374,0.48856308305064383
825,Diagnosis,UC,0.9515151515151514,0.4645103713064884
826,Diagnosis,UC,1.0,0.4492804204710982
827,Diagnosis,UC,0.8571428571428572,0.44752556073744904
828,Diagnosis,UC,0.8505434782608696,0.48296473048186955
829,Diagnosis,UC,0.8544921875,0.48372033389558955
830,Diagnosis,UC,0.8865546218487395,0.37450451850481714
831,Diagnosis,UC,0.9153846153846155,0.4242213519720567
832,Diagnosis,UC,0.961764705882353,0.26353487923733937
833,Diagnosis,UC,0.8672768878718535,0.36907273010625413
834,Diagnosis,UC,0.9242424242424242,0.3735029008548067
835,Diagnosis,UC,0.9230769230769231,0.34122007109760044
836,Diagnosis,UC,0.9666666666666667,0.5520081494463053
837,Diagnosis,UC,0.9523809523809524,0.4081184672969217
838,Diagnosis,UC,0.9282608695652174,0.4587847896039055
839,Diagnosis,UC,0.9605263157894737,0.3965330420758921
840,Diagnosis,UC,0.943019943019943,0.4892690836110779
841,Diagnosis,UC,0.9393939393939393,0.4064711387837745
842,Diagnosis,UC,0.923076923076923,0.5021132705039163
843,Diagnosis,UC,0.7880512091038406,0.3359201947184794
844,Diagnosis,UC,0.9023569023569024,0.3866894348849093
845,Diagnosis,UC,0.932258064516129,0.41151629236441345
846,Diagnosis,UC,0.9411764705882353,0.4755918989996618
847,Diagnosis,UC,0.8502673796791445,0.5896554166909002
848,Diagnosis,UC,0.945945945945946,0.37462397201078557
849,Diagnosis,UC,0.7608695652173912,0.4198641363241684
850,Diagnosis,UC,0.9567307692307692,0.3630473499133661
851,Diagnosis,UC,0.8676470588235293,0.4489224991292384
852,Diagnosis,UC,0.8916666666666667,0.4429206489596203
853,Diagnosis,UC,0.8654970760233919,0.38847171346805837
854,Diagnosis,UC,0.984472049689441,0.4658986610605561
855,Diagnosis,UC,0.9216300940438871,0.3574589130270483
856,Diagnosis,UC,0.9288888888888889,0.44760667931439846
857,Diagnosis,UC,0.8416666666666667,0.4872454726889376
858,Diagnosis,UC,0.9175627240143369,0.5685152380466766
859,Diagnosis,UC,0.9135802469135802,0.4150269086420608
860,Diagnosis,UC,0.8333333333333333,0.5344421632799493
861,Diagnosis,UC,0.9565217391304349,0.4064449142620452
862,Diagnosis,UC,0.9699248120300752,0.3727790506061776
863,Diagnosis,UC,0.9643493761140821,0.5033278143832989
864,Diagnosis,UC,0.854251012145749,0.5218618052736512
865,Diagnosis,UC,0.7666666666666668,0.5703127079485144
866,Diagnosis,UC,0.9081632653061225,0.4499596244087184
867,Diagnosis,UC,1.0,0.30988800370633274
868,Diagnosis,UC,0.8863636363636364,0.4173254709487989
869,Diagnosis,UC,0.8695652173913043,0.480173013388726
870,Diagnosis,UC,0.9107142857142857,0.45874706211927874
871,Diagnosis,UC,0.8333333333333334,0.5211030793693506
872,Diagnosis,UC,0.8777777777777779,0.45796768927261733
873,Diagnosis,UC,0.9166666666666666,0.5402362094547615
874,Diagnosis,UC,0.9966666666666667,0.3490268221208856
875,Diagnosis,UC,0.6700680272108843,0.4610111773285683
876,Diagnosis,UC,0.7142857142857143,0.3742618944567149
877,Diagnosis,UC,0.8109161793372319,0.4666308658957462
878,Diagnosis,UC,0.884297520661157,0.45363739561810346
879,Diagnosis,UC,0.8437500000000001,0.47720607670566556
880,Diagnosis,UC,0.968944099378882,0.3893929040085671
881,Diagnosis,UC,0.932367149758454,0.5187121916662664
882,Diagnosis,UC,0.9202551834130782,0.4832191238720904
883,Diagnosis,UC,0.8949579831932774,0.4855705755262316
884,Diagnosis,UC,0.9215686274509803,0.4073606130424837
885,Diagnosis,UC,0.9823529411764707,0.5129781085861082
886,Diagnosis,UC,0.8676470588235294,0.5165756175385545
887,Diagnosis,UC,0.8257575757575757,0.49346239514452506
888,Diagnosis,UC,0.9636363636363636,0.38732560290815476
889,Diagnosis,UC,0.8307692307692308,0.4737877988465253
890,Diagnosis,UC,0.9529914529914529,0.5122014611342794
891,Diagnosis,UC,0.8163265306122449,0.41466960535343106
892,Diagnosis,UC,0.9464285714285714,0.44507999630963
893,Diagnosis,UC,0.8592132505175983,0.41161091860792304
894,Diagnosis,UC,0.9137931034482758,0.5058605355037404
895,Diagnosis,UC,0.9967320261437908,0.391470867409278
896,Diagnosis,UC,0.9210526315789473,0.40178856692214315
897,Diagnosis,UC,0.8421052631578947,0.4552944472351568
898,Diagnosis,UC,0.9574829931972789,0.4380433988150245
899,Diagnosis,UC,0.9853896103896104,0.379818220863595
900,Diagnosis,UC,0.9876543209876543,0.45420885725503013
901,Diagnosis,UC,0.868421052631579,0.3342301088035059
902,Diagnosis,UC,0.8098765432098766,0.4888112440774318
903,Diagnosis,UC,0.8851674641148325,0.4895123311902261
904,Diagnosis,UC,0.8333333333333333,0.4740184646912378
905,Diagnosis,UC,0.8881578947368421,0.4673107097838222
906,Diagnosis,UC,0.9267399267399268,0.3604549509471596
907,Diagnosis,UC,0.9078947368421052,0.5203050719251053
908,Diagnosis,UC,0.962962962962963,0.4386031837236474
909,Diagnosis,UC,0.8508771929824561,0.4622371981254943
910,Diagnosis,UC,0.8944444444444445,0.4594193759728707
911,Diagnosis,UC,0.9567307692307692,0.4637540023211368
912,Diagnosis,UC,1.0,0.3877151956142648
913,Diagnosis,UC,0.9963636363636363,0.3364743142202333
914,Diagnosis,UC,0.9285714285714286,0.4035094230345774
915,Diagnosis,UC,0.9125874125874126,0.4854202673416193
916,Diagnosis,UC,0.8875,0.38950351912753534
917,Diagnosis,UC,0.92,0.40286328514805697
918,Diagnosis,UC,0.8663594470046083,0.4996051508051844
919,Diagnosis,UC,0.9371428571428572,0.3450407260472825
920,Diagnosis,UC,0.8492063492063492,0.5388976300632068
921,Diagnosis,UC,0.935483870967742,0.41420988749594184
922,Diagnosis,UC,0.8657635467980295,0.3887959415150727
923,Diagnosis,UC,0.9765625,0.3181294063479253
924,Diagnosis,UC,0.9789473684210527,0.35444815769753996
925,Diagnosis,UC,0.8624,0.41297430702038407
926,Diagnosis,UC,0.8639053254437868,0.47149762189280636
927,Diagnosis,UC,0.7948717948717948,0.4801719340428227
928,Diagnosis,UC,0.9441056910569106,0.49212101673040237
929,Diagnosis,UC,0.9159663865546218,0.5299507999418767
930,Diagnosis,UC,0.9083333333333333,0.44736502786411037
931,Diagnosis,UC,0.8579545454545455,0.5126242064327553
932,Diagnosis,UC,0.8476190476190478,0.5968142628069862
933,Diagnosis,UC,0.8928571428571428,0.4398724886754195
934,Diagnosis,UC,0.845,0.5682865489104189
935,Diagnosis,UC,0.9413793103448276,0.443518854916108
936,Diagnosis,UC,0.9621212121212122,0.3853895121069786
937,Diagnosis,UC,0.7476190476190476,0.45551817977899733
938,Diagnosis,UC,0.9851116625310173,0.45215821322611355
939,Diagnosis,UC,0.9119047619047619,0.48369789044487094
940,Diagnosis,UC,0.8798185941043084,0.475619256404161
941,Diagnosis,UC,0.9458333333333334,0.3456283419796145
942,Diagnosis,UC,0.8745454545454545,0.5341604434196338
943,Diagnosis,UC,0.8636363636363636,0.4032629463032373
944,Diagnosis,UC,0.95,0.4669892456469122
945,Diagnosis,UC,0.7093596059113301,0.5181253328222969
946,Diagnosis,UC,0.8642533936651584,0.4022940835722409
947,Diagnosis,UC,0.87,0.45620240586904887
948,Diagnosis,UC,0.9852941176470589,0.5352075241584067
949,Diagnosis,UC,0.9175824175824177,0.5490758903467824
950,Diagnosis,UC,0.9336384439359268,0.42171918310720474
951,Diagnosis,UC,0.9549071618037136,0.46257048705462556
952,Diagnosis,UC,0.8424242424242424,0.47287570875272616
953,Diagnosis,UC,0.8142292490118577,0.5205995060149656
954,Diagnosis,UC,0.9191919191919192,0.4955236862687185
955,Diagnosis,UC,0.9567099567099568,0.38586932932765283
956,Diagnosis,UC,0.9159663865546219,0.4547268222607331
957,Diagnosis,UC,0.9172413793103448,0.4606353714636434
958,Diagnosis,UC,0.9394736842105263,0.4731138552198171
959,Diagnosis,UC,0.9642857142857143,0.4399772502534415
960,Diagnosis,UC,0.9177631578947368,0.5099358321184749
961,Diagnosis,UC,0.9202898550724637,0.49549218002175144
962,Diagnosis,UC,0.8425925925925926,0.4654476212954825
963,Diagnosis,UC,0.9699248120300752,0.4541470515525733
964,Diagnosis,UC,0.8249299719887955,0.5332676440887435
965,Diagnosis,UC,0.9,0.4058502564227237
966,Diagnosis,UC,0.9465240641711229,0.3890147514697346
967,Diagnosis,UC,0.8442105263157895,0.3906404686798606
968,Diagnosis,UC,0.8769230769230769,0.5132578330085906
969,Diagnosis,UC,0.8726851851851851,0.3851938971676632
970,Diagnosis,UC,0.9266666666666667,0.41146027831822185
971,Diagnosis,UC,0.8567901234567901,0.4360809641636377
972,Diagnosis,UC,0.875,0.45465603967499624
973,Diagnosis,UC,0.9257294429708223,0.47581323577398427
974,Diagnosis,UC,0.9485714285714286,0.33305217292348466
975,Diagnosis,UC,0.9912854030501089,0.30462929443855763
976,Diagnosis,UC,0.9469696969696969,0.5720627943881111
977,Diagnosis,UC,0.8601532567049809,0.2918493151629392
978,Diagnosis,UC,0.9719298245614034,0.4694054089412364
979,Diagnosis,UC,0.856551724137931,0.4284350280097338
980,Diagnosis,UC,0.8935483870967742,0.4959528933125133
981,Diagnosis,UC,0.9525862068965517,0.5171869172611094
982,Diagnosis,UC,0.8461538461538463,0.5353876101208415
983,Diagnosis,UC,0.9351851851851852,0.45087318076779936
984,Diagnosis,UC,0.8513931888544892,0.4470669329176266
985,Diagnosis,UC,0.9841269841269842,0.39238448623119593
986,Diagnosis,UC,0.9675,0.4483355000980389
987,Diagnosis,UC,0.8673684210526316,0.4039031154336426
988,Diagnosis,UC,0.7592592592592593,0.31182881665452283
989,Diagnosis,UC,0.9409722222222222,0.33826114509053
990,Diagnosis,UC,0.9090909090909092,0.32433815114825737
991,Diagnosis,UC,1.0,0.28070822819009744
992,Diagnosis,UC,0.9500000000000001,0.34139522683964074
993,Diagnosis,UC,0.9321266968325792,0.48879264660402205
994,Diagnosis,UC,0.9704433497536946,0.4389610819594334
995,Diagnosis,UC,0.9621212121212122,0.384174501340163
996,Diagnosis,UC,0.9153318077803203,0.45941342716531774
997,Diagnosis,UC,0.9626623376623377,0.4172290162015577
998,Diagnosis,UC,0.9351851851851851,0.4427674199439457
999,Diagnosis,UC,0.9042145593869731,0.5121848880054686
1000,Diagnosis,UC,0.9040404040404041,0.3688074190407166
1001,Diagnosis,UC,1.0,0.377666014900571
1002,Diagnosis,UC,0.946031746031746,0.4022739112778956
1003,Diagnosis,UC,0.9485294117647058,0.48224706634420805
1004,Diagnosis,UC,0.7481203007518796,0.5249933675599449
1005,Diagnosis,UC,0.9047619047619048,0.36888295004749605
1006,Diagnosis,UC,0.9647058823529412,0.43164940308818717
1007,Diagnosis,UC,0.9388888888888889,0.45138096851517867
1008,Diagnosis,UC,0.9619047619047619,0.3843378258976523
1009,Diagnosis,UC,0.9187096774193549,0.4815187246822821
1010,Diagnosis,UC,0.975,0.4481242030276987
1011,Diagnosis,UC,0.9501133786848073,0.4467836489074047
1012,Diagnosis,UC,0.9163879598662208,0.4390361308648885
1013,Diagnosis,UC,0.8875,0.5150034636685391
1014,Diagnosis,UC,0.8981481481481481,0.501822142675697
1015,Diagnosis,UC,0.9955357142857143,0.35264560359564806
1016,Diagnosis,UC,0.9741379310344828,0.38768746207414057
1017,Diagnosis,UC,0.8908382066276803,0.34772989778158225
1018,Diagnosis,UC,0.9120370370370371,0.4813766589138973
1019,Diagnosis,UC,0.9872122762148338,0.4776386692505367
1020,Diagnosis,UC,0.896969696969697,0.442478006344084
1021,Diagnosis,UC,0.9242424242424243,0.4700702104815197
1022,Diagnosis,UC,0.9553571428571428,0.3732532963489085
1023,Diagnosis,UC,0.9772727272727272,0.3562507023796359
1024,Diagnosis,UC,0.8759398496240602,0.39278830952367333
1025,Diagnosis,UC,0.9029304029304029,0.5083746285005728
1026,Diagnosis,UC,0.94,0.47727274257056396
1027,Diagnosis,UC,0.8912037037037037,0.5094317067209649
1028,Diagnosis,UC,0.8090909090909091,0.33233987566850626
1029,Diagnosis,UC,0.8690476190476191,0.6186368753098715
1030,Diagnosis,UC,0.9333333333333333,0.4377050804033026
1031,Diagnosis,UC,0.7443181818181819,0.52692114489572
1032,Diagnosis,UC,0.95703125,0.43087059178987724
1033,Diagnosis,UC,0.8452380952380952,0.5004185190100138
1034,Diagnosis,UC,0.8723958333333333,0.5476778559770377
1035,Diagnosis,UC,0.8097886540600667,0.4286173268318142
1036,Diagnosis,UC,0.946938775510204,0.4928138970618274
1037,Diagnosis,UC,0.9055944055944056,0.33054154963566285
1038,Diagnosis,UC,0.8411764705882354,0.5179126331489708
1039,Diagnosis,UC,0.9774774774774775,0.4410844299903784
1040,Diagnosis,UC,0.8375,0.4306520121788474
1041,Diagnosis,UC,0.96,0.30463381534952977
1042,Diagnosis,UC,0.9380804953560372,0.4255295627474013
1043,Diagnosis,UC,0.8714285714285714,0.4573643815553596
1044,Diagnosis,UC,0.9685314685314685,0.34910697368811927
1045,Diagnosis,UC,0.8756756756756756,0.4485679283890502
1046,Diagnosis,UC,0.9306666666666666,0.4899574405910325
1047,Diagnosis,UC,0.9369369369369369,0.40275291123675383
1048,Diagnosis,UC,0.8256410256410256,0.424948181645393
1049,Diagnosis,UC,0.95,0.5275744901980342
1050,Diagnosis,UC,0.9252032520325204,0.48659772606504187
1051,Diagnosis,UC,0.9423076923076923,0.44237610528931204
1052,Diagnosis,UC,0.9583333333333333,0.5039446527834928
1053,Diagnosis,UC,0.943859649122807,0.36165175004862515
1054,Diagnosis,UC,0.9098143236074271,0.40795167714874947
1055,Diagnosis,UC,0.8629629629629629,0.474636645530628
1056,Diagnosis,UC,0.8930555555555556,0.39788141272305166
1057,Diagnosis,UC,0.8666666666666666,0.3851068556727612
1058,Diagnosis,UC,0.8974358974358975,0.4508717515169748
1059,Diagnosis,UC,0.9114583333333334,0.43356768454492783
1060,Diagnosis,UC,0.9411764705882353,0.47339989259333726
1061,Diagnosis,UC,0.9022556390977443,0.37432911230375165
1062,Diagnosis,UC,0.8739495798319328,0.32650385387145703
1063,Diagnosis,UC,0.9249999999999999,0.38532487229132956
1064,Diagnosis,UC,0.9068825910931173,0.5822441285426005
1065,Diagnosis,UC,0.9545454545454546,0.41970621978131034
1066,Diagnosis,UC,0.8076923076923077,0.4229552983098852
1067,Diagnosis,UC,0.9291666666666667,0.5123657810729171
1068,Diagnosis,UC,0.8933566433566434,0.45780404916166817
1069,Diagnosis,UC,0.9338235294117647,0.3771787408832825
1070,Diagnosis,UC,0.78,0.38893835220392636
1071,Diagnosis,UC,0.9182692307692308,0.3933687920159339
1072,Diagnosis,UC,0.9096296296296297,0.35384194277464803
1073,Diagnosis,UC,0.9289044289044288,0.4364177667901734
1074,Diagnosis,UC,0.9833333333333334,0.21315190605249526
1075,Diagnosis,UC,0.9655172413793103,0.4093680318906511
1076,Diagnosis,UC,0.8615384615384616,0.43820290486238295
1077,Diagnosis,UC,0.9608695652173913,0.40313767844089526
1078,Diagnosis,UC,0.9619047619047619,0.40992151676259236
1079,Diagnosis,UC,0.9566666666666667,0.5135683720671249
1080,Diagnosis,UC,0.9433497536945813,0.36544711122802903
1081,Diagnosis,UC,0.8125,0.47614530612935
1082,Diagnosis,UC,0.9541062801932367,0.3113463026391016
1083,Diagnosis,UC,0.8640350877192983,0.4464128804976404
1084,Diagnosis,UC,0.8088888888888888,0.47867641564653846
1085,Diagnosis,UC,0.8983957219251336,0.4684777754822899
1086,Diagnosis,UC,0.9058823529411764,0.5214519101604035
1087,Diagnosis,UC,0.9619047619047619,0.4157334750587613
1088,Diagnosis,UC,0.9190404797601199,0.4190185545298214
1089,Diagnosis,UC,0.7593984962406015,0.45195183389072896
1090,Diagnosis,UC,0.9456521739130435,0.31425890888893404
1091,Diagnosis,UC,0.8939393939393939,0.5397200553493382
1092,Diagnosis,UC,0.992,0.4461377050942584
1093,Diagnosis,UC,0.9318181818181818,0.3937501045030457
1094,Diagnosis,UC,0.9000000000000001,0.36263376810180736
1095,Diagnosis,UC,0.926984126984127,0.41768458570928413
1096,Diagnosis,UC,0.9644444444444444,0.37430342301396796
1097,Diagnosis,UC,0.9201680672268907,0.4939312306181467
1098,Diagnosis,UC,0.9440860215053763,0.5464316690397577
1099,Diagnosis,UC,0.9666666666666667,0.4590409319827546
1100,Diagnosis,UC,0.9,0.5375219905517749
1101,Diagnosis,UC,0.8323529411764705,0.4110004170657827
1102,Diagnosis,UC,0.6597222222222223,0.5500690157884279
1103,Diagnosis,UC,0.9058823529411765,0.5643999399003881
1104,Diagnosis,UC,0.964,0.4797440432492521
1105,Diagnosis,UC,0.9454545454545454,0.36861540453723707
1106,Diagnosis,UC,0.885,0.5053024550046528
1107,Diagnosis,UC,0.9003267973856209,0.46529968034650737
1108,Diagnosis,UC,0.8520408163265305,0.3844603401358541
1109,Diagnosis,UC,0.9409090909090909,0.40707094704111624
1110,Diagnosis,UC,0.975095785440613,0.38635113342949307
1111,Diagnosis,UC,0.8996415770609318,0.42958753404584216
1112,Diagnosis,UC,0.8614864864864865,0.5106726180522075
1113,Diagnosis,UC,0.9307359307359309,0.43102869510237884
1114,Diagnosis,UC,0.8809523809523808,0.40427628631588197
1115,Diagnosis,UC,0.9606060606060606,0.4129971425965566
1116,Diagnosis,UC,0.8045454545454546,0.4151900518200164
1117,Diagnosis,UC,0.9657894736842105,0.45487417171445915
1118,Diagnosis,UC,0.8717948717948717,0.39246567746016436
1119,Diagnosis,UC,0.9469696969696969,0.4913911638075252
1120,Diagnosis,UC,0.8340080971659918,0.47081501864594844
1121,Diagnosis,UC,0.9242424242424243,0.39149131362439415
1122,Diagnosis,UC,0.8592592592592592,0.5144445834101999
1123,Diagnosis,UC,0.9296296296296296,0.39024985803027706
1124,Diagnosis,UC,0.9393939393939394,0.4507825667387412
1125,Diagnosis,UC,0.9444444444444444,0.44667537539088925
1126,Diagnosis,UC,0.8796296296296295,0.541437625401354
1127,Diagnosis,UC,0.8862433862433863,0.4540259813655721
1128,Diagnosis,UC,0.9495192307692308,0.45825134048855665
1129,Diagnosis,UC,0.8441558441558442,0.45697934070588025
1130,Diagnosis,UC,0.8883928571428571,0.36281593625526476
1131,Diagnosis,UC,0.9399038461538461,0.3077553847969928
1132,Diagnosis,UC,0.9644444444444444,0.45280166986668846
1133,Diagnosis,UC,0.9368421052631579,0.43852966352927103
1134,Diagnosis,UC,0.9387755102040816,0.42503169403116015
1135,Diagnosis,UC,0.8592592592592593,0.517926995347752
1136,Diagnosis,UC,0.9133333333333334,0.5025053092961408
1137,Diagnosis,UC,0.940934065934066,0.3828353670407749
1138,Diagnosis,UC,0.8932806324110673,0.36884568232453985
1139,Diagnosis,UC,0.9786324786324786,0.37381701277142315
1140,Diagnosis,UC,0.9804347826086957,0.44084419110195583
1141,Diagnosis,UC,0.99,0.4259997221597376
1142,Diagnosis,UC,0.875,0.43101165113274326
1143,Diagnosis,UC,0.8696581196581197,0.5292562464399586
1144,Diagnosis,UC,0.9340659340659341,0.34871711845841763
1145,Diagnosis,UC,0.9190476190476191,0.5110757292436031
1146,Diagnosis,UC,0.9305019305019305,0.4819930036048204
1147,Diagnosis,UC,0.9168399168399168,0.5344553775764704
1148,Diagnosis,UC,0.9151103565365025,0.45489651146725946
1149,Diagnosis,UC,0.9017543859649123,0.5263543977648357
1150,Diagnosis,UC,0.8585526315789473,0.3038670919282906
1151,Diagnosis,UC,0.9591836734693878,0.4429889229922221
1152,Diagnosis,UC,0.98046875,0.49531320940296536
1153,Diagnosis,UC,0.8516666666666667,0.5373316215684105
1154,Diagnosis,UC,0.9666666666666667,0.3942283784369434
1155,Diagnosis,UC,0.8948275862068965,0.4716376898953482
1156,Diagnosis,UC,1.0,0.43211613329043774
1157,Diagnosis,UC,1.0,0.28408874342981094
1158,Diagnosis,UC,0.9647058823529412,0.4699951222166526
1159,Diagnosis,UC,0.9192546583850931,0.537913258611446
1160,Diagnosis,UC,0.9239130434782609,0.4087512897802197
1161,Diagnosis,UC,0.9384615384615385,0.3466488972890369
1162,Diagnosis,UC,0.9822222222222222,0.3126456037521215
1163,Diagnosis,UC,0.7272727272727273,0.41783019050822945
1164,Diagnosis,UC,0.9868421052631579,0.31264487675534947
1165,Diagnosis,UC,1.0,0.4034723870409548
1166,Diagnosis,UC,0.8870588235294118,0.4072164109276046
1167,Diagnosis,UC,0.9074074074074074,0.3617805275157079
1168,Diagnosis,UC,0.9361111111111111,0.42232585286794616
1169,Diagnosis,UC,0.8392857142857143,0.4658674941586125
1170,Diagnosis,UC,0.9267734553775744,0.4069213008659008
1171,Diagnosis,UC,0.8411764705882353,0.4774043192896608
1172,Diagnosis,UC,0.9137254901960785,0.3753899745942
1173,Diagnosis,UC,0.9087301587301587,0.3493467488329469
1174,Diagnosis,UC,0.8855534709193247,0.365161148230464
1175,Diagnosis,UC,0.6041666666666666,0.42120144023583667
1176,Diagnosis,UC,0.9481481481481483,0.5457939529717408
1177,Diagnosis,UC,0.9192307692307693,0.3952979075378832
1178,Diagnosis,UC,0.9291666666666668,0.45836707006606425
1179,Diagnosis,UC,0.9473684210526315,0.563327877568591
1180,Diagnosis,UC,0.885,0.47232186583240043
1181,Diagnosis,UC,0.9351851851851851,0.4107341306341692
1182,Diagnosis,UC,0.8357487922705314,0.4799005809164894
1183,Diagnosis,UC,0.973474801061008,0.4410967710361729
1184,Diagnosis,UC,0.9517543859649124,0.5092053008839593
1185,Diagnosis,UC,0.7749999999999999,0.5810890357229538
1186,Diagnosis,UC,0.9101382488479264,0.3346199594509177
1187,Diagnosis,UC,0.8098958333333333,0.5528788479336557
1188,Diagnosis,UC,0.8913690476190476,0.39343066141906274
1189,Diagnosis,UC,0.8796296296296297,0.5647108258179341
1190,Diagnosis,UC,0.9976470588235293,0.47095027235506415
1191,Diagnosis,UC,0.8652751423149905,0.5323819791944432
1192,Diagnosis,UC,0.9104761904761904,0.5131023694113759
1193,Diagnosis,UC,0.890909090909091,0.4826974340902487
1194,Diagnosis,UC,0.8608058608058609,0.44127648208892534
1195,Diagnosis,UC,0.8042328042328042,0.45286696119511105
1196,Diagnosis,UC,0.9607142857142857,0.2834983696970368
1197,Diagnosis,UC,0.8958333333333333,0.4164234616694144
1198,Diagnosis,UC,0.8345864661654135,0.4868497492157976
1199,Diagnosis,UC,0.8820861678004536,0.4569119421119014
1200,Diagnosis,UC,0.8724696356275304,0.5240296262890664
1201,Diagnosis,UC,0.9545454545454546,0.35214021067074747
1202,Diagnosis,UC,0.903030303030303,0.4364496390054906
1203,Diagnosis,UC,0.9691358024691359,0.37865701703357724
1204,Diagnosis,UC,0.924342105263158,0.48975906033869665
1205,Diagnosis,UC,0.7030075187969924,0.4512919558666423
1206,Diagnosis,UC,0.8944444444444445,0.28889708679382003
1207,Diagnosis,UC,0.9242424242424243,0.22606677492010552
1208,Diagnosis,UC,0.7513888888888889,0.43974143414041567
1209,Diagnosis,UC,0.891891891891892,0.5431909306341405
1210,Diagnosis,UC,0.8423913043478262,0.5087015257667474
1211,Diagnosis,UC,0.8512585812356979,0.38713562387245576
1212,Diagnosis,UC,0.8991596638655462,0.3299293124496007
1213,Diagnosis,UC,0.803921568627451,0.47707994645202517
1214,Diagnosis,UC,0.95,0.37172861087652975
1215,Diagnosis,UC,0.7190476190476189,0.35854178452626023
1216,Diagnosis,UC,0.9605263157894737,0.34963183870027303
1217,Diagnosis,UC,0.8928571428571428,0.37347807947440126
1218,Diagnosis,UC,0.8512820512820513,0.4486704106212663
1219,Diagnosis,UC,0.861952861952862,0.45070115925484555
1220,Diagnosis,UC,0.95,0.4076762785733258
1221,Diagnosis,UC,0.8166666666666667,0.4813709416654934
1222,Diagnosis,UC,0.7833333333333333,0.40365383278950856
1223,Diagnosis,UC,0.967741935483871,0.5456797678195802
1224,Diagnosis,UC,0.8555555555555556,0.5031375543271462
1225,Diagnosis,UC,0.9490196078431372,0.3101813838667975
1226,Diagnosis,UC,0.9933110367892977,0.45676963885741223
1227,Diagnosis,UC,0.8894230769230769,0.42046702553807874
1228,Diagnosis,UC,0.8409090909090908,0.44405040325432926
1229,Diagnosis,UC,0.7916666666666666,0.4611598621387533
1230,Diagnosis,UC,0.9,0.4630076585593586
1231,Diagnosis,UC,0.9673202614379085,0.39942464094429647
1232,Diagnosis,UC,0.9012345679012346,0.358803041795716
1233,Diagnosis,UC,0.9440993788819876,0.3474614213791279
1234,Diagnosis,UC,0.9213250517598344,0.3547944531401969
1235,Diagnosis,UC,0.8458333333333333,0.5126812373697158
1236,Diagnosis,UC,0.8928571428571429,0.35445816361086346
1237,Diagnosis,UC,0.98046875,0.5542601429677345
1238,Diagnosis,UC,0.8533333333333334,0.5091060673633874
1239,Diagnosis,UC,0.8155080213903743,0.40410497085638464
1240,Diagnosis,UC,0.8866666666666667,0.3343018951818625
1241,Diagnosis,UC,0.9728395061728394,0.429670549830759
1242,Diagnosis,UC,0.8638838475499092,0.43379777668900044
1243,Diagnosis,UC,0.95,0.3686714493921577
1244,Diagnosis,UC,0.9727272727272728,0.46406610196743786
1245,Diagnosis,UC,0.8888888888888888,0.5052188179203326
1246,Diagnosis,UC,0.8666666666666667,0.3422187905569952
1247,Diagnosis,UC,0.9679144385026738,0.36842558209820847
1248,Diagnosis,UC,0.8099547511312217,0.4307505453522435
1249,Diagnosis,UC,0.9136904761904762,0.4385904343361711
1250,Diagnosis,UC,0.8258064516129032,0.5691697594251541
1251,Diagnosis,UC,0.7797101449275362,0.38420522186223777
1252,Diagnosis,UC,0.8792270531400966,0.40382242378802313
1253,Diagnosis,UC,0.7714932126696832,0.4395706632274811
1254,Diagnosis,UC,0.9649122807017544,0.32591187739723493
1255,Diagnosis,UC,0.6636363636363636,0.5098060217333257
1256,Diagnosis,UC,0.9732620320855615,0.43376899534610086
1257,Diagnosis,UC,0.9676113360323887,0.33852814542521864
1258,Diagnosis,UC,0.9440559440559441,0.40529171455105967
1259,Diagnosis,UC,0.8490196078431372,0.5669110436109547
1260,Diagnosis,UC,0.8725490196078431,0.565722118110711
1261,Diagnosis,UC,0.9166666666666667,0.41521990031877554
1262,Diagnosis,UC,0.8492753623188406,0.3530320153802851
1263,Diagnosis,UC,0.9625,0.3984347985717214
1264,Diagnosis,UC,0.9325337331334334,0.4599984811334531
1265,Diagnosis,UC,0.7392857142857143,0.5193078288019514
1266,Diagnosis,UC,0.8530465949820788,0.5629202306837294
1267,Diagnosis,UC,0.8545454545454545,0.46344890382425363
1268,Diagnosis,UC,0.8910714285714285,0.45835747990772463
1269,Diagnosis,UC,0.85838779956427,0.42810472402781125
1270,Diagnosis,UC,0.9553571428571428,0.5084354408965212
1271,Diagnosis,UC,0.7942583732057417,0.44701119746899665
1272,Diagnosis,UC,0.7639296187683284,0.4483494724974165
1273,Diagnosis,UC,0.9489247311827956,0.4022000534794084
1274,Diagnosis,UC,0.8915441176470589,0.3960306458535413
1275,Diagnosis,UC,0.8760683760683762,0.4675578505533649
1276,Diagnosis,UC,0.9741379310344828,0.47239212809484177
1277,Diagnosis,UC,0.8708791208791209,0.5347295401431669
1278,Diagnosis,UC,0.9582309582309583,0.5993096062627892
1279,Diagnosis,UC,0.9292929292929293,0.4268801873925743
1280,Diagnosis,UC,0.8793706293706294,0.42995543373435047
1281,Diagnosis,UC,0.9333333333333333,0.43826748964626167
1282,Diagnosis,UC,0.8614130434782609,0.41965838712300824
1283,Diagnosis,UC,0.8873873873873875,0.4946765993432247
1284,Diagnosis,UC,0.8898071625344353,0.5030801110745418
1285,Diagnosis,UC,0.8809523809523809,0.4186801274749312
1286,Diagnosis,UC,0.8956521739130434,0.3340005817745161
1287,Diagnosis,UC,0.9285714285714285,0.4319469986849084
1288,Diagnosis,UC,0.9481481481481482,0.37852920950862984
1289,Diagnosis,UC,0.75,0.4485548552429826
1290,Diagnosis,UC,0.9648648648648649,0.4043675796192014
1291,Diagnosis,UC,0.9350649350649352,0.4578923347566718
1292,Diagnosis,UC,0.9164086687306502,0.3475027507868286
1293,Diagnosis,UC,0.7514792899408284,0.4203026601410156
1294,Diagnosis,UC,0.9444444444444444,0.37720361369733446
1295,Diagnosis,UC,0.8904665314401623,0.472408295070008
1296,Diagnosis,UC,0.7420634920634921,0.47616136143917803
1297,Diagnosis,UC,0.957983193277311,0.5265816310412045
1298,Diagnosis,UC,0.9571428571428571,0.4327038503989537
1299,Diagnosis,UC,0.9521531100478469,0.3148794976049405
1300,Diagnosis,UC,0.9465020576131689,0.3929839276393112
1301,Diagnosis,UC,0.8320987654320988,0.42350341201158187
1302,Diagnosis,UC,0.8875000000000001,0.466485039329416
1303,Diagnosis,UC,0.8509615384615384,0.5270801806689347
1304,Diagnosis,UC,0.9238095238095239,0.3456363722113865
1305,Diagnosis,UC,0.9053084648493543,0.5178440992308825
1306,Diagnosis,UC,0.9216,0.38402771858896023
1307,Diagnosis,UC,0.8972222222222223,0.5207666672142892
1308,Diagnosis,UC,0.9494252873563218,0.3745745223913819
1309,Diagnosis,UC,0.9099264705882353,0.5117505702125671
1310,Diagnosis,UC,0.9433198380566802,0.2826116425200717
1311,Diagnosis,UC,0.8479166666666667,0.31430473906733103
1312,Diagnosis,UC,0.9488636363636364,0.4373429857741666
1313,Diagnosis,UC,0.8939393939393939,0.3922179479301616
1314,Diagnosis,UC,0.8214285714285714,0.47659352595020926
1315,Diagnosis,UC,0.967741935483871,0.4128546884390121
1316,Diagnosis,UC,0.9166666666666666,0.3892087066147243
1317,Diagnosis,UC,0.9195402298850575,0.4435195752930536
1318,Diagnosis,UC,0.9505208333333334,0.3395720716125763
1319,Diagnosis,UC,0.7767857142857143,0.45830222539734267
1320,Diagnosis,UC,0.9336384439359267,0.4092977602714565
1321,Diagnosis,UC,0.7467105263157895,0.46080145210534423
1322,Diagnosis,UC,0.9683257918552036,0.42029288917970287
1323,Diagnosis,UC,0.8870967741935484,0.5448028693991378
1324,Diagnosis,UC,0.9409722222222221,0.4351257228076763
1325,Diagnosis,UC,0.8023529411764706,0.48196718250488796
1326,Diagnosis,UC,1.0,0.2958655008786082
1327,Diagnosis,UC,0.8811188811188811,0.4245766497241905
1328,Diagnosis,UC,0.9945652173913044,0.3945250964967825
1329,Diagnosis,UC,0.8857142857142858,0.41440501229995536
1330,Diagnosis,UC,0.9166666666666666,0.3369133973764202
1331,Diagnosis,UC,0.9542483660130718,0.4605981124850691
1332,Diagnosis,UC,0.89375,0.3917514875103308
1333,Diagnosis,UC,0.9066985645933014,0.5288671946926412
1334,Diagnosis,UC,0.9294354838709677,0.4757602870020716
1335,Diagnosis,UC,0.87125,0.5052339346900913
1336,Diagnosis,UC,0.9432234432234432,0.5787620137908209
1337,Diagnosis,UC,0.8333333333333333,0.4314573026305322
1338,Diagnosis,UC,0.9555555555555555,0.4198617672263135
1339,Diagnosis,UC,0.9277777777777777,0.4712010999787927
1340,Diagnosis,UC,0.8987603305785125,0.3632526685514354
1341,Diagnosis,UC,0.9107142857142857,0.4639082750944949
1342,Diagnosis,UC,0.9772727272727273,0.53842713718526
1343,Diagnosis,UC,0.9783653846153846,0.46956844675354514
1344,Diagnosis,UC,0.9051851851851852,0.4306196174264977
1345,Diagnosis,UC,0.9052631578947369,0.41825128317937005
1346,Diagnosis,UC,0.88,0.45099145699964405
1347,Diagnosis,UC,0.9230769230769231,0.3824057325400597
1348,Diagnosis,UC,0.8562091503267975,0.4909647038745534
1349,Diagnosis,UC,0.9093701996927803,0.40575199396191586
1350,Diagnosis,UC,0.9207317073170731,0.4035439572769764
1351,Diagnosis,UC,0.9285714285714285,0.4328080759026213
1352,Diagnosis,UC,0.8727272727272727,0.5621892885404135
1353,Diagnosis,UC,0.9473684210526315,0.45015120132480047
1354,Diagnosis,UC,0.9191919191919192,0.32883350383194326
1355,Diagnosis,UC,0.9,0.5808591259807712
1356,Diagnosis,UC,0.8896103896103895,0.4198349088470969
1357,Diagnosis,UC,0.8806818181818181,0.3984682618919129
1358,Diagnosis,UC,0.8482142857142857,0.4884772897914886
1359,Diagnosis,UC,0.8923076923076922,0.5124458334870994
1360,Diagnosis,UC,0.9305555555555556,0.5732423865905522
1361,Diagnosis,UC,0.84688995215311,0.581635233593381
1362,Diagnosis,UC,0.9095238095238096,0.4608268060193973
1363,Diagnosis,UC,0.892156862745098,0.5463873721682994
1364,Diagnosis,UC,0.7777777777777778,0.4846393053034265
1365,Diagnosis,UC,0.9310344827586207,0.4299753426936675
1366,Diagnosis,UC,0.9157509157509158,0.36507084706799947
1367,Diagnosis,UC,0.8461538461538461,0.4511237920322236
1368,Diagnosis,UC,0.940711462450593,0.4505572565848728
1369,Diagnosis,UC,0.8991596638655462,0.4453185821379272
1370,Diagnosis,UC,0.875,0.4739879413343865
1371,Diagnosis,UC,0.890652557319224,0.43395769798687356
1372,Diagnosis,UC,0.834307992202729,0.43965824204284276
1373,Diagnosis,UC,0.8922305764411028,0.5366600525713375
1374,Diagnosis,UC,0.9800000000000001,0.5314146840460129
1375,Diagnosis,UC,0.8609022556390977,0.4955574318063594
1376,Diagnosis,UC,0.9342105263157895,0.435302083295536
1377,Diagnosis,UC,0.9006211180124224,0.5762019661991825
1378,Diagnosis,UC,0.8452380952380952,0.42595504361027803
1379,Diagnosis,UC,0.9406593406593406,0.40251660497947056
1380,Diagnosis,UC,0.9274725274725275,0.4160492893712558
1381,Diagnosis,UC,0.8809523809523809,0.48358537379445643
1382,Diagnosis,UC,0.9239766081871346,0.3866966357985606
1383,Diagnosis,UC,0.7857142857142857,0.48248290824814255
1384,Diagnosis,UC,0.7758284600389864,0.4799097454178421
1385,Diagnosis,UC,0.980246913580247,0.45984346224780526
1386,Diagnosis,UC,0.8714285714285714,0.42904225007627944
1387,Diagnosis,UC,0.7555555555555555,0.3845450681770891
1388,Diagnosis,UC,0.972318339100346,0.3539476441937455
1389,Diagnosis,UC,0.909274193548387,0.41448812571265664
1390,Diagnosis,UC,0.8394648829431438,0.4331054967972255
1391,Diagnosis,UC,0.923076923076923,0.5145956909738575
1392,Diagnosis,UC,0.8999999999999999,0.5687161351745705
1393,Diagnosis,UC,0.9539473684210527,0.34140476846074036
1394,Diagnosis,UC,0.9409722222222222,0.40344780015109305
1395,Diagnosis,UC,0.9346590909090909,0.33956021684297805
1396,Diagnosis,UC,0.9327731092436975,0.4620614974910002
1397,Diagnosis,UC,0.9803921568627452,0.2929400804256537
1398,Diagnosis,UC,0.8526645768025078,0.49501465024042063
1399,Diagnosis,UC,0.7538461538461538,0.41209041829848675
1400,Diagnosis,UC,0.9068736141906873,0.5716319126327224
1401,Diagnosis,UC,0.875,0.4346488567681681
1402,Diagnosis,UC,0.8956228956228957,0.42204917023464755
1403,Diagnosis,UC,0.85,0.48115777298508755
1404,Diagnosis,UC,0.8704453441295547,0.3817699424272582
1405,Diagnosis,UC,0.907051282051282,0.48220659010178907
1406,Diagnosis,UC,0.8900293255131965,0.4117133634095831
1407,Diagnosis,UC,0.8853754940711462,0.506380275396522
1408,Diagnosis,UC,0.8136363636363636,0.4760172136434781
1409,Diagnosis,UC,0.8645833333333334,0.5194763831503542
1410,Diagnosis,UC,0.9322916666666666,0.3439458913131874
1411,Diagnosis,UC,0.8671328671328672,0.43118191752260354
1412,Diagnosis,UC,0.7678571428571429,0.5360111914067235
1413,Diagnosis,UC,0.9730769230769232,0.3240222164054189
1414,Diagnosis,UC,0.9556451612903226,0.47294763355027386
1415,Diagnosis,UC,0.8768939393939394,0.38712165234402524
1416,Diagnosis,UC,0.9305555555555556,0.43765341555844395
1417,Diagnosis,UC,0.8703007518796992,0.45876399523816397
1418,Diagnosis,UC,0.8834586466165413,0.4184622552575799
1419,Diagnosis,UC,0.8151260504201681,0.5158635317977944
1420,Diagnosis,UC,0.9498432601880877,0.4506235974293435
1421,Diagnosis,UC,0.9315789473684211,0.4689646618838334
1422,Diagnosis,UC,0.9314194577352473,0.34063032958825645
1423,Diagnosis,UC,0.96875,0.46243936684313464
1424,Diagnosis,UC,0.8515625,0.41864292675395776
1425,Diagnosis,UC,0.9920424403183025,0.35701655262428567
1426,Diagnosis,UC,0.9894736842105264,0.3753622987090744
1427,Diagnosis,UC,0.8760330578512397,0.47011341883365926
1428,Diagnosis,UC,0.8562500000000001,0.44419042747257903
1429,Diagnosis,UC,1.0,0.39506379828420496
1430,Diagnosis,UC,0.8958333333333334,0.5090059699198868
1431,Diagnosis,UC,0.9006410256410257,0.4727361102753258
1432,Diagnosis,UC,0.955078125,0.42430949128178347
1433,Diagnosis,UC,0.9772727272727273,0.35241201864249344
1434,Diagnosis,UC,0.9897959183673469,0.4568917759435284
1435,Diagnosis,UC,0.8206521739130435,0.4845518017326979
1436,Diagnosis,UC,0.8407407407407408,0.34682129910611614
1437,Diagnosis,UC,0.9790322580645161,0.43866139699227447
1438,Diagnosis,UC,0.8852272727272728,0.4398067229257154
1439,Diagnosis,UC,0.9425837320574163,0.3929291262732886
1440,Diagnosis,UC,0.937888198757764,0.40518776311527
1441,Diagnosis,UC,0.8928571428571429,0.4434009928444591
1442,Diagnosis,UC,0.8391812865497076,0.4335453613299361
1443,Diagnosis,UC,0.8816568047337278,0.42807480554021865
1444,Diagnosis,UC,0.8782608695652174,0.5876711067621841
1445,Diagnosis,UC,0.865546218487395,0.3763727950592464
1446,Diagnosis,UC,0.923076923076923,0.30177902071710244
1447,Diagnosis,UC,0.9180672268907563,0.42313309560580187
1448,Diagnosis,UC,0.8654545454545455,0.5194981783882373
1449,Diagnosis,UC,0.9578804347826088,0.3191225763092631
1450,Diagnosis,UC,0.8848484848484849,0.4929841309458682
1451,Diagnosis,UC,0.8601190476190476,0.42157803678660527
1452,Diagnosis,UC,0.7575000000000001,0.45890209951841343
1453,Diagnosis,UC,0.9392857142857143,0.43450238262881713
1454,Diagnosis,UC,0.8931623931623931,0.44129167959306836
1455,Diagnosis,UC,0.8775510204081632,0.589368052555934
1456,Diagnosis,UC,0.8701298701298702,0.4169916158830982
1457,Diagnosis,UC,0.9523809523809524,0.43053480301386804
1458,Diagnosis,UC,0.9322916666666666,0.48214293339746506
1459,Diagnosis,UC,0.9318181818181819,0.36122092320254634
1460,Diagnosis,UC,0.8555555555555555,0.4047357637099125
1461,Diagnosis,UC,0.7987012987012987,0.39714700080425724
1462,Diagnosis,UC,0.8782051282051283,0.5506609541539855
1463,Diagnosis,UC,0.8870370370370372,0.45539749931349394
1464,Diagnosis,UC,0.9498910675381264,0.4886784716186821
1465,Diagnosis,UC,0.9583333333333334,0.4197348617417843
1466,Diagnosis,UC,0.837037037037037,0.5064871889096754
1467,Diagnosis,UC,0.9524886877828055,0.5027524265701773
1468,Diagnosis,UC,0.9795454545454545,0.41549961989065054
1469,Diagnosis,UC,0.9648033126293996,0.29773943946111436
1470,Diagnosis,UC,0.8260869565217391,0.49259982545673503
1471,Diagnosis,UC,0.9158653846153846,0.4772057038271457
1472,Diagnosis,UC,0.9277777777777778,0.35974674910416327
1473,Diagnosis,UC,0.9166666666666666,0.55894102966957
1474,Diagnosis,UC,0.9033333333333333,0.5086472132715273
1475,Diagnosis,UC,0.975,0.3440417170863553
1476,Diagnosis,UC,0.7766749379652605,0.4230817617542108
1477,Diagnosis,UC,0.925,0.3511306338327982
1478,Diagnosis,UC,0.8808864265927977,0.4539258124639174
1479,Diagnosis,UC,0.875,0.3084858783736977
1480,Diagnosis,UC,0.9722222222222222,0.38728050401399183
1481,Diagnosis,UC,0.8909774436090226,0.45579303463901366
1482,Diagnosis,UC,0.8458498023715415,0.44931479552656994
1483,Diagnosis,UC,0.9652173913043478,0.5042830841585203
1484,Diagnosis,UC,0.8661616161616161,0.4916534975416679
1485,Diagnosis,UC,0.9087301587301587,0.4049016709092029
1486,Diagnosis,UC,0.8999999999999999,0.48123086798939485
1487,Diagnosis,UC,0.9112426035502957,0.478913082936684
1488,Diagnosis,UC,0.8441558441558442,0.525043053611985
1489,Diagnosis,UC,0.932,0.43061905080694923
1490,Diagnosis,UC,0.9625,0.5106736033700774
1491,Diagnosis,UC,0.8833333333333333,0.4958919411321039
1492,Diagnosis,UC,0.9466666666666667,0.4814180098363526
1493,Diagnosis,UC,0.9731800766283525,0.36876652844053703
1494,Diagnosis,UC,0.8476923076923077,0.538561809896598
1495,Diagnosis,UC,0.6843434343434344,0.5361064999374419
1496,Diagnosis,UC,0.9025974025974025,0.40862885269591454
1497,Diagnosis,UC,0.880952380952381,0.507383588952105
1498,Diagnosis,UC,0.7670454545454545,0.41228704320148496
1499,Diagnosis,UC,0.87,0.4763333501015427
0,Diagnosis,Non-IBD,,0.3066394301193199
1,Diagnosis,Non-IBD,,0.26261410836180593
2,Diagnosis,Non-IBD,,0.27827660032762974
3,Diagnosis,Non-IBD,,0.28445170723082813
4,Diagnosis,Non-IBD,,0.2708415495202739
5,Diagnosis,Non-IBD,,0.33937096711530645
6,Diagnosis,Non-IBD,,0.28907977034670657
7,Diagnosis,Non-IBD,,0.3676343578139924
8,Diagnosis,Non-IBD,,0.3278997576086208
9,Diagnosis,Non-IBD,,0.3172308892859533
10,Diagnosis,Non-IBD,,0.30113852436989796
11,Diagnosis,Non-IBD,,0.3440892824925506
12,Diagnosis,Non-IBD,,0.2620534167224738
13,Diagnosis,Non-IBD,,0.258832796283286
14,Diagnosis,Non-IBD,,0.27353104555106195
15,Diagnosis,Non-IBD,,0.2791197692409949
16,Diagnosis,Non-IBD,,0.2729565924741225
17,Diagnosis,Non-IBD,,0.3461283075951935
18,Diagnosis,Non-IBD,,0.28908411501769526
19,Diagnosis,Non-IBD,,0.3581458059263869
20,Diagnosis,Non-IBD,,0.33065011440271597
21,Diagnosis,Non-IBD,,0.3062969724401437
22,Diagnosis,Non-IBD,,0.3142065311721885
23,Diagnosis,Non-IBD,,0.3928561226848453
24,Diagnosis,Non-IBD,,0.2858610890527874
25,Diagnosis,Non-IBD,,0.35176171244946897
26,Diagnosis,Non-IBD,,0.40366884695051225
27,Diagnosis,Non-IBD,,0.31393510534443475
28,Diagnosis,Non-IBD,,0.2739371213214766
29,Diagnosis,Non-IBD,,0.28953908053786437
30,Diagnosis,Non-IBD,,0.30265833961278393
31,Diagnosis,Non-IBD,,0.3177178076540413
32,Diagnosis,Non-IBD,,0.29469192613951006
33,Diagnosis,Non-IBD,,0.3546346272381014
34,Diagnosis,Non-IBD,,0.33135920570221095
35,Diagnosis,Non-IBD,,0.28087565796328645
36,Diagnosis,Non-IBD,,0.3717763190088615
37,Diagnosis,Non-IBD,,0.34105105204059266
38,Diagnosis,Non-IBD,,0.27358393437823747
39,Diagnosis,Non-IBD,,0.25130830535441206
40,Diagnosis,Non-IBD,,0.2808437449591038
41,Diagnosis,Non-IBD,,0.31412660466134856
42,Diagnosis,Non-IBD,,0.3952793109418693
43,Diagnosis,Non-IBD,,0.296552023138241
44,Diagnosis,Non-IBD,,0.29611740533297176
45,Diagnosis,Non-IBD,,0.3228602899451765
46,Diagnosis,Non-IBD,,0.2496687014986303
47,Diagnosis,Non-IBD,,0.30092714033031387
48,Diagnosis,Non-IBD,,0.3004966132196549
49,Diagnosis,Non-IBD,,0.247808304718102
50,Diagnosis,Non-IBD,,0.336182738708779
51,Diagnosis,Non-IBD,,0.3504670573374124
52,Diagnosis,Non-IBD,,0.3055777350788538
53,Diagnosis,Non-IBD,,0.2566134873773293
54,Diagnosis,Non-IBD,,0.35864054996284184
55,Diagnosis,Non-IBD,,0.28111184638783127
56,Diagnosis,Non-IBD,,0.3295107295408156
57,Diagnosis,Non-IBD,,0.25697111215324364
58,Diagnosis,Non-IBD,,0.2769180329563459
59,Diagnosis,Non-IBD,,0.2916595992045778
60,Diagnosis,Non-IBD,,0.3405747906431504
61,Diagnosis,Non-IBD,,0.3284347082112141
62,Diagnosis,Non-IBD,,0.27618532139911456
63,Diagnosis,Non-IBD,,0.3228369468388907
64,Diagnosis,Non-IBD,,0.27195989450220176
65,Diagnosis,Non-IBD,,0.35719664329292644
66,Diagnosis,Non-IBD,,0.3483554996897897
67,Diagnosis,Non-IBD,,0.3824425322687578
68,Diagnosis,Non-IBD,,0.36226270493324353
69,Diagnosis,Non-IBD,,0.2717866211559603
70,Diagnosis,Non-IBD,,0.2971254083621788
71,Diagnosis,Non-IBD,,0.309758075108397
72,Diagnosis,Non-IBD,,0.27517765125999066
73,Diagnosis,Non-IBD,,0.33322918362918086
74,Diagnosis,Non-IBD,,0.2995115918514233
75,Diagnosis,Non-IBD,,0.3172854775454713
76,Diagnosis,Non-IBD,,0.2727354399583062
77,Diagnosis,Non-IBD,,0.32708485411936367
78,Diagnosis,Non-IBD,,0.36179772443957503
79,Diagnosis,Non-IBD,,0.2984464319028785
80,Diagnosis,Non-IBD,,0.26635174873807405
81,Diagnosis,Non-IBD,,0.38708104046619374
82,Diagnosis,Non-IBD,,0.3103130583868581
83,Diagnosis,Non-IBD,,0.28913969407002915
84,Diagnosis,Non-IBD,,0.29294999999059373
85,Diagnosis,Non-IBD,,0.3675247654719359
86,Diagnosis,Non-IBD,,0.22171799070515189
87,Diagnosis,Non-IBD,,0.3638390077283089
88,Diagnosis,Non-IBD,,0.3114269277734037
89,Diagnosis,Non-IBD,,0.3751285949887963
90,Diagnosis,Non-IBD,,0.37383607526516793
91,Diagnosis,Non-IBD,,0.33779262540415494
92,Diagnosis,Non-IBD,,0.29786482917924473
93,Diagnosis,Non-IBD,,0.2306457825854931
94,Diagnosis,Non-IBD,,0.27942798416132086
95,Diagnosis,Non-IBD,,0.3470922178374824
96,Diagnosis,Non-IBD,,0.30630389728561525
97,Diagnosis,Non-IBD,,0.2653515555857282
98,Diagnosis,Non-IBD,,0.3180914525075061
99,Diagnosis,Non-IBD,,0.2539622242448844
100,Diagnosis,Non-IBD,,0.30644667763465316
101,Diagnosis,Non-IBD,,0.38466924280554754
102,Diagnosis,Non-IBD,,0.334531318500756
103,Diagnosis,Non-IBD,,0.23970758376751644
104,Diagnosis,Non-IBD,,0.3773683656351169
105,Diagnosis,Non-IBD,,0.2663380715184055
106,Diagnosis,Non-IBD,,0.3281791807767154
107,Diagnosis,Non-IBD,,0.25923041093438676
108,Diagnosis,Non-IBD,,0.31979840371964696
109,Diagnosis,Non-IBD,,0.263270120147361
110,Diagnosis,Non-IBD,,0.30274940868386985
111,Diagnosis,Non-IBD,,0.3013743729841497
112,Diagnosis,Non-IBD,,0.32465675565133273
113,Diagnosis,Non-IBD,,0.2581486092802325
114,Diagnosis,Non-IBD,,0.37698929673340653
115,Diagnosis,Non-IBD,,0.3848496632830744
116,Diagnosis,Non-IBD,,0.3433604435363904
117,Diagnosis,Non-IBD,,0.3232704577487635
118,Diagnosis,Non-IBD,,0.3265211334300149
119,Diagnosis,Non-IBD,,0.38970511649165995
120,Diagnosis,Non-IBD,,0.27094327921830547
121,Diagnosis,Non-IBD,,0.36958115582366935
122,Diagnosis,Non-IBD,,0.3221677941988701
123,Diagnosis,Non-IBD,,0.2871663115469644
124,Diagnosis,Non-IBD,,0.2885547877122697
125,Diagnosis,Non-IBD,,0.26809521157165234
126,Diagnosis,Non-IBD,,0.4518544143438257
127,Diagnosis,Non-IBD,,0.28993703653242936
128,Diagnosis,Non-IBD,,0.3201386855333443
129,Diagnosis,Non-IBD,,0.3081501004611615
130,Diagnosis,Non-IBD,,0.33319442314298325
131,Diagnosis,Non-IBD,,0.28387485611109403
132,Diagnosis,Non-IBD,,0.3893988713428873
133,Diagnosis,Non-IBD,,0.27060543411267757
134,Diagnosis,Non-IBD,,0.3094452777844048
135,Diagnosis,Non-IBD,,0.3059273252090719
136,Diagnosis,Non-IBD,,0.2869773919841893
137,Diagnosis,Non-IBD,,0.37377984210899423
138,Diagnosis,Non-IBD,,0.24651631584549774
139,Diagnosis,Non-IBD,,0.2983205517072948
140,Diagnosis,Non-IBD,,0.3052907358956869
141,Diagnosis,Non-IBD,,0.26388128676315825
142,Diagnosis,Non-IBD,,0.32166654738684247
143,Diagnosis,Non-IBD,,0.3506742849631693
144,Diagnosis,Non-IBD,,0.335218802847372
145,Diagnosis,Non-IBD,,0.3349960890974484
146,Diagnosis,Non-IBD,,0.3060177391111292
147,Diagnosis,Non-IBD,,0.3655555357688412
148,Diagnosis,Non-IBD,,0.35512526314435655
149,Diagnosis,Non-IBD,,0.357014341331669
150,Diagnosis,Non-IBD,,0.3079553691559943
151,Diagnosis,Non-IBD,,0.3255828561232815
152,Diagnosis,Non-IBD,,0.2712561950636675
153,Diagnosis,Non-IBD,,0.2699070589998499
154,Diagnosis,Non-IBD,,0.33378439990651965
155,Diagnosis,Non-IBD,,0.29601310576557627
156,Diagnosis,Non-IBD,,0.3138500387087552
157,Diagnosis,Non-IBD,,0.30449044082732446
158,Diagnosis,Non-IBD,,0.35650840566497716
159,Diagnosis,Non-IBD,,0.35943578600655374
160,Diagnosis,Non-IBD,,0.295913917279311
161,Diagnosis,Non-IBD,,0.31273944646415713
162,Diagnosis,Non-IBD,,0.34520692848096873
163,Diagnosis,Non-IBD,,0.3444595764733009
164,Diagnosis,Non-IBD,,0.28081145111087963
165,Diagnosis,Non-IBD,,0.29652587077511483
166,Diagnosis,Non-IBD,,0.3233375521785565
167,Diagnosis,Non-IBD,,0.2668850142322312
168,Diagnosis,Non-IBD,,0.2847128907308568
169,Diagnosis,Non-IBD,,0.28043981409183844
170,Diagnosis,Non-IBD,,0.2837750107536416
171,Diagnosis,Non-IBD,,0.25966987476885933
172,Diagnosis,Non-IBD,,0.2525823534406281
173,Diagnosis,Non-IBD,,0.3871086736550543
174,Diagnosis,Non-IBD,,0.3063323661679186
175,Diagnosis,Non-IBD,,0.3080937212250039
176,Diagnosis,Non-IBD,,0.3570572427850223
177,Diagnosis,Non-IBD,,0.3070027421774215
178,Diagnosis,Non-IBD,,0.3603355516140616
179,Diagnosis,Non-IBD,,0.2997315672875827
180,Diagnosis,Non-IBD,,0.2963961495205136
181,Diagnosis,Non-IBD,,0.29497386630418104
182,Diagnosis,Non-IBD,,0.3622847203662025
183,Diagnosis,Non-IBD,,0.2856497367683148
184,Diagnosis,Non-IBD,,0.3485785601676331
185,Diagnosis,Non-IBD,,0.30967685390914623
186,Diagnosis,Non-IBD,,0.3467435356624092
187,Diagnosis,Non-IBD,,0.3557022932160611
188,Diagnosis,Non-IBD,,0.251161632160509
189,Diagnosis,Non-IBD,,0.3283567140478845
190,Diagnosis,Non-IBD,,0.37484131722088077
191,Diagnosis,Non-IBD,,0.30773643717253196
192,Diagnosis,Non-IBD,,0.32599121425806926
193,Diagnosis,Non-IBD,,0.34202657457488084
194,Diagnosis,Non-IBD,,0.2958287773458818
195,Diagnosis,Non-IBD,,0.4080206955681163
196,Diagnosis,Non-IBD,,0.3112712697150193
197,Diagnosis,Non-IBD,,0.3282843109104152
198,Diagnosis,Non-IBD,,0.27768609534647987
199,Diagnosis,Non-IBD,,0.2832038546007093
200,Diagnosis,Non-IBD,,0.32078493075259146
201,Diagnosis,Non-IBD,,0.37849392200552234
202,Diagnosis,Non-IBD,,0.3060418658157968
203,Diagnosis,Non-IBD,,0.29639261043634074
204,Diagnosis,Non-IBD,,0.3165032367788888
205,Diagnosis,Non-IBD,,0.3008438576593669
206,Diagnosis,Non-IBD,,0.37279687187536487
207,Diagnosis,Non-IBD,,0.2995518814875476
208,Diagnosis,Non-IBD,,0.29483062285001366
209,Diagnosis,Non-IBD,,0.3369549011160067
210,Diagnosis,Non-IBD,,0.37472535444433597
211,Diagnosis,Non-IBD,,0.3286828346916286
212,Diagnosis,Non-IBD,,0.2642436856436301
213,Diagnosis,Non-IBD,,0.32788975088346495
214,Diagnosis,Non-IBD,,0.3242580480355682
215,Diagnosis,Non-IBD,,0.37465967389168414
216,Diagnosis,Non-IBD,,0.3538024726984914
217,Diagnosis,Non-IBD,,0.3111667757263517
218,Diagnosis,Non-IBD,,0.2597989187452274
219,Diagnosis,Non-IBD,,0.2627472955154667
220,Diagnosis,Non-IBD,,0.37375356070013993
221,Diagnosis,Non-IBD,,0.2823007260933305
222,Diagnosis,Non-IBD,,0.28585582451386526
223,Diagnosis,Non-IBD,,0.36016676277912196
224,Diagnosis,Non-IBD,,0.29426978775596374
225,Diagnosis,Non-IBD,,0.3537741922743583
226,Diagnosis,Non-IBD,,0.3288638431495535
227,Diagnosis,Non-IBD,,0.34251760048829444
228,Diagnosis,Non-IBD,,0.279576295533379
229,Diagnosis,Non-IBD,,0.2823308988006323
230,Diagnosis,Non-IBD,,0.2832798323969533
231,Diagnosis,Non-IBD,,0.30340296516838333
232,Diagnosis,Non-IBD,,0.18370809888637396
233,Diagnosis,Non-IBD,,0.24265589404416466
234,Diagnosis,Non-IBD,,0.3287670772894331
235,Diagnosis,Non-IBD,,0.36214450012773575
236,Diagnosis,Non-IBD,,0.3509603892277305
237,Diagnosis,Non-IBD,,0.3410019949349927
238,Diagnosis,Non-IBD,,0.3139946897463265
239,Diagnosis,Non-IBD,,0.24555010538720717
240,Diagnosis,Non-IBD,,0.3506435451167203
241,Diagnosis,Non-IBD,,0.31528999671092717
242,Diagnosis,Non-IBD,,0.30295069305247635
243,Diagnosis,Non-IBD,,0.28143212018111546
244,Diagnosis,Non-IBD,,0.31364634284104626
245,Diagnosis,Non-IBD,,0.3518845567488341
246,Diagnosis,Non-IBD,,0.2957612276007587
247,Diagnosis,Non-IBD,,0.30901372552430073
248,Diagnosis,Non-IBD,,0.27169831473989725
249,Diagnosis,Non-IBD,,0.3009569679114594
250,Diagnosis,Non-IBD,,0.26530942919364314
251,Diagnosis,Non-IBD,,0.4681291556815716
252,Diagnosis,Non-IBD,,0.29275657299951524
253,Diagnosis,Non-IBD,,0.298747409537632
254,Diagnosis,Non-IBD,,0.35818193555369204
255,Diagnosis,Non-IBD,,0.342159938263215
256,Diagnosis,Non-IBD,,0.32478667066776273
257,Diagnosis,Non-IBD,,0.2448435292828902
258,Diagnosis,Non-IBD,,0.2802576634237726
259,Diagnosis,Non-IBD,,0.23715348145003223
260,Diagnosis,Non-IBD,,0.31333937497357467
261,Diagnosis,Non-IBD,,0.2547519410502766
262,Diagnosis,Non-IBD,,0.2892693957341342
263,Diagnosis,Non-IBD,,0.3393309509604899
264,Diagnosis,Non-IBD,,0.36563453437176197
265,Diagnosis,Non-IBD,,0.25750885858936534
266,Diagnosis,Non-IBD,,0.398087199011483
267,Diagnosis,Non-IBD,,0.38999530602504645
268,Diagnosis,Non-IBD,,0.35894350531070374
269,Diagnosis,Non-IBD,,0.32027810271429513
270,Diagnosis,Non-IBD,,0.33122833841352173
271,Diagnosis,Non-IBD,,0.29067795050847134
272,Diagnosis,Non-IBD,,0.32312771163952664
273,Diagnosis,Non-IBD,,0.3245632875949029
274,Diagnosis,Non-IBD,,0.29700545899685976
275,Diagnosis,Non-IBD,,0.2669151355845401
276,Diagnosis,Non-IBD,,0.2988453701560123
277,Diagnosis,Non-IBD,,0.3161465140828423
278,Diagnosis,Non-IBD,,0.3378045677210036
279,Diagnosis,Non-IBD,,0.2915572163117832
280,Diagnosis,Non-IBD,,0.2969012316709065
281,Diagnosis,Non-IBD,,0.3551448246427111
282,Diagnosis,Non-IBD,,0.21852825368693535
283,Diagnosis,Non-IBD,,0.2784016847398833
284,Diagnosis,Non-IBD,,0.3506096727209645
285,Diagnosis,Non-IBD,,0.26848581652098336
286,Diagnosis,Non-IBD,,0.28823551573819767
287,Diagnosis,Non-IBD,,0.34163581316730957
288,Diagnosis,Non-IBD,,0.2967092972102477
289,Diagnosis,Non-IBD,,0.3112229237138132
290,Diagnosis,Non-IBD,,0.34845037194555073
291,Diagnosis,Non-IBD,,0.27603945708956235
292,Diagnosis,Non-IBD,,0.27731149068547395
293,Diagnosis,Non-IBD,,0.26906880511162423
294,Diagnosis,Non-IBD,,0.3583684846956338
295,Diagnosis,Non-IBD,,0.36088251748836037
296,Diagnosis,Non-IBD,,0.31244135458032196
297,Diagnosis,Non-IBD,,0.3035192314496372
298,Diagnosis,Non-IBD,,0.26967268258230664
299,Diagnosis,Non-IBD,,0.30459071077244537
300,Diagnosis,Non-IBD,,0.3360218285028991
301,Diagnosis,Non-IBD,,0.32004404041836293
302,Diagnosis,Non-IBD,,0.3092772132011688
303,Diagnosis,Non-IBD,,0.271782562817886
304,Diagnosis,Non-IBD,,0.36325163200250876
305,Diagnosis,Non-IBD,,0.27036451542119405
306,Diagnosis,Non-IBD,,0.23674888311375922
307,Diagnosis,Non-IBD,,0.2640972494454904
308,Diagnosis,Non-IBD,,0.31569970274794174
309,Diagnosis,Non-IBD,,0.2749094974701392
310,Diagnosis,Non-IBD,,0.3731809222381517
311,Diagnosis,Non-IBD,,0.32328288454042764
312,Diagnosis,Non-IBD,,0.30841673978564466
313,Diagnosis,Non-IBD,,0.3183897821784537
314,Diagnosis,Non-IBD,,0.28279380881386895
315,Diagnosis,Non-IBD,,0.24999918105248264
316,Diagnosis,Non-IBD,,0.2920266070729561
317,Diagnosis,Non-IBD,,0.32071922119878254
318,Diagnosis,Non-IBD,,0.2523713018565043
319,Diagnosis,Non-IBD,,0.3210522685608116
320,Diagnosis,Non-IBD,,0.2936580694654883
321,Diagnosis,Non-IBD,,0.328307201857654
322,Diagnosis,Non-IBD,,0.41385092686052355
323,Diagnosis,Non-IBD,,0.40252336845549463
324,Diagnosis,Non-IBD,,0.24788452319979248
325,Diagnosis,Non-IBD,,0.3470982267825268
326,Diagnosis,Non-IBD,,0.36802998568825585
327,Diagnosis,Non-IBD,,0.30995444739457334
328,Diagnosis,Non-IBD,,0.30421216549721064
329,Diagnosis,Non-IBD,,0.29631125337621195
330,Diagnosis,Non-IBD,,0.31932710296511047
331,Diagnosis,Non-IBD,,0.27497927274920686
332,Diagnosis,Non-IBD,,0.21379102233536448
333,Diagnosis,Non-IBD,,0.34522421412869614
334,Diagnosis,Non-IBD,,0.3014260546226284
335,Diagnosis,Non-IBD,,0.25149235694058214
336,Diagnosis,Non-IBD,,0.3177484294151042
337,Diagnosis,Non-IBD,,0.3174972431567751
338,Diagnosis,Non-IBD,,0.2860520276541566
339,Diagnosis,Non-IBD,,0.43235326844289373
340,Diagnosis,Non-IBD,,0.27800729355186105
341,Diagnosis,Non-IBD,,0.3568177526666602
342,Diagnosis,Non-IBD,,0.3601566002035229
343,Diagnosis,Non-IBD,,0.27524459341906105
344,Diagnosis,Non-IBD,,0.2877963604654256
345,Diagnosis,Non-IBD,,0.2916261421587322
346,Diagnosis,Non-IBD,,0.1908840395383326
347,Diagnosis,Non-IBD,,0.386151845678046
348,Diagnosis,Non-IBD,,0.32418916166528683
349,Diagnosis,Non-IBD,,0.32834757314669344
350,Diagnosis,Non-IBD,,0.2935947216770127
351,Diagnosis,Non-IBD,,0.4165330595382706
352,Diagnosis,Non-IBD,,0.24688728932940704
353,Diagnosis,Non-IBD,,0.30060602288100186
354,Diagnosis,Non-IBD,,0.3499920039816291
355,Diagnosis,Non-IBD,,0.3141752537317555
356,Diagnosis,Non-IBD,,0.39526430179832334
357,Diagnosis,Non-IBD,,0.26802508243438977
358,Diagnosis,Non-IBD,,0.36441359579605087
359,Diagnosis,Non-IBD,,0.38834080316982417
360,Diagnosis,Non-IBD,,0.31065080589733374
361,Diagnosis,Non-IBD,,0.3141932748795075
362,Diagnosis,Non-IBD,,0.3584430994133844
363,Diagnosis,Non-IBD,,0.3465837454175267
364,Diagnosis,Non-IBD,,0.37079196494340827
365,Diagnosis,Non-IBD,,0.34464320194089393
366,Diagnosis,Non-IBD,,0.36481980163128674
367,Diagnosis,Non-IBD,,0.2939057682875887
368,Diagnosis,Non-IBD,,0.3231145897627499
369,Diagnosis,Non-IBD,,0.3614987529919445
370,Diagnosis,Non-IBD,,0.32260946516714606
371,Diagnosis,Non-IBD,,0.32198899250446683
372,Diagnosis,Non-IBD,,0.3012326876025567
373,Diagnosis,Non-IBD,,0.28244922680543194
374,Diagnosis,Non-IBD,,0.31844339708186803
375,Diagnosis,Non-IBD,,0.26890191821519055
376,Diagnosis,Non-IBD,,0.33037582421162504
377,Diagnosis,Non-IBD,,0.25151732917907216
378,Diagnosis,Non-IBD,,0.25618171727485906
379,Diagnosis,Non-IBD,,0.3171340008446542
380,Diagnosis,Non-IBD,,0.25575329770907096
381,Diagnosis,Non-IBD,,0.3060478724399372
382,Diagnosis,Non-IBD,,0.2251919592064923
383,Diagnosis,Non-IBD,,0.2782380899242537
384,Diagnosis,Non-IBD,,0.4207937891512605
385,Diagnosis,Non-IBD,,0.39879535759660234
386,Diagnosis,Non-IBD,,0.2685352807116788
387,Diagnosis,Non-IBD,,0.283969483481716
388,Diagnosis,Non-IBD,,0.2229258844141272
389,Diagnosis,Non-IBD,,0.24968616072646335
390,Diagnosis,Non-IBD,,0.27276847243052177
391,Diagnosis,Non-IBD,,0.3302191753108271
392,Diagnosis,Non-IBD,,0.261783009700583
393,Diagnosis,Non-IBD,,0.32465434037300006
394,Diagnosis,Non-IBD,,0.320274357635758
395,Diagnosis,Non-IBD,,0.2708713750510273
396,Diagnosis,Non-IBD,,0.3274675112130315
397,Diagnosis,Non-IBD,,0.2631789605718181
398,Diagnosis,Non-IBD,,0.3042184049514336
399,Diagnosis,Non-IBD,,0.3693816240121863
400,Diagnosis,Non-IBD,,0.3366354112510849
401,Diagnosis,Non-IBD,,0.31809542444102173
402,Diagnosis,Non-IBD,,0.3063999721946269
403,Diagnosis,Non-IBD,,0.2591549196828855
404,Diagnosis,Non-IBD,,0.2607362130793262
405,Diagnosis,Non-IBD,,0.26732762543879807
406,Diagnosis,Non-IBD,,0.30046337630205416
407,Diagnosis,Non-IBD,,0.2859988536541145
408,Diagnosis,Non-IBD,,0.3018555827260967
409,Diagnosis,Non-IBD,,0.23618285997085062
410,Diagnosis,Non-IBD,,0.37695232185505234
411,Diagnosis,Non-IBD,,0.23937165934695462
412,Diagnosis,Non-IBD,,0.29595488424517596
413,Diagnosis,Non-IBD,,0.287853552172586
414,Diagnosis,Non-IBD,,0.2536216677727974
415,Diagnosis,Non-IBD,,0.2793301878973197
416,Diagnosis,Non-IBD,,0.3583347723063634
417,Diagnosis,Non-IBD,,0.24728108612858601
418,Diagnosis,Non-IBD,,0.2877071407794162
419,Diagnosis,Non-IBD,,0.3127418910806387
420,Diagnosis,Non-IBD,,0.27687603442293657
421,Diagnosis,Non-IBD,,0.3122935656042375
422,Diagnosis,Non-IBD,,0.27135456363272265
423,Diagnosis,Non-IBD,,0.3200140144624513
424,Diagnosis,Non-IBD,,0.27905833414037384
425,Diagnosis,Non-IBD,,0.28075366337319296
426,Diagnosis,Non-IBD,,0.2944726600544785
427,Diagnosis,Non-IBD,,0.2624872295365451
428,Diagnosis,Non-IBD,,0.3701346178484499
429,Diagnosis,Non-IBD,,0.3293609372740698
430,Diagnosis,Non-IBD,,0.28637713728355974
431,Diagnosis,Non-IBD,,0.3705535996277293
432,Diagnosis,Non-IBD,,0.29512165930413076
433,Diagnosis,Non-IBD,,0.39759130660504116
434,Diagnosis,Non-IBD,,0.2746952448384599
435,Diagnosis,Non-IBD,,0.3350113505748531
436,Diagnosis,Non-IBD,,0.31941319897309334
437,Diagnosis,Non-IBD,,0.35689171490142024
438,Diagnosis,Non-IBD,,0.31157005416130784
439,Diagnosis,Non-IBD,,0.3154015417730425
440,Diagnosis,Non-IBD,,0.31296935264857034
441,Diagnosis,Non-IBD,,0.3783598651634878
442,Diagnosis,Non-IBD,,0.37104029206641226
443,Diagnosis,Non-IBD,,0.26048214322004715
444,Diagnosis,Non-IBD,,0.382693491238903
445,Diagnosis,Non-IBD,,0.2423859360839541
446,Diagnosis,Non-IBD,,0.27317074324451074
447,Diagnosis,Non-IBD,,0.40646699422222304
448,Diagnosis,Non-IBD,,0.32328593627637786
449,Diagnosis,Non-IBD,,0.28461945509776027
450,Diagnosis,Non-IBD,,0.37834386632349426
451,Diagnosis,Non-IBD,,0.25781596913500565
452,Diagnosis,Non-IBD,,0.3437160359398981
453,Diagnosis,Non-IBD,,0.27619384018616755
454,Diagnosis,Non-IBD,,0.3862005428659495
455,Diagnosis,Non-IBD,,0.33578093730454434
456,Diagnosis,Non-IBD,,0.2784001459069341
457,Diagnosis,Non-IBD,,0.3240457785296188
458,Diagnosis,Non-IBD,,0.24320435911220098
459,Diagnosis,Non-IBD,,0.3605334008349333
460,Diagnosis,Non-IBD,,0.32295659384345565
461,Diagnosis,Non-IBD,,0.25578939566070025
462,Diagnosis,Non-IBD,,0.3533672243149553
463,Diagnosis,Non-IBD,,0.2913896603884132
464,Diagnosis,Non-IBD,,0.3308155095050989
465,Diagnosis,Non-IBD,,0.25009828033161186
466,Diagnosis,Non-IBD,,0.34864959380720656
467,Diagnosis,Non-IBD,,0.40934512756872266
468,Diagnosis,Non-IBD,,0.2943655120008626
469,Diagnosis,Non-IBD,,0.2867776758470541
470,Diagnosis,Non-IBD,,0.3752915588924084
471,Diagnosis,Non-IBD,,0.3435474958318145
472,Diagnosis,Non-IBD,,0.3180658169251276
473,Diagnosis,Non-IBD,,0.3417191878431771
474,Diagnosis,Non-IBD,,0.44807011454625006
475,Diagnosis,Non-IBD,,0.2632141746363872
476,Diagnosis,Non-IBD,,0.30023755324375
477,Diagnosis,Non-IBD,,0.3352096721025509
478,Diagnosis,Non-IBD,,0.3070676524961802
479,Diagnosis,Non-IBD,,0.392015710570524
480,Diagnosis,Non-IBD,,0.2645817565099431
481,Diagnosis,Non-IBD,,0.37959483929821675
482,Diagnosis,Non-IBD,,0.27027496321083405
483,Diagnosis,Non-IBD,,0.3405577057248488
484,Diagnosis,Non-IBD,,0.25457527724785806
485,Diagnosis,Non-IBD,,0.31163738167725624
486,Diagnosis,Non-IBD,,0.353205195840805
487,Diagnosis,Non-IBD,,0.25182068986799233
488,Diagnosis,Non-IBD,,0.2749896970943317
489,Diagnosis,Non-IBD,,0.4060791868392925
490,Diagnosis,Non-IBD,,0.24556346768948525
491,Diagnosis,Non-IBD,,0.35476161633716624
492,Diagnosis,Non-IBD,,0.26467245089220465
493,Diagnosis,Non-IBD,,0.316822543374708
494,Diagnosis,Non-IBD,,0.32926036576276396
495,Diagnosis,Non-IBD,,0.3461252058874761
496,Diagnosis,Non-IBD,,0.2519264697779621
497,Diagnosis,Non-IBD,,0.2988015109469782
498,Diagnosis,Non-IBD,,0.2604576384188215
499,Diagnosis,Non-IBD,,0.31404812497273316
500,Diagnosis,Non-IBD,,0.2967399071646319
501,Diagnosis,Non-IBD,,0.2854697287918625
502,Diagnosis,Non-IBD,,0.30573205329485975
503,Diagnosis,Non-IBD,,0.2496311563888034
504,Diagnosis,Non-IBD,,0.36040373242194085
505,Diagnosis,Non-IBD,,0.32747120244188516
506,Diagnosis,Non-IBD,,0.34306617029564834
507,Diagnosis,Non-IBD,,0.323725180381934
508,Diagnosis,Non-IBD,,0.30889971848292597
509,Diagnosis,Non-IBD,,0.3392525810604408
510,Diagnosis,Non-IBD,,0.26719481058653743
511,Diagnosis,Non-IBD,,0.31979574591868376
512,Diagnosis,Non-IBD,,0.38646091775043584
513,Diagnosis,Non-IBD,,0.32494419686686005
514,Diagnosis,Non-IBD,,0.32474516044047996
515,Diagnosis,Non-IBD,,0.29954985226819364
516,Diagnosis,Non-IBD,,0.3231177202850564
517,Diagnosis,Non-IBD,,0.3135807663433956
518,Diagnosis,Non-IBD,,0.3754546969454604
519,Diagnosis,Non-IBD,,0.2904213088791935
520,Diagnosis,Non-IBD,,0.32773516434334216
521,Diagnosis,Non-IBD,,0.2982295751100225
522,Diagnosis,Non-IBD,,0.3188125214368387
523,Diagnosis,Non-IBD,,0.3423170150503108
524,Diagnosis,Non-IBD,,0.2971339321861026
525,Diagnosis,Non-IBD,,0.31347010584627777
526,Diagnosis,Non-IBD,,0.29005941068803154
527,Diagnosis,Non-IBD,,0.3563892497107146
528,Diagnosis,Non-IBD,,0.27420225271646914
529,Diagnosis,Non-IBD,,0.28372541276309365
530,Diagnosis,Non-IBD,,0.27330547997432764
531,Diagnosis,Non-IBD,,0.4227146065417589
532,Diagnosis,Non-IBD,,0.2964788599820072
533,Diagnosis,Non-IBD,,0.32618952491785996
534,Diagnosis,Non-IBD,,0.3133438152227595
535,Diagnosis,Non-IBD,,0.33204638309362056
536,Diagnosis,Non-IBD,,0.3108862214265871
537,Diagnosis,Non-IBD,,0.33027104413166714
538,Diagnosis,Non-IBD,,0.27768495585626823
539,Diagnosis,Non-IBD,,0.2875467516315222
540,Diagnosis,Non-IBD,,0.27638941685237134
541,Diagnosis,Non-IBD,,0.4068274272099338
542,Diagnosis,Non-IBD,,0.30034926046851546
543,Diagnosis,Non-IBD,,0.31037417088731234
544,Diagnosis,Non-IBD,,0.24377358020463327
545,Diagnosis,Non-IBD,,0.3453112352787283
546,Diagnosis,Non-IBD,,0.33145166359717715
547,Diagnosis,Non-IBD,,0.32528826801918387
548,Diagnosis,Non-IBD,,0.26611859054967024
549,Diagnosis,Non-IBD,,0.31644652510452226
550,Diagnosis,Non-IBD,,0.26760296309652054
551,Diagnosis,Non-IBD,,0.3447666126895503
552,Diagnosis,Non-IBD,,0.43247238393995074
553,Diagnosis,Non-IBD,,0.27890330904140226
554,Diagnosis,Non-IBD,,0.3750371370479603
555,Diagnosis,Non-IBD,,0.3699551065138678
556,Diagnosis,Non-IBD,,0.23994805695736665
557,Diagnosis,Non-IBD,,0.30648215443294674
558,Diagnosis,Non-IBD,,0.3192283901525859
559,Diagnosis,Non-IBD,,0.23273304895110045
560,Diagnosis,Non-IBD,,0.32714578672730577
561,Diagnosis,Non-IBD,,0.2867942946994632
562,Diagnosis,Non-IBD,,0.27293908801888145
563,Diagnosis,Non-IBD,,0.28001212563192696
564,Diagnosis,Non-IBD,,0.32013240369891655
565,Diagnosis,Non-IBD,,0.3105198954690991
566,Diagnosis,Non-IBD,,0.356501410722027
567,Diagnosis,Non-IBD,,0.3227846226468848
568,Diagnosis,Non-IBD,,0.26849492661796015
569,Diagnosis,Non-IBD,,0.29837803995938583
570,Diagnosis,Non-IBD,,0.3039637023517428
571,Diagnosis,Non-IBD,,0.2950627634050289
572,Diagnosis,Non-IBD,,0.33080507940101084
573,Diagnosis,Non-IBD,,0.3489720374467172
574,Diagnosis,Non-IBD,,0.40009324879982366
575,Diagnosis,Non-IBD,,0.26926797355096027
576,Diagnosis,Non-IBD,,0.24553630282684055
577,Diagnosis,Non-IBD,,0.3806229568415506
578,Diagnosis,Non-IBD,,0.31345717509765214
579,Diagnosis,Non-IBD,,0.3647475938121021
580,Diagnosis,Non-IBD,,0.2896098179940978
581,Diagnosis,Non-IBD,,0.3343613001237913
582,Diagnosis,Non-IBD,,0.277191454876794
583,Diagnosis,Non-IBD,,0.4040589402562985
584,Diagnosis,Non-IBD,,0.26276070413404234
585,Diagnosis,Non-IBD,,0.3343401550387083
586,Diagnosis,Non-IBD,,0.3489818706841718
587,Diagnosis,Non-IBD,,0.33023655489472026
588,Diagnosis,Non-IBD,,0.3089197722982551
589,Diagnosis,Non-IBD,,0.31915388870937317
590,Diagnosis,Non-IBD,,0.2477331877375295
591,Diagnosis,Non-IBD,,0.29792167433016525
592,Diagnosis,Non-IBD,,0.28902342935094955
593,Diagnosis,Non-IBD,,0.3284838105685525
594,Diagnosis,Non-IBD,,0.28978044322289453
595,Diagnosis,Non-IBD,,0.33072482687570876
596,Diagnosis,Non-IBD,,0.31180743354981666
597,Diagnosis,Non-IBD,,0.28526684208494557
598,Diagnosis,Non-IBD,,0.3196708875650083
599,Diagnosis,Non-IBD,,0.26637947604211065
600,Diagnosis,Non-IBD,,0.4001071848356837
601,Diagnosis,Non-IBD,,0.2647228253600238
602,Diagnosis,Non-IBD,,0.350487169659996
603,Diagnosis,Non-IBD,,0.3618314541352536
604,Diagnosis,Non-IBD,,0.352345640112235
605,Diagnosis,Non-IBD,,0.41405907141057163
606,Diagnosis,Non-IBD,,0.381929036896937
607,Diagnosis,Non-IBD,,0.3428522223995945
608,Diagnosis,Non-IBD,,0.3264500383133534
609,Diagnosis,Non-IBD,,0.3204297299430324
610,Diagnosis,Non-IBD,,0.3764564797933571
611,Diagnosis,Non-IBD,,0.32652602504058287
612,Diagnosis,Non-IBD,,0.3618416179068803
613,Diagnosis,Non-IBD,,0.30917930420186385
614,Diagnosis,Non-IBD,,0.29411446293032045
615,Diagnosis,Non-IBD,,0.307774992420912
616,Diagnosis,Non-IBD,,0.3243063897816066
617,Diagnosis,Non-IBD,,0.3189313060291956
618,Diagnosis,Non-IBD,,0.35330800106493293
619,Diagnosis,Non-IBD,,0.28423273423987033
620,Diagnosis,Non-IBD,,0.3141198264182551
621,Diagnosis,Non-IBD,,0.3351971246012094
622,Diagnosis,Non-IBD,,0.2922806415776487
623,Diagnosis,Non-IBD,,0.29701847749299987
624,Diagnosis,Non-IBD,,0.3166200139758032
625,Diagnosis,Non-IBD,,0.3109492035913386
626,Diagnosis,Non-IBD,,0.25300038160519117
627,Diagnosis,Non-IBD,,0.3672284254108236
628,Diagnosis,Non-IBD,,0.32291675675925835
629,Diagnosis,Non-IBD,,0.3087196852562704
630,Diagnosis,Non-IBD,,0.2830179126812233
631,Diagnosis,Non-IBD,,0.3855763731588763
632,Diagnosis,Non-IBD,,0.23910428221498778
633,Diagnosis,Non-IBD,,0.29666181158769955
634,Diagnosis,Non-IBD,,0.28218812502082974
635,Diagnosis,Non-IBD,,0.3224663145115222
636,Diagnosis,Non-IBD,,0.3837101270788343
637,Diagnosis,Non-IBD,,0.34587662025590227
638,Diagnosis,Non-IBD,,0.33557673338899796
639,Diagnosis,Non-IBD,,0.34423926430868396
640,Diagnosis,Non-IBD,,0.31721165982897404
641,Diagnosis,Non-IBD,,0.2927570633252354
642,Diagnosis,Non-IBD,,0.35619372234369256
643,Diagnosis,Non-IBD,,0.320911447318538
644,Diagnosis,Non-IBD,,0.3155344298621611
645,Diagnosis,Non-IBD,,0.3341330736726778
646,Diagnosis,Non-IBD,,0.2921859643667099
647,Diagnosis,Non-IBD,,0.3758262825725566
648,Diagnosis,Non-IBD,,0.28261890366410897
649,Diagnosis,Non-IBD,,0.3177613883150119
650,Diagnosis,Non-IBD,,0.35813524506504857
651,Diagnosis,Non-IBD,,0.32929718770575966
652,Diagnosis,Non-IBD,,0.41040311445514893
653,Diagnosis,Non-IBD,,0.30148651388004183
654,Diagnosis,Non-IBD,,0.3278904082980584
655,Diagnosis,Non-IBD,,0.29881448587754383
656,Diagnosis,Non-IBD,,0.34539514823760753
657,Diagnosis,Non-IBD,,0.3632916381832097
658,Diagnosis,Non-IBD,,0.24453922445274373
659,Diagnosis,Non-IBD,,0.3182540697477967
660,Diagnosis,Non-IBD,,0.27568313044047804
661,Diagnosis,Non-IBD,,0.31154101440177234
662,Diagnosis,Non-IBD,,0.28464432120357264
663,Diagnosis,Non-IBD,,0.32286838473182095
664,Diagnosis,Non-IBD,,0.28884753155944304
665,Diagnosis,Non-IBD,,0.3525730038502516
666,Diagnosis,Non-IBD,,0.25329083679920394
667,Diagnosis,Non-IBD,,0.34706465535742903
668,Diagnosis,Non-IBD,,0.32185728708171985
669,Diagnosis,Non-IBD,,0.3026059727484688
670,Diagnosis,Non-IBD,,0.24333076651165714
671,Diagnosis,Non-IBD,,0.3166702624079602
672,Diagnosis,Non-IBD,,0.2315448395070764
673,Diagnosis,Non-IBD,,0.2791798769234182
674,Diagnosis,Non-IBD,,0.28266799631708717
675,Diagnosis,Non-IBD,,0.3255465991186765
676,Diagnosis,Non-IBD,,0.3500086633395888
677,Diagnosis,Non-IBD,,0.2279767043408244
678,Diagnosis,Non-IBD,,0.29813124713345424
679,Diagnosis,Non-IBD,,0.26969497470145154
680,Diagnosis,Non-IBD,,0.295422292225754
681,Diagnosis,Non-IBD,,0.28264050219911835
682,Diagnosis,Non-IBD,,0.29265924828981305
683,Diagnosis,Non-IBD,,0.35342579479357
684,Diagnosis,Non-IBD,,0.3201114816789622
685,Diagnosis,Non-IBD,,0.29607014416423516
686,Diagnosis,Non-IBD,,0.271788864993857
687,Diagnosis,Non-IBD,,0.28580454716251635
688,Diagnosis,Non-IBD,,0.30953345471082955
689,Diagnosis,Non-IBD,,0.2849022364533355
690,Diagnosis,Non-IBD,,0.31152641456001295
691,Diagnosis,Non-IBD,,0.3526371198599029
692,Diagnosis,Non-IBD,,0.2881377996433957
693,Diagnosis,Non-IBD,,0.26190274390778756
694,Diagnosis,Non-IBD,,0.24878800927232833
695,Diagnosis,Non-IBD,,0.28659771821968116
696,Diagnosis,Non-IBD,,0.33006582181108013
697,Diagnosis,Non-IBD,,0.27883724738976096
698,Diagnosis,Non-IBD,,0.2686083467934606
699,Diagnosis,Non-IBD,,0.32139199563219734
700,Diagnosis,Non-IBD,,0.3105677291390236
701,Diagnosis,Non-IBD,,0.29943766743486827
702,Diagnosis,Non-IBD,,0.2615454702530637
703,Diagnosis,Non-IBD,,0.35835718276633327
704,Diagnosis,Non-IBD,,0.28191486064432825
705,Diagnosis,Non-IBD,,0.30672869841630673
706,Diagnosis,Non-IBD,,0.27866137508886946
707,Diagnosis,Non-IBD,,0.3078105031615577
708,Diagnosis,Non-IBD,,0.2755920696154883
709,Diagnosis,Non-IBD,,0.3621230197797561
710,Diagnosis,Non-IBD,,0.30445568366884473
711,Diagnosis,Non-IBD,,0.29170216021637246
712,Diagnosis,Non-IBD,,0.2814093091312627
713,Diagnosis,Non-IBD,,0.31784236357689793
714,Diagnosis,Non-IBD,,0.2790730698159733
715,Diagnosis,Non-IBD,,0.3479792857503261
716,Diagnosis,Non-IBD,,0.3441557507234663
717,Diagnosis,Non-IBD,,0.27894459030133467
718,Diagnosis,Non-IBD,,0.3428155255102887
719,Diagnosis,Non-IBD,,0.2606601834500803
720,Diagnosis,Non-IBD,,0.4116784350988524
721,Diagnosis,Non-IBD,,0.2117458818208693
722,Diagnosis,Non-IBD,,0.32572374988211444
723,Diagnosis,Non-IBD,,0.3635488489417786
724,Diagnosis,Non-IBD,,0.3227475864951324
725,Diagnosis,Non-IBD,,0.41522433105898016
726,Diagnosis,Non-IBD,,0.3205341935799339
727,Diagnosis,Non-IBD,,0.3407124132772982
728,Diagnosis,Non-IBD,,0.28656350316315415
729,Diagnosis,Non-IBD,,0.27436273582656745
730,Diagnosis,Non-IBD,,0.37741687483552244
731,Diagnosis,Non-IBD,,0.40767167842588165
732,Diagnosis,Non-IBD,,0.32895517166177557
733,Diagnosis,Non-IBD,,0.25842192168096634
734,Diagnosis,Non-IBD,,0.3631441776323149
735,Diagnosis,Non-IBD,,0.20485656001729555
736,Diagnosis,Non-IBD,,0.27217667329491646
737,Diagnosis,Non-IBD,,0.3729442362067109
738,Diagnosis,Non-IBD,,0.27208088842468287
739,Diagnosis,Non-IBD,,0.2911675095996178
740,Diagnosis,Non-IBD,,0.34045091426972995
741,Diagnosis,Non-IBD,,0.4044225599142667
742,Diagnosis,Non-IBD,,0.26235907229532407
743,Diagnosis,Non-IBD,,0.28786973190155835
744,Diagnosis,Non-IBD,,0.3236906309613071
745,Diagnosis,Non-IBD,,0.344020763584907
746,Diagnosis,Non-IBD,,0.29090305884629203
747,Diagnosis,Non-IBD,,0.331864594217557
748,Diagnosis,Non-IBD,,0.3488134827302112
749,Diagnosis,Non-IBD,,0.28801697087485456
750,Diagnosis,Non-IBD,,0.2493488500555982
751,Diagnosis,Non-IBD,,0.35636155073938536
752,Diagnosis,Non-IBD,,0.4196984816421134
753,Diagnosis,Non-IBD,,0.33100225090924634
754,Diagnosis,Non-IBD,,0.4013857444840621
755,Diagnosis,Non-IBD,,0.31936008496252494
756,Diagnosis,Non-IBD,,0.20296196713280726
757,Diagnosis,Non-IBD,,0.2967752612336612
758,Diagnosis,Non-IBD,,0.30868947085450166
759,Diagnosis,Non-IBD,,0.39325928323168263
760,Diagnosis,Non-IBD,,0.28449418692246087
761,Diagnosis,Non-IBD,,0.29795846653724156
762,Diagnosis,Non-IBD,,0.2919504121050596
763,Diagnosis,Non-IBD,,0.2766509251563301
764,Diagnosis,Non-IBD,,0.31517861667040825
765,Diagnosis,Non-IBD,,0.3615378558082171
766,Diagnosis,Non-IBD,,0.3551921867364313
767,Diagnosis,Non-IBD,,0.28490992121051445
768,Diagnosis,Non-IBD,,0.3454789117749164
769,Diagnosis,Non-IBD,,0.26322679375524005
770,Diagnosis,Non-IBD,,0.2722493353089647
771,Diagnosis,Non-IBD,,0.2588960098647486
772,Diagnosis,Non-IBD,,0.3213307830676165
773,Diagnosis,Non-IBD,,0.32101299084327295
774,Diagnosis,Non-IBD,,0.3056331322311549
775,Diagnosis,Non-IBD,,0.30486289314372106
776,Diagnosis,Non-IBD,,0.3246099216934989
777,Diagnosis,Non-IBD,,0.289967028955521
778,Diagnosis,Non-IBD,,0.2969504357122705
779,Diagnosis,Non-IBD,,0.2526718944632213
780,Diagnosis,Non-IBD,,0.38620929715611646
781,Diagnosis,Non-IBD,,0.29635841612855984
782,Diagnosis,Non-IBD,,0.2917735214789415
783,Diagnosis,Non-IBD,,0.311862570434873
784,Diagnosis,Non-IBD,,0.32359244154694045
785,Diagnosis,Non-IBD,,0.26399412279520573
786,Diagnosis,Non-IBD,,0.28741496527075144
787,Diagnosis,Non-IBD,,0.25172908649287506
788,Diagnosis,Non-IBD,,0.280220750769635
789,Diagnosis,Non-IBD,,0.305827157376544
790,Diagnosis,Non-IBD,,0.2755538215446482
791,Diagnosis,Non-IBD,,0.30758021314356887
792,Diagnosis,Non-IBD,,0.2716912590856892
793,Diagnosis,Non-IBD,,0.24526933195618536
794,Diagnosis,Non-IBD,,0.2955073480893031
795,Diagnosis,Non-IBD,,0.2373350010916123
796,Diagnosis,Non-IBD,,0.3045067093681788
797,Diagnosis,Non-IBD,,0.34435798869648654
798,Diagnosis,Non-IBD,,0.2896127153305418
799,Diagnosis,Non-IBD,,0.2938088575431708
800,Diagnosis,Non-IBD,,0.3207654768211934
801,Diagnosis,Non-IBD,,0.3637835213847623
802,Diagnosis,Non-IBD,,0.321491640398485
803,Diagnosis,Non-IBD,,0.33804467374972264
804,Diagnosis,Non-IBD,,0.31802104719759966
805,Diagnosis,Non-IBD,,0.4022135575130505
806,Diagnosis,Non-IBD,,0.39417304845000883
807,Diagnosis,Non-IBD,,0.34098205809679427
808,Diagnosis,Non-IBD,,0.3450156248415812
809,Diagnosis,Non-IBD,,0.31116904616404256
810,Diagnosis,Non-IBD,,0.3290241385829271
811,Diagnosis,Non-IBD,,0.2650765692828193
812,Diagnosis,Non-IBD,,0.3545092882505698
813,Diagnosis,Non-IBD,,0.4126874965072843
814,Diagnosis,Non-IBD,,0.24954285949289712
815,Diagnosis,Non-IBD,,0.306479693236106
816,Diagnosis,Non-IBD,,0.3408564624415586
817,Diagnosis,Non-IBD,,0.3221747394149983
818,Diagnosis,Non-IBD,,0.34008829119190354
819,Diagnosis,Non-IBD,,0.27957897871723536
820,Diagnosis,Non-IBD,,0.29661094726636
821,Diagnosis,Non-IBD,,0.2623587055705457
822,Diagnosis,Non-IBD,,0.2938640356114881
823,Diagnosis,Non-IBD,,0.3387885933468515
824,Diagnosis,Non-IBD,,0.34472716516581553
825,Diagnosis,Non-IBD,,0.40907487044489166
826,Diagnosis,Non-IBD,,0.35385933231784145
827,Diagnosis,Non-IBD,,0.31812279662996074
828,Diagnosis,Non-IBD,,0.2842835028413694
829,Diagnosis,Non-IBD,,0.306910489246998
830,Diagnosis,Non-IBD,,0.3525677470486817
831,Diagnosis,Non-IBD,,0.3115430151903947
832,Diagnosis,Non-IBD,,0.4233943410431968
833,Diagnosis,Non-IBD,,0.3209164880129775
834,Diagnosis,Non-IBD,,0.3968626524461961
835,Diagnosis,Non-IBD,,0.2765094307966362
836,Diagnosis,Non-IBD,,0.2939837366730709
837,Diagnosis,Non-IBD,,0.30742058316577886
838,Diagnosis,Non-IBD,,0.3499817988858068
839,Diagnosis,Non-IBD,,0.25696067307373727
840,Diagnosis,Non-IBD,,0.3373997599394928
841,Diagnosis,Non-IBD,,0.34984969317910053
842,Diagnosis,Non-IBD,,0.27241392654625024
843,Diagnosis,Non-IBD,,0.2959216990605461
844,Diagnosis,Non-IBD,,0.2786263479863967
845,Diagnosis,Non-IBD,,0.2833479909772472
846,Diagnosis,Non-IBD,,0.2743236669215874
847,Diagnosis,Non-IBD,,0.250002232026084
848,Diagnosis,Non-IBD,,0.4978478552139248
849,Diagnosis,Non-IBD,,0.3134923636153009
850,Diagnosis,Non-IBD,,0.37300553186333046
851,Diagnosis,Non-IBD,,0.2952277509281881
852,Diagnosis,Non-IBD,,0.2927877965698905
853,Diagnosis,Non-IBD,,0.26369225300222415
854,Diagnosis,Non-IBD,,0.25469505420276695
855,Diagnosis,Non-IBD,,0.33229543733507266
856,Diagnosis,Non-IBD,,0.29965114418380595
857,Diagnosis,Non-IBD,,0.2705827151282623
858,Diagnosis,Non-IBD,,0.29435267791011893
859,Diagnosis,Non-IBD,,0.3464362939036497
860,Diagnosis,Non-IBD,,0.36096969328246226
861,Diagnosis,Non-IBD,,0.3344727757424234
862,Diagnosis,Non-IBD,,0.37284830160515237
863,Diagnosis,Non-IBD,,0.2803783562361402
864,Diagnosis,Non-IBD,,0.266349286603806
865,Diagnosis,Non-IBD,,0.4448485814033566
866,Diagnosis,Non-IBD,,0.3152483761168514
867,Diagnosis,Non-IBD,,0.2626441068846567
868,Diagnosis,Non-IBD,,0.29424986573974926
869,Diagnosis,Non-IBD,,0.30886517630397115
870,Diagnosis,Non-IBD,,0.26435431277645244
871,Diagnosis,Non-IBD,,0.33869857062452957
872,Diagnosis,Non-IBD,,0.2939288519399878
873,Diagnosis,Non-IBD,,0.29206433082377653
874,Diagnosis,Non-IBD,,0.2400813362829473
875,Diagnosis,Non-IBD,,0.31192704474718264
876,Diagnosis,Non-IBD,,0.27026487999821
877,Diagnosis,Non-IBD,,0.3623010895956003
878,Diagnosis,Non-IBD,,0.30235559166162645
879,Diagnosis,Non-IBD,,0.3530880904808814
880,Diagnosis,Non-IBD,,0.25728044728800764
881,Diagnosis,Non-IBD,,0.32196760845497685
882,Diagnosis,Non-IBD,,0.3837865663740775
883,Diagnosis,Non-IBD,,0.29930208030106387
884,Diagnosis,Non-IBD,,0.2712402903903458
885,Diagnosis,Non-IBD,,0.29328473945493183
886,Diagnosis,Non-IBD,,0.39152068195824485
887,Diagnosis,Non-IBD,,0.3278796030256594
888,Diagnosis,Non-IBD,,0.26236048820493707
889,Diagnosis,Non-IBD,,0.2743773144979934
890,Diagnosis,Non-IBD,,0.3659232590574155
891,Diagnosis,Non-IBD,,0.3171698415110983
892,Diagnosis,Non-IBD,,0.34099524976085716
893,Diagnosis,Non-IBD,,0.3301517472161148
894,Diagnosis,Non-IBD,,0.33312037496831526
895,Diagnosis,Non-IBD,,0.3452016737399942
896,Diagnosis,Non-IBD,,0.30897140671118317
897,Diagnosis,Non-IBD,,0.25899359326679783
898,Diagnosis,Non-IBD,,0.29498882545006694
899,Diagnosis,Non-IBD,,0.26040164698713836
900,Diagnosis,Non-IBD,,0.3030432706771667
901,Diagnosis,Non-IBD,,0.35125371686857415
902,Diagnosis,Non-IBD,,0.33498400792107713
903,Diagnosis,Non-IBD,,0.31890768620592774
904,Diagnosis,Non-IBD,,0.32117750121708366
905,Diagnosis,Non-IBD,,0.30859688533943763
906,Diagnosis,Non-IBD,,0.25035568086916404
907,Diagnosis,Non-IBD,,0.2949906590387441
908,Diagnosis,Non-IBD,,0.2505318039836392
909,Diagnosis,Non-IBD,,0.3278346441985582
910,Diagnosis,Non-IBD,,0.3736912347329795
911,Diagnosis,Non-IBD,,0.2450684872735359
912,Diagnosis,Non-IBD,,0.26769038362969033
913,Diagnosis,Non-IBD,,0.2728700863076115
914,Diagnosis,Non-IBD,,0.33141124620546786
915,Diagnosis,Non-IBD,,0.260296563085113
916,Diagnosis,Non-IBD,,0.31225367994381403
917,Diagnosis,Non-IBD,,0.4274792381025362
918,Diagnosis,Non-IBD,,0.2873027210956157
919,Diagnosis,Non-IBD,,0.2908082795579773
920,Diagnosis,Non-IBD,,0.31641257157564584
921,Diagnosis,Non-IBD,,0.32126196572046134
922,Diagnosis,Non-IBD,,0.2711478973207848
923,Diagnosis,Non-IBD,,0.30912922910653506
924,Diagnosis,Non-IBD,,0.3258569041644731
925,Diagnosis,Non-IBD,,0.4519764208798429
926,Diagnosis,Non-IBD,,0.357286738728895
927,Diagnosis,Non-IBD,,0.2973808125121831
928,Diagnosis,Non-IBD,,0.3536594071970928
929,Diagnosis,Non-IBD,,0.36637376567637525
930,Diagnosis,Non-IBD,,0.2559693857227694
931,Diagnosis,Non-IBD,,0.2657319039530938
932,Diagnosis,Non-IBD,,0.307518663119285
933,Diagnosis,Non-IBD,,0.2495701173851036
934,Diagnosis,Non-IBD,,0.32271329771098956
935,Diagnosis,Non-IBD,,0.30152733419303307
936,Diagnosis,Non-IBD,,0.3708889948035925
937,Diagnosis,Non-IBD,,0.3306694706523254
938,Diagnosis,Non-IBD,,0.29260608086392675
939,Diagnosis,Non-IBD,,0.3776033869345565
940,Diagnosis,Non-IBD,,0.3419506933454198
941,Diagnosis,Non-IBD,,0.3442249799082392
942,Diagnosis,Non-IBD,,0.27597365024186127
943,Diagnosis,Non-IBD,,0.31692616917679084
944,Diagnosis,Non-IBD,,0.29369248285271665
945,Diagnosis,Non-IBD,,0.2988431382678856
946,Diagnosis,Non-IBD,,0.3402179826946834
947,Diagnosis,Non-IBD,,0.301852470373913
948,Diagnosis,Non-IBD,,0.2998524453261005
949,Diagnosis,Non-IBD,,0.3164466147236971
950,Diagnosis,Non-IBD,,0.38442455442235
951,Diagnosis,Non-IBD,,0.2624609131359753
952,Diagnosis,Non-IBD,,0.416538407148965
953,Diagnosis,Non-IBD,,0.3510674853380385
954,Diagnosis,Non-IBD,,0.2943263842638971
955,Diagnosis,Non-IBD,,0.3125657968373526
956,Diagnosis,Non-IBD,,0.30807487942118705
957,Diagnosis,Non-IBD,,0.2939220226226822
958,Diagnosis,Non-IBD,,0.35815309566181686
959,Diagnosis,Non-IBD,,0.3147082669180056
960,Diagnosis,Non-IBD,,0.2915162701096442
961,Diagnosis,Non-IBD,,0.33539664146377496
962,Diagnosis,Non-IBD,,0.2774079991195576
963,Diagnosis,Non-IBD,,0.3295172784459936
964,Diagnosis,Non-IBD,,0.3087854806078301
965,Diagnosis,Non-IBD,,0.3623590816303165
966,Diagnosis,Non-IBD,,0.29852392444303266
967,Diagnosis,Non-IBD,,0.3143979221975713
968,Diagnosis,Non-IBD,,0.35933993817382104
969,Diagnosis,Non-IBD,,0.25392626948137353
970,Diagnosis,Non-IBD,,0.3278940283711484
971,Diagnosis,Non-IBD,,0.3915765406709367
972,Diagnosis,Non-IBD,,0.2867803462500113
973,Diagnosis,Non-IBD,,0.31529197814374266
974,Diagnosis,Non-IBD,,0.27703736767470905
975,Diagnosis,Non-IBD,,0.27290440193047677
976,Diagnosis,Non-IBD,,0.35887325511052476
977,Diagnosis,Non-IBD,,0.34626381605879525
978,Diagnosis,Non-IBD,,0.3062171513303758
979,Diagnosis,Non-IBD,,0.3135231060515094
980,Diagnosis,Non-IBD,,0.355730313434509
981,Diagnosis,Non-IBD,,0.34227068692021334
982,Diagnosis,Non-IBD,,0.34549028935928333
983,Diagnosis,Non-IBD,,0.3511551383042732
984,Diagnosis,Non-IBD,,0.35175961276517326
985,Diagnosis,Non-IBD,,0.2401839635770251
986,Diagnosis,Non-IBD,,0.3849374245893893
987,Diagnosis,Non-IBD,,0.3384846747755441
988,Diagnosis,Non-IBD,,0.2920308621643068
989,Diagnosis,Non-IBD,,0.34311626107524223
990,Diagnosis,Non-IBD,,0.3468994566944682
991,Diagnosis,Non-IBD,,0.37602505836302885
992,Diagnosis,Non-IBD,,0.32106032387682665
993,Diagnosis,Non-IBD,,0.2863249881148076
994,Diagnosis,Non-IBD,,0.30381544707983604
995,Diagnosis,Non-IBD,,0.3329644564055894
996,Diagnosis,Non-IBD,,0.3346348062817951
997,Diagnosis,Non-IBD,,0.33444609712864826
998,Diagnosis,Non-IBD,,0.26580545286651625
999,Diagnosis,Non-IBD,,0.2959633432338693
1000,Diagnosis,Non-IBD,,0.2755167741793866
1001,Diagnosis,Non-IBD,,0.28560923592661663
1002,Diagnosis,Non-IBD,,0.31050412305888525
1003,Diagnosis,Non-IBD,,0.37840924397171877
1004,Diagnosis,Non-IBD,,0.26181854754979067
1005,Diagnosis,Non-IBD,,0.31908717294272154
1006,Diagnosis,Non-IBD,,0.30761622401577116
1007,Diagnosis,Non-IBD,,0.30140980229616116
1008,Diagnosis,Non-IBD,,0.3149523008620796
1009,Diagnosis,Non-IBD,,0.31694510334617226
1010,Diagnosis,Non-IBD,,0.2818644519501525
1011,Diagnosis,Non-IBD,,0.3069701586233379
1012,Diagnosis,Non-IBD,,0.2716893585481701
1013,Diagnosis,Non-IBD,,0.33997400011683215
1014,Diagnosis,Non-IBD,,0.2658754270918709
1015,Diagnosis,Non-IBD,,0.2770427220756986
1016,Diagnosis,Non-IBD,,0.21619047471249123
1017,Diagnosis,Non-IBD,,0.2727346256860169
1018,Diagnosis,Non-IBD,,0.30175036862222504
1019,Diagnosis,Non-IBD,,0.24101640481634118
1020,Diagnosis,Non-IBD,,0.2523824873169125
1021,Diagnosis,Non-IBD,,0.3447609879983773
1022,Diagnosis,Non-IBD,,0.31147096407878994
1023,Diagnosis,Non-IBD,,0.2765476183002376
1024,Diagnosis,Non-IBD,,0.383778534125843
1025,Diagnosis,Non-IBD,,0.31239086332910965
1026,Diagnosis,Non-IBD,,0.24333211252342743
1027,Diagnosis,Non-IBD,,0.34842696202669116
1028,Diagnosis,Non-IBD,,0.3344722972609434
1029,Diagnosis,Non-IBD,,0.30826330353263265
1030,Diagnosis,Non-IBD,,0.23930806696516846
1031,Diagnosis,Non-IBD,,0.3779167787565047
1032,Diagnosis,Non-IBD,,0.3150286755958545
1033,Diagnosis,Non-IBD,,0.3160302138185956
1034,Diagnosis,Non-IBD,,0.3103330992471895
1035,Diagnosis,Non-IBD,,0.3027435999913341
1036,Diagnosis,Non-IBD,,0.27017352990231797
1037,Diagnosis,Non-IBD,,0.30875334552779166
1038,Diagnosis,Non-IBD,,0.32777951813287803
1039,Diagnosis,Non-IBD,,0.32053101614377294
1040,Diagnosis,Non-IBD,,0.32464965660582273
1041,Diagnosis,Non-IBD,,0.32172146994403195
1042,Diagnosis,Non-IBD,,0.3496249718499675
1043,Diagnosis,Non-IBD,,0.2825065387257982
1044,Diagnosis,Non-IBD,,0.3645886188491272
1045,Diagnosis,Non-IBD,,0.268641765746342
1046,Diagnosis,Non-IBD,,0.3325191624942889
1047,Diagnosis,Non-IBD,,0.3019192162231694
1048,Diagnosis,Non-IBD,,0.38637956241613103
1049,Diagnosis,Non-IBD,,0.39483568970932553
1050,Diagnosis,Non-IBD,,0.29177977063420635
1051,Diagnosis,Non-IBD,,0.36202589050921063
1052,Diagnosis,Non-IBD,,0.3433987986322383
1053,Diagnosis,Non-IBD,,0.22836419361897634
1054,Diagnosis,Non-IBD,,0.39433665254336625
1055,Diagnosis,Non-IBD,,0.2817880643579558
1056,Diagnosis,Non-IBD,,0.38487322895888254
1057,Diagnosis,Non-IBD,,0.3997342504192227
1058,Diagnosis,Non-IBD,,0.2567317487270552
1059,Diagnosis,Non-IBD,,0.2606429094677151
1060,Diagnosis,Non-IBD,,0.24272003991238542
1061,Diagnosis,Non-IBD,,0.3485936742535153
1062,Diagnosis,Non-IBD,,0.2644589487485116
1063,Diagnosis,Non-IBD,,0.2661809858945822
1064,Diagnosis,Non-IBD,,0.32890869547800144
1065,Diagnosis,Non-IBD,,0.45208844554139066
1066,Diagnosis,Non-IBD,,0.32021547368489867
1067,Diagnosis,Non-IBD,,0.26203207190049344
1068,Diagnosis,Non-IBD,,0.2894347902404141
1069,Diagnosis,Non-IBD,,0.37913330683938007
1070,Diagnosis,Non-IBD,,0.2937530140352013
1071,Diagnosis,Non-IBD,,0.29952440045577866
1072,Diagnosis,Non-IBD,,0.31516543889523374
1073,Diagnosis,Non-IBD,,0.3061461069103113
1074,Diagnosis,Non-IBD,,0.3009733966240937
1075,Diagnosis,Non-IBD,,0.35345547522660037
1076,Diagnosis,Non-IBD,,0.30262989668443346
1077,Diagnosis,Non-IBD,,0.30586297128134804
1078,Diagnosis,Non-IBD,,0.3350568622795075
1079,Diagnosis,Non-IBD,,0.26823695658981606
1080,Diagnosis,Non-IBD,,0.2532133189780564
1081,Diagnosis,Non-IBD,,0.3345122294786336
1082,Diagnosis,Non-IBD,,0.3006217049046828
1083,Diagnosis,Non-IBD,,0.3727247410357371
1084,Diagnosis,Non-IBD,,0.25747698468977703
1085,Diagnosis,Non-IBD,,0.2722780527566605
1086,Diagnosis,Non-IBD,,0.2864606786804833
1087,Diagnosis,Non-IBD,,0.2931046514691765
1088,Diagnosis,Non-IBD,,0.31206269251673285
1089,Diagnosis,Non-IBD,,0.28015441972116095
1090,Diagnosis,Non-IBD,,0.32832632504400877
1091,Diagnosis,Non-IBD,,0.26222887885833346
1092,Diagnosis,Non-IBD,,0.29777115212849
1093,Diagnosis,Non-IBD,,0.300772996877073
1094,Diagnosis,Non-IBD,,0.35294817125590966
1095,Diagnosis,Non-IBD,,0.25660366310212196
1096,Diagnosis,Non-IBD,,0.29659426935214017
1097,Diagnosis,Non-IBD,,0.418821438835227
1098,Diagnosis,Non-IBD,,0.31547771447559314
1099,Diagnosis,Non-IBD,,0.24339728940212987
1100,Diagnosis,Non-IBD,,0.33306042455450824
1101,Diagnosis,Non-IBD,,0.32029207045966324
1102,Diagnosis,Non-IBD,,0.25738032606694805
1103,Diagnosis,Non-IBD,,0.24547905314683158
1104,Diagnosis,Non-IBD,,0.41209370696734704
1105,Diagnosis,Non-IBD,,0.28614208048139445
1106,Diagnosis,Non-IBD,,0.289952246253028
1107,Diagnosis,Non-IBD,,0.2841517735885708
1108,Diagnosis,Non-IBD,,0.3248402126010948
1109,Diagnosis,Non-IBD,,0.28821647411805656
1110,Diagnosis,Non-IBD,,0.350882465840837
1111,Diagnosis,Non-IBD,,0.43634262605698687
1112,Diagnosis,Non-IBD,,0.39869478479712483
1113,Diagnosis,Non-IBD,,0.4152259572828623
1114,Diagnosis,Non-IBD,,0.3807126927891742
1115,Diagnosis,Non-IBD,,0.32029734960537265
1116,Diagnosis,Non-IBD,,0.32914844812458655
1117,Diagnosis,Non-IBD,,0.3552866117276131
1118,Diagnosis,Non-IBD,,0.3679128905101124
1119,Diagnosis,Non-IBD,,0.3564443824025477
1120,Diagnosis,Non-IBD,,0.34595397492735763
1121,Diagnosis,Non-IBD,,0.2923352269627979
1122,Diagnosis,Non-IBD,,0.2757591805613777
1123,Diagnosis,Non-IBD,,0.30395225112611585
1124,Diagnosis,Non-IBD,,0.32097469956926966
1125,Diagnosis,Non-IBD,,0.2895130041374032
1126,Diagnosis,Non-IBD,,0.2770754113929714
1127,Diagnosis,Non-IBD,,0.29903590854656953
1128,Diagnosis,Non-IBD,,0.3379017111151841
1129,Diagnosis,Non-IBD,,0.33787846493458035
1130,Diagnosis,Non-IBD,,0.2927240258201064
1131,Diagnosis,Non-IBD,,0.331073645526604
1132,Diagnosis,Non-IBD,,0.31749671824049674
1133,Diagnosis,Non-IBD,,0.2910980135046545
1134,Diagnosis,Non-IBD,,0.3053268917125507
1135,Diagnosis,Non-IBD,,0.2674213650235484
1136,Diagnosis,Non-IBD,,0.2744842716669851
1137,Diagnosis,Non-IBD,,0.33053562231487016
1138,Diagnosis,Non-IBD,,0.30859792130933605
1139,Diagnosis,Non-IBD,,0.37003878693564046
1140,Diagnosis,Non-IBD,,0.2978072873776993
1141,Diagnosis,Non-IBD,,0.34169402470746596
1142,Diagnosis,Non-IBD,,0.3300241038850111
1143,Diagnosis,Non-IBD,,0.27208862542865975
1144,Diagnosis,Non-IBD,,0.3054394869679587
1145,Diagnosis,Non-IBD,,0.2776417683912055
1146,Diagnosis,Non-IBD,,0.4509374951486717
1147,Diagnosis,Non-IBD,,0.284813860720779
1148,Diagnosis,Non-IBD,,0.328164778520213
1149,Diagnosis,Non-IBD,,0.34257184227657284
1150,Diagnosis,Non-IBD,,0.2824661183808483
1151,Diagnosis,Non-IBD,,0.28230412561394047
1152,Diagnosis,Non-IBD,,0.32608030099682034
1153,Diagnosis,Non-IBD,,0.37696943859669885
1154,Diagnosis,Non-IBD,,0.3535424854160862
1155,Diagnosis,Non-IBD,,0.2810593933344175
1156,Diagnosis,Non-IBD,,0.2862601219286833
1157,Diagnosis,Non-IBD,,0.31459506586908603
1158,Diagnosis,Non-IBD,,0.2958677803769875
1159,Diagnosis,Non-IBD,,0.27377362290250395
1160,Diagnosis,Non-IBD,,0.24907536111685027
1161,Diagnosis,Non-IBD,,0.35693050942166077
1162,Diagnosis,Non-IBD,,0.3110847003990206
1163,Diagnosis,Non-IBD,,0.33807903941729955
1164,Diagnosis,Non-IBD,,0.3037533342867982
1165,Diagnosis,Non-IBD,,0.3485020992599296
1166,Diagnosis,Non-IBD,,0.28189873388752607
1167,Diagnosis,Non-IBD,,0.4258575218432081
1168,Diagnosis,Non-IBD,,0.272417350727162
1169,Diagnosis,Non-IBD,,0.3318492278924806
1170,Diagnosis,Non-IBD,,0.3242184215894761
1171,Diagnosis,Non-IBD,,0.21925374639190667
1172,Diagnosis,Non-IBD,,0.2917901136068881
1173,Diagnosis,Non-IBD,,0.32355888041299846
1174,Diagnosis,Non-IBD,,0.31654600634029356
1175,Diagnosis,Non-IBD,,0.27856807867284816
1176,Diagnosis,Non-IBD,,0.39102750831649663
1177,Diagnosis,Non-IBD,,0.2544804322591109
1178,Diagnosis,Non-IBD,,0.28928443554476313
1179,Diagnosis,Non-IBD,,0.30433369622239875
1180,Diagnosis,Non-IBD,,0.24167586143046518
1181,Diagnosis,Non-IBD,,0.3252545424059751
1182,Diagnosis,Non-IBD,,0.2652545317212486
1183,Diagnosis,Non-IBD,,0.3183402706236022
1184,Diagnosis,Non-IBD,,0.3200147092477919
1185,Diagnosis,Non-IBD,,0.2823746956709314
1186,Diagnosis,Non-IBD,,0.3131748042109628
1187,Diagnosis,Non-IBD,,0.3302855929863508
1188,Diagnosis,Non-IBD,,0.24585597962647743
1189,Diagnosis,Non-IBD,,0.3054665990055846
1190,Diagnosis,Non-IBD,,0.28923047921999
1191,Diagnosis,Non-IBD,,0.2829337454077479
1192,Diagnosis,Non-IBD,,0.22592644582804536
1193,Diagnosis,Non-IBD,,0.3230964320650566
1194,Diagnosis,Non-IBD,,0.30416215693443654
1195,Diagnosis,Non-IBD,,0.2562956834498076
1196,Diagnosis,Non-IBD,,0.35887220338626885
1197,Diagnosis,Non-IBD,,0.23679492128520904
1198,Diagnosis,Non-IBD,,0.27360088581218545
1199,Diagnosis,Non-IBD,,0.37310121870510865
1200,Diagnosis,Non-IBD,,0.4045769755749062
1201,Diagnosis,Non-IBD,,0.2378733079179498
1202,Diagnosis,Non-IBD,,0.32251435120097083
1203,Diagnosis,Non-IBD,,0.34086111592699275
1204,Diagnosis,Non-IBD,,0.3264134511467538
1205,Diagnosis,Non-IBD,,0.2630937352985662
1206,Diagnosis,Non-IBD,,0.3045927468046135
1207,Diagnosis,Non-IBD,,0.31696694723908586
1208,Diagnosis,Non-IBD,,0.31927274909616243
1209,Diagnosis,Non-IBD,,0.2537955772594412
1210,Diagnosis,Non-IBD,,0.4052313090529882
1211,Diagnosis,Non-IBD,,0.3156797866589547
1212,Diagnosis,Non-IBD,,0.2579299326946776
1213,Diagnosis,Non-IBD,,0.3294863450304122
1214,Diagnosis,Non-IBD,,0.2876109653607619
1215,Diagnosis,Non-IBD,,0.3459069799040741
1216,Diagnosis,Non-IBD,,0.31992702944275686
1217,Diagnosis,Non-IBD,,0.29317601119533926
1218,Diagnosis,Non-IBD,,0.2608750610069245
1219,Diagnosis,Non-IBD,,0.34000363015582785
1220,Diagnosis,Non-IBD,,0.32687820838013315
1221,Diagnosis,Non-IBD,,0.31709094259768317
1222,Diagnosis,Non-IBD,,0.3101420337904108
1223,Diagnosis,Non-IBD,,0.33554660493110144
1224,Diagnosis,Non-IBD,,0.2563370700168045
1225,Diagnosis,Non-IBD,,0.3400791361282037
1226,Diagnosis,Non-IBD,,0.2859164144727361
1227,Diagnosis,Non-IBD,,0.2715169319876726
1228,Diagnosis,Non-IBD,,0.25114667520935413
1229,Diagnosis,Non-IBD,,0.34562585612452795
1230,Diagnosis,Non-IBD,,0.3234991927290407
1231,Diagnosis,Non-IBD,,0.3375914767521946
1232,Diagnosis,Non-IBD,,0.30683874502156283
1233,Diagnosis,Non-IBD,,0.25521682789165695
1234,Diagnosis,Non-IBD,,0.39338011204653967
1235,Diagnosis,Non-IBD,,0.3005070639404756
1236,Diagnosis,Non-IBD,,0.2646821891823885
1237,Diagnosis,Non-IBD,,0.3358002379375139
1238,Diagnosis,Non-IBD,,0.27305840796439634
1239,Diagnosis,Non-IBD,,0.3525759874773075
1240,Diagnosis,Non-IBD,,0.3210878838879421
1241,Diagnosis,Non-IBD,,0.31557491405883553
1242,Diagnosis,Non-IBD,,0.28263777615873087
1243,Diagnosis,Non-IBD,,0.35318144045360433
1244,Diagnosis,Non-IBD,,0.30478132175349093
1245,Diagnosis,Non-IBD,,0.3281162997385031
1246,Diagnosis,Non-IBD,,0.2762393267759512
1247,Diagnosis,Non-IBD,,0.3156456792419856
1248,Diagnosis,Non-IBD,,0.28941458197774916
1249,Diagnosis,Non-IBD,,0.31078113375316524
1250,Diagnosis,Non-IBD,,0.3629559698562106
1251,Diagnosis,Non-IBD,,0.3226686274718322
1252,Diagnosis,Non-IBD,,0.27813750435766466
1253,Diagnosis,Non-IBD,,0.282747448706386
1254,Diagnosis,Non-IBD,,0.27720767500541227
1255,Diagnosis,Non-IBD,,0.31388409263524464
1256,Diagnosis,Non-IBD,,0.3215048369723105
1257,Diagnosis,Non-IBD,,0.265088895856088
1258,Diagnosis,Non-IBD,,0.30164341547221135
1259,Diagnosis,Non-IBD,,0.2810499318620366
1260,Diagnosis,Non-IBD,,0.2715882342635213
1261,Diagnosis,Non-IBD,,0.3547220481727554
1262,Diagnosis,Non-IBD,,0.25201436368655866
1263,Diagnosis,Non-IBD,,0.35482422623691906
1264,Diagnosis,Non-IBD,,0.32926304724608574
1265,Diagnosis,Non-IBD,,0.3109110788914128
1266,Diagnosis,Non-IBD,,0.3053422179747419
1267,Diagnosis,Non-IBD,,0.27375674279821
1268,Diagnosis,Non-IBD,,0.2945028014466248
1269,Diagnosis,Non-IBD,,0.2783294223930432
1270,Diagnosis,Non-IBD,,0.3211777517864322
1271,Diagnosis,Non-IBD,,0.3048102906673916
1272,Diagnosis,Non-IBD,,0.21972086246160008
1273,Diagnosis,Non-IBD,,0.2976904218674716
1274,Diagnosis,Non-IBD,,0.34927939837951755
1275,Diagnosis,Non-IBD,,0.24799713437284504
1276,Diagnosis,Non-IBD,,0.3154978740355282
1277,Diagnosis,Non-IBD,,0.31837780485631656
1278,Diagnosis,Non-IBD,,0.40379397728327193
1279,Diagnosis,Non-IBD,,0.28217802625299837
1280,Diagnosis,Non-IBD,,0.31363933894869317
1281,Diagnosis,Non-IBD,,0.24237772433597765
1282,Diagnosis,Non-IBD,,0.29170838239156616
1283,Diagnosis,Non-IBD,,0.2881499469591743
1284,Diagnosis,Non-IBD,,0.2343206138703348
1285,Diagnosis,Non-IBD,,0.2778819401983577
1286,Diagnosis,Non-IBD,,0.32100732870504206
1287,Diagnosis,Non-IBD,,0.29733293341559625
1288,Diagnosis,Non-IBD,,0.28883605049203825
1289,Diagnosis,Non-IBD,,0.30366882632660475
1290,Diagnosis,Non-IBD,,0.27959692357765964
1291,Diagnosis,Non-IBD,,0.32443277826935774
1292,Diagnosis,Non-IBD,,0.3578571474311429
1293,Diagnosis,Non-IBD,,0.24991528567444896
1294,Diagnosis,Non-IBD,,0.2511322745624878
1295,Diagnosis,Non-IBD,,0.2816048359981112
1296,Diagnosis,Non-IBD,,0.24939827484005148
1297,Diagnosis,Non-IBD,,0.31924751657276496
1298,Diagnosis,Non-IBD,,0.43065366335037614
1299,Diagnosis,Non-IBD,,0.4927999166443167
1300,Diagnosis,Non-IBD,,0.31828890875715754
1301,Diagnosis,Non-IBD,,0.31220271741994593
1302,Diagnosis,Non-IBD,,0.3250231361620662
1303,Diagnosis,Non-IBD,,0.3225826226540749
1304,Diagnosis,Non-IBD,,0.2974194460131187
1305,Diagnosis,Non-IBD,,0.30654660383983856
1306,Diagnosis,Non-IBD,,0.35640545087027614
1307,Diagnosis,Non-IBD,,0.2760459370645824
1308,Diagnosis,Non-IBD,,0.2879857336548374
1309,Diagnosis,Non-IBD,,0.2710843891081992
1310,Diagnosis,Non-IBD,,0.35790988627532794
1311,Diagnosis,Non-IBD,,0.23003149893482652
1312,Diagnosis,Non-IBD,,0.36732219283706435
1313,Diagnosis,Non-IBD,,0.26679358765341726
1314,Diagnosis,Non-IBD,,0.35979790859930155
1315,Diagnosis,Non-IBD,,0.35217388799616345
1316,Diagnosis,Non-IBD,,0.2715153724550903
1317,Diagnosis,Non-IBD,,0.29657667132473836
1318,Diagnosis,Non-IBD,,0.2971475607920102
1319,Diagnosis,Non-IBD,,0.3383149957218358
1320,Diagnosis,Non-IBD,,0.28886263899596787
1321,Diagnosis,Non-IBD,,0.3434364673077425
1322,Diagnosis,Non-IBD,,0.28828639455576
1323,Diagnosis,Non-IBD,,0.3325793661345173
1324,Diagnosis,Non-IBD,,0.36754815058281576
1325,Diagnosis,Non-IBD,,0.2619969992524851
1326,Diagnosis,Non-IBD,,0.24218211851139604
1327,Diagnosis,Non-IBD,,0.435366820823136
1328,Diagnosis,Non-IBD,,0.2646952040261895
1329,Diagnosis,Non-IBD,,0.2618203123416062
1330,Diagnosis,Non-IBD,,0.3212282441074136
1331,Diagnosis,Non-IBD,,0.3081067397920711
1332,Diagnosis,Non-IBD,,0.3194885465320152
1333,Diagnosis,Non-IBD,,0.3906333956532142
1334,Diagnosis,Non-IBD,,0.30439080978516486
1335,Diagnosis,Non-IBD,,0.317302097449898
1336,Diagnosis,Non-IBD,,0.3129058237007299
1337,Diagnosis,Non-IBD,,0.3099775297758933
1338,Diagnosis,Non-IBD,,0.24709084615048282
1339,Diagnosis,Non-IBD,,0.3525665010689952
1340,Diagnosis,Non-IBD,,0.2683538007534005
1341,Diagnosis,Non-IBD,,0.2386771982203931
1342,Diagnosis,Non-IBD,,0.3187507519209299
1343,Diagnosis,Non-IBD,,0.3535023190911599
1344,Diagnosis,Non-IBD,,0.3333247988144011
1345,Diagnosis,Non-IBD,,0.30737616664612594
1346,Diagnosis,Non-IBD,,0.2742036686213595
1347,Diagnosis,Non-IBD,,0.2969881499209758
1348,Diagnosis,Non-IBD,,0.3804301438404628
1349,Diagnosis,Non-IBD,,0.29680362828776025
1350,Diagnosis,Non-IBD,,0.3079778633138059
1351,Diagnosis,Non-IBD,,0.36128986017423664
1352,Diagnosis,Non-IBD,,0.32989865888985126
1353,Diagnosis,Non-IBD,,0.2399556301794341
1354,Diagnosis,Non-IBD,,0.29069493886822184
1355,Diagnosis,Non-IBD,,0.328037389200032
1356,Diagnosis,Non-IBD,,0.2678350674970589
1357,Diagnosis,Non-IBD,,0.31556024266760946
1358,Diagnosis,Non-IBD,,0.34833107919916567
1359,Diagnosis,Non-IBD,,0.42946312021861766
1360,Diagnosis,Non-IBD,,0.2656335843372816
1361,Diagnosis,Non-IBD,,0.2864418202265951
1362,Diagnosis,Non-IBD,,0.2673438737827221
1363,Diagnosis,Non-IBD,,0.3233369884028928
1364,Diagnosis,Non-IBD,,0.3161868764100057
1365,Diagnosis,Non-IBD,,0.2775239735183835
1366,Diagnosis,Non-IBD,,0.39635533114070304
1367,Diagnosis,Non-IBD,,0.3012878861385625
1368,Diagnosis,Non-IBD,,0.3064956196334458
1369,Diagnosis,Non-IBD,,0.3172917354832674
1370,Diagnosis,Non-IBD,,0.3539659146346599
1371,Diagnosis,Non-IBD,,0.3388304187173494
1372,Diagnosis,Non-IBD,,0.27127051172236855
1373,Diagnosis,Non-IBD,,0.4145190685641349
1374,Diagnosis,Non-IBD,,0.3020320528460389
1375,Diagnosis,Non-IBD,,0.3605044445903057
1376,Diagnosis,Non-IBD,,0.28959742116238407
1377,Diagnosis,Non-IBD,,0.2290970374036662
1378,Diagnosis,Non-IBD,,0.3198821500498169
1379,Diagnosis,Non-IBD,,0.2530014073075153
1380,Diagnosis,Non-IBD,,0.3036036035977155
1381,Diagnosis,Non-IBD,,0.3200620166481312
1382,Diagnosis,Non-IBD,,0.3593815062646882
1383,Diagnosis,Non-IBD,,0.32705330053181636
1384,Diagnosis,Non-IBD,,0.2893044825224616
1385,Diagnosis,Non-IBD,,0.3115426345282234
1386,Diagnosis,Non-IBD,,0.326469066686446
1387,Diagnosis,Non-IBD,,0.36217211395394316
1388,Diagnosis,Non-IBD,,0.36240346279454033
1389,Diagnosis,Non-IBD,,0.25654179457027754
1390,Diagnosis,Non-IBD,,0.30601629959585025
1391,Diagnosis,Non-IBD,,0.2572766376851421
1392,Diagnosis,Non-IBD,,0.2922590079490156
1393,Diagnosis,Non-IBD,,0.30452160020459934
1394,Diagnosis,Non-IBD,,0.2676022618496706
1395,Diagnosis,Non-IBD,,0.2808408595154022
1396,Diagnosis,Non-IBD,,0.3125589332758681
1397,Diagnosis,Non-IBD,,0.29868362561304
1398,Diagnosis,Non-IBD,,0.3078765448136964
1399,Diagnosis,Non-IBD,,0.3141098695911453
1400,Diagnosis,Non-IBD,,0.3775397902841989
1401,Diagnosis,Non-IBD,,0.2853395790458936
1402,Diagnosis,Non-IBD,,0.2898583573898283
1403,Diagnosis,Non-IBD,,0.3765706344099254
1404,Diagnosis,Non-IBD,,0.3716835276235669
1405,Diagnosis,Non-IBD,,0.30018823819048013
1406,Diagnosis,Non-IBD,,0.2660584212666218
1407,Diagnosis,Non-IBD,,0.2510263612978383
1408,Diagnosis,Non-IBD,,0.3198835126282414
1409,Diagnosis,Non-IBD,,0.26341118151788456
1410,Diagnosis,Non-IBD,,0.303625442371967
1411,Diagnosis,Non-IBD,,0.3239025832713125
1412,Diagnosis,Non-IBD,,0.2927183391140641
1413,Diagnosis,Non-IBD,,0.309045002286199
1414,Diagnosis,Non-IBD,,0.3748276835170382
1415,Diagnosis,Non-IBD,,0.2888613490123331
1416,Diagnosis,Non-IBD,,0.3591323737280558
1417,Diagnosis,Non-IBD,,0.2831634955288829
1418,Diagnosis,Non-IBD,,0.33589770974336786
1419,Diagnosis,Non-IBD,,0.3214483371106367
1420,Diagnosis,Non-IBD,,0.32575108333414543
1421,Diagnosis,Non-IBD,,0.3246785073959282
1422,Diagnosis,Non-IBD,,0.346284163190318
1423,Diagnosis,Non-IBD,,0.36931265974791455
1424,Diagnosis,Non-IBD,,0.36426026047777704
1425,Diagnosis,Non-IBD,,0.31012317781400706
1426,Diagnosis,Non-IBD,,0.26977832060125034
1427,Diagnosis,Non-IBD,,0.3039318407242
1428,Diagnosis,Non-IBD,,0.30474621351439596
1429,Diagnosis,Non-IBD,,0.3149682454994219
1430,Diagnosis,Non-IBD,,0.3359509745839881
1431,Diagnosis,Non-IBD,,0.26278758545583536
1432,Diagnosis,Non-IBD,,0.24133145921802898
1433,Diagnosis,Non-IBD,,0.38018440143109256
1434,Diagnosis,Non-IBD,,0.27022767471876075
1435,Diagnosis,Non-IBD,,0.33114243150982364
1436,Diagnosis,Non-IBD,,0.3031066757701687
1437,Diagnosis,Non-IBD,,0.2767986987682503
1438,Diagnosis,Non-IBD,,0.27631866504300123
1439,Diagnosis,Non-IBD,,0.36417812754623324
1440,Diagnosis,Non-IBD,,0.3447841098293283
1441,Diagnosis,Non-IBD,,0.3323004188105306
1442,Diagnosis,Non-IBD,,0.288471164874241
1443,Diagnosis,Non-IBD,,0.24371795728158704
1444,Diagnosis,Non-IBD,,0.31514746003577937
1445,Diagnosis,Non-IBD,,0.30096461465448443
1446,Diagnosis,Non-IBD,,0.31555609871306406
1447,Diagnosis,Non-IBD,,0.31398528764353717
1448,Diagnosis,Non-IBD,,0.30068721991925085
1449,Diagnosis,Non-IBD,,0.3769187643107111
1450,Diagnosis,Non-IBD,,0.2684221391515474
1451,Diagnosis,Non-IBD,,0.24301955072732315
1452,Diagnosis,Non-IBD,,0.2816923028329663
1453,Diagnosis,Non-IBD,,0.2612972933161895
1454,Diagnosis,Non-IBD,,0.3298047436296472
1455,Diagnosis,Non-IBD,,0.30578662143223867
1456,Diagnosis,Non-IBD,,0.32495541933515903
1457,Diagnosis,Non-IBD,,0.3869795725834056
1458,Diagnosis,Non-IBD,,0.33450799853831004
1459,Diagnosis,Non-IBD,,0.34286046777780904
1460,Diagnosis,Non-IBD,,0.28718319365881056
1461,Diagnosis,Non-IBD,,0.2665960229426426
1462,Diagnosis,Non-IBD,,0.3465066422125054
1463,Diagnosis,Non-IBD,,0.30996919541295737
1464,Diagnosis,Non-IBD,,0.3282685636318305
1465,Diagnosis,Non-IBD,,0.36392222529555984
1466,Diagnosis,Non-IBD,,0.2884786773350512
1467,Diagnosis,Non-IBD,,0.39131058055731516
1468,Diagnosis,Non-IBD,,0.2682664869765615
1469,Diagnosis,Non-IBD,,0.34901926409926065
1470,Diagnosis,Non-IBD,,0.3950657970950978
1471,Diagnosis,Non-IBD,,0.31881665689838823
1472,Diagnosis,Non-IBD,,0.3874065737792322
1473,Diagnosis,Non-IBD,,0.3385693036674003
1474,Diagnosis,Non-IBD,,0.35233027668616185
1475,Diagnosis,Non-IBD,,0.39741184233891325
1476,Diagnosis,Non-IBD,,0.32502040528492204
1477,Diagnosis,Non-IBD,,0.25488586961481674
1478,Diagnosis,Non-IBD,,0.35478153721661637
1479,Diagnosis,Non-IBD,,0.3171416224994724
1480,Diagnosis,Non-IBD,,0.4099487925503411
1481,Diagnosis,Non-IBD,,0.3245411629650246
1482,Diagnosis,Non-IBD,,0.3115783914950376
1483,Diagnosis,Non-IBD,,0.32342065866596525
1484,Diagnosis,Non-IBD,,0.2790435974138347
1485,Diagnosis,Non-IBD,,0.2556894528267695
1486,Diagnosis,Non-IBD,,0.28233992773971067
1487,Diagnosis,Non-IBD,,0.24396136469601598
1488,Diagnosis,Non-IBD,,0.341034665188053
1489,Diagnosis,Non-IBD,,0.3102302962692068
1490,Diagnosis,Non-IBD,,0.301304675986039
1491,Diagnosis,Non-IBD,,0.2718272504656719
1492,Diagnosis,Non-IBD,,0.29353228080003685
1493,Diagnosis,Non-IBD,,0.3299982451585081
1494,Diagnosis,Non-IBD,,0.33926161860158865
1495,Diagnosis,Non-IBD,,0.2847763136000821
1496,Diagnosis,Non-IBD,,0.34200454712374545
1497,Diagnosis,Non-IBD,,0.2645395361767533
1498,Diagnosis,Non-IBD,,0.3410264375551741
1499,Diagnosis,Non-IBD,,0.36226973074938573
0,Current HI,Low,,0.2591318046367848
1,Current HI,Low,,0.24195738063193975
2,Current HI,Low,,0.33480024309616074
3,Current HI,Low,,0.268399717524791
4,Current HI,Low,,0.28186645200317134
5,Current HI,Low,,0.3437226985968403
6,Current HI,Low,,0.27461842632638483
7,Current HI,Low,,0.3184443964838429
8,Current HI,Low,,0.269949893299912
9,Current HI,Low,,0.2871231269651179
10,Current HI,Low,,0.3137861076831864
11,Current HI,Low,,0.30261862583417265
12,Current HI,Low,,0.30809935109733605
13,Current HI,Low,,0.263302322654961
14,Current HI,Low,,0.3253228108929283
15,Current HI,Low,,0.26920979355889146
16,Current HI,Low,,0.3130834794703548
17,Current HI,Low,,0.28213150347228083
18,Current HI,Low,,0.2947998608618493
19,Current HI,Low,,0.3025406812382465
20,Current HI,Low,,0.24102442041178537
21,Current HI,Low,,0.3118655075209698
22,Current HI,Low,,0.32401185527315823
23,Current HI,Low,,0.3094017800042221
24,Current HI,Low,,0.309833184729931
25,Current HI,Low,,0.2840092178767023
26,Current HI,Low,,0.2965643113363112
27,Current HI,Low,,0.25668851039874907
28,Current HI,Low,,0.2832207995707483
29,Current HI,Low,,0.23733655245891086
30,Current HI,Low,,0.3200291003407852
31,Current HI,Low,,0.2762853502363549
32,Current HI,Low,,0.3266550385725878
33,Current HI,Low,,0.33525205913381456
34,Current HI,Low,,0.3141511531704325
35,Current HI,Low,,0.2649423279918845
36,Current HI,Low,,0.2791811290872847
37,Current HI,Low,,0.33245983081115443
38,Current HI,Low,,0.26143942483198707
39,Current HI,Low,,0.2576527504380175
40,Current HI,Low,,0.28230906550434154
41,Current HI,Low,,0.35430805294073736
42,Current HI,Low,,0.2998581017182235
43,Current HI,Low,,0.3048011823638262
44,Current HI,Low,,0.2288583393479117
45,Current HI,Low,,0.28677805679866
46,Current HI,Low,,0.26358889321295964
47,Current HI,Low,,0.24006818393658247
48,Current HI,Low,,0.24931509919835526
49,Current HI,Low,,0.24292684237557022
50,Current HI,Low,,0.3406872325737814
51,Current HI,Low,,0.31177018759131137
52,Current HI,Low,,0.28045283916367253
53,Current HI,Low,,0.2548172717320802
54,Current HI,Low,,0.29979025670966797
55,Current HI,Low,,0.3248119159213453
56,Current HI,Low,,0.3212938127661813
57,Current HI,Low,,0.26621076679690364
58,Current HI,Low,,0.2178484005459471
59,Current HI,Low,,0.26350538762691983
60,Current HI,Low,,0.3369230860117586
61,Current HI,Low,,0.29285649788609713
62,Current HI,Low,,0.28595334492846775
63,Current HI,Low,,0.22698667363570166
64,Current HI,Low,,0.25509406560368847
65,Current HI,Low,,0.30905193803920755
66,Current HI,Low,,0.26966276869947897
67,Current HI,Low,,0.30290379513396043
68,Current HI,Low,,0.29817170391758696
69,Current HI,Low,,0.3389910477649727
70,Current HI,Low,,0.3427069377599615
71,Current HI,Low,,0.3151738103659682
72,Current HI,Low,,0.29550941072848314
73,Current HI,Low,,0.2435920874756707
74,Current HI,Low,,0.3819607301043153
75,Current HI,Low,,0.2774414460624448
76,Current HI,Low,,0.3543247254108081
77,Current HI,Low,,0.29924388076861375
78,Current HI,Low,,0.26573927416224874
79,Current HI,Low,,0.29707393456081754
80,Current HI,Low,,0.25517156988292095
81,Current HI,Low,,0.27278310880321593
82,Current HI,Low,,0.25409621045607733
83,Current HI,Low,,0.3210119429773168
84,Current HI,Low,,0.2731004157755331
85,Current HI,Low,,0.33322852306359213
86,Current HI,Low,,0.22931203389134053
87,Current HI,Low,,0.32342098458526153
88,Current HI,Low,,0.2817325894705622
89,Current HI,Low,,0.27585975246882705
90,Current HI,Low,,0.3914277762953466
91,Current HI,Low,,0.2763897984288434
92,Current HI,Low,,0.2521951902907106
93,Current HI,Low,,0.22965053784156808
94,Current HI,Low,,0.2862898932394554
95,Current HI,Low,,0.2584139649183013
96,Current HI,Low,,0.2603996387815643
97,Current HI,Low,,0.30711666576111485
98,Current HI,Low,,0.27257733633823183
99,Current HI,Low,,0.2806030420686623
100,Current HI,Low,,0.33944730902249576
101,Current HI,Low,,0.28406353046194993
102,Current HI,Low,,0.25767553645035435
103,Current HI,Low,,0.23936770924156234
104,Current HI,Low,,0.26956614694392766
105,Current HI,Low,,0.25694158535915973
106,Current HI,Low,,0.28476054939171885
107,Current HI,Low,,0.26177248446682444
108,Current HI,Low,,0.3011979918072231
109,Current HI,Low,,0.28807075300173124
110,Current HI,Low,,0.2294167476113296
111,Current HI,Low,,0.3035921666463952
112,Current HI,Low,,0.33048683783222893
113,Current HI,Low,,0.2800443148943419
114,Current HI,Low,,0.23929104432206816
115,Current HI,Low,,0.33089665534799045
116,Current HI,Low,,0.3414414455102413
117,Current HI,Low,,0.25803359137809767
118,Current HI,Low,,0.29076519727873384
119,Current HI,Low,,0.34333195954691936
120,Current HI,Low,,0.2824880357032184
121,Current HI,Low,,0.3007440021356521
122,Current HI,Low,,0.2902860227077131
123,Current HI,Low,,0.290168773889501
124,Current HI,Low,,0.2800245612515106
125,Current HI,Low,,0.30693124058086124
126,Current HI,Low,,0.3410408566310325
127,Current HI,Low,,0.2824767019731659
128,Current HI,Low,,0.29906141942896564
129,Current HI,Low,,0.2895028337665235
130,Current HI,Low,,0.30270628843423153
131,Current HI,Low,,0.2640168906188565
132,Current HI,Low,,0.35426330643424686
133,Current HI,Low,,0.27641961115112
134,Current HI,Low,,0.2748667936486103
135,Current HI,Low,,0.3603498218281227
136,Current HI,Low,,0.2311279744902031
137,Current HI,Low,,0.30952307807599644
138,Current HI,Low,,0.25373406779724944
139,Current HI,Low,,0.2735927785831702
140,Current HI,Low,,0.28914102544591874
141,Current HI,Low,,0.28788779450493246
142,Current HI,Low,,0.30177069357001474
143,Current HI,Low,,0.28210969388850643
144,Current HI,Low,,0.2760589145219703
145,Current HI,Low,,0.27298181000410743
146,Current HI,Low,,0.2825833062819724
147,Current HI,Low,,0.302343691165163
148,Current HI,Low,,0.3338170696851312
149,Current HI,Low,,0.29223731937735525
150,Current HI,Low,,0.26957189585409896
151,Current HI,Low,,0.3434207031689579
152,Current HI,Low,,0.2658301927122479
153,Current HI,Low,,0.31148931497325827
154,Current HI,Low,,0.28492126777594073
155,Current HI,Low,,0.24020793786520553
156,Current HI,Low,,0.3442419330175915
157,Current HI,Low,,0.27607231791143977
158,Current HI,Low,,0.2741070774805346
159,Current HI,Low,,0.3090291258488576
160,Current HI,Low,,0.2905850091234536
161,Current HI,Low,,0.23449727794727895
162,Current HI,Low,,0.2920432061935456
163,Current HI,Low,,0.2768469924588588
164,Current HI,Low,,0.25423271675327336
165,Current HI,Low,,0.34023863362598716
166,Current HI,Low,,0.3003460390379793
167,Current HI,Low,,0.26705021057438244
168,Current HI,Low,,0.25449078227232064
169,Current HI,Low,,0.2836169350518511
170,Current HI,Low,,0.31251362714263586
171,Current HI,Low,,0.2345571119759647
172,Current HI,Low,,0.2708902226633852
173,Current HI,Low,,0.34303067118314684
174,Current HI,Low,,0.2513871493193083
175,Current HI,Low,,0.2602014808693927
176,Current HI,Low,,0.28102828333422464
177,Current HI,Low,,0.2861183383976148
178,Current HI,Low,,0.3769607374251211
179,Current HI,Low,,0.27346046075666813
180,Current HI,Low,,0.3277596755078035
181,Current HI,Low,,0.32206765079950816
182,Current HI,Low,,0.28971023288530356
183,Current HI,Low,,0.26626968010033003
184,Current HI,Low,,0.29310739880591424
185,Current HI,Low,,0.2979585171807834
186,Current HI,Low,,0.2646284911586003
187,Current HI,Low,,0.300172780173605
188,Current HI,Low,,0.2422322857556955
189,Current HI,Low,,0.3350806864609052
190,Current HI,Low,,0.29677806325329553
191,Current HI,Low,,0.2604931141739105
192,Current HI,Low,,0.33892383760474426
193,Current HI,Low,,0.33317100355779117
194,Current HI,Low,,0.2789940859757373
195,Current HI,Low,,0.32688281392763996
196,Current HI,Low,,0.2719289590624118
197,Current HI,Low,,0.3465663654312147
198,Current HI,Low,,0.258512923629613
199,Current HI,Low,,0.23734793350906505
200,Current HI,Low,,0.3041608334504712
201,Current HI,Low,,0.2889156878820495
202,Current HI,Low,,0.24178912043581763
203,Current HI,Low,,0.26411644467382883
204,Current HI,Low,,0.25945410677484476
205,Current HI,Low,,0.2682172209615955
206,Current HI,Low,,0.3197835985256874
207,Current HI,Low,,0.29620470045857256
208,Current HI,Low,,0.3156608131224337
209,Current HI,Low,,0.25855959092207764
210,Current HI,Low,,0.26560025992631486
211,Current HI,Low,,0.2897367586337911
212,Current HI,Low,,0.2644263759293681
213,Current HI,Low,,0.30748543052715926
214,Current HI,Low,,0.2642543641577227
215,Current HI,Low,,0.36355050447759335
216,Current HI,Low,,0.26601551203315127
217,Current HI,Low,,0.3111037078918103
218,Current HI,Low,,0.2663028726640399
219,Current HI,Low,,0.3321657430723584
220,Current HI,Low,,0.2865212592234448
221,Current HI,Low,,0.29328488975753925
222,Current HI,Low,,0.2979311831190827
223,Current HI,Low,,0.28769483463866624
224,Current HI,Low,,0.2919555709674331
225,Current HI,Low,,0.332903293948542
226,Current HI,Low,,0.3018870192719608
227,Current HI,Low,,0.27066589646315825
228,Current HI,Low,,0.34890119855020696
229,Current HI,Low,,0.25320133325809563
230,Current HI,Low,,0.3199545202468722
231,Current HI,Low,,0.25616961005856037
232,Current HI,Low,,0.21466187081272575
233,Current HI,Low,,0.28410391451609035
234,Current HI,Low,,0.2819121587377354
235,Current HI,Low,,0.3738904227793469
236,Current HI,Low,,0.3310864300598046
237,Current HI,Low,,0.31617391688425517
238,Current HI,Low,,0.3607750225402377
239,Current HI,Low,,0.3167149621894148
240,Current HI,Low,,0.28366600770745537
241,Current HI,Low,,0.288561569079583
242,Current HI,Low,,0.33142949637763863
243,Current HI,Low,,0.31144500908935735
244,Current HI,Low,,0.2596305937444862
245,Current HI,Low,,0.3285034283168949
246,Current HI,Low,,0.28479917045994835
247,Current HI,Low,,0.2885984911582636
248,Current HI,Low,,0.27152799666300903
249,Current HI,Low,,0.28842252957222564
250,Current HI,Low,,0.27575110040427836
251,Current HI,Low,,0.38804622141202383
252,Current HI,Low,,0.28762147506252556
253,Current HI,Low,,0.29413564418904403
254,Current HI,Low,,0.2870735693142182
255,Current HI,Low,,0.29517344098027487
256,Current HI,Low,,0.28426705715781836
257,Current HI,Low,,0.2698169188954496
258,Current HI,Low,,0.2684233224310619
259,Current HI,Low,,0.26296192962117937
260,Current HI,Low,,0.2661402259190747
261,Current HI,Low,,0.24038307349088833
262,Current HI,Low,,0.28995218026083985
263,Current HI,Low,,0.2987863547135622
264,Current HI,Low,,0.3066456954090969
265,Current HI,Low,,0.2860031904879412
266,Current HI,Low,,0.3156158358274597
267,Current HI,Low,,0.28850467448974054
268,Current HI,Low,,0.3003789646209677
269,Current HI,Low,,0.2675587609322655
270,Current HI,Low,,0.32413277164066745
271,Current HI,Low,,0.2794633060648795
272,Current HI,Low,,0.31230087874245066
273,Current HI,Low,,0.2827055040833047
274,Current HI,Low,,0.31791000926232593
275,Current HI,Low,,0.27589119090550474
276,Current HI,Low,,0.2868546595395053
277,Current HI,Low,,0.33091213554913695
278,Current HI,Low,,0.27446866791678143
279,Current HI,Low,,0.3328422621818356
280,Current HI,Low,,0.24345919489619525
281,Current HI,Low,,0.28818983956884586
282,Current HI,Low,,0.25797629392782645
283,Current HI,Low,,0.30037586893030793
284,Current HI,Low,,0.259429780545514
285,Current HI,Low,,0.2381541770587409
286,Current HI,Low,,0.30458832039283973
287,Current HI,Low,,0.28941464170016856
288,Current HI,Low,,0.27036075490465483
289,Current HI,Low,,0.2899351013234518
290,Current HI,Low,,0.27498716647234006
291,Current HI,Low,,0.2646264666831385
292,Current HI,Low,,0.25923045661978145
293,Current HI,Low,,0.26959192423835826
294,Current HI,Low,,0.31741324262860143
295,Current HI,Low,,0.3184597826670909
296,Current HI,Low,,0.3056738613575235
297,Current HI,Low,,0.21287182762396314
298,Current HI,Low,,0.3092002172334645
299,Current HI,Low,,0.2767272026761125
300,Current HI,Low,,0.30940532127759446
301,Current HI,Low,,0.2711233028209808
302,Current HI,Low,,0.3006795831174333
303,Current HI,Low,,0.33691029965525393
304,Current HI,Low,,0.34173338740414794
305,Current HI,Low,,0.24750727458041116
306,Current HI,Low,,0.2485068038723656
307,Current HI,Low,,0.3170350336631469
308,Current HI,Low,,0.277264206465276
309,Current HI,Low,,0.32811945030962214
310,Current HI,Low,,0.27454438195450875
311,Current HI,Low,,0.3603276456306456
312,Current HI,Low,,0.3130731790994459
313,Current HI,Low,,0.2818441024799228
314,Current HI,Low,,0.23235449531998886
315,Current HI,Low,,0.261210873577313
316,Current HI,Low,,0.2235000429097245
317,Current HI,Low,,0.29077513118764775
318,Current HI,Low,,0.3192188493442472
319,Current HI,Low,,0.26522952217611273
320,Current HI,Low,,0.2352613536604411
321,Current HI,Low,,0.2576485892132063
322,Current HI,Low,,0.2822979009692385
323,Current HI,Low,,0.35134065808154985
324,Current HI,Low,,0.234919699727278
325,Current HI,Low,,0.295249919878306
326,Current HI,Low,,0.29187417229013035
327,Current HI,Low,,0.22212261896397392
328,Current HI,Low,,0.29936655959536296
329,Current HI,Low,,0.2443317932457723
330,Current HI,Low,,0.32769514515523623
331,Current HI,Low,,0.3041729375285017
332,Current HI,Low,,0.24009332603649408
333,Current HI,Low,,0.34247641900474124
334,Current HI,Low,,0.3219295892973476
335,Current HI,Low,,0.26799202852411536
336,Current HI,Low,,0.2805083367378385
337,Current HI,Low,,0.27576008101437577
338,Current HI,Low,,0.28839246354212045
339,Current HI,Low,,0.348826336978937
340,Current HI,Low,,0.28150539240193406
341,Current HI,Low,,0.2723755807281722
342,Current HI,Low,,0.31318969807507796
343,Current HI,Low,,0.23191643984909077
344,Current HI,Low,,0.2471951997972003
345,Current HI,Low,,0.289637642769937
346,Current HI,Low,,0.31215953570764265
347,Current HI,Low,,0.22515172678337136
348,Current HI,Low,,0.29968685948734697
349,Current HI,Low,,0.2715830566935648
350,Current HI,Low,,0.2844285752406985
351,Current HI,Low,,0.30563267474857486
352,Current HI,Low,,0.24965105917452596
353,Current HI,Low,,0.28543198884506643
354,Current HI,Low,,0.2794212092731014
355,Current HI,Low,,0.27289088484172225
356,Current HI,Low,,0.26509776237774063
357,Current HI,Low,,0.2545870703340738
358,Current HI,Low,,0.2815977425176502
359,Current HI,Low,,0.3071561872377159
360,Current HI,Low,,0.260054990440211
361,Current HI,Low,,0.2673395176395036
362,Current HI,Low,,0.2971916655924602
363,Current HI,Low,,0.30054955702931185
364,Current HI,Low,,0.27786074781945425
365,Current HI,Low,,0.2893740043171642
366,Current HI,Low,,0.29777189309111995
367,Current HI,Low,,0.2973766954473291
368,Current HI,Low,,0.29186037334464277
369,Current HI,Low,,0.29432029896239853
370,Current HI,Low,,0.2842580112335909
371,Current HI,Low,,0.3288261890307034
372,Current HI,Low,,0.34726700256410953
373,Current HI,Low,,0.23304524081837794
374,Current HI,Low,,0.33463317540459103
375,Current HI,Low,,0.26705695226511184
376,Current HI,Low,,0.2933361833000921
377,Current HI,Low,,0.2512225922581342
378,Current HI,Low,,0.2735481474429785
379,Current HI,Low,,0.2673291721787642
380,Current HI,Low,,0.2881726248419203
381,Current HI,Low,,0.2468204288265353
382,Current HI,Low,,0.2537260828317412
383,Current HI,Low,,0.31111082654361083
384,Current HI,Low,,0.3181616355841158
385,Current HI,Low,,0.28308856736119825
386,Current HI,Low,,0.30793088782352934
387,Current HI,Low,,0.30346200590452743
388,Current HI,Low,,0.23821255928830185
389,Current HI,Low,,0.2895939072368804
390,Current HI,Low,,0.24148424555048933
391,Current HI,Low,,0.2648464886169994
392,Current HI,Low,,0.2676178395838042
393,Current HI,Low,,0.2942189937604344
394,Current HI,Low,,0.2492022051283352
395,Current HI,Low,,0.3241655691756384
396,Current HI,Low,,0.32039372142236683
397,Current HI,Low,,0.28971545590368863
398,Current HI,Low,,0.30106367486659585
399,Current HI,Low,,0.293361507166185
400,Current HI,Low,,0.29609472330175046
401,Current HI,Low,,0.3190116033220679
402,Current HI,Low,,0.30339269786609596
403,Current HI,Low,,0.23696782939360156
404,Current HI,Low,,0.27732030141880193
405,Current HI,Low,,0.31091698933178813
406,Current HI,Low,,0.3014724469123837
407,Current HI,Low,,0.3363485600115781
408,Current HI,Low,,0.2589638821679176
409,Current HI,Low,,0.3052406202968283
410,Current HI,Low,,0.2570419708638466
411,Current HI,Low,,0.2872327282858448
412,Current HI,Low,,0.33613103701659197
413,Current HI,Low,,0.2955441194524903
414,Current HI,Low,,0.3089166206571873
415,Current HI,Low,,0.29394605709080374
416,Current HI,Low,,0.2571440489988109
417,Current HI,Low,,0.27258912688315
418,Current HI,Low,,0.28248261017932513
419,Current HI,Low,,0.28752627329610037
420,Current HI,Low,,0.24282530834430133
421,Current HI,Low,,0.3174464522775536
422,Current HI,Low,,0.2553127034275055
423,Current HI,Low,,0.28074232276699435
424,Current HI,Low,,0.2883370752124372
425,Current HI,Low,,0.30294081495687936
426,Current HI,Low,,0.3588078790041581
427,Current HI,Low,,0.29988613769072886
428,Current HI,Low,,0.28522014648387806
429,Current HI,Low,,0.28022447156393526
430,Current HI,Low,,0.26698158305883857
431,Current HI,Low,,0.24898390316313376
432,Current HI,Low,,0.28235673670633216
433,Current HI,Low,,0.2912205597033291
434,Current HI,Low,,0.29050325635481133
435,Current HI,Low,,0.32668207438935676
436,Current HI,Low,,0.25998335505136333
437,Current HI,Low,,0.25903703662288047
438,Current HI,Low,,0.30087815169047344
439,Current HI,Low,,0.2939060348914689
440,Current HI,Low,,0.3021767229129795
441,Current HI,Low,,0.2988817744695789
442,Current HI,Low,,0.32541738999401937
443,Current HI,Low,,0.28873608786251237
444,Current HI,Low,,0.32140318692200437
445,Current HI,Low,,0.2539950195209377
446,Current HI,Low,,0.2910751882240569
447,Current HI,Low,,0.37185006855109676
448,Current HI,Low,,0.2868740819168529
449,Current HI,Low,,0.27956848582842087
450,Current HI,Low,,0.3331370173012047
451,Current HI,Low,,0.319023329692475
452,Current HI,Low,,0.316864628443773
453,Current HI,Low,,0.28693551809207296
454,Current HI,Low,,0.26137414172068774
455,Current HI,Low,,0.3153986532267639
456,Current HI,Low,,0.3211160796451719
457,Current HI,Low,,0.2718520878802206
458,Current HI,Low,,0.26368882148677913
459,Current HI,Low,,0.24818800725258688
460,Current HI,Low,,0.28836957726108586
461,Current HI,Low,,0.27534327511063794
462,Current HI,Low,,0.24270501000149194
463,Current HI,Low,,0.3075435274290816
464,Current HI,Low,,0.2857631696817621
465,Current HI,Low,,0.3039794327362563
466,Current HI,Low,,0.279309177971641
467,Current HI,Low,,0.32143456076115445
468,Current HI,Low,,0.271492054684458
469,Current HI,Low,,0.3183198329472511
470,Current HI,Low,,0.3024221227963892
471,Current HI,Low,,0.2902920522673282
472,Current HI,Low,,0.2757701802458554
473,Current HI,Low,,0.290218849759274
474,Current HI,Low,,0.2976075510201602
475,Current HI,Low,,0.28580058557869575
476,Current HI,Low,,0.4108678420195688
477,Current HI,Low,,0.2773932582882954
478,Current HI,Low,,0.2755543277183914
479,Current HI,Low,,0.3389107005868759
480,Current HI,Low,,0.27583270826936
481,Current HI,Low,,0.33861432674939995
482,Current HI,Low,,0.32484744126986204
483,Current HI,Low,,0.3078242626869017
484,Current HI,Low,,0.3027813218731206
485,Current HI,Low,,0.27541810818691936
486,Current HI,Low,,0.26780018582213566
487,Current HI,Low,,0.27344620801925174
488,Current HI,Low,,0.2999948748750401
489,Current HI,Low,,0.2409842707718884
490,Current HI,Low,,0.2733531611862612
491,Current HI,Low,,0.3291116497256497
492,Current HI,Low,,0.25089602484519397
493,Current HI,Low,,0.2472203830913839
494,Current HI,Low,,0.2908332104323461
495,Current HI,Low,,0.3084744924166632
496,Current HI,Low,,0.2564219777811702
497,Current HI,Low,,0.28260934155345574
498,Current HI,Low,,0.2595244910156132
499,Current HI,Low,,0.2957141934215598
500,Current HI,Low,,0.28654071533125325
501,Current HI,Low,,0.29496609410765057
502,Current HI,Low,,0.2994974250935288
503,Current HI,Low,,0.24762065838373498
504,Current HI,Low,,0.2672073549994088
505,Current HI,Low,,0.28496426416683573
506,Current HI,Low,,0.3008395737538695
507,Current HI,Low,,0.32537306441907515
508,Current HI,Low,,0.25965734130228935
509,Current HI,Low,,0.2491078016986754
510,Current HI,Low,,0.28420305061047973
511,Current HI,Low,,0.368230522541331
512,Current HI,Low,,0.3370504835811877
513,Current HI,Low,,0.30883378732120176
514,Current HI,Low,,0.23260559358630672
515,Current HI,Low,,0.2597244942157106
516,Current HI,Low,,0.3013632171947593
517,Current HI,Low,,0.27230198115637355
518,Current HI,Low,,0.30577999862339217
519,Current HI,Low,,0.24786521575382642
520,Current HI,Low,,0.2718729339383551
521,Current HI,Low,,0.24208503039887316
522,Current HI,Low,,0.2681047632560074
523,Current HI,Low,,0.24136242220014778
524,Current HI,Low,,0.25724638298417335
525,Current HI,Low,,0.3225051870668195
526,Current HI,Low,,0.29935565176384615
527,Current HI,Low,,0.304661292095828
528,Current HI,Low,,0.2759591782865612
529,Current HI,Low,,0.27097613884599875
530,Current HI,Low,,0.24773339132411532
531,Current HI,Low,,0.3074218147241654
532,Current HI,Low,,0.2688074796328899
533,Current HI,Low,,0.25768306815538694
534,Current HI,Low,,0.3386767200614075
535,Current HI,Low,,0.28615471719100866
536,Current HI,Low,,0.2831821167082515
537,Current HI,Low,,0.3023060575668479
538,Current HI,Low,,0.27311674491125343
539,Current HI,Low,,0.2706880747754073
540,Current HI,Low,,0.29479246854587404
541,Current HI,Low,,0.2924386431753517
542,Current HI,Low,,0.25438986428805016
543,Current HI,Low,,0.30372775232738636
544,Current HI,Low,,0.28517860782642823
545,Current HI,Low,,0.25129323351547317
546,Current HI,Low,,0.28777889969762
547,Current HI,Low,,0.3292070981606917
548,Current HI,Low,,0.28981941691045604
549,Current HI,Low,,0.29095113318930077
550,Current HI,Low,,0.25787234027088457
551,Current HI,Low,,0.2406163081012184
552,Current HI,Low,,0.2614499474383708
553,Current HI,Low,,0.3238052312448357
554,Current HI,Low,,0.2848216521412954
555,Current HI,Low,,0.2686191320552614
556,Current HI,Low,,0.2691825889279232
557,Current HI,Low,,0.32133199099633836
558,Current HI,Low,,0.2801668707592636
559,Current HI,Low,,0.2801084323212878
560,Current HI,Low,,0.26272112060913655
561,Current HI,Low,,0.3223465893080023
562,Current HI,Low,,0.24138175804648507
563,Current HI,Low,,0.2737954564379421
564,Current HI,Low,,0.2452703373838125
565,Current HI,Low,,0.27003963073771986
566,Current HI,Low,,0.3705761711661384
567,Current HI,Low,,0.3089803698209258
568,Current HI,Low,,0.27447343611908415
569,Current HI,Low,,0.30459051545515214
570,Current HI,Low,,0.2946885986038836
571,Current HI,Low,,0.25075234791722967
572,Current HI,Low,,0.3044622293338901
573,Current HI,Low,,0.27482217383948687
574,Current HI,Low,,0.30995024429221024
575,Current HI,Low,,0.29777173711911953
576,Current HI,Low,,0.236959262551723
577,Current HI,Low,,0.3337781574493587
578,Current HI,Low,,0.30583207044955935
579,Current HI,Low,,0.27549546052273133
580,Current HI,Low,,0.25529024319562343
581,Current HI,Low,,0.2730628250617203
582,Current HI,Low,,0.2782764555211106
583,Current HI,Low,,0.28385188032164593
584,Current HI,Low,,0.24911439514516906
585,Current HI,Low,,0.2804411205998876
586,Current HI,Low,,0.2592857620099562
587,Current HI,Low,,0.2603112474884865
588,Current HI,Low,,0.2878136030104921
589,Current HI,Low,,0.26140798451339436
590,Current HI,Low,,0.3078655788809821
591,Current HI,Low,,0.29851356384327726
592,Current HI,Low,,0.3071802177336348
593,Current HI,Low,,0.2660224688935265
594,Current HI,Low,,0.2295491786676128
595,Current HI,Low,,0.3013172313166565
596,Current HI,Low,,0.302037191853147
597,Current HI,Low,,0.27629108448007567
598,Current HI,Low,,0.2990682159952871
599,Current HI,Low,,0.2910826404352397
600,Current HI,Low,,0.2676963243144965
601,Current HI,Low,,0.23221013890179262
602,Current HI,Low,,0.3503557549547433
603,Current HI,Low,,0.3219421729175615
604,Current HI,Low,,0.2804008832483435
605,Current HI,Low,,0.31041412312519
606,Current HI,Low,,0.2864515211868489
607,Current HI,Low,,0.2381100660743464
608,Current HI,Low,,0.2603241227579279
609,Current HI,Low,,0.29612429872410806
610,Current HI,Low,,0.2691350226104265
611,Current HI,Low,,0.28041233712013136
612,Current HI,Low,,0.266941521142831
613,Current HI,Low,,0.3156304467319629
614,Current HI,Low,,0.2883383342229013
615,Current HI,Low,,0.27672512249952075
616,Current HI,Low,,0.25783382286707096
617,Current HI,Low,,0.33292683565054165
618,Current HI,Low,,0.28897644813731255
619,Current HI,Low,,0.2864233850740567
620,Current HI,Low,,0.2891111063746654
621,Current HI,Low,,0.26350706472789487
622,Current HI,Low,,0.2626510008130848
623,Current HI,Low,,0.2922046430702277
624,Current HI,Low,,0.2817234415001319
625,Current HI,Low,,0.27519931000803993
626,Current HI,Low,,0.26135822020847593
627,Current HI,Low,,0.3043708180348596
628,Current HI,Low,,0.2556449621642586
629,Current HI,Low,,0.27742208562187254
630,Current HI,Low,,0.27159556900355125
631,Current HI,Low,,0.2814804979559226
632,Current HI,Low,,0.2681665523517596
633,Current HI,Low,,0.3489983521906446
634,Current HI,Low,,0.38130592789560597
635,Current HI,Low,,0.31377442438589803
636,Current HI,Low,,0.34493585889808936
637,Current HI,Low,,0.347997477957371
638,Current HI,Low,,0.29822567188805643
639,Current HI,Low,,0.25371195356460785
640,Current HI,Low,,0.23917932336529474
641,Current HI,Low,,0.3081230308390395
642,Current HI,Low,,0.2953585932089578
643,Current HI,Low,,0.2787550355495409
644,Current HI,Low,,0.28002621125227395
645,Current HI,Low,,0.26662573562707714
646,Current HI,Low,,0.31403069185380555
647,Current HI,Low,,0.25783712274180803
648,Current HI,Low,,0.30219129841361725
649,Current HI,Low,,0.3156055713833176
650,Current HI,Low,,0.27302043597084663
651,Current HI,Low,,0.29256290528988915
652,Current HI,Low,,0.31474299188140037
653,Current HI,Low,,0.22287038088350594
654,Current HI,Low,,0.25688411436245095
655,Current HI,Low,,0.27355347382907835
656,Current HI,Low,,0.2790900102783074
657,Current HI,Low,,0.29178295986141034
658,Current HI,Low,,0.21661548165369104
659,Current HI,Low,,0.29831287096608394
660,Current HI,Low,,0.30086652224728627
661,Current HI,Low,,0.2854011946853549
662,Current HI,Low,,0.27819847530782
663,Current HI,Low,,0.26427169560454405
664,Current HI,Low,,0.27336204837981704
665,Current HI,Low,,0.26301230649073903
666,Current HI,Low,,0.25385966828852713
667,Current HI,Low,,0.3513809961312903
668,Current HI,Low,,0.34748954208932786
669,Current HI,Low,,0.2791666024930782
670,Current HI,Low,,0.2469742518833457
671,Current HI,Low,,0.2712373533907308
672,Current HI,Low,,0.23627410880305577
673,Current HI,Low,,0.2935685993594304
674,Current HI,Low,,0.32461553120534287
675,Current HI,Low,,0.24163188507820207
676,Current HI,Low,,0.30562763828624356
677,Current HI,Low,,0.25643645162162243
678,Current HI,Low,,0.26488836088882567
679,Current HI,Low,,0.28070862974252936
680,Current HI,Low,,0.2502615123929267
681,Current HI,Low,,0.3229009288431733
682,Current HI,Low,,0.3042340666868513
683,Current HI,Low,,0.3118539575945199
684,Current HI,Low,,0.2578242213556687
685,Current HI,Low,,0.263660194959627
686,Current HI,Low,,0.31212638562364936
687,Current HI,Low,,0.2987476393216481
688,Current HI,Low,,0.2588847255243339
689,Current HI,Low,,0.2677857752468627
690,Current HI,Low,,0.2771881385752684
691,Current HI,Low,,0.31181225198913576
692,Current HI,Low,,0.29639733920392713
693,Current HI,Low,,0.2682518897998336
694,Current HI,Low,,0.3256764646883275
695,Current HI,Low,,0.284643346929019
696,Current HI,Low,,0.30834120388456515
697,Current HI,Low,,0.26685327892786137
698,Current HI,Low,,0.2594267943582618
699,Current HI,Low,,0.27525592455829295
700,Current HI,Low,,0.30657720169178654
701,Current HI,Low,,0.27389751464856466
702,Current HI,Low,,0.25633653178119326
703,Current HI,Low,,0.2553571552454919
704,Current HI,Low,,0.2696124069809426
705,Current HI,Low,,0.26765545593390544
706,Current HI,Low,,0.29556120864702334
707,Current HI,Low,,0.2970024194718827
708,Current HI,Low,,0.2708964984114066
709,Current HI,Low,,0.32185578344905647
710,Current HI,Low,,0.28998128633815934
711,Current HI,Low,,0.3010970406748671
712,Current HI,Low,,0.2915978171002585
713,Current HI,Low,,0.3354676990132473
714,Current HI,Low,,0.24254004185173855
715,Current HI,Low,,0.2981170888305587
716,Current HI,Low,,0.27777055763125436
717,Current HI,Low,,0.26485173435560144
718,Current HI,Low,,0.28480256067432663
719,Current HI,Low,,0.2578895084364549
720,Current HI,Low,,0.28603318389932003
721,Current HI,Low,,0.23950733212285102
722,Current HI,Low,,0.2939531409875948
723,Current HI,Low,,0.3634915052453618
724,Current HI,Low,,0.3040324131954907
725,Current HI,Low,,0.2673484009919665
726,Current HI,Low,,0.2561466549152661
727,Current HI,Low,,0.30395786380137585
728,Current HI,Low,,0.29195061375170783
729,Current HI,Low,,0.28052680647704953
730,Current HI,Low,,0.28164597210792247
731,Current HI,Low,,0.312402582700436
732,Current HI,Low,,0.2539167312059595
733,Current HI,Low,,0.2676197184791344
734,Current HI,Low,,0.3265257887710134
735,Current HI,Low,,0.24878843085273136
736,Current HI,Low,,0.24111224291343827
737,Current HI,Low,,0.30450386778527055
738,Current HI,Low,,0.3093318230777663
739,Current HI,Low,,0.27621942463153143
740,Current HI,Low,,0.3396215428278867
741,Current HI,Low,,0.26655129664882843
742,Current HI,Low,,0.257732236533309
743,Current HI,Low,,0.24078715543421392
744,Current HI,Low,,0.3042594723692651
745,Current HI,Low,,0.28230883673856844
746,Current HI,Low,,0.24750928945188014
747,Current HI,Low,,0.2808211118646752
748,Current HI,Low,,0.29780508787642124
749,Current HI,Low,,0.29015006330984544
750,Current HI,Low,,0.2429349933410419
751,Current HI,Low,,0.23530157293039902
752,Current HI,Low,,0.2907756493694325
753,Current HI,Low,,0.28279718331155285
754,Current HI,Low,,0.31038868321859925
755,Current HI,Low,,0.30491803332664874
756,Current HI,Low,,0.2303130061671692
757,Current HI,Low,,0.3059933364240946
758,Current HI,Low,,0.3180459018171466
759,Current HI,Low,,0.27347018784144494
760,Current HI,Low,,0.31051073166930165
761,Current HI,Low,,0.2758244968255714
762,Current HI,Low,,0.2767350146818764
763,Current HI,Low,,0.24607652410661388
764,Current HI,Low,,0.3263070988453203
765,Current HI,Low,,0.3023138767151492
766,Current HI,Low,,0.2544294487635036
767,Current HI,Low,,0.3188848908834909
768,Current HI,Low,,0.28294223244479033
769,Current HI,Low,,0.2794612894967419
770,Current HI,Low,,0.31211523141051
771,Current HI,Low,,0.29022958515618946
772,Current HI,Low,,0.26107523630139273
773,Current HI,Low,,0.2862980663114217
774,Current HI,Low,,0.2991629745593241
775,Current HI,Low,,0.3275056963933144
776,Current HI,Low,,0.33824146826574797
777,Current HI,Low,,0.3056897522429008
778,Current HI,Low,,0.2885763025443931
779,Current HI,Low,,0.24113562248655
780,Current HI,Low,,0.3042487586389958
781,Current HI,Low,,0.30227314623967944
782,Current HI,Low,,0.34399013660923683
783,Current HI,Low,,0.30701291116756135
784,Current HI,Low,,0.295700380358821
785,Current HI,Low,,0.2802484056183967
786,Current HI,Low,,0.27490465328026675
787,Current HI,Low,,0.2742333530589534
788,Current HI,Low,,0.3239024214812553
789,Current HI,Low,,0.2712572223956384
790,Current HI,Low,,0.3635754392389776
791,Current HI,Low,,0.30293669016717734
792,Current HI,Low,,0.2839175703986974
793,Current HI,Low,,0.22670269063249882
794,Current HI,Low,,0.30616631141605216
795,Current HI,Low,,0.23947261238471393
796,Current HI,Low,,0.28653625674267996
797,Current HI,Low,,0.31288408522819944
798,Current HI,Low,,0.26458627817701336
799,Current HI,Low,,0.2534066004432348
800,Current HI,Low,,0.25729219156330474
801,Current HI,Low,,0.29991463632492354
802,Current HI,Low,,0.3132196668504004
803,Current HI,Low,,0.2598519395342655
804,Current HI,Low,,0.2577980119825023
805,Current HI,Low,,0.31064683726209835
806,Current HI,Low,,0.3292990056003266
807,Current HI,Low,,0.28082194373712605
808,Current HI,Low,,0.2942661335485112
809,Current HI,Low,,0.2899002240481622
810,Current HI,Low,,0.303030489473503
811,Current HI,Low,,0.28910328166494814
812,Current HI,Low,,0.295278986399
813,Current HI,Low,,0.25967568490729426
814,Current HI,Low,,0.24498704884615435
815,Current HI,Low,,0.2990609606265036
816,Current HI,Low,,0.2826235785139589
817,Current HI,Low,,0.303091900681301
818,Current HI,Low,,0.3076801570114904
819,Current HI,Low,,0.2625902103817481
820,Current HI,Low,,0.22170938860858283
821,Current HI,Low,,0.2921164656773158
822,Current HI,Low,,0.27320006561040333
823,Current HI,Low,,0.3110277956294959
824,Current HI,Low,,0.2825348952384045
825,Current HI,Low,,0.34238729827112957
826,Current HI,Low,,0.3395663877601503
827,Current HI,Low,,0.28376046405684713
828,Current HI,Low,,0.24538163885879985
829,Current HI,Low,,0.26306179970109483
830,Current HI,Low,,0.31132965764322096
831,Current HI,Low,,0.27822868370689324
832,Current HI,Low,,0.269673525830006
833,Current HI,Low,,0.22220298524970744
834,Current HI,Low,,0.3319346525821714
835,Current HI,Low,,0.27763637657346024
836,Current HI,Low,,0.26673508676272323
837,Current HI,Low,,0.27525991655313103
838,Current HI,Low,,0.29454969604413483
839,Current HI,Low,,0.3205051000775339
840,Current HI,Low,,0.3123884302439729
841,Current HI,Low,,0.27936536356162567
842,Current HI,Low,,0.23034720273455203
843,Current HI,Low,,0.3234558057438654
844,Current HI,Low,,0.3000531075366171
845,Current HI,Low,,0.31434639322094965
846,Current HI,Low,,0.2617185233123539
847,Current HI,Low,,0.26234963001959977
848,Current HI,Low,,0.3750917786058573
849,Current HI,Low,,0.2974796305467323
850,Current HI,Low,,0.2774493131005874
851,Current HI,Low,,0.2343323796763026
852,Current HI,Low,,0.2610412263179393
853,Current HI,Low,,0.2968837214064975
854,Current HI,Low,,0.24155789855495927
855,Current HI,Low,,0.2748290348496785
856,Current HI,Low,,0.2795468708219122
857,Current HI,Low,,0.25940144737867094
858,Current HI,Low,,0.3182202601653521
859,Current HI,Low,,0.343859461546087
860,Current HI,Low,,0.2599464407811083
861,Current HI,Low,,0.2562050626219997
862,Current HI,Low,,0.30371270116621324
863,Current HI,Low,,0.2657966878777612
864,Current HI,Low,,0.27898326160344866
865,Current HI,Low,,0.37479434415269147
866,Current HI,Low,,0.3086486844534204
867,Current HI,Low,,0.25805129104048735
868,Current HI,Low,,0.23640435420281436
869,Current HI,Low,,0.3082428860029568
870,Current HI,Low,,0.2939833313330646
871,Current HI,Low,,0.32355660181861545
872,Current HI,Low,,0.2542913819559541
873,Current HI,Low,,0.2697992923443648
874,Current HI,Low,,0.2529890352295907
875,Current HI,Low,,0.2933765754109489
876,Current HI,Low,,0.27176434936059146
877,Current HI,Low,,0.2924803124504802
878,Current HI,Low,,0.28148610668308055
879,Current HI,Low,,0.2833033587375901
880,Current HI,Low,,0.2653097403161893
881,Current HI,Low,,0.3102122147504187
882,Current HI,Low,,0.31250900438843565
883,Current HI,Low,,0.3126531422156384
884,Current HI,Low,,0.2920864933847749
885,Current HI,Low,,0.2704357762374389
886,Current HI,Low,,0.3208472734588808
887,Current HI,Low,,0.2794409038227925
888,Current HI,Low,,0.2737156501383102
889,Current HI,Low,,0.29825158915527594
890,Current HI,Low,,0.261702527395965
891,Current HI,Low,,0.2978456956401168
892,Current HI,Low,,0.2655302331534517
893,Current HI,Low,,0.28647155183734496
894,Current HI,Low,,0.3061267631069412
895,Current HI,Low,,0.2726103132379468
896,Current HI,Low,,0.28239103542059274
897,Current HI,Low,,0.23163576118998608
898,Current HI,Low,,0.256584465787734
899,Current HI,Low,,0.2827720533998937
900,Current HI,Low,,0.33412743570645076
901,Current HI,Low,,0.2562735864545549
902,Current HI,Low,,0.3575324867504203
903,Current HI,Low,,0.2909936871556395
904,Current HI,Low,,0.260912290182912
905,Current HI,Low,,0.2589686379038673
906,Current HI,Low,,0.3061689269982956
907,Current HI,Low,,0.285254401848441
908,Current HI,Low,,0.3183391465550255
909,Current HI,Low,,0.28082456202027667
910,Current HI,Low,,0.2887291081578929
911,Current HI,Low,,0.270562488804116
912,Current HI,Low,,0.27365052873211654
913,Current HI,Low,,0.25882233278080724
914,Current HI,Low,,0.32924231726247655
915,Current HI,Low,,0.22178638273358744
916,Current HI,Low,,0.2689928905408381
917,Current HI,Low,,0.3364512978460265
918,Current HI,Low,,0.26744807261290143
919,Current HI,Low,,0.2871526978307606
920,Current HI,Low,,0.310695347975596
921,Current HI,Low,,0.258964185443221
922,Current HI,Low,,0.22816138741355813
923,Current HI,Low,,0.26024687675581126
924,Current HI,Low,,0.31368973491218743
925,Current HI,Low,,0.27568015446792704
926,Current HI,Low,,0.2515290610786082
927,Current HI,Low,,0.2717392585270318
928,Current HI,Low,,0.27354920132713834
929,Current HI,Low,,0.29052473028226
930,Current HI,Low,,0.291006946240825
931,Current HI,Low,,0.32679534845839964
932,Current HI,Low,,0.25504959803372207
933,Current HI,Low,,0.3045492986242342
934,Current HI,Low,,0.23722984089302795
935,Current HI,Low,,0.24585978539995235
936,Current HI,Low,,0.2850525979001611
937,Current HI,Low,,0.2839478311638816
938,Current HI,Low,,0.29398684331976427
939,Current HI,Low,,0.2566704364427577
940,Current HI,Low,,0.29940319282333994
941,Current HI,Low,,0.2557459236623484
942,Current HI,Low,,0.31092223406539465
943,Current HI,Low,,0.23059629301746817
944,Current HI,Low,,0.23493666606822464
945,Current HI,Low,,0.2491599869034642
946,Current HI,Low,,0.27884480541233314
947,Current HI,Low,,0.3414842364532304
948,Current HI,Low,,0.30372948287071466
949,Current HI,Low,,0.2550463888913708
950,Current HI,Low,,0.2814607912365229
951,Current HI,Low,,0.26354198132768075
952,Current HI,Low,,0.3600925177728234
953,Current HI,Low,,0.3142754720788668
954,Current HI,Low,,0.26001025584907367
955,Current HI,Low,,0.2590458638512706
956,Current HI,Low,,0.28440004925697887
957,Current HI,Low,,0.30035431058649903
958,Current HI,Low,,0.26989870815955885
959,Current HI,Low,,0.26505026809692434
960,Current HI,Low,,0.3066018966893461
961,Current HI,Low,,0.28854843884394066
962,Current HI,Low,,0.2607658288755253
963,Current HI,Low,,0.2543262496716195
964,Current HI,Low,,0.2939323704269271
965,Current HI,Low,,0.28920966719486724
966,Current HI,Low,,0.2757294720622482
967,Current HI,Low,,0.3168290286628462
968,Current HI,Low,,0.30065114597392556
969,Current HI,Low,,0.30466695811010636
970,Current HI,Low,,0.2401117774661344
971,Current HI,Low,,0.3052834617384183
972,Current HI,Low,,0.25183060536619056
973,Current HI,Low,,0.2628684924000293
974,Current HI,Low,,0.30009198193146835
975,Current HI,Low,,0.2795846664458571
976,Current HI,Low,,0.3449275307799827
977,Current HI,Low,,0.3317860390129134
978,Current HI,Low,,0.26348729984786057
979,Current HI,Low,,0.2564883248145652
980,Current HI,Low,,0.3455484613075742
981,Current HI,Low,,0.34920543826253536
982,Current HI,Low,,0.32656722234414265
983,Current HI,Low,,0.2817418488291527
984,Current HI,Low,,0.2908382425208093
985,Current HI,Low,,0.2726575966759009
986,Current HI,Low,,0.2679153426197828
987,Current HI,Low,,0.30908784567664266
988,Current HI,Low,,0.28802540035716945
989,Current HI,Low,,0.38164003352344783
990,Current HI,Low,,0.2580373903161432
991,Current HI,Low,,0.3483953778633171
992,Current HI,Low,,0.25598408956780133
993,Current HI,Low,,0.2986099364868238
994,Current HI,Low,,0.26083061668773394
995,Current HI,Low,,0.25749197824555026
996,Current HI,Low,,0.27726408278623155
997,Current HI,Low,,0.28248078838166496
998,Current HI,Low,,0.2899532778550639
999,Current HI,Low,,0.23143512134730432
1000,Current HI,Low,,0.2740148710743471
1001,Current HI,Low,,0.28723403901090766
1002,Current HI,Low,,0.31535620877621723
1003,Current HI,Low,,0.320080237565944
1004,Current HI,Low,,0.24708254685298242
1005,Current HI,Low,,0.33572517776003935
1006,Current HI,Low,,0.3347581378816054
1007,Current HI,Low,,0.2598935610233298
1008,Current HI,Low,,0.32457658739830264
1009,Current HI,Low,,0.2760240169573429
1010,Current HI,Low,,0.26525739283191824
1011,Current HI,Low,,0.273513137011019
1012,Current HI,Low,,0.27866955786961967
1013,Current HI,Low,,0.2999966391731143
1014,Current HI,Low,,0.2505505687954696
1015,Current HI,Low,,0.2753203741960571
1016,Current HI,Low,,0.24824006974265042
1017,Current HI,Low,,0.2421039194341855
1018,Current HI,Low,,0.27916886123977824
1019,Current HI,Low,,0.24406932047905702
1020,Current HI,Low,,0.23458313517445978
1021,Current HI,Low,,0.28601158666104237
1022,Current HI,Low,,0.3304007291245459
1023,Current HI,Low,,0.2552593301678403
1024,Current HI,Low,,0.3001281993717734
1025,Current HI,Low,,0.31836685720724833
1026,Current HI,Low,,0.3086951879941854
1027,Current HI,Low,,0.2800106471848017
1028,Current HI,Low,,0.30311679998217456
1029,Current HI,Low,,0.33103965105575617
1030,Current HI,Low,,0.24019633870914853
1031,Current HI,Low,,0.3364617143434315
1032,Current HI,Low,,0.29560542099059334
1033,Current HI,Low,,0.31652150473898183
1034,Current HI,Low,,0.2893317823482976
1035,Current HI,Low,,0.28873140320602253
1036,Current HI,Low,,0.29594004149302683
1037,Current HI,Low,,0.2920129522011184
1038,Current HI,Low,,0.22900344752097523
1039,Current HI,Low,,0.3069744339395389
1040,Current HI,Low,,0.2505789957530473
1041,Current HI,Low,,0.26153175317060734
1042,Current HI,Low,,0.2927867223707247
1043,Current HI,Low,,0.2826674902324579
1044,Current HI,Low,,0.32849647125936027
1045,Current HI,Low,,0.27310724646592927
1046,Current HI,Low,,0.22487015513136543
1047,Current HI,Low,,0.32534314114685997
1048,Current HI,Low,,0.2915071902982776
1049,Current HI,Low,,0.28746344861751616
1050,Current HI,Low,,0.28285485320202886
1051,Current HI,Low,,0.29796153415401244
1052,Current HI,Low,,0.2905145138723233
1053,Current HI,Low,,0.24017501871725988
1054,Current HI,Low,,0.30121274086807387
1055,Current HI,Low,,0.38118349891636005
1056,Current HI,Low,,0.3101171495267881
1057,Current HI,Low,,0.350611656238276
1058,Current HI,Low,,0.27509961372926894
1059,Current HI,Low,,0.2571888676033307
1060,Current HI,Low,,0.27255382801839234
1061,Current HI,Low,,0.3139336447407262
1062,Current HI,Low,,0.24404547863521964
1063,Current HI,Low,,0.3317907523411974
1064,Current HI,Low,,0.3298657900432369
1065,Current HI,Low,,0.28797835532524635
1066,Current HI,Low,,0.2731274638972134
1067,Current HI,Low,,0.24483317923906955
1068,Current HI,Low,,0.2501791220140814
1069,Current HI,Low,,0.3103433375175887
1070,Current HI,Low,,0.27478784646150056
1071,Current HI,Low,,0.2853633132116472
1072,Current HI,Low,,0.2607582375948191
1073,Current HI,Low,,0.23336720082969062
1074,Current HI,Low,,0.2967124258809219
1075,Current HI,Low,,0.2684015322519643
1076,Current HI,Low,,0.31328288665107357
1077,Current HI,Low,,0.2888968279557671
1078,Current HI,Low,,0.3266269198782706
1079,Current HI,Low,,0.25024840585183433
1080,Current HI,Low,,0.28825645782544645
1081,Current HI,Low,,0.28013348414410116
1082,Current HI,Low,,0.2668449559022815
1083,Current HI,Low,,0.3366895352529162
1084,Current HI,Low,,0.2591313948729421
1085,Current HI,Low,,0.29494450019513113
1086,Current HI,Low,,0.27083986563170975
1087,Current HI,Low,,0.2786262435573489
1088,Current HI,Low,,0.32131237275846003
1089,Current HI,Low,,0.2944789641017038
1090,Current HI,Low,,0.2881718234018703
1091,Current HI,Low,,0.2742238832848353
1092,Current HI,Low,,0.25940572621256236
1093,Current HI,Low,,0.2966736790795131
1094,Current HI,Low,,0.3402931646283486
1095,Current HI,Low,,0.2942361139836564
1096,Current HI,Low,,0.3084508050983295
1097,Current HI,Low,,0.3178267505229681
1098,Current HI,Low,,0.23649886290719196
1099,Current HI,Low,,0.26734960437231864
1100,Current HI,Low,,0.27027375093558237
1101,Current HI,Low,,0.2207351707783165
1102,Current HI,Low,,0.33980287473339393
1103,Current HI,Low,,0.2676174554354605
1104,Current HI,Low,,0.30044969343033995
1105,Current HI,Low,,0.3162171690649632
1106,Current HI,Low,,0.27830321937947805
1107,Current HI,Low,,0.32466246521848113
1108,Current HI,Low,,0.27495163804937334
1109,Current HI,Low,,0.25316514901673337
1110,Current HI,Low,,0.2892634961910624
1111,Current HI,Low,,0.2776958149027217
1112,Current HI,Low,,0.2872324422588933
1113,Current HI,Low,,0.2801787345296056
1114,Current HI,Low,,0.323191120923138
1115,Current HI,Low,,0.3334511469778442
1116,Current HI,Low,,0.2812721681031602
1117,Current HI,Low,,0.2704789141838102
1118,Current HI,Low,,0.31391024368588266
1119,Current HI,Low,,0.280634272481865
1120,Current HI,Low,,0.31230344649305003
1121,Current HI,Low,,0.30083372024039423
1122,Current HI,Low,,0.2406394328782269
1123,Current HI,Low,,0.2995192313340629
1124,Current HI,Low,,0.3139556991147653
1125,Current HI,Low,,0.3256312210960675
1126,Current HI,Low,,0.29626970852148987
1127,Current HI,Low,,0.29319464529831646
1128,Current HI,Low,,0.2723928779611476
1129,Current HI,Low,,0.25259494288466505
1130,Current HI,Low,,0.33563837081365416
1131,Current HI,Low,,0.2761355252356721
1132,Current HI,Low,,0.2977088560581159
1133,Current HI,Low,,0.3001207912348936
1134,Current HI,Low,,0.2711062029891827
1135,Current HI,Low,,0.2757690349166111
1136,Current HI,Low,,0.31372426742292164
1137,Current HI,Low,,0.2915502730363923
1138,Current HI,Low,,0.30159123053446296
1139,Current HI,Low,,0.29766567381904024
1140,Current HI,Low,,0.2972671347165266
1141,Current HI,Low,,0.26354783273901444
1142,Current HI,Low,,0.29902197661966023
1143,Current HI,Low,,0.28957266349826183
1144,Current HI,Low,,0.32973101500770674
1145,Current HI,Low,,0.27502758745622197
1146,Current HI,Low,,0.28408727560055164
1147,Current HI,Low,,0.277991791395141
1148,Current HI,Low,,0.2821388248845085
1149,Current HI,Low,,0.2429556477245592
1150,Current HI,Low,,0.2530729669909655
1151,Current HI,Low,,0.3153921886089101
1152,Current HI,Low,,0.2370639269442359
1153,Current HI,Low,,0.30033150013154786
1154,Current HI,Low,,0.29134923213038283
1155,Current HI,Low,,0.2722287478522057
1156,Current HI,Low,,0.2506992101015237
1157,Current HI,Low,,0.2919805837014398
1158,Current HI,Low,,0.30710613555655564
1159,Current HI,Low,,0.3157567839424537
1160,Current HI,Low,,0.28995902301541904
1161,Current HI,Low,,0.31643505918676723
1162,Current HI,Low,,0.24096018303449185
1163,Current HI,Low,,0.3134231536285158
1164,Current HI,Low,,0.2653271738211018
1165,Current HI,Low,,0.2658934301481581
1166,Current HI,Low,,0.279944295366706
1167,Current HI,Low,,0.3196089400943761
1168,Current HI,Low,,0.28787902430656
1169,Current HI,Low,,0.2795724066587749
1170,Current HI,Low,,0.27790774103138577
1171,Current HI,Low,,0.2712603849154733
1172,Current HI,Low,,0.3100412173495049
1173,Current HI,Low,,0.29619503289093035
1174,Current HI,Low,,0.2865586805338621
1175,Current HI,Low,,0.31109201617628884
1176,Current HI,Low,,0.330433145695355
1177,Current HI,Low,,0.26953282156717595
1178,Current HI,Low,,0.24891562354168312
1179,Current HI,Low,,0.3058762662291479
1180,Current HI,Low,,0.2723701697767911
1181,Current HI,Low,,0.3101160976750522
1182,Current HI,Low,,0.3013904139166021
1183,Current HI,Low,,0.27388927098002824
1184,Current HI,Low,,0.2939844235116106
1185,Current HI,Low,,0.25584664414422503
1186,Current HI,Low,,0.2595534994806215
1187,Current HI,Low,,0.2547797763125104
1188,Current HI,Low,,0.21463208691661392
1189,Current HI,Low,,0.31440563727949955
1190,Current HI,Low,,0.2905950918450538
1191,Current HI,Low,,0.2787637558774116
1192,Current HI,Low,,0.21011734440900168
1193,Current HI,Low,,0.2679629589774473
1194,Current HI,Low,,0.2640905245036309
1195,Current HI,Low,,0.29456804836158323
1196,Current HI,Low,,0.33129383734885415
1197,Current HI,Low,,0.3023872902753318
1198,Current HI,Low,,0.2309221956187012
1199,Current HI,Low,,0.30576281320196763
1200,Current HI,Low,,0.2853150717698246
1201,Current HI,Low,,0.25439233255364707
1202,Current HI,Low,,0.3056734834674599
1203,Current HI,Low,,0.27499313565150635
1204,Current HI,Low,,0.26497840736593903
1205,Current HI,Low,,0.2568668248114614
1206,Current HI,Low,,0.32266859157327865
1207,Current HI,Low,,0.25645949721887323
1208,Current HI,Low,,0.3163185610681352
1209,Current HI,Low,,0.28253288206683086
1210,Current HI,Low,,0.3705867270203166
1211,Current HI,Low,,0.24941028401739324
1212,Current HI,Low,,0.296925824779814
1213,Current HI,Low,,0.28273883865962685
1214,Current HI,Low,,0.30367106513558
1215,Current HI,Low,,0.26955905293238097
1216,Current HI,Low,,0.33805404158763164
1217,Current HI,Low,,0.275471217423693
1218,Current HI,Low,,0.250429186622284
1219,Current HI,Low,,0.31137368141868965
1220,Current HI,Low,,0.3062456352257944
1221,Current HI,Low,,0.2819210633467013
1222,Current HI,Low,,0.3253614811376349
1223,Current HI,Low,,0.28364339294795066
1224,Current HI,Low,,0.26900738136331404
1225,Current HI,Low,,0.27800371558760517
1226,Current HI,Low,,0.3092327316792572
1227,Current HI,Low,,0.23194582232032926
1228,Current HI,Low,,0.26710554678796244
1229,Current HI,Low,,0.3105430035510262
1230,Current HI,Low,,0.3098307552955308
1231,Current HI,Low,,0.29873951841115226
1232,Current HI,Low,,0.31406549874764916
1233,Current HI,Low,,0.28641676509323094
1234,Current HI,Low,,0.2930716194856966
1235,Current HI,Low,,0.295584282197038
1236,Current HI,Low,,0.2545535262977007
1237,Current HI,Low,,0.23825577036260434
1238,Current HI,Low,,0.24151678529785414
1239,Current HI,Low,,0.34336762479147215
1240,Current HI,Low,,0.272905014650241
1241,Current HI,Low,,0.27448619875708635
1242,Current HI,Low,,0.26718071569423674
1243,Current HI,Low,,0.2472479788854202
1244,Current HI,Low,,0.29809612972229044
1245,Current HI,Low,,0.2628448211962433
1246,Current HI,Low,,0.27052182919415046
1247,Current HI,Low,,0.28693913949403305
1248,Current HI,Low,,0.3014020650612414
1249,Current HI,Low,,0.3170367666876412
1250,Current HI,Low,,0.29096793636687956
1251,Current HI,Low,,0.25533312836520666
1252,Current HI,Low,,0.32992592124039744
1253,Current HI,Low,,0.2604576206121361
1254,Current HI,Low,,0.30001185707795314
1255,Current HI,Low,,0.2968281164814374
1256,Current HI,Low,,0.3163021271936636
1257,Current HI,Low,,0.27327516568038146
1258,Current HI,Low,,0.2663141832525841
1259,Current HI,Low,,0.31994636247308883
1260,Current HI,Low,,0.26268369083436877
1261,Current HI,Low,,0.3641739178452548
1262,Current HI,Low,,0.26927896658209444
1263,Current HI,Low,,0.24562103968919977
1264,Current HI,Low,,0.2780757295992935
1265,Current HI,Low,,0.30577444391584957
1266,Current HI,Low,,0.3234882323693439
1267,Current HI,Low,,0.266390903791439
1268,Current HI,Low,,0.29649640519304876
1269,Current HI,Low,,0.3361575151700819
1270,Current HI,Low,,0.3260656736743677
1271,Current HI,Low,,0.2759388237707195
1272,Current HI,Low,,0.28496290128583385
1273,Current HI,Low,,0.27050838028336327
1274,Current HI,Low,,0.3551196233780973
1275,Current HI,Low,,0.25413409970582473
1276,Current HI,Low,,0.26900867685230473
1277,Current HI,Low,,0.2940923127378925
1278,Current HI,Low,,0.32563425385000455
1279,Current HI,Low,,0.2522931792642605
1280,Current HI,Low,,0.2632248365539026
1281,Current HI,Low,,0.2701561865879036
1282,Current HI,Low,,0.31981045932514984
1283,Current HI,Low,,0.2848729221476966
1284,Current HI,Low,,0.24424771634705045
1285,Current HI,Low,,0.3083777606240718
1286,Current HI,Low,,0.26896468216076697
1287,Current HI,Low,,0.26723225713615795
1288,Current HI,Low,,0.24192280568255714
1289,Current HI,Low,,0.25539872434894245
1290,Current HI,Low,,0.38027871449022604
1291,Current HI,Low,,0.2636103178280494
1292,Current HI,Low,,0.3169177067127877
1293,Current HI,Low,,0.24658553589741455
1294,Current HI,Low,,0.31217794511132574
1295,Current HI,Low,,0.3241448079161097
1296,Current HI,Low,,0.3144869368435598
1297,Current HI,Low,,0.3037744262041523
1298,Current HI,Low,,0.2704991663391413
1299,Current HI,Low,,0.326840093484083
1300,Current HI,Low,,0.25558281894354046
1301,Current HI,Low,,0.2804816664842176
1302,Current HI,Low,,0.2868908803478803
1303,Current HI,Low,,0.24863013712072599
1304,Current HI,Low,,0.28586531000336624
1305,Current HI,Low,,0.2846918176788985
1306,Current HI,Low,,0.24946821390339616
1307,Current HI,Low,,0.2810545254299074
1308,Current HI,Low,,0.2841005271904014
1309,Current HI,Low,,0.2683339234529443
1310,Current HI,Low,,0.27474710642116484
1311,Current HI,Low,,0.2585833961921721
1312,Current HI,Low,,0.2614908374767976
1313,Current HI,Low,,0.282083596479372
1314,Current HI,Low,,0.2538275980375954
1315,Current HI,Low,,0.308415096569851
1316,Current HI,Low,,0.23703901530458116
1317,Current HI,Low,,0.2699227560739753
1318,Current HI,Low,,0.2615482487181799
1319,Current HI,Low,,0.29255261169345137
1320,Current HI,Low,,0.267023111373889
1321,Current HI,Low,,0.2686142399056536
1322,Current HI,Low,,0.2513423415733467
1323,Current HI,Low,,0.2462311976013391
1324,Current HI,Low,,0.2987849051550946
1325,Current HI,Low,,0.23510609143962058
1326,Current HI,Low,,0.24419706523047172
1327,Current HI,Low,,0.371024819505094
1328,Current HI,Low,,0.2461492665958646
1329,Current HI,Low,,0.22550872473242548
1330,Current HI,Low,,0.27709621552632785
1331,Current HI,Low,,0.29483710655051903
1332,Current HI,Low,,0.25767734643386303
1333,Current HI,Low,,0.2728336336741551
1334,Current HI,Low,,0.25303643829355965
1335,Current HI,Low,,0.25833927917363514
1336,Current HI,Low,,0.237644734145908
1337,Current HI,Low,,0.3359553271266052
1338,Current HI,Low,,0.2610952875112536
1339,Current HI,Low,,0.28798375828492456
1340,Current HI,Low,,0.28185637625080645
1341,Current HI,Low,,0.25178296823827084
1342,Current HI,Low,,0.24178004312708948
1343,Current HI,Low,,0.2930466302004377
1344,Current HI,Low,,0.2840447924302408
1345,Current HI,Low,,0.25636141171983323
1346,Current HI,Low,,0.268727847126235
1347,Current HI,Low,,0.2817638974445551
1348,Current HI,Low,,0.2931213863875681
1349,Current HI,Low,,0.2843518805159949
1350,Current HI,Low,,0.29982660039084175
1351,Current HI,Low,,0.29718271895219794
1352,Current HI,Low,,0.3361006555014296
1353,Current HI,Low,,0.23042854217024358
1354,Current HI,Low,,0.2901033436631567
1355,Current HI,Low,,0.2972192017040746
1356,Current HI,Low,,0.27256777493290196
1357,Current HI,Low,,0.3409547062568301
1358,Current HI,Low,,0.3139263117540019
1359,Current HI,Low,,0.30467540160689366
1360,Current HI,Low,,0.266207691260189
1361,Current HI,Low,,0.2422571658031392
1362,Current HI,Low,,0.2838806966474794
1363,Current HI,Low,,0.332225080336183
1364,Current HI,Low,,0.26406254224802816
1365,Current HI,Low,,0.29232236209462
1366,Current HI,Low,,0.3169684223319384
1367,Current HI,Low,,0.2754800902693272
1368,Current HI,Low,,0.2877098438855773
1369,Current HI,Low,,0.29972755948922447
1370,Current HI,Low,,0.3590827943505019
1371,Current HI,Low,,0.2415097568844059
1372,Current HI,Low,,0.2801958675616106
1373,Current HI,Low,,0.33550593328881545
1374,Current HI,Low,,0.30627586557524866
1375,Current HI,Low,,0.2769505826228356
1376,Current HI,Low,,0.3025025445706424
1377,Current HI,Low,,0.28001461750665674
1378,Current HI,Low,,0.23810383656155218
1379,Current HI,Low,,0.2564375597780467
1380,Current HI,Low,,0.24762359232015854
1381,Current HI,Low,,0.3169243368813602
1382,Current HI,Low,,0.3218434115681707
1383,Current HI,Low,,0.3054018818590167
1384,Current HI,Low,,0.309024890933808
1385,Current HI,Low,,0.3027634498492122
1386,Current HI,Low,,0.23873083361725178
1387,Current HI,Low,,0.3006511990239937
1388,Current HI,Low,,0.29769122116380325
1389,Current HI,Low,,0.28764665681574625
1390,Current HI,Low,,0.30775242562620025
1391,Current HI,Low,,0.2624841104892584
1392,Current HI,Low,,0.28808324523045176
1393,Current HI,Low,,0.3004156326945788
1394,Current HI,Low,,0.2533337001947304
1395,Current HI,Low,,0.3001342641624499
1396,Current HI,Low,,0.28962585084437087
1397,Current HI,Low,,0.30541956103452333
1398,Current HI,Low,,0.2954859512931024
1399,Current HI,Low,,0.2352243469241164
1400,Current HI,Low,,0.34120735878232955
1401,Current HI,Low,,0.24878835933019477
1402,Current HI,Low,,0.30086168870656255
1403,Current HI,Low,,0.2927592204705251
1404,Current HI,Low,,0.30709697417664994
1405,Current HI,Low,,0.23209960484875683
1406,Current HI,Low,,0.3084438361326477
1407,Current HI,Low,,0.3221915076756749
1408,Current HI,Low,,0.2630249890094041
1409,Current HI,Low,,0.25615600907075764
1410,Current HI,Low,,0.24440573190104806
1411,Current HI,Low,,0.2739687375967521
1412,Current HI,Low,,0.26826607024795524
1413,Current HI,Low,,0.26307784288625485
1414,Current HI,Low,,0.23801279347505777
1415,Current HI,Low,,0.26141547093583545
1416,Current HI,Low,,0.24883516605425443
1417,Current HI,Low,,0.2878314162345869
1418,Current HI,Low,,0.3194945185921507
1419,Current HI,Low,,0.3854110197907253
1420,Current HI,Low,,0.2816006212429106
1421,Current HI,Low,,0.27678273083356564
1422,Current HI,Low,,0.2551088026797125
1423,Current HI,Low,,0.3431229774351587
1424,Current HI,Low,,0.35717668931862884
1425,Current HI,Low,,0.28711425356097253
1426,Current HI,Low,,0.25681005698970655
1427,Current HI,Low,,0.3120440299705611
1428,Current HI,Low,,0.2871478835591585
1429,Current HI,Low,,0.29368903793263573
1430,Current HI,Low,,0.3196584637593167
1431,Current HI,Low,,0.2545624461808881
1432,Current HI,Low,,0.27322331444562314
1433,Current HI,Low,,0.2906731367187221
1434,Current HI,Low,,0.2452373889500773
1435,Current HI,Low,,0.3046261486572742
1436,Current HI,Low,,0.27907158463534004
1437,Current HI,Low,,0.24591600530626534
1438,Current HI,Low,,0.3024937209978708
1439,Current HI,Low,,0.2662774278567938
1440,Current HI,Low,,0.28640044562830325
1441,Current HI,Low,,0.31043259740694373
1442,Current HI,Low,,0.24303745916057962
1443,Current HI,Low,,0.2303198666303439
1444,Current HI,Low,,0.38457566521591835
1445,Current HI,Low,,0.30613029497681254
1446,Current HI,Low,,0.2508152027407414
1447,Current HI,Low,,0.26610555418920023
1448,Current HI,Low,,0.2781778961086902
1449,Current HI,Low,,0.25491304501906725
1450,Current HI,Low,,0.28376453551773945
1451,Current HI,Low,,0.23802383692533435
1452,Current HI,Low,,0.28415256651733334
1453,Current HI,Low,,0.2906094369334086
1454,Current HI,Low,,0.3459244381891101
1455,Current HI,Low,,0.2892457626400033
1456,Current HI,Low,,0.2554385608425313
1457,Current HI,Low,,0.3347923667985975
1458,Current HI,Low,,0.25061751864528575
1459,Current HI,Low,,0.2586215118996391
1460,Current HI,Low,,0.3024815691736603
1461,Current HI,Low,,0.256647425169199
1462,Current HI,Low,,0.3025442348254506
1463,Current HI,Low,,0.2678493910841872
1464,Current HI,Low,,0.3414827278054628
1465,Current HI,Low,,0.352786687778594
1466,Current HI,Low,,0.28768314623378366
1467,Current HI,Low,,0.31689653345293756
1468,Current HI,Low,,0.283727536031366
1469,Current HI,Low,,0.22610125650125107
1470,Current HI,Low,,0.3227865265276322
1471,Current HI,Low,,0.23220404697240074
1472,Current HI,Low,,0.2954350127329916
1473,Current HI,Low,,0.3090399269533887
1474,Current HI,Low,,0.365346788335123
1475,Current HI,Low,,0.3023369534528802
1476,Current HI,Low,,0.2799899820059788
1477,Current HI,Low,,0.2953241433265598
1478,Current HI,Low,,0.32255535959898884
1479,Current HI,Low,,0.30557163688680944
1480,Current HI,Low,,0.2720641043029064
1481,Current HI,Low,,0.27438044971212316
1482,Current HI,Low,,0.27370712923353685
1483,Current HI,Low,,0.2859957244002521
1484,Current HI,Low,,0.25597796276722634
1485,Current HI,Low,,0.24462073260340303
1486,Current HI,Low,,0.25432052339863265
1487,Current HI,Low,,0.271153058098028
1488,Current HI,Low,,0.29451809541462554
1489,Current HI,Low,,0.30935365046204355
1490,Current HI,Low,,0.33282442931861056
1491,Current HI,Low,,0.26027381939930033
1492,Current HI,Low,,0.28972975199057754
1493,Current HI,Low,,0.26268585185538823
1494,Current HI,Low,,0.2740047387980016
1495,Current HI,Low,,0.28993645218374087
1496,Current HI,Low,,0.2991595326293148
1497,Current HI,Low,,0.26256263830599824
1498,Current HI,Low,,0.2483219082421743
1499,Current HI,Low,,0.2535785931394901
0,Current HI,Intermediate,0.5229591836734694,0.49442538292933047
1,Current HI,Intermediate,0.7636363636363637,0.43680288288936275
2,Current HI,Intermediate,0.6470588235294118,0.5299935435227464
3,Current HI,Intermediate,0.5034722222222222,0.5922490336939972
4,Current HI,Intermediate,0.6589147286821705,0.534375169191304
5,Current HI,Intermediate,0.5670289855072463,0.5502051252870875
6,Current HI,Intermediate,0.7224264705882353,0.4665601392451874
7,Current HI,Intermediate,0.7339285714285715,0.5264435786163918
8,Current HI,Intermediate,0.589605734767025,0.5520343421777645
9,Current HI,Intermediate,0.5549242424242424,0.502795908766125
10,Current HI,Intermediate,0.453125,0.6406610731722473
11,Current HI,Intermediate,0.7736486486486487,0.5263730232324365
12,Current HI,Intermediate,0.5363825363825363,0.5386045617343065
13,Current HI,Intermediate,0.5357142857142857,0.5577542827553645
14,Current HI,Intermediate,0.5966666666666668,0.5527845685332846
15,Current HI,Intermediate,0.6142857142857143,0.5037175128292523
16,Current HI,Intermediate,0.5487179487179487,0.5374257589522258
17,Current HI,Intermediate,0.5944444444444444,0.5018182882727762
18,Current HI,Intermediate,0.6707616707616708,0.4861252534370264
19,Current HI,Intermediate,0.4666666666666667,0.5969059700116597
20,Current HI,Intermediate,0.6031746031746031,0.492608613844917
21,Current HI,Intermediate,0.5968253968253968,0.4789748094844093
22,Current HI,Intermediate,0.7012195121951219,0.48971519891736753
23,Current HI,Intermediate,0.5772200772200772,0.5503901413593502
24,Current HI,Intermediate,0.5215053763440859,0.4960086156940779
25,Current HI,Intermediate,0.5977742448330684,0.595276943062016
26,Current HI,Intermediate,0.546031746031746,0.5624920803292617
27,Current HI,Intermediate,0.6863636363636364,0.4173757447258924
28,Current HI,Intermediate,0.4993997599039616,0.49255805879568104
29,Current HI,Intermediate,0.7050505050505049,0.41497428434878825
30,Current HI,Intermediate,0.5504273504273505,0.5039535609699342
31,Current HI,Intermediate,0.5937500000000001,0.5189979557549043
32,Current HI,Intermediate,0.5610859728506787,0.5123861404436327
33,Current HI,Intermediate,0.7142857142857143,0.421141495123951
34,Current HI,Intermediate,0.739047619047619,0.4576668925754985
35,Current HI,Intermediate,0.5222222222222223,0.4702505781585799
36,Current HI,Intermediate,0.7395104895104896,0.5013071535205254
37,Current HI,Intermediate,0.5944444444444444,0.6598518425586885
38,Current HI,Intermediate,0.5328282828282829,0.5053624945400174
39,Current HI,Intermediate,0.4517374517374517,0.5097503817191311
40,Current HI,Intermediate,0.7326388888888888,0.4391029395863912
41,Current HI,Intermediate,0.5906593406593406,0.5007361341104783
42,Current HI,Intermediate,0.7777777777777778,0.522283131358452
43,Current HI,Intermediate,0.4476190476190476,0.5942001299020622
44,Current HI,Intermediate,0.4434589800443459,0.4588000036327047
45,Current HI,Intermediate,0.5277777777777778,0.49621909170251116
46,Current HI,Intermediate,0.6257142857142858,0.43254827292857906
47,Current HI,Intermediate,0.577861163227017,0.4752228179177017
48,Current HI,Intermediate,0.6060606060606061,0.5486167244608425
49,Current HI,Intermediate,0.7162534435261708,0.42691547303500227
50,Current HI,Intermediate,0.6942307692307692,0.5490049276461958
51,Current HI,Intermediate,0.6377708978328174,0.5330882298510805
52,Current HI,Intermediate,0.49346405228758167,0.6511740432876761
53,Current HI,Intermediate,0.5314685314685315,0.47566975053683896
54,Current HI,Intermediate,0.6666666666666666,0.5959644493022579
55,Current HI,Intermediate,0.4046822742474916,0.5733405771757579
56,Current HI,Intermediate,0.6428571428571429,0.579980270924974
57,Current HI,Intermediate,0.49699699699699695,0.5117873377999992
58,Current HI,Intermediate,0.4956140350877192,0.4553478543325734
59,Current HI,Intermediate,0.5911854103343466,0.4617019559743178
60,Current HI,Intermediate,0.6053571428571428,0.4682743709203503
61,Current HI,Intermediate,0.4790697674418605,0.48609701453135823
62,Current HI,Intermediate,0.6698717948717948,0.6052403182065608
63,Current HI,Intermediate,0.6742424242424242,0.5741430164518926
64,Current HI,Intermediate,0.625,0.5504068679833211
65,Current HI,Intermediate,0.6538461538461539,0.5597596886899435
66,Current HI,Intermediate,0.7034883720930233,0.4406484369942079
67,Current HI,Intermediate,0.5452991452991452,0.6264143307356332
68,Current HI,Intermediate,0.5588235294117646,0.478360707498835
69,Current HI,Intermediate,0.5260416666666666,0.6501652700337712
70,Current HI,Intermediate,0.4679144385026738,0.5766092482113001
71,Current HI,Intermediate,0.661122661122661,0.508143165708688
72,Current HI,Intermediate,0.43817204301075263,0.47057420981655185
73,Current HI,Intermediate,0.42358803986710963,0.5023775203470264
74,Current HI,Intermediate,0.4740740740740741,0.48641542110919905
75,Current HI,Intermediate,0.782051282051282,0.49574941984554366
76,Current HI,Intermediate,0.7235772357723578,0.508794879174711
77,Current HI,Intermediate,0.7914979757085021,0.42800483800440803
78,Current HI,Intermediate,0.693103448275862,0.4804586085079046
79,Current HI,Intermediate,0.6992592592592592,0.5428484370087868
80,Current HI,Intermediate,0.7894736842105262,0.5087399111158503
81,Current HI,Intermediate,0.625,0.48683431454424186
82,Current HI,Intermediate,0.6312217194570136,0.5456586072749386
83,Current HI,Intermediate,0.6084558823529411,0.40780728442063485
84,Current HI,Intermediate,0.5661764705882353,0.5482332567993496
85,Current HI,Intermediate,0.7560975609756098,0.5310477038556349
86,Current HI,Intermediate,0.6230769230769231,0.49620999357403156
87,Current HI,Intermediate,0.7126436781609196,0.6552884405179632
88,Current HI,Intermediate,0.67003367003367,0.5150109677613961
89,Current HI,Intermediate,0.563963963963964,0.5180827191980121
90,Current HI,Intermediate,0.6094276094276093,0.537379795979177
91,Current HI,Intermediate,0.44781144781144777,0.5752252010683349
92,Current HI,Intermediate,0.6849593495934959,0.44702228100232655
93,Current HI,Intermediate,0.7214137214137214,0.42522915739042977
94,Current HI,Intermediate,0.5426944971537002,0.5046886115084784
95,Current HI,Intermediate,0.525,0.5723305396109418
96,Current HI,Intermediate,0.6920289855072463,0.6153185603676371
97,Current HI,Intermediate,0.664576802507837,0.40905343379149917
98,Current HI,Intermediate,0.5909090909090909,0.4308425399576774
99,Current HI,Intermediate,0.5759878419452887,0.48342300176958763
100,Current HI,Intermediate,0.6991596638655462,0.6298985160540777
101,Current HI,Intermediate,0.6710239651416121,0.4289736462922942
102,Current HI,Intermediate,0.5208333333333334,0.5235968319369937
103,Current HI,Intermediate,0.5053475935828877,0.618482857072621
104,Current HI,Intermediate,0.6740740740740742,0.5248612675680643
105,Current HI,Intermediate,0.6175213675213677,0.35463933563315847
106,Current HI,Intermediate,0.6028571428571429,0.5962587798587415
107,Current HI,Intermediate,0.6039215686274509,0.5314354582373235
108,Current HI,Intermediate,0.5100250626566416,0.666579546794793
109,Current HI,Intermediate,0.8142857142857143,0.35321291083353584
110,Current HI,Intermediate,0.7388888888888889,0.43645048847688644
111,Current HI,Intermediate,0.5396825396825397,0.6028695790673386
112,Current HI,Intermediate,0.5310344827586206,0.6285806460385399
113,Current HI,Intermediate,0.5857142857142857,0.47606007871884387
114,Current HI,Intermediate,0.6000000000000001,0.49930796898847396
115,Current HI,Intermediate,0.5936507936507937,0.509018022591893
116,Current HI,Intermediate,0.5970394736842105,0.5832550497702309
117,Current HI,Intermediate,0.4604166666666666,0.5170405533538758
118,Current HI,Intermediate,0.7274509803921569,0.3871873474565885
119,Current HI,Intermediate,0.6206896551724138,0.5715733328071552
120,Current HI,Intermediate,0.7525252525252525,0.4534459600945988
121,Current HI,Intermediate,0.6900510204081632,0.5229797032610458
122,Current HI,Intermediate,0.8333333333333334,0.44487642893581425
123,Current HI,Intermediate,0.7142857142857144,0.4950525304260229
124,Current HI,Intermediate,0.6064690026954177,0.3977698461226596
125,Current HI,Intermediate,0.7119047619047618,0.5032792645837366
126,Current HI,Intermediate,0.686,0.5725430798155793
127,Current HI,Intermediate,0.6495726495726497,0.4965312534297943
128,Current HI,Intermediate,0.7275641025641025,0.43410267269420644
129,Current HI,Intermediate,0.5473684210526316,0.4524555462097828
130,Current HI,Intermediate,0.5478260869565217,0.6286838229717985
131,Current HI,Intermediate,0.6260683760683761,0.4712019091265132
132,Current HI,Intermediate,0.6677740863787376,0.586092317972404
133,Current HI,Intermediate,0.5721153846153846,0.5502423025093793
134,Current HI,Intermediate,0.6321428571428572,0.548780758206675
135,Current HI,Intermediate,0.5898345153664304,0.5003978588147143
136,Current HI,Intermediate,0.7009803921568627,0.534614478848358
137,Current HI,Intermediate,0.740530303030303,0.5670023016560033
138,Current HI,Intermediate,0.7239583333333333,0.41618518472102384
139,Current HI,Intermediate,0.5976744186046511,0.47440224447674423
140,Current HI,Intermediate,0.4718954248366013,0.5486710512537046
141,Current HI,Intermediate,0.4447058823529412,0.46262188821497774
142,Current HI,Intermediate,0.5757575757575758,0.5724696884555448
143,Current HI,Intermediate,0.7560975609756098,0.48972269842374894
144,Current HI,Intermediate,0.6672473867595818,0.5864988115484675
145,Current HI,Intermediate,0.7373737373737373,0.47917484080362244
146,Current HI,Intermediate,0.6178861788617886,0.4532966575673976
147,Current HI,Intermediate,0.5460317460317461,0.602330766002194
148,Current HI,Intermediate,0.8356643356643357,0.5274825020121677
149,Current HI,Intermediate,0.6304347826086957,0.44698204347497733
150,Current HI,Intermediate,0.5761904761904761,0.49991138906865473
151,Current HI,Intermediate,0.6041666666666666,0.5602703550164337
152,Current HI,Intermediate,0.5789473684210527,0.5254325390847179
153,Current HI,Intermediate,0.6978021978021979,0.5205132324046448
154,Current HI,Intermediate,0.5925925925925926,0.5976609270935468
155,Current HI,Intermediate,0.5297619047619048,0.5173398456135374
156,Current HI,Intermediate,0.6261904761904762,0.5664029375335998
157,Current HI,Intermediate,0.701388888888889,0.4324940820720004
158,Current HI,Intermediate,0.7367021276595744,0.45329968659093506
159,Current HI,Intermediate,0.49537037037037035,0.5559932279010669
160,Current HI,Intermediate,0.5855614973262032,0.47227835166401544
161,Current HI,Intermediate,0.6616541353383458,0.49528602326282745
162,Current HI,Intermediate,0.7037037037037037,0.5306405661963984
163,Current HI,Intermediate,0.6774193548387096,0.6614323644075043
164,Current HI,Intermediate,0.6,0.5074953740157504
165,Current HI,Intermediate,0.5879120879120879,0.545211096118778
166,Current HI,Intermediate,0.5673076923076923,0.4532319826228901
167,Current HI,Intermediate,0.5850694444444444,0.5349716856041592
168,Current HI,Intermediate,0.6339285714285714,0.4827608544125336
169,Current HI,Intermediate,0.5566502463054187,0.43548715381542435
170,Current HI,Intermediate,0.5177777777777778,0.5081913353592777
171,Current HI,Intermediate,0.4969574036511157,0.5535996218701092
172,Current HI,Intermediate,0.6442307692307693,0.49705671662312517
173,Current HI,Intermediate,0.8311444652908068,0.5085952862492832
174,Current HI,Intermediate,0.7948717948717948,0.39963687557595123
175,Current HI,Intermediate,0.7554945054945055,0.5177482560695351
176,Current HI,Intermediate,0.7072368421052633,0.6163167192251618
177,Current HI,Intermediate,0.5692307692307693,0.5478143009408205
178,Current HI,Intermediate,0.485838779956427,0.5549791581385235
179,Current HI,Intermediate,0.653125,0.5544823037924832
180,Current HI,Intermediate,0.7057142857142857,0.5801279256421804
181,Current HI,Intermediate,0.7549019607843137,0.46700726333967996
182,Current HI,Intermediate,0.6582809224318658,0.47587746133582176
183,Current HI,Intermediate,0.56875,0.4524124868420635
184,Current HI,Intermediate,0.625,0.4317653812420667
185,Current HI,Intermediate,0.31565656565656564,0.6012087358101255
186,Current HI,Intermediate,0.621082621082621,0.5281234808935726
187,Current HI,Intermediate,0.6701388888888888,0.5316475287719227
188,Current HI,Intermediate,0.6057692307692308,0.5396503651939069
189,Current HI,Intermediate,0.680672268907563,0.5227315122401772
190,Current HI,Intermediate,0.6074168797953964,0.489450371917016
191,Current HI,Intermediate,0.6235294117647059,0.5410845068237001
192,Current HI,Intermediate,0.7518427518427518,0.4851956386112775
193,Current HI,Intermediate,0.5890151515151515,0.5733695541017892
194,Current HI,Intermediate,0.8909090909090909,0.4834142742338666
195,Current HI,Intermediate,0.5811688311688311,0.5340318638312097
196,Current HI,Intermediate,0.4427083333333334,0.4890116804456187
197,Current HI,Intermediate,0.5863636363636363,0.589252826301641
198,Current HI,Intermediate,0.6410256410256411,0.5264754890383794
199,Current HI,Intermediate,0.5710227272727273,0.5387350787086778
200,Current HI,Intermediate,0.5346666666666666,0.49602939342163044
201,Current HI,Intermediate,0.7914285714285715,0.4775402231727464
202,Current HI,Intermediate,0.6620689655172414,0.510778313636613
203,Current HI,Intermediate,0.6161616161616161,0.45501733709719006
204,Current HI,Intermediate,0.5457875457875458,0.525878988973954
205,Current HI,Intermediate,0.64,0.5373117800909885
206,Current HI,Intermediate,0.5820512820512821,0.5893711320874091
207,Current HI,Intermediate,0.5898617511520736,0.6394706470498074
208,Current HI,Intermediate,0.619047619047619,0.4216961889947991
209,Current HI,Intermediate,0.5656108597285068,0.5172072759109686
210,Current HI,Intermediate,0.6693989071038251,0.5270076585065043
211,Current HI,Intermediate,0.6892307692307692,0.4935052545134277
212,Current HI,Intermediate,0.49642857142857144,0.3758407003727651
213,Current HI,Intermediate,0.48809523809523814,0.5185471662903679
214,Current HI,Intermediate,0.7222222222222222,0.43135507782805366
215,Current HI,Intermediate,0.489247311827957,0.47484734944591644
216,Current HI,Intermediate,0.6684350132625995,0.5349590911270626
217,Current HI,Intermediate,0.5668449197860963,0.5429811069722768
218,Current HI,Intermediate,0.7027027027027027,0.4781228478305919
219,Current HI,Intermediate,0.7416267942583732,0.5580869177094332
220,Current HI,Intermediate,0.5190476190476191,0.5039731250328537
221,Current HI,Intermediate,0.7094861660079052,0.47961758115345626
222,Current HI,Intermediate,0.8056426332288401,0.5532457355259968
223,Current HI,Intermediate,0.5214285714285715,0.6158050819888702
224,Current HI,Intermediate,0.6528599605522684,0.5422412962338521
225,Current HI,Intermediate,0.6847290640394088,0.5320065707766503
226,Current HI,Intermediate,0.7511961722488038,0.5571265389548262
227,Current HI,Intermediate,0.7196969696969696,0.4740251622395182
228,Current HI,Intermediate,0.5115740740740742,0.5972445881489256
229,Current HI,Intermediate,0.7088414634146342,0.49334874785483446
230,Current HI,Intermediate,0.4442857142857143,0.5118463616504898
231,Current HI,Intermediate,0.5740740740740741,0.4689257381953142
232,Current HI,Intermediate,0.6375000000000001,0.4889390060595069
233,Current HI,Intermediate,0.688888888888889,0.4991864989973331
234,Current HI,Intermediate,0.5337690631808278,0.6138526709010771
235,Current HI,Intermediate,0.5248868778280544,0.5948855531319858
236,Current HI,Intermediate,0.7179487179487178,0.4703419383543471
237,Current HI,Intermediate,0.53125,0.4517913546547621
238,Current HI,Intermediate,0.6634429400386848,0.48024324058270496
239,Current HI,Intermediate,0.624078624078624,0.40630413089875345
240,Current HI,Intermediate,0.7479338842975206,0.47980222110049703
241,Current HI,Intermediate,0.6691176470588235,0.5834841521961861
242,Current HI,Intermediate,0.4761904761904762,0.4847714357730791
243,Current HI,Intermediate,0.6049382716049383,0.6109382034103563
244,Current HI,Intermediate,0.5865384615384616,0.46511341273670537
245,Current HI,Intermediate,0.47619047619047616,0.44203006051058535
246,Current HI,Intermediate,0.5014880952380952,0.49387919434726607
247,Current HI,Intermediate,0.6282051282051282,0.5168794562269435
248,Current HI,Intermediate,0.43015521064301554,0.43892387772756697
249,Current HI,Intermediate,0.6828571428571428,0.5178508457516814
250,Current HI,Intermediate,0.5890151515151514,0.4896294672193444
251,Current HI,Intermediate,0.5423076923076923,0.6197086714755963
252,Current HI,Intermediate,0.6280193236714976,0.53665434534891
253,Current HI,Intermediate,0.7575757575757575,0.3951583555213898
254,Current HI,Intermediate,0.6926406926406926,0.5422253057899888
255,Current HI,Intermediate,0.60625,0.5553937080091876
256,Current HI,Intermediate,0.6778425655976676,0.5064201238581146
257,Current HI,Intermediate,0.3388888888888889,0.5613707538292143
258,Current HI,Intermediate,0.5708502024291497,0.5568653145005956
259,Current HI,Intermediate,0.7514285714285714,0.4494569139376755
260,Current HI,Intermediate,0.5867346938775511,0.4821236703069586
261,Current HI,Intermediate,0.7161803713527851,0.520891312490063
262,Current HI,Intermediate,0.4977678571428572,0.610523312715286
263,Current HI,Intermediate,0.6944444444444444,0.5692955284636791
264,Current HI,Intermediate,0.7378335949764521,0.46496425359294064
265,Current HI,Intermediate,0.7291666666666667,0.4588524327186487
266,Current HI,Intermediate,0.5534883720930233,0.6033401705259179
267,Current HI,Intermediate,0.748046875,0.6079711175366572
268,Current HI,Intermediate,0.6638655462184874,0.5199269460532902
269,Current HI,Intermediate,0.920138888888889,0.44061155980668815
270,Current HI,Intermediate,0.619047619047619,0.5248592181332011
271,Current HI,Intermediate,0.7428571428571429,0.40965984706924813
272,Current HI,Intermediate,0.7222222222222222,0.46332235722257814
273,Current HI,Intermediate,0.6248062015503876,0.5801425537637448
274,Current HI,Intermediate,0.5441176470588236,0.5261475426118932
275,Current HI,Intermediate,0.7894736842105263,0.47240573567746796
276,Current HI,Intermediate,0.6697530864197531,0.45768582565716653
277,Current HI,Intermediate,0.5470588235294118,0.6283583084686234
278,Current HI,Intermediate,0.6810344827586207,0.4300201946832391
279,Current HI,Intermediate,0.5580286168521462,0.6301292156625694
280,Current HI,Intermediate,0.6077127659574467,0.5098792676063199
281,Current HI,Intermediate,0.5384615384615384,0.5817920829833689
282,Current HI,Intermediate,0.6909090909090909,0.48238558898161127
283,Current HI,Intermediate,0.6103896103896105,0.43896732948323447
284,Current HI,Intermediate,0.6768707482993197,0.48116741088612003
285,Current HI,Intermediate,0.3897849462365592,0.4768408481637634
286,Current HI,Intermediate,0.6175710594315246,0.505930510696059
287,Current HI,Intermediate,0.5959302325581395,0.5481717111389766
288,Current HI,Intermediate,0.719047619047619,0.5580485585470326
289,Current HI,Intermediate,0.6810344827586206,0.563314275206697
290,Current HI,Intermediate,0.53125,0.4818112938003821
291,Current HI,Intermediate,0.5909090909090908,0.4382229396633088
292,Current HI,Intermediate,0.7159090909090909,0.546062439452182
293,Current HI,Intermediate,0.66289592760181,0.4632982671844368
294,Current HI,Intermediate,0.5476190476190477,0.6472890047491635
295,Current HI,Intermediate,0.40222575516693165,0.6073151864838826
296,Current HI,Intermediate,0.5349794238683128,0.6482302605058387
297,Current HI,Intermediate,0.5943204868154158,0.4927039527819875
298,Current HI,Intermediate,0.5642857142857143,0.4661117383574989
299,Current HI,Intermediate,0.6666666666666666,0.48053438387715214
300,Current HI,Intermediate,0.29,0.5267248611343905
301,Current HI,Intermediate,0.585081585081585,0.43882881698101484
302,Current HI,Intermediate,0.730263157894737,0.47320419555734466
303,Current HI,Intermediate,0.6363636363636364,0.548661806313575
304,Current HI,Intermediate,0.45249999999999996,0.5133289337508643
305,Current HI,Intermediate,0.6038461538461538,0.5158029842044282
306,Current HI,Intermediate,0.47767857142857134,0.39654451917378086
307,Current HI,Intermediate,0.6538461538461539,0.4733072424874018
308,Current HI,Intermediate,0.6023809523809524,0.5563101956447414
309,Current HI,Intermediate,0.6153846153846154,0.5444509953142418
310,Current HI,Intermediate,0.6007751937984497,0.5037082802342829
311,Current HI,Intermediate,0.6936274509803922,0.4703670626145852
312,Current HI,Intermediate,0.48330683624801274,0.5824973259058873
313,Current HI,Intermediate,0.7179487179487181,0.5552134276011538
314,Current HI,Intermediate,0.626984126984127,0.40788778488633476
315,Current HI,Intermediate,0.627906976744186,0.482817229876933
316,Current HI,Intermediate,0.6392961876832846,0.4896238615724114
317,Current HI,Intermediate,0.5625,0.5437446232901333
318,Current HI,Intermediate,0.5520833333333333,0.5239913696907906
319,Current HI,Intermediate,0.8791208791208792,0.48731656542364005
320,Current HI,Intermediate,0.5619195046439629,0.5152099400474918
321,Current HI,Intermediate,0.7098039215686275,0.4546741861494325
322,Current HI,Intermediate,0.9525,0.3751253050413297
323,Current HI,Intermediate,0.7036363636363637,0.40644681891037954
324,Current HI,Intermediate,0.7354166666666667,0.3837482168827207
325,Current HI,Intermediate,0.6846153846153846,0.4781642931067115
326,Current HI,Intermediate,0.72,0.5290050636557991
327,Current HI,Intermediate,0.6013071895424836,0.501108094178829
328,Current HI,Intermediate,0.6678571428571429,0.408039367819737
329,Current HI,Intermediate,0.4088235294117647,0.563103560366025
330,Current HI,Intermediate,0.6472795497185742,0.596816810062853
331,Current HI,Intermediate,0.7172413793103449,0.5376030182695626
332,Current HI,Intermediate,0.6336805555555556,0.459430382990881
333,Current HI,Intermediate,0.5866666666666667,0.5144161243647191
334,Current HI,Intermediate,0.5723905723905724,0.42174840405826264
335,Current HI,Intermediate,0.6789215686274509,0.5367338794253247
336,Current HI,Intermediate,0.6256410256410256,0.4790432207183139
337,Current HI,Intermediate,0.619047619047619,0.46369017830868164
338,Current HI,Intermediate,0.7923976608187135,0.5090059476131598
339,Current HI,Intermediate,0.546218487394958,0.6256693271184336
340,Current HI,Intermediate,0.748917748917749,0.47509901449998454
341,Current HI,Intermediate,0.48550724637681153,0.6029933019493184
342,Current HI,Intermediate,0.3796296296296296,0.5309997561843065
343,Current HI,Intermediate,0.6363636363636364,0.4626845519940556
344,Current HI,Intermediate,0.5803571428571429,0.4790355124826513
345,Current HI,Intermediate,0.7926356589147288,0.3943540806257101
346,Current HI,Intermediate,0.514074074074074,0.404643938849369
347,Current HI,Intermediate,0.7718253968253969,0.4800732059548004
348,Current HI,Intermediate,0.8525252525252525,0.4146405261966487
349,Current HI,Intermediate,0.6335784313725491,0.5246548107328391
350,Current HI,Intermediate,0.5594405594405594,0.42561807821508585
351,Current HI,Intermediate,0.6848030018761726,0.4879853433370011
352,Current HI,Intermediate,0.8166666666666668,0.48679944530036506
353,Current HI,Intermediate,0.5929078014184397,0.5386179277504314
354,Current HI,Intermediate,0.5764705882352941,0.46786885635535785
355,Current HI,Intermediate,0.7083333333333334,0.44193147870337923
356,Current HI,Intermediate,0.5936507936507935,0.5008269681195946
357,Current HI,Intermediate,0.7769230769230769,0.5033484708664011
358,Current HI,Intermediate,0.635,0.5637987700254198
359,Current HI,Intermediate,0.5775862068965517,0.5644839154712605
360,Current HI,Intermediate,0.5561497326203209,0.5293336105451253
361,Current HI,Intermediate,0.587037037037037,0.4675403247551917
362,Current HI,Intermediate,0.6722222222222223,0.537158742127558
363,Current HI,Intermediate,0.5853658536585367,0.5262248975105013
364,Current HI,Intermediate,0.6802168021680217,0.4689413076905122
365,Current HI,Intermediate,0.7651515151515151,0.4731310186117782
366,Current HI,Intermediate,0.49206349206349204,0.4369432631098222
367,Current HI,Intermediate,0.7658730158730159,0.4408591831933661
368,Current HI,Intermediate,0.760942760942761,0.5232656589772611
369,Current HI,Intermediate,0.5878787878787879,0.4909038638380638
370,Current HI,Intermediate,0.5903225806451613,0.48914891086881496
371,Current HI,Intermediate,0.5925925925925926,0.5472360372123107
372,Current HI,Intermediate,0.5444444444444444,0.5453298398785247
373,Current HI,Intermediate,0.5765550239234449,0.4608101183390078
374,Current HI,Intermediate,0.775,0.5509715475485495
375,Current HI,Intermediate,0.5446428571428572,0.4283107706855468
376,Current HI,Intermediate,0.5892857142857143,0.5451102659763029
377,Current HI,Intermediate,0.6042780748663101,0.5440983343093472
378,Current HI,Intermediate,0.5952380952380952,0.6301987739742183
379,Current HI,Intermediate,0.664835164835165,0.5032042531703456
380,Current HI,Intermediate,0.642156862745098,0.5024800186337215
381,Current HI,Intermediate,0.6348884381338742,0.5728156888188902
382,Current HI,Intermediate,0.7414965986394557,0.49718045536239075
383,Current HI,Intermediate,0.470703125,0.5584263173370202
384,Current HI,Intermediate,0.7210884353741496,0.5395435417858037
385,Current HI,Intermediate,0.6085972850678734,0.5719551869786073
386,Current HI,Intermediate,0.48966613672496023,0.6183284920788502
387,Current HI,Intermediate,0.5253378378378377,0.6510231564226284
388,Current HI,Intermediate,0.564516129032258,0.421718287083003
389,Current HI,Intermediate,0.787037037037037,0.4321215151696201
390,Current HI,Intermediate,0.5571095571095571,0.4502299565614225
391,Current HI,Intermediate,0.5637254901960784,0.41080595303061945
392,Current HI,Intermediate,0.6642512077294686,0.602352081870886
393,Current HI,Intermediate,0.5047021943573667,0.47699933032085695
394,Current HI,Intermediate,0.5648351648351649,0.4745168995634073
395,Current HI,Intermediate,0.5358090185676392,0.5536085273576395
396,Current HI,Intermediate,0.5892857142857142,0.6067732918621198
397,Current HI,Intermediate,0.5096153846153846,0.5357629775172326
398,Current HI,Intermediate,0.6614583333333334,0.4319815795170608
399,Current HI,Intermediate,0.7662721893491125,0.5294124729022324
400,Current HI,Intermediate,0.6848484848484849,0.518181087566808
401,Current HI,Intermediate,0.49347826086956526,0.498090942984368
402,Current HI,Intermediate,0.5703564727954973,0.49327525404806233
403,Current HI,Intermediate,0.5376984126984128,0.45143571918702036
404,Current HI,Intermediate,0.4614035087719298,0.5159557446681203
405,Current HI,Intermediate,0.7560975609756098,0.5004741386652958
406,Current HI,Intermediate,0.6234567901234568,0.5124807591711588
407,Current HI,Intermediate,0.6589861751152074,0.5794876803553376
408,Current HI,Intermediate,0.641025641025641,0.47524045415114846
409,Current HI,Intermediate,0.6136363636363636,0.44922404571179025
410,Current HI,Intermediate,0.7525252525252525,0.5269967850477388
411,Current HI,Intermediate,0.5013333333333333,0.46270933720356633
412,Current HI,Intermediate,0.692929292929293,0.5058629740470401
413,Current HI,Intermediate,0.7296296296296296,0.5290730800041505
414,Current HI,Intermediate,0.6129807692307692,0.5235865984712484
415,Current HI,Intermediate,0.6208791208791209,0.5315911228461916
416,Current HI,Intermediate,0.6819923371647509,0.6253094106070866
417,Current HI,Intermediate,0.5576131687242798,0.656135708709392
418,Current HI,Intermediate,0.5488372093023256,0.46557001546020754
419,Current HI,Intermediate,0.5781637717121588,0.5145973566504277
420,Current HI,Intermediate,0.6245210727969348,0.44955940633584524
421,Current HI,Intermediate,0.5284552845528455,0.4144742720079001
422,Current HI,Intermediate,0.7795454545454547,0.41929147415385015
423,Current HI,Intermediate,0.6013824884792627,0.5744057449317731
424,Current HI,Intermediate,0.4753246753246753,0.5501599812884659
425,Current HI,Intermediate,0.7070707070707071,0.42948936191158466
426,Current HI,Intermediate,0.6583333333333334,0.5497828976022422
427,Current HI,Intermediate,0.49479166666666663,0.4563770674296049
428,Current HI,Intermediate,0.7117516629711753,0.46542437020862015
429,Current HI,Intermediate,0.552734375,0.5252423934306819
430,Current HI,Intermediate,0.4814814814814815,0.6070701236420236
431,Current HI,Intermediate,0.5454545454545454,0.47483313155771384
432,Current HI,Intermediate,0.6840659340659341,0.4672790256623222
433,Current HI,Intermediate,0.726078799249531,0.5106256049131846
434,Current HI,Intermediate,0.5728744939271255,0.560642151336146
435,Current HI,Intermediate,0.593103448275862,0.4686948758690724
436,Current HI,Intermediate,0.6151515151515151,0.4741975528545012
437,Current HI,Intermediate,0.6474358974358975,0.4295213934478076
438,Current HI,Intermediate,0.7016317016317016,0.5186317781145643
439,Current HI,Intermediate,0.542016806722689,0.5043434041065064
440,Current HI,Intermediate,0.5717255717255717,0.4585395848709365
441,Current HI,Intermediate,0.6416510318949343,0.47833435387409623
442,Current HI,Intermediate,0.5993589743589743,0.5656284283907816
443,Current HI,Intermediate,0.5868055555555555,0.5534069912134217
444,Current HI,Intermediate,0.65,0.5061827003743959
445,Current HI,Intermediate,0.4230769230769231,0.6491627222086271
446,Current HI,Intermediate,0.5170454545454546,0.46249383279597184
447,Current HI,Intermediate,0.5,0.5290407944387323
448,Current HI,Intermediate,0.6686274509803922,0.5960231956057745
449,Current HI,Intermediate,0.6734006734006733,0.3773885892931861
450,Current HI,Intermediate,0.5096952908587258,0.6601745264374173
451,Current HI,Intermediate,0.7674796747967481,0.46068221259324843
452,Current HI,Intermediate,0.567951318458418,0.6373596941880048
453,Current HI,Intermediate,0.6132478632478633,0.5176388491559577
454,Current HI,Intermediate,0.5855614973262032,0.5791127597326812
455,Current HI,Intermediate,0.7412587412587414,0.5288374672182993
456,Current HI,Intermediate,0.527906976744186,0.5452685882713005
457,Current HI,Intermediate,0.5512820512820513,0.5587284657802912
458,Current HI,Intermediate,0.6160714285714286,0.5818571803395531
459,Current HI,Intermediate,0.6363636363636364,0.5288682075271693
460,Current HI,Intermediate,0.44514106583072094,0.5426124484529389
461,Current HI,Intermediate,0.828009828009828,0.4092878237365632
462,Current HI,Intermediate,0.5651162790697675,0.47557497748077
463,Current HI,Intermediate,0.51,0.5780695345720079
464,Current HI,Intermediate,0.65,0.4769545828964692
465,Current HI,Intermediate,0.601010101010101,0.484917421165339
466,Current HI,Intermediate,0.5384615384615384,0.6177582170462516
467,Current HI,Intermediate,0.4715909090909091,0.6844678528948233
468,Current HI,Intermediate,0.6328125,0.5314723146223144
469,Current HI,Intermediate,0.5563725490196078,0.5782822404458612
470,Current HI,Intermediate,0.5635062611806798,0.5098007251324878
471,Current HI,Intermediate,0.40106951871657753,0.5234391835502189
472,Current HI,Intermediate,0.7715617715617715,0.44088192213083277
473,Current HI,Intermediate,0.7214285714285715,0.4912189569836661
474,Current HI,Intermediate,0.6176470588235294,0.556293135827855
475,Current HI,Intermediate,0.6254545454545455,0.430218264870125
476,Current HI,Intermediate,0.7008547008547008,0.5439554448466302
477,Current HI,Intermediate,0.7648809523809524,0.5572474951722863
478,Current HI,Intermediate,0.5886627906976745,0.48178575399820706
479,Current HI,Intermediate,0.6000000000000001,0.5706006047470524
480,Current HI,Intermediate,0.7094594594594594,0.48019079487276783
481,Current HI,Intermediate,0.6666666666666666,0.5971151524951045
482,Current HI,Intermediate,0.5565610859728507,0.4781199110487674
483,Current HI,Intermediate,0.6413690476190476,0.4688409899630932
484,Current HI,Intermediate,0.6160714285714286,0.5433234323441004
485,Current HI,Intermediate,0.4217687074829932,0.6167102461329127
486,Current HI,Intermediate,0.6438746438746439,0.47512653594119475
487,Current HI,Intermediate,0.5598086124401914,0.536171412391538
488,Current HI,Intermediate,0.5854700854700855,0.512019780556685
489,Current HI,Intermediate,0.7714987714987716,0.5225228156570166
490,Current HI,Intermediate,0.8547008547008547,0.39663554489799857
491,Current HI,Intermediate,0.6306306306306306,0.4661860097392573
492,Current HI,Intermediate,0.7163461538461539,0.492821119179722
493,Current HI,Intermediate,0.6129032258064516,0.5520012100409385
494,Current HI,Intermediate,0.5882352941176471,0.5580625051313532
495,Current HI,Intermediate,0.2857142857142857,0.5838437300872892
496,Current HI,Intermediate,0.6456456456456456,0.4309897047538461
497,Current HI,Intermediate,0.5528455284552846,0.4596816070045186
498,Current HI,Intermediate,0.6517857142857143,0.460198682161645
499,Current HI,Intermediate,0.5017543859649123,0.476874172804563
500,Current HI,Intermediate,0.5824175824175825,0.6068606887369985
501,Current HI,Intermediate,0.5875,0.5215536084088421
502,Current HI,Intermediate,0.7066666666666667,0.5013505729679396
503,Current HI,Intermediate,0.7056910569105691,0.43118569386796934
504,Current HI,Intermediate,0.6955555555555556,0.5154623369476878
505,Current HI,Intermediate,0.6401985111662531,0.5321374715843586
506,Current HI,Intermediate,0.7140151515151515,0.511423527149269
507,Current HI,Intermediate,0.6639999999999999,0.4118545280362673
508,Current HI,Intermediate,0.5166666666666667,0.4701691462933417
509,Current HI,Intermediate,0.65,0.516688395020399
510,Current HI,Intermediate,0.5783333333333334,0.6379797778659778
511,Current HI,Intermediate,0.51,0.5836052263261526
512,Current HI,Intermediate,0.617094017094017,0.5634515738331357
513,Current HI,Intermediate,0.3738095238095238,0.6053318251802059
514,Current HI,Intermediate,0.6696428571428571,0.4021371040181928
515,Current HI,Intermediate,0.7192982456140351,0.5280335835222014
516,Current HI,Intermediate,0.4714285714285714,0.494588717959495
517,Current HI,Intermediate,0.71875,0.45542763855009055
518,Current HI,Intermediate,0.7244444444444444,0.46666824528683853
519,Current HI,Intermediate,0.8666666666666666,0.496940685841589
520,Current HI,Intermediate,0.75,0.43727945323921763
521,Current HI,Intermediate,0.7295454545454545,0.5673859304649975
522,Current HI,Intermediate,0.6818181818181819,0.4961592105306048
523,Current HI,Intermediate,0.7205882352941176,0.5432374581941823
524,Current HI,Intermediate,0.5791666666666667,0.49006892748934344
525,Current HI,Intermediate,0.638996138996139,0.5550396372058055
526,Current HI,Intermediate,0.4835589941972921,0.6271147692639143
527,Current HI,Intermediate,0.6196428571428572,0.5000432683678558
528,Current HI,Intermediate,0.6526806526806527,0.49587880920805166
529,Current HI,Intermediate,0.2948717948717948,0.39478207007319416
530,Current HI,Intermediate,0.7956989247311828,0.4734534414580302
531,Current HI,Intermediate,0.5482954545454545,0.5940102258418354
532,Current HI,Intermediate,0.5297619047619048,0.4768950808625529
533,Current HI,Intermediate,0.8940092165898617,0.4205282320806853
534,Current HI,Intermediate,0.664819944598338,0.5224541129046831
535,Current HI,Intermediate,0.49810606060606055,0.5352193806544723
536,Current HI,Intermediate,0.5517241379310345,0.4995208352565238
537,Current HI,Intermediate,0.5948051948051949,0.514616494860279
538,Current HI,Intermediate,0.4630681818181818,0.5137645804866484
539,Current HI,Intermediate,0.780952380952381,0.5076214104894048
540,Current HI,Intermediate,0.5476190476190477,0.46490556676143696
541,Current HI,Intermediate,0.6548323471400395,0.5098797873247437
542,Current HI,Intermediate,0.5909090909090908,0.48801852612586116
543,Current HI,Intermediate,0.5476190476190476,0.48225044289443386
544,Current HI,Intermediate,0.6730769230769231,0.4443160120974065
545,Current HI,Intermediate,0.5741687979539642,0.5025001136560326
546,Current HI,Intermediate,0.45125000000000004,0.5778253420436226
547,Current HI,Intermediate,0.6823956442831216,0.5581860152266374
548,Current HI,Intermediate,0.6020408163265306,0.5399168073891908
549,Current HI,Intermediate,0.5222222222222223,0.6146129656615765
550,Current HI,Intermediate,0.6566820276497696,0.4390141116696337
551,Current HI,Intermediate,0.7373737373737375,0.5096385759082941
552,Current HI,Intermediate,0.6433566433566433,0.5964081535983794
553,Current HI,Intermediate,0.5,0.3891226335221191
554,Current HI,Intermediate,0.7445887445887446,0.4904686758699742
555,Current HI,Intermediate,0.5757575757575759,0.5168009967342678
556,Current HI,Intermediate,0.5652173913043479,0.48541367276206326
557,Current HI,Intermediate,0.6171875,0.6027510217301273
558,Current HI,Intermediate,0.5528255528255528,0.5068218211459282
559,Current HI,Intermediate,0.4713584288052373,0.5084675603058205
560,Current HI,Intermediate,0.6677018633540373,0.4086496762993238
561,Current HI,Intermediate,0.5895833333333333,0.4903440448432953
562,Current HI,Intermediate,0.6642857142857144,0.4511752286960032
563,Current HI,Intermediate,0.6743697478991596,0.5221358445512602
564,Current HI,Intermediate,0.5541125541125541,0.5248223110968596
565,Current HI,Intermediate,0.7202380952380952,0.49496296981187554
566,Current HI,Intermediate,0.6676829268292683,0.4898892435008546
567,Current HI,Intermediate,0.6073529411764707,0.4793144531008519
568,Current HI,Intermediate,0.5913461538461539,0.5794915947530435
569,Current HI,Intermediate,0.6204933586337761,0.5640469587465674
570,Current HI,Intermediate,0.6877828054298643,0.5293243492409291
571,Current HI,Intermediate,0.6010733452593917,0.4884837937852588
572,Current HI,Intermediate,0.5433436532507739,0.6003807019028935
573,Current HI,Intermediate,0.6955128205128205,0.5167997108651629
574,Current HI,Intermediate,0.7418803418803418,0.5185332222155827
575,Current HI,Intermediate,0.616,0.6079163428116421
576,Current HI,Intermediate,0.7193877551020409,0.41143227101026764
577,Current HI,Intermediate,0.5833333333333333,0.4912787429316202
578,Current HI,Intermediate,0.7189189189189189,0.5029801362424283
579,Current HI,Intermediate,0.6050420168067226,0.5654434375475865
580,Current HI,Intermediate,0.7083333333333334,0.49624569986387224
581,Current HI,Intermediate,0.6291666666666667,0.44124830815008875
582,Current HI,Intermediate,0.6447368421052632,0.5036334059144413
583,Current HI,Intermediate,0.7547619047619049,0.4612897594524273
584,Current HI,Intermediate,0.6071428571428571,0.430468013040276
585,Current HI,Intermediate,0.6071428571428572,0.45314797051519157
586,Current HI,Intermediate,0.7321428571428572,0.3911060055541521
587,Current HI,Intermediate,0.5928030303030303,0.5311921250848572
588,Current HI,Intermediate,0.7098214285714286,0.49391278627401414
589,Current HI,Intermediate,0.5083333333333333,0.6681267557081438
590,Current HI,Intermediate,0.6355685131195336,0.45081769939596755
591,Current HI,Intermediate,0.6645299145299144,0.49652086857791106
592,Current HI,Intermediate,0.6008316008316008,0.4639510881093925
593,Current HI,Intermediate,0.6095238095238096,0.5090858595197747
594,Current HI,Intermediate,0.7281399046104928,0.4619771158270432
595,Current HI,Intermediate,0.6296296296296297,0.5728665202062491
596,Current HI,Intermediate,0.6642156862745098,0.5667938404168452
597,Current HI,Intermediate,0.5611111111111111,0.5273998018019516
598,Current HI,Intermediate,0.5206766917293233,0.5881929188944384
599,Current HI,Intermediate,0.6698717948717949,0.6196366606554566
600,Current HI,Intermediate,0.8136752136752137,0.6174384518470172
601,Current HI,Intermediate,0.5611111111111111,0.5425415918827995
602,Current HI,Intermediate,0.553921568627451,0.563218456176613
603,Current HI,Intermediate,0.6842105263157895,0.6033878106533438
604,Current HI,Intermediate,0.74,0.5057649858467492
605,Current HI,Intermediate,0.7114361702127661,0.5388962633411717
606,Current HI,Intermediate,0.884848484848485,0.46903370463042376
607,Current HI,Intermediate,0.7397959183673468,0.5209678593095264
608,Current HI,Intermediate,0.6057471264367816,0.4826264466875673
609,Current HI,Intermediate,0.5355029585798816,0.5160544101974065
610,Current HI,Intermediate,0.6803118908382066,0.5065258225153928
611,Current HI,Intermediate,0.506631299734748,0.5049040770287712
612,Current HI,Intermediate,0.7054263565891473,0.4853254072738681
613,Current HI,Intermediate,0.6921182266009852,0.5456257425508547
614,Current HI,Intermediate,0.7085714285714285,0.5143668916621731
615,Current HI,Intermediate,0.5714285714285714,0.5545513228100694
616,Current HI,Intermediate,0.3917748917748917,0.5830425143865636
617,Current HI,Intermediate,0.6614583333333334,0.5373083388594027
618,Current HI,Intermediate,0.4008714596949891,0.512463442058613
619,Current HI,Intermediate,0.525987525987526,0.469135858776539
620,Current HI,Intermediate,0.6923076923076924,0.47498028241287704
621,Current HI,Intermediate,0.45555555555555555,0.5348861228967263
622,Current HI,Intermediate,0.6259398496240601,0.5712241766831003
623,Current HI,Intermediate,0.42558139534883727,0.47047677468171234
624,Current HI,Intermediate,0.6005434782608695,0.6225970267077165
625,Current HI,Intermediate,0.6148648648648648,0.5367494149607482
626,Current HI,Intermediate,0.3285024154589372,0.5309970464303133
627,Current HI,Intermediate,0.6033834586466165,0.6678654147600834
628,Current HI,Intermediate,0.6217948717948718,0.5237558018329372
629,Current HI,Intermediate,0.6205882352941177,0.513610213822489
630,Current HI,Intermediate,0.5581395348837209,0.504082266887215
631,Current HI,Intermediate,0.7418699186991871,0.5915547124507917
632,Current HI,Intermediate,0.7462121212121212,0.37569427451824905
633,Current HI,Intermediate,0.7142857142857143,0.7332784290741172
634,Current HI,Intermediate,0.5096774193548388,0.6650010267326459
635,Current HI,Intermediate,0.4156028368794326,0.5171151532579582
636,Current HI,Intermediate,0.7574786324786325,0.48367984731008806
637,Current HI,Intermediate,0.7535714285714287,0.5001189670022432
638,Current HI,Intermediate,0.7478070175438596,0.43232906498714063
639,Current HI,Intermediate,0.6046195652173914,0.4371843315093089
640,Current HI,Intermediate,0.7163461538461537,0.4571042493819355
641,Current HI,Intermediate,0.6944444444444445,0.4695529017460801
642,Current HI,Intermediate,0.5294117647058824,0.5927641811088334
643,Current HI,Intermediate,0.6587301587301587,0.5592144852756662
644,Current HI,Intermediate,0.5656565656565656,0.5038581612925859
645,Current HI,Intermediate,0.7248803827751197,0.4266871579863376
646,Current HI,Intermediate,0.717948717948718,0.5256169011370649
647,Current HI,Intermediate,0.6160714285714286,0.522780826925664
648,Current HI,Intermediate,0.43333333333333335,0.3669151515672147
649,Current HI,Intermediate,0.6770025839793281,0.5408920560834382
650,Current HI,Intermediate,0.8187500000000001,0.4697428337270816
651,Current HI,Intermediate,0.5534188034188035,0.6399635116695218
652,Current HI,Intermediate,0.5907692307692308,0.5182870888480747
653,Current HI,Intermediate,0.6484962406015038,0.6227056639483556
654,Current HI,Intermediate,0.691304347826087,0.4594440791966316
655,Current HI,Intermediate,0.6590038314176245,0.5618919333797703
656,Current HI,Intermediate,0.45151515151515154,0.5302126189233773
657,Current HI,Intermediate,0.6554621848739495,0.5112545751183901
658,Current HI,Intermediate,0.5990675990675991,0.4410695884830187
659,Current HI,Intermediate,0.6168831168831167,0.5166407419739737
660,Current HI,Intermediate,0.5431034482758621,0.5509412246463012
661,Current HI,Intermediate,0.7829313543599257,0.44408323733806704
662,Current HI,Intermediate,0.6583333333333333,0.59661455786066
663,Current HI,Intermediate,0.7416173570019725,0.48953702457227544
664,Current HI,Intermediate,0.7386363636363635,0.44606794789239923
665,Current HI,Intermediate,0.6479999999999999,0.6575264781659171
666,Current HI,Intermediate,0.7456521739130434,0.4297138631313677
667,Current HI,Intermediate,0.6731707317073171,0.5054563826709196
668,Current HI,Intermediate,0.7932692307692307,0.5155982526862466
669,Current HI,Intermediate,0.6723809523809524,0.4853809109826214
670,Current HI,Intermediate,0.76875,0.4409059135553705
671,Current HI,Intermediate,0.6728395061728395,0.4789725017770401
672,Current HI,Intermediate,0.3862433862433862,0.4542140153381496
673,Current HI,Intermediate,0.8244444444444444,0.44861574600579307
674,Current HI,Intermediate,0.5343137254901961,0.48615434380849837
675,Current HI,Intermediate,0.6862745098039216,0.4704743644454818
676,Current HI,Intermediate,0.6156156156156156,0.49944469399472974
677,Current HI,Intermediate,0.52046783625731,0.5254103326416816
678,Current HI,Intermediate,0.5763546798029557,0.6137386305807031
679,Current HI,Intermediate,0.6830769230769231,0.45140035534747724
680,Current HI,Intermediate,0.6717171717171717,0.4957842870633874
681,Current HI,Intermediate,0.6916666666666668,0.5569525440783565
682,Current HI,Intermediate,0.5263157894736842,0.5022096863272295
683,Current HI,Intermediate,0.7662037037037036,0.5385613798851064
684,Current HI,Intermediate,0.7068965517241379,0.5078314979454368
685,Current HI,Intermediate,0.6447368421052632,0.446884013870456
686,Current HI,Intermediate,0.6304347826086957,0.4959531588320125
687,Current HI,Intermediate,0.5535353535353535,0.5314948679995948
688,Current HI,Intermediate,0.56,0.597216260013805
689,Current HI,Intermediate,0.6354166666666667,0.472617140304339
690,Current HI,Intermediate,0.7067307692307692,0.5224093258467735
691,Current HI,Intermediate,0.3865384615384616,0.476869278318961
692,Current HI,Intermediate,0.5054945054945055,0.4945644076266974
693,Current HI,Intermediate,0.676923076923077,0.4675662375256294
694,Current HI,Intermediate,0.6843137254901961,0.5558804473339426
695,Current HI,Intermediate,0.5490196078431372,0.625029061660969
696,Current HI,Intermediate,0.5564738292011019,0.5481190064967041
697,Current HI,Intermediate,0.8220502901353964,0.402806550794187
698,Current HI,Intermediate,0.5504201680672269,0.6425306102945019
699,Current HI,Intermediate,0.5674342105263158,0.5649199397531572
700,Current HI,Intermediate,0.5583333333333333,0.5487663958600314
701,Current HI,Intermediate,0.572463768115942,0.4986597678796274
702,Current HI,Intermediate,0.6317567567567568,0.422506412880841
703,Current HI,Intermediate,0.7421875,0.4865831973086908
704,Current HI,Intermediate,0.784,0.5343773958135681
705,Current HI,Intermediate,0.6628571428571429,0.5351058998812688
706,Current HI,Intermediate,0.6682692307692307,0.5143313214885207
707,Current HI,Intermediate,0.7066666666666667,0.4777066460966403
708,Current HI,Intermediate,0.6417582417582418,0.5147139736990297
709,Current HI,Intermediate,0.5929487179487181,0.6254924562726718
710,Current HI,Intermediate,0.6795454545454546,0.5731439518447524
711,Current HI,Intermediate,0.6363636363636365,0.565813101145714
712,Current HI,Intermediate,0.5634920634920635,0.4691751684029292
713,Current HI,Intermediate,0.6336032388663968,0.5754954465619941
714,Current HI,Intermediate,0.5464396284829721,0.5027561424039909
715,Current HI,Intermediate,0.689453125,0.5118258036142608
716,Current HI,Intermediate,0.6944444444444445,0.46627055142508617
717,Current HI,Intermediate,0.4402618657937807,0.48054631653672303
718,Current HI,Intermediate,0.4957446808510638,0.44093251743244827
719,Current HI,Intermediate,0.40588235294117647,0.6019918257159679
720,Current HI,Intermediate,0.617816091954023,0.5918440410750457
721,Current HI,Intermediate,0.7863247863247864,0.3616669017829213
722,Current HI,Intermediate,0.5537414965986395,0.514530717536356
723,Current HI,Intermediate,0.6655052264808363,0.5679586491285975
724,Current HI,Intermediate,0.7272727272727273,0.5657531756362948
725,Current HI,Intermediate,0.5772495755517827,0.5501004149013062
726,Current HI,Intermediate,0.6912442396313364,0.41351382357629557
727,Current HI,Intermediate,0.7785714285714286,0.4757126005930641
728,Current HI,Intermediate,0.5694618272841051,0.5787890294570337
729,Current HI,Intermediate,0.5520833333333334,0.5414420133468721
730,Current HI,Intermediate,0.7209302325581395,0.45475907541739324
731,Current HI,Intermediate,0.8356589147286821,0.534811143806981
732,Current HI,Intermediate,0.634920634920635,0.4524718684756779
733,Current HI,Intermediate,0.6888045540796964,0.455103349713619
734,Current HI,Intermediate,0.5985663082437276,0.6472864223374667
735,Current HI,Intermediate,0.625,0.41831758424537246
736,Current HI,Intermediate,0.4758522727272727,0.5181824561067698
737,Current HI,Intermediate,0.6243386243386244,0.6066167865951594
738,Current HI,Intermediate,0.8058823529411765,0.5022458433375178
739,Current HI,Intermediate,0.8628571428571429,0.42040581678593486
740,Current HI,Intermediate,0.7540540540540541,0.6000706454646765
741,Current HI,Intermediate,0.4423480083857443,0.4688209771027918
742,Current HI,Intermediate,0.6052631578947368,0.3806567283548918
743,Current HI,Intermediate,0.6142857142857143,0.48186622672913976
744,Current HI,Intermediate,0.6489361702127658,0.4361564031073235
745,Current HI,Intermediate,0.551470588235294,0.593192650312229
746,Current HI,Intermediate,0.5368589743589743,0.45933695010355574
747,Current HI,Intermediate,0.44886363636363635,0.5413593608522319
748,Current HI,Intermediate,0.6422413793103449,0.5985386051402614
749,Current HI,Intermediate,0.5545617173524151,0.45800278341868694
750,Current HI,Intermediate,0.5435897435897437,0.4404006805966761
751,Current HI,Intermediate,0.6077922077922078,0.6007711883173856
752,Current HI,Intermediate,0.5185714285714285,0.5635175816957418
753,Current HI,Intermediate,0.7272727272727273,0.5053746834491241
754,Current HI,Intermediate,0.6631944444444444,0.5055615936602028
755,Current HI,Intermediate,0.6549450549450551,0.5449444371790809
756,Current HI,Intermediate,0.5810185185185185,0.5654551826228081
757,Current HI,Intermediate,0.47727272727272724,0.4826445367695054
758,Current HI,Intermediate,0.9649122807017545,0.5454715931697949
759,Current HI,Intermediate,0.5661764705882353,0.5438709661328652
760,Current HI,Intermediate,0.59,0.40776786144796484
761,Current HI,Intermediate,0.6507936507936507,0.5832797277164292
762,Current HI,Intermediate,0.5895316804407713,0.46088239757197036
763,Current HI,Intermediate,0.4212121212121212,0.6097679849417886
764,Current HI,Intermediate,0.41788617886178864,0.5786613530494319
765,Current HI,Intermediate,0.6805555555555556,0.47154207396899983
766,Current HI,Intermediate,0.5589285714285714,0.6079889771825393
767,Current HI,Intermediate,0.6911764705882353,0.43548692847699727
768,Current HI,Intermediate,0.6951219512195121,0.5192223525843113
769,Current HI,Intermediate,0.5361305361305362,0.47988500518033833
770,Current HI,Intermediate,0.6317460317460317,0.5147940118700536
771,Current HI,Intermediate,0.6067708333333333,0.51724506830396
772,Current HI,Intermediate,0.8698412698412699,0.41677270800734456
773,Current HI,Intermediate,0.49128919860627174,0.4991817017438791
774,Current HI,Intermediate,0.6046511627906977,0.49001282282026465
775,Current HI,Intermediate,0.6450450450450451,0.5333929565399833
776,Current HI,Intermediate,0.7708674304418985,0.5121740707943091
777,Current HI,Intermediate,0.7352941176470589,0.5112942813518608
778,Current HI,Intermediate,0.5766666666666667,0.6684467582214567
779,Current HI,Intermediate,0.53125,0.4452745786495038
780,Current HI,Intermediate,0.46568627450980393,0.5661828492495626
781,Current HI,Intermediate,0.871875,0.5445805691750278
782,Current HI,Intermediate,0.7136752136752136,0.5635678626310657
783,Current HI,Intermediate,0.6705882352941176,0.4386304150562055
784,Current HI,Intermediate,0.6340740740740741,0.6344402549343642
785,Current HI,Intermediate,0.5217391304347826,0.5042747672350589
786,Current HI,Intermediate,0.4707446808510638,0.46974618095909665
787,Current HI,Intermediate,0.4319526627218935,0.5673695973015017
788,Current HI,Intermediate,0.5760869565217391,0.3954206606645417
789,Current HI,Intermediate,0.5448275862068965,0.5692328187234573
790,Current HI,Intermediate,0.38888888888888884,0.5861328315360821
791,Current HI,Intermediate,0.6326530612244898,0.5432831429032265
792,Current HI,Intermediate,0.6323529411764706,0.4853210149715783
793,Current HI,Intermediate,0.5726744186046511,0.39710978344054765
794,Current HI,Intermediate,0.6520146520146521,0.6470904781840516
795,Current HI,Intermediate,0.5883838383838385,0.45432744812463915
796,Current HI,Intermediate,0.562111801242236,0.5172589200107255
797,Current HI,Intermediate,0.6111111111111112,0.5844770436244777
798,Current HI,Intermediate,0.5466297322253001,0.45677920498945745
799,Current HI,Intermediate,0.7311827956989247,0.39858046544812653
800,Current HI,Intermediate,0.5405405405405406,0.5030881103615817
801,Current HI,Intermediate,0.85663082437276,0.6647641973826828
802,Current HI,Intermediate,0.6046511627906976,0.4371184295388653
803,Current HI,Intermediate,0.622895622895623,0.46640092209821876
804,Current HI,Intermediate,0.5714285714285714,0.4369756025078866
805,Current HI,Intermediate,0.5255102040816326,0.5852521354704491
806,Current HI,Intermediate,0.5454545454545454,0.5135333470698079
807,Current HI,Intermediate,0.6905594405594405,0.4309344380394086
808,Current HI,Intermediate,0.6686507936507936,0.5534948395593132
809,Current HI,Intermediate,0.5649038461538463,0.45579018948595995
810,Current HI,Intermediate,0.5488372093023256,0.4512430217585339
811,Current HI,Intermediate,0.5599284436493739,0.4604985827107148
812,Current HI,Intermediate,0.6809523809523809,0.5710290878508558
813,Current HI,Intermediate,0.7131410256410257,0.5393360734891646
814,Current HI,Intermediate,0.4540229885057472,0.481540417973801
815,Current HI,Intermediate,0.5344352617079889,0.6092830333787439
816,Current HI,Intermediate,0.5615384615384615,0.5008155023485596
817,Current HI,Intermediate,0.5324074074074073,0.5355727981706015
818,Current HI,Intermediate,0.6637931034482759,0.5086242728461202
819,Current HI,Intermediate,0.4677754677754678,0.5945235137963613
820,Current HI,Intermediate,0.6411483253588517,0.503355066563794
821,Current HI,Intermediate,0.34523809523809523,0.5288275019336006
822,Current HI,Intermediate,0.6842105263157894,0.49739330197013326
823,Current HI,Intermediate,0.43253968253968256,0.4915975276462469
824,Current HI,Intermediate,0.6214574898785425,0.592608151413827
825,Current HI,Intermediate,0.754201680672269,0.5435246022269679
826,Current HI,Intermediate,0.6366279069767442,0.5056104780962379
827,Current HI,Intermediate,0.7113095238095238,0.5913751478156819
828,Current HI,Intermediate,0.5016835016835017,0.4977474413456178
829,Current HI,Intermediate,0.5535714285714286,0.6186494214847058
830,Current HI,Intermediate,0.5957446808510639,0.4755946914139217
831,Current HI,Intermediate,0.7207207207207208,0.4267058744655447
832,Current HI,Intermediate,0.7215686274509805,0.4980516323516193
833,Current HI,Intermediate,0.5153846153846153,0.48794009173493996
834,Current HI,Intermediate,0.7202797202797203,0.6233997538574556
835,Current HI,Intermediate,0.5714285714285714,0.38426095188338927
836,Current HI,Intermediate,0.6541019955654102,0.47005354115738823
837,Current HI,Intermediate,0.6973684210526315,0.5482279291569934
838,Current HI,Intermediate,0.44758064516129037,0.5052719917102907
839,Current HI,Intermediate,0.4324324324324324,0.4726099173731667
840,Current HI,Intermediate,0.5967365967365967,0.4865688088640426
841,Current HI,Intermediate,0.674937965260546,0.5385993394789114
842,Current HI,Intermediate,0.48447204968944096,0.5358328353168252
843,Current HI,Intermediate,0.44961240310077516,0.5672675810745447
844,Current HI,Intermediate,0.4986737400530505,0.5190455480144384
845,Current HI,Intermediate,0.6,0.5649453427752409
846,Current HI,Intermediate,0.6277915632754343,0.49754138841530327
847,Current HI,Intermediate,0.5424710424710424,0.47317338080251653
848,Current HI,Intermediate,0.6573426573426574,0.5501719325997514
849,Current HI,Intermediate,0.5785256410256411,0.5215853045750845
850,Current HI,Intermediate,0.5561224489795918,0.5585425021307696
851,Current HI,Intermediate,0.6021220159151194,0.5217550643963508
852,Current HI,Intermediate,0.7420212765957447,0.35210575346815837
853,Current HI,Intermediate,0.6119047619047618,0.4556625597385256
854,Current HI,Intermediate,0.5565476190476191,0.5754585354261585
855,Current HI,Intermediate,0.6383399209486166,0.42358556906527434
856,Current HI,Intermediate,0.5341880341880343,0.47691726917505484
857,Current HI,Intermediate,0.7273901808785529,0.4858268428751298
858,Current HI,Intermediate,0.6302083333333334,0.5338085505897254
859,Current HI,Intermediate,0.5017921146953405,0.4854001055101567
860,Current HI,Intermediate,0.688858695652174,0.5442455586930952
861,Current HI,Intermediate,0.7619047619047619,0.4840721456723306
862,Current HI,Intermediate,0.721153846153846,0.5155466470418983
863,Current HI,Intermediate,0.8391608391608392,0.37039476261791854
864,Current HI,Intermediate,0.6428571428571428,0.48836703608079535
865,Current HI,Intermediate,0.6721311475409837,0.5172606676538459
866,Current HI,Intermediate,0.4202020202020202,0.5378307132986578
867,Current HI,Intermediate,0.5658914728682171,0.44982056045868934
868,Current HI,Intermediate,0.5166666666666666,0.5797516342370884
869,Current HI,Intermediate,0.7443181818181818,0.40994391871967933
870,Current HI,Intermediate,0.6597701149425288,0.5713951259012569
871,Current HI,Intermediate,0.563845050215208,0.5179146607602261
872,Current HI,Intermediate,0.6035087719298246,0.4638075985559903
873,Current HI,Intermediate,0.4633333333333333,0.5496956821220254
874,Current HI,Intermediate,0.5934343434343434,0.48120152503921193
875,Current HI,Intermediate,0.6788553259141494,0.46089933565502356
876,Current HI,Intermediate,0.6871794871794873,0.37217777693544746
877,Current HI,Intermediate,0.5630081300813008,0.48242486873437385
878,Current HI,Intermediate,0.6333333333333334,0.6191410810522543
879,Current HI,Intermediate,0.7025641025641025,0.5585842919454497
880,Current HI,Intermediate,0.5680272108843537,0.47169056388933733
881,Current HI,Intermediate,0.7027777777777778,0.4496171331893469
882,Current HI,Intermediate,0.5509259259259259,0.5753550301331345
883,Current HI,Intermediate,0.6514285714285715,0.5307772341922535
884,Current HI,Intermediate,0.5211640211640212,0.45426588822650515
885,Current HI,Intermediate,0.7454954954954954,0.44461172652550174
886,Current HI,Intermediate,0.6148459383753502,0.5578896649406974
887,Current HI,Intermediate,0.7611111111111112,0.5271358051420576
888,Current HI,Intermediate,0.6851851851851851,0.4899921786653769
889,Current HI,Intermediate,0.4252252252252252,0.5141007335521262
890,Current HI,Intermediate,0.7083333333333333,0.49052897536137463
891,Current HI,Intermediate,0.6541666666666667,0.47285480037699146
892,Current HI,Intermediate,0.791005291005291,0.5450814460759302
893,Current HI,Intermediate,0.6333333333333334,0.4930179289670641
894,Current HI,Intermediate,0.7875,0.47433212518366474
895,Current HI,Intermediate,0.617283950617284,0.5593171415322569
896,Current HI,Intermediate,0.7580645161290323,0.4715970439820171
897,Current HI,Intermediate,0.3488372093023256,0.4900703531891342
898,Current HI,Intermediate,0.5205128205128206,0.5913316318889504
899,Current HI,Intermediate,0.7653061224489796,0.40689961665523133
900,Current HI,Intermediate,0.7243243243243243,0.5087121771437285
901,Current HI,Intermediate,0.6111111111111112,0.5478848598358047
902,Current HI,Intermediate,0.6262626262626263,0.6436704120570628
903,Current HI,Intermediate,0.6219512195121951,0.4918338970764282
904,Current HI,Intermediate,0.6593406593406593,0.5152418278721121
905,Current HI,Intermediate,0.5095108695652174,0.5351763933322459
906,Current HI,Intermediate,0.5283333333333333,0.510141397746913
907,Current HI,Intermediate,0.6017857142857143,0.4367728163364227
908,Current HI,Intermediate,0.5964912280701754,0.5341069255179837
909,Current HI,Intermediate,0.7288961038961039,0.42055545954160994
910,Current HI,Intermediate,0.807936507936508,0.5641625922386627
911,Current HI,Intermediate,0.5049944506104328,0.4376832202261623
912,Current HI,Intermediate,0.6621621621621622,0.41773101171665206
913,Current HI,Intermediate,0.6284722222222221,0.424700542881914
914,Current HI,Intermediate,0.49489795918367346,0.5322691770666232
915,Current HI,Intermediate,0.5611413043478262,0.5482067747043424
916,Current HI,Intermediate,0.5388888888888889,0.5078383582239266
917,Current HI,Intermediate,0.6078431372549019,0.4683906212319768
918,Current HI,Intermediate,0.418732782369146,0.6422000495220691
919,Current HI,Intermediate,0.4962121212121212,0.4806960606495272
920,Current HI,Intermediate,0.6043956043956044,0.5446332728377713
921,Current HI,Intermediate,0.6212121212121211,0.5141043923731186
922,Current HI,Intermediate,0.5188470066518847,0.4134054605452843
923,Current HI,Intermediate,0.7486486486486486,0.43116784972124017
924,Current HI,Intermediate,0.6802884615384616,0.4525356549305152
925,Current HI,Intermediate,0.6272727272727273,0.6166574477438946
926,Current HI,Intermediate,0.5260504201680672,0.5692827196327981
927,Current HI,Intermediate,0.4567669172932331,0.5328811359597545
928,Current HI,Intermediate,0.5656108597285068,0.5773386516715319
929,Current HI,Intermediate,0.7555555555555556,0.5175980845840227
930,Current HI,Intermediate,0.46774193548387094,0.5574838690434761
931,Current HI,Intermediate,0.6007326007326007,0.572672928735896
932,Current HI,Intermediate,0.5405405405405406,0.5317780854995088
933,Current HI,Intermediate,0.6376068376068377,0.453110415057549
934,Current HI,Intermediate,0.47435897435897434,0.5831598220704579
935,Current HI,Intermediate,0.5681818181818181,0.4847353835846606
936,Current HI,Intermediate,0.6666666666666667,0.4705008780014915
937,Current HI,Intermediate,0.632034632034632,0.4121958990550758
938,Current HI,Intermediate,0.7000000000000001,0.4878429756255244
939,Current HI,Intermediate,0.5176252319109462,0.4889981073263855
940,Current HI,Intermediate,0.6116666666666667,0.5088016735156498
941,Current HI,Intermediate,0.5362318840579711,0.5374027153228325
942,Current HI,Intermediate,0.5,0.6103540309555988
943,Current HI,Intermediate,0.6029411764705882,0.5843693326685638
944,Current HI,Intermediate,0.6310160427807486,0.47445267681690106
945,Current HI,Intermediate,0.5052631578947369,0.5514165401413637
946,Current HI,Intermediate,0.6711111111111111,0.530348835223982
947,Current HI,Intermediate,0.7394957983193278,0.4648205898372597
948,Current HI,Intermediate,0.6666666666666667,0.4774283248969613
949,Current HI,Intermediate,0.7414634146341463,0.48176943240864395
950,Current HI,Intermediate,0.7121212121212122,0.5843904664019498
951,Current HI,Intermediate,0.834841628959276,0.4744794142774745
952,Current HI,Intermediate,0.7227272727272728,0.5191815065001526
953,Current HI,Intermediate,0.6842818428184281,0.5705677303805006
954,Current HI,Intermediate,0.5575757575757576,0.5138509352312107
955,Current HI,Intermediate,0.8666666666666666,0.43073941839284857
956,Current HI,Intermediate,0.5594512195121951,0.48508972879542606
957,Current HI,Intermediate,0.6689655172413793,0.5583321399519261
958,Current HI,Intermediate,0.5566666666666666,0.47544989368239643
959,Current HI,Intermediate,0.5945945945945946,0.5236243696543365
960,Current HI,Intermediate,0.5096153846153847,0.5823371690449463
961,Current HI,Intermediate,0.6864864864864866,0.5562701998858213
962,Current HI,Intermediate,0.48617511520737333,0.6574438219379346
963,Current HI,Intermediate,0.625,0.41869579037319654
964,Current HI,Intermediate,0.5853658536585366,0.49468074438483634
965,Current HI,Intermediate,0.6929824561403509,0.46608085412164724
966,Current HI,Intermediate,0.7160493827160493,0.4622005606603747
967,Current HI,Intermediate,0.7955555555555555,0.6303241798408501
968,Current HI,Intermediate,0.6849894291754757,0.5943284412153133
969,Current HI,Intermediate,0.7420634920634921,0.45481082519183863
970,Current HI,Intermediate,0.6282467532467533,0.4857500054834325
971,Current HI,Intermediate,0.8379629629629629,0.4499525454041046
972,Current HI,Intermediate,0.6691176470588235,0.5002518301921747
973,Current HI,Intermediate,0.5767857142857143,0.5449801983819955
974,Current HI,Intermediate,0.734375,0.3962487914647809
975,Current HI,Intermediate,0.6319444444444445,0.49154800635655543
976,Current HI,Intermediate,0.4579606440071556,0.5476750585666378
977,Current HI,Intermediate,0.4897959183673469,0.47689287826064874
978,Current HI,Intermediate,0.7157190635451505,0.5212869529287801
979,Current HI,Intermediate,0.540650406504065,0.48395719337528914
980,Current HI,Intermediate,0.798828125,0.5806118192247847
981,Current HI,Intermediate,0.6528735632183907,0.6937184655283497
982,Current HI,Intermediate,0.6363636363636364,0.4578473568294054
983,Current HI,Intermediate,0.6617886178861788,0.5077385400197748
984,Current HI,Intermediate,0.55,0.5641893357572587
985,Current HI,Intermediate,0.6458333333333334,0.43522427897531574
986,Current HI,Intermediate,0.6700680272108843,0.576816706345977
987,Current HI,Intermediate,0.47685185185185186,0.6115662371534811
988,Current HI,Intermediate,0.513235294117647,0.4941710222880776
989,Current HI,Intermediate,0.5887096774193549,0.6616050213183952
990,Current HI,Intermediate,0.521978021978022,0.5036180270903341
991,Current HI,Intermediate,0.7731481481481481,0.6234774535438653
992,Current HI,Intermediate,0.6761904761904762,0.4995058217309875
993,Current HI,Intermediate,0.38401559454191037,0.6070394337733623
994,Current HI,Intermediate,0.8128342245989305,0.5484519133449582
995,Current HI,Intermediate,0.5244565217391305,0.49853368190441893
996,Current HI,Intermediate,0.7110187110187111,0.49954660180330884
997,Current HI,Intermediate,0.653846153846154,0.5809290776208249
998,Current HI,Intermediate,0.6880952380952381,0.485534843744348
999,Current HI,Intermediate,0.5993031358885017,0.5347403376532711
1000,Current HI,Intermediate,0.6767857142857143,0.48750563426690446
1001,Current HI,Intermediate,0.575,0.42891974921931764
1002,Current HI,Intermediate,0.6355555555555554,0.588252732192268
1003,Current HI,Intermediate,0.5766233766233766,0.5340371725034656
1004,Current HI,Intermediate,0.5617021276595745,0.43756561787746157
1005,Current HI,Intermediate,0.6704545454545455,0.5214175382367187
1006,Current HI,Intermediate,0.45117845117845123,0.6154393969342342
1007,Current HI,Intermediate,0.6875,0.49691284757446846
1008,Current HI,Intermediate,0.8847826086956522,0.4025028692041806
1009,Current HI,Intermediate,0.7185185185185184,0.4756159914015965
1010,Current HI,Intermediate,0.7039473684210527,0.4366749632328223
1011,Current HI,Intermediate,0.5827956989247313,0.5202183926403571
1012,Current HI,Intermediate,0.25793650793650796,0.6480898850688164
1013,Current HI,Intermediate,0.5868725868725869,0.6199784283359904
1014,Current HI,Intermediate,0.678921568627451,0.469515842799657
1015,Current HI,Intermediate,0.7606837606837608,0.502181387137886
1016,Current HI,Intermediate,0.6868686868686869,0.38059957550367873
1017,Current HI,Intermediate,0.3841698841698841,0.5501701565780407
1018,Current HI,Intermediate,0.8172268907563025,0.4365271729385416
1019,Current HI,Intermediate,0.5958333333333333,0.4854929247608942
1020,Current HI,Intermediate,0.6868686868686869,0.43886420197281484
1021,Current HI,Intermediate,0.42391304347826086,0.46867926242330166
1022,Current HI,Intermediate,0.5888157894736841,0.5651088844964947
1023,Current HI,Intermediate,0.5404411764705883,0.6064853149582021
1024,Current HI,Intermediate,0.6382575757575758,0.5435867064673914
1025,Current HI,Intermediate,0.44318181818181823,0.6620731934956304
1026,Current HI,Intermediate,0.6262626262626262,0.658238476521809
1027,Current HI,Intermediate,0.5856481481481481,0.5743056030068076
1028,Current HI,Intermediate,0.43763213530655387,0.5317808492752714
1029,Current HI,Intermediate,0.639386189258312,0.587044751039174
1030,Current HI,Intermediate,0.5862785862785862,0.4213247970000428
1031,Current HI,Intermediate,0.5292929292929291,0.5661511010143914
1032,Current HI,Intermediate,0.6929824561403508,0.5516302346028515
1033,Current HI,Intermediate,0.3666666666666667,0.6956736876261496
1034,Current HI,Intermediate,0.515527950310559,0.6070433657796853
1035,Current HI,Intermediate,0.5816135084427767,0.45128290770325763
1036,Current HI,Intermediate,0.7823529411764706,0.522420318603131
1037,Current HI,Intermediate,0.5714285714285714,0.54796675283102
1038,Current HI,Intermediate,0.5335365853658536,0.5028463979849332
1039,Current HI,Intermediate,0.5589225589225589,0.5356696027792202
1040,Current HI,Intermediate,0.7195945945945946,0.5141074875867809
1041,Current HI,Intermediate,0.7096774193548387,0.4319543351196156
1042,Current HI,Intermediate,0.7131782945736435,0.44503406003086093
1043,Current HI,Intermediate,0.5647321428571429,0.544468147005798
1044,Current HI,Intermediate,0.5675675675675675,0.6591066492040075
1045,Current HI,Intermediate,0.7000000000000001,0.4783207888290543
1046,Current HI,Intermediate,0.7008547008547008,0.5601360382906233
1047,Current HI,Intermediate,0.5432098765432098,0.5427936620546633
1048,Current HI,Intermediate,0.6921296296296297,0.594418788463755
1049,Current HI,Intermediate,0.8302325581395348,0.5029287217185036
1050,Current HI,Intermediate,0.670846394984326,0.5736558971403778
1051,Current HI,Intermediate,0.7692307692307694,0.4383367179817029
1052,Current HI,Intermediate,0.7784313725490195,0.6291912456242506
1053,Current HI,Intermediate,0.6623655913978493,0.5098959826166397
1054,Current HI,Intermediate,0.7500000000000001,0.5570529978754418
1055,Current HI,Intermediate,0.8866279069767442,0.4878557327187383
1056,Current HI,Intermediate,0.5692307692307692,0.634822557988255
1057,Current HI,Intermediate,0.5573122529644269,0.5405963076904471
1058,Current HI,Intermediate,0.5754475703324808,0.6279932264425641
1059,Current HI,Intermediate,0.7094017094017094,0.4798546705520026
1060,Current HI,Intermediate,0.6208333333333333,0.5677814835490407
1061,Current HI,Intermediate,0.7806122448979592,0.48679002158543955
1062,Current HI,Intermediate,0.5761689291101055,0.5306162036618962
1063,Current HI,Intermediate,0.6264367816091955,0.5455595544087471
1064,Current HI,Intermediate,0.7044444444444444,0.5214278528243045
1065,Current HI,Intermediate,0.8036363636363637,0.5499088006055449
1066,Current HI,Intermediate,0.6633906633906633,0.49312294777844534
1067,Current HI,Intermediate,0.5786666666666667,0.5229919732409359
1068,Current HI,Intermediate,0.7187500000000001,0.4779578878818736
1069,Current HI,Intermediate,0.7177777777777777,0.45180123684089524
1070,Current HI,Intermediate,0.5187165775401069,0.4921856576132921
1071,Current HI,Intermediate,0.40591397849462363,0.5342125471125794
1072,Current HI,Intermediate,0.40497737556561086,0.6607726245736163
1073,Current HI,Intermediate,0.6641414141414141,0.4889950355627728
1074,Current HI,Intermediate,0.522077922077922,0.5074829500590496
1075,Current HI,Intermediate,0.75,0.49378016129299934
1076,Current HI,Intermediate,0.5166666666666667,0.4787237219778294
1077,Current HI,Intermediate,0.8232848232848233,0.46663512044608624
1078,Current HI,Intermediate,0.660919540229885,0.6037890496695967
1079,Current HI,Intermediate,0.7424242424242424,0.5118128048794396
1080,Current HI,Intermediate,0.7105263157894738,0.4633025688771776
1081,Current HI,Intermediate,0.7109243697478991,0.528623706520066
1082,Current HI,Intermediate,0.4820261437908496,0.5339534899038826
1083,Current HI,Intermediate,0.6609929078014185,0.5350822293004989
1084,Current HI,Intermediate,0.45601851851851855,0.5559290220694348
1085,Current HI,Intermediate,0.5972222222222223,0.46606949384020513
1086,Current HI,Intermediate,0.47413793103448276,0.6212330455821653
1087,Current HI,Intermediate,0.9214285714285715,0.4497727395905189
1088,Current HI,Intermediate,0.5106060606060606,0.5239188431267678
1089,Current HI,Intermediate,0.443359375,0.5673955547271277
1090,Current HI,Intermediate,0.8661616161616162,0.34822542025591
1091,Current HI,Intermediate,0.6505681818181819,0.4224186584562269
1092,Current HI,Intermediate,0.7872807017543859,0.4717194729406067
1093,Current HI,Intermediate,0.7578125,0.446008107405455
1094,Current HI,Intermediate,0.5847619047619048,0.580528538704361
1095,Current HI,Intermediate,0.623059866962306,0.4301314036405163
1096,Current HI,Intermediate,0.5909090909090908,0.4657602104898129
1097,Current HI,Intermediate,0.5829081632653061,0.5740523057520012
1098,Current HI,Intermediate,0.7824074074074074,0.4986632035742918
1099,Current HI,Intermediate,0.6304761904761904,0.5550016405305638
1100,Current HI,Intermediate,0.531868131868132,0.5809898408550082
1101,Current HI,Intermediate,0.6641604010025063,0.5376051036330405
1102,Current HI,Intermediate,0.6169590643274854,0.5277305527724568
1103,Current HI,Intermediate,0.5785714285714286,0.5597244793049797
1104,Current HI,Intermediate,0.8169761273209549,0.5864247852322768
1105,Current HI,Intermediate,0.5775862068965516,0.49929897535952317
1106,Current HI,Intermediate,0.6439393939393939,0.4644902142794997
1107,Current HI,Intermediate,0.5555555555555556,0.5371104278228435
1108,Current HI,Intermediate,0.5853658536585366,0.4812221182834348
1109,Current HI,Intermediate,0.5452380952380953,0.4674510581869881
1110,Current HI,Intermediate,0.4419642857142857,0.5753375326078238
1111,Current HI,Intermediate,0.5246913580246914,0.5887691231299046
1112,Current HI,Intermediate,0.6258064516129032,0.6391190791812447
1113,Current HI,Intermediate,0.6900584795321637,0.5445729650099256
1114,Current HI,Intermediate,0.5357142857142858,0.5626370126831634
1115,Current HI,Intermediate,0.657258064516129,0.5041347477519954
1116,Current HI,Intermediate,0.5519480519480519,0.5077905835076302
1117,Current HI,Intermediate,0.6483870967741936,0.5661022370444522
1118,Current HI,Intermediate,0.5851449275362319,0.5394949913280376
1119,Current HI,Intermediate,0.6418918918918919,0.48190256356810945
1120,Current HI,Intermediate,0.5679214402618658,0.5481879681337739
1121,Current HI,Intermediate,0.5439189189189189,0.5488226870669483
1122,Current HI,Intermediate,0.5884057971014491,0.4518739462569589
1123,Current HI,Intermediate,0.6033333333333334,0.5008434482929109
1124,Current HI,Intermediate,0.52,0.4515014305693513
1125,Current HI,Intermediate,0.7458333333333333,0.4146960104877371
1126,Current HI,Intermediate,0.6625386996904024,0.4836129060485203
1127,Current HI,Intermediate,0.6227272727272727,0.4796395793747131
1128,Current HI,Intermediate,0.7849999999999999,0.5450238743704366
1129,Current HI,Intermediate,0.5930851063829787,0.494661292839797
1130,Current HI,Intermediate,0.6838905775075987,0.5421760704383276
1131,Current HI,Intermediate,0.625,0.3996219720422866
1132,Current HI,Intermediate,0.8125,0.475150367306613
1133,Current HI,Intermediate,0.5478927203065134,0.5650710888398052
1134,Current HI,Intermediate,0.5384615384615384,0.5730489510189241
1135,Current HI,Intermediate,0.6041666666666667,0.48836259570473556
1136,Current HI,Intermediate,0.5454545454545454,0.46424916315894393
1137,Current HI,Intermediate,0.660968660968661,0.46761150236616184
1138,Current HI,Intermediate,0.7074074074074075,0.41691714013329445
1139,Current HI,Intermediate,0.6794871794871795,0.6078450074993708
1140,Current HI,Intermediate,0.5806451612903225,0.5086268894260579
1141,Current HI,Intermediate,0.6817204301075269,0.5860495457686696
1142,Current HI,Intermediate,0.8093023255813954,0.5017596138223697
1143,Current HI,Intermediate,0.48108108108108105,0.5973553585763661
1144,Current HI,Intermediate,0.4714285714285714,0.5478855829430808
1145,Current HI,Intermediate,0.711111111111111,0.4817596771772574
1146,Current HI,Intermediate,0.7362637362637363,0.49264104312040724
1147,Current HI,Intermediate,0.57,0.526850408338268
1148,Current HI,Intermediate,0.6363636363636364,0.5353102192712413
1149,Current HI,Intermediate,0.7851851851851852,0.40222152821529367
1150,Current HI,Intermediate,0.7348484848484849,0.427077966778397
1151,Current HI,Intermediate,0.6392045454545454,0.47345403712043777
1152,Current HI,Intermediate,0.7464285714285714,0.48938832070659916
1153,Current HI,Intermediate,0.48958333333333337,0.5214953170251999
1154,Current HI,Intermediate,0.7633136094674556,0.5217213386284223
1155,Current HI,Intermediate,0.6609686609686609,0.4735008959866384
1156,Current HI,Intermediate,0.7804878048780488,0.42487038770017455
1157,Current HI,Intermediate,0.7197802197802198,0.45235487545056613
1158,Current HI,Intermediate,0.7076923076923077,0.44650885975390797
1159,Current HI,Intermediate,0.6473829201101928,0.5502831055085498
1160,Current HI,Intermediate,0.46875,0.4429307381674352
1161,Current HI,Intermediate,0.46153846153846156,0.4853853658649484
1162,Current HI,Intermediate,0.7480106100795756,0.5285066943557029
1163,Current HI,Intermediate,0.41506410256410264,0.5525391052053689
1164,Current HI,Intermediate,0.6600496277915633,0.3928526252907114
1165,Current HI,Intermediate,0.8183673469387756,0.4382276305841598
1166,Current HI,Intermediate,0.5793650793650793,0.4957481533333084
1167,Current HI,Intermediate,0.4930555555555556,0.5982199137883741
1168,Current HI,Intermediate,0.7473118279569892,0.4474135709696259
1169,Current HI,Intermediate,0.5495495495495496,0.5895133883209659
1170,Current HI,Intermediate,0.55826859045505,0.5284217363454562
1171,Current HI,Intermediate,0.7351190476190477,0.4768088151419795
1172,Current HI,Intermediate,0.5654545454545454,0.43093269020295605
1173,Current HI,Intermediate,0.6173469387755102,0.4772304205291019
1174,Current HI,Intermediate,0.764423076923077,0.46898100231528295
1175,Current HI,Intermediate,0.5992063492063492,0.4739919468517396
1176,Current HI,Intermediate,0.5192307692307693,0.47287484844411676
1177,Current HI,Intermediate,0.6449704142011835,0.5531581652746287
1178,Current HI,Intermediate,0.7495495495495494,0.5626209287132278
1179,Current HI,Intermediate,0.8109090909090909,0.48039867812397963
1180,Current HI,Intermediate,0.5504201680672269,0.5706276839229323
1181,Current HI,Intermediate,0.8214285714285714,0.43688323554352404
1182,Current HI,Intermediate,0.4836415362731152,0.5469503069186191
1183,Current HI,Intermediate,0.818840579710145,0.557527852588929
1184,Current HI,Intermediate,0.6403326403326404,0.5754060129652877
1185,Current HI,Intermediate,0.44516129032258067,0.565210108247682
1186,Current HI,Intermediate,0.643956043956044,0.4510187488113135
1187,Current HI,Intermediate,0.6181150550795593,0.4827611994500885
1188,Current HI,Intermediate,0.6307692307692307,0.4270637870863743
1189,Current HI,Intermediate,0.5583333333333333,0.5192364098291276
1190,Current HI,Intermediate,0.7023809523809523,0.48067810463646565
1191,Current HI,Intermediate,0.6857142857142857,0.5063421838878243
1192,Current HI,Intermediate,0.4605042016806723,0.5210282615415897
1193,Current HI,Intermediate,0.5803571428571429,0.550773127217725
1194,Current HI,Intermediate,0.6255060728744939,0.5034909297893787
1195,Current HI,Intermediate,0.5287081339712919,0.4833539824686184
1196,Current HI,Intermediate,0.7938775510204081,0.5089752536635282
1197,Current HI,Intermediate,0.6438791732909379,0.5242179620245667
1198,Current HI,Intermediate,0.5957446808510638,0.5416646289120715
1199,Current HI,Intermediate,0.5057142857142857,0.44352924471835437
1200,Current HI,Intermediate,0.6926470588235295,0.5160509403024993
1201,Current HI,Intermediate,0.75,0.458195645951266
1202,Current HI,Intermediate,0.6496674057649667,0.46083082292781435
1203,Current HI,Intermediate,0.6363636363636364,0.6112946220354173
1204,Current HI,Intermediate,0.6570458404074703,0.5610949612418925
1205,Current HI,Intermediate,0.5709677419354839,0.4609528062882957
1206,Current HI,Intermediate,0.5090497737556561,0.6093126764396494
1207,Current HI,Intermediate,0.825,0.43491615772553416
1208,Current HI,Intermediate,0.5718749999999999,0.4611166828943758
1209,Current HI,Intermediate,0.45075757575757575,0.5910905275632794
1210,Current HI,Intermediate,0.6976744186046512,0.6042275769193777
1211,Current HI,Intermediate,0.640198511166253,0.5306198772163304
1212,Current HI,Intermediate,0.5349462365591399,0.5548467095907539
1213,Current HI,Intermediate,0.6691176470588235,0.5154228550590544
1214,Current HI,Intermediate,0.5657894736842106,0.6784403604869673
1215,Current HI,Intermediate,0.7537619699042407,0.43984937508328736
1216,Current HI,Intermediate,0.6802325581395349,0.4867597489630388
1217,Current HI,Intermediate,0.5783410138248848,0.45800474124489754
1218,Current HI,Intermediate,0.619815668202765,0.4224911764103662
1219,Current HI,Intermediate,0.5520361990950226,0.464188259589524
1220,Current HI,Intermediate,0.7904411764705883,0.42526944705494707
1221,Current HI,Intermediate,0.5478395061728395,0.5175601981892161
1222,Current HI,Intermediate,0.5785714285714285,0.4622361077772567
1223,Current HI,Intermediate,0.7567567567567568,0.4543862309724326
1224,Current HI,Intermediate,0.6774193548387096,0.38920177184253185
1225,Current HI,Intermediate,0.8006993006993007,0.4522075608873375
1226,Current HI,Intermediate,0.6808823529411765,0.48326797374774916
1227,Current HI,Intermediate,0.65,0.5549265371185349
1228,Current HI,Intermediate,0.4867724867724868,0.4775821629072406
1229,Current HI,Intermediate,0.7425474254742548,0.5362004811460264
1230,Current HI,Intermediate,0.6903225806451613,0.6150399056530729
1231,Current HI,Intermediate,0.686217008797654,0.554547301417078
1232,Current HI,Intermediate,0.532967032967033,0.478080769279838
1233,Current HI,Intermediate,0.6785714285714286,0.49015233112808876
1234,Current HI,Intermediate,0.6996996996996997,0.5078897871481143
1235,Current HI,Intermediate,0.4595959595959596,0.5544756616893033
1236,Current HI,Intermediate,0.49335548172757476,0.4428119429459282
1237,Current HI,Intermediate,0.5306122448979592,0.6140755812557437
1238,Current HI,Intermediate,0.632,0.5522891919278987
1239,Current HI,Intermediate,0.592074592074592,0.5394868876093221
1240,Current HI,Intermediate,0.6789473684210526,0.5089639107196384
1241,Current HI,Intermediate,0.7348608837970539,0.461852923347413
1242,Current HI,Intermediate,0.5682382133995038,0.5456505597253145
1243,Current HI,Intermediate,0.8117647058823529,0.4761477523897901
1244,Current HI,Intermediate,0.6666666666666666,0.5287977512577556
1245,Current HI,Intermediate,0.6785714285714286,0.5285624659703692
1246,Current HI,Intermediate,0.6794871794871794,0.4250301845329464
1247,Current HI,Intermediate,0.7802197802197802,0.5010985008387684
1248,Current HI,Intermediate,0.5355555555555556,0.4465601789527879
1249,Current HI,Intermediate,0.36969696969696964,0.6158974984472209
1250,Current HI,Intermediate,0.5104166666666666,0.5677808754551766
1251,Current HI,Intermediate,0.6551020408163265,0.45351099827479047
1252,Current HI,Intermediate,0.5238095238095238,0.5602337472988148
1253,Current HI,Intermediate,0.6020408163265307,0.5406788498676245
1254,Current HI,Intermediate,0.6372881355932204,0.41604926820873495
1255,Current HI,Intermediate,0.6287625418060201,0.4662055153075123
1256,Current HI,Intermediate,0.7598566308243728,0.43457688308065956
1257,Current HI,Intermediate,0.7454545454545454,0.4806408966071244
1258,Current HI,Intermediate,0.5454545454545454,0.5040391295563413
1259,Current HI,Intermediate,0.6368421052631579,0.5554185020181622
1260,Current HI,Intermediate,0.5918803418803419,0.4937843859873049
1261,Current HI,Intermediate,0.6693877551020407,0.6224173054648017
1262,Current HI,Intermediate,0.5945454545454545,0.4451247549280906
1263,Current HI,Intermediate,0.8409090909090908,0.4850290346727549
1264,Current HI,Intermediate,0.7626262626262625,0.5295988957127056
1265,Current HI,Intermediate,0.7081081081081082,0.5098159535606022
1266,Current HI,Intermediate,0.6168639053254438,0.4727851194597319
1267,Current HI,Intermediate,0.7149122807017544,0.5591046957881848
1268,Current HI,Intermediate,0.7333333333333333,0.4697797340053968
1269,Current HI,Intermediate,0.5714285714285714,0.4339750584573907
1270,Current HI,Intermediate,0.8410256410256411,0.4857317851827518
1271,Current HI,Intermediate,0.46031746031746035,0.4878039005019629
1272,Current HI,Intermediate,0.5282352941176471,0.4220871673756326
1273,Current HI,Intermediate,0.6047619047619048,0.31859069958800496
1274,Current HI,Intermediate,0.47285067873303166,0.5862696030582839
1275,Current HI,Intermediate,0.5317073170731708,0.5665801463751386
1276,Current HI,Intermediate,0.7083333333333334,0.46331971187865745
1277,Current HI,Intermediate,0.5177514792899408,0.7363702165726814
1278,Current HI,Intermediate,0.8383620689655172,0.5953054671922393
1279,Current HI,Intermediate,0.6836734693877551,0.49638742134650904
1280,Current HI,Intermediate,0.5166666666666666,0.5239195713579814
1281,Current HI,Intermediate,0.38461538461538464,0.6662305458362048
1282,Current HI,Intermediate,0.6245421245421245,0.5857808010019817
1283,Current HI,Intermediate,0.6900000000000001,0.6084277457619036
1284,Current HI,Intermediate,0.5866013071895424,0.5716765944815229
1285,Current HI,Intermediate,0.48511904761904767,0.4580737411542548
1286,Current HI,Intermediate,0.44772727272727275,0.49950076644982716
1287,Current HI,Intermediate,0.6122931442080378,0.5246561241589717
1288,Current HI,Intermediate,0.6658653846153846,0.46392655626894747
1289,Current HI,Intermediate,0.4651162790697675,0.5384836426885312
1290,Current HI,Intermediate,0.47963800904977383,0.6946225679870128
1291,Current HI,Intermediate,0.6312178387650086,0.4960743170563458
1292,Current HI,Intermediate,0.6153846153846154,0.5046366171780601
1293,Current HI,Intermediate,0.7099391480730223,0.49756841435009747
1294,Current HI,Intermediate,0.7591397849462366,0.4720619258216136
1295,Current HI,Intermediate,0.528125,0.4985063288872752
1296,Current HI,Intermediate,0.4818548387096774,0.5746003639516009
1297,Current HI,Intermediate,0.5827067669172932,0.5310272885435345
1298,Current HI,Intermediate,0.7196969696969697,0.5261082567557644
1299,Current HI,Intermediate,0.6148148148148148,0.5963574793432745
1300,Current HI,Intermediate,0.6296296296296297,0.5641614803845999
1301,Current HI,Intermediate,0.6440217391304348,0.5942946921541536
1302,Current HI,Intermediate,0.5304878048780488,0.5561845190999339
1303,Current HI,Intermediate,0.5522682445759369,0.5386676138274722
1304,Current HI,Intermediate,0.59,0.5634515988283784
1305,Current HI,Intermediate,0.5305555555555554,0.6738437984203711
1306,Current HI,Intermediate,0.575098814229249,0.4856731133621887
1307,Current HI,Intermediate,0.6479591836734694,0.4832392452283956
1308,Current HI,Intermediate,0.5098684210526316,0.5577897896922843
1309,Current HI,Intermediate,0.6020833333333333,0.5390294774093664
1310,Current HI,Intermediate,0.6740196078431373,0.495397633285152
1311,Current HI,Intermediate,0.4608879492600423,0.42983104953323376
1312,Current HI,Intermediate,0.7560975609756098,0.4663328151037963
1313,Current HI,Intermediate,0.5751633986928104,0.585173353569174
1314,Current HI,Intermediate,0.6117647058823529,0.5205545815541547
1315,Current HI,Intermediate,0.7047619047619048,0.5715170237087188
1316,Current HI,Intermediate,0.6515151515151516,0.5232118463039751
1317,Current HI,Intermediate,0.5814814814814815,0.5420631429854683
1318,Current HI,Intermediate,0.875,0.40888467032354725
1319,Current HI,Intermediate,0.5662393162393162,0.5749447196106224
1320,Current HI,Intermediate,0.7559523809523809,0.5087033460806704
1321,Current HI,Intermediate,0.602020202020202,0.4500454991690835
1322,Current HI,Intermediate,0.5748299319727891,0.4713579496504511
1323,Current HI,Intermediate,0.6945288753799392,0.5169497979582465
1324,Current HI,Intermediate,0.6201550387596899,0.47164076574894875
1325,Current HI,Intermediate,0.6420454545454545,0.4943991650708089
1326,Current HI,Intermediate,0.5125000000000001,0.4505228839891324
1327,Current HI,Intermediate,0.5625,0.6250848220506616
1328,Current HI,Intermediate,0.8933333333333333,0.38611608278671655
1329,Current HI,Intermediate,0.4207547169811321,0.3981087581627491
1330,Current HI,Intermediate,0.6306818181818182,0.4825618982656536
1331,Current HI,Intermediate,0.6306818181818182,0.5006652788525563
1332,Current HI,Intermediate,0.7773279352226721,0.44937343608197017
1333,Current HI,Intermediate,0.5967741935483871,0.6307173800429497
1334,Current HI,Intermediate,0.6185897435897436,0.5572978647459238
1335,Current HI,Intermediate,0.4811529933481153,0.4620082478449406
1336,Current HI,Intermediate,0.6828703703703703,0.5460550179813939
1337,Current HI,Intermediate,0.6988416988416989,0.5377092213621453
1338,Current HI,Intermediate,0.6706349206349207,0.5319649475217514
1339,Current HI,Intermediate,0.7227191413237923,0.46726149655173976
1340,Current HI,Intermediate,0.6124794745484401,0.5241095005184984
1341,Current HI,Intermediate,0.6541666666666668,0.3667962775177757
1342,Current HI,Intermediate,0.5732574679943101,0.597235347705304
1343,Current HI,Intermediate,0.623931623931624,0.4426170780222446
1344,Current HI,Intermediate,0.5129870129870131,0.46835429660245376
1345,Current HI,Intermediate,0.6263736263736264,0.4944409076199376
1346,Current HI,Intermediate,0.4567627494456763,0.4413136400230514
1347,Current HI,Intermediate,0.6838095238095239,0.48835641297239524
1348,Current HI,Intermediate,0.7625000000000001,0.4557755468410129
1349,Current HI,Intermediate,0.5589225589225589,0.4413940128381441
1350,Current HI,Intermediate,0.6318681318681318,0.5824020410724969
1351,Current HI,Intermediate,0.696969696969697,0.5385355889510599
1352,Current HI,Intermediate,0.5420875420875422,0.6407654301335457
1353,Current HI,Intermediate,0.7258064516129032,0.4292894685663483
1354,Current HI,Intermediate,0.5141700404858299,0.5342686366945383
1355,Current HI,Intermediate,0.4888392857142858,0.588321090292604
1356,Current HI,Intermediate,0.7511627906976743,0.4371361701776632
1357,Current HI,Intermediate,0.7044444444444444,0.4755983589858991
1358,Current HI,Intermediate,0.637218045112782,0.5656061198785037
1359,Current HI,Intermediate,0.6430107526881721,0.6700914421636613
1360,Current HI,Intermediate,0.6166666666666667,0.4964150497777634
1361,Current HI,Intermediate,0.6424242424242423,0.47473899990152485
1362,Current HI,Intermediate,0.5576923076923077,0.5970172439285362
1363,Current HI,Intermediate,0.5432330827067668,0.626950208547034
1364,Current HI,Intermediate,0.6023166023166022,0.5349726906488593
1365,Current HI,Intermediate,0.756140350877193,0.45179571806958474
1366,Current HI,Intermediate,0.7919999999999999,0.467177980380651
1367,Current HI,Intermediate,0.6944444444444444,0.4675758121862789
1368,Current HI,Intermediate,0.7469387755102042,0.3909989855332702
1369,Current HI,Intermediate,0.7242424242424242,0.4303481657147203
1370,Current HI,Intermediate,0.6153846153846154,0.5358399820332039
1371,Current HI,Intermediate,0.5113636363636364,0.43936399441994833
1372,Current HI,Intermediate,0.47902097902097907,0.47583000673217674
1373,Current HI,Intermediate,0.5900277008310248,0.568595958297751
1374,Current HI,Intermediate,0.4937965260545906,0.5744915491782093
1375,Current HI,Intermediate,0.6568181818181817,0.5170712694647159
1376,Current HI,Intermediate,0.575,0.544499354624574
1377,Current HI,Intermediate,0.5246913580246914,0.5054178279247651
1378,Current HI,Intermediate,0.5,0.5287405005720096
1379,Current HI,Intermediate,0.7379807692307693,0.5140554858498435
1380,Current HI,Intermediate,0.7688311688311689,0.3851907450731485
1381,Current HI,Intermediate,0.5159474671669794,0.4581136612801785
1382,Current HI,Intermediate,0.6579861111111112,0.44184881109183505
1383,Current HI,Intermediate,0.6341463414634146,0.5512761158937731
1384,Current HI,Intermediate,0.37115384615384617,0.5208516784276002
1385,Current HI,Intermediate,0.31934731934731936,0.5213222552650364
1386,Current HI,Intermediate,0.6807692307692308,0.5004886942326123
1387,Current HI,Intermediate,0.6198198198198198,0.5723002359185415
1388,Current HI,Intermediate,0.7624633431085044,0.5464746839850769
1389,Current HI,Intermediate,0.5555555555555556,0.5114211953739944
1390,Current HI,Intermediate,0.5666666666666667,0.5791310374478686
1391,Current HI,Intermediate,0.5423076923076924,0.4798575090709245
1392,Current HI,Intermediate,0.6327503974562797,0.452748154863098
1393,Current HI,Intermediate,0.6875,0.4700865154961677
1394,Current HI,Intermediate,0.5781250000000001,0.4539088102193824
1395,Current HI,Intermediate,0.728395061728395,0.4036028348190141
1396,Current HI,Intermediate,0.7535885167464115,0.4353020991110399
1397,Current HI,Intermediate,0.5860805860805861,0.4305425217371683
1398,Current HI,Intermediate,0.5619195046439629,0.6239520420676787
1399,Current HI,Intermediate,0.5267857142857143,0.4124266222797366
1400,Current HI,Intermediate,0.7397058823529411,0.4847406763043974
1401,Current HI,Intermediate,0.6193181818181819,0.46286509218819966
1402,Current HI,Intermediate,0.6578073089700996,0.5516017282616211
1403,Current HI,Intermediate,0.5114795918367347,0.5008498349185023
1404,Current HI,Intermediate,0.46853146853146843,0.5816234042335254
1405,Current HI,Intermediate,0.5694444444444445,0.5041664037108347
1406,Current HI,Intermediate,0.5454545454545454,0.6149208875037411
1407,Current HI,Intermediate,0.5869918699186991,0.5704476370373494
1408,Current HI,Intermediate,0.6886446886446886,0.4206471434740805
1409,Current HI,Intermediate,0.4567099567099568,0.5331672366353207
1410,Current HI,Intermediate,0.5488888888888889,0.3861935933396593
1411,Current HI,Intermediate,0.5273109243697478,0.5932077471186002
1412,Current HI,Intermediate,0.6609848484848484,0.5399682966713547
1413,Current HI,Intermediate,0.717741935483871,0.5775699104473689
1414,Current HI,Intermediate,0.8155555555555554,0.5345067969561818
1415,Current HI,Intermediate,0.4652014652014652,0.5137187484214466
1416,Current HI,Intermediate,0.5962962962962963,0.6381780193777209
1417,Current HI,Intermediate,0.6064814814814815,0.543357086716768
1418,Current HI,Intermediate,0.7083333333333334,0.4926565565406686
1419,Current HI,Intermediate,0.5646900269541779,0.5077630210688944
1420,Current HI,Intermediate,0.5933014354066986,0.4229351985015048
1421,Current HI,Intermediate,0.6239316239316239,0.4721234702607574
1422,Current HI,Intermediate,0.5448979591836733,0.5164301956954434
1423,Current HI,Intermediate,0.6049382716049382,0.5897596860536789
1424,Current HI,Intermediate,0.5873873873873874,0.5751382724439174
1425,Current HI,Intermediate,0.6060606060606061,0.5887810035192041
1426,Current HI,Intermediate,0.9240196078431373,0.4601645397933793
1427,Current HI,Intermediate,0.6918367346938776,0.5130303084071055
1428,Current HI,Intermediate,0.696969696969697,0.5889834212618672
1429,Current HI,Intermediate,0.9130434782608696,0.3334978076365252
1430,Current HI,Intermediate,0.7171717171717172,0.5107727011872976
1431,Current HI,Intermediate,0.7777777777777779,0.39047533091598663
1432,Current HI,Intermediate,0.6035502958579881,0.5425600374883708
1433,Current HI,Intermediate,0.7451923076923077,0.5583190478498375
1434,Current HI,Intermediate,0.5958646616541353,0.4485705006618383
1435,Current HI,Intermediate,0.6770833333333334,0.532531180821215
1436,Current HI,Intermediate,0.5047879616963064,0.5615163447481308
1437,Current HI,Intermediate,0.6183431952662722,0.47834153149037334
1438,Current HI,Intermediate,0.6931818181818181,0.5951446860070969
1439,Current HI,Intermediate,0.7297297297297297,0.4295245531329712
1440,Current HI,Intermediate,0.7955555555555556,0.425648756367755
1441,Current HI,Intermediate,0.7480106100795756,0.527623965584865
1442,Current HI,Intermediate,0.5043731778425655,0.5144436536339421
1443,Current HI,Intermediate,0.6222222222222222,0.4340963934024404
1444,Current HI,Intermediate,0.68,0.5712878093784641
1445,Current HI,Intermediate,0.46689303904923596,0.5600307351669412
1446,Current HI,Intermediate,0.6775599128540304,0.3919895038562617
1447,Current HI,Intermediate,0.6722689075630252,0.5119871692462971
1448,Current HI,Intermediate,0.60546875,0.447879481779038
1449,Current HI,Intermediate,0.6527777777777778,0.45820583741868215
1450,Current HI,Intermediate,0.6635338345864662,0.5198036650004705
1451,Current HI,Intermediate,0.6025641025641026,0.4602780519328313
1452,Current HI,Intermediate,0.7462121212121212,0.3897395971158289
1453,Current HI,Intermediate,0.721763085399449,0.5422750265971211
1454,Current HI,Intermediate,0.47174447174447176,0.5596475674870615
1455,Current HI,Intermediate,0.597165991902834,0.4911060886033271
1456,Current HI,Intermediate,0.6884920634920635,0.45837746300074095
1457,Current HI,Intermediate,0.6854166666666666,0.5362082803090723
1458,Current HI,Intermediate,0.6439716312056737,0.47806169075480465
1459,Current HI,Intermediate,0.7307692307692307,0.5309195427355896
1460,Current HI,Intermediate,0.43560606060606066,0.4903890640604143
1461,Current HI,Intermediate,0.5125,0.43339186531359697
1462,Current HI,Intermediate,0.6031746031746033,0.6731286160666682
1463,Current HI,Intermediate,0.7462962962962963,0.46128586333162097
1464,Current HI,Intermediate,0.656578947368421,0.4863606293358711
1465,Current HI,Intermediate,0.7194570135746607,0.6109318659109056
1466,Current HI,Intermediate,0.7020460358056265,0.5654027423931139
1467,Current HI,Intermediate,0.6418732782369146,0.547997895762077
1468,Current HI,Intermediate,0.5674603174603174,0.48373773983570073
1469,Current HI,Intermediate,0.7333333333333334,0.45412639485199136
1470,Current HI,Intermediate,0.6216666666666667,0.5228203383927401
1471,Current HI,Intermediate,0.6123188405797101,0.5162692894900041
1472,Current HI,Intermediate,0.6222222222222222,0.4312798545152072
1473,Current HI,Intermediate,0.5852272727272727,0.6244932888609278
1474,Current HI,Intermediate,0.6827094474153297,0.47655559003619985
1475,Current HI,Intermediate,0.6612111292962357,0.5783818395641684
1476,Current HI,Intermediate,0.46896551724137925,0.5153439466875965
1477,Current HI,Intermediate,0.530791788856305,0.5686760348735208
1478,Current HI,Intermediate,0.6258064516129033,0.5677171942291637
1479,Current HI,Intermediate,0.5236363636363637,0.47193359475305147
1480,Current HI,Intermediate,0.7523809523809524,0.5101303318689376
1481,Current HI,Intermediate,0.665158371040724,0.4772459382520772
1482,Current HI,Intermediate,0.412987012987013,0.4858773145961961
1483,Current HI,Intermediate,0.7296511627906976,0.47412389558264306
1484,Current HI,Intermediate,0.4740608228980322,0.46451477495865434
1485,Current HI,Intermediate,0.5694444444444444,0.5145731448974642
1486,Current HI,Intermediate,0.5551724137931034,0.45800106323076323
1487,Current HI,Intermediate,0.5119047619047619,0.4809530193086924
1488,Current HI,Intermediate,0.7465909090909092,0.5222292039257566
1489,Current HI,Intermediate,0.7589285714285714,0.4330784850502673
1490,Current HI,Intermediate,0.5458333333333334,0.5600830683990977
1491,Current HI,Intermediate,0.5551724137931034,0.5218382952622257
1492,Current HI,Intermediate,0.6511111111111111,0.4244451715645722
1493,Current HI,Intermediate,0.7706093189964157,0.5825313127883555
1494,Current HI,Intermediate,0.5459558823529411,0.591763535816851
1495,Current HI,Intermediate,0.6498855835240275,0.4652999005779063
1496,Current HI,Intermediate,0.44126984126984126,0.5290693105146903
1497,Current HI,Intermediate,0.41260162601626016,0.5475231622399792
1498,Current HI,Intermediate,0.679245283018868,0.4422066868148902
1499,Current HI,Intermediate,0.761904761904762,0.5045580501888514
0,Current HI,High,0.7131868131868132,0.37204877011078746
1,Current HI,High,0.7793263646922184,0.41844435755461107
2,Current HI,High,0.721763085399449,0.40246293820971296
3,Current HI,High,0.8861076345431791,0.5041961772884985
4,Current HI,High,0.7771428571428571,0.3647776305637322
5,Current HI,High,0.6433566433566433,0.4095493153870328
6,Current HI,High,0.8387096774193549,0.4631810802327711
7,Current HI,High,0.7572463768115941,0.5224705001554564
8,Current HI,High,0.8120567375886525,0.41683911713172417
9,Current HI,High,0.8409090909090909,0.5268536988289805
10,Current HI,High,0.7866666666666666,0.5901054907063699
11,Current HI,High,0.7102941176470589,0.4315590102972934
12,Current HI,High,0.7218934911242603,0.4985478279212804
13,Current HI,High,0.8760330578512396,0.37911796815736837
14,Current HI,High,0.6862745098039216,0.4417235471464471
15,Current HI,High,0.6857142857142857,0.5226672177781142
16,Current HI,High,0.837121212121212,0.46543416873694543
17,Current HI,High,0.6556122448979591,0.3937392139516379
18,Current HI,High,0.8190789473684211,0.4600736622596236
19,Current HI,High,0.7110389610389611,0.5007116979442929
20,Current HI,High,0.7036363636363636,0.4534647070996815
21,Current HI,High,0.6727272727272726,0.41870899672974626
22,Current HI,High,0.590686274509804,0.4555117918415143
23,Current HI,High,0.7352941176470589,0.47100674478434557
24,Current HI,High,0.8465408805031447,0.39093704551233277
25,Current HI,High,0.8957264957264957,0.4019737141074336
26,Current HI,High,0.8637362637362638,0.28757227881325603
27,Current HI,High,0.8982456140350878,0.3216869141793762
28,Current HI,High,0.6538461538461539,0.5450897472404386
29,Current HI,High,0.8345959595959596,0.46770474388282635
30,Current HI,High,0.8265306122448979,0.3767221561861912
31,Current HI,High,0.8598382749326144,0.410712270458586
32,Current HI,High,0.7481617647058824,0.5042078985257321
33,Current HI,High,0.8429752066115703,0.5647670612919315
34,Current HI,High,0.6682539682539682,0.4441895220597957
35,Current HI,High,0.8080808080808081,0.5309700736557791
36,Current HI,High,0.738927738927739,0.3743489835018999
37,Current HI,High,0.7569169960474308,0.5034536950745826
38,Current HI,High,0.7297297297297296,0.5015941585367135
39,Current HI,High,0.808187134502924,0.43335143625632944
40,Current HI,High,0.7894736842105262,0.45690088843439264
41,Current HI,High,0.6658163265306123,0.5802331658184434
42,Current HI,High,0.7540106951871657,0.4672252024596959
43,Current HI,High,0.8821428571428571,0.4715790165388898
44,Current HI,High,0.8663003663003664,0.30914423524709345
45,Current HI,High,0.8264705882352942,0.468666614704665
46,Current HI,High,0.8035087719298246,0.41082929549435726
47,Current HI,High,0.8130193905817176,0.512957187983448
48,Current HI,High,0.7189249720044792,0.42561856154349925
49,Current HI,High,0.8866459627329193,0.4759026112253613
50,Current HI,High,0.7700258397932817,0.5052104700246987
51,Current HI,High,0.7747747747747749,0.39958453945639216
52,Current HI,High,0.6426799007444169,0.5298721738925731
53,Current HI,High,0.7307692307692307,0.43887451935196636
54,Current HI,High,0.7490196078431373,0.4855699392700162
55,Current HI,High,0.763265306122449,0.5612167542972739
56,Current HI,High,0.7372159090909091,0.5443368359897642
57,Current HI,High,0.7234848484848485,0.5363547094685704
58,Current HI,High,0.8934240362811791,0.38076522969980947
59,Current HI,High,0.8661616161616162,0.515767705253437
60,Current HI,High,0.7150205761316872,0.40501532176114774
61,Current HI,High,0.7024793388429752,0.47467599180549286
62,Current HI,High,0.7380952380952381,0.4218739050612745
63,Current HI,High,0.8596491228070176,0.35655756833312147
64,Current HI,High,0.8086080586080586,0.29953724503283014
65,Current HI,High,0.8363844393592678,0.4230389305411059
66,Current HI,High,0.8611111111111112,0.4683581024597208
67,Current HI,High,0.7056910569105691,0.4357305130194438
68,Current HI,High,0.5824561403508772,0.5318424339083734
69,Current HI,High,0.8137254901960784,0.4548601789478072
70,Current HI,High,0.8430769230769231,0.4795678183829361
71,Current HI,High,0.6989247311827957,0.4131987328168914
72,Current HI,High,0.8585055643879174,0.5744912422260077
73,Current HI,High,0.7364532019704434,0.5380174929051625
74,Current HI,High,0.7303571428571428,0.4941907821244897
75,Current HI,High,0.7525951557093427,0.40160482443780293
76,Current HI,High,0.7604166666666666,0.5605553259341508
77,Current HI,High,0.6801470588235293,0.49368201065664913
78,Current HI,High,0.7271341463414633,0.4618332862639091
79,Current HI,High,0.6225490196078431,0.5362740954916637
80,Current HI,High,0.636842105263158,0.5578901678996894
81,Current HI,High,0.6411764705882353,0.582325660385264
82,Current HI,High,0.6858108108108109,0.5732377889396452
83,Current HI,High,0.6736842105263158,0.4628327425639655
84,Current HI,High,0.7708333333333335,0.5184784933844926
85,Current HI,High,0.7786116322701688,0.4659672512034292
86,Current HI,High,0.7071005917159763,0.4472786594413417
87,Current HI,High,0.853763440860215,0.3794056796067497
88,Current HI,High,0.8933823529411764,0.41555479804315953
89,Current HI,High,0.7321428571428572,0.368970218480427
90,Current HI,High,0.7360482654600302,0.38693245295544193
91,Current HI,High,0.6790865384615385,0.5671224091792406
92,Current HI,High,0.6645962732919254,0.6026043933747249
93,Current HI,High,0.7604422604422605,0.43243149610821835
94,Current HI,High,0.7510964912280702,0.45518053928125146
95,Current HI,High,0.8287488908606921,0.4900662078312609
96,Current HI,High,0.8703703703703703,0.43101225184593905
97,Current HI,High,0.8338797814207649,0.3639064287509671
98,Current HI,High,0.8649068322981367,0.44141361055013845
99,Current HI,High,0.8907407407407407,0.3148780326872017
100,Current HI,High,0.771255060728745,0.42721334202920497
101,Current HI,High,0.9255319148936171,0.4540246143084807
102,Current HI,High,0.9150326797385621,0.46295382392520706
103,Current HI,High,0.8409090909090909,0.4373526929608998
104,Current HI,High,0.7815126050420168,0.5075914520008042
105,Current HI,High,0.6934984520123839,0.4402740145536085
106,Current HI,High,0.7008547008547009,0.549987990307808
107,Current HI,High,0.7747858017135864,0.4841940221807987
108,Current HI,High,0.7807017543859649,0.5405228087112957
109,Current HI,High,0.7364864864864865,0.4901968559853995
110,Current HI,High,0.736842105263158,0.634393887977731
111,Current HI,High,0.8975609756097561,0.3972296305808628
112,Current HI,High,0.8350000000000001,0.3683485820277446
113,Current HI,High,0.6702127659574467,0.39423612154185417
114,Current HI,High,0.7915543575920935,0.35637819484970845
115,Current HI,High,0.6666666666666667,0.5213456914798449
116,Current HI,High,0.6758620689655173,0.4662494033096766
117,Current HI,High,0.8506787330316742,0.3896022253619619
118,Current HI,High,0.9333333333333332,0.2672961789776786
119,Current HI,High,0.8033613445378152,0.37009199228240913
120,Current HI,High,0.642512077294686,0.5350064288353921
121,Current HI,High,0.825531914893617,0.4232794020290097
122,Current HI,High,0.7201426024955436,0.5064037699254486
123,Current HI,High,0.7180952380952381,0.6166643467460832
124,Current HI,High,0.7492997198879552,0.5242937912407262
125,Current HI,High,0.859073359073359,0.49698363172567267
126,Current HI,High,0.6625,0.4133019713419481
127,Current HI,High,0.9030470914127424,0.39153634639517104
128,Current HI,High,0.6428571428571428,0.5510516738149877
129,Current HI,High,0.837593984962406,0.47767713877633644
130,Current HI,High,0.826923076923077,0.4756193064798228
131,Current HI,High,0.7640625000000001,0.48333913684713853
132,Current HI,High,0.8509485094850949,0.3701133455710675
133,Current HI,High,0.9002079002079002,0.39222129685484414
134,Current HI,High,0.7095588235294118,0.478801772030921
135,Current HI,High,0.7877906976744187,0.451593835407225
136,Current HI,High,0.6684981684981686,0.6675750743104918
137,Current HI,High,0.7023255813953488,0.4323872419593312
138,Current HI,High,0.7825396825396825,0.4783389913375112
139,Current HI,High,0.6729651162790699,0.47322917027244527
140,Current HI,High,0.8218181818181819,0.35861065188052554
141,Current HI,High,0.7466666666666666,0.5094913119685616
142,Current HI,High,0.6739130434782609,0.4333777273827956
143,Current HI,High,0.5642923219241442,0.4676081739411471
144,Current HI,High,0.7070707070707071,0.5095778135213944
145,Current HI,High,0.8186813186813187,0.4624066151794262
146,Current HI,High,0.8095975232198143,0.4971448620212554
147,Current HI,High,0.8119047619047619,0.42678081114135136
148,Current HI,High,0.7549019607843138,0.4501534897332604
149,Current HI,High,0.7321428571428571,0.5289432585586921
150,Current HI,High,0.8484848484848485,0.45840568160823714
151,Current HI,High,0.769047619047619,0.5311044831392658
152,Current HI,High,0.6863636363636364,0.5719854292902409
153,Current HI,High,0.7571644042232277,0.4442052018781271
154,Current HI,High,0.8888888888888888,0.43950097835910945
155,Current HI,High,0.7644628099173553,0.4738632519377738
156,Current HI,High,0.615234375,0.48511286089361666
157,Current HI,High,0.8583877995642699,0.34684514939998634
158,Current HI,High,0.7616666666666667,0.3854279452412787
159,Current HI,High,0.718266253869969,0.4256025444059454
160,Current HI,High,0.7803992740471869,0.5806859094972797
161,Current HI,High,0.8000000000000002,0.385765113399395
162,Current HI,High,0.7408,0.5224265795756982
163,Current HI,High,0.7973684210526315,0.539150648542764
164,Current HI,High,0.7452380952380953,0.4770862827546528
165,Current HI,High,0.7318181818181818,0.32159469309385746
166,Current HI,High,0.7861163227016885,0.4834736513147356
167,Current HI,High,0.7148634984833164,0.4722934013097851
168,Current HI,High,0.8512110726643598,0.34861595452775296
169,Current HI,High,0.8172043010752688,0.42439904027020897
170,Current HI,High,0.7732142857142857,0.36743861988416787
171,Current HI,High,0.7225913621262459,0.4408775404133063
172,Current HI,High,0.828054298642534,0.3947202544102123
173,Current HI,High,0.810760667903525,0.46064107518289654
174,Current HI,High,0.73125,0.5012947961334346
175,Current HI,High,0.8095952023988007,0.4021373200141903
176,Current HI,High,0.8875432525951557,0.46508440470375834
177,Current HI,High,0.705,0.3053796168140237
178,Current HI,High,0.7205882352941176,0.5405606187025541
179,Current HI,High,0.7946428571428571,0.4025415518024816
180,Current HI,High,0.7509652509652509,0.5586265525108374
181,Current HI,High,0.8254310344827585,0.3722026282646275
182,Current HI,High,0.9034749034749036,0.44003736739467275
183,Current HI,High,0.5614973262032085,0.5536669401194936
184,Current HI,High,0.8148148148148149,0.4408244864037448
185,Current HI,High,0.8448275862068965,0.3445376666212769
186,Current HI,High,0.9282296650717704,0.35581393113860665
187,Current HI,High,0.7911764705882354,0.4860185192615201
188,Current HI,High,0.7483333333333334,0.5511080993004001
189,Current HI,High,0.7017045454545453,0.43790726950624187
190,Current HI,High,0.8734693877551021,0.4589984092938222
191,Current HI,High,0.6289180990899899,0.6168094545944369
192,Current HI,High,0.8076190476190476,0.4016164011421752
193,Current HI,High,0.8700854700854701,0.38286369321925096
194,Current HI,High,0.6944444444444444,0.5066898603009788
195,Current HI,High,0.8214285714285715,0.42285735829703913
196,Current HI,High,0.8606465997770345,0.43169203271087064
197,Current HI,High,0.6857142857142857,0.6134212402548299
198,Current HI,High,0.7763636363636364,0.4181064016269429
199,Current HI,High,0.717948717948718,0.6196902518298039
200,Current HI,High,0.7703703703703704,0.6777510374610782
201,Current HI,High,0.7218045112781956,0.49127629413687607
202,Current HI,High,0.677801724137931,0.3272924437367508
203,Current HI,High,0.78125,0.4531326363816966
204,Current HI,High,0.8523748395378691,0.4006389755753289
205,Current HI,High,0.8075757575757576,0.42444355340200757
206,Current HI,High,0.7252888318356868,0.49843716217010425
207,Current HI,High,0.7664141414141414,0.4546277913923004
208,Current HI,High,0.8177083333333334,0.3966547154087834
209,Current HI,High,0.8282647584973166,0.5332827965568371
210,Current HI,High,0.7541666666666667,0.5150597027992527
211,Current HI,High,0.6850490196078431,0.5354604025046
212,Current HI,High,0.7433333333333333,0.42883385220997705
213,Current HI,High,0.7644444444444445,0.3737998839449104
214,Current HI,High,0.7058823529411764,0.4643293356200194
215,Current HI,High,0.8386123680241327,0.44832623272843775
216,Current HI,High,0.6326530612244898,0.5626547900806917
217,Current HI,High,0.7355263157894736,0.46526580024310876
218,Current HI,High,0.6666666666666667,0.6582207641539387
219,Current HI,High,0.7341920374707259,0.4825163994050838
220,Current HI,High,0.7828282828282829,0.40321742872674693
221,Current HI,High,0.7073170731707317,0.5809898989064975
222,Current HI,High,0.7101063829787234,0.41633926365706664
223,Current HI,High,0.7804878048780488,0.38341563859101685
224,Current HI,High,0.8063909774436089,0.5060257820169194
225,Current HI,High,0.6343669250645995,0.4397367616728867
226,Current HI,High,0.6875,0.45925130058922864
227,Current HI,High,0.7633378932968538,0.584024368292032
228,Current HI,High,0.8265765765765767,0.3505742961334283
229,Current HI,High,0.7544117647058823,0.491043887342529
230,Current HI,High,0.8081140350877194,0.3612645793230612
231,Current HI,High,0.7641129032258065,0.4981794223183177
232,Current HI,High,0.7029320987654321,0.450071908721331
233,Current HI,High,0.6002886002886003,0.515646061970789
234,Current HI,High,0.8281430219146482,0.34298160547492346
235,Current HI,High,0.6384083044982698,0.47424527646328796
236,Current HI,High,0.6794425087108015,0.41181804594774074
237,Current HI,High,0.8306666666666667,0.3386608096899299
238,Current HI,High,0.7991071428571429,0.4663443665763262
239,Current HI,High,0.7692307692307693,0.3424648471032099
240,Current HI,High,0.7145833333333333,0.4671331219092642
241,Current HI,High,0.8391534391534392,0.4049478281988568
242,Current HI,High,0.6975,0.49898432291617306
243,Current HI,High,0.7018867924528301,0.47926417978724023
244,Current HI,High,0.8181818181818181,0.57155704347985
245,Current HI,High,0.8666666666666666,0.4350545511294675
246,Current HI,High,0.7607655502392345,0.4479417902234391
247,Current HI,High,0.8425925925925927,0.4090657033669814
248,Current HI,High,0.7616161616161616,0.3365094212809929
249,Current HI,High,0.7175141242937852,0.5170496222384865
250,Current HI,High,0.657142857142857,0.5864269200324995
251,Current HI,High,0.7294117647058824,0.5136524025593571
252,Current HI,High,0.6994871794871794,0.42686589511634754
253,Current HI,High,0.8129251700680272,0.5493405004928403
254,Current HI,High,0.7395833333333334,0.46688746954279053
255,Current HI,High,0.8200483091787439,0.38330748684742605
256,Current HI,High,0.77,0.6683641309425034
257,Current HI,High,0.7806122448979592,0.41766310399815365
258,Current HI,High,0.6444444444444445,0.5352028233265161
259,Current HI,High,0.8378378378378377,0.4713020358293215
260,Current HI,High,0.7142857142857143,0.4663075046633141
261,Current HI,High,0.7873015873015874,0.40628948345639243
262,Current HI,High,0.8911564625850341,0.3689520551205304
263,Current HI,High,0.8421052631578947,0.37762539122126276
264,Current HI,High,0.7666666666666667,0.5810862257092765
265,Current HI,High,0.7604166666666666,0.42412452990578503
266,Current HI,High,0.8241935483870967,0.3801292877969347
267,Current HI,High,0.6847826086956521,0.5193633069072279
268,Current HI,High,0.7985739750445632,0.5089577384255788
269,Current HI,High,0.8109756097560976,0.43374735241376455
270,Current HI,High,0.7820121951219513,0.46604638108752333
271,Current HI,High,0.7767722473604827,0.4450532333494116
272,Current HI,High,0.8649572649572649,0.41478019816859435
273,Current HI,High,0.7368421052631579,0.5472264950303433
274,Current HI,High,0.8821428571428571,0.38065829610456703
275,Current HI,High,0.8658008658008658,0.4974756616427423
276,Current HI,High,0.8138020833333334,0.4000802125367716
277,Current HI,High,0.7718832891246683,0.3960683812345572
278,Current HI,High,0.8392857142857143,0.45783297426439246
279,Current HI,High,0.7977044476327115,0.4725445964001369
280,Current HI,High,0.781653746770026,0.4382913050315693
281,Current HI,High,0.7372093023255814,0.5147874344202472
282,Current HI,High,0.9157894736842105,0.4562942441330888
283,Current HI,High,0.8288043478260869,0.3965528315807368
284,Current HI,High,0.7397727272727272,0.5979487487917774
285,Current HI,High,0.8232142857142857,0.3555721129855556
286,Current HI,High,0.6885964912280702,0.5114837159688372
287,Current HI,High,0.727405247813411,0.5195089158400934
288,Current HI,High,0.5507246376811594,0.7167700962521212
289,Current HI,High,0.7634615384615384,0.5095909434359405
290,Current HI,High,0.7368421052631579,0.40813678975388085
291,Current HI,High,0.7446393762183235,0.5635962393316906
292,Current HI,High,0.8616600790513835,0.37367212101714753
293,Current HI,High,0.6505050505050505,0.47960493002116505
294,Current HI,High,0.8919753086419753,0.4733542749691834
295,Current HI,High,0.6486111111111111,0.5502730470248618
296,Current HI,High,0.7952488687782806,0.41262475383728714
297,Current HI,High,0.8964285714285715,0.4764215717245707
298,Current HI,High,0.7708333333333334,0.42678647184599094
299,Current HI,High,0.7734042553191489,0.3598372485640604
300,Current HI,High,0.6465116279069767,0.5102286408381805
301,Current HI,High,0.762962962962963,0.5870018161456672
302,Current HI,High,0.8157894736842105,0.45269979166653534
303,Current HI,High,0.8387096774193549,0.44008654684929904
304,Current HI,High,0.8968253968253969,0.44506144643105827
305,Current HI,High,0.8826979472140764,0.4454510220215089
306,Current HI,High,0.7732793522267206,0.48676928436779415
307,Current HI,High,0.7130177514792898,0.45743288084742123
308,Current HI,High,0.8257918552036199,0.4346534606583493
309,Current HI,High,0.8543478260869566,0.354195799628954
310,Current HI,High,0.7142857142857143,0.4381260423616375
311,Current HI,High,0.8832951945080092,0.4383256676458464
312,Current HI,High,0.8017094017094017,0.43195659677640663
313,Current HI,High,0.8503496503496504,0.4416909893801528
314,Current HI,High,0.8489304812834224,0.35836836873926986
315,Current HI,High,0.6375,0.47478610423218015
316,Current HI,High,0.8122332859174964,0.4283130351166103
317,Current HI,High,0.7544757033248082,0.445642950356701
318,Current HI,High,0.7232142857142856,0.4613125544396023
319,Current HI,High,0.834920634920635,0.43618239490893274
320,Current HI,High,0.6791666666666666,0.4968344279175053
321,Current HI,High,0.6666666666666667,0.4952030954170438
322,Current HI,High,0.8316326530612245,0.3698859221647103
323,Current HI,High,0.8932330827067669,0.4229987746732142
324,Current HI,High,0.825,0.43657227550204875
325,Current HI,High,0.871345029239766,0.5281533372931417
326,Current HI,High,0.7777777777777778,0.5539558765148657
327,Current HI,High,0.782142857142857,0.4082007461059338
328,Current HI,High,0.8727272727272728,0.4468533651064137
329,Current HI,High,0.867003367003367,0.427262910141851
330,Current HI,High,0.7481146304675717,0.4292801449305396
331,Current HI,High,0.6589002795899348,0.5434329086504426
332,Current HI,High,0.718045112781955,0.5992488859292348
333,Current HI,High,0.879360465116279,0.4561031481007471
334,Current HI,High,0.7457142857142858,0.4341344886658527
335,Current HI,High,0.8199279711884755,0.4504304098814399
336,Current HI,High,0.8264705882352942,0.33407727096223433
337,Current HI,High,0.6912878787878788,0.5017944505284821
338,Current HI,High,0.6732522796352584,0.5456460853556748
339,Current HI,High,0.7744360902255639,0.39694423740269014
340,Current HI,High,0.8297213622291022,0.4673743051727389
341,Current HI,High,0.6755218216318786,0.46282768971132815
342,Current HI,High,0.6770334928229665,0.48783866403051185
343,Current HI,High,0.6330128205128205,0.5161478871637732
344,Current HI,High,0.6915544675642594,0.535923177456752
345,Current HI,High,0.6080586080586081,0.45201389012845894
346,Current HI,High,0.7319688109161793,0.5012193750596255
347,Current HI,High,0.9061728395061729,0.44683599731241597
348,Current HI,High,0.6031746031746031,0.46821570944245433
349,Current HI,High,0.7959183673469389,0.4884763527342625
350,Current HI,High,0.7822277847309137,0.4741843006797556
351,Current HI,High,0.6904761904761905,0.49195510278270205
352,Current HI,High,0.6872309899569584,0.4863713688253288
353,Current HI,High,0.8851851851851852,0.5174356294723825
354,Current HI,High,0.7991913746630728,0.3947730069005401
355,Current HI,High,0.7666666666666666,0.48848896203365355
356,Current HI,High,0.8620155038759689,0.5100327136202453
357,Current HI,High,0.846153846153846,0.48592273378148415
358,Current HI,High,0.882051282051282,0.3464608164168073
359,Current HI,High,0.7916666666666667,0.4069184217715289
360,Current HI,High,0.7952488687782806,0.43903420423129413
361,Current HI,High,0.6406976744186046,0.4475961559760468
362,Current HI,High,0.8714153561517113,0.3821090802512541
363,Current HI,High,0.7902735562310031,0.4528583969969405
364,Current HI,High,0.7326086956521739,0.4438098555701459
365,Current HI,High,0.6615384615384616,0.4987570754685185
366,Current HI,High,0.7723214285714286,0.40483924938852606
367,Current HI,High,0.6551724137931034,0.5087087235834695
368,Current HI,High,0.6749999999999999,0.5463802048632933
369,Current HI,High,0.8684210526315791,0.36962898100016045
370,Current HI,High,0.8146666666666667,0.36783400665903976
371,Current HI,High,0.7037037037037037,0.49295450353844106
372,Current HI,High,0.8775510204081631,0.4001584223904853
373,Current HI,High,0.6988636363636365,0.48311068809412
374,Current HI,High,0.5335968379446641,0.5228861417111894
375,Current HI,High,0.7575757575757577,0.5412783128136659
376,Current HI,High,0.8337320574162679,0.38263466456341777
377,Current HI,High,0.8232323232323233,0.4432047536781845
378,Current HI,High,0.8350877192982457,0.506505426552367
379,Current HI,High,0.7607843137254902,0.43528500638613593
380,Current HI,High,0.6944444444444444,0.4544759258652498
381,Current HI,High,0.7022222222222223,0.5765569139544479
382,Current HI,High,0.7492877492877493,0.4394100170754457
383,Current HI,High,0.8237454100367197,0.41198697777037335
384,Current HI,High,0.7347560975609756,0.3758884481042942
385,Current HI,High,0.6057692307692308,0.4068928266493429
386,Current HI,High,0.7232905982905983,0.49089400584375165
387,Current HI,High,0.8375,0.4629807621597102
388,Current HI,High,0.8,0.38741326550101257
389,Current HI,High,0.736,0.4954975723731991
390,Current HI,High,0.8984674329501916,0.39996277280810866
391,Current HI,High,0.7608695652173915,0.47655683397294596
392,Current HI,High,0.7447154471544715,0.5209670412699795
393,Current HI,High,0.6972222222222223,0.3717752033681834
394,Current HI,High,0.8024316109422492,0.43985542837265335
395,Current HI,High,0.7366863905325444,0.40607086830554606
396,Current HI,High,0.5928571428571429,0.5918573109809396
397,Current HI,High,0.72953216374269,0.45914845022296596
398,Current HI,High,0.8350168350168349,0.37101513214292764
399,Current HI,High,0.7402482269503545,0.5351591307170546
400,Current HI,High,0.7960687960687961,0.4317749071294636
401,Current HI,High,0.8569078947368421,0.4212244940640511
402,Current HI,High,0.7140350877192982,0.47577397952413225
403,Current HI,High,0.7660714285714286,0.3137488659812268
404,Current HI,High,0.7215447154471546,0.5012087424672764
405,Current HI,High,0.7507936507936508,0.5834683346209047
406,Current HI,High,0.8650793650793651,0.4356663101221119
407,Current HI,High,0.8441558441558442,0.5274090983216512
408,Current HI,High,0.7729166666666667,0.38970705230635067
409,Current HI,High,0.6823529411764705,0.5983195998156094
410,Current HI,High,0.8594202898550725,0.46307544678916673
411,Current HI,High,0.7860310421286031,0.441521472626283
412,Current HI,High,0.7897435897435897,0.5074363950585504
413,Current HI,High,0.6210131332082551,0.45581336115596094
414,Current HI,High,0.7541666666666667,0.4134128703045082
415,Current HI,High,0.5959079283887467,0.4660802536310733
416,Current HI,High,0.7507739938080494,0.5673794024172875
417,Current HI,High,0.6812499999999999,0.5606156717562994
418,Current HI,High,0.8200734394124847,0.4680477158972216
419,Current HI,High,0.5294840294840295,0.3507236553423204
420,Current HI,High,0.8545454545454545,0.5994341926151344
421,Current HI,High,0.7432624113475177,0.43802248674131905
422,Current HI,High,0.8461538461538461,0.4068714596704688
423,Current HI,High,0.8793103448275862,0.448746350255475
424,Current HI,High,0.8039215686274511,0.4361181131542466
425,Current HI,High,0.9333333333333333,0.4363669736962289
426,Current HI,High,0.7828282828282829,0.5111321730314161
427,Current HI,High,0.7719298245614036,0.37047125888020593
428,Current HI,High,0.7611111111111111,0.4746109404662478
429,Current HI,High,0.8586956521739131,0.40847230782406874
430,Current HI,High,0.8942420681551116,0.4015359246833012
431,Current HI,High,0.8565891472868218,0.43488048418000297
432,Current HI,High,0.8739837398373984,0.47314098252926573
433,Current HI,High,0.7163009404388715,0.5255591541850491
434,Current HI,High,0.675187969924812,0.5237674850034322
435,Current HI,High,0.7833333333333333,0.329446443039116
436,Current HI,High,0.9012345679012346,0.36234888623221334
437,Current HI,High,0.8203661327231121,0.46921313182212887
438,Current HI,High,0.6551020408163266,0.5613556228550154
439,Current HI,High,0.8899521531100479,0.24525647098984824
440,Current HI,High,0.7884057971014493,0.4924822277625896
441,Current HI,High,0.7941860465116279,0.3212221871798342
442,Current HI,High,0.676923076923077,0.4487969576104788
443,Current HI,High,0.7376311844077961,0.5039662539718833
444,Current HI,High,0.7517857142857144,0.5114060807643529
445,Current HI,High,0.6735537190082646,0.4598437447283217
446,Current HI,High,0.708843537414966,0.4474762477716577
447,Current HI,High,0.8241758241758241,0.42443222386362267
448,Current HI,High,0.7638888888888888,0.5162888711136385
449,Current HI,High,0.6699999999999999,0.3964465317145648
450,Current HI,High,0.8333333333333333,0.5663306810040665
451,Current HI,High,0.7616279069767442,0.5442256709091534
452,Current HI,High,0.6431334622823985,0.4204264090389629
453,Current HI,High,0.7770270270270271,0.47135554838660476
454,Current HI,High,0.6904761904761905,0.557137989998342
455,Current HI,High,0.6162962962962963,0.4974370275352101
456,Current HI,High,0.7217391304347825,0.3721914951039902
457,Current HI,High,0.7443181818181819,0.5325510960659919
458,Current HI,High,0.6880081300813009,0.39183568985284806
459,Current HI,High,0.8025078369905956,0.42740466554686946
460,Current HI,High,0.7431972789115646,0.4507660238908358
461,Current HI,High,0.7559808612440191,0.5405655731292265
462,Current HI,High,0.7395104895104896,0.5057927244122679
463,Current HI,High,0.7115384615384616,0.5705758968177176
464,Current HI,High,0.7018970189701897,0.4382854553920616
465,Current HI,High,0.8153153153153154,0.44858605821021463
466,Current HI,High,0.8409090909090909,0.6715525114041684
467,Current HI,High,0.78,0.4772554351776638
468,Current HI,High,0.6848739495798319,0.4441777494358068
469,Current HI,High,0.8386363636363636,0.37786941285546305
470,Current HI,High,0.8430232558139535,0.47348457746494405
471,Current HI,High,0.6696428571428572,0.5239388803802497
472,Current HI,High,0.7096774193548386,0.493774740973789
473,Current HI,High,0.7954545454545455,0.4941315896040384
474,Current HI,High,0.6466836734693877,0.4418839842835497
475,Current HI,High,0.7027777777777777,0.4600410774954243
476,Current HI,High,0.7575757575757576,0.3867365383726216
477,Current HI,High,0.6594202898550725,0.5403713484823517
478,Current HI,High,0.8278867102396514,0.4546532582384647
479,Current HI,High,0.7250341997264022,0.32977189077622415
480,Current HI,High,0.817982456140351,0.39793962864875876
481,Current HI,High,0.6119909502262444,0.5136836027517617
482,Current HI,High,0.77734375,0.4482243574907965
483,Current HI,High,0.7256756756756757,0.40414085798182564
484,Current HI,High,0.6885416666666666,0.513206040148844
485,Current HI,High,0.8310214375788146,0.3651297629655525
486,Current HI,High,0.8307692307692307,0.48899428874994283
487,Current HI,High,0.8113207547169813,0.4317619189417358
488,Current HI,High,0.8366228070175439,0.39506803913746247
489,Current HI,High,0.7762237762237763,0.422988690066002
490,Current HI,High,0.6523809523809523,0.5316149753199658
491,Current HI,High,0.8761904761904762,0.32253992912825247
492,Current HI,High,0.7684659090909092,0.5301318343999032
493,Current HI,High,0.7857142857142858,0.460576221585911
494,Current HI,High,0.7987987987987989,0.3770313559168982
495,Current HI,High,0.8849206349206349,0.44561274505993753
496,Current HI,High,0.9256756756756757,0.33496025665519275
497,Current HI,High,0.6799242424242424,0.4461057343692702
498,Current HI,High,0.9601449275362318,0.26877721833452867
499,Current HI,High,0.7394636015325671,0.4960266282056546
500,Current HI,High,0.8601532567049809,0.37992744935461414
501,Current HI,High,0.8371428571428572,0.3917209727140435
502,Current HI,High,0.8488888888888889,0.5077896983824345
503,Current HI,High,0.7359307359307359,0.5018936303751947
504,Current HI,High,0.8108552631578947,0.46860631987746093
505,Current HI,High,0.6979166666666666,0.5401685563495928
506,Current HI,High,0.7,0.5677147957782386
507,Current HI,High,0.736842105263158,0.4926590570401915
508,Current HI,High,0.6981382978723404,0.466872912717946
509,Current HI,High,0.7720797720797721,0.5503282958368331
510,Current HI,High,0.7634297520661157,0.5442791655070617
511,Current HI,High,0.6723809523809523,0.37432012529083103
512,Current HI,High,0.7797619047619048,0.4074310200527245
513,Current HI,High,0.9685950413223141,0.3747206534335778
514,Current HI,High,0.8416666666666668,0.39464991594461624
515,Current HI,High,0.876984126984127,0.41330276013980444
516,Current HI,High,0.6862745098039216,0.4773460322990077
517,Current HI,High,0.7808823529411765,0.2774373826050064
518,Current HI,High,0.8725490196078431,0.3062764498178312
519,Current HI,High,0.7231404958677686,0.4733664962135625
520,Current HI,High,0.8947368421052632,0.387870457047467
521,Current HI,High,0.6458823529411765,0.6144982248677893
522,Current HI,High,0.7891304347826087,0.44649204859505587
523,Current HI,High,0.917184265010352,0.38892474297759366
524,Current HI,High,0.768025078369906,0.41950336196656035
525,Current HI,High,0.8132352941176471,0.4626429920078205
526,Current HI,High,0.8848039215686274,0.3564239078668701
527,Current HI,High,0.6646266829865362,0.6098678992447041
528,Current HI,High,0.9018087855297158,0.3742411520325082
529,Current HI,High,0.6485260770975056,0.4618873420085202
530,Current HI,High,0.7117647058823529,0.6636909148410758
531,Current HI,High,0.7972972972972974,0.5197567580029481
532,Current HI,High,0.725868725868726,0.39690713949911727
533,Current HI,High,0.640909090909091,0.5542246030720834
534,Current HI,High,0.7820512820512822,0.47739196901773423
535,Current HI,High,0.7544715447154471,0.506516088795779
536,Current HI,High,0.9104116222760291,0.3137120868796399
537,Current HI,High,0.8009049773755657,0.4670667803336841
538,Current HI,High,0.7565217391304349,0.5702690654578955
539,Current HI,High,0.7189849624060152,0.40685472699969394
540,Current HI,High,0.7794117647058822,0.44959712798772905
541,Current HI,High,0.8937728937728937,0.3840049468380181
542,Current HI,High,0.6491228070175439,0.36811001936527826
543,Current HI,High,0.8159757330637007,0.41653280298165524
544,Current HI,High,0.8435897435897436,0.49238516535943094
545,Current HI,High,0.8335373317013464,0.370886429871872
546,Current HI,High,0.7273684210526316,0.40246158375596236
547,Current HI,High,0.61,0.48433184916546707
548,Current HI,High,0.8040865384615384,0.5770225204043204
549,Current HI,High,0.8,0.4699894665736635
550,Current HI,High,0.8191176470588235,0.38487685789075804
551,Current HI,High,0.7777777777777777,0.43520777913499215
552,Current HI,High,0.6845238095238095,0.4923124700817169
553,Current HI,High,0.8693181818181818,0.3504293355868165
554,Current HI,High,0.6938405797101449,0.49134835843834773
555,Current HI,High,0.7902097902097902,0.5248110545083484
556,Current HI,High,0.7642642642642643,0.34044553564020485
557,Current HI,High,0.7083333333333333,0.44157247854414766
558,Current HI,High,0.8456140350877193,0.4549619888302619
559,Current HI,High,0.8333333333333334,0.3090658539873705
560,Current HI,High,0.8208333333333334,0.45200536786628837
561,Current HI,High,0.8336956521739131,0.4590746387054539
562,Current HI,High,0.9166666666666666,0.432101286986133
563,Current HI,High,0.7433035714285714,0.3650748338237564
564,Current HI,High,0.8275401069518717,0.4552829430831209
565,Current HI,High,0.6713709677419355,0.5728990381839875
566,Current HI,High,0.6,0.47115508132172806
567,Current HI,High,0.7013574660633484,0.4942796560533321
568,Current HI,High,0.8270270270270271,0.4400933884930904
569,Current HI,High,0.7467391304347827,0.4701858916480987
570,Current HI,High,0.7857142857142857,0.37378037201667824
571,Current HI,High,0.8458333333333333,0.4882323630579106
572,Current HI,High,0.8739130434782609,0.35392036588631737
573,Current HI,High,0.6876750700280112,0.4842943096950136
574,Current HI,High,0.8191964285714285,0.5180777781859315
575,Current HI,High,0.6912442396313363,0.4543981976799692
576,Current HI,High,0.7006211180124223,0.5029958790341131
577,Current HI,High,0.7864661654135338,0.35465696425793136
578,Current HI,High,0.9005291005291005,0.4083068828007998
579,Current HI,High,0.8634920634920634,0.39040233160110094
580,Current HI,High,0.711484593837535,0.4761042010137407
581,Current HI,High,0.6959247648902822,0.47975027144752697
582,Current HI,High,0.8284313725490196,0.39296283965164674
583,Current HI,High,0.7241847826086957,0.4073264089916406
584,Current HI,High,0.8361344537815126,0.46145634727151247
585,Current HI,High,0.8001508295625942,0.46835985090571186
586,Current HI,High,0.753968253968254,0.3221462630965703
587,Current HI,High,0.7719594594594594,0.48045277481333437
588,Current HI,High,0.8833333333333333,0.5308084308911375
589,Current HI,High,0.7925696594427245,0.4707707526394999
590,Current HI,High,0.8985507246376812,0.4285758310536022
591,Current HI,High,0.5577235772357724,0.36822118541521887
592,Current HI,High,0.8084606345475911,0.46327945945825433
593,Current HI,High,0.7729138166894666,0.49741271171204565
594,Current HI,High,0.741486068111455,0.43087118358316207
595,Current HI,High,0.8206521739130435,0.39696913260644257
596,Current HI,High,0.7462406015037594,0.4244406036494551
597,Current HI,High,0.7049689440993788,0.4066749519456076
598,Current HI,High,0.734827264239029,0.47083596987289666
599,Current HI,High,0.9426666666666668,0.4035174773159545
600,Current HI,High,0.5876068376068375,0.5550902855694213
601,Current HI,High,0.7222222222222221,0.45935996739254714
602,Current HI,High,0.7328125,0.5719986238380452
603,Current HI,High,0.7670454545454546,0.44402651749569844
604,Current HI,High,0.8204334365325078,0.403944502662977
605,Current HI,High,0.5857142857142857,0.657203671899638
606,Current HI,High,0.736111111111111,0.530494358087769
607,Current HI,High,0.7839335180055402,0.4460927950869442
608,Current HI,High,0.8532608695652174,0.5054785633745579
609,Current HI,High,0.8864864864864863,0.41925001650771626
610,Current HI,High,0.7372400756143668,0.41246849657581264
611,Current HI,High,0.7692307692307693,0.36328593133947523
612,Current HI,High,0.850415512465374,0.4584048373390668
613,Current HI,High,0.7569659442724458,0.42657527037536663
614,Current HI,High,0.7791327913279134,0.44876355556977504
615,Current HI,High,0.8314785373608902,0.535489714317315
616,Current HI,High,0.8972222222222223,0.34313768588827914
617,Current HI,High,0.6693766937669376,0.49570825561451015
618,Current HI,High,0.8150000000000001,0.3392499145001307
619,Current HI,High,0.8155844155844155,0.3661840866439015
620,Current HI,High,0.7129186602870814,0.5300291672657722
621,Current HI,High,0.7333333333333334,0.39292693942013845
622,Current HI,High,0.7832817337461302,0.5509716816005938
623,Current HI,High,0.6603174603174603,0.4009698334878192
624,Current HI,High,0.714490674318508,0.522228076619635
625,Current HI,High,0.7596371882086167,0.5403816604760114
626,Current HI,High,0.8,0.44828989992978485
627,Current HI,High,0.7520814061054579,0.4147177978868892
628,Current HI,High,0.7208333333333333,0.4806770778377506
629,Current HI,High,0.638996138996139,0.41993528900538646
630,Current HI,High,0.853030303030303,0.29755847489701776
631,Current HI,High,0.7876344086021505,0.5103567171632879
632,Current HI,High,0.9239766081871345,0.45289247952064543
633,Current HI,High,0.560374149659864,0.44847290057374123
634,Current HI,High,0.7953125000000001,0.48397608572053114
635,Current HI,High,0.7634920634920636,0.48566023052856827
636,Current HI,High,0.7444326617179216,0.5176995369152122
637,Current HI,High,0.7893569844789358,0.6275949625693741
638,Current HI,High,0.8369565217391305,0.47192572807439487
639,Current HI,High,0.6614987080103358,0.5493631347558333
640,Current HI,High,0.8854166666666666,0.4742793707779001
641,Current HI,High,0.6936572199730094,0.4870273681459851
642,Current HI,High,0.8574074074074074,0.529779503466651
643,Current HI,High,0.581989247311828,0.47597993962512597
644,Current HI,High,0.7516666666666667,0.3970394771004501
645,Current HI,High,0.795138888888889,0.35165114901313105
646,Current HI,High,0.6229166666666667,0.4793517765585786
647,Current HI,High,0.5990196078431372,0.62355377541721
648,Current HI,High,0.8529411764705882,0.38613295399344605
649,Current HI,High,0.8323809523809522,0.3917880431465613
650,Current HI,High,0.765625,0.48003619566235867
651,Current HI,High,0.7749999999999999,0.48652102960545834
652,Current HI,High,0.868421052631579,0.3050588240515888
653,Current HI,High,0.835978835978836,0.44693222886660655
654,Current HI,High,0.7754385964912281,0.4392643986364407
655,Current HI,High,0.5912195121951219,0.5542299477718995
656,Current HI,High,0.8731707317073171,0.4038680341186115
657,Current HI,High,0.576923076923077,0.3538542321010906
658,Current HI,High,0.8859180035650625,0.5161026996261383
659,Current HI,High,0.689189189189189,0.4891441106250166
660,Current HI,High,0.685672514619883,0.42090623980242536
661,Current HI,High,0.6876456876456877,0.4881332689336027
662,Current HI,High,0.5435606060606061,0.47708686110078924
663,Current HI,High,0.7327935222672065,0.46845816344148755
664,Current HI,High,0.75,0.5217766094477654
665,Current HI,High,0.6576923076923077,0.40125680890837245
666,Current HI,High,0.841692789968652,0.33065115513264315
667,Current HI,High,0.7999999999999999,0.3743642337517429
668,Current HI,High,0.808130081300813,0.39475555656932915
669,Current HI,High,0.7482142857142857,0.46978279107963816
670,Current HI,High,0.6761517615176151,0.5194736718891824
671,Current HI,High,0.7733887733887733,0.4286735374704537
672,Current HI,High,0.7727272727272727,0.33906335196907417
673,Current HI,High,0.621933621933622,0.5596758678197873
674,Current HI,High,0.6932870370370371,0.4082464804980335
675,Current HI,High,0.8319327731092436,0.4041926361942672
676,Current HI,High,0.8536585365853658,0.43638362921168167
677,Current HI,High,0.8567901234567902,0.34371224648137344
678,Current HI,High,0.7635658914728681,0.4485801547972171
679,Current HI,High,0.8576576576576577,0.4303348735951983
680,Current HI,High,0.9365079365079365,0.3033259363676129
681,Current HI,High,0.8012820512820512,0.3571877343263844
682,Current HI,High,0.7399380804953561,0.4104745473180598
683,Current HI,High,0.8384146341463415,0.4361196206953635
684,Current HI,High,0.7807486631016043,0.43539101592425256
685,Current HI,High,0.784688995215311,0.3492381927659477
686,Current HI,High,0.7564102564102564,0.5443198901079466
687,Current HI,High,0.76875,0.4950339173506158
688,Current HI,High,0.71875,0.5522436341680664
689,Current HI,High,0.645748987854251,0.648518316991588
690,Current HI,High,0.788235294117647,0.5082751877193012
691,Current HI,High,0.6857410881801125,0.3640400761443058
692,Current HI,High,0.7827956989247311,0.43001890929333386
693,Current HI,High,0.8225806451612904,0.4364375520548024
694,Current HI,High,0.68,0.5182361982066502
695,Current HI,High,0.8216783216783217,0.42752145936454455
696,Current HI,High,0.6683006535947713,0.4819656128363212
697,Current HI,High,0.7392857142857143,0.39542091566008203
698,Current HI,High,0.6980645161290322,0.5184892223999783
699,Current HI,High,0.798798798798799,0.36749511364310417
700,Current HI,High,0.8222811671087534,0.4146451559495025
701,Current HI,High,0.7194337194337195,0.574268645622497
702,Current HI,High,0.8327272727272726,0.36516986828708187
703,Current HI,High,0.6956521739130435,0.4694327332538068
704,Current HI,High,0.663888888888889,0.5021076726832574
705,Current HI,High,0.8571428571428571,0.40830222224728746
706,Current HI,High,0.6955736224028908,0.5846889882907335
707,Current HI,High,0.9460227272727273,0.47195320380907985
708,Current HI,High,0.7619047619047619,0.49217144283217895
709,Current HI,High,0.7761904761904763,0.3568397314655596
710,Current HI,High,0.9250493096646942,0.496880208739654
711,Current HI,High,0.7105263157894738,0.5364166536102704
712,Current HI,High,0.7336523125996811,0.49262716424618636
713,Current HI,High,0.8826754385964912,0.4593247755556092
714,Current HI,High,0.7179144385026737,0.48268778073199187
715,Current HI,High,0.7587301587301587,0.4023185066452864
716,Current HI,High,0.7415458937198068,0.30139096143092314
717,Current HI,High,0.7941176470588236,0.38950779821565
718,Current HI,High,0.8531249999999999,0.36104019547277605
719,Current HI,High,0.8465909090909092,0.4646474400043228
720,Current HI,High,0.8125,0.5245706745127023
721,Current HI,High,0.8650406504065041,0.47590351860527047
722,Current HI,High,0.7361319340329835,0.5067479351684808
723,Current HI,High,0.7894288150042625,0.498289402569183
724,Current HI,High,0.7479166666666666,0.4849874145259113
725,Current HI,High,0.7917647058823529,0.4725678323479252
726,Current HI,High,0.7395833333333334,0.40115471406525194
727,Current HI,High,0.7752100840336135,0.4298925100216929
728,Current HI,High,0.8885714285714285,0.522972586390136
729,Current HI,High,0.7366071428571429,0.3909437599475576
730,Current HI,High,0.7694235588972431,0.48518881027769806
731,Current HI,High,0.6903114186851211,0.497238566893173
732,Current HI,High,0.5429951690821256,0.39257636631696063
733,Current HI,High,0.6507936507936508,0.48618834004410494
734,Current HI,High,0.7157894736842105,0.48972194060446617
735,Current HI,High,0.6875,0.48301763764237865
736,Current HI,High,0.9066666666666665,0.4292165674986149
737,Current HI,High,0.7013574660633485,0.4234953696721393
738,Current HI,High,0.7845804988662133,0.416312548990968
739,Current HI,High,0.8976190476190475,0.3730181694638734
740,Current HI,High,0.7059829059829059,0.5402533698463216
741,Current HI,High,0.7576923076923078,0.5446558960767822
742,Current HI,High,0.6573643410852713,0.2728636345685533
743,Current HI,High,0.93125,0.327865517049637
744,Current HI,High,0.7702020202020202,0.4955762449497511
745,Current HI,High,0.7523056653491437,0.48080701888319943
746,Current HI,High,0.825910931174089,0.3066227971564207
747,Current HI,High,0.888888888888889,0.49191735663027253
748,Current HI,High,0.7219512195121952,0.42668109560605366
749,Current HI,High,0.7225225225225225,0.4936583044448194
750,Current HI,High,0.8899430740037951,0.41652861226711907
751,Current HI,High,0.7070707070707071,0.5275235174249343
752,Current HI,High,0.7444444444444445,0.3635423700486572
753,Current HI,High,0.7697368421052632,0.3895765102637592
754,Current HI,High,0.7745098039215687,0.37608482068778026
755,Current HI,High,0.6707818930041152,0.4801679401856649
756,Current HI,High,0.7604166666666667,0.493845636928372
757,Current HI,High,0.8870967741935484,0.40014219233677095
758,Current HI,High,0.8682926829268293,0.41088087316069544
759,Current HI,High,0.783422459893048,0.33299129901078756
760,Current HI,High,0.8806584362139918,0.48473727818004925
761,Current HI,High,0.7083958020989505,0.4590292260162608
762,Current HI,High,0.7366863905325444,0.464033563434201
763,Current HI,High,0.6948529411764707,0.3605555938132063
764,Current HI,High,0.7198879551820728,0.5503718822861503
765,Current HI,High,0.8132992327365729,0.4546287001680502
766,Current HI,High,0.7824675324675324,0.42526180656945717
767,Current HI,High,0.6309523809523809,0.4432166518214817
768,Current HI,High,0.734006734006734,0.5835818625676049
769,Current HI,High,0.8223938223938224,0.41940009223723074
770,Current HI,High,0.7023255813953488,0.3885525820410694
771,Current HI,High,0.6444444444444445,0.5156425179617042
772,Current HI,High,0.788961038961039,0.415868725318255
773,Current HI,High,0.7625160462130937,0.5921341124425176
774,Current HI,High,0.8765625,0.47138368787398427
775,Current HI,High,0.6945812807881775,0.46727686076296626
776,Current HI,High,0.6862745098039217,0.5192115391182707
777,Current HI,High,0.6545209176788125,0.6145966590577774
778,Current HI,High,0.7398373983739838,0.453022380124867
779,Current HI,High,0.6187499999999999,0.5116789331544956
780,Current HI,High,0.8285714285714286,0.5018536885097181
781,Current HI,High,0.7695035460992908,0.484866401031808
782,Current HI,High,0.6761904761904762,0.4821955948983075
783,Current HI,High,0.8035190615835777,0.5231898358391218
784,Current HI,High,0.68359375,0.5316958149218544
785,Current HI,High,0.7717948717948719,0.3377852033595129
786,Current HI,High,0.8539682539682539,0.3915714924608945
787,Current HI,High,0.6680988184747583,0.4231443867631458
788,Current HI,High,0.8135135135135136,0.41026928897635634
789,Current HI,High,0.7800586510263929,0.37564416910428466
790,Current HI,High,0.7946428571428572,0.35583324463622945
791,Current HI,High,0.7915376676986584,0.530123121070326
792,Current HI,High,0.7473404255319149,0.4703820473837133
793,Current HI,High,0.7164835164835164,0.5409561394573456
794,Current HI,High,0.7726829268292682,0.5047458595742954
795,Current HI,High,0.7311827956989247,0.5501913088498672
796,Current HI,High,0.8147321428571429,0.427421924641658
797,Current HI,High,0.6900900900900901,0.6108599703826928
798,Current HI,High,0.9040650406504065,0.3944782866503567
799,Current HI,High,0.7736842105263158,0.4911622732311751
800,Current HI,High,0.703030303030303,0.39950267523865096
801,Current HI,High,0.7927927927927928,0.3340244347867499
802,Current HI,High,0.8126934984520124,0.39308612449746605
803,Current HI,High,0.8783783783783783,0.4433488887334069
804,Current HI,High,0.8074074074074074,0.4938079095438694
805,Current HI,High,0.784,0.4164140683271986
806,Current HI,High,0.6812169312169312,0.38548931303756556
807,Current HI,High,0.7010582010582009,0.5182822888454839
808,Current HI,High,0.7859649122807018,0.43358221863022384
809,Current HI,High,0.8434959349593496,0.5668523153967463
810,Current HI,High,0.686178861788618,0.5914127360607078
811,Current HI,High,0.8441734417344173,0.3724366347201742
812,Current HI,High,0.7659574468085106,0.406151377676351
813,Current HI,High,0.8409090909090909,0.4273221619097015
814,Current HI,High,0.8106060606060606,0.399968446762633
815,Current HI,High,0.7552019583843329,0.44595387195261543
816,Current HI,High,0.6475609756097561,0.4134295969106966
817,Current HI,High,0.8476190476190476,0.39584924073242617
818,Current HI,High,0.8130081300813008,0.4508440998262471
819,Current HI,High,0.6116152450090745,0.5142987858763032
820,Current HI,High,0.9039408866995075,0.3635023273981992
821,Current HI,High,0.6931818181818182,0.4977723913032265
822,Current HI,High,0.7833537331701346,0.38248546099984737
823,Current HI,High,0.7802083333333334,0.546484818108134
824,Current HI,High,0.7618577075098816,0.43405068105759737
825,Current HI,High,0.5890625,0.4933545235403986
826,Current HI,High,0.8484848484848486,0.3904341001833086
827,Current HI,High,0.7161290322580645,0.4834258064244081
828,Current HI,High,0.6766233766233767,0.47357016093757914
829,Current HI,High,0.7670731707317073,0.47294004412315266
830,Current HI,High,0.8461538461538461,0.3086115848040794
831,Current HI,High,0.8148648648648649,0.40322141024471475
832,Current HI,High,0.6742857142857144,0.4488836449694485
833,Current HI,High,0.7950138504155125,0.38692561405547765
834,Current HI,High,0.7580128205128205,0.4206026371019188
835,Current HI,High,0.7473684210526316,0.34439481095558055
836,Current HI,High,0.8523936170212766,0.5081222492350708
837,Current HI,High,0.6790123456790124,0.5748143743559382
838,Current HI,High,0.9405594405594406,0.5541271223301
839,Current HI,High,0.7062499999999999,0.4646841857460637
840,Current HI,High,0.8740740740740742,0.4418638881508521
841,Current HI,High,0.8055555555555555,0.416335316809184
842,Current HI,High,0.7405660377358491,0.37805787360091464
843,Current HI,High,0.80623973727422,0.3150931551925958
844,Current HI,High,0.7630434782608696,0.43399452300890295
845,Current HI,High,0.9291101055806938,0.4291528448150323
846,Current HI,High,0.7413793103448275,0.5457148675479756
847,Current HI,High,0.8256302521008404,0.5769867818671942
848,Current HI,High,0.7893217893217893,0.37832426553253673
849,Current HI,High,0.5990675990675991,0.4841941316513016
850,Current HI,High,0.7095238095238096,0.39839676249965833
851,Current HI,High,0.6785714285714285,0.37237701226861597
852,Current HI,High,0.7447916666666667,0.49378714244611727
853,Current HI,High,0.7059659090909092,0.39373347779743084
854,Current HI,High,0.9078341013824884,0.4603190312421185
855,Current HI,High,0.8138888888888889,0.37137092368419045
856,Current HI,High,0.7006802721088434,0.559229840729958
857,Current HI,High,0.6205128205128204,0.4826184162378466
858,Current HI,High,0.7111801242236025,0.5317640863682436
859,Current HI,High,0.6212121212121212,0.41973592726948267
860,Current HI,High,0.7317487266553481,0.5976411861225284
861,Current HI,High,0.9126984126984127,0.3877753605326384
862,Current HI,High,0.8214285714285714,0.47950820030984104
863,Current HI,High,0.6944444444444444,0.49923246820717626
864,Current HI,High,0.7107750472589792,0.48847481249674696
865,Current HI,High,0.899671052631579,0.42074052244689114
866,Current HI,High,0.7031746031746031,0.46999856425269276
867,Current HI,High,0.7523809523809524,0.4576545298897013
868,Current HI,High,0.8627450980392157,0.30856431552826824
869,Current HI,High,0.7975206611570247,0.526833826107431
870,Current HI,High,0.6834733893557423,0.47042133385583096
871,Current HI,High,0.8115530303030303,0.4942606359242741
872,Current HI,High,0.6345811051693405,0.5843002207142634
873,Current HI,High,0.8432539682539681,0.4527579753325861
874,Current HI,High,0.7777777777777778,0.44984811996388213
875,Current HI,High,0.7615131578947368,0.4016765171985297
876,Current HI,High,0.6397058823529411,0.3940534766168252
877,Current HI,High,0.8400000000000001,0.5171146040933005
878,Current HI,High,0.7055555555555555,0.5318745449178192
879,Current HI,High,0.8303030303030303,0.46653842252631855
880,Current HI,High,0.7858220211161387,0.41424466510426583
881,Current HI,High,0.7579365079365079,0.48181620954513255
882,Current HI,High,0.8713450292397661,0.3926305210956402
883,Current HI,High,0.6903073286052009,0.5474579967266849
884,Current HI,High,0.7680097680097681,0.3545792036081653
885,Current HI,High,0.7236842105263158,0.5682700777422194
886,Current HI,High,0.790909090909091,0.5618961838249759
887,Current HI,High,0.7666666666666666,0.3979891844278881
888,Current HI,High,0.7060606060606062,0.46112090563703256
889,Current HI,High,0.7226666666666667,0.5321066452517235
890,Current HI,High,0.8307692307692307,0.5366209064369372
891,Current HI,High,0.735632183908046,0.4051192971377422
892,Current HI,High,0.735930735930736,0.5011182505513009
893,Current HI,High,0.8349146110056926,0.3886588273337053
894,Current HI,High,0.8217948717948718,0.4546374867374036
895,Current HI,High,0.7483870967741936,0.5374931471867296
896,Current HI,High,0.7847222222222222,0.47287935234668904
897,Current HI,High,0.8567567567567568,0.42903370135336183
898,Current HI,High,0.8250276854928018,0.43305994175410306
899,Current HI,High,0.7420634920634921,0.34964741640628827
900,Current HI,High,0.7923875432525953,0.3773311788363008
901,Current HI,High,0.6033834586466166,0.3716398368369073
902,Current HI,High,0.6875,0.4273278628418749
903,Current HI,High,0.8169934640522876,0.44565537983850667
904,Current HI,High,0.7211302211302211,0.5093094314543949
905,Current HI,High,0.8038720538720538,0.5455675309062527
906,Current HI,High,0.7387820512820513,0.43353734449440945
907,Current HI,High,0.9523809523809524,0.4284829429845211
908,Current HI,High,0.7440476190476191,0.5247130284809889
909,Current HI,High,0.8197767145135566,0.43072068123404433
910,Current HI,High,0.6996996996996998,0.5682403146098514
911,Current HI,High,0.7443181818181819,0.5456760789500605
912,Current HI,High,0.7264957264957266,0.5748576148106402
913,Current HI,High,0.7364341085271318,0.38485300234997005
914,Current HI,High,0.7355623100303952,0.42478512034424964
915,Current HI,High,0.7742424242424243,0.44334959896138204
916,Current HI,High,0.6972222222222222,0.4585167763104909
917,Current HI,High,0.7276507276507276,0.5188072276670832
918,Current HI,High,0.8333333333333334,0.44636316521639735
919,Current HI,High,0.6809269162210339,0.4543517412577849
920,Current HI,High,0.8338709677419355,0.4801516100105434
921,Current HI,High,0.8723404255319149,0.38932791974697106
922,Current HI,High,0.8597402597402597,0.40950782319630386
923,Current HI,High,0.6533333333333333,0.5655618212765071
924,Current HI,High,0.7911111111111112,0.42254735880022626
925,Current HI,High,0.7703488372093024,0.4142190486792543
926,Current HI,High,0.7784679089026915,0.4846920266010229
927,Current HI,High,0.8093093093093093,0.417484818395959
928,Current HI,High,0.8501400560224089,0.5161907778663999
929,Current HI,High,0.9215686274509803,0.43233205179870016
930,Current HI,High,0.8240740740740742,0.38476294250409654
931,Current HI,High,0.7978723404255319,0.4513211896592977
932,Current HI,High,0.7909090909090908,0.49700072895962005
933,Current HI,High,0.719656283566058,0.42689989702325504
934,Current HI,High,0.8490566037735849,0.4554197196646728
935,Current HI,High,0.9464285714285714,0.42505146605151284
936,Current HI,High,0.7877906976744186,0.3622403952537519
937,Current HI,High,0.649624060150376,0.45735634741611797
938,Current HI,High,0.828641370869033,0.500366531501887
939,Current HI,High,0.8346883468834689,0.45888000242138294
940,Current HI,High,0.8152777777777778,0.4215856586259272
941,Current HI,High,0.8257575757575758,0.3541112916052879
942,Current HI,High,0.8302063789868668,0.4815448097209358
943,Current HI,High,0.7220077220077221,0.42529378561527864
944,Current HI,High,0.7252747252747254,0.5078295629118833
945,Current HI,High,0.8207792207792207,0.4736932763306264
946,Current HI,High,0.7828947368421052,0.41298892752480376
947,Current HI,High,0.7542857142857143,0.5649311800350685
948,Current HI,High,0.7796052631578947,0.5981495972439236
949,Current HI,High,0.7678571428571428,0.5305348922935477
950,Current HI,High,0.7352941176470589,0.42497695532963053
951,Current HI,High,0.7362637362637363,0.46768967788206384
952,Current HI,High,0.8251162790697674,0.3391758836575832
953,Current HI,High,0.6576923076923077,0.4892598616302643
954,Current HI,High,0.8333333333333333,0.4937970822893753
955,Current HI,High,0.7987421383647798,0.37374856366029796
956,Current HI,High,0.7626050420168067,0.47359137444782434
957,Current HI,High,0.6074429771908764,0.5150884136267064
958,Current HI,High,0.7702702702702702,0.5264205699602249
959,Current HI,High,0.7741935483870968,0.40020545220455644
960,Current HI,High,0.8047619047619048,0.4683169719962651
961,Current HI,High,0.8486352357320099,0.41377165148474704
962,Current HI,High,0.8193456614509247,0.4633878281198971
963,Current HI,High,0.6777777777777777,0.6564491472373426
964,Current HI,High,0.7884615384615384,0.5263261019594965
965,Current HI,High,0.6826923076923077,0.5366970511095926
966,Current HI,High,0.8709677419354839,0.4110408529129562
967,Current HI,High,0.5720823798627002,0.44500520091941426
968,Current HI,High,0.8579881656804733,0.4654706080067119
969,Current HI,High,0.8648648648648648,0.3663296409641461
970,Current HI,High,0.8229548229548229,0.37051944379952556
971,Current HI,High,0.7168803418803419,0.45722094709554006
972,Current HI,High,0.8259259259259258,0.5053213717203638
973,Current HI,High,0.8418972332015809,0.47637669748385125
974,Current HI,High,0.791919191919192,0.3080799357221589
975,Current HI,High,0.8022875816993464,0.4182423470193527
976,Current HI,High,0.7850098619329389,0.5638893619146388
977,Current HI,High,0.7056277056277056,0.32615468272768894
978,Current HI,High,0.7576719576719576,0.5217345753561872
979,Current HI,High,0.7708333333333334,0.5290133529807683
980,Current HI,High,0.7255813953488373,0.4308046310762838
981,Current HI,High,0.8494271685761047,0.3684454339045336
982,Current HI,High,0.7908045977011493,0.44632759748506157
983,Current HI,High,0.6961805555555556,0.426993965906515
984,Current HI,High,0.6578282828282829,0.44336557587976305
985,Current HI,High,0.9076923076923077,0.48464746983683454
986,Current HI,High,0.8954248366013071,0.42774307612798795
987,Current HI,High,0.7584345479082322,0.35806319573189954
988,Current HI,High,0.8956043956043955,0.28007894247071446
989,Current HI,High,0.7325227963525835,0.3664031109975196
990,Current HI,High,0.7378435517970401,0.3264676595853775
991,Current HI,High,0.9473684210526316,0.33341853854475445
992,Current HI,High,0.826945412311266,0.4111206436305629
993,Current HI,High,0.8485772357723577,0.4593723058050082
994,Current HI,High,0.8181818181818182,0.4137027711839224
995,Current HI,High,0.7910052910052909,0.42243596692918445
996,Current HI,High,0.7686274509803921,0.6198761926415768
997,Current HI,High,0.7950089126559715,0.48703464306156313
998,Current HI,High,0.7155172413793103,0.5058152269731298
999,Current HI,High,0.8146929824561404,0.4509723389236298
1000,Current HI,High,0.6929824561403508,0.38152889384327204
1001,Current HI,High,0.9186507936507937,0.34134114756899375
1002,Current HI,High,0.7003676470588236,0.5591391889667485
1003,Current HI,High,0.8261562998405103,0.4129847480695475
1004,Current HI,High,0.6803977272727273,0.5734769455898768
1005,Current HI,High,0.7500000000000001,0.4671889105813836
1006,Current HI,High,0.7066666666666668,0.3987717694343525
1007,Current HI,High,0.6275862068965516,0.6452732118465861
1008,Current HI,High,0.7804878048780488,0.44432684322075944
1009,Current HI,High,0.7738264580369844,0.5758023746993483
1010,Current HI,High,0.6671195652173912,0.6155489605448881
1011,Current HI,High,0.6842105263157895,0.5294836431511678
1012,Current HI,High,0.7423780487804877,0.44093787869472484
1013,Current HI,High,0.752136752136752,0.370552876999034
1014,Current HI,High,0.7658119658119658,0.43608682841198665
1015,Current HI,High,0.7342047930283224,0.45247941868369873
1016,Current HI,High,0.75,0.40760458765054985
1017,Current HI,High,0.8333333333333334,0.35602327682272134
1018,Current HI,High,0.9099999999999999,0.4554909827891237
1019,Current HI,High,0.6536585365853659,0.5186724944145136
1020,Current HI,High,0.6346749226006192,0.519170982307309
1021,Current HI,High,0.9090909090909092,0.3721243607484064
1022,Current HI,High,0.7021276595744681,0.48409389191723984
1023,Current HI,High,0.7027439024390244,0.5275938768474107
1024,Current HI,High,0.833910034602076,0.3202773920974417
1025,Current HI,High,0.7753623188405797,0.5634068197588845
1026,Current HI,High,0.7127192982456141,0.5646127703125736
1027,Current HI,High,0.9049773755656109,0.44081153292723074
1028,Current HI,High,0.8036465638148668,0.2752110851678316
1029,Current HI,High,0.7790697674418605,0.4462856045997856
1030,Current HI,High,0.8248081841432225,0.42963824188208566
1031,Current HI,High,0.7607142857142857,0.41365920983732435
1032,Current HI,High,0.78328173374613,0.49889484892669445
1033,Current HI,High,0.8643790849673202,0.37147448344005846
1034,Current HI,High,0.6954545454545454,0.42758746668995556
1035,Current HI,High,0.7374999999999999,0.4657898912597398
1036,Current HI,High,0.8431372549019608,0.4552019865778057
1037,Current HI,High,0.6626650660264105,0.42032953867021094
1038,Current HI,High,0.7133699633699635,0.44384270028928346
1039,Current HI,High,0.9591836734693877,0.3382275324661217
1040,Current HI,High,0.6129729729729729,0.5128870258305914
1041,Current HI,High,0.8703007518796992,0.3468787038814859
1042,Current HI,High,0.6816239316239316,0.4520764979818308
1043,Current HI,High,0.8253968253968254,0.37967923324688
1044,Current HI,High,0.8402777777777778,0.3350901063648916
1045,Current HI,High,0.817560975609756,0.44307560347413416
1046,Current HI,High,0.8903508771929824,0.3929152684082098
1047,Current HI,High,0.7076023391812865,0.48857516193938855
1048,Current HI,High,0.6147186147186148,0.5964042690899587
1049,Current HI,High,0.7094017094017094,0.6578010327010153
1050,Current HI,High,0.6671328671328671,0.5562198651226633
1051,Current HI,High,0.7249134948096886,0.495244288104913
1052,Current HI,High,0.7268518518518517,0.6549288951894507
1053,Current HI,High,0.6776315789473684,0.535144701704427
1054,Current HI,High,0.9121447028423773,0.3178676455501649
1055,Current HI,High,0.821078431372549,0.4888807689660971
1056,Current HI,High,0.8694444444444444,0.3653142943215545
1057,Current HI,High,0.5870535714285714,0.5731102319186787
1058,Current HI,High,0.7599486521181001,0.4743897922594385
1059,Current HI,High,0.9104651162790698,0.33994265054490885
1060,Current HI,High,0.7454212454212454,0.42339250177283794
1061,Current HI,High,0.676923076923077,0.3609016363532534
1062,Current HI,High,0.6578947368421052,0.6077707682363156
1063,Current HI,High,0.760233918128655,0.40860742145238577
1064,Current HI,High,0.7777777777777778,0.6079104882044729
1065,Current HI,High,0.6903846153846153,0.4422677865054378
1066,Current HI,High,0.718336483931947,0.46516528499671916
1067,Current HI,High,0.7627906976744185,0.49120513665943727
1068,Current HI,High,0.786628733997155,0.4368800371992991
1069,Current HI,High,0.8333333333333334,0.3850918450837646
1070,Current HI,High,0.6522633744855967,0.5060864649618221
1071,Current HI,High,0.6724137931034482,0.4661498659323422
1072,Current HI,High,0.8756302521008403,0.3117606292615233
1073,Current HI,High,0.7630385487528345,0.43871213715093027
1074,Current HI,High,0.6714975845410628,0.36710763580101313
1075,Current HI,High,0.8308080808080808,0.5168231975079496
1076,Current HI,High,0.7733333333333333,0.49690991858486216
1077,Current HI,High,0.8996138996138996,0.34417779211941635
1078,Current HI,High,0.668918918918919,0.5042995694581066
1079,Current HI,High,0.8064935064935066,0.61793428770148
1080,Current HI,High,0.8235294117647058,0.3830825972257836
1081,Current HI,High,0.7525354969574036,0.426228380170812
1082,Current HI,High,0.7262626262626263,0.4169069101116139
1083,Current HI,High,0.7445378151260504,0.52438413260111
1084,Current HI,High,0.6583333333333334,0.4850143682352899
1085,Current HI,High,0.6927899686520376,0.5336595640737302
1086,Current HI,High,0.8292682926829268,0.45033032671796364
1087,Current HI,High,0.8133903133903134,0.5455991722736383
1088,Current HI,High,0.6756272401433692,0.5079103352598742
1089,Current HI,High,0.7574404761904762,0.49677314843924325
1090,Current HI,High,0.7019230769230769,0.4818998621917262
1091,Current HI,High,0.8465608465608466,0.5000296472608875
1092,Current HI,High,0.8203497615262321,0.5016995631428453
1093,Current HI,High,0.6974789915966386,0.45105532761229084
1094,Current HI,High,0.6407982261640799,0.5147893640096016
1095,Current HI,High,0.7230769230769231,0.5141019406319458
1096,Current HI,High,0.719047619047619,0.4135272527667149
1097,Current HI,High,0.7452830188679246,0.5043569286940708
1098,Current HI,High,0.7605263157894736,0.6080526753916141
1099,Current HI,High,0.7395833333333333,0.5242268618216526
1100,Current HI,High,0.77526395173454,0.45229193937131845
1101,Current HI,High,0.6726342710997443,0.44960674885435453
1102,Current HI,High,0.6559139784946236,0.5515088643675194
1103,Current HI,High,0.8407738095238095,0.47937342699026514
1104,Current HI,High,0.7776315789473685,0.5400265372379741
1105,Current HI,High,0.7080103359173127,0.36817649227869637
1106,Current HI,High,0.9008097165991904,0.44347100854866783
1107,Current HI,High,0.7585825027685493,0.4944004234075249
1108,Current HI,High,0.748792270531401,0.5359968854495383
1109,Current HI,High,0.874762808349146,0.4378259343825735
1110,Current HI,High,0.7553191489361702,0.42492181877798424
1111,Current HI,High,0.8475935828877006,0.4333847269506652
1112,Current HI,High,0.8258928571428571,0.4413885011645841
1113,Current HI,High,0.6509740259740259,0.544192171124112
1114,Current HI,High,0.8032407407407407,0.44107247172773895
1115,Current HI,High,0.7380116959064328,0.5542175579926841
1116,Current HI,High,0.7884615384615384,0.34519558094167674
1117,Current HI,High,0.7450980392156863,0.48171385522679144
1118,Current HI,High,0.8805555555555556,0.3459171251746244
1119,Current HI,High,0.7393162393162394,0.416440222518219
1120,Current HI,High,0.5925925925925926,0.4838430622656426
1121,Current HI,High,0.7477272727272727,0.4015493140554607
1122,Current HI,High,0.5357142857142857,0.5457950448750096
1123,Current HI,High,0.7103896103896105,0.5511551586754604
1124,Current HI,High,0.782051282051282,0.45333099643818886
1125,Current HI,High,0.8340080971659919,0.43846556285230837
1126,Current HI,High,0.7680555555555557,0.540345816507284
1127,Current HI,High,0.8774193548387097,0.32860423716483833
1128,Current HI,High,0.7630718954248366,0.39628871599454873
1129,Current HI,High,0.757085020242915,0.4587575448841101
1130,Current HI,High,0.6449553001277138,0.5090239942865364
1131,Current HI,High,0.7405303030303031,0.40620473480051705
1132,Current HI,High,0.7901785714285714,0.48862212366669744
1133,Current HI,High,0.7091891891891893,0.3857316418709489
1134,Current HI,High,0.6984126984126984,0.513919820101998
1135,Current HI,High,0.953125,0.4760777632639819
1136,Current HI,High,0.6784511784511784,0.46571446611158673
1137,Current HI,High,0.7953667953667954,0.49746832192083656
1138,Current HI,High,0.75,0.3814969704175216
1139,Current HI,High,0.6428571428571429,0.4897263343063429
1140,Current HI,High,0.9427083333333334,0.3901172224269874
1141,Current HI,High,0.7983193277310925,0.4355096284857816
1142,Current HI,High,0.7341176470588235,0.5446359035824846
1143,Current HI,High,0.7970011534025375,0.46163631528803833
1144,Current HI,High,0.7526881720430108,0.3738729923015326
1145,Current HI,High,0.8337595907928388,0.4548414757717257
1146,Current HI,High,0.8011111111111111,0.47955636614416464
1147,Current HI,High,0.8194444444444444,0.46058395205388647
1148,Current HI,High,0.8340080971659919,0.4917211725665567
1149,Current HI,High,0.7119675456389452,0.5218580609791406
1150,Current HI,High,0.7538126361655774,0.43178081530168483
1151,Current HI,High,0.7134238310708899,0.48728095359955176
1152,Current HI,High,0.6782608695652175,0.49382106680964044
1153,Current HI,High,0.826388888888889,0.46425173054634944
1154,Current HI,High,0.7375415282392027,0.39607699655233664
1155,Current HI,High,0.8599605522682445,0.46166934094049
1156,Current HI,High,0.7208672086720866,0.4657456714012435
1157,Current HI,High,0.7287157287157288,0.39204681629400545
1158,Current HI,High,0.7792397660818713,0.3686266680218439
1159,Current HI,High,0.812316715542522,0.523795580904792
1160,Current HI,High,0.7755102040816326,0.4073461700199867
1161,Current HI,High,0.8065015479876161,0.4321161563111072
1162,Current HI,High,0.7104072398190044,0.4376260041337878
1163,Current HI,High,0.763586956521739,0.45259426791773394
1164,Current HI,High,0.7573529411764706,0.46864420931160583
1165,Current HI,High,0.8593023255813954,0.46090758684506794
1166,Current HI,High,0.8020833333333334,0.4775581637503147
1167,Current HI,High,0.7462462462462464,0.40534437727726197
1168,Current HI,High,0.7231884057971015,0.393922170089237
1169,Current HI,High,0.7954022988505747,0.491342162913691
1170,Current HI,High,0.7459677419354839,0.5441074939126929
1171,Current HI,High,0.84472049689441,0.49679898483221646
1172,Current HI,High,0.8402777777777778,0.41744863129406473
1173,Current HI,High,0.9261363636363636,0.3259275908583276
1174,Current HI,High,0.7953216374269005,0.33754297829962365
1175,Current HI,High,0.6956521739130435,0.4963076741101197
1176,Current HI,High,0.7027027027027027,0.5082255156168201
1177,Current HI,High,0.7165178571428572,0.524223215864711
1178,Current HI,High,0.7591463414634146,0.39720707252537313
1179,Current HI,High,0.8727770177838577,0.5178244404574344
1180,Current HI,High,0.7183333333333334,0.5619320981346991
1181,Current HI,High,0.8098039215686275,0.43516360996868125
1182,Current HI,High,0.7493368700265253,0.4747248429138083
1183,Current HI,High,0.5607142857142857,0.6695936810213831
1184,Current HI,High,0.7821637426900585,0.4075618749609807
1185,Current HI,High,0.8947368421052632,0.5067024553627488
1186,Current HI,High,0.8260869565217392,0.35485065583107817
1187,Current HI,High,0.8560606060606061,0.4989509662324816
1188,Current HI,High,0.8283752860411899,0.43382095929413717
1189,Current HI,High,0.7878787878787878,0.48597934362384504
1190,Current HI,High,0.8538011695906432,0.5064919207863635
1191,Current HI,High,0.7482517482517482,0.568751055554365
1192,Current HI,High,0.8026315789473684,0.47192177088276216
1193,Current HI,High,0.793918918918919,0.43490897923756167
1194,Current HI,High,0.6584967320261438,0.5289439671767513
1195,Current HI,High,0.8234234234234235,0.3621198478988476
1196,Current HI,High,0.7747747747747749,0.5146618179341976
1197,Current HI,High,0.7007168458781362,0.4536548311884192
1198,Current HI,High,0.7839506172839507,0.4643762694701118
1199,Current HI,High,0.7655826558265583,0.3865022638779975
1200,Current HI,High,0.7897435897435898,0.5501078713247889
1201,Current HI,High,0.7548076923076924,0.4432276690387053
1202,Current HI,High,0.9375764993880048,0.4207674195067435
1203,Current HI,High,0.7074829931972789,0.40362836857118584
1204,Current HI,High,0.7710144927536232,0.5614297960597932
1205,Current HI,High,0.6020539152759948,0.39326967215193714
1206,Current HI,High,0.59,0.4751116058627541
1207,Current HI,High,0.6465201465201464,0.4668441000219416
1208,Current HI,High,0.7708333333333333,0.381421477042879
1209,Current HI,High,0.8755555555555555,0.5078177766188189
1210,Current HI,High,0.7392857142857142,0.4298309181253429
1211,Current HI,High,0.7422867513611614,0.3977155482052986
1212,Current HI,High,0.7738095238095238,0.41457439749722375
1213,Current HI,High,0.8494809688581315,0.41696958203058265
1214,Current HI,High,0.8099173553719008,0.405214824049227
1215,Current HI,High,0.6706896551724137,0.42310072395257764
1216,Current HI,High,0.7304625199362041,0.33077078823262074
1217,Current HI,High,0.9038461538461539,0.3540655236232985
1218,Current HI,High,0.8197343453510437,0.3034777334396403
1219,Current HI,High,0.7910714285714285,0.3953238104560349
1220,Current HI,High,0.9049773755656109,0.33943412724648286
1221,Current HI,High,0.6875,0.545451154563803
1222,Current HI,High,0.9027777777777778,0.2851871539577679
1223,Current HI,High,0.8717948717948717,0.4827205460641916
1224,Current HI,High,0.7965838509316769,0.5046766742121637
1225,Current HI,High,0.7449392712550608,0.35033940546827175
1226,Current HI,High,0.7245564892623717,0.5202215948554397
1227,Current HI,High,0.7439024390243902,0.3903206479205339
1228,Current HI,High,0.7113237639553429,0.50696881366468
1229,Current HI,High,0.744514106583072,0.5553528321369572
1230,Current HI,High,0.845528455284553,0.38576157075637835
1231,Current HI,High,0.7299145299145298,0.3606199900011325
1232,Current HI,High,0.7307692307692307,0.4041032891490995
1233,Current HI,High,0.7691176470588235,0.3979526325409187
1234,Current HI,High,0.8713235294117647,0.31849178607776696
1235,Current HI,High,0.7431850789096127,0.48656696642027597
1236,Current HI,High,0.7098039215686275,0.39061669319424086
1237,Current HI,High,0.9127659574468086,0.45720525501852305
1238,Current HI,High,0.7061224489795919,0.4866748166152658
1239,Current HI,High,0.7484567901234568,0.48230560721731985
1240,Current HI,High,0.6461538461538462,0.47007264915860186
1241,Current HI,High,0.75177304964539,0.4362179558680674
1242,Current HI,High,0.7138429752066117,0.48627420385176456
1243,Current HI,High,0.7996031746031746,0.4427413326218819
1244,Current HI,High,0.8659420289855073,0.509613625062309
1245,Current HI,High,0.6949891067538125,0.6047213667886807
1246,Current HI,High,0.7314814814814814,0.5148660374081006
1247,Current HI,High,0.7995689655172413,0.38308964319239597
1248,Current HI,High,0.9179331306990881,0.2748539813424897
1249,Current HI,High,0.7441860465116279,0.4661830830780071
1250,Current HI,High,0.7855555555555556,0.4638265621928505
1251,Current HI,High,0.6611721611721613,0.5278075908742245
1252,Current HI,High,0.8190045248868779,0.31348467207619435
1253,Current HI,High,0.8053571428571429,0.35089766697148933
1254,Current HI,High,0.6344537815126051,0.4807888174524418
1255,Current HI,High,0.8181818181818183,0.3499630038661109
1256,Current HI,High,0.79375,0.5249917243622675
1257,Current HI,High,0.6507936507936509,0.5013290831958995
1258,Current HI,High,0.7886904761904763,0.5739851974372676
1259,Current HI,High,0.7238095238095238,0.5479400865951854
1260,Current HI,High,0.8596491228070176,0.515185290673314
1261,Current HI,High,0.6987179487179488,0.5224066690571592
1262,Current HI,High,0.7760180995475113,0.3238901352278796
1263,Current HI,High,0.6862745098039216,0.3364972974975213
1264,Current HI,High,0.7090909090909091,0.6623337099833436
1265,Current HI,High,0.8011363636363635,0.3669439673811271
1266,Current HI,High,0.7942028985507246,0.48485462497619625
1267,Current HI,High,0.6984126984126985,0.4016581627170985
1268,Current HI,High,0.7048076923076924,0.3251579817369848
1269,Current HI,High,0.8630434782608696,0.3604248179135134
1270,Current HI,High,0.7087912087912088,0.49579045447475856
1271,Current HI,High,0.7105263157894737,0.3942204674003716
1272,Current HI,High,0.8109243697478992,0.4641454805115659
1273,Current HI,High,0.8993808049535604,0.3931466979507091
1274,Current HI,High,0.9097560975609756,0.34414664358425767
1275,Current HI,High,0.8095238095238095,0.42847983519538446
1276,Current HI,High,0.7981981981981981,0.49901031646407973
1277,Current HI,High,0.7765957446808511,0.44851566276902477
1278,Current HI,High,0.8617131062951496,0.4397126691776647
1279,Current HI,High,0.7698412698412698,0.41539914970185415
1280,Current HI,High,0.9544592030360531,0.30824446548225454
1281,Current HI,High,0.8236914600550965,0.3349231017804961
1282,Current HI,High,0.8466898954703833,0.3687423421391105
1283,Current HI,High,0.7819865319865319,0.4845205658707257
1284,Current HI,High,0.6867007672634272,0.5043795528684807
1285,Current HI,High,0.7878787878787878,0.350846912884554
1286,Current HI,High,0.7391304347826086,0.37117611453956784
1287,Current HI,High,0.6550868486352357,0.552890821453058
1288,Current HI,High,0.8885448916408668,0.3817951227679432
1289,Current HI,High,0.7738095238095237,0.5096751476984531
1290,Current HI,High,0.6973684210526316,0.38850500755863904
1291,Current HI,High,0.9324324324324325,0.37764211129710623
1292,Current HI,High,0.7311827956989247,0.3715993649140308
1293,Current HI,High,0.6599999999999999,0.3996850834377899
1294,Current HI,High,0.7954545454545454,0.42804095963354194
1295,Current HI,High,0.8615384615384616,0.43627264515150127
1296,Current HI,High,0.699490662139219,0.4072893710348175
1297,Current HI,High,0.7646474677259185,0.49548004080390334
1298,Current HI,High,0.743421052631579,0.4503931911793659
1299,Current HI,High,0.7327044025157233,0.3429065874270222
1300,Current HI,High,0.7704752275025277,0.405893417856327
1301,Current HI,High,0.6944444444444445,0.4304507270919817
1302,Current HI,High,0.6643678160919539,0.4384120292831241
1303,Current HI,High,0.6919191919191918,0.4243581940828939
1304,Current HI,High,0.5975177304964538,0.49083635529648817
1305,Current HI,High,0.8661157024793389,0.4146309705398495
1306,Current HI,High,0.875,0.3893938566247679
1307,Current HI,High,0.8331466965285553,0.48473495139851874
1308,Current HI,High,0.6433637284701115,0.5229236063408557
1309,Current HI,High,0.9075520833333334,0.3808130092204029
1310,Current HI,High,0.8741976893453146,0.3101581711868968
1311,Current HI,High,0.6878306878306879,0.426939515522289
1312,Current HI,High,0.7410256410256411,0.43297472829769346
1313,Current HI,High,0.6145181476846058,0.5515270151526288
1314,Current HI,High,0.5481283422459893,0.6047547060467656
1315,Current HI,High,0.8261904761904763,0.4119684007313923
1316,Current HI,High,0.7901069518716577,0.3779771405079616
1317,Current HI,High,0.8159722222222222,0.43988643051551685
1318,Current HI,High,0.7842809364548495,0.35415680363927116
1319,Current HI,High,0.778,0.4866090317360472
1320,Current HI,High,0.769736842105263,0.4384780082738128
1321,Current HI,High,0.7694444444444445,0.4503075240128009
1322,Current HI,High,0.8817204301075269,0.3284646751814483
1323,Current HI,High,0.8255319148936171,0.4568161830533446
1324,Current HI,High,0.7432432432432432,0.4692277727701058
1325,Current HI,High,0.8555555555555556,0.3330796906174422
1326,Current HI,High,0.7537878787878788,0.2686537657418243
1327,Current HI,High,0.6871794871794873,0.4018878032005915
1328,Current HI,High,0.793918918918919,0.480113670495582
1329,Current HI,High,0.8197674418604651,0.43531762668218094
1330,Current HI,High,0.7380952380952381,0.3706576713441333
1331,Current HI,High,0.7283333333333334,0.5551380230947107
1332,Current HI,High,0.7130434782608696,0.4967186354646738
1333,Current HI,High,0.7703703703703704,0.47808806641902746
1334,Current HI,High,0.577259475218659,0.5032475201673857
1335,Current HI,High,0.7774621212121212,0.5355800864159921
1336,Current HI,High,0.7020202020202021,0.7132646806390055
1337,Current HI,High,0.7779605263157894,0.3909701708473179
1338,Current HI,High,0.783625730994152,0.3907671276219434
1339,Current HI,High,0.8333333333333334,0.4651411595096769
1340,Current HI,High,0.8373071528751753,0.44085220636091277
1341,Current HI,High,0.7045045045045045,0.5339727264713544
1342,Current HI,High,0.7179487179487178,0.5305539823143204
1343,Current HI,High,0.8754578754578753,0.4243641557146048
1344,Current HI,High,0.8012820512820513,0.4110195076440412
1345,Current HI,High,0.7615384615384615,0.44736942968490573
1346,Current HI,High,0.7729831144465291,0.5377508406281426
1347,Current HI,High,0.6815742397137745,0.4719504832318644
1348,Current HI,High,0.7357142857142857,0.45912893531694093
1349,Current HI,High,0.76125,0.440839170243265
1350,Current HI,High,0.6803418803418805,0.46737920600485
1351,Current HI,High,0.6458333333333333,0.5582461585727629
1352,Current HI,High,0.6391129032258065,0.5331001582136924
1353,Current HI,High,0.8727272727272727,0.4362207085704492
1354,Current HI,High,0.7742424242424243,0.4814555322532351
1355,Current HI,High,0.7095761381475668,0.5589379667822393
1356,Current HI,High,0.8431952662721893,0.3595649113694256
1357,Current HI,High,0.7142857142857142,0.4752505898599092
1358,Current HI,High,0.8333333333333334,0.5006590370962651
1359,Current HI,High,0.6428571428571429,0.605938178718462
1360,Current HI,High,0.7804054054054054,0.5467927547087261
1361,Current HI,High,0.6856617647058824,0.5529743206019135
1362,Current HI,High,0.8057142857142857,0.37524441121132945
1363,Current HI,High,0.7168857431749243,0.5899164929565757
1364,Current HI,High,0.7688888888888888,0.5998388276842533
1365,Current HI,High,0.7205673758865248,0.4075744068310566
1366,Current HI,High,0.6632478632478632,0.5338977585176796
1367,Current HI,High,0.73989898989899,0.5380501843748139
1368,Current HI,High,0.9227642276422764,0.34973428968417636
1369,Current HI,High,0.8090737240075615,0.45826609844989064
1370,Current HI,High,0.9178921568627451,0.36073265315849645
1371,Current HI,High,0.7838235294117646,0.5020779764548665
1372,Current HI,High,0.7473684210526316,0.466156610168729
1373,Current HI,High,0.9032679738562092,0.47894148737479614
1374,Current HI,High,0.7161835748792271,0.4406282640095555
1375,Current HI,High,0.7894736842105263,0.44450858717955516
1376,Current HI,High,0.7832167832167833,0.4023190174854061
1377,Current HI,High,0.8326923076923077,0.39730065488544974
1378,Current HI,High,0.8117386489479512,0.31726409548041035
1379,Current HI,High,0.7536057692307693,0.43559188171487
1380,Current HI,High,0.7727272727272727,0.43547163912822995
1381,Current HI,High,0.7058823529411764,0.4613503397488342
1382,Current HI,High,0.6550522648083623,0.42611116797546816
1383,Current HI,High,0.6226851851851852,0.47167571747901
1384,Current HI,High,0.8515037593984962,0.3648487159624726
1385,Current HI,High,0.7511111111111112,0.5737496737972708
1386,Current HI,High,0.7145135566188198,0.3688561566835942
1387,Current HI,High,0.6231884057971014,0.4501515278028786
1388,Current HI,High,0.7034482758620689,0.5049317083697642
1389,Current HI,High,0.9623015873015872,0.3330768699723816
1390,Current HI,High,0.6685144124168515,0.5542154643146847
1391,Current HI,High,0.7958656330749354,0.4635717924014346
1392,Current HI,High,0.680952380952381,0.5687915513805566
1393,Current HI,High,0.8450980392156863,0.3886658689041771
1394,Current HI,High,0.6109625668449198,0.4972273755748497
1395,Current HI,High,0.8648148148148147,0.3246919787341418
1396,Current HI,High,0.9314285714285714,0.42067675134574
1397,Current HI,High,0.868881118881119,0.337493349905339
1398,Current HI,High,0.7174940898345153,0.4988510107038234
1399,Current HI,High,0.9107142857142857,0.3402540849766564
1400,Current HI,High,0.8176100628930818,0.5338241567203065
1401,Current HI,High,0.776969696969697,0.4470340842980185
1402,Current HI,High,0.8621323529411765,0.3498615502421868
1403,Current HI,High,0.8102564102564103,0.5032470554110187
1404,Current HI,High,0.743271221532091,0.3619388147566663
1405,Current HI,High,0.7167832167832169,0.5036239347472684
1406,Current HI,High,0.8264705882352941,0.43119494440101036
1407,Current HI,High,0.876172607879925,0.3409400583747466
1408,Current HI,High,0.6774193548387096,0.48687052664575475
1409,Current HI,High,0.8374269005847954,0.5181839842118569
1410,Current HI,High,0.8362068965517242,0.36849140688140114
1411,Current HI,High,0.7867647058823529,0.43688071614335994
1412,Current HI,High,0.7924242424242425,0.45658791915815033
1413,Current HI,High,0.6542207792207793,0.4186744398934411
1414,Current HI,High,0.6909090909090909,0.4897872560086781
1415,Current HI,High,0.8413461538461539,0.3782119065342959
1416,Current HI,High,0.7777777777777778,0.40199437243013963
1417,Current HI,High,0.7769230769230769,0.4548437416305507
1418,Current HI,High,0.8073529411764706,0.4213562421357774
1419,Current HI,High,0.84593837535014,0.4354645425831607
1420,Current HI,High,0.7883720930232558,0.4967638970442496
1421,Current HI,High,0.7941176470588236,0.4637354908239801
1422,Current HI,High,0.7743055555555556,0.4147921029199033
1423,Current HI,High,0.8782608695652173,0.3685136691875728
1424,Current HI,High,0.8180147058823529,0.4430323027704416
1425,Current HI,High,0.7727272727272727,0.4208760046268788
1426,Current HI,High,0.8922413793103449,0.421289678156384
1427,Current HI,High,0.6982456140350877,0.5048624790116263
1428,Current HI,High,0.7339181286549707,0.48764719484549385
1429,Current HI,High,0.8204545454545454,0.42568146250009786
1430,Current HI,High,0.6210526315789474,0.5443150498907448
1431,Current HI,High,0.7818181818181817,0.5406960705263765
1432,Current HI,High,0.8,0.4181992649911905
1433,Current HI,High,0.7136752136752137,0.4459527599666129
1434,Current HI,High,0.7857142857142858,0.5271030995572471
1435,Current HI,High,0.7911184210526315,0.4889740545258948
1436,Current HI,High,0.7668997668997669,0.40047375500962973
1437,Current HI,High,0.7660256410256411,0.4260769699225253
1438,Current HI,High,0.6943181818181817,0.48810365035926495
1439,Current HI,High,0.7759259259259257,0.4421025258414601
1440,Current HI,High,0.7090620031796502,0.42949514359877694
1441,Current HI,High,0.7657142857142858,0.5444285040349872
1442,Current HI,High,0.796875,0.3897656287718516
1443,Current HI,High,0.761904761904762,0.3914495573675218
1444,Current HI,High,0.8791208791208792,0.5076987685930302
1445,Current HI,High,0.7828054298642534,0.3732379480752665
1446,Current HI,High,0.8214285714285714,0.40584205830864106
1447,Current HI,High,0.8418367346938775,0.3569341193617409
1448,Current HI,High,0.7705627705627707,0.4555022340280136
1449,Current HI,High,0.8989547038327527,0.27148902688672416
1450,Current HI,High,0.6497695852534563,0.38115909177560775
1451,Current HI,High,0.7725490196078432,0.46627760922995737
1452,Current HI,High,0.6160714285714286,0.4795719951894701
1453,Current HI,High,0.8441558441558442,0.3745826021107283
1454,Current HI,High,0.75,0.4530654701887312
1455,Current HI,High,0.6323529411764707,0.6752478405118629
1456,Current HI,High,0.8078947368421052,0.36884425021571393
1457,Current HI,High,0.8839869281045752,0.4640130915714762
1458,Current HI,High,0.777027027027027,0.42267084365765095
1459,Current HI,High,0.6430020283975659,0.5007882693577144
1460,Current HI,High,0.7558528428093646,0.39379610803379894
1461,Current HI,High,0.7352941176470589,0.39767200629294586
1462,Current HI,High,0.8981693363844394,0.43070184498749076
1463,Current HI,High,0.7523809523809523,0.5435442591869274
1464,Current HI,High,0.6913043478260871,0.6530788989845115
1465,Current HI,High,0.7133620689655173,0.5572446055719011
1466,Current HI,High,0.7327898550724636,0.45593805731719883
1467,Current HI,High,0.8608534322820037,0.4694538925099668
1468,Current HI,High,0.7333333333333334,0.5255736322476869
1469,Current HI,High,0.768421052631579,0.4111674986318694
1470,Current HI,High,0.8151260504201681,0.46922024743705765
1471,Current HI,High,0.7073170731707318,0.43747014795817335
1472,Current HI,High,0.7492163009404389,0.40783645366811405
1473,Current HI,High,0.859375,0.42048327158018417
1474,Current HI,High,0.6944444444444445,0.5475630297445833
1475,Current HI,High,0.7362804878048781,0.4682011465752014
1476,Current HI,High,0.8020833333333334,0.39270909848966473
1477,Current HI,High,0.8928571428571428,0.308399953759348
1478,Current HI,High,0.8412698412698413,0.4037200473735013
1479,Current HI,High,0.7346491228070176,0.4163577599629786
1480,Current HI,High,0.7936046511627907,0.4398867314528391
1481,Current HI,High,0.79125,0.4756482800503401
1482,Current HI,High,0.7615384615384616,0.47172210069265275
1483,Current HI,High,0.8319327731092437,0.5287892585794518
1484,Current HI,High,0.7703349282296651,0.5890018899981689
1485,Current HI,High,0.7060491493383743,0.4667583391870414
1486,Current HI,High,0.887218045112782,0.36394258495993986
1487,Current HI,High,0.6994328922495274,0.422230282022081
1488,Current HI,High,0.6856856856856858,0.5208177868834483
1489,Current HI,High,0.7580213903743316,0.5202633492772736
1490,Current HI,High,0.8262626262626263,0.462730489742562
1491,Current HI,High,0.8279411764705882,0.5345108665720565
1492,Current HI,High,0.787878787878788,0.5596152090721046
1493,Current HI,High,0.8699324324324325,0.328288208725708
1494,Current HI,High,0.8221343873517787,0.3989405450574683
1495,Current HI,High,0.6363636363636364,0.4658432507967221
1496,Current HI,High,0.7348178137651822,0.4014100204010866
1497,Current HI,High,0.743801652892562,0.469339050063533
1498,Current HI,High,0.6564102564102563,0.3482029925413897
1499,Current HI,High,0.7515527950310559,0.43198773557344194
0,Visit interval,≤10 weeks,0.8934729064039408,0.3821749089121647
1,Visit interval,≤10 weeks,0.9248251748251748,0.39542405714942275
2,Visit interval,≤10 weeks,0.8703703703703703,0.45258818867383466
3,Visit interval,≤10 weeks,0.9131868131868132,0.5014506427630768
4,Visit interval,≤10 weeks,0.9098639455782314,0.4517962412056078
5,Visit interval,≤10 weeks,0.9046941678520626,0.408699438655487
6,Visit interval,≤10 weeks,0.8874010955569082,0.4508945660159886
7,Visit interval,≤10 weeks,0.8556005398110661,0.4651701912504683
8,Visit interval,≤10 weeks,0.9087837837837838,0.4475657274347598
9,Visit interval,≤10 weeks,0.9407467532467533,0.41110968926103536
10,Visit interval,≤10 weeks,0.8631239935587762,0.5047138300893141
11,Visit interval,≤10 weeks,0.9239189928845101,0.4320357738982165
12,Visit interval,≤10 weeks,0.9183673469387754,0.4801638890432307
13,Visit interval,≤10 weeks,0.9362745098039216,0.4114053549622418
14,Visit interval,≤10 weeks,0.8634408602150537,0.430854820029049
15,Visit interval,≤10 weeks,0.8385794995964487,0.4583643128844536
16,Visit interval,≤10 weeks,0.9572230014025245,0.3820930542430746
17,Visit interval,≤10 weeks,0.9106606606606608,0.43292205973251263
18,Visit interval,≤10 weeks,0.9086538461538461,0.48731215693240315
19,Visit interval,≤10 weeks,0.9121915820029028,0.47713723574954414
20,Visit interval,≤10 weeks,0.8171875,0.44766210887482477
21,Visit interval,≤10 weeks,0.876750700280112,0.43412770582561405
22,Visit interval,≤10 weeks,0.8752913752913752,0.47736245235881325
23,Visit interval,≤10 weeks,0.8985411140583555,0.45123768178959317
24,Visit interval,≤10 weeks,0.9516483516483517,0.4183784274117677
25,Visit interval,≤10 weeks,0.918918918918919,0.44598770865912335
26,Visit interval,≤10 weeks,0.939799331103679,0.38423816726204935
27,Visit interval,≤10 weeks,0.9577922077922078,0.35618006447760664
28,Visit interval,≤10 weeks,0.821551724137931,0.45558975277542796
29,Visit interval,≤10 weeks,0.923076923076923,0.3993854150230256
30,Visit interval,≤10 weeks,0.918452380952381,0.43583762664283326
31,Visit interval,≤10 weeks,0.9501854795972443,0.4183913134381961
32,Visit interval,≤10 weeks,0.9328703703703702,0.4761068317051439
33,Visit interval,≤10 weeks,0.9597222222222223,0.5307635183737834
34,Visit interval,≤10 weeks,0.9339419978517722,0.4152872585561066
35,Visit interval,≤10 weeks,0.9338942307692308,0.3921170065279115
36,Visit interval,≤10 weeks,0.8855345911949686,0.4283670961029582
37,Visit interval,≤10 weeks,0.9135,0.5050499609633492
38,Visit interval,≤10 weeks,0.9285714285714285,0.4518744555536978
39,Visit interval,≤10 weeks,0.8895833333333334,0.43123085977814274
40,Visit interval,≤10 weeks,0.907967032967033,0.4295826732809906
41,Visit interval,≤10 weeks,0.8630952380952381,0.5387065134695281
42,Visit interval,≤10 weeks,0.9111111111111111,0.452735841604604
43,Visit interval,≤10 weeks,0.9271255060728745,0.46571549280759666
44,Visit interval,≤10 weeks,0.928921568627451,0.3528605628245853
45,Visit interval,≤10 weeks,0.9306326304106548,0.4457109065415589
46,Visit interval,≤10 weeks,0.9222222222222222,0.41301172836070127
47,Visit interval,≤10 weeks,0.9018181818181819,0.44522548318867317
48,Visit interval,≤10 weeks,0.9138047138047138,0.4552619366941194
49,Visit interval,≤10 weeks,0.9571759259259259,0.40123153174331777
50,Visit interval,≤10 weeks,0.9380787037037036,0.4878085073203712
51,Visit interval,≤10 weeks,0.9175824175824175,0.4306932022756098
52,Visit interval,≤10 weeks,0.8657342657342657,0.45575481110861915
53,Visit interval,≤10 weeks,0.9265873015873016,0.3701972168686635
54,Visit interval,≤10 weeks,0.8795698924731182,0.5202974012233335
55,Visit interval,≤10 weeks,0.9183098591549296,0.4640132462069271
56,Visit interval,≤10 weeks,0.9023125996810207,0.5070791949172619
57,Visit interval,≤10 weeks,0.8828892005610098,0.4885375822068678
58,Visit interval,≤10 weeks,0.9366459627329192,0.39924300516970757
59,Visit interval,≤10 weeks,0.9303201506591338,0.4338532699295987
60,Visit interval,≤10 weeks,0.8028985507246377,0.48945291685769515
61,Visit interval,≤10 weeks,0.9078947368421052,0.44966892279326764
62,Visit interval,≤10 weeks,0.9300275482093663,0.4279504214560527
63,Visit interval,≤10 weeks,0.948989898989899,0.4137115792632725
64,Visit interval,≤10 weeks,0.8883861236802413,0.38410691119639073
65,Visit interval,≤10 weeks,0.9278499278499279,0.47072549818959886
66,Visit interval,≤10 weeks,0.9543269230769231,0.47388232884178233
67,Visit interval,≤10 weeks,0.9038231780167264,0.4653515805237903
68,Visit interval,≤10 weeks,0.8290854572713643,0.45120309670814124
69,Visit interval,≤10 weeks,0.9222333000997008,0.4825964730742711
70,Visit interval,≤10 weeks,0.8655660377358491,0.4843200035729588
71,Visit interval,≤10 weeks,0.9204545454545454,0.40714317254920535
72,Visit interval,≤10 weeks,0.9252271139063591,0.4904309495556733
73,Visit interval,≤10 weeks,0.8282025819265144,0.46598285844302645
74,Visit interval,≤10 weeks,0.89272030651341,0.5105325079825873
75,Visit interval,≤10 weeks,0.9248511904761905,0.4536729901717154
76,Visit interval,≤10 weeks,0.9071428571428571,0.5618739421654448
77,Visit interval,≤10 weeks,0.9067796610169492,0.45028701847829183
78,Visit interval,≤10 weeks,0.9381752701080432,0.449550784179051
79,Visit interval,≤10 weeks,0.9089026915113871,0.4724917466350851
80,Visit interval,≤10 weeks,0.868840579710145,0.4325170412757872
81,Visit interval,≤10 weeks,0.87468671679198,0.5045103286020011
82,Visit interval,≤10 weeks,0.8840048840048841,0.4800832031998786
83,Visit interval,≤10 weeks,0.9,0.4511967510498096
84,Visit interval,≤10 weeks,0.9168443496801706,0.4730657644066819
85,Visit interval,≤10 weeks,0.9315886134067952,0.45421840158926513
86,Visit interval,≤10 weeks,0.9423076923076923,0.41039455842098443
87,Visit interval,≤10 weeks,0.9574603174603175,0.4131429955175723
88,Visit interval,≤10 weeks,0.9815695600475625,0.3779898889428453
89,Visit interval,≤10 weeks,0.9079025549613785,0.414856800596303
90,Visit interval,≤10 weeks,0.9081790123456791,0.5069106268705326
91,Visit interval,≤10 weeks,0.8026124818577649,0.4930778248150428
92,Visit interval,≤10 weeks,0.8412698412698413,0.4887575275337832
93,Visit interval,≤10 weeks,0.9225494150867285,0.38272314844992406
94,Visit interval,≤10 weeks,0.8325925925925926,0.43452825236220466
95,Visit interval,≤10 weeks,0.8277777777777777,0.5295797208359156
96,Visit interval,≤10 weeks,0.96,0.44700486336323
97,Visit interval,≤10 weeks,0.9559523809523809,0.38095598356552385
98,Visit interval,≤10 weeks,0.9535936615732882,0.41073597824417196
99,Visit interval,≤10 weeks,0.9586419753086419,0.33682024130588933
100,Visit interval,≤10 weeks,0.9101479915433405,0.49068561443034175
101,Visit interval,≤10 weeks,0.9589743589743589,0.4404234737685812
102,Visit interval,≤10 weeks,0.9582618639222412,0.4597777069762909
103,Visit interval,≤10 weeks,0.9470649895178197,0.451669461545925
104,Visit interval,≤10 weeks,0.8970125786163523,0.48350284297768553
105,Visit interval,≤10 weeks,0.8880494505494506,0.40527662461696556
106,Visit interval,≤10 weeks,0.8382352941176471,0.5861625981022482
107,Visit interval,≤10 weeks,0.8833071690214547,0.4954667419779188
108,Visit interval,≤10 weeks,0.8564516129032258,0.5335036221695011
109,Visit interval,≤10 weeks,0.9665570175438596,0.4100656818234187
110,Visit interval,≤10 weeks,0.8829629629629631,0.5233850570735789
111,Visit interval,≤10 weeks,0.9297052154195011,0.45974311586900984
112,Visit interval,≤10 weeks,0.9051627384960719,0.4318193413018056
113,Visit interval,≤10 weeks,0.8598484848484848,0.4263644547793086
114,Visit interval,≤10 weeks,0.9046717171717172,0.4355353005561756
115,Visit interval,≤10 weeks,0.88881069669247,0.4671443367808901
116,Visit interval,≤10 weeks,0.8248780487804879,0.5141331290644069
117,Visit interval,≤10 weeks,0.8837803320561941,0.4145190440122037
118,Visit interval,≤10 weeks,0.9840909090909091,0.3433593133558928
119,Visit interval,≤10 weeks,0.9238544474393531,0.4522796814123737
120,Visit interval,≤10 weeks,0.9474137931034483,0.4296876768484209
121,Visit interval,≤10 weeks,0.9042553191489362,0.4565313022648179
122,Visit interval,≤10 weeks,0.922266139657444,0.48596161732994686
123,Visit interval,≤10 weeks,0.8812415654520918,0.5330396230764037
124,Visit interval,≤10 weeks,0.8463356973995272,0.5082402306724328
125,Visit interval,≤10 weeks,0.9364435429344152,0.4819473943639553
126,Visit interval,≤10 weeks,0.9032062915910466,0.4989681118010506
127,Visit interval,≤10 weeks,0.9332210998877666,0.42917044465457743
128,Visit interval,≤10 weeks,0.9202380952380952,0.4876238209813783
129,Visit interval,≤10 weeks,0.9567251461988304,0.4336726852471852
130,Visit interval,≤10 weeks,0.9363363363363364,0.4762825875228153
131,Visit interval,≤10 weeks,0.9179548156956004,0.4737192380685558
132,Visit interval,≤10 weeks,0.9033264033264035,0.4843821365663603
133,Visit interval,≤10 weeks,0.9294871794871795,0.41662734522533224
134,Visit interval,≤10 weeks,0.892094017094017,0.4866409029004725
135,Visit interval,≤10 weeks,0.8272058823529412,0.46302591083339417
136,Visit interval,≤10 weeks,0.867741935483871,0.5368199417005339
137,Visit interval,≤10 weeks,0.9528172240036648,0.4658450832038634
138,Visit interval,≤10 weeks,0.9681712962962964,0.4102988620403907
139,Visit interval,≤10 weeks,0.9000000000000001,0.45429889934772205
140,Visit interval,≤10 weeks,0.8567567567567568,0.455364094155994
141,Visit interval,≤10 weeks,0.8569023569023569,0.4325365699842462
142,Visit interval,≤10 weeks,0.9213362068965517,0.4512398028085704
143,Visit interval,≤10 weeks,0.814484126984127,0.46037576767553823
144,Visit interval,≤10 weeks,0.894393741851369,0.4720666627425026
145,Visit interval,≤10 weeks,0.9356725146198831,0.41258909314662934
146,Visit interval,≤10 weeks,0.8913207547169811,0.4809815913694216
147,Visit interval,≤10 weeks,0.8700980392156863,0.5191962232431409
148,Visit interval,≤10 weeks,0.92,0.49146626890818046
149,Visit interval,≤10 weeks,0.9025,0.45358944004621904
150,Visit interval,≤10 weeks,0.9321428571428572,0.38935530987562184
151,Visit interval,≤10 weeks,0.8726190476190477,0.5025357821561861
152,Visit interval,≤10 weeks,0.8130177514792899,0.4999963823880415
153,Visit interval,≤10 weeks,0.9064935064935066,0.4581285624644331
154,Visit interval,≤10 weeks,0.9320987654320988,0.45564572295312733
155,Visit interval,≤10 weeks,0.936050156739812,0.4111403458734997
156,Visit interval,≤10 weeks,0.8968253968253969,0.5060066150163798
157,Visit interval,≤10 weeks,0.92375,0.3455737588622508
158,Visit interval,≤10 weeks,0.9450610432852385,0.4424443769150582
159,Visit interval,≤10 weeks,0.8027065527065528,0.4869059042426903
160,Visit interval,≤10 weeks,0.8792270531400965,0.4847915624454117
161,Visit interval,≤10 weeks,0.8901515151515151,0.4101103210893077
162,Visit interval,≤10 weeks,0.8164251207729469,0.4936490960435143
163,Visit interval,≤10 weeks,0.8940860215053764,0.5215395140440986
164,Visit interval,≤10 weeks,0.9308176100628931,0.40585773440362855
165,Visit interval,≤10 weeks,0.9473985134362493,0.3842565796814681
166,Visit interval,≤10 weeks,0.9440524193548387,0.4281344951121746
167,Visit interval,≤10 weeks,0.8475215517241379,0.4432442499895224
168,Visit interval,≤10 weeks,0.9468902865129281,0.38883576324117364
169,Visit interval,≤10 weeks,0.928099173553719,0.4101011996522103
170,Visit interval,≤10 weeks,0.8916666666666667,0.4522464456777003
171,Visit interval,≤10 weeks,0.9004329004329004,0.41547831629834525
172,Visit interval,≤10 weeks,0.9411764705882353,0.4300013597625137
173,Visit interval,≤10 weeks,0.9418367346938775,0.49438121527546863
174,Visit interval,≤10 weeks,0.8858173076923076,0.45621016952906424
175,Visit interval,≤10 weeks,0.9008941877794336,0.37310043151717115
176,Visit interval,≤10 weeks,0.9500520291363164,0.4418372923229872
177,Visit interval,≤10 weeks,0.8214285714285714,0.4287261616856534
178,Visit interval,≤10 weeks,0.8406084656084656,0.5173027491439083
179,Visit interval,≤10 weeks,0.9455782312925171,0.418835853524949
180,Visit interval,≤10 weeks,0.928526645768025,0.5359814418578197
181,Visit interval,≤10 weeks,0.9202380952380953,0.43392139370764365
182,Visit interval,≤10 weeks,0.9073863636363637,0.4617792314502728
183,Visit interval,≤10 weeks,0.8538461538461538,0.4212809984999811
184,Visit interval,≤10 weeks,0.9567213114754097,0.4136984056406096
185,Visit interval,≤10 weeks,0.9113333333333334,0.41436030062487045
186,Visit interval,≤10 weeks,0.9744897959183674,0.407466754155453
187,Visit interval,≤10 weeks,0.937873357228196,0.44494570718322035
188,Visit interval,≤10 weeks,0.9124487004103967,0.49854061426491575
189,Visit interval,≤10 weeks,0.8708333333333333,0.4679524889343707
190,Visit interval,≤10 weeks,0.9399524375743163,0.4330777377709561
191,Visit interval,≤10 weeks,0.8312056737588653,0.5385553337256485
192,Visit interval,≤10 weeks,0.9318181818181818,0.42442317821944064
193,Visit interval,≤10 weeks,0.926510989010989,0.4756719217105725
194,Visit interval,≤10 weeks,0.9289473684210526,0.3938866486103108
195,Visit interval,≤10 weeks,0.9057539682539683,0.4786663115366924
196,Visit interval,≤10 weeks,0.9444444444444444,0.4171570837003256
197,Visit interval,≤10 weeks,0.858610567514677,0.5141319981373625
198,Visit interval,≤10 weeks,0.9030552291421856,0.4623948558744424
199,Visit interval,≤10 weeks,0.9235002751788663,0.4331861546136377
200,Visit interval,≤10 weeks,0.8587096774193548,0.5380718508646873
201,Visit interval,≤10 weeks,0.9203296703296704,0.4538761222732644
202,Visit interval,≤10 weeks,0.8656047784967645,0.3923510609793308
203,Visit interval,≤10 weeks,0.9416666666666667,0.4252374150733421
204,Visit interval,≤10 weeks,0.9273399014778325,0.4034479849679716
205,Visit interval,≤10 weeks,0.8885714285714286,0.4460719394448968
206,Visit interval,≤10 weeks,0.9058064516129032,0.4973454890706169
207,Visit interval,≤10 weeks,0.8961538461538462,0.4406944559916354
208,Visit interval,≤10 weeks,0.910909090909091,0.42119860722695895
209,Visit interval,≤10 weeks,0.942528735632184,0.48523891439956
210,Visit interval,≤10 weeks,0.8469910371318823,0.4658228056911542
211,Visit interval,≤10 weeks,0.8915032679738562,0.47462675059411225
212,Visit interval,≤10 weeks,0.9285714285714285,0.4182808272772272
213,Visit interval,≤10 weeks,0.8937048503611972,0.42008227891587124
214,Visit interval,≤10 weeks,0.9304347826086956,0.39350633038185034
215,Visit interval,≤10 weeks,0.9387626262626263,0.4589617039916753
216,Visit interval,≤10 weeks,0.872960372960373,0.5519537515618276
217,Visit interval,≤10 weeks,0.847741935483871,0.4865646452464003
218,Visit interval,≤10 weeks,0.8654377880184332,0.5610446600647854
219,Visit interval,≤10 weeks,0.8887043189368771,0.5691249947286197
220,Visit interval,≤10 weeks,0.9,0.4714516832578299
221,Visit interval,≤10 weeks,0.9070197044334976,0.502180556099322
222,Visit interval,≤10 weeks,0.8818181818181818,0.47194781910161737
223,Visit interval,≤10 weeks,0.8737142857142857,0.4307724669905179
224,Visit interval,≤10 weeks,0.9326697892271663,0.4777088620570573
225,Visit interval,≤10 weeks,0.86843853820598,0.48796104930562395
226,Visit interval,≤10 weeks,0.8952941176470589,0.44181618682886103
227,Visit interval,≤10 weeks,0.9231770833333334,0.5047826226651285
228,Visit interval,≤10 weeks,0.9408602150537635,0.4268826566403133
229,Visit interval,≤10 weeks,0.8743279569892474,0.48216902844345766
230,Visit interval,≤10 weeks,0.9055080721747388,0.4355344915385569
231,Visit interval,≤10 weeks,0.9296875,0.4362097844680389
232,Visit interval,≤10 weeks,0.8323809523809523,0.4513639420688887
233,Visit interval,≤10 weeks,0.8207407407407408,0.48098895749732906
234,Visit interval,≤10 weeks,0.8919811320754716,0.4273949176303305
235,Visit interval,≤10 weeks,0.8826388888888889,0.49598619987405346
236,Visit interval,≤10 weeks,0.88875,0.45570621657834054
237,Visit interval,≤10 weeks,0.9616161616161616,0.4122943804114367
238,Visit interval,≤10 weeks,0.9153061224489796,0.49162347885993457
239,Visit interval,≤10 weeks,0.9724999999999999,0.34681038996533764
240,Visit interval,≤10 weeks,0.915625,0.4405256368087924
241,Visit interval,≤10 weeks,0.8904761904761905,0.4540898656355957
242,Visit interval,≤10 weeks,0.8448275862068965,0.4637854796627479
243,Visit interval,≤10 weeks,0.9280487804878048,0.5017834681146646
244,Visit interval,≤10 weeks,0.939453125,0.46226546492093873
245,Visit interval,≤10 weeks,0.9421383647798742,0.4539696133242641
246,Visit interval,≤10 weeks,0.8940476190476191,0.41076542881235784
247,Visit interval,≤10 weeks,0.916256157635468,0.4246109791740274
248,Visit interval,≤10 weeks,0.9138755980861244,0.38440013959631086
249,Visit interval,≤10 weeks,0.8824833702882483,0.49723234421941404
250,Visit interval,≤10 weeks,0.836660617059891,0.4586508425712082
251,Visit interval,≤10 weeks,0.8204081632653061,0.5530698832483609
252,Visit interval,≤10 weeks,0.8458498023715415,0.45954756146284825
253,Visit interval,≤10 weeks,0.9585858585858585,0.433496211772484
254,Visit interval,≤10 weeks,0.9367521367521366,0.4701682860810292
255,Visit interval,≤10 weeks,0.8778073848496384,0.423135658646344
256,Visit interval,≤10 weeks,0.8688644688644689,0.513031333212411
257,Visit interval,≤10 weeks,0.9088669950738916,0.3954096666136088
258,Visit interval,≤10 weeks,0.8660477453580901,0.46702242385159926
259,Visit interval,≤10 weeks,0.963314358001265,0.41392534863650166
260,Visit interval,≤10 weeks,0.9216674301420065,0.42362270478894876
261,Visit interval,≤10 weeks,0.9393757503001201,0.39966344901424133
262,Visit interval,≤10 weeks,0.9183438757906844,0.46784468322465206
263,Visit interval,≤10 weeks,0.9136507936507937,0.4436181192856034
264,Visit interval,≤10 weeks,0.9339774557165861,0.4666829777850846
265,Visit interval,≤10 weeks,0.9445970695970696,0.3771864051386582
266,Visit interval,≤10 weeks,0.8898776418242491,0.4820543562927812
267,Visit interval,≤10 weeks,0.8928571428571428,0.4885100042648308
268,Visit interval,≤10 weeks,0.9033018867924528,0.4996076395683658
269,Visit interval,≤10 weeks,0.9830043859649124,0.379157038891074
270,Visit interval,≤10 weeks,0.842042042042042,0.5237546614642546
271,Visit interval,≤10 weeks,0.9225589225589226,0.43621303440962206
272,Visit interval,≤10 weeks,0.9350961538461537,0.48810528926462504
273,Visit interval,≤10 weeks,0.9303599374021909,0.4359086551983264
274,Visit interval,≤10 weeks,0.9148073022312373,0.4341208140510272
275,Visit interval,≤10 weeks,0.9630541871921183,0.41474227306664196
276,Visit interval,≤10 weeks,0.9376299376299376,0.43051007667171287
277,Visit interval,≤10 weeks,0.8663967611336032,0.4658568761307928
278,Visit interval,≤10 weeks,0.9573333333333334,0.40640214918045975
279,Visit interval,≤10 weeks,0.8723532970356926,0.49917179367962183
280,Visit interval,≤10 weeks,0.8907161803713528,0.4299179973864488
281,Visit interval,≤10 weeks,0.8623949579831933,0.5008624522175495
282,Visit interval,≤10 weeks,0.9382940108892922,0.4414232427657197
283,Visit interval,≤10 weeks,0.9531914893617021,0.40988952575771315
284,Visit interval,≤10 weeks,0.8655394524959742,0.5419886247630193
285,Visit interval,≤10 weeks,0.921474358974359,0.3777749775157238
286,Visit interval,≤10 weeks,0.8802521008403361,0.48569930852546805
287,Visit interval,≤10 weeks,0.9107939339875112,0.4897500923678645
288,Visit interval,≤10 weeks,0.8432971014492754,0.5223508834289858
289,Visit interval,≤10 weeks,0.9114058355437666,0.455082057336177
290,Visit interval,≤10 weeks,0.8800599700149925,0.3966102344949152
291,Visit interval,≤10 weeks,0.8602693602693602,0.4947779238632141
292,Visit interval,≤10 weeks,0.9451754385964912,0.41250694203016197
293,Visit interval,≤10 weeks,0.9,0.45417002165348314
294,Visit interval,≤10 weeks,0.9097968936678614,0.48973275733859234
295,Visit interval,≤10 weeks,0.8203703703703703,0.5076397713234931
296,Visit interval,≤10 weeks,0.8609307359307359,0.48548255720952044
297,Visit interval,≤10 weeks,0.9085956416464891,0.46342439277913294
298,Visit interval,≤10 weeks,0.9235294117647059,0.41994420057178156
299,Visit interval,≤10 weeks,0.9206060606060605,0.4032191633700059
300,Visit interval,≤10 weeks,0.9551515151515152,0.41452638980422535
301,Visit interval,≤10 weeks,0.9292929292929293,0.44677392906598384
302,Visit interval,≤10 weeks,0.9055509527754764,0.43047047367023256
303,Visit interval,≤10 weeks,0.950136612021858,0.41922251398418775
304,Visit interval,≤10 weeks,0.9507422402159244,0.4609691122441736
305,Visit interval,≤10 weeks,0.9309133489461359,0.3985929375465171
306,Visit interval,≤10 weeks,0.9342948717948718,0.417694193696894
307,Visit interval,≤10 weeks,0.8963133640552995,0.4051429892940542
308,Visit interval,≤10 weeks,0.9293269230769231,0.4234397796818059
309,Visit interval,≤10 weeks,0.9298245614035088,0.4270275552101351
310,Visit interval,≤10 weeks,0.9283018867924528,0.40788473357203064
311,Visit interval,≤10 weeks,0.9555236728837877,0.44807868212000346
312,Visit interval,≤10 weeks,0.8467836257309942,0.49227165526024946
313,Visit interval,≤10 weeks,0.9320557491289199,0.49041876539475027
314,Visit interval,≤10 weeks,0.9406130268199234,0.37118389172390115
315,Visit interval,≤10 weeks,0.8508361204013378,0.4410920231201691
316,Visit interval,≤10 weeks,0.896151053013798,0.42827080315240124
317,Visit interval,≤10 weeks,0.8791666666666667,0.4634412732364677
318,Visit interval,≤10 weeks,0.8971170152628604,0.45164288158289034
319,Visit interval,≤10 weeks,0.9230769230769231,0.4377647541642654
320,Visit interval,≤10 weeks,0.8636363636363636,0.48196541188388836
321,Visit interval,≤10 weeks,0.8937728937728937,0.4460529553028226
322,Visit interval,≤10 weeks,0.9270833333333334,0.42047765267685033
323,Visit interval,≤10 weeks,0.9565527065527065,0.4425711993463494
324,Visit interval,≤10 weeks,0.9667207792207791,0.30769095586996875
325,Visit interval,≤10 weeks,0.915625,0.4983894572238098
326,Visit interval,≤10 weeks,0.9320754716981132,0.4834769342115264
327,Visit interval,≤10 weeks,0.9110512129380055,0.4053918231384549
328,Visit interval,≤10 weeks,0.9677777777777777,0.42714357885247906
329,Visit interval,≤10 weeks,0.9163473818646233,0.41798280860402104
330,Visit interval,≤10 weeks,0.9214214214214214,0.4849624614532475
331,Visit interval,≤10 weeks,0.8494623655913979,0.5034359225448531
332,Visit interval,≤10 weeks,0.8836671802773498,0.4386363857834988
333,Visit interval,≤10 weeks,0.9040650406504065,0.5031399347860294
334,Visit interval,≤10 weeks,0.9241658240647118,0.3993844892282457
335,Visit interval,≤10 weeks,0.9158163265306123,0.4516541198228158
336,Visit interval,≤10 weeks,0.889032258064516,0.4076369389178974
337,Visit interval,≤10 weeks,0.8740384615384615,0.4405635089130248
338,Visit interval,≤10 weeks,0.8985005767012688,0.5005151186943826
339,Visit interval,≤10 weeks,0.889093137254902,0.47116686827029003
340,Visit interval,≤10 weeks,0.9534883720930233,0.4569333028667743
341,Visit interval,≤10 weeks,0.8717948717948718,0.4691023845323412
342,Visit interval,≤10 weeks,0.9427083333333334,0.4512993458544929
343,Visit interval,≤10 weeks,0.8955525606469003,0.45162813058089113
344,Visit interval,≤10 weeks,0.8964285714285714,0.472990846689456
345,Visit interval,≤10 weeks,0.950850661625709,0.3775717380570012
346,Visit interval,≤10 weeks,0.863905325443787,0.4977048418680091
347,Visit interval,≤10 weeks,0.9439475253428742,0.45893484552568115
348,Visit interval,≤10 weeks,0.9060465116279071,0.4343717568918324
349,Visit interval,≤10 weeks,0.8507295173961841,0.45923826946141705
350,Visit interval,≤10 weeks,0.926984126984127,0.448785358970724
351,Visit interval,≤10 weeks,0.929093567251462,0.40604106304311144
352,Visit interval,≤10 weeks,0.8813735691987512,0.44777598605150254
353,Visit interval,≤10 weeks,0.9153846153846155,0.463253290157763
354,Visit interval,≤10 weeks,0.9425349087003223,0.40300371179839856
355,Visit interval,≤10 weeks,0.9511978704525289,0.4214174089227167
356,Visit interval,≤10 weeks,0.9026095060577819,0.47596156548508056
357,Visit interval,≤10 weeks,0.9414575866188769,0.4339921456715375
358,Visit interval,≤10 weeks,0.9515384615384616,0.4201346692624234
359,Visit interval,≤10 weeks,0.9513742071881607,0.4619011288900725
360,Visit interval,≤10 weeks,0.8736486486486487,0.4779499961791387
361,Visit interval,≤10 weeks,0.8580729166666667,0.4528795911927784
362,Visit interval,≤10 weeks,0.9092945128779395,0.4565559772187337
363,Visit interval,≤10 weeks,0.8951351351351352,0.46694966851764225
364,Visit interval,≤10 weeks,0.9498970487302677,0.43622555770122173
365,Visit interval,≤10 weeks,0.9259259259259259,0.41194423602601626
366,Visit interval,≤10 weeks,0.9203296703296704,0.4190444735597733
367,Visit interval,≤10 weeks,0.9669540229885057,0.44237390292551954
368,Visit interval,≤10 weeks,0.879284649776453,0.4773681447918913
369,Visit interval,≤10 weeks,0.9526098901098902,0.3888891592505044
370,Visit interval,≤10 weeks,0.9354066985645934,0.43385477189147664
371,Visit interval,≤10 weeks,0.9006734006734006,0.470946742636935
372,Visit interval,≤10 weeks,0.967032967032967,0.4559602121796716
373,Visit interval,≤10 weeks,0.9224250325945241,0.4219933042506503
374,Visit interval,≤10 weeks,0.9538461538461539,0.4796972708574469
375,Visit interval,≤10 weeks,0.8591342626559061,0.4731771728353611
376,Visit interval,≤10 weeks,0.9148247978436658,0.4155086705375864
377,Visit interval,≤10 weeks,0.9087301587301587,0.45583283605575775
378,Visit interval,≤10 weeks,0.901183970856102,0.47738413713271244
379,Visit interval,≤10 weeks,0.9305084745762712,0.39498464604352856
380,Visit interval,≤10 weeks,0.8950506857483602,0.4536233679664394
381,Visit interval,≤10 weeks,0.874247491638796,0.4684270355735886
382,Visit interval,≤10 weeks,0.9108867427568043,0.40735014656881596
383,Visit interval,≤10 weeks,0.919740777666999,0.4086835481953615
384,Visit interval,≤10 weeks,0.9105820105820106,0.44269972875301494
385,Visit interval,≤10 weeks,0.8859020310633213,0.44923833095320725
386,Visit interval,≤10 weeks,0.8532948532948532,0.497476394723309
387,Visit interval,≤10 weeks,0.9249999999999999,0.45885763401789165
388,Visit interval,≤10 weeks,0.9319727891156463,0.3422987634708209
389,Visit interval,≤10 weeks,0.8923160173160173,0.4672206705463495
390,Visit interval,≤10 weeks,0.8952972493345164,0.39644078186434156
391,Visit interval,≤10 weeks,0.9166666666666666,0.4144153239258971
392,Visit interval,≤10 weeks,0.945645821157218,0.4263788797358585
393,Visit interval,≤10 weeks,0.9582066869300913,0.36020996141408923
394,Visit interval,≤10 weeks,0.9358851674641148,0.41044262676100673
395,Visit interval,≤10 weeks,0.8382352941176471,0.4606870865289409
396,Visit interval,≤10 weeks,0.839344262295082,0.5251137577347736
397,Visit interval,≤10 weeks,0.9080796252927401,0.4683671212965257
398,Visit interval,≤10 weeks,0.9130769230769231,0.40494986168141095
399,Visit interval,≤10 weeks,0.878134110787172,0.5365185857933328
400,Visit interval,≤10 weeks,0.943125,0.42321882514320286
401,Visit interval,≤10 weeks,0.9333333333333333,0.41252591402746974
402,Visit interval,≤10 weeks,0.8779310344827587,0.4503301112465797
403,Visit interval,≤10 weeks,0.9285714285714286,0.3714753015887662
404,Visit interval,≤10 weeks,0.9020935960591133,0.4538189710466546
405,Visit interval,≤10 weeks,0.9014814814814816,0.49720545944170996
406,Visit interval,≤10 weeks,0.963837994214079,0.43208516835054445
407,Visit interval,≤10 weeks,0.9072256913470117,0.49912015730352155
408,Visit interval,≤10 weeks,0.9024390243902439,0.4220582185935286
409,Visit interval,≤10 weeks,0.8630952380952381,0.4938342084192704
410,Visit interval,≤10 weeks,0.9189473684210526,0.4467758582427513
411,Visit interval,≤10 weeks,0.8544137022397892,0.48233066473197744
412,Visit interval,≤10 weeks,0.9540740740740741,0.4717356035770059
413,Visit interval,≤10 weeks,0.9275641025641026,0.41632747606704745
414,Visit interval,≤10 weeks,0.9096467391304348,0.410402422263548
415,Visit interval,≤10 weeks,0.8924731182795699,0.46403978655124756
416,Visit interval,≤10 weeks,0.9276018099547512,0.48784364983429557
417,Visit interval,≤10 weeks,0.865546218487395,0.5479332763254345
418,Visit interval,≤10 weeks,0.9156327543424317,0.4239806821819646
419,Visit interval,≤10 weeks,0.85703125,0.42688432573917456
420,Visit interval,≤10 weeks,0.9735449735449736,0.39746066463877466
421,Visit interval,≤10 weeks,0.9003367003367004,0.4431630737426512
422,Visit interval,≤10 weeks,0.9637188208616779,0.3777235601510269
423,Visit interval,≤10 weeks,0.9610874200426439,0.41433023566782085
424,Visit interval,≤10 weeks,0.936562860438293,0.44845610111503065
425,Visit interval,≤10 weeks,0.9739583333333333,0.422864481036063
426,Visit interval,≤10 weeks,0.9536050156739813,0.46845125309832625
427,Visit interval,≤10 weeks,0.9072031148604802,0.3833742156237308
428,Visit interval,≤10 weeks,0.8950617283950617,0.44631597869408524
429,Visit interval,≤10 weeks,0.9168975069252078,0.47652343173697354
430,Visit interval,≤10 weeks,0.9207377866400798,0.39773177961222494
431,Visit interval,≤10 weeks,0.9188640973630832,0.4619777753228574
432,Visit interval,≤10 weeks,0.94375,0.4490108741239128
433,Visit interval,≤10 weeks,0.8379281537176274,0.4690017581166975
434,Visit interval,≤10 weeks,0.8763636363636363,0.4603988247934666
435,Visit interval,≤10 weeks,0.9246646026831785,0.40296488296121924
436,Visit interval,≤10 weeks,0.9032983508245878,0.3916162513026207
437,Visit interval,≤10 weeks,0.9371657754010695,0.4610011613514739
438,Visit interval,≤10 weeks,0.9142857142857143,0.4864659385648182
439,Visit interval,≤10 weeks,0.9752765126870527,0.32008206220904933
440,Visit interval,≤10 weeks,0.9019607843137255,0.420813126504532
441,Visit interval,≤10 weeks,0.86489898989899,0.4196658885690482
442,Visit interval,≤10 weeks,0.9010263929618769,0.4277309046018414
443,Visit interval,≤10 weeks,0.8251811594202898,0.541545276041882
444,Visit interval,≤10 weeks,0.9563636363636364,0.4573337668981534
445,Visit interval,≤10 weeks,0.8471590909090909,0.45191985086626324
446,Visit interval,≤10 weeks,0.9192156862745098,0.4158264391587245
447,Visit interval,≤10 weeks,0.8854679802955665,0.48270009045828727
448,Visit interval,≤10 weeks,0.8812698412698412,0.5277745983727908
449,Visit interval,≤10 weeks,0.9141666666666667,0.38422645648600995
450,Visit interval,≤10 weeks,0.8436781609195402,0.5447353496364051
451,Visit interval,≤10 weeks,0.9071895424836601,0.5133611880398588
452,Visit interval,≤10 weeks,0.8270967741935483,0.4931109177120121
453,Visit interval,≤10 weeks,0.924025974025974,0.43200862355479
454,Visit interval,≤10 weeks,0.8238498789346247,0.5298014390590373
455,Visit interval,≤10 weeks,0.889375,0.4685330653358769
456,Visit interval,≤10 weeks,0.8366708385481852,0.43440128486161844
457,Visit interval,≤10 weeks,0.8538461538461539,0.5016540928406344
458,Visit interval,≤10 weeks,0.8770726129216695,0.40782099433312985
459,Visit interval,≤10 weeks,0.9330357142857143,0.41488455142594105
460,Visit interval,≤10 weeks,0.9520661157024793,0.40989833792575914
461,Visit interval,≤10 weeks,0.9270588235294118,0.4402238164403695
462,Visit interval,≤10 weeks,0.8920821114369502,0.4604171807530516
463,Visit interval,≤10 weeks,0.916256157635468,0.4809163277716408
464,Visit interval,≤10 weeks,0.951010101010101,0.39874016110450256
465,Visit interval,≤10 weeks,0.8672176308539945,0.47496524902329523
466,Visit interval,≤10 weeks,0.928030303030303,0.5808899732456247
467,Visit interval,≤10 weeks,0.8990683229813664,0.5266316027786121
468,Visit interval,≤10 weeks,0.9295454545454547,0.40884323006879547
469,Visit interval,≤10 weeks,0.9257861635220126,0.4570878857882169
470,Visit interval,≤10 weeks,0.9205405405405406,0.4730376715106607
471,Visit interval,≤10 weeks,0.8824242424242424,0.45404872198504825
472,Visit interval,≤10 weeks,0.9533333333333334,0.3943328385656883
473,Visit interval,≤10 weeks,0.8994032395566922,0.45708164848951405
474,Visit interval,≤10 weeks,0.8965728274173808,0.5082680618127744
475,Visit interval,≤10 weeks,0.9333333333333333,0.370639207658045
476,Visit interval,≤10 weeks,0.8590534979423868,0.47636105532209333
477,Visit interval,≤10 weeks,0.8615384615384616,0.4877858548302374
478,Visit interval,≤10 weeks,0.9320214669051878,0.43646379576215066
479,Visit interval,≤10 weeks,0.9178240740740742,0.42979003627426327
480,Visit interval,≤10 weeks,0.8871794871794872,0.42533619900139624
481,Visit interval,≤10 weeks,0.8688888888888888,0.5035906752027683
482,Visit interval,≤10 weeks,0.8793211816467631,0.4659792634176615
483,Visit interval,≤10 weeks,0.8766538625693556,0.4261416702690505
484,Visit interval,≤10 weeks,0.8763157894736843,0.48769005203998933
485,Visit interval,≤10 weeks,0.939209726443769,0.39806220356854405
486,Visit interval,≤10 weeks,0.9602122015915119,0.41672908511999684
487,Visit interval,≤10 weeks,0.9394230769230769,0.4462476327288558
488,Visit interval,≤10 weeks,0.9215686274509803,0.41112282743033224
489,Visit interval,≤10 weeks,0.9121376811594204,0.45825167220451835
490,Visit interval,≤10 weeks,0.8777472527472527,0.4831505462577669
491,Visit interval,≤10 weeks,0.9812593703148427,0.3862046729047644
492,Visit interval,≤10 weeks,0.9132467532467533,0.500999603672268
493,Visit interval,≤10 weeks,0.8910806174957119,0.4116943486243634
494,Visit interval,≤10 weeks,0.8657407407407407,0.4510905534105522
495,Visit interval,≤10 weeks,0.9225865209471767,0.4226375988300546
496,Visit interval,≤10 weeks,0.9656593406593407,0.3567952723786294
497,Visit interval,≤10 weeks,0.9308894230769231,0.4071406754317193
498,Visit interval,≤10 weeks,0.9786871270247229,0.30868450712924306
499,Visit interval,≤10 weeks,0.8143750000000001,0.4333075879277281
500,Visit interval,≤10 weeks,0.9471726190476191,0.4026883246373706
501,Visit interval,≤10 weeks,0.8975069252077562,0.474590484126788
502,Visit interval,≤10 weeks,0.9469074986316365,0.43775591805333003
503,Visit interval,≤10 weeks,0.8607427055702918,0.46643524444194007
504,Visit interval,≤10 weeks,0.9249999999999999,0.4309409031595461
505,Visit interval,≤10 weeks,0.8962585034013606,0.46697065422388356
506,Visit interval,≤10 weeks,0.8197463768115941,0.5295460254356699
507,Visit interval,≤10 weeks,0.9245283018867925,0.4311283568467941
508,Visit interval,≤10 weeks,0.9247311827956989,0.43982875603518745
509,Visit interval,≤10 weeks,0.8841836734693878,0.46371575024808853
510,Visit interval,≤10 weeks,0.8476190476190476,0.5152039585894094
511,Visit interval,≤10 weeks,0.916025641025641,0.43007386107230416
512,Visit interval,≤10 weeks,0.9367681498829039,0.44309429589473903
513,Visit interval,≤10 weeks,0.977,0.42198028977471896
514,Visit interval,≤10 weeks,0.9409769335142469,0.3866796753017039
515,Visit interval,≤10 weeks,0.9498069498069498,0.43283522924163936
516,Visit interval,≤10 weeks,0.9183431952662723,0.4223881079352534
517,Visit interval,≤10 weeks,0.867056856187291,0.3625260129200904
518,Visit interval,≤10 weeks,0.9306666666666668,0.4220475692615626
519,Visit interval,≤10 weeks,0.8967803030303031,0.48221441145853616
520,Visit interval,≤10 weeks,0.934156378600823,0.407488363415199
521,Visit interval,≤10 weeks,0.889273356401384,0.5048306203160163
522,Visit interval,≤10 weeks,0.9327731092436975,0.393845223045588
523,Visit interval,≤10 weeks,0.915151515151515,0.4467961649456782
524,Visit interval,≤10 weeks,0.8637037037037038,0.4180340641383172
525,Visit interval,≤10 weeks,0.8932676518883416,0.4499903215727865
526,Visit interval,≤10 weeks,0.9319221967963387,0.4093974466385143
527,Visit interval,≤10 weeks,0.8802910052910053,0.5196549620101011
528,Visit interval,≤10 weeks,0.9670698924731183,0.39253267879241704
529,Visit interval,≤10 weeks,0.8972701149425287,0.431798654855222
530,Visit interval,≤10 weeks,0.8771929824561403,0.5312347172517841
531,Visit interval,≤10 weeks,0.9024970273483948,0.4997917687652728
532,Visit interval,≤10 weeks,0.916829109811566,0.3844487799686172
533,Visit interval,≤10 weeks,0.9259259259259259,0.4607288394441526
534,Visit interval,≤10 weeks,0.8554948391013965,0.4676416025939835
535,Visit interval,≤10 weeks,0.9111111111111111,0.4868195958761729
536,Visit interval,≤10 weeks,0.9343915343915344,0.36277613447158225
537,Visit interval,≤10 weeks,0.9293478260869565,0.47805140668005763
538,Visit interval,≤10 weeks,0.8928170594837261,0.4739239910788996
539,Visit interval,≤10 weeks,0.903276955602537,0.41413277139474913
540,Visit interval,≤10 weeks,0.8597402597402597,0.44909298520243884
541,Visit interval,≤10 weeks,0.9325657894736842,0.45315221169273306
542,Visit interval,≤10 weeks,0.8725369458128078,0.4068002755299903
543,Visit interval,≤10 weeks,0.9310344827586208,0.44550784562311224
544,Visit interval,≤10 weeks,0.9583604424202993,0.4431628512735855
545,Visit interval,≤10 weeks,0.9128605769230769,0.39634401206076736
546,Visit interval,≤10 weeks,0.8181818181818182,0.4639277086961351
547,Visit interval,≤10 weeks,0.8316770186335403,0.5241963648083292
548,Visit interval,≤10 weeks,0.8928571428571428,0.525731742876113
549,Visit interval,≤10 weeks,0.9371428571428572,0.4486974122934855
550,Visit interval,≤10 weeks,0.9219251336898395,0.4049592612838094
551,Visit interval,≤10 weeks,0.8925,0.44122152397509756
552,Visit interval,≤10 weeks,0.873090481786134,0.5005103874187501
553,Visit interval,≤10 weeks,0.8946360153256705,0.400209591018204
554,Visit interval,≤10 weeks,0.9339622641509434,0.48102030338404883
555,Visit interval,≤10 weeks,0.9269293924466337,0.4337550766376586
556,Visit interval,≤10 weeks,0.8651603498542274,0.38125006594087285
557,Visit interval,≤10 weeks,0.8909465020576132,0.473754154931799
558,Visit interval,≤10 weeks,0.9464285714285714,0.4476315362098644
559,Visit interval,≤10 weeks,0.9197860962566844,0.3732195794455116
560,Visit interval,≤10 weeks,0.9461279461279462,0.37873304025461385
561,Visit interval,≤10 weeks,0.9029029029029029,0.4650449438779065
562,Visit interval,≤10 weeks,0.9538378958668814,0.36630563280395084
563,Visit interval,≤10 weeks,0.9096989966555185,0.40835615125812486
564,Visit interval,≤10 weeks,0.9221710189452125,0.41066433126416096
565,Visit interval,≤10 weeks,0.9085470085470086,0.4660636220056849
566,Visit interval,≤10 weeks,0.929375,0.46379803100165923
567,Visit interval,≤10 weeks,0.8737800910865323,0.4698462701459302
568,Visit interval,≤10 weeks,0.9360119047619048,0.45348915008378193
569,Visit interval,≤10 weeks,0.8519144144144144,0.5295082004846164
570,Visit interval,≤10 weeks,0.9314692982456141,0.40697911823533023
571,Visit interval,≤10 weeks,0.9200515796260477,0.46261931258921757
572,Visit interval,≤10 weeks,0.8870320855614974,0.4588142059092424
573,Visit interval,≤10 weeks,0.9381313131313131,0.4507515860315651
574,Visit interval,≤10 weeks,0.9090909090909091,0.4848886506470936
575,Visit interval,≤10 weeks,0.7701525054466231,0.5212545378075307
576,Visit interval,≤10 weeks,0.8715763846622033,0.4197659064566254
577,Visit interval,≤10 weeks,0.9152542372881356,0.39994423052738165
578,Visit interval,≤10 weeks,0.931547619047619,0.43832887804089204
579,Visit interval,≤10 weeks,0.9286073403720462,0.42459687174558736
580,Visit interval,≤10 weeks,0.900625,0.44791177039270985
581,Visit interval,≤10 weeks,0.9109090909090909,0.4127021963339557
582,Visit interval,≤10 weeks,0.8999999999999999,0.41185731283603716
583,Visit interval,≤10 weeks,0.906,0.41346145307598103
584,Visit interval,≤10 weeks,0.8695238095238096,0.43636728675706576
585,Visit interval,≤10 weeks,0.8439716312056736,0.4574146579136913
586,Visit interval,≤10 weeks,0.9334975369458128,0.347739696903588
587,Visit interval,≤10 weeks,0.8914772727272728,0.4913811335104018
588,Visit interval,≤10 weeks,0.9393939393939394,0.4721702780912177
589,Visit interval,≤10 weeks,0.9096045197740114,0.4645580583203552
590,Visit interval,≤10 weeks,0.8916323731138546,0.45378457838513336
591,Visit interval,≤10 weeks,0.8944327731092436,0.4281587028827328
592,Visit interval,≤10 weeks,0.8826530612244898,0.4838959363248698
593,Visit interval,≤10 weeks,0.8994047619047619,0.47912151031851763
594,Visit interval,≤10 weeks,0.8954393770856508,0.4196827599897582
595,Visit interval,≤10 weeks,0.9079473985134362,0.449670516593989
596,Visit interval,≤10 weeks,0.9112021857923497,0.45823617806443895
597,Visit interval,≤10 weeks,0.9047619047619047,0.3996929152359009
598,Visit interval,≤10 weeks,0.8703962703962704,0.4607047196486206
599,Visit interval,≤10 weeks,0.9642857142857143,0.41052961663629567
600,Visit interval,≤10 weeks,0.8973013493253373,0.5420662262733723
601,Visit interval,≤10 weeks,0.8406846609611587,0.45608380720812114
602,Visit interval,≤10 weeks,0.8804563492063492,0.5372086942060275
603,Visit interval,≤10 weeks,0.9047619047619048,0.46821389984268463
604,Visit interval,≤10 weeks,0.9292181069958847,0.4443857802974778
605,Visit interval,≤10 weeks,0.8520833333333334,0.5412206878826482
606,Visit interval,≤10 weeks,0.9356508875739645,0.473882459628322
607,Visit interval,≤10 weeks,0.9349489795918368,0.41379255584245644
608,Visit interval,≤10 weeks,0.8735119047619047,0.45864582204207366
609,Visit interval,≤10 weeks,0.9641646489104116,0.3968714320615524
610,Visit interval,≤10 weeks,0.8675595238095238,0.4391908391975437
611,Visit interval,≤10 weeks,0.8940092165898617,0.413893535551088
612,Visit interval,≤10 weeks,0.9060175794455714,0.43700665832381186
613,Visit interval,≤10 weeks,0.913235294117647,0.4331326835196009
614,Visit interval,≤10 weeks,0.9338983050847458,0.42421916868059834
615,Visit interval,≤10 weeks,0.9282828282828283,0.48425974587974246
616,Visit interval,≤10 weeks,0.9594907407407407,0.3771118681049715
617,Visit interval,≤10 weeks,0.9179012345679012,0.4477398961934847
618,Visit interval,≤10 weeks,0.9344086021505376,0.3633806586928939
619,Visit interval,≤10 weeks,0.8898305084745763,0.4193945953465044
620,Visit interval,≤10 weeks,0.9028536733454766,0.4809839405556014
621,Visit interval,≤10 weeks,0.8853550295857988,0.44040855582978794
622,Visit interval,≤10 weeks,0.8946078431372549,0.48102340348867617
623,Visit interval,≤10 weeks,0.8952380952380953,0.3996318924918782
624,Visit interval,≤10 weeks,0.9040570175438597,0.4636376758054643
625,Visit interval,≤10 weeks,0.8508064516129032,0.5136418157713083
626,Visit interval,≤10 weeks,0.9343137254901961,0.432835247301452
627,Visit interval,≤10 weeks,0.8517455762792923,0.47717689401699187
628,Visit interval,≤10 weeks,0.8679245283018867,0.4821630820834989
629,Visit interval,≤10 weeks,0.9243055555555556,0.4312928647808138
630,Visit interval,≤10 weeks,0.9265536723163841,0.3702009654169032
631,Visit interval,≤10 weeks,0.9259259259259258,0.4762022442234053
632,Visit interval,≤10 weeks,0.9759780370624571,0.4101890675364211
633,Visit interval,≤10 weeks,0.8605,0.49658063344677067
634,Visit interval,≤10 weeks,0.9252400548696845,0.5000430211067138
635,Visit interval,≤10 weeks,0.8545258620689655,0.4651031321432143
636,Visit interval,≤10 weeks,0.845703125,0.553117025045242
637,Visit interval,≤10 weeks,0.9009433962264151,0.5599052174864317
638,Visit interval,≤10 weeks,0.9163934426229507,0.4007308281490934
639,Visit interval,≤10 weeks,0.9015151515151515,0.4800075298063374
640,Visit interval,≤10 weeks,0.949637217242851,0.41194692789346565
641,Visit interval,≤10 weeks,0.8877833056937535,0.4551649129825133
642,Visit interval,≤10 weeks,0.9192307692307692,0.4569086766704263
643,Visit interval,≤10 weeks,0.8550646551724138,0.45267140521372773
644,Visit interval,≤10 weeks,0.9187192118226601,0.42745469751675935
645,Visit interval,≤10 weeks,0.9375,0.37670673122071213
646,Visit interval,≤10 weeks,0.9203703703703704,0.45399195194250974
647,Visit interval,≤10 weeks,0.8390677025527192,0.5491095044041607
648,Visit interval,≤10 weeks,0.9685086155674391,0.3986080027698768
649,Visit interval,≤10 weeks,0.86875,0.4398185309845653
650,Visit interval,≤10 weeks,0.8807407407407407,0.46449956926484925
651,Visit interval,≤10 weeks,0.9376646180860405,0.4838448505753826
652,Visit interval,≤10 weeks,0.9434482758620689,0.43015365864354965
653,Visit interval,≤10 weeks,0.9092261904761905,0.41306302313308313
654,Visit interval,≤10 weeks,0.8530434782608696,0.47059018455584745
655,Visit interval,≤10 weeks,0.8119103773584906,0.5242582313387899
656,Visit interval,≤10 weeks,0.9235970250169033,0.41558016959525723
657,Visit interval,≤10 weeks,0.9065573770491804,0.4039425042739873
658,Visit interval,≤10 weeks,0.949602122015915,0.40245661431936935
659,Visit interval,≤10 weeks,0.8893214682981091,0.4844520786468789
660,Visit interval,≤10 weeks,0.8859416445623343,0.4107815562203258
661,Visit interval,≤10 weeks,0.9258295380611581,0.46497703921476125
662,Visit interval,≤10 weeks,0.8754789272030652,0.4450128810070354
663,Visit interval,≤10 weeks,0.9117283950617284,0.439719534800572
664,Visit interval,≤10 weeks,0.9452736318407959,0.4441095074577508
665,Visit interval,≤10 weeks,0.8444444444444444,0.44834850278666155
666,Visit interval,≤10 weeks,0.9406565656565657,0.34304008076562986
667,Visit interval,≤10 weeks,0.93419740777667,0.4450823643009361
668,Visit interval,≤10 weeks,0.9197530864197531,0.4523749565819227
669,Visit interval,≤10 weeks,0.9203703703703704,0.46286502479707925
670,Visit interval,≤10 weeks,0.8737179487179487,0.5163685929966482
671,Visit interval,≤10 weeks,0.9357638888888888,0.3557647463904156
672,Visit interval,≤10 weeks,0.942787583688375,0.36374894504622607
673,Visit interval,≤10 weeks,0.8772727272727273,0.4525579657306485
674,Visit interval,≤10 weeks,0.8750784682988073,0.42342231761581756
675,Visit interval,≤10 weeks,0.9295112781954887,0.37613929610688
676,Visit interval,≤10 weeks,0.9110942249240122,0.4852823663826531
677,Visit interval,≤10 weeks,0.8636950904392765,0.45172592540054785
678,Visit interval,≤10 weeks,0.926704014939309,0.44061453552980756
679,Visit interval,≤10 weeks,0.9555555555555556,0.392928329401654
680,Visit interval,≤10 weeks,0.9245283018867925,0.39602776806570406
681,Visit interval,≤10 weeks,0.8965848965848966,0.4093560764737724
682,Visit interval,≤10 weeks,0.9060606060606061,0.37722740155938594
683,Visit interval,≤10 weeks,0.932845744680851,0.4761852721160199
684,Visit interval,≤10 weeks,0.9172222222222222,0.42371743965408926
685,Visit interval,≤10 weeks,0.9259259259259258,0.409496124772724
686,Visit interval,≤10 weeks,0.9401260504201681,0.4560301688416815
687,Visit interval,≤10 weeks,0.8246124031007752,0.49107419971230637
688,Visit interval,≤10 weeks,0.8928571428571428,0.4968099572950287
689,Visit interval,≤10 weeks,0.8783068783068783,0.4617723800532183
690,Visit interval,≤10 weeks,0.903125,0.4549078678323449
691,Visit interval,≤10 weeks,0.8404255319148937,0.4285985511043389
692,Visit interval,≤10 weeks,0.9060529634300126,0.4108662909825406
693,Visit interval,≤10 weeks,0.9380704041720991,0.38106539672475204
694,Visit interval,≤10 weeks,0.8779239766081871,0.483523479669024
695,Visit interval,≤10 weeks,0.9085399449035813,0.45186872367859254
696,Visit interval,≤10 weeks,0.8942528735632184,0.4561077959825608
697,Visit interval,≤10 weeks,0.9401129943502825,0.4147700044097715
698,Visit interval,≤10 weeks,0.8458049886621315,0.45754092706253086
699,Visit interval,≤10 weeks,0.8872468527640941,0.42282767590326875
700,Visit interval,≤10 weeks,0.936231884057971,0.4040297546475287
701,Visit interval,≤10 weeks,0.8310185185185185,0.5387489087647603
702,Visit interval,≤10 weeks,0.9745901639344262,0.3551837891930636
703,Visit interval,≤10 weeks,0.8927272727272728,0.45304970748777595
704,Visit interval,≤10 weeks,0.9481481481481482,0.4256331939260551
705,Visit interval,≤10 weeks,0.9532163742690059,0.42186288999298865
706,Visit interval,≤10 weeks,0.8701814058956916,0.49981102237654845
707,Visit interval,≤10 weeks,0.9688311688311688,0.4055607157171789
708,Visit interval,≤10 weeks,0.9015873015873016,0.39343309050984066
709,Visit interval,≤10 weeks,0.9144927536231884,0.4169284483720423
710,Visit interval,≤10 weeks,0.9691199176531138,0.4714758774936449
711,Visit interval,≤10 weeks,0.890547263681592,0.5052048506350425
712,Visit interval,≤10 weeks,0.9366037735849057,0.40550021463891417
713,Visit interval,≤10 weeks,0.918918918918919,0.500986481936221
714,Visit interval,≤10 weeks,0.8271186440677967,0.4418567956466114
715,Visit interval,≤10 weeks,0.9058441558441558,0.4399717021498529
716,Visit interval,≤10 weeks,0.896774193548387,0.3603935428238559
717,Visit interval,≤10 weeks,0.9007246376811595,0.39116302551869886
718,Visit interval,≤10 weeks,0.9411255411255411,0.36373059892138576
719,Visit interval,≤10 weeks,0.921604938271605,0.4325033959882499
720,Visit interval,≤10 weeks,0.8923611111111112,0.5018923443481933
721,Visit interval,≤10 weeks,0.9548148148148149,0.4040348599844626
722,Visit interval,≤10 weeks,0.8282051282051281,0.5132226153687729
723,Visit interval,≤10 weeks,0.9127272727272727,0.5074971386620014
724,Visit interval,≤10 weeks,0.92090395480226,0.4186911094809575
725,Visit interval,≤10 weeks,0.8956043956043956,0.4741009442424708
726,Visit interval,≤10 weeks,0.9354037267080746,0.41667260783690535
727,Visit interval,≤10 weeks,0.923941798941799,0.4539719539896268
728,Visit interval,≤10 weeks,0.893939393939394,0.4831740911920607
729,Visit interval,≤10 weeks,0.906060606060606,0.4329710906187829
730,Visit interval,≤10 weeks,0.8733766233766234,0.5072314828796789
731,Visit interval,≤10 weeks,0.8757062146892656,0.49815576049527727
732,Visit interval,≤10 weeks,0.835171568627451,0.4563725680647805
733,Visit interval,≤10 weeks,0.8507301243915629,0.4845728320177387
734,Visit interval,≤10 weeks,0.9197901049475263,0.5148055362065377
735,Visit interval,≤10 weeks,0.9300911854103343,0.42429062999413863
736,Visit interval,≤10 weeks,0.9258391881342701,0.3704324003085558
737,Visit interval,≤10 weeks,0.8575989782886334,0.4632456122433911
738,Visit interval,≤10 weeks,0.9301801801801802,0.47512079711489336
739,Visit interval,≤10 weeks,0.9480701754385965,0.3673094457853911
740,Visit interval,≤10 weeks,0.9254032258064516,0.52399552381054
741,Visit interval,≤10 weeks,0.8911685994647636,0.44647020974085005
742,Visit interval,≤10 weeks,0.9287321830457614,0.326928256988295
743,Visit interval,≤10 weeks,0.9678571428571429,0.3234012314888056
744,Visit interval,≤10 weeks,0.8628389154704944,0.4355626972425919
745,Visit interval,≤10 weeks,0.8407407407407408,0.4471994409145478
746,Visit interval,≤10 weeks,0.9133597883597884,0.33286038034919163
747,Visit interval,≤10 weeks,0.9390096618357487,0.4945071739890199
748,Visit interval,≤10 weeks,0.9230333899264289,0.45470695342925344
749,Visit interval,≤10 weeks,0.9343501326259948,0.41637710557824015
750,Visit interval,≤10 weeks,0.9506944444444445,0.3864723272078283
751,Visit interval,≤10 weeks,0.8742138364779874,0.5034472234363665
752,Visit interval,≤10 weeks,0.8833333333333334,0.45390298078120167
753,Visit interval,≤10 weeks,0.9020527859237537,0.41747083932034573
754,Visit interval,≤10 weeks,0.9137254901960785,0.39327437500720497
755,Visit interval,≤10 weeks,0.8917050691244239,0.4239493371334164
756,Visit interval,≤10 weeks,0.8536209553158706,0.44036467974671456
757,Visit interval,≤10 weeks,0.9458461538461539,0.4037356874607018
758,Visit interval,≤10 weeks,0.9880457380457381,0.3928858122947337
759,Visit interval,≤10 weeks,0.8702508960573476,0.411680885514109
760,Visit interval,≤10 weeks,0.9486373165618449,0.40565602375556015
761,Visit interval,≤10 weeks,0.8611660079051383,0.4933144814059973
762,Visit interval,≤10 weeks,0.919020715630885,0.40618970766009205
763,Visit interval,≤10 weeks,0.851490514905149,0.4535449996561805
764,Visit interval,≤10 weeks,0.8889578163771712,0.4790167758218882
765,Visit interval,≤10 weeks,0.923404255319149,0.44599124094178644
766,Visit interval,≤10 weeks,0.9338235294117647,0.4496025758612513
767,Visit interval,≤10 weeks,0.8653846153846153,0.44375993856343443
768,Visit interval,≤10 weeks,0.8955119214586255,0.5309020477050725
769,Visit interval,≤10 weeks,0.90546875,0.44913130364278636
770,Visit interval,≤10 weeks,0.8704630788485607,0.4432612835060421
771,Visit interval,≤10 weeks,0.8970177073625349,0.44556230107548983
772,Visit interval,≤10 weeks,0.8883720930232558,0.4398010105949124
773,Visit interval,≤10 weeks,0.8971774193548387,0.49051537330875494
774,Visit interval,≤10 weeks,0.9097902097902099,0.4881695413312076
775,Visit interval,≤10 weeks,0.8774509803921569,0.44988008069882274
776,Visit interval,≤10 weeks,0.8817025981205086,0.5005209012713063
777,Visit interval,≤10 weeks,0.883289124668435,0.5023190361575952
778,Visit interval,≤10 weeks,0.8962264150943396,0.4540255395260706
779,Visit interval,≤10 weeks,0.8454545454545455,0.4353163554566583
780,Visit interval,≤10 weeks,0.8788888888888888,0.47621038547783956
781,Visit interval,≤10 weeks,0.9349112426035503,0.48317473007728284
782,Visit interval,≤10 weeks,0.923844537815126,0.4836475530500391
783,Visit interval,≤10 weeks,0.89,0.45902406768574305
784,Visit interval,≤10 weeks,0.887719298245614,0.5297732057292202
785,Visit interval,≤10 weeks,0.9166666666666666,0.37623650776335765
786,Visit interval,≤10 weeks,0.937704918032787,0.36953521475668105
787,Visit interval,≤10 weeks,0.9032738095238096,0.43066483529638644
788,Visit interval,≤10 weeks,0.9418767507002802,0.4144755951119234
789,Visit interval,≤10 weeks,0.8743872549019608,0.42027463143866806
790,Visit interval,≤10 weeks,0.832601880877743,0.4716818858655203
791,Visit interval,≤10 weeks,0.9328984156570364,0.49503469661324767
792,Visit interval,≤10 weeks,0.9095106186518929,0.4319161391370656
793,Visit interval,≤10 weeks,0.8858695652173914,0.4368109440308518
794,Visit interval,≤10 weeks,0.8819545234639574,0.4906828351516472
795,Visit interval,≤10 weeks,0.8967741935483872,0.431430123627135
796,Visit interval,≤10 weeks,0.8795518207282913,0.41551389985671805
797,Visit interval,≤10 weeks,0.8873626373626374,0.5499928414137454
798,Visit interval,≤10 weeks,0.8890625,0.42152441440521077
799,Visit interval,≤10 weeks,0.9418181818181818,0.41975014661709564
800,Visit interval,≤10 weeks,0.8091655266757866,0.43465897062922415
801,Visit interval,≤10 weeks,0.9622641509433962,0.42915937797628895
802,Visit interval,≤10 weeks,0.9066666666666667,0.42116549394606595
803,Visit interval,≤10 weeks,0.9305929919137466,0.44863475383758855
804,Visit interval,≤10 weeks,0.9188218390804598,0.4219068527688525
805,Visit interval,≤10 weeks,0.9440267335004178,0.4483958689609998
806,Visit interval,≤10 weeks,0.8948194662480377,0.456088100502495
807,Visit interval,≤10 weeks,0.918840579710145,0.42734625835641094
808,Visit interval,≤10 weeks,0.9319492502883507,0.41725436932401294
809,Visit interval,≤10 weeks,0.9402985074626865,0.4487968764735407
810,Visit interval,≤10 weeks,0.8648829431438128,0.5009260110400422
811,Visit interval,≤10 weeks,0.8701442841287458,0.4423547766941443
812,Visit interval,≤10 weeks,0.8645348837209302,0.4919265105911814
813,Visit interval,≤10 weeks,0.913081650570676,0.43264892836856006
814,Visit interval,≤10 weeks,0.9327272727272727,0.3670193070764249
815,Visit interval,≤10 weeks,0.929245283018868,0.47160251739562886
816,Visit interval,≤10 weeks,0.8755482456140352,0.43609853908339474
817,Visit interval,≤10 weeks,0.9460000000000001,0.377490208915728
818,Visit interval,≤10 weeks,0.9550264550264551,0.47709870732337245
819,Visit interval,≤10 weeks,0.871031746031746,0.43244160972674234
820,Visit interval,≤10 weeks,0.9191729323308271,0.3953575491953891
821,Visit interval,≤10 weeks,0.9526592635885447,0.4235813423697057
822,Visit interval,≤10 weeks,0.892530487804878,0.4315226600143776
823,Visit interval,≤10 weeks,0.8694444444444445,0.5311829816439243
824,Visit interval,≤10 weeks,0.8857323232323232,0.49527834466459386
825,Visit interval,≤10 weeks,0.8387573964497042,0.5302653930134669
826,Visit interval,≤10 weeks,0.9430199430199431,0.4446440308626016
827,Visit interval,≤10 weeks,0.8554385964912281,0.5034611054638051
828,Visit interval,≤10 weeks,0.8865248226950354,0.4255371029086077
829,Visit interval,≤10 weeks,0.8899521531100478,0.47028741403969404
830,Visit interval,≤10 weeks,0.9415204678362573,0.38112010285610126
831,Visit interval,≤10 weeks,0.8790849673202614,0.4233187895499433
832,Visit interval,≤10 weeks,0.8221024258760108,0.4881153647562127
833,Visit interval,≤10 weeks,0.9,0.3844875135267718
834,Visit interval,≤10 weeks,0.9115696389093589,0.5038901336107257
835,Visit interval,≤10 weeks,0.9365530303030303,0.3512207787931903
836,Visit interval,≤10 weeks,0.9081779053084648,0.4755230173210008
837,Visit interval,≤10 weeks,0.8344226579520697,0.5229071622583176
838,Visit interval,≤10 weeks,0.9640522875816994,0.428794891857032
839,Visit interval,≤10 weeks,0.8628571428571429,0.46447776798474394
840,Visit interval,≤10 weeks,0.9532587228439763,0.4526457640394601
841,Visit interval,≤10 weeks,0.8864516129032258,0.41856218916352844
842,Visit interval,≤10 weeks,0.8779264214046822,0.4105888474371505
843,Visit interval,≤10 weeks,0.9150219298245614,0.38086131058172756
844,Visit interval,≤10 weeks,0.8929078014184396,0.44673521625033497
845,Visit interval,≤10 weeks,0.941753171856978,0.42600609735391387
846,Visit interval,≤10 weeks,0.9102384291725105,0.43625298059168544
847,Visit interval,≤10 weeks,0.9218855218855219,0.47011855641065353
848,Visit interval,≤10 weeks,0.9071914480077745,0.4887243635821498
849,Visit interval,≤10 weeks,0.8130681818181819,0.5073412711493362
850,Visit interval,≤10 weeks,0.852124183006536,0.4622797991904064
851,Visit interval,≤10 weeks,0.9030732860520093,0.4116528190137591
852,Visit interval,≤10 weeks,0.9404081632653062,0.4211044308703329
853,Visit interval,≤10 weeks,0.9519230769230769,0.41607630788642935
854,Visit interval,≤10 weeks,0.9608158883521202,0.40584009834302853
855,Visit interval,≤10 weeks,0.9265756985055231,0.39241537156561823
856,Visit interval,≤10 weeks,0.8777472527472527,0.4729617415104934
857,Visit interval,≤10 weeks,0.860655737704918,0.46242138421464335
858,Visit interval,≤10 weeks,0.8933933933933934,0.5207236302600065
859,Visit interval,≤10 weeks,0.9163961038961039,0.4260249366132761
860,Visit interval,≤10 weeks,0.868103448275862,0.5387556289215919
861,Visit interval,≤10 weeks,0.9401709401709402,0.4001390520830434
862,Visit interval,≤10 weeks,0.9406850459482039,0.4147701629926839
863,Visit interval,≤10 weeks,0.9210526315789473,0.4370310776308288
864,Visit interval,≤10 weeks,0.8852941176470588,0.4693573607630238
865,Visit interval,≤10 weeks,0.9090909090909091,0.4877709229156581
866,Visit interval,≤10 weeks,0.8891625615763548,0.4692206446672448
867,Visit interval,≤10 weeks,0.8806779661016949,0.3953812431162766
868,Visit interval,≤10 weeks,0.9468085106382979,0.3733035386867721
869,Visit interval,≤10 weeks,0.91,0.5045442656112347
870,Visit interval,≤10 weeks,0.8610323312535451,0.48747192313494137
871,Visit interval,≤10 weeks,0.87531328320802,0.5206198293053024
872,Visit interval,≤10 weeks,0.8140432098765432,0.5077018552348628
873,Visit interval,≤10 weeks,0.8814277071990321,0.47344371198817947
874,Visit interval,≤10 weeks,0.9336538461538462,0.38147801882670007
875,Visit interval,≤10 weeks,0.9371794871794872,0.3578903813877343
876,Visit interval,≤10 weeks,0.8766666666666667,0.3714872628586133
877,Visit interval,≤10 weeks,0.9291187739463601,0.43030054616068125
878,Visit interval,≤10 weeks,0.9005305039787799,0.4612826447128633
879,Visit interval,≤10 weeks,0.9337662337662337,0.4940360874153244
880,Visit interval,≤10 weeks,0.9214285714285715,0.3835972821326761
881,Visit interval,≤10 weeks,0.9358353510895884,0.44499359043849707
882,Visit interval,≤10 weeks,0.9349083895853423,0.4612965626355437
883,Visit interval,≤10 weeks,0.8727678571428571,0.5391756116565766
884,Visit interval,≤10 weeks,0.8837662337662338,0.40110165861734737
885,Visit interval,≤10 weeks,0.939014202172097,0.46050440863440145
886,Visit interval,≤10 weeks,0.8742424242424243,0.5070382299396524
887,Visit interval,≤10 weeks,0.9558189655172413,0.4259935899606157
888,Visit interval,≤10 weeks,0.9379157427937915,0.42001241236836795
889,Visit interval,≤10 weeks,0.88,0.4487288583581659
890,Visit interval,≤10 weeks,0.9300595238095237,0.48474289044064706
891,Visit interval,≤10 weeks,0.9106719367588934,0.41456170386646857
892,Visit interval,≤10 weeks,0.9412515964240102,0.42614468343074774
893,Visit interval,≤10 weeks,0.930327868852459,0.4023779107707946
894,Visit interval,≤10 weeks,0.9305896805896806,0.4447377140284123
895,Visit interval,≤10 weeks,0.9084821428571428,0.4585644885185113
896,Visit interval,≤10 weeks,0.9180555555555555,0.4524697209327674
897,Visit interval,≤10 weeks,0.9328571428571428,0.39504019981185234
898,Visit interval,≤10 weeks,0.9084548104956267,0.4578175692883529
899,Visit interval,≤10 weeks,0.9093749999999999,0.43589146989736405
900,Visit interval,≤10 weeks,0.9314888010540184,0.4334045439598586
901,Visit interval,≤10 weeks,0.8966861598440545,0.39319333475249707
902,Visit interval,≤10 weeks,0.9380692167577414,0.4471867216757936
903,Visit interval,≤10 weeks,0.8863168724279835,0.42699231162297324
904,Visit interval,≤10 weeks,0.8869047619047619,0.4521775682938893
905,Visit interval,≤10 weeks,0.7966207759699625,0.5275284811200814
906,Visit interval,≤10 weeks,0.8748403575989783,0.4400492119342477
907,Visit interval,≤10 weeks,0.9545977011494253,0.45132042240296744
908,Visit interval,≤10 weeks,0.8935574229691876,0.507893647051651
909,Visit interval,≤10 weeks,0.9411764705882354,0.39605663839716576
910,Visit interval,≤10 weeks,0.8998178506375227,0.544730235501562
911,Visit interval,≤10 weeks,0.834074074074074,0.4649859406532221
912,Visit interval,≤10 weeks,0.8759920634920636,0.44497891484030205
913,Visit interval,≤10 weeks,0.903921568627451,0.39978216913962744
914,Visit interval,≤10 weeks,0.8972789115646258,0.4738786845485019
915,Visit interval,≤10 weeks,0.8738977072310405,0.4635841293211127
916,Visit interval,≤10 weeks,0.8170454545454545,0.4677963790116164
917,Visit interval,≤10 weeks,0.9220945083014048,0.4594165845117834
918,Visit interval,≤10 weeks,0.8503267973856209,0.5048978692073399
919,Visit interval,≤10 weeks,0.8841269841269841,0.43785788670164655
920,Visit interval,≤10 weeks,0.9310595065312046,0.48047892042910617
921,Visit interval,≤10 weeks,0.9703947368421053,0.4128662966734345
922,Visit interval,≤10 weeks,0.9059649122807019,0.3731783707842074
923,Visit interval,≤10 weeks,0.909569798068481,0.41793975872248673
924,Visit interval,≤10 weeks,0.9415584415584416,0.3895003420602344
925,Visit interval,≤10 weeks,0.9424206815511164,0.4589477928183049
926,Visit interval,≤10 weeks,0.8307142857142857,0.5135443753649327
927,Visit interval,≤10 weeks,0.8997252747252747,0.4357535232580534
928,Visit interval,≤10 weeks,0.9551393728222997,0.4673017304619304
929,Visit interval,≤10 weeks,0.918534718425369,0.454830145971708
930,Visit interval,≤10 weeks,0.8974358974358974,0.4436515339094185
931,Visit interval,≤10 weeks,0.9064864864864864,0.481728147480014
932,Visit interval,≤10 weeks,0.9070707070707071,0.5048194962082553
933,Visit interval,≤10 weeks,0.8633818589025756,0.4542747038788587
934,Visit interval,≤10 weeks,0.9130434782608696,0.5043518652530473
935,Visit interval,≤10 weeks,0.9438888888888889,0.41862097413596744
936,Visit interval,≤10 weeks,0.8897058823529412,0.41241102811057134
937,Visit interval,≤10 weeks,0.9117241379310345,0.3892788895583583
938,Visit interval,≤10 weeks,0.896124031007752,0.5358321588518525
939,Visit interval,≤10 weeks,0.9170918367346939,0.46950175445423376
940,Visit interval,≤10 weeks,0.8828671328671328,0.45089514338827624
941,Visit interval,≤10 weeks,0.8451790633608816,0.44442039114000964
942,Visit interval,≤10 weeks,0.8894129979035639,0.46729914003722156
943,Visit interval,≤10 weeks,0.9039812646370025,0.4263124774564521
944,Visit interval,≤10 weeks,0.9160177975528365,0.44906661315453417
945,Visit interval,≤10 weeks,0.9033130493576742,0.47367190559492445
946,Visit interval,≤10 weeks,0.9183333333333332,0.42441533802530323
947,Visit interval,≤10 weeks,0.8906810035842294,0.5180137096909444
948,Visit interval,≤10 weeks,0.9059459459459459,0.5288285997957811
949,Visit interval,≤10 weeks,0.9641203703703703,0.4419392122777138
950,Visit interval,≤10 weeks,0.9143518518518519,0.43647959787944685
951,Visit interval,≤10 weeks,0.9020376175548589,0.48280246599942
952,Visit interval,≤10 weeks,0.8865384615384616,0.4172089792705308
953,Visit interval,≤10 weeks,0.8265002970885323,0.5275772864014805
954,Visit interval,≤10 weeks,0.928,0.4202825883852152
955,Visit interval,≤10 weeks,0.9825834542815675,0.37796518611801905
956,Visit interval,≤10 weeks,0.8950617283950617,0.4506709238280242
957,Visit interval,≤10 weeks,0.8559276980329612,0.5102545084145753
958,Visit interval,≤10 weeks,0.8624121779859485,0.49010559035432444
959,Visit interval,≤10 weeks,0.9362139917695472,0.38997186923005395
960,Visit interval,≤10 weeks,0.9152542372881356,0.4705071807450383
961,Visit interval,≤10 weeks,0.9429892141756548,0.4382671639928263
962,Visit interval,≤10 weeks,0.927662037037037,0.42529318128182075
963,Visit interval,≤10 weeks,0.9199561403508771,0.43673025793150566
964,Visit interval,≤10 weeks,0.9071618037135278,0.4821322105652582
965,Visit interval,≤10 weeks,0.9267734553775744,0.43533212036807356
966,Visit interval,≤10 weeks,0.9246894409937889,0.4001660334080954
967,Visit interval,≤10 weeks,0.8870967741935484,0.48732371639485567
968,Visit interval,≤10 weeks,0.9415204678362573,0.4661773428008266
969,Visit interval,≤10 weeks,0.9580459770114942,0.3763050152445565
970,Visit interval,≤10 weeks,0.9255583126550868,0.3950491390237163
971,Visit interval,≤10 weeks,0.9151515151515152,0.436302114622476
972,Visit interval,≤10 weeks,0.8983333333333332,0.4562201777714489
973,Visit interval,≤10 weeks,0.8885199240986716,0.45336774432813093
974,Visit interval,≤10 weeks,0.9138166894664843,0.4025849430067481
975,Visit interval,≤10 weeks,0.9363636363636363,0.3974877325152662
976,Visit interval,≤10 weeks,0.9061728395061729,0.5328757561174472
977,Visit interval,≤10 weeks,0.8892857142857143,0.4205259319190728
978,Visit interval,≤10 weeks,0.9194736842105264,0.4487584220390333
979,Visit interval,≤10 weeks,0.8815047021943574,0.43201499684989547
980,Visit interval,≤10 weeks,0.9037037037037038,0.47875865498495523
981,Visit interval,≤10 weeks,0.9499007936507937,0.4440748300821264
982,Visit interval,≤10 weeks,0.92,0.45532840843260575
983,Visit interval,≤10 weeks,0.8967813540510544,0.44219111099628156
984,Visit interval,≤10 weeks,0.8454545454545455,0.49193593202791064
985,Visit interval,≤10 weeks,0.9633853541416566,0.4361682008787732
986,Visit interval,≤10 weeks,0.9644087256027554,0.4413591902184832
987,Visit interval,≤10 weeks,0.9261931187569368,0.42400601699604423
988,Visit interval,≤10 weeks,0.8350208457415128,0.367523888400447
989,Visit interval,≤10 weeks,0.9017647058823529,0.4628336883580445
990,Visit interval,≤10 weeks,0.8814814814814815,0.3893473057976958
991,Visit interval,≤10 weeks,0.9558423913043478,0.4152740166868808
992,Visit interval,≤10 weeks,0.9135472370766489,0.39695748910986095
993,Visit interval,≤10 weeks,0.8845350052246603,0.4616098572985855
994,Visit interval,≤10 weeks,0.9646723646723647,0.3983901314895948
995,Visit interval,≤10 weeks,0.9442204301075269,0.42954909958807047
996,Visit interval,≤10 weeks,0.8944911297852474,0.5023778691133068
997,Visit interval,≤10 weeks,0.9136904761904762,0.47775897910657134
998,Visit interval,≤10 weeks,0.877090909090909,0.4701086115400132
999,Visit interval,≤10 weeks,0.8862745098039215,0.44938184823047234
1000,Visit interval,≤10 weeks,0.8880503144654088,0.42179438905406225
1001,Visit interval,≤10 weeks,0.9161290322580645,0.4076500855478506
1002,Visit interval,≤10 weeks,0.9107142857142857,0.4896717936408936
1003,Visit interval,≤10 weeks,0.9389978213507625,0.46787534987465834
1004,Visit interval,≤10 weeks,0.8407692307692307,0.47582074105306227
1005,Visit interval,≤10 weeks,0.9294532627865961,0.4336174478568618
1006,Visit interval,≤10 weeks,0.8977987421383649,0.4618002423384624
1007,Visit interval,≤10 weeks,0.8354166666666667,0.488533779685381
1008,Visit interval,≤10 weeks,0.9492517891997397,0.4298354298723123
1009,Visit interval,≤10 weeks,0.8895253682487725,0.5196490211021161
1010,Visit interval,≤10 weeks,0.8874912648497554,0.5122093749107818
1011,Visit interval,≤10 weeks,0.8669354838709679,0.47092338107606807
1012,Visit interval,≤10 weeks,0.9014778325123153,0.41093205845809094
1013,Visit interval,≤10 weeks,0.9366071428571429,0.42386012730433276
1014,Visit interval,≤10 weeks,0.9410714285714286,0.42824124444393913
1015,Visit interval,≤10 weeks,0.952023988005997,0.3906538381189438
1016,Visit interval,≤10 weeks,0.9084084084084084,0.4114203348157809
1017,Visit interval,≤10 weeks,0.9166666666666667,0.3845829853487041
1018,Visit interval,≤10 weeks,0.9344115004492364,0.43832022133007265
1019,Visit interval,≤10 weeks,0.9264285714285714,0.43363456181992516
1020,Visit interval,≤10 weeks,0.884572072072072,0.4872700785065436
1021,Visit interval,≤10 weeks,0.9609475032010243,0.411992912856356
1022,Visit interval,≤10 weeks,0.8241525423728814,0.5143545697152091
1023,Visit interval,≤10 weeks,0.8700738916256158,0.44520008972091535
1024,Visit interval,≤10 weeks,0.9103641456582634,0.43927311251714923
1025,Visit interval,≤10 weeks,0.8928205128205128,0.5024788891412787
1026,Visit interval,≤10 weeks,0.8974358974358975,0.5221716251369326
1027,Visit interval,≤10 weeks,0.9666988416988418,0.4289355023545755
1028,Visit interval,≤10 weeks,0.8966666666666667,0.35639988991994054
1029,Visit interval,≤10 weeks,0.8918918918918919,0.4673652406258103
1030,Visit interval,≤10 weeks,0.915625,0.4043881686213239
1031,Visit interval,≤10 weeks,0.8564285714285713,0.4709242356731557
1032,Visit interval,≤10 weeks,0.9364230540701128,0.47409785706574653
1033,Visit interval,≤10 weeks,0.8852813852813852,0.46735026003059615
1034,Visit interval,≤10 weeks,0.9027916251246261,0.47356976204061446
1035,Visit interval,≤10 weeks,0.9223076923076924,0.4381306963729291
1036,Visit interval,≤10 weeks,0.9255131964809384,0.45907174579727317
1037,Visit interval,≤10 weeks,0.869281045751634,0.46157972981844764
1038,Visit interval,≤10 weeks,0.8344594594594595,0.4959046130809236
1039,Visit interval,≤10 weeks,0.974294670846395,0.40134774471754703
1040,Visit interval,≤10 weeks,0.8006060606060607,0.4903736560110992
1041,Visit interval,≤10 weeks,0.9182908545727135,0.3679659459269127
1042,Visit interval,≤10 weeks,0.919954259576901,0.4049375020548109
1043,Visit interval,≤10 weeks,0.8958001063264222,0.42566145338146794
1044,Visit interval,≤10 weeks,0.8652445369406868,0.47841247843109064
1045,Visit interval,≤10 weeks,0.9263542300669507,0.4449568982640693
1046,Visit interval,≤10 weeks,0.930718954248366,0.43396688617495405
1047,Visit interval,≤10 weeks,0.8947368421052632,0.497670041019235
1048,Visit interval,≤10 weeks,0.8513689700130378,0.4976594402686429
1049,Visit interval,≤10 weeks,0.9503968253968255,0.5490225357252702
1050,Visit interval,≤10 weeks,0.9154411764705883,0.5124441229440377
1051,Visit interval,≤10 weeks,0.8740573152337858,0.5021927996765816
1052,Visit interval,≤10 weeks,0.9006410256410257,0.5031358921157635
1053,Visit interval,≤10 weeks,0.8545977011494252,0.47070427273642956
1054,Visit interval,≤10 weeks,0.9739454094292804,0.4132649749294421
1055,Visit interval,≤10 weeks,0.9792592592592593,0.47594459270580086
1056,Visit interval,≤10 weeks,0.9115646258503401,0.4629247294418332
1057,Visit interval,≤10 weeks,0.8971428571428571,0.5136747813758376
1058,Visit interval,≤10 weeks,0.8741681790683605,0.4638075357299833
1059,Visit interval,≤10 weeks,0.9622857142857143,0.39167860774817714
1060,Visit interval,≤10 weeks,0.8649068322981367,0.4714765144827147
1061,Visit interval,≤10 weeks,0.9220246238030096,0.4034003883370154
1062,Visit interval,≤10 weeks,0.859504132231405,0.46681114939737295
1063,Visit interval,≤10 weeks,0.8897360703812316,0.4527783483379639
1064,Visit interval,≤10 weeks,0.9384615384615385,0.5026332278706516
1065,Visit interval,≤10 weeks,0.9047619047619048,0.4793568136859392
1066,Visit interval,≤10 weeks,0.90625,0.45201925857206066
1067,Visit interval,≤10 weeks,0.8693602693602693,0.5053010863350403
1068,Visit interval,≤10 weeks,0.9077733860342557,0.4204134394621326
1069,Visit interval,≤10 weeks,0.9326241134751773,0.427769418218141
1070,Visit interval,≤10 weeks,0.8165256994144438,0.5079340899347062
1071,Visit interval,≤10 weeks,0.8932748538011696,0.39317712033823604
1072,Visit interval,≤10 weeks,0.9080188679245284,0.39192073976782543
1073,Visit interval,≤10 weeks,0.884567901234568,0.44109513354293417
1074,Visit interval,≤10 weeks,0.8667861409796894,0.41004565913031793
1075,Visit interval,≤10 weeks,0.9600437876299945,0.43191152985871356
1076,Visit interval,≤10 weeks,0.943448275862069,0.4459854520170114
1077,Visit interval,≤10 weeks,0.9636479591836735,0.39339520377570575
1078,Visit interval,≤10 weeks,0.911320754716981,0.47777915635168344
1079,Visit interval,≤10 weeks,0.9040229885057471,0.4920668438054447
1080,Visit interval,≤10 weeks,0.952020202020202,0.42099306626514127
1081,Visit interval,≤10 weeks,0.8933333333333333,0.43936701774897313
1082,Visit interval,≤10 weeks,0.8372844827586207,0.4406478064383553
1083,Visit interval,≤10 weeks,0.9040880503144654,0.4860131746136202
1084,Visit interval,≤10 weeks,0.847457627118644,0.45523661743089544
1085,Visit interval,≤10 weeks,0.9368530020703933,0.4266485166862259
1086,Visit interval,≤10 weeks,0.9272183449651047,0.44302238757084783
1087,Visit interval,≤10 weeks,0.9260204081632653,0.5015393870794445
1088,Visit interval,≤10 weeks,0.84765625,0.4943778050687262
1089,Visit interval,≤10 weeks,0.8705357142857143,0.47408232377249326
1090,Visit interval,≤10 weeks,0.9240000000000002,0.4421551927850845
1091,Visit interval,≤10 weeks,0.9207573632538569,0.423724615531158
1092,Visit interval,≤10 weeks,0.9273772204806687,0.43067966522437956
1093,Visit interval,≤10 weeks,0.8951442646023926,0.46828782280330994
1094,Visit interval,≤10 weeks,0.8376923076923076,0.4943512994430054
1095,Visit interval,≤10 weeks,0.9245785270629991,0.4293488713825889
1096,Visit interval,≤10 weeks,0.905,0.40020740806674343
1097,Visit interval,≤10 weeks,0.8985562310030396,0.5165641321657564
1098,Visit interval,≤10 weeks,0.9416149068322982,0.4600631022632196
1099,Visit interval,≤10 weeks,0.8616600790513834,0.5107402030485565
1100,Visit interval,≤10 weeks,0.9126275510204082,0.4544771856144313
1101,Visit interval,≤10 weeks,0.8222374742621825,0.4577666044613426
1102,Visit interval,≤10 weeks,0.8437990580847724,0.5170148263709415
1103,Visit interval,≤10 weeks,0.9128516271373415,0.4758974557012342
1104,Visit interval,≤10 weeks,0.9130434782608696,0.5419777268523026
1105,Visit interval,≤10 weeks,0.8667452830188679,0.4317800963060765
1106,Visit interval,≤10 weeks,0.9607692307692307,0.4311717137624368
1107,Visit interval,≤10 weeks,0.9052706552706553,0.487255550866897
1108,Visit interval,≤10 weeks,0.8766447368421053,0.4156828297855166
1109,Visit interval,≤10 weeks,0.9366037735849057,0.38153983341786113
1110,Visit interval,≤10 weeks,0.9456635318704284,0.4075283431534324
1111,Visit interval,≤10 weeks,0.8895663956639567,0.46153579294628555
1112,Visit interval,≤10 weeks,0.925595238095238,0.49028046459453545
1113,Visit interval,≤10 weeks,0.9066666666666667,0.5125537762729987
1114,Visit interval,≤10 weeks,0.9066937119675457,0.4944217294787414
1115,Visit interval,≤10 weeks,0.8396004700352526,0.5320015886212052
1116,Visit interval,≤10 weeks,0.903663500678426,0.3860430721888127
1117,Visit interval,≤10 weeks,0.9233560090702948,0.46244607164465024
1118,Visit interval,≤10 weeks,0.948087431693989,0.40746676208315913
1119,Visit interval,≤10 weeks,0.8911960132890365,0.46608578194471667
1120,Visit interval,≤10 weeks,0.86066763425254,0.4791958538640989
1121,Visit interval,≤10 weeks,0.846264367816092,0.4815442445641055
1122,Visit interval,≤10 weeks,0.8995510662177328,0.448231587120294
1123,Visit interval,≤10 weeks,0.8575989782886334,0.4751725219838657
1124,Visit interval,≤10 weeks,0.941970310391363,0.4129133766862692
1125,Visit interval,≤10 weeks,0.95935960591133,0.4141435108589387
1126,Visit interval,≤10 weeks,0.8946708463949844,0.5125421842391548
1127,Visit interval,≤10 weeks,0.9293103448275861,0.4005292506606935
1128,Visit interval,≤10 weeks,0.9590729783037475,0.4241882281795649
1129,Visit interval,≤10 weeks,0.8667763157894738,0.452342308518472
1130,Visit interval,≤10 weeks,0.7389937106918238,0.5480148556412069
1131,Visit interval,≤10 weeks,0.9272030651340997,0.39056812230223426
1132,Visit interval,≤10 weeks,0.9330601092896176,0.41575177113613965
1133,Visit interval,≤10 weeks,0.821078431372549,0.45640955349331824
1134,Visit interval,≤10 weeks,0.8667711598746082,0.48341747170741267
1135,Visit interval,≤10 weeks,0.9799691833590138,0.3982582990460513
1136,Visit interval,≤10 weeks,0.8117913832199547,0.5215221775539306
1137,Visit interval,≤10 weeks,0.9015586546349467,0.4470353005082738
1138,Visit interval,≤10 weeks,0.9349529780564263,0.40776100757792655
1139,Visit interval,≤10 weeks,0.8841807909604519,0.45817753647687076
1140,Visit interval,≤10 weeks,0.9767151767151767,0.3732039531964761
1141,Visit interval,≤10 weeks,0.8964932126696833,0.4540971659899681
1142,Visit interval,≤10 weeks,0.9356643356643357,0.45209484704621833
1143,Visit interval,≤10 weeks,0.9151398264223722,0.4706399498640318
1144,Visit interval,≤10 weeks,0.9107142857142858,0.41943722997371635
1145,Visit interval,≤10 weeks,0.8810375670840788,0.4979246436292737
1146,Visit interval,≤10 weeks,0.9128654970760234,0.500497775170905
1147,Visit interval,≤10 weeks,0.9703557312252965,0.4592425250532573
1148,Visit interval,≤10 weeks,0.8682539682539684,0.4860456440940699
1149,Visit interval,≤10 weeks,0.9169811320754717,0.42805994254781765
1150,Visit interval,≤10 weeks,0.9378787878787879,0.3920731913747161
1151,Visit interval,≤10 weeks,0.9122257053291536,0.48699538552535676
1152,Visit interval,≤10 weeks,0.916969696969697,0.4950169415780375
1153,Visit interval,≤10 weeks,0.9204301075268817,0.4529375898846059
1154,Visit interval,≤10 weeks,0.9221082089552238,0.4333269704103979
1155,Visit interval,≤10 weeks,0.9775757575757575,0.36953904687435185
1156,Visit interval,≤10 weeks,0.9137826350941105,0.43420252576716917
1157,Visit interval,≤10 weeks,0.89374185136897,0.38656337815300146
1158,Visit interval,≤10 weeks,0.9370314842578711,0.383272797738994
1159,Visit interval,≤10 weeks,0.9413841807909604,0.4537110188195582
1160,Visit interval,≤10 weeks,0.9348571428571428,0.39537935413765585
1161,Visit interval,≤10 weeks,0.879251700680272,0.4481785827405287
1162,Visit interval,≤10 weeks,0.9166666666666667,0.44627881453499035
1163,Visit interval,≤10 weeks,0.873015873015873,0.42824803761385877
1164,Visit interval,≤10 weeks,0.9195075757575758,0.4256112361009383
1165,Visit interval,≤10 weeks,0.9062901155327343,0.4538974106779659
1166,Visit interval,≤10 weeks,0.8968784838350056,0.42953542503898956
1167,Visit interval,≤10 weeks,0.8163009404388716,0.4890676833093463
1168,Visit interval,≤10 weeks,0.9154411764705883,0.4065903083359969
1169,Visit interval,≤10 weeks,0.9422799422799423,0.4408819269681043
1170,Visit interval,≤10 weeks,0.8840144230769231,0.46354049538126096
1171,Visit interval,≤10 weeks,0.9132040627885503,0.42251816130147657
1172,Visit interval,≤10 weeks,0.9166666666666666,0.3849551934715563
1173,Visit interval,≤10 weeks,0.9095238095238095,0.40304118736645494
1174,Visit interval,≤10 weeks,0.909607438016529,0.39659585265847885
1175,Visit interval,≤10 weeks,0.8813303099017386,0.4090490518166914
1176,Visit interval,≤10 weeks,0.8035714285714285,0.5481291299680506
1177,Visit interval,≤10 weeks,0.9021739130434783,0.42372723240181276
1178,Visit interval,≤10 weeks,0.9095534200113058,0.4268812152339721
1179,Visit interval,≤10 weeks,0.9336579427875836,0.5222184092673684
1180,Visit interval,≤10 weeks,0.8636363636363636,0.5216880097429293
1181,Visit interval,≤10 weeks,0.9342592592592592,0.47037672600011715
1182,Visit interval,≤10 weeks,0.8367816091954022,0.4639222522185984
1183,Visit interval,≤10 weeks,0.8889655172413793,0.5343831877664574
1184,Visit interval,≤10 weeks,0.921875,0.4266242668765834
1185,Visit interval,≤10 weeks,0.9238026124818578,0.46238045192266763
1186,Visit interval,≤10 weeks,0.8400586940572267,0.44345324146874476
1187,Visit interval,≤10 weeks,0.8885869565217391,0.4826107696231827
1188,Visit interval,≤10 weeks,0.8971014492753623,0.42525642105869776
1189,Visit interval,≤10 weeks,0.8928813559322033,0.4604562880106805
1190,Visit interval,≤10 weeks,0.9284712482468443,0.4853738205624537
1191,Visit interval,≤10 weeks,0.8918406072106262,0.5057301300403899
1192,Visit interval,≤10 weeks,0.862298195631529,0.4668841761662837
1193,Visit interval,≤10 weeks,0.8651477832512315,0.4703953762504073
1194,Visit interval,≤10 weeks,0.883673469387755,0.4407661857234617
1195,Visit interval,≤10 weeks,0.9406887755102041,0.4102983481856723
1196,Visit interval,≤10 weeks,0.8940860215053764,0.4586555356047541
1197,Visit interval,≤10 weeks,0.8232758620689655,0.4614893214720609
1198,Visit interval,≤10 weeks,0.7564102564102565,0.4956134278954439
1199,Visit interval,≤10 weeks,0.9116129032258065,0.40911598116352377
1200,Visit interval,≤10 weeks,0.8797953964194373,0.4843496335765384
1201,Visit interval,≤10 weeks,0.9435897435897436,0.3818317660963773
1202,Visit interval,≤10 weeks,0.951417004048583,0.4405563259866096
1203,Visit interval,≤10 weeks,0.9098532494758911,0.4159381141657521
1204,Visit interval,≤10 weeks,0.8624627606752732,0.5316424283149148
1205,Visit interval,≤10 weeks,0.9166666666666666,0.3605215201229551
1206,Visit interval,≤10 weeks,0.8419540229885057,0.47032112176551066
1207,Visit interval,≤10 weeks,0.9215317011927181,0.4007156811927769
1208,Visit interval,≤10 weeks,0.9634146341463414,0.4187693552676041
1209,Visit interval,≤10 weeks,0.9341523341523341,0.48378337102027025
1210,Visit interval,≤10 weeks,0.8292011019283746,0.5097454576918561
1211,Visit interval,≤10 weeks,0.8935309973045822,0.4304981000822396
1212,Visit interval,≤10 weeks,0.9488103821196828,0.3916076850184861
1213,Visit interval,≤10 weeks,0.961560203504805,0.4151709641806863
1214,Visit interval,≤10 weeks,0.9327956989247311,0.42656535254286315
1215,Visit interval,≤10 weeks,0.903361344537815,0.39176463790946797
1216,Visit interval,≤10 weeks,0.8863247863247863,0.41565604590444777
1217,Visit interval,≤10 weeks,0.9114877589453861,0.3763314383917143
1218,Visit interval,≤10 weeks,0.9336158192090396,0.3313706106546437
1219,Visit interval,≤10 weeks,0.9158485273492285,0.42110166776231284
1220,Visit interval,≤10 weeks,0.9720332577475435,0.3827808515286519
1221,Visit interval,≤10 weeks,0.8698553948832035,0.45868272667218407
1222,Visit interval,≤10 weeks,0.9218455743879472,0.37414805350438457
1223,Visit interval,≤10 weeks,0.9661117717003567,0.44111989213193337
1224,Visit interval,≤10 weeks,0.9397522522522522,0.4323749455199701
1225,Visit interval,≤10 weeks,0.9382151029748285,0.3714515172226317
1226,Visit interval,≤10 weeks,0.8468104222821203,0.4777020056745285
1227,Visit interval,≤10 weeks,0.8682983682983684,0.43941978677113597
1228,Visit interval,≤10 weeks,0.8912721893491125,0.43606103488687
1229,Visit interval,≤10 weeks,0.8607843137254902,0.5250174049958987
1230,Visit interval,≤10 weeks,0.9250700280112045,0.4653117883303076
1231,Visit interval,≤10 weeks,0.9329004329004329,0.3906781553271278
1232,Visit interval,≤10 weeks,0.8846726190476191,0.4135733125838064
1233,Visit interval,≤10 weeks,0.8940285954583684,0.4180778616441311
1234,Visit interval,≤10 weeks,0.9624924379915306,0.3921882741777775
1235,Visit interval,≤10 weeks,0.9385964912280701,0.4562985903283168
1236,Visit interval,≤10 weeks,0.8757396449704142,0.40889785162648407
1237,Visit interval,≤10 weeks,0.9361223571749888,0.48664841291831057
1238,Visit interval,≤10 weeks,0.9270361990950227,0.416841753983752
1239,Visit interval,≤10 weeks,0.8858024691358024,0.4605367782986028
1240,Visit interval,≤10 weeks,0.896590909090909,0.45225040112972
1241,Visit interval,≤10 weeks,0.9173177083333334,0.44114076348570547
1242,Visit interval,≤10 weeks,0.9250474383301708,0.4269247573305341
1243,Visit interval,≤10 weeks,0.9408233276157805,0.40002638562433146
1244,Visit interval,≤10 weeks,0.96784715750233,0.4616761216649424
1245,Visit interval,≤10 weeks,0.8967032967032967,0.482396237074811
1246,Visit interval,≤10 weeks,0.8879032258064516,0.4154134192045411
1247,Visit interval,≤10 weeks,0.9191576086956521,0.4043485329113208
1248,Visit interval,≤10 weeks,0.9662857142857143,0.3626014659956277
1249,Visit interval,≤10 weeks,0.8890931372549019,0.46824162169095457
1250,Visit interval,≤10 weeks,0.8969298245614036,0.4749112351991891
1251,Visit interval,≤10 weeks,0.8753246753246753,0.42526924910178904
1252,Visit interval,≤10 weeks,0.9371184371184371,0.4065941873551595
1253,Visit interval,≤10 weeks,0.9776021080368907,0.4011248976341478
1254,Visit interval,≤10 weeks,0.8577586206896551,0.41005394127432226
1255,Visit interval,≤10 weeks,0.9206349206349206,0.37481551683106074
1256,Visit interval,≤10 weeks,0.9213907785336357,0.488598029743752
1257,Visit interval,≤10 weeks,0.91005291005291,0.4114200688863159
1258,Visit interval,≤10 weeks,0.9397260273972602,0.40266510023281404
1259,Visit interval,≤10 weeks,0.8977583378895571,0.5182530947489585
1260,Visit interval,≤10 weeks,0.9401041666666666,0.42343513797324955
1261,Visit interval,≤10 weeks,0.8666666666666667,0.5386959705876254
1262,Visit interval,≤10 weeks,0.9259259259259259,0.33949316956264436
1263,Visit interval,≤10 weeks,0.9286563614744353,0.3667340145256563
1264,Visit interval,≤10 weeks,0.9147465437788018,0.49556230096321613
1265,Visit interval,≤10 weeks,0.940377358490566,0.38727007019910953
1266,Visit interval,≤10 weeks,0.9411764705882353,0.4798023871347475
1267,Visit interval,≤10 weeks,0.8685185185185185,0.46236470305139565
1268,Visit interval,≤10 weeks,0.8857725650178481,0.41139495017136285
1269,Visit interval,≤10 weeks,0.9076704545454546,0.43293114048237674
1270,Visit interval,≤10 weeks,0.9309895833333334,0.44522105121344135
1271,Visit interval,≤10 weeks,0.8681318681318682,0.42587928479227444
1272,Visit interval,≤10 weeks,0.8955592105263158,0.3949674818992105
1273,Visit interval,≤10 weeks,0.9622641509433962,0.3472042639417649
1274,Visit interval,≤10 weeks,0.945233265720081,0.4349714432675936
1275,Visit interval,≤10 weeks,0.9286510590858417,0.42748386466413674
1276,Visit interval,≤10 weeks,0.916256157635468,0.4441382998754121
1277,Visit interval,≤10 weeks,0.9087301587301587,0.4851842330171679
1278,Visit interval,≤10 weeks,0.9185540069686411,0.5045937140854532
1279,Visit interval,≤10 weeks,0.8922902494331066,0.4302092136223613
1280,Visit interval,≤10 weeks,0.9688405797101449,0.32309573620970583
1281,Visit interval,≤10 weeks,0.919973544973545,0.3896848223499346
1282,Visit interval,≤10 weeks,0.9152435167615433,0.42906466327865944
1283,Visit interval,≤10 weeks,0.8815789473684211,0.5275725408419453
1284,Visit interval,≤10 weeks,0.8548593350383632,0.5195998838988478
1285,Visit interval,≤10 weeks,0.9518518518518518,0.37786616206100737
1286,Visit interval,≤10 weeks,0.910377358490566,0.41348551991459864
1287,Visit interval,≤10 weeks,0.9102263856362217,0.47146907029175583
1288,Visit interval,≤10 weeks,0.9602977667493796,0.361426237953261
1289,Visit interval,≤10 weeks,0.8707792207792208,0.43263133446346275
1290,Visit interval,≤10 weeks,0.8713110788582487,0.5028592271171896
1291,Visit interval,≤10 weeks,0.9579193454120397,0.40713212902456386
1292,Visit interval,≤10 weeks,0.9166666666666666,0.3916502468227261
1293,Visit interval,≤10 weeks,0.8471933471933472,0.45146574808822715
1294,Visit interval,≤10 weeks,0.9226020892687559,0.4288517406376574
1295,Visit interval,≤10 weeks,0.9430443548387097,0.42801171261997584
1296,Visit interval,≤10 weeks,0.8982142857142857,0.42494836935117825
1297,Visit interval,≤10 weeks,0.8982176360225141,0.4874588783191088
1298,Visit interval,≤10 weeks,0.9109274563820019,0.4410824472487193
1299,Visit interval,≤10 weeks,0.8945221445221445,0.43965961192301495
1300,Visit interval,≤10 weeks,0.8525641025641026,0.4235272403371365
1301,Visit interval,≤10 weeks,0.9148936170212766,0.4194912640629343
1302,Visit interval,≤10 weeks,0.8967391304347826,0.4426914367975605
1303,Visit interval,≤10 weeks,0.83942908117752,0.4591897355210473
1304,Visit interval,≤10 weeks,0.8728448275862069,0.4689033596350914
1305,Visit interval,≤10 weeks,0.9553226696083839,0.46966338918837686
1306,Visit interval,≤10 weeks,0.9734183944710261,0.35937299596483896
1307,Visit interval,≤10 weeks,0.893387314439946,0.466307856950911
1308,Visit interval,≤10 weeks,0.851063829787234,0.5062797023354596
1309,Visit interval,≤10 weeks,0.93025283347864,0.41908964279405253
1310,Visit interval,≤10 weeks,0.907051282051282,0.36765630481913497
1311,Visit interval,≤10 weeks,0.8764880952380952,0.42415301909480607
1312,Visit interval,≤10 weeks,0.9578598484848484,0.46626126835184556
1313,Visit interval,≤10 weeks,0.8491228070175438,0.4903612656801098
1314,Visit interval,≤10 weeks,0.8376068376068376,0.5113026371786583
1315,Visit interval,≤10 weeks,0.9427244582043344,0.46869392322318637
1316,Visit interval,≤10 weeks,0.9284188034188035,0.40990975007792135
1317,Visit interval,≤10 weeks,0.9096638655462185,0.45481666522964775
1318,Visit interval,≤10 weeks,0.9415094339622642,0.38190700917036824
1319,Visit interval,≤10 weeks,0.8640308582449374,0.4811712836640572
1320,Visit interval,≤10 weeks,0.91661594643944,0.39501159623862037
1321,Visit interval,≤10 weeks,0.9068825910931174,0.43164356499620105
1322,Visit interval,≤10 weeks,0.9717741935483871,0.35076930804099093
1323,Visit interval,≤10 weeks,0.9494884910485933,0.46699427886430883
1324,Visit interval,≤10 weeks,0.8742017879948915,0.4516990057932184
1325,Visit interval,≤10 weeks,0.9772727272727272,0.3425105621491125
1326,Visit interval,≤10 weeks,0.9531024531024531,0.30959053746910814
1327,Visit interval,≤10 weeks,0.9246913580246914,0.48272519426488414
1328,Visit interval,≤10 weeks,0.9510357815442562,0.3872190226618643
1329,Visit interval,≤10 weeks,0.9025735294117647,0.4103732837343137
1330,Visit interval,≤10 weeks,0.8846153846153846,0.3997350699057083
1331,Visit interval,≤10 weeks,0.9236596736596736,0.4818705550043156
1332,Visit interval,≤10 weeks,0.9068627450980392,0.41443984949533735
1333,Visit interval,≤10 weeks,0.8780991735537191,0.5168888678050544
1334,Visit interval,≤10 weeks,0.9160756501182034,0.44766204437395263
1335,Visit interval,≤10 weeks,0.8763227513227513,0.5406134816909018
1336,Visit interval,≤10 weeks,0.9135483870967742,0.5379901042535344
1337,Visit interval,≤10 weeks,0.9289940828402367,0.4543049977546551
1338,Visit interval,≤10 weeks,0.9166666666666666,0.39150564262062015
1339,Visit interval,≤10 weeks,0.9258241758241759,0.473998986595328
1340,Visit interval,≤10 weeks,0.8674509803921568,0.4315286205940489
1341,Visit interval,≤10 weeks,0.9095816464237516,0.45022516846119565
1342,Visit interval,≤10 weeks,0.8798833819241982,0.49236010516860174
1343,Visit interval,≤10 weeks,0.9354838709677419,0.4184248379236665
1344,Visit interval,≤10 weeks,0.9467634603750756,0.3880292514871176
1345,Visit interval,≤10 weeks,0.919631093544137,0.400909568675768
1346,Visit interval,≤10 weeks,0.922077922077922,0.4458242737173342
1347,Visit interval,≤10 weeks,0.8738095238095238,0.4803750901531822
1348,Visit interval,≤10 weeks,0.9187096774193548,0.43358367339559045
1349,Visit interval,≤10 weeks,0.9293981481481481,0.43676427760945913
1350,Visit interval,≤10 weeks,0.8700592885375493,0.4914533729027492
1351,Visit interval,≤10 weeks,0.8979375991538868,0.4799044834941609
1352,Visit interval,≤10 weeks,0.9170702179176756,0.4818775612362465
1353,Visit interval,≤10 weeks,0.9587324981577008,0.3816324519553225
1354,Visit interval,≤10 weeks,0.8761538461538462,0.4845694638605612
1355,Visit interval,≤10 weeks,0.8831521739130435,0.5392058746726932
1356,Visit interval,≤10 weeks,0.9466089466089466,0.3589766547739713
1357,Visit interval,≤10 weeks,0.925735294117647,0.4620754388277967
1358,Visit interval,≤10 weeks,0.9198751300728407,0.4934752395113197
1359,Visit interval,≤10 weeks,0.8692602040816326,0.5765508566777029
1360,Visit interval,≤10 weeks,0.9116625310173698,0.4349877178713711
1361,Visit interval,≤10 weeks,0.9358974358974359,0.4219356545600196
1362,Visit interval,≤10 weeks,0.9427917620137299,0.4262756228500115
1363,Visit interval,≤10 weeks,0.8145363408521303,0.5683689103782403
1364,Visit interval,≤10 weeks,0.8263888888888888,0.5135262362906954
1365,Visit interval,≤10 weeks,0.918421052631579,0.4167889510385186
1366,Visit interval,≤10 weeks,0.9354838709677419,0.45696467295829285
1367,Visit interval,≤10 weeks,0.8895071542130365,0.4213459026512484
1368,Visit interval,≤10 weeks,0.995,0.3597894165427812
1369,Visit interval,≤10 weeks,0.8770614692653673,0.4421140736995425
1370,Visit interval,≤10 weeks,0.9356756756756757,0.45529786474909123
1371,Visit interval,≤10 weeks,0.8914285714285715,0.4097250230231179
1372,Visit interval,≤10 weeks,0.8641379310344827,0.4521306280101534
1373,Visit interval,≤10 weeks,0.9099099099099099,0.529933886979846
1374,Visit interval,≤10 weeks,0.8885630498533724,0.4637106434761008
1375,Visit interval,≤10 weeks,0.9346153846153846,0.44829889706941284
1376,Visit interval,≤10 weeks,0.8733747880158281,0.4514482774697228
1377,Visit interval,≤10 weeks,0.9573643410852714,0.4043370566304062
1378,Visit interval,≤10 weeks,0.9049773755656109,0.3815304266498971
1379,Visit interval,≤10 weeks,0.8926767676767676,0.4558893976645762
1380,Visit interval,≤10 weeks,0.9008838383838383,0.4549159500719295
1381,Visit interval,≤10 weeks,0.9065934065934066,0.4039051733759596
1382,Visit interval,≤10 weeks,0.8503605769230769,0.4375486716565965
1383,Visit interval,≤10 weeks,0.9331103678929766,0.4616942449507978
1384,Visit interval,≤10 weeks,0.907114624505929,0.38913621305213825
1385,Visit interval,≤10 weeks,0.9166666666666666,0.5024024128842937
1386,Visit interval,≤10 weeks,0.9,0.35877003853290884
1387,Visit interval,≤10 weeks,0.8225524475524476,0.49210973769050403
1388,Visit interval,≤10 weeks,0.9193675889328063,0.47114697925376975
1389,Visit interval,≤10 weeks,0.9576923076923078,0.38334289059172116
1390,Visit interval,≤10 weeks,0.8513436249285306,0.5124481420142003
1391,Visit interval,≤10 weeks,0.8776628119293974,0.4859734319453734
1392,Visit interval,≤10 weeks,0.8491704374057315,0.508979730627846
1393,Visit interval,≤10 weeks,0.9543478260869566,0.38998691806718644
1394,Visit interval,≤10 weeks,0.8782172002510985,0.4418803888744722
1395,Visit interval,≤10 weeks,0.9686274509803922,0.34842820914689354
1396,Visit interval,≤10 weeks,0.9644444444444444,0.40646428884792696
1397,Visit interval,≤10 weeks,0.9397677793904208,0.4107349826300838
1398,Visit interval,≤10 weeks,0.8623188405797101,0.5113980389818422
1399,Visit interval,≤10 weeks,0.9536541889483066,0.32993303060065954
1400,Visit interval,≤10 weeks,0.8986013986013986,0.5406637468240827
1401,Visit interval,≤10 weeks,0.9414261460101867,0.43700102419104037
1402,Visit interval,≤10 weeks,0.9176190476190476,0.41867759491305506
1403,Visit interval,≤10 weeks,0.8815104166666666,0.4573544501737066
1404,Visit interval,≤10 weeks,0.8660714285714286,0.4244131730210478
1405,Visit interval,≤10 weeks,0.9405772495755519,0.4270391445512466
1406,Visit interval,≤10 weeks,0.9416553595658073,0.4243195325185
1407,Visit interval,≤10 weeks,0.9122222222222222,0.4390343062628578
1408,Visit interval,≤10 weeks,0.8914835164835164,0.40575680998266617
1409,Visit interval,≤10 weeks,0.9191919191919192,0.4578679674443119
1410,Visit interval,≤10 weeks,0.951530612244898,0.3664269273805434
1411,Visit interval,≤10 weeks,0.8853809196980096,0.46618999693357394
1412,Visit interval,≤10 weeks,0.880272952853598,0.430061278206683
1413,Visit interval,≤10 weeks,0.8972222222222223,0.42395194339371906
1414,Visit interval,≤10 weeks,0.8820779220779221,0.508919479979088
1415,Visit interval,≤10 weeks,0.9086538461538461,0.4164358106055479
1416,Visit interval,≤10 weeks,0.9014778325123153,0.43164470134363475
1417,Visit interval,≤10 weeks,0.9064327485380117,0.45074703412365946
1418,Visit interval,≤10 weeks,0.8791092258748674,0.5094981860250805
1419,Visit interval,≤10 weeks,0.9455737704918034,0.45432959054566185
1420,Visit interval,≤10 weeks,0.8940677966101694,0.45723281131487065
1421,Visit interval,≤10 weeks,0.8741818181818182,0.46358186740580143
1422,Visit interval,≤10 weeks,0.8492063492063493,0.49095379117477145
1423,Visit interval,≤10 weeks,0.9426406926406926,0.44064062356399325
1424,Visit interval,≤10 weeks,0.9023728813559322,0.45746546571178953
1425,Visit interval,≤10 weeks,0.9032501889644746,0.48077134327914545
1426,Visit interval,≤10 weeks,0.972565157750343,0.3541399631980917
1427,Visit interval,≤10 weeks,0.9178181818181819,0.4635346356980038
1428,Visit interval,≤10 weeks,0.9153439153439153,0.4795807820048732
1429,Visit interval,≤10 weeks,0.9336670838548186,0.3770461934976777
1430,Visit interval,≤10 weeks,0.835609243697479,0.5436664754634705
1431,Visit interval,≤10 weeks,0.9418604651162791,0.44865275242776526
1432,Visit interval,≤10 weeks,0.9197916666666667,0.4343245812757457
1433,Visit interval,≤10 weeks,0.9216524216524217,0.4456771373156468
1434,Visit interval,≤10 weeks,0.8619047619047618,0.4818912017288711
1435,Visit interval,≤10 weeks,0.8971428571428572,0.4593932451803646
1436,Visit interval,≤10 weeks,0.8925979680696663,0.4005554240381494
1437,Visit interval,≤10 weeks,0.9249571183533447,0.40440121970730286
1438,Visit interval,≤10 weeks,0.9103030303030304,0.4844330462992847
1439,Visit interval,≤10 weeks,0.9062253743104807,0.4345163110571567
1440,Visit interval,≤10 weeks,0.9662058371735791,0.3754087929802927
1441,Visit interval,≤10 weeks,0.9116059379217274,0.48502956027379235
1442,Visit interval,≤10 weeks,0.9139504563233377,0.38357228040761093
1443,Visit interval,≤10 weeks,0.8181818181818182,0.40333494186318813
1444,Visit interval,≤10 weeks,0.9523809523809523,0.5236145311854387
1445,Visit interval,≤10 weeks,0.8773041474654378,0.4235535721223628
1446,Visit interval,≤10 weeks,0.9258760107816711,0.36931459366948255
1447,Visit interval,≤10 weeks,0.9258750857927247,0.41466450465451277
1448,Visit interval,≤10 weeks,0.8908382066276803,0.4455764515893993
1449,Visit interval,≤10 weeks,0.9208579881656805,0.40649730520728067
1450,Visit interval,≤10 weeks,0.9094292803970223,0.39588359610995577
1451,Visit interval,≤10 weeks,0.9457671957671958,0.37754920209853565
1452,Visit interval,≤10 weeks,0.9418238993710693,0.4021429896006422
1453,Visit interval,≤10 weeks,0.9596448748991122,0.4041776802397822
1454,Visit interval,≤10 weeks,0.8856249999999999,0.48218733262456803
1455,Visit interval,≤10 weeks,0.8606676342525399,0.5382265824106912
1456,Visit interval,≤10 weeks,0.9444444444444444,0.3893012013985287
1457,Visit interval,≤10 weeks,0.962962962962963,0.4416005122092167
1458,Visit interval,≤10 weeks,0.889655172413793,0.40710357488073284
1459,Visit interval,≤10 weeks,0.8617283950617284,0.4714496066785437
1460,Visit interval,≤10 weeks,0.8963133640552995,0.39914611636188474
1461,Visit interval,≤10 weeks,0.9166666666666666,0.37789372486221584
1462,Visit interval,≤10 weeks,0.893421052631579,0.5180756974901399
1463,Visit interval,≤10 weeks,0.8711111111111112,0.48872056609283204
1464,Visit interval,≤10 weeks,0.8495867768595041,0.549987474660165
1465,Visit interval,≤10 weeks,0.8886666666666667,0.4948997745880602
1466,Visit interval,≤10 weeks,0.8686868686868687,0.47567550494751387
1467,Visit interval,≤10 weeks,0.9629040805511394,0.46666065401971174
1468,Visit interval,≤10 weeks,0.8845481049562682,0.4735186063756564
1469,Visit interval,≤10 weeks,0.9333333333333333,0.37046959505314947
1470,Visit interval,≤10 weeks,0.9576470588235294,0.44367253662297174
1471,Visit interval,≤10 weeks,0.783323189287888,0.4992245868046075
1472,Visit interval,≤10 weeks,0.883879781420765,0.4223271848743313
1473,Visit interval,≤10 weeks,0.9359631147540983,0.4464282614531255
1474,Visit interval,≤10 weeks,0.9131652661064427,0.5086881795828601
1475,Visit interval,≤10 weeks,0.8792517006802721,0.48180330425142404
1476,Visit interval,≤10 weeks,0.9290322580645162,0.3950358027575315
1477,Visit interval,≤10 weeks,0.9785539215686274,0.3516135107215448
1478,Visit interval,≤10 weeks,0.9027173913043478,0.4583541679729871
1479,Visit interval,≤10 weeks,0.9084249084249084,0.40928594076092595
1480,Visit interval,≤10 weeks,0.9291187739463601,0.43574141926389515
1481,Visit interval,≤10 weeks,0.9022988505747127,0.4630790462283224
1482,Visit interval,≤10 weeks,0.9213793103448277,0.4142080018887473
1483,Visit interval,≤10 weeks,0.9264150943396227,0.48991468293704915
1484,Visit interval,≤10 weeks,0.8784153005464481,0.47811103261360194
1485,Visit interval,≤10 weeks,0.9260416666666667,0.39730503297507624
1486,Visit interval,≤10 weeks,0.9585034013605442,0.38174781842844246
1487,Visit interval,≤10 weeks,0.8441176470588235,0.4517557108846191
1488,Visit interval,≤10 weeks,0.7926136363636364,0.5067709611798487
1489,Visit interval,≤10 weeks,0.8913043478260869,0.5063961416711537
1490,Visit interval,≤10 weeks,0.9130747126436782,0.4819888552339713
1491,Visit interval,≤10 weeks,0.8793333333333333,0.42482949541576726
1492,Visit interval,≤10 weeks,0.9333333333333333,0.4592299947254722
1493,Visit interval,≤10 weeks,0.954459203036053,0.39489604424953856
1494,Visit interval,≤10 weeks,0.9395424836601306,0.42903963158197006
1495,Visit interval,≤10 weeks,0.8833723653395784,0.44506639934157466
1496,Visit interval,≤10 weeks,0.9340277777777778,0.42645487926756104
1497,Visit interval,≤10 weeks,0.9174256223436551,0.4114765316931255
1498,Visit interval,≤10 weeks,0.9033613445378151,0.3996491014695373
1499,Visit interval,≤10 weeks,0.8893333333333333,0.46440955624884567
0,Visit interval,>10 weeks,0.7488888888888888,0.3562333633874584
1,Visit interval,>10 weeks,0.8879142300194932,0.33593571171496756
2,Visit interval,>10 weeks,0.8126315789473684,0.39922204571362896
3,Visit interval,>10 weeks,0.8287037037037037,0.43518772870065064
4,Visit interval,>10 weeks,0.9263502454991817,0.34693854503078897
5,Visit interval,>10 weeks,0.8823529411764706,0.4632759663656591
6,Visit interval,>10 weeks,0.8537234042553191,0.3505503401208591
7,Visit interval,>10 weeks,0.8742857142857142,0.4437403995415916
8,Visit interval,>10 weeks,0.8301393728222997,0.3898425258016582
9,Visit interval,>10 weeks,0.8118131868131868,0.4507184896470879
10,Visit interval,>10 weeks,0.8132411067193676,0.5359281905191183
11,Visit interval,>10 weeks,0.942889137737962,0.38613638606792594
12,Visit interval,>10 weeks,0.8457446808510639,0.4233051525742339
13,Visit interval,>10 weeks,0.9512499999999999,0.34126197906733835
14,Visit interval,>10 weeks,0.8517441860465117,0.4405016366642372
15,Visit interval,>10 weeks,0.9212860310421286,0.3620691526701156
16,Visit interval,>10 weeks,0.7722371967654986,0.49932694930017574
17,Visit interval,>10 weeks,0.96524064171123,0.3129323186426522
18,Visit interval,>10 weeks,0.882051282051282,0.3278088015969341
19,Visit interval,>10 weeks,0.8767241379310345,0.44413152185082794
20,Visit interval,>10 weeks,0.7897371714643304,0.34989046211685265
21,Visit interval,>10 weeks,0.788647342995169,0.3725299071540772
22,Visit interval,>10 weeks,0.8481510621557828,0.392869990167358
23,Visit interval,>10 weeks,0.8527062999112689,0.4439847167737121
24,Visit interval,>10 weeks,0.8634920634920635,0.36646054516523435
25,Visit interval,>10 weeks,0.8345864661654135,0.4276560093001605
26,Visit interval,>10 weeks,0.9005291005291005,0.3676804489143842
27,Visit interval,>10 weeks,0.9083333333333333,0.2974211570256074
28,Visit interval,>10 weeks,0.782608695652174,0.44316268646570384
29,Visit interval,>10 weeks,0.8624999999999999,0.37344886427014357
30,Visit interval,>10 weeks,0.8253856942496494,0.3823795810849718
31,Visit interval,>10 weeks,0.9105263157894736,0.37870591721076735
32,Visit interval,>10 weeks,0.8405797101449275,0.4070572672382224
33,Visit interval,>10 weeks,0.9219298245614035,0.37949653812796963
34,Visit interval,>10 weeks,0.8530701754385964,0.40055612075839325
35,Visit interval,>10 weeks,0.8320987654320987,0.398483025617205
36,Visit interval,>10 weeks,0.8889860139860141,0.36139717300195157
37,Visit interval,>10 weeks,0.9277777777777778,0.469770228099332
38,Visit interval,>10 weeks,0.8595744680851064,0.3701729076703202
39,Visit interval,>10 weeks,0.832183908045977,0.40039062285935517
40,Visit interval,>10 weeks,0.9727891156462585,0.33953890066261977
41,Visit interval,>10 weeks,0.911880409126672,0.450096518283932
42,Visit interval,>10 weeks,0.8812217194570137,0.3975264529860652
43,Visit interval,>10 weeks,0.8369565217391305,0.4299334913761703
44,Visit interval,>10 weeks,0.8452797202797202,0.327600514558131
45,Visit interval,>10 weeks,0.8002070393374742,0.3945688426659209
46,Visit interval,>10 weeks,0.8944444444444444,0.33280499232575667
47,Visit interval,>10 weeks,0.8728414442700156,0.3979407109430425
48,Visit interval,>10 weeks,0.8289992119779354,0.37553199044408947
49,Visit interval,>10 weeks,0.9226666666666667,0.36378173658094415
50,Visit interval,>10 weeks,0.8862068965517241,0.438012793604215
51,Visit interval,>10 weeks,0.8466666666666667,0.3990303920265046
52,Visit interval,>10 weeks,0.8559928443649374,0.5032267955032882
53,Visit interval,>10 weeks,0.8947368421052632,0.37206795406433835
54,Visit interval,>10 weeks,0.8935185185185185,0.4381832831684727
55,Visit interval,>10 weeks,0.7909407665505227,0.521619264304576
56,Visit interval,>10 weeks,0.8968085106382979,0.4643100685755865
57,Visit interval,>10 weeks,0.8292220113851992,0.4264116334340544
58,Visit interval,>10 weeks,0.830948121645796,0.3352025638519687
59,Visit interval,>10 weeks,0.8558823529411765,0.38733464233613346
60,Visit interval,>10 weeks,0.7835497835497836,0.32749276160954766
61,Visit interval,>10 weeks,0.8927125506072875,0.400868426490099
62,Visit interval,>10 weeks,0.9057649667405766,0.39162930562741266
63,Visit interval,>10 weeks,0.8333333333333333,0.38175042746896226
64,Visit interval,>10 weeks,0.8822539949537427,0.3169747298509506
65,Visit interval,>10 weeks,0.8958333333333334,0.37610817738363816
66,Visit interval,>10 weeks,0.9095607235142118,0.31796936409672666
67,Visit interval,>10 weeks,0.8214634146341464,0.4710826340118674
68,Visit interval,>10 weeks,0.8083333333333333,0.443763764380917
69,Visit interval,>10 weeks,0.9478098788443616,0.4511785966773255
70,Visit interval,>10 weeks,0.7082179132040627,0.4788087769928902
71,Visit interval,>10 weeks,0.843801652892562,0.4096943131833544
72,Visit interval,>10 weeks,0.8181818181818181,0.404870069407828
73,Visit interval,>10 weeks,0.8492907801418439,0.40414034941209065
74,Visit interval,>10 weeks,0.892,0.39643725112717765
75,Visit interval,>10 weeks,0.919103313840156,0.331740667499468
76,Visit interval,>10 weeks,0.9333333333333333,0.3904761596448399
77,Visit interval,>10 weeks,0.8944911297852475,0.3486563356802242
78,Visit interval,>10 weeks,0.8588235294117648,0.3350143934829042
79,Visit interval,>10 weeks,0.896681749622926,0.43556413860380555
80,Visit interval,>10 weeks,0.9,0.4281971692687571
81,Visit interval,>10 weeks,0.9557226399331663,0.3782129111333245
82,Visit interval,>10 weeks,0.9216269841269842,0.413264300697248
83,Visit interval,>10 weeks,0.7836879432624113,0.35880016869839054
84,Visit interval,>10 weeks,0.826388888888889,0.3823535416839146
85,Visit interval,>10 weeks,0.9333333333333332,0.42052559887109725
86,Visit interval,>10 weeks,0.904864864864865,0.3311809221744315
87,Visit interval,>10 weeks,0.922875816993464,0.43388647450022777
88,Visit interval,>10 weeks,0.8183333333333332,0.41045186453804067
89,Visit interval,>10 weeks,0.8015873015873016,0.37162110483068217
90,Visit interval,>10 weeks,0.8319397993311037,0.39908016801901813
91,Visit interval,>10 weeks,0.7400332225913621,0.4790246162929048
92,Visit interval,>10 weeks,0.8928229665071771,0.4030629860136721
93,Visit interval,>10 weeks,0.8273921200750469,0.3374923158398355
94,Visit interval,>10 weeks,0.85,0.41697489158264395
95,Visit interval,>10 weeks,0.8018018018018018,0.40380529437867363
96,Visit interval,>10 weeks,0.8981173864894796,0.395934227744714
97,Visit interval,>10 weeks,0.9119047619047619,0.33959817476781784
98,Visit interval,>10 weeks,0.9009259259259259,0.3647551878863809
99,Visit interval,>10 weeks,0.81313598519889,0.412447981063851
100,Visit interval,>10 weeks,0.8432653061224489,0.4499489108959553
101,Visit interval,>10 weeks,0.9181585677749361,0.34254851551353044
102,Visit interval,>10 weeks,0.8826945412311266,0.358469734404589
103,Visit interval,>10 weeks,0.8421052631578947,0.4010552057035786
104,Visit interval,>10 weeks,0.8960302457466918,0.4211025548270292
105,Visit interval,>10 weeks,0.8493589743589745,0.297404454939949
106,Visit interval,>10 weeks,0.9144736842105263,0.3963004943965745
107,Visit interval,>10 weeks,0.8177150192554556,0.3690812576675671
108,Visit interval,>10 weeks,0.8583916083916084,0.49880767448137053
109,Visit interval,>10 weeks,0.9101307189542484,0.33187604470780174
110,Visit interval,>10 weeks,0.8762264150943397,0.39718964128383427
111,Visit interval,>10 weeks,0.8921308576480991,0.3646247061547105
112,Visit interval,>10 weeks,0.8813747228381374,0.4317978805302905
113,Visit interval,>10 weeks,0.8541666666666666,0.3595777442722789
114,Visit interval,>10 weeks,0.8694444444444444,0.30504706410771953
115,Visit interval,>10 weeks,0.830952380952381,0.47571368105735806
116,Visit interval,>10 weeks,0.9141414141414141,0.4358149406431257
117,Visit interval,>10 weeks,0.8841463414634146,0.37395577679252595
118,Visit interval,>10 weeks,0.8741496598639455,0.2988661340398244
119,Visit interval,>10 weeks,0.8972222222222221,0.3636586548753232
120,Visit interval,>10 weeks,0.8499025341130604,0.3664129017692361
121,Visit interval,>10 weeks,0.8683333333333333,0.4213000960474284
122,Visit interval,>10 weeks,0.9878048780487805,0.3472317509019069
123,Visit interval,>10 weeks,0.9434343434343434,0.3797347212636686
124,Visit interval,>10 weeks,0.9055172413793104,0.34854176528420006
125,Visit interval,>10 weeks,0.9021739130434783,0.3814727068516645
126,Visit interval,>10 weeks,0.8156748911465892,0.40264642347071233
127,Visit interval,>10 weeks,0.855072463768116,0.3440816572879517
128,Visit interval,>10 weeks,0.9517857142857142,0.35114543455983804
129,Visit interval,>10 weeks,0.7819444444444444,0.37585784311555176
130,Visit interval,>10 weeks,0.8906926406926406,0.4278614730555188
131,Visit interval,>10 weeks,0.851258581235698,0.33949848905410973
132,Visit interval,>10 weeks,0.8864734299516908,0.39440127651220436
133,Visit interval,>10 weeks,0.9064449064449065,0.36584210422577046
134,Visit interval,>10 weeks,0.877435064935065,0.39416212938677164
135,Visit interval,>10 weeks,0.822866344605475,0.4534598494376575
136,Visit interval,>10 weeks,0.9183864915572233,0.44235103677471876
137,Visit interval,>10 weeks,0.8308080808080808,0.41497542538952176
138,Visit interval,>10 weeks,0.8452380952380952,0.3652432511372134
139,Visit interval,>10 weeks,0.9063157894736842,0.3654566054524678
140,Visit interval,>10 weeks,0.802439024390244,0.3825391624261706
141,Visit interval,>10 weeks,0.6833333333333332,0.43851762675612727
142,Visit interval,>10 weeks,0.8262108262108263,0.41024902735269336
143,Visit interval,>10 weeks,0.8674463937621832,0.4116228642544564
144,Visit interval,>10 weeks,0.8655462184873949,0.4472116865592304
145,Visit interval,>10 weeks,0.9095744680851063,0.39037628044103445
146,Visit interval,>10 weeks,0.8674948240165632,0.3563818709907561
147,Visit interval,>10 weeks,0.8939393939393939,0.37698205035286486
148,Visit interval,>10 weeks,0.9108734402852051,0.39081966076531965
149,Visit interval,>10 weeks,0.9245014245014245,0.39030790898649703
150,Visit interval,>10 weeks,0.879,0.4097126642831151
151,Visit interval,>10 weeks,0.7927247769389155,0.5065930078197655
152,Visit interval,>10 weeks,0.8501602564102564,0.4356959201644691
153,Visit interval,>10 weeks,0.9023076923076925,0.39381788313908433
154,Visit interval,>10 weeks,0.8809523809523809,0.4280633913291554
155,Visit interval,>10 weeks,0.9027777777777778,0.38316310668950143
156,Visit interval,>10 weeks,0.8535469107551487,0.4197620416724064
157,Visit interval,>10 weeks,0.8809523809523809,0.36892058541890316
158,Visit interval,>10 weeks,0.9297385620915033,0.30226897416632925
159,Visit interval,>10 weeks,0.8269230769230769,0.41755385805234246
160,Visit interval,>10 weeks,0.8100686498855836,0.38849743980052964
161,Visit interval,>10 weeks,0.9092592592592593,0.34723625991292506
162,Visit interval,>10 weeks,0.8954545454545455,0.40725567636481674
163,Visit interval,>10 weeks,0.9040404040404041,0.4356159431789689
164,Visit interval,>10 weeks,0.925,0.37625107705082833
165,Visit interval,>10 weeks,0.8296296296296297,0.434168623301308
166,Visit interval,>10 weeks,0.8588235294117648,0.40214767619517316
167,Visit interval,>10 weeks,0.8157635467980295,0.4402480354597388
168,Visit interval,>10 weeks,0.86,0.3385875348035431
169,Visit interval,>10 weeks,0.9277777777777778,0.3197483504830879
170,Visit interval,>10 weeks,0.8599624060150376,0.31980046374298915
171,Visit interval,>10 weeks,0.8518518518518519,0.38653112214313023
172,Visit interval,>10 weeks,0.8915343915343916,0.2952115693414014
173,Visit interval,>10 weeks,0.9482029598308669,0.3819062870191424
174,Visit interval,>10 weeks,0.8763931104356637,0.33386425382357526
175,Visit interval,>10 weeks,0.9245454545454546,0.37446106106898874
176,Visit interval,>10 weeks,0.8269230769230769,0.45760856350326545
177,Visit interval,>10 weeks,0.9077540106951871,0.3249759814134783
178,Visit interval,>10 weeks,0.8090534979423868,0.4965377779110758
179,Visit interval,>10 weeks,0.8960526315789474,0.39812023041665934
180,Visit interval,>10 weeks,0.9285714285714286,0.41194107266900265
181,Visit interval,>10 weeks,0.9166666666666667,0.33979123301714975
182,Visit interval,>10 weeks,0.8034782608695652,0.3851464540685624
183,Visit interval,>10 weeks,0.8738207547169812,0.3825302549430326
184,Visit interval,>10 weeks,0.8895089285714286,0.3507847604377786
185,Visit interval,>10 weeks,0.8016260162601626,0.409893406643139
186,Visit interval,>10 weeks,0.902482269503546,0.36110673530202947
187,Visit interval,>10 weeks,0.8768115942028986,0.3989876948263409
188,Visit interval,>10 weeks,0.9201451905626135,0.39774016760309155
189,Visit interval,>10 weeks,0.8943589743589744,0.38463920030136856
190,Visit interval,>10 weeks,0.7426796805678794,0.4268422735456208
191,Visit interval,>10 weeks,0.8333333333333333,0.45893491493908334
192,Visit interval,>10 weeks,0.9142300194931774,0.3948857751601102
193,Visit interval,>10 weeks,0.8458498023715416,0.40383444564674975
194,Visit interval,>10 weeks,0.9452991452991453,0.4274802768560488
195,Visit interval,>10 weeks,0.9129554655870445,0.39226562331674897
196,Visit interval,>10 weeks,0.7374727668845316,0.4085095135243087
197,Visit interval,>10 weeks,0.8534979423868313,0.5273714742209585
198,Visit interval,>10 weeks,0.8675213675213675,0.33297817230338167
199,Visit interval,>10 weeks,0.8640429338103757,0.4648186117998527
200,Visit interval,>10 weeks,0.7834793491864831,0.45540985644401943
201,Visit interval,>10 weeks,0.946875,0.3744159946766841
202,Visit interval,>10 weeks,0.9468186134852802,0.29129290543860403
203,Visit interval,>10 weeks,0.9103641456582633,0.3094823117561092
204,Visit interval,>10 weeks,0.8354545454545454,0.41720745463809517
205,Visit interval,>10 weeks,0.8825757575757576,0.36471752068767804
206,Visit interval,>10 weeks,0.8373333333333334,0.425352020819349
207,Visit interval,>10 weeks,0.8470111448834853,0.4521762776446612
208,Visit interval,>10 weeks,0.9380116959064327,0.3215323067376322
209,Visit interval,>10 weeks,0.8544973544973545,0.41918935316710915
210,Visit interval,>10 weeks,0.8330188679245283,0.4437742766128105
211,Visit interval,>10 weeks,0.9065656565656566,0.41803155201637443
212,Visit interval,>10 weeks,0.8775510204081634,0.2954450548288213
213,Visit interval,>10 weeks,0.7939814814814815,0.3815709409911633
214,Visit interval,>10 weeks,0.8499399759903962,0.3596527698452476
215,Visit interval,>10 weeks,0.8617886178861789,0.3774651685866788
216,Visit interval,>10 weeks,0.905393457117595,0.3713442012866741
217,Visit interval,>10 weeks,0.862015503875969,0.4182382441991312
218,Visit interval,>10 weeks,0.9179869524697111,0.3891993613428032
219,Visit interval,>10 weeks,0.9057519057519057,0.3700955314315703
220,Visit interval,>10 weeks,0.7299771167048056,0.35354574618869844
221,Visit interval,>10 weeks,0.9439102564102564,0.41243122693733614
222,Visit interval,>10 weeks,0.9355992844364938,0.34836753795955966
223,Visit interval,>10 weeks,0.8095238095238095,0.41636503681849635
224,Visit interval,>10 weeks,0.8766430738119313,0.40732626462577415
225,Visit interval,>10 weeks,0.8913525498891353,0.380264841836499
226,Visit interval,>10 weeks,0.9007092198581561,0.4224044160640205
227,Visit interval,>10 weeks,0.8966942148760331,0.39573155497047957
228,Visit interval,>10 weeks,0.8909803921568628,0.4185861865313543
229,Visit interval,>10 weeks,0.9061224489795918,0.37694431022003116
230,Visit interval,>10 weeks,0.7542972699696663,0.3851047396076224
231,Visit interval,>10 weeks,0.86875,0.35782199818067456
232,Visit interval,>10 weeks,0.8250000000000001,0.38549137997057686
233,Visit interval,>10 weeks,0.8365384615384616,0.4109654332180896
234,Visit interval,>10 weeks,0.8829365079365079,0.36360291399249267
235,Visit interval,>10 weeks,0.8090366581415175,0.49558962013738095
236,Visit interval,>10 weeks,0.8589981447124304,0.3537632976226873
237,Visit interval,>10 weeks,0.9280855199222546,0.3151941903006981
238,Visit interval,>10 weeks,0.8840579710144927,0.39802911694650916
239,Visit interval,>10 weeks,0.8441176470588235,0.3621086073410699
240,Visit interval,>10 weeks,0.908102766798419,0.34977040517856683
241,Visit interval,>10 weeks,0.8898601398601399,0.3984987671398271
242,Visit interval,>10 weeks,0.8426666666666667,0.4379948925801609
243,Visit interval,>10 weeks,0.8926829268292683,0.4150120871414134
244,Visit interval,>10 weeks,0.9431818181818182,0.36736119777689985
245,Visit interval,>10 weeks,0.8993055555555555,0.34715659170259805
246,Visit interval,>10 weeks,0.7458006718924972,0.432934918866899
247,Visit interval,>10 weeks,0.8780952380952382,0.3826797425846834
248,Visit interval,>10 weeks,0.8336557059961316,0.3136554590585076
249,Visit interval,>10 weeks,0.9463141025641025,0.38005982901125057
250,Visit interval,>10 weeks,0.8326885880077369,0.43064744141852207
251,Visit interval,>10 weeks,0.8248888888888889,0.5040578630941785
252,Visit interval,>10 weeks,0.8432971014492754,0.3667618999133952
253,Visit interval,>10 weeks,0.9008073817762399,0.3920885246234094
254,Visit interval,>10 weeks,0.8668280871670702,0.4104940687474435
255,Visit interval,>10 weeks,0.7855263157894736,0.4137023430135158
256,Visit interval,>10 weeks,0.9057539682539684,0.42034672589559907
257,Visit interval,>10 weeks,0.7616161616161616,0.43633868436113615
258,Visit interval,>10 weeks,0.8535714285714285,0.4490172624177243
259,Visit interval,>10 weeks,0.8694444444444445,0.3786225782116293
260,Visit interval,>10 weeks,0.7695906432748538,0.40968645900676526
261,Visit interval,>10 weeks,0.874074074074074,0.361863986181203
262,Visit interval,>10 weeks,0.8562271062271062,0.36489767231295095
263,Visit interval,>10 weeks,0.8478260869565218,0.4037934097264165
264,Visit interval,>10 weeks,0.8481132075471698,0.4452367126454738
265,Visit interval,>10 weeks,0.9316005471956225,0.3638605343033128
266,Visit interval,>10 weeks,0.7686274509803922,0.39355603099858133
267,Visit interval,>10 weeks,0.9553571428571429,0.4462062960589779
268,Visit interval,>10 weeks,0.8788159111933396,0.3807594478785732
269,Visit interval,>10 weeks,0.9378468368479467,0.36027407179883814
270,Visit interval,>10 weeks,0.7666666666666667,0.4092932892005915
271,Visit interval,>10 weeks,0.8892773892773893,0.34508051197723466
272,Visit interval,>10 weeks,0.9143356643356643,0.30188312928377214
273,Visit interval,>10 weeks,0.7570754716981132,0.46929250575540526
274,Visit interval,>10 weeks,0.8282926829268293,0.3864885352480812
275,Visit interval,>10 weeks,0.8909090909090909,0.3826272194567553
276,Visit interval,>10 weeks,0.8535469107551488,0.33588808852911284
277,Visit interval,>10 weeks,0.7585034013605442,0.4347635164069804
278,Visit interval,>10 weeks,0.9543478260869566,0.35177776688701884
279,Visit interval,>10 weeks,0.8918495297805643,0.46779967538473266
280,Visit interval,>10 weeks,0.8782608695652174,0.39006571943450896
281,Visit interval,>10 weeks,0.9033816425120773,0.40478650183725046
282,Visit interval,>10 weeks,0.901086956521739,0.3496252497508641
283,Visit interval,>10 weeks,0.8574108818011257,0.3370229423091858
284,Visit interval,>10 weeks,0.8885630498533724,0.43883945573160604
285,Visit interval,>10 weeks,0.8054711246200608,0.3252115646464877
286,Visit interval,>10 weeks,0.8502604166666665,0.4276367726447356
287,Visit interval,>10 weeks,0.8468468468468469,0.4508219487773318
288,Visit interval,>10 weeks,0.8791322314049587,0.430867204167422
289,Visit interval,>10 weeks,0.9444444444444445,0.4085267716264343
290,Visit interval,>10 weeks,0.8579940417080436,0.3990838562300682
291,Visit interval,>10 weeks,0.8382775119617225,0.35016287518310496
292,Visit interval,>10 weeks,0.8711063372717509,0.36120149625980214
293,Visit interval,>10 weeks,0.8835403726708075,0.3871461852812027
294,Visit interval,>10 weeks,0.8802083333333333,0.430991941197139
295,Visit interval,>10 weeks,0.8028846153846154,0.5021124432282262
296,Visit interval,>10 weeks,0.9263513513513514,0.39387744073349956
297,Visit interval,>10 weeks,0.7467948717948718,0.4068030265751197
298,Visit interval,>10 weeks,0.8414634146341463,0.37938458384561413
299,Visit interval,>10 weeks,0.9321314952279958,0.28566992500935373
300,Visit interval,>10 weeks,0.9083333333333333,0.43851635946478756
301,Visit interval,>10 weeks,0.83,0.3729698185302729
302,Visit interval,>10 weeks,0.9282608695652175,0.33888103883004683
303,Visit interval,>10 weeks,0.848888888888889,0.46103266337697146
304,Visit interval,>10 weeks,0.8616161616161615,0.41327283230459916
305,Visit interval,>10 weeks,0.8030660377358491,0.41075462560168163
306,Visit interval,>10 weeks,0.9240121580547113,0.32301585939233457
307,Visit interval,>10 weeks,0.8758169934640523,0.42855909831678385
308,Visit interval,>10 weeks,0.8807692307692309,0.4240782871819092
309,Visit interval,>10 weeks,0.8809523809523809,0.3646005875390488
310,Visit interval,>10 weeks,0.8571428571428571,0.4229466470583056
311,Visit interval,>10 weeks,0.8542780748663101,0.3940750104704546
312,Visit interval,>10 weeks,0.8125000000000001,0.41728950524905345
313,Visit interval,>10 weeks,0.946414499605989,0.369590951986798
314,Visit interval,>10 weeks,0.9056122448979591,0.3024394836067704
315,Visit interval,>10 weeks,0.8715415019762847,0.3619180517498205
316,Visit interval,>10 weeks,0.8952380952380953,0.33291985681939135
317,Visit interval,>10 weeks,0.8571428571428571,0.36664803176334143
318,Visit interval,>10 weeks,0.8954545454545454,0.4202542558960293
319,Visit interval,>10 weeks,0.8977777777777778,0.33225196756728326
320,Visit interval,>10 weeks,0.8748936170212767,0.3776150159892346
321,Visit interval,>10 weeks,0.8533333333333333,0.3440901301822398
322,Visit interval,>10 weeks,0.9927999999999999,0.28898532900579577
323,Visit interval,>10 weeks,0.8757549611734254,0.3532531011895477
324,Visit interval,>10 weeks,0.8167420814479638,0.3947954729109234
325,Visit interval,>10 weeks,0.8768197088465844,0.3873652394844421
326,Visit interval,>10 weeks,0.9281632653061225,0.44075155788354686
327,Visit interval,>10 weeks,0.8991477272727273,0.3328151919697365
328,Visit interval,>10 weeks,0.8827160493827161,0.32861202914403326
329,Visit interval,>10 weeks,0.7478260869565218,0.44654038661249107
330,Visit interval,>10 weeks,0.8246913580246913,0.41334737862348625
331,Visit interval,>10 weeks,0.8253846153846154,0.43959238915968885
332,Visit interval,>10 weeks,0.8643790849673203,0.3969623436787712
333,Visit interval,>10 weeks,0.8876488095238095,0.39371132248094903
334,Visit interval,>10 weeks,0.9070847851335656,0.38853583600866826
335,Visit interval,>10 weeks,0.9220907297830375,0.3862967670296126
336,Visit interval,>10 weeks,0.8781431334622823,0.3424074055070178
337,Visit interval,>10 weeks,0.81199538638985,0.3788306471093248
338,Visit interval,>10 weeks,0.9086538461538461,0.42636129264904576
339,Visit interval,>10 weeks,0.8340000000000001,0.43415713061486527
340,Visit interval,>10 weeks,0.8627787307032591,0.3798224544488424
341,Visit interval,>10 weeks,0.8212226066897348,0.4400082856525756
342,Visit interval,>10 weeks,0.8993464052287581,0.39605814685696666
343,Visit interval,>10 weeks,0.9155145929339478,0.3931791971176241
344,Visit interval,>10 weeks,0.8277347114556417,0.4043678550425227
345,Visit interval,>10 weeks,0.8083333333333333,0.3823418849612107
346,Visit interval,>10 weeks,0.8758314855875832,0.3505910124550608
347,Visit interval,>10 weeks,0.8756613756613757,0.3678459464786643
348,Visit interval,>10 weeks,0.9214285714285714,0.3826383867121302
349,Visit interval,>10 weeks,0.8477777777777777,0.4131345380338114
350,Visit interval,>10 weeks,0.8717391304347826,0.3535379252886112
351,Visit interval,>10 weeks,0.8524027459954233,0.45812731298579257
352,Visit interval,>10 weeks,0.9463414634146342,0.33300773135026557
353,Visit interval,>10 weeks,0.8122529644268774,0.4543568228162029
354,Visit interval,>10 weeks,0.8897560975609756,0.3592483182572958
355,Visit interval,>10 weeks,0.7987616099071208,0.38345343245414804
356,Visit interval,>10 weeks,0.8743386243386244,0.3986193519242961
357,Visit interval,>10 weeks,0.9654731457800511,0.34195370289434845
358,Visit interval,>10 weeks,0.896636587366694,0.3748063074300213
359,Visit interval,>10 weeks,0.9318181818181818,0.3586033177972592
360,Visit interval,>10 weeks,0.8650914634146342,0.3838300769461425
361,Visit interval,>10 weeks,0.8148479427549195,0.3647772494342909
362,Visit interval,>10 weeks,0.8614130434782609,0.3634284290377789
363,Visit interval,>10 weeks,0.8112407211028632,0.4265911164714715
364,Visit interval,>10 weeks,0.9305555555555556,0.3611264254709129
365,Visit interval,>10 weeks,0.9176245210727969,0.42074098637205076
366,Visit interval,>10 weeks,0.9191919191919191,0.3565504972308301
367,Visit interval,>10 weeks,0.8923933209647495,0.344321252774585
368,Visit interval,>10 weeks,0.9378881987577641,0.3910315778713789
369,Visit interval,>10 weeks,0.8551165146909828,0.3597211390852589
370,Visit interval,>10 weeks,0.8707070707070707,0.33219228856177696
371,Visit interval,>10 weeks,0.7608225108225108,0.4689899854468406
372,Visit interval,>10 weeks,0.8607142857142858,0.4076071046350288
373,Visit interval,>10 weeks,0.8472222222222222,0.338089534008079
374,Visit interval,>10 weeks,0.9348958333333334,0.43573839302739764
375,Visit interval,>10 weeks,0.8115942028985508,0.37384935404904224
376,Visit interval,>10 weeks,0.8734299516908212,0.37347054969848725
377,Visit interval,>10 weeks,0.8572972972972973,0.34691899911688295
378,Visit interval,>10 weeks,0.8605263157894738,0.4380548100459558
379,Visit interval,>10 weeks,0.84736355226642,0.3741866020799774
380,Visit interval,>10 weeks,0.9416386083052749,0.34857214736344405
381,Visit interval,>10 weeks,0.9065040650406504,0.4057826195444383
382,Visit interval,>10 weeks,0.8995215311004784,0.39184352213591545
383,Visit interval,>10 weeks,0.7833333333333334,0.45949118425721946
384,Visit interval,>10 weeks,0.9125,0.37873959306980887
385,Visit interval,>10 weeks,0.8979779411764706,0.3791713246173536
386,Visit interval,>10 weeks,0.7722567287784678,0.46318901709556765
387,Visit interval,>10 weeks,0.8062015503875969,0.51994618282009
388,Visit interval,>10 weeks,0.9005145797598628,0.31481595709344967
389,Visit interval,>10 weeks,0.8757894736842106,0.3659133573243555
390,Visit interval,>10 weeks,0.8773466833541926,0.3466233973795113
391,Visit interval,>10 weeks,0.8449248120300752,0.3918997911375622
392,Visit interval,>10 weeks,0.8384615384615385,0.46965679168257807
393,Visit interval,>10 weeks,0.7616099071207431,0.3900052598522448
394,Visit interval,>10 weeks,0.8558758314855875,0.3674497089211673
395,Visit interval,>10 weeks,0.8023391812865497,0.3898320077118067
396,Visit interval,>10 weeks,0.8907342657342657,0.5039470789955941
397,Visit interval,>10 weeks,0.8128544423440454,0.3857845589099911
398,Visit interval,>10 weeks,0.7692307692307693,0.3508775790966283
399,Visit interval,>10 weeks,0.8855813953488372,0.38083833556526103
400,Visit interval,>10 weeks,0.9243478260869565,0.40068979396865706
401,Visit interval,>10 weeks,0.8229166666666666,0.4303811176027591
402,Visit interval,>10 weeks,0.8136574074074074,0.4019462664189719
403,Visit interval,>10 weeks,0.7784090909090908,0.2930179449329752
404,Visit interval,>10 weeks,0.8338338338338338,0.4259355975034198
405,Visit interval,>10 weeks,0.8736842105263158,0.4407679715534643
406,Visit interval,>10 weeks,0.8661764705882353,0.3775011158307156
407,Visit interval,>10 weeks,0.8393665158371041,0.42998158862071917
408,Visit interval,>10 weeks,0.8991379310344827,0.3462419205095496
409,Visit interval,>10 weeks,0.8631578947368421,0.41624650344679154
410,Visit interval,>10 weeks,0.95,0.3823455111822226
411,Visit interval,>10 weeks,0.8795289855072465,0.3059160842141827
412,Visit interval,>10 weeks,0.8121693121693122,0.43068349649243665
413,Visit interval,>10 weeks,0.9084210526315789,0.405190816651648
414,Visit interval,>10 weeks,0.8643892339544513,0.3857428023835556
415,Visit interval,>10 weeks,0.7754629629629629,0.3740519297052305
416,Visit interval,>10 weeks,0.8305785123966942,0.47724330296477285
417,Visit interval,>10 weeks,0.8589939024390244,0.4378552609071149
418,Visit interval,>10 weeks,0.8274231678486997,0.42274971943042894
419,Visit interval,>10 weeks,0.8343253968253967,0.3373369953557766
420,Visit interval,>10 weeks,0.8734567901234568,0.41851956853035815
421,Visit interval,>10 weeks,0.8996983408748115,0.3539697264098161
422,Visit interval,>10 weeks,0.8884615384615384,0.31996306748242215
423,Visit interval,>10 weeks,0.8340136054421768,0.3965574383742482
424,Visit interval,>10 weeks,0.805921052631579,0.3950955485907003
425,Visit interval,>10 weeks,0.873202614379085,0.3461302775031933
426,Visit interval,>10 weeks,0.8979591836734693,0.4608389282599593
427,Visit interval,>10 weeks,0.7836538461538461,0.37521620158893987
428,Visit interval,>10 weeks,0.8988636363636363,0.38489499537567184
429,Visit interval,>10 weeks,0.8577898550724637,0.34870311620080946
430,Visit interval,>10 weeks,0.8078947368421053,0.44557987904324176
431,Visit interval,>10 weeks,0.8807692307692307,0.3274818453159819
432,Visit interval,>10 weeks,0.8648648648648649,0.38963007835888436
433,Visit interval,>10 weeks,0.8774509803921569,0.42884865656905596
434,Visit interval,>10 weeks,0.8013565891472868,0.4444046788010784
435,Visit interval,>10 weeks,0.8610460577673692,0.330790868171875
436,Visit interval,>10 weeks,0.8010526315789473,0.3598372473805531
437,Visit interval,>10 weeks,0.8382222222222222,0.3484938643877705
438,Visit interval,>10 weeks,0.8973913043478261,0.4353345686738099
439,Visit interval,>10 weeks,0.8630952380952381,0.36455550500518485
440,Visit interval,>10 weeks,0.8302900107411385,0.40486020582411864
441,Visit interval,>10 weeks,0.86875,0.3199870121259387
442,Visit interval,>10 weeks,0.8204545454545454,0.4766022986977651
443,Visit interval,>10 weeks,0.873015873015873,0.3832994431165364
444,Visit interval,>10 weeks,0.8007202881152461,0.43874535339945087
445,Visit interval,>10 weeks,0.8989473684210526,0.3656788847465193
446,Visit interval,>10 weeks,0.817632850241546,0.36013649448637486
447,Visit interval,>10 weeks,0.8870370370370371,0.4084878247092996
448,Visit interval,>10 weeks,0.8492424242424241,0.43670634518012985
449,Visit interval,>10 weeks,0.7864992150706437,0.32083124306752037
450,Visit interval,>10 weeks,0.8248106060606061,0.5069677404323899
451,Visit interval,>10 weeks,0.9157142857142857,0.38926011236028585
452,Visit interval,>10 weeks,0.8344988344988346,0.4225949958684312
453,Visit interval,>10 weeks,0.9136363636363636,0.40221297577480764
454,Visit interval,>10 weeks,0.8769483182936834,0.42316220074129535
455,Visit interval,>10 weeks,0.9553571428571428,0.41028527115473845
456,Visit interval,>10 weeks,0.7838023335621139,0.42904729339021774
457,Visit interval,>10 weeks,0.8735632183908046,0.45357809443090746
458,Visit interval,>10 weeks,0.843680709534368,0.39106306300128285
459,Visit interval,>10 weeks,0.8989473684210526,0.37046150134154665
460,Visit interval,>10 weeks,0.8469785575048734,0.4326983027010493
461,Visit interval,>10 weeks,0.9132553606237817,0.38068542154832846
462,Visit interval,>10 weeks,0.9413549039433773,0.37323321171636825
463,Visit interval,>10 weeks,0.8696060037523452,0.4533573946315126
464,Visit interval,>10 weeks,0.8910648714810281,0.3965698818938617
465,Visit interval,>10 weeks,0.8895348837209303,0.3364618361254217
466,Visit interval,>10 weeks,0.8947916666666667,0.45697308060317676
467,Visit interval,>10 weeks,0.824074074074074,0.4805680058487141
468,Visit interval,>10 weeks,0.8801020408163265,0.3874543615860298
469,Visit interval,>10 weeks,0.9006342494714588,0.3718206165542467
470,Visit interval,>10 weeks,0.8121775025799793,0.4102304604649444
471,Visit interval,>10 weeks,0.8386792452830188,0.3986103193328171
472,Visit interval,>10 weeks,0.8554347826086957,0.38515242497564167
473,Visit interval,>10 weeks,0.8798411122144985,0.38316044148251993
474,Visit interval,>10 weeks,0.9190710767065446,0.35756524679684965
475,Visit interval,>10 weeks,0.8484162895927602,0.41625181518180376
476,Visit interval,>10 weeks,0.8373702422145328,0.39418134459415194
477,Visit interval,>10 weeks,0.9259259259259259,0.37634984122012327
478,Visit interval,>10 weeks,0.809116809116809,0.42096764216198534
479,Visit interval,>10 weeks,0.8504772004241782,0.3783712324270926
480,Visit interval,>10 weeks,0.9120689655172414,0.3441005168214464
481,Visit interval,>10 weeks,0.8657894736842106,0.49250888647617164
482,Visit interval,>10 weeks,0.8815789473684211,0.37327612410029803
483,Visit interval,>10 weeks,0.8753086419753087,0.35811112989945815
484,Visit interval,>10 weeks,0.8720930232558141,0.4033171287642944
485,Visit interval,>10 weeks,0.8455882352941176,0.39910460484440363
486,Visit interval,>10 weeks,0.8683574879227053,0.3937213452788426
487,Visit interval,>10 weeks,0.8671171171171171,0.3977569715072008
488,Visit interval,>10 weeks,0.8592592592592593,0.4154587358442164
489,Visit interval,>10 weeks,0.8405612244897959,0.33847108189884373
490,Visit interval,>10 weeks,0.9671261930010605,0.3335826458435128
491,Visit interval,>10 weeks,0.9773936170212766,0.34327239248807884
492,Visit interval,>10 weeks,0.882034632034632,0.39155629411475795
493,Visit interval,>10 weeks,0.7852564102564102,0.44425342557238323
494,Visit interval,>10 weeks,0.8605664488017429,0.3825252513558241
495,Visit interval,>10 weeks,0.9021739130434783,0.43185116680697805
496,Visit interval,>10 weeks,0.892156862745098,0.3167521321763811
497,Visit interval,>10 weeks,0.8214285714285714,0.3696419026532148
498,Visit interval,>10 weeks,0.8974358974358975,0.3238257619186479
499,Visit interval,>10 weeks,0.833164812942366,0.428488602577858
500,Visit interval,>10 weeks,0.8160676532769556,0.3993011560129118
501,Visit interval,>10 weeks,0.840843023255814,0.3767808867399998
502,Visit interval,>10 weeks,0.8693181818181819,0.43094308744592935
503,Visit interval,>10 weeks,0.8863636363636364,0.3304141472920692
504,Visit interval,>10 weeks,0.8766233766233766,0.40740831715770515
505,Visit interval,>10 weeks,0.9138321995464852,0.40533986455862986
506,Visit interval,>10 weeks,0.8591304347826088,0.4171644728810294
507,Visit interval,>10 weeks,0.8888888888888888,0.4027983699013312
508,Visit interval,>10 weeks,0.8418803418803419,0.378657678882161
509,Visit interval,>10 weeks,0.8485772357723578,0.4351015999640826
510,Visit interval,>10 weeks,0.8711433756805809,0.47687131460974846
511,Visit interval,>10 weeks,0.8409610983981693,0.45676418735752167
512,Visit interval,>10 weeks,0.7936507936507937,0.4296553589515217
513,Visit interval,>10 weeks,0.845679012345679,0.42623604416139693
514,Visit interval,>10 weeks,0.8558673469387754,0.31321543224608883
515,Visit interval,>10 weeks,0.870843989769821,0.36338881268172324
516,Visit interval,>10 weeks,0.8364705882352941,0.39809490722820057
517,Visit interval,>10 weeks,0.8517441860465116,0.30521185625114283
518,Visit interval,>10 weeks,0.9370370370370369,0.323427605846669
519,Visit interval,>10 weeks,0.9363636363636363,0.344890487756482
520,Visit interval,>10 weeks,0.9036458333333334,0.3133685792803729
521,Visit interval,>10 weeks,0.8997289972899729,0.4535258964928659
522,Visit interval,>10 weeks,0.8274509803921569,0.39473451505654183
523,Visit interval,>10 weeks,0.8596059113300493,0.3536698941310812
524,Visit interval,>10 weeks,0.8465845464725644,0.35596666644883057
525,Visit interval,>10 weeks,0.8917937545388526,0.44244586396337016
526,Visit interval,>10 weeks,0.8841991341991342,0.46718425962557913
527,Visit interval,>10 weeks,0.845648604269294,0.47147756574300315
528,Visit interval,>10 weeks,0.8516666666666668,0.3705098204910641
529,Visit interval,>10 weeks,0.9631751227495908,0.3293430286533938
530,Visit interval,>10 weeks,0.9554545454545456,0.39345172470550727
531,Visit interval,>10 weeks,0.793859649122807,0.4963390834218966
532,Visit interval,>10 weeks,0.84,0.38069558923536634
533,Visit interval,>10 weeks,0.9668560606060606,0.37515593763258337
534,Visit interval,>10 weeks,0.9032258064516129,0.43915059034298815
535,Visit interval,>10 weeks,0.8075880758807588,0.3992217099854654
536,Visit interval,>10 weeks,0.8979947689625108,0.3509258398652704
537,Visit interval,>10 weeks,0.9061913696060038,0.3903634866010591
538,Visit interval,>10 weeks,0.8955067920585162,0.4311922108568174
539,Visit interval,>10 weeks,0.8857142857142857,0.3716946940760957
540,Visit interval,>10 weeks,0.838501291989664,0.36536327068075175
541,Visit interval,>10 weeks,0.886107634543179,0.3318405073116053
542,Visit interval,>10 weeks,0.8624031007751937,0.350962032032517
543,Visit interval,>10 weeks,0.8484848484848485,0.35974028319625967
544,Visit interval,>10 weeks,0.9297052154195011,0.3549975833068196
545,Visit interval,>10 weeks,0.8145604395604396,0.3895000613298141
546,Visit interval,>10 weeks,0.7767441860465116,0.39090999876503507
547,Visit interval,>10 weeks,0.870157819225251,0.40994829804123883
548,Visit interval,>10 weeks,0.7800925925925926,0.42255743171999793
549,Visit interval,>10 weeks,0.85,0.4143479427941809
550,Visit interval,>10 weeks,0.8887755102040816,0.29120424240314824
551,Visit interval,>10 weeks,0.9075091575091575,0.3737102677914133
552,Visit interval,>10 weeks,0.93,0.39495720917994337
553,Visit interval,>10 weeks,0.9272727272727272,0.3241225390224631
554,Visit interval,>10 weeks,0.9053728949478749,0.3818459642549896
555,Visit interval,>10 weeks,0.8257575757575757,0.39294854844032084
556,Visit interval,>10 weeks,0.8229166666666666,0.3869654007759913
557,Visit interval,>10 weeks,0.8191489361702128,0.455083838811337
558,Visit interval,>10 weeks,0.8496240601503758,0.36460242440001567
559,Visit interval,>10 weeks,0.7583333333333333,0.382043772975303
560,Visit interval,>10 weeks,0.9297658862876255,0.33771902922105157
561,Visit interval,>10 weeks,0.8804232804232803,0.3946855087353623
562,Visit interval,>10 weeks,0.8115942028985508,0.37432034443305995
563,Visit interval,>10 weeks,0.8579545454545454,0.37427701834627913
564,Visit interval,>10 weeks,0.8762626262626262,0.39178690481223877
565,Visit interval,>10 weeks,0.8734567901234568,0.4162391200780574
566,Visit interval,>10 weeks,0.8599537037037037,0.42248201668457025
567,Visit interval,>10 weeks,0.8432385874246339,0.4074774976683569
568,Visit interval,>10 weeks,0.8922924901185771,0.39071991610128154
569,Visit interval,>10 weeks,0.8686679174484052,0.3682502300703454
570,Visit interval,>10 weeks,0.8806366047745359,0.37548604106722766
571,Visit interval,>10 weeks,0.8885416666666667,0.3788782976549652
572,Visit interval,>10 weeks,0.8407923697725606,0.40315037184544167
573,Visit interval,>10 weeks,0.8449848024316109,0.3822298214114491
574,Visit interval,>10 weeks,0.873015873015873,0.4189556290167969
575,Visit interval,>10 weeks,0.8354203935599285,0.38396355186134806
576,Visit interval,>10 weeks,0.8760683760683761,0.37760003600379904
577,Visit interval,>10 weeks,0.8441295546558705,0.3972435260105714
578,Visit interval,>10 weeks,0.8689024390243902,0.38006792795738154
579,Visit interval,>10 weeks,0.7929606625258799,0.4176804033905439
580,Visit interval,>10 weeks,0.9043062200956937,0.3457159733260949
581,Visit interval,>10 weeks,0.8938492063492064,0.367848189273456
582,Visit interval,>10 weeks,0.8913043478260869,0.36873494520532646
583,Visit interval,>10 weeks,0.9461538461538461,0.36955483653208654
584,Visit interval,>10 weeks,0.865128660159716,0.3529356458691512
585,Visit interval,>10 weeks,0.8308128544423441,0.40190537763027717
586,Visit interval,>10 weeks,0.9598214285714286,0.31362800316263206
587,Visit interval,>10 weeks,0.8627450980392157,0.37294397349589237
588,Visit interval,>10 weeks,0.8632025450689289,0.4207387753026623
589,Visit interval,>10 weeks,0.8784029038112523,0.4183561665664285
590,Visit interval,>10 weeks,0.6728813559322033,0.3545620606380667
591,Visit interval,>10 weeks,0.9010638297872341,0.32743777617872194
592,Visit interval,>10 weeks,0.860576923076923,0.36534576591072804
593,Visit interval,>10 weeks,0.8610816542948038,0.39648127611460937
594,Visit interval,>10 weeks,0.8907407407407407,0.3266786009762144
595,Visit interval,>10 weeks,0.8250758341759352,0.3762309687357235
596,Visit interval,>10 weeks,0.9214402618657938,0.37418608800901443
597,Visit interval,>10 weeks,0.8758741258741258,0.4035254089021355
598,Visit interval,>10 weeks,0.8624801271860095,0.44154373652234785
599,Visit interval,>10 weeks,0.9107142857142857,0.4145606507229245
600,Visit interval,>10 weeks,0.9447004608294931,0.4091863849656009
601,Visit interval,>10 weeks,0.8642072213500785,0.4060350859999942
602,Visit interval,>10 weeks,0.8185185185185184,0.4796712971352968
603,Visit interval,>10 weeks,0.875085792724777,0.43985260279339883
604,Visit interval,>10 weeks,0.8993506493506493,0.3246428843439032
605,Visit interval,>10 weeks,0.9220679012345679,0.47040494024423407
606,Visit interval,>10 weeks,0.9723809523809523,0.38266221938188577
607,Visit interval,>10 weeks,0.8306818181818182,0.3866219597990139
608,Visit interval,>10 weeks,0.8360655737704918,0.3748337175240802
609,Visit interval,>10 weeks,0.7660130718954249,0.38893050671508583
610,Visit interval,>10 weeks,0.7545454545454545,0.40170709441543023
611,Visit interval,>10 weeks,0.8617886178861789,0.32137336426807095
612,Visit interval,>10 weeks,0.8713768115942029,0.4094338560615041
613,Visit interval,>10 weeks,0.902948402948403,0.39150407072198046
614,Visit interval,>10 weeks,0.9246031746031746,0.3650817947360215
615,Visit interval,>10 weeks,0.8472222222222222,0.3896428982280889
616,Visit interval,>10 weeks,0.7963414634146342,0.4267803184877224
617,Visit interval,>10 weeks,0.870452528837622,0.4572684027818862
618,Visit interval,>10 weeks,0.8468045112781954,0.4134980456369294
619,Visit interval,>10 weeks,0.8204545454545454,0.3194466410256555
620,Visit interval,>10 weeks,0.8396739130434783,0.39778553139762945
621,Visit interval,>10 weeks,0.7905092592592593,0.3742645521594833
622,Visit interval,>10 weeks,0.7993197278911565,0.4477149043933168
623,Visit interval,>10 weeks,0.7760180995475112,0.37067353253747193
624,Visit interval,>10 weeks,0.8692682926829268,0.44919271130092586
625,Visit interval,>10 weeks,0.865909090909091,0.39954050622478793
626,Visit interval,>10 weeks,0.9137931034482758,0.3420729633895112
627,Visit interval,>10 weeks,0.8891666666666668,0.42643075838241334
628,Visit interval,>10 weeks,0.8678328474246841,0.3612344179931491
629,Visit interval,>10 weeks,0.8523409363745498,0.3631573922732198
630,Visit interval,>10 weeks,0.7705882352941176,0.3581830577384004
631,Visit interval,>10 weeks,0.94,0.38751319361749825
632,Visit interval,>10 weeks,0.943939393939394,0.30228517949345624
633,Visit interval,>10 weeks,0.8955453149001535,0.42463201167102543
634,Visit interval,>10 weeks,0.8717948717948718,0.5065208204829399
635,Visit interval,>10 weeks,0.8717948717948718,0.45002523116689547
636,Visit interval,>10 weeks,0.8855820105820106,0.3945076816711444
637,Visit interval,>10 weeks,0.8826086956521739,0.45166902178658946
638,Visit interval,>10 weeks,0.8986666666666666,0.37786496710463197
639,Visit interval,>10 weeks,0.7899408284023669,0.3823968904069983
640,Visit interval,>10 weeks,0.9146198830409357,0.3673756805463996
641,Visit interval,>10 weeks,0.9131707317073171,0.3757681568505746
642,Visit interval,>10 weeks,0.7869565217391304,0.4806491372949694
643,Visit interval,>10 weeks,0.8451704545454546,0.38162144861885683
644,Visit interval,>10 weeks,0.8739837398373984,0.33893878901716595
645,Visit interval,>10 weeks,0.9007177033492824,0.3051604644650422
646,Visit interval,>10 weeks,0.9468599033816425,0.4130255802144557
647,Visit interval,>10 weeks,0.8943278943278943,0.45418870675160705
648,Visit interval,>10 weeks,0.9446640316205533,0.29483655949692456
649,Visit interval,>10 weeks,0.8222222222222223,0.4157964634614316
650,Visit interval,>10 weeks,0.901010101010101,0.34591477430331624
651,Visit interval,>10 weeks,0.9049586776859505,0.42698249869242194
652,Visit interval,>10 weeks,0.833951762523191,0.3601180206588668
653,Visit interval,>10 weeks,0.8991666666666667,0.4247641630214905
654,Visit interval,>10 weeks,0.8807890222984562,0.3327807631650187
655,Visit interval,>10 weeks,0.8238482384823849,0.43188656928177294
656,Visit interval,>10 weeks,0.8966942148760331,0.3831298399970809
657,Visit interval,>10 weeks,0.9198717948717948,0.33208353838508786
658,Visit interval,>10 weeks,0.8368055555555557,0.3770156497775058
659,Visit interval,>10 weeks,0.846723044397463,0.38813447591114103
660,Visit interval,>10 weeks,0.8574358974358974,0.42029734408443853
661,Visit interval,>10 weeks,0.9286549707602338,0.3426425658405049
662,Visit interval,>10 weeks,0.8441558441558441,0.43778357244614535
663,Visit interval,>10 weeks,0.8723404255319148,0.39208319920452084
664,Visit interval,>10 weeks,0.9244306418219461,0.38425040345714306
665,Visit interval,>10 weeks,0.863265306122449,0.3675438098002087
666,Visit interval,>10 weeks,0.8705128205128206,0.3395009163080755
667,Visit interval,>10 weeks,0.8781249999999999,0.3582508587250132
668,Visit interval,>10 weeks,0.9365079365079365,0.3647396647383067
669,Visit interval,>10 weeks,0.8859574468085106,0.3510182988071798
670,Visit interval,>10 weeks,0.9189723320158102,0.3077440461519854
671,Visit interval,>10 weeks,0.8789473684210527,0.4281819199792215
672,Visit interval,>10 weeks,0.8382867132867133,0.3251174004087934
673,Visit interval,>10 weeks,0.8717948717948717,0.4330007080526401
674,Visit interval,>10 weeks,0.8181818181818181,0.3854041266823549
675,Visit interval,>10 weeks,0.8711484593837535,0.34932538541107633
676,Visit interval,>10 weeks,0.9285714285714286,0.34881225464849636
677,Visit interval,>10 weeks,0.8501291989664083,0.3297656514038013
678,Visit interval,>10 weeks,0.8965922444183313,0.39919121624777587
679,Visit interval,>10 weeks,0.8556818181818182,0.37212070441272393
680,Visit interval,>10 weeks,0.9476284584980237,0.2750124726067763
681,Visit interval,>10 weeks,0.8288854003139718,0.3936548197357658
682,Visit interval,>10 weeks,0.8573099415204678,0.45016529063887556
683,Visit interval,>10 weeks,0.9319727891156463,0.3830386035873447
684,Visit interval,>10 weeks,0.9521193092621665,0.33984399684908545
685,Visit interval,>10 weeks,0.9317160826594788,0.29333865974422596
686,Visit interval,>10 weeks,0.8534278959810875,0.441800993653602
687,Visit interval,>10 weeks,0.8729096989966555,0.4119859578266301
688,Visit interval,>10 weeks,0.891025641025641,0.422135513181044
689,Visit interval,>10 weeks,0.8297872340425532,0.43674637168462055
690,Visit interval,>10 weeks,0.9316770186335404,0.38848697055723186
691,Visit interval,>10 weeks,0.7181818181818181,0.3569043263738534
692,Visit interval,>10 weeks,0.7944444444444444,0.42101721658017854
693,Visit interval,>10 weeks,0.7911111111111111,0.4283243041967665
694,Visit interval,>10 weeks,0.73625,0.45457787497850166
695,Visit interval,>10 weeks,0.9194139194139195,0.39485280303159276
696,Visit interval,>10 weeks,0.8715486194477791,0.41059661122931623
697,Visit interval,>10 weeks,0.8939732142857143,0.2845984271736967
698,Visit interval,>10 weeks,0.7864864864864864,0.5001071735052521
699,Visit interval,>10 weeks,0.8517441860465116,0.381799373759032
700,Visit interval,>10 weeks,0.7833800186741363,0.4691912491375769
701,Visit interval,>10 weeks,0.8571428571428571,0.4064749108829904
702,Visit interval,>10 weeks,0.8445171849427168,0.31282014700343724
703,Visit interval,>10 weeks,0.8470279720279721,0.38796340329880386
704,Visit interval,>10 weeks,0.9583333333333334,0.3682388088344015
705,Visit interval,>10 weeks,0.925891181988743,0.3681935702239078
706,Visit interval,>10 weeks,0.8618113912231559,0.45511398070404474
707,Visit interval,>10 weeks,0.8647342995169082,0.39678017617310707
708,Visit interval,>10 weeks,0.8372781065088758,0.44462876708719057
709,Visit interval,>10 weeks,0.8372093023255814,0.4149323772268373
710,Visit interval,>10 weeks,0.8815331010452961,0.4154096598024715
711,Visit interval,>10 weeks,0.9394230769230769,0.39634608298666524
712,Visit interval,>10 weeks,0.7595907928388747,0.4495849531519523
713,Visit interval,>10 weeks,0.8905038759689923,0.4295755187438233
714,Visit interval,>10 weeks,0.8525641025641026,0.39142587413415403
715,Visit interval,>10 weeks,0.8685540950455005,0.37373806872196697
716,Visit interval,>10 weeks,0.8039215686274511,0.3284230813789998
717,Visit interval,>10 weeks,0.7799999999999999,0.38366134529492285
718,Visit interval,>10 weeks,0.8676190476190476,0.37075829715279573
719,Visit interval,>10 weeks,0.825,0.4538151176175591
720,Visit interval,>10 weeks,0.9174641148325359,0.3751972747775485
721,Visit interval,>10 weeks,0.898936170212766,0.3364712865839506
722,Visit interval,>10 weeks,0.8244897959183675,0.37608808267747806
723,Visit interval,>10 weeks,0.839047619047619,0.4760318357074508
724,Visit interval,>10 weeks,0.8844393592677345,0.4709003107613765
725,Visit interval,>10 weeks,0.8027777777777778,0.4361415311893205
726,Visit interval,>10 weeks,0.9170731707317074,0.2931608517687978
727,Visit interval,>10 weeks,0.9507523939808481,0.30596408931861824
728,Visit interval,>10 weeks,0.826,0.46800727533884845
729,Visit interval,>10 weeks,0.8391248391248393,0.3707264068183907
730,Visit interval,>10 weeks,0.9011680143755615,0.3507672998803782
731,Visit interval,>10 weeks,0.9555256064690028,0.4045763791747804
732,Visit interval,>10 weeks,0.8604651162790697,0.2748620661003219
733,Visit interval,>10 weeks,0.9104247104247105,0.37328871345924486
734,Visit interval,>10 weeks,0.9095744680851063,0.4142604626802198
735,Visit interval,>10 weeks,0.867109634551495,0.3685125556557211
736,Visit interval,>10 weeks,0.73125,0.45688810785635553
737,Visit interval,>10 weeks,0.8581560283687943,0.3932255075717017
738,Visit interval,>10 weeks,0.9387351778656127,0.3323298044668511
739,Visit interval,>10 weeks,0.9507246376811594,0.32995959979472334
740,Visit interval,>10 weeks,0.949443882709808,0.43881244553438575
741,Visit interval,>10 weeks,0.8786057692307693,0.3918279223308046
742,Visit interval,>10 weeks,0.895748987854251,0.2758831901156531
743,Visit interval,>10 weeks,0.8779264214046824,0.3414872406550224
744,Visit interval,>10 weeks,0.8502024291497976,0.3718848727281996
745,Visit interval,>10 weeks,0.8382663847780127,0.47176431851506334
746,Visit interval,>10 weeks,0.8133333333333334,0.37387795557398856
747,Visit interval,>10 weeks,0.7486956521739131,0.40709397124436314
748,Visit interval,>10 weeks,0.8966049382716049,0.38182050274627816
749,Visit interval,>10 weeks,0.8042635658914729,0.43013676949743684
750,Visit interval,>10 weeks,0.8343337334933973,0.33310433181328
751,Visit interval,>10 weeks,0.7598204264870931,0.4733037194165726
752,Visit interval,>10 weeks,0.7470449172576832,0.41726739169101174
753,Visit interval,>10 weeks,0.9046121593291405,0.3508506179641408
754,Visit interval,>10 weeks,0.8648648648648648,0.3807411905661103
755,Visit interval,>10 weeks,0.8492822966507176,0.45615477900300977
756,Visit interval,>10 weeks,0.8484848484848485,0.37535113166946305
757,Visit interval,>10 weeks,0.79,0.3669107156243988
758,Visit interval,>10 weeks,0.9755102040816326,0.3896331670129042
759,Visit interval,>10 weeks,0.7814645308924484,0.37115031271731774
760,Visit interval,>10 weeks,0.9398496240601504,0.3606155129547295
761,Visit interval,>10 weeks,0.84453125,0.40649706728650137
762,Visit interval,>10 weeks,0.8778947368421053,0.35556279568451676
763,Visit interval,>10 weeks,0.8631578947368421,0.3240005417479683
764,Visit interval,>10 weeks,0.7683946488294314,0.4998664288551593
765,Visit interval,>10 weeks,0.8414055080721747,0.4025283656264939
766,Visit interval,>10 weeks,0.8216783216783217,0.4373026164529348
767,Visit interval,>10 weeks,0.9235294117647059,0.3640416808907814
768,Visit interval,>10 weeks,0.8818681318681318,0.3693822885964495
769,Visit interval,>10 weeks,0.7933333333333333,0.354751002171427
770,Visit interval,>10 weeks,0.895330112721417,0.37447840238571767
771,Visit interval,>10 weeks,0.8862745098039216,0.43399934888652164
772,Visit interval,>10 weeks,0.971606033717835,0.31475973654765643
773,Visit interval,>10 weeks,0.8089430894308943,0.45026912095610244
774,Visit interval,>10 weeks,0.9138486312399355,0.3679632422265992
775,Visit interval,>10 weeks,0.7979166666666667,0.4527500629109064
776,Visit interval,>10 weeks,0.944186046511628,0.40251484796360193
777,Visit interval,>10 weeks,0.8712522045855379,0.47457441117469373
778,Visit interval,>10 weeks,0.8953488372093024,0.4237368142405805
779,Visit interval,>10 weeks,0.7655555555555555,0.35241819529779805
780,Visit interval,>10 weeks,0.7445652173913043,0.4717015289847047
781,Visit interval,>10 weeks,0.98989898989899,0.3746581408654587
782,Visit interval,>10 weeks,0.9014308426073132,0.39943021167532644
783,Visit interval,>10 weeks,0.8052536231884058,0.41060166418286315
784,Visit interval,>10 weeks,0.8592592592592593,0.47269474113852816
785,Visit interval,>10 weeks,0.8420454545454545,0.3779592856168065
786,Visit interval,>10 weeks,0.8181818181818182,0.3868520092314371
787,Visit interval,>10 weeks,0.8323471400394477,0.384488236928194
788,Visit interval,>10 weeks,0.8904403866809882,0.3372698251534759
789,Visit interval,>10 weeks,0.7544642857142857,0.3724667298700065
790,Visit interval,>10 weeks,0.8560606060606061,0.3963440479589728
791,Visit interval,>10 weeks,0.8671428571428572,0.44541285560387595
792,Visit interval,>10 weeks,0.8988877654196158,0.3953533788745961
793,Visit interval,>10 weeks,0.9409090909090909,0.3388335540439561
794,Visit interval,>10 weeks,0.8829268292682928,0.44406187686036097
795,Visit interval,>10 weeks,0.9035916824196597,0.35861770983131047
796,Visit interval,>10 weeks,0.8449074074074073,0.3895763296040036
797,Visit interval,>10 weeks,0.899624765478424,0.4120475687845238
798,Visit interval,>10 weeks,0.8301749271137027,0.3612396077777772
799,Visit interval,>10 weeks,0.9131016042780749,0.3233869911510764
800,Visit interval,>10 weeks,0.8329218106995885,0.3808761375977642
801,Visit interval,>10 weeks,0.927536231884058,0.3885835587548444
802,Visit interval,>10 weeks,0.8713450292397661,0.33859718832933083
803,Visit interval,>10 weeks,0.8872093023255814,0.301912028182104
804,Visit interval,>10 weeks,0.8490384615384615,0.35572822128956144
805,Visit interval,>10 weeks,0.8523809523809524,0.4195513573410792
806,Visit interval,>10 weeks,0.8882783882783882,0.3731317067272734
807,Visit interval,>10 weeks,0.8595744680851065,0.3537090526155133
808,Visit interval,>10 weeks,0.8657407407407407,0.44413261489628736
809,Visit interval,>10 weeks,0.8981900452488688,0.4073723458109103
810,Visit interval,>10 weeks,0.8907496012759171,0.4062829793827962
811,Visit interval,>10 weeks,0.87625,0.30880202535296836
812,Visit interval,>10 weeks,0.8586956521739131,0.34701901619970615
813,Visit interval,>10 weeks,0.8436213991769548,0.3972586882524842
814,Visit interval,>10 weeks,0.8360465116279069,0.3759810999983193
815,Visit interval,>10 weeks,0.8469721767594107,0.41935227028428934
816,Visit interval,>10 weeks,0.8636363636363636,0.3387167354292472
817,Visit interval,>10 weeks,0.8056737588652483,0.44541113458063186
818,Visit interval,>10 weeks,0.9347826086956522,0.35037500193942095
819,Visit interval,>10 weeks,0.8234126984126984,0.44929306045978906
820,Visit interval,>10 weeks,0.9232264334305151,0.3199111392335596
821,Visit interval,>10 weeks,0.8853754940711462,0.3992615364135734
822,Visit interval,>10 weeks,0.8590277777777777,0.34985930237863994
823,Visit interval,>10 weeks,0.8355155482815058,0.42483286401700765
824,Visit interval,>10 weeks,0.8439542483660132,0.39897588605588635
825,Visit interval,>10 weeks,0.8718750000000001,0.38430487053554013
826,Visit interval,>10 weeks,0.8959999999999999,0.3773020745729626
827,Visit interval,>10 weeks,0.8645454545454545,0.4227761796594511
828,Visit interval,>10 weeks,0.8289473684210527,0.4276357227751891
829,Visit interval,>10 weeks,0.8475877192982456,0.42109604127771566
830,Visit interval,>10 weeks,0.8983050847457628,0.3606230802903562
831,Visit interval,>10 weeks,0.8843478260869565,0.3280671672434368
832,Visit interval,>10 weeks,0.8933209647495363,0.37158511216906337
833,Visit interval,>10 weeks,0.8666666666666667,0.35975209621446047
834,Visit interval,>10 weeks,0.9125315391084946,0.39170300062371044
835,Visit interval,>10 weeks,0.8672727272727272,0.30645252784145477
836,Visit interval,>10 weeks,0.927170868347339,0.3781157859647391
837,Visit interval,>10 weeks,0.9080645161290322,0.4571066482509404
838,Visit interval,>10 weeks,0.8133333333333332,0.4242345499134728
839,Visit interval,>10 weeks,0.9101731601731602,0.3828970862270657
840,Visit interval,>10 weeks,0.9,0.37561613580314984
841,Visit interval,>10 weeks,0.8859357696567,0.39035690181327976
842,Visit interval,>10 weeks,0.8721198156682028,0.3349991501176412
843,Visit interval,>10 weeks,0.7250000000000001,0.4481808050849544
844,Visit interval,>10 weeks,0.782608695652174,0.39913856540952686
845,Visit interval,>10 weeks,0.8652777777777778,0.4473436564761428
846,Visit interval,>10 weeks,0.8790593505039194,0.3877884125000747
847,Visit interval,>10 weeks,0.8433862433862435,0.3959487605430374
848,Visit interval,>10 weeks,0.9516806722689075,0.37348924672932593
849,Visit interval,>10 weeks,0.7779111644657862,0.3745100078846477
850,Visit interval,>10 weeks,0.916,0.3782954764433889
851,Visit interval,>10 weeks,0.8861111111111111,0.32670570473811145
852,Visit interval,>10 weeks,0.8775303643724697,0.3352195290651249
853,Visit interval,>10 weeks,0.7717086834733893,0.3622629833242384
854,Visit interval,>10 weeks,0.9095394736842105,0.35077747887542904
855,Visit interval,>10 weeks,0.880952380952381,0.33238108578874326
856,Visit interval,>10 weeks,0.9116071428571428,0.4246662419159883
857,Visit interval,>10 weeks,0.8242753623188406,0.3834992098132325
858,Visit interval,>10 weeks,0.9004444444444444,0.39815474581717153
859,Visit interval,>10 weeks,0.8907563025210083,0.39403984704191664
860,Visit interval,>10 weeks,0.8510802469135802,0.43013531948319456
861,Visit interval,>10 weeks,0.9086538461538461,0.36219382407919437
862,Visit interval,>10 weeks,0.9188311688311688,0.4108488437864701
863,Visit interval,>10 weeks,0.9089026915113871,0.34356087263891333
864,Visit interval,>10 weeks,0.8067765567765568,0.4195837429201052
865,Visit interval,>10 weeks,0.8182674199623352,0.4229781468506253
866,Visit interval,>10 weeks,0.8735632183908045,0.3916161124370702
867,Visit interval,>10 weeks,0.8884353741496599,0.3767158709490971
868,Visit interval,>10 weeks,0.8070953436807096,0.3943935314757846
869,Visit interval,>10 weeks,0.8398486759142496,0.3203477349794793
870,Visit interval,>10 weeks,0.9076576576576576,0.43190274847640875
871,Visit interval,>10 weeks,0.8321513002364067,0.4243267586709746
872,Visit interval,>10 weeks,0.8400000000000001,0.3977610438559492
873,Visit interval,>10 weeks,0.7890909090909091,0.42440028603891417
874,Visit interval,>10 weeks,0.9280303030303031,0.3735107667748063
875,Visit interval,>10 weeks,0.7742914979757085,0.42407226547081167
876,Visit interval,>10 weeks,0.8248987854251012,0.3356694393614653
877,Visit interval,>10 weeks,0.818589025755879,0.42585500454785463
878,Visit interval,>10 weeks,0.8407894736842105,0.4524061039909362
879,Visit interval,>10 weeks,0.8444444444444446,0.37822085065807365
880,Visit interval,>10 weeks,0.8927272727272727,0.3485824742643642
881,Visit interval,>10 weeks,0.9,0.3582540721484125
882,Visit interval,>10 weeks,0.8216503992901508,0.4283534034847683
883,Visit interval,>10 weeks,0.890488110137672,0.4231816911605455
884,Visit interval,>10 weeks,0.8644444444444445,0.3378165400929003
885,Visit interval,>10 weeks,0.9403794037940378,0.42144156683516887
886,Visit interval,>10 weeks,0.717948717948718,0.45281588392723754
887,Visit interval,>10 weeks,0.9243697478991596,0.35689270690923
888,Visit interval,>10 weeks,0.8570048309178744,0.4011529189906036
889,Visit interval,>10 weeks,0.7829545454545455,0.43169184253438403
890,Visit interval,>10 weeks,0.9438775510204082,0.33912515101678964
891,Visit interval,>10 weeks,0.8298059964726632,0.39928823101412986
892,Visit interval,>10 weeks,0.897897897897898,0.43286181814445096
893,Visit interval,>10 weeks,0.905,0.36700507511694663
894,Visit interval,>10 weeks,0.8460575719649561,0.3911314144688808
895,Visit interval,>10 weeks,0.8264277715565509,0.4213111740322022
896,Visit interval,>10 weeks,0.9304878048780488,0.34402661736705636
897,Visit interval,>10 weeks,0.8717171717171717,0.3769936273879315
898,Visit interval,>10 weeks,0.8380221653878942,0.36625316278699777
899,Visit interval,>10 weeks,0.958974358974359,0.2447729964672032
900,Visit interval,>10 weeks,0.9206963249516442,0.3540499994182521
901,Visit interval,>10 weeks,0.8956521739130435,0.3683367256458993
902,Visit interval,>10 weeks,0.7984749455337692,0.48409360879832797
903,Visit interval,>10 weeks,0.9109225874867444,0.3812970845864099
904,Visit interval,>10 weeks,0.8675889328063241,0.412493793020423
905,Visit interval,>10 weeks,0.7777777777777778,0.458774444443242
906,Visit interval,>10 weeks,0.8849487785657998,0.3986543950240293
907,Visit interval,>10 weeks,0.8972727272727272,0.32859810697006314
908,Visit interval,>10 weeks,0.9099702380952381,0.43467379639724485
909,Visit interval,>10 weeks,0.8351539225422046,0.3752086762088739
910,Visit interval,>10 weeks,0.9230769230769231,0.4084079595971069
911,Visit interval,>10 weeks,0.8317230273752013,0.40313925924974403
912,Visit interval,>10 weeks,0.8712765957446809,0.387602094130498
913,Visit interval,>10 weeks,0.9359504132231405,0.2996259495094797
914,Visit interval,>10 weeks,0.8592999313658201,0.4032338829217634
915,Visit interval,>10 weeks,0.9140070921985816,0.353790849599245
916,Visit interval,>10 weeks,0.8791866028708134,0.35627150892147885
917,Visit interval,>10 weeks,0.8652482269503545,0.43712755041062074
918,Visit interval,>10 weeks,0.7096774193548387,0.45347124966988617
919,Visit interval,>10 weeks,0.8333333333333333,0.38292338537405346
920,Visit interval,>10 weeks,0.7936507936507937,0.4070891917567819
921,Visit interval,>10 weeks,0.8618421052631579,0.3465265615025598
922,Visit interval,>10 weeks,0.8551992225461613,0.3435620446431728
923,Visit interval,>10 weeks,0.9337606837606838,0.36024232568441494
924,Visit interval,>10 weeks,0.8923611111111112,0.40304362660420295
925,Visit interval,>10 weeks,0.8361344537815126,0.3933521849713444
926,Visit interval,>10 weeks,0.8375850340136054,0.43001420912639843
927,Visit interval,>10 weeks,0.8176744186046512,0.39153651898804376
928,Visit interval,>10 weeks,0.8612395929694727,0.4343465058294763
929,Visit interval,>10 weeks,0.8928571428571428,0.3708686951893073
930,Visit interval,>10 weeks,0.8358585858585859,0.34873404594779206
931,Visit interval,>10 weeks,0.8236434108527131,0.4446399693582061
932,Visit interval,>10 weeks,0.8777777777777778,0.37558739005420216
933,Visit interval,>10 weeks,0.8607068607068606,0.3619378943685094
934,Visit interval,>10 weeks,0.8836772983114447,0.3622836764402065
935,Visit interval,>10 weeks,0.8763297872340425,0.33749350340643397
936,Visit interval,>10 weeks,0.9165302782324058,0.32711144805581854
937,Visit interval,>10 weeks,0.8358662613981763,0.3930467962978887
938,Visit interval,>10 weeks,0.9284420289855072,0.3511447971157379
939,Visit interval,>10 weeks,0.8390522875816994,0.3632330222133253
940,Visit interval,>10 weeks,0.8342665173572229,0.3626988009967128
941,Visit interval,>10 weeks,0.8255144032921811,0.36294127194825
942,Visit interval,>10 weeks,0.7628571428571429,0.470462040044464
943,Visit interval,>10 weeks,0.799575821845175,0.4002028564370935
944,Visit interval,>10 weeks,0.9072039072039072,0.33086531326072754
945,Visit interval,>10 weeks,0.7771428571428571,0.4020760618843106
946,Visit interval,>10 weeks,0.8402777777777777,0.38362586482972444
947,Visit interval,>10 weeks,0.7876984126984127,0.4237836022410902
948,Visit interval,>10 weeks,0.91,0.42633318553511085
949,Visit interval,>10 weeks,0.946078431372549,0.3855325519655156
950,Visit interval,>10 weeks,0.855691056910569,0.4305739922383934
951,Visit interval,>10 weeks,0.9342523860021209,0.33741497953058147
952,Visit interval,>10 weeks,0.8599033816425121,0.402423842105433
953,Visit interval,>10 weeks,0.875,0.4188306084709404
954,Visit interval,>10 weeks,0.8987654320987655,0.4072456021639866
955,Visit interval,>10 weeks,0.9588888888888889,0.2952298285145881
956,Visit interval,>10 weeks,0.7984189723320159,0.4045519858244965
957,Visit interval,>10 weeks,0.9188940092165899,0.4008460907108267
958,Visit interval,>10 weeks,0.9173955296404275,0.36620470333837446
959,Visit interval,>10 weeks,0.8352941176470589,0.39975055736305376
960,Visit interval,>10 weeks,0.8627450980392157,0.378557849267135
961,Visit interval,>10 weeks,0.9058704453441295,0.3725699513524495
962,Visit interval,>10 weeks,0.8410852713178295,0.47308452404747103
963,Visit interval,>10 weeks,0.8783018867924528,0.41231849425250355
964,Visit interval,>10 weeks,0.8114617940199336,0.42272606803882423
965,Visit interval,>10 weeks,0.9024691358024691,0.4123855689070069
966,Visit interval,>10 weeks,0.9044444444444444,0.3383778069959358
967,Visit interval,>10 weeks,0.899390243902439,0.38076839383860006
968,Visit interval,>10 weeks,0.911522633744856,0.4009796050165033
969,Visit interval,>10 weeks,0.8765550239234451,0.3757038504669734
970,Visit interval,>10 weeks,0.8138936535162951,0.3629341267425005
971,Visit interval,>10 weeks,0.8356481481481481,0.3971390664882804
972,Visit interval,>10 weeks,0.9052631578947369,0.3462938022340384
973,Visit interval,>10 weeks,0.8193979933110368,0.41375939786820654
974,Visit interval,>10 weeks,0.931350114416476,0.2610186634395367
975,Visit interval,>10 weeks,0.9487418452935694,0.3685655942146138
976,Visit interval,>10 weeks,0.8474747474747474,0.44869209565621826
977,Visit interval,>10 weeks,0.8484848484848485,0.3360908208388932
978,Visit interval,>10 weeks,0.8642857142857143,0.4251203472936584
979,Visit interval,>10 weeks,0.7843478260869566,0.4527957103275561
980,Visit interval,>10 weeks,0.9338768115942029,0.4080083440122077
981,Visit interval,>10 weeks,0.888560157790927,0.46589757504427903
982,Visit interval,>10 weeks,0.817283950617284,0.3828793233663755
983,Visit interval,>10 weeks,0.9222303741746148,0.3792662688656839
984,Visit interval,>10 weeks,0.8148760330578513,0.39351697065526053
985,Visit interval,>10 weeks,0.9426900584795321,0.34924457201767467
986,Visit interval,>10 weeks,0.9300291545189504,0.39064375085969355
987,Visit interval,>10 weeks,0.7509386733416771,0.42411366113453663
988,Visit interval,>10 weeks,0.7818181818181819,0.3514993338697751
989,Visit interval,>10 weeks,0.9066666666666667,0.4486521459452447
990,Visit interval,>10 weeks,0.9008097165991903,0.35447702567034234
991,Visit interval,>10 weeks,0.97270955165692,0.42507792076631196
992,Visit interval,>10 weeks,0.8974358974358975,0.35422279253013345
993,Visit interval,>10 weeks,0.7822944896115628,0.44279108482494817
994,Visit interval,>10 weeks,0.9260869565217391,0.3740499234926543
995,Visit interval,>10 weeks,0.909919028340081,0.36110889988598005
996,Visit interval,>10 weeks,0.9065180102915952,0.4240467827663072
997,Visit interval,>10 weeks,0.862962962962963,0.39470747956331026
998,Visit interval,>10 weeks,0.9074519230769231,0.3687347838666174
999,Visit interval,>10 weeks,0.8008130081300813,0.42514329377499066
1000,Visit interval,>10 weeks,0.8670568561872909,0.3548642684213773
1001,Visit interval,>10 weeks,0.9362162162162161,0.2752566098266787
1002,Visit interval,>10 weeks,0.8644688644688645,0.45942587817549135
1003,Visit interval,>10 weeks,0.9212690951821386,0.3529334865615183
1004,Visit interval,>10 weeks,0.8365539452495974,0.38396612806261543
1005,Visit interval,>10 weeks,0.9005145797598628,0.4387658127161087
1006,Visit interval,>10 weeks,0.8939393939393939,0.39571202289798524
1007,Visit interval,>10 weeks,0.8916666666666666,0.429462289179535
1008,Visit interval,>10 weeks,0.9343434343434344,0.3591871958833099
1009,Visit interval,>10 weeks,0.900839054157132,0.40577033288617176
1010,Visit interval,>10 weeks,0.9486531986531987,0.40394932058313837
1011,Visit interval,>10 weeks,0.8789743589743589,0.4048581321888944
1012,Visit interval,>10 weeks,0.8952991452991453,0.4111485662243155
1013,Visit interval,>10 weeks,0.8005148005148005,0.4292213340097017
1014,Visit interval,>10 weeks,0.8606921029281277,0.36177827267586704
1015,Visit interval,>10 weeks,0.9064856711915535,0.37521291845646987
1016,Visit interval,>10 weeks,0.89648033126294,0.3056470703057881
1017,Visit interval,>10 weeks,0.7365728900255755,0.370226977554281
1018,Visit interval,>10 weeks,0.8809523809523809,0.3293106691394999
1019,Visit interval,>10 weeks,0.9372294372294372,0.37318885907644767
1020,Visit interval,>10 weeks,0.86996336996337,0.3468685340273758
1021,Visit interval,>10 weeks,0.8095238095238095,0.3763398998444224
1022,Visit interval,>10 weeks,0.9354838709677419,0.41284077648265016
1023,Visit interval,>10 weeks,0.9343137254901961,0.4236752885624184
1024,Visit interval,>10 weeks,0.8684807256235828,0.3548869618774301
1025,Visit interval,>10 weeks,0.7874331550802138,0.49743034891746596
1026,Visit interval,>10 weeks,0.8500881834215168,0.4844749945265397
1027,Visit interval,>10 weeks,0.8333333333333333,0.41782774198893424
1028,Visit interval,>10 weeks,0.7596153846153846,0.4028134110078221
1029,Visit interval,>10 weeks,0.8659420289855073,0.4134901343548679
1030,Visit interval,>10 weeks,0.889644746787604,0.33924282241495607
1031,Visit interval,>10 weeks,0.8271604938271605,0.3973999066641501
1032,Visit interval,>10 weeks,0.8778280542986425,0.42587780630632677
1033,Visit interval,>10 weeks,0.8059384941675504,0.43072308670617343
1034,Visit interval,>10 weeks,0.8477891156462585,0.4274913476997443
1035,Visit interval,>10 weeks,0.7851851851851851,0.3763135254734845
1036,Visit interval,>10 weeks,0.9248511904761905,0.3962134663408721
1037,Visit interval,>10 weeks,0.8837448559670782,0.34666103915649515
1038,Visit interval,>10 weeks,0.804915514592934,0.376139391088319
1039,Visit interval,>10 weeks,0.9587706146926537,0.35143114337717646
1040,Visit interval,>10 weeks,0.8926353149955635,0.38735068755945284
1041,Visit interval,>10 weeks,0.9214285714285714,0.2960167586098401
1042,Visit interval,>10 weeks,0.9220085470085471,0.390678366294189
1043,Visit interval,>10 weeks,0.8577075098814229,0.36589358824909396
1044,Visit interval,>10 weeks,0.9023076923076924,0.3849858367614766
1045,Visit interval,>10 weeks,0.9163265306122449,0.3424676662291125
1046,Visit interval,>10 weeks,0.875,0.3538805812730501
1047,Visit interval,>10 weeks,0.9055555555555554,0.42866768986908255
1048,Visit interval,>10 weeks,0.8686200378071833,0.4649376211444407
1049,Visit interval,>10 weeks,0.9387755102040817,0.39814942529643704
1050,Visit interval,>10 weeks,0.920673076923077,0.4433413665723441
1051,Visit interval,>10 weeks,0.9591194968553459,0.3150600836443636
1052,Visit interval,>10 weeks,0.9074074074074074,0.502287142266208
1053,Visit interval,>10 weeks,0.9260416666666667,0.3623378876699536
1054,Visit interval,>10 weeks,0.9616279069767443,0.3582002281017481
1055,Visit interval,>10 weeks,0.9167591564927857,0.4227296694426939
1056,Visit interval,>10 weeks,0.8715384615384616,0.40780476486261974
1057,Visit interval,>10 weeks,0.8908382066276803,0.4401383842645009
1058,Visit interval,>10 weeks,0.883743842364532,0.42891639385865254
1059,Visit interval,>10 weeks,0.8996539792387543,0.32292149928779723
1060,Visit interval,>10 weeks,0.8915555555555555,0.37800706494917297
1061,Visit interval,>10 weeks,0.9049999999999999,0.3547955322554067
1062,Visit interval,>10 weeks,0.8511627906976744,0.45385607811872114
1063,Visit interval,>10 weeks,0.856,0.3881326653651901
1064,Visit interval,>10 weeks,0.8970588235294118,0.4423639258810526
1065,Visit interval,>10 weeks,0.9327731092436975,0.4134811164940466
1066,Visit interval,>10 weeks,0.8885714285714285,0.3766816578701583
1067,Visit interval,>10 weeks,0.8921739130434783,0.3340062542260007
1068,Visit interval,>10 weeks,0.8435185185185184,0.38825896785608255
1069,Visit interval,>10 weeks,0.9230769230769231,0.35087092103260725
1070,Visit interval,>10 weeks,0.7625968992248062,0.36917160106309704
1071,Visit interval,>10 weeks,0.8141711229946524,0.4450587303833895
1072,Visit interval,>10 weeks,0.7837500000000001,0.4058237429623416
1073,Visit interval,>10 weeks,0.9156521739130435,0.3361355963472316
1074,Visit interval,>10 weeks,0.9105545617173525,0.3629068131400675
1075,Visit interval,>10 weeks,0.9271317829457364,0.3813249488901698
1076,Visit interval,>10 weeks,0.8294573643410853,0.4106831601748162
1077,Visit interval,>10 weeks,0.8881118881118881,0.33690306120145924
1078,Visit interval,>10 weeks,0.850673194614443,0.4594440508763741
1079,Visit interval,>10 weeks,0.9368723098995696,0.3980287902044321
1080,Visit interval,>10 weeks,0.9470588235294117,0.31985300074164175
1081,Visit interval,>10 weeks,0.8794946550048591,0.3605521387662459
1082,Visit interval,>10 weeks,0.8358333333333334,0.38925419427175995
1083,Visit interval,>10 weeks,0.8228980322003577,0.4897699100685973
1084,Visit interval,>10 weeks,0.8405405405405405,0.3979237317421846
1085,Visit interval,>10 weeks,0.918648310387985,0.394500097703382
1086,Visit interval,>10 weeks,0.8716302952503209,0.41091672660602735
1087,Visit interval,>10 weeks,0.9405797101449275,0.36157488551974126
1088,Visit interval,>10 weeks,0.8243801652892562,0.4102112192887032
1089,Visit interval,>10 weeks,0.7675438596491228,0.4469518567831033
1090,Visit interval,>10 weeks,0.9250693802035153,0.3208736814442291
1091,Visit interval,>10 weeks,0.8425531914893617,0.3554501607828086
1092,Visit interval,>10 weeks,0.9320652173913043,0.3902706629958223
1093,Visit interval,>10 weeks,0.9476190476190476,0.32447681327648714
1094,Visit interval,>10 weeks,0.8494623655913979,0.4929308753693211
1095,Visit interval,>10 weeks,0.8883205456095481,0.40088471139651394
1096,Visit interval,>10 weeks,0.8209876543209876,0.40559679809945365
1097,Visit interval,>10 weeks,0.7917547568710359,0.4628783417664798
1098,Visit interval,>10 weeks,0.8478260869565217,0.41491408558080506
1099,Visit interval,>10 weeks,0.8706597222222222,0.3925250176498245
1100,Visit interval,>10 weeks,0.8481481481481482,0.40990132130529766
1101,Visit interval,>10 weeks,0.7664728682170542,0.41853448662140397
1102,Visit interval,>10 weeks,0.7890841813135986,0.4575423755669078
1103,Visit interval,>10 weeks,0.8987854251012146,0.34177961300245674
1104,Visit interval,>10 weeks,0.9006211180124224,0.4220374943407779
1105,Visit interval,>10 weeks,0.89520624303233,0.3299756200104479
1106,Visit interval,>10 weeks,0.8413120567375886,0.38016270373053496
1107,Visit interval,>10 weeks,0.8502923976608187,0.4233636301282414
1108,Visit interval,>10 weeks,0.8103864734299517,0.4369366793334397
1109,Visit interval,>10 weeks,0.8258547008547008,0.3806212925206524
1110,Visit interval,>10 weeks,0.9178571428571429,0.422498098389957
1111,Visit interval,>10 weeks,0.844532279314888,0.419568107818781
1112,Visit interval,>10 weeks,0.8711433756805809,0.4217354203100889
1113,Visit interval,>10 weeks,0.9186507936507936,0.4049823221369181
1114,Visit interval,>10 weeks,0.8145363408521303,0.406071363452188
1115,Visit interval,>10 weeks,0.8964285714285714,0.42957814502760516
1116,Visit interval,>10 weeks,0.7917771883289124,0.3613725127520755
1117,Visit interval,>10 weeks,0.9307692307692307,0.3835170332141697
1118,Visit interval,>10 weeks,0.8137254901960784,0.4145076174238692
1119,Visit interval,>10 weeks,0.8690783807062877,0.34386663973275844
1120,Visit interval,>10 weeks,0.820754716981132,0.4454142892400747
1121,Visit interval,>10 weeks,0.8731182795698925,0.37549823172783975
1122,Visit interval,>10 weeks,0.8541666666666667,0.4021135892334993
1123,Visit interval,>10 weeks,0.8415458937198068,0.4537184973041079
1124,Visit interval,>10 weeks,0.887592788971368,0.3826507332279405
1125,Visit interval,>10 weeks,0.8885714285714285,0.3659463738860824
1126,Visit interval,>10 weeks,0.8628246753246753,0.3836780719503634
1127,Visit interval,>10 weeks,0.8608058608058607,0.3411647330661605
1128,Visit interval,>10 weeks,0.92875,0.32220760809006127
1129,Visit interval,>10 weeks,0.8544423440453686,0.3892629924749883
1130,Visit interval,>10 weeks,0.826530612244898,0.4343206262434895
1131,Visit interval,>10 weeks,0.9093406593406593,0.33680877178552704
1132,Visit interval,>10 weeks,0.8970588235294117,0.3954227637400841
1133,Visit interval,>10 weeks,0.8095238095238095,0.37504288550270337
1134,Visit interval,>10 weeks,0.8923076923076924,0.4476268046285846
1135,Visit interval,>10 weeks,0.792063492063492,0.3875395632375458
1136,Visit interval,>10 weeks,0.8966275659824047,0.3466356247050024
1137,Visit interval,>10 weeks,0.9111933395004626,0.4140834695401596
1138,Visit interval,>10 weeks,0.94,0.32104526755436136
1139,Visit interval,>10 weeks,0.9175170068027211,0.4575478167586114
1140,Visit interval,>10 weeks,0.9555236728837876,0.3882043821490026
1141,Visit interval,>10 weeks,0.9090909090909091,0.39181025197545327
1142,Visit interval,>10 weeks,0.8744939271255061,0.4096439762921127
1143,Visit interval,>10 weeks,0.8590116279069767,0.42962114697850295
1144,Visit interval,>10 weeks,0.8285714285714285,0.38406295959944176
1145,Visit interval,>10 weeks,0.9269565217391305,0.3116624364244434
1146,Visit interval,>10 weeks,0.8861439312567132,0.3779575163531795
1147,Visit interval,>10 weeks,0.8697872340425532,0.39649006980783086
1148,Visit interval,>10 weeks,0.8974358974358975,0.40913731071774806
1149,Visit interval,>10 weeks,0.8313397129186603,0.369103724596633
1150,Visit interval,>10 weeks,0.863970588235294,0.32237687618818034
1151,Visit interval,>10 weeks,0.8831168831168832,0.3462808314472193
1152,Visit interval,>10 weeks,0.9316770186335404,0.31321369185417264
1153,Visit interval,>10 weeks,0.8030303030303031,0.4341367665172288
1154,Visit interval,>10 weeks,0.9384469696969697,0.34859976183961694
1155,Visit interval,>10 weeks,0.8725985844287159,0.43369445603445206
1156,Visit interval,>10 weeks,0.9297520661157025,0.32757553041122917
1157,Visit interval,>10 weeks,0.8936170212765958,0.3475542704893936
1158,Visit interval,>10 weeks,0.8514619883040935,0.35009282657964863
1159,Visit interval,>10 weeks,0.9141414141414141,0.43844365695094983
1160,Visit interval,>10 weeks,0.8668076109936574,0.3752287176182694
1161,Visit interval,>10 weeks,0.8800322061191627,0.37831036370197885
1162,Visit interval,>10 weeks,0.9464285714285714,0.3319144358403881
1163,Visit interval,>10 weeks,0.7780244173140954,0.4648246681523648
1164,Visit interval,>10 weeks,0.8968655207280081,0.32690879900590675
1165,Visit interval,>10 weeks,0.9243421052631579,0.353624075393152
1166,Visit interval,>10 weeks,0.8652729384436701,0.39893646309668995
1167,Visit interval,>10 weeks,0.8452593917710196,0.41584591240239227
1168,Visit interval,>10 weeks,0.9018518518518519,0.33997021428976737
1169,Visit interval,>10 weeks,0.8372340425531914,0.43585672172970047
1170,Visit interval,>10 weeks,0.7990909090909092,0.4631913544469082
1171,Visit interval,>10 weeks,0.8828748890860693,0.37983980073526347
1172,Visit interval,>10 weeks,0.8234501347708895,0.3961953440533097
1173,Visit interval,>10 weeks,0.8562753036437247,0.3496472550237018
1174,Visit interval,>10 weeks,0.8974358974358975,0.34920191573251547
1175,Visit interval,>10 weeks,0.6684491978609626,0.46699165778100954
1176,Visit interval,>10 weeks,0.8822115384615384,0.3863247531627575
1177,Visit interval,>10 weeks,0.9159663865546218,0.40390037319532823
1178,Visit interval,>10 weeks,0.9109535066981875,0.3671370452806648
1179,Visit interval,>10 weeks,0.9411764705882353,0.37601163871659943
1180,Visit interval,>10 weeks,0.8565488565488565,0.4413964586466473
1181,Visit interval,>10 weeks,0.9037698412698413,0.33261170805705975
1182,Visit interval,>10 weeks,0.7168421052631578,0.4292080080337272
1183,Visit interval,>10 weeks,0.9502923976608187,0.4227260925995832
1184,Visit interval,>10 weeks,0.8237986270022883,0.4328211961956249
1185,Visit interval,>10 weeks,0.7964015151515151,0.4124045115388724
1186,Visit interval,>10 weeks,0.9191102123356926,0.2765591853973512
1187,Visit interval,>10 weeks,0.8144827586206896,0.39275345701163167
1188,Visit interval,>10 weeks,0.8038852913968547,0.3408375673365796
1189,Visit interval,>10 weeks,0.7749999999999999,0.4190827102514875
1190,Visit interval,>10 weeks,0.9052631578947369,0.3431732126511498
1191,Visit interval,>10 weeks,0.8262362637362638,0.4236987076211946
1192,Visit interval,>10 weeks,0.826923076923077,0.37393315959582335
1193,Visit interval,>10 weeks,0.871219512195122,0.3867802460418053
1194,Visit interval,>10 weeks,0.8836538461538461,0.41415589598197644
1195,Visit interval,>10 weeks,0.8387755102040816,0.3386529637522934
1196,Visit interval,>10 weeks,0.9465737514518002,0.44539629044675944
1197,Visit interval,>10 weeks,0.916013437849944,0.3912856709946954
1198,Visit interval,>10 weeks,0.8161764705882353,0.403606551059325
1199,Visit interval,>10 weeks,0.8392857142857143,0.347561368092889
1200,Visit interval,>10 weeks,0.8257142857142857,0.46680383490370875
1201,Visit interval,>10 weeks,0.8542024013722128,0.35115824822434394
1202,Visit interval,>10 weeks,0.8508522727272728,0.35674931446163566
1203,Visit interval,>10 weeks,0.9290598290598291,0.40236965299425165
1204,Visit interval,>10 weeks,0.8895253682487725,0.41152767063474677
1205,Visit interval,>10 weeks,0.8237454100367196,0.3850661211037967
1206,Visit interval,>10 weeks,0.9044401544401545,0.43911453385122373
1207,Visit interval,>10 weeks,0.9164904862579282,0.35245229518943744
1208,Visit interval,>10 weeks,0.8456439393939393,0.3635025763986137
1209,Visit interval,>10 weeks,0.8198275862068966,0.45533943967762397
1210,Visit interval,>10 weeks,0.872093023255814,0.4336150569021718
1211,Visit interval,>10 weeks,0.8096800656275636,0.34995714849226606
1212,Visit interval,>10 weeks,0.872108843537415,0.42345814287997413
1213,Visit interval,>10 weeks,0.8235294117647058,0.37210933658656425
1214,Visit interval,>10 weeks,0.9406060606060607,0.40745338827490457
1215,Visit interval,>10 weeks,0.7813238770685579,0.3939701297916756
1216,Visit interval,>10 weeks,0.8372319688109162,0.3694285953505478
1217,Visit interval,>10 weeks,0.8525046382189239,0.3326981137983186
1218,Visit interval,>10 weeks,0.8328042328042329,0.30453496833457105
1219,Visit interval,>10 weeks,0.8637681159420291,0.37698632788898007
1220,Visit interval,>10 weeks,0.9347222222222222,0.3180263143175341
1221,Visit interval,>10 weeks,0.8321428571428572,0.43419395346633627
1222,Visit interval,>10 weeks,0.7291666666666666,0.34387108373402603
1223,Visit interval,>10 weeks,0.893,0.35329406542373515
1224,Visit interval,>10 weeks,0.896640826873385,0.3519859098351816
1225,Visit interval,>10 weeks,0.8415178571428571,0.3572940085863915
1226,Visit interval,>10 weeks,0.9117132867132868,0.4393273876369488
1227,Visit interval,>10 weeks,0.8683712121212122,0.33316185561461426
1228,Visit interval,>10 weeks,0.8281573498964803,0.38537275673967797
1229,Visit interval,>10 weeks,0.8637316561844863,0.4426856277185456
1230,Visit interval,>10 weeks,0.8719512195121951,0.40021535556929266
1231,Visit interval,>10 weeks,0.8864569083447332,0.3971217461875854
1232,Visit interval,>10 weeks,0.8466666666666667,0.3766276327131858
1233,Visit interval,>10 weeks,0.9227053140096617,0.36422103461307664
1234,Visit interval,>10 weeks,0.8614285714285714,0.3341436779006306
1235,Visit interval,>10 weeks,0.7862208713272543,0.4194597871737427
1236,Visit interval,>10 weeks,0.8141414141414143,0.33453811661463123
1237,Visit interval,>10 weeks,0.8898225957049487,0.404023203910024
1238,Visit interval,>10 weeks,0.9342105263157895,0.34325060609357394
1239,Visit interval,>10 weeks,0.8738404452690168,0.45233171813769857
1240,Visit interval,>10 weeks,0.9490740740740741,0.349869060779823
1241,Visit interval,>10 weeks,0.8959627329192547,0.38174305332480113
1242,Visit interval,>10 weeks,0.8009153318077803,0.4536957215742321
1243,Visit interval,>10 weeks,0.8398268398268398,0.38186955839577447
1244,Visit interval,>10 weeks,0.9125295508274232,0.41102213104229857
1245,Visit interval,>10 weeks,0.8715686274509804,0.39590156034014085
1246,Visit interval,>10 weeks,0.8770053475935828,0.35290224958270927
1247,Visit interval,>10 weeks,0.905701754385965,0.3748633232713876
1248,Visit interval,>10 weeks,0.8399209486166008,0.3184949191460702
1249,Visit interval,>10 weeks,0.8482905982905983,0.4758950448209407
1250,Visit interval,>10 weeks,0.8387698042870456,0.40609297092254953
1251,Visit interval,>10 weeks,0.8315789473684211,0.3944906673146731
1252,Visit interval,>10 weeks,0.8464912280701754,0.39873338969061756
1253,Visit interval,>10 weeks,0.7749766573295985,0.36465050744803995
1254,Visit interval,>10 weeks,0.9130824372759857,0.39449013229744245
1255,Visit interval,>10 weeks,0.7965686274509804,0.38067028696930155
1256,Visit interval,>10 weeks,0.9443181818181817,0.36990082208261427
1257,Visit interval,>10 weeks,0.9502923976608186,0.3931058300115433
1258,Visit interval,>10 weeks,0.9269005847953217,0.3954821041444803
1259,Visit interval,>10 weeks,0.8939962476547842,0.43379800077189684
1260,Visit interval,>10 weeks,0.8095238095238095,0.3671064805679253
1261,Visit interval,>10 weeks,0.925595238095238,0.4833761318269389
1262,Visit interval,>10 weeks,0.7895424836601307,0.38653038952683283
1263,Visit interval,>10 weeks,0.9130434782608696,0.3021292374615119
1264,Visit interval,>10 weeks,0.9357707509881422,0.46038298993599786
1265,Visit interval,>10 weeks,0.8439897698209718,0.4037583128514097
1266,Visit interval,>10 weeks,0.8408888888888889,0.38836664311812197
1267,Visit interval,>10 weeks,0.8402225755166932,0.35726495954427095
1268,Visit interval,>10 weeks,0.9074074074074073,0.2946243054366472
1269,Visit interval,>10 weeks,0.815597667638484,0.3414737708120628
1270,Visit interval,>10 weeks,0.9314868804664723,0.3942669792821196
1271,Visit interval,>10 weeks,0.8269565217391304,0.3705547548246396
1272,Visit interval,>10 weeks,0.8053375196232339,0.39323172398268974
1273,Visit interval,>10 weeks,0.8829787234042552,0.3082005263234025
1274,Visit interval,>10 weeks,0.8564102564102565,0.4163115215706481
1275,Visit interval,>10 weeks,0.7164404223227753,0.41571722068728334
1276,Visit interval,>10 weeks,0.9132653061224489,0.37391131852219095
1277,Visit interval,>10 weeks,0.8653846153846153,0.44815420695832164
1278,Visit interval,>10 weeks,0.926829268292683,0.36685255281266516
1279,Visit interval,>10 weeks,0.8383838383838385,0.36018740462140125
1280,Visit interval,>10 weeks,0.8506944444444444,0.37867100184621133
1281,Visit interval,>10 weeks,0.8947368421052632,0.3631414122472398
1282,Visit interval,>10 weeks,0.8460144927536232,0.43654417531300505
1283,Visit interval,>10 weeks,0.875,0.41042586270952497
1284,Visit interval,>10 weeks,0.8697318007662835,0.40254316010155516
1285,Visit interval,>10 weeks,0.8797872340425532,0.36656639309589445
1286,Visit interval,>10 weeks,0.871279761904762,0.35943108526967393
1287,Visit interval,>10 weeks,0.8796992481203008,0.417780708672366
1288,Visit interval,>10 weeks,0.8225,0.37132882797614664
1289,Visit interval,>10 weeks,0.7898550724637681,0.44045843863014655
1290,Visit interval,>10 weeks,0.858974358974359,0.44029078449795644
1291,Visit interval,>10 weeks,0.8905263157894736,0.3738606201231706
1292,Visit interval,>10 weeks,0.8836317135549872,0.3951038418565042
1293,Visit interval,>10 weeks,0.8406976744186047,0.2983687758016289
1294,Visit interval,>10 weeks,0.905952380952381,0.3697851066368029
1295,Visit interval,>10 weeks,0.8647342995169083,0.3877599693350124
1296,Visit interval,>10 weeks,0.7936842105263158,0.41803544007501486
1297,Visit interval,>10 weeks,0.890625,0.37652433416433745
1298,Visit interval,>10 weeks,0.9123456790123456,0.3616044029281305
1299,Visit interval,>10 weeks,0.9329427083333334,0.41205451889602995
1300,Visit interval,>10 weeks,0.8854166666666666,0.36691752538781086
1301,Visit interval,>10 weeks,0.8417391304347825,0.42357915498298104
1302,Visit interval,>10 weeks,0.8208616780045351,0.3971124474506774
1303,Visit interval,>10 weeks,0.8180952380952381,0.35101006535554247
1304,Visit interval,>10 weeks,0.9148239148239148,0.433551009173644
1305,Visit interval,>10 weeks,0.9017094017094017,0.4153122833332386
1306,Visit interval,>10 weeks,0.7791327913279132,0.44519720574643895
1307,Visit interval,>10 weeks,0.90599173553719,0.38682623143941264
1308,Visit interval,>10 weeks,0.80239898989899,0.43748062297092327
1309,Visit interval,>10 weeks,0.9130434782608695,0.3631102530064009
1310,Visit interval,>10 weeks,0.9192546583850932,0.346378396468146
1311,Visit interval,>10 weeks,0.81313598519889,0.3385562854782188
1312,Visit interval,>10 weeks,0.922998986828774,0.307111063363017
1313,Visit interval,>10 weeks,0.9155172413793102,0.4475731985166451
1314,Visit interval,>10 weeks,0.8328840970350404,0.38264797121792404
1315,Visit interval,>10 weeks,0.8836045056320401,0.36171847823660447
1316,Visit interval,>10 weeks,0.9025000000000001,0.28894696916010887
1317,Visit interval,>10 weeks,0.8785266457680251,0.38576262486325424
1318,Visit interval,>10 weeks,0.9636752136752137,0.2809172656296414
1319,Visit interval,>10 weeks,0.8585106382978722,0.41825828321561975
1320,Visit interval,>10 weeks,0.8902691511387164,0.3985408822556702
1321,Visit interval,>10 weeks,0.768361581920904,0.3459299192492424
1322,Visit interval,>10 weeks,0.8571428571428571,0.33847248950588393
1323,Visit interval,>10 weeks,0.8849487785657998,0.39293568802698886
1324,Visit interval,>10 weeks,0.8921404682274248,0.3836814590894259
1325,Visit interval,>10 weeks,0.8478260869565217,0.3568384428306521
1326,Visit interval,>10 weeks,0.8923976608187134,0.32775829774761345
1327,Visit interval,>10 weeks,0.8989898989898989,0.4298808161461789
1328,Visit interval,>10 weeks,0.9517543859649124,0.32117891040926777
1329,Visit interval,>10 weeks,0.8402777777777777,0.3401285642105303
1330,Visit interval,>10 weeks,0.8127090301003345,0.35727710345936714
1331,Visit interval,>10 weeks,0.9283333333333333,0.3783562421945001
1332,Visit interval,>10 weeks,0.8540305010893245,0.40573425136727725
1333,Visit interval,>10 weeks,0.8862847222222223,0.43979718117289435
1334,Visit interval,>10 weeks,0.8634615384615384,0.41768864484077006
1335,Visit interval,>10 weeks,0.834072759538598,0.3691761553059416
1336,Visit interval,>10 weeks,0.9206521739130434,0.3903196434933202
1337,Visit interval,>10 weeks,0.8218750000000001,0.3927778466380903
1338,Visit interval,>10 weeks,0.913926499032882,0.3540465494439079
1339,Visit interval,>10 weeks,0.8776844070961718,0.3511459436046642
1340,Visit interval,>10 weeks,0.8238683127572016,0.4113472161014165
1341,Visit interval,>10 weeks,0.9103641456582633,0.3194765341803387
1342,Visit interval,>10 weeks,0.8436853002070394,0.45521106901368935
1343,Visit interval,>10 weeks,0.9219457013574661,0.349886340638523
1344,Visit interval,>10 weeks,0.822420634920635,0.37015557884587585
1345,Visit interval,>10 weeks,0.8900226757369615,0.3593340830327389
1346,Visit interval,>10 weeks,0.9001937984496124,0.3710358886213715
1347,Visit interval,>10 weeks,0.9554347826086956,0.3152878859074401
1348,Visit interval,>10 weeks,0.8989999999999999,0.3692831762698747
1349,Visit interval,>10 weeks,0.8819512195121952,0.3372779531582752
1350,Visit interval,>10 weeks,0.9208163265306122,0.41359051992165935
1351,Visit interval,>10 weeks,0.9055023923444976,0.4498133592889214
1352,Visit interval,>10 weeks,0.7996894409937888,0.4719947765775578
1353,Visit interval,>10 weeks,0.9463414634146341,0.3058980591386478
1354,Visit interval,>10 weeks,0.8061224489795918,0.40335944228448833
1355,Visit interval,>10 weeks,0.891972993248312,0.4423852803306466
1356,Visit interval,>10 weeks,0.9128205128205129,0.3411862931840025
1357,Visit interval,>10 weeks,0.8210526315789474,0.38662745311806024
1358,Visit interval,>10 weeks,0.8570048309178744,0.42833801744402517
1359,Visit interval,>10 weeks,0.899624765478424,0.48317098817756804
1360,Visit interval,>10 weeks,0.8300865800865801,0.4648135455987988
1361,Visit interval,>10 weeks,0.7954545454545455,0.41740931597107706
1362,Visit interval,>10 weeks,0.8531746031746031,0.38028944893348055
1363,Visit interval,>10 weeks,0.8698698698698698,0.47495135994534915
1364,Visit interval,>10 weeks,0.7893518518518519,0.4182388173796476
1365,Visit interval,>10 weeks,0.8770325203252032,0.363778589991068
1366,Visit interval,>10 weeks,0.9133333333333332,0.42824945289187166
1367,Visit interval,>10 weeks,0.8371040723981901,0.3942642124721404
1368,Visit interval,>10 weeks,0.9166666666666666,0.33274738012223365
1369,Visit interval,>10 weeks,0.9106382978723404,0.3238705631532806
1370,Visit interval,>10 weeks,0.892416225749559,0.3597700006772465
1371,Visit interval,>10 weeks,0.8065476190476192,0.4256052853558631
1372,Visit interval,>10 weeks,0.8872377622377623,0.38052315425707894
1373,Visit interval,>10 weeks,0.8387096774193549,0.44000811646525434
1374,Visit interval,>10 weeks,0.8725274725274725,0.3955174996366416
1375,Visit interval,>10 weeks,0.8436781609195402,0.35531417453803454
1376,Visit interval,>10 weeks,0.9058693244739756,0.38102639143992156
1377,Visit interval,>10 weeks,0.8847780126849895,0.3645538820954672
1378,Visit interval,>10 weeks,0.8095238095238095,0.36463087449305287
1379,Visit interval,>10 weeks,0.9348659003831419,0.3767322295320849
1380,Visit interval,>10 weeks,0.875,0.2860060398245742
1381,Visit interval,>10 weeks,0.7557142857142858,0.41346499087264554
1382,Visit interval,>10 weeks,0.8401084010840109,0.3622203090094634
1383,Visit interval,>10 weeks,0.8666666666666667,0.3926781211176789
1384,Visit interval,>10 weeks,0.7630385487528344,0.40933282891868594
1385,Visit interval,>10 weeks,0.8610586011342155,0.442784124952007
1386,Visit interval,>10 weeks,0.8592910848549946,0.3886760186819834
1387,Visit interval,>10 weeks,0.8243478260869566,0.4086146987839336
1388,Visit interval,>10 weeks,0.914648212226067,0.38648442328936766
1389,Visit interval,>10 weeks,0.8958810068649885,0.36906551319324005
1390,Visit interval,>10 weeks,0.8423076923076923,0.4530951549646589
1391,Visit interval,>10 weeks,0.8820512820512821,0.3408284186010926
1392,Visit interval,>10 weeks,0.8703352308665402,0.3979135186416706
1393,Visit interval,>10 weeks,0.9021052631578947,0.3832088326080065
1394,Visit interval,>10 weeks,0.8242105263157895,0.34417914129492727
1395,Visit interval,>10 weeks,0.9072916666666666,0.33363529332482317
1396,Visit interval,>10 weeks,0.9036004645760743,0.34460808706731105
1397,Visit interval,>10 weeks,0.9484444444444444,0.29490447320465035
1398,Visit interval,>10 weeks,0.8296296296296296,0.4677878243900723
1399,Visit interval,>10 weeks,0.8404040404040405,0.33986077537226855
1400,Visit interval,>10 weeks,0.8574108818011258,0.4203463370642507
1401,Visit interval,>10 weeks,0.896551724137931,0.34528467853172057
1402,Visit interval,>10 weeks,0.8785377358490566,0.3720440778259057
1403,Visit interval,>10 weeks,0.825,0.42706715723404953
1404,Visit interval,>10 weeks,0.8354037267080745,0.39739097297680887
1405,Visit interval,>10 weeks,0.8853305785123967,0.3756896967236244
1406,Visit interval,>10 weeks,0.8614130434782609,0.459430375324086
1407,Visit interval,>10 weeks,0.8937728937728937,0.38688140633975104
1408,Visit interval,>10 weeks,0.8333333333333333,0.38298801926774606
1409,Visit interval,>10 weeks,0.8390688259109312,0.42850141494301164
1410,Visit interval,>10 weeks,0.8126984126984127,0.313034656123895
1411,Visit interval,>10 weeks,0.8360450563204005,0.4064033181609238
1412,Visit interval,>10 weeks,0.8533333333333333,0.40469940775116564
1413,Visit interval,>10 weeks,0.9444444444444444,0.3767270328281271
1414,Visit interval,>10 weeks,0.8942222222222221,0.32129161291849245
1415,Visit interval,>10 weeks,0.853988603988604,0.3717777094866506
1416,Visit interval,>10 weeks,0.901185770750988,0.4038764805438453
1417,Visit interval,>10 weeks,0.9317073170731707,0.40043707572623344
1418,Visit interval,>10 weeks,0.9031993437243643,0.33667546729320547
1419,Visit interval,>10 weeks,0.7365728900255754,0.4532965705244649
1420,Visit interval,>10 weeks,0.8851239669421487,0.37489293724966893
1421,Visit interval,>10 weeks,0.9189723320158102,0.3503191944828176
1422,Visit interval,>10 weeks,0.8984375,0.33883257770575415
1423,Visit interval,>10 weeks,0.9258373205741627,0.37226769746345395
1424,Visit interval,>10 weeks,0.8414141414141414,0.46339564699964875
1425,Visit interval,>10 weeks,0.9596622889305816,0.35785710036991875
1426,Visit interval,>10 weeks,0.9436813186813187,0.3912368260592555
1427,Visit interval,>10 weeks,0.8809523809523809,0.4272390587295715
1428,Visit interval,>10 weeks,0.876984126984127,0.3977951821520047
1429,Visit interval,>10 weeks,0.9444444444444444,0.33787865737439543
1430,Visit interval,>10 weeks,0.8859180035650625,0.3842946783179988
1431,Visit interval,>10 weeks,0.9093137254901961,0.3448687744857099
1432,Visit interval,>10 weeks,0.9181818181818182,0.3607683782741651
1433,Visit interval,>10 weeks,0.958139534883721,0.3664494179400442
1434,Visit interval,>10 weeks,0.9161490683229814,0.3622970603650305
1435,Visit interval,>10 weeks,0.9136842105263158,0.42023193810371406
1436,Visit interval,>10 weeks,0.8097826086956521,0.46384247222338026
1437,Visit interval,>10 weeks,0.8738095238095238,0.34924055034590085
1438,Visit interval,>10 weeks,0.8878787878787879,0.40728260539241995
1439,Visit interval,>10 weeks,0.8776595744680851,0.33678803567020726
1440,Visit interval,>10 weeks,0.8197945845004668,0.390507088919771
1441,Visit interval,>10 weeks,0.9037433155080213,0.41317594549004855
1442,Visit interval,>10 weeks,0.825531914893617,0.41192870646651386
1443,Visit interval,>10 weeks,0.8804457953394123,0.3271095139414846
1444,Visit interval,>10 weeks,0.8655172413793104,0.4327239847033813
1445,Visit interval,>10 weeks,0.8092592592592592,0.39922321245975273
1446,Visit interval,>10 weeks,0.8834134615384616,0.322138037193707
1447,Visit interval,>10 weeks,0.8836363636363637,0.34293336630671534
1448,Visit interval,>10 weeks,0.7510638297872341,0.37980464245964124
1449,Visit interval,>10 weeks,0.9536231884057972,0.2528928200958329
1450,Visit interval,>10 weeks,0.8492822966507176,0.39154727254299426
1451,Visit interval,>10 weeks,0.788265306122449,0.3719354251447796
1452,Visit interval,>10 weeks,0.7920258620689655,0.36804099506278654
1453,Visit interval,>10 weeks,0.9030732860520094,0.37157528189662303
1454,Visit interval,>10 weeks,0.8521739130434783,0.40527183712131415
1455,Visit interval,>10 weeks,0.9169000933706816,0.41637759041909256
1456,Visit interval,>10 weeks,0.8570075757575758,0.34694105488335025
1457,Visit interval,>10 weeks,0.8416289592760181,0.4542653168798242
1458,Visit interval,>10 weeks,0.8791304347826088,0.38863856210649095
1459,Visit interval,>10 weeks,0.8104651162790698,0.3927370166621776
1460,Visit interval,>10 weeks,0.7235576923076923,0.41333152778899357
1461,Visit interval,>10 weeks,0.8178053830227743,0.3646916596474382
1462,Visit interval,>10 weeks,0.8551587301587301,0.4488890175001598
1463,Visit interval,>10 weeks,0.8700396825396824,0.4032391765444664
1464,Visit interval,>10 weeks,0.8090534979423868,0.475997440997546
1465,Visit interval,>10 weeks,0.921968787515006,0.4929960407196979
1466,Visit interval,>10 weeks,0.800952380952381,0.4247668716513259
1467,Visit interval,>10 weeks,0.9169082125603865,0.40722975220511026
1468,Visit interval,>10 weeks,0.8341608738828203,0.4060979825659759
1469,Visit interval,>10 weeks,0.8327586206896552,0.3703484874788183
1470,Visit interval,>10 weeks,0.775438596491228,0.4304145103844969
1471,Visit interval,>10 weeks,0.8594224924012158,0.3561775515094973
1472,Visit interval,>10 weeks,0.8412874583795782,0.33386065326532954
1473,Visit interval,>10 weeks,0.8182624113475176,0.4835598411094081
1474,Visit interval,>10 weeks,0.9115702479338843,0.4285156728647075
1475,Visit interval,>10 weeks,0.9247135842880524,0.4350152308772927
1476,Visit interval,>10 weeks,0.7222222222222222,0.40257491983693816
1477,Visit interval,>10 weeks,0.8506616257088847,0.4049931137075789
1478,Visit interval,>10 weeks,0.8630009319664491,0.40870836650675574
1479,Visit interval,>10 weeks,0.8622448979591837,0.3510243453532306
1480,Visit interval,>10 weeks,0.9224999999999999,0.38957439745854944
1481,Visit interval,>10 weeks,0.8706521739130435,0.3416406845408614
1482,Visit interval,>10 weeks,0.8413461538461539,0.4039048501976732
1483,Visit interval,>10 weeks,0.9208333333333333,0.3601294322315644
1484,Visit interval,>10 weeks,0.8418560606060607,0.40046360222132715
1485,Visit interval,>10 weeks,0.7529761904761905,0.41234283017252277
1486,Visit interval,>10 weeks,0.9138888888888888,0.3027649633358212
1487,Visit interval,>10 weeks,0.8200280112044819,0.3651037336284651
1488,Visit interval,>10 weeks,0.8652173913043478,0.44368276974057824
1489,Visit interval,>10 weeks,0.8955857385398981,0.3730822207670462
1490,Visit interval,>10 weeks,0.8125,0.4370669584781697
1491,Visit interval,>10 weeks,0.8306737588652482,0.4639499571921852
1492,Visit interval,>10 weeks,0.898936170212766,0.3843790224745218
1493,Visit interval,>10 weeks,0.9254901960784314,0.34495111814516566
1494,Visit interval,>10 weeks,0.8333333333333334,0.4078077422657566
1495,Visit interval,>10 weeks,0.8266550522648084,0.39481274108027087
1496,Visit interval,>10 weeks,0.8751156336725254,0.3654166181393747
1497,Visit interval,>10 weeks,0.8232323232323233,0.4415408200441486
1498,Visit interval,>10 weeks,0.8676470588235294,0.3322513727520394
1499,Visit interval,>10 weeks,0.8792000000000001,0.3673650911018006
